J1,J2,J3,J4,J5,J6,floor_clear_mm,self_clear_mm,self_target,collision
90,98.8,128.7,108.5,98.1,76.3,50.0,29.3,wrist.b.stl,0
90,116.3,78.8,160.5,173.5,69,50.0,25.7,wrist.b.stl,0
90,142.5,95.2,102.2,166.6,12.8,50.0,25.2,wrist.b.stl,0
90,15.7,3.6,149.9,140.1,156.6,50.0,26.0,wrist.b.stl,0
90,176.2,143.8,83.1,140.5,21.3,50.0,21.5,wrist.b.stl,0
90,115.2,25.8,170,93.9,74.6,50.0,30.2,wrist.b.stl,0
90,47.6,139.4,82.1,102.3,3.4,50.0,29.5,wrist.b.stl,0
90,111.2,110.2,111,169.9,122.7,50.0,24.3,wrist.b.stl,0
90,64.7,78.7,125.6,10.8,120,50.0,24.3,wrist.b.stl,0
90,120.7,37.9,23.2,56.8,65.5,50.0,28.8,wrist.b.stl,0
90,102.6,78.9,177.9,18.4,37.6,50.0,18.1,elbow.b.stl,0
90,29,117.6,45.6,83.9,44,50.0,32.5,wrist.b.stl,0
90,28.6,19.9,118.1,24.9,35.4,50.0,26.3,wrist.b.stl,0
90,66.4,147.8,17.5,150.8,17.3,50.0,22.8,wrist.b.stl,0
90,175.8,84.4,175.8,108.9,133.1,21.0,32.2,wrist.b.stl,0
90,7.1,50.9,21.6,53.3,21.4,50.0,23.5,wrist.b.stl,0
90,57.2,74.6,11.5,124.6,102,50.0,21.8,wrist.b.stl,0
90,47.8,94.2,16.9,103.7,167.3,50.0,33.0,wrist.b.stl,0
90,57.3,120.1,23.7,128.9,52.1,50.0,28.2,wrist.b.stl,0
90,33,105.6,3.6,149.2,0.8,50.0,25.1,wrist.b.stl,0
90,122,48.6,132.3,173.2,44.8,50.0,28.1,wrist.b.stl,0
90,103.7,106.6,103,40.2,171.5,50.0,25.4,wrist.b.stl,0
90,80.5,152.4,125.9,53.5,146.5,50.0,26.6,wrist.b.stl,0
90,71.4,158.6,104.6,158.7,124.7,50.0,22.7,wrist.b.stl,0
90,130.5,90.2,172.1,115.9,76.3,50.0,24.3,wrist.b.stl,0
90,109.2,3.5,54.3,118.8,52.2,50.0,27.3,wrist.b.stl,0
90,111.2,77.2,24.4,53.7,102.6,50.0,21.8,wrist.b.stl,0
90,106.4,103.4,117.6,117.4,77.7,50.0,23.9,wrist.b.stl,0
90,161.4,66.2,78.5,160.5,145.1,50.0,26.2,wrist.b.stl,0
90,126.7,18,165.5,128.6,179.8,50.0,27.5,wrist.b.stl,0
90,26.9,156.3,29.2,110.8,22.3,2.2,29.3,wrist.b.stl,0
90,152.6,145.3,102.4,73.3,12.5,50.0,30.0,wrist.b.stl,0
90,125.5,81.6,130,155.9,175.6,50.0,27.0,wrist.b.stl,0
90,154,2.1,64.8,131.4,30.9,-17.4,25.7,wrist.b.stl,1
90,93.8,9.8,36,3.3,142.9,50.0,26.8,wrist.b.stl,0
90,40.3,62.2,167.1,126.8,5.7,50.0,22.6,wrist.b.stl,0
90,29.6,111.9,103.9,42.8,168.2,50.0,25.4,wrist.b.stl,0
90,110.5,96.4,106.2,131.4,56.2,50.0,27.1,wrist.b.stl,0
90,71.7,37.8,33.5,170,133.1,50.0,25.4,wrist.b.stl,0
90,88.3,40.9,45.8,10.4,78.2,50.0,23.8,wrist.b.stl,0
90,56.1,125.3,68,32.3,4.4,50.0,22.0,wrist.b.stl,0
90,12.1,122.3,81.7,96.6,161.4,37.2,33.6,wrist.b.stl,0
90,178.3,39,119.4,47.4,3.7,-85.6,25.0,base.stl,1
90,136.5,57.6,69,105.9,149.6,50.0,32.0,wrist.b.stl,0
90,113.2,157.1,49.2,143.6,33.4,50.0,23.2,wrist.b.stl,0
90,171.5,123.7,38.8,170.5,131.6,50.0,25.3,wrist.b.stl,0
90,45.7,38.4,93.3,4.6,37.3,50.0,26.3,wrist.b.stl,0
90,76.4,67.4,83.4,50,105.6,50.0,21.4,wrist.b.stl,0
90,155.5,21.2,93.1,23.8,129,-83.3,25.1,wrist.b.stl,1
90,71.3,101.8,33,26.1,87.9,50.0,21.5,wrist.b.stl,0
90,64,169.3,137.8,134.8,162.7,50.0,25.4,wrist.b.stl,0
90,15,99.4,105.2,173.1,52.6,13.3,28.8,wrist.b.stl,0
90,43.3,18.1,3,167.3,120.6,50.0,19.0,elbow.b.stl,0
90,141.3,50.7,105.6,11.5,87.4,1.5,23.5,wrist.b.stl,0
90,175.9,157.8,60.9,173.1,41.7,50.0,27.5,wrist.b.stl,0
90,170.9,169.4,143.9,113.5,157.4,50.0,30.1,wrist.b.stl,0
90,52.7,152.8,111.2,2.4,62.5,50.0,26.9,wrist.b.stl,0
90,26.7,176.7,86.1,89.5,115.1,-17.5,30.2,wrist.b.stl,1
90,66.3,24.6,148,34.2,92,50.0,20.5,wrist.b.stl,0
90,40.4,17.6,155.2,175.1,173,50.0,28.6,wrist.b.stl,0
90,163.2,139.3,60,14.6,73.3,50.0,23.6,wrist.b.stl,0
90,41.8,23.8,9.6,130.6,2.1,50.0,22.3,wrist.b.stl,0
90,138.7,26.5,14.3,16.1,121,50.0,24.2,wrist.b.stl,0
90,44.2,75.7,100.3,154.9,130.9,50.0,22.5,wrist.b.stl,0
90,48.7,23.7,10,54.3,47.2,50.0,26.0,wrist.b.stl,0
90,82.1,123,125.2,51,68.4,50.0,27.9,wrist.b.stl,0
90,32.6,141.9,10.2,125.5,140.2,44.4,27.7,wrist.b.stl,0
90,139.9,46.7,67.3,105.8,49.1,50.0,30.4,wrist.b.stl,0
90,66.8,35.5,82.8,8,144,50.0,28.0,wrist.b.stl,0
90,13.9,93.4,55.2,104,172.7,50.0,33.4,wrist.b.stl,0
90,116.2,6.4,77.5,91.8,96.5,50.0,30.3,wrist.b.stl,0
90,122.7,50,23.2,70.7,172.2,50.0,31.8,wrist.b.stl,0
90,33.7,162.7,97.9,82.2,158.8,48.4,34.3,wrist.b.stl,0
90,82.5,130.4,71.8,162.7,124.2,50.0,23.4,wrist.b.stl,0
90,125.9,59,136.2,114.5,43.2,50.0,30.8,wrist.b.stl,0
90,28.9,143.4,172.6,82.5,106.4,50.0,29.9,wrist.b.stl,0
90,154.4,82.3,171.3,103.6,147.7,50.0,32.6,wrist.b.stl,0
90,163.6,146.8,28.7,113.2,71.7,50.0,25.2,wrist.b.stl,0
90,11.3,76.3,46.6,152.8,6,-0.3,24.6,wrist.b.stl,1
90,172.6,64,64.2,2.9,33.3,-72.2,25.6,wrist.b.stl,1
90,72.2,167.3,17.9,170.2,156.5,50.0,-8.9,elbow.b.stl,1
90,81.7,58.8,41.9,110.6,6,50.0,27.4,wrist.b.stl,0
90,2.8,77.2,12.3,45.3,39.8,44.3,24.6,wrist.b.stl,0
90,45.6,23.6,2.2,20.8,111.3,50.0,22.6,wrist.b.stl,0
90,175.4,178.3,73.6,29.3,115,50.0,21.7,wrist.b.stl,0
90,88.3,178.1,11.8,141,51.9,50.0,21.2,elbow.b.stl,0
90,43.5,119.3,44.3,119.9,93.1,50.0,23.0,wrist.b.stl,0
90,76.3,99.8,51.7,127.2,74.7,50.0,21.5,wrist.b.stl,0
90,64.9,149.2,166.5,8.3,41.9,50.0,27.5,wrist.b.stl,0
90,62.7,146.7,177.4,174.4,162.9,50.0,28.4,wrist.b.stl,0
90,53.4,178.6,44.9,19.1,171.2,47.0,27.7,wrist.b.stl,0
90,42,124.2,10.5,131.5,158.7,50.0,25.7,wrist.b.stl,0
90,49,68.2,67.4,134.8,42.8,50.0,26.3,wrist.b.stl,0
90,30.9,80.9,54.8,151.1,42.8,50.0,24.9,wrist.b.stl,0
90,90.4,169.7,114.1,156.1,169.2,50.0,27.1,wrist.b.stl,0
90,135.1,125.9,174.2,179,81.3,50.0,24.0,wrist.b.stl,0
90,12.8,52.7,27.4,75.1,23.6,50.0,29.4,wrist.b.stl,0
90,108.7,68.9,161.2,174.2,98.4,50.0,24.5,wrist.b.stl,0
90,49.5,106.6,161.4,73.2,99.4,50.0,27.9,wrist.b.stl,0
90,48.9,82,72.3,44.7,91.1,50.0,20.5,wrist.b.stl,0
90,55.9,67.1,94.5,135.1,60,50.0,26.3,wrist.b.stl,0
90,166.3,155.2,8.8,45.7,80.3,50.0,22.9,wrist.b.stl,0
90,18.8,62.7,133.2,122.5,112,50.0,24.0,wrist.b.stl,0
90,127.9,36.9,61.5,121.7,158.3,50.0,27.8,wrist.b.stl,0
90,97.9,50.9,5.4,127.9,1.4,50.0,22.6,wrist.b.stl,0
90,67.1,95.5,166,16.1,73.1,50.0,23.3,wrist.b.stl,0
90,4.4,61.7,112,50.2,37.8,50.0,23.7,wrist.b.stl,0
90,20.8,103.9,125.1,121,170.8,50.0,29.1,wrist.b.stl,0
90,0.5,116.5,108.1,106,173.3,8.7,33.2,wrist.b.stl,0
90,3,125.4,146.5,91.8,60.1,45.1,32.4,wrist.b.stl,0
90,142.4,17.5,79.6,93.6,124.9,50.0,31.1,wrist.b.stl,0
90,16.4,41,73.9,112.2,159.7,50.0,30.6,wrist.b.stl,0
90,111.4,24,176.5,156.9,90.5,50.0,22.7,wrist.b.stl,0
90,166,97.4,166.2,149.4,174.3,50.0,26.1,wrist.b.stl,0
90,165.6,6.5,31.5,70,171.4,-35.9,31.7,wrist.b.stl,1
90,54,28.9,159.5,80.4,163.4,50.0,33.8,wrist.b.stl,0
90,28.8,119,79.2,13.8,125.4,50.0,25.0,wrist.b.stl,0
90,44.5,7.1,10.8,11,163.4,50.0,28.0,wrist.b.stl,0
90,133.2,161.7,121.1,95.2,54.8,50.0,32.5,wrist.b.stl,0
90,179.6,65.2,84.7,68.1,176.3,-24.6,31.0,wrist.b.stl,1
90,31.4,59,122.5,11.4,109.3,50.0,23.6,wrist.b.stl,0
90,86,51.1,42.9,92.6,66.2,50.0,31.3,wrist.b.stl,0
90,82.2,60.7,174.7,24,17.4,50.0,23.4,wrist.b.stl,0
90,61.8,106.4,118.7,71.5,179.9,50.0,31.8,wrist.b.stl,0
90,63.3,129.9,114.8,146.3,175.7,50.0,25.7,wrist.b.stl,0
90,160.2,137.6,125.7,60.4,26.6,50.0,25.2,wrist.b.stl,0
90,11.3,43.5,77.8,94,139.2,50.0,33.4,wrist.b.stl,0
90,172.6,21.1,19.3,106.1,134.2,18.2,32.7,wrist.b.stl,0
90,152.7,168.4,177,72,68.5,50.0,32.3,wrist.b.stl,0
90,26.6,123.3,118.2,155.2,17.5,28.3,23.5,wrist.b.stl,0
90,89.6,104.6,43.5,30.4,154.7,50.0,25.9,wrist.b.stl,0
90,10.5,84.7,20.9,82.3,176.4,50.0,33.8,wrist.b.stl,0
90,76.3,154.3,21.1,48.8,72.7,50.0,26.3,wrist.b.stl,0
90,72,120.8,62,128.5,115.1,50.0,22.7,wrist.b.stl,0
90,71.8,77.7,110.6,12.6,148,50.0,28.6,wrist.b.stl,0
90,117.6,130.7,96.6,19.9,72.9,50.0,22.7,wrist.b.stl,0
90,73,57.8,5.4,132.7,19.8,50.0,22.5,wrist.b.stl,0
90,109.1,126.6,114.3,172.6,18.6,50.0,25.3,wrist.b.stl,0
90,156.1,5.3,96.3,72.8,94.4,-32.3,20.2,base.stl,1
90,65.7,34.3,3.4,93.3,151.7,50.0,34.3,wrist.b.stl,0
90,67.2,40.1,14.5,15.4,39.9,50.0,27.6,wrist.b.stl,0
90,18,47.7,11.9,11.8,154.1,50.0,28.2,wrist.b.stl,0
90,29.2,100.7,139.2,82.2,27.6,50.0,30.7,wrist.b.stl,0
90,35.9,77.9,95.1,62.9,140.7,50.0,25.5,wrist.b.stl,0
90,135.2,166.9,5.2,161.2,70.7,50.0,-16.9,elbow.b.stl,1
90,158.1,124.3,177.7,136.7,65.6,50.0,24.6,wrist.b.stl,0
90,90.2,67.8,65.7,47,89.3,50.0,21.2,wrist.b.stl,0
90,122.7,49.9,94.4,21.1,28.8,50.0,25.3,wrist.b.stl,0
90,8.4,174.7,0.7,32.1,110.3,-145.2,20.6,wrist.b.stl,1
90,14.6,158.7,129.5,174,91.4,-133.6,24.2,wrist.b.stl,1
90,54.1,98.9,167.5,93.7,48.1,50.0,34.5,wrist.b.stl,0
90,157.9,66.9,0.2,44.6,57.3,50.0,26.3,wrist.b.stl,0
90,154.6,82.5,80,60.5,158.5,50.0,31.0,wrist.b.stl,0
90,170.1,178.5,67.8,173.9,142.5,50.0,27.8,wrist.b.stl,0
90,121.6,44.1,39,29.9,166.1,50.0,26.1,wrist.b.stl,0
90,52.9,81.6,88.9,140.1,152,50.0,26.1,wrist.b.stl,0
90,25,76.8,151.7,147.2,18.4,50.0,22.1,wrist.b.stl,0
90,28.1,54.8,13.6,76.4,19.4,50.0,29.9,wrist.b.stl,0
90,102.3,44.4,107.4,21.2,175.7,50.0,28.0,wrist.b.stl,0
90,167.9,70.5,43.6,45.1,87,50.0,21.1,wrist.b.stl,0
90,7.2,115.1,73.5,67.9,145.7,17.0,27.8,wrist.b.stl,0
90,127.6,171.8,63.3,161.6,138.6,50.0,24.8,wrist.b.stl,0
90,64.3,111.9,51.9,157.4,20.2,50.0,23.7,wrist.b.stl,0
90,38.2,32.9,72.5,134.1,94.8,50.0,21.1,wrist.b.stl,0
90,87.8,0.1,76.6,11.4,37.5,50.0,27.0,wrist.b.stl,0
90,167.8,38.8,154.5,144.5,28.6,-48.0,22.2,wrist.b.stl,1
90,109,20.8,131,114.7,146.1,50.0,29.6,wrist.b.stl,0
90,86.3,164.7,8.9,52.7,128.7,50.0,21.9,wrist.b.stl,0
90,75.3,31.1,19.3,147.1,85.2,50.0,21.6,wrist.b.stl,0
90,158.8,132,73.8,67.2,92.8,50.0,26.9,wrist.b.stl,0
90,160,132.7,0.9,124.9,165.5,50.0,27.6,wrist.b.stl,0
90,127.9,31.9,87,25.3,64.6,33.8,23.4,wrist.b.stl,0
90,168.7,166.2,50.9,61.1,108,50.0,23.9,wrist.b.stl,0
90,173.4,26.6,46.2,157.2,88.5,-23.3,22.9,wrist.b.stl,1
90,161.8,33.4,95.9,58.7,57,-36.4,29.2,wrist.b.stl,1
90,80.4,78,64.3,164.7,131.7,50.0,24.4,wrist.b.stl,0
90,131,52.2,104,140.3,143.2,50.0,26.9,wrist.b.stl,0
90,62,138.8,132.5,25.5,155.9,50.0,26.5,wrist.b.stl,0
90,79.4,87.6,80.7,102.2,111.8,50.0,29.1,wrist.b.stl,0
90,89.7,156,113,72.3,75,50.0,30.9,wrist.b.stl,0
90,146,62.7,38.1,10.7,157.7,50.0,28.1,wrist.b.stl,0
90,165.3,21.6,60.2,31.6,20.9,-114.0,22.6,wrist.b.stl,1
90,162,10.2,176.5,17.4,155.4,-31.6,-4.0,base.stl,1
90,102,66.2,61.6,136.3,56.6,50.0,27.0,wrist.b.stl,0
90,118.3,93.1,87.3,162.2,99.8,50.0,23.2,wrist.b.stl,0
90,148.8,130.6,6.9,139.2,39,50.0,25.8,wrist.b.stl,0
90,162.6,7.7,60,18,85.6,-131.5,22.7,wrist.b.stl,1
90,147.6,53.7,27.2,59.4,146.5,50.0,26.5,wrist.b.stl,0
90,25.3,40.9,12.4,127,71.1,50.0,22.0,wrist.b.stl,0
90,56,129.4,60.5,131,146.7,50.0,26.7,wrist.b.stl,0
90,39.2,175.3,29.2,52.4,32.4,-2.6,23.0,wrist.b.stl,1
90,62.2,86.4,94,153.6,160.1,50.0,27.4,wrist.b.stl,0
90,39.6,112.1,20.1,82.6,58,50.0,34.5,wrist.b.stl,0
90,57,86.9,131.4,12.5,158.3,50.0,27.9,wrist.b.stl,0
90,132.3,31.8,169,91.1,180,50.0,34.8,wrist.b.stl,0
90,35.5,96.3,52.2,54.8,106.4,50.0,22.1,wrist.b.stl,0
90,165.9,144.9,130.3,100.7,166,50.0,33.3,wrist.b.stl,0
90,88.6,157.3,150.1,38.5,138.8,50.0,26.1,wrist.b.stl,0
90,2.2,58.1,41.3,91.2,132.6,50.0,31.9,wrist.b.stl,0
90,17.6,92.7,168.9,41.2,121.9,50.0,20.9,wrist.b.stl,0
90,106.7,1.8,85.6,127.6,7.9,50.0,22.4,wrist.b.stl,0
90,158.3,93.6,5.5,40.4,171.7,50.0,25.4,wrist.b.stl,0
90,104.8,19.3,51.8,82.2,3.8,50.0,31.8,wrist.b.stl,0
90,74.1,88.1,43.9,106,135.6,50.0,32.9,wrist.b.stl,0
90,42.5,111.7,115.1,170.7,140.1,50.0,26.8,wrist.b.stl,0
90,152.7,88.3,33.4,179.2,23.3,50.0,25.5,wrist.b.stl,0
90,84.9,12.3,169.9,173.7,129.5,50.0,25.4,wrist.b.stl,0
90,63,45.8,47.8,22.9,94.6,50.0,22.1,wrist.b.stl,0
90,25.5,57,112.8,131,4.4,50.0,22.1,wrist.b.stl,0
90,77.4,117.4,153.6,85.6,174.5,50.0,34.1,wrist.b.stl,0
90,47.8,2.4,87.1,46.1,148.3,50.0,27.2,wrist.b.stl,0
90,41.9,55.9,142.4,128.7,100.4,50.0,20.9,wrist.b.stl,0
90,126.9,75.4,1,2,92,50.0,23.8,wrist.b.stl,0
90,15,9.2,173.8,154.6,27.4,50.0,23.1,wrist.b.stl,0
90,0.1,169.5,50.1,33.5,124.5,-140.0,22.7,wrist.b.stl,1
90,19.6,47.6,175.5,115.1,93.7,50.0,24.5,wrist.b.stl,0
90,71.6,139.4,25.4,174.1,155,50.0,19.2,elbow.b.stl,0
90,111.2,7.7,126.2,164.4,94.4,50.0,23.6,wrist.b.stl,0
90,63.8,21.6,135.9,159.3,18,50.0,24.1,wrist.b.stl,0
90,136.6,3.1,174.1,110.7,99.4,19.0,16.3,base.stl,0
90,53.3,167.3,47.9,149.1,177.3,31.8,26.1,wrist.b.stl,0
90,141,93.4,11.9,85,78.9,50.0,30.7,wrist.b.stl,0
90,36.5,76.2,64.4,29.5,79.4,50.0,20.8,wrist.b.stl,0
90,47.3,94,6.3,163.1,146.9,50.0,24.1,elbow.b.stl,0
90,99.5,153.3,173.2,19.9,113.5,50.0,22.9,wrist.b.stl,0
90,179.6,177.8,108.6,23,105,50.0,21.8,wrist.b.stl,0
90,0.4,35.8,172.1,59.5,114.9,50.0,24.0,wrist.b.stl,0
90,50.6,170.6,131.1,59.3,142.5,50.0,25.3,wrist.b.stl,0
90,19.5,70.6,39.8,123.1,18.4,50.0,25.2,wrist.b.stl,0
90,71.5,49.8,91.1,63,127.2,50.0,24.6,wrist.b.stl,0
90,4.4,114.1,41.5,48.4,144,-18.4,26.4,wrist.b.stl,1
90,172,57,148.8,18.7,114.1,-17.6,-10.3,base.stl,1
90,135.2,28.1,76.7,160.7,18.6,50.0,24.3,wrist.b.stl,0
90,3.3,106.3,78.4,143.8,166.2,-73.9,25.5,wrist.b.stl,1
90,53.8,69.9,87.5,105.9,177.1,50.0,33.8,wrist.b.stl,0
90,125.5,70.1,47.5,170,24.4,50.0,25.2,wrist.b.stl,0
90,129.6,166.6,119.6,76.1,35.8,50.0,29.8,wrist.b.stl,0
90,66.1,127.2,116.9,167,156,50.0,28.8,wrist.b.stl,0
90,146.9,164.1,49.7,66.5,68.4,50.0,31.8,wrist.b.stl,0
90,100.9,120.3,51.6,3.5,71.9,50.0,25.2,wrist.b.stl,0
90,55.5,169.6,159.9,154.9,117.5,50.0,22.0,wrist.b.stl,0
90,62,98.8,146.7,17.7,144.2,50.0,28.4,wrist.b.stl,0
90,7.4,147,145.4,9.2,112.9,17.5,23.8,wrist.b.stl,0
90,90.4,30.6,26.7,139.2,102.2,50.0,20.8,wrist.b.stl,0
90,176.9,176.8,178.7,21.4,168.9,50.0,27.3,wrist.b.stl,0
90,44,82.5,136.3,36.7,101.9,50.0,20.6,wrist.b.stl,0
90,33.4,18.9,21,64.4,0.8,50.0,30.6,wrist.b.stl,0
90,76.5,119.6,72.3,15.4,11.3,50.0,24.2,wrist.b.stl,0
90,50.1,30.5,173.7,27.2,145,50.0,27.0,elbow.b.stl,0
90,105.5,102.5,92.2,174.9,65.5,50.0,26.0,wrist.b.stl,0
90,141.8,100,71.2,172,107.7,50.0,24.3,wrist.b.stl,0
90,21.4,75.2,140.7,124.9,164.9,50.0,27.5,wrist.b.stl,0
90,46.7,136.5,82.8,103.2,171.9,50.0,33.5,wrist.b.stl,0
90,176.3,155.1,64.6,159.8,114.9,50.0,22.9,wrist.b.stl,0
90,77.4,6.4,138.6,90.4,141.5,50.0,33.3,wrist.b.stl,0
90,134.6,142.8,54.1,144.1,98.8,50.0,20.4,wrist.b.stl,0
90,85.2,121.5,3.8,18.4,52.6,50.0,27.1,wrist.b.stl,0
90,176.9,25.2,59.5,9.2,59.6,-164.9,26.6,wrist.b.stl,1
90,57.7,170.4,152.1,68.9,4.5,50.0,30.6,wrist.b.stl,0
90,149.6,118.9,27.4,179.3,18,50.0,25.1,wrist.b.stl,0
90,156.1,53,78.4,143.2,122,50.0,20.8,wrist.b.stl,0
90,168.8,111.8,17.6,159.2,138.4,50.0,24.4,wrist.b.stl,0
90,128.1,9.7,71.3,30.1,147.9,-8.0,26.6,wrist.b.stl,1
90,126.1,159,174,139.5,179,50.0,26.2,wrist.b.stl,0
90,110.7,6.7,2.6,61.6,148.2,50.0,27.2,wrist.b.stl,0
90,155.9,172.9,11.7,8,164.4,50.0,28.1,wrist.b.stl,0
90,54.9,100.4,176.8,72.1,119.9,50.0,27.6,wrist.b.stl,0
90,72.2,138.3,95,42.8,48.8,50.0,26.1,wrist.b.stl,0
90,46.5,95.8,126.6,170.9,124.9,50.0,24.6,wrist.b.stl,0
90,140.6,30.4,67.3,74.5,123.5,50.0,28.1,wrist.b.stl,0
90,53.3,54.6,64.1,145.9,104,50.0,21.1,wrist.b.stl,0
90,13.5,14.1,66.8,138,124,50.0,22.1,wrist.b.stl,0
90,127.4,138.1,51.7,98.7,97.8,50.0,29.2,wrist.b.stl,0
90,133.1,172.2,50,142.8,118.8,50.0,20.4,wrist.b.stl,0
90,104.4,139.5,169.9,6.6,26.5,50.0,17.5,elbow.b.stl,0
90,136.1,15.1,92.9,39.6,49.4,-11.8,25.9,wrist.b.stl,1
90,126.3,5.4,157.2,80,90.4,50.0,27.6,base.stl,0
90,97.2,116.2,62.1,18.2,57.3,50.0,25.7,wrist.b.stl,0
90,30.3,100.1,57.2,172.5,173.8,22.8,28.6,wrist.b.stl,0
90,111.6,111.1,177.4,159.7,137.7,50.0,24.3,wrist.b.stl,0
90,56.4,65.8,36.2,87.7,178.3,50.0,34.4,wrist.b.stl,0
90,164.2,21.3,4.5,161.8,96.7,43.4,23.1,wrist.b.stl,0
90,36,121.3,116,22,46.7,50.0,29.2,wrist.b.stl,0
90,10.8,37.8,23.8,34.8,123.4,50.0,22.3,wrist.b.stl,0
90,8.9,18.3,24.2,57,53.8,50.0,28.1,wrist.b.stl,0
90,45.9,135.1,179.6,96.1,170,50.0,34.0,wrist.b.stl,0
90,71.4,19.2,73.6,53.3,88.8,50.0,23.3,wrist.b.stl,0
90,118.3,83,168.3,159.3,126.4,50.0,22.9,wrist.b.stl,0
90,88.1,23.7,71.5,126.8,51.3,50.0,28.3,wrist.b.stl,0
90,18.7,163.4,127.6,110.7,142.6,-20.7,31.0,wrist.b.stl,1
90,150.4,87,158.6,165,48.9,50.0,27.6,wrist.b.stl,0
90,109.4,94.8,96.8,168.8,54.9,50.0,29.1,wrist.b.stl,0
90,177,162.4,82.6,147.1,138.4,50.0,24.6,wrist.b.stl,0
90,122,57.6,35.4,120.9,151.7,50.0,27.8,wrist.b.stl,0
90,2.9,115.7,79.7,161.7,57.9,-108.4,29.2,wrist.b.stl,1
90,85.4,92.7,25.3,128.3,149.5,50.0,26.5,wrist.b.stl,0
90,10.4,52.4,6.8,172.2,120.1,29.0,22.8,elbow.b.stl,0
90,173.6,95.7,144.4,67.4,63.7,45.6,32.3,wrist.b.stl,0
90,68.1,118.4,64.7,162.1,177,50.0,27.9,wrist.b.stl,0
90,5.5,34.9,20.2,7.6,41,50.0,27.2,wrist.b.stl,0
90,80.4,150.7,39.9,88.9,167.3,50.0,34.1,wrist.b.stl,0
90,120.1,143.7,99.2,176.5,106,50.0,24.2,wrist.b.stl,0
90,8.2,35.6,72.9,108.2,138.9,50.0,32.0,wrist.b.stl,0
90,74.4,127.8,142.2,57.1,176.3,50.0,28.0,wrist.b.stl,0
90,116.9,158.6,100.1,133.5,138.7,50.0,27.0,wrist.b.stl,0
90,163.5,27.1,100.5,77.1,166.2,-37.9,33.3,wrist.b.stl,1
90,18.9,176.9,157.6,13.3,88.4,14.1,23.4,wrist.b.stl,0
90,129.2,132.9,163.2,144,56,50.0,26.4,wrist.b.stl,0
90,89.7,126.3,24.9,34.9,86.6,50.0,20.1,wrist.b.stl,0
90,53.7,155.3,105.5,62.8,152.8,50.0,28.8,wrist.b.stl,0
90,144.9,179.7,152.5,74.6,22.9,50.0,29.4,wrist.b.stl,0
90,151.3,10.8,63,165.6,172.9,14.6,28.1,wrist.b.stl,0
90,115.3,124,7.6,92.6,98.4,50.0,30.2,wrist.b.stl,0
90,61.2,12.3,41.2,64.4,78.3,50.0,28.9,wrist.b.stl,0
90,106.4,130,57.2,59.2,3.5,50.0,28.7,wrist.b.stl,0
90,7.4,46.4,133.2,113.1,138.6,50.0,30.6,wrist.b.stl,0
90,138.4,154.2,129.7,176.2,161.8,50.0,28.3,wrist.b.stl,0
90,105.6,105.9,6.2,179.7,23.7,50.0,17.7,elbow.b.stl,0
90,133.3,147.8,67.1,35.4,17.8,50.0,21.6,wrist.b.stl,0
90,134.7,81.5,128.5,164.8,26.4,50.0,24.7,wrist.b.stl,0
90,165.5,74.1,54.9,169.8,178.3,50.0,28.7,wrist.b.stl,0
90,35.8,118.2,19.2,117.2,148.9,50.0,28.9,wrist.b.stl,0
90,123.2,75.1,69,70.8,106.1,50.0,27.1,wrist.b.stl,0
90,158.7,167.2,9.6,32.7,20.2,50.0,22.3,wrist.b.stl,0
90,34.8,62.4,91.2,113.3,131.8,50.0,31.3,wrist.b.stl,0
90,160.2,178,119.3,152.2,140,50.0,24.5,wrist.b.stl,0
90,55.4,157.6,7.7,0.1,49.3,50.0,27.2,wrist.b.stl,0
90,83.2,114.9,18.3,121.1,144.3,50.0,28.0,wrist.b.stl,0
90,33.4,74.7,93.6,81.3,144,50.0,31.7,wrist.b.stl,0
90,172.9,143.8,14,144.9,12,50.0,22.3,wrist.b.stl,0
90,42.5,27.6,35.6,95.1,120.9,50.0,30.6,wrist.b.stl,0
90,84.7,172.7,43.3,137.4,156.6,50.0,25.7,wrist.b.stl,0
90,101.2,82.1,107.3,77.2,99.9,50.0,28.8,wrist.b.stl,0
90,75,72.1,125.2,16.7,30,50.0,25.8,wrist.b.stl,0
90,153.2,138.8,50.7,67.9,166.7,50.0,31.6,wrist.b.stl,0
90,147.3,110.6,39.9,8,77.6,50.0,24.1,wrist.b.stl,0
90,121.1,149.1,153.5,5.9,43.9,50.0,27.5,wrist.b.stl,0
90,61,34,144.5,138.1,93,50.0,20.2,wrist.b.stl,0
90,176.9,25.9,161.9,21,29.4,-77.9,-28.3,base.stl,1
90,125.3,19.7,101.9,75.6,131.1,50.0,28.5,wrist.b.stl,0
90,162.1,138.6,152.9,5.9,55.8,50.0,28.0,wrist.b.stl,0
90,92.8,74.9,41.6,55.4,170.2,50.0,27.9,wrist.b.stl,0
90,53,63.7,0.7,152.1,27.9,50.0,22.7,wrist.b.stl,0
90,36.7,45.9,159.2,37.2,143.6,50.0,26.3,wrist.b.stl,0
90,145.4,166.9,20.8,39.1,133.7,50.0,24.3,wrist.b.stl,0
90,35.3,51.5,30,31.1,86.7,50.0,20.6,wrist.b.stl,0
90,19.7,57.9,76.8,4.4,69.9,50.0,25.4,wrist.b.stl,0
90,16.9,88.8,148.6,147.3,14.5,50.0,22.4,wrist.b.stl,0
90,108.2,150.2,42.8,137.1,160.3,50.0,25.4,wrist.b.stl,0
90,145.1,19.3,1.6,34.5,48.7,50.0,26.1,wrist.b.stl,0
90,110.9,69.2,126.6,63.6,27.8,50.0,26.2,wrist.b.stl,0
90,56.3,159.2,172.5,37.4,141.9,50.0,26.6,wrist.b.stl,0
90,49.2,159.7,29.8,119.9,15.2,50.0,25.6,wrist.b.stl,0
90,175.3,126.1,151.5,102,85.8,50.0,28.7,wrist.b.stl,0
90,111.9,95.2,84.5,136.7,32.1,50.0,24.3,wrist.b.stl,0
90,30.8,77.7,57.7,13.3,152,50.0,28.2,wrist.b.stl,0
90,138.9,97.9,176.3,13.1,138,50.0,24.4,base.stl,0
90,47.9,66.3,39.5,142,26,50.0,21.9,wrist.b.stl,0
90,151.2,119.1,10.6,146,113,50.0,20.6,wrist.b.stl,0
90,162.9,134.8,101,150.6,50,50.0,27.2,wrist.b.stl,0
90,98.5,52.9,174.3,40.7,2.8,50.0,23.4,wrist.b.stl,0
90,58.7,90.5,5.1,100.7,157.4,50.0,33.0,wrist.b.stl,0
90,126.9,112.1,172.1,172.5,148.4,50.0,29.1,wrist.b.stl,0
90,109.4,87.8,2.4,109.1,178,50.0,33.4,wrist.b.stl,0
90,147.3,61.3,27.4,141.1,133.9,50.0,24.4,wrist.b.stl,0
90,174.1,157.5,100,18.2,87,50.0,22.7,wrist.b.stl,0
90,56.5,92.2,54.3,155.1,152,50.0,28.7,wrist.b.stl,0
90,56.8,107.9,77.4,163.6,33.7,50.0,25.0,wrist.b.stl,0
90,125.6,174.7,31.5,36.4,124.9,50.0,22.3,wrist.b.stl,0
90,140.2,88.3,109.7,38.3,85.8,50.0,20.2,wrist.b.stl,0
90,20.2,57.9,51.3,80,167.4,50.0,33.6,wrist.b.stl,0
90,32.6,72.2,110.8,170.4,24,50.0,25.3,wrist.b.stl,0
90,165.2,14.6,86.5,81.8,37.7,-41.4,31.3,wrist.b.stl,1
90,62.5,81.7,155.7,171.9,93.4,50.0,24.2,wrist.b.stl,0
90,156.6,109.5,62.8,35,74.4,50.0,21.7,wrist.b.stl,0
90,94.1,8,26.3,108,40.5,50.0,32.6,wrist.b.stl,0
90,150.7,58.8,18.9,15,168.7,50.0,27.9,wrist.b.stl,0
90,21.2,25.4,155.3,45.8,119.9,50.0,20.5,wrist.b.stl,0
90,147,109.3,172.3,127.6,20.3,50.0,24.1,wrist.b.stl,0
90,100.5,129.3,144.4,4.7,129.4,50.0,25.0,wrist.b.stl,0
90,148.6,134.4,92.2,82.4,98.9,50.0,29.7,wrist.b.stl,0
90,126.8,166.1,111.1,159.8,126.2,50.0,23.0,wrist.b.stl,0
90,12.3,90.1,51.6,51.3,64.1,50.0,27.5,wrist.b.stl,0
90,56.7,104.1,123,48.4,23.4,50.0,22.1,wrist.b.stl,0
90,10.6,103.6,33.5,1.7,167,24.2,28.0,wrist.b.stl,0
90,96.7,16.6,151.7,177,80.7,50.0,24.3,wrist.b.stl,0
90,7.6,21.2,68.7,159.4,26.6,50.0,23.9,wrist.b.stl,0
90,148.3,2.7,82.3,116,10.9,-4.6,26.2,wrist.b.stl,1
90,110.7,170,28.8,131.3,109.6,50.0,20.8,wrist.b.stl,0
90,33.3,1.1,1.7,95.8,169.7,50.0,34.0,wrist.b.stl,0
90,116,128.6,88.9,104.7,22.7,50.0,30.4,wrist.b.stl,0
90,157.8,136.9,179.7,53.6,40.9,50.0,24.4,wrist.b.stl,0
90,22.5,173.6,140.6,29.9,99.5,8.4,20.8,wrist.b.stl,0
90,74.5,27.3,29.2,173.4,54.9,50.0,28.2,wrist.b.stl,0
90,169.5,13.6,82.9,23.3,0.9,-117.6,21.2,base.stl,1
90,99.7,20.5,130,125.7,31.7,50.0,27.7,wrist.b.stl,0
90,169.5,129.8,53.6,127.7,131.7,50.0,27.9,wrist.b.stl,0
90,61.6,67.6,64.6,111,162.1,50.0,31.1,wrist.b.stl,0
90,31.2,157.5,5,118.9,74.6,12.9,23.3,wrist.b.stl,0
90,142.4,129.8,86.4,115.9,90.3,50.0,24.3,wrist.b.stl,0
90,146.1,85.7,94.2,45.1,108.9,50.0,20.9,wrist.b.stl,0
90,54.5,103.9,30.5,28.7,75.1,50.0,21.2,wrist.b.stl,0
90,76.8,48.3,23.7,7.1,4.5,50.0,25.2,wrist.b.stl,0
90,48.9,83.1,130.7,85.5,162.7,50.0,34.1,wrist.b.stl,0
90,6.3,32.5,60.9,103.9,153.5,50.0,32.4,wrist.b.stl,0
90,63,48.2,11.1,147.8,68.3,50.0,25.6,wrist.b.stl,0
90,102.9,177,0.3,26.2,140.2,50.0,27.3,wrist.b.stl,0
90,144.9,138.5,96.7,176.2,71.3,50.0,25.0,wrist.b.stl,0
90,108.3,11.4,73.8,130.1,43,50.0,26.9,wrist.b.stl,0
90,169.9,123.6,51.8,138.4,15,50.0,21.4,wrist.b.stl,0
90,175.5,8.9,168,45.5,136.4,-60.1,-2.8,base.stl,1
90,0,45.8,134.8,95.8,20.7,50.0,31.1,wrist.b.stl,0
90,70.9,67.6,102.3,120.2,151.3,50.0,28.0,wrist.b.stl,0
90,89.5,70.6,25.9,144.9,128.4,50.0,21.9,wrist.b.stl,0
90,73.6,93.3,119.7,29.7,4.9,50.0,22.1,wrist.b.stl,0
90,57.2,107.2,87.6,124.7,147.5,50.0,27.1,wrist.b.stl,0
90,87.9,24.2,153.1,103.5,133.2,50.0,32.6,wrist.b.stl,0
90,126.8,174.3,53.2,127,65.8,50.0,23.2,wrist.b.stl,0
90,71.2,41.5,61.9,170.7,52.7,50.0,29.3,wrist.b.stl,0
90,44.3,105,46.4,85.2,150.2,50.0,34.1,wrist.b.stl,0
90,41.5,76.8,109.9,98.2,175.5,50.0,34.3,wrist.b.stl,0
90,122.5,133.2,174.1,74.6,64,50.0,33.5,wrist.b.stl,0
90,7.9,33.2,42.7,33,135.9,50.0,26.0,wrist.b.stl,0
90,96.5,120.2,147.7,41.5,58.7,50.0,26.4,wrist.b.stl,0
90,127.5,70.7,5.3,78.3,163.5,50.0,33.6,wrist.b.stl,0
90,73.6,59.8,178.1,116,65.9,50.0,24.5,wrist.b.stl,0
90,18.4,141.8,127.5,165.9,39.1,-78.6,26.0,wrist.b.stl,1
90,20.7,130.3,36.6,31.7,57.6,14.9,26.8,wrist.b.stl,0
90,147,97.1,8.3,83.5,123.1,50.0,29.9,wrist.b.stl,0
90,96.9,103,40.5,152.6,101.1,50.0,21.5,wrist.b.stl,0
90,128.4,176.7,77.1,158.6,1.3,50.0,26.0,wrist.b.stl,0
90,6,106.3,56.1,44.7,50,9.9,26.3,wrist.b.stl,0
90,57.3,131.2,102.5,142,149.4,50.0,26.4,wrist.b.stl,0
90,151.7,74.6,75.8,166.7,119.1,50.0,23.8,wrist.b.stl,0
90,14.5,97.6,64.1,177.7,2.5,-36.5,25.4,wrist.b.stl,1
90,110.2,130.3,52,175.3,154.7,50.0,28.6,wrist.b.stl,0
90,164.8,3.5,102.6,53,152.8,-65.4,11.7,base.stl,1
90,113.9,97,20.6,97.2,113.7,50.0,29.9,wrist.b.stl,0
90,172.1,105.3,174.1,173.1,117,50.0,24.3,wrist.b.stl,0
90,91.1,83.9,160.3,5.1,20.5,50.0,25.0,wrist.b.stl,0
90,18.4,136.2,61.1,114.8,108.7,-7.2,25.8,wrist.b.stl,1
90,69.4,95.7,116.1,169.4,103.6,50.0,24.4,wrist.b.stl,0
90,110.6,12.2,171.4,95.1,144.2,50.0,34.6,wrist.b.stl,0
90,9.1,75.8,46.3,48.1,142.5,50.0,25.8,wrist.b.stl,0
90,112.3,79.2,1.9,173.7,173.2,50.0,12.0,elbow.b.stl,0
90,39.2,7.4,95.4,171.3,163.9,50.0,28.4,wrist.b.stl,0
90,105.2,54.6,59.4,161.6,88.5,50.0,23.5,wrist.b.stl,0
90,23.6,44.7,49.8,22.2,83.3,50.0,22.0,wrist.b.stl,0
90,164.9,120.4,13,1,49.7,50.0,27.5,wrist.b.stl,0
90,65.3,139.8,174.1,69.8,123.6,50.0,26.8,wrist.b.stl,0
90,179.1,134.2,114.5,14.1,58.2,50.0,26.1,wrist.b.stl,0
90,164.4,36.2,151.8,125.3,65.9,-25.7,23.1,wrist.b.stl,1
90,95.3,97.7,128.5,93,24,50.0,31.4,wrist.b.stl,0
90,139.2,73.1,173.4,51,47.4,50.0,26.2,wrist.b.stl,0
90,60,103,161.1,31.7,50.3,50.0,26.8,wrist.b.stl,0
90,104.7,81.8,80.5,147.7,166.3,50.0,26.1,wrist.b.stl,0
90,86.6,123.7,144.2,93.3,53,50.0,33.4,wrist.b.stl,0
90,114.9,105.3,162.3,9.4,163.8,50.0,28.0,wrist.b.stl,0
90,96.2,2.8,62,130.4,87.9,50.0,20.9,wrist.b.stl,0
90,176.4,76.1,58.8,147.9,98.6,50.0,20.7,wrist.b.stl,0
90,122.8,145,120.9,76,22.5,50.0,29.7,wrist.b.stl,0
90,104.4,161.5,75.4,163.9,90.6,50.0,23.7,wrist.b.stl,0
90,111.8,149.9,101.6,16.4,176.6,50.0,28.4,wrist.b.stl,0
90,44.3,127.9,90.9,86.2,43.9,50.0,33.0,wrist.b.stl,0
90,130,20.3,178.3,152.2,96.2,50.0,21.5,wrist.b.stl,0
90,76.4,51.6,90.3,158.3,49.5,50.0,26.8,wrist.b.stl,0
90,90.1,42.2,60.7,34.2,178.3,50.0,26.0,wrist.b.stl,0
90,102.9,131.9,17.7,65.9,160.7,50.0,31.9,wrist.b.stl,0
90,15.2,29.8,112.6,112.1,150.9,50.0,30.3,wrist.b.stl,0
90,168.4,25.6,46.7,76.9,0.2,6.1,32.2,wrist.b.stl,0
90,12.6,40.8,86.6,45.3,157.8,50.0,26.3,wrist.b.stl,0
90,58.4,166.4,175.5,81,40.9,50.0,31.4,wrist.b.stl,0
90,52.5,139.7,49.2,68.5,86.1,50.0,28.2,wrist.b.stl,0
90,103.5,179.3,41.8,63.6,47.3,50.0,27.1,wrist.b.stl,0
90,65,18.1,64.8,159.8,53.7,50.0,28.2,wrist.b.stl,0
90,66.9,170,131.1,93,139.9,50.0,33.4,wrist.b.stl,0
90,22.2,83.6,21.3,42.1,25.5,50.0,21.8,wrist.b.stl,0
90,65.1,68.7,170.5,47.5,85,50.0,22.3,wrist.b.stl,0
90,146,146.8,135.1,51.8,89.1,50.0,22.8,wrist.b.stl,0
90,33.5,33.9,78.5,132.9,94.8,50.0,21.4,wrist.b.stl,0
90,159.6,149.6,5.7,102.3,109.6,50.0,28.9,wrist.b.stl,0
90,173.1,4.2,95.6,36.9,9.7,-91.8,21.6,wrist.b.stl,1
90,105.7,139.1,139.5,5.5,73.3,50.0,24.8,wrist.b.stl,0
90,8,44.6,34.7,38.7,61,50.0,27.1,wrist.b.stl,0
90,49.9,173.2,63.4,161,32.6,-1.8,19.5,base.stl,1
90,137.5,11,83.3,1,145.9,-61.3,-0.8,base.stl,1
90,171.1,6.3,168.1,139.3,64.6,-134.5,25.0,base.stl,1
90,163.6,53.3,73.7,17.4,118.2,-66.0,23.8,wrist.b.stl,1
90,5.3,87.3,123,147.8,27,50.0,22.1,wrist.b.stl,0
90,135.7,129.4,100.7,105.2,16.4,50.0,29.6,wrist.b.stl,0
90,108.1,68.7,156.2,56.4,103.8,50.0,22.5,wrist.b.stl,0
90,76.8,157.7,45.7,14.2,134.8,50.0,26.7,wrist.b.stl,0
90,74.3,106,4.8,171.4,158,50.0,14.6,elbow.b.stl,0
90,112.3,3.1,68,176.2,122.6,50.0,24.8,wrist.b.stl,0
90,29,82.9,174,96.2,4.4,50.0,30.7,wrist.b.stl,0
90,111.6,48.8,17.8,72.5,100.5,50.0,27.6,wrist.b.stl,0
90,3.1,100.6,92,142.9,76.2,-49.9,22.7,wrist.b.stl,1
90,99.6,133.6,161.5,68.4,108.3,50.0,26.3,wrist.b.stl,0
90,125,7.8,144.1,67.9,120.6,50.0,18.2,base.stl,0
90,84.9,126.4,130.4,34.5,119.2,50.0,21.4,wrist.b.stl,0
90,153.2,42.4,136.5,114.1,171.9,30.6,31.5,wrist.b.stl,0
90,46.8,27.8,56.2,46.4,136.2,50.0,23.9,wrist.b.stl,0
90,132,120.5,38.9,155.1,172.2,50.0,26.9,wrist.b.stl,0
90,95.7,116.9,90.1,51,51.5,50.0,27.7,wrist.b.stl,0
90,56.4,34.4,162.3,154.5,83.1,50.0,23.3,wrist.b.stl,0
90,66.1,169,40,99.6,9.8,50.0,30.1,wrist.b.stl,0
90,34.4,108.7,119.2,104.6,156.5,50.0,32.3,wrist.b.stl,0
90,178.8,137.5,83.7,150.1,21.7,50.0,22.4,wrist.b.stl,0
90,123,93.3,32.1,175.1,60.9,50.0,26.7,wrist.b.stl,0
90,110.8,158.1,91.2,20.7,147.4,50.0,27.6,wrist.b.stl,0
90,63.6,177,159.1,153.6,64.1,50.0,27.4,wrist.b.stl,0
90,136.3,177.5,94.7,84.7,2.6,50.0,31.9,wrist.b.stl,0
90,126,154.5,44.5,56.7,90.1,50.0,24.2,wrist.b.stl,0
90,13,16.1,75.8,47,73.1,50.0,25.6,wrist.b.stl,0
90,81.8,175.7,170,25.2,158.9,50.0,26.5,wrist.b.stl,0
90,14.4,91.4,29.5,65.9,133.8,50.0,25.7,wrist.b.stl,0
90,76.4,145.3,129.4,169.7,96.1,50.0,24.1,wrist.b.stl,0
90,144.4,58.1,62.2,72.1,74,50.0,31.1,wrist.b.stl,0
90,18.6,93.4,17.4,160.2,11.1,24.5,24.8,wrist.b.stl,0
90,80.9,51.2,27.9,141.1,128.7,50.0,22.7,wrist.b.stl,0
90,26.3,113.9,142.7,139.2,16.6,50.0,21.4,wrist.b.stl,0
90,123.4,128.9,155.2,91.4,83,50.0,30.1,wrist.b.stl,0
90,173.7,143.4,100.6,59.5,152.1,50.0,28.4,wrist.b.stl,0
90,82,16.7,81.9,157,80.7,50.0,24.0,wrist.b.stl,0
90,2.6,110.1,179.2,147.1,111.1,50.0,21.0,wrist.b.stl,0
90,164.6,146.4,89.8,106.4,131.6,50.0,32.1,wrist.b.stl,0
90,152.4,10.5,139.5,80.6,118.9,-12.2,23.6,base.stl,1
90,137.6,97.1,28.5,73.7,13.8,50.0,29.9,wrist.b.stl,0
90,124.1,171.7,143.1,70.2,105.2,50.0,26.9,wrist.b.stl,0
90,54.8,97.4,54.1,132.9,46.7,50.0,26.5,wrist.b.stl,0
90,173.5,119.2,12.4,1.9,179.5,50.0,28.2,wrist.b.stl,0
90,39.7,56.3,37.5,167.1,117.4,50.0,23.8,wrist.b.stl,0
90,90.8,100.4,57.2,110.6,75.5,50.0,26.0,wrist.b.stl,0
90,35.9,118.2,67.3,141.3,74.8,42.4,22.8,wrist.b.stl,0
90,91.5,141.7,80.6,173.9,142.7,50.0,27.9,wrist.b.stl,0
90,148.8,171.7,70,104.4,124.8,50.0,30.8,wrist.b.stl,0
90,121.2,171.5,51.9,52.4,165.2,50.0,27.5,wrist.b.stl,0
90,143.9,36.6,102.6,134.2,63.5,50.0,24.9,wrist.b.stl,0
90,78.2,103.6,84.1,135.5,1.1,50.0,22.8,wrist.b.stl,0
90,78.2,60.8,109.6,139.7,13.7,50.0,21.4,wrist.b.stl,0
90,28.5,119.7,132.9,105.9,176.9,50.0,33.7,wrist.b.stl,0
90,89.9,24.5,123.5,108.4,106.3,50.0,27.3,wrist.b.stl,0
90,98.3,169,23.2,13.2,27.7,50.0,25.6,wrist.b.stl,0
90,44.1,106.7,110.2,41.9,88.1,50.0,20.3,wrist.b.stl,0
90,86.8,81.6,144.6,84.9,136.5,50.0,31.4,wrist.b.stl,0
90,30,95.8,148.3,32,83.7,50.0,20.4,wrist.b.stl,0
90,109.6,33.3,136.2,14.2,170.4,50.0,17.5,base.stl,0
90,84.3,60.5,21,77.9,118.8,50.0,28.9,wrist.b.stl,0
90,17,55.1,150.5,116.3,37.1,50.0,30.9,wrist.b.stl,0
90,29,162.8,51.7,32.3,180,-3.2,26.4,wrist.b.stl,1
90,55.7,22.5,83.1,78.2,166.8,50.0,33.4,wrist.b.stl,0
90,24.2,16.4,16.7,162.8,80.9,50.0,24.5,wrist.b.stl,0
90,27.1,106.9,96.8,35.7,108.5,50.0,20.1,wrist.b.stl,0
90,61.2,42.9,91.9,52.5,40,50.0,24.2,wrist.b.stl,0
90,158.4,28,50.5,69.5,49.3,25.1,29.2,wrist.b.stl,0
90,37.9,138.8,59.2,20.3,97.4,50.0,22.4,wrist.b.stl,0
90,22.6,64.4,158.7,66.4,113.9,50.0,25.9,wrist.b.stl,0
90,92.6,24.8,116.8,154.1,16.8,50.0,23.4,wrist.b.stl,0
90,135.7,124.2,156,18.7,55,50.0,26.3,wrist.b.stl,0
90,125,4,132.1,154.4,81.6,50.0,23.5,wrist.b.stl,0
90,78.2,50.1,0.9,33.5,176.4,50.0,26.1,wrist.b.stl,0
90,156.1,48,173.5,66.2,53.6,32.4,21.6,base.stl,0
90,27.5,162.3,177.7,58.9,126.6,50.0,23.2,wrist.b.stl,0
90,60.4,18.9,70.7,99.3,22.1,50.0,31.0,wrist.b.stl,0
90,147.3,89.5,42.2,106.7,142.8,50.0,32.1,wrist.b.stl,0
90,59,126.3,77,173.5,138.8,50.0,26.9,wrist.b.stl,0
90,64.1,3.2,118.4,35.6,21.9,50.0,22.1,wrist.b.stl,0
90,167.7,180,48.6,54.3,29.7,50.0,23.3,wrist.b.stl,0
90,82.4,155.9,126.3,152.3,41.1,50.0,24.4,wrist.b.stl,0
90,131.5,165.3,50.7,124.3,72.1,50.0,22.1,wrist.b.stl,0
90,52.2,174.5,62.8,19.4,69.9,46.3,23.1,wrist.b.stl,0
90,80.6,135.4,171,147.1,167.6,50.0,25.9,wrist.b.stl,0
90,85.5,129.5,55.6,12.5,65.8,50.0,24.8,wrist.b.stl,0
90,125.6,49.4,155.1,142.3,34.9,50.0,23.8,wrist.b.stl,0
90,59.6,148.6,43.9,59.7,61.8,50.0,29.9,wrist.b.stl,0
90,144.2,6.7,13.3,104.1,71.5,50.0,28.0,wrist.b.stl,0
90,113.9,48,163.7,137,12.2,50.0,21.4,wrist.b.stl,0
90,141.1,174.5,169.6,132.4,22.2,50.0,23.0,wrist.b.stl,0
90,103.7,51.2,174.6,129.1,109.9,50.0,21.4,wrist.b.stl,0
90,125.1,78.8,67.1,168.4,59.7,50.0,28.1,wrist.b.stl,0
90,7.5,72.2,142.3,116.7,173.2,50.0,31.0,wrist.b.stl,0
90,19.1,164.1,66.4,85.3,77.1,-34.0,30.9,wrist.b.stl,1
90,21,44.6,133.6,4.1,24.1,50.0,25.1,wrist.b.stl,0
90,4.5,154.3,111.1,30.6,138.4,-66.4,26.8,wrist.b.stl,1
90,174,168.2,165.9,1.4,106,50.0,24.0,wrist.b.stl,0
90,46.2,101.6,57.2,27.7,80,50.0,21.0,wrist.b.stl,0
90,89.1,178.2,7.6,54.2,153.3,50.0,29.1,wrist.b.stl,0
90,118.7,148.8,118.9,136.7,88.7,50.0,20.1,wrist.b.stl,0
90,36.9,145.8,102.2,25.1,144.9,50.0,27.3,wrist.b.stl,0
90,172.5,62.3,52.8,14.7,119.6,-53.5,24.1,wrist.b.stl,1
90,172.6,24.5,87.3,17.7,6.1,-124.3,23.9,wrist.b.stl,1
90,119.6,156.2,60.8,157.6,21.1,50.0,23.7,wrist.b.stl,0
90,42.8,162.3,91.5,109.5,6.8,38.8,27.7,wrist.b.stl,0
90,23.1,10,162.9,24.3,152.9,50.0,16.5,elbow.b.stl,0
90,63.2,144.1,65.7,48.2,16.9,50.0,22.6,wrist.b.stl,0
90,50.5,84.9,147.2,81.5,174.9,50.0,33.7,wrist.b.stl,0
90,97.5,4.5,74.8,124,42.2,50.0,28.4,wrist.b.stl,0
90,125.8,90.7,4.6,139.4,100.9,50.0,21.1,wrist.b.stl,0
90,14.8,85.5,51.7,158.3,51.3,-2.7,27.3,wrist.b.stl,1
90,169.5,98.3,58.3,146.4,125.5,50.0,21.2,wrist.b.stl,0
90,74.5,113.3,140.1,153.3,147,50.0,26.9,wrist.b.stl,0
90,29.9,149.1,10.6,36,112.1,0.8,20.2,wrist.b.stl,0
90,20.6,108.6,55.4,77.3,56.7,50.0,33.0,wrist.b.stl,0
90,12.6,90.1,173.4,110.1,54,50.0,28.1,wrist.b.stl,0
90,172.1,70.1,125.6,114.1,171.5,15.8,31.4,wrist.b.stl,0
90,164.6,26.6,15.4,145.7,162.9,49.0,26.1,wrist.b.stl,0
90,88.7,124.3,12.6,39.6,26.9,50.0,22.3,wrist.b.stl,0
90,108.2,35.6,10.8,54.4,121.9,50.0,22.0,wrist.b.stl,0
90,104,59.5,150,49.7,46.9,50.0,26.2,wrist.b.stl,0
90,100.8,86.1,80.3,28,90.8,50.0,21.4,wrist.b.stl,0
90,46.6,70.6,132,168.6,139.3,50.0,26.2,wrist.b.stl,0
90,73,106.7,134.4,74.6,64.8,50.0,33.3,wrist.b.stl,0
90,24.3,132.5,150.9,57,141,50.0,24.7,wrist.b.stl,0
90,109.8,141.1,74,134.6,73.5,50.0,21.9,wrist.b.stl,0
90,16,99.1,81.8,45.5,160.6,50.0,26.3,wrist.b.stl,0
90,68.9,7,68.8,76.4,155.1,50.0,32.6,wrist.b.stl,0
90,143.9,36,151,44.6,61.5,47.7,7.6,base.stl,0
90,13.8,10,122.6,166.2,88.7,50.0,24.0,wrist.b.stl,0
90,151.9,142.9,119.6,176.1,144.4,50.0,28.6,wrist.b.stl,0
90,49.5,142,124.7,71.9,13.8,50.0,29.6,wrist.b.stl,0
90,38.6,143.5,44.7,179.6,124.9,12.9,25.2,wrist.b.stl,0
90,85.9,102.7,110,174.4,29.1,50.0,25.9,wrist.b.stl,0
90,49,127.7,43.2,156.8,62.4,49.2,28.1,wrist.b.stl,0
90,32.6,8.6,107.2,148.6,49.3,50.0,27.3,wrist.b.stl,0
90,165.2,136.4,11,103.1,102.1,50.0,28.3,wrist.b.stl,0
90,36.4,60.2,82.5,8.7,27,50.0,25.5,wrist.b.stl,0
90,29.5,68.3,134.5,149.6,29.3,50.0,22.4,wrist.b.stl,0
90,135.3,120.7,160.3,174.4,22.4,50.0,25.4,wrist.b.stl,0
90,14.5,144,29.2,35,158.8,-40.5,25.5,wrist.b.stl,1
90,169,57.3,151.6,154.6,109,-5.6,22.3,wrist.b.stl,1
90,101.9,103.7,54.2,111.4,43.8,50.0,30.9,wrist.b.stl,0
90,32,74.3,127,111.9,173.7,50.0,32.2,wrist.b.stl,0
90,116.4,25.4,29,16.8,34.4,50.0,26.5,wrist.b.stl,0
90,107.6,150.9,160.9,72,100.5,50.0,27.5,wrist.b.stl,0
90,145.7,56.2,107.2,31.3,85.8,13.1,20.5,wrist.b.stl,0
90,31.2,83.2,71.4,78,43.9,50.0,31.0,wrist.b.stl,0
90,24.5,49.6,43.1,132.2,129.1,50.0,25.6,wrist.b.stl,0
90,105.2,16.4,101.9,14.3,3.3,50.0,22.5,base.stl,0
90,63.5,43.3,107,167.2,129.6,50.0,24.5,wrist.b.stl,0
90,138.1,171.2,114.1,104,108.3,50.0,28.5,wrist.b.stl,0
90,155.8,69.9,143.2,117.4,54.8,50.0,26.6,wrist.b.stl,0
90,2.5,37.8,126,104.3,49.4,50.0,30.8,wrist.b.stl,0
90,78.2,119,22.9,77.8,75,50.0,31.2,wrist.b.stl,0
90,97.7,93.9,66.2,137.3,12.1,50.0,21.4,wrist.b.stl,0
90,6.4,75.6,161.4,50,31,50.0,22.6,wrist.b.stl,0
90,167.1,30.3,67.5,131.2,47,-12.3,26.9,wrist.b.stl,1
90,41.4,71.6,141.7,164,5.6,50.0,25.7,wrist.b.stl,0
90,29.7,172.5,106.7,99.3,146.4,12.0,33.6,wrist.b.stl,0
90,7.2,2.5,174.1,149.1,134.5,50.0,23.1,wrist.b.stl,0
90,28,85.8,168.7,168,1.7,50.0,26.2,wrist.b.stl,0
90,135.4,1.1,177.2,75.1,175.2,36.8,24.9,base.stl,0
90,66.2,52.8,56.9,131.5,35.9,50.0,27.0,wrist.b.stl,0
90,155.5,106.3,174.6,177.7,33.3,50.0,26.6,wrist.b.stl,0
90,172,8.4,5,169.9,173.2,5.3,19.5,elbow.b.stl,0
90,26.5,79.6,88.9,154.9,113,50.0,22.2,wrist.b.stl,0
90,139.4,87.3,116.7,132.4,132.8,50.0,26.9,wrist.b.stl,0
90,0.3,18,65.5,11,68.9,50.0,24.6,wrist.b.stl,0
90,70.1,165.6,102.1,127.1,159.7,50.0,26.5,wrist.b.stl,0
90,79.6,0.4,51.4,146.5,162.3,50.0,26.2,wrist.b.stl,0
90,63.3,52.9,166.4,63.2,117.4,50.0,25.2,wrist.b.stl,0
90,50.5,17.6,90.2,166.2,111.4,50.0,23.9,wrist.b.stl,0
90,37.6,122.8,138.3,57.7,100.7,50.0,23.1,wrist.b.stl,0
90,122.8,28.9,173.5,81.2,176.3,50.0,33.6,wrist.b.stl,0
90,34.1,87.1,29.9,1.8,42.8,50.0,26.6,wrist.b.stl,0
90,72.6,77.6,159.6,114.4,78.2,50.0,24.9,wrist.b.stl,0
90,177.8,110.6,58.1,124.4,89.2,50.0,22.6,wrist.b.stl,0
90,158.6,161.4,66.1,101.2,47.8,50.0,32.3,wrist.b.stl,0
90,112.8,178.6,149.9,66,17.2,50.0,27.8,wrist.b.stl,0
90,174,70.1,52.8,56.9,88.2,45.9,24.6,wrist.b.stl,0
90,172.2,177.6,53.3,63.3,92.1,50.0,25.9,wrist.b.stl,0
90,1.5,31.5,168.5,5.3,18.2,50.0,-10.5,elbow.b.stl,1
90,75.7,131.7,48.4,55.1,55,50.0,28.5,wrist.b.stl,0
90,157.1,40.7,101.2,180,131.1,23.9,26.2,wrist.b.stl,0
90,60.5,137.8,171.7,67.2,127.4,50.0,25.9,wrist.b.stl,0
90,13.6,161.2,17.3,67.1,97.7,-61.6,26.3,wrist.b.stl,1
90,47.4,116.9,99.8,129.1,63.7,50.0,24.0,wrist.b.stl,0
90,98.3,146.2,145.9,128.6,97.5,50.0,21.1,wrist.b.stl,0
90,121.2,15.6,84.8,154.8,109.3,50.0,22.4,wrist.b.stl,0
90,169.5,47.2,17.3,112.8,16.4,50.0,27.8,wrist.b.stl,0
90,140.8,46.2,97,146,141.8,50.0,26.1,wrist.b.stl,0
90,89.3,175.7,89.6,50.2,54.4,50.0,27.2,wrist.b.stl,0
90,133.9,78.7,75.4,3.7,55,50.0,28.6,wrist.b.stl,0
90,154.9,144.6,134.4,4.2,4.9,50.0,25.4,wrist.b.stl,0
90,56.1,85.4,163.8,69.2,51.9,50.0,29.5,wrist.b.stl,0
90,102.8,164.6,133,154.2,32.8,50.0,23.3,wrist.b.stl,0
90,22.6,97.9,125.5,171.9,66.9,50.0,26.2,wrist.b.stl,0
90,62.4,92.9,123.3,101.9,130.1,50.0,32.0,wrist.b.stl,0
90,68.5,155.2,32.9,56.9,139.3,50.0,24.3,wrist.b.stl,0
90,60.4,120.3,51.8,33.7,54.1,50.0,26.9,wrist.b.stl,0
90,159.7,83,40.6,57.9,0.5,50.0,29.2,wrist.b.stl,0
90,136,40.6,107.6,4.5,150.2,-5.1,12.5,base.stl,1
90,33.7,0.9,54.2,165.7,47.3,50.0,27.4,wrist.b.stl,0
90,90.6,73.3,53,166.9,142,50.0,26.5,wrist.b.stl,0
90,137.1,94.7,148.5,82.5,83.7,50.0,30.3,wrist.b.stl,0
90,88.9,42.6,166.3,46.6,35.7,50.0,23.3,wrist.b.stl,0
90,43.9,147.1,138.3,76.9,2.5,50.0,31.8,wrist.b.stl,0
90,175.6,23.9,153.3,140.7,168.9,-125.1,25.3,wrist.b.stl,1
90,139.2,59.6,41.7,68,36.6,50.0,27.5,wrist.b.stl,0
90,129.5,148.8,116.4,33.5,6.7,50.0,21.8,wrist.b.stl,0
90,104.5,83.3,35.9,66.3,97.5,50.0,26.1,wrist.b.stl,0
90,113.9,85.8,174.9,8.3,118.5,50.0,24.2,wrist.b.stl,0
90,163.7,42.6,38.5,137.2,87.5,50.0,20.1,wrist.b.stl,0
90,178.6,106,166.2,2.2,27.8,-3.7,-28.3,base.stl,1
90,123.2,75,150.5,77.2,128.3,50.0,28.8,wrist.b.stl,0
90,101.9,21.6,129.2,127.1,20.8,50.0,24.4,wrist.b.stl,0
90,101.1,60.4,82.6,76.1,18.9,50.0,29.9,wrist.b.stl,0
90,28.4,15.6,34.6,153.4,4.4,50.0,24.9,wrist.b.stl,0
90,77.7,144.2,18,41,130.9,50.0,23.1,wrist.b.stl,0
90,116.6,101.3,30.9,143,25.5,50.0,21.8,wrist.b.stl,0
90,24.3,143.1,66.5,56.3,50.2,13.4,26.9,wrist.b.stl,0
90,58.5,61.3,125.3,43.2,58.6,50.0,26.3,wrist.b.stl,0
90,139.7,164.4,110.3,18.9,97.5,50.0,22.6,wrist.b.stl,0
90,113,56.5,149,140.8,103.6,50.0,20.9,wrist.b.stl,0
90,26.1,125.5,161.2,45,172.6,50.0,25.6,wrist.b.stl,0
90,138.8,54.1,111,55.4,17.9,50.0,24.6,wrist.b.stl,0
90,148.3,119.8,110.5,25.6,67.9,50.0,22.6,wrist.b.stl,0
90,157.8,29.4,8.6,34.4,45,38.7,26.0,wrist.b.stl,0
90,141.1,116.7,3.1,3.1,102,50.0,24.2,wrist.b.stl,0
90,114,22.6,109.9,43.3,60.6,50.0,26.6,wrist.b.stl,0
90,73.6,20.9,173.4,175.3,80.1,50.0,24.5,wrist.b.stl,0
90,46.3,172.5,147.3,130.4,83.1,49.9,20.6,wrist.b.stl,0
90,73.9,140.3,93.5,118.9,101.9,50.0,23.7,wrist.b.stl,0
90,128.2,16.9,68,30.1,43.6,17.3,26.6,wrist.b.stl,0
90,36.1,90.6,3.4,173.5,93.4,50.0,24.3,wrist.b.stl,0
90,9.5,122.8,48.4,19.2,149.5,-17.6,27.6,wrist.b.stl,1
90,35.6,18.9,10.2,131.1,117.9,50.0,22.5,wrist.b.stl,0
90,1.5,39.9,126.8,27.4,103.8,50.0,21.1,wrist.b.stl,0
90,38.4,80.9,156.1,54.5,123.5,50.0,22.0,wrist.b.stl,0
90,78.9,17.3,64.9,151.4,175.1,50.0,26.3,wrist.b.stl,0
90,152.1,29.2,62.2,149.6,99.7,50.0,20.9,wrist.b.stl,0
90,139.7,140,12.8,61.6,86.2,50.0,26.4,wrist.b.stl,0
90,170.1,161.7,76.1,17.2,72.8,50.0,23.2,wrist.b.stl,0
90,96.5,162.8,53.1,55.6,112.9,50.0,23.0,wrist.b.stl,0
90,90.9,35.3,26.1,88.1,140.3,50.0,32.7,wrist.b.stl,0
90,140.2,175.6,68.9,70.6,0.3,50.0,31.7,wrist.b.stl,0
90,149.4,116.4,138.6,84.7,165.6,50.0,34.0,wrist.b.stl,0
90,5.2,20.8,67.7,15.3,15.8,50.0,24.4,wrist.b.stl,0
90,102,38.9,112.8,167.3,148.3,50.0,28.1,wrist.b.stl,0
90,44.7,16.1,171,179,67.4,50.0,24.9,wrist.b.stl,0
90,82.9,26.2,127.8,75.9,144.5,50.0,30.1,wrist.b.stl,0
90,103.9,7.7,60.3,145.5,123.9,50.0,20.9,wrist.b.stl,0
90,113.9,121.1,108.9,115.4,111.7,50.0,26.1,wrist.b.stl,0
90,96,136.4,66.5,85.5,72.3,50.0,31.5,wrist.b.stl,0
90,37.7,57.9,9.9,58.6,70.3,50.0,29.5,wrist.b.stl,0
90,16.8,39.7,44.9,40.9,63,50.0,27.1,wrist.b.stl,0
90,26.1,131.7,61.7,22,106.8,39.5,22.1,wrist.b.stl,0
90,32.3,10.5,29.4,75.6,124.8,50.0,28.4,wrist.b.stl,0
90,115.5,0.9,142.8,60.4,122.3,50.0,23.9,wrist.b.stl,0
90,5.9,70.9,3.5,146.9,33.7,28.5,22.9,wrist.b.stl,0
90,121.4,49.9,24.4,167.5,107.1,50.0,24.2,wrist.b.stl,0
90,160.3,55.2,149.4,169.5,71.1,19.6,25.9,wrist.b.stl,0
90,162.7,60.3,58.4,179.2,171.4,50.0,28.4,wrist.b.stl,0
90,41.2,150.7,61.6,176.3,153,-17.3,28.5,wrist.b.stl,1
90,162.9,103.3,52.9,35.6,95,50.0,20.7,wrist.b.stl,0
90,120.9,133.5,30.7,96.5,78.5,50.0,29.6,wrist.b.stl,0
90,37.5,99.5,49.7,96.3,36,50.0,32.9,wrist.b.stl,0
90,162,60.9,109.9,21.9,113.4,-54.4,22.6,wrist.b.stl,1
90,49,172.2,70.9,109.3,38.8,33.1,33.0,wrist.b.stl,0
90,155.1,144.8,44.2,164,7.2,50.0,25.5,wrist.b.stl,0
90,135.5,82.4,150.4,83.8,11.8,50.0,31.1,wrist.b.stl,0
90,40.8,179,60.2,28.9,145,9.3,26.7,wrist.b.stl,0
90,8.1,12,53.6,8.5,179.2,50.0,28.7,wrist.b.stl,0
90,124.4,93.5,144.9,119.2,31.2,50.0,29.3,wrist.b.stl,0
90,39.5,156.2,60.7,80.6,70.4,50.0,32.0,wrist.b.stl,0
90,9.4,126.8,97.2,121.7,50.1,-44.7,28.1,wrist.b.stl,1
90,73.2,34.7,75.5,117.6,170,50.0,30.3,wrist.b.stl,0
90,119.4,94.5,74.9,19,85.9,50.0,22.6,wrist.b.stl,0
90,27.9,104.8,131.4,170.4,53.4,50.0,29.2,wrist.b.stl,0
90,71.4,32.9,158,148.3,139.5,50.0,24.8,wrist.b.stl,0
90,10.3,100.2,42.3,21.5,140.7,33.8,28.3,wrist.b.stl,0
90,38.1,90.1,94.7,38.4,88.6,50.0,20.0,wrist.b.stl,0
90,9.5,0,158.5,74.8,163.3,50.0,33.2,wrist.b.stl,0
90,89.3,77.6,53.3,14.7,55.7,50.0,26.6,wrist.b.stl,0
90,109.5,137.3,97.3,136.5,28.4,50.0,23.4,wrist.b.stl,0
90,105,158.9,39.2,41,134.7,50.0,24.3,wrist.b.stl,0
90,146.2,44.6,59.7,113.7,71.7,50.0,25.0,wrist.b.stl,0
90,112.3,89.4,139.3,152.3,155.5,50.0,27.9,wrist.b.stl,0
90,110.1,110.3,80.9,5,53.9,50.0,28.7,wrist.b.stl,0
90,11.5,78.8,152.9,107.4,121.6,50.0,29.8,wrist.b.stl,0
90,33.8,47.2,29.4,151.7,50.5,50.0,27.3,wrist.b.stl,0
90,101.2,25.4,22.3,62.6,59.5,50.0,30.2,wrist.b.stl,0
90,59.2,108.2,56.9,138.4,16.3,50.0,21.4,wrist.b.stl,0
90,58.5,120.5,108.5,21.5,79.1,50.0,22.1,wrist.b.stl,0
90,55.7,113.7,23.4,120.7,83.5,50.0,23.3,wrist.b.stl,0
90,49.5,134.5,33.8,27.4,2.8,50.0,22.5,wrist.b.stl,0
90,155,88.6,93,20.7,19.4,50.0,24.0,wrist.b.stl,0
90,60.1,92.9,126.2,89.9,149.7,50.0,34.8,wrist.b.stl,0
90,67.9,5.1,76.7,15.3,58,50.0,25.9,wrist.b.stl,0
90,177.3,154.3,42.6,67.7,77.6,50.0,29.7,wrist.b.stl,0
90,137.5,6,7,21.1,113.1,48.2,22.7,wrist.b.stl,0
90,74.6,152.8,51.1,88.1,127.2,50.0,30.8,wrist.b.stl,0
90,98.1,57,27.5,97.3,25.6,50.0,31.5,wrist.b.stl,0
90,169.1,97.2,31.5,129.7,18.6,50.0,23.1,wrist.b.stl,0
90,138.9,82.3,23.9,6.7,178.8,50.0,28.6,wrist.b.stl,0
90,49.4,171.4,90.3,90.5,16.4,50.0,31.1,wrist.b.stl,0
90,171.1,131.9,93.4,21.6,31.6,50.0,25.8,wrist.b.stl,0
90,77.8,65.2,100.5,13.7,7.3,50.0,24.4,wrist.b.stl,0
90,92,5.1,10.7,67.7,11.1,50.0,29.1,wrist.b.stl,0
90,69.4,43.5,33.8,72.8,21.6,50.0,29.0,wrist.b.stl,0
90,62.9,78.3,149.4,167.9,55.5,50.0,29.1,wrist.b.stl,0
90,52.7,102,24.7,62.9,9.6,50.0,28.3,wrist.b.stl,0
90,68.2,20.5,101.1,115.5,177.7,50.0,32.1,wrist.b.stl,0
90,35.1,37.3,170.5,155.6,110.9,50.0,22.5,wrist.b.stl,0
90,151.5,37.7,157.3,156.1,44.7,32.2,25.4,wrist.b.stl,0
90,91.5,167.4,122.2,118.9,100.8,50.0,23.6,wrist.b.stl,0
90,48.4,176.1,80.6,56.1,131.1,44.5,22.7,wrist.b.stl,0
90,109.4,61.6,54.7,38.6,14.1,50.0,21.4,wrist.b.stl,0
90,112.6,91,42.3,9.9,3.4,50.0,25.0,wrist.b.stl,0
90,132.9,33.9,48,2.5,27.1,50.0,25.1,wrist.b.stl,0
90,157.4,43.6,171.7,29.6,45.6,12.0,-14.1,base.stl,1
90,156.2,76.8,48.2,124.7,9.2,50.0,23.3,wrist.b.stl,0
90,160.3,151.5,15.4,143.8,173,50.0,25.5,wrist.b.stl,0
90,88.6,102.3,122.4,48,116.9,50.0,20.7,wrist.b.stl,0
90,85.5,73,162.5,143.6,168.2,50.0,25.4,wrist.b.stl,0
90,150.6,7.5,109.2,125.6,119.7,-16.1,24.8,wrist.b.stl,1
90,49,76.6,7,16.9,100.9,50.0,22.8,wrist.b.stl,0
90,104.8,36.2,80.7,85,2,50.0,32.0,wrist.b.stl,0
90,25.7,112.4,178.7,117.1,21.6,50.0,27.6,wrist.b.stl,0
90,147.9,77.7,15.1,108,41,50.0,32.4,wrist.b.stl,0
90,75,57.3,115.7,77.6,18.7,50.0,30.1,wrist.b.stl,0
90,38.8,90.1,142.1,1.8,110.2,50.0,23.8,wrist.b.stl,0
90,20.9,108.7,150.6,41.1,89.2,50.0,20.1,wrist.b.stl,0
90,139.3,31.6,27.5,162.9,125,50.0,23.5,wrist.b.stl,0
90,132.6,151.9,97.1,87.9,100.1,50.0,30.3,wrist.b.stl,0
90,129.1,70.4,17.1,24.4,175.3,50.0,27.6,wrist.b.stl,0
90,9.3,128.1,169.9,23.3,130,50.0,25.4,wrist.b.stl,0
90,54.4,42.7,153.5,163.7,62.5,50.0,27.9,wrist.b.stl,0
90,113.9,31.7,142.2,158.6,57.4,50.0,29.4,wrist.b.stl,0
90,117.5,157.8,2.8,154,103,50.0,2.4,elbow.b.stl,0
90,74.5,94.1,148.3,130,90.2,50.0,21.3,wrist.b.stl,0
90,87.8,161.9,41.8,17.2,122.2,50.0,24.3,wrist.b.stl,0
90,126.4,102.3,47.3,53.3,111.1,50.0,22.4,wrist.b.stl,0
90,49.1,89.9,59.8,91.9,41.3,50.0,33.5,wrist.b.stl,0
90,35.7,132.1,69.4,41.9,154.5,50.0,26.0,wrist.b.stl,0
90,72.3,20.9,127.4,50.4,101.7,50.0,21.1,wrist.b.stl,0
90,112.3,173.3,34.4,51.2,167.8,50.0,27.0,wrist.b.stl,0
90,129.3,80.9,132.3,74.4,73.8,50.0,31.3,wrist.b.stl,0
90,28.2,94,47.3,114,71.7,50.0,24.9,wrist.b.stl,0
90,153.7,138.8,26.6,106.4,128.5,50.0,31.3,wrist.b.stl,0
90,92.6,20.5,90.6,77.9,58.6,50.0,33.7,wrist.b.stl,0
90,104.9,58.5,42.4,132.5,38.4,50.0,26.7,wrist.b.stl,0
90,145,176.2,79.4,146.2,30.3,50.0,22.4,wrist.b.stl,0
90,143.5,173.2,93.1,46,28.9,50.0,22.1,wrist.b.stl,0
90,165,58.4,89.5,78,78.3,50.0,30.7,wrist.b.stl,0
90,137.7,168.3,114.6,172.3,34.3,50.0,26.3,wrist.b.stl,0
90,101.5,123.4,128.7,136.1,60,50.0,26.5,wrist.b.stl,0
90,158.8,23.7,50.1,84.4,106.6,44.5,30.2,wrist.b.stl,0
90,53.2,163.4,81.3,18.1,147.4,50.0,28.0,wrist.b.stl,0
90,173.8,62.3,99.8,105,144.3,16.3,32.4,wrist.b.stl,0
90,27.3,151.4,129.9,6.3,102,50.0,24.0,wrist.b.stl,0
90,5,89.4,107.9,114.3,166.8,50.0,30.7,wrist.b.stl,0
90,53.5,152,81.4,120,145.4,50.0,28.2,wrist.b.stl,0
90,130.3,143.2,114.5,144.1,163.6,50.0,25.8,wrist.b.stl,0
90,162.8,59,175,10.4,111,20.7,-16.1,base.stl,1
90,89.1,41.5,96.3,11.9,99.7,50.0,23.6,wrist.b.stl,0
90,153.8,25.4,58.6,113.6,64.7,50.0,25.3,wrist.b.stl,0
90,74.7,60.9,86.9,67.2,26,50.0,27.3,wrist.b.stl,0
90,35.8,14.3,84.2,152.2,16.3,50.0,23.1,wrist.b.stl,0
90,118.6,75.6,156.8,65.4,125,50.0,25.4,wrist.b.stl,0
90,71.8,97.6,139.5,174.2,24.3,50.0,25.5,wrist.b.stl,0
90,95.2,23.8,5.5,134.6,177,50.0,26.3,wrist.b.stl,0
90,107.2,13,11.1,56.6,68.6,50.0,28.9,wrist.b.stl,0
90,0.7,151.7,84.3,179.2,159.1,-117.5,28.0,wrist.b.stl,1
90,90.1,112.9,56.6,54.6,23.4,50.0,23.7,wrist.b.stl,0
90,98.2,14.7,80.4,57.9,142.3,50.0,25.1,wrist.b.stl,0
90,68.7,162.3,34.1,167.5,106.8,50.0,11.1,elbow.b.stl,0
90,21.6,90.4,48.2,134.8,117.2,50.0,21.2,wrist.b.stl,0
90,11.3,75.2,159.7,73.4,133.9,50.0,28.1,wrist.b.stl,0
90,20.4,156,90.4,170.6,96.7,-95.5,24.2,wrist.b.stl,1
90,138.5,175,131.3,103.9,66,50.0,28.4,wrist.b.stl,0
90,7.7,77.9,74.2,148.2,34.1,12.8,23.0,wrist.b.stl,0
90,133.7,6.8,159.5,120.2,76,32.5,22.9,wrist.b.stl,0
90,47.8,33.2,105.4,73.8,133.7,50.0,28.2,wrist.b.stl,0
90,163.2,53.2,117,76.1,7.7,18.3,31.0,wrist.b.stl,0
90,110.8,65.5,2.5,85,16.5,50.0,31.0,wrist.b.stl,0
90,113.1,94.8,90.1,168.6,158.5,50.0,28.6,wrist.b.stl,0
90,128.5,104,45.4,1.5,21.5,50.0,24.8,wrist.b.stl,0
90,57.7,35.4,102.6,96.3,70.2,50.0,30.1,wrist.b.stl,0
90,144.1,131.6,123.8,90.5,7.8,50.0,31.2,wrist.b.stl,0
90,77,89.9,80.6,0.8,117.4,50.0,23.8,wrist.b.stl,0
90,46.3,8,90.6,165.7,5.3,50.0,25.8,wrist.b.stl,0
90,2.5,105.8,97.7,2.8,18.6,50.0,24.9,wrist.b.stl,0
90,150.6,81.5,22.4,28.1,110.1,50.0,21.3,wrist.b.stl,0
90,59.2,4.6,114.5,5.8,19.9,50.0,25.0,wrist.b.stl,0
90,28.6,25.8,137.1,16.8,26.8,50.0,25.3,wrist.b.stl,0
90,80.5,25.2,134.4,87.8,158.3,50.0,34.3,wrist.b.stl,0
90,6.9,153.9,27.7,166.6,58.7,-71.9,-14.9,base.stl,1
90,91.9,4.3,131.2,38.5,165,50.0,25.3,wrist.b.stl,0
90,119.1,51.1,47,30.7,144.3,50.0,26.5,wrist.b.stl,0
90,78.9,49.9,171.5,144.4,105.5,50.0,21.2,wrist.b.stl,0
90,144.4,21.6,121,58.3,123.8,7.1,23.1,wrist.b.stl,0
90,173.1,140.5,101.8,134.2,84.3,50.0,20.3,wrist.b.stl,0
90,50.4,7.3,121.9,25.7,82.7,50.0,21.3,wrist.b.stl,0
90,120,160.4,109.7,39.2,85.3,50.0,20.3,wrist.b.stl,0
90,120.2,35.2,131.8,137.5,94.1,50.0,20.3,wrist.b.stl,0
90,154.6,40.5,96.8,160.9,126.7,37.2,23.2,wrist.b.stl,0
90,145.2,40,103.1,58.3,118.6,31.0,23.6,wrist.b.stl,0
90,94.1,112.6,111.2,132.6,143.8,50.0,26.5,wrist.b.stl,0
90,11.1,170.7,73.2,30.6,166,-63.9,26.0,wrist.b.stl,1
90,141.1,75.7,108,40.7,74.4,50.0,23.1,wrist.b.stl,0
90,72.2,135.7,77.7,135.9,142.2,50.0,26.6,wrist.b.stl,0
90,69.4,79.2,93.7,0.6,35.1,50.0,25.4,wrist.b.stl,0
90,152.5,137,13.9,114.3,3.7,50.0,26.2,wrist.b.stl,0
90,96.2,29.1,153.6,110.7,11.5,50.0,27.8,wrist.b.stl,0
90,115.4,160.6,132.1,20.7,119.7,50.0,23.6,wrist.b.stl,0
90,109.9,113.6,143.1,54.8,64,50.0,28.2,wrist.b.stl,0
90,36.3,82.3,73.8,15.1,43.7,50.0,28.4,wrist.b.stl,0
90,21.6,99.8,33.7,58.6,147.1,50.0,26.6,wrist.b.stl,0
90,102.9,93.5,170,78.7,159.1,50.0,34.0,wrist.b.stl,0
90,104,73,62.3,162.6,101.7,50.0,23.3,wrist.b.stl,0
90,45.3,93.5,45,43.3,23.2,50.0,21.6,wrist.b.stl,0
90,124.1,140.6,58.3,73.7,142.8,50.0,29.2,wrist.b.stl,0
90,2.9,59.9,55.4,97.8,161.1,50.0,33.5,wrist.b.stl,0
90,7.3,151.7,100.3,105.8,172.3,-58.8,33.1,wrist.b.stl,1
90,23.1,49.8,41.4,84.4,104.4,50.0,30.2,wrist.b.stl,0
90,131,9.5,76.7,166.4,83.3,50.0,24.4,wrist.b.stl,0
90,147.2,20.2,52.1,132.4,111.8,50.0,20.9,wrist.b.stl,0
90,79.8,120.4,138.8,161.6,79.3,50.0,24.6,wrist.b.stl,0
90,115.7,68.7,166.9,86.5,73.9,50.0,31.2,wrist.b.stl,0
90,169.1,0.4,59.8,150.9,81.3,-73.4,23.0,wrist.b.stl,1
90,62.7,105.8,72.8,59.3,47.9,50.0,26.5,wrist.b.stl,0
90,56.3,166.3,172.7,17.8,132.4,50.0,26.2,wrist.b.stl,0
90,118.4,113.6,5.9,49.2,134.3,50.0,22.9,wrist.b.stl,0
90,89.2,4.3,94.8,152.6,158.1,50.0,27.5,wrist.b.stl,0
90,161.8,94.9,84.1,44,155.9,50.0,26.1,wrist.b.stl,0
90,144,155.4,40.7,17.6,125.7,50.0,24.9,wrist.b.stl,0
90,164.4,165,95.2,115.6,20.2,50.0,27.7,wrist.b.stl,0
90,49.6,96.8,158.5,87.1,106.7,50.0,30.2,wrist.b.stl,0
90,10,173.6,88.6,28.8,61,-75.8,24.8,wrist.b.stl,1
90,92.4,24.9,35.4,164.9,157.1,50.0,28.7,wrist.b.stl,0
90,22,50.2,114.4,46.8,0.4,50.0,26.0,wrist.b.stl,0
90,126.2,34.8,58.5,51.1,27.4,50.0,22.6,wrist.b.stl,0
90,24.4,26.1,174.1,130.8,169.2,50.0,26.5,wrist.b.stl,0
90,102.9,59.6,29.5,87,88.8,50.0,30.1,wrist.b.stl,0
90,139.9,95.1,35.1,146.6,26.6,50.0,22.0,wrist.b.stl,0
90,95.2,7.6,66.5,120.9,25,50.0,27.3,wrist.b.stl,0
90,94.5,97,163.7,84,14.1,50.0,31.0,wrist.b.stl,0
90,26.3,49.6,143.8,45.9,109.7,50.0,21.0,wrist.b.stl,0
90,14.1,36.4,111.4,17.7,128.8,50.0,25.5,wrist.b.stl,0
90,80.8,50.3,157.3,121.2,11.6,50.0,24.7,wrist.b.stl,0
90,120.6,35.7,165.6,27.7,111,50.0,21.4,wrist.b.stl,0
90,43.6,169.6,58.4,106.1,23.3,20.1,30.3,wrist.b.stl,0
90,86.3,109.6,138.7,100.3,126.6,50.0,31.3,wrist.b.stl,0
90,154.6,53.7,61.2,5.3,99.8,-1.7,24.2,wrist.b.stl,1
90,174.9,132.5,178.7,81.8,134.5,50.0,30.4,wrist.b.stl,0
90,29,76,115.9,81.1,5.3,50.0,31.6,wrist.b.stl,0
90,57,121.7,71.1,80.7,154.1,50.0,33.7,wrist.b.stl,0
90,48.5,110.9,152.2,145.3,43,50.0,25.7,wrist.b.stl,0
90,9.2,49.8,31.8,5,54.8,50.0,28.4,wrist.b.stl,0
90,93.7,117.1,68,36.8,102.5,50.0,20.5,wrist.b.stl,0
90,135.4,125.1,154.3,47.5,90.5,50.0,21.2,wrist.b.stl,0
90,87.9,57.9,123.6,24.2,144.9,50.0,27.4,wrist.b.stl,0
90,6.6,69.9,109.3,76.4,118,50.0,28.7,wrist.b.stl,0
90,7,156.1,14,51.8,52.8,-97.6,27.8,wrist.b.stl,1
90,2.1,16.9,153.3,139.6,132.8,50.0,24.5,wrist.b.stl,0
90,124.1,13.4,53.8,1.2,10.9,25.5,25.0,wrist.b.stl,0
90,6.8,35.8,10.1,3,44.1,50.0,27.0,wrist.b.stl,0
90,143.8,10.1,177.2,118.4,156,-11.5,11.3,base.stl,1
90,118.9,139.8,54.1,46.3,119.6,50.0,20.5,wrist.b.stl,0
90,101.4,91,31.9,41.5,99,50.0,20.5,wrist.b.stl,0
90,73.8,173.3,99.5,77.7,171.1,50.0,33.2,wrist.b.stl,0
90,16.5,48.9,62.4,153.6,138,50.0,23.9,wrist.b.stl,0
90,54.8,157.1,11.3,88.8,117.8,50.0,30.3,wrist.b.stl,0
90,56.2,12.5,46.3,87.1,57.3,50.0,33.9,wrist.b.stl,0
90,74.8,16.8,2.6,158,14.1,50.0,24.2,wrist.b.stl,0
90,52.7,119.5,152,57.8,117.4,50.0,23.5,wrist.b.stl,0
90,85,9.2,73.5,5.4,173.6,50.0,28.2,wrist.b.stl,0
90,137.2,61.1,42.3,72.1,56.9,50.0,31.5,wrist.b.stl,0
90,66.7,165.4,72.8,133.5,28.2,50.0,24.2,wrist.b.stl,0
90,96.1,88.9,106.4,122.4,155,50.0,27.4,wrist.b.stl,0
90,41.4,68.7,10.3,112.4,168.3,50.0,31.4,wrist.b.stl,0
90,71.3,174.9,107.6,38,95.3,50.0,20.4,wrist.b.stl,0
90,115.2,119.9,114.8,34.1,37.5,50.0,25.7,wrist.b.stl,0
90,43.5,131.9,89.9,120.8,143.9,50.0,28.1,wrist.b.stl,0
90,101.5,84.8,72.5,96.5,26.9,50.0,31.7,wrist.b.stl,0
90,141.6,164.3,146.2,147.9,149.3,50.0,27.7,wrist.b.stl,0
90,31.6,179.2,118.3,75.8,159.8,19.2,33.7,wrist.b.stl,0
90,104.8,178.9,135.4,66.2,133.7,50.0,25.8,wrist.b.stl,0
90,131.4,56.3,159.2,25.3,65.7,50.0,23.1,wrist.b.stl,0
90,114.5,86.2,122.1,179.5,14,50.0,25.0,wrist.b.stl,0
90,136.6,147.1,50.8,45.9,79.4,50.0,23.2,wrist.b.stl,0
90,70.9,91.4,38.1,88.9,146.3,50.0,34.0,wrist.b.stl,0
90,158.9,120,51.9,157.2,75.8,50.0,24.9,wrist.b.stl,0
90,41.7,24.2,173.1,15.8,95.4,50.0,-9.1,elbow.b.stl,1
90,36.4,156.3,35,132.6,29.7,27.5,24.9,wrist.b.stl,0
90,168.9,119.4,74.7,173.2,94.3,50.0,24.3,wrist.b.stl,0
90,69.1,29.2,129.8,107.3,40.1,50.0,32.9,wrist.b.stl,0
90,45,39.7,89.3,8.5,52.1,50.0,28.6,wrist.b.stl,0
90,132.6,111.8,147.3,134.1,3.8,50.0,22.1,wrist.b.stl,0
90,102.5,78.9,65,178.6,118.3,50.0,24.5,wrist.b.stl,0
90,45.2,95.9,17.1,134.1,62.6,50.0,25.2,wrist.b.stl,0
90,30.4,29.2,2.7,140,131.2,50.0,23.8,wrist.b.stl,0
90,87.3,55.1,70.5,159.1,21.8,50.0,23.9,wrist.b.stl,0
90,5.3,38.8,93.7,1.4,18.8,50.0,24.8,wrist.b.stl,0
90,125.6,80.7,170.8,163.9,49.8,50.0,27.6,wrist.b.stl,0
90,68,165.3,104.3,66.5,144.1,50.0,27.1,wrist.b.stl,0
90,166.4,121.2,41.6,147.5,75.7,50.0,23.6,wrist.b.stl,0
90,125.6,87.5,169.4,12.3,28,50.0,25.6,wrist.b.stl,0
90,35,39.8,42.4,27.5,124.7,50.0,23.7,wrist.b.stl,0
90,39.3,42.4,35.5,71.8,172.5,50.0,32.0,wrist.b.stl,0
90,66,53.6,12.3,63.5,41.8,50.0,26.4,wrist.b.stl,0
90,137.3,20.1,25.9,50.1,51.8,50.0,27.4,wrist.b.stl,0
90,152.3,142.4,104.2,51.9,57.4,50.0,27.5,wrist.b.stl,0
90,106.6,133.2,69.1,91.7,159.8,50.0,34.1,wrist.b.stl,0
90,117,96.4,12.8,31.7,36.2,50.0,25.7,wrist.b.stl,0
90,112.2,19.5,5.2,64.9,129.4,50.0,25.2,wrist.b.stl,0
90,124.8,142.7,125.3,110.4,87.5,50.0,26.2,wrist.b.stl,0
90,37.5,102.3,114.6,22.3,101.7,50.0,21.9,wrist.b.stl,0
90,17.6,98.5,28.6,21.4,20.4,50.0,24.1,wrist.b.stl,0
90,164,107.7,45,12.9,96.5,50.0,23.6,wrist.b.stl,0
90,26.1,140.1,89.3,130.8,71.2,-20.3,22.0,wrist.b.stl,1
90,126.4,123.2,101.1,152.2,104.8,50.0,21.5,wrist.b.stl,0
90,104.1,55.4,167.7,93.1,70.5,50.0,30.7,wrist.b.stl,0
90,97.5,26.1,47.7,55.2,92.7,50.0,23.3,wrist.b.stl,0
90,125.2,51.7,24.4,100.7,153.8,50.0,33.0,wrist.b.stl,0
90,75.3,85.6,52.1,145.6,21.7,50.0,21.7,wrist.b.stl,0
90,30.8,180,122.8,98.6,143.1,19.7,34.0,wrist.b.stl,0
90,179.4,34.4,142.5,61.6,131.6,-76.0,15.4,base.stl,1
90,127.4,179.7,20.1,0.4,134.6,50.0,24.9,wrist.b.stl,0
90,102.4,124.4,135.6,88.8,64.2,50.0,32.3,wrist.b.stl,0
90,138.7,68.4,112,160.8,28.5,50.0,24.2,wrist.b.stl,0
90,1.6,46.2,143.5,102,170.3,50.0,33.5,wrist.b.stl,0
90,98.6,47.8,137.9,118.4,147.7,50.0,28.5,wrist.b.stl,0
90,120.2,81.4,49.9,10,55.4,50.0,27.5,wrist.b.stl,0
90,8.3,77.4,40.6,126.7,39.6,26.8,27.5,wrist.b.stl,0
90,14.7,151,10.8,135.2,167.3,-37.7,25.5,wrist.b.stl,1
90,19.3,100.7,81.3,143.8,112.2,23.7,20.3,wrist.b.stl,0
90,50.1,0.3,86.9,160.9,163,50.0,28.0,wrist.b.stl,0
90,22.6,154.9,6.2,16.6,173.9,-77.6,28.1,wrist.b.stl,1
90,69.7,12.7,84.7,8.3,2.9,50.0,25.2,wrist.b.stl,0
90,101.1,38,111.9,60.2,23.8,50.0,25.4,wrist.b.stl,0
90,177.2,45,11.2,50.2,45.3,3.0,25.6,wrist.b.stl,0
90,53.9,64,144.9,10.8,63.8,50.0,25.5,wrist.b.stl,0
90,18.7,176.8,25.9,86.2,86.4,-28.3,30.2,wrist.b.stl,1
90,140.6,49,132.8,4.7,166.9,8.4,-14.7,base.stl,1
90,17.8,86.5,31.2,66.4,115.6,50.0,26.0,wrist.b.stl,0
90,25.6,52,122.3,152,106.7,50.0,21.7,wrist.b.stl,0
90,94.1,19.7,26.4,172.5,0.5,50.0,26.1,wrist.b.stl,0
90,87.2,136.1,37.8,82.7,88.8,50.0,29.9,wrist.b.stl,0
90,46.9,158.2,166.5,134.9,1.6,50.0,22.6,wrist.b.stl,0
90,113.2,41.8,48.1,33.1,103,50.0,20.3,wrist.b.stl,0
90,80.4,34.8,167.9,43.1,140.2,50.0,25.8,wrist.b.stl,0
90,4.4,33,147.4,96.6,116.3,50.0,30.2,wrist.b.stl,0
90,77.2,78.4,22.6,30.8,165.4,50.0,25.9,wrist.b.stl,0
90,82.4,85,119.9,2.5,95.9,50.0,23.9,wrist.b.stl,0
90,159.4,75.1,74.3,81.6,153.9,50.0,33.9,wrist.b.stl,0
90,109.8,134.5,129.3,9.2,175.8,50.0,28.5,wrist.b.stl,0
90,127.1,104.4,8.1,165.3,84.5,50.0,24.2,wrist.b.stl,0
90,164,75.3,103.9,160.9,82.9,50.0,24.1,wrist.b.stl,0
90,32.3,76.5,68.7,131.6,151.3,50.0,26.2,wrist.b.stl,0
90,2,89.1,48.1,29.6,119.8,28.3,22.4,wrist.b.stl,0
90,150.4,98,34.9,135.2,93.8,50.0,20.7,wrist.b.stl,0
90,144.8,173.7,75.5,57.4,50.8,50.0,27.1,wrist.b.stl,0
90,124.4,174.9,51.4,83.2,103.7,50.0,29.9,wrist.b.stl,0
90,171.7,44.5,173.1,94.3,131.1,-26.7,29.0,base.stl,1
90,140.6,29.6,175.5,175.7,155.9,31.2,28.5,wrist.b.stl,0
90,151.8,58.7,153.4,159.9,48,50.0,26.6,wrist.b.stl,0
90,30.7,136.3,104,19.4,71.9,50.0,22.9,wrist.b.stl,0
90,59.8,118.9,75.7,116.8,143.9,50.0,29.1,wrist.b.stl,0
90,127.3,111.2,163.2,44.6,91.4,50.0,20.4,wrist.b.stl,0
90,136.1,40.3,38.1,123.2,140.5,50.0,28.2,wrist.b.stl,0
90,159.5,80.7,128.9,30.8,56.7,8.1,26.9,wrist.b.stl,0
90,113.8,26.6,172,23,139.8,50.0,15.2,elbow.b.stl,0
90,57.4,131.9,72.9,134.6,162.1,50.0,25.4,wrist.b.stl,0
90,107.3,29.5,171.2,95.8,43.1,50.0,34.2,wrist.b.stl,0
90,73.5,129.8,168.4,163.2,25.3,50.0,24.5,wrist.b.stl,0
90,156.9,106.2,73.7,83.6,143,50.0,32.1,wrist.b.stl,0
90,152.1,118.4,10.5,145.5,4.6,50.0,23.7,wrist.b.stl,0
90,69.8,80,91.1,46.1,75.4,50.0,24.5,wrist.b.stl,0
90,141.7,48.8,146.4,2.3,25.7,33.5,-16.8,base.stl,1
90,166.6,84.7,9.1,109.9,82.1,50.0,26.6,wrist.b.stl,0
90,15.9,62.6,110.6,113,159.6,50.0,30.4,wrist.b.stl,0
90,88.7,18.9,20.4,75,33.4,50.0,29.4,wrist.b.stl,0
90,165.8,38.2,67.7,92.2,59.5,37.9,32.4,wrist.b.stl,0
90,119.6,108.9,169.1,149.8,108.5,50.0,21.8,wrist.b.stl,0
90,80.4,110.7,112.2,48.5,32,50.0,22.6,wrist.b.stl,0
90,93.4,55.3,69.3,0.3,122.7,50.0,23.9,wrist.b.stl,0
90,10.4,132.4,37.4,29.7,108.1,-22.2,20.9,wrist.b.stl,1
90,177,76,156.5,11.1,91.6,-7.7,-24.9,base.stl,1
90,122.7,67.6,23.3,2.8,69.6,50.0,25.6,wrist.b.stl,0
90,133.7,178.3,83.4,53.1,62.4,50.0,27.7,wrist.b.stl,0
90,16.5,81,112.9,112.2,2.3,50.0,26.7,wrist.b.stl,0
90,114.1,119.8,90.4,170.1,46.4,50.0,28.0,wrist.b.stl,0
90,153.3,31.4,47.2,36.9,159.4,-16.3,25.5,wrist.b.stl,1
90,142.8,81.1,68,2.3,126.3,50.0,24.4,wrist.b.stl,0
90,173.7,140.1,42,47.6,76.1,50.0,24.8,wrist.b.stl,0
90,73.4,41.8,142.5,141.5,127.2,50.0,22.1,wrist.b.stl,0
90,0.9,165.1,60.8,5.2,114.7,-97.6,23.9,wrist.b.stl,1
90,132.8,120.8,70.4,155,64.2,50.0,27.5,wrist.b.stl,0
90,96.9,165.9,131,17,139.9,50.0,28.0,wrist.b.stl,0
90,162.3,148.6,85.8,148.5,13.6,50.0,22.7,wrist.b.stl,0
90,45.8,156,7.4,71.6,154.9,50.0,31.1,wrist.b.stl,0
90,80.3,15.2,82.6,131.8,57,50.0,26.9,wrist.b.stl,0
90,163.2,169.3,30.2,16.8,53.9,50.0,26.8,wrist.b.stl,0
90,84.4,28.3,43.5,168,128.7,50.0,24.6,wrist.b.stl,0
90,107.6,127.4,0.5,26.2,124.5,50.0,23.9,wrist.b.stl,0
90,128.7,153.5,105.4,100.3,71.6,50.0,29.0,wrist.b.stl,0
90,147,153.4,81.3,67.6,9.1,50.0,29.5,wrist.b.stl,0
90,142.6,121.2,79.1,90.8,161.3,50.0,34.1,wrist.b.stl,0
90,158,32.2,152.8,91.8,19.1,-11.6,31.1,wrist.b.stl,1
90,56.1,123.7,160.8,19.5,109.7,50.0,22.7,wrist.b.stl,0
90,122.1,49.7,136.2,18.6,43.1,50.0,26.7,base.stl,0
90,0.1,90.5,47.4,14.1,158.6,14.4,27.8,wrist.b.stl,0
90,35.8,102.1,48.9,107.5,117.8,50.0,29.1,wrist.b.stl,0
90,130.6,53.2,8.5,154.3,174.5,50.0,26.8,wrist.b.stl,0
90,159.5,14.9,141.3,87.5,113.8,-29.3,27.4,base.stl,1
90,110.1,96.3,121.5,110.9,103.8,50.0,26.4,wrist.b.stl,0
90,25.7,155.7,135.6,173.6,142.5,-71.7,27.8,wrist.b.stl,1
90,104.9,165.1,117.8,55.8,31.6,50.0,23.6,wrist.b.stl,0
90,108.8,132.5,148.3,51.4,162.4,50.0,27.3,wrist.b.stl,0
90,104,130.2,145.5,167.6,52.2,50.0,28.9,wrist.b.stl,0
90,70.6,162,150.2,71.8,84.1,50.0,29.1,wrist.b.stl,0
90,129.1,11,66.1,37.1,93.4,8.1,20.2,wrist.b.stl,0
90,139,23.4,177.6,84.1,139.1,50.0,27.6,base.stl,0
90,63.4,87.9,173.7,124.2,4.6,50.0,23.1,wrist.b.stl,0
90,41.8,46.7,172.6,138.5,122.2,50.0,21.5,wrist.b.stl,0
90,12.5,144.7,32.7,26.8,156.4,-46.0,26.3,wrist.b.stl,1
90,0.9,11.4,165.5,45.3,139.4,50.0,25.2,wrist.b.stl,0
90,118.3,20.2,143.1,37.3,125.2,50.0,22.2,wrist.b.stl,0
90,68.6,98.1,170.3,46.7,54.2,50.0,26.5,wrist.b.stl,0
90,52.7,66.6,103.8,144,160.8,50.0,26.0,wrist.b.stl,0
90,11,117,106.6,108.2,142.8,50.0,31.7,wrist.b.stl,0
90,168.8,134.7,30.9,171.8,155.7,50.0,28.7,wrist.b.stl,0
90,53.9,22,145.1,175.7,22.9,50.0,25.5,wrist.b.stl,0
90,117.2,1.8,6.4,141.3,146.8,50.0,26.6,wrist.b.stl,0
90,62.9,80.6,140.3,154.4,49.7,50.0,26.8,wrist.b.stl,0
90,141.2,36.2,80.5,129.4,123.4,50.0,24.6,wrist.b.stl,0
90,90.4,120.6,9.1,51.9,38.9,50.0,23.9,wrist.b.stl,0
90,14.7,37.4,154.8,161.3,96,50.0,23.1,wrist.b.stl,0
90,87.2,83.4,172.6,169.3,39,50.0,26.5,wrist.b.stl,0
90,17.1,9.8,64.4,75.2,44.6,50.0,30.3,wrist.b.stl,0
90,165.6,150.7,134,87.1,159.6,50.0,34.3,wrist.b.stl,0
90,170.1,159.8,47,155.6,63.1,50.0,27.8,wrist.b.stl,0
90,22.2,133.9,145.6,177.6,86.6,6.8,24.1,wrist.b.stl,0
90,45.2,11.8,74.4,103.9,89.4,50.0,28.2,wrist.b.stl,0
90,29.3,66.9,165.2,82.7,92.2,50.0,29.8,wrist.b.stl,0
90,84.9,69.2,10.9,41.3,90,50.0,20.1,wrist.b.stl,0
90,105.2,86.1,65.5,144.6,125.1,50.0,21.2,wrist.b.stl,0
90,170.2,5,133.9,11,52.4,-79.3,-28.2,base.stl,1
90,165.1,139.6,119.2,71.9,9,50.0,30.3,wrist.b.stl,0
90,46.8,86.6,76.1,82.5,5.5,50.0,31.6,wrist.b.stl,0
90,114,81.2,3,169.1,35.6,50.0,23.8,elbow.b.stl,0
90,30.5,135.9,62.8,110.1,1.1,31.9,27.4,wrist.b.stl,0
90,77.7,4.5,37.7,35,174.8,50.0,26.1,wrist.b.stl,0
90,54.4,151.1,75.7,155.2,119.3,23.4,22.0,wrist.b.stl,0
90,1.3,20.1,5.6,16.3,39.7,50.0,27.6,wrist.b.stl,0
90,141.4,132.1,44,70.3,154.7,50.0,30.7,wrist.b.stl,0
90,13,101.7,20.7,178.9,79.5,20.7,24.1,wrist.b.stl,0
90,164.7,27.5,178.3,10.7,10.6,-33.3,-11.0,base.stl,1
90,148.2,139.8,44.6,44.4,85.1,50.0,21.3,wrist.b.stl,0
90,169.8,112.7,149.9,156.1,24.2,50.0,23.4,wrist.b.stl,0
90,104.2,177.6,17.2,79.8,137.7,50.0,30.3,wrist.b.stl,0
90,178.1,21.5,72.8,135.5,106.9,-84.2,20.1,wrist.b.stl,1
90,158.2,18.4,97.7,109.7,146.6,-20.4,31.1,wrist.b.stl,1
90,152.2,85.3,108.8,1.4,124,44.1,24.1,wrist.b.stl,0
90,2.8,116.5,91.1,171.7,29.4,-117.3,25.7,wrist.b.stl,1
90,69.1,154.3,92.5,146.6,91.3,50.0,20.8,wrist.b.stl,0
90,122.8,158.7,9.9,158.6,32.2,50.0,8.9,elbow.b.stl,0
90,136,101.8,59.9,172.5,151.5,50.0,29.0,wrist.b.stl,0
90,51.4,36.5,64.6,59.8,28.8,50.0,24.9,wrist.b.stl,0
90,168.7,159.8,157.5,82,142.1,50.0,31.5,wrist.b.stl,0
90,64.9,154.9,163.2,96.9,85.7,50.0,29.6,wrist.b.stl,0
90,95.9,42.9,16.5,69.6,141.1,50.0,27.6,wrist.b.stl,0
90,122.7,151.4,81.3,22.4,94.1,50.0,22.2,wrist.b.stl,0
90,7.1,77.6,36.3,152,23.2,-16.0,22.7,wrist.b.stl,1
90,85.4,69.3,152.2,101.1,85.5,50.0,28.9,wrist.b.stl,0
90,107.3,41.8,93.8,63,19.6,50.0,26.7,wrist.b.stl,0
90,142.5,64.9,50.2,0.1,6.8,50.0,25.3,wrist.b.stl,0
90,45.3,59.3,125.8,66.3,143.4,50.0,26.9,wrist.b.stl,0
90,105.7,63.1,28.3,0.2,69,50.0,25.9,wrist.b.stl,0
90,73.2,65.5,144.4,17.2,20.7,50.0,24.6,wrist.b.stl,0
90,42,92.5,130.7,162.7,48.1,50.0,27.1,wrist.b.stl,0
90,23,91.7,53.9,177.2,7.2,9.9,25.2,wrist.b.stl,0
90,34.4,135.6,69.5,101.2,146.8,50.0,33.2,wrist.b.stl,0
90,120,108.6,122.7,11.6,17.6,50.0,24.8,wrist.b.stl,0
90,109.4,66.2,179.2,147.7,166.8,50.0,26.0,wrist.b.stl,0
90,32.5,112.5,5,132.3,7.6,50.0,21.8,wrist.b.stl,0
90,121.3,38.2,106.4,49.7,4,50.0,25.9,wrist.b.stl,0
90,123.4,80.8,130.4,10.1,95.4,50.0,24.0,wrist.b.stl,0
90,9.8,25.9,141.2,41.2,16.8,50.0,21.4,wrist.b.stl,0
90,25.5,25.5,151.9,106.2,142.6,50.0,32.2,wrist.b.stl,0
90,46.3,112.7,161.8,96.1,156.7,50.0,33.7,wrist.b.stl,0
90,39.2,174,14.3,137,36.3,9.8,25.6,wrist.b.stl,0
90,21,100.6,57.1,40.1,79,50.0,21.6,wrist.b.stl,0
90,177.9,113.9,50.1,177.5,50.3,50.0,28.2,wrist.b.stl,0
90,129.5,47.4,139.4,115.9,103.1,50.0,24.8,wrist.b.stl,0
90,82.6,43.7,109.7,157.4,5.6,50.0,25.2,wrist.b.stl,0
90,131.9,158.4,111,46.5,63.3,50.0,26.9,wrist.b.stl,0
90,134.8,66,1.5,19,51.4,50.0,27.5,wrist.b.stl,0
90,70.8,65.6,145.2,39.9,73.9,50.0,23.0,wrist.b.stl,0
90,146.6,142.8,36.9,65.5,28.1,50.0,26.7,wrist.b.stl,0
90,16.2,99.8,57.5,92.5,105.8,50.0,30.0,wrist.b.stl,0
90,109.1,169.3,42.2,161.7,9.2,50.0,25.1,wrist.b.stl,0
90,5.5,19.6,115.9,95.5,29.2,50.0,31.9,wrist.b.stl,0
90,26.6,95.3,172.6,32.9,46.6,50.0,26.3,wrist.b.stl,0
90,21.7,107,166.8,42.8,85,50.0,20.9,wrist.b.stl,0
90,163.4,127.5,95.1,115.1,131.6,50.0,30.9,wrist.b.stl,0
90,131.1,87.3,50.7,37.1,165.4,50.0,25.3,wrist.b.stl,0
90,10.5,60.7,124.2,108,78,50.0,26.9,wrist.b.stl,0
90,18.8,25.1,125.4,87.1,61.1,50.0,33.1,wrist.b.stl,0
90,67.5,77.2,123,108.2,12.7,50.0,28.5,wrist.b.stl,0
90,28.3,12.7,6.2,139.7,153.2,50.0,26.1,wrist.b.stl,0
90,74.9,174.4,155.4,154.9,66.1,50.0,27.0,wrist.b.stl,0
90,171.8,134.8,63.7,160,0.7,50.0,26.2,wrist.b.stl,0
90,102.9,93.6,14.7,155.2,50.7,50.0,27.1,wrist.b.stl,0
90,67.7,85.5,147,107.1,101.5,50.0,27.3,wrist.b.stl,0
90,65.2,50.3,86.1,46,61.1,50.0,26.6,wrist.b.stl,0
90,79.3,151.8,167.5,149.4,94.6,50.0,21.0,wrist.b.stl,0
90,128.1,60.3,82.7,169.3,63.9,50.0,27.1,wrist.b.stl,0
90,31.1,85,117.5,22.8,22,50.0,24.1,wrist.b.stl,0
90,54.7,163.4,121.4,39.9,108.6,50.0,20.1,wrist.b.stl,0
90,118.8,94.1,136.7,4.5,34.4,50.0,25.9,wrist.b.stl,0
90,173.9,89.6,13.8,55.5,0.3,50.0,28.6,wrist.b.stl,0
90,104.3,179.9,106.2,109.8,59,50.0,27.2,wrist.b.stl,0
90,42.7,91.5,162,1.8,102.5,50.0,24.1,wrist.b.stl,0
90,77.1,111.8,151.2,80.8,39.2,50.0,31.2,wrist.b.stl,0
90,67.8,27.1,15.3,67.7,112.6,50.0,26.2,wrist.b.stl,0
90,47.3,164.8,124,123.5,124.5,50.0,26.8,wrist.b.stl,0
90,0.3,146.3,165.2,3.5,107.7,7.5,23.9,wrist.b.stl,0
90,121.8,35.3,150.9,112.6,40.5,50.0,32.0,wrist.b.stl,0
90,174.1,38.9,122.1,85.3,130.2,-51.4,30.7,wrist.b.stl,1
90,17.6,171.5,36.8,39.7,99.7,-81.7,20.8,wrist.b.stl,1
90,63,79.6,6.7,42.3,139.2,50.0,25.6,wrist.b.stl,0
90,162.4,42,139.2,5.2,8.1,-21.4,-23.1,base.stl,1
90,70.7,26.6,29.9,112.9,154.5,50.0,30.2,wrist.b.stl,0
90,140.2,60.6,157.5,151.4,94.4,50.0,21.4,wrist.b.stl,0
90,85.7,10.5,27.1,15.4,94.8,50.0,23.4,wrist.b.stl,0
90,121.8,111.4,157.1,118.6,149.3,50.0,28.4,wrist.b.stl,0
90,25.3,30.9,165.3,63.8,39.1,50.0,26.2,wrist.b.stl,0
90,164.2,174.6,114.8,69.9,123.9,50.0,26.8,wrist.b.stl,0
90,2.8,26,66.4,149.8,54.8,50.0,27.2,wrist.b.stl,0
90,10.4,68.2,43.4,10.1,71.8,50.0,24.4,wrist.b.stl,0
90,63.3,132.1,11.4,68.2,61.6,50.0,31.7,wrist.b.stl,0
90,116.4,159.8,25.7,146.9,109.8,50.0,21.1,wrist.b.stl,0
90,5.3,138,96.8,144,73.6,-116.6,23.6,wrist.b.stl,1
90,119.8,35.8,34.5,61.2,93.5,50.0,25.1,wrist.b.stl,0
90,129,120,147.8,76.8,164.3,50.0,33.4,wrist.b.stl,0
90,19.7,33.7,123.1,45.7,29.6,50.0,22.2,wrist.b.stl,0
90,159.6,12.3,178.5,155.3,156.3,-118.6,-3.0,base.stl,1
90,113.2,40.5,143.7,9.7,104.8,50.0,2.4,base.stl,0
90,79,135.1,4.3,69.6,85.9,50.0,28.4,wrist.b.stl,0
90,27.4,74.6,163.9,84.4,45.3,50.0,32.8,wrist.b.stl,0
90,95.8,11,53,141.1,115.5,50.0,20.1,wrist.b.stl,0
90,4.3,102.6,39.1,175.6,141.1,-48.3,27.7,wrist.b.stl,1
90,23,69.4,88.2,32.8,126.8,50.0,23.4,wrist.b.stl,0
90,151.4,0.8,24,51,177.1,-28.4,26.4,wrist.b.stl,1
90,72.8,30.6,21.8,162.2,145.8,50.0,26.6,wrist.b.stl,0
90,111.5,97.1,139.9,57.3,115.2,50.0,23.6,wrist.b.stl,0
90,132.6,103.6,30.4,177.5,146,50.0,28.9,wrist.b.stl,0
90,88.3,111.6,136.8,82.5,133,50.0,30.4,wrist.b.stl,0
90,139.1,82.6,33.8,107.6,99.8,50.0,27.1,wrist.b.stl,0
90,90.1,10.5,140,97,77.5,50.0,29.5,wrist.b.stl,0
90,146.7,35.4,48.9,115.2,70.2,50.0,24.5,wrist.b.stl,0
90,54.6,45.8,87.4,139.6,145,50.0,26.6,wrist.b.stl,0
90,142.3,159.4,9.1,176.8,76.8,50.0,-32.4,elbow.b.stl,1
90,34.7,174.6,148.5,167.4,94.2,-62.6,23.9,wrist.b.stl,1
90,134.6,93.5,97.1,171.3,132.9,50.0,25.6,wrist.b.stl,0
90,102,70.7,29.6,20.8,53.9,50.0,26.7,wrist.b.stl,0
90,124.7,34.5,23.7,14,152.3,50.0,28.1,wrist.b.stl,0
90,43.4,36.2,70.4,113.3,105.5,50.0,25.9,wrist.b.stl,0
90,166.3,122.8,101.2,128.1,119.5,50.0,23.9,wrist.b.stl,0
90,138.1,103,145.3,162,125.4,50.0,23.3,wrist.b.stl,0
90,64.4,50.4,114.7,113.7,4.3,50.0,26.4,wrist.b.stl,0
90,134.5,39.9,9.8,27.6,118.2,50.0,22.4,wrist.b.stl,0
90,94.1,152.4,19.1,149.3,117.2,50.0,20.9,wrist.b.stl,0
90,38.7,132.6,133.4,19.4,48,50.0,28.8,wrist.b.stl,0
90,115,68.5,137.7,96.5,154.3,50.0,33.7,wrist.b.stl,0
90,20,132.1,83.6,93.5,51.1,43.9,33.8,wrist.b.stl,0
90,48.4,34.2,67.2,43,34.2,50.0,23.4,wrist.b.stl,0
90,173.1,80.5,122.1,67.3,102.6,16.0,26.1,wrist.b.stl,0
90,89.9,110.3,130.1,119.5,137.2,50.0,29.2,wrist.b.stl,0
90,26.3,16.9,61,86.7,40.4,50.0,32.5,wrist.b.stl,0
90,139.2,129.5,164.4,131.2,19.3,50.0,22.8,wrist.b.stl,0
90,119.7,74.2,46.7,108.4,54.4,50.0,28.5,wrist.b.stl,0
90,95.6,103.7,95.2,1.9,62.8,50.0,26.9,wrist.b.stl,0
90,142.3,62.4,91.7,62.4,35.9,50.0,25.7,wrist.b.stl,0
90,36,134.8,113,167.8,75.8,15.4,25.3,wrist.b.stl,0
90,114.6,84.3,85.3,153.7,81.8,50.0,23.3,wrist.b.stl,0
90,167.1,111.7,15.4,12.2,176.8,50.0,28.6,wrist.b.stl,0
90,71.9,105.7,77.7,28.6,22.6,50.0,23.3,wrist.b.stl,0
90,38.3,109,98.4,59.1,8,50.0,27.6,wrist.b.stl,0
90,58.3,71.7,136.2,132.7,39.9,50.0,26.6,wrist.b.stl,0
90,41,113,117.3,101,20.2,50.0,30.6,wrist.b.stl,0
90,51.4,5.7,137.1,145.2,165.7,50.0,25.8,wrist.b.stl,0
90,15.8,163.1,165.3,179.6,140,-95.4,28.0,wrist.b.stl,1
90,47.3,47.6,123.9,122.4,118.9,50.0,25.6,wrist.b.stl,0
90,63.6,93.6,54.3,107.4,139,50.0,32.2,wrist.b.stl,0
90,125.8,77.9,94.5,139,41.9,50.0,26.5,wrist.b.stl,0
90,39.8,87.3,88.9,4.2,104.8,50.0,24.0,wrist.b.stl,0
90,75.2,103.7,164.7,60,19.4,50.0,25.8,wrist.b.stl,0
90,37.2,55.2,155.4,98.8,179.1,50.0,34.7,wrist.b.stl,0
90,51.3,12.4,54.2,178.7,133.8,50.0,26.6,wrist.b.stl,0
90,164.7,107.1,49.6,171.8,41.2,50.0,27.2,wrist.b.stl,0
90,71.5,52.8,115.8,75.2,172.3,50.0,32.7,wrist.b.stl,0
90,174.1,17.4,167.1,143.6,128.2,-138.8,22.0,wrist.b.stl,1
90,65.3,122.3,145.9,149.5,145,50.0,26.7,wrist.b.stl,0
90,57.6,33.3,97.9,45.8,141.3,50.0,25.8,wrist.b.stl,0
90,8,76.6,140.1,14.5,123.7,50.0,24.7,wrist.b.stl,0
90,41.6,22.9,55.4,3.5,113.4,50.0,23.9,wrist.b.stl,0
90,59.9,178.9,17.6,161.1,89.6,50.0,-15.9,elbow.b.stl,1
90,21.2,154.1,20,116.3,44.1,-17.4,30.4,wrist.b.stl,1
90,80.8,103.1,165.5,51.2,69.8,50.0,28.0,wrist.b.stl,0
90,35.9,61.9,22.6,98.7,100.7,50.0,29.2,wrist.b.stl,0
90,112.2,41.5,77.8,7.5,7.2,50.0,25.0,wrist.b.stl,0
90,55.7,88,124.7,136.6,72.3,50.0,22.6,wrist.b.stl,0
90,136,131,113.8,25.5,51.7,50.0,27.9,wrist.b.stl,0
90,96.1,146.5,72.6,174.1,119.8,50.0,24.5,wrist.b.stl,0
90,56.4,101.1,67.5,164.2,8.7,50.0,25.4,wrist.b.stl,0
90,41.2,17.4,145,34.4,133.7,50.0,25.1,wrist.b.stl,0
90,101.1,149.4,179.1,27.8,27.1,50.0,24.2,wrist.b.stl,0
90,114.5,6.5,147.1,67.8,71.8,50.0,31.1,wrist.b.stl,0
90,103,61.6,54,36.9,129.4,50.0,23.4,wrist.b.stl,0
90,138.4,109.5,42.5,125.1,28.4,50.0,26.9,wrist.b.stl,0
90,158.1,80.3,85.7,36.7,110.8,50.0,20.1,wrist.b.stl,0
90,177.3,106,117.4,51.9,58.7,31.3,27.4,wrist.b.stl,0
90,35.3,92.6,26.6,111.3,83.8,50.0,26.2,wrist.b.stl,0
90,112.4,12.7,159.1,68.1,37.2,50.0,27.5,wrist.b.stl,0
90,90.1,167.4,125,61.2,54.7,50.0,28.6,wrist.b.stl,0
90,119,16,65.8,86.2,136.9,50.0,31.7,wrist.b.stl,0
90,58.6,142.6,140.9,3.5,34.3,50.0,25.8,wrist.b.stl,0
90,117.6,89.3,5,64.7,112.6,50.0,25.2,wrist.b.stl,0
90,178.5,37.2,27.5,65.6,99.2,-24.2,25.8,wrist.b.stl,1
90,119.6,64.9,41.1,0.9,33,50.0,25.3,wrist.b.stl,0
90,18,43.6,58.1,14.2,73.1,50.0,23.6,wrist.b.stl,0
90,30.2,104.6,68,115.1,139.7,50.0,29.9,wrist.b.stl,0
90,15.2,68.8,176,0.4,82.6,50.0,8.9,elbow.b.stl,0
90,84.4,148.3,52.2,139.7,0.4,50.0,23.6,wrist.b.stl,0
90,88.3,57.5,145.5,72.5,12.6,50.0,29.9,wrist.b.stl,0
90,127.5,2.4,60.2,89.7,133.5,50.0,31.8,wrist.b.stl,0
90,56.4,18.7,148.5,1.8,157.2,50.0,-14.6,elbow.b.stl,1
90,19.2,22.6,29.9,26.7,143.1,50.0,27.2,wrist.b.stl,0
90,146,30.5,20.3,103,125.9,50.0,31.1,wrist.b.stl,0
90,100.6,5,137.9,128.6,129.1,50.0,26.7,wrist.b.stl,0
90,37.3,12.7,179.5,86,130.7,50.0,30.9,wrist.b.stl,0
90,17.4,90.9,90.7,22.1,63.3,50.0,23.8,wrist.b.stl,0
90,160.5,124.2,131.7,158.1,55.9,50.0,28.8,wrist.b.stl,0
90,142.2,17.4,104,96.1,77.6,43.5,29.7,wrist.b.stl,0
90,37.7,77,152,131.5,79.3,50.0,20.7,wrist.b.stl,0
90,174.2,141.4,8,135.1,129.3,50.0,24.7,wrist.b.stl,0
90,8.9,166.8,84.1,43,80.7,-73.1,21.9,wrist.b.stl,1
90,150.1,45.1,164.5,11.7,16.1,49.7,-13.6,base.stl,1
90,107.9,91.8,120.9,7.8,46.8,50.0,28.3,wrist.b.stl,0
90,126.6,62,54.8,147.6,143.3,50.0,26.4,wrist.b.stl,0
90,134.1,113,171.8,3.8,27.5,50.0,19.9,elbow.b.stl,0
90,82.8,50.5,52.8,176.5,8,50.0,25.3,wrist.b.stl,0
90,4.7,168.3,28.8,7.7,82.5,-155.0,23.9,wrist.b.stl,1
90,158.7,55.1,167.8,155.7,50.5,36.0,27.0,wrist.b.stl,0
90,78.4,166.3,22.2,11.1,34,50.0,26.4,wrist.b.stl,0
90,40.6,32.3,5.7,129.2,29.2,50.0,25.9,wrist.b.stl,0
90,82,21.7,65.8,71.5,164.3,50.0,32.6,wrist.b.stl,0
90,127,163.1,88,30.5,73.7,50.0,21.5,wrist.b.stl,0
90,106.9,97.4,161.3,106.6,46.2,50.0,31.0,wrist.b.stl,0
90,171.5,31.3,85.8,159.8,127.8,-53.5,23.1,wrist.b.stl,1
90,96.4,123.8,78.8,71.4,113,50.0,27.4,wrist.b.stl,0
90,132.7,168.7,150.6,172.9,20.9,50.0,25.3,wrist.b.stl,0
90,178.1,36.1,14.6,118.2,121.2,15.1,27.4,wrist.b.stl,0
90,175.3,138.8,70.7,108,109.7,50.0,27.8,wrist.b.stl,0
90,137.8,104.6,69.6,122.7,43.2,50.0,29.0,wrist.b.stl,0
90,62.9,12.9,146.9,12.8,53.8,50.0,10.7,elbow.b.stl,0
90,166.6,100.7,39.2,178.7,158.5,50.0,28.1,wrist.b.stl,0
90,12.3,41.5,115.6,35.8,96.7,50.0,20.9,wrist.b.stl,0
90,29.9,121.1,95.6,174.5,24.1,1.8,25.5,wrist.b.stl,0
90,95.5,56.1,110.3,36.6,166.6,50.0,25.3,wrist.b.stl,0
90,78.8,77.7,141.5,163.4,88.9,50.0,23.7,wrist.b.stl,0
90,138.8,25.9,45.4,124.7,166.8,50.0,27.8,wrist.b.stl,0
90,21.1,24.2,175.5,16.4,7.7,50.0,15.1,elbow.b.stl,0
90,95.7,40.4,53.6,111.2,63.2,50.0,26.3,wrist.b.stl,0
90,179.2,41.1,155.7,157.5,78.8,-98.5,24.4,wrist.b.stl,1
90,179.5,50.9,16.4,102.1,1.3,29.2,29.5,wrist.b.stl,0
90,85.3,150.6,75.5,36.7,46,50.0,25.9,wrist.b.stl,0
90,164.5,119.2,29,83.4,110.6,50.0,29.9,wrist.b.stl,0
90,90.9,141.3,1.1,50.6,103.4,50.0,21.2,wrist.b.stl,0
90,97,18.7,31.5,135.5,96.3,50.0,21.0,wrist.b.stl,0
90,115.2,147,105.1,56.5,94.2,50.0,23.4,wrist.b.stl,0
90,23.5,49,117.9,7.4,0.2,50.0,25.6,wrist.b.stl,0
90,159.7,173.6,163,38.8,135.8,50.0,25.0,wrist.b.stl,0
90,82.2,12.8,143.1,145.5,130,50.0,22.2,wrist.b.stl,0
90,179.4,178.6,32.3,143.2,118.8,50.0,20.4,wrist.b.stl,0
90,130.8,178.4,150.6,70.5,168.7,50.0,32.0,wrist.b.stl,0
90,157.5,127.1,168.7,83.2,128.4,50.0,30.2,wrist.b.stl,0
90,0.7,102.3,130.3,68.9,156.2,50.0,30.9,wrist.b.stl,0
90,87.3,50.9,98.9,163,122.8,50.0,23.4,wrist.b.stl,0
90,171,80.6,118.5,113.1,43,50.0,31.0,wrist.b.stl,0
90,134,12.2,103.5,32,33.9,-16.5,13.0,base.stl,1
90,176.4,69.2,93.5,119.7,89.7,24.5,23.3,wrist.b.stl,0
90,130.7,4.7,121.8,58.4,158.3,21.6,6.7,base.stl,0
90,25.8,5.5,11,94,38.7,50.0,33.2,wrist.b.stl,0
90,135.6,10,42.3,149.4,8.2,50.0,23.7,wrist.b.stl,0
90,141.8,20.1,151.7,141.1,39.4,32.7,25.4,wrist.b.stl,0
90,72.4,82.4,70.9,38,40.7,50.0,26.0,wrist.b.stl,0
90,124.3,27.3,50.8,11.3,39.3,50.0,27.3,wrist.b.stl,0
90,6.8,125.7,72.8,68,87.4,-14.8,27.9,wrist.b.stl,1
90,47,64.9,106.4,40.4,83.2,50.0,20.8,wrist.b.stl,0
90,103.5,24.9,55.3,99.4,72.2,50.0,29.2,wrist.b.stl,0
90,128.9,41.6,84.7,147.8,25.7,50.0,22.0,wrist.b.stl,0
90,161.1,80.5,86.4,114.5,97.5,50.0,24.8,wrist.b.stl,0
90,148.2,33.6,23.4,47.4,179.6,50.0,26.1,wrist.b.stl,0
90,17.8,95.5,139.2,149.9,172.3,50.0,26.1,wrist.b.stl,0
90,179.1,99.4,43.3,93.6,132.5,50.0,32.1,wrist.b.stl,0
90,85.8,49,148,149.2,99.1,50.0,20.9,wrist.b.stl,0
90,108.3,92.4,140.8,159.7,0.4,50.0,26.3,wrist.b.stl,0
90,175.3,61.9,71.8,66.2,152,-1.4,29.0,wrist.b.stl,1
90,132.6,32.2,73.5,0.5,144.6,17.9,26.5,wrist.b.stl,0
90,42.5,14.9,118.9,39.4,98.8,50.0,20.7,wrist.b.stl,0
90,29,142.2,176.8,19.3,151.5,50.0,27.5,wrist.b.stl,0
90,88.2,9.3,93.8,86.7,160.5,50.0,34.2,wrist.b.stl,0
90,61.3,136.3,23.8,69.9,97.1,50.0,27.2,wrist.b.stl,0
90,32.7,35.6,44.2,133.7,169.8,50.0,25.9,wrist.b.stl,0
90,22.9,98.6,26.5,9.8,7.1,50.0,24.8,wrist.b.stl,0
90,77.2,76.6,119.6,70.2,41.3,50.0,28.4,wrist.b.stl,0
90,17.3,102.8,39.1,67.9,3.2,50.0,30.7,wrist.b.stl,0
90,44.8,117.2,22.2,119,154.9,50.0,28.4,wrist.b.stl,0
90,156.5,28.3,84.1,161,131.4,8.5,23.6,wrist.b.stl,0
90,155.9,69.6,89.8,161.1,77.2,50.0,24.9,wrist.b.stl,0
90,120.6,76.4,127.4,110.4,79.5,50.0,26.3,wrist.b.stl,0
90,98.8,107.7,158.2,121.8,128.5,50.0,28.5,wrist.b.stl,0
90,174.6,12.2,33.8,57.3,170.3,-99.9,28.5,wrist.b.stl,1
90,41.1,101.7,21.2,48.7,49.7,50.0,27.3,wrist.b.stl,0
90,127.5,19.6,136.3,54.6,132,50.0,22.6,wrist.b.stl,0
90,66,76.8,22.6,19.2,97.5,50.0,22.5,wrist.b.stl,0
90,114.7,16.6,25.1,5.8,29.2,50.0,25.5,wrist.b.stl,0
90,40.1,124.3,11.7,123.7,73,50.0,22.1,wrist.b.stl,0
90,25.7,176.8,90.8,53,10,-31.0,25.4,wrist.b.stl,1
90,56.6,110.2,44.2,102.5,50.1,50.0,31.3,wrist.b.stl,0
90,8,74.4,64.2,44.3,95.2,50.0,20.2,wrist.b.stl,0
90,70.1,171,111.8,64.5,38.6,50.0,26.4,wrist.b.stl,0
90,119.7,165.6,112.9,149.3,123.2,50.0,21.0,wrist.b.stl,0
90,170.5,73.3,139.1,91.7,8.9,32.7,31.1,wrist.b.stl,0
90,2.4,76.5,118.8,155.4,5.9,50.0,24.9,wrist.b.stl,0
90,169.5,159.3,157.3,115.7,84,50.0,24.9,wrist.b.stl,0
90,144.7,37.1,52.6,31.1,179.6,30.9,26.6,wrist.b.stl,0
90,34.6,126.1,83.2,6,14.6,50.0,24.9,wrist.b.stl,0
90,167.3,134,98.3,37.7,1.1,50.0,23.2,wrist.b.stl,0
90,139.1,56.2,38.5,31,145.6,50.0,26.4,wrist.b.stl,0
90,111.7,115.4,166.6,160.5,122.5,50.0,22.9,wrist.b.stl,0
90,173,41.2,3.5,165.9,47.6,38.4,27.5,wrist.b.stl,0
90,175.2,40.3,50.1,163.7,146.3,1.6,26.9,wrist.b.stl,0
90,17.5,103.6,28.4,12.9,110.2,50.0,23.5,wrist.b.stl,0
90,14,84.9,110.6,169,165.8,50.0,28.3,wrist.b.stl,0
90,109.3,90.5,117.1,166.5,178.4,50.0,28.4,wrist.b.stl,0
90,6,174.5,144.6,13.5,144,-57.0,28.8,wrist.b.stl,1
90,119.3,163,82.4,90.6,150.7,50.0,34.6,wrist.b.stl,0
90,87.1,94.7,44,59.5,51.8,50.0,27.5,wrist.b.stl,0
90,8.2,104.9,151.7,138.7,44.4,50.0,26.3,wrist.b.stl,0
90,105.5,88.3,147,63.6,6.6,50.0,29.1,wrist.b.stl,0
90,159.7,120.7,32.7,37,71.7,50.0,22.9,wrist.b.stl,0
90,85.7,59.5,92.8,160.6,113.4,50.0,23.1,wrist.b.stl,0
90,66.5,154.9,125.2,106.9,93,50.0,27.2,wrist.b.stl,0
90,15.8,106.7,71.7,99.1,22.3,50.0,31.0,wrist.b.stl,0
90,141.5,92.2,149.6,37.2,168.9,50.0,25.4,wrist.b.stl,0
90,104.1,13.6,56.5,176.9,110.4,50.0,24.2,wrist.b.stl,0
90,75.6,164.8,65,134.5,26.3,50.0,23.4,wrist.b.stl,0
90,125.5,88.5,76.4,41.7,177.7,50.0,25.9,wrist.b.stl,0
90,22.3,36.6,67.9,23.6,168.4,50.0,27.0,wrist.b.stl,0
90,163.9,78.9,88.6,11.2,151.1,-8.6,28.4,wrist.b.stl,1
90,140.5,70.8,85.9,118.7,83.8,50.0,24.0,wrist.b.stl,0
90,49.2,53.5,93.1,179,88.2,50.0,24.0,wrist.b.stl,0
90,10,169,55.1,7.2,13,-90.6,24.9,wrist.b.stl,1
90,30.8,114.1,66.2,165.1,142.8,0.6,26.3,wrist.b.stl,0
90,57.8,177.5,120,3.1,83.4,50.0,24.1,wrist.b.stl,0
90,163.9,53.3,166.8,110.8,104.9,7.0,26.5,wrist.b.stl,0
90,65.8,172.2,77.5,114.2,114.7,50.0,27.0,wrist.b.stl,0
90,115.8,55.1,155.7,106.8,69.9,50.0,27.3,wrist.b.stl,0
90,58,20.5,109.8,140.9,76,50.0,22.4,wrist.b.stl,0
90,164.8,22.6,87.8,115.6,102.5,-35.2,24.8,wrist.b.stl,1
90,160.1,123.1,148.5,119.2,62,50.0,24.5,wrist.b.stl,0
90,49.1,63,73.5,148.8,128,50.0,21.6,wrist.b.stl,0
90,148.8,166.5,146.7,173.2,171,50.0,28.5,wrist.b.stl,0
90,57.8,70.6,103.5,124.3,83.6,50.0,22.1,wrist.b.stl,0
90,141.8,113.8,107.3,26.2,30.8,50.0,25.1,wrist.b.stl,0
90,56.4,173.2,13.7,172.8,85.9,50.0,-25.9,elbow.b.stl,1
90,78.5,152.4,149.7,24.1,146.1,50.0,27.3,wrist.b.stl,0
90,91.9,58.2,19.5,106.6,140.5,50.0,32.3,wrist.b.stl,0
90,159.4,174.9,22.2,71.4,8.8,50.0,30.2,wrist.b.stl,0
90,114.4,159.8,123.7,70,136.8,50.0,27.2,wrist.b.stl,0
90,179.4,0.2,149.1,58.7,134.5,-74.9,9.3,base.stl,1
90,42.7,36.3,145.7,138.1,146,50.0,26.3,wrist.b.stl,0
90,136.3,17.3,158.9,68,39.5,50.0,18.8,base.stl,0
90,102.2,62.3,127.8,125,153,50.0,26.8,wrist.b.stl,0
90,178.8,143.9,25.5,137.3,102,50.0,20.6,wrist.b.stl,0
90,101.4,60.7,28.9,31.1,10.4,50.0,21.8,wrist.b.stl,0
90,145,133.9,154.2,126.7,30.2,50.0,26.9,wrist.b.stl,0
90,132.5,100.4,19.6,162.9,162.4,50.0,28.2,wrist.b.stl,0
90,113,75.5,42.8,17.6,145.1,50.0,28.3,wrist.b.stl,0
90,174,2.5,86.3,19.1,75.3,-89.7,22.6,wrist.b.stl,1
90,104.5,77.2,3.1,177.8,166.6,50.0,12.9,elbow.b.stl,0
90,139,72.1,124.1,127.8,61.2,50.0,24.6,wrist.b.stl,0
90,7.1,112,170.7,134.6,41,50.0,26.4,wrist.b.stl,0
90,100,70.2,98.4,130.3,87.6,50.0,20.9,wrist.b.stl,0
90,164.2,124.6,63.4,110.2,82,50.0,26.5,wrist.b.stl,0
90,142.6,1.3,105.4,4.2,176.3,-34.2,-24.2,base.stl,1
90,91.4,50.2,19.9,61.5,114.1,50.0,24.3,wrist.b.stl,0
90,175.1,17,37.8,49.8,137.9,-113.1,24.0,wrist.b.stl,1
90,14.2,161,39.4,129.2,136.9,-51.8,27.3,wrist.b.stl,1
90,160.8,37.4,130.2,63.6,69.9,-10.4,30.9,wrist.b.stl,1
90,91.5,23.6,64.6,169.3,32.5,50.0,25.7,wrist.b.stl,0
90,56.7,145.3,45,29.7,34.3,50.0,25.5,wrist.b.stl,0
90,177.4,74.4,71.3,136.3,11.3,50.0,21.5,wrist.b.stl,0
90,30.5,129.6,57.5,126.3,4.1,12.2,22.7,wrist.b.stl,0
90,106.3,98,26.1,21.4,167.1,50.0,27.2,wrist.b.stl,0
90,90.9,9,26.7,121.1,85.8,50.0,23.5,wrist.b.stl,0
90,107.6,82.5,166.6,148.5,176.4,50.0,26.0,wrist.b.stl,0
90,169.1,131.2,9.5,179.8,85.2,50.0,-18.0,elbow.b.stl,1
90,11,178.5,102.7,82.6,3.6,-64.2,31.8,wrist.b.stl,1
90,77.1,33,129.4,1.4,95.9,50.0,23.8,wrist.b.stl,0
90,7.9,128.7,171.5,7.8,18.6,50.0,16.3,elbow.b.stl,0
90,92.8,176.8,74.1,110.8,137.1,50.0,31.4,wrist.b.stl,0
90,167,31.9,164.1,112.8,145,-46.4,30.2,wrist.b.stl,1
90,53.2,90,37.6,153.8,36.8,50.0,23.7,wrist.b.stl,0
90,98.7,75.2,8.9,74.2,141.2,50.0,29.1,wrist.b.stl,0
90,95.2,54.9,80.2,139.4,120.3,50.0,20.9,wrist.b.stl,0
90,20,95.6,35.8,176.1,133,-2.8,26.2,wrist.b.stl,1
90,14.6,44.7,14.1,66.6,148.1,50.0,28.0,wrist.b.stl,0
90,12,29.8,48.1,112.3,175.4,50.0,32.4,wrist.b.stl,0
90,148.1,36.2,127.8,100.1,88.5,45.4,29.2,wrist.b.stl,0
90,163.5,105.9,24.7,29.7,166,50.0,26.1,wrist.b.stl,0
90,14.4,24.8,117.6,40.4,148.7,50.0,26.1,wrist.b.stl,0
90,74.9,86.8,23.2,5.1,136.7,50.0,26.1,wrist.b.stl,0
90,13.3,115.2,96.8,93.3,53.9,50.0,33.2,wrist.b.stl,0
90,136.1,72.1,27.2,10.1,61.7,50.0,26.0,wrist.b.stl,0
90,109.4,39.7,133.6,19.6,85,50.0,22.4,wrist.b.stl,0
90,96.6,147.8,21.2,0.3,96.1,50.0,23.7,wrist.b.stl,0
90,27.1,102.9,5.9,88.3,70.3,50.0,31.4,wrist.b.stl,0
90,28.1,84.2,85.9,12.2,121.8,50.0,24.5,wrist.b.stl,0
90,164.5,110.4,112.9,134.7,168.5,50.0,25.7,wrist.b.stl,0
90,176.8,88.7,170.1,64.7,131,20.0,25.2,wrist.b.stl,0
90,168.6,2.9,165.7,159.3,37,-155.0,19.4,base.stl,1
90,73.7,22.1,134.5,139.9,158.6,50.0,25.7,wrist.b.stl,0
90,79.5,113.4,151.9,16.8,21.4,50.0,24.7,wrist.b.stl,0
90,147.2,79.6,144.5,0,20.7,33.7,-5.2,base.stl,1
90,66.3,71.6,150.1,91.8,165.2,50.0,34.0,wrist.b.stl,0
90,76.4,12.1,82.4,74,98.9,50.0,28.1,wrist.b.stl,0
90,115.2,10.6,111.2,23.8,77.7,22.4,1.2,base.stl,0
90,160.6,24.1,37.6,76.1,10.9,49.0,30.6,wrist.b.stl,0
90,51.5,13.9,85.9,103.2,134.9,50.0,33.0,wrist.b.stl,0
90,166.2,78.8,113,10.8,85.6,-41.9,23.6,wrist.b.stl,1
90,156.6,106.6,67.5,16.1,89.7,50.0,23.2,wrist.b.stl,0
90,165.4,13.3,95.6,76.7,136.7,-59.1,27.8,base.stl,1
90,27.2,30.8,128.9,122.4,93.2,50.0,22.4,wrist.b.stl,0
90,0.8,154,177.7,120.1,168,-29.9,29.3,wrist.b.stl,1
90,136.4,123.1,63.2,14.3,5.8,50.0,24.4,wrist.b.stl,0
90,81.1,82.7,69.5,5.4,35.9,50.0,26.2,wrist.b.stl,0
90,24.6,2.3,111.4,17.8,26.7,50.0,25.2,wrist.b.stl,0
90,17.8,137.6,159,21.4,110.8,50.0,22.5,wrist.b.stl,0
90,111.5,50.6,105.9,78,19.4,50.0,30.2,wrist.b.stl,0
90,172.5,122.2,171.7,27.2,142.9,25.1,27.1,wrist.b.stl,0
90,75.7,167.3,123.7,26.5,5.8,50.0,22.5,wrist.b.stl,0
90,22.6,128.3,1.9,86.1,99.5,32.7,30.1,wrist.b.stl,0
90,146.2,80.4,1,39.4,8.6,50.0,21.9,wrist.b.stl,0
90,176.6,114.9,0.3,6.9,40.6,50.0,27.1,wrist.b.stl,0
90,140.2,71.8,91,157.1,160.4,50.0,27.8,wrist.b.stl,0
90,77,136.8,42.2,31.5,175.7,50.0,26.3,wrist.b.stl,0
90,114.9,118.3,158,4.9,51.5,50.0,28.8,wrist.b.stl,0
90,129.5,81.8,169.7,81.1,22.9,50.0,30.5,wrist.b.stl,0
90,163.3,0.9,136.6,1.5,83.4,-62.3,-36.5,base.stl,1
90,37,171.3,71.4,5.6,139.8,4.4,26.7,wrist.b.stl,0
90,57,115.1,72.9,78.9,47.5,50.0,31.8,wrist.b.stl,0
90,141.9,83.5,7.1,170.1,89.4,50.0,24.2,wrist.b.stl,0
90,87.5,62.4,114.3,72.3,134.9,50.0,27.8,wrist.b.stl,0
90,157.8,88.2,117.5,53.2,112.6,50.0,22.7,wrist.b.stl,0
90,114.3,92.2,28.8,130.6,57.5,50.0,26.5,wrist.b.stl,0
90,69.9,153.3,122.6,14.9,101.8,50.0,23.1,wrist.b.stl,0
90,15.6,116.2,71,146.3,140.4,-44.1,25.5,wrist.b.stl,1
90,179.9,53.9,31.5,33.4,107.8,-61.2,20.3,wrist.b.stl,1
90,60.2,163.2,14.3,137.7,88.1,50.0,20.1,wrist.b.stl,0
90,114.7,105.8,95.4,125.7,98.2,50.0,21.5,wrist.b.stl,0
90,166,99.3,165.5,145.1,152.6,50.0,26.6,wrist.b.stl,0
90,161.5,36.5,61.7,161.9,26.9,42.4,24.3,wrist.b.stl,0
90,88.2,18.9,27.5,106,71.3,50.0,27.5,wrist.b.stl,0
90,76.3,91.5,118.9,89.9,61.5,50.0,32.5,wrist.b.stl,0
90,34.7,83.6,67.6,146.8,2.8,50.0,24.3,wrist.b.stl,0
90,102.7,111.3,177.8,159.4,93.2,50.0,22.9,wrist.b.stl,0
90,51.9,1.8,43.3,152.5,175.2,50.0,26.5,wrist.b.stl,0
90,126.2,108.7,109.1,117,0.3,50.0,25.2,wrist.b.stl,0
90,66.6,59.3,176,0.1,132.5,50.0,-10.2,elbow.b.stl,1
90,73,11.7,65,23,6.7,50.0,23.1,wrist.b.stl,0
90,123,4.4,2.2,76.7,23.5,50.0,29.8,wrist.b.stl,0
90,80.3,65.9,18.4,115.1,116.9,50.0,27.2,wrist.b.stl,0
90,116,155.6,1.2,5,94.2,50.0,23.9,wrist.b.stl,0
90,83.9,178.3,64.4,70,150.4,50.0,29.4,wrist.b.stl,0
90,112.2,12.8,10.4,95.1,71.4,50.0,30.2,wrist.b.stl,0
90,132.4,113.1,0.1,3,151.1,50.0,28.5,wrist.b.stl,0
90,29.6,102.5,169.3,174,152,50.0,28.8,wrist.b.stl,0
90,160,162.9,13.8,154.3,74.8,50.0,3.0,elbow.b.stl,0
90,7.7,96,21,14.2,84.2,25.3,23.2,wrist.b.stl,0
90,56.7,158.6,56.8,148.1,0.9,22.2,24.9,wrist.b.stl,0
90,170.9,9.8,47.3,4.5,172.7,-165.6,28.1,wrist.b.stl,1
90,9.3,62.8,119.5,58,1.3,50.0,29.0,wrist.b.stl,0
90,43.3,128.6,68.1,147.7,133,40.5,22.8,wrist.b.stl,0
90,105.5,17,176.8,93.7,46.8,50.0,34.7,wrist.b.stl,0
90,108.4,127.2,84.2,115.5,19.4,50.0,27.6,wrist.b.stl,0
90,157.3,122.5,139.1,20.5,93.5,50.0,22.6,wrist.b.stl,0
90,124.7,94,17.9,10.9,110.9,50.0,23.7,wrist.b.stl,0
90,143.4,179.4,102.3,41.3,72.9,50.0,23.8,wrist.b.stl,0
90,19.2,74.5,151.2,70.2,9.3,50.0,29.9,wrist.b.stl,0
90,29.9,120.5,124.4,35.6,145.8,50.0,26.1,wrist.b.stl,0
90,50.6,100,55.4,124.8,67.6,50.0,22.8,wrist.b.stl,0
90,137.1,87,115.2,166.7,78.4,50.0,25.0,wrist.b.stl,0
90,99.1,34,124.8,38.3,124.2,50.0,21.8,wrist.b.stl,0
90,166.2,169.4,144.3,97,150.7,50.0,33.8,wrist.b.stl,0
90,82.4,67.8,126.4,37.3,13.4,50.0,21.4,wrist.b.stl,0
90,65.9,61.3,21.7,153.8,120.3,50.0,21.7,wrist.b.stl,0
90,4.6,97.2,27.7,92,138.8,24.5,33.1,wrist.b.stl,0
90,74.3,107.4,98.4,104,86.1,50.0,28.4,wrist.b.stl,0
90,30.1,43.5,160.9,132.9,176.9,50.0,26.4,wrist.b.stl,0
90,9.7,57,172.7,79.1,108.8,50.0,29.4,wrist.b.stl,0
90,102.6,25.3,131.6,10.5,96.8,50.0,-0.6,base.stl,1
90,99.5,36.3,135.1,161.3,176.2,50.0,27.7,wrist.b.stl,0
90,4.8,55.8,166.5,9.1,49,50.0,21.8,elbow.b.stl,0
90,96,133.2,41.1,54.1,35,50.0,23.5,wrist.b.stl,0
90,79.8,90.8,161.9,138.7,128.8,50.0,23.3,wrist.b.stl,0
90,103.1,59.1,12.6,46.6,35,50.0,23.2,wrist.b.stl,0
90,41,40.8,77.5,68.5,60.7,50.0,31.5,wrist.b.stl,0
90,158.6,36.5,29.5,13.7,166.5,-21.4,27.9,wrist.b.stl,1
90,35,103,67.3,100,115.7,50.0,29.8,wrist.b.stl,0
90,151.2,91.3,58.9,32.6,109.2,50.0,20.4,wrist.b.stl,0
90,23.8,154,5,152.2,39.5,-13.0,14.0,elbow.b.stl,1
90,87.8,131.5,141.2,72.3,89.9,50.0,28.4,wrist.b.stl,0
90,5.3,61.9,47.1,70.2,54.2,50.0,30.3,wrist.b.stl,0
90,28.8,169.5,77.3,114.8,166.8,-25.5,30.6,wrist.b.stl,1
90,103,22.9,141.9,139.4,72.8,50.0,22.9,wrist.b.stl,0
90,97.1,76.5,40.4,137.3,134,50.0,25.7,wrist.b.stl,0
90,116.5,82,83.7,53.7,47.8,50.0,26.2,wrist.b.stl,0
90,152.8,154.7,2.8,129.5,59.4,50.0,25.5,wrist.b.stl,0
90,165.5,43.6,60.4,134.5,13.3,44.9,21.5,wrist.b.stl,0
90,127.4,121.4,54.7,128.3,162.5,50.0,26.4,wrist.b.stl,0
90,144.7,93.2,23.8,160.6,88.1,50.0,23.5,wrist.b.stl,0
90,73.4,98.6,38.4,60.5,132.4,50.0,23.9,wrist.b.stl,0
90,101.4,137.2,137.2,135.6,26,50.0,23.0,wrist.b.stl,0
90,117,86.4,11.2,150.3,39.5,50.0,24.1,wrist.b.stl,0
90,2.3,115.8,31,11.1,168.1,-28.6,28.0,wrist.b.stl,1
90,26.7,93.6,66.1,8.1,56.6,50.0,27.5,wrist.b.stl,0
90,63.1,88.8,127.2,180,93.3,50.0,24.2,wrist.b.stl,0
90,169.7,94.9,106.9,25,102.7,-1.4,21.4,wrist.b.stl,1
90,46.9,49.3,78.1,117.7,111.1,50.0,25.4,wrist.b.stl,0
90,55.1,5.2,43.9,81.5,163.7,50.0,33.9,wrist.b.stl,0
90,109.9,158,106.9,79.8,59.1,50.0,34.4,wrist.b.stl,0
90,174.6,86.1,64.7,163.4,146.1,50.0,26.8,wrist.b.stl,0
90,106,101.9,89.5,17.3,123.7,50.0,24.6,wrist.b.stl,0
90,67.6,3.1,130.7,23.3,143.6,50.0,27.7,wrist.b.stl,0
90,46.7,105.6,102.6,31.8,79,50.0,20.7,wrist.b.stl,0
90,147.4,175,3.3,26.4,111.1,50.0,21.7,wrist.b.stl,0
90,0.5,136.4,104.9,121.1,112.4,-88.6,24.5,wrist.b.stl,1
90,107.8,18.4,42.3,83.5,60.2,50.0,33.8,wrist.b.stl,0
90,141,121.5,56.1,171.2,116,50.0,24.2,wrist.b.stl,0
90,152.4,162.8,35.6,71.6,11,50.0,29.9,wrist.b.stl,0
90,26.6,105.7,93.1,78.8,129.1,50.0,29.3,wrist.b.stl,0
90,47.9,74.6,168.9,102.1,122.7,50.0,30.6,wrist.b.stl,0
90,134.2,80.4,77.5,84.6,155.2,50.0,34.6,wrist.b.stl,0
90,65.5,159.4,7.4,45.5,161.5,50.0,26.4,wrist.b.stl,0
90,167.9,37.4,39.1,135.8,65.1,46.6,24.6,wrist.b.stl,0
90,37,40.9,54.8,149.9,82.1,50.0,22.7,wrist.b.stl,0
90,22.9,66.9,58.2,13.7,148.2,50.0,28.4,wrist.b.stl,0
90,131.6,78.4,126.3,61,168.5,50.0,29.7,wrist.b.stl,0
90,90.1,20,85.5,64.8,6.1,50.0,29.5,wrist.b.stl,0
90,62.9,175.7,46.7,130.3,27.7,50.0,25.1,wrist.b.stl,0
90,30.5,53.4,2.6,87.1,174.6,50.0,34.2,wrist.b.stl,0
90,50.7,120.6,152,169.1,4.6,50.0,25.9,wrist.b.stl,0
90,152.1,14.7,56.4,133.7,66.3,31.9,23.9,wrist.b.stl,0
90,10.2,133.8,100.2,83.7,74.4,20.7,31.3,wrist.b.stl,0
90,113.1,165.1,75.7,69.8,65,50.0,33.1,wrist.b.stl,0
90,35.9,149.9,41.4,99.8,140.6,41.9,34.0,wrist.b.stl,0
90,4.6,90.6,72.4,13.1,147.4,50.0,28.6,wrist.b.stl,0
90,72.5,67.1,121.2,79.8,67,50.0,32.7,wrist.b.stl,0
90,101.2,65,135.7,136.5,135.9,50.0,26.7,wrist.b.stl,0
90,142.3,97.8,147.6,48.3,164.6,50.0,26.6,wrist.b.stl,0
90,72.4,95.4,29.9,6.3,16.5,50.0,24.9,wrist.b.stl,0
90,0.4,138.7,136.7,75,109.6,4.6,28.3,wrist.b.stl,0
90,27,152,111.8,63.4,154.1,50.0,29.3,wrist.b.stl,0
90,127.9,75.3,65.4,36.3,31.5,50.0,23.8,wrist.b.stl,0
90,81.3,66.6,11,55.8,24.1,50.0,24.0,wrist.b.stl,0
90,144.4,86.1,33.1,29.1,147.4,50.0,26.7,wrist.b.stl,0
90,100.2,90.5,80.6,134,99.1,50.0,20.8,wrist.b.stl,0
90,21.5,12.5,48.2,175.2,14.7,50.0,25.2,wrist.b.stl,0
90,96.8,165.8,13.8,34.2,111.8,50.0,20.4,wrist.b.stl,0
90,2.5,166.7,19.3,10.9,34.6,-173.7,26.5,wrist.b.stl,1
90,109.9,169.4,86.2,96.3,79.8,50.0,29.6,wrist.b.stl,0
90,96.5,48.5,125.1,127.8,93.8,50.0,21.6,wrist.b.stl,0
90,154.7,118.9,88.8,151.6,105.2,50.0,21.5,wrist.b.stl,0
90,13.7,144.5,152.2,8.7,138.7,50.0,27.0,wrist.b.stl,0
90,176.6,142.3,71.6,129.2,52.6,50.0,28.2,wrist.b.stl,0
90,118.4,93.2,119.2,74.5,27.8,50.0,29.2,wrist.b.stl,0
90,75.8,85.9,122,51.2,116.2,50.0,21.6,wrist.b.stl,0
90,42.1,137.7,130,21.2,106.7,50.0,22.2,wrist.b.stl,0
90,15.8,174.4,61.1,3.6,90.7,-56.7,23.9,wrist.b.stl,1
90,21.9,117.2,131.6,154.7,160,50.0,27.6,wrist.b.stl,0
90,55.7,64.4,175.4,78.1,72.8,50.0,31.6,wrist.b.stl,0
90,166.6,33.7,85.3,87.4,133.7,-9.0,31.5,wrist.b.stl,1
90,78.4,155.4,120.6,167.6,47.2,50.0,27.7,wrist.b.stl,0
90,146.2,21,144.3,152.8,73.2,22.6,25.0,wrist.b.stl,0
90,126,174.4,33.3,111.3,8.5,50.0,27.4,wrist.b.stl,0
90,60.9,25.4,96.6,108.6,178.1,50.0,33.5,wrist.b.stl,0
90,174,158.9,102.1,159.5,63.9,50.0,27.7,wrist.b.stl,0
90,36.2,94.7,95.6,163.8,1,50.0,26.3,wrist.b.stl,0
90,154,109.5,169.1,134.1,65.9,50.0,24.1,wrist.b.stl,0
90,114.3,66.5,165.9,3.5,99.9,50.0,24.1,wrist.b.stl,0
90,91.3,34.2,77.1,53.4,120.7,50.0,21.8,wrist.b.stl,0
90,135.6,138.9,71,34.5,52.9,50.0,26.5,wrist.b.stl,0
90,96.3,110.8,143.1,129.6,31.4,50.0,26.4,wrist.b.stl,0
90,133.9,20.7,165.2,124.2,20.1,47.6,25.2,wrist.b.stl,0
90,150.6,122.1,128.1,87.7,108.8,50.0,30.1,wrist.b.stl,0
90,77.1,102.2,142.2,36,157.7,50.0,25.6,wrist.b.stl,0
90,55.1,26.6,114.2,94.4,52.5,50.0,33.2,wrist.b.stl,0
90,113.1,128.6,49.1,21,91.9,50.0,22.7,wrist.b.stl,0
90,50.9,58.5,88.9,131.6,2.7,50.0,22.2,wrist.b.stl,0
90,86.1,22.2,153.6,46.8,72.7,50.0,25.7,wrist.b.stl,0
90,8.5,26.8,0.3,64.8,145.9,50.0,27.1,wrist.b.stl,0
90,103.6,151.2,31.6,121.9,134.3,50.0,28.8,wrist.b.stl,0
90,61.9,20.6,133.6,93.9,84.6,50.0,29.9,wrist.b.stl,0
90,150.7,88.7,53.1,134.7,48.6,50.0,26.4,wrist.b.stl,0
90,49.7,37.6,18.6,144.3,126.1,50.0,21.4,wrist.b.stl,0
90,69,130.5,173,83.9,87.9,50.0,30.1,wrist.b.stl,0
90,95.2,48,44.6,87.9,90.1,50.0,30.1,wrist.b.stl,0
90,52.1,104.8,138.7,124.1,26.5,50.0,26.7,wrist.b.stl,0
90,115.6,0.6,70.7,83,143.2,50.0,32.0,wrist.b.stl,0
90,158.4,129.3,139.5,167.7,87.2,50.0,24.2,wrist.b.stl,0
90,50.3,66.6,77.2,56.9,54.7,50.0,28.4,wrist.b.stl,0
90,176.9,178.6,115.7,145.8,129.8,50.0,22.1,wrist.b.stl,0
90,122.8,26.4,24.6,159.5,2.6,50.0,25.9,wrist.b.stl,0
90,122.4,144.9,129.2,26,115.3,50.0,22.3,wrist.b.stl,0
90,22.2,83.2,117.9,66.9,93.1,50.0,26.8,wrist.b.stl,0
90,170.5,55.9,31.5,163.4,87,50.0,23.9,wrist.b.stl,0
90,89.3,171.6,48.2,143.4,100.8,50.0,20.7,wrist.b.stl,0
90,124.2,84.7,69.1,25.9,177.8,50.0,27.7,wrist.b.stl,0
90,130.9,81.9,88.7,0,5.3,50.0,25.5,wrist.b.stl,0
90,145.4,8.3,138.9,128.4,122.3,1.4,24.6,wrist.b.stl,0
90,98,62.5,175.1,163.9,85.4,50.0,24.1,wrist.b.stl,0
90,31.6,42.2,2.5,157,65.4,50.0,27.3,wrist.b.stl,0
90,87.4,94.8,142.8,110.7,12.5,50.0,27.9,wrist.b.stl,0
90,67.9,82.1,129.3,141.1,0.9,50.0,23.7,wrist.b.stl,0
90,107.8,5.4,150.4,43.2,60,50.0,26.5,wrist.b.stl,0
90,41.9,156.2,54.1,133.6,110.3,22.9,20.5,wrist.b.stl,0
90,155.3,35.6,93.1,150.1,109.9,23.7,21.6,wrist.b.stl,0
90,2.2,45.6,123.2,110.1,161.4,50.0,31.2,wrist.b.stl,0
90,166.6,144.1,33.1,67,173.6,50.0,30.9,wrist.b.stl,0
90,87.1,60.1,173.2,125.9,125.4,50.0,26.4,wrist.b.stl,0
90,74.2,16.8,177,15.3,119.9,50.0,-17.8,elbow.b.stl,1
90,9.2,2.6,1.8,169.6,83.2,50.0,24.5,wrist.b.stl,0
90,108.4,25.4,87.8,93.4,27.5,50.0,31.7,wrist.b.stl,0
90,82.4,159.6,103.5,33.5,172,50.0,26.1,wrist.b.stl,0
90,160.7,166.9,140.6,101,139.6,50.0,33.8,wrist.b.stl,0
90,111.5,1,20.9,19.7,99.7,50.0,22.4,wrist.b.stl,0
90,125.2,169.1,162.2,107.6,102.8,50.0,27.2,wrist.b.stl,0
90,12.3,138.8,47.9,165.2,39.8,-34.8,17.4,base.stl,1
90,125.3,20.2,88.9,26.8,151.7,11.9,26.5,wrist.b.stl,0
90,110.5,175.9,25.4,154.1,132.2,50.0,13.0,elbow.b.stl,0
90,69.7,3.2,132.5,17.7,145.6,50.0,28.2,wrist.b.stl,0
90,143.7,38.8,173.9,142.7,108.8,50.0,20.4,wrist.b.stl,0
90,132.3,84.3,16.7,114.6,74.9,50.0,24.7,wrist.b.stl,0
90,176.2,11.4,28.9,162.1,87.7,-43.8,23.7,wrist.b.stl,1
90,34.8,56.3,13.7,114.1,165.6,50.0,30.6,wrist.b.stl,0
90,102.6,115.6,52.7,127.5,164.7,50.0,26.8,wrist.b.stl,0
90,8.3,39.1,168.6,144.9,12.6,50.0,22.2,wrist.b.stl,0
90,41.9,65.7,57.5,9.2,30.7,50.0,25.9,wrist.b.stl,0
90,50.8,27.6,148.9,93.7,39.9,50.0,33.4,wrist.b.stl,0
90,152.6,136.9,69.5,151.4,114.7,50.0,21.4,wrist.b.stl,0
90,112.2,18.7,73.5,12.9,72.2,50.0,23.9,wrist.b.stl,0
90,10.7,34.7,82.1,111.3,32.6,50.0,31.3,wrist.b.stl,0
90,14.8,157.3,15,102.4,142.4,-32.3,33.2,wrist.b.stl,1
90,30.2,116.3,131.5,127.3,9.3,50.0,22.6,wrist.b.stl,0
90,115.5,28.3,54.4,167.2,9.4,50.0,25.4,wrist.b.stl,0
90,155.1,99.2,5.6,135.7,154.4,50.0,25.9,wrist.b.stl,0
90,82.4,142.5,163.9,102.3,165,50.0,33.0,wrist.b.stl,0
90,75.1,146.1,140.5,129.4,74.1,50.0,21.4,wrist.b.stl,0
90,84.3,37.7,50.1,122.8,58.6,50.0,25.2,wrist.b.stl,0
90,130.4,112.4,64.2,30.2,57.6,50.0,26.4,wrist.b.stl,0
90,65.7,116.2,11.1,155.9,112.6,50.0,22.4,wrist.b.stl,0
90,9.6,45.3,27.1,104.7,102.4,50.0,27.9,wrist.b.stl,0
90,65.6,136.8,11.1,148.9,159.9,50.0,26.8,wrist.b.stl,0
90,33.5,169.3,131.8,160.8,142.5,-70.2,25.5,wrist.b.stl,1
90,12.2,44.4,153.2,8.7,127.7,50.0,25.2,wrist.b.stl,0
90,122.6,79.9,103.5,46.9,106.3,50.0,21.4,wrist.b.stl,0
90,123.9,69.4,26.6,170.1,178.1,50.0,28.7,wrist.b.stl,0
90,12.6,10,65.3,169.1,68.4,50.0,26.3,wrist.b.stl,0
90,41.2,175.7,42,123.2,20.1,20.6,25.5,wrist.b.stl,0
90,113.8,26.1,50.2,78.6,137.7,50.0,30.0,wrist.b.stl,0
90,99.9,32.4,135.9,114.8,3.5,50.0,26.0,wrist.b.stl,0
90,11.8,16.6,44.9,49.8,121.9,50.0,21.0,wrist.b.stl,0
90,117.1,157,146.8,141.9,106,50.0,20.7,wrist.b.stl,0
90,19.2,123.8,54.4,141,66,-25.6,25.3,wrist.b.stl,1
90,24.2,109,158.9,31.7,53,50.0,27.2,wrist.b.stl,0
90,47.6,140.8,27.4,79.3,67.8,50.0,32.6,wrist.b.stl,0
90,138.5,79.1,44.8,14.5,87.4,50.0,23.2,wrist.b.stl,0
90,44.8,123.4,43.2,96.7,114.6,50.0,30.0,wrist.b.stl,0
90,162.1,163,120.3,38.4,10.8,50.0,21.6,wrist.b.stl,0
90,135.4,64.8,21.7,150.3,96.7,50.0,21.1,wrist.b.stl,0
90,170.8,104.2,171.2,98.7,31,50.0,32.2,wrist.b.stl,0
90,173.5,16.2,32.9,179.3,140.1,-21.4,27.9,wrist.b.stl,1
90,151.3,84.9,68.2,48.9,9.7,50.0,24.1,wrist.b.stl,0
90,8.5,59,40.3,120,30.5,50.0,28.9,wrist.b.stl,0
90,163.6,174.2,85.5,9.2,30.7,50.0,25.9,wrist.b.stl,0
90,48.1,157.7,159.9,173.9,47.3,50.0,28.7,wrist.b.stl,0
90,31.6,94.5,62,71.7,81.4,50.0,29.6,wrist.b.stl,0
90,11,58.4,133.8,86.2,137.8,50.0,31.8,wrist.b.stl,0
90,121,169.4,124.3,100.7,28.3,50.0,31.7,wrist.b.stl,0
90,165.8,179.4,151.6,16.8,20.1,50.0,24.5,wrist.b.stl,0
90,65.7,125.3,148.8,32.5,112.5,50.0,20.8,wrist.b.stl,0
90,28.7,20.2,84.8,155,113,50.0,22.2,wrist.b.stl,0
90,122.7,70.8,48,167.8,74.1,50.0,25.5,wrist.b.stl,0
90,92.4,13,12.4,136.5,167.8,50.0,25.4,wrist.b.stl,0
90,114.6,162,139.3,23.2,12,50.0,23.1,wrist.b.stl,0
90,169.6,29.1,113.2,42.4,92.8,-59.3,10.2,base.stl,1
90,87.8,129.4,147.7,179.8,37.5,50.0,27.3,wrist.b.stl,0
90,78.6,67.7,6.1,42.6,98.4,50.0,20.4,wrist.b.stl,0
90,157.8,56.5,126.3,169.2,32.3,38.1,25.7,wrist.b.stl,0
90,19.5,177.6,9,50.6,156.5,-88.7,27.4,wrist.b.stl,1
90,49.6,31.6,140.7,130.6,19.4,50.0,23.0,wrist.b.stl,0
90,90.3,160.8,76.3,40,125,50.0,21.7,wrist.b.stl,0
90,41,163.4,75.4,87.8,125,50.0,30.6,wrist.b.stl,0
90,64.7,169.6,49.1,173.8,69.9,43.0,-1.9,base.stl,1
90,140.5,145.8,111.8,146.1,106.3,50.0,21.4,wrist.b.stl,0
90,108.4,25.3,160.3,27.7,91,50.0,21.5,wrist.b.stl,0
90,57.3,51.9,30.5,98.6,152,50.0,33.5,wrist.b.stl,0
90,89.4,64.8,166.9,24.1,86.5,50.0,21.8,wrist.b.stl,0
90,137.1,161.6,167,20.2,97.3,50.0,22.4,wrist.b.stl,0
90,38.1,31.9,155.8,66.4,19.1,50.0,27.7,wrist.b.stl,0
90,39.3,68.6,116.9,112.4,166.4,50.0,31.1,wrist.b.stl,0
90,56.8,71.5,51,21,173,50.0,27.7,wrist.b.stl,0
90,17.3,85.1,102.6,126,49,50.0,28.6,wrist.b.stl,0
90,92.9,69.8,17.5,21.7,72.7,50.0,22.4,wrist.b.stl,0
90,0.6,4.5,9.6,137.8,160.1,50.0,25.4,wrist.b.stl,0
90,162.8,1.5,117.8,51.6,12.6,-53.2,9.7,base.stl,1
90,18.7,12,99,55.2,29.9,50.0,23.5,wrist.b.stl,0
90,26.2,151.1,4.1,89.1,13.1,17.3,31.1,wrist.b.stl,0
90,26.3,83.8,37.2,114.6,68.2,50.0,24.8,wrist.b.stl,0
90,141.2,118.4,176,64.3,80.3,50.0,28.4,wrist.b.stl,0
90,120.3,76,43,1.2,49.6,50.0,27.5,wrist.b.stl,0
90,155.6,106.1,0.8,141.8,2.8,50.0,23.4,wrist.b.stl,0
90,171.6,92.5,163.5,159.5,159.3,44.4,28.1,wrist.b.stl,0
90,67.6,33.5,63.2,24.2,150.2,50.0,26.9,wrist.b.stl,0
90,102.3,44.7,147.6,83,2,50.0,32.0,wrist.b.stl,0
90,27.6,75.9,14,115.8,35.5,50.0,31.0,wrist.b.stl,0
90,106.9,1.7,26.1,58.7,15.8,50.0,26.0,wrist.b.stl,0
90,177,41.8,161.8,123.5,172.5,-82.7,28.3,wrist.b.stl,1
90,163.9,158.2,104,173.6,32.5,50.0,26.2,wrist.b.stl,0
90,81.8,140.6,87,179,132,50.0,26.3,wrist.b.stl,0
90,37.1,146.1,159.7,97.1,178.3,50.0,34.6,wrist.b.stl,0
90,96.5,139.2,58.3,43,141.1,50.0,26.2,wrist.b.stl,0
90,34.7,51.1,66.3,112.4,61.6,50.0,26.1,wrist.b.stl,0
90,57.8,79.8,81,3.8,57,50.0,28.0,wrist.b.stl,0
90,84.5,42.4,85.9,102.5,151.1,50.0,32.7,wrist.b.stl,0
90,139.5,46.2,23.2,0.2,71.8,50.0,25.4,wrist.b.stl,0
90,154,29.1,51.6,97.8,106.9,50.0,29.4,wrist.b.stl,0
90,98.5,0.5,138.7,162.1,45.5,50.0,26.4,wrist.b.stl,0
90,24,138.3,131.4,142.7,165.4,4.7,25.5,wrist.b.stl,0
90,8,96.7,142,90.2,99.4,50.0,30.4,wrist.b.stl,0
90,102,1.9,162.8,37.9,4.6,50.0,22.4,wrist.b.stl,0
90,114,100.8,23,179.7,70.5,50.0,24.5,wrist.b.stl,0
90,47.9,18.2,96.2,29.6,26.2,50.0,23.8,wrist.b.stl,0
90,131,12,128.4,12.5,71,24.3,-12.4,base.stl,1
90,22.5,177.2,42.5,65.6,38,-46.1,26.8,wrist.b.stl,1
90,97.9,166,86.9,133.6,63.9,50.0,24.6,wrist.b.stl,0
90,50.8,17.7,174.6,68.1,157.3,50.0,31.1,wrist.b.stl,0
90,111.5,122.1,82.3,58.9,85.3,50.0,25.9,wrist.b.stl,0
90,137.9,164.2,89.2,95.6,131.8,50.0,32.2,wrist.b.stl,0
90,172.7,118.4,153,72.7,32.3,50.0,28.7,wrist.b.stl,0
90,126.8,44.1,159.5,14.2,85.7,50.0,19.2,base.stl,0
90,78.5,155.2,174.4,171.7,9.9,50.0,25.4,wrist.b.stl,0
90,178.3,120.2,45.4,67.9,160,50.0,32.0,wrist.b.stl,0
90,164.9,21.9,25.8,8,70.9,-101.0,24.8,wrist.b.stl,1
90,62.1,121.1,29.1,143.5,104.4,50.0,21.2,wrist.b.stl,0
90,20,161.4,152.9,135.7,86.4,-47.9,20.1,wrist.b.stl,1
90,109.9,35.6,136.8,124.9,143.8,50.0,27.5,wrist.b.stl,0
90,168.8,160,161.2,77.4,141.9,50.0,30.2,wrist.b.stl,0
90,174.5,47.9,137.7,43.8,51.4,-43.1,3.4,base.stl,1
90,77,79.6,126.1,18.9,151.5,50.0,27.5,wrist.b.stl,0
90,24.5,4.6,72.6,139.5,62.7,50.0,26.1,wrist.b.stl,0
90,153.1,119.4,127.6,93,106.1,50.0,30.0,wrist.b.stl,0
90,29.5,159.7,76.6,79,122.1,14.3,29.1,wrist.b.stl,0
90,159.9,133.9,79.4,83.2,50.1,50.0,33.3,wrist.b.stl,0
90,10.5,169.1,17.9,48.7,170.5,-112.7,26.2,wrist.b.stl,1
90,104,153.6,125.1,8.4,27,50.0,25.5,wrist.b.stl,0
90,21.2,86.6,147,129.3,37.3,50.0,27.0,wrist.b.stl,0
90,75,125.7,161,164.9,90.8,50.0,23.7,wrist.b.stl,0
90,74.9,117.3,119.3,175.2,89.6,50.0,24.2,wrist.b.stl,0
90,96.8,82.7,129.1,60.3,6.4,50.0,28.3,wrist.b.stl,0
90,100.1,50.6,134.6,30.9,152.1,50.0,26.1,wrist.b.stl,0
90,137,67.8,31,153.9,61.5,50.0,28.1,wrist.b.stl,0
90,18.7,91.5,7.3,28.9,23.8,50.0,23.5,wrist.b.stl,0
90,89.8,59.1,130.4,19.5,55,50.0,26.3,wrist.b.stl,0
90,53.8,134.5,158.4,88.7,101.1,50.0,30.4,wrist.b.stl,0
90,143.4,156.8,137.5,46.6,13.1,50.0,22.7,wrist.b.stl,0
90,38,111.5,98.8,91.4,13.2,50.0,31.1,wrist.b.stl,0
90,74,4.7,117.6,44.3,127.3,50.0,21.6,wrist.b.stl,0
90,95.8,9.8,25.1,164.1,157.6,50.0,28.6,wrist.b.stl,0
90,146.8,102.8,64.8,172.6,163.7,50.0,28.4,wrist.b.stl,0
90,3.1,21.8,97.7,124.3,83.7,50.0,22.2,wrist.b.stl,0
90,32.8,75.7,37,144.8,97.6,50.0,20.4,wrist.b.stl,0
90,73.6,25.5,92.6,102,117.6,50.0,29.8,wrist.b.stl,0
90,127,7.5,68,67,30.7,50.0,27.1,wrist.b.stl,0
90,58,7.9,83.2,92.5,88.1,50.0,30.0,wrist.b.stl,0
90,25.6,19.1,136.6,134.8,53.5,50.0,26.8,wrist.b.stl,0
90,122.4,169.5,151,53.2,24,50.0,23.2,wrist.b.stl,0
90,9.2,90.7,82.4,135.2,138.3,21.5,27.1,wrist.b.stl,0
90,12.6,174.9,46.4,67.3,103.7,-71.4,26.0,wrist.b.stl,1
90,6.9,128.3,34.6,165.1,44.4,-27.1,1.7,base.stl,1
90,74.4,40.4,116.3,67.9,43.1,50.0,27.9,wrist.b.stl,0
90,151.9,126.5,84.9,51.5,157,50.0,27.6,wrist.b.stl,0
90,75.5,83.8,34.6,150.1,99,50.0,21.0,wrist.b.stl,0
90,118.2,75.4,3.5,54.1,3.7,50.0,27.3,wrist.b.stl,0
90,5.4,177.3,17.1,81.2,151,-52.2,33.1,wrist.b.stl,1
90,75.9,44.8,74.5,148.3,8.1,50.0,23.5,wrist.b.stl,0
90,88,34.8,10.8,141.4,2.6,50.0,23.4,wrist.b.stl,0
90,74.7,98.2,31.1,161.9,73.6,50.0,25.6,wrist.b.stl,0
90,32.8,110,115.1,70,5.7,50.0,30.5,wrist.b.stl,0
90,119.1,42.8,27,147.8,90.8,50.0,21.0,wrist.b.stl,0
90,80.6,135.9,84.7,110.1,73.1,50.0,26.2,wrist.b.stl,0
90,159.8,101.8,162.5,161.8,136.5,50.0,24.5,wrist.b.stl,0
90,98.6,117.8,40,165.4,154.8,50.0,28.9,wrist.b.stl,0
90,141.7,4.6,35,165,145.6,50.0,27.0,wrist.b.stl,0
90,152.3,72.8,46.1,160.3,67.1,50.0,26.9,wrist.b.stl,0
90,53.8,54.2,158.8,31.8,149.9,50.0,26.3,wrist.b.stl,0
90,86,47,105.2,50.2,92.7,50.0,21.6,wrist.b.stl,0
90,110.5,104.9,146.9,111.4,39.7,50.0,32.4,wrist.b.stl,0
90,53.1,72.4,138.5,162.8,4.4,50.0,25.8,wrist.b.stl,0
90,178.8,88.5,23.7,101.8,82.5,50.0,28.6,wrist.b.stl,0
90,8.9,104,167.7,85.1,41.3,50.0,32.4,wrist.b.stl,0
90,120.8,48.2,164.7,85.9,141.2,50.0,32.3,wrist.b.stl,0
90,8.8,131.8,26.6,39.2,155,-35.3,25.9,wrist.b.stl,1
90,22.3,53,66.6,163.8,25.7,50.0,24.6,wrist.b.stl,0
90,111,36.5,52,80.1,98.5,50.0,29.3,wrist.b.stl,0
90,31.6,107.2,109.3,73.5,36.1,50.0,29.1,wrist.b.stl,0
90,60.1,17.6,134.1,2.6,59.7,50.0,27.6,wrist.b.stl,0
90,166.4,33.8,94.2,26.9,171,-100.4,26.8,wrist.b.stl,1
90,147.7,56.3,135.4,102.1,39.9,50.0,33.8,wrist.b.stl,0
90,24.2,44.9,113.2,171.9,139.8,50.0,26.9,wrist.b.stl,0
90,162.6,34.9,164.6,15.2,170,-24.3,-33.0,base.stl,1
90,25.4,65.1,62.2,59.4,132.6,50.0,23.6,wrist.b.stl,0
90,151.1,102.7,98.3,47,162.6,50.0,26.6,wrist.b.stl,0
90,101.7,74,100.7,18.8,20.1,50.0,24.3,wrist.b.stl,0
90,166.9,39.3,48.7,100.3,87.6,50.0,29.2,wrist.b.stl,0
90,100,65.8,72.9,30.4,89.5,50.0,20.9,wrist.b.stl,0
90,76.1,169.2,23.4,110.8,174,50.0,32.5,wrist.b.stl,0
90,17.6,129.8,155.8,59.8,102.5,50.0,23.7,wrist.b.stl,0
90,16.1,60.7,44.8,123.4,10,50.0,23.8,wrist.b.stl,0
90,87,99.7,167.6,165.8,1.2,50.0,26.3,wrist.b.stl,0
90,104.6,72,96.5,116.9,49.4,50.0,28.4,wrist.b.stl,0
90,137,165.7,160,136,94.4,50.0,20.6,wrist.b.stl,0
90,87.3,134.1,139.1,2.2,6.8,50.0,25.3,wrist.b.stl,0
90,86,155.9,38.7,25.8,168,50.0,26.7,wrist.b.stl,0
90,160.4,48.4,151.3,136.3,179.2,14.2,26.2,wrist.b.stl,0
90,29.4,161.5,10.3,121.2,120.4,0.3,26.4,wrist.b.stl,0
90,164.8,41,30.9,92.4,171.5,50.0,34.2,wrist.b.stl,0
90,50.2,143.4,57.6,45.9,123.1,50.0,20.8,wrist.b.stl,0
90,138.9,2.4,105,95.6,70,23.8,30.2,wrist.b.stl,0
90,141.4,64.1,97.9,77,80.6,50.0,30.3,wrist.b.stl,0
90,87.4,28.1,144.6,52.3,92.9,50.0,22.3,wrist.b.stl,0
90,49.2,154.7,149.7,171.1,65.6,50.0,26.6,wrist.b.stl,0
90,159.7,154.6,103.3,26.6,126.7,50.0,24.3,wrist.b.stl,0
90,170.1,147.5,13.8,4.1,82.9,50.0,24.1,wrist.b.stl,0
90,164.3,130,179.9,112.9,158.8,50.0,30.3,wrist.b.stl,0
90,146.2,96.9,16.3,23.5,146.8,50.0,27.3,wrist.b.stl,0
90,66.5,108.5,52.5,160.5,164.9,50.0,27.8,wrist.b.stl,0
90,172,167.2,101.5,108.3,173.2,50.0,32.8,wrist.b.stl,0
90,67.1,113.6,79.1,62,167.3,50.0,30.1,wrist.b.stl,0
90,102.5,83.7,9.7,28,97.3,50.0,21.1,wrist.b.stl,0
90,179,82.7,112.5,153.3,165.3,20.8,26.9,wrist.b.stl,0
90,65.9,29.4,174.8,94.9,159.4,50.0,33.8,wrist.b.stl,0
90,53.7,16,158.1,75,79.3,50.0,30.3,wrist.b.stl,0
90,177,73.6,103.3,132.7,40.5,17.5,26.5,wrist.b.stl,0
90,48.5,133,145.3,36.1,55.6,50.0,26.6,wrist.b.stl,0
90,1.6,69.3,162.2,72.2,136.6,50.0,27.9,wrist.b.stl,0
90,10.3,105.8,171.7,177.2,104.1,50.0,24.2,wrist.b.stl,0
90,2.6,151.2,132.2,4.4,136.2,-36.2,25.9,wrist.b.stl,1
90,129.5,17.4,96.5,98.8,161.1,50.0,33.4,wrist.b.stl,0
90,79.8,100.6,99.2,93.5,153.6,50.0,34.1,wrist.b.stl,0
90,170.4,164.7,35.4,156.2,57.2,50.0,29.0,wrist.b.stl,0
90,2.3,96,17,89.9,133.2,12.5,31.8,wrist.b.stl,0
90,152.2,58.1,151,10.3,110.8,26.0,-22.0,base.stl,1
90,62.9,98.8,34.6,41.6,150.5,50.0,26.1,wrist.b.stl,0
90,143.6,153.8,86.1,119.2,82.5,50.0,23.7,wrist.b.stl,0
90,44.8,1.1,165.6,125.5,140.7,50.0,27.7,wrist.b.stl,0
90,13.3,158.9,26.4,151.7,137.6,-56.3,23.8,wrist.b.stl,1
90,133,123.7,36.5,118.4,19.5,50.0,26.8,wrist.b.stl,0
90,154.7,36.1,79.1,163.1,143.2,49.1,26.1,wrist.b.stl,0
90,6.9,87.9,94.5,150.4,107.5,7.8,21.7,wrist.b.stl,0
90,11.9,75.6,118.8,177.8,69.1,50.0,25.0,wrist.b.stl,0
90,177.2,98.8,83.5,74.8,104.3,50.0,28.2,wrist.b.stl,0
90,77.1,69,176.1,89,140.4,50.0,32.8,wrist.b.stl,0
90,91.1,41.7,170.7,158.6,25.5,50.0,23.8,wrist.b.stl,0
90,159.3,35.5,102.4,167.6,101.6,-3.8,24.0,wrist.b.stl,1
90,38.1,47.7,122.1,134.5,106.5,50.0,20.2,wrist.b.stl,0
90,50.7,33.6,117.8,41.3,29.3,50.0,22.5,wrist.b.stl,0
90,23.6,133,128.1,166.9,47.1,-17.2,27.6,wrist.b.stl,1
90,106.1,165.5,40.2,81.7,173.8,50.0,33.7,wrist.b.stl,0
90,171.9,92.1,80.8,170.1,107.9,50.0,24.3,wrist.b.stl,0
90,44.4,93.1,103.1,99.4,73,50.0,29.2,wrist.b.stl,0
90,26.4,156.3,20.2,25.1,26.9,-32.9,24.5,wrist.b.stl,1
90,7.1,154.4,160.5,22.1,83.1,16.8,22.0,wrist.b.stl,0
90,70.8,22.7,155.6,155.5,133.3,50.0,22.9,wrist.b.stl,0
90,30,47.5,34.6,149.8,84.2,50.0,22.3,wrist.b.stl,0
90,27.1,1.8,50.1,175.3,5.7,50.0,25.5,wrist.b.stl,0
90,164.1,10.4,120.9,62.9,82,-48.5,12.6,base.stl,1
90,39.8,60.9,55.5,127.6,156.8,50.0,26.3,wrist.b.stl,0
90,73.7,146.9,2.1,141.8,94.7,50.0,20.1,wrist.b.stl,0
90,150.1,40.3,67.8,125.6,152.7,50.0,26.7,wrist.b.stl,0
90,86.1,152.3,98.7,178.4,162.8,50.0,28.1,wrist.b.stl,0
90,69.4,172,137.8,94.6,178.4,50.0,34.7,wrist.b.stl,0
90,125.1,35,20.5,47.2,132.4,50.0,22.6,wrist.b.stl,0
90,99.1,71.5,136.5,4.3,146.4,50.0,27.8,wrist.b.stl,0
90,48.9,105,14.2,175.3,149.2,50.0,28.9,wrist.b.stl,0
90,138.1,14.4,111.8,74.6,10.4,34.8,30.5,wrist.b.stl,0
90,165.2,118,171.1,19.8,119.2,37.3,12.7,base.stl,0
90,30.9,155.2,80.8,8.4,12.8,17.8,24.8,wrist.b.stl,0
90,72,141.2,4.4,169,54,50.0,-14.1,elbow.b.stl,1
90,1.5,130.1,149.7,80.4,105.4,32.5,29.5,wrist.b.stl,0
90,56.1,167.7,83.4,143.4,132.8,12.2,23.4,wrist.b.stl,0
90,176,145.7,176.5,13.9,157.2,25.2,15.8,base.stl,0
90,159.6,37,40.5,47.5,49.2,4.3,27.0,wrist.b.stl,0
90,162.4,48.8,88.3,74.6,113.8,27.9,28.5,wrist.b.stl,0
90,20.3,3.4,171.8,25.6,126.2,50.0,-1.6,elbow.b.stl,1
90,143.1,140,3.7,167.2,6.3,50.0,0.9,elbow.b.stl,0
90,35.4,164.2,52.2,117.3,178.8,1.0,31.8,wrist.b.stl,0
90,68.6,163.8,110.3,166.9,81.3,50.0,24.6,wrist.b.stl,0
90,12.7,114.5,75,2.9,92.7,41.2,23.8,wrist.b.stl,0
90,169,105.7,156.1,44,108.2,31.6,20.8,wrist.b.stl,0
90,112.1,4.3,102.8,36.8,113.4,27.8,20.2,wrist.b.stl,0
90,172.9,19.9,2.6,134.4,102.3,15.0,20.4,wrist.b.stl,0
90,158.3,80.8,108.7,22.1,165.5,8.3,27.0,wrist.b.stl,0
90,127.4,68.7,1.9,174.3,170.7,50.0,10.7,elbow.b.stl,0
90,20.4,112.8,4.1,30.7,101.1,50.0,20.6,wrist.b.stl,0
90,12.2,109,53.2,83.3,102,47.5,29.9,wrist.b.stl,0
90,2.2,85.4,68.4,108.2,140.6,50.0,31.8,wrist.b.stl,0
90,0.8,52.6,11,129.8,94,41.0,21.5,wrist.b.stl,0
90,9.1,104.6,64.6,59,96.7,44.3,23.9,wrist.b.stl,0
90,3.2,106.9,144.6,152.1,73.5,17.8,24.8,wrist.b.stl,0
90,130.9,4.7,107.5,67.6,4.3,30.5,30.4,wrist.b.stl,0
90,157.6,29.3,68.9,140.7,109.6,27.5,20.1,wrist.b.stl,0
90,8.7,165.2,174.8,76.9,84.9,16.3,29.7,wrist.b.stl,0
90,23.1,132.6,52,103.8,99.5,30.1,28.0,wrist.b.stl,0
90,8.8,96.3,27.6,62.6,102.2,37.8,24.6,wrist.b.stl,0
90,167.9,77.5,156.9,173.5,166.5,30.7,28.4,wrist.b.stl,0
90,31.1,139.7,47.3,4.8,113.1,35.8,23.9,wrist.b.stl,0
90,145,22.5,110.8,121.1,177.9,27.9,29.9,wrist.b.stl,0
90,13.6,100.9,100,138.6,164.3,33.4,25.3,wrist.b.stl,0
90,145.3,26.4,135.6,152.1,163.3,25.3,26.9,wrist.b.stl,0
90,37.7,144.4,4.7,15.3,131.7,50.0,26.1,wrist.b.stl,0
90,179.3,131.6,149,23.9,101.9,7.1,21.6,wrist.b.stl,0
90,176.6,118.9,167.2,45.3,90.2,31.2,20.7,wrist.b.stl,0
90,123,14.4,98.9,37.9,46.6,24.6,25.9,wrist.b.stl,0
90,8.9,94.9,28.3,5.3,51.8,34.2,28.9,wrist.b.stl,0
90,152.2,94.5,11.1,180,137.6,50.0,27.5,wrist.b.stl,0
90,171.9,78.2,146.6,136.4,57.8,18.8,27.2,wrist.b.stl,0
90,167.9,114.4,143,17.6,63.9,21.0,24.3,wrist.b.stl,0
90,112.1,19.1,164.9,23,38.2,50.0,15.9,elbow.b.stl,0
90,43.2,144.4,95.1,138.3,26.9,25.3,22.6,wrist.b.stl,0
90,141.9,23.1,108.2,69.1,179,25.2,31.2,wrist.b.stl,0
90,39.8,162,52.3,29.2,12.9,28.2,22.2,wrist.b.stl,0
90,158.1,47.7,170.7,125.9,178.3,5.3,28.1,wrist.b.stl,0
90,141.8,1.6,83.8,147,78.6,7.8,22.9,wrist.b.stl,0
90,156.5,21.6,38,115.8,149.4,50.0,29.3,wrist.b.stl,0
90,98.6,20.5,127.1,11.4,83.1,50.0,1.2,base.stl,0
90,137.8,56.6,160.1,11.8,107.6,50.0,5.8,base.stl,0
90,36.4,163.7,99.5,63.4,94.6,48.9,25.6,wrist.b.stl,0
90,113.9,0.5,34.5,10,117,50.0,24.0,wrist.b.stl,0
90,6,113.6,94.7,22.8,38.7,33.3,27.2,wrist.b.stl,0
90,8.2,107.5,69.5,61.6,14.1,37.7,27.1,wrist.b.stl,0
90,10.4,135.8,148.2,116.4,170,32.4,30.6,wrist.b.stl,0
90,39.6,122.5,109.6,164.8,10.3,50.0,25.2,wrist.b.stl,0
90,52.5,145.6,55.4,146.2,25.8,33.3,21.9,wrist.b.stl,0
90,167.3,67.7,112.2,70.3,90.1,25.1,28.0,wrist.b.stl,0
90,0.7,36.8,62.1,170.1,38.6,50.0,26.6,wrist.b.stl,0
90,163.6,68.6,153.9,145.3,143.6,32.3,27.1,wrist.b.stl,0
90,27.5,171.4,145.2,90.3,131.3,50.0,31.6,wrist.b.stl,0
90,177.1,131.1,14.2,167.3,155,50.0,16.8,elbow.b.stl,0
90,36.4,118.3,30.8,154,75.8,42.7,24.6,wrist.b.stl,0
90,165.6,119.6,160.5,6.8,56.7,30.5,16.8,base.stl,0
90,65.3,3.8,141.7,16.9,70.7,50.0,12.0,elbow.b.stl,0
90,17.6,80.9,28.5,149.7,152.6,24.4,27.7,wrist.b.stl,0
90,33.6,155.6,63.9,15.6,3.9,17.4,24.3,wrist.b.stl,0
90,14.3,121.1,96.2,103.5,70,47.0,28.2,wrist.b.stl,0
90,176.5,98.7,79.5,34.1,149.1,36.7,26.1,wrist.b.stl,0
90,58.3,67.6,176.5,0.3,127.2,50.0,-7.4,elbow.b.stl,1
90,34.5,168.8,105.9,19.2,56.1,24.9,26.0,wrist.b.stl,0
90,178.3,75.3,13.7,6.8,124.9,50.0,24.7,wrist.b.stl,0
90,26.7,141.3,80.5,55.4,105.3,40.3,22.2,wrist.b.stl,0
90,23.8,117.3,9.1,111.6,11.5,46.0,27.6,wrist.b.stl,0
90,11.8,118.2,84.6,36.7,79.6,34.8,20.8,wrist.b.stl,0
90,21,10.7,148.6,9.7,123.1,50.0,-0.3,elbow.b.stl,1
90,139.4,12.5,154.1,135.7,159.5,14.8,25.4,wrist.b.stl,0
90,150,36.3,127.7,139,122.2,26.1,21.4,wrist.b.stl,0
90,155.2,38.4,169.6,176.5,54.2,1.9,27.6,wrist.b.stl,0
90,14.9,110.1,94.5,122.5,126.8,35.9,27.8,wrist.b.stl,0
90,174.4,120.5,121.9,9,45.2,20.5,28.2,wrist.b.stl,0
90,16.5,160.8,157.7,5.3,174.9,41.9,28.3,wrist.b.stl,0
90,168.8,66,178.2,170.5,52.6,8.4,29.4,wrist.b.stl,0
90,161.7,82.6,84.3,16.6,147.8,29.8,28.1,wrist.b.stl,0
90,15.8,116.1,36.3,59.9,145.5,26.6,26.2,wrist.b.stl,0
90,158.1,48.5,109.5,169.8,56.8,29.9,28.5,wrist.b.stl,0
90,57.1,174.9,98.7,120.4,68,47.4,23.2,wrist.b.stl,0
90,171.9,44.4,40.5,82.9,29.2,49.4,30.9,wrist.b.stl,0
90,10.1,107.2,66.2,86.3,64.3,50.0,32.6,wrist.b.stl,0
90,59.7,156,1.2,151.7,106.3,50.0,6.4,elbow.b.stl,0
90,156.2,76.2,108.2,27.3,81.1,12.3,21.0,wrist.b.stl,0
90,159.7,105.2,126.8,7.6,15.4,44.4,24.9,wrist.b.stl,0
90,125.8,121.3,23.3,176.2,84.8,50.0,24.2,wrist.b.stl,0
90,22,176.7,169.2,44,108.2,45.3,20.8,wrist.b.stl,0
90,1,114.3,105,1.9,179.1,26.2,28.2,wrist.b.stl,0
90,64,169.3,94.2,139.2,52.5,39.3,26.2,wrist.b.stl,0
90,28.9,146.6,88.9,69.2,106.6,50.0,26.6,wrist.b.stl,0
90,27.8,158.8,142.4,112.4,143.8,49.1,30.4,wrist.b.stl,0
90,174.6,60,48.9,64.3,54.6,29.2,29.0,wrist.b.stl,0
90,39.7,11.8,145.9,2.9,28.8,50.0,-1.0,elbow.b.stl,1
90,102.1,18,153.8,23.6,75,50.0,21.9,wrist.b.stl,0
90,57.8,0.1,136.9,4.2,177.3,50.0,-4.2,elbow.b.stl,1
90,42.1,162.9,41.9,12.3,148.8,36.2,28.5,wrist.b.stl,0
90,64.4,156.7,123.4,179.6,90.2,50.0,24.1,wrist.b.stl,0
90,164.4,19.4,28.9,93.1,104.5,42.8,30.0,wrist.b.stl,0
90,162.6,30.8,1.8,15.9,174.3,6.2,28.2,wrist.b.stl,0
90,151.5,25.9,92.1,101.1,53.6,33.6,31.0,wrist.b.stl,0
90,48.8,179.7,49.2,45.2,53.3,35.9,26.3,wrist.b.stl,0
90,21.7,112.4,81.3,128,63.9,26.7,23.8,wrist.b.stl,0
90,15.8,128.7,149.9,174.5,3.7,2.5,25.7,wrist.b.stl,0
90,41.9,138.9,122.4,155.3,86,50.0,23.0,wrist.b.stl,0
90,168.7,48,24.4,65.9,164.4,50.0,31.4,wrist.b.stl,0
90,149.1,174.5,21.8,138.5,89.7,50.0,20.0,wrist.b.stl,0
90,158.4,8.1,23.4,80.6,54,44.7,33.4,wrist.b.stl,0
90,179.1,131.6,144.5,19.8,98.7,6.9,22.4,wrist.b.stl,0
90,158.4,74.1,139.2,48.5,124.9,23.7,21.1,wrist.b.stl,0
90,68.8,167.6,31.3,151,88.8,50.0,21.9,wrist.b.stl,0
90,144.1,23.8,96.2,72.8,142.4,32.6,28.8,wrist.b.stl,0
90,31.6,101.6,90.2,162.7,24,50.0,24.4,wrist.b.stl,0
90,179.3,80,115,143.5,12.6,8.4,22.0,wrist.b.stl,0
90,43.8,129.8,16.4,158.4,81.7,50.0,24.0,wrist.b.stl,0
90,167.8,49.3,28.2,33.2,67.9,6.1,23.3,wrist.b.stl,0
90,49.7,167.2,79.6,118.3,65.5,34.2,24.0,wrist.b.stl,0
90,85.4,141.2,29.4,175.1,116.7,50.0,24.4,wrist.b.stl,0
90,96,157.1,1.6,143.7,143.3,50.0,27.4,wrist.b.stl,0
90,129.4,140,21.8,162.2,75.4,50.0,24.6,elbow.b.stl,0
90,155.6,53.3,86.9,42.2,123,-3.0,21.0,wrist.b.stl,1
90,41.1,128.9,75.6,144.8,14.5,30.0,22.0,wrist.b.stl,0
90,10.6,103.6,40.3,47.1,133.2,29.1,22.8,wrist.b.stl,0
90,169,81.5,171.8,134.8,135.6,40.0,27.1,wrist.b.stl,0
90,8.5,24.1,168.2,8.6,145.6,50.0,-13.7,elbow.b.stl,1
90,101.3,140.4,28.8,179.2,175.1,50.0,28.4,elbow.b.stl,0
90,135.6,54.3,146.5,10.3,146.3,41.2,-9.2,base.stl,1
90,17.8,74.7,16.1,156.9,117.6,36.8,22.3,wrist.b.stl,0
90,28.4,81.6,3.4,170.5,117.5,50.0,24.2,wrist.b.stl,0
90,120.9,140.5,7.8,151.1,154,50.0,27.9,wrist.b.stl,0
90,152.7,3.7,5,43.6,74.1,-3.6,24.1,wrist.b.stl,1
90,33.2,146.3,70.9,111.4,4.7,20.3,27.1,wrist.b.stl,0
90,54.2,159.7,123.2,161.7,49.5,42.2,27.2,wrist.b.stl,0
90,27.2,139.2,39.8,77,92.5,32.9,29.0,wrist.b.stl,0
90,147.6,0.5,30.4,68.3,42.4,27.0,27.9,wrist.b.stl,0
90,35.7,123.2,123.6,173.4,118,50.0,24.4,wrist.b.stl,0
90,86.3,139.9,25.4,173.7,149.7,50.0,17.4,elbow.b.stl,0
90,115.6,47.9,175.4,8.4,100.5,50.0,-6.7,elbow.b.stl,1
90,28.2,177.2,133.8,100.3,15.9,14.0,30.3,wrist.b.stl,0
90,103.7,118.1,21,176.3,117,50.0,24.4,wrist.b.stl,0
90,4.7,76.1,61.7,120.3,100.1,50.0,23.1,wrist.b.stl,0
90,129.2,1.8,161.8,68.8,94.6,45.3,25.8,base.stl,0
90,146.7,61.3,119.6,35.2,29.4,27.2,23.5,wrist.b.stl,0
90,137.9,18.2,145.5,164.3,122.9,41.3,23.6,wrist.b.stl,0
90,46.3,148.6,53.5,148.5,138.4,17.6,24.4,wrist.b.stl,0
90,169.3,70.3,109.8,91.7,109.7,50.0,30.1,wrist.b.stl,0
90,34.3,145.8,20.9,33.9,103.9,45.4,20.3,wrist.b.stl,0
90,137.4,11.9,126.4,151.7,96.7,27.3,21.4,wrist.b.stl,0
90,177.4,52.1,46.4,138.6,81.1,29.9,20.8,wrist.b.stl,0
90,19.8,77.7,98.2,177.2,132.7,50.0,26.2,wrist.b.stl,0
90,152,87.8,127,13.8,35,37.3,26.6,wrist.b.stl,0
90,43.1,161.1,19.7,13.4,52.7,44.0,27.6,wrist.b.stl,0
90,30.6,151.7,92.2,68.7,91,49.6,27.5,wrist.b.stl,0
90,149,29.5,111.6,169.5,160.9,20.4,28.5,wrist.b.stl,0
90,5.7,99.9,65.3,69.4,64.8,47.2,33.0,wrist.b.stl,0
90,126.6,13.5,160.2,41.9,133.3,50.0,12.7,base.stl,0
90,105.7,40.2,160,8.8,126.9,50.0,20.9,elbow.b.stl,0
90,173.4,88.3,140.1,97.4,141,50.0,34.2,wrist.b.stl,0
90,106.1,11.8,92.8,16,172.3,44.5,27.6,base.stl,0
90,23.5,76.3,92.2,172.2,65.2,50.0,26.5,wrist.b.stl,0
90,179.3,109.9,178.7,97.3,168.7,50.0,33.8,wrist.b.stl,0
90,148.8,59.7,157.3,38.1,94,50.0,17.8,base.stl,0
90,33.2,108.7,37.2,152.4,55.2,34.6,27.9,wrist.b.stl,0
90,162.3,56.5,61.8,44.2,29,13.0,22.2,wrist.b.stl,0
90,115.2,114.3,1.2,174.8,61.5,50.0,-7.6,elbow.b.stl,1
90,126.9,1.7,139.6,64.1,122.9,48.3,11.8,base.stl,0
90,136.1,9.4,126.3,105.4,136.1,36.8,33.1,wrist.b.stl,0
90,176.8,91,145.8,89.9,66.8,45.4,31.7,wrist.b.stl,0
90,175.6,76.4,59.9,56.8,169,42.0,28.5,wrist.b.stl,0
90,174.9,61.3,33.6,58.7,126.3,47.5,23.2,wrist.b.stl,0
90,14,85.1,3.2,144.6,145,48.0,27.5,wrist.b.stl,0
90,56.9,177.8,34,124,22.6,50.0,25.8,wrist.b.stl,0
90,172.2,177.2,8.3,132.2,139.7,50.0,26.9,wrist.b.stl,0
90,162.1,18.2,44.1,174,15.6,17.5,25.3,wrist.b.stl,0
90,28.8,139.7,73.4,130.1,173.7,-13.5,26.8,wrist.b.stl,1
90,152,92.8,153.7,7.9,122,37.7,13.5,base.stl,0
90,169.4,45,68,161,25.3,17.1,24.2,wrist.b.stl,0
90,169.1,105.9,132.3,26.2,40.9,13.6,27.4,wrist.b.stl,0
90,144.8,37.5,111.4,48,149.8,6.0,27.5,wrist.b.stl,0
90,42.5,40.4,180,18.4,86.8,50.0,-5.3,elbow.b.stl,1
90,26.8,152.8,68.8,73.5,168,10.9,32.6,wrist.b.stl,0
90,3.1,153.8,172.3,94.9,60.8,8.7,31.5,wrist.b.stl,0
90,171.3,64.7,37.5,27.6,98.4,15.2,21.1,wrist.b.stl,0
90,142.7,110.6,15.2,173,130.4,50.0,25.4,wrist.b.stl,0
90,166.1,77.2,51.6,4.2,29.1,50.0,25.4,wrist.b.stl,0
90,7.5,93.6,104,129,78.5,44.6,21.0,wrist.b.stl,0
90,36.6,147.5,47.7,118,41.9,27.5,30.8,wrist.b.stl,0
90,168.6,14.8,14.9,144.6,47.4,17.8,26.7,wrist.b.stl,0
90,40.3,161,35.9,15,161.6,37.2,27.7,wrist.b.stl,0
90,41.6,163,38.2,132.3,157,30.5,25.7,wrist.b.stl,0
90,24.8,147,90.7,90.6,30,39.9,31.8,wrist.b.stl,0
90,90.6,177.3,15.2,152,172,50.0,20.4,elbow.b.stl,0
90,17.2,147.2,131,31.1,116.5,41.1,21.6,wrist.b.stl,0
90,39,121.2,77.5,156.9,129.9,36.1,22.7,wrist.b.stl,0
90,152.2,42.2,148.1,153.1,75.2,29.3,24.6,wrist.b.stl,0
90,132.1,0.2,142.7,136.5,154.8,27.6,25.9,wrist.b.stl,0
90,140.8,8,134,129.1,40.5,21.2,27.0,wrist.b.stl,0
90,133.2,11.4,38.6,26.3,61.5,20.5,24.4,wrist.b.stl,0
90,174.3,43.3,39.2,137.8,22.3,30.6,21.9,wrist.b.stl,0
90,19.7,170.7,172,145.8,32.6,-56.3,22.8,wrist.b.stl,1
90,32.3,137.3,17.9,19,134.2,50.0,26.6,wrist.b.stl,0
90,11.8,109.7,65.8,74.9,104,50.0,28.2,wrist.b.stl,0
90,41.2,12,166.1,24.9,107.3,50.0,2.8,elbow.b.stl,0
90,48.5,176.3,28.5,44.8,50.7,34.7,26.3,wrist.b.stl,0
90,169.2,126.5,178.9,22,117.3,39.3,11.4,base.stl,0
90,141.7,18.8,53.5,45.7,59.5,9.5,26.5,wrist.b.stl,0
90,152.9,42.9,122.1,150,85.2,28.7,22.2,wrist.b.stl,0
90,31.3,147,54.4,60.2,34.2,30.2,24.9,wrist.b.stl,0
90,51.9,155.1,32,139.2,30.7,50.0,23.3,wrist.b.stl,0
90,45.3,171.9,28.9,48.4,10.9,22.6,23.7,wrist.b.stl,0
90,25.8,138.3,70.3,20.9,103.7,27.8,22.2,wrist.b.stl,0
90,123.4,38.2,154.8,13.9,71.1,50.0,16.9,base.stl,0
90,133.5,31.9,53.9,4.7,18.3,48.7,24.9,wrist.b.stl,0
90,38.8,145.4,76.5,126.4,79.9,23.6,21.3,wrist.b.stl,0
90,11,148.3,164.1,116.6,81.7,12.4,24.5,wrist.b.stl,0
90,166.5,54.1,88.2,163.1,176.3,30.7,27.9,wrist.b.stl,0
90,85.4,52.8,169.4,3,52.5,50.0,3.7,elbow.b.stl,0
90,13.6,138.1,107.6,63.5,19.3,23.0,26.9,wrist.b.stl,0
90,10.2,91.8,40.4,102.8,59.9,50.0,29.4,wrist.b.stl,0
90,159.3,57.5,169.4,158.6,174,35.4,27.4,wrist.b.stl,0
90,152.2,19.2,95.1,151.6,22.3,-5.2,22.6,wrist.b.stl,1
90,23.9,161.4,146.1,93.4,81.7,50.0,30.0,wrist.b.stl,0
90,149.8,22.3,100.7,143.3,72,8.3,23.9,wrist.b.stl,0
90,7,160.2,177.4,91.3,107.6,14.7,30.1,wrist.b.stl,0
90,169.5,59.3,81.1,82.6,136,50.0,30.8,wrist.b.stl,0
90,165.5,71.6,65.8,26.5,3.6,13.7,22.6,wrist.b.stl,0
90,58.9,128.3,3.3,168.5,108,50.0,-5.8,elbow.b.stl,1
90,154.9,46.1,117.4,165.6,111.1,30.7,23.8,wrist.b.stl,0
90,141,3.9,119.2,156.7,36,5.6,24.0,wrist.b.stl,0
90,47.7,171.1,162.8,178.6,136.7,44.0,27.1,wrist.b.stl,0
90,151.9,32.9,128.4,96.1,18.4,24.6,30.9,wrist.b.stl,0
90,53.7,147.8,54.3,159.2,143.9,25.0,25.7,wrist.b.stl,0
90,21.3,88,72.3,155.1,5,44.2,25.0,wrist.b.stl,0
90,149.4,70.7,178.4,25.2,87.5,50.0,21.6,wrist.b.stl,0
90,21.6,118.4,36.9,6.5,63.5,39.5,26.2,wrist.b.stl,0
90,147.7,16.8,85.9,94.8,48,37.8,34.2,wrist.b.stl,0
90,142.2,167,36.5,174.9,171.2,50.0,9.5,elbow.b.stl,0
90,9.3,79.5,112.7,162.3,71,50.0,26.1,wrist.b.stl,0
90,39.5,169.5,25.1,77.8,131.7,19.9,29.2,wrist.b.stl,0
90,14.5,112.1,42.6,65.9,111.2,33.8,25.6,wrist.b.stl,0
90,109.3,168.4,31.9,155.6,88,50.0,22.7,wrist.b.stl,0
90,157.5,62.6,49.7,6.5,37.6,48.1,26.6,wrist.b.stl,0
90,27.6,144.1,64.1,23.7,145.8,17.5,27.4,wrist.b.stl,0
90,60.9,169.3,75.1,136.3,15.1,23.6,21.4,wrist.b.stl,0
90,140.8,161.9,7.7,137.5,142.7,50.0,26.7,wrist.b.stl,0
90,134.7,6.7,145.1,87.4,50.3,34.5,27.6,base.stl,0
90,67.5,137.7,72.4,175.4,81.9,50.0,24.4,wrist.b.stl,0
90,138.5,105.4,5.7,166.6,158.2,50.0,18.2,elbow.b.stl,0
90,174.2,105,157.3,54,74.5,33.7,27.3,wrist.b.stl,0
90,171.5,36.4,20.2,103.6,130,38.3,31.9,wrist.b.stl,0
90,29.1,140.3,47.3,29.8,89.2,27.2,21.0,wrist.b.stl,0
90,157.2,114.1,179.9,9.1,117.5,50.0,-2.1,base.stl,1
90,175.2,85.4,119.2,112.5,159.7,50.0,30.5,wrist.b.stl,0
90,91.2,51.7,4.6,176.4,156.4,50.0,9.2,elbow.b.stl,0
90,90.4,33,134.3,4.4,127.3,50.0,24.7,wrist.b.stl,0
90,142,5,161.3,103.4,22.5,-2.3,22.8,base.stl,1
90,150.4,4.6,57.9,176.7,76.2,12.7,24.6,wrist.b.stl,0
90,160.1,35.5,19.7,24.5,109.6,3.4,21.9,wrist.b.stl,0
90,20.1,119.8,41.4,84.5,43.2,47.8,32.5,wrist.b.stl,0
90,24.3,138.7,79.5,6.4,131.3,30.7,25.4,wrist.b.stl,0
90,158.6,73.8,57.1,0.7,136.3,50.0,25.2,wrist.b.stl,0
90,12.7,149,156.9,17.8,65.5,46.0,24.0,wrist.b.stl,0
90,2.8,85.6,49,78.9,77.9,50.0,30.8,wrist.b.stl,0
90,21.3,160,138.4,54,169.3,39.6,27.6,wrist.b.stl,0
90,30.6,134.2,92,132.1,1.6,6.6,22.4,wrist.b.stl,0
90,159.5,46.8,59.4,44.3,101.2,-0.5,20.6,wrist.b.stl,1
90,172.2,126.7,160.5,23.5,148.8,23.2,27.1,wrist.b.stl,0
90,137.2,25.3,138.7,49.3,154.3,34.2,10.7,base.stl,0
90,61.2,148.3,61.4,157.4,48.9,44.6,26.6,wrist.b.stl,0
90,16.9,102.4,45,117,87.8,39.2,24.1,wrist.b.stl,0
90,139.3,36.3,121.5,38.9,167.3,13.2,25.3,wrist.b.stl,0
90,130.1,24.8,167.5,32.8,148.9,50.0,16.0,base.stl,0
90,20.6,114.8,41,0.4,124.2,46.0,24.0,wrist.b.stl,0
90,83,159.1,10,161.4,25.5,50.0,6.8,elbow.b.stl,0
90,6,64.4,21.7,139.3,173.2,20.6,25.6,wrist.b.stl,0
90,136.3,28.9,52.8,20.8,165,33.2,27.2,wrist.b.stl,0
90,157.4,28.4,59.6,98.6,133.1,50.0,32.5,wrist.b.stl,0
90,21.7,117.6,17.9,93.4,37.8,44.5,33.0,wrist.b.stl,0
90,20.5,144.2,108.2,36.4,140.6,32.2,26.7,wrist.b.stl,0
90,152.2,29.4,71.6,119.7,168.4,50.0,29.4,wrist.b.stl,0
90,86.3,175.5,6.1,141.4,136.2,50.0,19.5,elbow.b.stl,0
90,124.7,30.7,130.1,25.4,159.6,35.3,17.5,base.stl,0
90,95.3,1.6,131,20,161.4,50.0,8.8,base.stl,0
90,16.2,150.5,116.5,60.5,7.9,11.2,28.0,wrist.b.stl,0
90,18.5,166.5,176.3,6.5,128.9,43.8,25.1,wrist.b.stl,0
90,11.4,44.5,29.4,169.5,46.3,49.2,27.8,wrist.b.stl,0
90,17,129.5,91.7,37.8,131.8,36.3,24.0,wrist.b.stl,0
90,57.5,169.9,0.9,140.1,162,50.0,20.9,elbow.b.stl,0
90,23.7,117,72.1,127.2,122.9,24.8,25.2,wrist.b.stl,0
90,132,1.5,127.6,83.8,48.8,35.3,29.3,base.stl,0
90,71.9,170.8,48.9,159.6,138.5,46.0,24.5,wrist.b.stl,0
90,23.5,96.3,8.1,151.1,74.8,50.0,24.4,wrist.b.stl,0
90,15.1,109,2.1,73.5,99.8,37.3,27.9,wrist.b.stl,0
90,14.8,119.3,5.1,81.2,148.9,12.6,32.6,wrist.b.stl,0
90,162.6,63.1,150.7,80.7,103.4,34.5,29.5,wrist.b.stl,0
90,61.4,18.3,157.7,16.1,50.3,50.0,8.4,elbow.b.stl,0
90,38.5,170.1,57.4,88.4,152,21.1,34.7,wrist.b.stl,0
90,11.1,11.2,156.4,12.3,79.1,50.0,-5.4,elbow.b.stl,1
90,162.5,28,20.1,68.4,137.6,50.0,26.8,wrist.b.stl,0
90,156.7,101.9,161.6,8.3,43.7,40.8,-7.7,base.stl,1
90,9.6,109.3,10.6,89.1,163.7,10.5,34.1,wrist.b.stl,0
90,25,163.7,155.1,132.8,46.2,-20.1,26.5,wrist.b.stl,1
90,0.7,114.1,147,137.1,144.9,5.1,26.4,wrist.b.stl,0
90,22.6,127.6,25.7,67,98.4,35.6,26.3,wrist.b.stl,0
90,7.5,76.8,74.1,130.7,31.6,48.3,26.1,wrist.b.stl,0
90,118.1,163.7,3.5,138.5,93.2,50.0,20.2,wrist.b.stl,0
90,34.9,152.3,29.9,116.8,64.9,33.3,24.4,wrist.b.stl,0
90,156.9,14.5,38.9,80.9,109.8,38.0,29.8,wrist.b.stl,0
90,157.8,20.2,30,61.2,48.5,12.9,26.9,wrist.b.stl,0
90,136.3,37.8,137.9,36.1,101.1,36.7,13.1,base.stl,0
90,167.6,46,28.2,71.6,174.3,50.0,31.9,wrist.b.stl,0
90,35.7,150.3,27.8,22.8,154.5,41.9,26.9,wrist.b.stl,0
90,155.1,69.7,173.4,42.1,149.3,50.0,20.0,base.stl,0
90,8.9,127.9,122,102.8,172.5,48.8,33.6,wrist.b.stl,0
90,58.7,126,7.1,178,20.8,50.0,-2.3,elbow.b.stl,1
90,129.4,19,74.4,39.4,141,25.1,26.8,wrist.b.stl,0
90,32.9,150.5,52,5.7,5.2,22.6,25.3,wrist.b.stl,0
90,32.8,153.9,22.3,71.1,133,21.8,27.3,wrist.b.stl,0
90,124.5,109.7,18.7,177.1,143.5,50.0,28.5,wrist.b.stl,0
90,168.5,99.8,78.6,1.5,180,50.0,28.2,wrist.b.stl,0
90,18,119.4,28.4,77.2,122.2,33.9,28.7,wrist.b.stl,0
90,138.9,56.9,129.3,24.9,27.3,32.8,24.6,wrist.b.stl,0
90,32.1,129.7,5.3,143.8,165.7,50.0,25.6,wrist.b.stl,0
90,68.8,170.4,53.3,159.3,147.1,35.5,26.7,wrist.b.stl,0
90,9.6,161.7,164.8,56.8,56.5,22.3,29.0,wrist.b.stl,0
90,28.7,152.4,164.8,165.7,94.3,22.4,23.7,wrist.b.stl,0
90,104.4,23.9,85.5,1.1,160.7,50.0,28.2,wrist.b.stl,0
90,8.3,142.5,146.3,38.8,126.1,34.3,22.2,wrist.b.stl,0
90,28.9,155.7,29.2,83.5,162.3,0.8,34.1,wrist.b.stl,0
90,156.5,52.7,169,62.9,141.2,38.8,19.9,base.stl,0
90,29.2,179.8,152.8,27.6,128.8,42.1,24.7,wrist.b.stl,0
90,146,22.3,159.2,130.2,73,16.3,21.6,wrist.b.stl,0
90,8.4,140.8,161.7,110.5,89.1,35.1,26.1,wrist.b.stl,0
90,77.6,167.8,41,157.1,29.8,50.0,23.6,wrist.b.stl,0
90,43,110.1,52,176.4,167.5,47.9,28.3,wrist.b.stl,0
90,23.2,93.1,9.5,149.5,36.2,50.0,23.4,wrist.b.stl,0
90,143.5,15.6,33.6,53.1,174.5,42.0,27.0,wrist.b.stl,0
90,1.5,84.3,136.5,174.9,85.2,50.0,24.3,wrist.b.stl,0
90,178,63.2,34.8,82,144.2,50.0,31.9,wrist.b.stl,0
90,151.2,49,173.2,54.7,97.3,50.0,15.3,base.stl,0
90,26.7,98.7,36.7,147,36,30.0,23.4,wrist.b.stl,0
90,175.6,80.3,27.5,4.9,71.7,50.0,25.1,wrist.b.stl,0
90,14.5,114.3,101.5,126.1,158.5,22.6,26.6,wrist.b.stl,0
90,172.4,27.4,2,173.7,123.4,23.4,10.0,elbow.b.stl,0
90,33.1,168.7,108.9,69.3,154.3,35.5,30.3,wrist.b.stl,0
90,28.9,168.7,118.3,56.4,35,22.6,23.9,wrist.b.stl,0
90,133,9.9,39.7,40.6,175.9,35.8,25.7,wrist.b.stl,0
90,121.6,122.9,0.3,156.4,97.1,50.0,12.6,elbow.b.stl,0
90,152,34.7,110.8,168.1,149.8,20.2,28.7,wrist.b.stl,0
90,174.8,84.7,108.5,121.8,112,50.0,24.2,wrist.b.stl,0
90,173.2,71,85.5,162.9,149.6,50.0,27.8,wrist.b.stl,0
90,61.6,151.9,31.3,156.5,7.6,50.0,24.8,wrist.b.stl,0
90,66.3,24.2,134,0.8,104,50.0,24.0,wrist.b.stl,0
90,64.6,160.7,2.2,155.7,11.3,50.0,14.1,elbow.b.stl,0
90,165.1,60.8,110.2,110.3,84.4,41.3,26.5,wrist.b.stl,0
90,168.8,30.7,11.9,172.8,175.6,39.6,25.2,elbow.b.stl,0
90,157.3,35.3,121.7,173.7,19,-4.5,25.3,wrist.b.stl,1
90,42.7,178.2,46.1,58,161.4,18.9,29.5,wrist.b.stl,0
90,31.1,143.1,33.5,57.1,61.2,37.3,28.9,wrist.b.stl,0
90,136.4,1.7,82.6,78.4,58.2,46.6,33.7,wrist.b.stl,0
90,14.2,118.6,104.5,111.3,79.6,43.5,26.0,wrist.b.stl,0
90,144.5,70.4,115.9,6.8,163.4,28.3,28.1,wrist.b.stl,0
90,172.1,29.9,15.5,120.7,33,28.0,29.1,wrist.b.stl,0
90,163.4,51.5,104.6,122.3,177.6,23.1,29.3,wrist.b.stl,0
90,3.3,134,151.5,92.7,137.1,33.4,32.8,wrist.b.stl,0
90,167.4,82.8,86.1,32.8,138.7,12.8,26.8,wrist.b.stl,0
90,34.6,160.6,169.3,176.2,77.7,33.7,24.5,wrist.b.stl,0
90,174.5,91.7,147.6,56.7,34.1,15.1,24.0,wrist.b.stl,0
90,108.2,6.6,121.9,27.4,163,38.5,11.0,base.stl,0
90,164.5,63.3,126.7,116.8,168.4,32.2,30.3,wrist.b.stl,0
90,147.1,9.7,73.9,141,82.3,15.8,21.0,wrist.b.stl,0
90,170.4,36.3,49.5,174.3,75.7,19.2,24.9,wrist.b.stl,0
90,47.4,155.4,76.2,152.4,175.3,-10.4,26.5,wrist.b.stl,1
90,2.7,71.8,110.6,155.9,132.4,50.0,22.8,wrist.b.stl,0
90,150.2,40.7,165.9,58.6,97.4,43.0,9.5,base.stl,0
90,144,85.4,150.5,2.7,42.6,50.0,-2.2,base.stl,1
90,78.1,45.2,157.9,8.5,116.9,50.0,24.1,wrist.b.stl,0
90,142.9,10.3,103.4,103,32.2,22.0,32.2,wrist.b.stl,0
90,140.2,6.3,118.2,125.6,29.9,14.4,27.2,wrist.b.stl,0
90,133.2,151.9,10.4,150.4,162.9,50.0,26.7,wrist.b.stl,0
90,43.9,169.8,143.9,168.4,12.9,-11.5,25.2,wrist.b.stl,1
90,119.5,31.1,76.1,7.6,116.4,50.0,24.0,wrist.b.stl,0
90,178.6,84,56.5,30.3,2.4,9.3,22.3,wrist.b.stl,0
90,36,151.7,4.5,130.3,150,34.7,26.4,wrist.b.stl,0
90,0.1,78.3,22.9,111.3,165.7,24.6,31.3,wrist.b.stl,0
90,130.3,43.1,122.3,20.6,148.7,27.6,27.5,wrist.b.stl,0
90,123.3,4.5,174.5,45.2,133.7,50.0,23.3,wrist.b.stl,0
90,135.4,18.1,46.8,31.2,16.5,24.8,22.1,wrist.b.stl,0
90,30.6,135.8,28.2,115.5,43.6,39.2,30.6,wrist.b.stl,0
90,37.2,170.7,93.1,66.8,142.4,28.4,26.9,wrist.b.stl,0
90,177.6,92.4,125.2,81.5,165,50.0,33.8,wrist.b.stl,0
90,159.2,58.7,167.4,139.6,85.5,40.9,20.3,wrist.b.stl,0
90,51,179.6,47.2,17.6,42.4,39.1,28.2,wrist.b.stl,0
90,169.3,77.5,130.3,157.1,175,35.7,27.2,wrist.b.stl,0
90,25.9,153.9,113.9,77.6,127.1,50.0,28.9,wrist.b.stl,0
90,66,165.9,8.2,147.8,73,50.0,12.5,elbow.b.stl,0
90,71.1,148.6,69.3,177.5,112,50.0,24.2,wrist.b.stl,0
90,49.3,120.8,11.7,168.6,118.3,50.0,14.1,elbow.b.stl,0
90,59.6,175.8,64.4,139.5,137.4,22.7,26.3,wrist.b.stl,0
90,83.2,7.1,110.3,4,139.7,50.0,6.0,base.stl,0
90,171.4,78.8,104.8,132.3,114.8,50.0,21.4,wrist.b.stl,0
90,40,152.4,134.5,152.6,127.5,29.9,21.8,wrist.b.stl,0
90,3,56.1,22.1,130.7,14.3,30.9,22.2,wrist.b.stl,0
90,8.1,141.9,151.7,95.9,67.3,39.7,30.4,wrist.b.stl,0
90,0.4,54.5,66.8,141.1,45.7,50.0,26.4,wrist.b.stl,0
90,2.9,92.6,48.5,65.1,150.3,33.4,28.3,wrist.b.stl,0
90,12.9,100.3,19,34.2,86.8,39.8,20.2,wrist.b.stl,0
90,7.9,63.4,4.6,147.7,105.7,39.4,21.3,wrist.b.stl,0
90,152.1,42.1,122.7,77.2,30.5,44.2,29.8,wrist.b.stl,0
90,134.9,22.3,40.2,9.8,105.8,34.5,23.7,wrist.b.stl,0
90,3.7,85.3,14.6,43.3,123.5,32.2,20.9,wrist.b.stl,0
90,14.9,114.9,47.2,8,23.4,22.1,25.2,wrist.b.stl,0
90,165.4,36.8,69.4,130.1,42.7,11.9,26.9,wrist.b.stl,0
90,23.4,137.1,69.2,56.7,30.9,25.7,23.9,wrist.b.stl,0
90,7,17.8,172.7,11.5,161.6,50.0,-4.8,elbow.b.stl,1
90,175.9,83.1,101.3,162.3,75.3,50.0,25.3,wrist.b.stl,0
90,125.1,5.1,110.8,55.8,21.9,34.4,22.5,base.stl,0
90,8.9,91.1,16.4,83.4,11.2,50.0,31.2,wrist.b.stl,0
90,166.5,61.8,109.7,151.5,179.6,25.2,26.5,wrist.b.stl,0
90,163.3,43.3,39.4,50.8,121.8,15.7,21.2,wrist.b.stl,0
90,3.8,121.3,120.5,0.4,92.1,40.4,23.7,wrist.b.stl,0
90,175.3,89.5,166.1,112.5,78.5,31.8,25.6,wrist.b.stl,0
90,141.7,2.9,65.3,138.3,105.3,33.5,20.3,wrist.b.stl,0
90,141.1,68.2,127,5.9,153.5,30.0,26.7,base.stl,0
90,163.8,24.2,52,113.2,56.5,16.7,26.8,wrist.b.stl,0
90,98,150.6,36.5,174.5,19.4,50.0,25.3,wrist.b.stl,0
90,93.1,160.5,17,157.5,155.4,50.0,18.1,elbow.b.stl,0
90,25.8,170.6,162.8,8.9,60.6,50.0,26.4,wrist.b.stl,0
90,177.9,91.2,122.7,109.7,125.8,50.0,30.3,wrist.b.stl,0
90,152.1,39,115.1,139.9,125.4,28.4,22.0,wrist.b.stl,0
90,147.4,59.9,177.1,20.6,173.5,50.0,9.9,base.stl,0
90,35.3,164.6,169.6,174.6,73.1,21.6,25.1,wrist.b.stl,0
90,174.8,106.6,123,40.5,148.5,13.8,26.1,wrist.b.stl,0
90,56,30.6,148.6,1.3,159.9,50.0,13.4,elbow.b.stl,0
90,178.6,104.5,169.5,99.7,106.3,50.0,29.1,wrist.b.stl,0
90,44.2,46.3,153.5,0.6,98.9,50.0,23.8,wrist.b.stl,0
90,1.3,74.1,65.5,124.1,154.6,38.8,27.0,wrist.b.stl,0
90,135.9,5.2,104.3,104.8,116,36.1,29.2,wrist.b.stl,0
90,129,11.2,46,28.2,147.2,27.8,26.8,wrist.b.stl,0
90,91.6,130.9,3.1,169.9,62.4,50.0,-8.7,elbow.b.stl,1
90,127.5,33.4,142.8,22.6,165.3,47.4,5.5,base.stl,0
90,175.8,141.6,155,2.5,118,25.3,23.9,wrist.b.stl,0
90,151.3,62.2,103.8,41.6,37.4,28.5,24.5,wrist.b.stl,0
90,24.2,128.6,68.2,109.7,54.8,31.0,28.0,wrist.b.stl,0
90,2.5,85.5,127.6,158,98.3,50.0,22.5,wrist.b.stl,0
90,88.5,69.8,8.1,170.1,180,50.0,23.5,elbow.b.stl,0
90,151.2,38.8,136.6,146.4,140.8,24.8,25.6,wrist.b.stl,0
90,100.7,38.5,147.7,7.6,57.2,50.0,27.4,wrist.b.stl,0
90,112.2,4,98.5,37.9,122.6,29.2,21.5,wrist.b.stl,0
90,0.5,132,153.8,48.7,103.4,25.9,21.0,wrist.b.stl,0
90,17.2,107.9,37.3,7.8,112.5,44.4,23.9,wrist.b.stl,0
90,175,35.4,8.7,82.8,35.7,24.1,31.3,wrist.b.stl,0
90,168.9,21.5,33.1,122.8,64,9.4,23.7,wrist.b.stl,0
90,43.7,174.8,23,89.6,16.8,31.6,31.1,wrist.b.stl,0
90,17.1,125.7,113,121.1,37.1,17.5,29.0,wrist.b.stl,0
90,14.2,169.1,151.3,42.9,9.3,-0.4,22.5,wrist.b.stl,1
90,172.7,66.1,40.7,30.3,77.6,9.2,20.9,wrist.b.stl,0
90,157.4,41.5,121.1,165,31.9,6.8,25.1,wrist.b.stl,0
90,150,28.6,146.4,97.2,77.3,18.7,29.5,wrist.b.stl,0
90,171.4,55.9,72.2,157.5,60.4,34.4,28.6,wrist.b.stl,0
90,153.5,9.8,39.5,96,120.7,50.0,30.6,wrist.b.stl,0
90,28.4,105.1,37.3,136.5,0.9,34.0,22.9,wrist.b.stl,0
90,6.9,48.5,25.3,156.7,110.4,30.7,22.7,wrist.b.stl,0
90,172.2,72,98.4,158.6,42.7,43.5,25.3,wrist.b.stl,0
90,18.7,125.9,75.2,9.2,121,35.1,24.4,wrist.b.stl,0
90,157.6,22.1,36.9,75.4,126.8,46.9,28.3,wrist.b.stl,0
90,7,87.8,0.6,64.4,104.5,48.6,25.1,wrist.b.stl,0
90,29.7,149.8,2.7,96.7,77.3,26.9,29.6,wrist.b.stl,0
90,145,55.8,127.5,37.9,46.9,29.1,25.9,wrist.b.stl,0
90,162.2,139,5.7,170.2,2.9,50.0,-6.2,elbow.b.stl,1
90,151.6,39.2,41.8,21.5,171.1,10.1,27.5,wrist.b.stl,0
90,18.6,131.1,89.7,1.6,98.7,40.4,23.9,wrist.b.stl,0
90,150.6,23.9,173.2,75.6,32.5,14.7,22.8,base.stl,0
90,147.8,20.9,153.5,85.1,14,8.5,26.5,base.stl,0
90,37.5,134.8,27.8,151.1,165.3,44.9,26.6,wrist.b.stl,0
90,158.3,55.9,122.1,152.8,114.6,36.7,21.7,wrist.b.stl,0
90,144.1,38.6,84.7,49.5,13.8,33.9,23.5,wrist.b.stl,0
90,19.1,154,138.9,5.8,25.7,46.8,25.3,wrist.b.stl,0
90,30.9,56.2,176.6,7.7,64.8,50.0,-5.5,elbow.b.stl,1
90,163.2,69.9,139.3,132.4,96.5,41.9,21.2,wrist.b.stl,0
90,25.7,123.2,6.8,34.9,136.4,50.0,25.9,wrist.b.stl,0
90,110.7,8.5,166.7,29.8,97.3,50.0,11.5,elbow.b.stl,0
90,157.6,81.6,169.4,37.1,143.6,50.0,26.3,wrist.b.stl,0
90,145.6,22.1,135.9,91.4,60.8,25.0,32.3,wrist.b.stl,0
90,147.4,14.1,45.5,59.4,82.3,15.0,26.7,wrist.b.stl,0
90,6,158.4,160.8,83.4,48.6,14.5,33.1,wrist.b.stl,0
90,45.1,120.1,71.3,158.7,82.5,50.0,23.9,wrist.b.stl,0
90,1.2,146.9,167.7,48,175.2,9.5,25.9,wrist.b.stl,0
90,31.9,162.8,112.8,30.2,104.3,39.4,20.6,wrist.b.stl,0
90,136.7,7.6,125.7,79,2.4,21.1,28.2,base.stl,0
90,77.1,160.2,56.2,177.5,133.1,50.0,26.3,wrist.b.stl,0
90,45.7,176.6,94.2,107.4,6.5,24.2,28.3,wrist.b.stl,0
90,137.8,9.3,150.9,147.5,172.6,13.3,25.8,wrist.b.stl,0
90,137.5,44.4,126,33.6,24.4,27.0,22.8,wrist.b.stl,0
90,146.8,25.1,142.2,126.1,73.4,26.0,21.7,wrist.b.stl,0
90,95.6,12.4,98.4,1.2,86.4,50.0,17.7,base.stl,0
90,164.2,31.7,49,105.5,5.3,45.5,28.7,wrist.b.stl,0
90,21.3,134.4,86,21.5,126.5,34.6,24.8,wrist.b.stl,0
90,131.8,0.5,96.2,135.2,159.5,35.3,25.4,wrist.b.stl,0
90,43.9,173.3,162.7,173,52.9,16.6,28.8,wrist.b.stl,0
90,16.7,39.1,1.2,176.2,142.6,50.0,2.2,elbow.b.stl,0
90,19.9,65.3,50.9,163.2,37.8,50.0,25.4,wrist.b.stl,0
90,22.6,75.2,77.3,166.4,34.3,50.0,25.5,wrist.b.stl,0
90,168,78.1,129.8,157.3,135.4,44.4,23.5,wrist.b.stl,0
90,52.4,140.7,69.1,159.8,130.9,31.3,23.4,wrist.b.stl,0
90,4.9,151.3,175.9,31.2,104.7,16.3,20.5,wrist.b.stl,0
90,12.9,85.8,35,123.2,92.6,42.9,22.3,wrist.b.stl,0
90,9.1,109.4,52.6,53.3,164.8,16.7,27.8,wrist.b.stl,0
90,160,47.2,86.5,69.4,130.1,24.1,26.7,wrist.b.stl,0
90,64.4,153,18.7,161.5,23.7,50.0,19.5,elbow.b.stl,0
90,55.3,132.2,27.3,168.9,82,50.0,24.6,wrist.b.stl,0
90,133.3,10.4,114.9,67.6,149.3,28.3,28.5,wrist.b.stl,0
90,13.9,132.5,107.8,109.5,3.2,6.6,27.6,wrist.b.stl,0
90,160.2,9.7,10.8,69.3,94,27.4,27.3,wrist.b.stl,0
90,138.4,8.1,175.8,99.8,107.4,34.8,23.5,base.stl,0
90,79.4,143,19.1,170.7,156.6,50.0,10.0,elbow.b.stl,0
90,45.7,127.9,100.8,162.6,89.3,50.0,23.6,wrist.b.stl,0
90,42.1,160.2,7.3,32.6,146.6,14.9,26.2,wrist.b.stl,0
90,162.9,58.9,129.3,68.4,2.8,12.0,30.8,wrist.b.stl,0
90,175.1,88.1,127.9,139.2,74.5,41.3,22.4,wrist.b.stl,0
90,155.7,101.9,144.1,4.6,155.7,35.8,28.5,wrist.b.stl,0
90,105.4,18.4,150.5,16.4,167.1,50.0,22.0,base.stl,0
90,176.9,53.5,7.6,46.9,40.8,42.8,24.6,wrist.b.stl,0
90,164.1,72.5,55.5,14.6,117.5,37.5,23.9,wrist.b.stl,0
90,41.5,166.7,46.4,109,92.9,29.9,26.5,wrist.b.stl,0
90,43.6,144.8,36.8,138.4,51.8,44.6,26.2,wrist.b.stl,0
90,1.6,73.3,17.6,104.6,110.8,50.0,28.6,wrist.b.stl,0
90,162.1,55.4,53.1,32.4,69.6,4.9,22.6,wrist.b.stl,0
90,165.6,26.1,16,68.9,113.6,37.6,26.7,wrist.b.stl,0
90,140,14.8,171.5,66.3,120.2,31.9,18.5,base.stl,0
90,157.7,58.3,150.9,150,77.1,35.8,23.7,wrist.b.stl,0
90,51.8,165,114.4,134.7,46,33.1,26.3,wrist.b.stl,0
90,172.5,84.8,141.6,118.1,137.2,39.3,29.5,wrist.b.stl,0
90,18.6,77.9,9.4,156.8,71.9,45.4,25.7,wrist.b.stl,0
90,46.3,172.3,66,113,132,31.3,31.4,wrist.b.stl,0
90,38.6,103.3,69.3,177.5,163.2,50.0,28.2,wrist.b.stl,0
90,170.6,86.7,123.5,52.2,49.9,12.3,27.0,wrist.b.stl,0
90,21.8,112,89.9,131.1,80.8,33.6,20.6,wrist.b.stl,0
90,33.4,174.2,132.6,95.1,116.1,50.0,30.2,wrist.b.stl,0
90,115.3,53,167,3.1,105.8,50.0,10.3,elbow.b.stl,0
90,10.3,101.6,14.8,57.9,135.9,32.9,23.7,wrist.b.stl,0
90,30.4,151.7,59,58.2,146.3,18.2,26.4,wrist.b.stl,0
90,21.7,142,18.1,99.4,143.3,7.9,33.8,wrist.b.stl,0
90,31.4,152.8,89,82.9,82.6,50.0,30.4,wrist.b.stl,0
90,62.7,142.5,67.6,163.2,57.5,50.0,29.2,wrist.b.stl,0
90,154.9,16.2,162.9,124.5,0,-51.2,18.1,base.stl,1
90,16.9,109,39.4,21,97.6,40.7,22.2,wrist.b.stl,0
90,152.6,21,54.5,122.8,144,50.0,27.8,wrist.b.stl,0
90,41.4,145.6,105.6,138.6,111.6,33.9,20.0,wrist.b.stl,0
90,154.2,40.1,168.1,126.7,170.4,6.8,27.5,wrist.b.stl,0
90,37.5,166.8,36.9,89.2,121,19.3,30.5,wrist.b.stl,0
90,32.5,172.2,152.4,116.4,117.8,35.9,27.1,wrist.b.stl,0
90,10,108.7,58.2,76.4,136.7,38.2,29.2,wrist.b.stl,0
90,17.8,116.9,122.9,134.5,106.2,44.4,20.2,wrist.b.stl,0
90,120.5,0.1,95.7,48.8,52.6,25.8,27.0,wrist.b.stl,0
90,24.5,135,61.8,17,124.3,24.1,24.7,wrist.b.stl,0
90,44.9,162.6,44.1,125.5,108,44.1,22.3,wrist.b.stl,0
90,175.1,85.5,127.3,92.5,170.7,50.0,34.2,wrist.b.stl,0
90,119.7,24.7,67.1,10.1,163.4,50.0,28.0,wrist.b.stl,0
90,165.2,21.4,34,179.1,4.8,26.1,25.1,wrist.b.stl,0
90,9.6,100.4,38.7,83.5,104.4,46.1,30.0,wrist.b.stl,0
90,167.7,76.3,159.1,79.5,146.7,30.5,31.7,wrist.b.stl,0
90,178.8,110.2,92.5,22.8,17.7,23.7,23.6,wrist.b.stl,0
90,75,162,11.5,159.5,14.8,50.0,12.5,elbow.b.stl,0
90,0.9,146.5,168.7,53.9,170.5,8.8,27.5,wrist.b.stl,0
90,144.9,4.2,83.3,171.9,52,2.5,29.2,wrist.b.stl,0
90,128,23.8,69.8,22.3,28.6,28.7,25.1,wrist.b.stl,0
90,140.5,13,127.5,132,87.5,22.8,20.6,wrist.b.stl,0
90,169,74.6,130.1,88.6,123.8,49.0,30.6,wrist.b.stl,0
90,26.3,129.7,79.4,120.5,131.6,26.1,29.3,wrist.b.stl,0
90,116.1,11.7,123.1,34.2,147.1,36.0,12.3,base.stl,0
90,124.9,30.7,78.5,15.6,111.8,47.1,23.3,wrist.b.stl,0
90,59.7,173.7,66.6,141.7,128.9,21.6,22.6,wrist.b.stl,0
90,148.6,11.7,75.1,113.7,0.9,22.4,26.2,wrist.b.stl,0
90,7.3,114,90.1,68.1,68.1,43.1,32.1,wrist.b.stl,0
90,5.2,121.2,116.3,85.3,74.8,50.0,31.2,wrist.b.stl,0
90,130.8,20.8,88.6,45.1,72.3,22.7,25.2,wrist.b.stl,0
90,164.5,60.5,126.1,98,157.6,34.2,33.4,wrist.b.stl,0
90,167.8,59.8,88.4,109.4,137.4,50.0,31.8,wrist.b.stl,0
90,168.3,65.9,104.4,65.3,67.4,10.2,31.9,wrist.b.stl,0
90,106.1,167.3,0.8,140.6,74.9,50.0,16.9,elbow.b.stl,0
90,52.2,179.5,18.8,44.4,105.4,28.9,21.3,wrist.b.stl,0
90,90.7,162.2,7.9,162,4.9,50.0,5.0,elbow.b.stl,0
90,9.4,133.2,130.6,12.5,54.9,45.1,27.2,wrist.b.stl,0
90,157.2,13.6,17.5,53.6,62.4,-1.0,27.9,wrist.b.stl,1
90,135,9.1,106.3,75.5,144.4,31.4,30.0,wrist.b.stl,0
90,171.5,55.3,16.1,25.8,20.7,30.3,23.5,wrist.b.stl,0
90,124.9,9.3,156.5,47.8,65.9,50.0,12.7,base.stl,0
90,171,141.6,9.3,149.6,101.6,50.0,21.0,wrist.b.stl,0
90,148.2,177.5,44.4,166,104.8,50.0,8.6,elbow.b.stl,0
90,151.6,34.1,151.8,84,148.7,21.5,33.4,wrist.b.stl,0
90,37.1,140.7,47.2,127.5,28.3,28.1,26.1,wrist.b.stl,0
90,32.3,112.6,98.7,161.7,0.9,50.0,26.3,wrist.b.stl,0
90,89,8.8,123.9,12.8,93.6,50.0,6.9,base.stl,0
90,47.9,144.2,124,165.2,61.3,50.0,28.1,wrist.b.stl,0
90,41.3,171.9,86.2,23.9,127.2,24.8,24.7,wrist.b.stl,0
90,152.8,76.5,155.8,33.4,94.1,42.5,20.4,base.stl,0
90,136.2,163.1,22.6,146.7,118.9,50.0,20.5,wrist.b.stl,0
90,32.2,160.2,22.8,70.2,175.4,-2.6,31.6,wrist.b.stl,1
90,34.6,139.9,122.9,139.2,99.8,43.0,21.0,wrist.b.stl,0
90,157.2,12.5,12.3,46.6,66.1,-9.6,27.3,wrist.b.stl,1
90,131.6,0.3,169.5,171.5,146.5,-21.0,2.9,base.stl,1
90,23.1,7.3,171.6,15.1,7.4,50.0,2.3,elbow.b.stl,0
90,6.8,109.8,79,64.7,20.3,36.5,27.1,wrist.b.stl,0
90,44.9,174.9,5.7,109.7,36,35.6,32.4,wrist.b.stl,0
90,158.5,86.9,110.5,16.1,131.4,19.7,26.0,wrist.b.stl,0
90,176.2,62.4,23,38.1,96.4,27.5,20.5,wrist.b.stl,0
90,170.5,27.8,10.4,128.9,135.7,30.6,27.5,wrist.b.stl,0
90,171.4,110.2,115.1,13.3,54.3,16.2,27.2,wrist.b.stl,0
90,163.6,77.6,155.1,58.7,156.9,31.9,30.4,wrist.b.stl,0
90,21.8,105.6,1.2,127.6,44.2,50.0,27.5,wrist.b.stl,0
90,5.1,47.4,41.7,156.1,143.6,41.0,25.5,wrist.b.stl,0
90,156.5,51.4,161.3,60.1,178.7,25.5,20.3,base.stl,0
90,44.2,100.5,20.9,172.5,156.3,50.0,28.7,wrist.b.stl,0
90,29.5,177,147.6,22.6,122.2,43.1,23.8,wrist.b.stl,0
90,0.6,13.4,164.3,14,126.7,50.0,-3.5,elbow.b.stl,1
90,148.1,61.1,67.3,3.2,29.5,50.0,25.3,wrist.b.stl,0
90,72,3.1,127.8,10.9,98.4,50.0,9.3,base.stl,0
90,135.1,4.1,122,88.2,31.7,33.0,31.8,wrist.b.stl,0
90,91.7,178.3,30.9,156.4,22.7,50.0,21.3,elbow.b.stl,0
90,147.2,26.3,120.1,95.6,89.6,32.9,29.8,wrist.b.stl,0
90,149.5,81.6,159.5,12.4,130.5,42.5,-4.6,base.stl,1
90,28.4,124.2,50.9,132.3,138.9,16.7,27.0,wrist.b.stl,0
90,166.7,58.5,101.9,139.1,172.6,25.1,25.5,wrist.b.stl,0
90,131.2,25.4,149.5,38.7,102.2,50.0,9.1,base.stl,0
90,20.6,64.9,57,164.8,82.6,50.0,24.4,wrist.b.stl,0
90,155,20.5,83.6,148.3,25.4,-4.1,22.1,wrist.b.stl,1
90,16.4,54.3,63.3,174.1,126.3,50.0,25.1,wrist.b.stl,0
90,169.4,86.2,108.3,50.4,128.9,21.2,21.7,wrist.b.stl,0
90,27.1,167.3,147.2,6.3,98.4,50.0,24.2,wrist.b.stl,0
90,23.3,130.5,52.8,61.3,46.5,32.6,26.5,wrist.b.stl,0
90,74,171.1,66.2,179.2,167.4,26.9,28.2,wrist.b.stl,0
90,82.5,171.9,18.1,159.6,169.7,50.0,15.2,elbow.b.stl,0
90,62.7,150.9,80.9,153.9,43.4,50.0,25.0,wrist.b.stl,0
90,4.4,140.6,143.9,23.2,29.7,15.7,25.2,wrist.b.stl,0
90,168.6,72.4,116.1,77.9,164.8,42.3,33.5,wrist.b.stl,0
90,179.3,132.8,24.6,176.7,168.4,50.0,28.3,wrist.b.stl,0
90,165.1,20.8,16.8,80.1,118,40.9,29.3,wrist.b.stl,0
90,176.8,98.1,105.3,56.7,144.3,35.9,25.7,wrist.b.stl,0
90,167.8,78.6,152.8,123.6,127.2,39.1,27.6,wrist.b.stl,0
90,146.4,87.2,1.6,171.8,167.4,50.0,11.3,elbow.b.stl,0
90,10.5,33.7,15.6,177,109.7,50.0,24.2,wrist.b.stl,0
90,125,9.5,101.9,50.1,158.3,26.7,27.1,wrist.b.stl,0
90,152.7,14.4,15.9,52.9,152.8,27.7,28.7,wrist.b.stl,0
90,56.5,54,167.4,0.6,54.6,50.0,13.0,elbow.b.stl,0
90,33.1,76,44,178.1,44.3,50.0,28.5,wrist.b.stl,0
90,47.8,166.4,66.4,129.6,138.6,16.4,27.1,wrist.b.stl,0
90,126.6,3.7,21.4,16.1,173.7,50.0,28.2,wrist.b.stl,0
90,159.9,61.1,59.7,27.2,124.5,17.6,23.7,wrist.b.stl,0
90,22.5,115.2,25.4,18.2,83.2,48.2,22.6,wrist.b.stl,0
90,32.6,159,103.7,18.5,102,41.1,22.6,wrist.b.stl,0
90,152.6,13.3,42.9,148.5,129.4,45.0,21.9,wrist.b.stl,0
90,156,37.3,152.3,155.4,43.1,14.8,25.0,wrist.b.stl,0
90,7.6,97.4,73.9,107,0.6,46.7,28.3,wrist.b.stl,0
90,168.1,46.5,17.7,24.5,172.5,1.7,27.3,wrist.b.stl,0
90,26.8,151.8,45.1,68,178.1,9.7,30.9,wrist.b.stl,0
90,131.5,132.9,10.4,158,85.1,50.0,19.7,elbow.b.stl,0
90,148.3,32,130.9,88.7,38.6,36.9,32.6,wrist.b.stl,0
90,179.4,97.6,109.8,75.5,171.3,50.0,32.8,wrist.b.stl,0
90,137.6,12.9,115.6,87.2,169.4,37.7,34.1,wrist.b.stl,0
90,146.9,33,155.4,155.6,98.7,39.8,22.0,wrist.b.stl,0
90,178.9,150,30.2,171.4,47.1,50.0,24.4,elbow.b.stl,0
90,153.6,31.5,56.8,57.3,63.2,14.0,28.9,wrist.b.stl,0
90,27,173.2,134,76.8,49.7,36.4,31.5,wrist.b.stl,0
90,2.6,72,173.3,10.8,116.5,50.0,24.0,wrist.b.stl,0
90,11.2,136.9,168.2,157.2,170.5,1.8,27.2,wrist.b.stl,0
90,118.2,5,114.4,45.9,92.3,34.8,19.2,base.stl,0
90,164.2,53.2,150,98.8,44.3,10.5,33.9,wrist.b.stl,0
90,174.7,37.9,20.3,91.5,104.7,29.1,30.1,wrist.b.stl,0
90,144.1,77.2,111.9,7.9,7.3,50.0,25.0,wrist.b.stl,0
90,161.9,58.8,52.8,27.3,82,13.3,21.1,wrist.b.stl,0
90,174.1,139.9,7.5,158.7,163.2,50.0,20.3,elbow.b.stl,0
90,22.9,118,47,124.5,112.2,24.4,23.4,wrist.b.stl,0
90,140.3,14.1,159.7,131.4,76.2,20.0,21.1,wrist.b.stl,0
90,167.7,115.2,167.4,30.7,106.4,35.3,20.6,wrist.b.stl,0
90,31.1,147.3,93.5,108.6,44.5,32.8,31.1,wrist.b.stl,0
90,145.6,15.9,106.1,153.3,60.7,7.8,27.9,wrist.b.stl,0
90,137.9,12.1,145.6,67.1,169.3,29.8,13.6,base.stl,0
90,8.4,35.6,47.5,169.7,178,50.0,28.6,wrist.b.stl,0
90,153,34.9,113.2,177.9,52.5,16.2,27.6,wrist.b.stl,0
90,153,42.3,169.8,139.2,142.1,23.7,27.0,wrist.b.stl,0
90,135.3,15.2,120.8,67.8,105.3,38.3,26.1,wrist.b.stl,0
90,21.8,118.7,40.1,103.1,40.5,37.5,33.7,wrist.b.stl,0
90,149.8,36,126.2,68.9,123.8,22.5,26.5,wrist.b.stl,0
90,22.8,106.5,126.7,170,120.6,50.0,24.2,wrist.b.stl,0
90,144.2,13.7,72.1,96.6,144.8,50.0,34.3,wrist.b.stl,0
90,172.1,65,148.3,94.3,23.4,2.2,31.4,wrist.b.stl,0
90,154.3,11.6,54.2,97.2,77.2,34.9,29.5,wrist.b.stl,0
90,6.7,14.1,157,9.5,89.6,50.0,-10.6,elbow.b.stl,1
90,4.5,90.1,38.4,72.1,6.7,42.9,30.7,wrist.b.stl,0
90,164.7,115.9,160.2,12.8,87.7,30.7,21.9,base.stl,0
90,169.7,57.3,36,61.7,153.7,50.0,29.1,wrist.b.stl,0
90,160,54.7,37.7,8.9,40.8,29.0,27.3,wrist.b.stl,0
90,169.6,43.2,6.1,37.9,19.4,33.4,21.5,wrist.b.stl,0
90,148.6,66.9,177.5,23,145.5,50.0,12.1,base.stl,0
90,6.3,13.4,158.2,12.6,52.7,50.0,-1.2,elbow.b.stl,1
90,23.6,130.3,28.7,59.1,130.6,32.4,23.4,wrist.b.stl,0
90,137.5,14.4,72.1,57.3,86.8,20.2,25.0,wrist.b.stl,0
90,0.7,108.4,102.5,1.7,92.7,40.8,23.8,wrist.b.stl,0
90,26.8,131.8,30.9,59.8,16.5,40.8,26.2,wrist.b.stl,0
90,156.7,39.6,93.3,75.7,134.1,24.9,28.8,wrist.b.stl,0
90,16.2,145.7,124.7,16.9,127.1,32.6,25.2,wrist.b.stl,0
90,126.2,44.1,118.8,14.2,157.4,38.9,21.5,base.stl,0
90,143.5,2.6,89.5,134.4,47.2,1.8,26.4,wrist.b.stl,0
90,34.6,75.5,60.9,177.9,71.7,50.0,24.7,wrist.b.stl,0
90,53.1,145.6,0.1,153.9,105.1,50.0,3.1,elbow.b.stl,0
90,43,164.3,46.6,20.7,75.3,35.5,22.4,wrist.b.stl,0
90,97.9,50.7,156.6,1.4,97.8,50.0,23.8,wrist.b.stl,0
90,32.6,138.6,137.4,154.5,109.6,44.5,22.3,wrist.b.stl,0
90,10.5,161.5,162.7,52.2,60.9,21.9,27.5,wrist.b.stl,0
90,10.5,74.4,14.4,129.1,33.4,42.6,27.2,wrist.b.stl,0
90,47.3,160.6,33.1,142.1,138.1,50.0,25.7,wrist.b.stl,0
90,65.6,171.5,43.2,139.6,18.5,50.0,21.4,wrist.b.stl,0
90,11.1,134.1,130.3,2,40.1,50.0,26.2,wrist.b.stl,0
90,10.9,100.9,35.3,57.3,79.2,37.6,26.9,wrist.b.stl,0
90,117.9,34.6,107.1,2.8,46.4,50.0,27.3,wrist.b.stl,0
90,91.4,12.1,131.3,8.6,26.3,50.0,8.7,base.stl,0
90,10.3,137.8,136,94.4,160.7,50.0,33.9,wrist.b.stl,0
90,157.2,50.2,115.1,102.9,112.3,48.4,29.1,wrist.b.stl,0
90,162,107.6,141.9,17.8,102.1,29.2,22.7,wrist.b.stl,0
90,169.4,49.6,53.3,159.4,160.8,50.0,28.0,wrist.b.stl,0
90,36.2,102.3,23.5,166,40.6,50.0,26.2,wrist.b.stl,0
90,28.2,144,69.2,48.4,100.5,27.2,20.8,wrist.b.stl,0
90,137.1,15.1,173.1,155.2,105.8,5.5,22.1,wrist.b.stl,0
90,20.4,118.1,35.3,64.2,22.6,42.7,26.7,wrist.b.stl,0
90,24.5,163.4,133.2,87.1,167,50.0,34.1,wrist.b.stl,0
90,154.5,51.2,72.5,39.4,25.7,10.4,22.1,wrist.b.stl,0
90,152.9,72.2,132,33.8,109.9,16.2,20.3,wrist.b.stl,0
90,9.7,121.7,142.1,141.8,157.9,9.7,26.1,wrist.b.stl,0
90,1.7,27.2,161.9,9.7,53.3,50.0,-2.0,elbow.b.stl,1
90,5.6,81,122.5,178.2,14.4,50.0,25.1,wrist.b.stl,0
90,26.9,154.6,87.6,78.6,168.2,24.4,33.4,wrist.b.stl,0
90,81.7,15,174.9,17.4,159.8,50.0,0.4,elbow.b.stl,0
90,74.1,49.4,175.9,4.8,38.5,50.0,-12.6,elbow.b.stl,1
90,26.7,73.1,177,1.7,65.5,50.0,11.8,elbow.b.stl,0
90,144.8,20.4,134.3,93,71.3,25.6,30.6,wrist.b.stl,0
90,137.5,52.7,176,13.6,170.9,50.0,12.5,elbow.b.stl,0
90,157.5,69.1,60.2,3.4,26.9,48.0,25.2,wrist.b.stl,0
90,41,173.9,99.7,47.4,115.6,35.4,20.7,wrist.b.stl,0
90,36.3,167.4,43.2,116.6,174.6,7.7,31.3,wrist.b.stl,0
90,21.8,130.7,22.4,80.8,107,24.1,29.6,wrist.b.stl,0
90,155.5,2.9,24.1,128.2,0.8,36.5,22.6,wrist.b.stl,0
90,11.8,119.6,87.5,77.3,49.2,50.0,31.6,wrist.b.stl,0
90,149.1,119.1,13.9,168.8,83.4,50.0,24.2,elbow.b.stl,0
90,159.6,10.7,28.3,167.2,122.7,30.9,24.0,wrist.b.stl,0
90,165.1,45.4,64.3,69.5,100.7,24.0,26.8,wrist.b.stl,0
90,12,139.1,120.2,64.8,178.3,31.0,30.1,wrist.b.stl,0
90,23.7,108,38.5,140.7,139.1,17.6,26.6,wrist.b.stl,0
90,1.7,116.6,120.5,68.4,114.4,50.0,26.6,wrist.b.stl,0
90,35.9,148.8,147.7,170.1,33.3,35.5,25.9,wrist.b.stl,0
90,150.3,29.8,167.3,109.1,179.4,6.5,33.7,wrist.b.stl,0
90,82.9,169.2,61.6,166.6,110.2,50.0,24.0,wrist.b.stl,0
90,103.3,177,54.8,171.8,38,50.0,26.7,wrist.b.stl,0
90,16,82.7,54.3,144.2,154.5,31.4,26.4,wrist.b.stl,0
90,82.8,164.1,50.8,162.3,57.9,50.0,29.1,wrist.b.stl,0
90,30.9,142.7,10.1,45,138.8,26.6,25.0,wrist.b.stl,0
90,21.3,131.3,107.5,124.1,9,7.6,23.4,wrist.b.stl,0
90,0.6,82.9,84.6,111.3,65.1,50.0,26.1,wrist.b.stl,0
90,150.3,66.1,126.4,39,12.8,26.7,21.4,wrist.b.stl,0
90,36.6,143.9,139.2,157.8,108.2,46.7,22.8,wrist.b.stl,0
90,19.9,144.9,134.5,1.6,59.8,50.0,27.7,wrist.b.stl,0
90,45.9,177.3,7.6,42,179.7,-14.4,26.1,wrist.b.stl,1
90,5.7,144.1,167.6,10.7,114.1,27.4,23.8,wrist.b.stl,0
90,155.7,44.7,143.5,110.3,157.7,26.6,31.0,wrist.b.stl,0
90,37.1,151.4,45.6,108.6,14.8,26.5,28.7,wrist.b.stl,0
90,146.1,23,95.2,143.9,142.5,30.3,27.0,wrist.b.stl,0
90,43.9,166.9,69.1,113.5,132.2,30.9,31.3,wrist.b.stl,0
90,19.4,132.6,88.6,19,60.2,34.2,24.8,wrist.b.stl,0
90,10,99.7,41.8,49.9,58.2,37.7,27.0,wrist.b.stl,0
90,76,8.3,142.9,18.7,51.2,50.0,21.5,elbow.b.stl,0
90,9.2,105.9,44.7,30.2,173,16.3,26.5,wrist.b.stl,0
90,136.2,4.6,46.5,66.7,169.6,50.0,31.1,wrist.b.stl,0
90,164,64.6,141.1,94,151.4,38.9,34.2,wrist.b.stl,0
90,166.1,70.2,114.2,179.1,110.2,50.0,24.1,wrist.b.stl,0
90,34.6,19.4,168.1,13.6,155.2,50.0,0.0,elbow.b.stl,0
90,173.3,61.8,125.4,168.6,5.4,-18.9,25.8,wrist.b.stl,1
90,43.1,173.1,132.1,142.6,6.2,-18.1,22.9,wrist.b.stl,1
90,44.4,175.4,79.8,14.4,84.9,24.9,23.2,wrist.b.stl,0
90,63.8,169.5,7.7,144.7,102.7,50.0,15.9,elbow.b.stl,0
90,18.3,148.3,118.2,25.3,165.4,23.6,26.6,wrist.b.stl,0
90,140.1,8,82.5,88.7,89.5,50.0,30.1,wrist.b.stl,0
90,104.9,21.4,157.9,19.5,132.9,50.0,19.4,elbow.b.stl,0
90,44.3,127.5,74,156.4,107.6,38.3,22.5,wrist.b.stl,0
90,45.2,170.7,15.9,26.7,167.4,7.7,26.6,wrist.b.stl,0
90,67.7,176,9.1,140.9,158.9,50.0,25.5,elbow.b.stl,0
90,177.6,107.7,90.1,24.4,169.9,26.6,27.1,wrist.b.stl,0
90,5.8,44,64.4,166.5,88.3,50.0,24.0,wrist.b.stl,0
90,26.3,132.8,110.2,125.1,108.9,37.7,22.6,wrist.b.stl,0
90,34.5,139.6,93.5,123.9,117.3,38.3,24.7,wrist.b.stl,0
90,169.8,35.6,51.9,172.1,39.7,15.6,27.0,wrist.b.stl,0
90,20.9,81.9,17,155.8,49,39.0,26.6,wrist.b.stl,0
90,152.2,57.7,92.5,35,129.9,7.3,23.9,wrist.b.stl,0
90,139.1,159.7,11.7,153.2,170,50.0,26.7,wrist.b.stl,0
90,23.4,129.1,59,27.3,114.4,32.0,21.9,wrist.b.stl,0
90,34.8,153.2,49.1,35.6,49.5,26.4,26.1,wrist.b.stl,0
90,4.7,86,47,90.6,89.1,50.0,30.1,wrist.b.stl,0
90,140.7,58.2,78.8,5.5,33.8,50.0,26.0,wrist.b.stl,0
90,162,102.5,150.9,20.5,179.3,22.7,28.5,wrist.b.stl,0
90,45.5,37.8,165.7,4.9,167.2,50.0,-8.2,elbow.b.stl,1
90,166.3,21.5,2.6,86.3,12.6,36.7,31.2,wrist.b.stl,0
90,0.2,112,106.7,70.6,31.1,37.1,28.1,wrist.b.stl,0
90,41.2,179.8,84,16,161.3,7.7,27.6,wrist.b.stl,0
90,163.1,122.3,163.7,9.2,115.9,39.8,20.6,base.stl,0
90,8.2,107.1,73.4,71.1,126.8,48.9,27.1,wrist.b.stl,0
90,154.5,88.2,160.5,17.6,33.1,40.0,14.2,base.stl,0
90,20.4,178.6,174.7,97.3,121.9,40.0,30.7,wrist.b.stl,0
90,177.5,29,9,125.6,68.2,9.3,22.6,wrist.b.stl,0
90,24.8,29.2,165.5,15.6,103,50.0,4.0,elbow.b.stl,0
90,126.1,7.3,106.8,52.2,174.4,22.5,26.7,wrist.b.stl,0
90,4.8,80.1,72.7,121.2,65.3,44.6,23.6,wrist.b.stl,0
90,154.1,64.5,175.9,43.9,124.8,50.0,14.8,base.stl,0
90,168.1,67,67.2,42.1,18.7,4.8,21.4,wrist.b.stl,0
90,170.6,79.5,122.1,159.9,57.5,43.8,29.4,wrist.b.stl,0
90,170.5,140.5,12,172.9,8.1,50.0,-5.5,elbow.b.stl,1
90,26.6,150.6,98,4.1,31.7,31.6,25.6,wrist.b.stl,0
90,80.9,156.1,30.6,177.3,172.1,50.0,3.8,elbow.b.stl,0
90,21.9,115.7,86.8,128.9,126.5,28.5,25.8,wrist.b.stl,0
90,160.2,28.3,59.8,115,115.8,33.5,27.0,wrist.b.stl,0
90,135.9,8,179.3,148,145.2,-25.3,4.5,base.stl,1
90,42.1,124.6,31.8,159,124.2,45.6,22.7,wrist.b.stl,0
90,170.7,57.1,65.6,87.1,157.5,50.0,34.4,wrist.b.stl,0
90,1.7,101.7,80,82.5,16,47.9,30.8,wrist.b.stl,0
90,50.3,134.5,67.7,158.4,126.6,39.7,22.7,wrist.b.stl,0
90,145.6,34.7,156.1,178.7,111.9,43.5,24.1,wrist.b.stl,0
90,159.9,67.8,148.8,170.1,116.6,44.9,24.1,wrist.b.stl,0
90,31.8,145.7,29.9,119.1,124,32.3,27.9,wrist.b.stl,0
90,139.4,14.5,124.2,86,70.4,36.2,31.7,wrist.b.stl,0
90,18,53.9,37.4,169.4,122.6,50.0,24.3,wrist.b.stl,0
90,23.5,135.5,63,61.4,54.8,27.4,28.6,wrist.b.stl,0
90,23.2,135.2,70.5,28.6,67.7,24.3,22.7,wrist.b.stl,0
90,136.7,31.7,129.8,43.2,155.6,26.0,26.0,wrist.b.stl,0
90,28.4,125,6.3,22.9,68.5,50.0,22.7,wrist.b.stl,0
90,21.8,66.2,56.4,171.1,0.8,50.0,26.2,wrist.b.stl,0
90,21.8,139.4,73,24.7,170.3,9.0,27.1,wrist.b.stl,0
90,30.2,65.1,36.5,176.8,162.5,50.0,28.2,wrist.b.stl,0
90,176.8,130,168.5,32.3,138.8,22.3,26.7,wrist.b.stl,0
90,42.9,162,45.8,135.7,150.3,27.6,26.2,wrist.b.stl,0
90,7.2,85,5.2,81.4,11.4,50.0,31.0,wrist.b.stl,0
90,165.5,86.4,142.6,53.3,99.9,27.4,21.8,wrist.b.stl,0
90,132.1,4,11,9.5,97.9,49.7,24.0,wrist.b.stl,0
90,152.4,33.6,108.1,135.7,87.3,19.7,20.1,wrist.b.stl,0
90,40.5,117.7,20.2,162.5,57.6,50.0,29.2,wrist.b.stl,0
90,167.4,6.9,2.4,166.3,109,21.7,24.0,wrist.b.stl,0
90,41.9,169.9,130.1,130.5,165.7,16.2,26.1,wrist.b.stl,0
90,171.1,59.4,69.2,67.1,90.5,21.5,27.2,wrist.b.stl,0
90,140.7,15.1,164.3,121.2,84.3,21.3,23.3,wrist.b.stl,0
90,105.7,43.8,174.9,9.8,69.6,50.0,-7.0,elbow.b.stl,1
90,6.2,138.4,160.9,148.7,39.3,-48.6,24.1,wrist.b.stl,1
90,162,44,35.1,48.3,155.4,30.6,26.9,wrist.b.stl,0
90,9.3,75.4,21.8,117.5,19.1,48.8,27.0,wrist.b.stl,0
90,26.3,83.6,38.8,161,101.1,43.5,23.0,wrist.b.stl,0
90,170.7,85.6,178.2,152.8,109.5,41.1,22.1,wrist.b.stl,0
90,157.8,45.6,132.5,117.5,176.3,18.2,31.2,wrist.b.stl,0
90,57.7,22.7,179.4,23.7,134.3,50.0,4.6,elbow.b.stl,0
90,9.5,89.9,43.3,122.3,142.8,25.4,28.0,wrist.b.stl,0
90,27.7,144.9,78.4,4.3,87.7,28.8,23.9,wrist.b.stl,0
90,15.7,145.2,179.3,171.5,86.7,11.8,24.3,wrist.b.stl,0
90,173.4,81.4,70.8,34.3,78.9,5.7,20.7,wrist.b.stl,0
90,171,59.9,148.1,89.9,3.9,-11.6,31.5,wrist.b.stl,1
90,170.7,52.6,81.7,153.1,12.1,12.0,23.7,wrist.b.stl,0
90,69,140.6,72,172.1,16.8,50.0,25.2,wrist.b.stl,0
90,171.8,103.6,79.1,4,85.5,50.0,24.0,wrist.b.stl,0
90,32.1,84.2,60.8,167.9,107.5,50.0,24.2,wrist.b.stl,0
90,20.2,134,130.4,123.4,163.7,41.1,27.8,wrist.b.stl,0
90,138.8,15.8,71.4,64.9,175.7,39.0,30.2,wrist.b.stl,0
90,178.7,96.3,116.3,71.8,172.5,48.8,32.0,wrist.b.stl,0
90,24.5,60.3,42,177.7,110.9,50.0,24.2,wrist.b.stl,0
90,152.3,23,60.2,69.2,65.1,25.0,33.0,wrist.b.stl,0
90,36.3,142.1,21.1,7.3,95.5,50.0,24.0,wrist.b.stl,0
90,114.2,2,48.9,19.6,70.9,50.0,22.9,wrist.b.stl,0
90,150.1,50.1,116,47.8,117.3,7.1,20.7,wrist.b.stl,0
90,52.6,109.1,43.8,177.1,14.7,50.0,25.2,wrist.b.stl,0
90,172.5,86.8,155.5,156,79.1,30.2,24.1,wrist.b.stl,0
90,136,10.4,46.1,42.2,149.9,14.0,26.2,wrist.b.stl,0
90,43.8,179.9,130,123.9,31.3,0.1,28.1,wrist.b.stl,0
90,17.3,129.1,18.6,96.1,139.3,9.5,33.7,wrist.b.stl,0
90,142.1,0.9,145.7,146.5,20.8,-21.0,21.8,wrist.b.stl,1
90,53,32.9,143.9,2.4,81.6,50.0,24.2,wrist.b.stl,0
90,18.2,97.8,62.8,131.1,76.5,31.7,21.0,wrist.b.stl,0
90,64.3,156,68.5,155.7,109.9,42.6,22.6,wrist.b.stl,0
90,166.9,78.5,173.7,73.2,101.9,42.9,27.8,wrist.b.stl,0
90,13.4,141.8,136.4,64.7,102.6,50.0,25.3,wrist.b.stl,0
90,171.1,64.8,79.2,70,58.9,33.2,31.3,wrist.b.stl,0
90,11.5,142.4,155.4,110.2,104,38.6,26.6,wrist.b.stl,0
90,163.4,4.8,23.4,126.5,62.6,7.5,24.1,wrist.b.stl,0
90,164.7,70.5,159.6,148.8,72.1,32.2,24.7,wrist.b.stl,0
90,66.1,142.6,38.3,174.1,134.5,50.0,26.2,wrist.b.stl,0
90,158.2,77.9,117.6,32.3,164.7,7.2,25.7,wrist.b.stl,0
90,134.3,168.9,43.9,172.8,47.1,50.0,26.6,elbow.b.stl,0
90,168.7,41.2,38.5,105.5,172.3,50.0,33.2,wrist.b.stl,0
90,82.8,32.6,170,9.8,152.6,50.0,-8.4,elbow.b.stl,1
90,69,170.2,66.3,148.8,87.9,37.0,21.6,wrist.b.stl,0
90,17.4,124.7,68.5,74.1,111.3,38.4,28.2,wrist.b.stl,0
90,7.7,73.6,28.7,128.1,119,37.6,23.8,wrist.b.stl,0
90,176.4,27.7,11.5,131.2,50.9,11.7,27.3,wrist.b.stl,0
90,69.6,139.3,83.9,176.1,65.3,50.0,25.8,wrist.b.stl,0
90,167.1,56.7,80.5,131.2,156.2,48.9,25.8,wrist.b.stl,0
90,177.8,75.7,89.2,150.3,48.9,38.3,26.9,wrist.b.stl,0
90,138.3,14.2,105.3,69.7,40.8,36.0,28.2,wrist.b.stl,0
90,164,128.1,23.6,173.7,151.9,50.0,28.9,wrist.b.stl,0
90,39.3,148.1,142.2,175,18.1,43.8,25.3,wrist.b.stl,0
90,54,0.1,155,21,145.7,50.0,4.7,elbow.b.stl,0
90,21.6,134.4,69.2,109.1,146.3,15.8,31.2,wrist.b.stl,0
90,28.4,139.4,137.7,147.3,44.4,28.2,25.8,wrist.b.stl,0
90,125.1,27.1,94.8,24.1,25.7,26.8,24.4,wrist.b.stl,0
90,7.8,89.5,16.4,85,12.2,48.6,31.2,wrist.b.stl,0
90,8.3,96.2,23.7,12.7,16.8,27.4,24.6,wrist.b.stl,0
90,168.4,43.9,1.6,25.9,1.5,42.0,22.8,wrist.b.stl,0
90,23.6,161.5,138.7,19,56.8,44.4,25.8,wrist.b.stl,0
90,122.1,160,25.1,154.3,60.7,50.0,26.8,elbow.b.stl,0
90,109.8,8.1,174.3,26.3,139.6,50.0,2.2,elbow.b.stl,0
90,12.5,145.3,149.1,81.2,99.8,50.0,29.5,wrist.b.stl,0
90,14.8,112.4,44.6,51.8,142,30.5,25.1,wrist.b.stl,0
90,142.8,35.6,62.6,24,30.8,8.6,25.4,wrist.b.stl,0
90,44.1,122.5,107.9,171.3,36.7,50.0,26.4,wrist.b.stl,0
90,9.4,72.6,16.4,138.5,89.7,32.3,20.0,wrist.b.stl,0
90,176.8,52.6,13.2,55,112.7,39.1,22.9,wrist.b.stl,0
90,102.1,121.9,14.6,169.6,125.3,50.0,18.6,elbow.b.stl,0
90,163.3,130.2,168.3,0.7,89.2,50.0,5.9,base.stl,0
90,19.8,71.5,38.2,160.9,8.1,35.4,25.2,wrist.b.stl,0
90,153.2,65.6,114.9,47.1,26.4,34.9,22.0,wrist.b.stl,0
90,41.3,86.6,32.2,179.3,40.9,50.0,27.9,wrist.b.stl,0
90,113.2,23.1,73,10.7,131.7,50.0,25.9,wrist.b.stl,0
90,23.6,139.9,71.1,100.2,133,29.7,32.6,wrist.b.stl,0
90,26.1,134.7,52,94.5,49.5,35.2,33.9,wrist.b.stl,0
90,161.2,101.6,140.6,15.3,156.1,19.4,27.7,wrist.b.stl,0
90,49.9,125.1,69.6,177.5,150.4,50.0,28.6,wrist.b.stl,0
90,175.9,47.9,1.7,166.7,162.9,38.0,7.0,elbow.b.stl,0
90,130.1,138.5,23.5,176.9,31.4,50.0,23.0,elbow.b.stl,0
90,174,58.6,53.2,112.4,118.6,50.0,28.2,wrist.b.stl,0
90,67.3,175.1,130.6,177.9,68.1,50.0,25.1,wrist.b.stl,0
90,137.8,25.1,88.1,50.1,19.4,22.7,22.7,wrist.b.stl,0
90,177,103.2,131.9,43.4,32.3,1.9,22.9,wrist.b.stl,0
90,143.1,14.8,120.5,123.4,34.8,17.7,28.3,wrist.b.stl,0
90,39.7,97.7,74.3,172.8,20.2,50.0,25.3,wrist.b.stl,0
90,141.1,42.8,101.8,35.1,113.1,7.8,20.4,wrist.b.stl,0
90,39.1,2.4,143.8,12.1,150.2,50.0,-0.4,elbow.b.stl,1
90,160.1,43.8,43,62,153.2,50.0,28.9,wrist.b.stl,0
90,25,170.3,142,41.6,147.9,31.3,26.3,wrist.b.stl,0
90,22.2,58.9,22.5,176.3,114.8,50.0,24.3,wrist.b.stl,0
90,56.7,79.9,4.4,176.7,134.3,50.0,21.0,elbow.b.stl,0
90,170.1,52,71.9,137.5,31.4,28.9,23.9,wrist.b.stl,0
90,3.3,46.8,169.4,11.5,99.3,50.0,7.7,elbow.b.stl,0
90,89.3,25.6,163.5,14.3,150.2,50.0,4.3,elbow.b.stl,0
90,26,140.9,66.6,96,55,27.7,32.3,wrist.b.stl,0
90,53.9,173.4,58.7,117.1,55.7,40.0,26.3,wrist.b.stl,0
90,134.4,172.8,23.5,161.6,2.3,50.0,12.6,elbow.b.stl,0
90,2.1,82.9,72.9,111.1,46,47.7,30.1,wrist.b.stl,0
90,154.7,114.7,4.7,169.7,62.4,50.0,5.7,elbow.b.stl,0
90,0.6,58.2,20.3,137.8,168,13.0,25.3,wrist.b.stl,0
90,178.2,109.8,175.9,84.2,141.1,50.0,31.9,wrist.b.stl,0
90,26.1,128.2,50.5,104,10,37.9,29.3,wrist.b.stl,0
90,7.4,159.7,177.6,101,147.2,16.2,33.2,wrist.b.stl,0
90,142.1,5,146.1,111.4,23.4,-4.5,29.3,wrist.b.stl,1
90,170.6,52.8,47,113.2,156.4,50.0,30.1,wrist.b.stl,0
90,147.6,137.6,18,163.6,66.9,50.0,15.8,elbow.b.stl,0
90,14.3,113.7,12,119.1,154.6,22.5,28.4,wrist.b.stl,0
90,28.6,177.7,136.6,86.2,54.9,43.2,34.6,wrist.b.stl,0
90,66,167.4,105,160.5,40.4,37.6,25.3,wrist.b.stl,0
90,178.2,55.4,48.9,168.3,87.9,33.5,24.2,wrist.b.stl,0
90,146.1,16.9,23.6,41.2,0,31.7,24.3,wrist.b.stl,0
90,175,66.8,127,121.1,6.5,-9.5,24.2,wrist.b.stl,1
90,28.7,26.9,172.9,21.2,87.3,50.0,-2.8,elbow.b.stl,1
90,4.1,106,80.5,47.8,162.8,29.2,26.7,wrist.b.stl,0
90,172,86.6,160.1,122.8,164.7,37.0,28.1,wrist.b.stl,0
90,169.8,46.4,13.6,30.6,122.2,14.3,22.7,wrist.b.stl,0
90,14.9,165.4,162.6,88,78.3,35.2,30.6,wrist.b.stl,0
90,20.7,119.9,33,44.2,80.5,35.0,22.4,wrist.b.stl,0
90,105.4,13.1,162.9,19.8,154,50.0,13.8,elbow.b.stl,0
90,155.1,108.2,163.8,6.6,108.9,50.0,7.1,base.stl,0
90,166.9,52.6,33.9,27.3,74.1,1.3,21.5,wrist.b.stl,0
90,176.7,41.3,37.8,108.6,79,25.8,26.8,wrist.b.stl,0
90,6.2,89.5,29.6,23.1,90.5,34.2,22.2,wrist.b.stl,0
90,164.4,33.4,57.2,170.6,86,27.7,24.3,wrist.b.stl,0
90,118.7,177.7,43.8,173.3,140.4,50.0,1.5,elbow.b.stl,0
90,32.3,127.9,20.2,137,31.8,50.0,24.2,wrist.b.stl,0
90,153.5,61.1,68.5,17.5,85,27.5,22.8,wrist.b.stl,0
90,156.5,16.9,5.4,27,78.1,-8.3,21.2,wrist.b.stl,1
90,109.1,178.3,33.1,161.2,158.9,50.0,12.7,elbow.b.stl,0
90,170.8,24.3,13.2,174.4,36.6,26.2,26.8,wrist.b.stl,0
90,157.6,38.2,81.5,95.4,125.8,50.0,31.2,wrist.b.stl,0
90,35.3,149.6,77.3,107.5,85.1,39.7,27.4,wrist.b.stl,0
90,41.1,1.9,160.2,17.4,172.1,50.0,5.1,elbow.b.stl,0
90,43.8,170,35.9,47.3,101.5,35.9,20.7,wrist.b.stl,0
90,147.9,29.3,138.5,105.2,122.3,30.1,30.2,wrist.b.stl,0
90,140.9,24.4,97.7,61.8,21,30.3,26.2,wrist.b.stl,0
90,37.8,139.4,31.8,144.4,122.9,43.6,20.8,wrist.b.stl,0
90,23.8,125.2,50.4,5.1,56.7,39.3,27.9,wrist.b.stl,0
90,4.6,57.6,44,142.4,159.5,36.2,26.0,wrist.b.stl,0
90,149.5,33.1,94.2,73.6,176.1,36.8,32.3,wrist.b.stl,0
90,145.6,26.5,93.5,65.8,172,19.5,30.6,wrist.b.stl,0
90,167.9,23.7,23.9,170.5,102.3,31.3,24.4,wrist.b.stl,0
90,5.6,47.8,22,150.3,95.4,32.0,21.2,wrist.b.stl,0
90,152.4,21.3,89.7,120.9,23.3,10.2,26.9,wrist.b.stl,0
90,9.4,127.8,97.7,51,178.6,13.1,26.4,wrist.b.stl,0
90,143.9,31.3,150.4,48.5,21.2,34.2,4.5,base.stl,0
90,33.3,168.8,172.7,165.3,158.7,6.6,28.6,wrist.b.stl,0
90,31,152.1,7.7,86.9,50.9,26.6,34.4,wrist.b.stl,0
90,137.5,155.3,6,153.2,21.7,50.0,20.3,elbow.b.stl,0
90,161.5,44.4,163.5,61.6,5.7,4.9,12.1,base.stl,0
90,149.6,42,137.1,162.9,75.4,35.3,25.3,wrist.b.stl,0
90,172.3,49.5,48.8,92.4,0.8,50.0,31.4,wrist.b.stl,0
90,17.2,118.6,39.5,26.8,168.1,21.2,26.6,wrist.b.stl,0
90,11.2,92.2,53,117.2,92.9,40.3,23.8,wrist.b.stl,0
90,32.2,166,99.1,74.3,37.4,29.2,29.4,wrist.b.stl,0
90,25.1,92.2,10.2,157.1,17.6,50.0,23.8,wrist.b.stl,0
90,149,1,168.9,163.7,7.2,-97.6,-9.1,base.stl,1
90,1.1,54.2,160.2,2.6,117.6,50.0,23.9,wrist.b.stl,0
90,157.8,38.2,90.9,145.1,152.5,22.1,26.6,wrist.b.stl,0
90,22.5,128.4,19.5,62,102.1,33.1,24.4,wrist.b.stl,0
90,118.3,7.8,74.5,39.2,141.4,37.9,26.9,wrist.b.stl,0
90,16.9,120.5,48.4,106.4,139.9,25.1,32.4,wrist.b.stl,0
90,139.7,169.8,15.6,154.9,6.9,50.0,21.7,elbow.b.stl,0
90,6.4,93.9,21.3,110.5,162.2,24.1,31.2,wrist.b.stl,0
90,21.1,3.6,170.2,21.8,153.1,50.0,0.5,elbow.b.stl,0
90,114.2,10.3,55.9,11.6,50.6,50.0,28.5,wrist.b.stl,0
90,136.3,0.2,159.3,112.1,61.8,8.7,17.6,base.stl,0
90,29,133.5,92.4,131.5,4.8,2.2,22.0,wrist.b.stl,0
90,52,138.3,97.5,178.7,163.9,50.0,28.1,wrist.b.stl,0
90,3.1,69.7,118.3,176.7,51.7,50.0,28.1,wrist.b.stl,0
90,44.7,139,110.2,154.6,16.1,50.0,23.5,wrist.b.stl,0
90,171.8,76.1,172.2,137.3,61.4,23.6,26.2,wrist.b.stl,0
90,25.8,137.9,138.8,139.3,72.4,31.3,23.0,wrist.b.stl,0
90,25.4,109.4,58,127.6,19.3,31.2,23.9,wrist.b.stl,0
90,21.1,142.9,75.2,86.5,174.9,20.2,34.2,wrist.b.stl,0
90,28.7,140.8,54.4,104.5,36.6,20.7,33.0,wrist.b.stl,0
90,157.1,23.6,156.6,170,2.3,-45.9,26.1,wrist.b.stl,1
90,132,4.4,129.7,73.8,34.1,37.6,22.9,base.stl,0
90,176.2,125.8,119.3,5.9,44.4,30.4,27.6,wrist.b.stl,0
90,120.1,14,68.7,31.3,170,44.1,26.2,wrist.b.stl,0
90,159.6,17.9,41.8,128.9,14.4,28.5,22.7,wrist.b.stl,0
90,93.3,8.6,152.4,24.8,87.9,50.0,15.2,elbow.b.stl,0
90,160.9,25.8,28.4,99.4,151.8,50.0,33.3,wrist.b.stl,0
90,160.6,26.6,1.3,25.5,45.4,18.2,28.0,wrist.b.stl,0
90,136.1,1.1,32.4,37.2,98.9,0.8,21.1,wrist.b.stl,0
90,161.9,52.2,94.8,76,176.3,37.4,32.8,wrist.b.stl,0
90,171.5,40.8,41.2,92.1,58.6,45.8,32.6,wrist.b.stl,0
90,142.7,36.5,44.2,14.2,169.6,40.0,28.0,wrist.b.stl,0
90,4,97.9,63.6,35.6,48.3,29.9,26.0,wrist.b.stl,0
90,47.9,168,18.2,11.3,27.6,34.5,25.6,wrist.b.stl,0
90,27.7,163.2,113,69.2,46.3,30.9,28.6,wrist.b.stl,0
90,91.4,172.6,6.5,141.3,96.7,50.0,17.3,elbow.b.stl,0
90,55.7,169.5,25.2,141,101.7,50.0,21.1,wrist.b.stl,0
90,96.6,102.6,0.6,160,150.6,50.0,15.4,elbow.b.stl,0
90,15,94.4,8.5,133.6,136.9,46.7,27.3,wrist.b.stl,0
90,79.8,35.6,148.9,0.6,162.2,50.0,23.9,elbow.b.stl,0
90,12.7,153.5,151.5,13.2,12.4,33.5,24.5,wrist.b.stl,0
90,5.9,74.5,15.8,108.1,21,50.0,29.6,wrist.b.stl,0
90,131.2,3.6,55.6,63.5,159.7,50.0,31.5,wrist.b.stl,0
90,13,13.4,148.4,3.9,24.1,50.0,-6.1,elbow.b.stl,1
90,41.3,179,89,42.8,164.1,14.5,25.6,wrist.b.stl,0
90,26.8,122,56.5,123.7,56.2,26.1,26.0,wrist.b.stl,0
90,16.1,119.1,120.9,131.1,77.1,25.8,21.0,wrist.b.stl,0
90,3.7,88,36.2,42.9,107.8,32.3,20.6,wrist.b.stl,0
90,41.1,169.1,42.8,56.7,130.8,31.7,22.8,wrist.b.stl,0
90,5.4,156.9,177.4,75.2,133.6,12.5,28.6,wrist.b.stl,0
90,1.2,101.4,84.5,30.5,102.2,31.7,20.6,wrist.b.stl,0
90,155.8,27.1,74.8,146.1,77.8,21.0,22.9,wrist.b.stl,0
90,155.2,70.4,95.3,20.8,139.5,7.5,28.0,wrist.b.stl,0
90,153.3,29.2,37.9,38.9,36.8,-1.4,24.7,wrist.b.stl,1
90,95.4,17.5,157.8,21.8,86.2,50.0,15.5,elbow.b.stl,0
90,26.3,160.9,158.5,135.1,89.2,-1.4,20.2,wrist.b.stl,1
90,18.4,133.4,90,17.2,125.3,28.6,24.8,wrist.b.stl,0
90,166.4,12.9,30,170.4,80.5,4.3,24.7,wrist.b.stl,0
90,145.1,152.9,25.9,167.3,25.8,50.0,10.1,elbow.b.stl,0
90,116.3,14.3,135.5,30.3,101.1,50.0,14.1,base.stl,0
90,129.8,26.8,129.7,34.8,41.4,34.2,23.6,base.stl,0
90,146.9,20.2,164.4,108.9,79.6,13.8,26.7,wrist.b.stl,0
90,13.6,132.1,95.6,97.7,157.5,32.6,33.5,wrist.b.stl,0
90,150.7,50.5,96.1,44.1,86.1,5.7,21.0,wrist.b.stl,0
90,75.8,112.2,20.3,175.7,171,50.0,28.5,wrist.b.stl,0
90,40.8,172.2,38.1,101.8,68,22.9,28.8,wrist.b.stl,0
90,13.2,119.1,72.4,74,27.4,38.2,29.1,wrist.b.stl,0
90,176.7,87.7,27.4,0.4,115.3,50.0,23.7,wrist.b.stl,0
90,170.9,31.1,14.9,141.4,13.2,33.4,21.6,wrist.b.stl,0
90,143.8,19.3,107,118.7,124.6,28.7,28.2,wrist.b.stl,0
90,23.8,135.7,52.3,94.9,15.4,19.5,30.9,wrist.b.stl,0
90,158.1,56.5,38.3,11.5,128.5,47.1,25.4,wrist.b.stl,0
90,1.1,93.5,50.1,43,12.1,15.4,22.0,wrist.b.stl,0
90,130.1,0.8,93.3,100.6,160.4,50.0,33.1,wrist.b.stl,0
90,61.2,153.1,22.8,154.9,49.7,50.0,26.8,wrist.b.stl,0
90,178.6,138.3,146.1,7.6,160.5,16.0,28.2,wrist.b.stl,0
90,161,67.1,61.1,14.5,80.4,19.6,23.2,wrist.b.stl,0
90,65,141.6,70.9,163.2,45.7,50.0,26.6,wrist.b.stl,0
90,177.8,38.4,10.6,141.2,91.5,18.3,20.1,wrist.b.stl,0
90,29.7,151.5,7.9,71.5,166.4,2.3,32.4,wrist.b.stl,0
90,165.8,102.9,144.2,38,78.3,30.2,21.3,wrist.b.stl,0
90,114,23.3,159.4,23.6,96.6,50.0,21.8,wrist.b.stl,0
90,169.5,117.9,116.5,1.7,164,45.5,28.1,wrist.b.stl,0
90,13.9,92.3,121.6,172.1,132.6,50.0,25.6,wrist.b.stl,0
90,4,97.8,60.7,84.9,135.9,48.6,31.3,wrist.b.stl,0
90,141,45.9,173.5,27,88.2,50.0,12.1,base.stl,0
90,5.5,49.4,33.4,145.2,76.9,42.1,22.9,wrist.b.stl,0
90,12.5,131,157.7,173.1,20.8,-9.1,25.3,wrist.b.stl,1
90,133.1,5.5,117.2,173.1,155.6,29.8,28.7,wrist.b.stl,0
90,18.1,115.3,41.2,19.1,178.5,32.1,28.5,wrist.b.stl,0
90,64.3,152,88.2,153.7,47.8,50.0,26.2,wrist.b.stl,0
90,24.5,141.3,145.2,142.7,103.5,19.5,21.2,wrist.b.stl,0
90,151.1,28.5,93.8,82.2,138.7,31.4,31.1,wrist.b.stl,0
90,69.1,17.7,134.1,7.4,93.9,50.0,23.9,wrist.b.stl,0
90,26.2,134.6,10.3,79.6,27.7,31.3,30.3,wrist.b.stl,0
90,118.4,36.2,125.3,8.6,50.1,48.9,-7.6,base.stl,1
90,138.6,12.7,121.4,84.9,83.5,36.3,30.4,wrist.b.stl,0
90,154.4,37,54.1,45.2,27.2,4.2,21.9,wrist.b.stl,0
90,151.3,53,155.4,178.5,104.2,50.0,24.1,wrist.b.stl,0
90,8.7,90.9,33.3,92.3,42.9,50.0,33.8,wrist.b.stl,0
90,115.3,50,149.8,3.4,33.1,50.0,20.5,base.stl,0
90,10.6,80.9,2,134.2,102.8,50.0,20.4,wrist.b.stl,0
90,179.6,141.5,172.6,19.6,65.3,19.6,19.6,base.stl,0
90,171,52.5,46.5,59.8,32.4,15.7,24.8,wrist.b.stl,0
90,10.1,109.7,64.1,66.9,127.4,37.0,25.8,wrist.b.stl,0
90,45.7,33,167.1,18.7,110.7,50.0,12.6,elbow.b.stl,0
90,162.3,123.8,15.4,172.1,48.2,50.0,28.7,wrist.b.stl,0
90,34.8,149.6,66.1,109.8,124.3,38.8,30.0,wrist.b.stl,0
90,28.8,152.7,1.9,94.6,152.6,22.2,34.0,wrist.b.stl,0
90,171.3,158.2,36.1,166.3,122.9,50.0,23.9,wrist.b.stl,0
90,8.5,118.2,97.7,76.6,153.5,50.0,32.3,wrist.b.stl,0
90,54.6,9.2,170.3,26.1,122.4,50.0,6.0,elbow.b.stl,0
90,36.6,138.5,19,145.5,149.7,50.0,27.0,wrist.b.stl,0
90,162.2,84.9,83.4,15.5,29.8,36.6,25.8,wrist.b.stl,0
90,178.8,87.2,93.6,80.3,114.1,50.0,29.5,wrist.b.stl,0
90,160.7,8.7,42.7,154.8,75,-4.3,24.8,wrist.b.stl,1
90,14.6,164.4,137.5,52.4,15.4,-5.8,24.1,wrist.b.stl,1
90,20,139.7,112.6,47.2,99.4,50.0,20.6,wrist.b.stl,0
90,40.2,174,21.3,76.7,177.2,7.1,32.9,wrist.b.stl,0
90,10.4,105.3,47.6,71.5,145.9,37.5,29.0,wrist.b.stl,0
90,164.3,100.6,136.2,31.5,130.2,22.8,24.5,wrist.b.stl,0
90,146.3,44.7,58.9,19.8,22,26.1,24.4,wrist.b.stl,0
90,7.8,46.3,34,156.6,168.3,44.9,27.2,wrist.b.stl,0
90,36.4,162.7,105.6,93.5,91.4,50.0,30.0,wrist.b.stl,0
90,154.4,48.4,132.9,168.5,101.2,30.1,24.1,wrist.b.stl,0
90,175.8,82.9,81.2,53.8,90.4,20.0,23.2,wrist.b.stl,0
90,29.1,142.5,70.8,102.7,14.4,31.4,29.8,wrist.b.stl,0
90,107.8,3.4,72.4,20.3,118.3,42.3,23.5,wrist.b.stl,0
90,150,31,53.1,50.6,165.8,19.6,27.1,wrist.b.stl,0
90,175.2,140.1,173.2,19,118,25.3,21.6,base.stl,0
90,28.6,144.2,151.6,155.2,71.9,32.1,25.5,wrist.b.stl,0
90,25.4,139,1.3,118.3,105.6,21.3,24.3,wrist.b.stl,0
90,102.5,173.2,12.2,150.3,15.4,50.0,22.9,wrist.b.stl,0
90,71,161.5,79.5,161.7,107.1,49.2,23.4,wrist.b.stl,0
90,20,127.2,10.2,68.2,170.9,12.5,31.3,wrist.b.stl,0
90,161.9,60.8,55.9,29.7,104.3,16.5,20.7,wrist.b.stl,0
90,22.3,150.5,99.2,87.9,162.6,34.5,34.2,wrist.b.stl,0
90,26.1,161.2,131.3,119.1,16.2,-12.9,26.0,wrist.b.stl,1
90,156.9,44.8,22.1,19.2,0.3,50.0,23.9,wrist.b.stl,0
90,79.5,158.7,37.6,167.7,26.8,50.0,25.1,wrist.b.stl,0
90,178.5,75.4,28.3,36.4,135.5,50.0,25.3,wrist.b.stl,0
90,39.6,170.8,131.8,114,90.9,43.0,24.9,wrist.b.stl,0
90,174.4,112.4,136.3,41,121.5,20.8,20.8,wrist.b.stl,0
90,106.9,102.2,1.3,172.5,91.7,50.0,5.2,elbow.b.stl,0
90,163.3,45.4,16.2,18.1,140.8,27.8,28.3,wrist.b.stl,0
90,163.9,57,120.1,128.5,171.1,19.3,27.1,wrist.b.stl,0
90,127.5,52.5,104.6,4,79.2,50.0,24.3,wrist.b.stl,0
90,133.9,5.1,91.7,115.7,136,48.5,30.2,wrist.b.stl,0
90,140,11.3,81.3,132.8,122.9,44.1,23.3,wrist.b.stl,0
90,9.3,118,90.4,45.1,102.3,31.6,20.8,wrist.b.stl,0
90,159.7,41.4,76.5,171.2,126.1,46.3,24.7,wrist.b.stl,0
90,31.4,152.6,58.7,8.7,0,14.0,25.4,wrist.b.stl,0
90,31,178.6,142.9,12.3,12,41.0,24.5,wrist.b.stl,0
90,37.9,158.5,54.6,130.6,178.1,7.1,26.8,wrist.b.stl,0
90,154.6,40.5,119.7,75.3,102.9,25.2,28.3,wrist.b.stl,0
90,166.2,51.4,53.5,57.4,121,18.8,23.0,wrist.b.stl,0
90,6.8,139.3,119.2,69,7.2,4.6,30.1,wrist.b.stl,0
90,149.8,11.6,46.6,141.3,151.9,47.8,26.2,wrist.b.stl,0
90,170.3,18.4,10.5,171.3,19,22.1,25.2,wrist.b.stl,0
90,7.4,77,83.4,146.4,163.4,40.3,26.1,wrist.b.stl,0
90,82,38.3,137.4,1.4,114.6,50.0,23.8,wrist.b.stl,0
90,164.4,43.6,74.8,141.6,55.6,27.6,26.3,wrist.b.stl,0
90,45.9,165.2,110.5,119.6,76.2,41.8,23.1,wrist.b.stl,0
90,36.1,95.7,68.3,170,2.1,50.0,26.1,wrist.b.stl,0
90,43.8,138.4,97.7,149.2,14.4,35.1,22.8,wrist.b.stl,0
90,146.3,5.9,93,152.7,43.8,-7.0,25.1,wrist.b.stl,1
90,42.4,172.9,41.9,74.2,135.9,26.3,28.5,wrist.b.stl,0
90,22.8,169.5,147.4,70.1,69,43.0,32.0,wrist.b.stl,0
90,142.7,49.3,102,38.7,34.1,29.7,24.0,wrist.b.stl,0
90,87.3,177.4,47.1,152.4,81.2,50.0,23.3,wrist.b.stl,0
90,144.6,26.9,4.7,9.2,4.8,50.0,25.0,wrist.b.stl,0
90,93.5,158.9,49.3,173.3,49,50.0,29.0,wrist.b.stl,0
90,167,57.1,39.3,37.9,118.9,21.5,20.8,wrist.b.stl,0
90,24.8,5.1,166.9,27.5,95.4,50.0,3.2,elbow.b.stl,0
90,98.2,91.9,15.4,178.7,177.2,50.0,28.9,wrist.b.stl,0
90,44.2,127.8,115.7,174.4,95.4,50.0,24.3,wrist.b.stl,0
90,11,104.3,27.3,56.2,1,28.5,28.6,wrist.b.stl,0
90,61.7,165.5,102.1,157.5,122.6,28.7,22.4,wrist.b.stl,0
90,148.8,19.2,65.7,168.3,164.3,48.2,28.4,wrist.b.stl,0
90,64.3,150.8,37.6,158.7,21.4,50.0,23.9,wrist.b.stl,0
90,2.8,44.5,70.7,164,121.3,50.0,23.5,wrist.b.stl,0
90,121.6,36.3,163.1,13.5,119.4,50.0,13.6,elbow.b.stl,0
90,44,168.3,27.2,114.4,65.1,41.2,25.0,wrist.b.stl,0
90,176.4,82.2,97.2,143.5,178.4,50.0,25.9,wrist.b.stl,0
90,175.5,51.5,40.9,91.3,13.1,46.8,31.1,wrist.b.stl,0
90,0.3,96.2,65.8,7.5,16.5,19.5,24.9,wrist.b.stl,0
90,149,132.8,1.4,145.9,92.4,50.0,20.6,wrist.b.stl,0
90,23.8,165.6,145.6,54.4,162.4,47.6,28.1,wrist.b.stl,0
90,143.9,76.7,144.5,8.1,55.3,41.8,1.0,base.stl,0
90,169.1,60,101.9,108.1,28.7,29.4,31.0,wrist.b.stl,0
90,55.8,12.5,167.2,13.1,6.2,50.0,9.6,elbow.b.stl,0
90,131.3,23,167.6,30.6,22.9,50.0,18.8,base.stl,0
90,179.4,50.1,15.2,111.8,28.1,28.3,30.2,wrist.b.stl,0
90,31.4,149.5,92.2,77.6,108.7,50.0,29.0,wrist.b.stl,0
90,135.8,13.4,127.3,154.8,124.2,34.2,21.9,wrist.b.stl,0
90,147.9,58.1,85.3,29.2,4.1,34.2,22.2,wrist.b.stl,0
90,27.9,162.3,124.2,70.4,82.3,50.0,29.2,wrist.b.stl,0
90,32.6,139.1,31,0.1,91.9,43.2,23.7,wrist.b.stl,0
90,174.3,36.2,33.8,119.9,71.5,23.4,23.0,wrist.b.stl,0
90,161,32.7,54.1,111.1,119,50.0,28.6,wrist.b.stl,0
90,12.5,112.2,54.2,10.7,35,22.0,26.5,wrist.b.stl,0
90,131.5,9.1,10.4,1.1,121.8,50.0,23.9,wrist.b.stl,0
90,175.7,21.8,1.5,118.9,85.8,8.1,23.9,wrist.b.stl,0
90,37.9,163.5,107.1,102.2,77.9,50.0,28.4,wrist.b.stl,0
90,176.5,42.2,25.9,159.3,67,28.8,26.9,wrist.b.stl,0
90,116.6,24.4,173.7,22.5,86.1,50.0,-1.4,elbow.b.stl,1
90,81.7,153.1,1.1,154.6,122.3,50.0,7.1,elbow.b.stl,0
90,1.5,98.7,98.4,115.3,18.9,18.0,27.6,wrist.b.stl,0
90,166.3,149.2,14.8,152.5,54.4,50.0,28.0,wrist.b.stl,0
90,68.3,172.1,110.3,174.9,11.9,35.1,25.3,wrist.b.stl,0
90,36.4,151.5,29.8,8.1,46.1,39.8,28.2,wrist.b.stl,0
90,179.9,78,170.1,149.8,33.7,-7.6,22.9,wrist.b.stl,1
90,16.1,127.1,87.7,96.9,23.7,42.4,31.3,wrist.b.stl,0
90,78.2,28.6,173.4,20.3,92.2,50.0,-2.8,elbow.b.stl,1
90,140.8,18.5,154.1,101.3,127,32.6,31.4,wrist.b.stl,0
90,152.2,72.9,158,37.2,95.6,48.4,20.5,wrist.b.stl,0
90,31.6,110,18.8,157.7,74.4,50.0,25.2,wrist.b.stl,0
90,70.4,160,29,160.5,71.5,50.0,19.3,elbow.b.stl,0
90,162.6,37.5,78.9,146.2,57.4,11.8,26.6,wrist.b.stl,0
90,132.2,2.3,156.6,91.2,53.4,38.3,27.5,base.stl,0
90,176.3,93.8,154.3,131,92.2,32.9,21.4,wrist.b.stl,0
90,165.4,170.1,13.3,138.8,119.7,50.0,20.9,wrist.b.stl,0
90,54.7,153.4,80.6,162.5,146,10.6,26.7,wrist.b.stl,0
90,178.4,37.7,5.3,87.9,50.2,15.1,34.5,wrist.b.stl,0
90,22.6,145,39.7,96.6,160.5,-1.4,33.6,wrist.b.stl,1
90,151.1,90.3,146.3,14.1,70.3,41.6,23.9,wrist.b.stl,0
90,18.3,138.3,37.3,76.8,177.3,-4.3,32.9,wrist.b.stl,1
90,20.3,161.3,153,5,18,50.0,24.9,wrist.b.stl,0
90,155.9,63.5,46.8,2.6,106.5,50.0,24.0,wrist.b.stl,0
90,59.1,129.7,70.7,166.1,64.9,50.0,27.2,wrist.b.stl,0
90,140.1,7.2,121.5,146.5,69.2,13.1,25.2,wrist.b.stl,0
90,30.2,120.3,58.2,134.2,115.3,26.4,21.0,wrist.b.stl,0
90,149.3,27.8,105.5,100.2,91.7,35.3,29.1,wrist.b.stl,0
90,126.2,15.6,111.1,48.1,90.3,29.9,21.4,wrist.b.stl,0
90,9.6,95,113.9,141.9,93.4,47.7,20.1,wrist.b.stl,0
90,49.4,169.4,92,118,41.4,28.9,30.7,wrist.b.stl,0
90,4.3,73.9,3.1,126.2,174.4,37.6,27.7,wrist.b.stl,0
90,7,102,66.2,13.7,99.5,36.4,23.3,wrist.b.stl,0
90,11.2,94.6,5.4,21.2,113.8,45.6,22.8,wrist.b.stl,0
90,174.8,35,15.7,165.5,91.4,25.0,23.8,wrist.b.stl,0
90,72.5,167,61.5,155.4,111.3,46.9,22.4,wrist.b.stl,0
90,41.4,168.4,13.3,124.7,126.7,26.7,27.1,wrist.b.stl,0
90,47.2,179.6,73.9,43.8,12.2,26.9,22.2,wrist.b.stl,0
90,57.5,129.4,17.2,175.9,25.7,50.0,20.3,elbow.b.stl,0
90,10,146.4,169.6,143.2,74.5,-30.4,23.2,wrist.b.stl,1
90,114.5,134,18.1,163.2,156.8,50.0,28.6,wrist.b.stl,0
90,138.5,39.7,160.8,30,14.5,50.0,9.8,base.stl,0
90,46.6,159.4,90.6,133.5,136.7,16.9,27.3,wrist.b.stl,0
90,2.5,99.2,144.6,169.9,80.3,36.2,24.7,wrist.b.stl,0
90,3.1,116,126,114.1,61.4,13.7,25.6,wrist.b.stl,0
90,161.5,72.4,167.9,57.4,168,37.5,28.8,wrist.b.stl,0
90,27.8,140.2,53.6,19.1,37.8,22.7,27.2,wrist.b.stl,0
90,170.4,163.6,16.1,159.4,171.6,50.0,21.0,elbow.b.stl,0
90,21.6,136.6,84.1,39.4,127.2,28.3,22.4,wrist.b.stl,0
90,158.9,176.5,36.2,164.6,129.6,50.0,2.1,elbow.b.stl,0
90,137.3,42.1,153.7,23.5,150.9,50.0,-2.1,base.stl,1
90,18.9,126.2,75.9,87.3,74.8,50.0,31.0,wrist.b.stl,0
90,134.2,17.3,48.3,35.8,170.2,31.7,25.6,wrist.b.stl,0
90,177,84.1,126.5,93.6,44.3,41.4,34.2,wrist.b.stl,0
90,68.8,25.6,179.5,16.3,163.6,50.0,-0.6,elbow.b.stl,1
90,23.1,145.4,105.6,52.7,111.6,41.8,22.5,wrist.b.stl,0
90,177.3,71.4,74.5,122.4,156,50.0,27.5,wrist.b.stl,0
90,63.9,6.4,133.4,12.6,112.2,50.0,23.6,wrist.b.stl,0
90,174.6,129.4,166.3,12.3,50.6,15.7,5.6,base.stl,0
90,55.5,165.9,75.6,139.2,124.5,22.0,21.9,wrist.b.stl,0
90,4.7,128.3,116.6,39.9,33,12.0,23.6,wrist.b.stl,0
90,130.1,26.9,90.2,36,170.4,21.2,25.6,wrist.b.stl,0
90,151,35.8,167.5,63.2,104.2,28.7,10.6,base.stl,0
90,61.9,143.3,97.5,175.2,25.2,50.0,25.6,wrist.b.stl,0
90,89.3,158.7,25.7,165.1,128.6,50.0,5.8,elbow.b.stl,0
90,157.3,149.1,34.3,174.6,153.4,50.0,25.6,elbow.b.stl,0
90,171.5,83.1,83.7,43.4,9.8,19.7,22.5,wrist.b.stl,0
90,5.5,79.7,80.3,133.3,24.5,32.3,23.3,wrist.b.stl,0
90,175.2,52.5,22.8,88.9,156.6,47.9,34.4,wrist.b.stl,0
90,153.1,117.5,13.5,165.5,120.1,50.0,23.7,wrist.b.stl,0
90,70.3,158.9,79,156.5,76.6,50.0,24.7,wrist.b.stl,0
90,5.7,63.5,175.5,7,123.6,50.0,16.2,elbow.b.stl,0
90,177.5,58.7,48.3,88.2,94.2,50.0,30.1,wrist.b.stl,0
90,38,150.4,69.6,134.3,163.2,-4.3,25.4,wrist.b.stl,1
90,19.6,92.9,97.1,150.2,94.1,50.0,21.2,wrist.b.stl,0
90,149.9,19.1,108.1,179.3,39.4,-1.7,27.7,wrist.b.stl,1
90,14.6,86.3,96.7,154.2,144.2,50.0,25.8,wrist.b.stl,0
90,52.6,171,20.1,144.8,156.7,50.0,26.4,wrist.b.stl,0
90,105.5,124.7,17.3,176.8,59.7,50.0,26.5,wrist.b.stl,0
90,5,136.5,118.6,90.8,0.2,15.4,31.7,wrist.b.stl,0
90,28.7,86.9,47.5,159.9,20.7,46.3,24.1,wrist.b.stl,0
90,6.9,94.2,100.6,129,128.7,40.5,26.5,wrist.b.stl,0
90,37.2,160.8,3.7,123.3,101.8,26.2,22.2,wrist.b.stl,0
90,174.3,75.1,74.6,62.8,169.6,35.6,30.1,wrist.b.stl,0
90,162.8,58,98.2,60.7,174,5.4,29.1,wrist.b.stl,0
90,60.6,137.6,57.1,167.3,39.3,50.0,26.2,wrist.b.stl,0
90,51.6,29,148.3,7.6,141.1,50.0,17.2,elbow.b.stl,0
90,30.7,161.9,103.7,63.1,137.7,32.9,25.1,wrist.b.stl,0
90,5,67.8,82.3,141.3,91,50.0,20.1,wrist.b.stl,0
90,148.1,29.5,134,96.3,58.3,31.6,31.6,wrist.b.stl,0
90,169.3,69.6,99.5,134.4,68.6,50.0,23.2,wrist.b.stl,0
90,172.4,165.4,0.8,127.9,66.3,50.0,23.1,wrist.b.stl,0
90,73.3,152.9,94.4,176.1,55.9,50.0,27.4,wrist.b.stl,0
90,27.9,154.9,110.1,12.1,58.5,41.5,26.3,wrist.b.stl,0
90,148.3,28.2,99.6,77.8,28.9,46.3,29.9,wrist.b.stl,0
90,172,20.8,1,145,76.7,18.3,23.0,wrist.b.stl,0
90,173.6,26.9,15.5,93.2,90.5,20.1,30.0,wrist.b.stl,0
90,18.3,128.3,58,13.2,0.1,10.6,24.9,wrist.b.stl,0
90,40,149.2,4.7,23.2,163.3,35.2,26.8,wrist.b.stl,0
90,10.2,148.6,151.9,62.2,128.3,38.5,24.3,wrist.b.stl,0
90,178.1,89.5,100.1,67.1,122.6,38.0,26.1,wrist.b.stl,0
90,113.8,148.9,20.3,166.5,165.6,50.0,13.1,elbow.b.stl,0
90,175.2,109,151.7,56.5,120.9,35.5,22.7,wrist.b.stl,0
90,57.3,170,131.4,164.5,70.1,32.2,26.3,wrist.b.stl,0
90,145.7,76.2,87.8,1,4.3,50.0,25.6,wrist.b.stl,0
90,166.9,25.8,22.4,105.3,113.6,41.1,28.8,wrist.b.stl,0
90,26.8,142.8,73.6,56,107.1,30.0,22.4,wrist.b.stl,0
90,23.2,83,0.6,166.3,12.9,50.0,16.6,elbow.b.stl,0
90,28.7,139.7,146,152.5,81,39.8,23.3,wrist.b.stl,0
90,160.8,109.6,174.1,4.9,41.9,47.3,-11.4,base.stl,1
90,16.9,165.4,153.4,100.7,44.9,19.7,33.2,wrist.b.stl,0
90,149.7,16.2,89.4,119.9,79.1,10.4,23.2,wrist.b.stl,0
90,143.8,157.3,12.8,139.1,83.1,50.0,20.6,wrist.b.stl,0
90,14.1,19.4,160.5,2.9,178.3,50.0,-18.7,elbow.b.stl,1
90,28.5,158.8,109.7,11.6,146.5,31.8,28.8,wrist.b.stl,0
90,60.3,44.2,171.8,6.3,167.6,50.0,-4.4,elbow.b.stl,1
90,178.5,79.1,96.7,124,58.8,39.2,25.1,wrist.b.stl,0
90,157.6,86.2,105,19.1,47.1,31.8,29.2,wrist.b.stl,0
90,39.4,154.5,7.8,22.8,117.5,25.2,23.0,wrist.b.stl,0
90,44.1,157.9,103.5,117.2,84.7,50.0,24.5,wrist.b.stl,0
90,165.8,165.7,25.6,146.9,108.8,50.0,21.2,wrist.b.stl,0
90,36.9,121.2,54.8,141.7,56.1,34.3,26.4,wrist.b.stl,0
90,173.4,51.1,39.6,112.6,155.4,50.0,30.3,wrist.b.stl,0
90,1.4,44.7,17.6,154.3,126.9,17.1,22.0,wrist.b.stl,0
90,93.6,2.3,176.9,33.8,87,50.0,3.5,elbow.b.stl,0
90,45.6,129.9,87,170.1,160.5,41.6,28.5,wrist.b.stl,0
90,75,123.2,1.7,165.6,143.3,50.0,1.9,elbow.b.stl,0
90,52.5,160.5,108.2,140,96.5,38.2,20.4,wrist.b.stl,0
90,3,87.2,50.5,55,68.1,47.6,28.5,wrist.b.stl,0
90,63.3,176.2,62,159.9,172.4,12.8,27.5,wrist.b.stl,0
90,31.7,145.1,17,57.3,135.3,32.5,23.5,wrist.b.stl,0
90,164.6,50.9,25.8,28,148.7,28.1,26.6,wrist.b.stl,0
90,164.7,41.2,72.5,111.3,91.3,32.5,25.8,wrist.b.stl,0
90,148.9,66.1,167.1,33.8,108.6,50.0,19.8,base.stl,0
90,24.4,128.3,120.9,134.6,151.7,40.2,26.2,wrist.b.stl,0
90,174.4,72.2,87.8,123.8,153.5,50.0,27.1,wrist.b.stl,0
90,124.3,165.1,26.6,147.9,101.1,50.0,20.8,wrist.b.stl,0
90,39.2,26.7,148.1,5.1,61.2,50.0,21.3,elbow.b.stl,0
90,138,16.5,122.2,176,88.1,32.1,24.2,wrist.b.stl,0
90,10,33.9,28.7,176.2,46.9,50.0,28.9,wrist.b.stl,0
90,3.3,135.7,138.8,8.6,156.3,19.0,28.3,wrist.b.stl,0
90,42.7,164.1,12.2,124.8,112.2,37.9,23.3,wrist.b.stl,0
90,138.7,24.9,127.5,64.6,79.7,44.3,28.6,wrist.b.stl,0
90,153.3,156,38.8,174,123.2,50.0,21.4,elbow.b.stl,0
90,22.7,116.2,24.6,124.3,114.4,43.7,23.9,wrist.b.stl,0
90,142.2,22.9,173.1,167.1,161.3,0.1,28.4,wrist.b.stl,0
90,178.1,85.4,163.1,60.6,6.9,-4.3,28.3,wrist.b.stl,1
90,40.8,161.8,78.2,113.7,3.1,15.1,26.3,wrist.b.stl,0
90,117.4,14.4,75.7,20.7,9.3,37.1,23.4,wrist.b.stl,0
90,106.2,44.6,171.9,11.7,100,50.0,-0.0,elbow.b.stl,1
90,132.8,171,18.8,148.7,140,50.0,24.9,wrist.b.stl,0
90,20.9,121.5,25.5,64.3,113.2,38.5,25.1,wrist.b.stl,0
90,117.1,28.6,119.7,18.7,118.4,39.5,7.3,base.stl,0
90,28.7,144.6,44.2,46.2,123.3,21.6,20.8,wrist.b.stl,0
90,170.1,81.1,99.5,61.2,136.4,38.4,24.5,wrist.b.stl,0
90,59.3,179.7,12.8,135.1,116.4,50.0,21.0,wrist.b.stl,0
90,59.9,40.9,3.5,174.6,163.5,50.0,2.4,elbow.b.stl,0
90,145.9,68.3,87.5,5.8,104.6,50.0,24.0,wrist.b.stl,0
90,45.1,135.5,104.9,149.4,87.9,50.0,21.7,wrist.b.stl,0
90,3.1,56.6,8.9,127.3,9.7,38.2,22.6,wrist.b.stl,0
90,172,52.7,73.7,140.1,38.4,17.8,25.4,wrist.b.stl,0
90,165.3,174.9,37.7,163.3,73.3,50.0,4.8,elbow.b.stl,0
90,147.5,22.7,23.9,20.6,108.9,11.6,22.4,wrist.b.stl,0
90,151.7,5.1,35.7,160.9,115.8,39.8,23.0,wrist.b.stl,0
90,53.2,151,114.4,158.6,79.1,50.0,24.4,wrist.b.stl,0
90,100.1,44.4,157.6,5,99,50.0,24.1,wrist.b.stl,0
90,31.4,166.6,113.3,20.2,79.2,27.1,22.3,wrist.b.stl,0
90,163.1,52.3,105.1,149.8,25.4,19.6,22.3,wrist.b.stl,0
90,38.4,162.2,152,149.1,132,27.0,22.4,wrist.b.stl,0
90,118.8,2.9,11.6,4.8,0.5,50.0,25.8,wrist.b.stl,0
90,126.5,31.3,118.7,23.4,172.4,23.4,27.4,wrist.b.stl,0
90,154.1,28.4,34.9,71.9,159.6,50.0,32.6,wrist.b.stl,0
90,168.6,82.9,151.8,128.9,122.3,43.8,24.5,wrist.b.stl,0
90,163.3,13.3,10.1,112.9,41.1,38.7,31.8,wrist.b.stl,0
90,55.7,136.4,48.1,174.6,176.6,42.1,28.8,wrist.b.stl,0
90,170.7,24.5,37,151.3,47.7,-2.1,26.4,wrist.b.stl,1
90,156.6,58.5,116.7,48.5,136.7,0.3,23.7,wrist.b.stl,0
90,158.7,38,132.2,170.5,14.6,-5.1,25.2,wrist.b.stl,1
90,137.8,12.8,163.8,158.4,166.4,5.9,27.5,wrist.b.stl,0
90,138.6,9.2,37.9,49.7,10.4,33.9,24.2,wrist.b.stl,0
90,40.4,177.2,133.9,105.3,75.8,50.0,27.6,wrist.b.stl,0
90,158.8,29.7,155.6,167.1,4,-35.0,26.0,wrist.b.stl,1
90,174.5,119.1,114.6,15.5,119.9,30.3,24.1,wrist.b.stl,0
90,25.9,174.6,127.3,51.5,22.7,5.1,22.8,wrist.b.stl,0
90,150.6,32.3,144.7,83.5,20.6,18.5,30.8,wrist.b.stl,0
90,13,97.4,116.6,157.3,158.6,50.0,28.0,wrist.b.stl,0
90,160.2,36.4,35.1,66.2,161.5,50.0,31.8,wrist.b.stl,0
90,5.4,134.2,176,179.8,21.9,-18.5,25.4,wrist.b.stl,1
90,18.8,122,70.6,47.5,114.3,43.9,20.8,wrist.b.stl,0
90,163.5,78.2,125.1,53.2,174.1,19.8,27.0,wrist.b.stl,0
90,1.4,129.8,151.5,71.9,119,32.3,27.6,wrist.b.stl,0
90,147,37.6,69.7,30.9,161.8,-10.0,25.8,wrist.b.stl,1
90,136.6,10.3,141.5,91.3,74.8,34.0,29.8,base.stl,0
90,45.8,167,131.7,155.8,8.9,-4.6,24.5,wrist.b.stl,1
90,42.6,171.4,58.8,32.5,81.9,22.9,20.4,wrist.b.stl,0
90,155.7,41.3,156,124.3,157.3,17.6,27.0,wrist.b.stl,0
90,25.9,128.1,28.8,34.1,139.1,39.5,26.7,wrist.b.stl,0
90,26.3,160.5,127.3,9.8,134.5,45.5,26.3,wrist.b.stl,0
90,150.6,2.9,5.3,36.3,100.3,-12.4,20.8,wrist.b.stl,1
90,124.9,37.3,117.8,18.6,26.7,35.7,21.3,base.stl,0
90,2.1,77.9,178.5,12.2,72.6,50.0,19.0,elbow.b.stl,0
90,159.8,105.3,153.7,9.6,69.6,32.7,21.9,base.stl,0
90,149.9,62.3,120.2,36.8,57.3,18.3,26.8,wrist.b.stl,0
90,5.4,96.1,66.9,29.1,100.9,47.2,20.8,wrist.b.stl,0
90,52.1,168.6,109,137.5,25.9,10.5,22.6,wrist.b.stl,0
90,39.1,126.7,98.8,149.1,17.2,50.0,22.5,wrist.b.stl,0
90,111.6,36.4,173.3,5,4.2,50.0,-6.1,elbow.b.stl,1
90,153.3,96.7,171.2,8.8,131.3,50.0,-0.3,base.stl,1
90,163.9,1.9,16.3,119.2,60.7,13.0,24.8,wrist.b.stl,0
90,14.1,109.8,66.2,14,93.8,49.4,23.7,wrist.b.stl,0
90,76.2,153.9,1.9,155.8,155,50.0,11.8,elbow.b.stl,0
90,146.9,58.8,90.7,29.3,33.6,31.2,25.4,wrist.b.stl,0
90,146.9,45.8,64.9,21.6,171.4,16.3,27.5,wrist.b.stl,0
90,55.4,18.9,157.4,17.6,149,50.0,14.0,elbow.b.stl,0
90,85.3,17.3,155.4,19.9,54.6,50.0,15.5,elbow.b.stl,0
90,23.1,77.5,171.3,3.5,105.2,50.0,24.0,wrist.b.stl,0
90,5.4,101,73.3,11,167.7,41.6,28.0,wrist.b.stl,0
90,84.3,7.6,133.2,5.6,4.1,50.0,13.3,base.stl,0
90,143.3,22.8,159.1,171.3,63.6,29.0,26.9,wrist.b.stl,0
90,13.9,53.7,18.8,160.5,148.8,40.1,27.3,wrist.b.stl,0
90,174.1,68.2,91.2,93.9,92.1,50.0,30.1,wrist.b.stl,0
90,60.5,163.4,115.3,160,37,45.5,24.7,wrist.b.stl,0
90,54.9,135.8,87.4,157.6,73.2,50.0,25.5,wrist.b.stl,0
90,158.4,29.4,72,104.8,21.6,33.8,30.3,wrist.b.stl,0
90,139.2,6,71.6,74.1,0.7,45.2,31.9,wrist.b.stl,0
90,21.2,114.8,10.1,81.7,33.9,50.0,30.9,wrist.b.stl,0
90,168.2,81.1,52.8,9.9,5.7,50.0,24.9,wrist.b.stl,0
90,178.9,42.8,4.2,133,120.7,19.6,22.6,wrist.b.stl,0
90,132.9,3.6,140.6,78.4,128.8,35.1,22.5,base.stl,0
90,110.6,149.2,11.9,152.8,139.3,50.0,21.1,elbow.b.stl,0
90,175.7,77.7,76.4,140.5,120,50.0,20.7,wrist.b.stl,0
90,38,170.8,28.1,90.6,124.1,18.4,30.8,wrist.b.stl,0
90,142.4,52.8,104.7,27.8,105.2,15.0,21.0,wrist.b.stl,0
90,160.2,69.1,137.1,173.5,91.6,50.0,24.2,wrist.b.stl,0
90,16.8,170.9,158.8,18.2,14.8,19.2,24.0,wrist.b.stl,0
90,1.5,82.4,35,24.8,157.2,33.1,26.5,wrist.b.stl,0
90,157.5,37,137.2,120.2,25.8,5.2,27.7,wrist.b.stl,0
90,45.5,166.1,121,146.9,12.1,-10.4,22.7,wrist.b.stl,1
90,36.6,165.3,159.3,156.1,112,9.6,22.5,wrist.b.stl,0
90,5.9,55.8,21.1,144.2,55.9,28.4,26.4,wrist.b.stl,0
90,161.7,59,162.8,69,130.3,27.0,26.5,wrist.b.stl,0
90,157.2,42,112.7,99,40.2,30.3,33.8,wrist.b.stl,0
90,11,104,56.9,41.3,35.4,41.3,24.0,wrist.b.stl,0
90,178.3,66.4,46.4,121.9,139.5,50.0,28.5,wrist.b.stl,0
90,101.7,11.4,99.4,6.7,37.9,50.0,7.4,base.stl,0
90,17.5,37.3,161.8,3.6,118.3,50.0,7.0,elbow.b.stl,0
90,156,8.9,48.2,125.4,47,13.0,28.5,wrist.b.stl,0
90,6.6,82.3,2,78.5,86,50.0,29.8,wrist.b.stl,0
90,37.6,178.1,103.7,7.6,141.1,13.9,27.3,wrist.b.stl,0
90,24.5,129.4,48.9,92.2,2.4,41.8,31.3,wrist.b.stl,0
90,1.9,105,88.4,50.1,45,32.5,25.5,wrist.b.stl,0
90,28.5,126.3,11.6,139,175.9,50.0,25.9,wrist.b.stl,0
90,17,145.3,128.2,84.4,118.8,50.0,29.9,wrist.b.stl,0
90,161.2,125.3,176.5,0.4,116.1,50.0,-11.1,base.stl,1
90,26.1,123.7,123.5,158.3,143.3,34.6,25.5,wrist.b.stl,0
90,40,179.1,67,97.5,164.6,9.2,33.6,wrist.b.stl,0
90,40.1,170.9,30.9,90.6,147.4,20.5,34.7,wrist.b.stl,0
90,45.4,152,9.8,147.2,137.5,50.0,24.3,wrist.b.stl,0
90,140.4,20.2,122.1,76.5,153.3,28.6,32.2,wrist.b.stl,0
90,4.4,50.3,19.2,149.2,65.1,24.1,26.8,wrist.b.stl,0
90,25.4,128.4,23,117.1,62.2,38.3,24.8,wrist.b.stl,0
90,24.4,108.7,75.3,132.6,31.6,31.6,25.5,wrist.b.stl,0
90,153.3,16.4,4.2,19.5,55.4,4.8,26.2,wrist.b.stl,0
90,162,93.9,179.3,38.3,76.5,50.0,21.8,wrist.b.stl,0
90,45.9,174.4,5.5,42,177,-9.0,25.8,wrist.b.stl,1
90,178.9,89,89.4,118.3,106.1,50.0,24.4,wrist.b.stl,0
90,173,67.2,81.4,108.3,132.6,50.0,32.1,wrist.b.stl,0
90,135.5,46.5,125.9,19.2,168.1,18.5,23.5,base.stl,0
90,168.1,92,93.8,27.2,54.3,20.8,27.1,wrist.b.stl,0
90,27.2,123.4,11.3,34.2,157.7,50.0,25.6,wrist.b.stl,0
90,159.4,34.9,51.9,136.1,156.7,50.0,25.6,wrist.b.stl,0
90,158.6,43.2,96.5,113.4,124.7,36.3,29.4,wrist.b.stl,0
90,179.2,36.1,11.7,167.9,85.1,11.3,24.3,wrist.b.stl,0
90,139.2,45.1,152.4,28.2,54.3,50.0,23.5,base.stl,0
90,125,34.5,52.9,0,160.5,50.0,28.2,wrist.b.stl,0
90,28,159.9,143.6,102.9,84.2,50.0,28.5,wrist.b.stl,0
90,157.6,71.5,67.7,14.3,141,43.9,28.1,wrist.b.stl,0
90,14.7,11.9,168.9,13.2,6,50.0,8.7,elbow.b.stl,0
90,36.8,22.1,174.2,18.5,156.9,50.0,3.1,elbow.b.stl,0
90,32.2,164,4.9,109.5,157.4,12.9,31.1,wrist.b.stl,0
90,43.9,176.4,97.6,94.3,4.9,50.0,30.9,wrist.b.stl,0
90,165.7,58.7,94.7,162.1,37.1,40.4,25.1,wrist.b.stl,0
90,91.3,17.6,174.3,24.3,57.2,50.0,5.7,elbow.b.stl,0
90,131.2,3.4,108.2,178.5,61.6,35.5,25.8,wrist.b.stl,0
90,2.4,135.4,141.3,85.8,104.2,29.1,30.3,wrist.b.stl,0
90,26.6,141.5,70.9,102.9,172.8,31.3,33.6,wrist.b.stl,0
90,65.5,71.2,178,3.3,53.6,50.0,6.4,elbow.b.stl,0
90,136.5,15.6,167.8,166,41.8,17.1,26.4,wrist.b.stl,0
90,122.8,43.9,128,10.1,47.2,50.0,-2.3,base.stl,1
90,112.6,176.2,46.1,173.5,158.9,50.0,12.9,elbow.b.stl,0
90,27.3,101.1,80.3,179.1,143.9,33.4,28.8,wrist.b.stl,0
90,22.5,157,129.9,0.6,105.4,45.1,24.0,wrist.b.stl,0
90,151.2,43.5,161.6,170.4,36.9,41.3,26.4,wrist.b.stl,0
90,54.9,41.5,179.8,21.8,42.2,50.0,11.4,elbow.b.stl,0
90,3.4,133.9,132.8,20.6,35.1,13.7,26.5,wrist.b.stl,0
90,165,31,44.1,162.7,93,35.0,23.4,wrist.b.stl,0
90,23.4,148.9,91.4,59,76.1,17.2,28.2,wrist.b.stl,0
90,142.8,24.6,135.7,145.1,130.6,31.5,22.4,wrist.b.stl,0
90,6.5,137.9,133.5,42,66.6,18.7,26.3,wrist.b.stl,0
90,115.6,5.2,136.9,42.6,79.5,50.0,10.7,base.stl,0
90,143.4,46,115.9,45.1,2.4,24.0,24.9,wrist.b.stl,0
90,22.7,170.6,135.9,82.4,55.9,30.5,34.4,wrist.b.stl,0
90,162.6,59.7,116.2,121.9,3.7,38.7,23.7,wrist.b.stl,0
90,64.7,29,172.5,20,19.9,50.0,18.0,elbow.b.stl,0
90,176.9,86.4,165.5,123.1,152.3,17.7,27.2,wrist.b.stl,0
90,177.8,80.8,139.4,79.6,48.3,13.3,32.1,wrist.b.stl,0
90,38.4,139.6,25.8,145,31.3,50.0,22.6,wrist.b.stl,0
90,60.9,4.1,161.8,31.1,109.2,50.0,16.1,elbow.b.stl,0
90,139.8,21.7,175.1,164.1,94.8,12.5,23.5,wrist.b.stl,0
90,87.7,58.7,174.7,5.2,150.8,50.0,-0.7,elbow.b.stl,1
90,56.7,179,151.1,174.4,96,32.8,24.4,wrist.b.stl,0
90,166.7,27.3,3.3,175.1,40.1,41.9,14.5,elbow.b.stl,0
90,0.3,99.6,145.4,163.1,21.6,25.6,24.5,wrist.b.stl,0
90,167.5,75.2,53.2,5.5,24.6,28.3,25.2,wrist.b.stl,0
90,131.3,32.6,99.1,37.9,52.6,32.4,26.1,wrist.b.stl,0
90,11.4,111.5,116.5,133.3,9.3,17.8,21.7,wrist.b.stl,0
90,145.7,38.8,101,61,165.6,33.3,30.0,wrist.b.stl,0
90,36.1,117.2,77.3,166.9,124.6,26.1,24.1,wrist.b.stl,0
90,18.3,120.8,100.8,119.4,62.1,27.2,24.4,wrist.b.stl,0
90,42.9,173.9,135.5,125.5,124.6,26.7,26.2,wrist.b.stl,0
90,11.9,109.4,44.7,50.2,70.3,24.1,27.6,wrist.b.stl,0
90,5.6,149.4,169.7,71.8,88,20.9,28.6,wrist.b.stl,0
90,28,142.7,158.2,173.9,48,40.4,28.9,wrist.b.stl,0
90,20.8,167.2,132.5,69.8,103,16.7,26.8,wrist.b.stl,0
90,115.1,21.4,174.9,25.1,89.6,50.0,4.1,elbow.b.stl,0
90,28.4,125.7,47.7,19.7,0.5,50.0,23.8,wrist.b.stl,0
90,0.7,118.6,111.1,97.1,170.9,29.9,34.0,wrist.b.stl,0
90,22.5,119.4,30.5,122.9,27.9,23.3,27.4,wrist.b.stl,0
90,24.2,125.9,16.2,15.7,44.9,41.9,28.7,wrist.b.stl,0
90,31,159.5,95.4,38.6,89,22.0,20.0,wrist.b.stl,0
90,145.4,85.5,146.8,4.8,163,44.9,-0.8,base.stl,1
90,143.2,27.3,42.9,36.7,120.2,33.1,21.3,wrist.b.stl,0
90,58.7,141.1,31.1,171,105.6,50.0,24.4,wrist.b.stl,0
90,46.5,148.6,42.7,147.6,33.2,33.7,22.8,wrist.b.stl,0
90,8.2,148.3,169,33.1,102.3,30.7,20.4,wrist.b.stl,0
90,23.1,171.6,156.4,7.7,96.8,43.6,24.1,wrist.b.stl,0
90,9.1,155.1,161.7,89.4,174.6,27.1,34.3,wrist.b.stl,0
90,128.2,106.1,7.3,175.4,102.9,50.0,16.2,elbow.b.stl,0
90,27,170.2,139.2,23.8,4.2,36.3,23.0,wrist.b.stl,0
90,24.7,123.3,48.2,11.6,40.5,45.9,27.5,wrist.b.stl,0
90,60.2,147.1,34.5,171.9,95.5,50.0,23.1,base.stl,0
90,42.4,33.3,6.8,177,172.2,50.0,11.1,elbow.b.stl,0
90,163.8,47.5,77.6,137.4,28.5,39.6,23.2,wrist.b.stl,0
90,30.5,139.5,20,14.7,166.7,43.4,27.8,wrist.b.stl,0
90,31.8,153.6,35.2,90.7,67.6,20.6,31.4,wrist.b.stl,0
90,33.2,149.5,18.6,38.6,102.7,29.0,20.7,wrist.b.stl,0
90,43.8,114.4,46.4,180,129.3,41.6,25.9,wrist.b.stl,0
90,170.1,72.7,0.7,176.2,28.3,50.0,11.9,elbow.b.stl,0
90,152.7,157.3,12.9,153,72.7,50.0,11.6,elbow.b.stl,0
90,16,21.5,141.5,5.4,24.8,50.0,23.6,elbow.b.stl,0
90,44.2,172.6,42.6,89.8,137.4,31.8,32.4,wrist.b.stl,0
90,4.8,52.4,35.5,146.2,26.2,26.3,21.9,wrist.b.stl,0
90,17.3,112,16.8,34.2,167.7,38.1,25.6,wrist.b.stl,0
90,20.9,162.3,137.1,49.2,30.8,27.7,22.5,wrist.b.stl,0
90,5.7,58.3,32.7,141,59.5,28.9,26.8,wrist.b.stl,0
90,19.5,126.9,79.8,33.8,23.2,40.9,22.6,wrist.b.stl,0
90,76.3,175.6,63.9,179.9,19.9,30.5,25.2,wrist.b.stl,0
90,164.5,134.2,22.5,179.1,68.1,50.0,24.8,wrist.b.stl,0
90,65.4,48.9,164.3,7.7,109.7,50.0,23.8,wrist.b.stl,0
90,26.9,177.3,148.9,44.8,50.5,33.2,26.3,wrist.b.stl,0
90,162.4,79,147.4,50.8,36.3,30.9,23.4,wrist.b.stl,0
90,148.8,32.7,164.9,83.8,4.3,24.5,26.9,base.stl,0
90,140.2,19.9,150.4,175.8,136.4,39.8,26.8,wrist.b.stl,0
90,108.2,30.5,155.6,12,56,50.0,11.9,elbow.b.stl,0
90,82.5,2.8,95.3,0.7,3.1,50.0,16.7,base.stl,0
90,29.8,152,80,102.2,175.5,27.7,34.0,wrist.b.stl,0
90,88.5,147.8,20.1,173.3,26.2,50.0,0.3,elbow.b.stl,0
90,118.3,112.7,1.8,169.6,154.8,50.0,2.1,elbow.b.stl,0
90,104.3,148.3,31.3,173.7,92,50.0,19.0,elbow.b.stl,0
90,8.1,100.9,6.1,81.5,170.9,20.8,33.7,wrist.b.stl,0
90,8.4,103.4,135.7,164.7,58.9,34.3,28.7,wrist.b.stl,0
90,143.1,4.2,73.5,125.3,16.8,24.2,24.2,wrist.b.stl,0
90,152.7,77.5,105.5,5.1,124.6,20.7,24.5,wrist.b.stl,0
90,20,170,160.8,37.1,27.6,38.3,22.8,wrist.b.stl,0
90,54.5,26.8,163.4,19.3,169.8,50.0,22.0,elbow.b.stl,0
90,114.4,40.6,142.1,8.8,64.4,50.0,5.9,base.stl,0
90,17.5,127.3,149.1,159.5,90.6,23.4,23.1,wrist.b.stl,0
90,37.2,161.6,95.9,113.3,121.8,24.0,28.7,wrist.b.stl,0
90,39.6,122.6,74.5,169.6,151.9,20.0,29.1,wrist.b.stl,0
90,31.4,137,18.6,1.1,19.5,48.5,24.8,wrist.b.stl,0
90,78.2,129.9,24.5,177.3,78.8,50.0,24.3,wrist.b.stl,0
90,154.7,41.9,154.6,72.6,25.9,19.7,28.8,wrist.b.stl,0
90,12.4,88.2,10.9,142.5,69.4,36.3,24.5,wrist.b.stl,0
90,20,172.5,160.7,48.7,10.2,33.9,24.0,wrist.b.stl,0
90,38.7,167.5,75.5,68.7,167.3,28.5,31.7,wrist.b.stl,0
90,19.8,41.8,173.6,22.9,39.3,50.0,16.4,elbow.b.stl,0
90,28.5,152.5,127.6,122.1,77.8,12.3,22.4,wrist.b.stl,0
90,175.6,36.8,27.4,151,157.1,22.3,27.5,wrist.b.stl,0
90,23.8,144,95.5,71.2,31.4,44.5,28.3,wrist.b.stl,0
90,110.2,60.2,179,7.8,94.5,50.0,-4.5,elbow.b.stl,1
90,176.7,60.3,81.9,112.8,152.7,14.2,30.1,wrist.b.stl,0
90,43.3,134.8,77.5,145.7,51.8,26.6,26.6,wrist.b.stl,0
90,32.7,143.3,40.6,42.4,37.6,37.4,24.4,wrist.b.stl,0
90,29.1,177.7,145.6,28.8,2.4,35.6,22.4,wrist.b.stl,0
90,18.1,19,150.4,19.7,25.1,50.0,24.8,wrist.b.stl,0
90,43.9,154.7,56.7,146.9,179.8,3.8,26.0,wrist.b.stl,0
90,25,177.7,153.8,39,2.9,30.6,23.0,wrist.b.stl,0
90,163.8,42.4,82.1,103,46.1,32.3,32.1,wrist.b.stl,0
90,149.4,6.7,68.5,122.5,106.8,10.6,23.1,wrist.b.stl,0
90,2.8,84.8,3.6,8.5,52.1,29.4,28.6,wrist.b.stl,0
90,91.6,8.8,149.2,17.4,33.3,50.0,14.1,elbow.b.stl,0
90,48.7,174.3,44,51.4,124.9,44.6,21.4,wrist.b.stl,0
90,162.5,45.6,83.7,124.5,64.2,35.2,23.6,wrist.b.stl,0
90,136.5,4,136.3,93.3,47.9,25.0,30.3,base.stl,0
90,155.8,37.5,87.2,142.2,61.8,35.3,26.9,wrist.b.stl,0
90,119.2,161.4,42.4,179.9,105.8,50.0,18.7,elbow.b.stl,0
90,79.4,132.9,12.7,173.6,26,50.0,6.2,elbow.b.stl,0
90,177.8,138.8,167.4,34.1,139.7,32.5,26.6,wrist.b.stl,0
90,176.4,36.1,2.3,90.4,117.9,19.8,30.3,wrist.b.stl,0
90,160.1,0.9,10.3,141.8,111,30.6,20.1,wrist.b.stl,0
90,2.2,83.3,1.6,34.9,46.8,32.6,26.0,wrist.b.stl,0
90,0.9,130.2,142.5,59.3,97.4,30.8,24.0,wrist.b.stl,0
90,15.3,137.1,105.4,13,63.6,24.7,25.1,wrist.b.stl,0
90,139.4,38.3,155.3,35.5,64.9,50.0,6.5,base.stl,0
90,86.5,36.2,161.1,13.7,92.8,50.0,17.5,elbow.b.stl,0
90,146.6,2.8,68.8,132.8,148.4,9.3,26.5,wrist.b.stl,0
90,40.2,160.4,33.8,13.9,147.6,39.0,28.5,wrist.b.stl,0
90,8.9,105.6,145.1,175,41.2,48.7,27.6,wrist.b.stl,0
90,158.9,175,22.4,151.5,117.6,50.0,12.3,elbow.b.stl,0
90,134.9,126.4,7.9,167.8,35,50.0,4.9,elbow.b.stl,0
90,25.3,168.8,138.7,36.3,39.9,30.9,26.0,wrist.b.stl,0
90,0.1,72.2,37.9,115.3,26.2,24.4,29.0,wrist.b.stl,0
90,89.3,13.9,179.3,30.2,123.8,50.0,6.3,elbow.b.stl,0
90,87.8,137.6,1.9,161.3,15.7,50.0,9.8,elbow.b.stl,0
90,8.7,87.3,53.8,121.3,76.4,31.6,22.6,wrist.b.stl,0
90,1.8,31.4,1.7,168.3,121,22.0,11.1,elbow.b.stl,0
90,35.7,166.8,166,145.9,122.9,30.4,20.8,wrist.b.stl,0
90,167.3,27.1,40.1,102.2,150.3,32.8,32.8,wrist.b.stl,0
90,152.2,42.6,148.4,142.4,106.7,31.2,20.7,wrist.b.stl,0
90,163.3,164.2,7.9,154.6,146.7,50.0,11.4,elbow.b.stl,0
90,149,37.5,155.7,153.5,132.7,38.6,22.6,wrist.b.stl,0
90,19.4,120.4,60.5,31.5,61.6,37.9,25.1,wrist.b.stl,0
90,14.1,94.2,90.2,144.7,53.9,23.6,26.4,wrist.b.stl,0
90,159.2,59.2,48.9,24,120.7,36.1,23.4,wrist.b.stl,0
90,23.8,126.2,4.6,62.6,151.4,31.8,28.3,wrist.b.stl,0
90,99.7,159.8,39.4,175.7,112.5,50.0,13.4,elbow.b.stl,0
90,18.4,162.5,167.3,93.4,15.6,48.2,31.0,wrist.b.stl,0
90,137.6,2.2,74.6,160.3,25.9,35.7,24.1,wrist.b.stl,0
90,147.9,2.3,70.2,85,101.7,16.4,30.1,wrist.b.stl,0
90,20,129,55.1,69.6,100.8,26.1,26.8,wrist.b.stl,0
90,23.1,134.2,71.9,46.6,73.3,31.0,25.4,wrist.b.stl,0
90,21.9,124.9,1.7,60.3,132.8,29.9,23.8,wrist.b.stl,0
90,147.8,25.5,113.4,96.1,162.4,32.2,33.7,wrist.b.stl,0
90,17,40.4,163.1,15.3,92.6,50.0,21.6,elbow.b.stl,0
90,65.3,151.1,66.5,179.8,127.6,40.6,25.6,wrist.b.stl,0
90,48.4,170.2,17.3,125.9,32.1,46.8,27.7,wrist.b.stl,0
90,146.7,33.3,161.7,150.3,144.7,36.8,26.4,wrist.b.stl,0
90,2.5,86.7,21.6,22.8,69.2,22.1,22.6,wrist.b.stl,0
90,82,22.8,138.5,6.7,62.4,50.0,26.4,wrist.b.stl,0
90,45.5,165.4,3.2,14.3,145.4,0.5,28.7,wrist.b.stl,0
90,75.9,169.1,11,152.2,62.7,50.0,3.9,elbow.b.stl,0
90,151.9,17.3,79.3,85.8,67.5,31.4,32.2,wrist.b.stl,0
90,153.1,3.5,39.2,128.2,30.3,25.0,26.5,wrist.b.stl,0
90,153.9,93.9,144.4,14.6,170.4,33.2,27.9,base.stl,0
90,111.5,10.4,162.9,30.2,116.7,50.0,16.3,elbow.b.stl,0
90,106.1,28,152.6,14.3,85.8,50.0,23.2,wrist.b.stl,0
90,4.4,70.8,4.7,136.9,67.8,33.8,24.0,wrist.b.stl,0
90,141.7,19,108.4,158.6,115.6,27.7,22.7,wrist.b.stl,0
90,29.2,146.1,82.9,102.2,0.3,33.5,29.5,wrist.b.stl,0
90,22.2,164.9,124.3,81.2,92.9,24.7,29.6,wrist.b.stl,0
90,155.7,50.4,130.5,153.5,35.2,29.9,23.4,wrist.b.stl,0
90,35.7,150,23.1,22.6,148.2,43.7,27.3,wrist.b.stl,0
90,4.9,47.4,35.4,156.2,44.7,27.5,25.4,wrist.b.stl,0
90,25.8,133.9,54.6,47.9,121.6,32.1,20.8,wrist.b.stl,0
90,3.3,103.7,114.6,128.4,171.8,12.9,27.1,wrist.b.stl,0
90,166.4,29.9,36.4,162,87.2,36.1,23.7,wrist.b.stl,0
90,153.2,54.9,46.2,10.2,114,50.0,23.8,wrist.b.stl,0
90,11.4,121.4,69.7,94.3,66.7,17.2,30.8,wrist.b.stl,0
90,174.3,59.8,58.3,74.8,93.1,43.4,28.6,wrist.b.stl,0
90,137.1,15.2,175.3,136.5,168.8,4.3,20.6,base.stl,0
90,143.4,167.8,25.8,162.1,149.7,50.0,9.6,elbow.b.stl,0
90,13.5,124.9,84.9,25.6,129.4,22.0,25.1,wrist.b.stl,0
90,157.1,30.6,6.3,14.8,174.8,27.1,28.3,wrist.b.stl,0
90,35,160.1,98.5,102.8,11.4,36.0,29.6,wrist.b.stl,0
90,160.3,56.5,153.6,68.8,31.2,25.2,27.6,wrist.b.stl,0
90,165.1,33.7,43.4,78.5,163.4,46.9,33.6,wrist.b.stl,0
90,106.1,139.1,13.1,166.9,37.8,50.0,0.1,elbow.b.stl,0
90,42.8,12.4,136,1.1,153.5,50.0,7.9,elbow.b.stl,0
90,92.6,141.6,21.3,178.4,3.7,50.0,2.5,elbow.b.stl,0
90,175.6,67.7,57.4,69.5,94.8,50.0,27.3,wrist.b.stl,0
90,48.8,17,172.5,32.9,105.7,50.0,18.0,elbow.b.stl,0
90,22.1,159.2,137.2,105.6,103.6,25.8,27.8,wrist.b.stl,0
90,147.8,14.2,65.2,177.9,65.4,41.2,25.4,wrist.b.stl,0
90,161.2,1.5,3.8,133.6,108.3,35.4,20.3,wrist.b.stl,0
90,109.7,2.3,83.1,31.2,126.2,32.2,23.5,wrist.b.stl,0
90,27.4,141,30.7,93.4,109.1,26.2,30.0,wrist.b.stl,0
90,157,59.4,146.7,58.7,11.6,26.6,26.8,wrist.b.stl,0
90,146.6,163.8,20.5,163.7,157.3,50.0,6.3,elbow.b.stl,0
90,42.1,131,39,163.9,61,32.1,28.2,wrist.b.stl,0
90,8.7,79.6,83.4,159.1,148.8,20.2,27.3,wrist.b.stl,0
90,4.7,62.7,59.6,150.7,137.5,26.4,23.8,wrist.b.stl,0
90,141.5,24.9,120.1,156.9,168.9,35.6,27.2,wrist.b.stl,0
90,160.3,97.2,125.7,24.4,61.9,31.8,24.1,wrist.b.stl,0
90,8.8,81,93.5,163.1,29.4,29.6,24.6,wrist.b.stl,0
90,39.7,166.3,50,82.1,106.2,31.3,29.9,wrist.b.stl,0
90,103.5,15.3,99.8,1.1,129.4,50.0,2.6,base.stl,0
90,34.8,129.9,29.1,157.3,134.4,36.6,23.4,wrist.b.stl,0
90,65.1,150.9,24.2,167.1,84.3,50.0,5.2,elbow.b.stl,0
90,133.3,7.7,112.9,170.6,49.4,33.8,28.7,wrist.b.stl,0
90,152.6,171.6,25.2,156,59,50.0,14.2,elbow.b.stl,0
90,141.5,165.4,29.4,169.4,15,50.0,-0.6,elbow.b.stl,1
90,40.2,159.1,3.9,16.4,15.7,-2.2,24.2,wrist.b.stl,1
90,16.4,95,8.4,138.5,146.8,46.2,26.3,wrist.b.stl,0
90,28.6,109.9,58.6,143.1,101,24.6,20.7,wrist.b.stl,0
90,161.2,57.5,145.7,93.8,2.8,32.8,31.1,wrist.b.stl,0
90,171.7,53.2,1.8,11.3,136.5,46.4,26.8,wrist.b.stl,0
90,2.4,85.3,91.7,130.4,85.6,21.3,20.7,wrist.b.stl,0
90,1.8,110.2,152.2,169.8,143.4,-2.2,27.3,wrist.b.stl,1
90,27.2,110.8,94.3,156,49.8,30.1,26.8,wrist.b.stl,0
90,38.1,161.7,19.8,108.7,131.6,31.3,31.9,wrist.b.stl,0
90,165.5,69.7,177.5,56.5,108.1,36.4,17.7,base.stl,0
90,86.1,13,123.4,7.3,47.4,50.0,12.0,base.stl,0
90,171.6,36.5,32.6,105.3,80.8,39.0,27.7,wrist.b.stl,0
90,43,141.5,43.2,143.8,18.7,29.4,21.6,wrist.b.stl,0
90,179.6,59.4,3,156.4,175.7,43.0,26.1,elbow.b.stl,0
90,162.1,177.1,3.4,140.2,39.3,50.0,15.8,elbow.b.stl,0
90,64.6,12.5,149.7,17.9,27,50.0,21.0,elbow.b.stl,0
90,12.5,77.6,77.5,171.9,86,27.8,24.3,wrist.b.stl,0
90,134.9,19.7,163.9,49.6,169,50.0,7.2,base.stl,0
90,154.4,95.1,164.1,12.7,82,49.6,1.0,base.stl,0
90,42.6,155.2,78.4,121.6,51.4,24.5,27.6,wrist.b.stl,0
90,147.5,76,140.9,22.3,108.3,31.7,22.1,wrist.b.stl,0
90,5.9,40.9,30,174.9,145,31.7,28.6,wrist.b.stl,0
90,162,55.1,109.4,160,170,28.6,27.6,wrist.b.stl,0
90,141,25.4,152.6,155.1,165.2,46.4,27.2,wrist.b.stl,0
90,179.4,84.5,102.4,69.5,156.1,17.6,30.9,wrist.b.stl,0
90,7.6,145.7,150.4,27.8,144.8,26.9,27.0,wrist.b.stl,0
90,157.2,55.2,133,157.7,17.1,33.2,23.9,wrist.b.stl,0
90,13.9,107.8,66,7.2,38.1,50.0,26.7,wrist.b.stl,0
90,65.8,15.2,144.1,14,132.8,50.0,26.3,wrist.b.stl,0
90,159.2,5.8,12.2,153.4,12.2,42.5,23.7,wrist.b.stl,0
90,148,32.3,129.4,126.1,112.9,28.7,23.0,wrist.b.stl,0
90,7.7,61.6,60,166.7,47.5,27.0,27.6,wrist.b.stl,0
90,7.9,110,153.5,171.7,42.3,47.2,27.4,wrist.b.stl,0
90,3.3,136.6,160.7,91.9,22.8,29.0,31.3,wrist.b.stl,0
90,101.9,22.1,178.2,24.6,78.2,50.0,1.4,elbow.b.stl,0
90,172.9,79.4,111.7,71.7,78.7,34.5,30.1,wrist.b.stl,0
90,5.3,109.5,133.6,140.3,4.4,10.8,22.8,wrist.b.stl,0
90,113.4,35.8,154.4,7.8,177.1,50.0,10.5,elbow.b.stl,0
90,115.2,5.7,58.7,10.5,57.2,33.2,26.9,wrist.b.stl,0
90,24.5,121.6,62.1,118.8,143.1,33.5,28.7,wrist.b.stl,0
90,138.7,49.7,160.3,23.5,31.1,50.0,21.1,base.stl,0
90,125.9,19.2,122.2,32.1,1.6,24.3,22.4,wrist.b.stl,0
90,13.1,139.3,109.9,97.9,163,28.2,33.5,wrist.b.stl,0
90,45.9,162.9,19.5,128.4,19.3,50.0,23.7,wrist.b.stl,0
90,10,84.3,55.7,131.4,128.1,25.0,25.5,wrist.b.stl,0
90,9.1,130.5,112.3,2,34.9,28.5,25.6,wrist.b.stl,0
90,0,63.9,71.7,160.5,91.7,1.6,23.2,wrist.b.stl,0
90,35,112.6,23,173.1,57,49.5,27.8,wrist.b.stl,0
90,61.2,170.9,75.6,135.7,4.6,21.9,22.1,wrist.b.stl,0
90,130.1,14.8,169.1,42.5,107.3,50.0,17.1,base.stl,0
90,35.1,123.1,6.3,160.3,124.3,50.0,18.0,elbow.b.stl,0
90,43.3,172.8,51.2,79.7,164.7,32.6,33.7,wrist.b.stl,0
90,159.8,51.8,164.5,102.2,78,21.7,28.4,wrist.b.stl,0
90,11.7,122.1,72.5,66.9,74.3,17.8,30.3,wrist.b.stl,0
90,146.2,22.6,166.9,85.2,105.9,28.7,26.3,base.stl,0
90,152.7,79.5,106.7,18.3,173.7,31.5,28.0,wrist.b.stl,0
90,11.7,158,158.2,68.1,91,32.6,27.4,wrist.b.stl,0
90,26.3,94,33.3,162.1,146.7,23.2,26.8,wrist.b.stl,0
90,9.5,131.2,146.9,108.3,53.7,50.0,28.6,wrist.b.stl,0
90,177,68.1,86.1,97.1,99.7,41.9,29.5,wrist.b.stl,0
90,27.7,140.6,10.1,105.1,1,31.2,28.8,wrist.b.stl,0
90,157.6,71,86.8,37.4,131.2,33.3,23.8,wrist.b.stl,0
90,30.3,117.3,57.3,140.8,55.1,18.1,26.3,wrist.b.stl,0
90,141.9,26.9,134,66.1,125,36.1,25.6,wrist.b.stl,0
90,43.5,176.2,35.2,91.4,83.4,25.4,30.1,wrist.b.stl,0
90,170.9,104.5,9.3,177.7,0.3,50.0,23.3,elbow.b.stl,0
90,169.2,151.9,21.5,167.5,125.9,50.0,4.5,elbow.b.stl,0
90,175.5,64.3,28.5,29.7,151.5,10.5,26.2,wrist.b.stl,0
90,11.9,95,67.3,124.3,165.9,31.5,27.8,wrist.b.stl,0
90,55.3,178.7,105.2,124.7,154.2,33.7,26.9,wrist.b.stl,0
90,153.8,87.4,126,20.6,0.7,33.7,23.7,wrist.b.stl,0
90,28.2,50.1,167.5,3.4,19.1,50.0,-1.0,elbow.b.stl,1
90,156.5,62.2,173.3,49.8,163.4,50.0,12.4,base.stl,0
90,168.7,55.8,87.6,112.9,59.3,34.6,26.3,wrist.b.stl,0
90,150.2,18.4,68.5,141.4,56.5,32.4,26.4,wrist.b.stl,0
90,17,74.2,30.7,171.1,71.4,18.9,25.7,wrist.b.stl,0
90,32.7,106.9,33.2,164.2,17,28.4,24.7,wrist.b.stl,0
90,18,148.2,116.2,28.7,63.6,19.1,23.9,wrist.b.stl,0
90,22,135.2,67.4,95.9,44,23.2,34.4,wrist.b.stl,0
90,134.5,9.5,179.1,51.3,51,38.4,25.3,base.stl,0
90,153.8,48,170,177.7,48.3,39.7,28.6,wrist.b.stl,0
90,1.6,88.1,111,154.9,153.7,5.9,28.4,wrist.b.stl,0
90,157.2,73.1,83,31.2,92.4,41.8,21.1,wrist.b.stl,0
90,60.3,153,19.6,162.7,78,50.0,3.4,elbow.b.stl,0
90,48.5,138.5,27.1,171.5,54.1,50.0,16.4,base.stl,0
90,46.8,175.9,57.7,78.8,27.4,39.0,30.1,wrist.b.stl,0
90,121.2,25.9,81,3.7,68.4,38.8,25.7,wrist.b.stl,0
90,137.7,11.2,110.8,161.9,100,25.5,23.1,wrist.b.stl,0
90,10,145.4,144,30.6,76.5,30.2,21.0,wrist.b.stl,0
90,171,69.5,110.1,165.1,103.2,25.6,23.8,wrist.b.stl,0
90,2.9,134.5,138.7,82.1,92,32.3,29.7,wrist.b.stl,0
90,39.9,126.1,101.1,174.7,73.4,46.4,25.0,wrist.b.stl,0
90,10,104.4,24.8,93.7,162.9,29.4,33.9,wrist.b.stl,0
90,24.6,164,130.4,101.6,123.5,28.6,30.8,wrist.b.stl,0
90,12.1,110.3,52.9,54.1,44.8,29.1,25.3,wrist.b.stl,0
90,155.1,48.7,131.1,156,37.3,28.3,24.1,wrist.b.stl,0
90,178.6,79.9,11.1,177.9,53.6,50.0,27.4,wrist.b.stl,0
90,33.9,175.9,116.1,35.5,154.4,17.8,25.9,wrist.b.stl,0
90,144.1,16.6,48.5,57.9,123.9,30.3,23.0,wrist.b.stl,0
90,33.8,143.8,24.9,124.4,33,41.0,28.1,wrist.b.stl,0
90,128.5,37.2,151.3,20.3,34.3,50.0,24.3,base.stl,0
90,27.3,99.6,10.1,161.9,125.6,50.0,23.3,wrist.b.stl,0
90,146.9,0.3,56.9,118.5,44.9,22.5,30.1,wrist.b.stl,0
90,4.9,115,100.6,50.6,176.1,34.0,26.3,wrist.b.stl,0
90,17.7,112.1,33.5,40.2,37.7,37.4,24.8,wrist.b.stl,0
90,157.5,0.6,21.3,167.4,152.4,26.8,29.1,wrist.b.stl,0
90,148.5,38.1,28,3.3,57.2,50.0,28.1,wrist.b.stl,0
90,18.6,175.8,160.5,88.2,136.8,38.1,32.1,wrist.b.stl,0
90,18.8,121,27.7,115.6,64.3,24.5,24.8,wrist.b.stl,0
90,1.9,78.2,78.7,136.4,176.8,17.3,26.2,wrist.b.stl,0
90,117.7,16,121.1,26,11.6,31.2,22.7,wrist.b.stl,0
90,161.5,49.4,26.8,22.9,72,35.8,22.2,wrist.b.stl,0
90,111,30.5,176.9,14.1,175.7,50.0,5.6,elbow.b.stl,0
90,2.3,117.3,104.8,27.1,25.6,15.7,24.0,wrist.b.stl,0
90,136.3,58.8,122.8,13.2,38.7,35.9,27.3,wrist.b.stl,0
90,173,129.7,146.7,11.5,77,23.4,23.7,wrist.b.stl,0
90,179.6,157,24.9,172.6,145.3,50.0,-0.0,elbow.b.stl,1
90,17.8,108.4,1.7,134.1,14.2,47.0,21.6,wrist.b.stl,0
90,154,16.9,51.8,167.1,89.4,38.1,24.0,wrist.b.stl,0
90,115,24,124.2,19.5,152.2,39.8,8.5,base.stl,0
90,174.4,75.1,125.6,162.4,92.8,8.1,23.4,wrist.b.stl,0
90,44.1,127.8,70.4,163.3,101.3,28.2,23.4,wrist.b.stl,0
90,151.9,51.8,49.8,6.1,10.5,33.3,25.0,wrist.b.stl,0
90,41.4,161.8,28.4,59.8,176.9,32.9,28.7,wrist.b.stl,0
90,42.6,170.4,36.5,95.8,139.8,30.2,33.7,wrist.b.stl,0
90,104.2,6.1,171.6,27,48.4,50.0,6.0,elbow.b.stl,0
90,40.3,120.4,52.3,169.1,54.7,22.6,29.1,wrist.b.stl,0
90,140.4,6.3,170.9,77.5,97.5,25.6,24.6,base.stl,0
90,7.5,91.7,36,116.4,26.3,15.5,28.8,wrist.b.stl,0
90,161.8,24.4,49.2,178.7,121,30.8,24.8,wrist.b.stl,0
90,29.9,173.1,121.8,95.8,57,22.0,31.9,wrist.b.stl,0
90,171.5,44.5,46.8,139.4,19.1,36.6,21.4,wrist.b.stl,0
90,158,45,48.6,57.5,76.1,50.0,27.8,wrist.b.stl,0
90,21.8,123.5,145,171.7,24.6,50.0,25.4,wrist.b.stl,0
90,154.2,86.4,128.5,18.8,120.3,23.0,23.9,wrist.b.stl,0
90,153.2,84.5,117.6,7.1,151.6,25.3,28.7,wrist.b.stl,0
90,163.4,60.9,176.8,164,143.7,17.9,26.3,wrist.b.stl,0
90,19.8,165,154.4,15.4,41,41.0,27.8,wrist.b.stl,0
90,25.7,149.7,163.8,160.2,80.2,17.7,24.4,wrist.b.stl,0
90,104.9,141.8,15.5,167.6,33.8,50.0,-1.5,elbow.b.stl,1
90,141.5,32.8,174.3,179.3,3.3,37.6,25.1,wrist.b.stl,0
90,37.1,152.4,31,47.7,11.8,44.2,23.3,wrist.b.stl,0
90,146.8,149.3,25.6,168,73,50.0,3.9,elbow.b.stl,0
90,179.8,87.4,114.2,171.3,4.6,31.8,25.8,wrist.b.stl,0
90,42.9,121.1,65.4,176,10.8,30.0,25.2,wrist.b.stl,0
90,59.3,174.8,10.6,138.7,7.8,50.0,21.9,wrist.b.stl,0
90,12.8,38.7,169.6,23.2,36.6,50.0,21.0,elbow.b.stl,0
90,154.3,41.1,142.6,78,93.2,23.5,29.2,wrist.b.stl,0
90,25.1,12,159.8,31.7,65.8,50.0,23.7,wrist.b.stl,0
90,38.9,160.4,76.4,45.8,137.7,37.5,24.5,wrist.b.stl,0
90,18,93.5,31.4,145.9,106,19.8,21.4,wrist.b.stl,0
90,175.5,78.6,138,178.8,135.1,5.7,26.8,wrist.b.stl,0
90,34.5,143.6,8,141.7,121.7,44.8,20.9,wrist.b.stl,0
90,32.2,152.3,12.9,110.3,159.8,25.5,31.1,wrist.b.stl,0
90,20.1,157.4,175.3,134.6,36.8,21.9,26.6,wrist.b.stl,0
90,7.3,103.9,43.4,78.5,11.6,26.7,30.8,wrist.b.stl,0
90,137.7,20.1,132.8,171.9,169.6,38.7,28.4,wrist.b.stl,0
90,12.9,99.4,108.1,151.8,64.7,22.0,27.1,wrist.b.stl,0
90,122.7,12.4,134.6,43.1,66,50.0,5.6,base.stl,0
90,140.6,51.5,119.5,39.8,104.4,31.5,20.6,wrist.b.stl,0
90,179,146.4,164.6,14.2,35.2,21.6,26.7,wrist.b.stl,0
90,96.6,21.5,2.8,177.7,172,50.0,7.9,elbow.b.stl,0
90,12,132.5,100.2,39.6,98.8,12.9,20.7,wrist.b.stl,0
90,74.2,166.2,65,172.6,151.3,34.9,29.0,wrist.b.stl,0
90,42.8,166.5,77.9,114.5,123.6,28.1,28.9,wrist.b.stl,0
90,168.2,64.3,128,99.2,83.7,24.4,29.1,wrist.b.stl,0
90,6.4,68.1,32.5,131.4,172.3,30.6,26.7,wrist.b.stl,0
90,16,117.2,48,48.3,71.1,25.1,26.7,wrist.b.stl,0
90,147,32.4,70.7,58.1,127,33.9,23.0,wrist.b.stl,0
90,71.5,168.2,11.9,155,102.7,50.0,0.1,elbow.b.stl,0
90,31,144.5,27.4,65.3,23,32.0,27.0,wrist.b.stl,0
90,160.9,9.7,35.4,101.5,171.6,25.0,33.6,wrist.b.stl,0
90,2.4,70,14,125.6,43.2,25.9,28.0,wrist.b.stl,0
90,4.3,51.7,178.8,18.6,109.6,50.0,10.1,elbow.b.stl,0
90,45.3,173.9,106,115.7,123,28.6,28.5,wrist.b.stl,0
90,67.5,153.4,19.3,169.9,41.6,50.0,-10.1,elbow.b.stl,1
90,135.1,14.6,88.8,59.6,61,26.9,29.9,wrist.b.stl,0
90,31.1,143,14.2,8.2,149.1,34.5,28.9,wrist.b.stl,0
90,89.7,108.2,2.3,167.2,128.1,50.0,8.5,elbow.b.stl,0
90,175.5,42.7,4.8,157.7,147.5,31.5,17.1,elbow.b.stl,0
90,163.9,48.6,90.8,150.3,141.2,22.2,25.1,wrist.b.stl,0
90,163.3,56.8,122.8,77.3,162,16.3,33.6,wrist.b.stl,0
90,28.5,145.6,88.7,108.9,175.9,28.5,33.1,wrist.b.stl,0
90,3.4,98.5,130.3,161.5,126.7,8.0,23.3,wrist.b.stl,0
90,7.1,150.2,163.1,13.9,15.4,25.5,24.5,wrist.b.stl,0
90,11.8,70.9,59.8,157.2,119.9,30.0,22.3,wrist.b.stl,0
90,53.1,176.3,149.4,162.9,113.5,26.6,23.4,wrist.b.stl,0
90,3.2,122.1,108.8,52.1,115.8,14.5,21.9,wrist.b.stl,0
90,152.8,21.6,61.7,175.9,8.2,44.8,25.3,wrist.b.stl,0
90,117.3,6.5,72.4,37.3,99,37.1,21.1,wrist.b.stl,0
90,133.3,41.2,123.9,24.9,22.2,23.9,23.8,wrist.b.stl,0
90,16.5,133.9,91.1,69.6,126.1,31.2,26.7,wrist.b.stl,0
90,122,28.6,134,27.8,154.3,44.8,15.0,base.stl,0
90,19.7,169.2,164.1,40.8,54.2,44.7,26.0,wrist.b.stl,0
90,134.8,3.4,90.6,168.9,160.6,33.2,28.5,wrist.b.stl,0
90,116.8,13,91.6,30.5,42.9,31.5,26.5,wrist.b.stl,0
90,147.1,31,171.6,60.3,52.7,32.6,15.5,base.stl,0
90,60.7,175.5,103.6,141.4,25.3,12.9,21.9,wrist.b.stl,0
90,29.9,179.7,151.1,34.3,59.5,42.8,26.7,wrist.b.stl,0
90,3.3,82.5,50.6,112.5,23.4,27.4,29.1,wrist.b.stl,0
90,61.2,177.7,70.7,132.2,139.7,29.4,26.9,wrist.b.stl,0
90,35,115.7,58.6,158,78.4,18.6,24.5,wrist.b.stl,0
90,8.3,55.3,40.1,166.9,106.8,24.8,24.2,wrist.b.stl,0
90,13.9,145.7,134.1,55.9,19.7,38.3,24.5,wrist.b.stl,0
90,81.1,38,161.9,5,5.8,50.0,-4.8,elbow.b.stl,1
90,82,114.1,7.9,169,80.2,50.0,12.9,elbow.b.stl,0
90,77.3,49.1,158.4,3.3,45.6,50.0,27.3,wrist.b.stl,0
90,0.7,99.2,78.6,73,174.2,42.2,32.2,wrist.b.stl,0
90,180,148.7,157.9,4.7,33.7,21.2,25.9,wrist.b.stl,0
90,33.7,113.3,85,164.1,56.4,35.0,29.4,wrist.b.stl,0
90,38.7,158.6,100.5,113.7,19.9,27.7,28.2,wrist.b.stl,0
90,161.7,54.1,129,97.6,115,29.0,30.0,wrist.b.stl,0
90,168,43.8,63.8,86.2,18.3,50.0,31.0,wrist.b.stl,0
90,34.6,157.9,6.3,76.1,61.8,26.5,33.9,wrist.b.stl,0
90,13.3,163.8,177.5,49.2,75.5,30.5,25.5,wrist.b.stl,0
90,18.5,168.2,167.7,55.6,48.8,43.1,26.5,wrist.b.stl,0
90,161.1,9.5,32.6,92.3,95.2,35.0,30.3,wrist.b.stl,0
90,11.5,114.7,86.5,108.3,105.4,30.0,27.2,wrist.b.stl,0
90,24.7,65,172.5,3.4,80,50.0,17.5,elbow.b.stl,0
90,10.1,151.3,155.7,53.6,16.4,34.8,24.3,wrist.b.stl,0
90,174.5,40.4,17,119.2,24.7,32.7,27.7,wrist.b.stl,0
90,100.5,118.2,1.6,158.1,103.9,50.0,16.3,elbow.b.stl,0
90,41.5,166.3,2.8,43.5,91.3,-3.6,20.3,wrist.b.stl,1
90,12.4,124.7,142.5,143.7,168.1,12.0,25.4,wrist.b.stl,0
90,134.7,6.5,8.3,2.8,39.5,50.0,26.3,wrist.b.stl,0
90,62.7,177.7,71.9,151.1,57,8.5,27.4,wrist.b.stl,0
90,11,107.2,56.3,8.9,146.1,30.7,28.6,wrist.b.stl,0
90,3.1,87.4,30.4,19.2,163.1,25.4,27.3,wrist.b.stl,0
90,68.4,42.7,9.2,177.8,176.9,50.0,13.0,elbow.b.stl,0
90,24.7,131.4,22.2,40.6,94.9,35.5,20.1,wrist.b.stl,0
90,1.3,92.8,39.9,96,14,15.1,30.7,wrist.b.stl,0
90,11.1,102.9,22.8,28.9,67.8,26.9,22.7,wrist.b.stl,0
90,69.3,51.2,176,17.4,107.6,50.0,10.3,elbow.b.stl,0
90,144.3,27.9,132.6,153,53.9,30.0,28.2,wrist.b.stl,0
90,149.9,41.6,134.8,177.8,37.3,34.3,27.2,wrist.b.stl,0
90,177.9,72.1,83,110.1,39.7,46.2,32.6,wrist.b.stl,0
90,175.9,48.5,6.7,154.1,71.6,38.6,25.5,wrist.b.stl,0
90,160.7,27.2,76.8,88.4,154.4,17.6,34.5,wrist.b.stl,0
90,144,153.7,4,150,9.5,50.0,23.6,wrist.b.stl,0
90,171,126.9,177.4,18.5,56,36.4,9.3,base.stl,0
90,2,106,68.9,52.3,88.9,5.1,23.0,wrist.b.stl,0
90,174.3,76.1,145.3,102.7,82.5,14.3,28.4,wrist.b.stl,0
90,42.3,174.1,4.6,67.6,76.5,17.7,29.9,wrist.b.stl,0
90,132.6,118.4,8.4,173.3,13.2,50.0,12.3,elbow.b.stl,0
90,169.9,66.6,27.1,1.9,143.2,40.1,26.6,wrist.b.stl,0
90,30.4,177.3,117.8,67.2,164.6,12.8,31.7,wrist.b.stl,0
90,174.2,85.4,139.2,68.7,48.3,28.9,28.8,wrist.b.stl,0
90,153.5,65.1,79.8,30.3,11.3,37.8,22.0,wrist.b.stl,0
90,49.3,176.8,77.2,111,53.6,26.6,27.9,wrist.b.stl,0
90,89.5,13.3,177.3,23.1,22.2,50.0,5.9,elbow.b.stl,0
90,63.3,177.4,84.6,131.2,146.2,36.1,26.7,wrist.b.stl,0
90,173.7,44.5,34.1,85.8,59,42.5,33.8,wrist.b.stl,0
90,9.2,139.5,127.1,31.4,55.2,16.9,27.7,wrist.b.stl,0
90,172.3,86.5,154.4,65.1,143.9,20.2,26.7,wrist.b.stl,0
90,18.8,122.6,53.6,59.9,70.9,31.4,29.9,wrist.b.stl,0
90,91.4,100.3,5.7,173.6,151.8,50.0,18.2,elbow.b.stl,0
90,131,14.1,29.2,2.1,137.2,44.5,25.6,wrist.b.stl,0
90,27.6,172.3,178.7,122.8,102.4,38.9,22.4,wrist.b.stl,0
90,131.5,26.1,172.9,29.6,51.1,50.0,20.6,base.stl,0
90,20.1,141.6,167.1,152.5,179.3,42.0,26.6,wrist.b.stl,0
90,13.4,134.7,104.5,97.9,89.5,24.8,29.6,wrist.b.stl,0
90,12.2,110.3,47.2,96.5,139,37.5,33.6,wrist.b.stl,0
90,26,154.2,110.6,107.5,81.7,16.4,27.2,wrist.b.stl,0
90,6.5,60.4,37.2,144.6,146.9,28.9,27.2,wrist.b.stl,0
90,155.9,51.8,128.9,162,35.5,32.8,24.9,wrist.b.stl,0
90,15.7,142.6,109.6,69.2,118.7,26.3,26.9,wrist.b.stl,0
90,10.5,143.1,142.4,30.7,98.2,37.0,20.9,wrist.b.stl,0
90,58.3,36.3,151.4,3.1,105,50.0,24.0,wrist.b.stl,0
90,15.5,81.3,68.7,159.8,61,23.5,28.4,wrist.b.stl,0
90,145,26.6,121.7,78.7,158.8,26.0,34.0,wrist.b.stl,0
90,16.7,116.3,39.9,42.7,128.1,26.1,22.1,wrist.b.stl,0
90,12.2,97.7,57.4,13.4,10.6,50.0,24.4,wrist.b.stl,0
90,120.6,29.1,170.8,24.1,105.3,50.0,11.2,elbow.b.stl,0
90,39.9,163.7,55.9,122.9,179.5,10.2,29.4,wrist.b.stl,0
90,39.9,148.4,85,130.2,120.2,18.4,23.4,wrist.b.stl,0
90,18.5,173.7,152.5,79.3,116.9,27.4,29.2,wrist.b.stl,0
90,139.2,16.4,169.4,57.9,30.6,34.2,12.7,base.stl,0
90,60,156.8,35.1,165.5,83,50.0,14.7,base.stl,0
90,151,26.9,60.5,66.3,83.7,33.3,28.1,wrist.b.stl,0
90,157,28.5,21.3,42,175.6,14.3,25.6,wrist.b.stl,0
90,178,111.2,174.1,52.3,160.6,31.6,27.6,wrist.b.stl,0
90,141.4,18.2,122.5,118.8,18,29.9,26.4,wrist.b.stl,0
90,129.1,37.9,98.4,25.3,165.4,33.6,26.6,wrist.b.stl,0
90,132.5,35.4,137.2,39.3,159,42.9,25.7,wrist.b.stl,0
90,158.8,164.9,19.6,157.3,16.2,50.0,20.6,elbow.b.stl,0
90,1.5,84.2,9.8,20.9,80.7,23.7,22.2,wrist.b.stl,0
90,9.1,125.9,102.4,91.3,22.2,44.7,31.3,wrist.b.stl,0
90,164.7,11.5,9.9,174.3,122.9,33.1,24.8,wrist.b.stl,0
90,143.6,21.6,131.8,116.4,111.5,29.0,25.8,wrist.b.stl,0
90,36.1,153.1,34.2,65.8,132.2,41.1,25.6,wrist.b.stl,0
90,160.4,96.6,149.9,27.5,108.9,25.1,21.3,wrist.b.stl,0
90,125.6,21.8,148.5,36.9,109,50.0,13.2,base.stl,0
90,74.4,114.9,10.3,177.4,176.3,50.0,16.1,elbow.b.stl,0
90,16.2,154,124.3,86.2,87.7,29.4,30.1,wrist.b.stl,0
90,27,135.2,53.3,66.5,149.4,39.8,28.3,wrist.b.stl,0
90,134.3,56,3.4,174.3,178,50.0,9.7,elbow.b.stl,0
90,150.4,22.1,80.7,159.2,134.1,24.4,23.6,wrist.b.stl,0
90,140.6,15.3,139.6,126.7,58.9,31.8,25.3,wrist.b.stl,0
90,59.9,155.9,62.3,161.8,118.3,26.2,23.1,wrist.b.stl,0
90,175.1,76.9,147.5,99,26.3,13.3,31.5,wrist.b.stl,0
90,164.5,36.5,81.5,92,144.3,19.8,34.2,wrist.b.stl,0
90,142.1,27.3,170.1,177.6,61.4,36.5,26.0,wrist.b.stl,0
90,2.8,60.6,177.5,6.6,149.7,50.0,4.3,elbow.b.stl,0
90,34.8,125,78,153.4,152.4,9.9,28.4,wrist.b.stl,0
90,72.9,25.1,162.8,19.5,72.2,50.0,11.9,elbow.b.stl,0
90,145.1,31.3,170.3,137.2,108.7,33.4,20.1,wrist.b.stl,0
90,52,152.7,36.9,156.3,10.7,47.8,24.3,wrist.b.stl,0
90,168,72.1,179.4,129,107.6,25.9,21.2,wrist.b.stl,0
90,136.9,141.5,0.6,162.9,158.5,50.0,7.2,elbow.b.stl,0
90,6.9,92.9,12.4,14.6,169.6,29.1,27.9,wrist.b.stl,0
90,14.3,108.2,86.8,124.1,75.4,19.0,21.9,wrist.b.stl,0
90,65.9,135.4,24.3,171.8,115.4,50.0,21.3,elbow.b.stl,0
90,119.6,16.1,78,21.7,160.3,26.8,26.9,wrist.b.stl,0
90,26.7,172.8,148.3,92.7,26,50.0,31.6,wrist.b.stl,0
90,52.9,164.3,116.4,148.3,136.2,26.1,23.7,wrist.b.stl,0
90,17.5,137.6,105,94.4,12,50.0,30.8,wrist.b.stl,0
90,9.8,108.1,132.8,154.8,19.6,22.8,23.3,wrist.b.stl,0
90,178.6,82.8,110.3,172.9,11,29.0,25.4,wrist.b.stl,0
90,53.8,8.8,154.9,25,93.7,50.0,11.5,elbow.b.stl,0
90,48.9,152.3,26.4,158.2,73.7,50.0,25.4,wrist.b.stl,0
90,87.2,173.5,2.5,151,165.4,50.0,13.9,elbow.b.stl,0
90,3.3,108,152,158.4,44.8,29.6,25.7,wrist.b.stl,0
90,23.1,156.7,107.6,43.7,135.2,9.3,24.0,wrist.b.stl,0
90,63.8,172,24.1,160.6,173.4,50.0,19.9,elbow.b.stl,0
90,6.3,111.4,66.5,70.8,114,17.1,27.3,wrist.b.stl,0
90,160.5,22.5,36.9,179.7,59.2,46.4,25.8,wrist.b.stl,0
90,43.6,55.3,179.6,15.2,137,50.0,6.6,elbow.b.stl,0
90,168.6,118.1,139.5,22,33,33.9,26.0,wrist.b.stl,0
90,150.5,29.3,177,96.6,178.3,19.7,27.9,base.stl,0
90,172.9,55.7,5.9,178.2,58.8,50.0,25.9,elbow.b.stl,0
90,34.8,154.1,60.2,62.3,69.4,31.8,30.7,wrist.b.stl,0
90,65.7,168.7,7.6,156.5,156.1,50.0,8.4,elbow.b.stl,0
90,5.8,131.6,121.6,50.1,48.3,17.6,26.6,wrist.b.stl,0
90,147.9,18.6,88.7,115.2,20.5,26.8,27.9,wrist.b.stl,0
90,143.3,20.1,63.6,57.6,176.2,20.3,28.1,wrist.b.stl,0
90,25.7,174.1,148,102.5,127.5,30.1,31.4,wrist.b.stl,0
90,12.6,118,20.3,86.8,36.1,9.9,32.0,wrist.b.stl,0
90,158,41.6,106.3,107.4,35.8,27.0,32.6,wrist.b.stl,0
90,161,47.3,43.2,53.7,83.1,47.6,24.8,wrist.b.stl,0
90,170.8,111.4,107.9,1.4,165.8,31.6,28.0,wrist.b.stl,0
90,125.6,118.8,16.4,177.2,98.5,50.0,24.4,wrist.b.stl,0
90,29.2,135.2,133.4,155.7,69,27.3,26.3,wrist.b.stl,0
90,31.1,171.9,119.7,77.1,14.5,37.6,30.4,wrist.b.stl,0
90,15.2,103,42.9,2,33.6,50.0,25.5,wrist.b.stl,0
90,142.2,18.9,64.6,60,46.8,30.0,26.3,wrist.b.stl,0
90,151,4.9,60.5,104.6,0.4,18.8,28.9,wrist.b.stl,0
90,149.5,0.2,62.3,83.4,110.8,8.6,29.9,wrist.b.stl,0
90,48,161.5,94.5,133.6,97.8,15.9,21.0,wrist.b.stl,0
90,138.1,174.4,27.1,159.8,22,50.0,12.1,elbow.b.stl,0
90,34,122.6,53.8,149.3,144.9,11.2,26.7,wrist.b.stl,0
90,0.7,88.9,48.4,102.7,155,33.4,32.6,wrist.b.stl,0
90,146.1,13.7,83.2,136.2,83.4,20.5,20.3,wrist.b.stl,0
90,147,30.9,146.7,125.3,72.8,34.6,21.9,wrist.b.stl,0
90,92.7,20.3,150.7,15.5,84,50.0,17.9,elbow.b.stl,0
90,31.4,146.5,56.9,99.5,29.6,24.8,31.9,wrist.b.stl,0
90,116.3,43.8,178.4,11.5,167.4,50.0,-2.2,elbow.b.stl,1
90,154.1,44.7,135.4,153.6,54.3,23.6,28.3,wrist.b.stl,0
90,147,24,122.8,111.6,63.4,22.4,26.1,wrist.b.stl,0
90,131.6,41.1,85.6,4,11.7,35.8,25.0,wrist.b.stl,0
90,4.7,96.2,22.4,87,159.5,26.5,34.3,wrist.b.stl,0
90,101.9,51.1,168.1,4.5,18.8,50.0,-0.7,elbow.b.stl,1
90,177,55.8,49.4,169,53.2,40.4,29.4,wrist.b.stl,0
90,59.2,179.5,60.5,139.5,62,26.9,26.4,wrist.b.stl,0
90,164.8,132.5,4.9,161.6,113.9,50.0,6.5,elbow.b.stl,0
90,164.4,63.7,176.7,140.6,154.8,17.7,26.1,wrist.b.stl,0
90,8.5,114.9,113.7,125.5,165.7,8.1,27.5,wrist.b.stl,0
90,108.1,12.4,143.3,25.5,51.9,50.0,27.8,wrist.b.stl,0
90,0.6,105.7,79.3,81.4,25.5,27.0,30.5,wrist.b.stl,0
90,170.6,160.4,31.3,173.7,35.2,50.0,4.4,elbow.b.stl,0
90,6.1,111.5,104.3,106.8,24.1,33.6,30.3,wrist.b.stl,0
90,32.1,92.6,19.9,174.8,138.4,48.4,27.0,wrist.b.stl,0
90,156.3,70.7,172,40.8,25.5,50.0,21.9,wrist.b.stl,0
90,152,41.7,177.4,126.6,117.4,24.8,23.9,wrist.b.stl,0
90,13.5,173,179,50,127,24.4,21.4,wrist.b.stl,0
90,18.6,49.5,174.2,19.5,85.8,50.0,17.0,elbow.b.stl,0
90,92.6,165.3,3,148.9,11.8,50.0,23.0,wrist.b.stl,0
90,166.1,33.2,53.8,148.7,127.3,18.8,21.5,wrist.b.stl,0
90,163.8,48.1,96.9,97.7,26.3,33.3,31.6,wrist.b.stl,0
90,19.9,36,157.4,9,28.4,50.0,8.2,elbow.b.stl,0
90,126.9,4.5,136.4,166.8,9.3,49.2,25.4,wrist.b.stl,0
90,133.3,18,140.9,55.2,149.6,42.6,10.9,base.stl,0
90,151.5,15.6,23.6,52.3,173.1,17.7,26.8,wrist.b.stl,0
90,20.1,167.5,171.9,3.3,55.7,48.0,28.5,wrist.b.stl,0
90,7.2,82.7,97,164.4,72.9,18.3,25.8,wrist.b.stl,0
90,1.7,128.4,130.9,6.9,91,21.4,23.9,wrist.b.stl,0
90,139.9,67,122.2,10.9,78.7,38.4,23.7,wrist.b.stl,0
90,151.2,18.2,38.5,64.9,33,37.6,26.4,wrist.b.stl,0
90,135.6,28.4,87.8,47.8,38,33.3,23.8,wrist.b.stl,0
90,159.7,83.7,123.5,44.2,106.8,31.9,21.1,wrist.b.stl,0
90,144.1,22.7,139.2,84.1,14.2,24.3,31.0,wrist.b.stl,0
90,146.6,25.1,119.4,83.3,91.5,32.7,29.9,wrist.b.stl,0
90,163.3,126.5,4.9,161,43.5,50.0,19.4,elbow.b.stl,0
90,11.4,63.2,2.1,163,72.2,39.7,25.9,wrist.b.stl,0
90,144.3,32,107.4,168.1,1.2,50.0,26.3,wrist.b.stl,0
90,168.8,66.8,147.7,169,68.3,6.5,26.3,wrist.b.stl,0
90,7.5,95.6,28.6,40.5,56.3,28.0,26.2,wrist.b.stl,0
90,20,174.6,148.7,78.8,72.4,25.5,31.7,wrist.b.stl,0
90,141.8,21.4,130.7,132.5,40.4,30.8,26.6,wrist.b.stl,0
90,25,129.1,37.4,120.2,72.7,24.7,22.9,wrist.b.stl,0
90,18.5,165.1,141.3,62.9,97.3,20.9,25.1,wrist.b.stl,0
90,24.8,112.5,2.3,152,118.1,50.0,21.4,wrist.b.stl,0
90,160.8,176,35,159.4,100.5,50.0,11.2,elbow.b.stl,0
90,8,149.2,179.8,41.7,59.9,28.3,26.5,wrist.b.stl,0
90,148.6,29.8,2.2,177.1,179.3,50.0,3.3,elbow.b.stl,0
90,4.1,97,91.1,116.6,47.8,21.4,29.0,wrist.b.stl,0
90,26.5,142.5,158.8,171.8,19.1,35.3,25.2,wrist.b.stl,0
90,18.2,127.3,77.6,11.3,122.7,30.8,24.6,wrist.b.stl,0
90,122.7,35.9,93.5,3.2,71.6,48.1,25.2,wrist.b.stl,0
90,43.8,170.2,37.8,18.4,109.6,37.2,22.8,wrist.b.stl,0
90,174,149.8,10,152.7,87.4,50.0,13.2,elbow.b.stl,0
90,81,170.2,80.1,176.4,140.7,49.5,27.7,wrist.b.stl,0
90,5.7,90.3,38.5,111.3,121.2,32.6,29.0,wrist.b.stl,0
90,13.7,79.6,48.4,144.5,127.2,24.1,21.7,wrist.b.stl,0
90,172.3,72.1,126.6,173.3,58.2,10.8,27.5,wrist.b.stl,0
90,90.6,28.3,144.9,2.7,28.2,50.0,25.2,wrist.b.stl,0
90,36.1,159,55.1,60.1,72.7,26.2,29.4,wrist.b.stl,0
90,11.1,68.8,25.6,150.4,60.8,20.2,27.3,wrist.b.stl,0
90,14.7,65.8,47.2,168.6,172.4,32.6,28.3,wrist.b.stl,0
90,160.1,82.9,151.6,39.4,98.5,26.9,20.6,wrist.b.stl,0
90,127.4,47.9,110.3,6.7,64.5,47.8,26.0,wrist.b.stl,0
90,172.3,92.2,70.1,0.2,107.5,26.8,23.9,wrist.b.stl,0
90,2.7,98.8,59.7,14.8,127.1,15.5,25.2,wrist.b.stl,0
90,140.7,68.1,128.1,8.9,119,32.4,24.2,wrist.b.stl,0
90,145.7,70.9,124.8,17.3,132.6,23.8,26.3,wrist.b.stl,0
90,152.8,11.1,60.7,143.7,149.9,11.0,26.6,wrist.b.stl,0
90,157.4,57,82.3,58.8,111.3,46.4,23.4,wrist.b.stl,0
90,30.2,144,32.2,20.1,86.2,29.2,22.4,wrist.b.stl,0
90,19.7,127.2,82.9,26,33.6,44.7,25.8,wrist.b.stl,0
90,26.9,170,130.6,34,86.2,22.5,20.2,wrist.b.stl,0
90,103.8,10.7,96.7,10.8,46.5,46.2,15.4,base.stl,0
90,164.7,77.4,163.8,52.6,137.5,34.6,23.7,wrist.b.stl,0
90,41.9,153.2,20.2,138.1,54,50.0,26.4,wrist.b.stl,0
90,136.5,0.2,80.8,148.8,41.3,27.9,24.6,wrist.b.stl,0
90,99.9,170,8.3,153,168.6,50.0,17.5,elbow.b.stl,0
90,30.5,135.3,119.6,131.8,43.3,44.2,26.6,wrist.b.stl,0
90,148.7,113.8,5.8,169.7,145.6,50.0,11.4,elbow.b.stl,0
90,13,160.2,145.6,57.7,109,11.9,22.9,wrist.b.stl,0
90,25.9,136.5,39.1,38.7,110.9,24.1,20.0,wrist.b.stl,0
90,154.5,59,53.7,2.9,6.9,37.6,25.3,wrist.b.stl,0
90,38,160.5,13.9,119.2,126.2,29.6,28.5,wrist.b.stl,0
90,40,119.3,64.4,167,122.2,26.4,23.9,wrist.b.stl,0
90,17.4,82.5,39.6,149.5,129.8,23.9,21.9,wrist.b.stl,0
90,175.4,56.4,57.1,101.9,13.3,50.0,29.9,wrist.b.stl,0
90,112.5,28.8,120.4,13.3,86.1,50.0,7.3,base.stl,0
90,52,176.6,122.4,133.7,29.6,11.5,24.5,wrist.b.stl,0
90,0.5,87.6,53.5,19.7,47.4,30.7,29.1,wrist.b.stl,0
90,150.3,29.8,93,156.2,178.4,31.2,27.1,wrist.b.stl,0
90,21.5,138.2,122.7,127.4,118.5,7.6,23.9,wrist.b.stl,0
90,142,19.3,141.2,94.7,159,27.6,33.8,wrist.b.stl,0
90,165.2,23,28.5,114.9,85.5,42.3,24.9,wrist.b.stl,0
90,50.6,52.1,166.9,1.2,6.5,50.0,2.8,elbow.b.stl,0
90,152.4,30,91.8,116.3,59.3,32.7,25.5,wrist.b.stl,0
90,113.2,16.8,131.6,28.9,115.9,50.0,11.3,base.stl,0
90,161.4,10.7,11.8,127.5,50.9,42.2,28.4,wrist.b.stl,0
90,165,44.9,14.5,29.8,83.7,35.0,20.7,wrist.b.stl,0
90,29.2,153.1,114.4,106.3,41.9,37.3,32.5,wrist.b.stl,0
90,136.9,12,45.1,43.3,172.2,20.5,25.4,wrist.b.stl,0
90,170.9,71.4,164,88.4,130.2,14.9,31.2,wrist.b.stl,0
90,3.9,141.3,155.9,46.6,131.7,25.6,22.5,wrist.b.stl,0
90,25.8,27.3,156.4,12.6,149.4,50.0,22.0,elbow.b.stl,0
90,172,45.3,10.3,44.9,52,29.5,26.3,wrist.b.stl,0
90,9.2,102.5,20,60.3,49.8,26.3,27.1,wrist.b.stl,0
90,160.9,53,79.3,61.8,176.5,24.0,29.3,wrist.b.stl,0
90,7.4,136.3,146.9,3.2,170.6,45.2,28.0,wrist.b.stl,0
90,26.2,122.6,42.2,12.1,30.8,50.0,26.0,wrist.b.stl,0
90,23.9,19.6,152.9,18.6,23.4,50.0,24.7,wrist.b.stl,0
90,179.1,46.9,36.5,156.3,109.2,20.0,22.6,wrist.b.stl,0
90,3.6,92.8,43.2,21.4,103.5,21.7,22.1,wrist.b.stl,0
90,136,177.1,30.4,163,173.4,50.0,15.7,elbow.b.stl,0
90,12.6,113.4,39.5,79.1,53,26.2,32.8,wrist.b.stl,0
90,23.9,118.5,121,163.8,110.8,28.1,23.7,wrist.b.stl,0
90,11.2,134.2,119.5,76.6,8.1,48.5,31.0,wrist.b.stl,0
90,131.5,8.7,162,176.6,22.4,30.1,25.5,wrist.b.stl,0
90,58.7,123.6,5.3,169.9,163.9,50.0,2.6,elbow.b.stl,0
90,126.1,47.3,139.8,14.1,79.8,50.0,10.0,base.stl,0
90,28.2,170,116.1,28.4,130,6.9,24.9,wrist.b.stl,0
90,146.2,9.5,17.3,44.1,5.7,23.7,23.6,wrist.b.stl,0
90,179.2,136.6,22.6,172.9,2.5,50.0,23.6,elbow.b.stl,0
90,143.1,26,24.7,9.3,159.6,38.8,28.1,wrist.b.stl,0
90,178.3,131.1,127.1,10.9,38.6,24.9,27.1,wrist.b.stl,0
90,132.2,97.4,2,169.3,135.3,50.0,14.3,elbow.b.stl,0
90,31.1,164.9,93.5,98.2,130.4,22.7,32.0,wrist.b.stl,0
90,16.6,166.5,161.4,14.3,166.9,32.9,27.8,wrist.b.stl,0
90,150.6,42,47.6,28.7,173.5,23.5,26.8,wrist.b.stl,0
90,51.7,171.1,127.2,142.6,90.9,21.1,20.2,wrist.b.stl,0
90,35.1,158.3,14.6,112.4,112.8,25.1,27.2,wrist.b.stl,0
90,35.5,166.5,83.6,70,69.4,24.3,31.9,wrist.b.stl,0
90,168.5,22.1,6.3,104,40,30.7,33.6,wrist.b.stl,0
90,31.3,144.9,1.2,21.2,76,5.8,22.2,wrist.b.stl,0
90,42.4,30.8,145.9,2,89.3,50.0,23.9,wrist.b.stl,0
90,153,51.9,161.7,160.9,6,46.2,25.5,wrist.b.stl,0
90,161.4,56.4,158.9,114.3,84.2,28.4,25.3,wrist.b.stl,0
90,43.2,174.5,178.1,157.4,165.3,50.0,27.5,wrist.b.stl,0
90,151.5,6.1,70.9,91.6,128.8,14.7,31.4,wrist.b.stl,0
90,1.8,114.7,107,47.6,158.1,27.0,26.6,wrist.b.stl,0
90,155.8,36.2,83.4,175.6,81.3,39.7,24.4,wrist.b.stl,0
90,4.6,40.3,37.3,157.1,175.2,49.1,27.2,wrist.b.stl,0
90,2.9,94.7,3.4,99.4,170.6,9.3,33.8,wrist.b.stl,0
90,134.4,8.7,131.8,133.7,172.5,36.1,26.3,wrist.b.stl,0
90,176,124.2,142.8,29.9,36,22.8,25.9,wrist.b.stl,0
90,165.2,64.3,168.1,145.3,117.4,27.9,20.4,wrist.b.stl,0
90,28.5,143.3,37.8,105.1,67,24.5,27.9,wrist.b.stl,0
90,84.1,71.1,177.2,2.9,88.6,50.0,11.9,elbow.b.stl,0
90,20.4,66.4,179,3.2,43.6,50.0,-6.5,elbow.b.stl,1
90,58.4,179.3,85.8,119.7,131.2,44.6,29.5,wrist.b.stl,0
90,102.4,128.9,17.9,169.8,81.6,50.0,19.4,elbow.b.stl,0
90,25.4,129,41.6,70,163.3,43.8,32.4,wrist.b.stl,0
90,161.6,60.1,42.1,22.8,131.4,41.8,25.8,wrist.b.stl,0
90,14.1,157.3,149.2,72.2,41.3,38.5,29.0,wrist.b.stl,0
90,53.1,148.8,83.1,159.1,22.9,16.6,23.9,wrist.b.stl,0
90,14.3,164,154.5,85.7,64,35.3,32.8,wrist.b.stl,0
90,40.3,152.5,27.5,146.6,127.5,50.0,21.5,wrist.b.stl,0
90,56.4,17.4,153.1,21.8,63.3,50.0,22.6,elbow.b.stl,0
90,21.2,109.8,19.9,136.2,9.6,30.8,21.6,wrist.b.stl,0
90,158.3,52.2,156.1,148.8,70.4,27.0,25.2,wrist.b.stl,0
90,11.6,116.4,86.1,100.8,1.4,41.6,29.8,wrist.b.stl,0
90,151.3,70.5,93.1,18.3,89,29.8,22.8,wrist.b.stl,0
90,32.1,112.5,61.8,149.6,126.3,26.7,21.3,wrist.b.stl,0
90,149,49.7,63.2,21.8,15.5,23.8,23.5,wrist.b.stl,0
90,169.6,49.5,1.8,7.7,166.1,41.0,28.1,wrist.b.stl,0
90,19.1,148.1,112.2,16.7,55.2,20.1,26.4,wrist.b.stl,0
90,153.8,64.4,97.2,49.4,38.7,45.4,23.9,wrist.b.stl,0
90,4.1,42,18.1,158.6,9.5,19.0,24.8,wrist.b.stl,0
90,177.8,70.4,86.3,141.9,89.1,24.9,20.2,wrist.b.stl,0
90,177.4,48.9,9.3,154.2,122.8,33.6,21.8,wrist.b.stl,0
90,14,72.1,26.7,159.3,85.4,18.7,23.6,wrist.b.stl,0
90,154.6,43.9,136.1,79.1,79.4,30.6,30.6,wrist.b.stl,0
90,143.2,23.3,132.5,147.8,56.5,27.2,26.8,wrist.b.stl,0
90,8.4,151.5,158.7,91.7,173.4,28.8,34.3,wrist.b.stl,0
90,81.1,124,17.5,178.1,156.9,50.0,19.3,elbow.b.stl,0
90,91.9,128.5,13.7,173.7,24.4,50.0,14.9,elbow.b.stl,0
90,157.5,5.6,42.5,107.6,144.3,15.5,31.7,wrist.b.stl,0
90,159.5,16.6,48.3,163.7,148,15.0,27.4,wrist.b.stl,0
90,172.1,112.9,135.5,40.5,83.8,31.6,20.7,wrist.b.stl,0
90,131.3,179.7,40.2,172.3,45,50.0,1.4,elbow.b.stl,0
90,25.3,164.1,123.1,47.2,174.8,22.0,25.8,wrist.b.stl,0
90,140.9,7.8,56.5,67.1,70.2,33.6,31.4,wrist.b.stl,0
90,38.6,120.7,60.8,168.8,158.5,12.4,28.6,wrist.b.stl,0
90,165.6,39,73,112.3,132.4,19.9,31.6,wrist.b.stl,0
90,2,137.9,175.2,12,85.3,21.9,23.5,wrist.b.stl,0
90,146.1,120.1,9.3,173,94.1,50.0,1.9,elbow.b.stl,0
90,171.3,74.4,142.3,110.3,134.6,22.0,31.8,wrist.b.stl,0
90,13.8,3.6,160.2,30.5,172.4,50.0,26.5,wrist.b.stl,0
90,83.2,164.8,8.8,151.7,46.4,50.0,8.6,elbow.b.stl,0
90,160.2,24.8,59.7,118.2,168.3,21.9,29.9,wrist.b.stl,0
90,21.9,79.4,12.5,159.5,159.1,41.8,28.2,wrist.b.stl,0
90,168.1,84.7,137.3,63.1,114.4,32.4,24.8,wrist.b.stl,0
90,167.8,69.2,165.3,156,155.4,21.5,28.3,wrist.b.stl,0
90,41.6,171.7,56.9,87.5,172.7,27.4,34.2,wrist.b.stl,0
90,12.8,7.6,156.9,32.7,48.9,50.0,26.4,wrist.b.stl,0
90,140.1,35.2,122.3,56.5,92.9,35.5,23.6,wrist.b.stl,0
90,23.5,150.3,112.8,8.8,62.4,38.9,26.1,wrist.b.stl,0
90,127.7,17.5,50.3,8.2,31.1,31.5,25.9,wrist.b.stl,0
90,9.3,46.3,167.4,10.2,106.3,50.0,13.1,elbow.b.stl,0
90,25.9,167.6,176,134.9,48.6,16.8,26.4,wrist.b.stl,0
90,26,92.2,10.3,165.2,160.8,50.0,28.4,wrist.b.stl,0
90,171.4,75.7,172.4,135.2,97.5,24.8,21.2,wrist.b.stl,0
90,73.3,124.8,24,176.5,78.2,50.0,24.5,wrist.b.stl,0
90,31.7,179.4,139.3,84.4,26.6,50.0,31.0,wrist.b.stl,0
90,71.2,167.8,49.9,170.7,11.5,43.1,24.2,base.stl,0
90,11.5,141,124,90.6,110.1,42.2,30.1,wrist.b.stl,0
90,6.4,117.1,96.1,27.1,55.7,25.5,26.6,wrist.b.stl,0
90,179.4,41.3,7.8,83.3,148.9,16.2,33.2,wrist.b.stl,0
90,121.8,14.2,175.8,28.4,179.6,50.0,24.7,elbow.b.stl,0
90,48.6,170.8,124.6,135.7,177,24.1,26.2,wrist.b.stl,0
90,41.1,153.4,38.8,145.2,174.1,28.4,25.6,wrist.b.stl,0
90,157.8,13.4,43.1,90.5,63.6,45.5,32.1,wrist.b.stl,0
90,178.5,53.6,12.5,66.7,51.9,36.8,28.8,wrist.b.stl,0
90,11.4,25.3,167,26,15.3,50.0,22.9,wrist.b.stl,0
90,54.4,144.3,2.4,155.2,107.1,50.0,0.9,elbow.b.stl,0
90,25.5,144.5,137.7,135.1,87,10.2,20.2,wrist.b.stl,0
90,15.9,150.4,142.1,6.5,175.1,45.2,28.3,wrist.b.stl,0
90,31.6,172.2,112.6,95.6,154.9,31.4,33.8,wrist.b.stl,0
90,34.4,167.2,99.5,42.5,113,22.7,20.1,wrist.b.stl,0
90,29.8,155.6,77.9,87.2,57.1,30.1,33.9,wrist.b.stl,0
90,143.6,39,174.7,42.4,57,50.0,8.9,base.stl,0
90,42.1,171.9,76.4,77.4,92.2,36.6,29.1,wrist.b.stl,0
90,9.2,105.2,25.9,108.2,90.7,19.2,26.8,wrist.b.stl,0
90,10.4,66.3,18.9,163.6,92.3,17.1,23.5,wrist.b.stl,0
90,33.4,154,7.8,58.8,69.6,19.5,29.5,wrist.b.stl,0
90,150,141.3,13.7,162.9,27,50.0,14.4,elbow.b.stl,0
90,160,38.1,83.7,113.9,82.7,30.1,25.5,wrist.b.stl,0
90,78.5,14.3,133.8,8.7,76.5,50.0,22.3,base.stl,0
90,16.4,162.9,166.9,17.1,26.2,41.7,25.2,wrist.b.stl,0
90,16.1,113.1,83.4,117.5,84.4,30.6,24.4,wrist.b.stl,0
90,14.2,76.6,11.7,150.8,32.2,34.4,22.8,wrist.b.stl,0
90,171.4,61.4,74.9,79.3,19.4,50.0,30.3,wrist.b.stl,0
90,158.9,33.1,25.1,55.4,76.4,48.9,27.1,wrist.b.stl,0
90,33.9,177.6,118.5,26,146.3,16.1,27.1,wrist.b.stl,0
90,36.3,137.7,91.4,138.6,161.8,18.4,25.4,wrist.b.stl,0
90,32,147.3,85.6,5.5,45.6,50.0,27.7,wrist.b.stl,0
90,15.3,113.7,42.4,61.5,176.9,31.8,29.2,wrist.b.stl,0
90,33.5,145.9,11.4,27.8,146.6,28.8,26.9,wrist.b.stl,0
90,11.3,112.9,55.9,3.5,101.1,16.9,24.2,wrist.b.stl,0
90,15.8,116.2,14.6,65.2,44.1,29.6,27.1,wrist.b.stl,0
90,140.3,5.8,87.4,151.7,153.6,19.2,28.1,wrist.b.stl,0
90,173.1,75,152.5,146.9,129.9,6.0,22.1,wrist.b.stl,0
90,160.8,48.5,39,36.4,43.3,23.3,26.0,wrist.b.stl,0
90,165.7,80.9,83.6,32.7,171.3,21.4,26.1,wrist.b.stl,0
90,160,66,178,49.9,52.9,50.0,9.4,base.stl,0
90,23.6,175.7,146.7,46.5,74.9,19.6,24.8,wrist.b.stl,0
90,28.2,118.7,40.2,145.2,89.6,17.5,20.7,wrist.b.stl,0
90,30,140.9,50.2,8.1,95.3,29.5,24.0,wrist.b.stl,0
90,33.6,124.4,111.5,164.9,10.4,41.7,25.2,wrist.b.stl,0
90,1.1,123,119.6,42.2,18.7,14.5,21.4,wrist.b.stl,0
90,34.4,142.7,133.5,153,179.5,36.8,26.7,wrist.b.stl,0
90,161.5,19.6,55.6,111.3,140.8,11.1,30.9,wrist.b.stl,0
90,23.6,116.4,23.3,130.9,151.8,36.5,26.1,wrist.b.stl,0
90,148,58.9,99.8,41.4,133.8,35.3,24.0,wrist.b.stl,0
90,140.6,22.1,168.9,166.2,168.5,13.3,28.2,wrist.b.stl,0
90,57.7,119.3,17.2,173.7,92.6,50.0,24.3,wrist.b.stl,0
90,178.5,149.1,164.6,22.8,141.7,32.2,28.0,wrist.b.stl,0
90,153.6,77.8,104,1.1,126.1,18.8,24.2,wrist.b.stl,0
90,32.7,111.1,65.6,151.6,1.8,23.8,25.2,wrist.b.stl,0
90,44,167.1,14.6,8.9,149.4,13.8,28.8,wrist.b.stl,0
90,137.4,160.7,18.7,159.9,31.1,50.0,9.8,elbow.b.stl,0
90,173.7,44,30,127.3,44.2,41.4,27.6,wrist.b.stl,0
90,6.2,92.3,6.7,124.6,70.3,29.3,22.3,wrist.b.stl,0
90,143.6,161,2.9,145.8,27,50.0,22.0,wrist.b.stl,0
90,26.4,114.2,41.8,140.4,110.8,21.9,20.1,wrist.b.stl,0
90,0.3,101.2,70,66.9,91.1,18.7,27.0,wrist.b.stl,0
90,161.5,59.8,83.1,56.9,162.9,23.6,28.9,wrist.b.stl,0
90,9,76.2,39.7,129.5,166,32.3,26.4,wrist.b.stl,0
90,178.9,115.5,0.7,158.7,97.6,50.0,16.7,elbow.b.stl,0
90,150.5,28.4,14.6,18.5,45.8,44.9,29.1,wrist.b.stl,0
90,159.2,144.7,15.4,168.5,145.2,50.0,-1.0,elbow.b.stl,1
90,179.4,55.3,56.3,91.4,161,37.6,34.1,wrist.b.stl,0
90,131,145.1,18.9,164.6,42.8,50.0,7.9,elbow.b.stl,0
90,158.3,17.7,11,66.6,79.4,50.0,29.1,wrist.b.stl,0
90,179,55.7,47.1,178,66.1,33.6,25.3,wrist.b.stl,0
90,156.3,40.2,41.2,40.7,161.5,19.3,25.6,wrist.b.stl,0
90,19.6,122.9,43,3.6,116.8,23.2,23.9,wrist.b.stl,0
90,155.4,92.4,170.3,19.9,137.8,50.0,7.6,base.stl,0
90,46,160.1,41.5,22.7,3,50.0,23.2,wrist.b.stl,0
90,31.8,156.1,43.9,98.7,81.9,16.0,29.2,wrist.b.stl,0
90,176.5,43.6,33,128.1,162.2,31.2,26.4,wrist.b.stl,0
90,146.3,23.6,140.8,96.2,127.3,24.5,31.5,wrist.b.stl,0
90,1.7,94.5,22.8,96.6,104.5,13.1,29.5,wrist.b.stl,0
90,20.8,131.3,152.9,168.1,155.1,33.4,28.9,wrist.b.stl,0
90,18.8,141.3,115,98.5,9.1,49.3,30.3,wrist.b.stl,0
90,34.2,157.4,54.6,94.6,37.5,18.8,33.1,wrist.b.stl,0
90,154.6,39.2,104.5,71,41.8,28.6,28.7,wrist.b.stl,0
90,24.9,148.8,162.7,157,70.5,17.5,26.0,wrist.b.stl,0
90,17.7,105.3,117.4,180,154.5,30.6,28.0,wrist.b.stl,0
90,125.8,2.5,149.6,54.3,178.7,50.0,13.3,base.stl,0
90,37.7,162.8,55.3,107.5,82.4,24.5,27.3,wrist.b.stl,0
90,140.3,10.7,122.3,81.2,65.7,24.4,32.4,base.stl,0
90,47.1,175.5,5.2,89,136.8,45.0,32.2,wrist.b.stl,0
90,31.3,140.3,6.5,126.7,16.4,40.8,23.6,wrist.b.stl,0
90,116,1.4,56.3,14,135.5,20.1,26.8,wrist.b.stl,0
90,21,121.7,58,49,50.4,43.5,27.3,wrist.b.stl,0
90,0.1,102.3,126.6,124,79.7,22.6,21.9,wrist.b.stl,0
90,134.7,11.6,172.5,51.1,35.4,39.3,19.2,base.stl,0
90,5.6,104.4,117.6,133.2,98.7,10.7,20.8,wrist.b.stl,0
90,54.5,146.7,64.9,159,34.3,24.1,24.3,wrist.b.stl,0
90,142.6,34.3,114.9,60.2,95.7,30.4,24.4,wrist.b.stl,0
90,15,118.1,140.1,177.3,172.8,16.6,28.5,wrist.b.stl,0
90,158.3,49.2,179.8,101.5,172.7,17.3,33.8,wrist.b.stl,0
90,38.8,163.6,45.5,116.6,179.5,14.7,32.2,wrist.b.stl,0
90,174.4,122.4,10,174.3,78.8,50.0,3.4,elbow.b.stl,0
90,178.8,75.2,1.5,165.7,86.7,50.0,24.1,wrist.b.stl,0
90,3.6,97.5,71.6,1.8,162.2,43.6,28.1,wrist.b.stl,0
90,3.9,6,165.4,34.1,15.6,50.0,21.6,wrist.b.stl,0
90,21.4,144.2,156.9,152.3,80,3.0,23.5,wrist.b.stl,0
90,178.7,95.7,73.1,39.1,31.3,33.6,23.3,wrist.b.stl,0
90,153.9,41.7,141.3,127,49.1,24.1,28.3,wrist.b.stl,0
90,169.4,66.6,137.9,178.3,78.4,5.3,24.2,wrist.b.stl,0
90,44.8,40.2,158.8,10.7,32.7,50.0,16.0,elbow.b.stl,0
90,175.9,50.4,55.8,137.2,144.4,17.8,26.4,wrist.b.stl,0
90,50.5,153.8,73.5,137.6,39,21.4,26.4,wrist.b.stl,0
90,170.4,31.9,18.2,129.7,90.1,36.2,21.4,wrist.b.stl,0
90,46.4,174.9,82.3,26.5,82.2,34.7,21.2,wrist.b.stl,0
90,33.9,149.4,10.4,20.4,128.6,19.0,25.3,wrist.b.stl,0
90,39.8,48.7,177.8,24.2,119.4,50.0,23.2,wrist.b.stl,0
90,23.6,145.8,107.3,29.6,172.4,41.5,26.6,wrist.b.stl,0
90,0.9,85.5,22.3,38.6,99.7,19.6,21.0,wrist.b.stl,0
90,163.3,98.6,164.9,28.3,99,34.0,17.6,base.stl,0
90,9,111.2,80,27.5,166.6,35.4,26.4,wrist.b.stl,0
90,86.2,179.4,22.8,155,72.8,50.0,-3.2,elbow.b.stl,1
90,4.2,120.1,157.6,157.7,125.5,-7.3,22.5,wrist.b.stl,1
90,162.9,13,32.4,143.1,148.3,12.1,26.7,wrist.b.stl,0
90,162,20.7,52.4,97.4,135.6,25.5,33.0,wrist.b.stl,0
90,157,79.6,120.7,46.2,32.1,47.1,22.6,wrist.b.stl,0
90,162.1,38.9,67.4,162.1,3.8,37.8,25.9,wrist.b.stl,0
90,179.9,139.1,7.1,155.3,9.4,50.0,24.4,wrist.b.stl,0
90,75.7,174.8,78.7,173.1,92.1,26.9,24.2,wrist.b.stl,0
90,179.9,72.9,77.5,82.6,31.5,50.0,30.9,wrist.b.stl,0
90,21.4,177.5,165.3,49.5,22.1,35.6,22.4,wrist.b.stl,0
90,71.8,158.1,6.2,164,179,50.0,9.1,elbow.b.stl,0
90,162.5,27,61.3,108.4,130.2,19.8,31.5,wrist.b.stl,0
90,8.1,115.7,77.6,91.6,50.5,28.3,34.5,wrist.b.stl,0
90,37.7,165.4,65.3,69.8,61.8,25.1,32.1,wrist.b.stl,0
90,162.5,43.4,78.6,117.2,31.3,38.8,29.8,wrist.b.stl,0
90,8.3,139.5,127.3,67.6,68.9,23.3,31.8,wrist.b.stl,0
90,43.7,178.8,60.2,90.9,115.5,23.7,30.2,wrist.b.stl,0
90,21,161.1,141.5,19,15.4,37.2,23.9,wrist.b.stl,0
90,46.9,171,18.2,24.1,153.6,21.1,26.7,wrist.b.stl,0
90,134.1,33.5,90.8,44.4,72.5,39.2,24.9,wrist.b.stl,0
90,168.6,101.5,1.2,171.4,120.2,50.0,3.9,elbow.b.stl,0
90,119.7,10.6,100.1,45.3,156.7,35.0,26.3,wrist.b.stl,0
90,13.4,77.4,61,160,82.7,17.5,24.0,wrist.b.stl,0
90,23,129.7,69.7,36.3,148.6,38.6,25.9,wrist.b.stl,0
90,140.6,50.9,108.2,42,87.4,38.8,20.4,wrist.b.stl,0
90,44,168.1,70.8,29,44.5,33.9,26.9,wrist.b.stl,0
90,143.1,18.6,122.5,126.9,70.1,22.7,22.2,wrist.b.stl,0
90,120.3,15,95.4,38.5,161.8,30.3,25.4,wrist.b.stl,0
90,139.5,26.4,107.2,51.8,10.3,14.7,24.9,wrist.b.stl,0
90,172.2,36.9,26.5,109.4,99.2,36.9,26.5,wrist.b.stl,0
90,163.8,17.3,19.7,152.9,4.8,38.7,24.8,wrist.b.stl,0
90,27.7,132.4,98.8,132.4,132.7,12.8,26.8,wrist.b.stl,0
90,161.8,102.2,7.3,177.9,98.2,50.0,22.4,elbow.b.stl,0
90,138.8,7.2,3.2,11.4,38.9,50.0,27.2,wrist.b.stl,0
90,3,101.2,25,94.9,28,-3.3,31.8,wrist.b.stl,1
90,168.2,74.2,177.7,59.8,101.8,32.6,23.7,wrist.b.stl,0
90,137.5,10.7,134.9,136.7,103.6,31.2,20.4,wrist.b.stl,0
90,178,73.9,97.8,146.9,109,18.1,21.2,wrist.b.stl,0
90,162.7,45.3,78.6,158.1,37.3,36.7,24.4,wrist.b.stl,0
90,167.8,68.9,160.7,131.2,167.4,21.4,26.2,wrist.b.stl,0
90,13.4,110.6,43.5,5.7,104.4,24.0,24.0,wrist.b.stl,0
90,177.4,84.2,165.3,164.7,64.6,7.2,27.4,wrist.b.stl,0
90,145.7,84.1,159.2,5.2,72.8,50.0,-11.8,base.stl,1
90,130.5,5.2,129.4,155.5,11.8,38.7,24.1,wrist.b.stl,0
90,32.8,150.9,21.7,84.5,50.6,28.6,33.8,wrist.b.stl,0
90,34.9,153.4,30,74.2,106.1,32.4,28.0,wrist.b.stl,0
90,16.2,152.4,129.6,19.7,135.4,19.7,26.9,wrist.b.stl,0
90,132.4,102.5,5.5,178.7,120.6,50.0,12.2,elbow.b.stl,0
90,44.6,161.3,40.9,34.7,2.3,47.6,22.4,wrist.b.stl,0
90,179.1,68.9,70.2,117.9,27.5,44.3,28.7,wrist.b.stl,0
90,137.6,13.4,162.1,179.5,97.2,26.1,24.1,wrist.b.stl,0
90,31.2,108.6,75.7,155.9,70.9,32.6,25.8,wrist.b.stl,0
90,37.5,162.8,16,86.3,96.8,29.3,30.1,wrist.b.stl,0
90,164.5,174.2,45.2,173.1,65.3,50.0,19.2,elbow.b.stl,0
90,51,125.9,15.9,167,98.7,50.0,18.7,elbow.b.stl,0
90,168,51.2,49.9,66.7,107,40.7,25.8,wrist.b.stl,0
90,40.7,168,91.4,36.7,58.9,37.6,27.1,wrist.b.stl,0
90,172.7,93.4,76.9,22.9,172.3,25.8,27.4,wrist.b.stl,0
90,12,154,154,12.4,73.6,32.4,23.9,wrist.b.stl,0
90,176.1,47.9,23.4,174.8,7.6,37.8,25.4,wrist.b.stl,0
90,17.5,135,78.5,76.4,115.9,21.7,28.8,wrist.b.stl,0
90,125.6,0.9,140.9,51.9,11.2,42.4,5.4,base.stl,0
90,9.8,102.7,26,41.8,156.6,23.5,26.0,wrist.b.stl,0
90,168.9,51,33.4,45.7,155,14.0,26.4,wrist.b.stl,0
90,173,40.2,36.5,95.5,32.9,39.3,32.4,wrist.b.stl,0
90,9.3,137,122.8,3.5,133.3,25.4,25.3,wrist.b.stl,0
90,13.3,131.6,159.8,151.4,110.2,14.2,21.8,wrist.b.stl,0
90,97,27.6,159.8,5.7,4.8,50.0,-2.2,elbow.b.stl,1
90,74.3,165.6,70.9,176.7,168.3,35.9,28.3,wrist.b.stl,0
90,146.6,19.1,102,113.7,79.4,22.3,25.2,wrist.b.stl,0
90,33,146.6,56.5,71.6,138.1,42.5,27.9,wrist.b.stl,0
90,147.6,43.1,81.3,53.1,49.6,37.0,26.8,wrist.b.stl,0
90,157.6,25,57.5,132.4,12.2,33.4,21.7,wrist.b.stl,0
90,9,150,164.6,19.5,157.1,31.7,27.2,wrist.b.stl,0
90,147.9,89.8,149.3,2.7,52.6,47.1,10.1,base.stl,0
90,31.2,134.4,74.3,127.6,125.7,17.3,25.9,wrist.b.stl,0
90,150.8,50.5,48.6,20.4,107.8,47.8,22.4,wrist.b.stl,0
90,97,14.7,108.7,5.9,74.7,50.0,0.7,base.stl,0
90,28.2,137.8,70.4,26.1,83.3,40.5,21.3,wrist.b.stl,0
90,154.5,22.8,80.3,111.3,179.3,19.4,33.3,wrist.b.stl,0
90,23.4,135.5,53.2,71.2,32,25.7,28.3,wrist.b.stl,0
90,54.3,166.2,3.9,150.5,116.6,50.0,9.1,elbow.b.stl,0
90,4.4,94.1,7.7,118.5,78.6,19.9,23.6,wrist.b.stl,0
90,76.4,0.1,117.4,13.4,140.2,50.0,17.6,base.stl,0
90,53.6,161.7,3.1,146.9,109.6,50.0,14.0,elbow.b.stl,0
90,54.1,171.2,136.1,162,153.6,27.0,28.9,wrist.b.stl,0
90,13,87.3,19.9,143.8,67.2,21.8,25.4,wrist.b.stl,0
90,2.5,154.1,177.9,67.6,118.8,6.1,26.4,wrist.b.stl,0
90,168.3,97.8,110.5,38.3,143,31.0,26.5,wrist.b.stl,0
90,161.8,110.4,143,4.2,25.4,31.2,25.1,wrist.b.stl,0
90,26.5,109.9,61.9,140,101.4,22.0,21.1,wrist.b.stl,0
90,122.7,134.4,11.8,164.6,128.7,50.0,10.0,elbow.b.stl,0
90,6.1,145.6,162.8,51.6,107,27.3,21.7,wrist.b.stl,0
90,154.7,40.4,130.2,101.2,36.8,26.2,33.1,wrist.b.stl,0
90,61.5,147.5,6.2,156,62.8,50.0,10.0,elbow.b.stl,0
90,49.6,176.5,9.9,9.5,138.4,-4.7,27.0,wrist.b.stl,1
90,26.4,15.6,142,18.4,55.3,50.0,26.3,wrist.b.stl,0
90,28.5,141.7,15.5,19,117.1,26.5,23.5,wrist.b.stl,0
90,57.8,172.3,22.1,139.7,5.5,50.0,22.5,wrist.b.stl,0
90,161.1,74.7,95.1,47.5,122.3,37.3,20.8,wrist.b.stl,0
90,11.3,65.9,30.8,154.9,50.5,19.7,27.1,wrist.b.stl,0
90,27.1,139.1,68,56.6,152.8,36.4,28.8,wrist.b.stl,0
90,172.3,79,46.2,8.5,18.1,34.1,24.9,wrist.b.stl,0
90,159.9,4.5,20.3,132.2,130,25.6,25.9,wrist.b.stl,0
90,140.4,18.9,153.4,150.7,45.2,35.0,25.6,wrist.b.stl,0
90,46.7,144.3,82.9,139.8,47.2,28.1,26.2,wrist.b.stl,0
90,179.1,43.1,1.5,89.2,50.9,19.2,34.9,wrist.b.stl,0
90,29.6,153.3,105.7,45.7,24.5,48.2,21.8,wrist.b.stl,0
90,165.6,131.6,179,11.5,14.4,48.1,8.8,base.stl,0
90,162.1,173.4,5.4,144.5,19,50.0,21.6,wrist.b.stl,0
90,100.9,50.5,169.9,9.7,110.7,50.0,12.9,elbow.b.stl,0
90,53.5,169.9,21,139.9,64.6,50.0,25.6,wrist.b.stl,0
90,18.9,116.8,108.4,126.9,21.7,39.8,24.7,wrist.b.stl,0
90,61.8,122.4,14.4,171.3,74.8,50.0,21.2,elbow.b.stl,0
90,44.7,128.2,28.9,169.4,94.8,50.0,24.1,wrist.b.stl,0
90,173.4,48.9,46,101.9,54.7,50.0,30.5,wrist.b.stl,0
90,174,64.2,55.9,67.7,94.7,45.4,26.8,wrist.b.stl,0
90,8.9,109.2,48.6,70.2,52.3,20.3,29.9,wrist.b.stl,0
90,17,124.4,16.4,92.2,42.4,16.3,33.7,wrist.b.stl,0
90,46.4,167.4,75.6,11.3,11.9,47.6,24.6,wrist.b.stl,0
90,158.1,46.9,130.5,176.5,104.7,13.1,24.2,wrist.b.stl,0
90,28.6,165.4,108.3,60.9,144.5,18.9,26.0,wrist.b.stl,0
90,12.1,124.9,156.6,170.3,126.4,10.8,24.7,wrist.b.stl,0
90,22.7,172.8,163.8,54.4,46.9,50.0,25.9,wrist.b.stl,0
90,58.2,164.9,130,179.3,144.8,48.3,28.7,wrist.b.stl,0
90,3.8,100.3,16.2,89.3,11,1.2,31.2,wrist.b.stl,0
90,24.5,132.3,6.3,36,64.5,25.0,25.2,wrist.b.stl,0
90,138.4,9.7,106,120.1,165,29.2,28.9,wrist.b.stl,0
90,42.1,176.7,172,154.3,0.4,33.8,25.8,wrist.b.stl,0
90,162.6,105.8,2.2,164.1,158.3,50.0,13.4,elbow.b.stl,0
90,32.6,159.5,2,96.8,32.7,25.4,32.4,wrist.b.stl,0
90,50.1,178.6,1,15.7,12.4,-23.0,24.2,wrist.b.stl,1
90,38,125.4,85.2,150.7,2.9,29.8,24.9,wrist.b.stl,0
90,13,98.1,13.5,43.9,3.5,46.5,24.2,wrist.b.stl,0
90,169.3,80.2,155.7,61.7,119.6,23.6,24.6,wrist.b.stl,0
90,178.5,84.4,145.3,117.6,6,8.9,25.2,wrist.b.stl,0
90,39.8,129,85.8,169.2,172.5,13.7,28.4,wrist.b.stl,0
90,158.2,48.2,115.5,126.2,94.8,27.3,21.6,wrist.b.stl,0
90,166,179.1,25.9,153.5,84.2,50.0,0.3,elbow.b.stl,0
90,159.3,78.9,105.7,41.5,132.1,32.9,23.4,wrist.b.stl,0
90,42.3,173.7,61.9,66.5,67.7,25.5,32.0,wrist.b.stl,0
90,152,45.2,173.5,141.2,139.8,33.7,26.7,wrist.b.stl,0
90,144.1,73.1,122.6,10.2,20.2,35.3,25.0,wrist.b.stl,0
90,6.2,143.7,166.3,1.8,57.7,29.6,28.1,wrist.b.stl,0
90,159,24.3,30.9,71.1,94,46.0,27.7,wrist.b.stl,0
90,56.9,149.2,11.9,157.6,114.3,50.0,8.0,elbow.b.stl,0
90,121.5,170.7,15.1,147.6,107.6,50.0,17.2,elbow.b.stl,0
90,124.5,177.5,18.9,149.8,149.1,50.0,20.5,elbow.b.stl,0
90,159.1,81,158,30.3,91.7,31.1,11.0,base.stl,0
90,2.2,111.1,109.9,108.4,97.3,22.3,26.7,wrist.b.stl,0
90,175.3,85.6,92.2,56.1,151.3,19.0,28.2,wrist.b.stl,0
90,13.8,145.5,126.3,68.9,42.1,32.8,28.1,wrist.b.stl,0
90,10.8,161.6,173.6,46,166.2,25.2,25.9,wrist.b.stl,0
90,45,46.6,160.1,1.7,96.4,50.0,18.0,elbow.b.stl,0
90,173.8,78.7,132.8,159.2,149.2,15.1,27.4,wrist.b.stl,0
90,21,137.8,19.3,96.9,33.7,9.8,32.6,wrist.b.stl,0
90,18.4,116.1,34.9,43.6,66.8,33.0,26.8,wrist.b.stl,0
90,1,47.9,15.1,151.2,140,13.4,24.6,wrist.b.stl,0
90,36.2,129.4,63.6,142.8,141.6,15.8,27.0,wrist.b.stl,0
90,33.7,176.2,160.5,123.3,67.7,16.6,22.9,wrist.b.stl,0
90,111.6,12.5,131.1,29.2,61.2,50.0,24.8,wrist.b.stl,0
90,14.5,160.6,170.5,109.1,140.5,32.1,31.6,wrist.b.stl,0
90,19.5,106.3,56.5,11.4,1.6,50.0,25.0,wrist.b.stl,0
90,160.3,78.5,178.7,35.8,48.9,50.0,18.9,base.stl,0
90,140.4,79.3,162.3,7.8,131.4,50.0,-3.4,base.stl,1
90,168.7,70.4,176.5,146.1,92.5,20.8,20.6,wrist.b.stl,0
90,163.6,6.8,17.2,95,5.9,33.4,30.8,wrist.b.stl,0
90,179.6,138.9,153.4,21.8,67.4,17.3,23.0,wrist.b.stl,0
90,174.2,78,126.8,137.3,22.8,18.0,22.0,wrist.b.stl,0
90,94.4,132.7,0.4,151.7,91.5,50.0,12.0,elbow.b.stl,0
90,158.9,13.3,34.4,100.5,70.5,45.9,29.0,wrist.b.stl,0
90,23.2,0.8,139.7,20.7,26.9,50.0,25.0,wrist.b.stl,0
90,19.5,117.2,7.3,140.6,64.7,43.2,25.6,wrist.b.stl,0
90,139.9,46.6,119.6,39,42.7,30.8,26.2,wrist.b.stl,0
90,166.5,51.4,23,21.3,9,20.2,23.3,wrist.b.stl,0
90,45.9,171.3,2.4,59,8.2,15.2,27.6,wrist.b.stl,0
90,173.8,78.2,141,114,12.4,18.7,27.0,wrist.b.stl,0
90,7.1,108.4,19.8,84.6,56.9,8.1,34.4,wrist.b.stl,0
90,27.7,140.7,3.2,123,164.2,25.7,28.0,wrist.b.stl,0
90,17.3,143.5,138.2,99.7,14.6,50.0,30.3,wrist.b.stl,0
90,144,27.1,117.1,166,73.8,32.0,25.6,wrist.b.stl,0
90,159.6,16,41.6,106.7,1.6,34.3,28.3,wrist.b.stl,0
90,29.6,137,37.3,117,77.4,34.8,24.0,wrist.b.stl,0
90,158,169.6,22.2,155.6,62.1,50.0,10.6,elbow.b.stl,0
90,26.7,143.9,20.5,85.2,77.8,18.6,30.8,wrist.b.stl,0
90,70.8,97.5,11.6,178.4,135.9,50.0,27.0,wrist.b.stl,0
90,17.2,112.1,36.4,116.5,39.4,19.1,31.1,wrist.b.stl,0
90,139.1,29,51.3,32.5,19,38.9,22.2,wrist.b.stl,0
90,156.2,49.1,174.1,63.4,129.2,33.6,11.4,base.stl,0
90,129.4,9.3,111.6,64.3,170.3,34.4,30.4,wrist.b.stl,0
90,147.3,33.7,101.9,160.9,52.5,46.5,27.9,wrist.b.stl,0
90,31.6,26.7,152.4,19,75.3,50.0,22.7,wrist.b.stl,0
90,56.8,167.5,48.7,155.9,60.8,36.5,28.5,wrist.b.stl,0
90,145.9,75.7,165.4,10.6,98.7,50.0,0.2,base.stl,0
90,75.8,45.4,170.7,18,119.5,50.0,18.4,elbow.b.stl,0
90,31.6,157.8,93.4,35.5,167.9,26.5,25.5,wrist.b.stl,0
90,149.8,50.2,62.7,33.8,9.2,40.6,21.6,wrist.b.stl,0
90,17,135.6,110.9,12.1,158.6,48.4,28.0,wrist.b.stl,0
90,2.6,54.2,2.5,138.6,40.2,36.1,26.5,wrist.b.stl,0
90,179.4,84.6,158.1,148.7,130.2,-1.1,22.0,wrist.b.stl,1
90,144.7,3.4,36,67.5,101.5,36.9,26.2,wrist.b.stl,0
90,33.6,147.1,142.7,154.1,106.8,27.8,22.0,wrist.b.stl,0
90,178.9,112.3,177.8,57.1,161.3,34.5,29.2,wrist.b.stl,0
90,160.3,37.2,86.7,111.9,85.8,23.2,25.9,wrist.b.stl,0
90,117,0.5,106.3,52.7,75.6,40.6,26.6,wrist.b.stl,0
90,4,60.4,40.8,138.8,88,28.2,20.1,wrist.b.stl,0
90,49.3,174.2,54.6,114.8,66.9,36.4,24.8,wrist.b.stl,0
90,158.8,27.5,59,173.1,44.4,36.3,28.0,wrist.b.stl,0
90,168.9,28.1,1.9,122.2,64.7,35.5,23.6,wrist.b.stl,0
90,19,124.5,17,107.4,61.4,23.8,27.7,wrist.b.stl,0
90,22.4,103.6,95.5,163.7,150.7,29.1,28.2,wrist.b.stl,0
90,158.4,34.5,74,161.9,114.5,32.3,23.2,wrist.b.stl,0
90,145.9,73.2,123.4,25.5,28.6,42.0,24.8,wrist.b.stl,0
90,178.1,50.4,17.7,76,46.7,33.7,30.8,wrist.b.stl,0
90,10.7,88.4,22.6,135,103.8,23.7,20.3,wrist.b.stl,0
90,95.6,32.1,164.3,8.8,169.8,50.0,1.3,elbow.b.stl,0
90,9.2,59.1,34.5,165.5,59.2,16.3,28.5,wrist.b.stl,0
90,92.6,4.8,92.5,4.8,13,50.0,14.7,base.stl,0
90,27.9,158,101.9,59.9,150.6,26.8,27.9,wrist.b.stl,0
90,11.7,100.6,28,117.7,58.5,20.3,25.5,wrist.b.stl,0
90,21.1,149.7,108.5,57.8,39.9,25.0,24.7,wrist.b.stl,0
90,11.2,162.2,179.4,75.5,38.7,25.4,29.8,wrist.b.stl,0
90,45.2,167.6,71.8,3.8,59.9,41.0,27.3,wrist.b.stl,0
90,51.5,163.6,71.2,139.6,105.6,14.5,20.4,wrist.b.stl,0
90,32.4,145.1,27.9,62.3,31,40.0,25.6,wrist.b.stl,0
90,5.3,100.9,50.9,77.8,13,30.6,30.6,wrist.b.stl,0
90,43.1,170.9,12.3,137.7,174.6,25.4,25.9,wrist.b.stl,0
90,174,81.7,66.9,44.1,134.4,28.5,23.7,wrist.b.stl,0
90,164.6,61.1,87.1,64.9,127.1,30.5,25.2,wrist.b.stl,0
90,9.5,136.4,121.1,55.3,8.9,23.3,26.3,wrist.b.stl,0
90,148.3,163.9,10.2,153.9,134.1,50.0,14.1,elbow.b.stl,0
90,18.2,120.9,66.7,46.2,59,39.5,26.5,wrist.b.stl,0
90,27.1,111.1,16.6,156,83.1,50.0,23.5,wrist.b.stl,0
90,178.9,107.6,82.1,5.8,49.9,23.2,28.6,wrist.b.stl,0
90,169.8,95.3,112.2,51.9,22.7,49.3,22.9,wrist.b.stl,0
90,82.4,135.6,15.1,165.7,138.4,50.0,15.0,elbow.b.stl,0
90,42.5,152.1,1.5,158.3,171.8,50.0,13.3,elbow.b.stl,0
90,19.1,141.7,92.5,54.4,129.6,15.9,22.3,wrist.b.stl,0
90,38,156.5,4.2,8.4,156.5,-3.8,28.3,wrist.b.stl,1
90,6.7,115.6,95.6,106.9,168.7,24.5,32.6,wrist.b.stl,0
90,154.7,32.3,94.6,85.5,88.7,39.9,30.1,wrist.b.stl,0
90,13.1,158.8,163.1,24.8,91.6,35.8,22.1,wrist.b.stl,0
90,19.9,99.9,0.4,162.3,71.2,50.0,24.4,elbow.b.stl,0
90,169.6,42.9,37,59.7,177.6,4.6,28.7,wrist.b.stl,0
90,1.2,125.9,147.1,28.5,104,37.7,20.9,wrist.b.stl,0
90,166.9,49.5,24.3,33.9,55.2,24.2,27.0,wrist.b.stl,0
90,6.2,97.5,9.6,67.5,102,27.9,26.2,wrist.b.stl,0
90,131.8,22.5,110.4,53.8,153.4,35.3,29.0,wrist.b.stl,0
90,0.2,31.8,162.1,3.1,179.5,50.0,-18.7,elbow.b.stl,1
90,19.7,30.1,153.7,11.9,119.6,50.0,24.2,wrist.b.stl,0
90,134.8,4.1,174.5,83.8,55.4,42.7,27.5,base.stl,0
90,17.7,128.4,50.8,99.1,45.2,7.4,33.6,wrist.b.stl,0
90,164.1,22.9,51.6,98,175.7,22.1,34.3,wrist.b.stl,0
90,149.4,39.8,164.4,166.6,94,41.7,23.8,wrist.b.stl,0
90,33.5,170,112.6,27.1,41.8,26.0,27.2,wrist.b.stl,0
90,158.5,12,30.5,138.2,79.4,33.5,21.1,wrist.b.stl,0
90,144.6,18,120,113.1,47.2,20.5,29.5,wrist.b.stl,0
90,153.8,168.4,16.4,150.1,47.1,50.0,16.6,elbow.b.stl,0
90,162.7,34.6,81,84.3,116.8,12.7,29.9,wrist.b.stl,0
90,171.2,75.2,160.7,78.6,140.6,16.5,30.3,wrist.b.stl,0
90,43.6,176.4,72.2,94.4,63.4,30.3,31.3,wrist.b.stl,0
90,26.8,154.7,101.4,22.5,41,21.9,27.8,wrist.b.stl,0
90,145.8,15.6,179.1,82.9,141.2,27.3,25.9,base.stl,0
90,1.6,110.8,90.4,26.5,151.8,11.3,26.5,wrist.b.stl,0
90,166.9,175.3,34.6,165.7,14,50.0,9.4,elbow.b.stl,0
90,32.4,141.4,44.7,41.9,126,39.2,21.7,wrist.b.stl,0
90,158.7,31.9,79.6,88.3,46.6,40.8,33.8,wrist.b.stl,0
90,133.5,13.5,31,11.8,116.1,29.9,23.9,wrist.b.stl,0
90,133.4,62.4,146.5,8.7,81.9,50.0,-8.1,base.stl,1
90,156.9,96.4,136.8,19.8,67,33.8,23.4,wrist.b.stl,0
90,7.2,151.9,173.1,70,2.9,23.2,31.1,wrist.b.stl,0
90,14.6,106.4,24.3,2,169.3,33.8,28.0,wrist.b.stl,0
90,19.1,159.7,169.5,118.6,176.9,36.2,30.8,wrist.b.stl,0
90,33.6,151.5,25.7,91.8,17.6,25.7,31.1,wrist.b.stl,0
90,1.7,102.8,59.8,65.2,58.5,9.0,30.2,wrist.b.stl,0
90,71.8,69.8,176.6,1.1,83.3,50.0,10.6,elbow.b.stl,0
90,162,79.2,77.9,16.3,64,28.3,24.5,wrist.b.stl,0
90,142.8,50,178.9,28.5,97.6,50.0,16.7,base.stl,0
90,71.1,155.1,15.8,163.2,9.8,50.0,10.2,elbow.b.stl,0
90,35.2,125.1,84.6,138.9,59.9,34.9,27.0,wrist.b.stl,0
90,177.7,57.2,20.7,68.7,84.5,45.8,28.5,wrist.b.stl,0
90,10.5,108.9,57.4,3.3,117.2,25.5,23.9,wrist.b.stl,0
90,155.1,92,132.6,9,100,25.3,23.9,wrist.b.stl,0
90,3.8,49.4,2.7,159.4,67.7,23.6,26.8,wrist.b.stl,0
90,175,127.8,131.5,24.6,116.6,37.9,22.7,wrist.b.stl,0
90,12.4,91.7,66.7,132.2,4.9,14.3,22.0,wrist.b.stl,0
90,89.9,9,103.7,1.3,110.2,50.0,8.1,base.stl,0
90,169.1,109.7,125.6,35,4.2,43.2,22.1,wrist.b.stl,0
90,78.1,149.3,18.9,168.3,9.5,50.0,-1.0,elbow.b.stl,1
90,46,1.4,137.5,11.8,4.5,50.0,12.7,elbow.b.stl,0
90,31.3,161.5,107.3,13.3,175,33.4,28.4,wrist.b.stl,0
90,34.5,116.9,40.1,159.6,83,24.4,23.9,wrist.b.stl,0
90,71.5,123.9,1.3,162.2,63,50.0,3.5,elbow.b.stl,0
90,158.4,50.2,131,69.5,33.3,20.9,27.8,wrist.b.stl,0
90,47,31.9,163,10.8,12.3,50.0,6.7,elbow.b.stl,0
90,177.6,152.8,2.3,143.8,56.6,50.0,24.1,elbow.b.stl,0
90,179.8,47.2,36,144.1,156.8,17.9,26.3,wrist.b.stl,0
90,173.4,71.6,98.3,74.4,83.5,30.4,29.6,wrist.b.stl,0
90,38.9,24.9,143.9,8.9,62.6,50.0,26.0,wrist.b.stl,0
90,42,170,3.1,53.7,22.9,0.8,23.4,wrist.b.stl,0
90,102.6,102.4,9.1,174.1,98.3,50.0,24.5,wrist.b.stl,0
90,18.1,121.2,35.3,69.8,66.1,28.8,32.8,wrist.b.stl,0
90,107.5,146.9,11.7,156.9,67.7,50.0,15.5,elbow.b.stl,0
90,7.4,101,128.2,151.4,30,31.3,22.7,wrist.b.stl,0
90,1,101.8,86.9,102.1,172.3,40.5,33.6,wrist.b.stl,0
90,56.2,22.2,142.6,6.4,114,50.0,23.9,wrist.b.stl,0
90,163.6,60.5,156.1,104.7,107,27.1,28.2,wrist.b.stl,0
90,117.4,7.6,162.8,34.8,79.8,50.0,20.6,wrist.b.stl,0
90,146.5,13.6,75.1,121.6,41,33.0,29.1,wrist.b.stl,0
90,139,15.4,156.7,132.8,135.4,29.9,27.5,wrist.b.stl,0
90,13.7,111.9,40.2,73.8,158.6,32.7,32.8,wrist.b.stl,0
90,166.2,59.9,109.1,170.2,124.1,23.2,24.5,wrist.b.stl,0
90,138.2,64.1,164.3,14.6,112.6,50.0,14.5,base.stl,0
90,20.9,171.7,142.7,55.5,122.1,13.9,22.3,wrist.b.stl,0
90,163.6,73.2,132.1,67,169,33.4,31.2,wrist.b.stl,0
90,44.7,174.4,20.1,34.9,93.8,11.2,20.6,wrist.b.stl,0
90,134.4,1.2,155,80.5,64.7,32.5,25.9,base.stl,0
90,42.5,135.2,112.9,176.5,98.3,47.3,24.5,wrist.b.stl,0
90,47.9,167.2,21.4,66.3,151.8,44.3,29.0,wrist.b.stl,0
90,50,178.2,1.8,109.1,4.2,47.3,27.7,wrist.b.stl,0
90,160.3,64.4,173.6,172.9,10.9,45.2,25.4,wrist.b.stl,0
90,148.4,89.6,158.4,7.6,50.4,50.0,-10.9,base.stl,1
90,24,165.7,143.6,81.4,14.2,50.0,30.9,wrist.b.stl,0
90,81.6,124.9,6.3,164.1,141.2,50.0,10.6,elbow.b.stl,0
90,11.5,65.4,175.3,3,89.9,50.0,10.9,elbow.b.stl,0
90,100.3,168.7,19.6,157.5,51.7,50.0,7.9,elbow.b.stl,0
90,40.8,168.1,104.5,47.7,5.5,50.0,24.8,wrist.b.stl,0
90,167.2,88.2,135.3,58,17.1,39.8,25.6,wrist.b.stl,0
90,173.3,75.2,4.1,179.1,143,50.0,16.8,elbow.b.stl,0
90,127,67.8,3.9,179.6,154.5,50.0,12.8,elbow.b.stl,0
90,140.3,15.4,175,77.8,40.4,37.1,24.4,base.stl,0
90,13.3,101.9,67.2,124,73.2,16.7,22.0,wrist.b.stl,0
90,176.5,99.8,170.3,44.8,47.1,23.4,26.6,wrist.b.stl,0
90,57.6,59.6,175.5,16.1,73.5,50.0,14.4,elbow.b.stl,0
90,15,133.9,148.3,131.3,18.3,24.0,22.6,wrist.b.stl,0
90,3.7,108.9,81,51.5,132.1,19.7,22.4,wrist.b.stl,0
90,8.9,80.9,89.5,154,31.3,31.8,23.2,wrist.b.stl,0
90,140.6,47.3,1.8,175.3,156.3,50.0,4.6,elbow.b.stl,0
90,70.8,166.9,19.3,162.6,169.3,50.0,13.3,elbow.b.stl,0
90,161.1,85.9,89.8,30.1,24.2,50.0,23.3,wrist.b.stl,0
90,127,66.1,5.3,176.6,148.9,50.0,15.7,elbow.b.stl,0
90,178.8,61.8,66.1,139.3,68.5,22.2,24.2,wrist.b.stl,0
90,29.9,151,89,79,36.9,50.0,30.5,wrist.b.stl,0
90,46.7,153.7,123.9,164.7,136.4,27.4,25.0,wrist.b.stl,0
90,164.8,98.2,135.2,44,8.5,42.1,22.9,wrist.b.stl,0
90,145.7,2.8,67.4,123.1,4.9,18.1,23.4,wrist.b.stl,0
90,136.8,1.1,113.3,105.3,69.9,22.7,27.7,wrist.b.stl,0
90,14.5,75.5,42.6,142.9,36.9,28.0,24.2,wrist.b.stl,0
90,158.5,156.6,7.3,150,99.8,50.0,10.2,elbow.b.stl,0
90,27.7,139,100.2,122.3,119.3,19.0,25.7,wrist.b.stl,0
90,55.9,134.1,10.5,169.2,133.9,50.0,2.9,elbow.b.stl,0
90,8.4,131.3,112.4,68.4,1.5,26.4,31.1,wrist.b.stl,0
90,173.8,94.9,78.8,26.5,157.2,27.3,26.3,wrist.b.stl,0
90,13.9,103.1,124.7,170.4,49,38.2,28.6,wrist.b.stl,0
90,92.4,137.7,6.9,154.4,90,50.0,17.7,elbow.b.stl,0
90,179.5,86.6,124.2,138.4,51.3,18.1,26.2,wrist.b.stl,0
90,162.9,27.6,48.5,156.3,34.7,27.6,23.8,wrist.b.stl,0
90,21.1,151.1,126.4,88.3,15.3,50.0,31.1,wrist.b.stl,0
90,5.9,100.1,30.5,63,37.7,17.9,25.9,wrist.b.stl,0
90,152.3,39.5,136.7,145.2,97.2,22.2,20.4,wrist.b.stl,0
90,54.5,176.5,96.3,115.1,13.4,38.7,26.8,wrist.b.stl,0
90,76.1,5.2,123.3,4.8,113.9,50.0,7.1,base.stl,0
90,82.1,149.7,7,154,66.9,50.0,9.6,elbow.b.stl,0
90,172.2,41,12.2,157.7,59.1,41.2,29.0,wrist.b.stl,0
90,3.1,93.8,55,21.1,135.7,27.0,26.9,wrist.b.stl,0
90,25.8,129.1,23.8,123.3,131.1,38.0,28.8,wrist.b.stl,0
90,116.6,5.8,61.8,9.7,142.4,21.3,27.9,wrist.b.stl,0
90,162.7,13.6,14,109,49.9,41.1,29.4,wrist.b.stl,0
90,159.7,44.8,115.2,86.3,122.4,23.0,30.3,wrist.b.stl,0
90,6.8,102.8,59.3,35.7,105,24.7,20.2,wrist.b.stl,0
90,166.6,44.7,64.2,105.2,39.3,49.7,33.5,wrist.b.stl,0
90,164.4,45.3,91.7,81.1,149.8,16.5,32.8,wrist.b.stl,0
90,12.1,156.5,162.7,16.5,112.8,35.0,23.3,wrist.b.stl,0
90,173.1,29.8,4.4,156.6,100.5,23.8,22.2,wrist.b.stl,0
90,15.6,128.1,81.9,89.6,49.6,38.5,34.7,wrist.b.stl,0
90,55.6,146.4,78,166.5,3,24.1,26.1,wrist.b.stl,0
90,13.5,167.6,176.3,20.9,124.2,28.2,24.4,wrist.b.stl,0
90,18,163,146.9,90.7,171.1,48.3,34.2,wrist.b.stl,0
90,134.6,53.3,166.2,15.4,137.1,50.0,18.4,base.stl,0
90,176.9,80.2,150.5,115.1,81.2,6.7,24.9,wrist.b.stl,0
90,9.5,145.2,138.5,45.1,39.2,20.9,24.4,wrist.b.stl,0
90,134.3,173.8,1.5,140.2,111.6,50.0,14.6,elbow.b.stl,0
90,170.4,93.6,85.3,18.2,68,20.5,23.5,wrist.b.stl,0
90,41,140,30.1,149.8,12.9,44.9,23.1,wrist.b.stl,0
90,125.8,163.2,10.6,157.8,14.2,50.0,12.1,elbow.b.stl,0
90,162.4,48.3,35.6,31.6,23.1,12.5,22.9,wrist.b.stl,0
90,27.5,143.2,33.9,80.4,109,25.0,29.7,wrist.b.stl,0
90,26.2,159.7,119.9,37.2,10.1,31.9,21.5,wrist.b.stl,0
90,171.4,86.7,68.2,18.4,14.3,23.6,23.9,wrist.b.stl,0
90,169.1,44.8,6.7,29.6,63.4,31.2,24.1,wrist.b.stl,0
90,37.8,159.7,14.4,55.2,12.2,13.0,25.6,wrist.b.stl,0
90,102.6,16.5,153.1,20.9,54.9,50.0,20.1,elbow.b.stl,0
90,65.4,133,27.2,172,127.1,50.0,24.9,wrist.b.stl,0
90,157.4,110.6,178.2,4.8,63.3,50.0,-3.2,base.stl,1
90,160.6,11.7,30.5,108.5,54.4,34.5,28.4,wrist.b.stl,0
90,12.5,94,1.2,132.1,31,44.7,25.5,wrist.b.stl,0
90,138.5,7,113.4,122.4,126.3,21.1,27.7,wrist.b.stl,0
90,158,27.6,0.8,14.5,16.1,28.5,24.5,wrist.b.stl,0
90,48.5,159.2,98,131.1,45.2,24.2,26.8,wrist.b.stl,0
90,33.5,133.9,120.4,167.9,177.2,22.7,28.5,wrist.b.stl,0
90,139.8,15.5,113.4,130.3,100.3,29.4,20.8,wrist.b.stl,0
90,22.4,124.9,0.2,24.3,87.3,29.9,21.8,wrist.b.stl,0
90,175.8,44.5,12,145.3,97.3,33.2,20.4,wrist.b.stl,0
90,125,172.3,20.3,148.7,128.6,50.0,21.7,wrist.b.stl,0
90,115.9,6.3,167.9,37.9,117.7,50.0,20.6,wrist.b.stl,0
90,132.7,2.1,137,141.5,40.3,36.5,25.6,wrist.b.stl,0
90,7.3,52.9,20.2,164,36,17.0,25.3,wrist.b.stl,0
90,36.2,146.9,54.4,49.8,22.9,46.3,22.4,wrist.b.stl,0
90,4.3,101.4,57.5,93.1,13.8,29.5,31.0,wrist.b.stl,0
90,3.3,99.9,102.5,121.3,87.1,15.7,23.3,wrist.b.stl,0
90,87.4,4.6,150.6,26.4,120.7,50.0,22.4,elbow.b.stl,0
90,162.1,55.6,129.7,106.9,27.9,26.3,31.0,wrist.b.stl,0
90,27.3,130.3,31.4,69.7,146.9,47.5,28.6,wrist.b.stl,0
90,153.1,39.7,132.5,121.2,11.7,24.2,24.7,wrist.b.stl,0
90,142,66.3,157.3,21,40.2,50.0,27.7,wrist.b.stl,0
90,29.3,147.4,0.3,106.9,59.3,25.7,28.2,wrist.b.stl,0
90,178,64.7,66.4,165.3,179.8,38.2,28.4,wrist.b.stl,0
90,168.5,34,42.7,105.3,93.2,40.5,27.6,wrist.b.stl,0
90,169.7,44.7,49.6,158.6,10.6,42.8,24.7,wrist.b.stl,0
90,148.8,11.5,64.1,176.1,160,29.4,28.3,wrist.b.stl,0
90,148.3,31.9,92.9,68.3,29,38.7,27.5,wrist.b.stl,0
90,168.9,30.4,5.6,80.2,91,38.4,29.6,wrist.b.stl,0
90,93.3,4.9,143.8,23.4,38.6,50.0,25.6,elbow.b.stl,0
90,39.7,155.2,24.6,139.7,170.9,46.0,25.4,wrist.b.stl,0
90,13.2,131.2,90.3,80.1,32.2,28.0,30.5,wrist.b.stl,0
90,0.3,100.9,76.4,43.6,56.6,18.5,26.2,wrist.b.stl,0
90,23.1,124.4,114.2,144,154.1,15.5,26.4,wrist.b.stl,0
90,166.7,29.8,22.2,147.1,15.6,46.4,22.3,wrist.b.stl,0
90,158.1,22.9,54.3,130.7,74,30.1,21.4,wrist.b.stl,0
90,7.6,127.4,116.3,108.5,179.2,15.7,33.7,wrist.b.stl,0
90,47.9,163.4,141.5,159.6,102.2,34.3,22.8,wrist.b.stl,0
90,142.4,17.3,121.9,102.3,101.3,30.1,28.4,wrist.b.stl,0
90,34.7,12.6,173.3,32.6,58.6,50.0,15.9,elbow.b.stl,0
90,43.8,174,71.9,47.9,140.4,25.8,25.1,wrist.b.stl,0
90,177.1,46.1,13.8,61.4,157.6,24.7,30.6,wrist.b.stl,0
90,33.9,172.5,166.6,110.1,6.9,50.0,27.6,wrist.b.stl,0
90,39.8,163.6,8.9,18.1,39.2,-7.9,27.5,wrist.b.stl,1
90,35.8,154.3,15.1,112,143.2,35.0,30.6,wrist.b.stl,0
90,151.7,32.9,125.8,91.8,103.9,27.8,30.1,wrist.b.stl,0
90,3.2,88.2,25.9,50,159.6,26.8,27.0,wrist.b.stl,0
90,172.3,88.6,141.7,64,81.4,27.1,28.1,wrist.b.stl,0
90,11.8,65.6,62.9,169.5,10.8,40.4,25.4,wrist.b.stl,0
90,167.2,32.6,38.8,95.2,32.4,49.8,32.3,wrist.b.stl,0
90,22.4,97.4,20.6,147.1,19.5,33.1,22.0,wrist.b.stl,0
90,17.3,112.6,60.2,116.8,33.9,15.0,30.5,wrist.b.stl,0
90,31.1,152.3,83.8,66.6,168.5,39.0,31.1,wrist.b.stl,0
90,21.6,135.2,73.2,39,75.2,20.6,22.4,wrist.b.stl,0
90,31.5,26.8,143,7.7,40.6,50.0,27.2,wrist.b.stl,0
90,114.8,65.2,167.1,0.1,47.1,50.0,26.8,wrist.b.stl,0
90,143.6,19.3,92,65.6,0.2,17.7,30.9,wrist.b.stl,0
90,130.2,6,30.8,16.9,179.7,19.8,28.8,wrist.b.stl,0
90,36.7,127.7,91.9,155.2,8.4,19.5,24.5,wrist.b.stl,0
90,121.8,23.7,76.4,4.4,5.6,36.5,25.3,wrist.b.stl,0
90,25.2,140.2,20.5,112.2,50.7,22.5,28.5,wrist.b.stl,0
90,140,135.6,18.5,166.9,81.2,50.0,10.4,elbow.b.stl,0
90,23.7,109.4,39.4,140.9,161.7,12.1,25.5,wrist.b.stl,0
90,171.4,116.1,8.8,178.9,16.7,50.0,11.8,elbow.b.stl,0
90,45.9,175.5,91.4,5.7,13.6,41.1,24.9,wrist.b.stl,0
90,148,51,72.9,41.8,25,49.2,21.8,wrist.b.stl,0
90,19.8,142.1,92.3,37.9,114,13.1,20.2,wrist.b.stl,0
90,170.7,40.7,40.6,85.4,19.1,48.5,31.0,wrist.b.stl,0
90,19.9,127.1,45.2,44.6,98.8,18.6,20.4,wrist.b.stl,0
90,20.5,7.9,165.4,37.1,97.2,50.0,20.8,wrist.b.stl,0
90,17,128,119.6,121,76.7,21.5,22.7,wrist.b.stl,0
90,8.5,153.7,167.9,56.5,174,25.9,27.9,wrist.b.stl,0
90,40,179,92,76.1,43.3,24.6,30.4,wrist.b.stl,0
90,176.5,177.3,29.9,171.7,172.5,50.0,-3.8,elbow.b.stl,1
90,21.5,172.8,153.5,23.8,19.7,26.6,23.6,wrist.b.stl,0
90,28.7,135.5,19,74.5,174.6,36.7,32.5,wrist.b.stl,0
90,25,12.7,141.2,7.6,152.4,50.0,6.6,elbow.b.stl,0
90,156,31.2,68.8,168.3,83.8,44.4,24.4,wrist.b.stl,0
90,27.7,167.7,164.3,105.3,32.1,50.0,32.0,wrist.b.stl,0
90,91.8,13.4,115,8.8,77.3,50.0,0.3,base.stl,0
90,47.5,174.7,60.2,41.3,167.4,33.8,25.3,wrist.b.stl,0
90,5.5,104.2,121.4,142.1,109.2,2.0,20.3,wrist.b.stl,0
90,39.6,147.9,111.1,126.4,20.7,46.4,24.6,wrist.b.stl,0
90,58.4,40.3,160.9,5.1,153.7,50.0,-2.2,elbow.b.stl,1
90,173.4,120.5,117.2,10.1,151.1,33.3,28.5,wrist.b.stl,0
90,8.9,139.7,133.8,25.6,171.9,25.6,27.1,wrist.b.stl,0
90,78.1,161.3,5.7,150.6,8.5,50.0,23.8,wrist.b.stl,0
90,173.3,37.6,27.5,157.7,168,34.1,27.4,wrist.b.stl,0
90,150.9,23.8,14.7,20,162.7,16.6,27.2,wrist.b.stl,0
90,14.4,108.8,129.2,153,45.3,44.1,25.5,wrist.b.stl,0
90,164.2,144.8,21.5,177.7,135.4,50.0,-10.7,elbow.b.stl,1
90,38.9,159.1,58.9,92.3,26,35.1,31.6,wrist.b.stl,0
90,125.5,1.5,121.5,66.8,108.3,46.7,13.7,base.stl,0
90,111.8,117.9,14,177.8,84.7,50.0,22.9,elbow.b.stl,0
90,87.1,10.1,117,4.7,38.1,50.0,6.2,base.stl,0
90,111,48.1,143.2,1.3,38.9,50.0,20.8,base.stl,0
90,2.5,96.7,58.4,48.5,12.8,22.7,23.3,wrist.b.stl,0
90,29.9,102.8,12.2,160,124.4,50.0,22.9,wrist.b.stl,0
90,156.3,67,128.4,59.5,164.3,38.7,29.8,wrist.b.stl,0
90,164.6,71,67.6,42.7,134.3,38.9,23.9,wrist.b.stl,0
90,145.1,33.8,98.9,167.7,3.2,50.0,26.0,wrist.b.stl,0
90,148.5,27,100.1,92.9,11.2,46.5,31.0,wrist.b.stl,0
90,17.8,98.8,36.3,140.2,108.6,16.1,20.2,wrist.b.stl,0
90,36.9,173.5,170.2,147.7,73.2,17.4,24.3,wrist.b.stl,0
90,166.2,101.3,116.3,41.5,6.2,50.0,22.8,wrist.b.stl,0
90,177.8,88.7,157.9,143.2,32.7,13.0,23.1,wrist.b.stl,0
90,140.7,13.2,157.4,74.3,140.3,29.2,20.6,base.stl,0
90,141.8,17.5,102.9,151.3,159.2,27.6,27.2,wrist.b.stl,0
90,141.3,78.8,169.7,11.2,54,50.0,16.7,base.stl,0
90,116.3,5.3,157.9,41.7,105.5,50.0,20.4,base.stl,0
90,3.8,116.1,116.8,111.7,118,17.1,28.3,wrist.b.stl,0
90,148.8,5.9,51.5,179.8,169.5,35.9,28.2,wrist.b.stl,0
90,12.8,142.9,129.4,3.1,5.2,35.1,25.4,wrist.b.stl,0
90,169.1,140.2,18.5,173.1,173.9,50.0,11.5,elbow.b.stl,0
90,167,107.9,121.2,2.7,81.7,20.6,24.2,wrist.b.stl,0
90,175.9,61.2,56.2,103.7,26.2,50.0,31.1,wrist.b.stl,0
90,112.3,153.8,21.4,158.4,95.8,50.0,18.2,elbow.b.stl,0
90,34.5,123.3,92.6,152.6,123,31.2,21.5,wrist.b.stl,0
90,5.3,145.9,169.3,86.8,56.2,23.8,34.2,wrist.b.stl,0
90,179,50,33.5,83.2,162.4,31.1,34.1,wrist.b.stl,0
90,150.6,7.2,70.6,83,145.7,7.9,32.5,wrist.b.stl,0
90,8.5,124.6,106.6,74.8,123.9,43.5,28.2,wrist.b.stl,0
90,140.3,18.6,24.2,10.5,7.3,28.6,24.8,wrist.b.stl,0
90,144,12.8,96.1,106.2,124.5,26.6,30.5,wrist.b.stl,0
90,57.4,20.2,143.2,13.1,39.3,50.0,25.4,elbow.b.stl,0
90,46.3,157.1,80.4,117.8,18.6,37.1,26.8,wrist.b.stl,0
90,83.9,135.8,20.8,174.4,46.5,50.0,24.5,elbow.b.stl,0
90,53.7,27.6,151.9,8.5,33,50.0,6.6,elbow.b.stl,0
90,172.6,71.8,103,166.1,172.7,34.5,28.2,wrist.b.stl,0
90,54.7,1.8,178.1,39.6,132.8,50.0,12.5,elbow.b.stl,0
90,66.2,156,53.6,170,127.3,40.2,24.7,wrist.b.stl,0
90,27.9,101.6,31.1,163.4,78.2,26.8,24.9,wrist.b.stl,0
90,95.5,33.1,8.6,179.7,172.7,50.0,14.6,elbow.b.stl,0
90,58.4,155.2,93.1,171.6,133.8,25.8,25.8,wrist.b.stl,0
90,48.1,164.8,11.4,44.2,148.8,38.3,26.7,wrist.b.stl,0
90,159.3,18.6,52.4,132.2,179,14.7,26.6,wrist.b.stl,0
90,13.7,137.1,104.6,69,33.7,25.3,27.7,wrist.b.stl,0
90,14.5,71,5,171.5,64.1,40.7,26.8,wrist.b.stl,0
90,27.8,142.7,91.6,17.4,23.8,50.0,24.9,wrist.b.stl,0
90,176.5,105.2,111.5,49.4,97.7,34.3,20.9,wrist.b.stl,0
90,35.1,147.5,42.5,128.4,96.7,33.1,21.2,wrist.b.stl,0
90,49.8,161.3,89.3,139.7,53.1,5.1,26.2,wrist.b.stl,0
90,26.7,138,40,82.1,89,34.7,29.9,wrist.b.stl,0
90,36.8,148.9,46.3,37.8,122.9,40.9,21.6,wrist.b.stl,0
90,147.2,66.4,96,15.8,29.9,32.2,25.8,wrist.b.stl,0
90,155.9,4.8,10,72.9,162.9,48.6,32.9,wrist.b.stl,0
90,80.3,177.8,97.8,175.9,167.3,44.3,28.3,wrist.b.stl,0
90,15.3,129.1,137.3,144.3,128.7,-3.5,22.1,wrist.b.stl,1
90,16.9,165.9,153.5,54,114.8,26.6,22.6,wrist.b.stl,0
90,38.9,164.1,92.1,116.4,61.7,10.4,25.0,wrist.b.stl,0
90,167.4,55.3,90,115.7,98.8,35.1,24.5,wrist.b.stl,0
90,176.6,138,7.5,166.9,134.4,50.0,-2.5,elbow.b.stl,1
90,178.1,67.9,86.5,88.7,126.7,35.5,30.9,wrist.b.stl,0
90,179.7,59.5,34.1,84.4,78.4,42.9,30.8,wrist.b.stl,0
90,33.4,123.4,33.7,159.7,65.2,27.5,27.4,wrist.b.stl,0
90,151,46.6,175,50.6,174.2,47.5,9.1,base.stl,0
90,168.3,62.6,136.3,80.7,51,14.5,32.9,wrist.b.stl,0
90,100.3,131.3,16.6,165.1,126.4,50.0,22.9,elbow.b.stl,0
90,119,16,86.5,23.1,14.7,25.4,23.3,wrist.b.stl,0
90,67.7,158.2,95.2,176.1,172,50.0,28.5,wrist.b.stl,0
90,38.8,167.6,99.7,13.5,157.3,40.1,27.9,wrist.b.stl,0
90,19.6,123.2,62.4,49.8,160.1,36.7,27.0,wrist.b.stl,0
90,23.6,157.8,172.1,141.8,80.5,15.3,21.5,wrist.b.stl,0
90,49.6,126.6,45.1,172.9,98,45.5,24.4,wrist.b.stl,0
90,16.6,114.4,37.2,54.4,125.7,32.0,22.0,wrist.b.stl,0
90,165.9,55,20.9,10.1,87.1,37.9,23.6,wrist.b.stl,0
90,29.6,119.1,37.3,147.5,138.3,18.2,24.5,wrist.b.stl,0
90,90.7,168,3.1,154.1,159,50.0,9.7,elbow.b.stl,0
90,9.8,92.7,29.4,42.4,15.3,45.3,21.6,wrist.b.stl,0
90,1.8,96.1,135.5,155.2,22.1,31.2,23.3,wrist.b.stl,0
90,64.8,32.9,173.3,24.7,66,50.0,8.3,elbow.b.stl,0
90,115.7,12.4,142.2,34.3,144.6,50.0,16.0,base.stl,0
90,128.3,0.7,167.7,177.2,178.2,4.7,13.9,base.stl,0
90,9.6,0.5,145.1,33.9,41,50.0,26.2,wrist.b.stl,0
90,26.3,152.5,153.5,149.3,73.3,-5.8,24.5,wrist.b.stl,1
90,164,57.8,112.8,167.5,144.6,23.6,27.2,wrist.b.stl,0
90,176.3,43,23.8,110.9,41.8,30.4,31.7,wrist.b.stl,0
90,125.9,157.3,12.9,163,4.8,50.0,8.7,elbow.b.stl,0
90,121.3,178.6,42.2,169.6,146.3,50.0,-0.4,elbow.b.stl,1
90,69.6,145.5,41.1,178.3,146.9,50.0,28.7,wrist.b.stl,0
90,65.8,58.6,174.7,6.9,45.6,50.0,-3.8,elbow.b.stl,1
90,152.5,39.4,152.4,166.4,113.3,26.5,23.8,wrist.b.stl,0
90,44.4,171.7,23.3,94.5,169.1,32.1,34.0,wrist.b.stl,0
90,13.1,112.6,85.7,117.9,71.5,14.6,23.6,wrist.b.stl,0
90,135.2,1.4,135.1,122.9,111.3,27.1,23.7,wrist.b.stl,0
90,37.1,143.7,136.7,164.1,28.3,40.7,24.7,wrist.b.stl,0
90,24.5,93.2,50.9,156.8,176.8,20.3,27.1,wrist.b.stl,0
90,33.8,152.6,27.3,119.5,55.5,31.4,26.2,wrist.b.stl,0
90,169.6,99.8,90.3,13.4,128.8,34.3,25.5,wrist.b.stl,0
90,16.6,80.7,18.8,143.1,162,34.0,25.8,wrist.b.stl,0
90,3.3,92,7.2,26,145.1,20.6,27.2,wrist.b.stl,0
90,127.4,4.5,136.3,157.6,16.1,48.5,24.0,wrist.b.stl,0
90,7.9,84.8,7,120.7,7.6,31.7,24.4,wrist.b.stl,0
90,156.8,39.4,69.8,69.9,79.3,40.1,29.7,wrist.b.stl,0
90,12.9,123.2,72.6,51.7,68.8,14.3,28.0,wrist.b.stl,0
90,12.3,143.6,115.2,54.8,128.3,7.2,22.2,wrist.b.stl,0
90,7,96.2,84.7,125.8,70.1,9.7,22.2,wrist.b.stl,0
90,27.5,143.8,72.3,60.6,28.3,31.3,25.2,wrist.b.stl,0
90,63.1,43.9,160.5,11.1,131,50.0,25.8,wrist.b.stl,0
90,19.6,120.3,115.3,124.1,41.4,48.4,28.3,wrist.b.stl,0
90,3.1,151.1,179,23.2,22.2,10.5,24.0,wrist.b.stl,0
90,119.3,47.3,134,0.9,136.3,50.0,-1.4,base.stl,1
90,23.4,121.4,32.2,42.1,49.1,42.3,26.0,wrist.b.stl,0
90,177,55.5,60.1,93.8,156.6,43.2,34.0,wrist.b.stl,0
90,177.8,56.3,33.3,144.9,36.7,45.0,23.8,wrist.b.stl,0
90,6.2,120.4,83.5,75,47.3,12.3,30.6,wrist.b.stl,0
90,7,103.1,32.7,96.2,32.4,11.1,32.4,wrist.b.stl,0
90,152.2,54.8,159.7,52,66.2,50.0,24.6,base.stl,0
90,29.5,162.9,135.9,109.8,85,35.2,26.6,wrist.b.stl,0
90,46.4,176.7,46.2,91.8,102.3,32.3,30.1,wrist.b.stl,0
90,149.1,3,56.9,131.1,100,14.8,20.7,wrist.b.stl,0
90,161.4,62.2,140.6,130.6,94.6,32.1,21.4,wrist.b.stl,0
90,12.5,112.4,40.3,78.9,121.2,28.3,29.1,wrist.b.stl,0
90,161.1,59.2,179.4,106.1,138.2,29.1,32.6,wrist.b.stl,0
90,2.8,122.4,122.5,0.6,132.7,34.5,24.7,wrist.b.stl,0
90,97.9,140.3,20.1,167.8,78.9,50.0,4.8,elbow.b.stl,0
90,21.2,179.4,174.3,38.7,135,41.7,24.8,wrist.b.stl,0
90,155,5,37.8,147.5,100.2,19.5,20.7,wrist.b.stl,0
90,148.3,20.3,94.1,85.4,134.8,27.6,31.2,wrist.b.stl,0
90,35.6,114.3,74.9,152.9,53.9,37.4,28.2,wrist.b.stl,0
90,170.7,34.5,13.4,179.9,59.4,38.0,25.8,wrist.b.stl,0
90,15.4,97.2,61.8,124.5,82.2,35.4,21.9,wrist.b.stl,0
90,179.5,67.8,79.1,81.6,33.4,38.0,30.9,wrist.b.stl,0
90,160.9,71.1,62.6,14.8,62.2,35.3,25.1,wrist.b.stl,0
90,17.7,114.3,27,40.8,51.4,33.4,25.9,wrist.b.stl,0
90,172.1,79.3,145,176.4,57.1,19.2,27.1,wrist.b.stl,0
90,0.7,82.6,25.4,46.6,165.5,27.1,26.1,wrist.b.stl,0
90,16.3,157,143.7,16,45.2,29.8,28.8,wrist.b.stl,0
90,108.9,11.2,175.8,28.7,152.2,50.0,11.6,elbow.b.stl,0
90,168.3,21.3,0.5,90.9,42,30.1,33.4,wrist.b.stl,0
90,139.5,1.2,74.7,172.5,152.1,26.8,29.0,wrist.b.stl,0
90,12.7,149.5,136.7,86,177.6,44.0,34.2,wrist.b.stl,0
90,147.6,47,68.7,33.8,118.7,27.2,21.5,wrist.b.stl,0
90,160.2,7.5,18.8,167,74.3,33.9,25.5,wrist.b.stl,0
90,36.4,132.5,30.8,153.6,96,44.6,21.7,wrist.b.stl,0
90,38.9,39.4,165.7,15.2,106,50.0,14.4,elbow.b.stl,0
90,3.2,101.1,68.6,74.4,12.6,37.1,30.2,wrist.b.stl,0
90,31.2,123.2,13.6,155.8,1.3,50.0,25.8,wrist.b.stl,0
90,5.1,72.8,57,125,44.4,37.8,28.3,wrist.b.stl,0
90,47.4,177.5,69.9,30.5,44.8,28.0,26.6,wrist.b.stl,0
90,57.3,150.8,65.1,154.1,34.6,28.6,23.5,wrist.b.stl,0
90,168.1,23.1,24.4,132.9,87.8,28.3,20.4,wrist.b.stl,0
90,59.3,171,79.6,133.6,119.4,32.2,22.1,wrist.b.stl,0
90,29.9,125.5,103.1,136.5,55.9,36.2,26.9,wrist.b.stl,0
90,170.7,54.3,12,7.9,55.9,28.1,27.7,wrist.b.stl,0
90,12.3,134.9,133.8,106.9,85.4,37.9,27.5,wrist.b.stl,0
90,135.3,7.8,133.6,120.8,102.2,35.7,23.1,wrist.b.stl,0
90,41.7,157.3,82.5,111.9,14.4,33.7,27.8,wrist.b.stl,0
90,17.8,131.3,97.2,107.7,175.3,31.6,33.2,wrist.b.stl,0
90,26,63.7,6.8,166.8,166.9,50.0,18.7,elbow.b.stl,0
90,174,86.8,169.7,148.9,35.7,26.7,23.3,wrist.b.stl,0
90,29.5,145.3,74.9,31.6,126.2,30.8,23.5,wrist.b.stl,0
90,167.6,12.3,7.9,104.2,42,25.1,32.9,wrist.b.stl,0
90,177.8,56.3,55,141.1,89.9,27.1,20.1,wrist.b.stl,0
90,51.4,10.9,148.8,17.1,176.1,50.0,20.7,elbow.b.stl,0
90,87,10.6,158.6,25.9,144.1,50.0,24.6,elbow.b.stl,0
90,0.5,96,79.6,45.5,23.5,40.8,21.7,wrist.b.stl,0
90,175,145.4,149.8,5.9,85.5,43.5,23.9,wrist.b.stl,0
90,41.9,159,6.6,58.3,87.1,39.2,25.3,wrist.b.stl,0
90,175.7,45.1,26.9,174.9,31.5,35.6,26.2,wrist.b.stl,0
90,5,94.2,27.7,63.5,132.9,26.1,24.8,wrist.b.stl,0
90,160.3,67.7,63.9,23.6,90.1,29.4,22.1,wrist.b.stl,0
90,134.7,12.6,164.4,61.7,168.4,44.2,16.1,base.stl,0
90,156.7,16,3.6,48.6,133,29.0,22.6,wrist.b.stl,0
90,146.3,36.4,69.8,50.4,51.4,30.4,27.6,wrist.b.stl,0
90,50.9,164.5,1.1,19.7,29.1,29.4,25.5,wrist.b.stl,0
90,89.8,150.8,7.8,155.7,152.1,50.0,19.1,elbow.b.stl,0
90,1.8,140.3,179.3,98.8,75,18.1,29.2,wrist.b.stl,0
90,47.5,134.4,56.5,153.6,37.2,29.9,23.7,wrist.b.stl,0
90,78,35.5,152.1,3.8,157.8,50.0,13.7,elbow.b.stl,0
90,179.5,47.5,25.9,131.3,19.9,25.3,22.9,wrist.b.stl,0
90,155.5,46.4,170,81.2,87.1,31.4,29.2,base.stl,0
90,120.7,7.9,128.2,44,22,43.3,7.0,base.stl,0
90,144.5,27.5,175.3,65.3,27.8,36.7,17.0,base.stl,0
90,176.4,46.3,8.4,157.9,19.2,33.4,23.8,wrist.b.stl,0
90,179.5,57.9,56.6,175,105,25.5,24.3,wrist.b.stl,0
90,147.4,21.3,17.7,27.8,106.3,31.5,21.1,wrist.b.stl,0
90,57.2,150.5,32.8,170.4,65.3,50.0,10.1,base.stl,0
90,51.1,142.8,79.6,149.1,67.8,37.0,26.0,wrist.b.stl,0
90,144.6,44.9,167,43.8,174.6,50.0,7.1,base.stl,0
90,155.7,49.4,148.3,109,80.3,35.5,26.7,wrist.b.stl,0
90,14.6,61.8,16.9,163.8,137.2,30.3,25.0,wrist.b.stl,0
90,2.6,84.4,31.5,98.8,21.8,33.1,31.0,wrist.b.stl,0
90,135.5,57.3,152.1,16.6,46.8,50.0,20.2,base.stl,0
90,121.2,112,7.1,173.9,57.1,50.0,18.9,elbow.b.stl,0
90,109.6,28.5,133.1,16.9,131.3,50.0,14.3,base.stl,0
90,127.1,165.4,12.8,149.7,61.1,50.0,10.7,elbow.b.stl,0
90,173,29.3,29.4,163.6,172.3,13.0,27.9,wrist.b.stl,0
90,175.5,93.1,175.7,66.5,140.2,30.3,26.4,wrist.b.stl,0
90,177.5,48.9,7.9,157.8,26.8,33.3,23.7,wrist.b.stl,0
90,165,40.9,59.2,70.9,92.2,21.6,27.9,wrist.b.stl,0
90,7.6,91.6,16.1,103.6,4.6,27.5,29.2,wrist.b.stl,0
90,7.5,142.9,160.5,59.3,7.6,35.5,27.8,wrist.b.stl,0
90,25,173.4,148.6,37.8,140.1,33.0,26.7,wrist.b.stl,0
90,93,28.4,175.9,24.1,129.5,50.0,8.2,elbow.b.stl,0
90,175.4,147.7,13.5,156.7,54.9,50.0,17.2,elbow.b.stl,0
90,102,89.4,7.9,175.2,148.1,50.0,24.5,elbow.b.stl,0
90,159.6,87.7,94.8,11.2,54.2,37.3,27.6,wrist.b.stl,0
90,37,173.1,109.9,19,165.5,29.9,27.4,wrist.b.stl,0
90,178.3,54.3,5.3,48.4,22.9,39.0,22.1,wrist.b.stl,0
90,117.4,18.4,75.4,10.1,155.8,39.7,28.2,wrist.b.stl,0
90,159.9,40.1,46.8,59.8,28.8,34.6,24.9,wrist.b.stl,0
90,164.2,58.1,39.1,30,88.9,32.3,20.9,wrist.b.stl,0
90,156.7,2.8,14.6,70.7,138.8,23.1,27.7,wrist.b.stl,0
90,7.5,92.7,16.8,11.8,168.5,30.9,28.0,wrist.b.stl,0
90,7.5,96.3,46.4,8.2,84.3,35.0,23.8,wrist.b.stl,0
90,161.7,4.8,8.4,126,118.7,36.6,24.4,wrist.b.stl,0
90,171.1,79.6,74.3,51.2,62.3,40.2,27.3,wrist.b.stl,0
90,23.6,154,119,8.9,133.5,38.3,26.0,wrist.b.stl,0
90,155.4,39.9,34.4,36.8,159,30.8,25.5,wrist.b.stl,0
90,5.2,32,17.3,165.3,54.5,39.0,29.1,wrist.b.stl,0
90,59.9,126.9,16.9,175.2,144.4,50.0,11.5,elbow.b.stl,0
90,166.1,67.8,125.4,167.8,148.9,29.5,28.4,wrist.b.stl,0
90,101.4,19.5,137.4,17.1,3.4,50.0,24.1,wrist.b.stl,0
90,148.6,8.3,59.1,171.7,151.1,27.9,29.1,wrist.b.stl,0
90,20.1,82.2,54.6,146.5,12,40.5,22.6,wrist.b.stl,0
90,108.9,48.5,163.5,7.8,73.3,50.0,22.6,elbow.b.stl,0
90,34.6,112.5,60.8,147.7,105.8,37.6,21.3,wrist.b.stl,0
90,50.3,160.1,67.2,123.9,36.6,34.7,28.1,wrist.b.stl,0
90,17.6,134.4,103,28.3,22.9,40.0,23.4,wrist.b.stl,0
90,47.3,178.3,63.9,43.6,102.5,28.2,20.9,wrist.b.stl,0
90,152.1,42.8,133.2,161.3,72.1,27.6,25.9,wrist.b.stl,0
90,2.9,43.7,43.7,169.2,168.6,31.2,28.3,wrist.b.stl,0
90,69.2,163.2,65,176.2,165.6,28.1,28.3,wrist.b.stl,0
90,83.8,11.4,157.7,25.9,124.2,50.0,20.6,elbow.b.stl,0
90,174.6,35.6,34.8,96.3,106,27.9,29.6,wrist.b.stl,0
90,25.5,143.1,82.4,43.5,175.9,27.7,25.6,wrist.b.stl,0
90,174,86.6,171.5,78.2,96.4,30.2,29.0,wrist.b.stl,0
90,46.4,150,0.1,153.2,16.2,50.0,19.9,elbow.b.stl,0
90,164.6,56,84,67.7,66.3,26.3,32.5,wrist.b.stl,0
90,62.3,150,39,175.4,96.5,50.0,24.4,wrist.b.stl,0
90,150.9,15.1,20.1,51,117.7,24.8,21.4,wrist.b.stl,0
90,39.7,43,165.8,12.2,112.7,50.0,14.7,elbow.b.stl,0
90,170.3,40.1,62.5,85.1,74.8,23.6,31.2,wrist.b.stl,0
90,32.9,143.5,11.2,48.9,98,37.8,20.8,wrist.b.stl,0
90,30.5,13.7,167.1,27,152.7,50.0,21.4,elbow.b.stl,0
90,61.7,4.6,165.5,33.3,30.7,50.0,24.1,wrist.b.stl,0
90,54.6,150.7,36,169.7,38.4,50.0,14.5,base.stl,0
90,10.4,62.2,36,146.3,117.9,37.5,20.5,wrist.b.stl,0
90,131.5,0.4,170,165.3,38.6,-16.9,2.3,base.stl,1
90,149.6,32.4,173.6,102.1,175.1,19.7,31.3,base.stl,0
90,69.1,164.4,83.1,172.1,157.9,29.1,28.6,wrist.b.stl,0
90,34.8,155,31.2,111.5,130.9,29.0,31.3,wrist.b.stl,0
90,28.8,32.1,6.8,173,157.5,50.0,12.4,elbow.b.stl,0
90,17.7,102.6,88.8,139.7,145.8,28.4,26.5,wrist.b.stl,0
90,62.7,33.3,151.7,9.6,54.7,50.0,26.1,elbow.b.stl,0
90,7.4,110.4,75.2,100.3,107.3,31.0,29.1,wrist.b.stl,0
90,176.1,39.3,15.7,118.1,85.3,25.6,24.2,wrist.b.stl,0
90,20.9,121,20.1,39.4,115.6,37.1,20.2,wrist.b.stl,0
90,145.1,4.4,63.6,173.1,149.3,26.4,29.1,wrist.b.stl,0
90,43.2,116.1,12.7,174.6,96.2,50.0,19.8,elbow.b.stl,0
90,23.9,74.4,28.6,175.5,158.3,38.3,28.4,wrist.b.stl,0
90,11.3,147.2,143.1,0.9,159.8,33.5,28.2,wrist.b.stl,0
90,148.2,3.9,53.8,178.9,48.8,28.5,28.1,wrist.b.stl,0
90,159.7,45.8,102.9,113.1,133.8,31.1,31.1,wrist.b.stl,0
90,7,92,37.3,16.4,98.4,36.1,23.0,wrist.b.stl,0
90,9.4,139.7,178,10.9,28.6,46.2,6.1,elbow.b.stl,0
90,160.5,63.2,57.9,28.1,54.5,29.4,27.2,wrist.b.stl,0
90,171.9,110.6,10.1,179.4,53.5,50.0,26.9,wrist.b.stl,0
90,45.7,113.3,1.5,170.1,11.6,50.0,3.3,elbow.b.stl,0
90,0.7,108.9,109,64.2,41.6,50.0,26.6,wrist.b.stl,0
90,135.8,7.8,87,67.7,74.8,28.8,30.3,wrist.b.stl,0
90,151.6,41.1,175.5,117.1,91.7,29.7,23.9,wrist.b.stl,0
90,71.2,160,37.8,170,108.4,50.0,11.0,elbow.b.stl,0
90,45.3,167.2,23,15.8,33.2,34.2,26.3,wrist.b.stl,0
90,79.7,31,2,162.6,178.4,50.0,20.9,elbow.b.stl,0
90,28.6,143.4,45.3,65.6,173.6,27.4,30.5,wrist.b.stl,0
90,117.3,44.4,178,14.3,145.9,50.0,2.5,elbow.b.stl,0
90,129.7,19.1,145.3,46.3,128.9,50.0,9.2,base.stl,0
90,178.3,84.3,39.5,10.3,173.8,34.8,28.3,wrist.b.stl,0
90,140.1,20.1,149.4,140.1,154.3,41.6,26.1,wrist.b.stl,0
90,12.1,67.7,35.2,144.4,172.1,32.6,25.5,wrist.b.stl,0
90,170,94.2,157.8,53.6,29.5,34.1,23.1,wrist.b.stl,0
90,63.4,170.3,111.1,172.2,58.1,21.8,27.8,wrist.b.stl,0
90,41.6,173.6,98.1,13.5,111.3,34.1,23.5,wrist.b.stl,0
90,26.8,125.6,6.8,8.6,44.2,50.0,27.9,wrist.b.stl,0
90,34.6,45.5,176.8,19.7,128.5,50.0,14.3,elbow.b.stl,0
90,52.2,44.7,175.8,21,130.7,50.0,19.0,elbow.b.stl,0
90,26.2,168,129.1,63.7,159.4,31.0,31.4,wrist.b.stl,0
90,135.8,24.2,161.8,46.4,14.4,50.0,9.9,base.stl,0
90,50.9,172.4,146.6,156.8,179.2,35.1,27.2,wrist.b.stl,0
90,26.1,144.4,140.4,128.2,14,38.9,22.8,wrist.b.stl,0
90,130,0.1,158.8,138.2,78,23.7,17.5,base.stl,0
90,109,162.8,31.8,162.2,123.5,50.0,18.1,elbow.b.stl,0
90,55.6,131.8,25.4,178.3,134.9,50.0,26.7,wrist.b.stl,0
90,173.6,58,73.9,120.4,5.9,31.5,24.3,wrist.b.stl,0
90,50.7,148.4,108.4,174.9,176.6,35.1,28.8,wrist.b.stl,0
90,165.4,65.6,162.4,90.4,146.5,25.0,34.4,wrist.b.stl,0
90,39,150.4,7.3,47.4,70.2,45.0,26.7,wrist.b.stl,0
90,125.9,171.8,2.4,141.7,57,50.0,15.4,elbow.b.stl,0
90,42.4,101.7,8.9,169.8,159,50.0,24.9,elbow.b.stl,0
90,122.8,30.9,104.4,20.7,178.8,30.6,28.4,wrist.b.stl,0
90,29.6,142.1,41.4,5.9,137.8,25.6,26.4,wrist.b.stl,0
90,177.6,47.3,14.8,152.7,94.6,30.9,21.7,wrist.b.stl,0
90,24.2,169.1,137.4,66.7,6.4,33.0,29.8,wrist.b.stl,0
90,8.7,138.2,151.1,95.5,26.3,46.8,31.6,wrist.b.stl,0
90,18.3,118,35.4,76.4,16.9,38.4,30.1,wrist.b.stl,0
90,19.4,16,145.6,9.6,48.7,50.0,3.2,elbow.b.stl,0
90,174.7,44.4,42.3,158.8,64.3,26.8,27.6,wrist.b.stl,0
90,157.4,80.9,133.6,41.3,136.3,27.2,24.8,wrist.b.stl,0
90,160.5,47.9,98.4,110.2,19.8,40.1,29.0,wrist.b.stl,0
90,45.9,128.6,41.3,172.8,70.3,38.0,25.6,wrist.b.stl,0
90,29.2,120.4,38.5,132.8,20.5,25.6,22.6,wrist.b.stl,0
90,57.4,20.5,176.1,31.7,27.6,50.0,23.7,wrist.b.stl,0
90,43.1,149.8,89,124.1,9.3,33.8,23.5,wrist.b.stl,0
90,38.2,157.1,38.4,50.7,23.5,38.0,22.5,wrist.b.stl,0
90,161.6,65.1,165.6,67,177.5,28.2,30.7,wrist.b.stl,0
90,178.6,90.8,142.7,169.1,133.2,17.5,25.3,wrist.b.stl,0
90,1,117.3,121.2,38.1,83.5,34.4,20.4,wrist.b.stl,0
90,179.3,57.7,65.6,171,156.3,11.8,28.7,wrist.b.stl,0
90,47.3,160,3.6,24.9,171.7,32.3,27.2,wrist.b.stl,0
90,136.5,14.2,170,138.8,179,11.0,25.1,base.stl,0
90,124.6,7.9,58.8,40.7,33.2,37.8,23.5,wrist.b.stl,0
90,167.4,35.4,50.4,162.2,120,26.1,23.2,wrist.b.stl,0
90,44.1,147.4,7.7,150.8,115.7,50.0,14.3,elbow.b.stl,0
90,59,149.6,65.2,173.3,101,28.4,24.6,wrist.b.stl,0
90,100.5,163.5,31.4,163.8,26.7,50.0,14.2,elbow.b.stl,0
90,32.8,15.6,172.6,30.6,26.1,50.0,23.0,elbow.b.stl,0
90,132.7,5.8,160.4,140.7,157.3,18.7,26.0,wrist.b.stl,0
90,148,32.7,170.2,132.8,29.8,12.9,24.9,wrist.b.stl,0
90,151.9,32.8,105.7,78.8,165.5,24.0,33.5,wrist.b.stl,0
90,30.1,135.9,30.2,126,26.3,27.6,26.1,wrist.b.stl,0
90,176,85.7,153,127.1,152.8,18.0,26.4,wrist.b.stl,0
90,129.9,7,111.5,65.7,77.5,40.6,29.3,wrist.b.stl,0
90,79,11.7,119.5,0.8,33.4,50.0,23.9,base.stl,0
90,130.1,0.9,13.4,8.8,24.2,41.6,25.2,wrist.b.stl,0
90,134.8,169.2,23.3,153.7,52.4,50.0,19.4,elbow.b.stl,0
90,3.4,83.5,71.7,122.4,124.9,30.1,27.3,wrist.b.stl,0
90,134.2,5.5,172.7,59.3,32.3,34.7,21.1,base.stl,0
90,66.7,126.1,22.3,179.1,91.6,50.0,24.1,wrist.b.stl,0
90,36.8,87.5,8.9,175.6,129.9,50.0,25.7,wrist.b.stl,0
90,36.4,134.8,114.1,153.9,152.7,36.0,28.4,wrist.b.stl,0
90,83.2,111.3,9.6,175.4,43.2,50.0,25.8,elbow.b.stl,0
90,50.9,161.4,94.3,129.7,115.7,36.5,22.4,wrist.b.stl,0
90,5.6,135.6,175.5,7,74.6,38.3,24.5,wrist.b.stl,0
90,4,102.6,56.4,80.1,164.5,25.8,33.7,wrist.b.stl,0
90,133.4,32.7,159.5,31.9,113.2,50.0,8.6,base.stl,0
90,46.1,125,21.7,178.3,52.6,50.0,27.4,wrist.b.stl,0
90,53,176.6,1.9,58.1,2,26.7,28.8,wrist.b.stl,0
90,142.4,8.2,78.4,148.4,139.9,26.0,24.9,wrist.b.stl,0
90,156.3,9.8,3.7,57.7,119.9,29.8,23.2,wrist.b.stl,0
90,29.6,12.6,133.6,0.7,43.6,50.0,26.4,wrist.b.stl,0
90,134.2,2,112.6,167.5,11.9,21.1,25.3,wrist.b.stl,0
90,6.3,84.1,82.4,126,74.7,42.0,21.6,wrist.b.stl,0
90,21.9,111.9,116.2,160.8,61.1,36.3,28.4,wrist.b.stl,0
90,105.8,61.7,179.3,11,166.6,50.0,8.6,elbow.b.stl,0
90,159.4,39.2,61.1,66.8,12.2,36.6,28.8,wrist.b.stl,0
90,162.6,3.2,3.7,92.7,21,32.7,31.2,wrist.b.stl,0
90,8,46.4,158.4,5.3,160.8,50.0,16.3,elbow.b.stl,0
90,4,35.4,162.2,16.8,159.6,50.0,27.5,wrist.b.stl,0
90,148.1,1.8,44.1,158.8,163.5,33.7,27.7,wrist.b.stl,0
90,174,53.1,70.4,93,175.1,36.3,34.4,wrist.b.stl,0
90,9.1,102.4,44.3,87.6,51,42.8,34.6,wrist.b.stl,0
90,4.1,135,161.1,30.4,77.9,34.0,20.8,wrist.b.stl,0
90,7.9,139.8,134,93.5,110.9,34.7,30.0,wrist.b.stl,0
90,165.7,149,168.8,2.5,25.6,50.0,21.8,elbow.b.stl,0
90,117.8,144.4,2,153.3,138.1,50.0,17.3,elbow.b.stl,0
90,16.5,163.7,166.3,105.4,167,41.3,32.7,wrist.b.stl,0
90,20.5,123.9,24.5,61.9,87.1,33.1,26.4,wrist.b.stl,0
90,179.6,93.7,98.1,62.8,91.1,33.9,25.9,wrist.b.stl,0
90,115.3,31.5,127.8,16,37.2,50.0,19.1,base.stl,0
90,44.5,143.9,22.5,163,65.1,50.0,18.5,elbow.b.stl,0
90,160,50.6,119.4,111.9,139.3,27.9,30.9,wrist.b.stl,0
90,122.2,179.9,48.7,174.5,25.3,50.0,10.6,elbow.b.stl,0
90,6.4,58.1,38,146.4,171.5,28.0,25.7,wrist.b.stl,0
90,14.7,107,20,23.4,104.8,33.9,21.8,wrist.b.stl,0
90,3.4,84.5,30,47.3,10.6,37.1,23.4,wrist.b.stl,0
90,24.1,132.4,58.3,45.1,166.7,29.4,25.7,wrist.b.stl,0
90,142.1,40.2,80.9,43.9,72.1,32.3,24.9,wrist.b.stl,0
90,59.1,59.2,1.4,174.8,146.4,50.0,8.5,elbow.b.stl,0
90,1.3,111.4,166.1,174,40.3,32.1,27.3,wrist.b.stl,0
90,136,46.4,164.3,24.3,9.6,50.0,21.2,base.stl,0
90,101.6,159.5,31.6,171.8,165.3,50.0,13.4,elbow.b.stl,0
90,48.9,152.5,119.4,163,177.3,37.1,28.0,wrist.b.stl,0
90,154.4,31.4,82.1,169.1,55.8,31.9,28.9,wrist.b.stl,0
90,136.8,17.3,25.2,8.9,2,40.2,25.2,wrist.b.stl,0
90,43.9,177.4,96.1,61.7,68,40.1,30.5,wrist.b.stl,0
90,102.4,18.5,177.9,27.3,173.4,50.0,25.0,elbow.b.stl,0
90,70.6,170.9,81.6,158.6,10.8,22.2,24.6,wrist.b.stl,0
90,3.9,88.8,31.7,91.3,9.7,38.8,31.1,wrist.b.stl,0
90,4.5,85.2,48.2,115.2,91.4,27.8,24.5,wrist.b.stl,0
90,174.7,32.9,13,102.2,144.9,22.7,33.1,wrist.b.stl,0
90,35.6,121.6,44.6,147.9,112,29.9,21.0,wrist.b.stl,0
90,161.6,60,162.9,159.7,105.3,29.1,22.9,wrist.b.stl,0
90,124.7,38.2,120.9,24.4,140.6,39.6,27.7,wrist.b.stl,0
90,17.7,174,169.9,85.4,175.8,36.0,34.1,wrist.b.stl,0
90,136.9,61.1,150.3,16.3,121.5,50.0,4.2,base.stl,0
90,32.4,151.6,27.7,71.6,148.8,25.8,29.5,wrist.b.stl,0
90,4.1,136.5,167.9,27.9,79.7,31.4,21.0,wrist.b.stl,0
90,20.9,148.6,102.3,87.3,99.7,36.8,30.3,wrist.b.stl,0
90,3.7,43.6,6.5,155.1,119.7,27.8,21.9,wrist.b.stl,0
90,127.1,62.5,156.5,5.6,31.8,50.0,21.1,base.stl,0
90,172.2,122.9,131.4,17.5,83.9,29.5,22.7,wrist.b.stl,0
90,156.6,48.5,168.3,103.4,95.9,27.4,28.1,wrist.b.stl,0
90,6.1,83.2,108.2,165.9,73.2,35.4,25.7,wrist.b.stl,0
90,74.1,152.2,36.3,174.8,119.4,50.0,22.4,elbow.b.stl,0
90,161.4,39,72.3,76.6,27.1,40.2,29.7,wrist.b.stl,0
90,163.3,42.8,27.3,48.3,64.5,37.9,27.1,wrist.b.stl,0
90,84.3,64,167.4,4.8,31.6,50.0,25.7,wrist.b.stl,0
90,165.4,70,125.1,157,20.2,38.7,23.6,wrist.b.stl,0
90,162.8,26.9,1,44.7,74.6,34.8,24.3,wrist.b.stl,0
90,80.4,24.4,174.8,29,60.2,50.0,16.8,elbow.b.stl,0
90,128.7,13.3,176.6,39.6,131.9,50.0,23.7,wrist.b.stl,0
90,59.5,148.7,67.3,157.5,8.3,32.9,24.8,wrist.b.stl,0
90,157.3,51.6,127.2,139.2,173.4,28.9,25.6,wrist.b.stl,0
90,162,61.4,71.2,49.2,176.5,26.7,26.1,wrist.b.stl,0
90,154.3,103.2,7.6,168.8,161.4,50.0,22.0,elbow.b.stl,0
90,67.6,161.8,88.6,171.4,122.6,38.3,24.5,wrist.b.stl,0
90,140.8,85.5,157.7,4.1,44.4,50.0,4.1,base.stl,0
90,27.8,57.8,161.9,0.4,45.3,50.0,26.6,wrist.b.stl,0
90,132.4,15.6,166.9,44.7,27.9,50.0,14.4,base.stl,0
90,57.7,172.1,128.4,178.6,31.7,16.8,26.4,wrist.b.stl,0
90,173.8,95.5,167.1,62.6,8.6,32.0,28.4,wrist.b.stl,0
90,150.5,11.5,66.3,89.5,109.9,37.5,30.1,wrist.b.stl,0
90,140.2,3.1,31,55.7,170.4,31.2,28.0,wrist.b.stl,0
90,90.1,7.5,117.2,11.4,164.2,50.0,9.6,base.stl,0
90,77,15.3,152.6,18.4,16.1,50.0,24.0,wrist.b.stl,0
90,173.5,43.2,55,93.8,43.5,31.3,34.1,wrist.b.stl,0
90,30.6,145.9,43.9,94.4,154.5,32.0,34.0,wrist.b.stl,0
90,135.7,18.1,103.6,63.4,173.8,29.2,29.9,wrist.b.stl,0
90,150.1,20.7,92,94,55,30.6,32.8,wrist.b.stl,0
90,6.2,93.3,23.5,99,113.4,35.9,29.7,wrist.b.stl,0
90,149.1,48,85.8,47,10.4,30.8,23.4,wrist.b.stl,0
90,42.2,151,106.9,132.1,93.6,35.0,21.4,wrist.b.stl,0
90,154,44.1,114.2,134.1,22.1,34.7,22.6,wrist.b.stl,0
90,4.5,36.8,30.6,162.4,42.9,39.5,26.0,wrist.b.stl,0
90,173.3,151.7,176.6,16.4,111.6,41.0,22.8,base.stl,0
90,163.5,20,45.4,87.4,109.7,24.9,30.1,wrist.b.stl,0
90,148.3,33.5,122.4,154,106.3,26.5,21.9,wrist.b.stl,0
90,48.2,178.8,64.4,14.4,44,27.2,28.4,wrist.b.stl,0
90,2.4,90.5,128.1,172.4,3.8,29.4,25.8,wrist.b.stl,0
90,8.7,67.6,18.8,139.3,119.3,35.0,20.7,wrist.b.stl,0
90,166.8,80.8,4.6,174.5,169.5,50.0,16.7,elbow.b.stl,0
90,29.7,146.5,14.9,124.1,34.7,24.7,28.1,wrist.b.stl,0
90,130.7,141.4,31.2,179.7,127.2,50.0,25.5,wrist.b.stl,0
90,139.4,155,2.4,150.3,1.6,50.0,25.1,wrist.b.stl,0
90,156.3,140.4,21.6,169.8,17.7,50.0,22.4,elbow.b.stl,0
90,88.4,8.4,103.3,2.4,3.3,50.0,8.0,base.stl,0
90,79,148,27.7,170.3,26.2,50.0,25.4,wrist.b.stl,0
90,160.6,32.6,79.3,85.9,55.3,32.0,34.6,wrist.b.stl,0
90,3.5,77.9,91.5,145.3,145.2,30.8,27.7,wrist.b.stl,0
90,88.9,12.6,163.1,27.9,112.1,50.0,11.6,elbow.b.stl,0
90,109.9,25.6,0.9,171.5,160.8,50.0,2.8,elbow.b.stl,0
90,15.1,114.5,61.1,25.8,32.3,33.6,25.5,wrist.b.stl,0
90,158.9,3,16.9,141.1,125.9,30.4,21.9,wrist.b.stl,0
90,14.7,113.3,4.1,67.6,71.6,26.6,31.1,wrist.b.stl,0
90,84.7,126.3,4.7,159,80.7,50.0,13.4,elbow.b.stl,0
90,49.1,4.5,146,22.3,117.1,50.0,21.1,elbow.b.stl,0
90,99.4,32.7,152.7,6.2,159.7,50.0,6.5,elbow.b.stl,0
90,169.2,98.2,143,48.5,134.3,25.2,23.0,wrist.b.stl,0
90,78.3,150.3,3.4,149.8,54.2,50.0,15.2,elbow.b.stl,0
90,132.8,34.3,77,27,98.4,35.5,21.2,wrist.b.stl,0
90,16.1,140.9,106.4,88.4,20.5,42.2,31.1,wrist.b.stl,0
90,141.7,128.5,6.6,159.1,56.9,50.0,19.0,elbow.b.stl,0
90,176.4,98.9,104.2,51.5,110.4,31.5,22.2,wrist.b.stl,0
90,28.1,134.8,137.2,152.5,129.6,37.4,22.0,wrist.b.stl,0
90,175.3,37.4,5.8,78,0.5,25.3,32.2,wrist.b.stl,0
90,11,99.2,16.4,0,176.6,33.4,27.9,wrist.b.stl,0
90,167.6,113.4,137.4,24.5,50.9,30.2,28.1,wrist.b.stl,0
90,8.1,58.3,19.6,144.5,78.8,32.7,22.4,wrist.b.stl,0
90,14.9,34.5,3.4,167.4,128.8,50.0,11.1,elbow.b.stl,0
90,174.8,64.7,93.2,95.7,107.6,33.5,29.7,wrist.b.stl,0
90,176.8,49.2,40.8,152.5,52.1,32.1,27.8,wrist.b.stl,0
90,48.3,172.4,20.4,3.7,155,30.2,28.6,wrist.b.stl,0
90,2.7,106.6,78.4,83.1,127.5,35.4,30.1,wrist.b.stl,0
90,10.2,139.6,136.1,47.7,41.4,38.2,24.7,wrist.b.stl,0
90,155.1,45.2,54.2,43.7,166.6,25.4,25.5,wrist.b.stl,0
90,86.2,131,11.2,163.5,4.8,50.0,18.1,elbow.b.stl,0
90,169.4,176.2,12.3,150,160.7,50.0,18.7,elbow.b.stl,0
90,33.3,141.4,14.2,145,66.3,48.7,25.8,wrist.b.stl,0
90,177.5,65.1,78.5,102.4,0.5,36.9,29.5,wrist.b.stl,0
90,177.8,65.4,81.2,97.7,2.7,35.5,30.4,wrist.b.stl,0
90,5.1,93,104.8,123.6,44.2,47.6,28.8,wrist.b.stl,0
90,148.7,20.1,85.9,113,63.2,31.4,25.7,wrist.b.stl,0
90,40.4,163.7,36.4,119.6,163.4,27.7,28.9,wrist.b.stl,0
90,9.6,90.3,14.5,123.5,37.9,28.1,28.3,wrist.b.stl,0
90,27.4,149.2,98.1,19.8,6.9,36.9,23.6,wrist.b.stl,0
90,21.5,162.9,165,103.2,13.7,50.0,29.7,wrist.b.stl,0
90,43.9,46.5,179.8,22.4,132.6,50.0,19.6,elbow.b.stl,0
90,91.5,19.8,167.9,26.4,105.6,50.0,8.0,elbow.b.stl,0
90,136.2,64.1,133.9,9.9,174.3,41.3,2.3,base.stl,0
90,139.9,20.6,42,35.2,99.8,26.2,20.8,wrist.b.stl,0
90,166.6,44.1,14.8,41.1,37.1,38.7,24.5,wrist.b.stl,0
90,67,131.5,23,179.7,115.9,50.0,21.8,elbow.b.stl,0
90,33,150.1,74.2,53.8,51.7,38.6,27.5,wrist.b.stl,0
90,160.7,21,49.6,113.1,126.1,26.5,29.8,wrist.b.stl,0
90,24.5,120,1.3,10.4,98.3,50.0,23.8,wrist.b.stl,0
90,115.2,19.2,96.5,20.7,20.2,37.3,24.1,wrist.b.stl,0
90,13.1,122.1,94.1,4.4,17.7,47.2,24.9,wrist.b.stl,0
90,172.3,74.4,71.3,59.1,1.7,46.1,29.2,wrist.b.stl,0
90,40.1,158.4,27.2,42.9,3.6,35.3,23.8,wrist.b.stl,0
90,41.7,160.3,70.4,102.2,10.6,41.5,29.7,wrist.b.stl,0
90,69.7,0.8,131.5,17.4,112.7,50.0,23.2,wrist.b.stl,0
90,159,54.8,173.9,174.4,79,29.5,24.6,wrist.b.stl,0
90,176.9,34.6,9.2,99.3,170,16.9,33.7,wrist.b.stl,0
90,162.5,61.9,157.1,83.9,23.1,30.1,30.9,wrist.b.stl,0
90,37.6,150.2,42.7,124.5,61.9,30.8,24.2,wrist.b.stl,0
90,44.9,152.4,128.9,160.5,166.6,37.8,27.7,wrist.b.stl,0
90,151.2,16.8,23.3,57.2,15.3,40.3,25.6,wrist.b.stl,0
90,165.9,52.3,100.4,86.8,138.2,27.5,32.0,wrist.b.stl,0
90,58.2,154,98,171.2,159.5,35.1,28.5,wrist.b.stl,0
90,131.7,45,161.5,19.7,7.3,50.0,22.9,base.stl,0
90,80.6,74.4,6.8,179.3,133,50.0,23.6,elbow.b.stl,0
90,118.6,165.9,48.9,179.3,126.7,50.0,25.5,wrist.b.stl,0
90,164.6,37.4,67,164.2,159.8,20.8,28.4,wrist.b.stl,0
90,29.5,97.8,66.1,169.1,92.1,37.6,24.1,wrist.b.stl,0
90,174.9,48.2,0.1,179.8,94.3,42.4,21.1,elbow.b.stl,0
90,1.8,53.2,47.6,136,64.6,42.9,24.9,wrist.b.stl,0
90,28.2,98.4,49.1,144,29.1,36.4,22.3,wrist.b.stl,0
90,110.3,42.7,142.9,9.7,99.5,50.0,10.6,base.stl,0
90,176.8,115.4,121.6,37.1,112.3,25.1,20.1,wrist.b.stl,0
90,144.3,26.4,163.4,177.2,50.4,30.7,28.2,wrist.b.stl,0
90,163.9,65.2,164.7,177.5,161.4,27.8,28.2,wrist.b.stl,0
90,32.6,153.8,87.3,23.3,76.6,34.2,21.8,wrist.b.stl,0
90,157.9,39.4,97.3,101.6,138.8,34.4,33.7,wrist.b.stl,0
90,132.8,160.9,4.5,147,53,50.0,17.0,elbow.b.stl,0
90,79.8,83.6,1.6,175.5,132.9,50.0,16.5,elbow.b.stl,0
90,159,55.4,169.4,120.9,134.2,31.4,29.0,wrist.b.stl,0
90,156.8,51.4,125.4,159.8,34.3,29.7,24.4,wrist.b.stl,0
90,167.5,55.3,29.7,37.9,62.1,38.8,26.8,wrist.b.stl,0
90,106.4,179.6,24.1,153,157.8,50.0,20.5,elbow.b.stl,0
90,115.3,176.8,35.9,161.6,36.2,50.0,8.5,elbow.b.stl,0
90,28.2,138.5,38.1,71.5,5.9,36.4,30.7,wrist.b.stl,0
90,166.9,30.8,1.1,49.7,92.4,33.1,21.5,wrist.b.stl,0
90,176.8,109.2,7,168.5,11.9,50.0,21.5,elbow.b.stl,0
90,52.6,172.6,135.4,144.6,156.8,36.3,26.4,wrist.b.stl,0
90,5.2,138,176.4,21.4,58.3,33.3,19.2,elbow.b.stl,0
90,37.2,103.7,29.4,179.9,12.6,47.9,24.9,wrist.b.stl,0
90,143.3,17.7,99.4,122.7,102.4,31.0,22.5,wrist.b.stl,0
90,88.3,162.9,34.5,165.2,102.8,50.0,17.2,elbow.b.stl,0
90,127,47.4,176.3,17.9,101.5,50.0,8.4,elbow.b.stl,0
90,45.9,129.3,82.7,171.3,161.4,37.8,28.5,wrist.b.stl,0
90,161.8,113.8,14.8,179.6,104.3,50.0,23.9,wrist.b.stl,0
90,157.2,59.1,154.8,58.7,58.2,41.0,29.6,wrist.b.stl,0
90,175.1,65.5,66.5,67.7,179.2,25.8,30.8,wrist.b.stl,0
90,17.9,34,149.1,0.6,113.6,50.0,21.8,elbow.b.stl,0
90,43.9,91,0.5,166.7,135.6,50.0,14.5,elbow.b.stl,0
90,39.7,162,58.6,10.7,99.3,26.7,23.7,wrist.b.stl,0
90,147.2,167.8,41.5,169.2,60.1,50.0,17.5,elbow.b.stl,0
90,23.3,82.6,54.3,174.8,49.2,36.0,29.2,wrist.b.stl,0
90,43.6,154.9,127.3,146,15.3,33.5,22.1,wrist.b.stl,0
90,162.9,23.1,33.5,70.8,106.9,16.8,27.1,wrist.b.stl,0
90,40.4,147.5,118.5,142.4,133.3,36.4,23.8,wrist.b.stl,0
90,92.6,13.7,128.3,15.3,95.1,50.0,15.5,base.stl,0
90,167.5,70.6,77,53.7,99.3,31.5,21.9,wrist.b.stl,0
90,166.4,21,27,108.6,168.1,37.1,32.2,wrist.b.stl,0
90,174.7,87.7,157.6,153.1,77.4,22.7,24.1,wrist.b.stl,0
90,151.5,33.2,22.8,19.7,134.2,34.1,26.6,wrist.b.stl,0
90,155.8,47.3,150.9,89.3,111.8,31.1,30.1,wrist.b.stl,0
90,128.7,3.5,146.8,56.1,19.9,45.6,8.8,base.stl,0
90,24.9,137.2,20.7,83.1,171.7,17.1,33.8,wrist.b.stl,0
90,46.4,175.1,36.9,104.1,68.3,35.4,28.2,wrist.b.stl,0
90,163,21.3,6.6,67.9,45.2,47.4,28.1,wrist.b.stl,0
90,156.6,52.1,143.2,110.9,68.2,36.3,26.0,wrist.b.stl,0
90,20.7,163.5,136.8,85.7,27.6,43.8,31.2,wrist.b.stl,0
90,167.6,42,64.8,123.4,93.7,25.4,22.2,wrist.b.stl,0
90,77.8,46.9,165.9,10,20.1,50.0,8.6,elbow.b.stl,0
90,151.3,70,146.2,32.7,90.8,29.9,20.6,wrist.b.stl,0
90,151.2,35.4,158.1,93.8,123.6,25.2,30.9,wrist.b.stl,0
90,57.5,140.2,27.5,178.1,158.6,50.0,21.3,elbow.b.stl,0
90,171.8,81.5,175.7,71.5,102,29.2,27.3,wrist.b.stl,0
90,160.5,76.1,138.2,52.6,80.7,29.3,25.1,wrist.b.stl,0
90,10.7,138.8,175.2,129.1,49.7,49.5,27.7,wrist.b.stl,0
90,31.5,93.3,6.4,171.2,124.4,50.0,24.6,wrist.b.stl,0
90,61.5,95.5,3.2,172.5,157.4,50.0,13.6,elbow.b.stl,0
90,150.6,26.3,64.6,65.5,20.8,32.6,27.3,wrist.b.stl,0
90,121.3,176.9,38.3,167.7,167,50.0,5.9,elbow.b.stl,0
90,23.5,153.2,108.2,81.3,57.9,40.1,34.5,wrist.b.stl,0
90,46.4,143.4,30.2,166.6,58.4,50.0,9.1,base.stl,0
90,79.5,64,4.4,173.9,161.5,50.0,13.4,elbow.b.stl,0
90,63.2,163.4,14.6,154,140.7,50.0,17.1,elbow.b.stl,0
90,154.4,95.9,2.1,162.7,143.9,50.0,15.8,elbow.b.stl,0
90,166,46.1,79.4,78.6,127.8,20.2,29.2,wrist.b.stl,0
90,10.1,103.5,58.3,21.5,17.3,37.7,23.7,wrist.b.stl,0
90,174.2,149.6,177.7,18.7,0.9,40.3,24.0,wrist.b.stl,0
90,12.9,92.2,85.1,129,56.4,46.4,26.6,wrist.b.stl,0
90,170.7,77.2,172.5,93.2,85.5,26.9,29.9,wrist.b.stl,0
90,144.3,6.3,68.6,125.2,35.8,30.4,27.8,wrist.b.stl,0
90,112.4,64.2,176.3,7.2,63.8,50.0,5.4,elbow.b.stl,0
90,128.8,8.8,155.5,51.8,47.7,50.0,9.1,base.stl,0
90,137.7,48.3,134.7,31.2,91.4,33.5,17.6,base.stl,0
90,1.3,47.9,5.9,137.9,36.6,32.2,25.4,wrist.b.stl,0
90,26.6,134.1,40.6,61.3,23.8,35.4,25.7,wrist.b.stl,0
90,60.6,147,14,161.8,149,50.0,12.4,elbow.b.stl,0
90,27.3,136.8,57,17.6,129.3,29.2,25.6,wrist.b.stl,0
90,170.6,53.9,75.5,157.7,79.3,27.0,24.3,wrist.b.stl,0
90,110.8,27.6,143.6,16.9,172.4,50.0,15.3,base.stl,0
90,18.2,169,171,36.1,40.8,41.2,26.2,wrist.b.stl,0
90,151.1,70.2,157.1,27.1,66.8,45.1,17.4,base.stl,0
90,39,160.4,48.8,6.6,84.8,27.7,23.9,wrist.b.stl,0
90,146.8,27,102,165.2,129.9,30.7,24.2,wrist.b.stl,0
90,117.8,11,56.2,2,159.9,42.1,28.3,wrist.b.stl,0
90,23.4,152.5,103.1,80.5,23.8,34.0,30.4,wrist.b.stl,0
90,3.5,120.5,174.1,5,2.4,50.0,16.4,elbow.b.stl,0
90,144.7,29.7,144.9,161.7,86.9,34.6,23.7,wrist.b.stl,0
90,167.2,16.6,17.7,121,102.8,30.1,23.1,wrist.b.stl,0
90,80.8,56.1,173.6,11.7,23.5,50.0,8.1,elbow.b.stl,0
90,51.2,150.6,101.1,150.7,95.7,36.5,21.2,wrist.b.stl,0
90,130.2,33.7,87.1,24.2,166.7,26.7,26.8,wrist.b.stl,0
90,3,87.9,128,173.7,144.2,40.7,28.2,wrist.b.stl,0
90,164.4,61.9,117.8,166.5,61.9,28.2,27.8,wrist.b.stl,0
90,132.1,51,140.5,14.8,5.8,43.9,13.0,base.stl,0
90,177.9,48.9,49.9,97.5,76.4,30.8,29.5,wrist.b.stl,0
90,151.3,54.4,61.4,15.3,22.7,26.2,24.9,wrist.b.stl,0
90,25.3,130,59.1,46.8,12.3,41.7,22.9,wrist.b.stl,0
90,4.9,69.1,83.2,179.3,21.2,24.2,25.3,wrist.b.stl,0
90,125.4,28.6,134.2,34.3,133.8,43.6,16.7,base.stl,0
90,150,3,12.1,59.9,94.5,32.0,24.5,wrist.b.stl,0
90,161,57.4,158.6,169.3,96.5,24.3,24.1,wrist.b.stl,0
90,90.9,7.1,102.9,6.1,63.9,50.0,0.1,base.stl,0
90,26.5,2.8,135.8,10.8,109.6,50.0,13.4,elbow.b.stl,0
90,50,179.6,32.7,27.3,45.5,36.1,27.4,wrist.b.stl,0
90,10.5,128.7,109.3,50.5,104.2,32.9,21.3,wrist.b.stl,0
90,12.2,101.4,104.7,129.1,68.3,43.4,22.6,wrist.b.stl,0
90,160.3,83.2,173.8,33.1,51.9,50.0,26.7,wrist.b.stl,0
90,53.1,173.7,8.5,28.7,178.6,22.6,27.0,wrist.b.stl,0
90,159.6,27.7,53.6,146.9,19.9,35.7,21.9,wrist.b.stl,0
90,15.4,64.1,33.3,157.9,136.3,38.3,23.8,wrist.b.stl,0
90,153.8,57.8,144.5,58,165.5,31.5,29.2,wrist.b.stl,0
90,9.4,135.3,125.9,50.8,178.9,31.9,26.4,wrist.b.stl,0
90,178,122.3,115.7,30.2,42.5,37.0,26.5,wrist.b.stl,0
90,38.5,157.6,70.8,31.9,7.1,36.0,21.8,wrist.b.stl,0
90,80.9,119.4,9.4,169,35,50.0,19.3,elbow.b.stl,0
90,129.1,168.1,27.8,165.6,175.4,50.0,13.8,elbow.b.stl,0
90,164.6,45,53.5,65.5,33,30.5,26.6,wrist.b.stl,0
90,160.3,175.3,50.5,177.4,122.4,50.0,16.9,elbow.b.stl,0
90,179.9,49.6,2.7,165.6,144.7,25.5,9.9,elbow.b.stl,0
90,139.2,16.6,155.9,149,36.4,29.5,23.4,wrist.b.stl,0
90,28.7,108.9,17,165.1,24.4,46.5,24.7,wrist.b.stl,0
90,175,91,167.4,70.6,25,30.1,28.3,wrist.b.stl,0
90,12.3,109.5,135.7,163.8,27.4,32.3,24.6,wrist.b.stl,0
90,19.3,165.1,149.3,59.9,120.5,35.7,23.9,wrist.b.stl,0
90,176.2,93.6,104.2,63,1,50.0,30.2,wrist.b.stl,0
90,139.2,105.6,178.5,5.8,99.9,50.0,24.2,wrist.b.stl,0
90,26.6,140.4,81.5,25.3,76.5,37.2,21.5,wrist.b.stl,0
90,8,143.2,141.1,73.6,155.1,36.1,31.7,wrist.b.stl,0
90,132.6,52.1,145.1,18.3,75.4,50.0,8.8,base.stl,0
90,32.7,53.4,171.7,7.8,175.7,50.0,-1.6,elbow.b.stl,1
90,11.6,100.5,19.9,13.8,100.4,32.7,23.3,wrist.b.stl,0
90,101,144.1,30.2,176.3,9.5,50.0,25.2,wrist.b.stl,0
90,19,74,50.2,161.7,98.4,40.7,23.1,wrist.b.stl,0
90,173.4,53.2,64.6,166.5,21,29.1,24.9,wrist.b.stl,0
90,12.7,148.4,168.9,1.3,58.7,45.7,28.0,wrist.b.stl,0
90,156.4,44.2,87.8,65.8,92.1,22.2,26.6,wrist.b.stl,0
90,14.9,62.8,24.3,162.9,167.4,27.7,27.9,wrist.b.stl,0
90,170.8,96.3,81.2,20.7,29.2,39.7,25.4,wrist.b.stl,0
90,175,150.8,174.1,18.5,73.6,39.5,22.9,wrist.b.stl,0
90,43.2,171.5,85.5,104.5,142.7,42.0,32.7,wrist.b.stl,0
90,42.4,6.6,165,33.6,113.7,50.0,18.8,elbow.b.stl,0
90,1,87.7,35.4,83.4,58.3,35.7,34.3,wrist.b.stl,0
90,32,167.7,106.2,77.4,97.2,34.8,28.9,wrist.b.stl,0
90,136.5,16.2,154.2,178.4,155.9,44.9,28.2,wrist.b.stl,0
90,6.3,90.3,27.9,6.7,97.3,32.8,24.1,wrist.b.stl,0
90,4.5,126.2,172.2,11.3,25.8,49.1,17.8,elbow.b.stl,0
90,73.7,143.8,31.7,175.6,54.7,50.0,27.7,wrist.b.stl,0
90,137.3,134.9,20.9,171.5,68.5,50.0,20.5,elbow.b.stl,0
90,53.7,136.6,2.1,154.2,109.6,50.0,5.6,elbow.b.stl,0
90,175.4,110.4,100.3,14.9,163.6,20.9,27.7,wrist.b.stl,0
90,16.7,170.6,174.4,98,95.9,35.3,29.4,wrist.b.stl,0
90,172.9,45,35.7,74.4,123.7,38.0,28.1,wrist.b.stl,0
90,170.1,20.7,15.2,123.6,40,25.2,28.4,wrist.b.stl,0
90,27.4,141.5,50.4,82.8,103,32.9,29.8,wrist.b.stl,0
90,14.9,113.1,27.8,60.9,105.2,28.9,23.9,wrist.b.stl,0
90,149.4,34.6,170.8,114.5,54.7,23.4,27.0,wrist.b.stl,0
90,30.2,145.8,54.3,81.3,78.5,36.0,30.8,wrist.b.stl,0
90,173.6,73.7,109.6,146.9,66.6,25.2,26.0,wrist.b.stl,0
90,55.9,166.2,121.9,164,57.6,21.5,29.1,wrist.b.stl,0
90,0.2,84,0.7,68,157.6,28.6,31.2,wrist.b.stl,0
90,146.5,4.1,65.8,115.5,111.5,23.2,26.1,wrist.b.stl,0
90,71.6,176.7,85.5,143.6,14,30.2,21.9,wrist.b.stl,0
90,33.2,139.4,138.8,163,139.1,41.7,25.2,wrist.b.stl,0
90,47,175.6,29,6.9,112.2,32.3,23.9,wrist.b.stl,0
90,23.9,155,115,57.7,154.6,32.8,29.5,wrist.b.stl,0
90,29.7,159.5,103.1,58.7,120.4,31.9,23.5,wrist.b.stl,0
90,156.4,48.4,167.6,176.4,77.2,30.5,24.5,wrist.b.stl,0
90,138.4,15.5,153.6,151.3,45.2,34.7,25.6,wrist.b.stl,0
90,33.2,100.5,61.5,180,103.7,39.3,23.9,wrist.b.stl,0
90,5.5,131.6,166.5,126.3,165.1,33.8,27.2,wrist.b.stl,0
90,38.8,102.5,10.6,177.8,74.9,50.0,24.5,wrist.b.stl,0
90,20.7,123.4,6.4,135.6,28.3,33.5,23.6,wrist.b.stl,0
90,170.4,85.8,60.8,6,67.1,36.0,25.6,wrist.b.stl,0
90,46.9,98.8,11.5,179.8,106,50.0,23.9,wrist.b.stl,0
90,15.5,135.7,107.6,38.9,178.2,32.1,26.0,wrist.b.stl,0
90,145.5,175.6,33.9,164.9,176.9,50.0,16.1,elbow.b.stl,0
90,170.2,107.2,110.5,15.8,172.4,21.5,28.1,wrist.b.stl,0
90,137.6,10.5,90.4,73.2,143.1,32.4,29.0,wrist.b.stl,0
90,51.9,168.8,39.7,136.6,24,43.5,22.4,wrist.b.stl,0
90,7.1,90.2,19,29.1,21.5,34.6,23.1,wrist.b.stl,0
90,122.3,13.5,130.2,40.2,47.3,46.9,11.5,base.stl,0
90,28.6,53.7,10.2,178.5,160,50.0,15.5,elbow.b.stl,0
90,1.6,88.4,51.9,106.1,161.3,32.5,32.1,wrist.b.stl,0
90,144.3,0.3,68.1,86.1,74.4,36.2,31.2,wrist.b.stl,0
90,128.3,147.6,16.5,161.7,159.6,50.0,19.8,elbow.b.stl,0
90,164.6,12.6,21.4,131.8,60.2,22.4,25.7,wrist.b.stl,0
90,159.9,112.1,8,170.6,104.1,50.0,10.5,elbow.b.stl,0
90,118.5,136.1,9.3,161.3,24.9,50.0,20.0,elbow.b.stl,0
90,16.3,144.3,122.8,45.8,1.9,34.1,25.2,wrist.b.stl,0
90,19,120,0.6,129.1,175.3,31.8,27.0,wrist.b.stl,0
90,163,62.7,139.3,107.9,26.9,34.0,30.6,wrist.b.stl,0
90,7,43.1,26.5,171.1,83.3,31.4,24.5,wrist.b.stl,0
90,151.7,36.5,117,79.9,36.6,37.9,30.7,wrist.b.stl,0
90,45.7,176.7,25.6,86.3,76,32.5,31.0,wrist.b.stl,0
90,24.5,167.1,136.5,93.1,8.7,49.9,31.0,wrist.b.stl,0
90,154,73.3,154.3,36.2,129.5,33.9,23.6,wrist.b.stl,0
90,89.4,43.9,150.7,2.2,50.6,50.0,28.0,wrist.b.stl,0
90,166.2,72.5,171.6,127.5,53.2,38.7,27.6,wrist.b.stl,0
90,132.1,49.8,145.8,19.8,81.6,50.0,11.4,base.stl,0
90,29.6,150.4,88.4,57.3,93.6,38.1,23.8,wrist.b.stl,0
90,106,12.2,176,30.3,71.1,50.0,6.7,elbow.b.stl,0
90,173.5,98.9,118.4,51.7,123.6,29.6,21.4,wrist.b.stl,0
90,168.4,26.6,0.3,58.6,133.3,30.8,23.5,wrist.b.stl,0
90,145.7,36.4,175.2,50.2,130,46.0,12.4,base.stl,0
90,4.4,90.7,43.4,13.3,130.1,31.9,25.7,wrist.b.stl,0
90,125.8,152.2,32.5,175.6,88.2,50.0,13.7,elbow.b.stl,0
90,166.5,139.7,7,155.7,2.3,50.0,25.6,wrist.b.stl,0
90,68.2,21.4,167.4,26.4,54.5,50.0,15.8,elbow.b.stl,0
90,75.1,46.5,160.1,4.7,101.2,50.0,23.2,elbow.b.stl,0
90,21.4,122.7,61.7,106.9,67.2,34.6,27.4,wrist.b.stl,0
90,9.9,118.9,123.9,118.3,117.7,36.5,26.5,wrist.b.stl,0
90,164.1,25.5,38.8,171.8,41.8,34.1,27.3,wrist.b.stl,0
90,30,166.8,114.5,67.6,31.3,33.0,27.3,wrist.b.stl,0
90,41.6,163,53,1.2,9,31.7,25.2,wrist.b.stl,0
90,149.1,36.5,119.1,137.6,31.4,33.4,23.9,wrist.b.stl,0
90,175.9,65,20.4,20.6,40.5,29.7,27.7,wrist.b.stl,0
90,178.8,48.9,26.7,146.9,79.3,29.8,22.7,wrist.b.stl,0
90,139.6,16.8,132.2,136.5,25,30.9,22.6,wrist.b.stl,0
90,165.6,57.7,80,67.2,164.1,28.6,31.7,wrist.b.stl,0
90,2.6,52,32.3,130.9,41.7,43.3,26.7,wrist.b.stl,0
90,34.6,118.9,17.9,167.6,144.8,50.0,27.3,wrist.b.stl,0
90,155,83.8,141.2,30.1,56.8,32.2,26.7,wrist.b.stl,0
90,0.6,54.1,65.2,158.8,20.3,28.7,23.9,wrist.b.stl,0
90,25.6,136.5,137.2,140.9,49.2,31.3,26.2,wrist.b.stl,0
90,4.8,87.7,21.5,101.1,179.1,34.1,34.5,wrist.b.stl,0
90,179.8,168.5,41.6,178.8,90.6,50.0,4.2,elbow.b.stl,0
90,156,46.4,110.6,120.3,95.7,39.4,22.8,wrist.b.stl,0
90,138.6,14.9,18.8,12.8,42,41.3,27.9,wrist.b.stl,0
90,134,143.7,10.3,156.7,43.1,50.0,18.7,elbow.b.stl,0
90,151.6,55.4,127.4,60.1,6.3,39.5,28.3,wrist.b.stl,0
90,50.4,171.3,37.4,127.3,7.4,40.1,22.5,wrist.b.stl,0
90,2.2,68.9,66.3,130,76,37.3,21.1,wrist.b.stl,0
90,105.2,54.4,160.8,4.2,82.1,50.0,24.1,wrist.b.stl,0
90,149.1,21.5,69.5,68.9,135.8,21.6,26.8,wrist.b.stl,0
90,34.1,157.2,80.5,73.1,70.7,39.6,31.9,wrist.b.stl,0
90,62.2,111.1,6.6,169.2,161.3,50.0,17.2,elbow.b.stl,0
90,75.1,135.8,6.8,162,147.6,50.0,7.5,elbow.b.stl,0
90,55.9,156.1,48.3,148.8,8.2,33.6,23.6,wrist.b.stl,0
90,115.7,20.2,127.1,30.6,129.6,44.9,12.7,base.stl,0
90,72.5,143.5,2.1,150.1,68.3,50.0,14.3,elbow.b.stl,0
90,145.1,5.6,2.3,31.5,102.7,27.5,20.5,wrist.b.stl,0
90,163.8,139.1,24.2,171.6,135.8,50.0,15.9,elbow.b.stl,0
90,8.7,98.7,0.9,108.7,4.2,23.9,27.8,wrist.b.stl,0
90,145.2,111.2,10.6,177.2,46.6,50.0,28.3,elbow.b.stl,0
90,34.9,161.7,151.8,140.2,122.3,23.2,21.2,wrist.b.stl,0
90,83.2,30.1,173.2,21.8,173.4,50.0,24.5,elbow.b.stl,0
90,172.1,67,100.1,145.3,84.5,24.6,21.4,wrist.b.stl,0
90,140.1,15.1,107.4,164.8,88.3,26.2,23.9,wrist.b.stl,0
90,85.3,161.2,0.7,147.7,177.2,50.0,25.9,wrist.b.stl,0
90,176,94.7,177.5,71,65.5,36.2,33.0,wrist.b.stl,0
90,25.9,129.6,96.6,124,126.9,29.9,27.4,wrist.b.stl,0
90,32.6,162.5,98.7,64.6,27.3,34.4,26.5,wrist.b.stl,0
90,5.3,101.3,70,96.3,57.5,40.6,31.7,wrist.b.stl,0
90,174.8,36.4,21.7,123.1,1.3,27.0,23.4,wrist.b.stl,0
90,163.4,54.2,28.5,6.2,101,26.8,24.1,wrist.b.stl,0
90,160.9,57.3,165.3,104.8,100.7,28.7,27.8,wrist.b.stl,0
90,27.5,140.5,14.1,116.1,34.7,29.8,30.8,wrist.b.stl,0
90,119.6,154.6,37.9,173.2,123.4,50.0,22.3,elbow.b.stl,0
90,143.3,56.4,156.2,32.5,151.1,50.0,17.2,base.stl,0
90,104,9.5,124.7,22.9,17.3,50.0,23.5,wrist.b.stl,0
90,116.1,174.9,16.8,149.5,125.7,50.0,17.0,elbow.b.stl,0
90,45.9,175.7,78.7,0.7,114.1,30.8,23.7,wrist.b.stl,0
90,146.3,21.3,86.9,143.2,5.8,34.1,23.0,wrist.b.stl,0
90,144.9,106.8,177.6,3.9,5.4,50.0,12.0,elbow.b.stl,0
90,139.4,116.1,13.9,173.5,95.3,50.0,24.3,wrist.b.stl,0
90,22.5,66.6,178.7,10.5,167.3,50.0,7.1,elbow.b.stl,0
90,178.2,56.4,70.4,91.2,98.5,25.7,30.4,wrist.b.stl,0
90,21.1,168.1,150.2,40.7,120.3,31.8,20.7,wrist.b.stl,0
90,17.2,113.3,47.4,2.5,126.8,37.8,24.4,wrist.b.stl,0
90,154,25.8,71.4,163.3,38.2,32.0,25.4,wrist.b.stl,0
90,159.9,72.4,67.8,18.2,71.5,37.8,23.1,wrist.b.stl,0
90,1.4,16.3,167.9,25.5,53.9,50.0,14.1,elbow.b.stl,0
90,175.7,40.3,5.7,98.5,72.7,27.6,29.4,wrist.b.stl,0
90,149.5,60,75.5,16.1,76.5,31.5,23.1,wrist.b.stl,0
90,138.2,28.5,43.4,8.3,158.2,31.3,28.2,wrist.b.stl,0
90,140.3,45,120.3,45.8,11.6,35.2,22.8,wrist.b.stl,0
90,159.6,61.6,93.5,57.7,122.1,32.0,23.1,wrist.b.stl,0
90,35.7,134.1,34.5,147.5,130.5,31.8,22.2,wrist.b.stl,0
90,118.2,0.6,83.8,45,79.9,22.6,22.8,wrist.b.stl,0
90,35.9,67.8,1.7,173.7,114.1,50.0,21.2,elbow.b.stl,0
90,144.3,157.1,17.8,158,158.9,50.0,20.9,elbow.b.stl,0
90,46.5,144.5,64.4,144.4,136.5,21.9,24.5,wrist.b.stl,0
90,32.1,115.1,97.3,176,147.5,37.9,29.0,wrist.b.stl,0
90,167.8,75.6,154.6,73.6,13.2,29.6,30.0,wrist.b.stl,0
90,38.4,166.3,44.7,82.5,149,24.4,33.0,wrist.b.stl,0
90,17.9,140.1,109.7,48.6,62.4,36.0,27.0,wrist.b.stl,0
90,121.2,18.2,137.7,33.7,141.5,50.0,9.7,base.stl,0
90,35.9,107.2,9.4,168.7,130.3,50.0,24.8,wrist.b.stl,0
90,9.9,120.2,135,115.1,62.1,50.0,25.2,wrist.b.stl,0
90,5.2,66.7,8.3,136.8,24.9,28.3,22.5,wrist.b.stl,0
90,94.9,161.5,6.1,146.5,114.1,50.0,18.3,elbow.b.stl,0
90,130.5,17.3,48.5,22.8,66,32.1,23.2,wrist.b.stl,0
90,136,159.3,28.7,162.8,109.8,50.0,13.9,elbow.b.stl,0
90,155.1,74.8,167.6,30.1,99.8,50.0,10.8,base.stl,0
90,2.1,129.6,161.8,64.4,29.2,34.3,26.3,wrist.b.stl,0
90,17,126.1,79.8,35.6,163.8,30.6,25.3,wrist.b.stl,0
90,6.7,136.6,135.4,78.6,141,43.2,30.4,wrist.b.stl,0
90,32.1,172.2,123.2,9.6,163.8,31.9,28.0,wrist.b.stl,0
90,138.3,11.6,96.2,68.8,82,25.8,29.0,wrist.b.stl,0
90,19.7,107.6,76.8,124.5,50.8,32.6,28.1,wrist.b.stl,0
90,43,25.8,174.3,27.5,134.1,50.0,16.7,elbow.b.stl,0
90,11.3,108.5,63.6,51.3,37.5,39.5,23.6,wrist.b.stl,0
90,16.2,70.9,33.9,151.2,177.9,32.0,26.4,wrist.b.stl,0
90,170.2,118.6,130.3,16.3,95.6,27.9,23.1,wrist.b.stl,0
90,7.6,129.9,128.3,38.5,32.6,40.6,23.7,wrist.b.stl,0
90,175.6,61.4,86.5,92.6,89.3,30.5,30.0,wrist.b.stl,0
90,98.6,98.6,1.9,167.3,143.2,50.0,13.5,elbow.b.stl,0
90,79.5,66.5,173.6,7.5,47.4,50.0,14.6,elbow.b.stl,0
90,51.3,165.4,69.4,129.9,165.8,20.9,26.3,wrist.b.stl,0
90,175.7,66.4,19.2,17.2,25.4,37.4,25.1,wrist.b.stl,0
90,165.8,72.2,54.8,18.6,69.7,30.9,23.2,wrist.b.stl,0
90,23.2,129.6,46.7,62.3,89.2,32.1,26.1,wrist.b.stl,0
90,135.2,11.4,158.5,58.8,85.5,41.3,17.2,base.stl,0
90,30.8,105,10.7,169.7,114.1,50.0,24.1,wrist.b.stl,0
90,22.3,83.4,46.8,158.3,140.4,32.9,24.7,wrist.b.stl,0
90,149.9,34.2,165.2,101.6,66.1,27.0,29.1,wrist.b.stl,0
90,45.7,134.8,75.6,157.1,160.4,23.5,27.8,wrist.b.stl,0
90,18.6,151.7,179.5,132.9,43.5,49.4,26.5,wrist.b.stl,0
90,145.2,49.7,177.7,36.5,137.1,50.0,12.8,base.stl,0
90,159.6,53.6,118.4,150.8,152.1,27.6,28.1,wrist.b.stl,0
90,28.3,138.3,59.8,66.6,38.7,41.8,27.1,wrist.b.stl,0
90,163.2,64.9,162,142.6,87.5,31.1,20.5,wrist.b.stl,0
90,138.4,176.2,36,160,16.4,50.0,22.4,elbow.b.stl,0
90,19.2,88.4,64.4,153.9,174.9,24.4,26.7,wrist.b.stl,0
90,93.8,15.2,133.8,16.5,5,50.0,24.1,wrist.b.stl,0
90,18.6,148.9,123.7,50.7,29,34.6,22.5,wrist.b.stl,0
90,14,22.5,143.2,3.7,145.2,50.0,11.9,elbow.b.stl,0
90,32,172,121.8,18.5,20.8,28.0,24.4,wrist.b.stl,0
90,10.2,100.2,5.1,93.1,37.3,33.5,32.9,wrist.b.stl,0
90,32,118.9,35.5,155.2,83.9,26.0,23.2,wrist.b.stl,0
90,15.7,164,175.2,92.9,69.6,37.7,30.8,wrist.b.stl,0
90,35.2,112.1,57.7,161.3,164.9,21.3,27.9,wrist.b.stl,0
90,54.3,16.8,178.6,36,101.5,50.0,15.2,elbow.b.stl,0
90,20.2,144.7,109,47.1,34.5,32.4,23.0,wrist.b.stl,0
90,108.5,16,131.9,26,104.3,50.0,21.3,wrist.b.stl,0
90,43.7,165.9,6.7,115.7,85,40.7,24.8,wrist.b.stl,0
90,88.6,124,14.7,173.6,76.3,50.0,17.8,elbow.b.stl,0
90,102.4,32.8,167.5,13.3,166.4,50.0,5.0,elbow.b.stl,0
90,32.4,145.2,43.2,116.1,107.7,33.2,25.3,wrist.b.stl,0
90,176.1,43.7,14.9,95.2,78.1,31.3,29.8,wrist.b.stl,0
90,44.5,75.7,176.2,3.1,25.3,50.0,12.5,elbow.b.stl,0
90,150.9,47.9,160.1,58.7,113.9,46.8,21.8,base.stl,0
90,7.4,104.4,136.1,153.1,87.1,31.9,22.4,wrist.b.stl,0
90,8.1,100,107.1,130.3,151.6,35.3,26.2,wrist.b.stl,0
90,37.5,123.4,97.1,161.4,58.8,40.9,29.0,wrist.b.stl,0
90,152,178,24.1,151.8,28.7,50.0,18.7,elbow.b.stl,0
90,138.1,4.7,162,95.7,138,26.4,25.8,base.stl,0
90,173.1,49.4,54.8,137.1,90.6,31.2,20.1,wrist.b.stl,0
90,24.8,113.7,114.2,170.9,39.4,35.3,26.8,wrist.b.stl,0
90,125.8,119.5,2.4,158.5,31.1,50.0,23.9,wrist.b.stl,0
90,156,57.9,93.1,53.6,17.7,34.2,24.1,wrist.b.stl,0
90,170.5,57.8,23.6,25.4,117.5,26.1,22.7,wrist.b.stl,0
90,42,167.3,45.8,52.3,169.7,33.7,27.1,wrist.b.stl,0
90,148.4,1.6,4.6,167.2,178.6,50.0,23.9,elbow.b.stl,0
90,20.7,118.9,42.5,17,75.8,35.7,23.0,wrist.b.stl,0
90,165.9,45.1,13.5,19.3,60.5,21.8,24.7,wrist.b.stl,0
90,168.8,51.6,89.7,81.7,103.4,17.0,29.7,wrist.b.stl,0
90,47.2,9.4,130.4,1.9,95.7,50.0,23.8,wrist.b.stl,0
90,146.7,35.9,92.6,60.7,9.6,33.8,27.7,wrist.b.stl,0
90,174.4,45,54.9,83.7,18.6,32.1,30.9,wrist.b.stl,0
90,37.9,145.9,139.6,164.2,80,42.2,24.7,wrist.b.stl,0
90,21.4,143.2,101.1,25.6,170.8,29.1,27.0,wrist.b.stl,0
90,136.5,9.4,173.7,57.2,86.6,32.7,20.1,base.stl,0
90,26.6,127.1,135.4,168.1,78,42.2,25.0,wrist.b.stl,0
90,16.6,117.1,40.7,98.1,172.9,32.6,34.1,wrist.b.stl,0
90,148.3,33.3,143.7,153,19.8,28.1,23.0,wrist.b.stl,0
90,31.3,153.7,92.9,41.5,128.7,37.1,22.4,wrist.b.stl,0
90,21.6,125.1,35.6,61.7,41.3,32.9,25.8,wrist.b.stl,0
90,76.9,134.4,21.1,176.1,1.4,50.0,18.1,elbow.b.stl,0
90,109,53.6,167.8,5.1,136.8,50.0,4.7,elbow.b.stl,0
90,106.8,4.8,153.2,30.4,109.7,50.0,20.9,wrist.b.stl,0
90,159.1,159,16.8,159.2,154.7,50.0,14.5,elbow.b.stl,0
90,15.1,103.2,33.7,109.6,21.6,33.0,29.4,wrist.b.stl,0
90,144.5,21.4,133.6,98,142,30.2,34.2,wrist.b.stl,0
90,146.2,25.2,171.4,97,146,29.3,29.0,base.stl,0
90,39.1,132.7,105.3,165.8,167.6,30.6,28.1,wrist.b.stl,0
90,24.4,80.7,30.8,169.6,115.7,34.8,24.1,wrist.b.stl,0
90,140.9,10.1,176.5,81.6,138.7,32.9,25.3,base.stl,0
90,166.9,26,26.2,149.8,53.8,37.2,27.3,wrist.b.stl,0
90,144.2,21.5,92.9,136.2,48.9,38.7,26.2,wrist.b.stl,0
90,170.6,27,35.1,92,111.9,31.5,30.1,wrist.b.stl,0
90,161.1,57.7,122.2,111.4,49.5,39.4,29.0,wrist.b.stl,0
90,62.8,55.3,172.4,9.5,135.2,50.0,18.8,elbow.b.stl,0
90,17.8,141.5,176.3,167.3,170.5,39.0,28.2,wrist.b.stl,0
90,168.8,16.6,4.8,124.9,107.5,24.7,22.4,wrist.b.stl,0
90,142.1,56.1,166.3,26.5,47.2,50.0,27.9,wrist.b.stl,0
90,16.8,115.1,14.4,128.4,82.4,30.6,21.0,wrist.b.stl,0
90,5.5,40.5,11.8,155.1,75.7,33.7,24.7,wrist.b.stl,0
90,145.9,23.4,15.8,14.7,141.9,39.2,28.4,wrist.b.stl,0
90,149.8,115,11.2,174.6,55.9,50.0,27.0,elbow.b.stl,0
90,69.8,129.8,9.3,162.5,108.9,50.0,12.0,elbow.b.stl,0
90,140.1,12.1,110.7,115.2,35.8,27.4,31.3,wrist.b.stl,0
90,62.1,176.4,92.2,130.7,107.7,36.9,20.8,wrist.b.stl,0
90,70.5,162.6,54.4,173.8,148,38.3,29.2,wrist.b.stl,0
90,15.5,25.6,169.9,24.5,117.6,50.0,12.8,elbow.b.stl,0
90,154.5,66.7,173.6,39.9,51.5,50.0,15.9,base.stl,0
90,168.2,66.2,104.9,74.8,80.4,35.5,30.1,wrist.b.stl,0
90,150.1,5.7,54.6,84.8,124.4,30.4,30.2,wrist.b.stl,0
90,170.8,34.3,2.3,149.4,3.9,36.7,24.5,wrist.b.stl,0
90,157.9,16.5,5,59.5,23,46.2,25.3,wrist.b.stl,0
90,71.1,4.3,136.8,17.4,133,50.0,26.3,elbow.b.stl,0
90,167.4,47.9,73.7,120.5,168.3,32.7,29.1,wrist.b.stl,0
90,141.4,50.8,98.1,31.1,44.5,27.4,26.4,wrist.b.stl,0
90,48.8,179.9,14.7,67.8,3.5,21.8,30.6,wrist.b.stl,0
90,151.9,54.8,62.1,16.3,12.8,23.7,24.1,wrist.b.stl,0
90,171.4,82.5,175.1,155.4,79.1,32.5,24.1,wrist.b.stl,0
90,104.8,176.6,16.7,154.1,168.6,50.0,18.0,elbow.b.stl,0
90,145.7,53.9,166.8,30.7,32.8,50.0,13.5,base.stl,0
90,172.8,82.1,152.8,178.8,179.1,20.3,29.1,wrist.b.stl,0
90,158.4,81.1,86.6,16.9,77.8,40.4,22.9,wrist.b.stl,0
90,93.7,155.3,33.7,167.2,90.2,50.0,14.5,elbow.b.stl,0
90,179.7,54,9.9,152.6,11.6,32.9,23.7,wrist.b.stl,0
90,21.9,143.5,103.5,33.4,160.2,34.3,25.5,wrist.b.stl,0
90,0.1,79.2,36.2,23.9,118.3,35.7,23.0,wrist.b.stl,0
90,151.3,11.5,52.7,156.9,36.8,31.5,24.2,wrist.b.stl,0
90,46.1,171.2,34.4,123,39,41.5,28.5,wrist.b.stl,0
90,56.4,179.3,55.3,125.6,43.8,34.5,28.0,wrist.b.stl,0
90,46.4,174,27.6,25.3,125.4,31.7,24.2,wrist.b.stl,0
90,136,18.5,176.8,44.8,36.3,45.1,21.7,base.stl,0
90,25.6,133.4,19.8,128.1,179.6,26.7,27.6,wrist.b.stl,0
90,12,110.1,47.2,87.6,11.1,38.5,31.2,wrist.b.stl,0
90,172.7,38.9,32,146.5,67.7,36.0,25.6,wrist.b.stl,0
90,175.6,74.7,106.1,111.1,63.1,33.8,26.3,wrist.b.stl,0
90,169.2,65.2,133.3,91.2,169.8,20.1,34.2,wrist.b.stl,0
90,24.7,151.9,157.2,122.8,3.3,50.0,23.5,wrist.b.stl,0
90,122.6,175.9,45,170.8,15.1,50.0,12.8,elbow.b.stl,0
90,136.2,17.2,82.9,60.7,101.6,31.7,24.0,wrist.b.stl,0
90,173.9,113.8,150.7,41.4,177.4,20.8,25.8,wrist.b.stl,0
90,150.8,83.9,177.2,21.2,121.2,50.0,22.4,base.stl,0
90,163.1,57.9,142,100.8,123.1,24.9,30.7,wrist.b.stl,0
90,154.1,47.8,176.9,146,38.7,21.8,24.2,wrist.b.stl,0
90,104.7,1.5,74.6,4.5,5.1,37.3,25.4,wrist.b.stl,0
90,25.3,134.3,70,18.9,30.5,36.1,25.7,wrist.b.stl,0
90,25.2,135.3,140.7,147.5,74.9,29.9,23.8,wrist.b.stl,0
90,164,11.8,7.8,172.6,127.3,35.1,25.0,wrist.b.stl,0
90,139.6,82.5,147.4,4.4,142.2,50.0,7.6,base.stl,0
90,5.3,135.7,149.5,65.5,40.9,38.3,26.9,wrist.b.stl,0
90,10.2,97,11.3,124.4,38.2,26.9,28.0,wrist.b.stl,0
90,40.7,157.9,23.1,2.2,47.9,46.7,27.5,wrist.b.stl,0
90,168.7,61.5,107.4,170.5,81.7,17.2,24.6,wrist.b.stl,0
90,103.7,7.9,148.3,24.9,150.7,50.0,19.6,base.stl,0
90,20.9,122.9,58.7,101.7,21.4,35.9,30.7,wrist.b.stl,0
90,2.7,119.8,116.5,30,83.2,27.9,20.6,wrist.b.stl,0
90,149,28.6,174.2,88.3,146.8,30.3,27.9,base.stl,0
90,165.9,80.5,173.8,53.3,3.9,35.5,27.0,wrist.b.stl,0
90,170,57.1,16.1,9.4,50.7,35.3,28.9,wrist.b.stl,0
90,138.3,12.8,124.9,110.4,3.7,33.6,27.3,wrist.b.stl,0
90,10.9,89.6,16.8,129.7,8.8,23.8,22.1,wrist.b.stl,0
90,29.3,159.8,170.7,147.6,106.6,28.9,21.5,wrist.b.stl,0
90,157.1,31.4,7.8,10.7,45.7,28.3,28.5,wrist.b.stl,0
90,176.1,49.4,54.6,154.6,139.4,15.3,24.2,wrist.b.stl,0
90,155.9,29.2,65.1,69.6,105.5,20.9,26.7,wrist.b.stl,0
90,29.1,106.6,57.9,143.5,79,32.6,22.2,wrist.b.stl,0
90,164.7,56.7,36,29.1,34.3,30.2,25.5,wrist.b.stl,0
90,93.2,17.5,132,10.4,9.8,50.0,17.1,base.stl,0
90,82,168.5,52,178.5,116.5,50.0,22.9,base.stl,0
90,16.1,139.9,111,71.2,131.4,39.7,27.3,wrist.b.stl,0
90,10.5,3.6,135.3,9.3,52,50.0,12.5,elbow.b.stl,0
90,6.7,138.1,143.5,95.4,137,40.4,33.1,wrist.b.stl,0
90,10.8,121.7,84.7,66.6,141.1,28.9,26.6,wrist.b.stl,0
90,44.7,154.1,126.4,149.7,142.6,37.9,25.7,wrist.b.stl,0
90,40.9,164.8,71.6,44.7,56.8,32.3,26.3,wrist.b.stl,0
90,145.8,167.4,36.1,170.2,176.4,50.0,12.0,elbow.b.stl,0
90,135.6,17.5,75.3,54.3,115.9,27.3,22.6,wrist.b.stl,0
90,34.9,136.7,125.8,154,110.2,40.2,22.3,wrist.b.stl,0
90,161.5,95.2,131.9,28.8,167.4,21.1,26.3,wrist.b.stl,0
90,19.5,160.3,178,112.2,12.8,50.0,27.5,wrist.b.stl,0
90,159.5,22.6,55.2,114.5,52.2,27.7,27.7,wrist.b.stl,0
90,31.6,160.4,166.9,148.9,103.5,28.2,21.1,wrist.b.stl,0
90,173,29.7,9.3,128.7,18.5,24.4,23.4,wrist.b.stl,0
90,154.5,44.7,138.1,94.5,30.6,36.1,32.1,wrist.b.stl,0
90,56.8,153,98.4,174.8,100.1,32.6,24.5,wrist.b.stl,0
90,59.4,149.9,2.1,146.3,105.7,50.0,19.4,elbow.b.stl,0
90,128.8,19.4,108.5,42.6,0.9,20.8,24.5,wrist.b.stl,0
90,29.3,150.7,87.8,9.3,47.8,29.6,28.8,wrist.b.stl,0
90,2.6,90.1,112.4,138.6,131.4,32.8,24.3,wrist.b.stl,0
90,150,23.6,48.4,58,120.7,23.6,23.3,wrist.b.stl,0
90,25.6,148.3,97.7,57.6,125.4,36.6,22.8,wrist.b.stl,0
90,131.6,164.3,24.1,156.3,128,50.0,15.0,elbow.b.stl,0
90,166,22,36.9,126.2,64.4,17.4,23.5,wrist.b.stl,0
90,135.3,3.8,87.5,145.4,171.1,34.9,25.6,wrist.b.stl,0
90,95.6,9.9,152,20.2,156,50.0,21.0,elbow.b.stl,0
90,133.4,0.1,145,97.6,120.7,28.1,28.0,base.stl,0
90,66.3,58.9,161.8,0.4,131.3,50.0,24.5,wrist.b.stl,0
90,1.6,80.8,76.4,115.2,40.1,44.6,31.8,wrist.b.stl,0
90,123.7,43.8,122.8,9.2,38.3,46.5,5.0,base.stl,0
90,10.1,114.5,85.5,9.2,4.7,41.0,25.0,wrist.b.stl,0
90,129.1,127.6,10,159.9,66.5,50.0,25.3,elbow.b.stl,0
90,170,84.6,69.4,35.3,37.8,43.9,25.6,wrist.b.stl,0
90,164.3,41.4,72.9,169.5,105.5,26.9,24.4,wrist.b.stl,0
90,33.3,27,151.9,9.9,11.1,50.0,10.8,elbow.b.stl,0
90,46.6,171.4,134.5,133.4,139.9,31.6,26.8,wrist.b.stl,0
90,2.8,130.6,150.2,90.6,53.4,36.4,34.0,wrist.b.stl,0
90,154.7,39.3,111.6,112.3,81.1,29.1,25.8,wrist.b.stl,0
90,166.9,13,4.6,155,132.1,27.4,22.7,wrist.b.stl,0
90,171.1,64.3,22,5.7,14.6,42.9,24.9,wrist.b.stl,0
90,165.5,68.7,123.7,136.3,85,38.1,20.2,wrist.b.stl,0
90,179.8,47.3,20.2,137.1,131.2,23.5,24.7,wrist.b.stl,0
90,8.6,123.9,97.8,79.8,161.2,36.8,33.9,wrist.b.stl,0
90,109.1,2.3,172.9,37.3,91.4,50.0,12.0,elbow.b.stl,0
90,162,47.8,90.8,156.3,118.9,29.7,22.2,wrist.b.stl,0
90,27.3,149.7,98.3,24.4,4.4,34.9,22.9,wrist.b.stl,0
90,62.5,101,4.7,173.3,78.6,50.0,22.4,elbow.b.stl,0
90,136.3,4.5,77.6,73.8,162.2,35.9,33.2,wrist.b.stl,0
90,59.3,163.3,103.4,145.5,82.4,40.8,21.8,wrist.b.stl,0
90,122.9,0.9,92.2,59.1,113.9,34.0,23.7,wrist.b.stl,0
90,152.3,45.4,147.4,115.1,57.8,39.6,26.1,wrist.b.stl,0
90,104.5,121.6,12.8,176.5,16.2,50.0,17.0,elbow.b.stl,0
90,169,61.9,99.4,120.9,92.7,32.4,22.8,wrist.b.stl,0
90,10.2,57.3,4.9,157.8,179.5,30.8,27.4,wrist.b.stl,0
90,42.6,169.3,0.2,94.2,9.9,45.5,30.8,wrist.b.stl,0
90,171,61.2,22.3,19.3,48.7,38.0,28.6,wrist.b.stl,0
90,16.8,130.4,82.1,83.6,81.1,40.6,30.5,wrist.b.stl,0
90,173.7,75.4,55.9,50,10.7,44.4,24.3,wrist.b.stl,0
90,51.8,161.2,45,149.9,170.9,33.9,26.2,wrist.b.stl,0
90,178.7,131.8,142.5,31.4,57.8,26.6,26.6,wrist.b.stl,0
90,153.1,38.4,112.3,108.2,80.3,35.4,26.9,wrist.b.stl,0
90,53.7,153.3,114,168.3,114.8,42.4,24.0,wrist.b.stl,0
90,136.7,7.6,174.6,112.9,18.6,9.9,17.2,base.stl,0
90,137.7,11.2,15.7,6.9,100.5,33.3,24.1,wrist.b.stl,0
90,13.8,140.8,154.4,121.8,137.6,31.3,28.7,wrist.b.stl,0
90,156.7,13.3,43.9,110.6,27.9,34.8,30.4,wrist.b.stl,0
90,19,167.1,154.8,71.1,23,43.9,28.6,wrist.b.stl,0
90,51.3,26.3,164.7,21.2,3.8,50.0,23.4,wrist.b.stl,0
90,167.8,72.3,151.1,80.5,141.7,24.3,31.1,wrist.b.stl,0
90,141.9,22.8,158.6,63.7,128.7,40.9,11.8,base.stl,0
90,173.9,55.4,20.3,43.7,115.8,29.0,20.2,wrist.b.stl,0
90,144.6,19.7,166.5,72.7,74.6,25.7,21.8,base.stl,0
90,118.9,8.4,60.6,23.6,158,32.9,26.7,wrist.b.stl,0
90,132.6,5.2,130.2,75.2,149,30.9,21.1,base.stl,0
90,34.7,161.4,100.3,19.5,99.4,39.0,22.4,wrist.b.stl,0
90,175.6,80.4,2.5,167.9,134.2,50.0,19.9,elbow.b.stl,0
90,10.3,45.3,28.2,154.5,48.8,50.0,26.5,wrist.b.stl,0
90,133.7,1.6,38,51.5,112.9,34.3,22.1,wrist.b.stl,0
90,177.3,47.5,42.3,170.9,50.9,24.5,29.1,wrist.b.stl,0
90,44.9,137.8,5.8,158.5,126.5,50.0,6.1,elbow.b.stl,0
90,15.7,65.4,42.5,172.5,156.7,31.7,28.6,wrist.b.stl,0
90,16.4,139.3,137.4,117.1,119.2,29.5,27.2,wrist.b.stl,0
90,131.3,1.1,145.3,79.3,144.5,37.6,23.8,base.stl,0
90,18.6,143.9,114.6,35.1,84.7,32.8,20.2,wrist.b.stl,0
90,39.1,163.5,69.9,70.4,3.1,36.1,31.1,wrist.b.stl,0
90,96.3,160.1,23.2,168.2,180,50.0,7.9,elbow.b.stl,0
90,132.4,4.2,43.8,44.6,139.5,20.3,25.3,wrist.b.stl,0
90,143.3,57.9,138.8,32.7,179,32.1,26.2,wrist.b.stl,0
90,43.2,149.2,120.7,152,158.5,34.0,27.4,wrist.b.stl,0
90,137,41.8,125.7,37.2,50,32.1,26.0,wrist.b.stl,0
90,145.3,27.3,137.3,103.6,114.1,35.9,29.2,wrist.b.stl,0
90,5.8,145.5,160.9,75.5,112.5,26.6,28.6,wrist.b.stl,0
90,24.2,130.9,110,121.3,119.2,42.6,26.0,wrist.b.stl,0
90,150.7,34.1,75.3,61.1,32.3,27.0,25.2,wrist.b.stl,0
90,19.4,127.6,74.6,39,152.1,32.7,25.9,wrist.b.stl,0
90,176.8,103.3,8.3,173.1,58.9,50.0,27.5,wrist.b.stl,0
90,16.4,116.3,140.8,179.9,101.4,33.7,23.9,wrist.b.stl,0
90,28.4,82,15.9,178.8,54.6,50.0,26.9,wrist.b.stl,0
90,141.6,16.6,166.3,113.9,14.8,8.0,27.3,wrist.b.stl,0
90,55.7,165.8,113.4,144.1,91.9,33.9,20.3,wrist.b.stl,0
90,99.2,10.4,98.9,2.5,167.2,50.0,-4.3,base.stl,1
90,5.2,139.5,173.8,34.3,115.7,31.1,20.9,wrist.b.stl,0
90,23.4,97.2,45,138.1,66.5,34.9,24.6,wrist.b.stl,0
90,100.6,10.1,147.7,22.8,110.9,50.0,22.3,wrist.b.stl,0
90,20.7,123.3,31,102.3,84.6,32.7,28.6,wrist.b.stl,0
90,150.5,78.5,158.6,20.3,115.4,41.7,6.9,base.stl,0
90,169.2,141.2,162.5,9.9,143.4,46.0,28.2,wrist.b.stl,0
90,38.4,127.2,59.2,134.4,47.5,37.1,26.4,wrist.b.stl,0
90,48.9,160.2,17,146.1,74.5,50.0,23.7,wrist.b.stl,0
90,37.2,150.3,45.4,120.8,94.5,37.6,22.7,wrist.b.stl,0
90,42.4,135.6,106.4,160.5,86.1,39.8,23.6,wrist.b.stl,0
90,6.5,77,77.8,139.9,128.3,35.8,22.8,wrist.b.stl,0
90,24.8,153.8,174.4,150,147.3,38.2,27.5,wrist.b.stl,0
90,174.7,82.9,155.5,109.1,126.5,22.7,30.6,wrist.b.stl,0
90,33,77.4,11.5,177.2,117.5,50.0,24.5,wrist.b.stl,0
90,141.4,37.5,145.2,54.9,146.8,44.4,26.6,wrist.b.stl,0
90,165.8,27.4,50.6,91.7,19.2,32.8,31.1,wrist.b.stl,0
90,3.3,109.4,116.8,110,104.8,41.6,26.7,wrist.b.stl,0
90,167.4,100.8,160.7,34.7,54.4,29.3,26.7,wrist.b.stl,0
90,45.9,142.1,107.4,156.6,71.2,39.1,25.8,wrist.b.stl,0
90,33.1,151.1,139.1,140.6,121.2,25.4,20.9,wrist.b.stl,0
90,112.6,54.4,149.5,1,29.2,50.0,25.0,wrist.b.stl,0
90,13.1,123.4,121.5,115.4,154.1,44.4,29.4,wrist.b.stl,0
90,25.4,138.1,66.1,4,147.6,25.0,28.0,wrist.b.stl,0
90,40.7,136,91.5,133.4,5.9,47.4,21.9,wrist.b.stl,0
90,24.5,131.5,30.6,98.7,77.4,32.2,29.2,wrist.b.stl,0
90,168.4,72.6,169.8,164.5,67.7,26.0,26.7,wrist.b.stl,0
90,17.1,114.5,29.8,12.3,146.8,28.0,28.7,wrist.b.stl,0
90,58.7,147.5,55.9,179.9,62.1,35.7,25.4,wrist.b.stl,0
90,152,42.6,177.6,75.9,32.8,39.3,22.7,base.stl,0
90,37.4,127,102.1,155.1,4.6,43.6,25.1,wrist.b.stl,0
90,127.8,30.5,138.9,29.3,84.4,50.0,15.9,base.stl,0
90,72.6,177.4,51.3,164.4,153.7,38.1,21.8,base.stl,0
90,54.9,179,11.2,51.2,65,39.4,27.5,wrist.b.stl,0
90,135.3,144.4,15.4,163.3,151.6,50.0,15.0,elbow.b.stl,0
90,60.8,15.4,142.7,7,171.9,50.0,-2.3,elbow.b.stl,1
90,98,159.8,3.2,150.1,139.8,50.0,16.3,elbow.b.stl,0
90,178.1,159.9,12.1,146.3,69.4,50.0,20.3,elbow.b.stl,0
90,54.1,107.9,17.2,178.3,163.2,50.0,28.1,wrist.b.stl,0
90,144.3,27.2,178.2,163.1,145.5,-6.7,26.6,wrist.b.stl,1
90,173.5,129.1,155.1,30.3,55.6,34.9,27.2,wrist.b.stl,0
90,33.2,136.1,109.3,136.9,137.9,33.9,27.4,wrist.b.stl,0
90,161.6,62.6,157,115.3,10.6,36.0,26.4,wrist.b.stl,0
90,145.7,29.3,157.7,130.7,90.3,33.7,21.2,wrist.b.stl,0
90,147.9,18.8,87,82.4,163.9,32.0,33.9,wrist.b.stl,0
90,158.6,53.6,120.7,118.9,31.4,38.3,29.4,wrist.b.stl,0
90,26.3,138.3,59.3,74.9,124.9,36.5,28.2,wrist.b.stl,0
90,23.3,122.6,56.2,115.3,170.3,26.6,30.9,wrist.b.stl,0
90,138.5,153.2,10.9,153,9.6,50.0,24.0,wrist.b.stl,0
90,135.7,6.6,161.5,171.1,39,1.6,26.8,wrist.b.stl,0
90,134.6,7,119.8,139.3,61.3,29.4,26.6,wrist.b.stl,0
90,23.7,158.8,127,46.2,11.8,34.6,22.8,wrist.b.stl,0
90,33,138.9,35.9,130,132.3,33.6,27.4,wrist.b.stl,0
90,31.3,38.9,173.3,17.2,140.2,50.0,10.0,elbow.b.stl,0
90,14,75,71.2,174.7,11.5,33.9,25.3,wrist.b.stl,0
90,129.3,11.9,162.7,41.6,30.3,50.0,11.1,base.stl,0
90,171.4,58.6,91.5,177,142.9,17.1,28.3,wrist.b.stl,0
90,73.7,7.1,120.7,6,6.7,50.0,25.2,wrist.b.stl,0
90,28.7,140,59.8,7.6,111.6,30.0,23.8,wrist.b.stl,0
90,165.5,34.8,57.8,158.2,136.1,21.5,23.8,wrist.b.stl,0
90,76.3,177.2,45.9,164.5,7.4,50.0,8.0,base.stl,0
90,119.9,134.7,18.7,174.2,0.2,50.0,12.1,elbow.b.stl,0
90,156,52.9,135.5,123.4,41.5,38.1,28.5,wrist.b.stl,0
90,13.4,125.1,160,160.9,34.4,39.3,24.6,wrist.b.stl,0
90,12.9,59.4,1.7,160.7,1,36.5,13.2,elbow.b.stl,0
90,169.5,74.8,162.8,109.9,21.1,28.9,29.3,wrist.b.stl,0
90,137.9,33.7,61,23.4,0.5,32.1,23.2,wrist.b.stl,0
90,149.7,27.7,116.7,80.7,62.9,26.1,33.5,wrist.b.stl,0
90,18.9,124.3,72.8,16.9,64.2,36.9,24.3,wrist.b.stl,0
90,50.7,176.8,61.9,119.5,139.6,29.6,28.9,wrist.b.stl,0
90,167.6,35.4,50.6,139.6,6.5,23.0,22.3,wrist.b.stl,0
90,8.6,114.1,96.5,108.4,149.8,34.9,31.3,wrist.b.stl,0
90,33,121.2,87.3,147.8,157.5,32.1,26.8,wrist.b.stl,0
90,128.8,81.9,178.9,8,62.3,50.0,17.9,elbow.b.stl,0
90,136.2,0,166,87.9,135.6,32.9,28.3,base.stl,0
90,155.8,42,28.7,13.8,13.2,25.1,24.4,wrist.b.stl,0
90,59.5,60.8,177.9,6.6,175.1,50.0,-7.1,elbow.b.stl,1
90,28.4,173.3,132.6,82.6,166.3,44.6,33.9,wrist.b.stl,0
90,179.7,60.8,4.9,113.3,84.6,44.9,25.5,wrist.b.stl,0
90,176,44.1,38.6,154.9,49.4,24.4,26.7,wrist.b.stl,0
90,18.9,151.2,121,49.1,148.7,24.6,28.1,wrist.b.stl,0
90,26.9,130.8,19.9,39.1,43.9,44.5,26.1,wrist.b.stl,0
90,4.3,128.7,164.7,112.9,63.6,43.8,25.7,wrist.b.stl,0
90,12.5,106.7,27.4,96.8,158.6,35.4,33.6,wrist.b.stl,0
90,142.7,20.2,128.8,120.2,58.4,28.5,25.3,wrist.b.stl,0
90,24.1,129.2,40.8,106.1,138.3,36.0,32.6,wrist.b.stl,0
90,40.1,159,5.7,60.8,42.1,29.3,25.7,wrist.b.stl,0
90,145.1,9.8,27.1,50.1,158.2,21.3,27.1,wrist.b.stl,0
90,168.7,43,63.8,172.7,41.2,25.2,27.3,wrist.b.stl,0
90,32.3,143.4,67.1,109.8,40.2,29.1,32.4,wrist.b.stl,0
90,117.3,4.6,53.5,8.8,68.9,29.0,25.0,wrist.b.stl,0
90,117.5,50.8,166.3,11,118.8,50.0,24.2,wrist.b.stl,0
90,30.3,152.6,81.6,11.5,168,22.0,28.0,wrist.b.stl,0
90,10.4,47.8,10.7,158.2,32.4,36.3,24.0,wrist.b.stl,0
90,24.4,133.9,113.2,119.6,62.2,33.9,24.4,wrist.b.stl,0
90,139.3,11.5,119.2,179.2,63.2,19.9,25.4,wrist.b.stl,0
90,95.6,33.5,167.5,13.7,156.7,50.0,4.5,elbow.b.stl,0
90,120.1,2,72,48.1,101.4,35.5,20.8,wrist.b.stl,0
90,140,137.6,21.4,165.9,127.3,50.0,24.1,wrist.b.stl,0
90,42.4,131.6,44,146.5,13.4,29.6,22.4,wrist.b.stl,0
90,178.5,125.2,147.4,44.4,113.2,30.5,20.3,wrist.b.stl,0
90,165.1,75.1,80.4,46.6,140.7,35.3,25.4,wrist.b.stl,0
90,4,99.1,67.8,5.7,177.3,33.5,28.4,wrist.b.stl,0
90,113.9,157,13.2,151.7,108.1,50.0,10.8,elbow.b.stl,0
90,179.9,54.7,45.3,173.3,112.7,28.2,24.2,wrist.b.stl,0
90,12.5,104.4,11.3,103.7,154.9,33.0,32.4,wrist.b.stl,0
90,152.1,43.5,159.5,80.5,160.9,31.9,34.0,wrist.b.stl,0
90,143.8,28.1,148.7,178.4,113.1,36.6,24.2,wrist.b.stl,0
90,47.3,145.9,107.6,175.9,29,24.2,26.0,wrist.b.stl,0
90,1.2,59.8,11.6,132.5,78.6,29.2,20.8,wrist.b.stl,0
90,137.9,142.6,26.4,176.5,60.5,50.0,23.4,elbow.b.stl,0
90,179.5,96.9,142.1,123.5,60.4,35.2,24.6,wrist.b.stl,0
90,51.5,17.8,138.7,8.6,10,50.0,23.7,elbow.b.stl,0
90,161.6,30,55,168,146.5,34.3,27.8,wrist.b.stl,0
90,13.4,147.3,134.2,99.3,112.7,30.1,29.6,wrist.b.stl,0
90,14,62.8,20.8,155.7,109.9,36.6,22.6,wrist.b.stl,0
90,1.3,87.7,27.7,56.1,125.3,21.8,22.4,wrist.b.stl,0
90,156.8,92.8,3.9,164.2,145.4,50.0,19.3,elbow.b.stl,0
90,32.6,102,46.1,163.2,165.1,27.9,28.0,wrist.b.stl,0
90,17.4,93.1,20.1,144.4,134.4,27.8,23.7,wrist.b.stl,0
90,155.3,19.6,23.5,65.1,47.4,47.3,27.5,wrist.b.stl,0
90,47.1,179,71.9,32.5,158.7,25.2,25.6,wrist.b.stl,0
90,167.7,130.1,1.1,149.4,88.2,50.0,20.2,elbow.b.stl,0
90,90.6,7,172.2,35.6,111.3,50.0,14.5,elbow.b.stl,0
90,4,54.6,44.7,148.2,101.9,29.9,20.9,wrist.b.stl,0
90,169.9,71.1,120.7,140.8,154.7,24.9,26.1,wrist.b.stl,0
90,25.4,80.3,42.1,177.3,48.8,40.6,28.6,wrist.b.stl,0
90,4.7,54.9,60.7,154.3,48.9,42.7,26.6,wrist.b.stl,0
90,150.1,45.9,4.8,168.7,173.7,50.0,10.2,elbow.b.stl,0
90,23.2,121.8,128.2,178.3,177.8,23.1,28.9,wrist.b.stl,0
90,25.7,114.1,101.3,152.6,179.8,32.8,26.6,wrist.b.stl,0
90,178.8,48.9,8.1,157.6,36.7,28.5,24.3,wrist.b.stl,0
90,52.6,123.4,9.1,166.9,171.1,50.0,17.6,elbow.b.stl,0
90,152.2,10.7,27.8,68.5,25.6,39.9,27.7,wrist.b.stl,0
90,38,135.5,64.7,133.8,115.5,27.2,21.1,wrist.b.stl,0
90,1.5,55.1,165.8,6.4,19.5,50.0,16.1,elbow.b.stl,0
90,150.2,39.2,111.2,142.6,78.2,39.9,22.2,wrist.b.stl,0
90,178.4,141.8,150.2,13.8,1.8,25.2,24.6,wrist.b.stl,0
90,172.4,84.7,158.1,157.4,69.4,26.1,26.3,wrist.b.stl,0
90,23.2,117.8,115,156.2,178.5,25.9,27.1,wrist.b.stl,0
90,151.9,30.5,91.1,123.1,3.7,34.3,23.4,wrist.b.stl,0
90,0.3,50.7,161.2,4.1,43.3,50.0,26.9,elbow.b.stl,0
90,142.6,26.6,168.7,167.7,109.8,30.5,24.1,wrist.b.stl,0
90,142.7,21.7,123.5,151.6,155.7,24.9,27.7,wrist.b.stl,0
90,31.5,145.6,85.7,109.2,61.9,34.8,27.1,wrist.b.stl,0
90,138.4,23.4,42.1,32.5,14.3,40.8,21.8,wrist.b.stl,0
90,26.5,81.4,0.6,159.1,157,50.0,20.3,elbow.b.stl,0
90,139.5,38.1,170.9,30.9,43.2,50.0,9.1,base.stl,0
90,167.5,72.2,141.1,127.7,137.6,28.5,27.4,wrist.b.stl,0
90,15.9,121.1,146.6,158.3,135.2,36.7,23.6,wrist.b.stl,0
90,107,171.4,33,163.3,40.3,50.0,10.3,elbow.b.stl,0
90,9.2,107.3,112.8,115.3,76.3,50.0,24.5,wrist.b.stl,0
90,167.8,73.6,134.2,115.2,35.4,38.8,31.2,wrist.b.stl,0
90,10.2,116,127.7,127.3,136.6,34.1,27.6,wrist.b.stl,0
90,20.8,122,18.2,73.9,20.9,33.9,29.3,wrist.b.stl,0
90,21.4,124.6,32.9,9.1,160.4,26.2,28.1,wrist.b.stl,0
90,158.3,95.4,129.1,21.8,55.9,32.0,26.0,wrist.b.stl,0
90,3.1,84.9,56.3,114.7,88.4,27.5,24.8,wrist.b.stl,0
90,148,27,169.4,102.2,37.3,13.6,30.9,base.stl,0
90,170.3,94.2,102.3,44.5,36.3,35.3,23.7,wrist.b.stl,0
90,59.6,12.9,134.1,8,75.1,50.0,24.3,wrist.b.stl,0
90,127.8,28.3,170.6,30.6,111.4,50.0,21.0,wrist.b.stl,0
90,119.3,166.1,42.7,175.8,86.7,50.0,12.5,elbow.b.stl,0
90,161.6,161.3,38.1,168.9,91.8,50.0,10.8,elbow.b.stl,0
90,155.4,137.9,4.5,156,29.8,50.0,21.7,elbow.b.stl,0
90,174.1,76.1,113.7,148.9,113.9,24.8,21.0,wrist.b.stl,0
90,16.9,14.3,154,15.7,106,50.0,4.3,elbow.b.stl,0
90,20.3,99.5,63.8,126.8,16.2,39.4,23.6,wrist.b.stl,0
90,162.9,91.8,117.5,30.9,147.4,20.2,26.5,wrist.b.stl,0
90,23.5,84,37.2,158.5,0.3,26.1,26.2,wrist.b.stl,0
90,102.1,158.9,5.9,154.4,156.3,50.0,15.8,elbow.b.stl,0
90,22.5,119,35.5,113,132.3,41.0,31.4,wrist.b.stl,0
90,23.5,116.1,103.1,144.5,1.8,23.5,24.1,wrist.b.stl,0
90,2.5,93.7,50.8,54.7,78.6,26.0,26.3,wrist.b.stl,0
90,110.3,165.4,40.4,175.5,53.3,50.0,18.0,elbow.b.stl,0
90,22.5,123.8,20.3,108,63.5,37.0,27.3,wrist.b.stl,0
90,156,58.4,145.9,65,57.9,46.2,30.0,wrist.b.stl,0
90,30,6.4,176.9,38.1,15,50.0,20.5,elbow.b.stl,0
90,171,33.8,11.7,171.9,117,35.9,24.3,wrist.b.stl,0
90,10,111.2,47,87.2,175.9,27.5,34.3,wrist.b.stl,0
90,136.6,67.9,129.8,1.2,16.9,47.7,24.8,wrist.b.stl,0
90,35.2,151.2,28.9,28.1,162,39.4,26.1,wrist.b.stl,0
90,89.3,4.7,127.8,19.9,142.3,50.0,18.7,base.stl,0
90,22,162.4,178.9,135.5,126.1,19.5,23.5,wrist.b.stl,0
90,13.8,104.8,9.8,0.7,95.7,37.1,23.7,wrist.b.stl,0
90,19.9,85.5,29.3,146.6,108,34.7,21.2,wrist.b.stl,0
90,62.2,171.4,110.1,169.2,23.7,11.5,25.2,wrist.b.stl,0
90,65.5,113.2,12.5,179.4,77.8,50.0,24.1,wrist.b.stl,0
90,74.3,177.4,101.5,175.4,104.8,29.9,24.3,wrist.b.stl,0
90,160.2,49.4,30,10.7,56.2,24.6,27.1,wrist.b.stl,0
90,75.8,169.1,16.8,149.5,115.7,50.0,15.8,elbow.b.stl,0
90,10.6,149.4,146.9,80.5,98.7,39.2,29.4,wrist.b.stl,0
90,147.7,30.1,167.8,65.9,58.3,30.7,19.6,base.stl,0
90,16.3,124.2,76.9,3.6,165.2,31.5,28.1,wrist.b.stl,0
90,33.1,129.4,6.7,156.8,15.8,50.0,23.9,wrist.b.stl,0
90,13.5,158.7,162.4,19.5,25.9,37.2,25.0,wrist.b.stl,0
90,39.1,106.9,25.3,179,136.3,50.0,27.1,wrist.b.stl,0
90,69.4,177,19.9,157.3,164.5,50.0,13.5,elbow.b.stl,0
90,174.4,106.1,125.8,48.1,21.6,35.2,22.1,wrist.b.stl,0
90,7.7,101.2,47.6,60.9,156.6,30.7,30.2,wrist.b.stl,0
90,148.3,36.5,115.9,69,138.3,27.0,27.1,wrist.b.stl,0
90,33.9,14.6,144.7,14.7,63.7,50.0,20.0,elbow.b.stl,0
90,162.2,9.9,27.7,173,178.1,20.1,28.9,wrist.b.stl,0
90,150.1,15,81.1,88,107.2,28.5,30.2,wrist.b.stl,0
90,49.7,177.5,32.2,30.5,125.7,39.4,23.5,wrist.b.stl,0
90,46.5,48.9,0.7,172.4,138.4,50.0,8.3,elbow.b.stl,0
90,5.4,137,174.4,16.1,41.3,35.4,14.7,elbow.b.stl,0
90,167.9,70.3,144.1,120.1,8.3,23.8,24.6,wrist.b.stl,0
90,18,161.3,145,77.2,70.3,43.2,32.1,wrist.b.stl,0
90,170.5,64.1,101.5,83.3,61.4,44.5,33.6,wrist.b.stl,0
90,140.5,43.8,179.1,28.3,68.7,50.0,15.4,elbow.b.stl,0
90,21.2,89.8,14.2,164.1,95.8,42.0,23.5,wrist.b.stl,0
90,51.9,174.5,10.5,48.8,151.1,27.2,27.6,wrist.b.stl,0
90,179.9,158.4,158.7,16.9,20.3,46.5,24.5,wrist.b.stl,0
90,166.8,92.5,159.4,41.6,100.6,25.8,20.7,wrist.b.stl,0
90,173.6,92.1,113,62.2,29.2,46.6,25.7,wrist.b.stl,0
90,175.3,69.5,24.5,13.7,176.2,31.2,28.5,wrist.b.stl,0
90,105.3,7.2,96.9,23.2,137.8,38.3,27.4,wrist.b.stl,0
90,162.1,65.1,169.9,149.8,74,39.6,24.4,wrist.b.stl,0
90,19.2,121.7,55.1,46.1,62.7,32.0,26.8,wrist.b.stl,0
90,137.9,17.8,30.1,16.3,3.5,28.5,24.2,wrist.b.stl,0
90,160.2,21.2,50,130.4,32.1,21.6,26.4,wrist.b.stl,0
90,96.6,96.4,7,174.8,102.7,50.0,24.4,wrist.b.stl,0
90,46,135.6,9.7,161.7,45.3,50.0,17.6,elbow.b.stl,0
90,27.4,62.6,175.6,11,14.1,50.0,9.7,elbow.b.stl,0
90,36,122.3,92.5,168.8,2.1,26.3,26.1,wrist.b.stl,0
90,94.2,1.5,119.6,23.6,169,50.0,18.8,base.stl,0
90,39.6,179.7,127.2,103.6,17.3,37.5,29.9,wrist.b.stl,0
90,28.8,169.9,141.9,1.2,4.8,50.0,25.5,wrist.b.stl,0
90,97.3,172.5,26.6,159.9,174.5,50.0,23.1,elbow.b.stl,0
90,28.6,96.4,56.5,157.4,29.1,31.5,23.7,wrist.b.stl,0
90,175.2,48.8,54.5,133.9,80.8,19.1,20.5,wrist.b.stl,0
90,27.3,108.8,67.2,140.4,120.4,31.4,20.8,wrist.b.stl,0
90,171.4,106.8,173.1,47.1,7.6,42.2,24.1,wrist.b.stl,0
90,28.9,99,32.2,157.5,148.4,29.3,27.1,wrist.b.stl,0
90,125.2,16.3,60.8,21.5,82.3,29.6,22.1,wrist.b.stl,0
90,169.5,75.2,168.8,71.2,65.2,25.9,33.1,wrist.b.stl,0
90,9.3,94.8,34.3,1.1,96.7,39.9,23.8,wrist.b.stl,0
90,42.5,167.9,15.3,120.6,59.5,32.0,25.0,wrist.b.stl,0
90,166,15.1,7.4,104.5,11.8,32.0,29.3,wrist.b.stl,0
90,39.5,136.3,115.4,176.4,151.9,32.1,28.6,wrist.b.stl,0
90,150.1,67.6,130,35.8,22.6,25.9,22.2,wrist.b.stl,0
90,22.7,102.4,52.7,134.1,101.1,30.7,20.5,wrist.b.stl,0
90,30.6,143.6,57.7,55,17.3,33.8,24.6,wrist.b.stl,0
90,162.9,114.2,147.2,18.7,97.8,36.9,22.6,wrist.b.stl,0
90,155.7,50.5,135.2,136.1,74.5,31.1,21.9,wrist.b.stl,0
90,154.9,45.6,145.4,120.2,122.5,29.0,27.2,wrist.b.stl,0
90,154.3,26.7,91.8,93.2,54.2,27.9,33.2,wrist.b.stl,0
90,174.4,37.6,35,134.3,121.5,20.4,22.4,wrist.b.stl,0
90,115.9,20.2,125.7,30.7,173.3,46.6,26.5,wrist.b.stl,0
90,159,6.7,38.1,85.6,87.1,21.4,30.2,wrist.b.stl,0
90,125.7,22.6,113.6,40.8,10.5,33.8,21.9,wrist.b.stl,0
90,95.2,120.1,12.3,168.3,88,50.0,15.9,elbow.b.stl,0
90,164.2,108,158.4,31.5,121.5,34.0,22.4,wrist.b.stl,0
90,141.6,151.1,8.8,158.4,168.5,50.0,21.6,elbow.b.stl,0
90,40.7,165.1,67,23.5,41.4,26.3,27.8,wrist.b.stl,0
90,38.3,148.7,5.5,2.6,16.1,29.3,24.9,wrist.b.stl,0
90,38.5,125.1,84.3,147.8,14.7,35.2,22.5,wrist.b.stl,0
90,175.5,71.4,109.4,83.1,130.8,18.0,30.3,wrist.b.stl,0
90,120.4,168.2,22.5,155.5,158.3,50.0,23.8,elbow.b.stl,0
90,82.7,65.3,178.3,7.2,166.6,50.0,-1.5,elbow.b.stl,1
90,167.2,108.9,127.8,22,125.1,24.7,24.5,wrist.b.stl,0
90,139,7.4,15.8,38.2,33.7,45.8,24.0,wrist.b.stl,0
90,7.2,120.7,112.9,60.7,11.1,50.0,27.4,wrist.b.stl,0
90,119,24.2,167.7,22.9,10.8,50.0,23.1,wrist.b.stl,0
90,161.7,80.8,81.2,14.8,79.4,28.3,23.2,wrist.b.stl,0
90,1.3,130.9,137.9,91.3,96,31.6,30.3,wrist.b.stl,0
90,38.5,37.2,165.2,18.8,106.8,50.0,19.8,elbow.b.stl,0
90,156.4,10.8,13.6,64.3,11.4,33.5,28.3,wrist.b.stl,0
90,18.1,153,128.4,43.1,150.7,25.3,26.3,wrist.b.stl,0
90,0.6,127.6,157.3,55.8,90.8,32.1,23.8,wrist.b.stl,0
90,168.7,116,124.7,18,110.9,38.0,23.0,wrist.b.stl,0
90,59.8,167.3,76,136.8,68.2,31.7,23.8,wrist.b.stl,0
90,22.2,116.7,2,143.8,75.1,50.0,23.1,wrist.b.stl,0
90,150.7,52.4,165.2,52.3,53.3,50.0,16.5,base.stl,0
90,125.6,3.2,104,60,175,28.8,28.9,wrist.b.stl,0
90,134.4,12.4,157.8,166.7,130.9,40.8,24.6,wrist.b.stl,0
90,23.2,127.8,64.8,19.3,118.5,39.2,23.6,wrist.b.stl,0
90,15.1,53.6,12.3,175.2,134.5,37.2,24.6,elbow.b.stl,0
90,154.6,63.4,166.9,38.5,59.3,50.0,19.8,base.stl,0
90,68.4,54.4,179.9,18.7,37.8,50.0,7.0,elbow.b.stl,0
90,33.5,1.4,159.8,29.5,105.1,50.0,12.6,elbow.b.stl,0
90,24.4,152.4,115.1,17.5,121.7,38.5,24.2,wrist.b.stl,0
90,20.8,122.4,106.5,134.3,174.1,18.6,26.4,wrist.b.stl,0
90,60.9,35.8,158.8,16.1,45.1,50.0,26.1,elbow.b.stl,0
90,31.5,150.8,57.2,63.7,109.4,25.4,24.8,wrist.b.stl,0
90,179.7,83.9,120.3,86.9,26.8,37.2,31.3,wrist.b.stl,0
90,12.6,142.6,170.7,129.5,133.8,32.7,27.7,wrist.b.stl,0
90,140.5,20.8,167,120.3,69.8,30.9,23.1,wrist.b.stl,0
90,21.7,123.2,16.3,87.6,34.3,35.4,31.9,wrist.b.stl,0
90,72.7,132.2,16.7,176.3,159.5,50.0,3.6,elbow.b.stl,0
90,174.5,72.6,102.1,144.3,47.4,27.2,26.7,wrist.b.stl,0
90,136.1,9.8,144.4,139,167.8,33.0,25.3,wrist.b.stl,0
90,3.8,103.8,89.8,33.5,46.9,46.2,26.2,wrist.b.stl,0
90,161.2,60.3,141.5,112.2,2.1,34.1,26.7,wrist.b.stl,0
90,35.6,41.3,171.1,21.5,109,50.0,21.0,elbow.b.stl,0
90,154.3,64.9,86,38.3,111.1,35.2,20.0,wrist.b.stl,0
90,138.2,21.4,63.7,47.7,40.5,25.7,24.4,wrist.b.stl,0
90,19.4,128.7,81.4,48.7,107.2,40.2,21.5,wrist.b.stl,0
90,44.5,161.4,3.1,144.5,134.3,44.2,23.7,wrist.b.stl,0
90,151,47.7,148,59,34.9,36.4,24.6,wrist.b.stl,0
90,3,91.7,125.6,166.1,177,26.0,28.3,wrist.b.stl,0
90,64.9,107.1,4.6,165.6,140.6,50.0,17.7,elbow.b.stl,0
90,136.9,6.4,64.5,62.4,57.4,25.6,29.5,wrist.b.stl,0
90,63.3,54.5,162.1,1.5,24.6,50.0,24.9,wrist.b.stl,0
90,140.4,168.9,27.6,157.1,116,50.0,12.8,elbow.b.stl,0
90,1.1,47.8,38.1,140.7,113.8,39.4,20.1,wrist.b.stl,0
90,162.8,29.6,47.2,69.2,87.1,11.5,28.2,wrist.b.stl,0
90,12.8,100.7,3.3,42.3,148.1,46.8,26.4,wrist.b.stl,0
90,32,145.7,7,137.2,57.1,30.5,26.9,wrist.b.stl,0
90,156.1,32.7,82.2,109.6,43.3,38.0,31.3,wrist.b.stl,0
90,45.4,7.2,148.6,21,47,50.0,14.9,elbow.b.stl,0
90,15.4,64.5,52.8,160.1,40.7,50.0,25.2,wrist.b.stl,0
90,87,166.4,17.9,154,79.4,50.0,5.0,elbow.b.stl,0
90,39.4,153.1,9.2,144.7,152.4,43.3,26.6,wrist.b.stl,0
90,26.1,129.3,26.9,118.9,123.3,38.5,27.8,wrist.b.stl,0
90,22.6,109.6,29.8,134.4,178.6,25.0,26.3,wrist.b.stl,0
90,35.8,151.4,53.2,120.1,151.6,19.4,28.0,wrist.b.stl,0
90,16,130.1,116.7,112.6,89.5,31.4,25.4,wrist.b.stl,0
90,132.6,9.9,27.7,22.4,134.7,38.7,26.6,wrist.b.stl,0
90,158,32.3,75.7,106.5,122,38.1,30.0,wrist.b.stl,0
90,156.6,48.1,34.4,5.6,118.7,26.1,24.1,wrist.b.stl,0
90,117.4,146.7,26.5,168.1,86.8,50.0,10.3,elbow.b.stl,0
90,33.5,147.4,83.4,112.6,97.9,32.4,25.5,wrist.b.stl,0
90,7.1,123.8,109.2,77,129.5,44.0,28.8,wrist.b.stl,0
90,153.8,111.2,158.9,8.1,52.3,50.0,20.7,base.stl,0
90,53.8,142.9,73.8,151.7,3,34.7,25.0,wrist.b.stl,0
90,143.9,76.8,144.7,16.1,162.2,41.3,24.3,base.stl,0
90,167,33.7,57.8,80.3,27.6,27.6,30.4,wrist.b.stl,0
90,38.1,165.1,45.5,70.3,153.7,28.2,30.4,wrist.b.stl,0
90,43.9,172.3,82.4,59.8,43.1,38.9,25.6,wrist.b.stl,0
90,47.3,176.4,40.8,63.1,43.8,36.9,26.5,wrist.b.stl,0
90,151.9,91.1,176.8,23.9,112.5,50.0,22.2,wrist.b.stl,0
90,165,94,147.2,44.9,70,32.3,26.0,wrist.b.stl,0
90,56.8,164.3,98.6,135,114.6,44.4,20.7,wrist.b.stl,0
90,162.2,12.5,34.1,130,83,13.6,20.7,wrist.b.stl,0
90,152.3,17.3,59.6,147.8,68,31.9,25.7,wrist.b.stl,0
90,40.5,168.5,85.6,51.3,176.8,33.7,26.5,wrist.b.stl,0
90,169.3,38.4,50.4,72.8,89.2,11.0,28.6,wrist.b.stl,0
90,121.9,9.9,137.4,44,6.5,50.0,7.2,base.stl,0
90,3.2,78.1,0.1,3.2,145.3,42.3,27.3,wrist.b.stl,0
90,138.2,37.8,121.4,44.2,44.8,30.7,26.3,wrist.b.stl,0
90,170.8,77.1,142,98.1,53.7,36.1,31.9,wrist.b.stl,0
90,7.3,146,168.7,10.9,114.3,30.4,23.8,wrist.b.stl,0
90,145.9,78.9,144.3,6.6,19.7,37.0,-2.0,base.stl,1
90,133,7.3,28.6,34.6,61.3,41.9,26.0,wrist.b.stl,0
90,25,134.4,68.3,26.9,138,32.8,27.3,wrist.b.stl,0
90,167.1,45.3,87,88.2,83.3,27.8,30.3,wrist.b.stl,0
90,7.6,103,29.7,80.5,89.7,24.8,29.7,wrist.b.stl,0
90,117.8,50.2,171.9,12.7,144.5,50.0,16.2,elbow.b.stl,0
90,23.2,102.7,93.3,166.9,90.6,27.8,23.9,wrist.b.stl,0
90,164.9,48.5,40.3,52,131.1,26.9,22.2,wrist.b.stl,0
90,175.6,111,126.3,47.5,91.6,32.9,21.0,wrist.b.stl,0
90,33.1,104.7,68,173.6,154,33.7,28.7,wrist.b.stl,0
90,10,61.9,14.5,142.4,27,33.6,22.1,wrist.b.stl,0
90,39.3,149.6,39.3,131.8,106.5,42.4,20.5,wrist.b.stl,0
90,40.8,157.9,10.4,48.5,112.7,32.2,21.2,wrist.b.stl,0
90,176.1,77.5,115,102,177.8,34.1,34.3,wrist.b.stl,0
90,13.9,123.4,83.8,28.1,72.1,27.4,21.7,wrist.b.stl,0
90,97.3,23.8,116.7,0.1,124.2,50.0,12.8,base.stl,0
90,154.1,44.8,138.9,113.4,91.7,31.7,25.1,wrist.b.stl,0
90,146.7,141.2,25.3,173.5,96.3,50.0,14.2,elbow.b.stl,0
90,101.7,164.9,1.8,144.8,150.5,50.0,23.6,elbow.b.stl,0
90,163.2,42.3,71.9,166.1,93.9,36.7,23.8,wrist.b.stl,0
90,11.1,137.5,177.3,147.5,51.4,33.3,26.9,wrist.b.stl,0
90,51.5,149.5,60.9,152.8,66.5,20.3,26.7,wrist.b.stl,0
90,148.9,36.9,93.6,64.9,167.8,29.3,30.8,wrist.b.stl,0
90,178.6,100.5,0.3,163.9,164.3,50.0,13.6,elbow.b.stl,0
90,30.4,140.6,55.2,35.4,5.2,34.0,22.0,wrist.b.stl,0
90,37.9,178.5,124.5,97.9,42.9,45.4,34.3,wrist.b.stl,0
90,139,34.2,58,18.4,153.7,27.0,27.5,wrist.b.stl,0
90,173.4,81.2,157.8,147.3,1.5,16.5,24.6,wrist.b.stl,0
90,16.3,113.2,87.5,118.1,169.1,39.3,30.0,wrist.b.stl,0
90,60.7,169.5,14.6,149.9,87.1,50.0,8.4,elbow.b.stl,0
90,35.2,143.4,109.4,134.8,138.9,24.4,27.0,wrist.b.stl,0
90,20.5,118.9,11.1,47.7,152.7,44.3,27.0,wrist.b.stl,0
90,87.6,15,168.5,30.5,7.7,50.0,21.9,wrist.b.stl,0
90,143.3,28.8,150.4,143.2,98.3,43.0,20.4,wrist.b.stl,0
90,8.1,125.7,110.8,60.9,31.7,36.2,25.2,wrist.b.stl,0
90,13.8,153.5,147.2,64.8,115.3,40.2,25.5,wrist.b.stl,0
90,65.2,168.5,100.5,148.9,23,36.4,22.1,wrist.b.stl,0
90,175.6,58.1,67.8,154.2,20.9,25.1,23.1,wrist.b.stl,0
90,165.8,45.7,69.5,171.7,115,39.9,24.2,wrist.b.stl,0
90,37.8,164.3,162.5,144.4,62,46.1,27.0,wrist.b.stl,0
90,100.4,155.8,38.4,179.5,111.3,50.0,19.5,elbow.b.stl,0
90,125.4,22.8,85,36.5,69.4,36.1,23.5,wrist.b.stl,0
90,150.3,41.9,45.3,28,111.3,31.1,21.4,wrist.b.stl,0
90,175.2,142.7,161.9,17.5,91.9,30.8,23.1,wrist.b.stl,0
90,44.8,154.8,5.3,139.5,107.6,50.0,20.2,wrist.b.stl,0
90,6.2,94,48.1,25.3,147.1,35.3,27.1,wrist.b.stl,0
90,153.3,69.4,117.5,46.4,173.9,32.5,25.7,wrist.b.stl,0
90,142.8,47.8,143.1,37,80.9,40.0,19.4,base.stl,0
90,23.6,174.5,171,102.4,46.9,50.0,32.1,wrist.b.stl,0
90,38.3,124.5,55.5,144.5,38.5,25.7,24.4,wrist.b.stl,0
90,135.9,32.4,76.9,32,145.8,20.2,26.3,wrist.b.stl,0
90,21.9,170.2,162,110.4,164.7,27.5,31.4,wrist.b.stl,0
90,158.5,53.4,140.8,83.4,69,35.4,32.1,wrist.b.stl,0
90,61,168,110.3,162,81.2,22.8,24.4,wrist.b.stl,0
90,1,67.5,95.7,161,44.2,43.6,26.0,wrist.b.stl,0
90,3.9,104.6,75.8,31,169.7,23.3,26.2,wrist.b.stl,0
90,22.6,70.5,168,0.2,160.8,50.0,24.9,elbow.b.stl,0
90,65.5,80.6,179.7,1.5,123.2,50.0,1.9,elbow.b.stl,0
90,24.6,168.6,135.2,23.6,36.5,23.1,26.6,wrist.b.stl,0
90,1.4,121.5,163.2,122,173.9,44.5,29.0,wrist.b.stl,0
90,33.2,149,43,56.4,15.9,32.5,25.3,wrist.b.stl,0
90,3.9,139.9,174,107.5,56.7,26.0,28.3,wrist.b.stl,0
90,41.2,157.6,44.1,126.3,151.7,32.4,26.6,wrist.b.stl,0
90,73.4,178.4,102,176.4,88.7,24.2,24.2,wrist.b.stl,0
90,1.2,131,165.5,6.5,79.2,28.8,24.2,wrist.b.stl,0
90,131.7,52.8,126.2,23,115.3,43.0,22.7,wrist.b.stl,0
90,41.7,137.8,63,137.5,81.5,27.3,20.6,wrist.b.stl,0
90,136.5,147.4,12.3,156.1,106.7,50.0,13.6,elbow.b.stl,0
90,2,80.5,13.7,32.4,5.8,32.6,21.9,wrist.b.stl,0
90,160.5,89.4,97.1,22.2,33.4,43.4,26.1,wrist.b.stl,0
90,163.9,64,110.1,72.3,70.2,40.3,31.9,wrist.b.stl,0
90,123.7,21.5,59.8,1.5,172.9,45.9,28.0,wrist.b.stl,0
90,137.7,9,149.9,69.7,62.1,33.2,20.5,base.stl,0
90,178.7,51.5,19.1,69.7,21.3,33.2,28.3,wrist.b.stl,0
90,4.7,128,136.6,38.3,83.8,44.5,20.4,wrist.b.stl,0
90,147.9,52.3,159.3,37.6,104,50.0,10.0,base.stl,0
90,115.5,70.8,7,173.9,142.9,50.0,21.4,elbow.b.stl,0
90,15.6,108.8,43.7,29.4,138.1,38.0,26.9,wrist.b.stl,0
90,133.6,4.7,157.1,129.7,10.7,11.6,22.1,wrist.b.stl,0
90,63.3,163.9,68.1,160.2,46.3,20.4,26.2,wrist.b.stl,0
90,6.8,82.4,1.9,128.6,6.7,31.5,22.2,wrist.b.stl,0
90,15.3,134.7,112.8,100.6,162.7,50.0,33.2,wrist.b.stl,0
90,160.7,90.4,112.6,33.2,32.5,39.0,24.5,wrist.b.stl,0
90,42.9,133.2,99.7,179.4,120.5,34.5,24.7,wrist.b.stl,0
90,51.2,120.5,5.5,160.6,113.7,50.0,18.6,elbow.b.stl,0
90,162.9,47.1,89.1,97.7,19.8,45.3,30.9,wrist.b.stl,0
90,163.3,12.4,33.2,77.4,101.4,3.8,28.8,wrist.b.stl,0
90,140.8,15.8,128.2,127.4,179.4,26.5,27.8,wrist.b.stl,0
90,48.2,174.9,40.9,108.8,82,39.4,26.9,wrist.b.stl,0
90,137.5,1.4,91.3,114.8,2.7,26.8,26.0,wrist.b.stl,0
90,153.2,13.5,58.5,170.8,174.9,21.5,28.5,wrist.b.stl,0
90,35.1,155.9,50,102.3,169.8,22.9,33.4,wrist.b.stl,0
90,168.7,121.4,0.7,154.9,172.5,50.0,26.9,wrist.b.stl,0
90,150.7,97.8,158.5,15.8,78.5,50.0,16.6,base.stl,0
90,13.6,98.8,30.1,121.4,114.8,33.8,24.9,wrist.b.stl,0
90,14.1,161,166.6,57.3,98.4,36.5,23.2,wrist.b.stl,0
90,177.3,76.1,107.4,166.1,118.9,16.5,23.7,wrist.b.stl,0
90,122.3,2.6,92.3,55.7,62.4,36.1,28.4,wrist.b.stl,0
90,157.7,49.6,172.9,74.9,28.9,28.1,26.7,base.stl,0
90,67.7,4,163.1,29.7,77,50.0,11.0,elbow.b.stl,0
90,9.2,105.8,52.9,68.6,39.5,33.3,27.8,wrist.b.stl,0
90,121.9,49.2,125,5.6,34.4,50.0,13.6,base.stl,0
90,22.3,114.4,16.2,144.2,141.6,42.9,26.5,wrist.b.stl,0
90,24.2,117.4,88.5,135.3,135.3,22.8,26.9,wrist.b.stl,0
90,128.8,59.4,159.7,12.8,58.3,50.0,18.4,base.stl,0
90,176.1,93.7,60.7,21.4,32.2,47.2,25.9,wrist.b.stl,0
90,81.4,0.2,107.8,11.7,96.3,50.0,3.0,base.stl,0
90,136.2,30.8,142.6,51.2,136.8,49.1,19.4,base.stl,0
90,13.6,106.6,9.2,128.6,10.5,24.5,22.3,wrist.b.stl,0
90,0.8,118.1,144.6,25.8,17.5,48.5,23.1,wrist.b.stl,0
90,29.5,110,18.9,170.4,112.4,46.6,24.1,wrist.b.stl,0
90,113.1,169.4,11.1,151.1,139.2,50.0,15.2,elbow.b.stl,0
90,153.5,28,94.6,84.1,132.5,21.5,30.7,wrist.b.stl,0
90,28.8,124.1,15.1,152,5.6,45.8,24.5,wrist.b.stl,0
90,144.1,33.9,132.5,71.4,171.1,34.5,32.0,wrist.b.stl,0
90,152.3,34.9,145.7,95.5,153.9,19.0,33.9,wrist.b.stl,0
90,164.2,17.6,5.5,147.3,46.4,39.6,26.5,wrist.b.stl,0
90,24.6,174.5,142.6,65.2,98.7,28.1,25.7,wrist.b.stl,0
90,11,105.7,66.2,34,2.8,45.6,22.3,wrist.b.stl,0
90,153.6,38.7,28.6,11.8,21.8,23.6,25.0,wrist.b.stl,0
90,163.8,65.6,63.3,36.8,169.2,19.5,25.4,wrist.b.stl,0
90,99.5,124.2,13.3,175.5,50.8,50.0,20.4,elbow.b.stl,0
90,150.9,86.2,160.7,21.1,58.6,50.0,18.2,base.stl,0
90,144,10.9,67.5,79.1,179.3,48.5,33.4,wrist.b.stl,0
90,145.7,30.9,178.3,127.1,37.5,12.3,27.4,wrist.b.stl,0
90,28,130.5,55.5,119.4,130.5,28.5,29.7,wrist.b.stl,0
90,166,73.9,77.7,49.6,142.7,37.6,25.6,wrist.b.stl,0
90,20.1,152,122.5,66.3,78.8,38.0,29.1,wrist.b.stl,0
90,156.8,87.4,127.8,24.3,83.3,21.0,21.6,wrist.b.stl,0
90,84.6,13.2,165.5,25.1,154.7,50.0,19.2,elbow.b.stl,0
90,30.3,174.1,179.3,127.9,48.2,40.1,27.9,wrist.b.stl,0
90,61.6,174.7,77,131.9,52.5,31.0,27.4,wrist.b.stl,0
90,156.8,80.7,151.5,27.8,76.1,28.2,18.8,base.stl,0
90,168.5,99.4,98.4,28.3,84.3,40.0,20.9,wrist.b.stl,0
90,11.4,100.5,16.4,124.2,124.9,30.8,26.7,wrist.b.stl,0
90,24.8,154.9,105.7,89.9,11.9,43.1,31.1,wrist.b.stl,0
90,155.5,36.8,81.5,151.1,20.9,42.2,22.6,wrist.b.stl,0
90,157.6,84,100.8,12.6,112.6,26.4,23.6,wrist.b.stl,0
90,89.7,9.5,135.4,20.3,166.3,50.0,27.3,wrist.b.stl,0
90,94.2,121.2,9.2,165.8,11,50.0,20.3,elbow.b.stl,0
90,156.6,136.5,10.2,153,103.1,50.0,21.6,wrist.b.stl,0
90,9.1,98.5,15.3,36.5,146.4,29.5,26.0,wrist.b.stl,0
90,15,109.8,7.5,84.3,0.8,27.8,32.1,wrist.b.stl,0
90,17.8,124.3,64.7,58.6,5.9,30.2,28.0,wrist.b.stl,0
90,170.8,80.1,124,136.6,11.6,44.4,21.5,wrist.b.stl,0
90,50.2,140.4,23.8,168.1,11.7,50.0,10.4,base.stl,0
90,55.7,166.3,132.3,163.6,109.4,41.0,23.7,wrist.b.stl,0
90,36.4,136.1,78.9,126.8,34,27.3,27.6,wrist.b.stl,0
90,176.6,64.8,76.8,124.5,120,31.4,25.2,wrist.b.stl,0
90,30,61.2,1,175.4,124.3,50.0,13.2,elbow.b.stl,0
90,172.8,79,79.4,52.1,171.7,21.0,26.9,wrist.b.stl,0
90,112.4,23,174.9,19.9,137.4,50.0,0.0,elbow.b.stl,0
90,161.2,37.5,7.8,22.4,42.5,40.8,28.2,wrist.b.stl,0
90,166.4,17.1,35.1,100.2,68.1,19.6,29.3,wrist.b.stl,0
90,51.1,155.5,38.1,151.4,65.6,50.0,26.8,wrist.b.stl,0
90,145.6,125.6,11.2,160.5,109.1,50.0,23.4,wrist.b.stl,0
90,21.7,109.6,43.1,123.2,13.2,23.4,24.3,wrist.b.stl,0
90,179.9,166,158.5,11.1,26.2,50.0,25.4,wrist.b.stl,0
90,169.3,66.7,116.2,129.1,139.5,22.7,27.1,wrist.b.stl,0
90,25.9,155.5,92.4,89.1,101,29.5,30.4,wrist.b.stl,0
90,17.4,105.2,10.5,147.5,96.3,48.0,20.6,wrist.b.stl,0
90,157.3,53.9,96.5,64.9,139.4,34.5,25.8,wrist.b.stl,0
90,135.6,47,119.4,30.3,99.4,27.3,20.8,wrist.b.stl,0
90,29.7,104.1,72.6,165.6,155.6,29.0,28.8,wrist.b.stl,0
90,45.4,179.9,67.6,64.3,133.8,25.5,25.1,wrist.b.stl,0
90,174.6,83.1,135,85.1,62.3,43.2,33.2,wrist.b.stl,0
90,33.2,145.8,111.6,124.7,77.1,27.5,21.7,wrist.b.stl,0
90,30.1,176.5,134.5,72.1,17.1,39.4,29.3,wrist.b.stl,0
90,1.6,134,163,47.4,81,26.3,23.3,wrist.b.stl,0
90,172.6,67.1,27.5,19.6,74.4,37.5,22.6,wrist.b.stl,0
90,159.9,92.5,116,20.6,120.4,26.2,23.8,wrist.b.stl,0
90,5.9,73.8,175.6,3.8,112.4,50.0,12.9,elbow.b.stl,0
90,2.1,88.1,54.5,31.7,117.3,39.0,21.6,wrist.b.stl,0
90,9,121.6,165.5,157.6,24.6,46.2,23.6,wrist.b.stl,0
90,19.5,92.4,79.8,158,120.1,30.5,22.5,wrist.b.stl,0
90,28.2,136,70,116.4,147,24.0,29.1,wrist.b.stl,0
90,118.5,167,31.4,162.7,80.7,50.0,5.7,elbow.b.stl,0
90,7.9,77.5,75.2,129.5,59.4,50.0,25.5,wrist.b.stl,0
90,94.4,47.3,166.7,14.1,23.4,50.0,19.2,elbow.b.stl,0
90,161.5,58.6,162,118,11.4,30.5,25.7,wrist.b.stl,0
90,42.8,121,18.3,171.6,159.8,50.0,28.5,wrist.b.stl,0
90,62.6,153.6,31.6,164.8,90.8,50.0,18.7,elbow.b.stl,0
90,92.1,123.8,8.5,163,151.5,50.0,18.6,elbow.b.stl,0
90,177.4,179.6,40,156.1,59.2,50.0,19.0,elbow.b.stl,0
90,137.9,152.5,20.6,156.6,121.9,50.0,22.2,wrist.b.stl,0
90,13.4,149.2,144.6,21.8,32.4,37.5,25.9,wrist.b.stl,0
90,65.8,69.6,176.2,7.4,134.1,50.0,13.4,elbow.b.stl,0
90,44.3,168.1,52.7,22.2,76.1,32.6,22.1,wrist.b.stl,0
90,40.6,173.5,152.2,132.9,31.7,24.5,25.4,wrist.b.stl,0
90,137.2,45.2,90.1,25.3,120.6,29.8,23.2,wrist.b.stl,0
90,5.9,87.3,16.4,119.2,129.6,29.5,29.5,wrist.b.stl,0
90,59.3,147.9,16.1,163.2,106.8,50.0,5.5,elbow.b.stl,0
90,144.4,58.4,139.3,31.4,133.4,26.1,25.4,wrist.b.stl,0
90,1.6,99.2,143.1,171.6,83.3,23.8,24.5,wrist.b.stl,0
90,11.9,124.9,105.3,47.6,38.6,45.9,23.9,wrist.b.stl,0
90,23.6,126.4,1.3,129.1,170.6,37.3,27.0,wrist.b.stl,0
90,54.5,152.5,101,149.4,112,47.9,21.3,wrist.b.stl,0
90,20.4,121,54.3,58.3,60.8,42.8,29.4,wrist.b.stl,0
90,1.7,83.9,23.8,55.7,36.2,30.7,23.9,wrist.b.stl,0
90,132.4,4,169,151.2,103.6,0.3,13.9,base.stl,0
