solid CATIA STL
  facet normal  9.824523e-001 -1.865138e-001  1.613547e-004
    outer loop
      vertex -2.883192e+001  6.242640e+000  3.000000e+000
      vertex -2.887624e+001  6.034286e+000  3.205484e+001
      vertex -2.911376e+001  4.758065e+000  3.000000e+000
    endloop
  endfacet
  facet normal  9.732640e-001 -2.296888e-001 -1.622730e-004
    outer loop
      vertex -2.852732e+001  7.512798e+000  3.205484e+001
      vertex -2.887624e+001  6.034286e+000  3.205484e+001
      vertex -2.883192e+001  6.242640e+000  3.000000e+000
    endloop
  endfacet
  facet normal  9.716129e-001 -2.365765e-001  1.561381e-004
    outer loop
      vertex -2.847443e+001  7.710835e+000  3.000000e+000
      vertex -2.852732e+001  7.512798e+000  3.205484e+001
      vertex -2.883192e+001  6.242640e+000  3.000000e+000
    endloop
  endfacet
  facet normal  9.601499e-001 -2.794854e-001 -1.571939e-004
    outer loop
      vertex -2.810274e+001  8.971388e+000  3.205484e+001
      vertex -2.852732e+001  7.512798e+000  3.205484e+001
      vertex -2.847443e+001  7.710835e+000  3.000000e+000
    endloop
  endfacet
  facet normal  9.582235e-001 -2.860206e-001  1.509833e-004
    outer loop
      vertex -2.804222e+001  9.158798e+000  3.000000e+000
      vertex -2.810274e+001  8.971388e+000  3.205484e+001
      vertex -2.847443e+001  7.710835e+000  3.000000e+000
    endloop
  endfacet
  facet normal  9.444891e-001 -3.285427e-001 -1.519009e-004
    outer loop
      vertex -2.760365e+001  1.040619e+001  3.205484e+001
      vertex -2.810274e+001  8.971388e+000  3.205484e+001
      vertex -2.804222e+001  9.158798e+000  3.000000e+000
    endloop
  endfacet
  facet normal  9.423207e-001 -3.347114e-001  1.456667e-004
    outer loop
      vertex -2.753645e+001  1.058273e+001  3.000000e+000
      vertex -2.760365e+001  1.040619e+001  3.205484e+001
      vertex -2.804222e+001  9.158798e+000  3.000000e+000
    endloop
  endfacet
  facet normal  9.263243e-001 -3.767272e-001 -1.466284e-004
    outer loop
      vertex -2.703135e+001  1.181339e+001  3.205484e+001
      vertex -2.760365e+001  1.040619e+001  3.205484e+001
      vertex -2.753645e+001  1.058273e+001  3.000000e+000
    endloop
  endfacet
  facet normal  9.239448e-001 -3.825259e-001  1.403519e-004
    outer loop
      vertex -2.695841e+001  1.197890e+001  3.000000e+000
      vertex -2.703135e+001  1.181339e+001  3.205484e+001
      vertex -2.753645e+001  1.058273e+001  3.000000e+000
    endloop
  endfacet
  facet normal  9.057023e-001 -4.239144e-001 -1.412030e-004
    outer loop
      vertex -2.638737e+001  1.318927e+001  3.205484e+001
      vertex -2.703135e+001  1.181339e+001  3.205484e+001
      vertex -2.695841e+001  1.197890e+001  3.000000e+000
    endloop
  endfacet
  facet normal  9.031445e-001 -4.293368e-001  1.349559e-004
    outer loop
      vertex -2.630965e+001  1.334363e+001  3.000000e+000
      vertex -2.638737e+001  1.318927e+001  3.205484e+001
      vertex -2.695841e+001  1.197890e+001  3.000000e+000
    endloop
  endfacet
  facet normal  8.826786e-001 -4.699773e-001 -1.357062e-004
    outer loop
      vertex -2.567341e+001  1.453017e+001  3.205484e+001
      vertex -2.638737e+001  1.318927e+001  3.205484e+001
      vertex -2.630965e+001  1.334363e+001  3.000000e+000
    endloop
  endfacet
  facet normal  8.799751e-001 -4.750198e-001  1.294230e-004
    outer loop
      vertex -2.559185e+001  1.467335e+001  3.000000e+000
      vertex -2.567341e+001  1.453017e+001  3.205484e+001
      vertex -2.630965e+001  1.334363e+001  3.000000e+000
    endloop
  endfacet
  facet normal  8.573146e-001 -5.147928e-001 -1.301962e-004
    outer loop
      vertex -2.489138e+001  1.583254e+001  3.205484e+001
      vertex -2.567341e+001  1.453017e+001  3.205484e+001
      vertex -2.559185e+001  1.467335e+001  3.000000e+000
    endloop
  endfacet
  facet normal  8.544967e-001 -5.194570e-001  1.238253e-004
    outer loop
      vertex -2.480690e+001  1.596457e+001  3.000000e+000
      vertex -2.489138e+001  1.583254e+001  3.205484e+001
      vertex -2.559185e+001  1.467335e+001  3.000000e+000
    endloop
  endfacet
  facet normal  8.296775e-001 -5.582431e-001 -1.245945e-004
    outer loop
      vertex -2.404334e+001  1.709292e+001  3.205484e+001
      vertex -2.489138e+001  1.583254e+001  3.205484e+001
      vertex -2.480690e+001  1.596457e+001  3.000000e+000
    endloop
  endfacet
  facet normal  8.267757e-001 -5.625317e-001  1.182133e-004
    outer loop
      vertex -2.395687e+001  1.721391e+001  3.000000e+000
      vertex -2.404334e+001  1.709292e+001  3.205484e+001
      vertex -2.480690e+001  1.596457e+001  3.000000e+000
    endloop
  endfacet
  facet normal  7.998390e-001 -6.002145e-001 -1.188664e-004
    outer loop
      vertex -2.313153e+001  1.830798e+001  3.205484e+001
      vertex -2.404334e+001  1.709292e+001  3.205484e+001
      vertex -2.395687e+001  1.721391e+001  3.000000e+000
    endloop
  endfacet
  facet normal  7.968857e-001 -6.041301e-001  1.124678e-004
    outer loop
      vertex -2.304397e+001  1.841807e+001  3.000000e+000
      vertex -2.313153e+001  1.830798e+001  3.205484e+001
      vertex -2.395687e+001  1.721391e+001  3.000000e+000
    endloop
  endfacet
  facet normal  7.678804e-001 -6.405934e-001 -1.131135e-004
    outer loop
      vertex -2.215839e+001  1.947449e+001  3.205484e+001
      vertex -2.313153e+001  1.830798e+001  3.205484e+001
      vertex -2.304397e+001  1.841807e+001  3.000000e+000
    endloop
  endfacet
  facet normal  7.649048e-001 -6.441433e-001  1.066536e-004
    outer loop
      vertex -2.207061e+001  1.957392e+001  3.000000e+000
      vertex -2.215839e+001  1.947449e+001  3.205484e+001
      vertex -2.304397e+001  1.841807e+001  3.000000e+000
    endloop
  endfacet
  facet normal  7.338852e-001 -6.792735e-001 -1.072828e-004
    outer loop
      vertex -2.112649e+001  2.058935e+001  3.205484e+001
      vertex -2.215839e+001  1.947449e+001  3.205484e+001
      vertex -2.207061e+001  1.957392e+001  3.000000e+000
    endloop
  endfacet
  facet normal  7.309170e-001 -6.824663e-001  1.007483e-004
    outer loop
      vertex -2.103934e+001  2.067840e+001  3.000000e+000
      vertex -2.112649e+001  2.058935e+001  3.205484e+001
      vertex -2.207061e+001  1.957392e+001  3.000000e+000
    endloop
  endfacet
  facet normal  6.979442e-001 -7.161522e-001 -1.013920e-004
    outer loop
      vertex -2.003856e+001  2.164962e+001  3.205484e+001
      vertex -2.112649e+001  2.058935e+001  3.205484e+001
      vertex -2.103934e+001  2.067840e+001  3.000000e+000
    endloop
  endfacet
  facet normal  6.950107e-001 -7.189994e-001  9.482376e-005
    outer loop
      vertex -1.995287e+001  2.172862e+001  3.000000e+000
      vertex -2.003856e+001  2.164962e+001  3.205484e+001
      vertex -2.103934e+001  2.067840e+001  3.000000e+000
    endloop
  endfacet
  facet normal  6.601526e-001 -7.511315e-001 -9.535947e-005
    outer loop
      vertex -1.889750e+001  2.265247e+001  3.205484e+001
      vertex -2.003856e+001  2.164962e+001  3.205484e+001
      vertex -1.995287e+001  2.172862e+001  3.000000e+000
    endloop
  endfacet
  facet normal  6.572827e-001 -7.536442e-001  8.877926e-005
    outer loop
      vertex -1.881404e+001  2.272184e+001  3.000000e+000
      vertex -1.889750e+001  2.265247e+001  3.205484e+001
      vertex -1.995287e+001  2.172862e+001  3.000000e+000
    endloop
  endfacet
  facet normal  6.206090e-001 -7.841202e-001 -8.931638e-005
    outer loop
      vertex -1.770632e+001  2.359526e+001  3.205484e+001
      vertex -1.889750e+001  2.265247e+001  3.205484e+001
      vertex -1.881404e+001  2.272184e+001  3.000000e+000
    endloop
  endfacet
  facet normal  6.178273e-001 -7.863139e-001  8.268221e-005
    outer loop
      vertex -1.762585e+001  2.365543e+001  3.000000e+000
      vertex -1.770632e+001  2.359526e+001  3.205484e+001
      vertex -1.881404e+001  2.272184e+001  3.000000e+000
    endloop
  endfacet
  facet normal  5.794210e-001 -8.150284e-001 -8.315719e-005
    outer loop
      vertex -1.646819e+001  2.447547e+001  3.205484e+001
      vertex -1.770632e+001  2.359526e+001  3.205484e+001
      vertex -1.762585e+001  2.365543e+001  3.000000e+000
    endloop
  endfacet
  facet normal  5.767533e-001 -8.169184e-001  7.647643e-005
    outer loop
      vertex -1.639141e+001  2.452696e+001  3.000000e+000
      vertex -1.646819e+001  2.447547e+001  3.205484e+001
      vertex -1.762585e+001  2.365543e+001  3.000000e+000
    endloop
  endfacet
  facet normal  5.366964e-001 -8.437755e-001 -7.696328e-005
    outer loop
      vertex -1.518639e+001  2.529078e+001  3.205484e+001
      vertex -1.646819e+001  2.447547e+001  3.205484e+001
      vertex -1.639141e+001  2.452696e+001  3.000000e+000
    endloop
  endfacet
  facet normal  5.341644e-001 -8.453806e-001  7.024845e-005
    outer loop
      vertex -1.511397e+001  2.533413e+001  3.000000e+000
      vertex -1.518639e+001  2.529078e+001  3.205484e+001
      vertex -1.639141e+001  2.452696e+001  3.000000e+000
    endloop
  endfacet
  facet normal  4.925482e-001 -8.702852e-001 -7.063879e-005
    outer loop
      vertex -1.386431e+001  2.603902e+001  3.205484e+001
      vertex -1.518639e+001  2.529078e+001  3.205484e+001
      vertex -1.511397e+001  2.533413e+001  3.000000e+000
    endloop
  endfacet
  facet normal  4.901753e-001 -8.716239e-001  6.389427e-005
    outer loop
      vertex -1.379686e+001  2.607483e+001  3.000000e+000
      vertex -1.386431e+001  2.603902e+001  3.205484e+001
      vertex -1.511397e+001  2.533413e+001  3.000000e+000
    endloop
  endfacet
  facet normal  4.470932e-001 -8.944873e-001 -6.429505e-005
    outer loop
      vertex -1.250547e+001  2.671822e+001  3.205484e+001
      vertex -1.386431e+001  2.603902e+001  3.205484e+001
      vertex -1.379686e+001  2.607483e+001  3.000000e+000
    endloop
  endfacet
  facet normal  4.448990e-001 -8.955808e-001  5.745094e-005
    outer loop
      vertex -1.244356e+001  2.674711e+001  3.000000e+000
      vertex -1.250547e+001  2.671822e+001  3.205484e+001
      vertex -1.379686e+001  2.607483e+001  3.000000e+000
    endloop
  endfacet
  facet normal  4.004545e-001 -9.163167e-001 -5.788220e-005
    outer loop
      vertex -1.111347e+001  2.732656e+001  3.205484e+001
      vertex -1.250547e+001  2.671822e+001  3.205484e+001
      vertex -1.244356e+001  2.674711e+001  3.000000e+000
    endloop
  endfacet
  facet normal  3.984554e-001 -9.171876e-001  5.100735e-005
    outer loop
      vertex -1.105760e+001  2.734921e+001  3.000000e+000
      vertex -1.111347e+001  2.732656e+001  3.205484e+001
      vertex -1.244356e+001  2.674711e+001  3.000000e+000
    endloop
  endfacet
  facet normal  3.025571e-001 -9.531313e-001  5.316824e-005
    outer loop
      vertex -9.591750e+000  2.789710e+001  2.800000e+001
      vertex -9.642636e+000  2.787955e+001  3.000000e+000
      vertex -8.202368e+000  2.833675e+001  3.000000e+000
    endloop
  endfacet
  facet normal  3.009518e-001 -9.536394e-001 -4.498192e-005
    outer loop
      vertex -8.202368e+000  2.833675e+001  3.000000e+000
      vertex -8.158608e+000  2.834938e+001  2.800000e+001
      vertex -9.591750e+000  2.789710e+001  2.800000e+001
    endloop
  endfacet
  facet normal  2.533528e-001 -9.673740e-001  4.527303e-005
    outer loop
      vertex -8.158608e+000  2.834938e+001  2.800000e+001
      vertex -8.202368e+000  2.833675e+001  3.000000e+000
      vertex -6.740578e+000  2.871959e+001  3.000000e+000
    endloop
  endfacet
  facet normal  2.519944e-001 -9.677288e-001 -3.703490e-005
    outer loop
      vertex -6.740578e+000  2.871959e+001  3.000000e+000
      vertex -6.704294e+000  2.872808e+001  2.800000e+001
      vertex -8.158608e+000  2.834938e+001  2.800000e+001
    endloop
  endfacet
  facet normal  2.034858e-001 -9.790780e-001  3.722334e-005
    outer loop
      vertex -6.704294e+000  2.872808e+001  2.800000e+001
      vertex -6.740578e+000  2.871959e+001  3.000000e+000
      vertex -5.261102e+000  2.902707e+001  3.000000e+000
    endloop
  endfacet
  facet normal  2.023856e-001 -9.793059e-001 -2.901372e-005
    outer loop
      vertex -5.261102e+000  2.902707e+001  3.000000e+000
      vertex -5.232580e+000  2.903222e+001  2.800000e+001
      vertex -6.704294e+000  2.872808e+001  2.800000e+001
    endloop
  endfacet
  facet normal -2.034858e-001 -9.790780e-001  3.722334e-005
    outer loop
      vertex  6.740578e+000  2.871959e+001  3.000000e+000
      vertex  6.704294e+000  2.872808e+001  2.800000e+001
      vertex  5.261102e+000  2.902707e+001  3.000000e+000
    endloop
  endfacet
  facet normal -2.519944e-001 -9.677288e-001 -3.703490e-005
    outer loop
      vertex  8.158608e+000  2.834938e+001  2.800000e+001
      vertex  6.704294e+000  2.872808e+001  2.800000e+001
      vertex  6.740578e+000  2.871959e+001  3.000000e+000
    endloop
  endfacet
  facet normal -2.533529e-001 -9.673739e-001  4.527304e-005
    outer loop
      vertex  8.202368e+000  2.833675e+001  3.000000e+000
      vertex  8.158608e+000  2.834938e+001  2.800000e+001
      vertex  6.740578e+000  2.871959e+001  3.000000e+000
    endloop
  endfacet
  facet normal -3.009518e-001 -9.536394e-001 -4.498192e-005
    outer loop
      vertex  9.591750e+000  2.789710e+001  2.800000e+001
      vertex  8.158608e+000  2.834938e+001  2.800000e+001
      vertex  8.202368e+000  2.833675e+001  3.000000e+000
    endloop
  endfacet
  facet normal -3.025571e-001 -9.531313e-001  5.316819e-005
    outer loop
      vertex  9.642636e+000  2.787955e+001  3.000000e+000
      vertex  9.591750e+000  2.789710e+001  2.800000e+001
      vertex  8.202368e+000  2.833675e+001  3.000000e+000
    endloop
  endfacet
  facet normal -3.984554e-001 -9.171876e-001  5.100731e-005
    outer loop
      vertex  1.111347e+001  2.732656e+001  3.205484e+001
      vertex  1.105760e+001  2.734921e+001  3.000000e+000
      vertex  1.244356e+001  2.674711e+001  3.000000e+000
    endloop
  endfacet
  facet normal -4.004545e-001 -9.163167e-001 -5.788220e-005
    outer loop
      vertex  1.244356e+001  2.674711e+001  3.000000e+000
      vertex  1.250547e+001  2.671822e+001  3.205484e+001
      vertex  1.111347e+001  2.732656e+001  3.205484e+001
    endloop
  endfacet
  facet normal -4.448990e-001 -8.955808e-001  5.745094e-005
    outer loop
      vertex  1.250547e+001  2.671822e+001  3.205484e+001
      vertex  1.244356e+001  2.674711e+001  3.000000e+000
      vertex  1.379686e+001  2.607483e+001  3.000000e+000
    endloop
  endfacet
  facet normal -4.470932e-001 -8.944873e-001 -6.429505e-005
    outer loop
      vertex  1.379686e+001  2.607483e+001  3.000000e+000
      vertex  1.386431e+001  2.603902e+001  3.205484e+001
      vertex  1.250547e+001  2.671822e+001  3.205484e+001
    endloop
  endfacet
  facet normal -4.901753e-001 -8.716239e-001  6.389436e-005
    outer loop
      vertex  1.386431e+001  2.603902e+001  3.205484e+001
      vertex  1.379686e+001  2.607483e+001  3.000000e+000
      vertex  1.511397e+001  2.533413e+001  3.000000e+000
    endloop
  endfacet
  facet normal -4.925482e-001 -8.702852e-001 -7.063879e-005
    outer loop
      vertex  1.511397e+001  2.533413e+001  3.000000e+000
      vertex  1.518639e+001  2.529078e+001  3.205484e+001
      vertex  1.386431e+001  2.603902e+001  3.205484e+001
    endloop
  endfacet
  facet normal -5.341644e-001 -8.453806e-001  7.024854e-005
    outer loop
      vertex  1.518639e+001  2.529078e+001  3.205484e+001
      vertex  1.511397e+001  2.533413e+001  3.000000e+000
      vertex  1.639141e+001  2.452696e+001  3.000000e+000
    endloop
  endfacet
  facet normal -5.366964e-001 -8.437755e-001 -7.696328e-005
    outer loop
      vertex  1.639141e+001  2.452696e+001  3.000000e+000
      vertex  1.646819e+001  2.447547e+001  3.205484e+001
      vertex  1.518639e+001  2.529078e+001  3.205484e+001
    endloop
  endfacet
  facet normal -5.767533e-001 -8.169184e-001  7.647651e-005
    outer loop
      vertex  1.646819e+001  2.447547e+001  3.205484e+001
      vertex  1.639141e+001  2.452696e+001  3.000000e+000
      vertex  1.762585e+001  2.365543e+001  3.000000e+000
    endloop
  endfacet
  facet normal -5.794210e-001 -8.150284e-001 -8.315719e-005
    outer loop
      vertex  1.762585e+001  2.365543e+001  3.000000e+000
      vertex  1.770632e+001  2.359526e+001  3.205484e+001
      vertex  1.646819e+001  2.447547e+001  3.205484e+001
    endloop
  endfacet
  facet normal -6.178273e-001 -7.863138e-001  8.268204e-005
    outer loop
      vertex  1.770632e+001  2.359526e+001  3.205484e+001
      vertex  1.762585e+001  2.365543e+001  3.000000e+000
      vertex  1.881404e+001  2.272184e+001  3.000000e+000
    endloop
  endfacet
  facet normal -6.206090e-001 -7.841202e-001 -8.931638e-005
    outer loop
      vertex  1.881404e+001  2.272184e+001  3.000000e+000
      vertex  1.889750e+001  2.265247e+001  3.205484e+001
      vertex  1.770632e+001  2.359526e+001  3.205484e+001
    endloop
  endfacet
  facet normal -6.572827e-001 -7.536442e-001  8.877908e-005
    outer loop
      vertex  1.889750e+001  2.265247e+001  3.205484e+001
      vertex  1.881404e+001  2.272184e+001  3.000000e+000
      vertex  1.995287e+001  2.172862e+001  3.000000e+000
    endloop
  endfacet
  facet normal -6.601526e-001 -7.511315e-001 -9.535947e-005
    outer loop
      vertex  1.995287e+001  2.172862e+001  3.000000e+000
      vertex  2.003856e+001  2.164962e+001  3.205484e+001
      vertex  1.889750e+001  2.265247e+001  3.205484e+001
    endloop
  endfacet
  facet normal -6.950107e-001 -7.189994e-001  9.482376e-005
    outer loop
      vertex  2.003856e+001  2.164962e+001  3.205484e+001
      vertex  1.995287e+001  2.172862e+001  3.000000e+000
      vertex  2.103934e+001  2.067840e+001  3.000000e+000
    endloop
  endfacet
  facet normal -6.979442e-001 -7.161522e-001 -1.013920e-004
    outer loop
      vertex  2.103934e+001  2.067840e+001  3.000000e+000
      vertex  2.112649e+001  2.058935e+001  3.205484e+001
      vertex  2.003856e+001  2.164962e+001  3.205484e+001
    endloop
  endfacet
  facet normal -7.309170e-001 -6.824663e-001  1.007484e-004
    outer loop
      vertex  2.112649e+001  2.058935e+001  3.205484e+001
      vertex  2.103934e+001  2.067840e+001  3.000000e+000
      vertex  2.207061e+001  1.957392e+001  3.000000e+000
    endloop
  endfacet
  facet normal -7.338852e-001 -6.792735e-001 -1.072828e-004
    outer loop
      vertex  2.207061e+001  1.957392e+001  3.000000e+000
      vertex  2.215839e+001  1.947449e+001  3.205484e+001
      vertex  2.112649e+001  2.058935e+001  3.205484e+001
    endloop
  endfacet
  facet normal -7.649049e-001 -6.441433e-001  1.066538e-004
    outer loop
      vertex  2.215839e+001  1.947449e+001  3.205484e+001
      vertex  2.207061e+001  1.957392e+001  3.000000e+000
      vertex  2.304397e+001  1.841807e+001  3.000000e+000
    endloop
  endfacet
  facet normal -7.678804e-001 -6.405934e-001 -1.131135e-004
    outer loop
      vertex  2.304397e+001  1.841807e+001  3.000000e+000
      vertex  2.313153e+001  1.830798e+001  3.205484e+001
      vertex  2.215839e+001  1.947449e+001  3.205484e+001
    endloop
  endfacet
  facet normal -7.968858e-001 -6.041301e-001  1.124678e-004
    outer loop
      vertex  2.313153e+001  1.830798e+001  3.205484e+001
      vertex  2.304397e+001  1.841807e+001  3.000000e+000
      vertex  2.395687e+001  1.721391e+001  3.000000e+000
    endloop
  endfacet
  facet normal -7.998390e-001 -6.002145e-001 -1.188664e-004
    outer loop
      vertex  2.395687e+001  1.721391e+001  3.000000e+000
      vertex  2.404334e+001  1.709292e+001  3.205484e+001
      vertex  2.313153e+001  1.830798e+001  3.205484e+001
    endloop
  endfacet
  facet normal -8.267757e-001 -5.625317e-001  1.182133e-004
    outer loop
      vertex  2.404334e+001  1.709292e+001  3.205484e+001
      vertex  2.395687e+001  1.721391e+001  3.000000e+000
      vertex  2.480690e+001  1.596457e+001  3.000000e+000
    endloop
  endfacet
  facet normal -8.296775e-001 -5.582431e-001 -1.245945e-004
    outer loop
      vertex  2.480690e+001  1.596457e+001  3.000000e+000
      vertex  2.489138e+001  1.583254e+001  3.205484e+001
      vertex  2.404334e+001  1.709292e+001  3.205484e+001
    endloop
  endfacet
  facet normal -8.544967e-001 -5.194570e-001  1.238255e-004
    outer loop
      vertex  2.489138e+001  1.583254e+001  3.205484e+001
      vertex  2.480690e+001  1.596457e+001  3.000000e+000
      vertex  2.559185e+001  1.467335e+001  3.000000e+000
    endloop
  endfacet
  facet normal -8.573146e-001 -5.147928e-001 -1.301962e-004
    outer loop
      vertex  2.559185e+001  1.467335e+001  3.000000e+000
      vertex  2.567341e+001  1.453017e+001  3.205484e+001
      vertex  2.489138e+001  1.583254e+001  3.205484e+001
    endloop
  endfacet
  facet normal -8.799751e-001 -4.750199e-001  1.294230e-004
    outer loop
      vertex  2.567341e+001  1.453017e+001  3.205484e+001
      vertex  2.559185e+001  1.467335e+001  3.000000e+000
      vertex  2.630965e+001  1.334363e+001  3.000000e+000
    endloop
  endfacet
  facet normal -8.826786e-001 -4.699773e-001 -1.357062e-004
    outer loop
      vertex  2.630965e+001  1.334363e+001  3.000000e+000
      vertex  2.638737e+001  1.318927e+001  3.205484e+001
      vertex  2.567341e+001  1.453017e+001  3.205484e+001
    endloop
  endfacet
  facet normal -9.031445e-001 -4.293368e-001  1.349557e-004
    outer loop
      vertex  2.638737e+001  1.318927e+001  3.205484e+001
      vertex  2.630965e+001  1.334363e+001  3.000000e+000
      vertex  2.695841e+001  1.197890e+001  3.000000e+000
    endloop
  endfacet
  facet normal -9.057023e-001 -4.239144e-001 -1.412030e-004
    outer loop
      vertex  2.695841e+001  1.197890e+001  3.000000e+000
      vertex  2.703135e+001  1.181339e+001  3.205484e+001
      vertex  2.638737e+001  1.318927e+001  3.205484e+001
    endloop
  endfacet
  facet normal -9.239448e-001 -3.825259e-001  1.403519e-004
    outer loop
      vertex  2.703135e+001  1.181339e+001  3.205484e+001
      vertex  2.695841e+001  1.197890e+001  3.000000e+000
      vertex  2.753645e+001  1.058273e+001  3.000000e+000
    endloop
  endfacet
  facet normal -9.263243e-001 -3.767272e-001 -1.466284e-004
    outer loop
      vertex  2.753645e+001  1.058273e+001  3.000000e+000
      vertex  2.760365e+001  1.040619e+001  3.205484e+001
      vertex  2.703135e+001  1.181339e+001  3.205484e+001
    endloop
  endfacet
  facet normal -9.423207e-001 -3.347114e-001  1.456668e-004
    outer loop
      vertex  2.760365e+001  1.040619e+001  3.205484e+001
      vertex  2.753645e+001  1.058273e+001  3.000000e+000
      vertex  2.804222e+001  9.158798e+000  3.000000e+000
    endloop
  endfacet
  facet normal -9.444891e-001 -3.285427e-001 -1.519009e-004
    outer loop
      vertex  2.804222e+001  9.158798e+000  3.000000e+000
      vertex  2.810274e+001  8.971388e+000  3.205484e+001
      vertex  2.760365e+001  1.040619e+001  3.205484e+001
    endloop
  endfacet
  facet normal -9.582235e-001 -2.860206e-001  1.509833e-004
    outer loop
      vertex  2.810274e+001  8.971388e+000  3.205484e+001
      vertex  2.804222e+001  9.158798e+000  3.000000e+000
      vertex  2.847443e+001  7.710835e+000  3.000000e+000
    endloop
  endfacet
  facet normal -9.601499e-001 -2.794854e-001 -1.571939e-004
    outer loop
      vertex  2.847443e+001  7.710835e+000  3.000000e+000
      vertex  2.852732e+001  7.512798e+000  3.205484e+001
      vertex  2.810274e+001  8.971388e+000  3.205484e+001
    endloop
  endfacet
  facet normal -9.716129e-001 -2.365765e-001  1.561381e-004
    outer loop
      vertex  2.852732e+001  7.512798e+000  3.205484e+001
      vertex  2.847443e+001  7.710835e+000  3.000000e+000
      vertex  2.883192e+001  6.242640e+000  3.000000e+000
    endloop
  endfacet
  facet normal -9.732640e-001 -2.296888e-001 -1.622730e-004
    outer loop
      vertex  2.883192e+001  6.242640e+000  3.000000e+000
      vertex  2.887624e+001  6.034286e+000  3.205484e+001
      vertex  2.852732e+001  7.512798e+000  3.205484e+001
    endloop
  endfacet
  facet normal  9.970175e-001 -7.717525e-002 -4.161869e-004
    outer loop
      vertex -2.940328e+001  2.386858e+000  5.000000e+001
      vertex -2.934365e+001  3.033219e+000  7.300000e+001
      vertex -2.946089e+001  1.518623e+000  7.300000e+001
    endloop
  endfacet
  facet normal  9.948786e-001 -1.010757e-001  2.610254e-004
    outer loop
      vertex -2.928253e+001  3.575393e+000  5.000000e+001
      vertex -2.934365e+001  3.033219e+000  7.300000e+001
      vertex -2.940328e+001  2.386858e+000  5.000000e+001
    endloop
  endfacet
  facet normal  9.917224e-001 -1.283994e-001 -3.914559e-004
    outer loop
      vertex -2.914859e+001  4.539772e+000  7.300000e+001
      vertex -2.934365e+001  3.033219e+000  7.300000e+001
      vertex -2.928253e+001  3.575393e+000  5.000000e+001
    endloop
  endfacet
  facet normal  3.041145e-001 -9.526355e-001 -6.885827e-005
    outer loop
      vertex -8.244826e+000  2.832442e+001  7.300000e+001
      vertex -9.692000e+000  2.786243e+001  7.300000e+001
      vertex -9.591750e+000  2.789710e+001  3.610969e+001
    endloop
  endfacet
  facet normal  3.009518e-001 -9.536393e-001  5.824406e-005
    outer loop
      vertex -8.158608e+000  2.834938e+001  3.610969e+001
      vertex -8.244826e+000  2.832442e+001  7.300000e+001
      vertex -9.591750e+000  2.789710e+001  3.610969e+001
    endloop
  endfacet
  facet normal  2.546718e-001 -9.670275e-001 -5.897564e-005
    outer loop
      vertex -6.775788e+000  2.871130e+001  7.300000e+001
      vertex -8.244826e+000  2.832442e+001  7.300000e+001
      vertex -8.158608e+000  2.834938e+001  3.610969e+001
    endloop
  endfacet
  facet normal  2.519944e-001 -9.677288e-001  4.826765e-005
    outer loop
      vertex -6.704294e+000  2.872808e+001  3.610969e+001
      vertex -6.775788e+000  2.871130e+001  7.300000e+001
      vertex -8.158608e+000  2.834938e+001  3.610969e+001
    endloop
  endfacet
  facet normal  2.045514e-001 -9.788558e-001 -4.873857e-005
    outer loop
      vertex -5.288783e+000  2.902204e+001  7.300000e+001
      vertex -6.775788e+000  2.871130e+001  7.300000e+001
      vertex -6.704294e+000  2.872808e+001  3.610969e+001
    endloop
  endfacet
  facet normal  2.023856e-001 -9.793059e-001  3.795284e-005
    outer loop
      vertex -5.232580e+000  2.903222e+001  3.610969e+001
      vertex -5.288783e+000  2.902204e+001  7.300000e+001
      vertex -6.704294e+000  2.872808e+001  3.610969e+001
    endloop
  endfacet
  facet normal  1.538910e-001 -9.880879e-001 -3.835349e-005
    outer loop
      vertex -3.787751e+000  2.925582e+001  7.300000e+001
      vertex -5.288783e+000  2.902204e+001  7.300000e+001
      vertex -5.232580e+000  2.903222e+001  3.610969e+001
    endloop
  endfacet
  facet normal  1.522515e-001 -9.883417e-001  2.739479e-005
    outer loop
      vertex -3.747287e+000  2.926103e+001  3.610969e+001
      vertex -3.787751e+000  2.925582e+001  7.300000e+001
      vertex -5.232580e+000  2.903222e+001  3.610969e+001
    endloop
  endfacet
  facet normal  1.028212e-001 -9.946999e-001 -2.772227e-005
    outer loop
      vertex -2.276676e+000  2.941202e+001  7.300000e+001
      vertex -3.787751e+000  2.925582e+001  7.300000e+001
      vertex -3.747287e+000  2.926103e+001  3.610969e+001
    endloop
  endfacet
  facet normal  1.017202e-001 -9.948131e-001  1.663529e-005
    outer loop
      vertex -2.252269e+000  2.941390e+001  3.610969e+001
      vertex -2.276676e+000  2.941202e+001  7.300000e+001
      vertex -3.747287e+000  2.926103e+001  3.610969e+001
    endloop
  endfacet
  facet normal -1.028212e-001 -9.946999e-001 -2.772227e-005
    outer loop
      vertex  3.747287e+000  2.926103e+001  3.610969e+001
      vertex  3.787751e+000  2.925582e+001  7.300000e+001
      vertex  2.276676e+000  2.941202e+001  7.300000e+001
    endloop
  endfacet
  facet normal -1.522515e-001 -9.883417e-001  2.739480e-005
    outer loop
      vertex  3.787751e+000  2.925582e+001  7.300000e+001
      vertex  3.747287e+000  2.926103e+001  3.610969e+001
      vertex  5.232580e+000  2.903222e+001  3.610969e+001
    endloop
  endfacet
  facet normal -1.538910e-001 -9.880879e-001 -3.835349e-005
    outer loop
      vertex  5.232580e+000  2.903222e+001  3.610969e+001
      vertex  5.288783e+000  2.902204e+001  7.300000e+001
      vertex  3.787751e+000  2.925582e+001  7.300000e+001
    endloop
  endfacet
  facet normal -2.023856e-001 -9.793059e-001  3.795286e-005
    outer loop
      vertex  5.288783e+000  2.902204e+001  7.300000e+001
      vertex  5.232580e+000  2.903222e+001  3.610969e+001
      vertex  6.704294e+000  2.872808e+001  3.610969e+001
    endloop
  endfacet
  facet normal -2.045514e-001 -9.788558e-001 -4.873857e-005
    outer loop
      vertex  6.704294e+000  2.872808e+001  3.610969e+001
      vertex  6.775788e+000  2.871130e+001  7.300000e+001
      vertex  5.288783e+000  2.902204e+001  7.300000e+001
    endloop
  endfacet
  facet normal -2.519944e-001 -9.677288e-001  4.826765e-005
    outer loop
      vertex  6.775788e+000  2.871130e+001  7.300000e+001
      vertex  6.704294e+000  2.872808e+001  3.610969e+001
      vertex  8.158608e+000  2.834938e+001  3.610969e+001
    endloop
  endfacet
  facet normal -2.546718e-001 -9.670275e-001 -5.897564e-005
    outer loop
      vertex  8.158608e+000  2.834938e+001  3.610969e+001
      vertex  8.244826e+000  2.832442e+001  7.300000e+001
      vertex  6.775788e+000  2.871130e+001  7.300000e+001
    endloop
  endfacet
  facet normal -3.009518e-001 -9.536393e-001  5.824406e-005
    outer loop
      vertex  8.244826e+000  2.832442e+001  7.300000e+001
      vertex  8.158608e+000  2.834938e+001  3.610969e+001
      vertex  9.591750e+000  2.789710e+001  3.610969e+001
    endloop
  endfacet
  facet normal -3.041145e-001 -9.526355e-001 -6.885827e-005
    outer loop
      vertex  9.591750e+000  2.789710e+001  3.610969e+001
      vertex  9.692000e+000  2.786243e+001  7.300000e+001
      vertex  8.244826e+000  2.832442e+001  7.300000e+001
    endloop
  endfacet
  facet normal -9.899706e-001 -1.412741e-001  1.585789e-004
    outer loop
      vertex  2.928253e+001  3.575393e+000  5.000000e+001
      vertex  2.914859e+001  4.539772e+000  7.300000e+001
      vertex  2.911376e+001  4.758065e+000  5.000000e+001
    endloop
  endfacet
  facet normal -9.917224e-001 -1.283994e-001 -3.914559e-004
    outer loop
      vertex  2.928253e+001  3.575393e+000  5.000000e+001
      vertex  2.934365e+001  3.033219e+000  7.300000e+001
      vertex  2.914859e+001  4.539772e+000  7.300000e+001
    endloop
  endfacet
  facet normal -9.948786e-001 -1.010757e-001  2.610253e-004
    outer loop
      vertex  2.934365e+001  3.033219e+000  7.300000e+001
      vertex  2.928253e+001  3.575393e+000  5.000000e+001
      vertex  2.940328e+001  2.386858e+000  5.000000e+001
    endloop
  endfacet
  facet normal -9.970175e-001 -7.717525e-002 -4.161869e-004
    outer loop
      vertex  2.940328e+001  2.386858e+000  5.000000e+001
      vertex  2.946089e+001  1.518623e+000  7.300000e+001
      vertex  2.934365e+001  3.033219e+000  7.300000e+001
    endloop
  endfacet
  facet normal  3.491262e-001 -9.370757e-001  6.808538e-005
    outer loop
      vertex -1.100000e+001  2.737243e+001  3.610969e+001
      vertex -9.591750e+000  2.789710e+001  3.610969e+001
      vertex -9.692000e+000  2.786243e+001  7.300000e+001
    endloop
  endfacet
  facet normal  3.527522e-001 -9.357168e-001 -7.852689e-005
    outer loop
      vertex -1.100000e+001  2.737243e+001  3.610969e+001
      vertex -9.692000e+000  2.786243e+001  7.300000e+001
      vertex -1.111347e+001  2.732656e+001  7.300000e+001
    endloop
  endfacet
  facet normal  3.748004e-001 -9.271054e-001  0.000000e+000
    outer loop
      vertex -1.100000e+001  2.737243e+001  3.610969e+001
      vertex -1.111347e+001  2.732656e+001  7.300000e+001
      vertex -1.111347e+001  2.732656e+001  3.205484e+001
    endloop
  endfacet
  facet normal -3.748004e-001 -9.271054e-001  0.000000e+000
    outer loop
      vertex  1.100000e+001  2.737243e+001  3.610969e+001
      vertex  1.111347e+001  2.732656e+001  3.205484e+001
      vertex  1.111347e+001  2.732656e+001  7.300000e+001
    endloop
  endfacet
  facet normal -3.527522e-001 -9.357168e-001 -7.852769e-005
    outer loop
      vertex  1.100000e+001  2.737243e+001  3.610969e+001
      vertex  1.111347e+001  2.732656e+001  7.300000e+001
      vertex  9.692000e+000  2.786243e+001  7.300000e+001
    endloop
  endfacet
  facet normal -3.491262e-001 -9.370757e-001  6.808538e-005
    outer loop
      vertex  1.100000e+001  2.737243e+001  3.610969e+001
      vertex  9.692000e+000  2.786243e+001  7.300000e+001
      vertex  9.591750e+000  2.789710e+001  3.610969e+001
    endloop
  endfacet
  facet normal -3.491262e-001 -9.370757e-001 -5.289023e-005
    outer loop
      vertex  1.100000e+001  2.737243e+001  2.800000e+001
      vertex  9.591750e+000  2.789710e+001  2.800000e+001
      vertex  9.642636e+000  2.787955e+001  3.000000e+000
    endloop
  endfacet
  facet normal -3.509664e-001 -9.363881e-001  6.096743e-005
    outer loop
      vertex  1.100000e+001  2.737243e+001  2.800000e+001
      vertex  9.642636e+000  2.787955e+001  3.000000e+000
      vertex  1.105760e+001  2.734921e+001  3.000000e+000
    endloop
  endfacet
  facet normal -3.747275e-001 -9.271349e-001 -2.375056e-006
    outer loop
      vertex  1.100000e+001  2.737243e+001  2.800000e+001
      vertex  1.105760e+001  2.734921e+001  3.000000e+000
      vertex  1.111347e+001  2.732656e+001  3.205484e+001
    endloop
  endfacet
  facet normal -3.748004e-001 -9.271055e-001  0.000000e+000
    outer loop
      vertex  1.100000e+001  2.737243e+001  2.800000e+001
      vertex  1.111347e+001  2.732656e+001  3.205484e+001
      vertex  1.100000e+001  2.737243e+001  3.610969e+001
    endloop
  endfacet
  facet normal  3.748004e-001 -9.271055e-001  0.000000e+000
    outer loop
      vertex -1.100000e+001  2.737243e+001  2.800000e+001
      vertex -1.100000e+001  2.737243e+001  3.610969e+001
      vertex -1.111347e+001  2.732656e+001  3.205484e+001
    endloop
  endfacet
  facet normal  3.747275e-001 -9.271349e-001 -2.375056e-006
    outer loop
      vertex -1.100000e+001  2.737243e+001  2.800000e+001
      vertex -1.111347e+001  2.732656e+001  3.205484e+001
      vertex -1.105760e+001  2.734921e+001  3.000000e+000
    endloop
  endfacet
  facet normal  3.509664e-001 -9.363881e-001  6.096777e-005
    outer loop
      vertex -1.100000e+001  2.737243e+001  2.800000e+001
      vertex -1.105760e+001  2.734921e+001  3.000000e+000
      vertex -9.642636e+000  2.787955e+001  3.000000e+000
    endloop
  endfacet
  facet normal  3.491262e-001 -9.370757e-001 -5.289018e-005
    outer loop
      vertex -1.100000e+001  2.737243e+001  2.800000e+001
      vertex -9.642636e+000  2.787955e+001  3.000000e+000
      vertex -9.591750e+000  2.789710e+001  2.800000e+001
    endloop
  endfacet
  facet normal  9.831195e-001 -1.829646e-001  0.000000e+000
    outer loop
      vertex -2.911376e+001  4.758065e+000  5.000000e+001
      vertex -2.911376e+001  4.758065e+000  3.000000e+000
      vertex -2.887624e+001  6.034286e+000  3.205484e+001
    endloop
  endfacet
  facet normal  9.831195e-001 -1.829646e-001  0.000000e+000
    outer loop
      vertex -2.911376e+001  4.758065e+000  5.000000e+001
      vertex -2.887624e+001  6.034286e+000  3.205484e+001
      vertex -2.887624e+001  6.034286e+000  7.300000e+001
    endloop
  endfacet
  facet normal  9.837982e-001 -1.792796e-001 -2.114793e-004
    outer loop
      vertex -2.911376e+001  4.758065e+000  5.000000e+001
      vertex -2.887624e+001  6.034286e+000  7.300000e+001
      vertex -2.914859e+001  4.539772e+000  7.300000e+001
    endloop
  endfacet
  facet normal  9.899706e-001 -1.412741e-001  1.585789e-004
    outer loop
      vertex -2.911376e+001  4.758065e+000  5.000000e+001
      vertex -2.914859e+001  4.539772e+000  7.300000e+001
      vertex -2.928253e+001  3.575393e+000  5.000000e+001
    endloop
  endfacet
  facet normal -9.837982e-001 -1.792796e-001  0.000000e+000
    outer loop
      vertex  2.887624e+001  6.034286e+000  7.300000e+001
      vertex  2.887624e+001  6.034286e+000  3.205484e+001
      vertex  2.914859e+001  4.539772e+000  7.300000e+001
    endloop
  endfacet
  facet normal -9.823900e-001 -1.868416e-001 -2.853829e-004
    outer loop
      vertex  2.914859e+001  4.539772e+000  7.300000e+001
      vertex  2.887624e+001  6.034286e+000  3.205484e+001
      vertex  2.911376e+001  4.758065e+000  5.000000e+001
    endloop
  endfacet
  facet normal -9.836440e-001 -1.801234e-001  2.089989e-004
    outer loop
      vertex  2.887624e+001  6.034286e+000  3.205484e+001
      vertex  2.883192e+001  6.242640e+000  3.000000e+000
      vertex  2.911376e+001  4.758065e+000  5.000000e+001
    endloop
  endfacet
  facet normal -9.824524e-001 -1.865138e-001  -0.000000e+000
    outer loop
      vertex  2.911376e+001  4.758065e+000  5.000000e+001
      vertex  2.883192e+001  6.242640e+000  3.000000e+000
      vertex  2.911376e+001  4.758065e+000  3.000000e+000
    endloop
  endfacet
  facet normal -2.023856e-001 -9.793059e-001 -2.901372e-005
    outer loop
      vertex  6.704294e+000  2.872808e+001  2.800000e+001
      vertex  5.232580e+000  2.903222e+001  2.800000e+001
      vertex  5.261102e+000  2.902707e+001  3.000000e+000
    endloop
  endfacet
  facet normal -1.522515e-001 -9.883417e-001  3.004507e-005
    outer loop
      vertex  5.261102e+000  2.902707e+001  3.000000e+000
      vertex  5.232580e+000  2.903222e+001  2.800000e+001
      vertex  3.747287e+000  2.926103e+001  2.800000e+001
    endloop
  endfacet
  facet normal -1.530823e-001 -9.882135e-001 -2.146359e-005
    outer loop
      vertex  5.261102e+000  2.902707e+001  3.000000e+000
      vertex  3.747287e+000  2.926103e+001  2.800000e+001
      vertex  3.767821e+000  2.925839e+001  3.000000e+000
    endloop
  endfacet
  facet normal -1.017201e-001 -9.948130e-001  2.141917e-005
    outer loop
      vertex  3.767821e+000  2.925839e+001  3.000000e+000
      vertex  3.747287e+000  2.926103e+001  2.800000e+001
      vertex  2.252269e+000  2.941390e+001  2.800000e+001
    endloop
  endfacet
  facet normal -1.022787e-001 -9.947558e-001 -1.279838e-005
    outer loop
      vertex  3.767821e+000  2.925839e+001  3.000000e+000
      vertex  2.252269e+000  2.941390e+001  2.800000e+001
      vertex  2.264654e+000  2.941294e+001  3.000000e+000
    endloop
  endfacet
  facet normal -5.092607e-002 -9.987024e-001  1.279223e-005
    outer loop
      vertex  2.264654e+000  2.941294e+001  3.000000e+000
      vertex  2.252269e+000  2.941390e+001  2.800000e+001
      vertex  7.514064e-001  2.949043e+001  2.800000e+001
    endloop
  endfacet
  facet normal -5.120626e-002 -9.986881e-001 -4.211231e-006
    outer loop
      vertex  2.264654e+000  2.941294e+001  3.000000e+000
      vertex  7.514064e-001  2.949043e+001  2.800000e+001
      vertex  7.555456e-001  2.949032e+001  3.000000e+000
    endloop
  endfacet
  facet normal  0.000000e+000 -9.999999e-001  4.272461e-006
    outer loop
      vertex  7.555456e-001  2.949032e+001  3.000000e+000
      vertex  7.514064e-001  2.949043e+001  2.800000e+001
      vertex -7.514064e-001  2.949043e+001  2.800000e+001
    endloop
  endfacet
  facet normal  0.000000e+000 -1.000000e+000  4.272461e-006
    outer loop
      vertex  7.555456e-001  2.949032e+001  3.000000e+000
      vertex -7.514064e-001  2.949043e+001  2.800000e+001
      vertex -7.555456e-001  2.949032e+001  3.000000e+000
    endloop
  endfacet
  facet normal  5.092607e-002 -9.987024e-001 -4.164780e-006
    outer loop
      vertex -7.555456e-001  2.949032e+001  3.000000e+000
      vertex -7.514064e-001  2.949043e+001  2.800000e+001
      vertex -2.252269e+000  2.941390e+001  2.800000e+001
    endloop
  endfacet
  facet normal  5.120626e-002 -9.986881e-001  1.265289e-005
    outer loop
      vertex -7.555456e-001  2.949032e+001  3.000000e+000
      vertex -2.252269e+000  2.941390e+001  2.800000e+001
      vertex -2.264654e+000  2.941294e+001  3.000000e+000
    endloop
  endfacet
  facet normal  1.017201e-001 -9.948130e-001 -1.251948e-005
    outer loop
      vertex -2.264654e+000  2.941294e+001  3.000000e+000
      vertex -2.252269e+000  2.941390e+001  2.800000e+001
      vertex -3.747287e+000  2.926103e+001  2.800000e+001
    endloop
  endfacet
  facet normal  1.022787e-001 -9.947558e-001  2.095436e-005
    outer loop
      vertex -2.264654e+000  2.941294e+001  3.000000e+000
      vertex -3.747287e+000  2.926103e+001  2.800000e+001
      vertex -3.767821e+000  2.925839e+001  3.000000e+000
    endloop
  endfacet
  facet normal  1.522515e-001 -9.883417e-001 -2.076766e-005
    outer loop
      vertex -3.767821e+000  2.925839e+001  3.000000e+000
      vertex -3.747287e+000  2.926103e+001  2.800000e+001
      vertex -5.232580e+000  2.903222e+001  2.800000e+001
    endloop
  endfacet
  facet normal  1.530823e-001 -9.882135e-001  2.907077e-005
    outer loop
      vertex -3.767821e+000  2.925839e+001  3.000000e+000
      vertex -5.232580e+000  2.903222e+001  2.800000e+001
      vertex -5.261102e+000  2.902707e+001  3.000000e+000
    endloop
  endfacet
  facet normal  9.981553e-001 -6.071280e-002  2.081097e-004
    outer loop
      vertex -2.940328e+001  2.386858e+000  5.000000e+001
      vertex -2.946089e+001  1.518623e+000  7.300000e+001
      vertex -2.947581e+001  1.194408e+000  5.000000e+001
    endloop
  endfacet
  facet normal  9.996684e-001 -2.574768e-002 -2.857509e-004
    outer loop
      vertex -2.947581e+001  1.194408e+000  5.000000e+001
      vertex -2.946089e+001  1.518623e+000  7.300000e+001
      vertex -2.950000e+001  3.612708e-015  7.300000e+001
    endloop
  endfacet
  facet normal  9.997951e-001 -2.024771e-002  0.000000e+000
    outer loop
      vertex -2.947581e+001  1.194408e+000  5.000000e+001
      vertex -2.950000e+001  3.612708e-015  7.300000e+001
      vertex -2.950000e+001  3.612708e-015  5.000000e+001
    endloop
  endfacet
  facet normal  7.998391e-001 -6.002146e-001  0.000000e+000
    outer loop
      vertex -2.313153e+001  1.830798e+001  3.205484e+001
      vertex -2.404334e+001  1.709292e+001  7.300000e+001
      vertex -2.404334e+001  1.709292e+001  3.205484e+001
    endloop
  endfacet
  facet normal  8.296775e-001 -5.582431e-001  0.000000e+000
    outer loop
      vertex -2.404334e+001  1.709292e+001  3.205484e+001
      vertex -2.404334e+001  1.709292e+001  7.300000e+001
      vertex -2.489138e+001  1.583254e+001  7.300000e+001
    endloop
  endfacet
  facet normal  8.296775e-001 -5.582431e-001  0.000000e+000
    outer loop
      vertex -2.404334e+001  1.709292e+001  3.205484e+001
      vertex -2.489138e+001  1.583254e+001  7.300000e+001
      vertex -2.489138e+001  1.583254e+001  3.205484e+001
    endloop
  endfacet
  facet normal  8.573146e-001 -5.147929e-001  0.000000e+000
    outer loop
      vertex -2.489138e+001  1.583254e+001  3.205484e+001
      vertex -2.489138e+001  1.583254e+001  7.300000e+001
      vertex -2.567341e+001  1.453017e+001  7.300000e+001
    endloop
  endfacet
  facet normal  8.573146e-001 -5.147929e-001  0.000000e+000
    outer loop
      vertex -2.489138e+001  1.583254e+001  3.205484e+001
      vertex -2.567341e+001  1.453017e+001  7.300000e+001
      vertex -2.567341e+001  1.453017e+001  3.205484e+001
    endloop
  endfacet
  facet normal  8.826786e-001 -4.699773e-001  0.000000e+000
    outer loop
      vertex -2.567341e+001  1.453017e+001  3.205484e+001
      vertex -2.567341e+001  1.453017e+001  7.300000e+001
      vertex -2.638737e+001  1.318927e+001  7.300000e+001
    endloop
  endfacet
  facet normal  8.826786e-001 -4.699773e-001  0.000000e+000
    outer loop
      vertex -2.567341e+001  1.453017e+001  3.205484e+001
      vertex -2.638737e+001  1.318927e+001  7.300000e+001
      vertex -2.638737e+001  1.318927e+001  3.205484e+001
    endloop
  endfacet
  facet normal  9.057022e-001 -4.239143e-001  0.000000e+000
    outer loop
      vertex -2.638737e+001  1.318927e+001  3.205484e+001
      vertex -2.638737e+001  1.318927e+001  7.300000e+001
      vertex -2.703135e+001  1.181339e+001  7.300000e+001
    endloop
  endfacet
  facet normal  9.057022e-001 -4.239143e-001  0.000000e+000
    outer loop
      vertex -2.638737e+001  1.318927e+001  3.205484e+001
      vertex -2.703135e+001  1.181339e+001  7.300000e+001
      vertex -2.703135e+001  1.181339e+001  3.205484e+001
    endloop
  endfacet
  facet normal  9.263242e-001 -3.767271e-001  0.000000e+000
    outer loop
      vertex -2.703135e+001  1.181339e+001  3.205484e+001
      vertex -2.703135e+001  1.181339e+001  7.300000e+001
      vertex -2.760365e+001  1.040619e+001  7.300000e+001
    endloop
  endfacet
  facet normal  9.263242e-001 -3.767271e-001  0.000000e+000
    outer loop
      vertex -2.703135e+001  1.181339e+001  3.205484e+001
      vertex -2.760365e+001  1.040619e+001  7.300000e+001
      vertex -2.760365e+001  1.040619e+001  3.205484e+001
    endloop
  endfacet
  facet normal  9.444891e-001 -3.285427e-001  0.000000e+000
    outer loop
      vertex -2.760365e+001  1.040619e+001  3.205484e+001
      vertex -2.760365e+001  1.040619e+001  7.300000e+001
      vertex -2.810274e+001  8.971388e+000  7.300000e+001
    endloop
  endfacet
  facet normal  9.444891e-001 -3.285427e-001  0.000000e+000
    outer loop
      vertex -2.760365e+001  1.040619e+001  3.205484e+001
      vertex -2.810274e+001  8.971388e+000  7.300000e+001
      vertex -2.810274e+001  8.971388e+000  3.205484e+001
    endloop
  endfacet
  facet normal  9.601500e-001 -2.794854e-001  0.000000e+000
    outer loop
      vertex -2.810274e+001  8.971388e+000  3.205484e+001
      vertex -2.810274e+001  8.971388e+000  7.300000e+001
      vertex -2.852732e+001  7.512798e+000  7.300000e+001
    endloop
  endfacet
  facet normal  9.601500e-001 -2.794854e-001  0.000000e+000
    outer loop
      vertex -2.810274e+001  8.971388e+000  3.205484e+001
      vertex -2.852732e+001  7.512798e+000  7.300000e+001
      vertex -2.852732e+001  7.512798e+000  3.205484e+001
    endloop
  endfacet
  facet normal  9.732642e-001 -2.296889e-001  0.000000e+000
    outer loop
      vertex -2.852732e+001  7.512798e+000  3.205484e+001
      vertex -2.852732e+001  7.512798e+000  7.300000e+001
      vertex -2.887624e+001  6.034286e+000  7.300000e+001
    endloop
  endfacet
  facet normal  9.732642e-001 -2.296889e-001  0.000000e+000
    outer loop
      vertex -2.852732e+001  7.512798e+000  3.205484e+001
      vertex -2.887624e+001  6.034286e+000  7.300000e+001
      vertex -2.887624e+001  6.034286e+000  3.205484e+001
    endloop
  endfacet
  facet normal  7.998391e-001 -6.002146e-001  0.000000e+000
    outer loop
      vertex -2.404334e+001  1.709292e+001  7.300000e+001
      vertex -2.313153e+001  1.830798e+001  3.205484e+001
      vertex -2.313153e+001  1.830798e+001  7.300000e+001
    endloop
  endfacet
  facet normal  7.678803e-001 -6.405933e-001  0.000000e+000
    outer loop
      vertex -2.313153e+001  1.830798e+001  7.300000e+001
      vertex -2.313153e+001  1.830798e+001  3.205484e+001
      vertex -2.215839e+001  1.947449e+001  3.205484e+001
    endloop
  endfacet
  facet normal  7.678803e-001 -6.405933e-001  0.000000e+000
    outer loop
      vertex -2.313153e+001  1.830798e+001  7.300000e+001
      vertex -2.215839e+001  1.947449e+001  3.205484e+001
      vertex -2.215839e+001  1.947449e+001  7.300000e+001
    endloop
  endfacet
  facet normal  7.338852e-001 -6.792735e-001  0.000000e+000
    outer loop
      vertex -2.215839e+001  1.947449e+001  7.300000e+001
      vertex -2.215839e+001  1.947449e+001  3.205484e+001
      vertex -2.112649e+001  2.058935e+001  3.205484e+001
    endloop
  endfacet
  facet normal  7.338852e-001 -6.792735e-001  0.000000e+000
    outer loop
      vertex -2.215839e+001  1.947449e+001  7.300000e+001
      vertex -2.112649e+001  2.058935e+001  3.205484e+001
      vertex -2.112649e+001  2.058935e+001  7.300000e+001
    endloop
  endfacet
  facet normal  6.979442e-001 -7.161522e-001  0.000000e+000
    outer loop
      vertex -2.112649e+001  2.058935e+001  7.300000e+001
      vertex -2.112649e+001  2.058935e+001  3.205484e+001
      vertex -2.003856e+001  2.164962e+001  3.205484e+001
    endloop
  endfacet
  facet normal  6.979442e-001 -7.161522e-001  0.000000e+000
    outer loop
      vertex -2.112649e+001  2.058935e+001  7.300000e+001
      vertex -2.003856e+001  2.164962e+001  3.205484e+001
      vertex -2.003856e+001  2.164962e+001  7.300000e+001
    endloop
  endfacet
  facet normal  6.601526e-001 -7.511315e-001  0.000000e+000
    outer loop
      vertex -2.003856e+001  2.164962e+001  7.300000e+001
      vertex -2.003856e+001  2.164962e+001  3.205484e+001
      vertex -1.889750e+001  2.265247e+001  3.205484e+001
    endloop
  endfacet
  facet normal  6.601526e-001 -7.511315e-001  0.000000e+000
    outer loop
      vertex -2.003856e+001  2.164962e+001  7.300000e+001
      vertex -1.889750e+001  2.265247e+001  3.205484e+001
      vertex -1.889750e+001  2.265247e+001  7.300000e+001
    endloop
  endfacet
  facet normal  6.206090e-001 -7.841201e-001  0.000000e+000
    outer loop
      vertex -1.889750e+001  2.265247e+001  7.300000e+001
      vertex -1.889750e+001  2.265247e+001  3.205484e+001
      vertex -1.770632e+001  2.359526e+001  3.205484e+001
    endloop
  endfacet
  facet normal  6.206090e-001 -7.841201e-001  0.000000e+000
    outer loop
      vertex -1.889750e+001  2.265247e+001  7.300000e+001
      vertex -1.770632e+001  2.359526e+001  3.205484e+001
      vertex -1.770632e+001  2.359526e+001  7.300000e+001
    endloop
  endfacet
  facet normal  5.794210e-001 -8.150284e-001  0.000000e+000
    outer loop
      vertex -1.770632e+001  2.359526e+001  7.300000e+001
      vertex -1.770632e+001  2.359526e+001  3.205484e+001
      vertex -1.646819e+001  2.447547e+001  3.205484e+001
    endloop
  endfacet
  facet normal  5.794210e-001 -8.150284e-001  0.000000e+000
    outer loop
      vertex -1.770632e+001  2.359526e+001  7.300000e+001
      vertex -1.646819e+001  2.447547e+001  3.205484e+001
      vertex -1.646819e+001  2.447547e+001  7.300000e+001
    endloop
  endfacet
  facet normal  5.366964e-001 -8.437753e-001  0.000000e+000
    outer loop
      vertex -1.646819e+001  2.447547e+001  7.300000e+001
      vertex -1.646819e+001  2.447547e+001  3.205484e+001
      vertex -1.518639e+001  2.529078e+001  3.205484e+001
    endloop
  endfacet
  facet normal  5.366964e-001 -8.437753e-001  0.000000e+000
    outer loop
      vertex -1.646819e+001  2.447547e+001  7.300000e+001
      vertex -1.518639e+001  2.529078e+001  3.205484e+001
      vertex -1.518639e+001  2.529078e+001  7.300000e+001
    endloop
  endfacet
  facet normal  4.925482e-001 -8.702852e-001  0.000000e+000
    outer loop
      vertex -1.518639e+001  2.529078e+001  7.300000e+001
      vertex -1.518639e+001  2.529078e+001  3.205484e+001
      vertex -1.386431e+001  2.603902e+001  3.205484e+001
    endloop
  endfacet
  facet normal  4.925482e-001 -8.702852e-001  0.000000e+000
    outer loop
      vertex -1.518639e+001  2.529078e+001  7.300000e+001
      vertex -1.386431e+001  2.603902e+001  3.205484e+001
      vertex -1.386431e+001  2.603902e+001  7.300000e+001
    endloop
  endfacet
  facet normal  4.470933e-001 -8.944873e-001  0.000000e+000
    outer loop
      vertex -1.386431e+001  2.603902e+001  7.300000e+001
      vertex -1.386431e+001  2.603902e+001  3.205484e+001
      vertex -1.250547e+001  2.671822e+001  3.205484e+001
    endloop
  endfacet
  facet normal  4.470933e-001 -8.944873e-001  0.000000e+000
    outer loop
      vertex -1.386431e+001  2.603902e+001  7.300000e+001
      vertex -1.250547e+001  2.671822e+001  3.205484e+001
      vertex -1.250547e+001  2.671822e+001  7.300000e+001
    endloop
  endfacet
  facet normal  4.004546e-001 -9.163167e-001  0.000000e+000
    outer loop
      vertex -1.250547e+001  2.671822e+001  7.300000e+001
      vertex -1.250547e+001  2.671822e+001  3.205484e+001
      vertex -1.111347e+001  2.732656e+001  3.205484e+001
    endloop
  endfacet
  facet normal  4.004546e-001 -9.163167e-001  0.000000e+000
    outer loop
      vertex -1.250547e+001  2.671822e+001  7.300000e+001
      vertex -1.111347e+001  2.732656e+001  3.205484e+001
      vertex -1.111347e+001  2.732656e+001  7.300000e+001
    endloop
  endfacet
  facet normal -1.017202e-001 -9.948131e-001  1.663529e-005
    outer loop
      vertex  3.747287e+000  2.926103e+001  3.610969e+001
      vertex  2.276676e+000  2.941202e+001  7.300000e+001
      vertex  2.252269e+000  2.941390e+001  3.610969e+001
    endloop
  endfacet
  facet normal -5.147779e-002 -9.986742e-001 -1.680207e-005
    outer loop
      vertex  2.252269e+000  2.941390e+001  3.610969e+001
      vertex  2.276676e+000  2.941202e+001  7.300000e+001
      vertex  7.595634e-001  2.949022e+001  7.300000e+001
    endloop
  endfacet
  facet normal -5.092608e-002 -9.987025e-001  5.580562e-006
    outer loop
      vertex  2.252269e+000  2.941390e+001  3.610969e+001
      vertex  7.595634e-001  2.949022e+001  7.300000e+001
      vertex  7.514064e-001  2.949043e+001  3.610969e+001
    endloop
  endfacet
  facet normal  0.000000e+000 -1.000000e+000 -5.687356e-006
    outer loop
      vertex  7.514064e-001  2.949043e+001  3.610969e+001
      vertex  7.595634e-001  2.949022e+001  7.300000e+001
      vertex -7.595634e-001  2.949022e+001  7.300000e+001
    endloop
  endfacet
  facet normal  0.000000e+000 -1.000000e+000 -5.687355e-006
    outer loop
      vertex  7.514064e-001  2.949043e+001  3.610969e+001
      vertex -7.595634e-001  2.949022e+001  7.300000e+001
      vertex -7.514064e-001  2.949043e+001  3.610969e+001
    endloop
  endfacet
  facet normal  5.147779e-002 -9.986742e-001  5.702714e-006
    outer loop
      vertex -7.514064e-001  2.949043e+001  3.610969e+001
      vertex -7.595634e-001  2.949022e+001  7.300000e+001
      vertex -2.276676e+000  2.941202e+001  7.300000e+001
    endloop
  endfacet
  facet normal  5.092608e-002 -9.987025e-001 -1.716853e-005
    outer loop
      vertex -7.514064e-001  2.949043e+001  3.610969e+001
      vertex -2.276676e+000  2.941202e+001  7.300000e+001
      vertex -2.252269e+000  2.941390e+001  3.610969e+001
    endloop
  endfacet
  facet normal -7.338852e-001 -6.792735e-001  -0.000000e+000
    outer loop
      vertex  2.215839e+001  1.947449e+001  3.205484e+001
      vertex  2.112649e+001  2.058935e+001  7.300000e+001
      vertex  2.112649e+001  2.058935e+001  3.205484e+001
    endloop
  endfacet
  facet normal -6.979442e-001 -7.161522e-001  0.000000e+000
    outer loop
      vertex  2.112649e+001  2.058935e+001  3.205484e+001
      vertex  2.112649e+001  2.058935e+001  7.300000e+001
      vertex  2.003856e+001  2.164962e+001  7.300000e+001
    endloop
  endfacet
  facet normal -6.979442e-001 -7.161522e-001  -0.000000e+000
    outer loop
      vertex  2.112649e+001  2.058935e+001  3.205484e+001
      vertex  2.003856e+001  2.164962e+001  7.300000e+001
      vertex  2.003856e+001  2.164962e+001  3.205484e+001
    endloop
  endfacet
  facet normal -6.601526e-001 -7.511315e-001  0.000000e+000
    outer loop
      vertex  2.003856e+001  2.164962e+001  3.205484e+001
      vertex  2.003856e+001  2.164962e+001  7.300000e+001
      vertex  1.889750e+001  2.265247e+001  7.300000e+001
    endloop
  endfacet
  facet normal -6.601526e-001 -7.511315e-001  -0.000000e+000
    outer loop
      vertex  2.003856e+001  2.164962e+001  3.205484e+001
      vertex  1.889750e+001  2.265247e+001  7.300000e+001
      vertex  1.889750e+001  2.265247e+001  3.205484e+001
    endloop
  endfacet
  facet normal -6.206090e-001 -7.841201e-001  0.000000e+000
    outer loop
      vertex  1.889750e+001  2.265247e+001  3.205484e+001
      vertex  1.889750e+001  2.265247e+001  7.300000e+001
      vertex  1.770632e+001  2.359526e+001  7.300000e+001
    endloop
  endfacet
  facet normal -6.206090e-001 -7.841201e-001  -0.000000e+000
    outer loop
      vertex  1.889750e+001  2.265247e+001  3.205484e+001
      vertex  1.770632e+001  2.359526e+001  7.300000e+001
      vertex  1.770632e+001  2.359526e+001  3.205484e+001
    endloop
  endfacet
  facet normal -5.794210e-001 -8.150284e-001  0.000000e+000
    outer loop
      vertex  1.770632e+001  2.359526e+001  3.205484e+001
      vertex  1.770632e+001  2.359526e+001  7.300000e+001
      vertex  1.646819e+001  2.447547e+001  7.300000e+001
    endloop
  endfacet
  facet normal -5.794210e-001 -8.150284e-001  -0.000000e+000
    outer loop
      vertex  1.770632e+001  2.359526e+001  3.205484e+001
      vertex  1.646819e+001  2.447547e+001  7.300000e+001
      vertex  1.646819e+001  2.447547e+001  3.205484e+001
    endloop
  endfacet
  facet normal -5.366964e-001 -8.437753e-001  0.000000e+000
    outer loop
      vertex  1.646819e+001  2.447547e+001  3.205484e+001
      vertex  1.646819e+001  2.447547e+001  7.300000e+001
      vertex  1.518639e+001  2.529078e+001  7.300000e+001
    endloop
  endfacet
  facet normal -5.366964e-001 -8.437753e-001  -0.000000e+000
    outer loop
      vertex  1.646819e+001  2.447547e+001  3.205484e+001
      vertex  1.518639e+001  2.529078e+001  7.300000e+001
      vertex  1.518639e+001  2.529078e+001  3.205484e+001
    endloop
  endfacet
  facet normal -4.925482e-001 -8.702852e-001  0.000000e+000
    outer loop
      vertex  1.518639e+001  2.529078e+001  3.205484e+001
      vertex  1.518639e+001  2.529078e+001  7.300000e+001
      vertex  1.386431e+001  2.603902e+001  7.300000e+001
    endloop
  endfacet
  facet normal -4.925482e-001 -8.702852e-001  -0.000000e+000
    outer loop
      vertex  1.518639e+001  2.529078e+001  3.205484e+001
      vertex  1.386431e+001  2.603902e+001  7.300000e+001
      vertex  1.386431e+001  2.603902e+001  3.205484e+001
    endloop
  endfacet
  facet normal -4.470933e-001 -8.944873e-001  0.000000e+000
    outer loop
      vertex  1.386431e+001  2.603902e+001  3.205484e+001
      vertex  1.386431e+001  2.603902e+001  7.300000e+001
      vertex  1.250547e+001  2.671822e+001  7.300000e+001
    endloop
  endfacet
  facet normal -4.470933e-001 -8.944873e-001  -0.000000e+000
    outer loop
      vertex  1.386431e+001  2.603902e+001  3.205484e+001
      vertex  1.250547e+001  2.671822e+001  7.300000e+001
      vertex  1.250547e+001  2.671822e+001  3.205484e+001
    endloop
  endfacet
  facet normal -4.004546e-001 -9.163167e-001  0.000000e+000
    outer loop
      vertex  1.250547e+001  2.671822e+001  3.205484e+001
      vertex  1.250547e+001  2.671822e+001  7.300000e+001
      vertex  1.111347e+001  2.732656e+001  7.300000e+001
    endloop
  endfacet
  facet normal -4.004546e-001 -9.163167e-001  -0.000000e+000
    outer loop
      vertex  1.250547e+001  2.671822e+001  3.205484e+001
      vertex  1.111347e+001  2.732656e+001  7.300000e+001
      vertex  1.111347e+001  2.732656e+001  3.205484e+001
    endloop
  endfacet
  facet normal -7.338852e-001 -6.792735e-001  0.000000e+000
    outer loop
      vertex  2.112649e+001  2.058935e+001  7.300000e+001
      vertex  2.215839e+001  1.947449e+001  3.205484e+001
      vertex  2.215839e+001  1.947449e+001  7.300000e+001
    endloop
  endfacet
  facet normal -7.678803e-001 -6.405933e-001  -0.000000e+000
    outer loop
      vertex  2.215839e+001  1.947449e+001  7.300000e+001
      vertex  2.215839e+001  1.947449e+001  3.205484e+001
      vertex  2.313153e+001  1.830798e+001  3.205484e+001
    endloop
  endfacet
  facet normal -7.678803e-001 -6.405933e-001  0.000000e+000
    outer loop
      vertex  2.215839e+001  1.947449e+001  7.300000e+001
      vertex  2.313153e+001  1.830798e+001  3.205484e+001
      vertex  2.313153e+001  1.830798e+001  7.300000e+001
    endloop
  endfacet
  facet normal -7.998391e-001 -6.002146e-001  -0.000000e+000
    outer loop
      vertex  2.313153e+001  1.830798e+001  7.300000e+001
      vertex  2.313153e+001  1.830798e+001  3.205484e+001
      vertex  2.404334e+001  1.709292e+001  3.205484e+001
    endloop
  endfacet
  facet normal -7.998391e-001 -6.002146e-001  0.000000e+000
    outer loop
      vertex  2.313153e+001  1.830798e+001  7.300000e+001
      vertex  2.404334e+001  1.709292e+001  3.205484e+001
      vertex  2.404334e+001  1.709292e+001  7.300000e+001
    endloop
  endfacet
  facet normal -8.296775e-001 -5.582431e-001  -0.000000e+000
    outer loop
      vertex  2.404334e+001  1.709292e+001  7.300000e+001
      vertex  2.404334e+001  1.709292e+001  3.205484e+001
      vertex  2.489138e+001  1.583254e+001  3.205484e+001
    endloop
  endfacet
  facet normal -8.296775e-001 -5.582431e-001  0.000000e+000
    outer loop
      vertex  2.404334e+001  1.709292e+001  7.300000e+001
      vertex  2.489138e+001  1.583254e+001  3.205484e+001
      vertex  2.489138e+001  1.583254e+001  7.300000e+001
    endloop
  endfacet
  facet normal -8.573146e-001 -5.147929e-001  -0.000000e+000
    outer loop
      vertex  2.489138e+001  1.583254e+001  7.300000e+001
      vertex  2.489138e+001  1.583254e+001  3.205484e+001
      vertex  2.567341e+001  1.453017e+001  3.205484e+001
    endloop
  endfacet
  facet normal -8.573146e-001 -5.147929e-001  0.000000e+000
    outer loop
      vertex  2.489138e+001  1.583254e+001  7.300000e+001
      vertex  2.567341e+001  1.453017e+001  3.205484e+001
      vertex  2.567341e+001  1.453017e+001  7.300000e+001
    endloop
  endfacet
  facet normal -8.826786e-001 -4.699773e-001  -0.000000e+000
    outer loop
      vertex  2.567341e+001  1.453017e+001  7.300000e+001
      vertex  2.567341e+001  1.453017e+001  3.205484e+001
      vertex  2.638737e+001  1.318927e+001  3.205484e+001
    endloop
  endfacet
  facet normal -8.826786e-001 -4.699773e-001  0.000000e+000
    outer loop
      vertex  2.567341e+001  1.453017e+001  7.300000e+001
      vertex  2.638737e+001  1.318927e+001  3.205484e+001
      vertex  2.638737e+001  1.318927e+001  7.300000e+001
    endloop
  endfacet
  facet normal -9.057022e-001 -4.239143e-001  -0.000000e+000
    outer loop
      vertex  2.638737e+001  1.318927e+001  7.300000e+001
      vertex  2.638737e+001  1.318927e+001  3.205484e+001
      vertex  2.703135e+001  1.181339e+001  3.205484e+001
    endloop
  endfacet
  facet normal -9.057022e-001 -4.239143e-001  0.000000e+000
    outer loop
      vertex  2.638737e+001  1.318927e+001  7.300000e+001
      vertex  2.703135e+001  1.181339e+001  3.205484e+001
      vertex  2.703135e+001  1.181339e+001  7.300000e+001
    endloop
  endfacet
  facet normal -9.263242e-001 -3.767271e-001  -0.000000e+000
    outer loop
      vertex  2.703135e+001  1.181339e+001  7.300000e+001
      vertex  2.703135e+001  1.181339e+001  3.205484e+001
      vertex  2.760365e+001  1.040619e+001  3.205484e+001
    endloop
  endfacet
  facet normal -9.263242e-001 -3.767271e-001  0.000000e+000
    outer loop
      vertex  2.703135e+001  1.181339e+001  7.300000e+001
      vertex  2.760365e+001  1.040619e+001  3.205484e+001
      vertex  2.760365e+001  1.040619e+001  7.300000e+001
    endloop
  endfacet
  facet normal -9.444891e-001 -3.285427e-001  -0.000000e+000
    outer loop
      vertex  2.760365e+001  1.040619e+001  7.300000e+001
      vertex  2.760365e+001  1.040619e+001  3.205484e+001
      vertex  2.810274e+001  8.971388e+000  3.205484e+001
    endloop
  endfacet
  facet normal -9.444891e-001 -3.285427e-001  0.000000e+000
    outer loop
      vertex  2.760365e+001  1.040619e+001  7.300000e+001
      vertex  2.810274e+001  8.971388e+000  3.205484e+001
      vertex  2.810274e+001  8.971388e+000  7.300000e+001
    endloop
  endfacet
  facet normal -9.601500e-001 -2.794854e-001  -0.000000e+000
    outer loop
      vertex  2.810274e+001  8.971388e+000  7.300000e+001
      vertex  2.810274e+001  8.971388e+000  3.205484e+001
      vertex  2.852732e+001  7.512798e+000  3.205484e+001
    endloop
  endfacet
  facet normal -9.601500e-001 -2.794854e-001  0.000000e+000
    outer loop
      vertex  2.810274e+001  8.971388e+000  7.300000e+001
      vertex  2.852732e+001  7.512798e+000  3.205484e+001
      vertex  2.852732e+001  7.512798e+000  7.300000e+001
    endloop
  endfacet
  facet normal -9.732642e-001 -2.296889e-001  -0.000000e+000
    outer loop
      vertex  2.852732e+001  7.512798e+000  7.300000e+001
      vertex  2.852732e+001  7.512798e+000  3.205484e+001
      vertex  2.887624e+001  6.034286e+000  3.205484e+001
    endloop
  endfacet
  facet normal -9.732642e-001 -2.296889e-001  0.000000e+000
    outer loop
      vertex  2.852732e+001  7.512798e+000  7.300000e+001
      vertex  2.887624e+001  6.034286e+000  3.205484e+001
      vertex  2.887624e+001  6.034286e+000  7.300000e+001
    endloop
  endfacet
  facet normal -9.981553e-001 -6.071280e-002  2.081097e-004
    outer loop
      vertex  2.940328e+001  2.386858e+000  5.000000e+001
      vertex  2.947581e+001  1.194408e+000  5.000000e+001
      vertex  2.946089e+001  1.518623e+000  7.300000e+001
    endloop
  endfacet
  facet normal -9.997950e-001 -2.024771e-002 -3.633623e-004
    outer loop
      vertex  2.946089e+001  1.518623e+000  7.300000e+001
      vertex  2.947581e+001  1.194408e+000  5.000000e+001
      vertex  2.950000e+001  0.000000e+000  5.000000e+001
    endloop
  endfacet
  facet normal -9.996684e-001 -2.574768e-002  0.000000e+000
    outer loop
      vertex  2.946089e+001  1.518623e+000  7.300000e+001
      vertex  2.950000e+001  0.000000e+000  5.000000e+001
      vertex  2.950000e+001  0.000000e+000  7.300000e+001
    endloop
  endfacet
  facet normal -1.000000e+000  -0.000000e+000  0.000000e+000
    outer loop
      vertex -1.100000e+001  1.525000e+001  3.610969e+001
      vertex -1.100000e+001  2.737243e+001  3.610969e+001
      vertex -1.100000e+001  1.525000e+001  2.800000e+001
    endloop
  endfacet
  facet normal -1.000000e+000  0.000000e+000  0.000000e+000
    outer loop
      vertex -1.100000e+001  1.525000e+001  2.800000e+001
      vertex -1.100000e+001  2.737243e+001  3.610969e+001
      vertex -1.100000e+001  2.737243e+001  2.800000e+001
    endloop
  endfacet
  facet normal  1.000000e+000  -0.000000e+000  0.000000e+000
    outer loop
      vertex  1.100000e+001  2.737243e+001  3.610969e+001
      vertex  1.100000e+001  1.525000e+001  3.610969e+001
      vertex  1.100000e+001  2.737243e+001  2.800000e+001
    endloop
  endfacet
  facet normal  1.000000e+000  0.000000e+000  0.000000e+000
    outer loop
      vertex  1.100000e+001  2.737243e+001  2.800000e+001
      vertex  1.100000e+001  1.525000e+001  3.610969e+001
      vertex  1.100000e+001  1.525000e+001  2.800000e+001
    endloop
  endfacet
  facet normal  0.000000e+000  0.000000e+000  1.000000e+000
    outer loop
      vertex  6.602684e+000  1.028646e+001  3.610969e+001
      vertex  6.838973e+000  1.463421e+001  3.610969e+001
      vertex  6.732274e+000  1.428247e+001  3.610969e+001
    endloop
  endfacet
  facet normal  -0.000000e+000  0.000000e+000  1.000000e+000
    outer loop
      vertex  6.732274e+000  1.428247e+001  3.610969e+001
      vertex  6.559006e+000  1.395831e+001  3.610969e+001
      vertex  6.602684e+000  1.028646e+001  3.610969e+001
    endloop
  endfacet
  facet normal  0.000000e+000  0.000000e+000  1.000000e+000
    outer loop
      vertex -7.196579e+000  1.039529e+001  3.610969e+001
      vertex -6.732274e+000  1.428247e+001  3.610969e+001
      vertex -6.838973e+000  1.463421e+001  3.610969e+001
    endloop
  endfacet
  facet normal  0.000000e+000  0.000000e+000  1.000000e+000
    outer loop
      vertex  3.125000e+000  1.500000e+001  3.610969e+001
      vertex  3.747287e+000  2.926103e+001  3.610969e+001
      vertex  2.252269e+000  2.941390e+001  3.610969e+001
    endloop
  endfacet
  facet normal  0.000000e+000  0.000000e+000  1.000000e+000
    outer loop
      vertex  3.125000e+000  1.500000e+001  3.610969e+001
      vertex  2.252269e+000  2.941390e+001  3.610969e+001
      vertex  7.514064e-001  2.949043e+001  3.610969e+001
    endloop
  endfacet
  facet normal  0.000000e+000  0.000000e+000  1.000000e+000
    outer loop
      vertex  3.125000e+000  1.500000e+001  3.610969e+001
      vertex  7.514064e-001  2.949043e+001  3.610969e+001
      vertex -7.514064e-001  2.949043e+001  3.610969e+001
    endloop
  endfacet
  facet normal  0.000000e+000  0.000000e+000  1.000000e+000
    outer loop
      vertex  3.125000e+000  1.500000e+001  3.610969e+001
      vertex -7.514064e-001  2.949043e+001  3.610969e+001
      vertex -3.125000e+000  1.500000e+001  3.610969e+001
    endloop
  endfacet
  facet normal  -0.000000e+000  0.000000e+000  1.000000e+000
    outer loop
      vertex  3.125000e+000  1.500000e+001  3.610969e+001
      vertex -3.125000e+000  1.500000e+001  3.610969e+001
      vertex -3.161028e+000  1.463421e+001  3.610969e+001
    endloop
  endfacet
  facet normal  -0.000000e+000  0.000000e+000  1.000000e+000
    outer loop
      vertex  3.125000e+000  1.500000e+001  3.610969e+001
      vertex -3.161028e+000  1.463421e+001  3.610969e+001
      vertex -3.267726e+000  1.428247e+001  3.610969e+001
    endloop
  endfacet
  facet normal  -0.000000e+000  0.000000e+000  1.000000e+000
    outer loop
      vertex  3.125000e+000  1.500000e+001  3.610969e+001
      vertex -3.267726e+000  1.428247e+001  3.610969e+001
      vertex -3.440995e+000  1.395831e+001  3.610969e+001
    endloop
  endfacet
  facet normal  0.000000e+000  0.000000e+000  1.000000e+000
    outer loop
      vertex  6.000000e+000  1.025000e+001  3.610969e+001
      vertex  6.602684e+000  1.028646e+001  3.610969e+001
      vertex  6.559006e+000  1.395831e+001  3.610969e+001
    endloop
  endfacet
  facet normal  0.000000e+000  0.000000e+000  1.000000e+000
    outer loop
      vertex  6.000000e+000  1.025000e+001  3.610969e+001
      vertex  6.559006e+000  1.395831e+001  3.610969e+001
      vertex  6.325825e+000  1.367417e+001  3.610969e+001
    endloop
  endfacet
  facet normal  0.000000e+000  0.000000e+000  1.000000e+000
    outer loop
      vertex  6.000000e+000  1.025000e+001  3.610969e+001
      vertex  6.325825e+000  1.367417e+001  3.610969e+001
      vertex  6.041694e+000  1.344099e+001  3.610969e+001
    endloop
  endfacet
  facet normal  0.000000e+000  0.000000e+000  1.000000e+000
    outer loop
      vertex  6.000000e+000  1.025000e+001  3.610969e+001
      vertex  6.041694e+000  1.344099e+001  3.610969e+001
      vertex  5.717531e+000  1.326773e+001  3.610969e+001
    endloop
  endfacet
  facet normal  0.000000e+000  0.000000e+000  1.000000e+000
    outer loop
      vertex  6.000000e+000  1.025000e+001  3.610969e+001
      vertex  5.717531e+000  1.326773e+001  3.610969e+001
      vertex  5.365794e+000  1.316103e+001  3.610969e+001
    endloop
  endfacet
  facet normal  0.000000e+000  0.000000e+000  1.000000e+000
    outer loop
      vertex  6.000000e+000  1.025000e+001  3.610969e+001
      vertex  5.365794e+000  1.316103e+001  3.610969e+001
      vertex -6.000000e+000  1.025000e+001  3.610969e+001
    endloop
  endfacet
  facet normal  -0.000000e+000  0.000000e+000  1.000000e+000
    outer loop
      vertex -6.875000e+000  1.500000e+001  3.610969e+001
      vertex -1.096354e+001  1.464732e+001  3.610969e+001
      vertex -1.085471e+001  1.405342e+001  3.610969e+001
    endloop
  endfacet
  facet normal  -0.000000e+000  0.000000e+000  9.999999e-001
    outer loop
      vertex -6.875000e+000  1.500000e+001  3.610969e+001
      vertex -1.085471e+001  1.405342e+001  3.610969e+001
      vertex -1.067508e+001  1.347698e+001  3.610969e+001
    endloop
  endfacet
  facet normal  -0.000000e+000  0.000000e+000  1.000000e+000
    outer loop
      vertex -6.875000e+000  1.500000e+001  3.610969e+001
      vertex -1.067508e+001  1.347698e+001  3.610969e+001
      vertex -1.042728e+001  1.292638e+001  3.610969e+001
    endloop
  endfacet
  facet normal  -0.000000e+000  0.000000e+000  1.000000e+000
    outer loop
      vertex -6.875000e+000  1.500000e+001  3.610969e+001
      vertex -1.042728e+001  1.292638e+001  3.610969e+001
      vertex -1.011492e+001  1.240968e+001  3.610969e+001
    endloop
  endfacet
  facet normal  -0.000000e+000  0.000000e+000  1.000000e+000
    outer loop
      vertex -6.875000e+000  1.500000e+001  3.610969e+001
      vertex -1.011492e+001  1.240968e+001  3.610969e+001
      vertex -9.742554e+000  1.193439e+001  3.610969e+001
    endloop
  endfacet
  facet normal  -0.000000e+000  0.000000e+000  1.000000e+000
    outer loop
      vertex -6.875000e+000  1.500000e+001  3.610969e+001
      vertex -9.742554e+000  1.193439e+001  3.610969e+001
      vertex -9.315614e+000  1.150745e+001  3.610969e+001
    endloop
  endfacet
  facet normal  -0.000000e+000  0.000000e+000  1.000000e+000
    outer loop
      vertex -6.875000e+000  1.500000e+001  3.610969e+001
      vertex -9.315614e+000  1.150745e+001  3.610969e+001
      vertex -8.840323e+000  1.113508e+001  3.610969e+001
    endloop
  endfacet
  facet normal  -0.000000e+000  0.000000e+000  9.999999e-001
    outer loop
      vertex -6.875000e+000  1.500000e+001  3.610969e+001
      vertex -8.840323e+000  1.113508e+001  3.610969e+001
      vertex -8.323616e+000  1.082272e+001  3.610969e+001
    endloop
  endfacet
  facet normal  -0.000000e+000  0.000000e+000  1.000000e+000
    outer loop
      vertex -6.875000e+000  1.500000e+001  3.610969e+001
      vertex -8.323616e+000  1.082272e+001  3.610969e+001
      vertex -7.773025e+000  1.057492e+001  3.610969e+001
    endloop
  endfacet
  facet normal  -0.000000e+000  0.000000e+000  1.000000e+000
    outer loop
      vertex -6.875000e+000  1.500000e+001  3.610969e+001
      vertex -7.773025e+000  1.057492e+001  3.610969e+001
      vertex -7.196579e+000  1.039529e+001  3.610969e+001
    endloop
  endfacet
  facet normal  0.000000e+000  0.000000e+000  1.000000e+000
    outer loop
      vertex -6.875000e+000  1.500000e+001  3.610969e+001
      vertex -7.196579e+000  1.039529e+001  3.610969e+001
      vertex -6.838973e+000  1.463421e+001  3.610969e+001
    endloop
  endfacet
  facet normal  0.000000e+000  0.000000e+000  9.999999e-001
    outer loop
      vertex  6.704294e+000  2.872808e+001  3.610969e+001
      vertex  5.232580e+000  2.903222e+001  3.610969e+001
      vertex  6.559006e+000  1.604169e+001  3.610969e+001
    endloop
  endfacet
  facet normal  -0.000000e+000  0.000000e+000  1.000000e+000
    outer loop
      vertex  6.704294e+000  2.872808e+001  3.610969e+001
      vertex  6.559006e+000  1.604169e+001  3.610969e+001
      vertex  6.732274e+000  1.571753e+001  3.610969e+001
    endloop
  endfacet
  facet normal  -0.000000e+000  -0.000000e+000  1.000000e+000
    outer loop
      vertex  6.704294e+000  2.872808e+001  3.610969e+001
      vertex  6.732274e+000  1.571753e+001  3.610969e+001
      vertex  6.838973e+000  1.536579e+001  3.610969e+001
    endloop
  endfacet
  facet normal  -0.000000e+000  -0.000000e+000  1.000000e+000
    outer loop
      vertex  6.704294e+000  2.872808e+001  3.610969e+001
      vertex  6.838973e+000  1.536579e+001  3.610969e+001
      vertex  6.875000e+000  1.500000e+001  3.610969e+001
    endloop
  endfacet
  facet normal  0.000000e+000  -0.000000e+000  9.999999e-001
    outer loop
      vertex  6.704294e+000  2.872808e+001  3.610969e+001
      vertex  6.875000e+000  1.500000e+001  3.610969e+001
      vertex  8.158608e+000  2.834938e+001  3.610969e+001
    endloop
  endfacet
  facet normal  0.000000e+000  0.000000e+000  1.000000e+000
    outer loop
      vertex  5.232580e+000  2.903222e+001  3.610969e+001
      vertex  3.747287e+000  2.926103e+001  3.610969e+001
      vertex  5.000000e+000  1.687500e+001  3.610969e+001
    endloop
  endfacet
  facet normal  -0.000000e+000  0.000000e+000  1.000000e+000
    outer loop
      vertex  5.232580e+000  2.903222e+001  3.610969e+001
      vertex  5.000000e+000  1.687500e+001  3.610969e+001
      vertex  5.365794e+000  1.683897e+001  3.610969e+001
    endloop
  endfacet
  facet normal  -0.000000e+000  -0.000000e+000  1.000000e+000
    outer loop
      vertex  5.232580e+000  2.903222e+001  3.610969e+001
      vertex  5.365794e+000  1.683897e+001  3.610969e+001
      vertex  5.717531e+000  1.673228e+001  3.610969e+001
    endloop
  endfacet
  facet normal  -0.000000e+000  -0.000000e+000  1.000000e+000
    outer loop
      vertex  5.232580e+000  2.903222e+001  3.610969e+001
      vertex  5.717531e+000  1.673228e+001  3.610969e+001
      vertex  6.041694e+000  1.655901e+001  3.610969e+001
    endloop
  endfacet
  facet normal  -0.000000e+000  -0.000000e+000  9.999999e-001
    outer loop
      vertex  5.232580e+000  2.903222e+001  3.610969e+001
      vertex  6.041694e+000  1.655901e+001  3.610969e+001
      vertex  6.325825e+000  1.632582e+001  3.610969e+001
    endloop
  endfacet
  facet normal  -0.000000e+000  -0.000000e+000  1.000000e+000
    outer loop
      vertex  5.232580e+000  2.903222e+001  3.610969e+001
      vertex  6.325825e+000  1.632582e+001  3.610969e+001
      vertex  6.559006e+000  1.604169e+001  3.610969e+001
    endloop
  endfacet
  facet normal  0.000000e+000  0.000000e+000  1.000000e+000
    outer loop
      vertex  3.747287e+000  2.926103e+001  3.610969e+001
      vertex  3.125000e+000  1.500000e+001  3.610969e+001
      vertex  3.161028e+000  1.536579e+001  3.610969e+001
    endloop
  endfacet
  facet normal  0.000000e+000  0.000000e+000  1.000000e+000
    outer loop
      vertex  3.747287e+000  2.926103e+001  3.610969e+001
      vertex  3.161028e+000  1.536579e+001  3.610969e+001
      vertex  3.267726e+000  1.571753e+001  3.610969e+001
    endloop
  endfacet
  facet normal  0.000000e+000  0.000000e+000  1.000000e+000
    outer loop
      vertex  3.747287e+000  2.926103e+001  3.610969e+001
      vertex  3.267726e+000  1.571753e+001  3.610969e+001
      vertex  3.440995e+000  1.604169e+001  3.610969e+001
    endloop
  endfacet
  facet normal  0.000000e+000  0.000000e+000  1.000000e+000
    outer loop
      vertex  3.747287e+000  2.926103e+001  3.610969e+001
      vertex  3.440995e+000  1.604169e+001  3.610969e+001
      vertex  3.674175e+000  1.632582e+001  3.610969e+001
    endloop
  endfacet
  facet normal  0.000000e+000  0.000000e+000  1.000000e+000
    outer loop
      vertex  3.747287e+000  2.926103e+001  3.610969e+001
      vertex  3.674175e+000  1.632582e+001  3.610969e+001
      vertex  3.958306e+000  1.655901e+001  3.610969e+001
    endloop
  endfacet
  facet normal  0.000000e+000  -0.000000e+000  1.000000e+000
    outer loop
      vertex  3.747287e+000  2.926103e+001  3.610969e+001
      vertex  3.958306e+000  1.655901e+001  3.610969e+001
      vertex  4.282469e+000  1.673228e+001  3.610969e+001
    endloop
  endfacet
  facet normal  0.000000e+000  -0.000000e+000  1.000000e+000
    outer loop
      vertex  3.747287e+000  2.926103e+001  3.610969e+001
      vertex  4.282469e+000  1.673228e+001  3.610969e+001
      vertex  4.634206e+000  1.683897e+001  3.610969e+001
    endloop
  endfacet
  facet normal  0.000000e+000  -0.000000e+000  1.000000e+000
    outer loop
      vertex  3.747287e+000  2.926103e+001  3.610969e+001
      vertex  4.634206e+000  1.683897e+001  3.610969e+001
      vertex  5.000000e+000  1.687500e+001  3.610969e+001
    endloop
  endfacet
  facet normal  -0.000000e+000  0.000000e+000  1.000000e+000
    outer loop
      vertex -3.747287e+000  2.926103e+001  3.610969e+001
      vertex -5.232580e+000  2.903222e+001  3.610969e+001
      vertex -3.958306e+000  1.655901e+001  3.610969e+001
    endloop
  endfacet
  facet normal  -0.000000e+000  0.000000e+000  1.000000e+000
    outer loop
      vertex -3.747287e+000  2.926103e+001  3.610969e+001
      vertex -3.958306e+000  1.655901e+001  3.610969e+001
      vertex -3.674175e+000  1.632582e+001  3.610969e+001
    endloop
  endfacet
  facet normal  -0.000000e+000  -0.000000e+000  1.000000e+000
    outer loop
      vertex -3.747287e+000  2.926103e+001  3.610969e+001
      vertex -3.674175e+000  1.632582e+001  3.610969e+001
      vertex -3.440995e+000  1.604169e+001  3.610969e+001
    endloop
  endfacet
  facet normal  -0.000000e+000  -0.000000e+000  1.000000e+000
    outer loop
      vertex -3.747287e+000  2.926103e+001  3.610969e+001
      vertex -3.440995e+000  1.604169e+001  3.610969e+001
      vertex -3.267726e+000  1.571753e+001  3.610969e+001
    endloop
  endfacet
  facet normal  -0.000000e+000  -0.000000e+000  1.000000e+000
    outer loop
      vertex -3.747287e+000  2.926103e+001  3.610969e+001
      vertex -3.267726e+000  1.571753e+001  3.610969e+001
      vertex -3.161028e+000  1.536579e+001  3.610969e+001
    endloop
  endfacet
  facet normal  -0.000000e+000  -0.000000e+000  1.000000e+000
    outer loop
      vertex -3.747287e+000  2.926103e+001  3.610969e+001
      vertex -3.161028e+000  1.536579e+001  3.610969e+001
      vertex -3.125000e+000  1.500000e+001  3.610969e+001
    endloop
  endfacet
  facet normal  0.000000e+000  -0.000000e+000  1.000000e+000
    outer loop
      vertex -3.747287e+000  2.926103e+001  3.610969e+001
      vertex -3.125000e+000  1.500000e+001  3.610969e+001
      vertex -7.514064e-001  2.949043e+001  3.610969e+001
    endloop
  endfacet
  facet normal  0.000000e+000  0.000000e+000  1.000000e+000
    outer loop
      vertex -3.747287e+000  2.926103e+001  3.610969e+001
      vertex -7.514064e-001  2.949043e+001  3.610969e+001
      vertex -2.252269e+000  2.941390e+001  3.610969e+001
    endloop
  endfacet
  facet normal  0.000000e+000  0.000000e+000  1.000000e+000
    outer loop
      vertex -5.232580e+000  2.903222e+001  3.610969e+001
      vertex -5.365794e+000  1.683897e+001  3.610969e+001
      vertex -5.000000e+000  1.687500e+001  3.610969e+001
    endloop
  endfacet
  facet normal  -0.000000e+000  -0.000000e+000  1.000000e+000
    outer loop
      vertex -5.232580e+000  2.903222e+001  3.610969e+001
      vertex -5.000000e+000  1.687500e+001  3.610969e+001
      vertex -4.634206e+000  1.683897e+001  3.610969e+001
    endloop
  endfacet
  facet normal  -0.000000e+000  -0.000000e+000  1.000000e+000
    outer loop
      vertex -5.232580e+000  2.903222e+001  3.610969e+001
      vertex -4.634206e+000  1.683897e+001  3.610969e+001
      vertex -4.282469e+000  1.673228e+001  3.610969e+001
    endloop
  endfacet
  facet normal  -0.000000e+000  -0.000000e+000  9.999999e-001
    outer loop
      vertex -5.232580e+000  2.903222e+001  3.610969e+001
      vertex -4.282469e+000  1.673228e+001  3.610969e+001
      vertex -3.958306e+000  1.655901e+001  3.610969e+001
    endloop
  endfacet
  facet normal  0.000000e+000  0.000000e+000  9.999999e-001
    outer loop
      vertex -6.704294e+000  2.872808e+001  3.610969e+001
      vertex -6.732274e+000  1.571753e+001  3.610969e+001
      vertex -6.559006e+000  1.604169e+001  3.610969e+001
    endloop
  endfacet
  facet normal  0.000000e+000  -0.000000e+000  1.000000e+000
    outer loop
      vertex -6.704294e+000  2.872808e+001  3.610969e+001
      vertex -6.559006e+000  1.604169e+001  3.610969e+001
      vertex -6.325825e+000  1.632582e+001  3.610969e+001
    endloop
  endfacet
  facet normal  0.000000e+000  -0.000000e+000  1.000000e+000
    outer loop
      vertex -6.704294e+000  2.872808e+001  3.610969e+001
      vertex -6.325825e+000  1.632582e+001  3.610969e+001
      vertex -6.041694e+000  1.655901e+001  3.610969e+001
    endloop
  endfacet
  facet normal  0.000000e+000  -0.000000e+000  1.000000e+000
    outer loop
      vertex -6.704294e+000  2.872808e+001  3.610969e+001
      vertex -6.041694e+000  1.655901e+001  3.610969e+001
      vertex -5.717531e+000  1.673228e+001  3.610969e+001
    endloop
  endfacet
  facet normal  0.000000e+000  -0.000000e+000  1.000000e+000
    outer loop
      vertex -6.704294e+000  2.872808e+001  3.610969e+001
      vertex -5.717531e+000  1.673228e+001  3.610969e+001
      vertex -5.365794e+000  1.683897e+001  3.610969e+001
    endloop
  endfacet
  facet normal  0.000000e+000  -0.000000e+000  1.000000e+000
    outer loop
      vertex -6.704294e+000  2.872808e+001  3.610969e+001
      vertex -5.365794e+000  1.683897e+001  3.610969e+001
      vertex -5.232580e+000  2.903222e+001  3.610969e+001
    endloop
  endfacet
  facet normal  0.000000e+000  -0.000000e+000  9.999999e-001
    outer loop
      vertex -8.158608e+000  2.834938e+001  3.610969e+001
      vertex -6.875000e+000  1.500000e+001  3.610969e+001
      vertex -6.838973e+000  1.536579e+001  3.610969e+001
    endloop
  endfacet
  facet normal  0.000000e+000  -0.000000e+000  1.000000e+000
    outer loop
      vertex -8.158608e+000  2.834938e+001  3.610969e+001
      vertex -6.838973e+000  1.536579e+001  3.610969e+001
      vertex -6.732274e+000  1.571753e+001  3.610969e+001
    endloop
  endfacet
  facet normal  0.000000e+000  -0.000000e+000  1.000000e+000
    outer loop
      vertex -8.158608e+000  2.834938e+001  3.610969e+001
      vertex -6.732274e+000  1.571753e+001  3.610969e+001
      vertex -6.704294e+000  2.872808e+001  3.610969e+001
    endloop
  endfacet
  facet normal  -0.000000e+000  0.000000e+000  9.999999e-001
    outer loop
      vertex  6.875000e+000  1.500000e+001  3.610969e+001
      vertex  6.838973e+000  1.463421e+001  3.610969e+001
      vertex  6.602684e+000  1.028646e+001  3.610969e+001
    endloop
  endfacet
  facet normal  0.000000e+000  0.000000e+000  1.000000e+000
    outer loop
      vertex  6.875000e+000  1.500000e+001  3.610969e+001
      vertex  6.602684e+000  1.028646e+001  3.610969e+001
      vertex  7.196579e+000  1.039529e+001  3.610969e+001
    endloop
  endfacet
  facet normal  0.000000e+000  -0.000000e+000  1.000000e+000
    outer loop
      vertex  6.875000e+000  1.500000e+001  3.610969e+001
      vertex  7.196579e+000  1.039529e+001  3.610969e+001
      vertex  7.773025e+000  1.057492e+001  3.610969e+001
    endloop
  endfacet
  facet normal  0.000000e+000  -0.000000e+000  1.000000e+000
    outer loop
      vertex  6.875000e+000  1.500000e+001  3.610969e+001
      vertex  7.773025e+000  1.057492e+001  3.610969e+001
      vertex  8.323616e+000  1.082272e+001  3.610969e+001
    endloop
  endfacet
  facet normal  0.000000e+000  -0.000000e+000  9.999999e-001
    outer loop
      vertex  6.875000e+000  1.500000e+001  3.610969e+001
      vertex  8.323616e+000  1.082272e+001  3.610969e+001
      vertex  8.840323e+000  1.113508e+001  3.610969e+001
    endloop
  endfacet
  facet normal  0.000000e+000  -0.000000e+000  1.000000e+000
    outer loop
      vertex  6.875000e+000  1.500000e+001  3.610969e+001
      vertex  8.840323e+000  1.113508e+001  3.610969e+001
      vertex  9.315614e+000  1.150745e+001  3.610969e+001
    endloop
  endfacet
  facet normal  0.000000e+000  -0.000000e+000  1.000000e+000
    outer loop
      vertex  6.875000e+000  1.500000e+001  3.610969e+001
      vertex  9.315614e+000  1.150745e+001  3.610969e+001
      vertex  9.742554e+000  1.193439e+001  3.610969e+001
    endloop
  endfacet
  facet normal  0.000000e+000  -0.000000e+000  1.000000e+000
    outer loop
      vertex  6.875000e+000  1.500000e+001  3.610969e+001
      vertex  9.742554e+000  1.193439e+001  3.610969e+001
      vertex  1.011492e+001  1.240968e+001  3.610969e+001
    endloop
  endfacet
  facet normal  0.000000e+000  -0.000000e+000  1.000000e+000
    outer loop
      vertex  6.875000e+000  1.500000e+001  3.610969e+001
      vertex  1.011492e+001  1.240968e+001  3.610969e+001
      vertex  1.042728e+001  1.292638e+001  3.610969e+001
    endloop
  endfacet
  facet normal  0.000000e+000  -0.000000e+000  9.999999e-001
    outer loop
      vertex  6.875000e+000  1.500000e+001  3.610969e+001
      vertex  1.042728e+001  1.292638e+001  3.610969e+001
      vertex  1.067508e+001  1.347698e+001  3.610969e+001
    endloop
  endfacet
  facet normal  0.000000e+000  -0.000000e+000  9.999999e-001
    outer loop
      vertex  6.875000e+000  1.500000e+001  3.610969e+001
      vertex  1.067508e+001  1.347698e+001  3.610969e+001
      vertex  1.085471e+001  1.405342e+001  3.610969e+001
    endloop
  endfacet
  facet normal  0.000000e+000  -0.000000e+000  1.000000e+000
    outer loop
      vertex  6.875000e+000  1.500000e+001  3.610969e+001
      vertex  1.085471e+001  1.405342e+001  3.610969e+001
      vertex  1.096354e+001  1.464732e+001  3.610969e+001
    endloop
  endfacet
  facet normal  0.000000e+000  0.000000e+000  1.000000e+000
    outer loop
      vertex -6.000000e+000  1.025000e+001  3.610969e+001
      vertex  5.365794e+000  1.316103e+001  3.610969e+001
      vertex  5.000000e+000  1.312500e+001  3.610969e+001
    endloop
  endfacet
  facet normal  0.000000e+000  0.000000e+000  1.000000e+000
    outer loop
      vertex -6.000000e+000  1.025000e+001  3.610969e+001
      vertex  5.000000e+000  1.312500e+001  3.610969e+001
      vertex  4.634206e+000  1.316103e+001  3.610969e+001
    endloop
  endfacet
  facet normal  0.000000e+000  0.000000e+000  1.000000e+000
    outer loop
      vertex -6.000000e+000  1.025000e+001  3.610969e+001
      vertex  4.634206e+000  1.316103e+001  3.610969e+001
      vertex  4.282469e+000  1.326773e+001  3.610969e+001
    endloop
  endfacet
  facet normal  0.000000e+000  0.000000e+000  1.000000e+000
    outer loop
      vertex -6.000000e+000  1.025000e+001  3.610969e+001
      vertex  4.282469e+000  1.326773e+001  3.610969e+001
      vertex  3.958306e+000  1.344099e+001  3.610969e+001
    endloop
  endfacet
  facet normal  0.000000e+000  0.000000e+000  1.000000e+000
    outer loop
      vertex -6.000000e+000  1.025000e+001  3.610969e+001
      vertex  3.958306e+000  1.344099e+001  3.610969e+001
      vertex  3.674175e+000  1.367417e+001  3.610969e+001
    endloop
  endfacet
  facet normal  0.000000e+000  0.000000e+000  1.000000e+000
    outer loop
      vertex -6.000000e+000  1.025000e+001  3.610969e+001
      vertex  3.674175e+000  1.367417e+001  3.610969e+001
      vertex  3.440995e+000  1.395831e+001  3.610969e+001
    endloop
  endfacet
  facet normal  0.000000e+000  0.000000e+000  1.000000e+000
    outer loop
      vertex -6.000000e+000  1.025000e+001  3.610969e+001
      vertex  3.440995e+000  1.395831e+001  3.610969e+001
      vertex  3.267726e+000  1.428247e+001  3.610969e+001
    endloop
  endfacet
  facet normal  0.000000e+000  0.000000e+000  9.999999e-001
    outer loop
      vertex -6.000000e+000  1.025000e+001  3.610969e+001
      vertex  3.267726e+000  1.428247e+001  3.610969e+001
      vertex  3.161028e+000  1.463421e+001  3.610969e+001
    endloop
  endfacet
  facet normal  0.000000e+000  0.000000e+000  9.999999e-001
    outer loop
      vertex -6.000000e+000  1.025000e+001  3.610969e+001
      vertex  3.161028e+000  1.463421e+001  3.610969e+001
      vertex  3.125000e+000  1.500000e+001  3.610969e+001
    endloop
  endfacet
  facet normal  0.000000e+000  0.000000e+000  1.000000e+000
    outer loop
      vertex -6.000000e+000  1.025000e+001  3.610969e+001
      vertex  3.125000e+000  1.500000e+001  3.610969e+001
      vertex -3.440995e+000  1.395831e+001  3.610969e+001
    endloop
  endfacet
  facet normal  0.000000e+000  0.000000e+000  1.000000e+000
    outer loop
      vertex -6.000000e+000  1.025000e+001  3.610969e+001
      vertex -3.440995e+000  1.395831e+001  3.610969e+001
      vertex -3.674175e+000  1.367417e+001  3.610969e+001
    endloop
  endfacet
  facet normal  0.000000e+000  0.000000e+000  1.000000e+000
    outer loop
      vertex -6.000000e+000  1.025000e+001  3.610969e+001
      vertex -3.674175e+000  1.367417e+001  3.610969e+001
      vertex -3.958306e+000  1.344099e+001  3.610969e+001
    endloop
  endfacet
  facet normal  0.000000e+000  0.000000e+000  1.000000e+000
    outer loop
      vertex -6.000000e+000  1.025000e+001  3.610969e+001
      vertex -3.958306e+000  1.344099e+001  3.610969e+001
      vertex -4.282469e+000  1.326773e+001  3.610969e+001
    endloop
  endfacet
  facet normal  0.000000e+000  0.000000e+000  1.000000e+000
    outer loop
      vertex -6.000000e+000  1.025000e+001  3.610969e+001
      vertex -4.282469e+000  1.326773e+001  3.610969e+001
      vertex -4.634206e+000  1.316103e+001  3.610969e+001
    endloop
  endfacet
  facet normal  0.000000e+000  0.000000e+000  1.000000e+000
    outer loop
      vertex -6.000000e+000  1.025000e+001  3.610969e+001
      vertex -4.634206e+000  1.316103e+001  3.610969e+001
      vertex -5.000000e+000  1.312500e+001  3.610969e+001
    endloop
  endfacet
  facet normal  0.000000e+000  0.000000e+000  1.000000e+000
    outer loop
      vertex -6.000000e+000  1.025000e+001  3.610969e+001
      vertex -5.000000e+000  1.312500e+001  3.610969e+001
      vertex -5.365794e+000  1.316103e+001  3.610969e+001
    endloop
  endfacet
  facet normal  0.000000e+000  0.000000e+000  1.000000e+000
    outer loop
      vertex -6.000000e+000  1.025000e+001  3.610969e+001
      vertex -5.365794e+000  1.316103e+001  3.610969e+001
      vertex -5.717531e+000  1.326773e+001  3.610969e+001
    endloop
  endfacet
  facet normal  0.000000e+000  0.000000e+000  1.000000e+000
    outer loop
      vertex -6.000000e+000  1.025000e+001  3.610969e+001
      vertex -5.717531e+000  1.326773e+001  3.610969e+001
      vertex -6.041694e+000  1.344099e+001  3.610969e+001
    endloop
  endfacet
  facet normal  0.000000e+000  0.000000e+000  9.999999e-001
    outer loop
      vertex -6.000000e+000  1.025000e+001  3.610969e+001
      vertex -6.041694e+000  1.344099e+001  3.610969e+001
      vertex -6.325825e+000  1.367417e+001  3.610969e+001
    endloop
  endfacet
  facet normal  0.000000e+000  0.000000e+000  1.000000e+000
    outer loop
      vertex -6.000000e+000  1.025000e+001  3.610969e+001
      vertex -6.325825e+000  1.367417e+001  3.610969e+001
      vertex -6.602684e+000  1.028646e+001  3.610969e+001
    endloop
  endfacet
  facet normal  0.000000e+000  0.000000e+000  1.000000e+000
    outer loop
      vertex -1.096354e+001  1.464732e+001  3.610969e+001
      vertex -6.875000e+000  1.500000e+001  3.610969e+001
      vertex -1.100000e+001  1.525000e+001  3.610969e+001
    endloop
  endfacet
  facet normal  -0.000000e+000  0.000000e+000  1.000000e+000
    outer loop
      vertex -1.100000e+001  1.525000e+001  3.610969e+001
      vertex -6.875000e+000  1.500000e+001  3.610969e+001
      vertex -8.158608e+000  2.834938e+001  3.610969e+001
    endloop
  endfacet
  facet normal  0.000000e+000  0.000000e+000  1.000000e+000
    outer loop
      vertex -1.100000e+001  1.525000e+001  3.610969e+001
      vertex -8.158608e+000  2.834938e+001  3.610969e+001
      vertex -1.100000e+001  2.737243e+001  3.610969e+001
    endloop
  endfacet
  facet normal  0.000000e+000  0.000000e+000  1.000000e+000
    outer loop
      vertex -1.100000e+001  2.737243e+001  3.610969e+001
      vertex -8.158608e+000  2.834938e+001  3.610969e+001
      vertex -9.591750e+000  2.789710e+001  3.610969e+001
    endloop
  endfacet
  facet normal  0.000000e+000  0.000000e+000  9.999999e-001
    outer loop
      vertex  6.875000e+000  1.500000e+001  3.610969e+001
      vertex  1.096354e+001  1.464732e+001  3.610969e+001
      vertex  8.158608e+000  2.834938e+001  3.610969e+001
    endloop
  endfacet
  facet normal  0.000000e+000  0.000000e+000  1.000000e+000
    outer loop
      vertex  8.158608e+000  2.834938e+001  3.610969e+001
      vertex  1.096354e+001  1.464732e+001  3.610969e+001
      vertex  1.100000e+001  1.525000e+001  3.610969e+001
    endloop
  endfacet
  facet normal  0.000000e+000  0.000000e+000  1.000000e+000
    outer loop
      vertex  8.158608e+000  2.834938e+001  3.610969e+001
      vertex  1.100000e+001  1.525000e+001  3.610969e+001
      vertex  9.591750e+000  2.789710e+001  3.610969e+001
    endloop
  endfacet
  facet normal  0.000000e+000  0.000000e+000  1.000000e+000
    outer loop
      vertex  9.591750e+000  2.789710e+001  3.610969e+001
      vertex  1.100000e+001  1.525000e+001  3.610969e+001
      vertex  1.100000e+001  2.737243e+001  3.610969e+001
    endloop
  endfacet
  facet normal  0.000000e+000  0.000000e+000  1.000000e+000
    outer loop
      vertex -6.732274e+000  1.428247e+001  3.610969e+001
      vertex -7.196579e+000  1.039529e+001  3.610969e+001
      vertex -6.559006e+000  1.395831e+001  3.610969e+001
    endloop
  endfacet
  facet normal  0.000000e+000  0.000000e+000  1.000000e+000
    outer loop
      vertex -6.559006e+000  1.395831e+001  3.610969e+001
      vertex -7.196579e+000  1.039529e+001  3.610969e+001
      vertex -6.602684e+000  1.028646e+001  3.610969e+001
    endloop
  endfacet
  facet normal  0.000000e+000  0.000000e+000  9.999999e-001
    outer loop
      vertex -6.559006e+000  1.395831e+001  3.610969e+001
      vertex -6.602684e+000  1.028646e+001  3.610969e+001
      vertex -6.325825e+000  1.367417e+001  3.610969e+001
    endloop
  endfacet
  facet normal  0.000000e+000  0.000000e+000 -1.000000e+000
    outer loop
      vertex -6.041694e+000  1.344099e+001  2.800000e+001
      vertex -1.067508e+001  1.347698e+001  2.800000e+001
      vertex -6.325825e+000  1.367417e+001  2.800000e+001
    endloop
  endfacet
  facet normal  0.000000e+000  0.000000e+000 -1.000000e+000
    outer loop
      vertex  1.067508e+001  1.347698e+001  2.800000e+001
      vertex  6.041694e+000  1.344099e+001  2.800000e+001
      vertex  6.325825e+000  1.367417e+001  2.800000e+001
    endloop
  endfacet
  facet normal  0.000000e+000  0.000000e+000 -1.000000e+000
    outer loop
      vertex -1.042728e+001  1.292638e+001  2.800000e+001
      vertex -1.067508e+001  1.347698e+001  2.800000e+001
      vertex -6.041694e+000  1.344099e+001  2.800000e+001
    endloop
  endfacet
  facet normal  0.000000e+000  -0.000000e+000 -1.000000e+000
    outer loop
      vertex -1.042728e+001  1.292638e+001  2.800000e+001
      vertex -6.041694e+000  1.344099e+001  2.800000e+001
      vertex -5.717531e+000  1.326773e+001  2.800000e+001
    endloop
  endfacet
  facet normal  0.000000e+000  -0.000000e+000 -1.000000e+000
    outer loop
      vertex -1.042728e+001  1.292638e+001  2.800000e+001
      vertex -5.717531e+000  1.326773e+001  2.800000e+001
      vertex -5.365794e+000  1.316103e+001  2.800000e+001
    endloop
  endfacet
  facet normal  0.000000e+000  -0.000000e+000 -1.000000e+000
    outer loop
      vertex -1.042728e+001  1.292638e+001  2.800000e+001
      vertex -5.365794e+000  1.316103e+001  2.800000e+001
      vertex -5.000000e+000  1.312500e+001  2.800000e+001
    endloop
  endfacet
  facet normal  0.000000e+000  0.000000e+000 -9.999999e-001
    outer loop
      vertex -1.042728e+001  1.292638e+001  2.800000e+001
      vertex -5.000000e+000  1.312500e+001  2.800000e+001
      vertex -6.000000e+000  1.025000e+001  2.800000e+001
    endloop
  endfacet
  facet normal  0.000000e+000  0.000000e+000 -1.000000e+000
    outer loop
      vertex -1.042728e+001  1.292638e+001  2.800000e+001
      vertex -6.000000e+000  1.025000e+001  2.800000e+001
      vertex -6.602684e+000  1.028646e+001  2.800000e+001
    endloop
  endfacet
  facet normal  0.000000e+000  0.000000e+000 -1.000000e+000
    outer loop
      vertex -1.042728e+001  1.292638e+001  2.800000e+001
      vertex -6.602684e+000  1.028646e+001  2.800000e+001
      vertex -7.196579e+000  1.039529e+001  2.800000e+001
    endloop
  endfacet
  facet normal  0.000000e+000  0.000000e+000 -1.000000e+000
    outer loop
      vertex -1.042728e+001  1.292638e+001  2.800000e+001
      vertex -7.196579e+000  1.039529e+001  2.800000e+001
      vertex -7.773025e+000  1.057492e+001  2.800000e+001
    endloop
  endfacet
  facet normal  0.000000e+000  0.000000e+000 -1.000000e+000
    outer loop
      vertex -1.042728e+001  1.292638e+001  2.800000e+001
      vertex -7.773025e+000  1.057492e+001  2.800000e+001
      vertex -8.323616e+000  1.082272e+001  2.800000e+001
    endloop
  endfacet
  facet normal  0.000000e+000  0.000000e+000 -1.000000e+000
    outer loop
      vertex -1.042728e+001  1.292638e+001  2.800000e+001
      vertex -8.323616e+000  1.082272e+001  2.800000e+001
      vertex -8.840323e+000  1.113508e+001  2.800000e+001
    endloop
  endfacet
  facet normal  0.000000e+000  0.000000e+000 -1.000000e+000
    outer loop
      vertex -1.042728e+001  1.292638e+001  2.800000e+001
      vertex -8.840323e+000  1.113508e+001  2.800000e+001
      vertex -9.315614e+000  1.150745e+001  2.800000e+001
    endloop
  endfacet
  facet normal  0.000000e+000  0.000000e+000 -1.000000e+000
    outer loop
      vertex -1.042728e+001  1.292638e+001  2.800000e+001
      vertex -9.315614e+000  1.150745e+001  2.800000e+001
      vertex -9.742554e+000  1.193439e+001  2.800000e+001
    endloop
  endfacet
  facet normal  0.000000e+000  0.000000e+000 -1.000000e+000
    outer loop
      vertex -1.042728e+001  1.292638e+001  2.800000e+001
      vertex -9.742554e+000  1.193439e+001  2.800000e+001
      vertex -1.011492e+001  1.240968e+001  2.800000e+001
    endloop
  endfacet
  facet normal  -0.000000e+000  0.000000e+000 -9.999999e-001
    outer loop
      vertex  5.000000e+000  1.312500e+001  2.800000e+001
      vertex  1.042728e+001  1.292638e+001  2.800000e+001
      vertex  1.011492e+001  1.240968e+001  2.800000e+001
    endloop
  endfacet
  facet normal  -0.000000e+000  0.000000e+000 -1.000000e+000
    outer loop
      vertex  5.000000e+000  1.312500e+001  2.800000e+001
      vertex  1.011492e+001  1.240968e+001  2.800000e+001
      vertex  9.742554e+000  1.193439e+001  2.800000e+001
    endloop
  endfacet
  facet normal  -0.000000e+000  0.000000e+000 -1.000000e+000
    outer loop
      vertex  5.000000e+000  1.312500e+001  2.800000e+001
      vertex  9.742554e+000  1.193439e+001  2.800000e+001
      vertex  9.315614e+000  1.150745e+001  2.800000e+001
    endloop
  endfacet
  facet normal  -0.000000e+000  0.000000e+000 -1.000000e+000
    outer loop
      vertex  5.000000e+000  1.312500e+001  2.800000e+001
      vertex  9.315614e+000  1.150745e+001  2.800000e+001
      vertex  8.840323e+000  1.113508e+001  2.800000e+001
    endloop
  endfacet
  facet normal  -0.000000e+000  0.000000e+000 -1.000000e+000
    outer loop
      vertex  5.000000e+000  1.312500e+001  2.800000e+001
      vertex  8.840323e+000  1.113508e+001  2.800000e+001
      vertex  8.323616e+000  1.082272e+001  2.800000e+001
    endloop
  endfacet
  facet normal  -0.000000e+000  0.000000e+000 -1.000000e+000
    outer loop
      vertex  5.000000e+000  1.312500e+001  2.800000e+001
      vertex  8.323616e+000  1.082272e+001  2.800000e+001
      vertex  7.773025e+000  1.057492e+001  2.800000e+001
    endloop
  endfacet
  facet normal  -0.000000e+000  0.000000e+000 -9.999999e-001
    outer loop
      vertex  5.000000e+000  1.312500e+001  2.800000e+001
      vertex  7.773025e+000  1.057492e+001  2.800000e+001
      vertex  7.196579e+000  1.039529e+001  2.800000e+001
    endloop
  endfacet
  facet normal  -0.000000e+000  0.000000e+000 -1.000000e+000
    outer loop
      vertex  5.000000e+000  1.312500e+001  2.800000e+001
      vertex  7.196579e+000  1.039529e+001  2.800000e+001
      vertex  6.602684e+000  1.028646e+001  2.800000e+001
    endloop
  endfacet
  facet normal  -0.000000e+000  0.000000e+000 -9.999999e-001
    outer loop
      vertex  5.000000e+000  1.312500e+001  2.800000e+001
      vertex  6.602684e+000  1.028646e+001  2.800000e+001
      vertex  6.000000e+000  1.025000e+001  2.800000e+001
    endloop
  endfacet
  facet normal  0.000000e+000  0.000000e+000 -1.000000e+000
    outer loop
      vertex  5.000000e+000  1.312500e+001  2.800000e+001
      vertex  6.000000e+000  1.025000e+001  2.800000e+001
      vertex -6.000000e+000  1.025000e+001  2.800000e+001
    endloop
  endfacet
  facet normal  0.000000e+000  0.000000e+000 -9.999999e-001
    outer loop
      vertex  5.000000e+000  1.312500e+001  2.800000e+001
      vertex -6.000000e+000  1.025000e+001  2.800000e+001
      vertex -5.000000e+000  1.312500e+001  2.800000e+001
    endloop
  endfacet
  facet normal  0.000000e+000  0.000000e+000 -1.000000e+000
    outer loop
      vertex  5.000000e+000  1.312500e+001  2.800000e+001
      vertex -5.000000e+000  1.312500e+001  2.800000e+001
      vertex -4.634206e+000  1.316103e+001  2.800000e+001
    endloop
  endfacet
  facet normal  0.000000e+000  0.000000e+000 -1.000000e+000
    outer loop
      vertex  5.000000e+000  1.312500e+001  2.800000e+001
      vertex -4.634206e+000  1.316103e+001  2.800000e+001
      vertex  4.634206e+000  1.316103e+001  2.800000e+001
    endloop
  endfacet
  facet normal  0.000000e+000  0.000000e+000 -1.000000e+000
    outer loop
      vertex -1.100000e+001  1.525000e+001  2.800000e+001
      vertex -5.717531e+000  1.673228e+001  2.800000e+001
      vertex -6.041694e+000  1.655901e+001  2.800000e+001
    endloop
  endfacet
  facet normal  0.000000e+000  0.000000e+000 -1.000000e+000
    outer loop
      vertex -1.100000e+001  1.525000e+001  2.800000e+001
      vertex -6.041694e+000  1.655901e+001  2.800000e+001
      vertex -6.325825e+000  1.632582e+001  2.800000e+001
    endloop
  endfacet
  facet normal  0.000000e+000  0.000000e+000 -1.000000e+000
    outer loop
      vertex -1.100000e+001  1.525000e+001  2.800000e+001
      vertex -6.325825e+000  1.632582e+001  2.800000e+001
      vertex -6.559006e+000  1.604169e+001  2.800000e+001
    endloop
  endfacet
  facet normal  0.000000e+000  0.000000e+000 -9.999999e-001
    outer loop
      vertex -1.100000e+001  1.525000e+001  2.800000e+001
      vertex -6.559006e+000  1.604169e+001  2.800000e+001
      vertex -6.732274e+000  1.571753e+001  2.800000e+001
    endloop
  endfacet
  facet normal  0.000000e+000  0.000000e+000 -1.000000e+000
    outer loop
      vertex -1.100000e+001  1.525000e+001  2.800000e+001
      vertex -6.732274e+000  1.571753e+001  2.800000e+001
      vertex -6.838973e+000  1.536579e+001  2.800000e+001
    endloop
  endfacet
  facet normal  0.000000e+000  0.000000e+000 -9.999999e-001
    outer loop
      vertex -1.100000e+001  1.525000e+001  2.800000e+001
      vertex -6.838973e+000  1.536579e+001  2.800000e+001
      vertex -6.875000e+000  1.500000e+001  2.800000e+001
    endloop
  endfacet
  facet normal  -0.000000e+000  0.000000e+000 -1.000000e+000
    outer loop
      vertex -1.100000e+001  1.525000e+001  2.800000e+001
      vertex -6.875000e+000  1.500000e+001  2.800000e+001
      vertex -1.096354e+001  1.464732e+001  2.800000e+001
    endloop
  endfacet
  facet normal  -0.000000e+000  0.000000e+000 -1.000000e+000
    outer loop
      vertex -1.100000e+001  2.737243e+001  2.800000e+001
      vertex -5.000000e+000  1.687500e+001  2.800000e+001
      vertex -5.365794e+000  1.683897e+001  2.800000e+001
    endloop
  endfacet
  facet normal  -0.000000e+000  0.000000e+000 -1.000000e+000
    outer loop
      vertex -1.100000e+001  2.737243e+001  2.800000e+001
      vertex -5.365794e+000  1.683897e+001  2.800000e+001
      vertex -5.717531e+000  1.673228e+001  2.800000e+001
    endloop
  endfacet
  facet normal  -0.000000e+000  0.000000e+000 -1.000000e+000
    outer loop
      vertex -1.100000e+001  2.737243e+001  2.800000e+001
      vertex -5.717531e+000  1.673228e+001  2.800000e+001
      vertex -1.100000e+001  1.525000e+001  2.800000e+001
    endloop
  endfacet
  facet normal  0.000000e+000  0.000000e+000 -1.000000e+000
    outer loop
      vertex -5.000000e+000  1.687500e+001  2.800000e+001
      vertex -1.100000e+001  2.737243e+001  2.800000e+001
      vertex -9.591750e+000  2.789710e+001  2.800000e+001
    endloop
  endfacet
  facet normal  0.000000e+000  0.000000e+000 -1.000000e+000
    outer loop
      vertex -5.000000e+000  1.687500e+001  2.800000e+001
      vertex -9.591750e+000  2.789710e+001  2.800000e+001
      vertex -8.158608e+000  2.834938e+001  2.800000e+001
    endloop
  endfacet
  facet normal  0.000000e+000  0.000000e+000 -1.000000e+000
    outer loop
      vertex -5.000000e+000  1.687500e+001  2.800000e+001
      vertex -8.158608e+000  2.834938e+001  2.800000e+001
      vertex -6.704294e+000  2.872808e+001  2.800000e+001
    endloop
  endfacet
  facet normal  0.000000e+000  0.000000e+000 -1.000000e+000
    outer loop
      vertex -5.000000e+000  1.687500e+001  2.800000e+001
      vertex -6.704294e+000  2.872808e+001  2.800000e+001
      vertex -5.232580e+000  2.903222e+001  2.800000e+001
    endloop
  endfacet
  facet normal  0.000000e+000  0.000000e+000 -1.000000e+000
    outer loop
      vertex -5.000000e+000  1.687500e+001  2.800000e+001
      vertex -5.232580e+000  2.903222e+001  2.800000e+001
      vertex -3.747287e+000  2.926103e+001  2.800000e+001
    endloop
  endfacet
  facet normal  0.000000e+000  -0.000000e+000 -1.000000e+000
    outer loop
      vertex -5.000000e+000  1.687500e+001  2.800000e+001
      vertex -3.747287e+000  2.926103e+001  2.800000e+001
      vertex  3.747287e+000  2.926103e+001  2.800000e+001
    endloop
  endfacet
  facet normal  0.000000e+000  -0.000000e+000 -1.000000e+000
    outer loop
      vertex -5.000000e+000  1.687500e+001  2.800000e+001
      vertex  3.747287e+000  2.926103e+001  2.800000e+001
      vertex  5.232580e+000  2.903222e+001  2.800000e+001
    endloop
  endfacet
  facet normal  0.000000e+000  0.000000e+000 -1.000000e+000
    outer loop
      vertex -5.000000e+000  1.687500e+001  2.800000e+001
      vertex  5.232580e+000  2.903222e+001  2.800000e+001
      vertex  5.000000e+000  1.687500e+001  2.800000e+001
    endloop
  endfacet
  facet normal  -0.000000e+000  0.000000e+000 -1.000000e+000
    outer loop
      vertex -5.000000e+000  1.687500e+001  2.800000e+001
      vertex  5.000000e+000  1.687500e+001  2.800000e+001
      vertex  4.634206e+000  1.683897e+001  2.800000e+001
    endloop
  endfacet
  facet normal  0.000000e+000  0.000000e+000 -1.000000e+000
    outer loop
      vertex -5.000000e+000  1.687500e+001  2.800000e+001
      vertex  4.634206e+000  1.683897e+001  2.800000e+001
      vertex -4.634206e+000  1.683897e+001  2.800000e+001
    endloop
  endfacet
  facet normal  0.000000e+000  0.000000e+000 -1.000000e+000
    outer loop
      vertex  1.100000e+001  1.525000e+001  2.800000e+001
      vertex  1.096354e+001  1.464732e+001  2.800000e+001
      vertex  6.875000e+000  1.500000e+001  2.800000e+001
    endloop
  endfacet
  facet normal  0.000000e+000  0.000000e+000 -9.999999e-001
    outer loop
      vertex  1.100000e+001  1.525000e+001  2.800000e+001
      vertex  6.875000e+000  1.500000e+001  2.800000e+001
      vertex  6.838973e+000  1.536579e+001  2.800000e+001
    endloop
  endfacet
  facet normal  0.000000e+000  0.000000e+000 -1.000000e+000
    outer loop
      vertex  1.100000e+001  1.525000e+001  2.800000e+001
      vertex  6.838973e+000  1.536579e+001  2.800000e+001
      vertex  6.732274e+000  1.571753e+001  2.800000e+001
    endloop
  endfacet
  facet normal  0.000000e+000  0.000000e+000 -9.999999e-001
    outer loop
      vertex  1.100000e+001  1.525000e+001  2.800000e+001
      vertex  6.732274e+000  1.571753e+001  2.800000e+001
      vertex  6.559006e+000  1.604169e+001  2.800000e+001
    endloop
  endfacet
  facet normal  0.000000e+000  0.000000e+000 -1.000000e+000
    outer loop
      vertex  1.100000e+001  1.525000e+001  2.800000e+001
      vertex  6.559006e+000  1.604169e+001  2.800000e+001
      vertex  6.325825e+000  1.632582e+001  2.800000e+001
    endloop
  endfacet
  facet normal  0.000000e+000  0.000000e+000 -1.000000e+000
    outer loop
      vertex  1.100000e+001  1.525000e+001  2.800000e+001
      vertex  6.325825e+000  1.632582e+001  2.800000e+001
      vertex  6.041694e+000  1.655901e+001  2.800000e+001
    endloop
  endfacet
  facet normal  0.000000e+000  0.000000e+000 -9.999999e-001
    outer loop
      vertex  1.100000e+001  1.525000e+001  2.800000e+001
      vertex  6.041694e+000  1.655901e+001  2.800000e+001
      vertex  5.717531e+000  1.673228e+001  2.800000e+001
    endloop
  endfacet
  facet normal  0.000000e+000  0.000000e+000 -1.000000e+000
    outer loop
      vertex  1.100000e+001  2.737243e+001  2.800000e+001
      vertex  1.100000e+001  1.525000e+001  2.800000e+001
      vertex  5.717531e+000  1.673228e+001  2.800000e+001
    endloop
  endfacet
  facet normal  0.000000e+000  0.000000e+000 -1.000000e+000
    outer loop
      vertex  1.100000e+001  2.737243e+001  2.800000e+001
      vertex  5.717531e+000  1.673228e+001  2.800000e+001
      vertex  5.365794e+000  1.683897e+001  2.800000e+001
    endloop
  endfacet
  facet normal  0.000000e+000  0.000000e+000 -1.000000e+000
    outer loop
      vertex  1.100000e+001  2.737243e+001  2.800000e+001
      vertex  5.365794e+000  1.683897e+001  2.800000e+001
      vertex  5.000000e+000  1.687500e+001  2.800000e+001
    endloop
  endfacet
  facet normal  0.000000e+000  -0.000000e+000 -1.000000e+000
    outer loop
      vertex  5.000000e+000  1.687500e+001  2.800000e+001
      vertex  5.232580e+000  2.903222e+001  2.800000e+001
      vertex  6.704294e+000  2.872808e+001  2.800000e+001
    endloop
  endfacet
  facet normal  0.000000e+000  -0.000000e+000 -1.000000e+000
    outer loop
      vertex  5.000000e+000  1.687500e+001  2.800000e+001
      vertex  6.704294e+000  2.872808e+001  2.800000e+001
      vertex  8.158608e+000  2.834938e+001  2.800000e+001
    endloop
  endfacet
  facet normal  0.000000e+000  -0.000000e+000 -1.000000e+000
    outer loop
      vertex  5.000000e+000  1.687500e+001  2.800000e+001
      vertex  8.158608e+000  2.834938e+001  2.800000e+001
      vertex  9.591750e+000  2.789710e+001  2.800000e+001
    endloop
  endfacet
  facet normal  0.000000e+000  -0.000000e+000 -1.000000e+000
    outer loop
      vertex  5.000000e+000  1.687500e+001  2.800000e+001
      vertex  9.591750e+000  2.789710e+001  2.800000e+001
      vertex  1.100000e+001  2.737243e+001  2.800000e+001
    endloop
  endfacet
  facet normal  0.000000e+000  0.000000e+000 -1.000000e+000
    outer loop
      vertex  1.042728e+001  1.292638e+001  2.800000e+001
      vertex  5.000000e+000  1.312500e+001  2.800000e+001
      vertex  5.365794e+000  1.316103e+001  2.800000e+001
    endloop
  endfacet
  facet normal  0.000000e+000  0.000000e+000 -1.000000e+000
    outer loop
      vertex  1.042728e+001  1.292638e+001  2.800000e+001
      vertex  5.365794e+000  1.316103e+001  2.800000e+001
      vertex  5.717531e+000  1.326773e+001  2.800000e+001
    endloop
  endfacet
  facet normal  0.000000e+000  0.000000e+000 -1.000000e+000
    outer loop
      vertex  1.042728e+001  1.292638e+001  2.800000e+001
      vertex  5.717531e+000  1.326773e+001  2.800000e+001
      vertex  6.041694e+000  1.344099e+001  2.800000e+001
    endloop
  endfacet
  facet normal  0.000000e+000  0.000000e+000 -1.000000e+000
    outer loop
      vertex  1.042728e+001  1.292638e+001  2.800000e+001
      vertex  6.041694e+000  1.344099e+001  2.800000e+001
      vertex  1.067508e+001  1.347698e+001  2.800000e+001
    endloop
  endfacet
  facet normal  0.000000e+000  0.000000e+000 -1.000000e+000
    outer loop
      vertex -6.875000e+000  1.500000e+001  2.800000e+001
      vertex -6.838973e+000  1.463421e+001  2.800000e+001
      vertex -1.096354e+001  1.464732e+001  2.800000e+001
    endloop
  endfacet
  facet normal  0.000000e+000  0.000000e+000 -1.000000e+000
    outer loop
      vertex -1.096354e+001  1.464732e+001  2.800000e+001
      vertex -6.838973e+000  1.463421e+001  2.800000e+001
      vertex -6.732274e+000  1.428247e+001  2.800000e+001
    endloop
  endfacet
  facet normal  -0.000000e+000  0.000000e+000 -1.000000e+000
    outer loop
      vertex -1.096354e+001  1.464732e+001  2.800000e+001
      vertex -6.732274e+000  1.428247e+001  2.800000e+001
      vertex -1.085471e+001  1.405342e+001  2.800000e+001
    endloop
  endfacet
  facet normal  0.000000e+000  0.000000e+000 -1.000000e+000
    outer loop
      vertex -6.732274e+000  1.428247e+001  2.800000e+001
      vertex -6.559006e+000  1.395831e+001  2.800000e+001
      vertex -1.085471e+001  1.405342e+001  2.800000e+001
    endloop
  endfacet
  facet normal  0.000000e+000  0.000000e+000 -1.000000e+000
    outer loop
      vertex -1.085471e+001  1.405342e+001  2.800000e+001
      vertex -6.559006e+000  1.395831e+001  2.800000e+001
      vertex -6.325825e+000  1.367417e+001  2.800000e+001
    endloop
  endfacet
  facet normal  -0.000000e+000  0.000000e+000 -1.000000e+000
    outer loop
      vertex -1.085471e+001  1.405342e+001  2.800000e+001
      vertex -6.325825e+000  1.367417e+001  2.800000e+001
      vertex -1.067508e+001  1.347698e+001  2.800000e+001
    endloop
  endfacet
  facet normal  0.000000e+000  0.000000e+000 -1.000000e+000
    outer loop
      vertex  7.514064e-001  2.949043e+001  2.800000e+001
      vertex  2.252269e+000  2.941390e+001  2.800000e+001
      vertex -7.514064e-001  2.949043e+001  2.800000e+001
    endloop
  endfacet
  facet normal  0.000000e+000  -0.000000e+000 -1.000000e+000
    outer loop
      vertex -7.514064e-001  2.949043e+001  2.800000e+001
      vertex  2.252269e+000  2.941390e+001  2.800000e+001
      vertex -2.252269e+000  2.941390e+001  2.800000e+001
    endloop
  endfacet
  facet normal  0.000000e+000  0.000000e+000 -1.000000e+000
    outer loop
      vertex  2.252269e+000  2.941390e+001  2.800000e+001
      vertex  3.747287e+000  2.926103e+001  2.800000e+001
      vertex -2.252269e+000  2.941390e+001  2.800000e+001
    endloop
  endfacet
  facet normal  0.000000e+000  -0.000000e+000 -1.000000e+000
    outer loop
      vertex -2.252269e+000  2.941390e+001  2.800000e+001
      vertex  3.747287e+000  2.926103e+001  2.800000e+001
      vertex -3.747287e+000  2.926103e+001  2.800000e+001
    endloop
  endfacet
  facet normal  0.000000e+000  0.000000e+000 -1.000000e+000
    outer loop
      vertex  3.125000e+000  1.500000e+001  2.800000e+001
      vertex -3.161028e+000  1.536579e+001  2.800000e+001
      vertex  3.161028e+000  1.536579e+001  2.800000e+001
    endloop
  endfacet
  facet normal  0.000000e+000  0.000000e+000 -1.000000e+000
    outer loop
      vertex  3.161028e+000  1.536579e+001  2.800000e+001
      vertex -3.161028e+000  1.536579e+001  2.800000e+001
      vertex -3.267726e+000  1.571753e+001  2.800000e+001
    endloop
  endfacet
  facet normal  0.000000e+000  0.000000e+000 -1.000000e+000
    outer loop
      vertex  3.161028e+000  1.536579e+001  2.800000e+001
      vertex -3.267726e+000  1.571753e+001  2.800000e+001
      vertex  3.267726e+000  1.571753e+001  2.800000e+001
    endloop
  endfacet
  facet normal  0.000000e+000  0.000000e+000 -1.000000e+000
    outer loop
      vertex  3.267726e+000  1.571753e+001  2.800000e+001
      vertex -3.267726e+000  1.571753e+001  2.800000e+001
      vertex -3.440995e+000  1.604169e+001  2.800000e+001
    endloop
  endfacet
  facet normal  0.000000e+000  0.000000e+000 -1.000000e+000
    outer loop
      vertex  3.267726e+000  1.571753e+001  2.800000e+001
      vertex -3.440995e+000  1.604169e+001  2.800000e+001
      vertex  3.440995e+000  1.604169e+001  2.800000e+001
    endloop
  endfacet
  facet normal  0.000000e+000  0.000000e+000 -1.000000e+000
    outer loop
      vertex  3.440995e+000  1.604169e+001  2.800000e+001
      vertex -3.440995e+000  1.604169e+001  2.800000e+001
      vertex -3.674175e+000  1.632582e+001  2.800000e+001
    endloop
  endfacet
  facet normal  0.000000e+000  0.000000e+000 -1.000000e+000
    outer loop
      vertex  3.440995e+000  1.604169e+001  2.800000e+001
      vertex -3.674175e+000  1.632582e+001  2.800000e+001
      vertex  3.674175e+000  1.632582e+001  2.800000e+001
    endloop
  endfacet
  facet normal  0.000000e+000  0.000000e+000 -1.000000e+000
    outer loop
      vertex  3.674175e+000  1.632582e+001  2.800000e+001
      vertex -3.674175e+000  1.632582e+001  2.800000e+001
      vertex -3.958306e+000  1.655901e+001  2.800000e+001
    endloop
  endfacet
  facet normal  0.000000e+000  0.000000e+000 -1.000000e+000
    outer loop
      vertex  3.674175e+000  1.632582e+001  2.800000e+001
      vertex -3.958306e+000  1.655901e+001  2.800000e+001
      vertex  3.958306e+000  1.655901e+001  2.800000e+001
    endloop
  endfacet
  facet normal  0.000000e+000  0.000000e+000 -1.000000e+000
    outer loop
      vertex  3.958306e+000  1.655901e+001  2.800000e+001
      vertex -3.958306e+000  1.655901e+001  2.800000e+001
      vertex -4.282469e+000  1.673228e+001  2.800000e+001
    endloop
  endfacet
  facet normal  0.000000e+000  0.000000e+000 -1.000000e+000
    outer loop
      vertex  3.958306e+000  1.655901e+001  2.800000e+001
      vertex -4.282469e+000  1.673228e+001  2.800000e+001
      vertex  4.282469e+000  1.673228e+001  2.800000e+001
    endloop
  endfacet
  facet normal  0.000000e+000  0.000000e+000 -1.000000e+000
    outer loop
      vertex  4.282469e+000  1.673228e+001  2.800000e+001
      vertex -4.282469e+000  1.673228e+001  2.800000e+001
      vertex -4.634206e+000  1.683897e+001  2.800000e+001
    endloop
  endfacet
  facet normal  0.000000e+000  0.000000e+000 -1.000000e+000
    outer loop
      vertex  4.282469e+000  1.673228e+001  2.800000e+001
      vertex -4.634206e+000  1.683897e+001  2.800000e+001
      vertex  4.634206e+000  1.683897e+001  2.800000e+001
    endloop
  endfacet
  facet normal  0.000000e+000  0.000000e+000 -1.000000e+000
    outer loop
      vertex -3.161028e+000  1.536579e+001  2.800000e+001
      vertex  3.125000e+000  1.500000e+001  2.800000e+001
      vertex -3.125000e+000  1.500000e+001  2.800000e+001
    endloop
  endfacet
  facet normal  0.000000e+000  0.000000e+000 -1.000000e+000
    outer loop
      vertex -3.125000e+000  1.500000e+001  2.800000e+001
      vertex  3.125000e+000  1.500000e+001  2.800000e+001
      vertex  3.161028e+000  1.463421e+001  2.800000e+001
    endloop
  endfacet
  facet normal  0.000000e+000  0.000000e+000 -1.000000e+000
    outer loop
      vertex -3.125000e+000  1.500000e+001  2.800000e+001
      vertex  3.161028e+000  1.463421e+001  2.800000e+001
      vertex -3.161028e+000  1.463421e+001  2.800000e+001
    endloop
  endfacet
  facet normal  0.000000e+000  0.000000e+000 -1.000000e+000
    outer loop
      vertex -3.161028e+000  1.463421e+001  2.800000e+001
      vertex  3.161028e+000  1.463421e+001  2.800000e+001
      vertex  3.267726e+000  1.428247e+001  2.800000e+001
    endloop
  endfacet
  facet normal  0.000000e+000  0.000000e+000 -1.000000e+000
    outer loop
      vertex -3.161028e+000  1.463421e+001  2.800000e+001
      vertex  3.267726e+000  1.428247e+001  2.800000e+001
      vertex -3.267726e+000  1.428247e+001  2.800000e+001
    endloop
  endfacet
  facet normal  0.000000e+000  0.000000e+000 -1.000000e+000
    outer loop
      vertex -3.267726e+000  1.428247e+001  2.800000e+001
      vertex  3.267726e+000  1.428247e+001  2.800000e+001
      vertex  3.440995e+000  1.395831e+001  2.800000e+001
    endloop
  endfacet
  facet normal  0.000000e+000  0.000000e+000 -1.000000e+000
    outer loop
      vertex -3.267726e+000  1.428247e+001  2.800000e+001
      vertex  3.440995e+000  1.395831e+001  2.800000e+001
      vertex -3.440995e+000  1.395831e+001  2.800000e+001
    endloop
  endfacet
  facet normal  0.000000e+000  0.000000e+000 -1.000000e+000
    outer loop
      vertex -3.440995e+000  1.395831e+001  2.800000e+001
      vertex  3.440995e+000  1.395831e+001  2.800000e+001
      vertex  3.674175e+000  1.367417e+001  2.800000e+001
    endloop
  endfacet
  facet normal  0.000000e+000  0.000000e+000 -1.000000e+000
    outer loop
      vertex -3.440995e+000  1.395831e+001  2.800000e+001
      vertex  3.674175e+000  1.367417e+001  2.800000e+001
      vertex -3.674175e+000  1.367417e+001  2.800000e+001
    endloop
  endfacet
  facet normal  0.000000e+000  0.000000e+000 -1.000000e+000
    outer loop
      vertex -3.674175e+000  1.367417e+001  2.800000e+001
      vertex  3.674175e+000  1.367417e+001  2.800000e+001
      vertex  3.958306e+000  1.344099e+001  2.800000e+001
    endloop
  endfacet
  facet normal  0.000000e+000  0.000000e+000 -1.000000e+000
    outer loop
      vertex -3.674175e+000  1.367417e+001  2.800000e+001
      vertex  3.958306e+000  1.344099e+001  2.800000e+001
      vertex -3.958306e+000  1.344099e+001  2.800000e+001
    endloop
  endfacet
  facet normal  0.000000e+000  0.000000e+000 -1.000000e+000
    outer loop
      vertex -3.958306e+000  1.344099e+001  2.800000e+001
      vertex  3.958306e+000  1.344099e+001  2.800000e+001
      vertex  4.282469e+000  1.326773e+001  2.800000e+001
    endloop
  endfacet
  facet normal  0.000000e+000  0.000000e+000 -1.000000e+000
    outer loop
      vertex -3.958306e+000  1.344099e+001  2.800000e+001
      vertex  4.282469e+000  1.326773e+001  2.800000e+001
      vertex -4.282469e+000  1.326773e+001  2.800000e+001
    endloop
  endfacet
  facet normal  0.000000e+000  0.000000e+000 -1.000000e+000
    outer loop
      vertex -4.282469e+000  1.326773e+001  2.800000e+001
      vertex  4.282469e+000  1.326773e+001  2.800000e+001
      vertex  4.634206e+000  1.316103e+001  2.800000e+001
    endloop
  endfacet
  facet normal  0.000000e+000  0.000000e+000 -1.000000e+000
    outer loop
      vertex -4.282469e+000  1.326773e+001  2.800000e+001
      vertex  4.634206e+000  1.316103e+001  2.800000e+001
      vertex -4.634206e+000  1.316103e+001  2.800000e+001
    endloop
  endfacet
  facet normal  -0.000000e+000  0.000000e+000 -1.000000e+000
    outer loop
      vertex  6.875000e+000  1.500000e+001  2.800000e+001
      vertex  1.096354e+001  1.464732e+001  2.800000e+001
      vertex  6.838973e+000  1.463421e+001  2.800000e+001
    endloop
  endfacet
  facet normal  0.000000e+000  0.000000e+000 -1.000000e+000
    outer loop
      vertex  6.838973e+000  1.463421e+001  2.800000e+001
      vertex  1.096354e+001  1.464732e+001  2.800000e+001
      vertex  1.085471e+001  1.405342e+001  2.800000e+001
    endloop
  endfacet
  facet normal  0.000000e+000  0.000000e+000 -1.000000e+000
    outer loop
      vertex  6.838973e+000  1.463421e+001  2.800000e+001
      vertex  1.085471e+001  1.405342e+001  2.800000e+001
      vertex  6.732274e+000  1.428247e+001  2.800000e+001
    endloop
  endfacet
  facet normal  -0.000000e+000  0.000000e+000 -1.000000e+000
    outer loop
      vertex  6.732274e+000  1.428247e+001  2.800000e+001
      vertex  1.085471e+001  1.405342e+001  2.800000e+001
      vertex  6.559006e+000  1.395831e+001  2.800000e+001
    endloop
  endfacet
  facet normal  0.000000e+000  0.000000e+000 -1.000000e+000
    outer loop
      vertex  6.559006e+000  1.395831e+001  2.800000e+001
      vertex  1.085471e+001  1.405342e+001  2.800000e+001
      vertex  1.067508e+001  1.347698e+001  2.800000e+001
    endloop
  endfacet
  facet normal  0.000000e+000  0.000000e+000 -1.000000e+000
    outer loop
      vertex  6.559006e+000  1.395831e+001  2.800000e+001
      vertex  1.067508e+001  1.347698e+001  2.800000e+001
      vertex  6.325825e+000  1.367417e+001  2.800000e+001
    endloop
  endfacet
  facet normal -6.037770e-002 -9.981756e-001  -0.000000e+000
    outer loop
      vertex -6.000000e+000  1.025000e+001  2.800000e+001
      vertex -6.000000e+000  1.025000e+001  3.610969e+001
      vertex -6.602684e+000  1.028646e+001  2.800000e+001
    endloop
  endfacet
  facet normal -6.037770e-002 -9.981756e-001  0.000000e+000
    outer loop
      vertex -6.602684e+000  1.028646e+001  2.800000e+001
      vertex -6.000000e+000  1.025000e+001  3.610969e+001
      vertex -6.602684e+000  1.028646e+001  3.610969e+001
    endloop
  endfacet
  facet normal -1.802564e-001 -9.836196e-001  -0.000000e+000
    outer loop
      vertex -6.602684e+000  1.028646e+001  2.800000e+001
      vertex -6.602684e+000  1.028646e+001  3.610969e+001
      vertex -7.196579e+000  1.039529e+001  2.800000e+001
    endloop
  endfacet
  facet normal -1.802564e-001 -9.836196e-001  0.000000e+000
    outer loop
      vertex -7.196579e+000  1.039529e+001  2.800000e+001
      vertex -6.602684e+000  1.028646e+001  3.610969e+001
      vertex -7.196579e+000  1.039529e+001  3.610969e+001
    endloop
  endfacet
  facet normal -2.975024e-001 -9.547212e-001  -0.000000e+000
    outer loop
      vertex -7.196579e+000  1.039529e+001  2.800000e+001
      vertex -7.196579e+000  1.039529e+001  3.610969e+001
      vertex -7.773025e+000  1.057492e+001  2.800000e+001
    endloop
  endfacet
  facet normal -2.975024e-001 -9.547212e-001  0.000000e+000
    outer loop
      vertex -7.773025e+000  1.057492e+001  2.800000e+001
      vertex -7.196579e+000  1.039529e+001  3.610969e+001
      vertex -7.773025e+000  1.057492e+001  3.610969e+001
    endloop
  endfacet
  facet normal -4.104124e-001 -9.119000e-001  -0.000000e+000
    outer loop
      vertex -7.773025e+000  1.057492e+001  2.800000e+001
      vertex -7.773025e+000  1.057492e+001  3.610969e+001
      vertex -8.323616e+000  1.082272e+001  2.800000e+001
    endloop
  endfacet
  facet normal -4.104124e-001 -9.119000e-001  0.000000e+000
    outer loop
      vertex -8.323616e+000  1.082272e+001  2.800000e+001
      vertex -7.773025e+000  1.057492e+001  3.610969e+001
      vertex -8.323616e+000  1.082272e+001  3.610969e+001
    endloop
  endfacet
  facet normal -5.173381e-001 -8.557811e-001  -0.000000e+000
    outer loop
      vertex -8.323616e+000  1.082272e+001  2.800000e+001
      vertex -8.323616e+000  1.082272e+001  3.610969e+001
      vertex -8.840323e+000  1.113508e+001  2.800000e+001
    endloop
  endfacet
  facet normal -5.173381e-001 -8.557811e-001  0.000000e+000
    outer loop
      vertex -8.840323e+000  1.113508e+001  2.800000e+001
      vertex -8.323616e+000  1.082272e+001  3.610969e+001
      vertex -8.840323e+000  1.113508e+001  3.610969e+001
    endloop
  endfacet
  facet normal -6.167186e-001 -7.871837e-001  -0.000000e+000
    outer loop
      vertex -8.840323e+000  1.113508e+001  2.800000e+001
      vertex -8.840323e+000  1.113508e+001  3.610969e+001
      vertex -9.315614e+000  1.150745e+001  2.800000e+001
    endloop
  endfacet
  facet normal -6.167186e-001 -7.871837e-001  0.000000e+000
    outer loop
      vertex -9.315614e+000  1.150745e+001  2.800000e+001
      vertex -8.840323e+000  1.113508e+001  3.610969e+001
      vertex -9.315614e+000  1.150745e+001  3.610969e+001
    endloop
  endfacet
  facet normal -7.071068e-001 -7.071068e-001  -0.000000e+000
    outer loop
      vertex -9.315614e+000  1.150745e+001  2.800000e+001
      vertex -9.315614e+000  1.150745e+001  3.610969e+001
      vertex -9.742554e+000  1.193439e+001  2.800000e+001
    endloop
  endfacet
  facet normal -7.071068e-001 -7.071068e-001  0.000000e+000
    outer loop
      vertex -9.742554e+000  1.193439e+001  2.800000e+001
      vertex -9.315614e+000  1.150745e+001  3.610969e+001
      vertex -9.742554e+000  1.193439e+001  3.610969e+001
    endloop
  endfacet
  facet normal -7.871837e-001 -6.167186e-001  -0.000000e+000
    outer loop
      vertex -9.742554e+000  1.193439e+001  2.800000e+001
      vertex -9.742554e+000  1.193439e+001  3.610969e+001
      vertex -1.011492e+001  1.240968e+001  2.800000e+001
    endloop
  endfacet
  facet normal -7.871837e-001 -6.167186e-001  0.000000e+000
    outer loop
      vertex -1.011492e+001  1.240968e+001  2.800000e+001
      vertex -9.742554e+000  1.193439e+001  3.610969e+001
      vertex -1.011492e+001  1.240968e+001  3.610969e+001
    endloop
  endfacet
  facet normal -8.557811e-001 -5.173381e-001  -0.000000e+000
    outer loop
      vertex -1.011492e+001  1.240968e+001  2.800000e+001
      vertex -1.011492e+001  1.240968e+001  3.610969e+001
      vertex -1.042728e+001  1.292638e+001  2.800000e+001
    endloop
  endfacet
  facet normal -8.557811e-001 -5.173381e-001  0.000000e+000
    outer loop
      vertex -1.042728e+001  1.292638e+001  2.800000e+001
      vertex -1.011492e+001  1.240968e+001  3.610969e+001
      vertex -1.042728e+001  1.292638e+001  3.610969e+001
    endloop
  endfacet
  facet normal -9.119000e-001 -4.104124e-001  -0.000000e+000
    outer loop
      vertex -1.042728e+001  1.292638e+001  2.800000e+001
      vertex -1.042728e+001  1.292638e+001  3.610969e+001
      vertex -1.067508e+001  1.347698e+001  2.800000e+001
    endloop
  endfacet
  facet normal -9.119000e-001 -4.104124e-001  0.000000e+000
    outer loop
      vertex -1.067508e+001  1.347698e+001  2.800000e+001
      vertex -1.042728e+001  1.292638e+001  3.610969e+001
      vertex -1.067508e+001  1.347698e+001  3.610969e+001
    endloop
  endfacet
  facet normal -9.547212e-001 -2.975022e-001  -0.000000e+000
    outer loop
      vertex -1.067508e+001  1.347698e+001  2.800000e+001
      vertex -1.067508e+001  1.347698e+001  3.610969e+001
      vertex -1.085471e+001  1.405342e+001  2.800000e+001
    endloop
  endfacet
  facet normal -9.547212e-001 -2.975022e-001  0.000000e+000
    outer loop
      vertex -1.085471e+001  1.405342e+001  2.800000e+001
      vertex -1.067508e+001  1.347698e+001  3.610969e+001
      vertex -1.085471e+001  1.405342e+001  3.610969e+001
    endloop
  endfacet
  facet normal -9.836196e-001 -1.802564e-001  -0.000000e+000
    outer loop
      vertex -1.085471e+001  1.405342e+001  2.800000e+001
      vertex -1.085471e+001  1.405342e+001  3.610969e+001
      vertex -1.096354e+001  1.464732e+001  2.800000e+001
    endloop
  endfacet
  facet normal -9.836196e-001 -1.802564e-001  0.000000e+000
    outer loop
      vertex -1.096354e+001  1.464732e+001  2.800000e+001
      vertex -1.085471e+001  1.405342e+001  3.610969e+001
      vertex -1.096354e+001  1.464732e+001  3.610969e+001
    endloop
  endfacet
  facet normal -9.981756e-001 -6.037775e-002  -0.000000e+000
    outer loop
      vertex -1.096354e+001  1.464732e+001  2.800000e+001
      vertex -1.096354e+001  1.464732e+001  3.610969e+001
      vertex -1.100000e+001  1.525000e+001  2.800000e+001
    endloop
  endfacet
  facet normal -9.981756e-001 -6.037775e-002  0.000000e+000
    outer loop
      vertex -1.100000e+001  1.525000e+001  2.800000e+001
      vertex -1.096354e+001  1.464732e+001  3.610969e+001
      vertex -1.100000e+001  1.525000e+001  3.610969e+001
    endloop
  endfacet
  facet normal  0.000000e+000 -1.000000e+000  0.000000e+000
    outer loop
      vertex  6.000000e+000  1.025000e+001  3.610969e+001
      vertex -6.000000e+000  1.025000e+001  3.610969e+001
      vertex  6.000000e+000  1.025000e+001  2.800000e+001
    endloop
  endfacet
  facet normal  0.000000e+000 -1.000000e+000  0.000000e+000
    outer loop
      vertex  6.000000e+000  1.025000e+001  2.800000e+001
      vertex -6.000000e+000  1.025000e+001  3.610969e+001
      vertex -6.000000e+000  1.025000e+001  2.800000e+001
    endloop
  endfacet
  facet normal  9.981756e-001 -6.037775e-002  0.000000e+000
    outer loop
      vertex  1.100000e+001  1.525000e+001  2.800000e+001
      vertex  1.100000e+001  1.525000e+001  3.610969e+001
      vertex  1.096354e+001  1.464732e+001  2.800000e+001
    endloop
  endfacet
  facet normal  9.981756e-001 -6.037775e-002  0.000000e+000
    outer loop
      vertex  1.096354e+001  1.464732e+001  2.800000e+001
      vertex  1.100000e+001  1.525000e+001  3.610969e+001
      vertex  1.096354e+001  1.464732e+001  3.610969e+001
    endloop
  endfacet
  facet normal  9.836196e-001 -1.802564e-001  0.000000e+000
    outer loop
      vertex  1.096354e+001  1.464732e+001  2.800000e+001
      vertex  1.096354e+001  1.464732e+001  3.610969e+001
      vertex  1.085471e+001  1.405342e+001  2.800000e+001
    endloop
  endfacet
  facet normal  9.836196e-001 -1.802564e-001  0.000000e+000
    outer loop
      vertex  1.085471e+001  1.405342e+001  2.800000e+001
      vertex  1.096354e+001  1.464732e+001  3.610969e+001
      vertex  1.085471e+001  1.405342e+001  3.610969e+001
    endloop
  endfacet
  facet normal  9.547212e-001 -2.975022e-001  0.000000e+000
    outer loop
      vertex  1.085471e+001  1.405342e+001  2.800000e+001
      vertex  1.085471e+001  1.405342e+001  3.610969e+001
      vertex  1.067508e+001  1.347698e+001  2.800000e+001
    endloop
  endfacet
  facet normal  9.547212e-001 -2.975022e-001  0.000000e+000
    outer loop
      vertex  1.067508e+001  1.347698e+001  2.800000e+001
      vertex  1.085471e+001  1.405342e+001  3.610969e+001
      vertex  1.067508e+001  1.347698e+001  3.610969e+001
    endloop
  endfacet
  facet normal  9.119000e-001 -4.104124e-001  0.000000e+000
    outer loop
      vertex  1.067508e+001  1.347698e+001  2.800000e+001
      vertex  1.067508e+001  1.347698e+001  3.610969e+001
      vertex  1.042728e+001  1.292638e+001  2.800000e+001
    endloop
  endfacet
  facet normal  9.119000e-001 -4.104124e-001  0.000000e+000
    outer loop
      vertex  1.042728e+001  1.292638e+001  2.800000e+001
      vertex  1.067508e+001  1.347698e+001  3.610969e+001
      vertex  1.042728e+001  1.292638e+001  3.610969e+001
    endloop
  endfacet
  facet normal  8.557811e-001 -5.173381e-001  0.000000e+000
    outer loop
      vertex  1.042728e+001  1.292638e+001  2.800000e+001
      vertex  1.042728e+001  1.292638e+001  3.610969e+001
      vertex  1.011492e+001  1.240968e+001  2.800000e+001
    endloop
  endfacet
  facet normal  8.557811e-001 -5.173381e-001  0.000000e+000
    outer loop
      vertex  1.011492e+001  1.240968e+001  2.800000e+001
      vertex  1.042728e+001  1.292638e+001  3.610969e+001
      vertex  1.011492e+001  1.240968e+001  3.610969e+001
    endloop
  endfacet
  facet normal  7.871837e-001 -6.167186e-001  0.000000e+000
    outer loop
      vertex  1.011492e+001  1.240968e+001  2.800000e+001
      vertex  1.011492e+001  1.240968e+001  3.610969e+001
      vertex  9.742554e+000  1.193439e+001  2.800000e+001
    endloop
  endfacet
  facet normal  7.871837e-001 -6.167186e-001  0.000000e+000
    outer loop
      vertex  9.742554e+000  1.193439e+001  2.800000e+001
      vertex  1.011492e+001  1.240968e+001  3.610969e+001
      vertex  9.742554e+000  1.193439e+001  3.610969e+001
    endloop
  endfacet
  facet normal  7.071068e-001 -7.071068e-001  0.000000e+000
    outer loop
      vertex  9.742554e+000  1.193439e+001  2.800000e+001
      vertex  9.742554e+000  1.193439e+001  3.610969e+001
      vertex  9.315614e+000  1.150745e+001  2.800000e+001
    endloop
  endfacet
  facet normal  7.071068e-001 -7.071068e-001  0.000000e+000
    outer loop
      vertex  9.315614e+000  1.150745e+001  2.800000e+001
      vertex  9.742554e+000  1.193439e+001  3.610969e+001
      vertex  9.315614e+000  1.150745e+001  3.610969e+001
    endloop
  endfacet
  facet normal  6.167186e-001 -7.871837e-001  0.000000e+000
    outer loop
      vertex  9.315614e+000  1.150745e+001  2.800000e+001
      vertex  9.315614e+000  1.150745e+001  3.610969e+001
      vertex  8.840323e+000  1.113508e+001  2.800000e+001
    endloop
  endfacet
  facet normal  6.167186e-001 -7.871837e-001  0.000000e+000
    outer loop
      vertex  8.840323e+000  1.113508e+001  2.800000e+001
      vertex  9.315614e+000  1.150745e+001  3.610969e+001
      vertex  8.840323e+000  1.113508e+001  3.610969e+001
    endloop
  endfacet
  facet normal  5.173381e-001 -8.557811e-001  0.000000e+000
    outer loop
      vertex  8.840323e+000  1.113508e+001  2.800000e+001
      vertex  8.840323e+000  1.113508e+001  3.610969e+001
      vertex  8.323616e+000  1.082272e+001  2.800000e+001
    endloop
  endfacet
  facet normal  5.173381e-001 -8.557811e-001  0.000000e+000
    outer loop
      vertex  8.323616e+000  1.082272e+001  2.800000e+001
      vertex  8.840323e+000  1.113508e+001  3.610969e+001
      vertex  8.323616e+000  1.082272e+001  3.610969e+001
    endloop
  endfacet
  facet normal  4.104124e-001 -9.119000e-001  0.000000e+000
    outer loop
      vertex  8.323616e+000  1.082272e+001  2.800000e+001
      vertex  8.323616e+000  1.082272e+001  3.610969e+001
      vertex  7.773025e+000  1.057492e+001  2.800000e+001
    endloop
  endfacet
  facet normal  4.104124e-001 -9.119000e-001  0.000000e+000
    outer loop
      vertex  7.773025e+000  1.057492e+001  2.800000e+001
      vertex  8.323616e+000  1.082272e+001  3.610969e+001
      vertex  7.773025e+000  1.057492e+001  3.610969e+001
    endloop
  endfacet
  facet normal  2.975024e-001 -9.547212e-001  0.000000e+000
    outer loop
      vertex  7.773025e+000  1.057492e+001  2.800000e+001
      vertex  7.773025e+000  1.057492e+001  3.610969e+001
      vertex  7.196579e+000  1.039529e+001  2.800000e+001
    endloop
  endfacet
  facet normal  2.975024e-001 -9.547212e-001  0.000000e+000
    outer loop
      vertex  7.196579e+000  1.039529e+001  2.800000e+001
      vertex  7.773025e+000  1.057492e+001  3.610969e+001
      vertex  7.196579e+000  1.039529e+001  3.610969e+001
    endloop
  endfacet
  facet normal  1.802564e-001 -9.836196e-001  0.000000e+000
    outer loop
      vertex  7.196579e+000  1.039529e+001  2.800000e+001
      vertex  7.196579e+000  1.039529e+001  3.610969e+001
      vertex  6.602684e+000  1.028646e+001  2.800000e+001
    endloop
  endfacet
  facet normal  1.802564e-001 -9.836196e-001  0.000000e+000
    outer loop
      vertex  6.602684e+000  1.028646e+001  2.800000e+001
      vertex  7.196579e+000  1.039529e+001  3.610969e+001
      vertex  6.602684e+000  1.028646e+001  3.610969e+001
    endloop
  endfacet
  facet normal  6.037770e-002 -9.981756e-001  0.000000e+000
    outer loop
      vertex  6.602684e+000  1.028646e+001  2.800000e+001
      vertex  6.602684e+000  1.028646e+001  3.610969e+001
      vertex  6.000000e+000  1.025000e+001  2.800000e+001
    endloop
  endfacet
  facet normal  6.037770e-002 -9.981756e-001  0.000000e+000
    outer loop
      vertex  6.000000e+000  1.025000e+001  2.800000e+001
      vertex  6.602684e+000  1.028646e+001  3.610969e+001
      vertex  6.000000e+000  1.025000e+001  3.610969e+001
    endloop
  endfacet
  facet normal -9.801802e-002  9.951847e-001  0.000000e+000
    outer loop
      vertex  5.000000e+000  1.312500e+001  2.800000e+001
      vertex  5.365794e+000  1.316103e+001  3.610969e+001
      vertex  5.365794e+000  1.316103e+001  2.800000e+001
    endloop
  endfacet
  facet normal -2.902841e-001  9.569405e-001  0.000000e+000
    outer loop
      vertex  5.365794e+000  1.316103e+001  2.800000e+001
      vertex  5.365794e+000  1.316103e+001  3.610969e+001
      vertex  5.717531e+000  1.326773e+001  3.610969e+001
    endloop
  endfacet
  facet normal -2.902841e-001  9.569405e-001  0.000000e+000
    outer loop
      vertex  5.365794e+000  1.316103e+001  2.800000e+001
      vertex  5.717531e+000  1.326773e+001  3.610969e+001
      vertex  5.717531e+000  1.326773e+001  2.800000e+001
    endloop
  endfacet
  facet normal -4.713959e-001  8.819218e-001  0.000000e+000
    outer loop
      vertex  5.717531e+000  1.326773e+001  2.800000e+001
      vertex  5.717531e+000  1.326773e+001  3.610969e+001
      vertex  6.041694e+000  1.344099e+001  3.610969e+001
    endloop
  endfacet
  facet normal -4.713959e-001  8.819218e-001  0.000000e+000
    outer loop
      vertex  5.717531e+000  1.326773e+001  2.800000e+001
      vertex  6.041694e+000  1.344099e+001  3.610969e+001
      vertex  6.041694e+000  1.344099e+001  2.800000e+001
    endloop
  endfacet
  facet normal -6.343929e-001  7.730108e-001  0.000000e+000
    outer loop
      vertex  6.041694e+000  1.344099e+001  2.800000e+001
      vertex  6.041694e+000  1.344099e+001  3.610969e+001
      vertex  6.325825e+000  1.367417e+001  3.610969e+001
    endloop
  endfacet
  facet normal -6.343929e-001  7.730108e-001  0.000000e+000
    outer loop
      vertex  6.041694e+000  1.344099e+001  2.800000e+001
      vertex  6.325825e+000  1.367417e+001  3.610969e+001
      vertex  6.325825e+000  1.367417e+001  2.800000e+001
    endloop
  endfacet
  facet normal -7.730102e-001  6.343936e-001  0.000000e+000
    outer loop
      vertex  6.325825e+000  1.367417e+001  2.800000e+001
      vertex  6.325825e+000  1.367417e+001  3.610969e+001
      vertex  6.559006e+000  1.395831e+001  3.610969e+001
    endloop
  endfacet
  facet normal -7.730102e-001  6.343936e-001  0.000000e+000
    outer loop
      vertex  6.325825e+000  1.367417e+001  2.800000e+001
      vertex  6.559006e+000  1.395831e+001  3.610969e+001
      vertex  6.559006e+000  1.395831e+001  2.800000e+001
    endloop
  endfacet
  facet normal -8.819220e-001  4.713954e-001  0.000000e+000
    outer loop
      vertex  6.559006e+000  1.395831e+001  2.800000e+001
      vertex  6.559006e+000  1.395831e+001  3.610969e+001
      vertex  6.732274e+000  1.428247e+001  3.610969e+001
    endloop
  endfacet
  facet normal -8.819220e-001  4.713954e-001  0.000000e+000
    outer loop
      vertex  6.559006e+000  1.395831e+001  2.800000e+001
      vertex  6.732274e+000  1.428247e+001  3.610969e+001
      vertex  6.732274e+000  1.428247e+001  2.800000e+001
    endloop
  endfacet
  facet normal -9.569402e-001  2.902853e-001  0.000000e+000
    outer loop
      vertex  6.732274e+000  1.428247e+001  2.800000e+001
      vertex  6.732274e+000  1.428247e+001  3.610969e+001
      vertex  6.838973e+000  1.463421e+001  3.610969e+001
    endloop
  endfacet
  facet normal -9.569402e-001  2.902853e-001  0.000000e+000
    outer loop
      vertex  6.732274e+000  1.428247e+001  2.800000e+001
      vertex  6.838973e+000  1.463421e+001  3.610969e+001
      vertex  6.838973e+000  1.463421e+001  2.800000e+001
    endloop
  endfacet
  facet normal -9.951848e-001  9.801673e-002  0.000000e+000
    outer loop
      vertex  6.838973e+000  1.463421e+001  2.800000e+001
      vertex  6.838973e+000  1.463421e+001  3.610969e+001
      vertex  6.875000e+000  1.500000e+001  3.610969e+001
    endloop
  endfacet
  facet normal -9.951848e-001  9.801673e-002  0.000000e+000
    outer loop
      vertex  6.838973e+000  1.463421e+001  2.800000e+001
      vertex  6.875000e+000  1.500000e+001  3.610969e+001
      vertex  6.875000e+000  1.500000e+001  2.800000e+001
    endloop
  endfacet
  facet normal -9.801802e-002  9.951847e-001  0.000000e+000
    outer loop
      vertex  5.365794e+000  1.316103e+001  3.610969e+001
      vertex  5.000000e+000  1.312500e+001  2.800000e+001
      vertex  5.000000e+000  1.312500e+001  3.610969e+001
    endloop
  endfacet
  facet normal  9.801802e-002  9.951847e-001  0.000000e+000
    outer loop
      vertex  5.000000e+000  1.312500e+001  3.610969e+001
      vertex  5.000000e+000  1.312500e+001  2.800000e+001
      vertex  4.634206e+000  1.316103e+001  2.800000e+001
    endloop
  endfacet
  facet normal  9.801802e-002  9.951847e-001  -0.000000e+000
    outer loop
      vertex  5.000000e+000  1.312500e+001  3.610969e+001
      vertex  4.634206e+000  1.316103e+001  2.800000e+001
      vertex  4.634206e+000  1.316103e+001  3.610969e+001
    endloop
  endfacet
  facet normal  2.902841e-001  9.569405e-001  0.000000e+000
    outer loop
      vertex  4.634206e+000  1.316103e+001  3.610969e+001
      vertex  4.634206e+000  1.316103e+001  2.800000e+001
      vertex  4.282469e+000  1.326773e+001  2.800000e+001
    endloop
  endfacet
  facet normal  2.902841e-001  9.569405e-001  -0.000000e+000
    outer loop
      vertex  4.634206e+000  1.316103e+001  3.610969e+001
      vertex  4.282469e+000  1.326773e+001  2.800000e+001
      vertex  4.282469e+000  1.326773e+001  3.610969e+001
    endloop
  endfacet
  facet normal  4.713959e-001  8.819218e-001  0.000000e+000
    outer loop
      vertex  4.282469e+000  1.326773e+001  3.610969e+001
      vertex  4.282469e+000  1.326773e+001  2.800000e+001
      vertex  3.958306e+000  1.344099e+001  2.800000e+001
    endloop
  endfacet
  facet normal  4.713959e-001  8.819218e-001  -0.000000e+000
    outer loop
      vertex  4.282469e+000  1.326773e+001  3.610969e+001
      vertex  3.958306e+000  1.344099e+001  2.800000e+001
      vertex  3.958306e+000  1.344099e+001  3.610969e+001
    endloop
  endfacet
  facet normal  6.343929e-001  7.730108e-001  0.000000e+000
    outer loop
      vertex  3.958306e+000  1.344099e+001  3.610969e+001
      vertex  3.958306e+000  1.344099e+001  2.800000e+001
      vertex  3.674175e+000  1.367417e+001  2.800000e+001
    endloop
  endfacet
  facet normal  6.343929e-001  7.730108e-001  -0.000000e+000
    outer loop
      vertex  3.958306e+000  1.344099e+001  3.610969e+001
      vertex  3.674175e+000  1.367417e+001  2.800000e+001
      vertex  3.674175e+000  1.367417e+001  3.610969e+001
    endloop
  endfacet
  facet normal  7.730105e-001  6.343933e-001  0.000000e+000
    outer loop
      vertex  3.674175e+000  1.367417e+001  3.610969e+001
      vertex  3.674175e+000  1.367417e+001  2.800000e+001
      vertex  3.440995e+000  1.395831e+001  2.800000e+001
    endloop
  endfacet
  facet normal  7.730105e-001  6.343933e-001  -0.000000e+000
    outer loop
      vertex  3.674175e+000  1.367417e+001  3.610969e+001
      vertex  3.440995e+000  1.395831e+001  2.800000e+001
      vertex  3.440995e+000  1.395831e+001  3.610969e+001
    endloop
  endfacet
  facet normal  8.819218e-001  4.713959e-001  0.000000e+000
    outer loop
      vertex  3.440995e+000  1.395831e+001  3.610969e+001
      vertex  3.440995e+000  1.395831e+001  2.800000e+001
      vertex  3.267726e+000  1.428247e+001  2.800000e+001
    endloop
  endfacet
  facet normal  8.819218e-001  4.713959e-001  -0.000000e+000
    outer loop
      vertex  3.440995e+000  1.395831e+001  3.610969e+001
      vertex  3.267726e+000  1.428247e+001  2.800000e+001
      vertex  3.267726e+000  1.428247e+001  3.610969e+001
    endloop
  endfacet
  facet normal  9.569404e-001  2.902847e-001  0.000000e+000
    outer loop
      vertex  3.267726e+000  1.428247e+001  3.610969e+001
      vertex  3.267726e+000  1.428247e+001  2.800000e+001
      vertex  3.161028e+000  1.463421e+001  2.800000e+001
    endloop
  endfacet
  facet normal  9.569404e-001  2.902847e-001  -0.000000e+000
    outer loop
      vertex  3.267726e+000  1.428247e+001  3.610969e+001
      vertex  3.161028e+000  1.463421e+001  2.800000e+001
      vertex  3.161028e+000  1.463421e+001  3.610969e+001
    endloop
  endfacet
  facet normal  9.951848e-001  9.801738e-002  0.000000e+000
    outer loop
      vertex  3.161028e+000  1.463421e+001  3.610969e+001
      vertex  3.161028e+000  1.463421e+001  2.800000e+001
      vertex  3.125000e+000  1.500000e+001  2.800000e+001
    endloop
  endfacet
  facet normal  9.951848e-001  9.801738e-002  -0.000000e+000
    outer loop
      vertex  3.161028e+000  1.463421e+001  3.610969e+001
      vertex  3.125000e+000  1.500000e+001  2.800000e+001
      vertex  3.125000e+000  1.500000e+001  3.610969e+001
    endloop
  endfacet
  facet normal  9.801802e-002 -9.951847e-001  0.000000e+000
    outer loop
      vertex  5.000000e+000  1.687500e+001  2.800000e+001
      vertex  4.634206e+000  1.683897e+001  3.610969e+001
      vertex  4.634206e+000  1.683897e+001  2.800000e+001
    endloop
  endfacet
  facet normal  2.902817e-001 -9.569412e-001  0.000000e+000
    outer loop
      vertex  4.634206e+000  1.683897e+001  2.800000e+001
      vertex  4.634206e+000  1.683897e+001  3.610969e+001
      vertex  4.282469e+000  1.673228e+001  3.610969e+001
    endloop
  endfacet
  facet normal  2.902817e-001 -9.569412e-001  0.000000e+000
    outer loop
      vertex  4.634206e+000  1.683897e+001  2.800000e+001
      vertex  4.282469e+000  1.673228e+001  3.610969e+001
      vertex  4.282469e+000  1.673228e+001  2.800000e+001
    endloop
  endfacet
  facet normal  4.713979e-001 -8.819206e-001  0.000000e+000
    outer loop
      vertex  4.282469e+000  1.673228e+001  2.800000e+001
      vertex  4.282469e+000  1.673228e+001  3.610969e+001
      vertex  3.958306e+000  1.655901e+001  3.610969e+001
    endloop
  endfacet
  facet normal  4.713979e-001 -8.819206e-001  0.000000e+000
    outer loop
      vertex  4.282469e+000  1.673228e+001  2.800000e+001
      vertex  3.958306e+000  1.655901e+001  3.610969e+001
      vertex  3.958306e+000  1.655901e+001  2.800000e+001
    endloop
  endfacet
  facet normal  6.343944e-001 -7.730095e-001  0.000000e+000
    outer loop
      vertex  3.958306e+000  1.655901e+001  2.800000e+001
      vertex  3.958306e+000  1.655901e+001  3.610969e+001
      vertex  3.674175e+000  1.632582e+001  3.610969e+001
    endloop
  endfacet
  facet normal  6.343944e-001 -7.730095e-001  0.000000e+000
    outer loop
      vertex  3.958306e+000  1.655901e+001  2.800000e+001
      vertex  3.674175e+000  1.632582e+001  3.610969e+001
      vertex  3.674175e+000  1.632582e+001  2.800000e+001
    endloop
  endfacet
  facet normal  7.730095e-001 -6.343945e-001  0.000000e+000
    outer loop
      vertex  3.674175e+000  1.632582e+001  2.800000e+001
      vertex  3.674175e+000  1.632582e+001  3.610969e+001
      vertex  3.440995e+000  1.604169e+001  3.610969e+001
    endloop
  endfacet
  facet normal  7.730095e-001 -6.343945e-001  0.000000e+000
    outer loop
      vertex  3.674175e+000  1.632582e+001  2.800000e+001
      vertex  3.440995e+000  1.604169e+001  3.610969e+001
      vertex  3.440995e+000  1.604169e+001  2.800000e+001
    endloop
  endfacet
  facet normal  8.819218e-001 -4.713959e-001  0.000000e+000
    outer loop
      vertex  3.440995e+000  1.604169e+001  2.800000e+001
      vertex  3.440995e+000  1.604169e+001  3.610969e+001
      vertex  3.267726e+000  1.571753e+001  3.610969e+001
    endloop
  endfacet
  facet normal  8.819218e-001 -4.713959e-001  0.000000e+000
    outer loop
      vertex  3.440995e+000  1.604169e+001  2.800000e+001
      vertex  3.267726e+000  1.571753e+001  3.610969e+001
      vertex  3.267726e+000  1.571753e+001  2.800000e+001
    endloop
  endfacet
  facet normal  9.569404e-001 -2.902847e-001  0.000000e+000
    outer loop
      vertex  3.267726e+000  1.571753e+001  2.800000e+001
      vertex  3.267726e+000  1.571753e+001  3.610969e+001
      vertex  3.161028e+000  1.536579e+001  3.610969e+001
    endloop
  endfacet
  facet normal  9.569404e-001 -2.902847e-001  0.000000e+000
    outer loop
      vertex  3.267726e+000  1.571753e+001  2.800000e+001
      vertex  3.161028e+000  1.536579e+001  3.610969e+001
      vertex  3.161028e+000  1.536579e+001  2.800000e+001
    endloop
  endfacet
  facet normal  9.951848e-001 -9.801738e-002  0.000000e+000
    outer loop
      vertex  3.161028e+000  1.536579e+001  2.800000e+001
      vertex  3.161028e+000  1.536579e+001  3.610969e+001
      vertex  3.125000e+000  1.500000e+001  3.610969e+001
    endloop
  endfacet
  facet normal  9.951848e-001 -9.801738e-002  0.000000e+000
    outer loop
      vertex  3.161028e+000  1.536579e+001  2.800000e+001
      vertex  3.125000e+000  1.500000e+001  3.610969e+001
      vertex  3.125000e+000  1.500000e+001  2.800000e+001
    endloop
  endfacet
  facet normal  9.801802e-002 -9.951847e-001  0.000000e+000
    outer loop
      vertex  4.634206e+000  1.683897e+001  3.610969e+001
      vertex  5.000000e+000  1.687500e+001  2.800000e+001
      vertex  5.000000e+000  1.687500e+001  3.610969e+001
    endloop
  endfacet
  facet normal -9.801802e-002 -9.951847e-001  -0.000000e+000
    outer loop
      vertex  5.000000e+000  1.687500e+001  3.610969e+001
      vertex  5.000000e+000  1.687500e+001  2.800000e+001
      vertex  5.365794e+000  1.683897e+001  2.800000e+001
    endloop
  endfacet
  facet normal -9.801802e-002 -9.951847e-001  0.000000e+000
    outer loop
      vertex  5.000000e+000  1.687500e+001  3.610969e+001
      vertex  5.365794e+000  1.683897e+001  2.800000e+001
      vertex  5.365794e+000  1.683897e+001  3.610969e+001
    endloop
  endfacet
  facet normal -2.902817e-001 -9.569412e-001  -0.000000e+000
    outer loop
      vertex  5.365794e+000  1.683897e+001  3.610969e+001
      vertex  5.365794e+000  1.683897e+001  2.800000e+001
      vertex  5.717531e+000  1.673228e+001  2.800000e+001
    endloop
  endfacet
  facet normal -2.902817e-001 -9.569412e-001  0.000000e+000
    outer loop
      vertex  5.365794e+000  1.683897e+001  3.610969e+001
      vertex  5.717531e+000  1.673228e+001  2.800000e+001
      vertex  5.717531e+000  1.673228e+001  3.610969e+001
    endloop
  endfacet
  facet normal -4.713979e-001 -8.819206e-001  -0.000000e+000
    outer loop
      vertex  5.717531e+000  1.673228e+001  3.610969e+001
      vertex  5.717531e+000  1.673228e+001  2.800000e+001
      vertex  6.041694e+000  1.655901e+001  2.800000e+001
    endloop
  endfacet
  facet normal -4.713979e-001 -8.819206e-001  0.000000e+000
    outer loop
      vertex  5.717531e+000  1.673228e+001  3.610969e+001
      vertex  6.041694e+000  1.655901e+001  2.800000e+001
      vertex  6.041694e+000  1.655901e+001  3.610969e+001
    endloop
  endfacet
  facet normal -6.343944e-001 -7.730095e-001  -0.000000e+000
    outer loop
      vertex  6.041694e+000  1.655901e+001  3.610969e+001
      vertex  6.041694e+000  1.655901e+001  2.800000e+001
      vertex  6.325825e+000  1.632582e+001  2.800000e+001
    endloop
  endfacet
  facet normal -6.343944e-001 -7.730095e-001  0.000000e+000
    outer loop
      vertex  6.041694e+000  1.655901e+001  3.610969e+001
      vertex  6.325825e+000  1.632582e+001  2.800000e+001
      vertex  6.325825e+000  1.632582e+001  3.610969e+001
    endloop
  endfacet
  facet normal -7.730091e-001 -6.343949e-001  -0.000000e+000
    outer loop
      vertex  6.325825e+000  1.632582e+001  3.610969e+001
      vertex  6.325825e+000  1.632582e+001  2.800000e+001
      vertex  6.559006e+000  1.604169e+001  2.800000e+001
    endloop
  endfacet
  facet normal -7.730091e-001 -6.343949e-001  0.000000e+000
    outer loop
      vertex  6.325825e+000  1.632582e+001  3.610969e+001
      vertex  6.559006e+000  1.604169e+001  2.800000e+001
      vertex  6.559006e+000  1.604169e+001  3.610969e+001
    endloop
  endfacet
  facet normal -8.819220e-001 -4.713954e-001  -0.000000e+000
    outer loop
      vertex  6.559006e+000  1.604169e+001  3.610969e+001
      vertex  6.559006e+000  1.604169e+001  2.800000e+001
      vertex  6.732274e+000  1.571753e+001  2.800000e+001
    endloop
  endfacet
  facet normal -8.819220e-001 -4.713954e-001  0.000000e+000
    outer loop
      vertex  6.559006e+000  1.604169e+001  3.610969e+001
      vertex  6.732274e+000  1.571753e+001  2.800000e+001
      vertex  6.732274e+000  1.571753e+001  3.610969e+001
    endloop
  endfacet
  facet normal -9.569402e-001 -2.902853e-001  -0.000000e+000
    outer loop
      vertex  6.732274e+000  1.571753e+001  3.610969e+001
      vertex  6.732274e+000  1.571753e+001  2.800000e+001
      vertex  6.838973e+000  1.536579e+001  2.800000e+001
    endloop
  endfacet
  facet normal -9.569402e-001 -2.902853e-001  0.000000e+000
    outer loop
      vertex  6.732274e+000  1.571753e+001  3.610969e+001
      vertex  6.838973e+000  1.536579e+001  2.800000e+001
      vertex  6.838973e+000  1.536579e+001  3.610969e+001
    endloop
  endfacet
  facet normal -9.951848e-001 -9.801673e-002  -0.000000e+000
    outer loop
      vertex  6.838973e+000  1.536579e+001  3.610969e+001
      vertex  6.838973e+000  1.536579e+001  2.800000e+001
      vertex  6.875000e+000  1.500000e+001  2.800000e+001
    endloop
  endfacet
  facet normal -9.951848e-001 -9.801673e-002  0.000000e+000
    outer loop
      vertex  6.838973e+000  1.536579e+001  3.610969e+001
      vertex  6.875000e+000  1.500000e+001  2.800000e+001
      vertex  6.875000e+000  1.500000e+001  3.610969e+001
    endloop
  endfacet
  facet normal  9.801802e-002 -9.951847e-001  0.000000e+000
    outer loop
      vertex -5.000000e+000  1.687500e+001  2.800000e+001
      vertex -5.365794e+000  1.683897e+001  3.610969e+001
      vertex -5.365794e+000  1.683897e+001  2.800000e+001
    endloop
  endfacet
  facet normal  2.902817e-001 -9.569412e-001  0.000000e+000
    outer loop
      vertex -5.365794e+000  1.683897e+001  2.800000e+001
      vertex -5.365794e+000  1.683897e+001  3.610969e+001
      vertex -5.717531e+000  1.673228e+001  3.610969e+001
    endloop
  endfacet
  facet normal  2.902817e-001 -9.569412e-001  0.000000e+000
    outer loop
      vertex -5.365794e+000  1.683897e+001  2.800000e+001
      vertex -5.717531e+000  1.673228e+001  3.610969e+001
      vertex -5.717531e+000  1.673228e+001  2.800000e+001
    endloop
  endfacet
  facet normal  4.713979e-001 -8.819206e-001  0.000000e+000
    outer loop
      vertex -5.717531e+000  1.673228e+001  2.800000e+001
      vertex -5.717531e+000  1.673228e+001  3.610969e+001
      vertex -6.041694e+000  1.655901e+001  3.610969e+001
    endloop
  endfacet
  facet normal  4.713979e-001 -8.819206e-001  0.000000e+000
    outer loop
      vertex -5.717531e+000  1.673228e+001  2.800000e+001
      vertex -6.041694e+000  1.655901e+001  3.610969e+001
      vertex -6.041694e+000  1.655901e+001  2.800000e+001
    endloop
  endfacet
  facet normal  6.343944e-001 -7.730095e-001  0.000000e+000
    outer loop
      vertex -6.041694e+000  1.655901e+001  2.800000e+001
      vertex -6.041694e+000  1.655901e+001  3.610969e+001
      vertex -6.325825e+000  1.632582e+001  3.610969e+001
    endloop
  endfacet
  facet normal  6.343944e-001 -7.730095e-001  0.000000e+000
    outer loop
      vertex -6.041694e+000  1.655901e+001  2.800000e+001
      vertex -6.325825e+000  1.632582e+001  3.610969e+001
      vertex -6.325825e+000  1.632582e+001  2.800000e+001
    endloop
  endfacet
  facet normal  7.730091e-001 -6.343949e-001  0.000000e+000
    outer loop
      vertex -6.325825e+000  1.632582e+001  2.800000e+001
      vertex -6.325825e+000  1.632582e+001  3.610969e+001
      vertex -6.559006e+000  1.604169e+001  3.610969e+001
    endloop
  endfacet
  facet normal  7.730091e-001 -6.343949e-001  0.000000e+000
    outer loop
      vertex -6.325825e+000  1.632582e+001  2.800000e+001
      vertex -6.559006e+000  1.604169e+001  3.610969e+001
      vertex -6.559006e+000  1.604169e+001  2.800000e+001
    endloop
  endfacet
  facet normal  8.819220e-001 -4.713954e-001  0.000000e+000
    outer loop
      vertex -6.559006e+000  1.604169e+001  2.800000e+001
      vertex -6.559006e+000  1.604169e+001  3.610969e+001
      vertex -6.732274e+000  1.571753e+001  3.610969e+001
    endloop
  endfacet
  facet normal  8.819220e-001 -4.713954e-001  0.000000e+000
    outer loop
      vertex -6.559006e+000  1.604169e+001  2.800000e+001
      vertex -6.732274e+000  1.571753e+001  3.610969e+001
      vertex -6.732274e+000  1.571753e+001  2.800000e+001
    endloop
  endfacet
  facet normal  9.569402e-001 -2.902853e-001  0.000000e+000
    outer loop
      vertex -6.732274e+000  1.571753e+001  2.800000e+001
      vertex -6.732274e+000  1.571753e+001  3.610969e+001
      vertex -6.838973e+000  1.536579e+001  3.610969e+001
    endloop
  endfacet
  facet normal  9.569402e-001 -2.902853e-001  0.000000e+000
    outer loop
      vertex -6.732274e+000  1.571753e+001  2.800000e+001
      vertex -6.838973e+000  1.536579e+001  3.610969e+001
      vertex -6.838973e+000  1.536579e+001  2.800000e+001
    endloop
  endfacet
  facet normal  9.951848e-001 -9.801673e-002  0.000000e+000
    outer loop
      vertex -6.838973e+000  1.536579e+001  2.800000e+001
      vertex -6.838973e+000  1.536579e+001  3.610969e+001
      vertex -6.875000e+000  1.500000e+001  3.610969e+001
    endloop
  endfacet
  facet normal  9.951848e-001 -9.801673e-002  0.000000e+000
    outer loop
      vertex -6.838973e+000  1.536579e+001  2.800000e+001
      vertex -6.875000e+000  1.500000e+001  3.610969e+001
      vertex -6.875000e+000  1.500000e+001  2.800000e+001
    endloop
  endfacet
  facet normal  9.801802e-002 -9.951847e-001  0.000000e+000
    outer loop
      vertex -5.365794e+000  1.683897e+001  3.610969e+001
      vertex -5.000000e+000  1.687500e+001  2.800000e+001
      vertex -5.000000e+000  1.687500e+001  3.610969e+001
    endloop
  endfacet
  facet normal -9.801802e-002 -9.951847e-001  -0.000000e+000
    outer loop
      vertex -5.000000e+000  1.687500e+001  3.610969e+001
      vertex -5.000000e+000  1.687500e+001  2.800000e+001
      vertex -4.634206e+000  1.683897e+001  2.800000e+001
    endloop
  endfacet
  facet normal -9.801802e-002 -9.951847e-001  0.000000e+000
    outer loop
      vertex -5.000000e+000  1.687500e+001  3.610969e+001
      vertex -4.634206e+000  1.683897e+001  2.800000e+001
      vertex -4.634206e+000  1.683897e+001  3.610969e+001
    endloop
  endfacet
  facet normal -2.902817e-001 -9.569412e-001  -0.000000e+000
    outer loop
      vertex -4.634206e+000  1.683897e+001  3.610969e+001
      vertex -4.634206e+000  1.683897e+001  2.800000e+001
      vertex -4.282469e+000  1.673228e+001  2.800000e+001
    endloop
  endfacet
  facet normal -2.902817e-001 -9.569412e-001  0.000000e+000
    outer loop
      vertex -4.634206e+000  1.683897e+001  3.610969e+001
      vertex -4.282469e+000  1.673228e+001  2.800000e+001
      vertex -4.282469e+000  1.673228e+001  3.610969e+001
    endloop
  endfacet
  facet normal -4.713979e-001 -8.819206e-001  -0.000000e+000
    outer loop
      vertex -4.282469e+000  1.673228e+001  3.610969e+001
      vertex -4.282469e+000  1.673228e+001  2.800000e+001
      vertex -3.958306e+000  1.655901e+001  2.800000e+001
    endloop
  endfacet
  facet normal -4.713979e-001 -8.819206e-001  0.000000e+000
    outer loop
      vertex -4.282469e+000  1.673228e+001  3.610969e+001
      vertex -3.958306e+000  1.655901e+001  2.800000e+001
      vertex -3.958306e+000  1.655901e+001  3.610969e+001
    endloop
  endfacet
  facet normal -6.343944e-001 -7.730095e-001  -0.000000e+000
    outer loop
      vertex -3.958306e+000  1.655901e+001  3.610969e+001
      vertex -3.958306e+000  1.655901e+001  2.800000e+001
      vertex -3.674175e+000  1.632582e+001  2.800000e+001
    endloop
  endfacet
  facet normal -6.343944e-001 -7.730095e-001  0.000000e+000
    outer loop
      vertex -3.958306e+000  1.655901e+001  3.610969e+001
      vertex -3.674175e+000  1.632582e+001  2.800000e+001
      vertex -3.674175e+000  1.632582e+001  3.610969e+001
    endloop
  endfacet
  facet normal -7.730095e-001 -6.343945e-001  -0.000000e+000
    outer loop
      vertex -3.674175e+000  1.632582e+001  3.610969e+001
      vertex -3.674175e+000  1.632582e+001  2.800000e+001
      vertex -3.440995e+000  1.604169e+001  2.800000e+001
    endloop
  endfacet
  facet normal -7.730095e-001 -6.343945e-001  0.000000e+000
    outer loop
      vertex -3.674175e+000  1.632582e+001  3.610969e+001
      vertex -3.440995e+000  1.604169e+001  2.800000e+001
      vertex -3.440995e+000  1.604169e+001  3.610969e+001
    endloop
  endfacet
  facet normal -8.819218e-001 -4.713959e-001  -0.000000e+000
    outer loop
      vertex -3.440995e+000  1.604169e+001  3.610969e+001
      vertex -3.440995e+000  1.604169e+001  2.800000e+001
      vertex -3.267726e+000  1.571753e+001  2.800000e+001
    endloop
  endfacet
  facet normal -8.819218e-001 -4.713959e-001  0.000000e+000
    outer loop
      vertex -3.440995e+000  1.604169e+001  3.610969e+001
      vertex -3.267726e+000  1.571753e+001  2.800000e+001
      vertex -3.267726e+000  1.571753e+001  3.610969e+001
    endloop
  endfacet
  facet normal -9.569404e-001 -2.902847e-001  -0.000000e+000
    outer loop
      vertex -3.267726e+000  1.571753e+001  3.610969e+001
      vertex -3.267726e+000  1.571753e+001  2.800000e+001
      vertex -3.161028e+000  1.536579e+001  2.800000e+001
    endloop
  endfacet
  facet normal -9.569404e-001 -2.902847e-001  0.000000e+000
    outer loop
      vertex -3.267726e+000  1.571753e+001  3.610969e+001
      vertex -3.161028e+000  1.536579e+001  2.800000e+001
      vertex -3.161028e+000  1.536579e+001  3.610969e+001
    endloop
  endfacet
  facet normal -9.951848e-001 -9.801738e-002  -0.000000e+000
    outer loop
      vertex -3.161028e+000  1.536579e+001  3.610969e+001
      vertex -3.161028e+000  1.536579e+001  2.800000e+001
      vertex -3.125000e+000  1.500000e+001  2.800000e+001
    endloop
  endfacet
  facet normal -9.951848e-001 -9.801738e-002  0.000000e+000
    outer loop
      vertex -3.161028e+000  1.536579e+001  3.610969e+001
      vertex -3.125000e+000  1.500000e+001  2.800000e+001
      vertex -3.125000e+000  1.500000e+001  3.610969e+001
    endloop
  endfacet
  facet normal -9.801802e-002  9.951847e-001  0.000000e+000
    outer loop
      vertex -5.000000e+000  1.312500e+001  2.800000e+001
      vertex -4.634206e+000  1.316103e+001  3.610969e+001
      vertex -4.634206e+000  1.316103e+001  2.800000e+001
    endloop
  endfacet
  facet normal -2.902841e-001  9.569405e-001  0.000000e+000
    outer loop
      vertex -4.634206e+000  1.316103e+001  2.800000e+001
      vertex -4.634206e+000  1.316103e+001  3.610969e+001
      vertex -4.282469e+000  1.326773e+001  3.610969e+001
    endloop
  endfacet
  facet normal -2.902841e-001  9.569405e-001  0.000000e+000
    outer loop
      vertex -4.634206e+000  1.316103e+001  2.800000e+001
      vertex -4.282469e+000  1.326773e+001  3.610969e+001
      vertex -4.282469e+000  1.326773e+001  2.800000e+001
    endloop
  endfacet
  facet normal -4.713959e-001  8.819218e-001  0.000000e+000
    outer loop
      vertex -4.282469e+000  1.326773e+001  2.800000e+001
      vertex -4.282469e+000  1.326773e+001  3.610969e+001
      vertex -3.958306e+000  1.344099e+001  3.610969e+001
    endloop
  endfacet
  facet normal -4.713959e-001  8.819218e-001  0.000000e+000
    outer loop
      vertex -4.282469e+000  1.326773e+001  2.800000e+001
      vertex -3.958306e+000  1.344099e+001  3.610969e+001
      vertex -3.958306e+000  1.344099e+001  2.800000e+001
    endloop
  endfacet
  facet normal -6.343929e-001  7.730108e-001  0.000000e+000
    outer loop
      vertex -3.958306e+000  1.344099e+001  2.800000e+001
      vertex -3.958306e+000  1.344099e+001  3.610969e+001
      vertex -3.674175e+000  1.367417e+001  3.610969e+001
    endloop
  endfacet
  facet normal -6.343929e-001  7.730108e-001  0.000000e+000
    outer loop
      vertex -3.958306e+000  1.344099e+001  2.800000e+001
      vertex -3.674175e+000  1.367417e+001  3.610969e+001
      vertex -3.674175e+000  1.367417e+001  2.800000e+001
    endloop
  endfacet
  facet normal -7.730105e-001  6.343933e-001  0.000000e+000
    outer loop
      vertex -3.674175e+000  1.367417e+001  2.800000e+001
      vertex -3.674175e+000  1.367417e+001  3.610969e+001
      vertex -3.440995e+000  1.395831e+001  3.610969e+001
    endloop
  endfacet
  facet normal -7.730105e-001  6.343933e-001  0.000000e+000
    outer loop
      vertex -3.674175e+000  1.367417e+001  2.800000e+001
      vertex -3.440995e+000  1.395831e+001  3.610969e+001
      vertex -3.440995e+000  1.395831e+001  2.800000e+001
    endloop
  endfacet
  facet normal -8.819218e-001  4.713959e-001  0.000000e+000
    outer loop
      vertex -3.440995e+000  1.395831e+001  2.800000e+001
      vertex -3.440995e+000  1.395831e+001  3.610969e+001
      vertex -3.267726e+000  1.428247e+001  3.610969e+001
    endloop
  endfacet
  facet normal -8.819218e-001  4.713959e-001  0.000000e+000
    outer loop
      vertex -3.440995e+000  1.395831e+001  2.800000e+001
      vertex -3.267726e+000  1.428247e+001  3.610969e+001
      vertex -3.267726e+000  1.428247e+001  2.800000e+001
    endloop
  endfacet
  facet normal -9.569404e-001  2.902847e-001  0.000000e+000
    outer loop
      vertex -3.267726e+000  1.428247e+001  2.800000e+001
      vertex -3.267726e+000  1.428247e+001  3.610969e+001
      vertex -3.161028e+000  1.463421e+001  3.610969e+001
    endloop
  endfacet
  facet normal -9.569404e-001  2.902847e-001  0.000000e+000
    outer loop
      vertex -3.267726e+000  1.428247e+001  2.800000e+001
      vertex -3.161028e+000  1.463421e+001  3.610969e+001
      vertex -3.161028e+000  1.463421e+001  2.800000e+001
    endloop
  endfacet
  facet normal -9.951848e-001  9.801738e-002  0.000000e+000
    outer loop
      vertex -3.161028e+000  1.463421e+001  2.800000e+001
      vertex -3.161028e+000  1.463421e+001  3.610969e+001
      vertex -3.125000e+000  1.500000e+001  3.610969e+001
    endloop
  endfacet
  facet normal -9.951848e-001  9.801738e-002  0.000000e+000
    outer loop
      vertex -3.161028e+000  1.463421e+001  2.800000e+001
      vertex -3.125000e+000  1.500000e+001  3.610969e+001
      vertex -3.125000e+000  1.500000e+001  2.800000e+001
    endloop
  endfacet
  facet normal -9.801802e-002  9.951847e-001  0.000000e+000
    outer loop
      vertex -4.634206e+000  1.316103e+001  3.610969e+001
      vertex -5.000000e+000  1.312500e+001  2.800000e+001
      vertex -5.000000e+000  1.312500e+001  3.610969e+001
    endloop
  endfacet
  facet normal  9.801802e-002  9.951847e-001  0.000000e+000
    outer loop
      vertex -5.000000e+000  1.312500e+001  3.610969e+001
      vertex -5.000000e+000  1.312500e+001  2.800000e+001
      vertex -5.365794e+000  1.316103e+001  2.800000e+001
    endloop
  endfacet
  facet normal  9.801802e-002  9.951847e-001  -0.000000e+000
    outer loop
      vertex -5.000000e+000  1.312500e+001  3.610969e+001
      vertex -5.365794e+000  1.316103e+001  2.800000e+001
      vertex -5.365794e+000  1.316103e+001  3.610969e+001
    endloop
  endfacet
  facet normal  2.902841e-001  9.569405e-001  0.000000e+000
    outer loop
      vertex -5.365794e+000  1.316103e+001  3.610969e+001
      vertex -5.365794e+000  1.316103e+001  2.800000e+001
      vertex -5.717531e+000  1.326773e+001  2.800000e+001
    endloop
  endfacet
  facet normal  2.902841e-001  9.569405e-001  -0.000000e+000
    outer loop
      vertex -5.365794e+000  1.316103e+001  3.610969e+001
      vertex -5.717531e+000  1.326773e+001  2.800000e+001
      vertex -5.717531e+000  1.326773e+001  3.610969e+001
    endloop
  endfacet
  facet normal  4.713959e-001  8.819218e-001  0.000000e+000
    outer loop
      vertex -5.717531e+000  1.326773e+001  3.610969e+001
      vertex -5.717531e+000  1.326773e+001  2.800000e+001
      vertex -6.041694e+000  1.344099e+001  2.800000e+001
    endloop
  endfacet
  facet normal  4.713959e-001  8.819218e-001  -0.000000e+000
    outer loop
      vertex -5.717531e+000  1.326773e+001  3.610969e+001
      vertex -6.041694e+000  1.344099e+001  2.800000e+001
      vertex -6.041694e+000  1.344099e+001  3.610969e+001
    endloop
  endfacet
  facet normal  6.343929e-001  7.730108e-001  0.000000e+000
    outer loop
      vertex -6.041694e+000  1.344099e+001  3.610969e+001
      vertex -6.041694e+000  1.344099e+001  2.800000e+001
      vertex -6.325825e+000  1.367417e+001  2.800000e+001
    endloop
  endfacet
  facet normal  6.343929e-001  7.730108e-001  -0.000000e+000
    outer loop
      vertex -6.041694e+000  1.344099e+001  3.610969e+001
      vertex -6.325825e+000  1.367417e+001  2.800000e+001
      vertex -6.325825e+000  1.367417e+001  3.610969e+001
    endloop
  endfacet
  facet normal  7.730102e-001  6.343936e-001  0.000000e+000
    outer loop
      vertex -6.325825e+000  1.367417e+001  3.610969e+001
      vertex -6.325825e+000  1.367417e+001  2.800000e+001
      vertex -6.559006e+000  1.395831e+001  2.800000e+001
    endloop
  endfacet
  facet normal  7.730102e-001  6.343936e-001  -0.000000e+000
    outer loop
      vertex -6.325825e+000  1.367417e+001  3.610969e+001
      vertex -6.559006e+000  1.395831e+001  2.800000e+001
      vertex -6.559006e+000  1.395831e+001  3.610969e+001
    endloop
  endfacet
  facet normal  8.819220e-001  4.713954e-001  0.000000e+000
    outer loop
      vertex -6.559006e+000  1.395831e+001  3.610969e+001
      vertex -6.559006e+000  1.395831e+001  2.800000e+001
      vertex -6.732274e+000  1.428247e+001  2.800000e+001
    endloop
  endfacet
  facet normal  8.819220e-001  4.713954e-001  -0.000000e+000
    outer loop
      vertex -6.559006e+000  1.395831e+001  3.610969e+001
      vertex -6.732274e+000  1.428247e+001  2.800000e+001
      vertex -6.732274e+000  1.428247e+001  3.610969e+001
    endloop
  endfacet
  facet normal  9.569402e-001  2.902853e-001  0.000000e+000
    outer loop
      vertex -6.732274e+000  1.428247e+001  3.610969e+001
      vertex -6.732274e+000  1.428247e+001  2.800000e+001
      vertex -6.838973e+000  1.463421e+001  2.800000e+001
    endloop
  endfacet
  facet normal  9.569402e-001  2.902853e-001  -0.000000e+000
    outer loop
      vertex -6.732274e+000  1.428247e+001  3.610969e+001
      vertex -6.838973e+000  1.463421e+001  2.800000e+001
      vertex -6.838973e+000  1.463421e+001  3.610969e+001
    endloop
  endfacet
  facet normal  9.951848e-001  9.801673e-002  0.000000e+000
    outer loop
      vertex -6.838973e+000  1.463421e+001  3.610969e+001
      vertex -6.838973e+000  1.463421e+001  2.800000e+001
      vertex -6.875000e+000  1.500000e+001  2.800000e+001
    endloop
  endfacet
  facet normal  9.951848e-001  9.801673e-002  -0.000000e+000
    outer loop
      vertex -6.838973e+000  1.463421e+001  3.610969e+001
      vertex -6.875000e+000  1.500000e+001  2.800000e+001
      vertex -6.875000e+000  1.500000e+001  3.610969e+001
    endloop
  endfacet
  facet normal  0.000000e+000  0.000000e+000  9.999999e-001
    outer loop
      vertex  4.634206e+000 -3.266103e+001  3.000000e+000
      vertex  5.365794e+000 -3.266103e+001  3.000000e+000
      vertex  5.000000e+000 -3.262500e+001  3.000000e+000
    endloop
  endfacet
  facet normal  -0.000000e+000  0.000000e+000  1.000000e+000
    outer loop
      vertex  5.365794e+000 -3.266103e+001  3.000000e+000
      vertex  4.634206e+000 -3.266103e+001  3.000000e+000
      vertex  5.717531e+000 -3.276773e+001  3.000000e+000
    endloop
  endfacet
  facet normal  0.000000e+000  0.000000e+000  1.000000e+000
    outer loop
      vertex  5.717531e+000 -3.276773e+001  3.000000e+000
      vertex  4.634206e+000 -3.266103e+001  3.000000e+000
      vertex  4.282469e+000 -3.276773e+001  3.000000e+000
    endloop
  endfacet
  facet normal  -0.000000e+000  0.000000e+000  1.000000e+000
    outer loop
      vertex  5.717531e+000 -3.276773e+001  3.000000e+000
      vertex  4.282469e+000 -3.276773e+001  3.000000e+000
      vertex  6.041694e+000 -3.294099e+001  3.000000e+000
    endloop
  endfacet
  facet normal  0.000000e+000  0.000000e+000  1.000000e+000
    outer loop
      vertex  6.041694e+000 -3.294099e+001  3.000000e+000
      vertex  4.282469e+000 -3.276773e+001  3.000000e+000
      vertex  3.958306e+000 -3.294099e+001  3.000000e+000
    endloop
  endfacet
  facet normal  -0.000000e+000  0.000000e+000  1.000000e+000
    outer loop
      vertex  6.041694e+000 -3.294099e+001  3.000000e+000
      vertex  3.958306e+000 -3.294099e+001  3.000000e+000
      vertex  6.325825e+000 -3.317418e+001  3.000000e+000
    endloop
  endfacet
  facet normal  0.000000e+000  0.000000e+000  1.000000e+000
    outer loop
      vertex  6.325825e+000 -3.317418e+001  3.000000e+000
      vertex  3.958306e+000 -3.294099e+001  3.000000e+000
      vertex  3.674175e+000 -3.317418e+001  3.000000e+000
    endloop
  endfacet
  facet normal  -0.000000e+000  0.000000e+000  1.000000e+000
    outer loop
      vertex  6.325825e+000 -3.317418e+001  3.000000e+000
      vertex  3.674175e+000 -3.317418e+001  3.000000e+000
      vertex  6.559006e+000 -3.345831e+001  3.000000e+000
    endloop
  endfacet
  facet normal  0.000000e+000  0.000000e+000  1.000000e+000
    outer loop
      vertex  6.559006e+000 -3.345831e+001  3.000000e+000
      vertex  3.674175e+000 -3.317418e+001  3.000000e+000
      vertex  3.440995e+000 -3.345831e+001  3.000000e+000
    endloop
  endfacet
  facet normal  -0.000000e+000  0.000000e+000  1.000000e+000
    outer loop
      vertex  6.559006e+000 -3.345831e+001  3.000000e+000
      vertex  3.440995e+000 -3.345831e+001  3.000000e+000
      vertex  6.732274e+000 -3.378247e+001  3.000000e+000
    endloop
  endfacet
  facet normal  0.000000e+000  0.000000e+000  1.000000e+000
    outer loop
      vertex  6.732274e+000 -3.378247e+001  3.000000e+000
      vertex  3.440995e+000 -3.345831e+001  3.000000e+000
      vertex  3.267726e+000 -3.378247e+001  3.000000e+000
    endloop
  endfacet
  facet normal  -0.000000e+000  0.000000e+000  1.000000e+000
    outer loop
      vertex  6.732274e+000 -3.378247e+001  3.000000e+000
      vertex  3.267726e+000 -3.378247e+001  3.000000e+000
      vertex  6.838973e+000 -3.413420e+001  3.000000e+000
    endloop
  endfacet
  facet normal  0.000000e+000  0.000000e+000  1.000000e+000
    outer loop
      vertex  6.838973e+000 -3.413420e+001  3.000000e+000
      vertex  3.267726e+000 -3.378247e+001  3.000000e+000
      vertex  3.161028e+000 -3.413420e+001  3.000000e+000
    endloop
  endfacet
  facet normal  -0.000000e+000  0.000000e+000  1.000000e+000
    outer loop
      vertex  6.838973e+000 -3.413420e+001  3.000000e+000
      vertex  3.161028e+000 -3.413420e+001  3.000000e+000
      vertex  6.875000e+000 -3.450000e+001  3.000000e+000
    endloop
  endfacet
  facet normal  0.000000e+000  0.000000e+000  1.000000e+000
    outer loop
      vertex  6.875000e+000 -3.450000e+001  3.000000e+000
      vertex  3.161028e+000 -3.413420e+001  3.000000e+000
      vertex  3.125000e+000 -3.450000e+001  3.000000e+000
    endloop
  endfacet
  facet normal  -0.000000e+000  0.000000e+000  1.000000e+000
    outer loop
      vertex  6.875000e+000 -3.450000e+001  3.000000e+000
      vertex  3.125000e+000 -3.450000e+001  3.000000e+000
      vertex  6.838973e+000 -3.486580e+001  3.000000e+000
    endloop
  endfacet
  facet normal  0.000000e+000  0.000000e+000  1.000000e+000
    outer loop
      vertex  6.838973e+000 -3.486580e+001  3.000000e+000
      vertex  3.125000e+000 -3.450000e+001  3.000000e+000
      vertex  3.161028e+000 -3.486580e+001  3.000000e+000
    endloop
  endfacet
  facet normal  -0.000000e+000  0.000000e+000  1.000000e+000
    outer loop
      vertex  6.838973e+000 -3.486580e+001  3.000000e+000
      vertex  3.161028e+000 -3.486580e+001  3.000000e+000
      vertex  6.732274e+000 -3.521753e+001  3.000000e+000
    endloop
  endfacet
  facet normal  0.000000e+000  0.000000e+000  1.000000e+000
    outer loop
      vertex  6.732274e+000 -3.521753e+001  3.000000e+000
      vertex  3.161028e+000 -3.486580e+001  3.000000e+000
      vertex  3.267726e+000 -3.521753e+001  3.000000e+000
    endloop
  endfacet
  facet normal  -0.000000e+000  0.000000e+000  1.000000e+000
    outer loop
      vertex  6.732274e+000 -3.521753e+001  3.000000e+000
      vertex  3.267726e+000 -3.521753e+001  3.000000e+000
      vertex  6.559006e+000 -3.554169e+001  3.000000e+000
    endloop
  endfacet
  facet normal  0.000000e+000  0.000000e+000  1.000000e+000
    outer loop
      vertex  6.559006e+000 -3.554169e+001  3.000000e+000
      vertex  3.267726e+000 -3.521753e+001  3.000000e+000
      vertex  3.440995e+000 -3.554169e+001  3.000000e+000
    endloop
  endfacet
  facet normal  -0.000000e+000  0.000000e+000  1.000000e+000
    outer loop
      vertex  6.559006e+000 -3.554169e+001  3.000000e+000
      vertex  3.440995e+000 -3.554169e+001  3.000000e+000
      vertex  6.325825e+000 -3.582582e+001  3.000000e+000
    endloop
  endfacet
  facet normal  0.000000e+000  0.000000e+000  1.000000e+000
    outer loop
      vertex  6.325825e+000 -3.582582e+001  3.000000e+000
      vertex  3.440995e+000 -3.554169e+001  3.000000e+000
      vertex  3.674175e+000 -3.582582e+001  3.000000e+000
    endloop
  endfacet
  facet normal  -0.000000e+000  0.000000e+000  1.000000e+000
    outer loop
      vertex  6.325825e+000 -3.582582e+001  3.000000e+000
      vertex  3.674175e+000 -3.582582e+001  3.000000e+000
      vertex  6.041694e+000 -3.605901e+001  3.000000e+000
    endloop
  endfacet
  facet normal  0.000000e+000  0.000000e+000  1.000000e+000
    outer loop
      vertex  6.041694e+000 -3.605901e+001  3.000000e+000
      vertex  3.674175e+000 -3.582582e+001  3.000000e+000
      vertex  3.958306e+000 -3.605901e+001  3.000000e+000
    endloop
  endfacet
  facet normal  -0.000000e+000  0.000000e+000  1.000000e+000
    outer loop
      vertex  6.041694e+000 -3.605901e+001  3.000000e+000
      vertex  3.958306e+000 -3.605901e+001  3.000000e+000
      vertex  5.717531e+000 -3.623227e+001  3.000000e+000
    endloop
  endfacet
  facet normal  0.000000e+000  0.000000e+000  1.000000e+000
    outer loop
      vertex  5.717531e+000 -3.623227e+001  3.000000e+000
      vertex  3.958306e+000 -3.605901e+001  3.000000e+000
      vertex  4.282469e+000 -3.623227e+001  3.000000e+000
    endloop
  endfacet
  facet normal  -0.000000e+000  0.000000e+000  1.000000e+000
    outer loop
      vertex  5.717531e+000 -3.623227e+001  3.000000e+000
      vertex  4.282469e+000 -3.623227e+001  3.000000e+000
      vertex  5.365794e+000 -3.633897e+001  3.000000e+000
    endloop
  endfacet
  facet normal  0.000000e+000  0.000000e+000  1.000000e+000
    outer loop
      vertex  5.365794e+000 -3.633897e+001  3.000000e+000
      vertex  4.282469e+000 -3.623227e+001  3.000000e+000
      vertex  4.634206e+000 -3.633897e+001  3.000000e+000
    endloop
  endfacet
  facet normal  -0.000000e+000  0.000000e+000  9.999999e-001
    outer loop
      vertex  5.365794e+000 -3.633897e+001  3.000000e+000
      vertex  4.634206e+000 -3.633897e+001  3.000000e+000
      vertex  5.000000e+000 -3.637500e+001  3.000000e+000
    endloop
  endfacet
  facet normal  0.000000e+000  0.000000e+000  9.999999e-001
    outer loop
      vertex -5.365794e+000 -3.266103e+001  3.000000e+000
      vertex -4.634206e+000 -3.266103e+001  3.000000e+000
      vertex -5.000000e+000 -3.262500e+001  3.000000e+000
    endloop
  endfacet
  facet normal  -0.000000e+000  0.000000e+000  1.000000e+000
    outer loop
      vertex -4.634206e+000 -3.266103e+001  3.000000e+000
      vertex -5.365794e+000 -3.266103e+001  3.000000e+000
      vertex -4.282469e+000 -3.276773e+001  3.000000e+000
    endloop
  endfacet
  facet normal  0.000000e+000  0.000000e+000  1.000000e+000
    outer loop
      vertex -4.282469e+000 -3.276773e+001  3.000000e+000
      vertex -5.365794e+000 -3.266103e+001  3.000000e+000
      vertex -5.717531e+000 -3.276773e+001  3.000000e+000
    endloop
  endfacet
  facet normal  -0.000000e+000  0.000000e+000  1.000000e+000
    outer loop
      vertex -4.282469e+000 -3.276773e+001  3.000000e+000
      vertex -5.717531e+000 -3.276773e+001  3.000000e+000
      vertex -3.958306e+000 -3.294099e+001  3.000000e+000
    endloop
  endfacet
  facet normal  0.000000e+000  0.000000e+000  1.000000e+000
    outer loop
      vertex -3.958306e+000 -3.294099e+001  3.000000e+000
      vertex -5.717531e+000 -3.276773e+001  3.000000e+000
      vertex -6.041694e+000 -3.294099e+001  3.000000e+000
    endloop
  endfacet
  facet normal  -0.000000e+000  0.000000e+000  1.000000e+000
    outer loop
      vertex -3.958306e+000 -3.294099e+001  3.000000e+000
      vertex -6.041694e+000 -3.294099e+001  3.000000e+000
      vertex -3.674175e+000 -3.317418e+001  3.000000e+000
    endloop
  endfacet
  facet normal  0.000000e+000  0.000000e+000  1.000000e+000
    outer loop
      vertex -3.674175e+000 -3.317418e+001  3.000000e+000
      vertex -6.041694e+000 -3.294099e+001  3.000000e+000
      vertex -6.325825e+000 -3.317418e+001  3.000000e+000
    endloop
  endfacet
  facet normal  -0.000000e+000  0.000000e+000  1.000000e+000
    outer loop
      vertex -3.674175e+000 -3.317418e+001  3.000000e+000
      vertex -6.325825e+000 -3.317418e+001  3.000000e+000
      vertex -3.440995e+000 -3.345831e+001  3.000000e+000
    endloop
  endfacet
  facet normal  0.000000e+000  0.000000e+000  1.000000e+000
    outer loop
      vertex -3.440995e+000 -3.345831e+001  3.000000e+000
      vertex -6.325825e+000 -3.317418e+001  3.000000e+000
      vertex -6.559006e+000 -3.345831e+001  3.000000e+000
    endloop
  endfacet
  facet normal  -0.000000e+000  0.000000e+000  1.000000e+000
    outer loop
      vertex -3.440995e+000 -3.345831e+001  3.000000e+000
      vertex -6.559006e+000 -3.345831e+001  3.000000e+000
      vertex -3.267726e+000 -3.378247e+001  3.000000e+000
    endloop
  endfacet
  facet normal  0.000000e+000  0.000000e+000  1.000000e+000
    outer loop
      vertex -3.267726e+000 -3.378247e+001  3.000000e+000
      vertex -6.559006e+000 -3.345831e+001  3.000000e+000
      vertex -6.732274e+000 -3.378247e+001  3.000000e+000
    endloop
  endfacet
  facet normal  -0.000000e+000  0.000000e+000  1.000000e+000
    outer loop
      vertex -3.267726e+000 -3.378247e+001  3.000000e+000
      vertex -6.732274e+000 -3.378247e+001  3.000000e+000
      vertex -3.161028e+000 -3.413420e+001  3.000000e+000
    endloop
  endfacet
  facet normal  0.000000e+000  0.000000e+000  1.000000e+000
    outer loop
      vertex -3.161028e+000 -3.413420e+001  3.000000e+000
      vertex -6.732274e+000 -3.378247e+001  3.000000e+000
      vertex -6.838973e+000 -3.413420e+001  3.000000e+000
    endloop
  endfacet
  facet normal  -0.000000e+000  0.000000e+000  1.000000e+000
    outer loop
      vertex -3.161028e+000 -3.413420e+001  3.000000e+000
      vertex -6.838973e+000 -3.413420e+001  3.000000e+000
      vertex -3.125000e+000 -3.450000e+001  3.000000e+000
    endloop
  endfacet
  facet normal  0.000000e+000  0.000000e+000  1.000000e+000
    outer loop
      vertex -3.125000e+000 -3.450000e+001  3.000000e+000
      vertex -6.838973e+000 -3.413420e+001  3.000000e+000
      vertex -6.875000e+000 -3.450000e+001  3.000000e+000
    endloop
  endfacet
  facet normal  -0.000000e+000  0.000000e+000  1.000000e+000
    outer loop
      vertex -3.125000e+000 -3.450000e+001  3.000000e+000
      vertex -6.875000e+000 -3.450000e+001  3.000000e+000
      vertex -3.161028e+000 -3.486580e+001  3.000000e+000
    endloop
  endfacet
  facet normal  0.000000e+000  0.000000e+000  1.000000e+000
    outer loop
      vertex -3.161028e+000 -3.486580e+001  3.000000e+000
      vertex -6.875000e+000 -3.450000e+001  3.000000e+000
      vertex -6.838973e+000 -3.486580e+001  3.000000e+000
    endloop
  endfacet
  facet normal  -0.000000e+000  0.000000e+000  1.000000e+000
    outer loop
      vertex -3.161028e+000 -3.486580e+001  3.000000e+000
      vertex -6.838973e+000 -3.486580e+001  3.000000e+000
      vertex -3.267726e+000 -3.521753e+001  3.000000e+000
    endloop
  endfacet
  facet normal  0.000000e+000  0.000000e+000  1.000000e+000
    outer loop
      vertex -3.267726e+000 -3.521753e+001  3.000000e+000
      vertex -6.838973e+000 -3.486580e+001  3.000000e+000
      vertex -6.732274e+000 -3.521753e+001  3.000000e+000
    endloop
  endfacet
  facet normal  -0.000000e+000  0.000000e+000  1.000000e+000
    outer loop
      vertex -3.267726e+000 -3.521753e+001  3.000000e+000
      vertex -6.732274e+000 -3.521753e+001  3.000000e+000
      vertex -3.440995e+000 -3.554169e+001  3.000000e+000
    endloop
  endfacet
  facet normal  0.000000e+000  0.000000e+000  1.000000e+000
    outer loop
      vertex -3.440995e+000 -3.554169e+001  3.000000e+000
      vertex -6.732274e+000 -3.521753e+001  3.000000e+000
      vertex -6.559006e+000 -3.554169e+001  3.000000e+000
    endloop
  endfacet
  facet normal  -0.000000e+000  0.000000e+000  1.000000e+000
    outer loop
      vertex -3.440995e+000 -3.554169e+001  3.000000e+000
      vertex -6.559006e+000 -3.554169e+001  3.000000e+000
      vertex -3.674175e+000 -3.582582e+001  3.000000e+000
    endloop
  endfacet
  facet normal  0.000000e+000  0.000000e+000  1.000000e+000
    outer loop
      vertex -3.674175e+000 -3.582582e+001  3.000000e+000
      vertex -6.559006e+000 -3.554169e+001  3.000000e+000
      vertex -6.325825e+000 -3.582582e+001  3.000000e+000
    endloop
  endfacet
  facet normal  -0.000000e+000  0.000000e+000  1.000000e+000
    outer loop
      vertex -3.674175e+000 -3.582582e+001  3.000000e+000
      vertex -6.325825e+000 -3.582582e+001  3.000000e+000
      vertex -3.958306e+000 -3.605901e+001  3.000000e+000
    endloop
  endfacet
  facet normal  0.000000e+000  0.000000e+000  1.000000e+000
    outer loop
      vertex -3.958306e+000 -3.605901e+001  3.000000e+000
      vertex -6.325825e+000 -3.582582e+001  3.000000e+000
      vertex -6.041694e+000 -3.605901e+001  3.000000e+000
    endloop
  endfacet
  facet normal  -0.000000e+000  0.000000e+000  1.000000e+000
    outer loop
      vertex -3.958306e+000 -3.605901e+001  3.000000e+000
      vertex -6.041694e+000 -3.605901e+001  3.000000e+000
      vertex -4.282469e+000 -3.623227e+001  3.000000e+000
    endloop
  endfacet
  facet normal  0.000000e+000  0.000000e+000  1.000000e+000
    outer loop
      vertex -4.282469e+000 -3.623227e+001  3.000000e+000
      vertex -6.041694e+000 -3.605901e+001  3.000000e+000
      vertex -5.717531e+000 -3.623227e+001  3.000000e+000
    endloop
  endfacet
  facet normal  -0.000000e+000  0.000000e+000  1.000000e+000
    outer loop
      vertex -4.282469e+000 -3.623227e+001  3.000000e+000
      vertex -5.717531e+000 -3.623227e+001  3.000000e+000
      vertex -4.634206e+000 -3.633897e+001  3.000000e+000
    endloop
  endfacet
  facet normal  0.000000e+000  0.000000e+000  1.000000e+000
    outer loop
      vertex -4.634206e+000 -3.633897e+001  3.000000e+000
      vertex -5.717531e+000 -3.623227e+001  3.000000e+000
      vertex -5.365794e+000 -3.633897e+001  3.000000e+000
    endloop
  endfacet
  facet normal  -0.000000e+000  0.000000e+000  9.999999e-001
    outer loop
      vertex -4.634206e+000 -3.633897e+001  3.000000e+000
      vertex -5.365794e+000 -3.633897e+001  3.000000e+000
      vertex -5.000000e+000 -3.637500e+001  3.000000e+000
    endloop
  endfacet
  facet normal  0.000000e+000  0.000000e+000  1.000000e+000
    outer loop
      vertex  5.261102e+000  2.902707e+001  3.000000e+000
      vertex  3.767821e+000  2.925839e+001  3.000000e+000
      vertex  4.738445e+000 -3.100979e+001  3.000000e+000
    endloop
  endfacet
  facet normal  0.000000e+000  0.000000e+000  1.000000e+000
    outer loop
      vertex -2.911376e+001  4.758065e+000  3.000000e+000
      vertex -2.847443e+001  7.710835e+000  3.000000e+000
      vertex -2.883192e+001  6.242640e+000  3.000000e+000
    endloop
  endfacet
  facet normal  0.000000e+000  0.000000e+000  1.000000e+000
    outer loop
      vertex -1.150000e+002 -1.575000e+002  3.000000e+000
      vertex  1.150000e+002 -1.575000e+002  3.000000e+000
      vertex  5.261555e+000 -3.799021e+001  3.000000e+000
    endloop
  endfacet
  facet normal  0.000000e+000  0.000000e+000  1.000000e+000
    outer loop
      vertex -1.150000e+002 -1.575000e+002  3.000000e+000
      vertex  5.261555e+000 -3.799021e+001  3.000000e+000
      vertex  4.738445e+000 -3.799021e+001  3.000000e+000
    endloop
  endfacet
  facet normal  0.000000e+000  0.000000e+000  1.000000e+000
    outer loop
      vertex -1.150000e+002 -1.575000e+002  3.000000e+000
      vertex  4.738445e+000 -3.799021e+001  3.000000e+000
      vertex -4.738445e+000 -3.799021e+001  3.000000e+000
    endloop
  endfacet
  facet normal  0.000000e+000  0.000000e+000  1.000000e+000
    outer loop
      vertex -1.150000e+002 -1.575000e+002  3.000000e+000
      vertex -4.738445e+000 -3.799021e+001  3.000000e+000
      vertex -5.261555e+000 -3.799021e+001  3.000000e+000
    endloop
  endfacet
  facet normal  0.000000e+000  0.000000e+000  1.000000e+000
    outer loop
      vertex -1.150000e+002 -1.575000e+002  3.000000e+000
      vertex -5.261555e+000 -3.799021e+001  3.000000e+000
      vertex -5.778823e+000 -3.791225e+001  3.000000e+000
    endloop
  endfacet
  facet normal  0.000000e+000  0.000000e+000  1.000000e+000
    outer loop
      vertex -1.150000e+002 -1.575000e+002  3.000000e+000
      vertex -5.778823e+000 -3.791225e+001  3.000000e+000
      vertex -6.278694e+000 -3.775806e+001  3.000000e+000
    endloop
  endfacet
  facet normal  0.000000e+000  0.000000e+000  9.999999e-001
    outer loop
      vertex -1.150000e+002 -1.575000e+002  3.000000e+000
      vertex -6.278694e+000 -3.775806e+001  3.000000e+000
      vertex -6.750000e+000 -3.753109e+001  3.000000e+000
    endloop
  endfacet
  facet normal  0.000000e+000  0.000000e+000  1.000000e+000
    outer loop
      vertex -1.150000e+002 -1.575000e+002  3.000000e+000
      vertex -6.750000e+000 -3.753109e+001  3.000000e+000
      vertex -7.182214e+000 -3.723641e+001  3.000000e+000
    endloop
  endfacet
  facet normal  0.000000e+000  0.000000e+000  9.999999e-001
    outer loop
      vertex -1.150000e+002 -1.575000e+002  3.000000e+000
      vertex -7.182214e+000 -3.723641e+001  3.000000e+000
      vertex -7.565681e+000 -3.688060e+001  3.000000e+000
    endloop
  endfacet
  facet normal  0.000000e+000  0.000000e+000  1.000000e+000
    outer loop
      vertex -1.150000e+002 -1.575000e+002  3.000000e+000
      vertex -7.565681e+000 -3.688060e+001  3.000000e+000
      vertex -7.891836e+000 -3.647162e+001  3.000000e+000
    endloop
  endfacet
  facet normal  0.000000e+000  0.000000e+000  1.000000e+000
    outer loop
      vertex -1.150000e+002 -1.575000e+002  3.000000e+000
      vertex -7.891836e+000 -3.647162e+001  3.000000e+000
      vertex -8.153391e+000 -3.601859e+001  3.000000e+000
    endloop
  endfacet
  facet normal  0.000000e+000  0.000000e+000  1.000000e+000
    outer loop
      vertex -1.150000e+002 -1.575000e+002  3.000000e+000
      vertex -8.153391e+000 -3.601859e+001  3.000000e+000
      vertex -8.344504e+000 -3.553164e+001  3.000000e+000
    endloop
  endfacet
  facet normal  0.000000e+000  0.000000e+000  1.000000e+000
    outer loop
      vertex -1.150000e+002 -1.575000e+002  3.000000e+000
      vertex -8.344504e+000 -3.553164e+001  3.000000e+000
      vertex -1.150000e+002 -3.550000e+001  3.000000e+000
    endloop
  endfacet
  facet normal  -0.000000e+000  -0.000000e+000  1.000000e+000
    outer loop
      vertex  5.261555e+000 -3.100979e+001  3.000000e+000
      vertex  5.778823e+000 -3.108775e+001  3.000000e+000
      vertex  5.801859e+001 -3.180554e+001  3.000000e+000
    endloop
  endfacet
  facet normal  0.000000e+000  0.000000e+000  1.000000e+000
    outer loop
      vertex  5.261555e+000 -3.100979e+001  3.000000e+000
      vertex  5.801859e+001 -3.180554e+001  3.000000e+000
      vertex  5.628378e+001 -3.104192e+001  3.000000e+000
    endloop
  endfacet
  facet normal  0.000000e+000  0.000000e+000  1.000000e+000
    outer loop
      vertex  5.261555e+000 -3.100979e+001  3.000000e+000
      vertex  5.628378e+001 -3.104192e+001  3.000000e+000
      vertex  5.458047e+001 -3.021041e+001  3.000000e+000
    endloop
  endfacet
  facet normal  0.000000e+000  0.000000e+000  1.000000e+000
    outer loop
      vertex  5.261555e+000 -3.100979e+001  3.000000e+000
      vertex  5.458047e+001 -3.021041e+001  3.000000e+000
      vertex  5.291132e+001 -2.931230e+001  3.000000e+000
    endloop
  endfacet
  facet normal  0.000000e+000  0.000000e+000  1.000000e+000
    outer loop
      vertex  5.261555e+000 -3.100979e+001  3.000000e+000
      vertex  5.291132e+001 -2.931230e+001  3.000000e+000
      vertex  5.127893e+001 -2.834898e+001  3.000000e+000
    endloop
  endfacet
  facet normal  0.000000e+000  0.000000e+000  1.000000e+000
    outer loop
      vertex  5.261555e+000 -3.100979e+001  3.000000e+000
      vertex  5.127893e+001 -2.834898e+001  3.000000e+000
      vertex  4.968585e+001 -2.732198e+001  3.000000e+000
    endloop
  endfacet
  facet normal  0.000000e+000  0.000000e+000  1.000000e+000
    outer loop
      vertex  5.261555e+000 -3.100979e+001  3.000000e+000
      vertex  4.968585e+001 -2.732198e+001  3.000000e+000
      vertex  4.813455e+001 -2.623287e+001  3.000000e+000
    endloop
  endfacet
  facet normal  0.000000e+000  0.000000e+000  1.000000e+000
    outer loop
      vertex  5.261555e+000 -3.100979e+001  3.000000e+000
      vertex  4.813455e+001 -2.623287e+001  3.000000e+000
      vertex  4.662746e+001 -2.508337e+001  3.000000e+000
    endloop
  endfacet
  facet normal  0.000000e+000  0.000000e+000  1.000000e+000
    outer loop
      vertex  5.261555e+000 -3.100979e+001  3.000000e+000
      vertex  4.662746e+001 -2.508337e+001  3.000000e+000
      vertex  4.516693e+001 -2.387527e+001  3.000000e+000
    endloop
  endfacet
  facet normal  0.000000e+000  0.000000e+000  1.000000e+000
    outer loop
      vertex  5.261555e+000 -3.100979e+001  3.000000e+000
      vertex  4.516693e+001 -2.387527e+001  3.000000e+000
      vertex  4.375523e+001 -2.261044e+001  3.000000e+000
    endloop
  endfacet
  facet normal  0.000000e+000  0.000000e+000  1.000000e+000
    outer loop
      vertex  5.261555e+000 -3.100979e+001  3.000000e+000
      vertex  4.375523e+001 -2.261044e+001  3.000000e+000
      vertex  4.239457e+001 -2.129087e+001  3.000000e+000
    endloop
  endfacet
  facet normal  0.000000e+000  0.000000e+000  1.000000e+000
    outer loop
      vertex  5.261555e+000 -3.100979e+001  3.000000e+000
      vertex  4.239457e+001 -2.129087e+001  3.000000e+000
      vertex  4.108707e+001 -1.991861e+001  3.000000e+000
    endloop
  endfacet
  facet normal  0.000000e+000  0.000000e+000  1.000000e+000
    outer loop
      vertex  5.261555e+000 -3.100979e+001  3.000000e+000
      vertex  4.108707e+001 -1.991861e+001  3.000000e+000
      vertex  3.983477e+001 -1.849579e+001  3.000000e+000
    endloop
  endfacet
  facet normal  0.000000e+000  0.000000e+000  1.000000e+000
    outer loop
      vertex  5.261555e+000 -3.100979e+001  3.000000e+000
      vertex  3.983477e+001 -1.849579e+001  3.000000e+000
      vertex  3.863961e+001 -1.702464e+001  3.000000e+000
    endloop
  endfacet
  facet normal  0.000000e+000  0.000000e+000  1.000000e+000
    outer loop
      vertex  5.261555e+000 -3.100979e+001  3.000000e+000
      vertex  3.863961e+001 -1.702464e+001  3.000000e+000
      vertex  3.750347e+001 -1.550746e+001  3.000000e+000
    endloop
  endfacet
  facet normal  0.000000e+000  0.000000e+000  1.000000e+000
    outer loop
      vertex  5.261555e+000 -3.100979e+001  3.000000e+000
      vertex  3.750347e+001 -1.550746e+001  3.000000e+000
      vertex  3.642812e+001 -1.394660e+001  3.000000e+000
    endloop
  endfacet
  facet normal  0.000000e+000  0.000000e+000  1.000000e+000
    outer loop
      vertex  5.261555e+000 -3.100979e+001  3.000000e+000
      vertex  3.642812e+001 -1.394660e+001  3.000000e+000
      vertex  3.541522e+001 -1.234450e+001  3.000000e+000
    endloop
  endfacet
  facet normal  0.000000e+000  0.000000e+000  1.000000e+000
    outer loop
      vertex  5.261555e+000 -3.100979e+001  3.000000e+000
      vertex  3.541522e+001 -1.234450e+001  3.000000e+000
      vertex  3.446637e+001 -1.070366e+001  3.000000e+000
    endloop
  endfacet
  facet normal  0.000000e+000  0.000000e+000  1.000000e+000
    outer loop
      vertex  5.261555e+000 -3.100979e+001  3.000000e+000
      vertex  3.446637e+001 -1.070366e+001  3.000000e+000
      vertex  3.358304e+001 -9.026645e+000  3.000000e+000
    endloop
  endfacet
  facet normal  0.000000e+000  0.000000e+000  1.000000e+000
    outer loop
      vertex  5.261555e+000 -3.100979e+001  3.000000e+000
      vertex  3.358304e+001 -9.026645e+000  3.000000e+000
      vertex  3.276660e+001 -7.316059e+000  3.000000e+000
    endloop
  endfacet
  facet normal  0.000000e+000  0.000000e+000  1.000000e+000
    outer loop
      vertex  5.261555e+000 -3.100979e+001  3.000000e+000
      vertex  3.276660e+001 -7.316059e+000  3.000000e+000
      vertex  3.201834e+001 -5.574573e+000  3.000000e+000
    endloop
  endfacet
  facet normal  0.000000e+000  0.000000e+000  1.000000e+000
    outer loop
      vertex  5.261555e+000 -3.100979e+001  3.000000e+000
      vertex  3.201834e+001 -5.574573e+000  3.000000e+000
      vertex  3.137449e+001 -3.901698e+000  3.000000e+000
    endloop
  endfacet
  facet normal  0.000000e+000  0.000000e+000  1.000000e+000
    outer loop
      vertex  5.261555e+000 -3.100979e+001  3.000000e+000
      vertex  3.137449e+001 -3.901698e+000  3.000000e+000
      vertex  3.079355e+001 -2.205951e+000  3.000000e+000
    endloop
  endfacet
  facet normal  0.000000e+000  0.000000e+000  1.000000e+000
    outer loop
      vertex  5.261555e+000 -3.100979e+001  3.000000e+000
      vertex  3.079355e+001 -2.205951e+000  3.000000e+000
      vertex  3.027633e+001 -4.896950e-001  3.000000e+000
    endloop
  endfacet
  facet normal  0.000000e+000  0.000000e+000  9.999999e-001
    outer loop
      vertex  5.261555e+000 -3.100979e+001  3.000000e+000
      vertex  3.027633e+001 -4.896950e-001  3.000000e+000
      vertex  2.982356e+001  1.244676e+000  3.000000e+000
    endloop
  endfacet
  facet normal  0.000000e+000  0.000000e+000  1.000000e+000
    outer loop
      vertex  5.261555e+000 -3.100979e+001  3.000000e+000
      vertex  2.982356e+001  1.244676e+000  3.000000e+000
      vertex  2.943585e+001  2.994742e+000  3.000000e+000
    endloop
  endfacet
  facet normal  0.000000e+000  0.000000e+000  1.000000e+000
    outer loop
      vertex  5.261555e+000 -3.100979e+001  3.000000e+000
      vertex  2.943585e+001  2.994742e+000  3.000000e+000
      vertex  2.911376e+001  4.758065e+000  3.000000e+000
    endloop
  endfacet
  facet normal  0.000000e+000  0.000000e+000  1.000000e+000
    outer loop
      vertex  5.261555e+000 -3.100979e+001  3.000000e+000
      vertex  2.911376e+001  4.758065e+000  3.000000e+000
      vertex  2.883192e+001  6.242640e+000  3.000000e+000
    endloop
  endfacet
  facet normal  0.000000e+000  0.000000e+000  1.000000e+000
    outer loop
      vertex  5.261555e+000 -3.100979e+001  3.000000e+000
      vertex  2.883192e+001  6.242640e+000  3.000000e+000
      vertex  2.847443e+001  7.710835e+000  3.000000e+000
    endloop
  endfacet
  facet normal  0.000000e+000  0.000000e+000  9.999999e-001
    outer loop
      vertex  5.261555e+000 -3.100979e+001  3.000000e+000
      vertex  2.847443e+001  7.710835e+000  3.000000e+000
      vertex  2.804222e+001  9.158798e+000  3.000000e+000
    endloop
  endfacet
  facet normal  0.000000e+000  0.000000e+000  9.999999e-001
    outer loop
      vertex  5.261555e+000 -3.100979e+001  3.000000e+000
      vertex  2.804222e+001  9.158798e+000  3.000000e+000
      vertex  2.753645e+001  1.058273e+001  3.000000e+000
    endloop
  endfacet
  facet normal  0.000000e+000  0.000000e+000  1.000000e+000
    outer loop
      vertex  5.261555e+000 -3.100979e+001  3.000000e+000
      vertex  2.753645e+001  1.058273e+001  3.000000e+000
      vertex  2.695841e+001  1.197890e+001  3.000000e+000
    endloop
  endfacet
  facet normal  0.000000e+000  0.000000e+000  1.000000e+000
    outer loop
      vertex  5.261555e+000 -3.100979e+001  3.000000e+000
      vertex  2.695841e+001  1.197890e+001  3.000000e+000
      vertex  2.630965e+001  1.334363e+001  3.000000e+000
    endloop
  endfacet
  facet normal  0.000000e+000  0.000000e+000  1.000000e+000
    outer loop
      vertex  5.261555e+000 -3.100979e+001  3.000000e+000
      vertex  2.630965e+001  1.334363e+001  3.000000e+000
      vertex  2.559185e+001  1.467335e+001  3.000000e+000
    endloop
  endfacet
  facet normal  0.000000e+000  0.000000e+000  9.999999e-001
    outer loop
      vertex  5.261555e+000 -3.100979e+001  3.000000e+000
      vertex  2.559185e+001  1.467335e+001  3.000000e+000
      vertex  2.480690e+001  1.596457e+001  3.000000e+000
    endloop
  endfacet
  facet normal  0.000000e+000  0.000000e+000  1.000000e+000
    outer loop
      vertex  5.261555e+000 -3.100979e+001  3.000000e+000
      vertex  2.480690e+001  1.596457e+001  3.000000e+000
      vertex  2.395687e+001  1.721391e+001  3.000000e+000
    endloop
  endfacet
  facet normal  0.000000e+000  0.000000e+000  1.000000e+000
    outer loop
      vertex  5.261555e+000 -3.100979e+001  3.000000e+000
      vertex  2.395687e+001  1.721391e+001  3.000000e+000
      vertex  2.304397e+001  1.841807e+001  3.000000e+000
    endloop
  endfacet
  facet normal  0.000000e+000  0.000000e+000  1.000000e+000
    outer loop
      vertex  5.261555e+000 -3.100979e+001  3.000000e+000
      vertex  2.304397e+001  1.841807e+001  3.000000e+000
      vertex  2.207061e+001  1.957392e+001  3.000000e+000
    endloop
  endfacet
  facet normal  0.000000e+000  0.000000e+000  1.000000e+000
    outer loop
      vertex  5.261555e+000 -3.100979e+001  3.000000e+000
      vertex  2.207061e+001  1.957392e+001  3.000000e+000
      vertex  2.103934e+001  2.067840e+001  3.000000e+000
    endloop
  endfacet
  facet normal  0.000000e+000  0.000000e+000  1.000000e+000
    outer loop
      vertex  5.261555e+000 -3.100979e+001  3.000000e+000
      vertex  2.103934e+001  2.067840e+001  3.000000e+000
      vertex  1.995287e+001  2.172862e+001  3.000000e+000
    endloop
  endfacet
  facet normal  0.000000e+000  0.000000e+000  1.000000e+000
    outer loop
      vertex  5.261555e+000 -3.100979e+001  3.000000e+000
      vertex  1.995287e+001  2.172862e+001  3.000000e+000
      vertex  1.881404e+001  2.272184e+001  3.000000e+000
    endloop
  endfacet
  facet normal  0.000000e+000  0.000000e+000  1.000000e+000
    outer loop
      vertex  5.261555e+000 -3.100979e+001  3.000000e+000
      vertex  1.881404e+001  2.272184e+001  3.000000e+000
      vertex  1.762585e+001  2.365543e+001  3.000000e+000
    endloop
  endfacet
  facet normal  0.000000e+000  0.000000e+000  1.000000e+000
    outer loop
      vertex  5.261555e+000 -3.100979e+001  3.000000e+000
      vertex  1.762585e+001  2.365543e+001  3.000000e+000
      vertex  1.639141e+001  2.452696e+001  3.000000e+000
    endloop
  endfacet
  facet normal  0.000000e+000  0.000000e+000  1.000000e+000
    outer loop
      vertex  5.261555e+000 -3.100979e+001  3.000000e+000
      vertex  1.639141e+001  2.452696e+001  3.000000e+000
      vertex  1.511397e+001  2.533413e+001  3.000000e+000
    endloop
  endfacet
  facet normal  0.000000e+000  0.000000e+000  9.999999e-001
    outer loop
      vertex  5.261555e+000 -3.100979e+001  3.000000e+000
      vertex  1.511397e+001  2.533413e+001  3.000000e+000
      vertex  1.379686e+001  2.607483e+001  3.000000e+000
    endloop
  endfacet
  facet normal  0.000000e+000  0.000000e+000  1.000000e+000
    outer loop
      vertex  5.261555e+000 -3.100979e+001  3.000000e+000
      vertex  1.379686e+001  2.607483e+001  3.000000e+000
      vertex  1.244356e+001  2.674711e+001  3.000000e+000
    endloop
  endfacet
  facet normal  0.000000e+000  0.000000e+000  1.000000e+000
    outer loop
      vertex  5.261555e+000 -3.100979e+001  3.000000e+000
      vertex  1.244356e+001  2.674711e+001  3.000000e+000
      vertex  1.105760e+001  2.734921e+001  3.000000e+000
    endloop
  endfacet
  facet normal  0.000000e+000  0.000000e+000  1.000000e+000
    outer loop
      vertex  5.261555e+000 -3.100979e+001  3.000000e+000
      vertex  1.105760e+001  2.734921e+001  3.000000e+000
      vertex  9.642636e+000  2.787955e+001  3.000000e+000
    endloop
  endfacet
  facet normal  0.000000e+000  0.000000e+000  1.000000e+000
    outer loop
      vertex  5.261555e+000 -3.100979e+001  3.000000e+000
      vertex  9.642636e+000  2.787955e+001  3.000000e+000
      vertex  8.202368e+000  2.833675e+001  3.000000e+000
    endloop
  endfacet
  facet normal  0.000000e+000  0.000000e+000  1.000000e+000
    outer loop
      vertex  5.261555e+000 -3.100979e+001  3.000000e+000
      vertex  8.202368e+000  2.833675e+001  3.000000e+000
      vertex  6.740578e+000  2.871959e+001  3.000000e+000
    endloop
  endfacet
  facet normal  0.000000e+000  0.000000e+000  1.000000e+000
    outer loop
      vertex  5.261555e+000 -3.100979e+001  3.000000e+000
      vertex  6.740578e+000  2.871959e+001  3.000000e+000
      vertex  5.261102e+000  2.902707e+001  3.000000e+000
    endloop
  endfacet
  facet normal  0.000000e+000  0.000000e+000  1.000000e+000
    outer loop
      vertex  5.261555e+000 -3.100979e+001  3.000000e+000
      vertex  5.261102e+000  2.902707e+001  3.000000e+000
      vertex  4.738445e+000 -3.100979e+001  3.000000e+000
    endloop
  endfacet
  facet normal  0.000000e+000  0.000000e+000  1.000000e+000
    outer loop
      vertex -2.943585e+001  2.994742e+000  3.000000e+000
      vertex -2.753645e+001  1.058273e+001  3.000000e+000
      vertex -2.804222e+001  9.158798e+000  3.000000e+000
    endloop
  endfacet
  facet normal  0.000000e+000  0.000000e+000  1.000000e+000
    outer loop
      vertex -2.943585e+001  2.994742e+000  3.000000e+000
      vertex -2.804222e+001  9.158798e+000  3.000000e+000
      vertex -2.847443e+001  7.710835e+000  3.000000e+000
    endloop
  endfacet
  facet normal  0.000000e+000  0.000000e+000  1.000000e+000
    outer loop
      vertex -2.943585e+001  2.994742e+000  3.000000e+000
      vertex -2.847443e+001  7.710835e+000  3.000000e+000
      vertex -2.911376e+001  4.758065e+000  3.000000e+000
    endloop
  endfacet
  facet normal  0.000000e+000  0.000000e+000  1.000000e+000
    outer loop
      vertex -2.982356e+001  1.244676e+000  3.000000e+000
      vertex -3.027633e+001 -4.896950e-001  3.000000e+000
      vertex -2.559185e+001  1.467335e+001  3.000000e+000
    endloop
  endfacet
  facet normal  0.000000e+000  0.000000e+000  1.000000e+000
    outer loop
      vertex -2.982356e+001  1.244676e+000  3.000000e+000
      vertex -2.559185e+001  1.467335e+001  3.000000e+000
      vertex -2.630965e+001  1.334363e+001  3.000000e+000
    endloop
  endfacet
  facet normal  0.000000e+000  0.000000e+000  1.000000e+000
    outer loop
      vertex -2.982356e+001  1.244676e+000  3.000000e+000
      vertex -2.630965e+001  1.334363e+001  3.000000e+000
      vertex -2.695841e+001  1.197890e+001  3.000000e+000
    endloop
  endfacet
  facet normal  0.000000e+000  0.000000e+000  1.000000e+000
    outer loop
      vertex -2.982356e+001  1.244676e+000  3.000000e+000
      vertex -2.695841e+001  1.197890e+001  3.000000e+000
      vertex -2.753645e+001  1.058273e+001  3.000000e+000
    endloop
  endfacet
  facet normal  0.000000e+000  0.000000e+000  9.999999e-001
    outer loop
      vertex -2.982356e+001  1.244676e+000  3.000000e+000
      vertex -2.753645e+001  1.058273e+001  3.000000e+000
      vertex -2.943585e+001  2.994742e+000  3.000000e+000
    endloop
  endfacet
  facet normal  0.000000e+000  0.000000e+000  1.000000e+000
    outer loop
      vertex -3.079355e+001 -2.205951e+000  3.000000e+000
      vertex -2.395687e+001  1.721391e+001  3.000000e+000
      vertex -2.480690e+001  1.596457e+001  3.000000e+000
    endloop
  endfacet
  facet normal  0.000000e+000  0.000000e+000  1.000000e+000
    outer loop
      vertex -3.079355e+001 -2.205951e+000  3.000000e+000
      vertex -2.480690e+001  1.596457e+001  3.000000e+000
      vertex -2.559185e+001  1.467335e+001  3.000000e+000
    endloop
  endfacet
  facet normal  0.000000e+000  0.000000e+000  1.000000e+000
    outer loop
      vertex -3.079355e+001 -2.205951e+000  3.000000e+000
      vertex -2.559185e+001  1.467335e+001  3.000000e+000
      vertex -3.027633e+001 -4.896950e-001  3.000000e+000
    endloop
  endfacet
  facet normal  0.000000e+000  0.000000e+000  1.000000e+000
    outer loop
      vertex -3.137449e+001 -3.901698e+000  3.000000e+000
      vertex -2.207061e+001  1.957392e+001  3.000000e+000
      vertex -2.304397e+001  1.841807e+001  3.000000e+000
    endloop
  endfacet
  facet normal  0.000000e+000  0.000000e+000  1.000000e+000
    outer loop
      vertex -3.137449e+001 -3.901698e+000  3.000000e+000
      vertex -2.304397e+001  1.841807e+001  3.000000e+000
      vertex -2.395687e+001  1.721391e+001  3.000000e+000
    endloop
  endfacet
  facet normal  0.000000e+000  0.000000e+000  1.000000e+000
    outer loop
      vertex -3.137449e+001 -3.901698e+000  3.000000e+000
      vertex -2.395687e+001  1.721391e+001  3.000000e+000
      vertex -3.079355e+001 -2.205951e+000  3.000000e+000
    endloop
  endfacet
  facet normal  0.000000e+000  0.000000e+000  1.000000e+000
    outer loop
      vertex -3.201834e+001 -5.574573e+000  3.000000e+000
      vertex -1.995287e+001  2.172862e+001  3.000000e+000
      vertex -2.103934e+001  2.067840e+001  3.000000e+000
    endloop
  endfacet
  facet normal  0.000000e+000  0.000000e+000  9.999999e-001
    outer loop
      vertex -3.201834e+001 -5.574573e+000  3.000000e+000
      vertex -2.103934e+001  2.067840e+001  3.000000e+000
      vertex -2.207061e+001  1.957392e+001  3.000000e+000
    endloop
  endfacet
  facet normal  0.000000e+000  0.000000e+000  1.000000e+000
    outer loop
      vertex -3.201834e+001 -5.574573e+000  3.000000e+000
      vertex -2.207061e+001  1.957392e+001  3.000000e+000
      vertex -3.137449e+001 -3.901698e+000  3.000000e+000
    endloop
  endfacet
  facet normal  0.000000e+000  0.000000e+000  1.000000e+000
    outer loop
      vertex -3.276660e+001 -7.316059e+000  3.000000e+000
      vertex -1.762585e+001  2.365543e+001  3.000000e+000
      vertex -1.881404e+001  2.272184e+001  3.000000e+000
    endloop
  endfacet
  facet normal  0.000000e+000  0.000000e+000  1.000000e+000
    outer loop
      vertex -3.276660e+001 -7.316059e+000  3.000000e+000
      vertex -1.881404e+001  2.272184e+001  3.000000e+000
      vertex -1.995287e+001  2.172862e+001  3.000000e+000
    endloop
  endfacet
  facet normal  0.000000e+000  0.000000e+000  1.000000e+000
    outer loop
      vertex -3.276660e+001 -7.316059e+000  3.000000e+000
      vertex -1.995287e+001  2.172862e+001  3.000000e+000
      vertex -3.201834e+001 -5.574573e+000  3.000000e+000
    endloop
  endfacet
  facet normal  0.000000e+000  0.000000e+000  1.000000e+000
    outer loop
      vertex -3.358304e+001 -9.026645e+000  3.000000e+000
      vertex -1.511397e+001  2.533413e+001  3.000000e+000
      vertex -1.639141e+001  2.452696e+001  3.000000e+000
    endloop
  endfacet
  facet normal  0.000000e+000  0.000000e+000  1.000000e+000
    outer loop
      vertex -3.358304e+001 -9.026645e+000  3.000000e+000
      vertex -1.639141e+001  2.452696e+001  3.000000e+000
      vertex -1.762585e+001  2.365543e+001  3.000000e+000
    endloop
  endfacet
  facet normal  0.000000e+000  0.000000e+000  1.000000e+000
    outer loop
      vertex -3.358304e+001 -9.026645e+000  3.000000e+000
      vertex -1.762585e+001  2.365543e+001  3.000000e+000
      vertex -3.276660e+001 -7.316059e+000  3.000000e+000
    endloop
  endfacet
  facet normal  0.000000e+000  0.000000e+000  9.999999e-001
    outer loop
      vertex -3.446637e+001 -1.070366e+001  3.000000e+000
      vertex -1.244356e+001  2.674711e+001  3.000000e+000
      vertex -1.379686e+001  2.607483e+001  3.000000e+000
    endloop
  endfacet
  facet normal  0.000000e+000  0.000000e+000  1.000000e+000
    outer loop
      vertex -3.446637e+001 -1.070366e+001  3.000000e+000
      vertex -1.379686e+001  2.607483e+001  3.000000e+000
      vertex -1.511397e+001  2.533413e+001  3.000000e+000
    endloop
  endfacet
  facet normal  0.000000e+000  0.000000e+000  9.999999e-001
    outer loop
      vertex -3.446637e+001 -1.070366e+001  3.000000e+000
      vertex -1.511397e+001  2.533413e+001  3.000000e+000
      vertex -3.358304e+001 -9.026645e+000  3.000000e+000
    endloop
  endfacet
  facet normal  0.000000e+000  0.000000e+000  1.000000e+000
    outer loop
      vertex -3.541522e+001 -1.234450e+001  3.000000e+000
      vertex -9.642636e+000  2.787955e+001  3.000000e+000
      vertex -1.105760e+001  2.734921e+001  3.000000e+000
    endloop
  endfacet
  facet normal  0.000000e+000  0.000000e+000  1.000000e+000
    outer loop
      vertex -3.541522e+001 -1.234450e+001  3.000000e+000
      vertex -1.105760e+001  2.734921e+001  3.000000e+000
      vertex -1.244356e+001  2.674711e+001  3.000000e+000
    endloop
  endfacet
  facet normal  0.000000e+000  0.000000e+000  1.000000e+000
    outer loop
      vertex -3.541522e+001 -1.234450e+001  3.000000e+000
      vertex -1.244356e+001  2.674711e+001  3.000000e+000
      vertex -3.446637e+001 -1.070366e+001  3.000000e+000
    endloop
  endfacet
  facet normal  0.000000e+000  0.000000e+000  1.000000e+000
    outer loop
      vertex -3.642812e+001 -1.394660e+001  3.000000e+000
      vertex -6.740578e+000  2.871959e+001  3.000000e+000
      vertex -8.202368e+000  2.833675e+001  3.000000e+000
    endloop
  endfacet
  facet normal  0.000000e+000  0.000000e+000  1.000000e+000
    outer loop
      vertex -3.642812e+001 -1.394660e+001  3.000000e+000
      vertex -8.202368e+000  2.833675e+001  3.000000e+000
      vertex -9.642636e+000  2.787955e+001  3.000000e+000
    endloop
  endfacet
  facet normal  0.000000e+000  0.000000e+000  1.000000e+000
    outer loop
      vertex -3.642812e+001 -1.394660e+001  3.000000e+000
      vertex -9.642636e+000  2.787955e+001  3.000000e+000
      vertex -3.541522e+001 -1.234450e+001  3.000000e+000
    endloop
  endfacet
  facet normal  0.000000e+000  0.000000e+000  1.000000e+000
    outer loop
      vertex -5.261555e+000 -3.100979e+001  3.000000e+000
      vertex -4.738445e+000 -3.100979e+001  3.000000e+000
      vertex -5.261102e+000  2.902707e+001  3.000000e+000
    endloop
  endfacet
  facet normal  0.000000e+000  0.000000e+000  1.000000e+000
    outer loop
      vertex -5.261555e+000 -3.100979e+001  3.000000e+000
      vertex -5.261102e+000  2.902707e+001  3.000000e+000
      vertex -6.740578e+000  2.871959e+001  3.000000e+000
    endloop
  endfacet
  facet normal  0.000000e+000  0.000000e+000  1.000000e+000
    outer loop
      vertex -5.261555e+000 -3.100979e+001  3.000000e+000
      vertex -6.740578e+000  2.871959e+001  3.000000e+000
      vertex -3.642812e+001 -1.394660e+001  3.000000e+000
    endloop
  endfacet
  facet normal  0.000000e+000  0.000000e+000  1.000000e+000
    outer loop
      vertex -5.261555e+000 -3.100979e+001  3.000000e+000
      vertex -3.642812e+001 -1.394660e+001  3.000000e+000
      vertex -3.750347e+001 -1.550746e+001  3.000000e+000
    endloop
  endfacet
  facet normal  0.000000e+000  0.000000e+000  1.000000e+000
    outer loop
      vertex -5.261555e+000 -3.100979e+001  3.000000e+000
      vertex -3.750347e+001 -1.550746e+001  3.000000e+000
      vertex -3.863961e+001 -1.702464e+001  3.000000e+000
    endloop
  endfacet
  facet normal  0.000000e+000  0.000000e+000  1.000000e+000
    outer loop
      vertex -5.261555e+000 -3.100979e+001  3.000000e+000
      vertex -3.863961e+001 -1.702464e+001  3.000000e+000
      vertex -3.983477e+001 -1.849579e+001  3.000000e+000
    endloop
  endfacet
  facet normal  0.000000e+000  0.000000e+000  1.000000e+000
    outer loop
      vertex -5.261555e+000 -3.100979e+001  3.000000e+000
      vertex -3.983477e+001 -1.849579e+001  3.000000e+000
      vertex -4.108707e+001 -1.991861e+001  3.000000e+000
    endloop
  endfacet
  facet normal  0.000000e+000  0.000000e+000  1.000000e+000
    outer loop
      vertex -5.261555e+000 -3.100979e+001  3.000000e+000
      vertex -4.108707e+001 -1.991861e+001  3.000000e+000
      vertex -4.239457e+001 -2.129087e+001  3.000000e+000
    endloop
  endfacet
  facet normal  0.000000e+000  0.000000e+000  1.000000e+000
    outer loop
      vertex -5.261555e+000 -3.100979e+001  3.000000e+000
      vertex -4.239457e+001 -2.129087e+001  3.000000e+000
      vertex -4.375523e+001 -2.261044e+001  3.000000e+000
    endloop
  endfacet
  facet normal  0.000000e+000  0.000000e+000  1.000000e+000
    outer loop
      vertex -5.261555e+000 -3.100979e+001  3.000000e+000
      vertex -4.375523e+001 -2.261044e+001  3.000000e+000
      vertex -4.516693e+001 -2.387527e+001  3.000000e+000
    endloop
  endfacet
  facet normal  0.000000e+000  0.000000e+000  1.000000e+000
    outer loop
      vertex -5.261555e+000 -3.100979e+001  3.000000e+000
      vertex -4.516693e+001 -2.387527e+001  3.000000e+000
      vertex -4.662746e+001 -2.508337e+001  3.000000e+000
    endloop
  endfacet
  facet normal  0.000000e+000  0.000000e+000  1.000000e+000
    outer loop
      vertex -5.261555e+000 -3.100979e+001  3.000000e+000
      vertex -4.662746e+001 -2.508337e+001  3.000000e+000
      vertex -4.813455e+001 -2.623287e+001  3.000000e+000
    endloop
  endfacet
  facet normal  0.000000e+000  0.000000e+000  9.999999e-001
    outer loop
      vertex -5.261555e+000 -3.100979e+001  3.000000e+000
      vertex -4.813455e+001 -2.623287e+001  3.000000e+000
      vertex -4.968585e+001 -2.732198e+001  3.000000e+000
    endloop
  endfacet
  facet normal  0.000000e+000  0.000000e+000  1.000000e+000
    outer loop
      vertex -5.261555e+000 -3.100979e+001  3.000000e+000
      vertex -4.968585e+001 -2.732198e+001  3.000000e+000
      vertex -5.127893e+001 -2.834898e+001  3.000000e+000
    endloop
  endfacet
  facet normal  0.000000e+000  0.000000e+000  1.000000e+000
    outer loop
      vertex -5.261555e+000 -3.100979e+001  3.000000e+000
      vertex -5.127893e+001 -2.834898e+001  3.000000e+000
      vertex -5.291132e+001 -2.931230e+001  3.000000e+000
    endloop
  endfacet
  facet normal  0.000000e+000  0.000000e+000  1.000000e+000
    outer loop
      vertex -5.261555e+000 -3.100979e+001  3.000000e+000
      vertex -5.291132e+001 -2.931230e+001  3.000000e+000
      vertex -5.458047e+001 -3.021041e+001  3.000000e+000
    endloop
  endfacet
  facet normal  0.000000e+000  0.000000e+000  1.000000e+000
    outer loop
      vertex -5.261555e+000 -3.100979e+001  3.000000e+000
      vertex -5.458047e+001 -3.021041e+001  3.000000e+000
      vertex -5.628378e+001 -3.104192e+001  3.000000e+000
    endloop
  endfacet
  facet normal  -0.000000e+000  0.000000e+000  1.000000e+000
    outer loop
      vertex -5.261555e+000 -3.100979e+001  3.000000e+000
      vertex -5.628378e+001 -3.104192e+001  3.000000e+000
      vertex -5.801859e+001 -3.180554e+001  3.000000e+000
    endloop
  endfacet
  facet normal  0.000000e+000  0.000000e+000  9.999999e-001
    outer loop
      vertex -5.261555e+000 -3.100979e+001  3.000000e+000
      vertex -5.801859e+001 -3.180554e+001  3.000000e+000
      vertex -5.778823e+000 -3.108775e+001  3.000000e+000
    endloop
  endfacet
  facet normal  0.000000e+000  0.000000e+000  1.000000e+000
    outer loop
      vertex -5.801859e+001 -3.180554e+001  3.000000e+000
      vertex -5.978219e+001 -3.250007e+001  3.000000e+000
      vertex -7.565681e+000 -3.211940e+001  3.000000e+000
    endloop
  endfacet
  facet normal  0.000000e+000  -0.000000e+000  1.000000e+000
    outer loop
      vertex -5.801859e+001 -3.180554e+001  3.000000e+000
      vertex -7.565681e+000 -3.211940e+001  3.000000e+000
      vertex -7.182214e+000 -3.176359e+001  3.000000e+000
    endloop
  endfacet
  facet normal  0.000000e+000  -0.000000e+000  1.000000e+000
    outer loop
      vertex -5.801859e+001 -3.180554e+001  3.000000e+000
      vertex -7.182214e+000 -3.176359e+001  3.000000e+000
      vertex -6.750000e+000 -3.146891e+001  3.000000e+000
    endloop
  endfacet
  facet normal  0.000000e+000  -0.000000e+000  1.000000e+000
    outer loop
      vertex -5.801859e+001 -3.180554e+001  3.000000e+000
      vertex -6.750000e+000 -3.146891e+001  3.000000e+000
      vertex -6.278694e+000 -3.124194e+001  3.000000e+000
    endloop
  endfacet
  facet normal  0.000000e+000  -0.000000e+000  1.000000e+000
    outer loop
      vertex -5.801859e+001 -3.180554e+001  3.000000e+000
      vertex -6.278694e+000 -3.124194e+001  3.000000e+000
      vertex -5.778823e+000 -3.108775e+001  3.000000e+000
    endloop
  endfacet
  facet normal  0.000000e+000  0.000000e+000  9.999999e-001
    outer loop
      vertex -8.344504e+000 -3.553164e+001  3.000000e+000
      vertex -8.460908e+000 -3.502165e+001  3.000000e+000
      vertex -6.893456e+001 -3.490239e+001  3.000000e+000
    endloop
  endfacet
  facet normal  0.000000e+000  0.000000e+000  1.000000e+000
    outer loop
      vertex -8.344504e+000 -3.553164e+001  3.000000e+000
      vertex -6.893456e+001 -3.490239e+001  3.000000e+000
      vertex -7.081191e+001 -3.516354e+001  3.000000e+000
    endloop
  endfacet
  facet normal  0.000000e+000  0.000000e+000  1.000000e+000
    outer loop
      vertex -8.344504e+000 -3.553164e+001  3.000000e+000
      vertex -7.081191e+001 -3.516354e+001  3.000000e+000
      vertex -7.269812e+001 -3.535036e+001  3.000000e+000
    endloop
  endfacet
  facet normal  0.000000e+000  0.000000e+000  9.999999e-001
    outer loop
      vertex -8.344504e+000 -3.553164e+001  3.000000e+000
      vertex -7.269812e+001 -3.535036e+001  3.000000e+000
      vertex -7.459023e+001 -3.546258e+001  3.000000e+000
    endloop
  endfacet
  facet normal  0.000000e+000  0.000000e+000  1.000000e+000
    outer loop
      vertex -8.344504e+000 -3.553164e+001  3.000000e+000
      vertex -7.459023e+001 -3.546258e+001  3.000000e+000
      vertex -7.648529e+001 -3.550000e+001  3.000000e+000
    endloop
  endfacet
  facet normal  0.000000e+000  0.000000e+000  1.000000e+000
    outer loop
      vertex -8.344504e+000 -3.553164e+001  3.000000e+000
      vertex -7.648529e+001 -3.550000e+001  3.000000e+000
      vertex -1.150000e+002 -3.550000e+001  3.000000e+000
    endloop
  endfacet
  facet normal  0.000000e+000  0.000000e+000  1.000000e+000
    outer loop
      vertex  5.801859e+001 -3.180554e+001  3.000000e+000
      vertex  5.778823e+000 -3.108775e+001  3.000000e+000
      vertex  6.278694e+000 -3.124194e+001  3.000000e+000
    endloop
  endfacet
  facet normal  0.000000e+000  0.000000e+000  1.000000e+000
    outer loop
      vertex  5.801859e+001 -3.180554e+001  3.000000e+000
      vertex  6.278694e+000 -3.124194e+001  3.000000e+000
      vertex  6.750000e+000 -3.146891e+001  3.000000e+000
    endloop
  endfacet
  facet normal  0.000000e+000  0.000000e+000  1.000000e+000
    outer loop
      vertex  5.801859e+001 -3.180554e+001  3.000000e+000
      vertex  6.750000e+000 -3.146891e+001  3.000000e+000
      vertex  7.182214e+000 -3.176359e+001  3.000000e+000
    endloop
  endfacet
  facet normal  0.000000e+000  0.000000e+000  1.000000e+000
    outer loop
      vertex  5.801859e+001 -3.180554e+001  3.000000e+000
      vertex  7.182214e+000 -3.176359e+001  3.000000e+000
      vertex  7.565681e+000 -3.211940e+001  3.000000e+000
    endloop
  endfacet
  facet normal  -0.000000e+000  0.000000e+000  1.000000e+000
    outer loop
      vertex  5.801859e+001 -3.180554e+001  3.000000e+000
      vertex  7.565681e+000 -3.211940e+001  3.000000e+000
      vertex  5.978219e+001 -3.250007e+001  3.000000e+000
    endloop
  endfacet
  facet normal  0.000000e+000  -0.000000e+000  1.000000e+000
    outer loop
      vertex  8.344504e+000 -3.553164e+001  3.000000e+000
      vertex  1.150000e+002 -1.575000e+002  3.000000e+000
      vertex  1.150000e+002 -3.550000e+001  3.000000e+000
    endloop
  endfacet
  facet normal  0.000000e+000  0.000000e+000  1.000000e+000
    outer loop
      vertex  8.344504e+000 -3.553164e+001  3.000000e+000
      vertex  1.150000e+002 -3.550000e+001  3.000000e+000
      vertex  7.648529e+001 -3.550000e+001  3.000000e+000
    endloop
  endfacet
  facet normal  0.000000e+000  0.000000e+000  1.000000e+000
    outer loop
      vertex  8.344504e+000 -3.553164e+001  3.000000e+000
      vertex  7.648529e+001 -3.550000e+001  3.000000e+000
      vertex  7.459023e+001 -3.546258e+001  3.000000e+000
    endloop
  endfacet
  facet normal  0.000000e+000  0.000000e+000  1.000000e+000
    outer loop
      vertex  8.344504e+000 -3.553164e+001  3.000000e+000
      vertex  7.459023e+001 -3.546258e+001  3.000000e+000
      vertex  7.269812e+001 -3.535036e+001  3.000000e+000
    endloop
  endfacet
  facet normal  0.000000e+000  0.000000e+000  1.000000e+000
    outer loop
      vertex  8.344504e+000 -3.553164e+001  3.000000e+000
      vertex  7.269812e+001 -3.535036e+001  3.000000e+000
      vertex  7.081191e+001 -3.516354e+001  3.000000e+000
    endloop
  endfacet
  facet normal  0.000000e+000  0.000000e+000  1.000000e+000
    outer loop
      vertex  8.344504e+000 -3.553164e+001  3.000000e+000
      vertex  7.081191e+001 -3.516354e+001  3.000000e+000
      vertex  6.893456e+001 -3.490239e+001  3.000000e+000
    endloop
  endfacet
  facet normal  0.000000e+000  0.000000e+000  9.999999e-001
    outer loop
      vertex  8.344504e+000 -3.553164e+001  3.000000e+000
      vertex  6.893456e+001 -3.490239e+001  3.000000e+000
      vertex  8.460908e+000 -3.502165e+001  3.000000e+000
    endloop
  endfacet
  facet normal  0.000000e+000  0.000000e+000  1.000000e+000
    outer loop
      vertex  1.150000e+002 -1.575000e+002  3.000000e+000
      vertex  8.344504e+000 -3.553164e+001  3.000000e+000
      vertex  8.153391e+000 -3.601859e+001  3.000000e+000
    endloop
  endfacet
  facet normal  0.000000e+000  0.000000e+000  1.000000e+000
    outer loop
      vertex  1.150000e+002 -1.575000e+002  3.000000e+000
      vertex  8.153391e+000 -3.601859e+001  3.000000e+000
      vertex  7.891836e+000 -3.647162e+001  3.000000e+000
    endloop
  endfacet
  facet normal  0.000000e+000  0.000000e+000  1.000000e+000
    outer loop
      vertex  1.150000e+002 -1.575000e+002  3.000000e+000
      vertex  7.891836e+000 -3.647162e+001  3.000000e+000
      vertex  7.565681e+000 -3.688060e+001  3.000000e+000
    endloop
  endfacet
  facet normal  0.000000e+000  0.000000e+000  9.999999e-001
    outer loop
      vertex  1.150000e+002 -1.575000e+002  3.000000e+000
      vertex  7.565681e+000 -3.688060e+001  3.000000e+000
      vertex  7.182214e+000 -3.723641e+001  3.000000e+000
    endloop
  endfacet
  facet normal  0.000000e+000  0.000000e+000  1.000000e+000
    outer loop
      vertex  1.150000e+002 -1.575000e+002  3.000000e+000
      vertex  7.182214e+000 -3.723641e+001  3.000000e+000
      vertex  6.750000e+000 -3.753109e+001  3.000000e+000
    endloop
  endfacet
  facet normal  0.000000e+000  0.000000e+000  9.999999e-001
    outer loop
      vertex  1.150000e+002 -1.575000e+002  3.000000e+000
      vertex  6.750000e+000 -3.753109e+001  3.000000e+000
      vertex  6.278694e+000 -3.775806e+001  3.000000e+000
    endloop
  endfacet
  facet normal  0.000000e+000  0.000000e+000  1.000000e+000
    outer loop
      vertex  1.150000e+002 -1.575000e+002  3.000000e+000
      vertex  6.278694e+000 -3.775806e+001  3.000000e+000
      vertex  5.778823e+000 -3.791225e+001  3.000000e+000
    endloop
  endfacet
  facet normal  0.000000e+000  0.000000e+000  1.000000e+000
    outer loop
      vertex  1.150000e+002 -1.575000e+002  3.000000e+000
      vertex  5.778823e+000 -3.791225e+001  3.000000e+000
      vertex  5.261555e+000 -3.799021e+001  3.000000e+000
    endloop
  endfacet
  facet normal  -0.000000e+000  0.000000e+000  1.000000e+000
    outer loop
      vertex  7.555456e-001  2.949032e+001  3.000000e+000
      vertex -7.555456e-001  2.949032e+001  3.000000e+000
      vertex  2.264654e+000  2.941294e+001  3.000000e+000
    endloop
  endfacet
  facet normal  0.000000e+000  0.000000e+000  1.000000e+000
    outer loop
      vertex  2.264654e+000  2.941294e+001  3.000000e+000
      vertex -7.555456e-001  2.949032e+001  3.000000e+000
      vertex -2.264654e+000  2.941294e+001  3.000000e+000
    endloop
  endfacet
  facet normal  -0.000000e+000  0.000000e+000  9.999999e-001
    outer loop
      vertex  2.264654e+000  2.941294e+001  3.000000e+000
      vertex -2.264654e+000  2.941294e+001  3.000000e+000
      vertex  3.767821e+000  2.925839e+001  3.000000e+000
    endloop
  endfacet
  facet normal  0.000000e+000  0.000000e+000  1.000000e+000
    outer loop
      vertex  3.767821e+000  2.925839e+001  3.000000e+000
      vertex -2.264654e+000  2.941294e+001  3.000000e+000
      vertex -3.767821e+000  2.925839e+001  3.000000e+000
    endloop
  endfacet
  facet normal  -0.000000e+000  0.000000e+000  1.000000e+000
    outer loop
      vertex  3.767821e+000  2.925839e+001  3.000000e+000
      vertex -3.767821e+000  2.925839e+001  3.000000e+000
      vertex -4.738445e+000 -3.100979e+001  3.000000e+000
    endloop
  endfacet
  facet normal  0.000000e+000  -0.000000e+000  1.000000e+000
    outer loop
      vertex -4.738445e+000 -3.100979e+001  3.000000e+000
      vertex -3.767821e+000  2.925839e+001  3.000000e+000
      vertex -5.261102e+000  2.902707e+001  3.000000e+000
    endloop
  endfacet
  facet normal  0.000000e+000  0.000000e+000  1.000000e+000
    outer loop
      vertex -6.893456e+001 -3.490239e+001  3.000000e+000
      vertex -8.460908e+000 -3.502165e+001  3.000000e+000
      vertex -6.706898e+001 -3.456732e+001  3.000000e+000
    endloop
  endfacet
  facet normal  -0.000000e+000  0.000000e+000  1.000000e+000
    outer loop
      vertex -6.706898e+001 -3.456732e+001  3.000000e+000
      vertex -8.460908e+000 -3.502165e+001  3.000000e+000
      vertex -8.500000e+000 -3.450000e+001  3.000000e+000
    endloop
  endfacet
  facet normal  0.000000e+000  0.000000e+000  9.999999e-001
    outer loop
      vertex -6.706898e+001 -3.456732e+001  3.000000e+000
      vertex -8.500000e+000 -3.450000e+001  3.000000e+000
      vertex -6.521807e+001 -3.415887e+001  3.000000e+000
    endloop
  endfacet
  facet normal  -0.000000e+000  0.000000e+000  1.000000e+000
    outer loop
      vertex -6.521807e+001 -3.415887e+001  3.000000e+000
      vertex -8.500000e+000 -3.450000e+001  3.000000e+000
      vertex -8.460908e+000 -3.397835e+001  3.000000e+000
    endloop
  endfacet
  facet normal  0.000000e+000  0.000000e+000  9.999999e-001
    outer loop
      vertex -6.521807e+001 -3.415887e+001  3.000000e+000
      vertex -8.460908e+000 -3.397835e+001  3.000000e+000
      vertex -6.338474e+001 -3.367765e+001  3.000000e+000
    endloop
  endfacet
  facet normal  -0.000000e+000  0.000000e+000  9.999999e-001
    outer loop
      vertex -6.338474e+001 -3.367765e+001  3.000000e+000
      vertex -8.460908e+000 -3.397835e+001  3.000000e+000
      vertex -8.344504e+000 -3.346836e+001  3.000000e+000
    endloop
  endfacet
  facet normal  0.000000e+000  0.000000e+000  1.000000e+000
    outer loop
      vertex -6.338474e+001 -3.367765e+001  3.000000e+000
      vertex -8.344504e+000 -3.346836e+001  3.000000e+000
      vertex -6.157184e+001 -3.312444e+001  3.000000e+000
    endloop
  endfacet
  facet normal  -0.000000e+000  0.000000e+000  1.000000e+000
    outer loop
      vertex -6.157184e+001 -3.312444e+001  3.000000e+000
      vertex -8.344504e+000 -3.346836e+001  3.000000e+000
      vertex -8.153391e+000 -3.298141e+001  3.000000e+000
    endloop
  endfacet
  facet normal  0.000000e+000  0.000000e+000  1.000000e+000
    outer loop
      vertex -6.157184e+001 -3.312444e+001  3.000000e+000
      vertex -8.153391e+000 -3.298141e+001  3.000000e+000
      vertex -5.978219e+001 -3.250007e+001  3.000000e+000
    endloop
  endfacet
  facet normal  0.000000e+000  0.000000e+000  1.000000e+000
    outer loop
      vertex -5.978219e+001 -3.250007e+001  3.000000e+000
      vertex -8.153391e+000 -3.298141e+001  3.000000e+000
      vertex -7.891836e+000 -3.252838e+001  3.000000e+000
    endloop
  endfacet
  facet normal  0.000000e+000  -0.000000e+000  1.000000e+000
    outer loop
      vertex -5.978219e+001 -3.250007e+001  3.000000e+000
      vertex -7.891836e+000 -3.252838e+001  3.000000e+000
      vertex -7.565681e+000 -3.211940e+001  3.000000e+000
    endloop
  endfacet
  facet normal  0.000000e+000  0.000000e+000  1.000000e+000
    outer loop
      vertex -4.738445e+000 -3.799021e+001  3.000000e+000
      vertex  4.738445e+000 -3.799021e+001  3.000000e+000
      vertex -4.221177e+000 -3.791225e+001  3.000000e+000
    endloop
  endfacet
  facet normal  -0.000000e+000  0.000000e+000  1.000000e+000
    outer loop
      vertex -4.221177e+000 -3.791225e+001  3.000000e+000
      vertex  4.738445e+000 -3.799021e+001  3.000000e+000
      vertex  4.221177e+000 -3.791225e+001  3.000000e+000
    endloop
  endfacet
  facet normal  0.000000e+000  0.000000e+000  1.000000e+000
    outer loop
      vertex -4.221177e+000 -3.791225e+001  3.000000e+000
      vertex  4.221177e+000 -3.791225e+001  3.000000e+000
      vertex -3.721306e+000 -3.775806e+001  3.000000e+000
    endloop
  endfacet
  facet normal  -0.000000e+000  0.000000e+000  9.999999e-001
    outer loop
      vertex -3.721306e+000 -3.775806e+001  3.000000e+000
      vertex  4.221177e+000 -3.791225e+001  3.000000e+000
      vertex  3.721306e+000 -3.775806e+001  3.000000e+000
    endloop
  endfacet
  facet normal  0.000000e+000  0.000000e+000  1.000000e+000
    outer loop
      vertex -3.721306e+000 -3.775806e+001  3.000000e+000
      vertex  3.721306e+000 -3.775806e+001  3.000000e+000
      vertex -3.250000e+000 -3.753109e+001  3.000000e+000
    endloop
  endfacet
  facet normal  -0.000000e+000  0.000000e+000  1.000000e+000
    outer loop
      vertex -3.250000e+000 -3.753109e+001  3.000000e+000
      vertex  3.721306e+000 -3.775806e+001  3.000000e+000
      vertex  3.250000e+000 -3.753109e+001  3.000000e+000
    endloop
  endfacet
  facet normal  0.000000e+000  0.000000e+000  1.000000e+000
    outer loop
      vertex -3.250000e+000 -3.753109e+001  3.000000e+000
      vertex  3.250000e+000 -3.753109e+001  3.000000e+000
      vertex -2.817786e+000 -3.723641e+001  3.000000e+000
    endloop
  endfacet
  facet normal  -0.000000e+000  0.000000e+000  1.000000e+000
    outer loop
      vertex -2.817786e+000 -3.723641e+001  3.000000e+000
      vertex  3.250000e+000 -3.753109e+001  3.000000e+000
      vertex  2.817786e+000 -3.723641e+001  3.000000e+000
    endloop
  endfacet
  facet normal  0.000000e+000  0.000000e+000  1.000000e+000
    outer loop
      vertex -2.817786e+000 -3.723641e+001  3.000000e+000
      vertex  2.817786e+000 -3.723641e+001  3.000000e+000
      vertex -2.434319e+000 -3.688060e+001  3.000000e+000
    endloop
  endfacet
  facet normal  -0.000000e+000  0.000000e+000  1.000000e+000
    outer loop
      vertex -2.434319e+000 -3.688060e+001  3.000000e+000
      vertex  2.817786e+000 -3.723641e+001  3.000000e+000
      vertex  2.434319e+000 -3.688060e+001  3.000000e+000
    endloop
  endfacet
  facet normal  0.000000e+000  0.000000e+000  1.000000e+000
    outer loop
      vertex -2.434319e+000 -3.688060e+001  3.000000e+000
      vertex  2.434319e+000 -3.688060e+001  3.000000e+000
      vertex -2.108164e+000 -3.647162e+001  3.000000e+000
    endloop
  endfacet
  facet normal  -0.000000e+000  0.000000e+000  9.999999e-001
    outer loop
      vertex -2.108164e+000 -3.647162e+001  3.000000e+000
      vertex  2.434319e+000 -3.688060e+001  3.000000e+000
      vertex  2.108164e+000 -3.647162e+001  3.000000e+000
    endloop
  endfacet
  facet normal  0.000000e+000  0.000000e+000  1.000000e+000
    outer loop
      vertex -2.108164e+000 -3.647162e+001  3.000000e+000
      vertex  2.108164e+000 -3.647162e+001  3.000000e+000
      vertex -1.846609e+000 -3.601859e+001  3.000000e+000
    endloop
  endfacet
  facet normal  -0.000000e+000  0.000000e+000  9.999999e-001
    outer loop
      vertex -1.846609e+000 -3.601859e+001  3.000000e+000
      vertex  2.108164e+000 -3.647162e+001  3.000000e+000
      vertex  1.846609e+000 -3.601859e+001  3.000000e+000
    endloop
  endfacet
  facet normal  0.000000e+000  0.000000e+000  1.000000e+000
    outer loop
      vertex -1.846609e+000 -3.601859e+001  3.000000e+000
      vertex  1.846609e+000 -3.601859e+001  3.000000e+000
      vertex -1.655495e+000 -3.553164e+001  3.000000e+000
    endloop
  endfacet
  facet normal  -0.000000e+000  0.000000e+000  1.000000e+000
    outer loop
      vertex -1.655495e+000 -3.553164e+001  3.000000e+000
      vertex  1.846609e+000 -3.601859e+001  3.000000e+000
      vertex  1.655495e+000 -3.553164e+001  3.000000e+000
    endloop
  endfacet
  facet normal  0.000000e+000  0.000000e+000  1.000000e+000
    outer loop
      vertex -1.655495e+000 -3.553164e+001  3.000000e+000
      vertex  1.655495e+000 -3.553164e+001  3.000000e+000
      vertex -1.539092e+000 -3.502165e+001  3.000000e+000
    endloop
  endfacet
  facet normal  -0.000000e+000  0.000000e+000  1.000000e+000
    outer loop
      vertex -1.539092e+000 -3.502165e+001  3.000000e+000
      vertex  1.655495e+000 -3.553164e+001  3.000000e+000
      vertex  1.539092e+000 -3.502165e+001  3.000000e+000
    endloop
  endfacet
  facet normal  0.000000e+000  0.000000e+000  1.000000e+000
    outer loop
      vertex -1.539092e+000 -3.502165e+001  3.000000e+000
      vertex  1.539092e+000 -3.502165e+001  3.000000e+000
      vertex -1.500000e+000 -3.450000e+001  3.000000e+000
    endloop
  endfacet
  facet normal  -0.000000e+000  0.000000e+000  1.000000e+000
    outer loop
      vertex -1.500000e+000 -3.450000e+001  3.000000e+000
      vertex  1.539092e+000 -3.502165e+001  3.000000e+000
      vertex  1.500000e+000 -3.450000e+001  3.000000e+000
    endloop
  endfacet
  facet normal  0.000000e+000  0.000000e+000  1.000000e+000
    outer loop
      vertex -1.500000e+000 -3.450000e+001  3.000000e+000
      vertex  1.500000e+000 -3.450000e+001  3.000000e+000
      vertex -1.539092e+000 -3.397835e+001  3.000000e+000
    endloop
  endfacet
  facet normal  -0.000000e+000  0.000000e+000  1.000000e+000
    outer loop
      vertex -1.539092e+000 -3.397835e+001  3.000000e+000
      vertex  1.500000e+000 -3.450000e+001  3.000000e+000
      vertex  1.539092e+000 -3.397835e+001  3.000000e+000
    endloop
  endfacet
  facet normal  0.000000e+000  0.000000e+000  1.000000e+000
    outer loop
      vertex -1.539092e+000 -3.397835e+001  3.000000e+000
      vertex  1.539092e+000 -3.397835e+001  3.000000e+000
      vertex -1.655495e+000 -3.346836e+001  3.000000e+000
    endloop
  endfacet
  facet normal  -0.000000e+000  0.000000e+000  1.000000e+000
    outer loop
      vertex -1.655495e+000 -3.346836e+001  3.000000e+000
      vertex  1.539092e+000 -3.397835e+001  3.000000e+000
      vertex  1.655495e+000 -3.346836e+001  3.000000e+000
    endloop
  endfacet
  facet normal  0.000000e+000  0.000000e+000  1.000000e+000
    outer loop
      vertex -1.655495e+000 -3.346836e+001  3.000000e+000
      vertex  1.655495e+000 -3.346836e+001  3.000000e+000
      vertex -1.846609e+000 -3.298141e+001  3.000000e+000
    endloop
  endfacet
  facet normal  -0.000000e+000  0.000000e+000  1.000000e+000
    outer loop
      vertex -1.846609e+000 -3.298141e+001  3.000000e+000
      vertex  1.655495e+000 -3.346836e+001  3.000000e+000
      vertex  1.846609e+000 -3.298141e+001  3.000000e+000
    endloop
  endfacet
  facet normal  0.000000e+000  0.000000e+000  9.999999e-001
    outer loop
      vertex -1.846609e+000 -3.298141e+001  3.000000e+000
      vertex  1.846609e+000 -3.298141e+001  3.000000e+000
      vertex -2.108164e+000 -3.252838e+001  3.000000e+000
    endloop
  endfacet
  facet normal  -0.000000e+000  0.000000e+000  1.000000e+000
    outer loop
      vertex -2.108164e+000 -3.252838e+001  3.000000e+000
      vertex  1.846609e+000 -3.298141e+001  3.000000e+000
      vertex  2.108164e+000 -3.252838e+001  3.000000e+000
    endloop
  endfacet
  facet normal  0.000000e+000  0.000000e+000  9.999999e-001
    outer loop
      vertex -2.108164e+000 -3.252838e+001  3.000000e+000
      vertex  2.108164e+000 -3.252838e+001  3.000000e+000
      vertex -2.434319e+000 -3.211940e+001  3.000000e+000
    endloop
  endfacet
  facet normal  -0.000000e+000  0.000000e+000  1.000000e+000
    outer loop
      vertex -2.434319e+000 -3.211940e+001  3.000000e+000
      vertex  2.108164e+000 -3.252838e+001  3.000000e+000
      vertex  2.434319e+000 -3.211940e+001  3.000000e+000
    endloop
  endfacet
  facet normal  0.000000e+000  0.000000e+000  1.000000e+000
    outer loop
      vertex -2.434319e+000 -3.211940e+001  3.000000e+000
      vertex  2.434319e+000 -3.211940e+001  3.000000e+000
      vertex -2.817786e+000 -3.176359e+001  3.000000e+000
    endloop
  endfacet
  facet normal  -0.000000e+000  0.000000e+000  1.000000e+000
    outer loop
      vertex -2.817786e+000 -3.176359e+001  3.000000e+000
      vertex  2.434319e+000 -3.211940e+001  3.000000e+000
      vertex  2.817786e+000 -3.176359e+001  3.000000e+000
    endloop
  endfacet
  facet normal  0.000000e+000  0.000000e+000  1.000000e+000
    outer loop
      vertex -2.817786e+000 -3.176359e+001  3.000000e+000
      vertex  2.817786e+000 -3.176359e+001  3.000000e+000
      vertex -3.250000e+000 -3.146891e+001  3.000000e+000
    endloop
  endfacet
  facet normal  -0.000000e+000  0.000000e+000  1.000000e+000
    outer loop
      vertex -3.250000e+000 -3.146891e+001  3.000000e+000
      vertex  2.817786e+000 -3.176359e+001  3.000000e+000
      vertex  3.250000e+000 -3.146891e+001  3.000000e+000
    endloop
  endfacet
  facet normal  0.000000e+000  0.000000e+000  1.000000e+000
    outer loop
      vertex -3.250000e+000 -3.146891e+001  3.000000e+000
      vertex  3.250000e+000 -3.146891e+001  3.000000e+000
      vertex -3.721306e+000 -3.124194e+001  3.000000e+000
    endloop
  endfacet
  facet normal  -0.000000e+000  0.000000e+000  1.000000e+000
    outer loop
      vertex -3.721306e+000 -3.124194e+001  3.000000e+000
      vertex  3.250000e+000 -3.146891e+001  3.000000e+000
      vertex  3.721306e+000 -3.124194e+001  3.000000e+000
    endloop
  endfacet
  facet normal  0.000000e+000  0.000000e+000  9.999999e-001
    outer loop
      vertex -3.721306e+000 -3.124194e+001  3.000000e+000
      vertex  3.721306e+000 -3.124194e+001  3.000000e+000
      vertex -4.221177e+000 -3.108775e+001  3.000000e+000
    endloop
  endfacet
  facet normal  -0.000000e+000  0.000000e+000  1.000000e+000
    outer loop
      vertex -4.221177e+000 -3.108775e+001  3.000000e+000
      vertex  3.721306e+000 -3.124194e+001  3.000000e+000
      vertex  4.221177e+000 -3.108775e+001  3.000000e+000
    endloop
  endfacet
  facet normal  0.000000e+000  0.000000e+000  1.000000e+000
    outer loop
      vertex -4.221177e+000 -3.108775e+001  3.000000e+000
      vertex  4.221177e+000 -3.108775e+001  3.000000e+000
      vertex -4.738445e+000 -3.100979e+001  3.000000e+000
    endloop
  endfacet
  facet normal  -0.000000e+000  0.000000e+000  1.000000e+000
    outer loop
      vertex -4.738445e+000 -3.100979e+001  3.000000e+000
      vertex  4.221177e+000 -3.108775e+001  3.000000e+000
      vertex  4.738445e+000 -3.100979e+001  3.000000e+000
    endloop
  endfacet
  facet normal  0.000000e+000  0.000000e+000  1.000000e+000
    outer loop
      vertex -4.738445e+000 -3.100979e+001  3.000000e+000
      vertex  4.738445e+000 -3.100979e+001  3.000000e+000
      vertex  3.767821e+000  2.925839e+001  3.000000e+000
    endloop
  endfacet
  facet normal  0.000000e+000  0.000000e+000  1.000000e+000
    outer loop
      vertex  8.460908e+000 -3.502165e+001  3.000000e+000
      vertex  6.893456e+001 -3.490239e+001  3.000000e+000
      vertex  8.500000e+000 -3.450000e+001  3.000000e+000
    endloop
  endfacet
  facet normal  0.000000e+000  0.000000e+000  1.000000e+000
    outer loop
      vertex  8.500000e+000 -3.450000e+001  3.000000e+000
      vertex  6.893456e+001 -3.490239e+001  3.000000e+000
      vertex  6.706898e+001 -3.456732e+001  3.000000e+000
    endloop
  endfacet
  facet normal  0.000000e+000  0.000000e+000  1.000000e+000
    outer loop
      vertex  8.500000e+000 -3.450000e+001  3.000000e+000
      vertex  6.706898e+001 -3.456732e+001  3.000000e+000
      vertex  8.460908e+000 -3.397835e+001  3.000000e+000
    endloop
  endfacet
  facet normal  0.000000e+000  0.000000e+000  1.000000e+000
    outer loop
      vertex  8.460908e+000 -3.397835e+001  3.000000e+000
      vertex  6.706898e+001 -3.456732e+001  3.000000e+000
      vertex  6.521807e+001 -3.415887e+001  3.000000e+000
    endloop
  endfacet
  facet normal  0.000000e+000  0.000000e+000  1.000000e+000
    outer loop
      vertex  8.460908e+000 -3.397835e+001  3.000000e+000
      vertex  6.521807e+001 -3.415887e+001  3.000000e+000
      vertex  8.344504e+000 -3.346836e+001  3.000000e+000
    endloop
  endfacet
  facet normal  0.000000e+000  0.000000e+000  1.000000e+000
    outer loop
      vertex  8.344504e+000 -3.346836e+001  3.000000e+000
      vertex  6.521807e+001 -3.415887e+001  3.000000e+000
      vertex  6.338474e+001 -3.367765e+001  3.000000e+000
    endloop
  endfacet
  facet normal  0.000000e+000  0.000000e+000  1.000000e+000
    outer loop
      vertex  8.344504e+000 -3.346836e+001  3.000000e+000
      vertex  6.338474e+001 -3.367765e+001  3.000000e+000
      vertex  8.153391e+000 -3.298141e+001  3.000000e+000
    endloop
  endfacet
  facet normal  0.000000e+000  0.000000e+000  1.000000e+000
    outer loop
      vertex  8.153391e+000 -3.298141e+001  3.000000e+000
      vertex  6.338474e+001 -3.367765e+001  3.000000e+000
      vertex  6.157184e+001 -3.312444e+001  3.000000e+000
    endloop
  endfacet
  facet normal  0.000000e+000  0.000000e+000  1.000000e+000
    outer loop
      vertex  8.153391e+000 -3.298141e+001  3.000000e+000
      vertex  6.157184e+001 -3.312444e+001  3.000000e+000
      vertex  7.891836e+000 -3.252838e+001  3.000000e+000
    endloop
  endfacet
  facet normal  -0.000000e+000  0.000000e+000  1.000000e+000
    outer loop
      vertex  7.891836e+000 -3.252838e+001  3.000000e+000
      vertex  6.157184e+001 -3.312444e+001  3.000000e+000
      vertex  5.978219e+001 -3.250007e+001  3.000000e+000
    endloop
  endfacet
  facet normal  0.000000e+000  0.000000e+000  1.000000e+000
    outer loop
      vertex  7.891836e+000 -3.252838e+001  3.000000e+000
      vertex  5.978219e+001 -3.250007e+001  3.000000e+000
      vertex  7.565681e+000 -3.211940e+001  3.000000e+000
    endloop
  endfacet
  facet normal -9.972038e-001  7.472994e-002  0.000000e+000
    outer loop
      vertex  1.500000e+000 -3.450000e+001  3.000000e+000
      vertex  1.500000e+000 -3.450000e+001  3.610969e+001
      vertex  1.539092e+000 -3.397835e+001  3.000000e+000
    endloop
  endfacet
  facet normal -9.972038e-001  7.472994e-002  0.000000e+000
    outer loop
      vertex  1.539092e+000 -3.397835e+001  3.000000e+000
      vertex  1.500000e+000 -3.450000e+001  3.610969e+001
      vertex  1.539092e+000 -3.397835e+001  3.610969e+001
    endloop
  endfacet
  facet normal -9.749278e-001  2.225213e-001  0.000000e+000
    outer loop
      vertex  1.539092e+000 -3.397835e+001  3.000000e+000
      vertex  1.539092e+000 -3.397835e+001  3.610969e+001
      vertex  1.655495e+000 -3.346836e+001  3.000000e+000
    endloop
  endfacet
  facet normal -9.749278e-001  2.225213e-001  0.000000e+000
    outer loop
      vertex  1.655495e+000 -3.346836e+001  3.000000e+000
      vertex  1.539092e+000 -3.397835e+001  3.610969e+001
      vertex  1.655495e+000 -3.346836e+001  3.610969e+001
    endloop
  endfacet
  facet normal -9.308737e-001  3.653411e-001  0.000000e+000
    outer loop
      vertex  1.655495e+000 -3.346836e+001  3.000000e+000
      vertex  1.655495e+000 -3.346836e+001  3.610969e+001
      vertex  1.846609e+000 -3.298141e+001  3.000000e+000
    endloop
  endfacet
  facet normal -9.308737e-001  3.653411e-001  0.000000e+000
    outer loop
      vertex  1.846609e+000 -3.298141e+001  3.000000e+000
      vertex  1.655495e+000 -3.346836e+001  3.610969e+001
      vertex  1.846609e+000 -3.298141e+001  3.610969e+001
    endloop
  endfacet
  facet normal -8.660247e-001  5.000010e-001  0.000000e+000
    outer loop
      vertex  1.846609e+000 -3.298141e+001  3.000000e+000
      vertex  1.846609e+000 -3.298141e+001  3.610969e+001
      vertex  2.108164e+000 -3.252838e+001  3.000000e+000
    endloop
  endfacet
  facet normal -8.660247e-001  5.000010e-001  0.000000e+000
    outer loop
      vertex  2.108164e+000 -3.252838e+001  3.000000e+000
      vertex  1.846609e+000 -3.298141e+001  3.610969e+001
      vertex  2.108164e+000 -3.252838e+001  3.610969e+001
    endloop
  endfacet
  facet normal -7.818320e-001  6.234891e-001  0.000000e+000
    outer loop
      vertex  2.108164e+000 -3.252838e+001  3.000000e+000
      vertex  2.108164e+000 -3.252838e+001  3.610969e+001
      vertex  2.434319e+000 -3.211940e+001  3.000000e+000
    endloop
  endfacet
  facet normal -7.818320e-001  6.234891e-001  0.000000e+000
    outer loop
      vertex  2.434319e+000 -3.211940e+001  3.000000e+000
      vertex  2.108164e+000 -3.252838e+001  3.610969e+001
      vertex  2.434319e+000 -3.211940e+001  3.610969e+001
    endloop
  endfacet
  facet normal -6.801735e-001  7.330511e-001  0.000000e+000
    outer loop
      vertex  2.434319e+000 -3.211940e+001  3.000000e+000
      vertex  2.434319e+000 -3.211940e+001  3.610969e+001
      vertex  2.817786e+000 -3.176359e+001  3.000000e+000
    endloop
  endfacet
  facet normal -6.801735e-001  7.330511e-001  0.000000e+000
    outer loop
      vertex  2.817786e+000 -3.176359e+001  3.000000e+000
      vertex  2.434319e+000 -3.211940e+001  3.610969e+001
      vertex  2.817786e+000 -3.176359e+001  3.610969e+001
    endloop
  endfacet
  facet normal -5.633213e-001  8.262379e-001  0.000000e+000
    outer loop
      vertex  2.817786e+000 -3.176359e+001  3.000000e+000
      vertex  2.817786e+000 -3.176359e+001  3.610969e+001
      vertex  3.250000e+000 -3.146891e+001  3.000000e+000
    endloop
  endfacet
  facet normal -5.633213e-001  8.262379e-001  0.000000e+000
    outer loop
      vertex  3.250000e+000 -3.146891e+001  3.000000e+000
      vertex  2.817786e+000 -3.176359e+001  3.610969e+001
      vertex  3.250000e+000 -3.146891e+001  3.610969e+001
    endloop
  endfacet
  facet normal -4.338831e-001  9.009691e-001  0.000000e+000
    outer loop
      vertex  3.250000e+000 -3.146891e+001  3.000000e+000
      vertex  3.250000e+000 -3.146891e+001  3.610969e+001
      vertex  3.721306e+000 -3.124194e+001  3.000000e+000
    endloop
  endfacet
  facet normal -4.338831e-001  9.009691e-001  0.000000e+000
    outer loop
      vertex  3.721306e+000 -3.124194e+001  3.000000e+000
      vertex  3.250000e+000 -3.146891e+001  3.610969e+001
      vertex  3.721306e+000 -3.124194e+001  3.610969e+001
    endloop
  endfacet
  facet normal -2.947560e-001  9.555725e-001  0.000000e+000
    outer loop
      vertex  3.721306e+000 -3.124194e+001  3.000000e+000
      vertex  3.721306e+000 -3.124194e+001  3.610969e+001
      vertex  4.221177e+000 -3.108775e+001  3.000000e+000
    endloop
  endfacet
  facet normal -2.947560e-001  9.555725e-001  0.000000e+000
    outer loop
      vertex  4.221177e+000 -3.108775e+001  3.000000e+000
      vertex  3.721306e+000 -3.124194e+001  3.610969e+001
      vertex  4.221177e+000 -3.108775e+001  3.610969e+001
    endloop
  endfacet
  facet normal -1.490407e-001  9.888310e-001  0.000000e+000
    outer loop
      vertex  4.221177e+000 -3.108775e+001  3.000000e+000
      vertex  4.221177e+000 -3.108775e+001  3.610969e+001
      vertex  4.738445e+000 -3.100979e+001  3.000000e+000
    endloop
  endfacet
  facet normal -1.490407e-001  9.888310e-001  0.000000e+000
    outer loop
      vertex  4.738445e+000 -3.100979e+001  3.000000e+000
      vertex  4.221177e+000 -3.108775e+001  3.610969e+001
      vertex  4.738445e+000 -3.100979e+001  3.610969e+001
    endloop
  endfacet
  facet normal  0.000000e+000  1.000000e+000  0.000000e+000
    outer loop
      vertex  4.738445e+000 -3.100979e+001  3.000000e+000
      vertex  4.738445e+000 -3.100979e+001  3.610969e+001
      vertex  5.261555e+000 -3.100979e+001  3.000000e+000
    endloop
  endfacet
  facet normal  0.000000e+000  1.000000e+000  -0.000000e+000
    outer loop
      vertex  5.261555e+000 -3.100979e+001  3.000000e+000
      vertex  4.738445e+000 -3.100979e+001  3.610969e+001
      vertex  5.261555e+000 -3.100979e+001  3.610969e+001
    endloop
  endfacet
  facet normal  1.490407e-001  9.888310e-001  0.000000e+000
    outer loop
      vertex  5.261555e+000 -3.100979e+001  3.000000e+000
      vertex  5.261555e+000 -3.100979e+001  3.610969e+001
      vertex  5.778823e+000 -3.108775e+001  3.000000e+000
    endloop
  endfacet
  facet normal  1.490407e-001  9.888310e-001  -0.000000e+000
    outer loop
      vertex  5.778823e+000 -3.108775e+001  3.000000e+000
      vertex  5.261555e+000 -3.100979e+001  3.610969e+001
      vertex  5.778823e+000 -3.108775e+001  3.610969e+001
    endloop
  endfacet
  facet normal  2.947560e-001  9.555725e-001  0.000000e+000
    outer loop
      vertex  5.778823e+000 -3.108775e+001  3.000000e+000
      vertex  5.778823e+000 -3.108775e+001  3.610969e+001
      vertex  6.278694e+000 -3.124194e+001  3.000000e+000
    endloop
  endfacet
  facet normal  2.947560e-001  9.555725e-001  -0.000000e+000
    outer loop
      vertex  6.278694e+000 -3.124194e+001  3.000000e+000
      vertex  5.778823e+000 -3.108775e+001  3.610969e+001
      vertex  6.278694e+000 -3.124194e+001  3.610969e+001
    endloop
  endfacet
  facet normal  4.338831e-001  9.009691e-001  0.000000e+000
    outer loop
      vertex  6.278694e+000 -3.124194e+001  3.000000e+000
      vertex  6.278694e+000 -3.124194e+001  3.610969e+001
      vertex  6.750000e+000 -3.146891e+001  3.000000e+000
    endloop
  endfacet
  facet normal  4.338831e-001  9.009691e-001  -0.000000e+000
    outer loop
      vertex  6.750000e+000 -3.146891e+001  3.000000e+000
      vertex  6.278694e+000 -3.124194e+001  3.610969e+001
      vertex  6.750000e+000 -3.146891e+001  3.610969e+001
    endloop
  endfacet
  facet normal  5.633213e-001  8.262379e-001  0.000000e+000
    outer loop
      vertex  6.750000e+000 -3.146891e+001  3.000000e+000
      vertex  6.750000e+000 -3.146891e+001  3.610969e+001
      vertex  7.182214e+000 -3.176359e+001  3.000000e+000
    endloop
  endfacet
  facet normal  5.633213e-001  8.262379e-001  -0.000000e+000
    outer loop
      vertex  7.182214e+000 -3.176359e+001  3.000000e+000
      vertex  6.750000e+000 -3.146891e+001  3.610969e+001
      vertex  7.182214e+000 -3.176359e+001  3.610969e+001
    endloop
  endfacet
  facet normal  6.801735e-001  7.330511e-001  0.000000e+000
    outer loop
      vertex  7.182214e+000 -3.176359e+001  3.000000e+000
      vertex  7.182214e+000 -3.176359e+001  3.610969e+001
      vertex  7.565681e+000 -3.211940e+001  3.000000e+000
    endloop
  endfacet
  facet normal  6.801735e-001  7.330511e-001  -0.000000e+000
    outer loop
      vertex  7.565681e+000 -3.211940e+001  3.000000e+000
      vertex  7.182214e+000 -3.176359e+001  3.610969e+001
      vertex  7.565681e+000 -3.211940e+001  3.610969e+001
    endloop
  endfacet
  facet normal  7.818320e-001  6.234891e-001  0.000000e+000
    outer loop
      vertex  7.565681e+000 -3.211940e+001  3.000000e+000
      vertex  7.565681e+000 -3.211940e+001  3.610969e+001
      vertex  7.891836e+000 -3.252838e+001  3.000000e+000
    endloop
  endfacet
  facet normal  7.818320e-001  6.234891e-001  -0.000000e+000
    outer loop
      vertex  7.891836e+000 -3.252838e+001  3.000000e+000
      vertex  7.565681e+000 -3.211940e+001  3.610969e+001
      vertex  7.891836e+000 -3.252838e+001  3.610969e+001
    endloop
  endfacet
  facet normal  8.660250e-001  5.000010e-001  0.000000e+000
    outer loop
      vertex  7.891836e+000 -3.252838e+001  3.000000e+000
      vertex  7.891836e+000 -3.252838e+001  3.610969e+001
      vertex  8.153391e+000 -3.298141e+001  3.000000e+000
    endloop
  endfacet
  facet normal  8.660250e-001  5.000010e-001  -0.000000e+000
    outer loop
      vertex  8.153391e+000 -3.298141e+001  3.000000e+000
      vertex  7.891836e+000 -3.252838e+001  3.610969e+001
      vertex  8.153391e+000 -3.298141e+001  3.610969e+001
    endloop
  endfacet
  facet normal  9.308739e-001  3.653405e-001  0.000000e+000
    outer loop
      vertex  8.153391e+000 -3.298141e+001  3.000000e+000
      vertex  8.153391e+000 -3.298141e+001  3.610969e+001
      vertex  8.344504e+000 -3.346836e+001  3.000000e+000
    endloop
  endfacet
  facet normal  9.308739e-001  3.653405e-001  -0.000000e+000
    outer loop
      vertex  8.344504e+000 -3.346836e+001  3.000000e+000
      vertex  8.153391e+000 -3.298141e+001  3.610969e+001
      vertex  8.344504e+000 -3.346836e+001  3.610969e+001
    endloop
  endfacet
  facet normal  9.749276e-001  2.225221e-001  0.000000e+000
    outer loop
      vertex  8.344504e+000 -3.346836e+001  3.000000e+000
      vertex  8.344504e+000 -3.346836e+001  3.610969e+001
      vertex  8.460908e+000 -3.397835e+001  3.000000e+000
    endloop
  endfacet
  facet normal  9.749276e-001  2.225221e-001  -0.000000e+000
    outer loop
      vertex  8.460908e+000 -3.397835e+001  3.000000e+000
      vertex  8.344504e+000 -3.346836e+001  3.610969e+001
      vertex  8.460908e+000 -3.397835e+001  3.610969e+001
    endloop
  endfacet
  facet normal  9.972038e-001  7.472994e-002  0.000000e+000
    outer loop
      vertex  8.460908e+000 -3.397835e+001  3.000000e+000
      vertex  8.460908e+000 -3.397835e+001  3.610969e+001
      vertex  8.500000e+000 -3.450000e+001  3.000000e+000
    endloop
  endfacet
  facet normal  9.972038e-001  7.472994e-002  -0.000000e+000
    outer loop
      vertex  8.500000e+000 -3.450000e+001  3.000000e+000
      vertex  8.460908e+000 -3.397835e+001  3.610969e+001
      vertex  8.500000e+000 -3.450000e+001  3.610969e+001
    endloop
  endfacet
  facet normal  9.972038e-001 -7.472994e-002  0.000000e+000
    outer loop
      vertex  8.500000e+000 -3.450000e+001  3.000000e+000
      vertex  8.500000e+000 -3.450000e+001  3.610969e+001
      vertex  8.460908e+000 -3.502165e+001  3.000000e+000
    endloop
  endfacet
  facet normal  9.972038e-001 -7.472994e-002  0.000000e+000
    outer loop
      vertex  8.460908e+000 -3.502165e+001  3.000000e+000
      vertex  8.500000e+000 -3.450000e+001  3.610969e+001
      vertex  8.460908e+000 -3.502165e+001  3.610969e+001
    endloop
  endfacet
  facet normal  9.749276e-001 -2.225221e-001  0.000000e+000
    outer loop
      vertex  8.460908e+000 -3.502165e+001  3.000000e+000
      vertex  8.460908e+000 -3.502165e+001  3.610969e+001
      vertex  8.344504e+000 -3.553164e+001  3.000000e+000
    endloop
  endfacet
  facet normal  9.749276e-001 -2.225221e-001  0.000000e+000
    outer loop
      vertex  8.344504e+000 -3.553164e+001  3.000000e+000
      vertex  8.460908e+000 -3.502165e+001  3.610969e+001
      vertex  8.344504e+000 -3.553164e+001  3.610969e+001
    endloop
  endfacet
  facet normal  9.308739e-001 -3.653405e-001  0.000000e+000
    outer loop
      vertex  8.344504e+000 -3.553164e+001  3.000000e+000
      vertex  8.344504e+000 -3.553164e+001  3.610969e+001
      vertex  8.153391e+000 -3.601859e+001  3.000000e+000
    endloop
  endfacet
  facet normal  9.308739e-001 -3.653405e-001  0.000000e+000
    outer loop
      vertex  8.153391e+000 -3.601859e+001  3.000000e+000
      vertex  8.344504e+000 -3.553164e+001  3.610969e+001
      vertex  8.153391e+000 -3.601859e+001  3.610969e+001
    endloop
  endfacet
  facet normal  8.660250e-001 -5.000010e-001  0.000000e+000
    outer loop
      vertex  8.153391e+000 -3.601859e+001  3.000000e+000
      vertex  8.153391e+000 -3.601859e+001  3.610969e+001
      vertex  7.891836e+000 -3.647162e+001  3.000000e+000
    endloop
  endfacet
  facet normal  8.660250e-001 -5.000010e-001  0.000000e+000
    outer loop
      vertex  7.891836e+000 -3.647162e+001  3.000000e+000
      vertex  8.153391e+000 -3.601859e+001  3.610969e+001
      vertex  7.891836e+000 -3.647162e+001  3.610969e+001
    endloop
  endfacet
  facet normal  7.818320e-001 -6.234891e-001  0.000000e+000
    outer loop
      vertex  7.891836e+000 -3.647162e+001  3.000000e+000
      vertex  7.891836e+000 -3.647162e+001  3.610969e+001
      vertex  7.565681e+000 -3.688060e+001  3.000000e+000
    endloop
  endfacet
  facet normal  7.818320e-001 -6.234891e-001  0.000000e+000
    outer loop
      vertex  7.565681e+000 -3.688060e+001  3.000000e+000
      vertex  7.891836e+000 -3.647162e+001  3.610969e+001
      vertex  7.565681e+000 -3.688060e+001  3.610969e+001
    endloop
  endfacet
  facet normal  6.801755e-001 -7.330493e-001  0.000000e+000
    outer loop
      vertex  7.565681e+000 -3.688060e+001  3.000000e+000
      vertex  7.565681e+000 -3.688060e+001  3.610969e+001
      vertex  7.182214e+000 -3.723641e+001  3.000000e+000
    endloop
  endfacet
  facet normal  6.801755e-001 -7.330493e-001  0.000000e+000
    outer loop
      vertex  7.182214e+000 -3.723641e+001  3.000000e+000
      vertex  7.565681e+000 -3.688060e+001  3.610969e+001
      vertex  7.182214e+000 -3.723641e+001  3.610969e+001
    endloop
  endfacet
  facet normal  5.633188e-001 -8.262396e-001  0.000000e+000
    outer loop
      vertex  7.182214e+000 -3.723641e+001  3.000000e+000
      vertex  7.182214e+000 -3.723641e+001  3.610969e+001
      vertex  6.750000e+000 -3.753109e+001  3.000000e+000
    endloop
  endfacet
  facet normal  5.633188e-001 -8.262396e-001  0.000000e+000
    outer loop
      vertex  6.750000e+000 -3.753109e+001  3.000000e+000
      vertex  7.182214e+000 -3.723641e+001  3.610969e+001
      vertex  6.750000e+000 -3.753109e+001  3.610969e+001
    endloop
  endfacet
  facet normal  4.338802e-001 -9.009706e-001  0.000000e+000
    outer loop
      vertex  6.750000e+000 -3.753109e+001  3.000000e+000
      vertex  6.750000e+000 -3.753109e+001  3.610969e+001
      vertex  6.278694e+000 -3.775806e+001  3.000000e+000
    endloop
  endfacet
  facet normal  4.338802e-001 -9.009706e-001  0.000000e+000
    outer loop
      vertex  6.278694e+000 -3.775806e+001  3.000000e+000
      vertex  6.750000e+000 -3.753109e+001  3.610969e+001
      vertex  6.278694e+000 -3.775806e+001  3.610969e+001
    endloop
  endfacet
  facet normal  2.947560e-001 -9.555725e-001  0.000000e+000
    outer loop
      vertex  6.278694e+000 -3.775806e+001  3.000000e+000
      vertex  6.278694e+000 -3.775806e+001  3.610969e+001
      vertex  5.778823e+000 -3.791225e+001  3.000000e+000
    endloop
  endfacet
  facet normal  2.947560e-001 -9.555725e-001  0.000000e+000
    outer loop
      vertex  5.778823e+000 -3.791225e+001  3.000000e+000
      vertex  6.278694e+000 -3.775806e+001  3.610969e+001
      vertex  5.778823e+000 -3.791225e+001  3.610969e+001
    endloop
  endfacet
  facet normal  1.490407e-001 -9.888310e-001  0.000000e+000
    outer loop
      vertex  5.778823e+000 -3.791225e+001  3.000000e+000
      vertex  5.778823e+000 -3.791225e+001  3.610969e+001
      vertex  5.261555e+000 -3.799021e+001  3.000000e+000
    endloop
  endfacet
  facet normal  1.490407e-001 -9.888310e-001  0.000000e+000
    outer loop
      vertex  5.261555e+000 -3.799021e+001  3.000000e+000
      vertex  5.778823e+000 -3.791225e+001  3.610969e+001
      vertex  5.261555e+000 -3.799021e+001  3.610969e+001
    endloop
  endfacet
  facet normal  0.000000e+000 -1.000000e+000  -0.000000e+000
    outer loop
      vertex  5.261555e+000 -3.799021e+001  3.000000e+000
      vertex  5.261555e+000 -3.799021e+001  3.610969e+001
      vertex  4.738445e+000 -3.799021e+001  3.000000e+000
    endloop
  endfacet
  facet normal  0.000000e+000 -1.000000e+000  0.000000e+000
    outer loop
      vertex  4.738445e+000 -3.799021e+001  3.000000e+000
      vertex  5.261555e+000 -3.799021e+001  3.610969e+001
      vertex  4.738445e+000 -3.799021e+001  3.610969e+001
    endloop
  endfacet
  facet normal -1.490407e-001 -9.888310e-001  -0.000000e+000
    outer loop
      vertex  4.738445e+000 -3.799021e+001  3.000000e+000
      vertex  4.738445e+000 -3.799021e+001  3.610969e+001
      vertex  4.221177e+000 -3.791225e+001  3.000000e+000
    endloop
  endfacet
  facet normal -1.490407e-001 -9.888310e-001  0.000000e+000
    outer loop
      vertex  4.221177e+000 -3.791225e+001  3.000000e+000
      vertex  4.738445e+000 -3.799021e+001  3.610969e+001
      vertex  4.221177e+000 -3.791225e+001  3.610969e+001
    endloop
  endfacet
  facet normal -2.947560e-001 -9.555725e-001  -0.000000e+000
    outer loop
      vertex  4.221177e+000 -3.791225e+001  3.000000e+000
      vertex  4.221177e+000 -3.791225e+001  3.610969e+001
      vertex  3.721306e+000 -3.775806e+001  3.000000e+000
    endloop
  endfacet
  facet normal -2.947560e-001 -9.555725e-001  0.000000e+000
    outer loop
      vertex  3.721306e+000 -3.775806e+001  3.000000e+000
      vertex  4.221177e+000 -3.791225e+001  3.610969e+001
      vertex  3.721306e+000 -3.775806e+001  3.610969e+001
    endloop
  endfacet
  facet normal -4.338802e-001 -9.009706e-001  -0.000000e+000
    outer loop
      vertex  3.721306e+000 -3.775806e+001  3.000000e+000
      vertex  3.721306e+000 -3.775806e+001  3.610969e+001
      vertex  3.250000e+000 -3.753109e+001  3.000000e+000
    endloop
  endfacet
  facet normal -4.338802e-001 -9.009706e-001  0.000000e+000
    outer loop
      vertex  3.250000e+000 -3.753109e+001  3.000000e+000
      vertex  3.721306e+000 -3.775806e+001  3.610969e+001
      vertex  3.250000e+000 -3.753109e+001  3.610969e+001
    endloop
  endfacet
  facet normal -5.633188e-001 -8.262396e-001  -0.000000e+000
    outer loop
      vertex  3.250000e+000 -3.753109e+001  3.000000e+000
      vertex  3.250000e+000 -3.753109e+001  3.610969e+001
      vertex  2.817786e+000 -3.723641e+001  3.000000e+000
    endloop
  endfacet
  facet normal -5.633188e-001 -8.262396e-001  0.000000e+000
    outer loop
      vertex  2.817786e+000 -3.723641e+001  3.000000e+000
      vertex  3.250000e+000 -3.753109e+001  3.610969e+001
      vertex  2.817786e+000 -3.723641e+001  3.610969e+001
    endloop
  endfacet
  facet normal -6.801755e-001 -7.330493e-001  -0.000000e+000
    outer loop
      vertex  2.817786e+000 -3.723641e+001  3.000000e+000
      vertex  2.817786e+000 -3.723641e+001  3.610969e+001
      vertex  2.434319e+000 -3.688060e+001  3.000000e+000
    endloop
  endfacet
  facet normal -6.801755e-001 -7.330493e-001  0.000000e+000
    outer loop
      vertex  2.434319e+000 -3.688060e+001  3.000000e+000
      vertex  2.817786e+000 -3.723641e+001  3.610969e+001
      vertex  2.434319e+000 -3.688060e+001  3.610969e+001
    endloop
  endfacet
  facet normal -7.818320e-001 -6.234891e-001  -0.000000e+000
    outer loop
      vertex  2.434319e+000 -3.688060e+001  3.000000e+000
      vertex  2.434319e+000 -3.688060e+001  3.610969e+001
      vertex  2.108164e+000 -3.647162e+001  3.000000e+000
    endloop
  endfacet
  facet normal -7.818320e-001 -6.234891e-001  0.000000e+000
    outer loop
      vertex  2.108164e+000 -3.647162e+001  3.000000e+000
      vertex  2.434319e+000 -3.688060e+001  3.610969e+001
      vertex  2.108164e+000 -3.647162e+001  3.610969e+001
    endloop
  endfacet
  facet normal -8.660247e-001 -5.000010e-001  -0.000000e+000
    outer loop
      vertex  2.108164e+000 -3.647162e+001  3.000000e+000
      vertex  2.108164e+000 -3.647162e+001  3.610969e+001
      vertex  1.846609e+000 -3.601859e+001  3.000000e+000
    endloop
  endfacet
  facet normal -8.660247e-001 -5.000010e-001  0.000000e+000
    outer loop
      vertex  1.846609e+000 -3.601859e+001  3.000000e+000
      vertex  2.108164e+000 -3.647162e+001  3.610969e+001
      vertex  1.846609e+000 -3.601859e+001  3.610969e+001
    endloop
  endfacet
  facet normal -9.308737e-001 -3.653411e-001  -0.000000e+000
    outer loop
      vertex  1.846609e+000 -3.601859e+001  3.000000e+000
      vertex  1.846609e+000 -3.601859e+001  3.610969e+001
      vertex  1.655495e+000 -3.553164e+001  3.000000e+000
    endloop
  endfacet
  facet normal -9.308737e-001 -3.653411e-001  0.000000e+000
    outer loop
      vertex  1.655495e+000 -3.553164e+001  3.000000e+000
      vertex  1.846609e+000 -3.601859e+001  3.610969e+001
      vertex  1.655495e+000 -3.553164e+001  3.610969e+001
    endloop
  endfacet
  facet normal -9.749278e-001 -2.225213e-001  -0.000000e+000
    outer loop
      vertex  1.655495e+000 -3.553164e+001  3.000000e+000
      vertex  1.655495e+000 -3.553164e+001  3.610969e+001
      vertex  1.539092e+000 -3.502165e+001  3.000000e+000
    endloop
  endfacet
  facet normal -9.749278e-001 -2.225213e-001  0.000000e+000
    outer loop
      vertex  1.539092e+000 -3.502165e+001  3.000000e+000
      vertex  1.655495e+000 -3.553164e+001  3.610969e+001
      vertex  1.539092e+000 -3.502165e+001  3.610969e+001
    endloop
  endfacet
  facet normal -9.972038e-001 -7.472994e-002  -0.000000e+000
    outer loop
      vertex  1.539092e+000 -3.502165e+001  3.000000e+000
      vertex  1.539092e+000 -3.502165e+001  3.610969e+001
      vertex  1.500000e+000 -3.450000e+001  3.000000e+000
    endloop
  endfacet
  facet normal -9.972038e-001 -7.472994e-002  0.000000e+000
    outer loop
      vertex  1.500000e+000 -3.450000e+001  3.000000e+000
      vertex  1.539092e+000 -3.502165e+001  3.610969e+001
      vertex  1.500000e+000 -3.450000e+001  3.610969e+001
    endloop
  endfacet
  facet normal  9.801288e-002 -9.951851e-001  0.000000e+000
    outer loop
      vertex  5.000000e+000 -3.262500e+001  3.000000e+000
      vertex  4.634206e+000 -3.266103e+001  3.610969e+001
      vertex  4.634206e+000 -3.266103e+001  3.000000e+000
    endloop
  endfacet
  facet normal  2.902913e-001 -9.569384e-001  0.000000e+000
    outer loop
      vertex  4.634206e+000 -3.266103e+001  3.000000e+000
      vertex  4.634206e+000 -3.266103e+001  3.610969e+001
      vertex  4.282469e+000 -3.276773e+001  3.610969e+001
    endloop
  endfacet
  facet normal  2.902913e-001 -9.569384e-001  0.000000e+000
    outer loop
      vertex  4.634206e+000 -3.266103e+001  3.000000e+000
      vertex  4.282469e+000 -3.276773e+001  3.610969e+001
      vertex  4.282469e+000 -3.276773e+001  3.000000e+000
    endloop
  endfacet
  facet normal  4.713939e-001 -8.819228e-001  0.000000e+000
    outer loop
      vertex  4.282469e+000 -3.276773e+001  3.000000e+000
      vertex  4.282469e+000 -3.276773e+001  3.610969e+001
      vertex  3.958306e+000 -3.294099e+001  3.610969e+001
    endloop
  endfacet
  facet normal  4.713939e-001 -8.819228e-001  0.000000e+000
    outer loop
      vertex  4.282469e+000 -3.276773e+001  3.000000e+000
      vertex  3.958306e+000 -3.294099e+001  3.610969e+001
      vertex  3.958306e+000 -3.294099e+001  3.000000e+000
    endloop
  endfacet
  facet normal  6.343944e-001 -7.730096e-001  0.000000e+000
    outer loop
      vertex  3.958306e+000 -3.294099e+001  3.000000e+000
      vertex  3.958306e+000 -3.294099e+001  3.610969e+001
      vertex  3.674175e+000 -3.317418e+001  3.610969e+001
    endloop
  endfacet
  facet normal  6.343944e-001 -7.730096e-001  0.000000e+000
    outer loop
      vertex  3.958306e+000 -3.294099e+001  3.000000e+000
      vertex  3.674175e+000 -3.317418e+001  3.610969e+001
      vertex  3.674175e+000 -3.317418e+001  3.000000e+000
    endloop
  endfacet
  facet normal  7.730095e-001 -6.343945e-001  0.000000e+000
    outer loop
      vertex  3.674175e+000 -3.317418e+001  3.000000e+000
      vertex  3.674175e+000 -3.317418e+001  3.610969e+001
      vertex  3.440995e+000 -3.345831e+001  3.610969e+001
    endloop
  endfacet
  facet normal  7.730095e-001 -6.343945e-001  0.000000e+000
    outer loop
      vertex  3.674175e+000 -3.317418e+001  3.000000e+000
      vertex  3.440995e+000 -3.345831e+001  3.610969e+001
      vertex  3.440995e+000 -3.345831e+001  3.000000e+000
    endloop
  endfacet
  facet normal  8.819206e-001 -4.713981e-001  0.000000e+000
    outer loop
      vertex  3.440995e+000 -3.345831e+001  3.000000e+000
      vertex  3.440995e+000 -3.345831e+001  3.610969e+001
      vertex  3.267726e+000 -3.378247e+001  3.610969e+001
    endloop
  endfacet
  facet normal  8.819206e-001 -4.713981e-001  0.000000e+000
    outer loop
      vertex  3.440995e+000 -3.345831e+001  3.000000e+000
      vertex  3.267726e+000 -3.378247e+001  3.610969e+001
      vertex  3.267726e+000 -3.378247e+001  3.000000e+000
    endloop
  endfacet
  facet normal  9.569405e-001 -2.902840e-001  0.000000e+000
    outer loop
      vertex  3.267726e+000 -3.378247e+001  3.000000e+000
      vertex  3.267726e+000 -3.378247e+001  3.610969e+001
      vertex  3.161028e+000 -3.413420e+001  3.610969e+001
    endloop
  endfacet
  facet normal  9.569405e-001 -2.902840e-001  0.000000e+000
    outer loop
      vertex  3.267726e+000 -3.378247e+001  3.000000e+000
      vertex  3.161028e+000 -3.413420e+001  3.610969e+001
      vertex  3.161028e+000 -3.413420e+001  3.000000e+000
    endloop
  endfacet
  facet normal  9.951847e-001 -9.801712e-002  0.000000e+000
    outer loop
      vertex  3.161028e+000 -3.413420e+001  3.000000e+000
      vertex  3.161028e+000 -3.413420e+001  3.610969e+001
      vertex  3.125000e+000 -3.450000e+001  3.610969e+001
    endloop
  endfacet
  facet normal  9.951847e-001 -9.801712e-002  0.000000e+000
    outer loop
      vertex  3.161028e+000 -3.413420e+001  3.000000e+000
      vertex  3.125000e+000 -3.450000e+001  3.610969e+001
      vertex  3.125000e+000 -3.450000e+001  3.000000e+000
    endloop
  endfacet
  facet normal  9.801288e-002 -9.951851e-001  0.000000e+000
    outer loop
      vertex  4.634206e+000 -3.266103e+001  3.610969e+001
      vertex  5.000000e+000 -3.262500e+001  3.000000e+000
      vertex  5.000000e+000 -3.262500e+001  3.610969e+001
    endloop
  endfacet
  facet normal -9.801288e-002 -9.951851e-001  -0.000000e+000
    outer loop
      vertex  5.000000e+000 -3.262500e+001  3.610969e+001
      vertex  5.000000e+000 -3.262500e+001  3.000000e+000
      vertex  5.365794e+000 -3.266103e+001  3.000000e+000
    endloop
  endfacet
  facet normal -9.801288e-002 -9.951851e-001  0.000000e+000
    outer loop
      vertex  5.000000e+000 -3.262500e+001  3.610969e+001
      vertex  5.365794e+000 -3.266103e+001  3.000000e+000
      vertex  5.365794e+000 -3.266103e+001  3.610969e+001
    endloop
  endfacet
  facet normal -2.902913e-001 -9.569384e-001  -0.000000e+000
    outer loop
      vertex  5.365794e+000 -3.266103e+001  3.610969e+001
      vertex  5.365794e+000 -3.266103e+001  3.000000e+000
      vertex  5.717531e+000 -3.276773e+001  3.000000e+000
    endloop
  endfacet
  facet normal -2.902913e-001 -9.569384e-001  0.000000e+000
    outer loop
      vertex  5.365794e+000 -3.266103e+001  3.610969e+001
      vertex  5.717531e+000 -3.276773e+001  3.000000e+000
      vertex  5.717531e+000 -3.276773e+001  3.610969e+001
    endloop
  endfacet
  facet normal -4.713939e-001 -8.819228e-001  -0.000000e+000
    outer loop
      vertex  5.717531e+000 -3.276773e+001  3.610969e+001
      vertex  5.717531e+000 -3.276773e+001  3.000000e+000
      vertex  6.041694e+000 -3.294099e+001  3.000000e+000
    endloop
  endfacet
  facet normal -4.713939e-001 -8.819228e-001  0.000000e+000
    outer loop
      vertex  5.717531e+000 -3.276773e+001  3.610969e+001
      vertex  6.041694e+000 -3.294099e+001  3.000000e+000
      vertex  6.041694e+000 -3.294099e+001  3.610969e+001
    endloop
  endfacet
  facet normal -6.343944e-001 -7.730096e-001  -0.000000e+000
    outer loop
      vertex  6.041694e+000 -3.294099e+001  3.610969e+001
      vertex  6.041694e+000 -3.294099e+001  3.000000e+000
      vertex  6.325825e+000 -3.317418e+001  3.000000e+000
    endloop
  endfacet
  facet normal -6.343944e-001 -7.730096e-001  0.000000e+000
    outer loop
      vertex  6.041694e+000 -3.294099e+001  3.610969e+001
      vertex  6.325825e+000 -3.317418e+001  3.000000e+000
      vertex  6.325825e+000 -3.317418e+001  3.610969e+001
    endloop
  endfacet
  facet normal -7.730092e-001 -6.343949e-001  -0.000000e+000
    outer loop
      vertex  6.325825e+000 -3.317418e+001  3.610969e+001
      vertex  6.325825e+000 -3.317418e+001  3.000000e+000
      vertex  6.559006e+000 -3.345831e+001  3.000000e+000
    endloop
  endfacet
  facet normal -7.730092e-001 -6.343949e-001  0.000000e+000
    outer loop
      vertex  6.325825e+000 -3.317418e+001  3.610969e+001
      vertex  6.559006e+000 -3.345831e+001  3.000000e+000
      vertex  6.559006e+000 -3.345831e+001  3.610969e+001
    endloop
  endfacet
  facet normal -8.819208e-001 -4.713975e-001  -0.000000e+000
    outer loop
      vertex  6.559006e+000 -3.345831e+001  3.610969e+001
      vertex  6.559006e+000 -3.345831e+001  3.000000e+000
      vertex  6.732274e+000 -3.378247e+001  3.000000e+000
    endloop
  endfacet
  facet normal -8.819208e-001 -4.713975e-001  0.000000e+000
    outer loop
      vertex  6.559006e+000 -3.345831e+001  3.610969e+001
      vertex  6.732274e+000 -3.378247e+001  3.000000e+000
      vertex  6.732274e+000 -3.378247e+001  3.610969e+001
    endloop
  endfacet
  facet normal -9.569405e-001 -2.902846e-001  -0.000000e+000
    outer loop
      vertex  6.732274e+000 -3.378247e+001  3.610969e+001
      vertex  6.732274e+000 -3.378247e+001  3.000000e+000
      vertex  6.838973e+000 -3.413420e+001  3.000000e+000
    endloop
  endfacet
  facet normal -9.569405e-001 -2.902846e-001  0.000000e+000
    outer loop
      vertex  6.732274e+000 -3.378247e+001  3.610969e+001
      vertex  6.838973e+000 -3.413420e+001  3.000000e+000
      vertex  6.838973e+000 -3.413420e+001  3.610969e+001
    endloop
  endfacet
  facet normal -9.951847e-001 -9.801648e-002  -0.000000e+000
    outer loop
      vertex  6.838973e+000 -3.413420e+001  3.610969e+001
      vertex  6.838973e+000 -3.413420e+001  3.000000e+000
      vertex  6.875000e+000 -3.450000e+001  3.000000e+000
    endloop
  endfacet
  facet normal -9.951847e-001 -9.801648e-002  0.000000e+000
    outer loop
      vertex  6.838973e+000 -3.413420e+001  3.610969e+001
      vertex  6.875000e+000 -3.450000e+001  3.000000e+000
      vertex  6.875000e+000 -3.450000e+001  3.610969e+001
    endloop
  endfacet
  facet normal -9.801288e-002  9.951851e-001  0.000000e+000
    outer loop
      vertex  5.000000e+000 -3.637500e+001  3.000000e+000
      vertex  5.365794e+000 -3.633897e+001  3.610969e+001
      vertex  5.365794e+000 -3.633897e+001  3.000000e+000
    endloop
  endfacet
  facet normal -2.902913e-001  9.569384e-001  0.000000e+000
    outer loop
      vertex  5.365794e+000 -3.633897e+001  3.000000e+000
      vertex  5.365794e+000 -3.633897e+001  3.610969e+001
      vertex  5.717531e+000 -3.623227e+001  3.610969e+001
    endloop
  endfacet
  facet normal -2.902913e-001  9.569384e-001  0.000000e+000
    outer loop
      vertex  5.365794e+000 -3.633897e+001  3.000000e+000
      vertex  5.717531e+000 -3.623227e+001  3.610969e+001
      vertex  5.717531e+000 -3.623227e+001  3.000000e+000
    endloop
  endfacet
  facet normal -4.713939e-001  8.819228e-001  0.000000e+000
    outer loop
      vertex  5.717531e+000 -3.623227e+001  3.000000e+000
      vertex  5.717531e+000 -3.623227e+001  3.610969e+001
      vertex  6.041694e+000 -3.605901e+001  3.610969e+001
    endloop
  endfacet
  facet normal -4.713939e-001  8.819228e-001  0.000000e+000
    outer loop
      vertex  5.717531e+000 -3.623227e+001  3.000000e+000
      vertex  6.041694e+000 -3.605901e+001  3.610969e+001
      vertex  6.041694e+000 -3.605901e+001  3.000000e+000
    endloop
  endfacet
  facet normal -6.343944e-001  7.730096e-001  0.000000e+000
    outer loop
      vertex  6.041694e+000 -3.605901e+001  3.000000e+000
      vertex  6.041694e+000 -3.605901e+001  3.610969e+001
      vertex  6.325825e+000 -3.582582e+001  3.610969e+001
    endloop
  endfacet
  facet normal -6.343944e-001  7.730096e-001  0.000000e+000
    outer loop
      vertex  6.041694e+000 -3.605901e+001  3.000000e+000
      vertex  6.325825e+000 -3.582582e+001  3.610969e+001
      vertex  6.325825e+000 -3.582582e+001  3.000000e+000
    endloop
  endfacet
  facet normal -7.730092e-001  6.343949e-001  0.000000e+000
    outer loop
      vertex  6.325825e+000 -3.582582e+001  3.000000e+000
      vertex  6.325825e+000 -3.582582e+001  3.610969e+001
      vertex  6.559006e+000 -3.554169e+001  3.610969e+001
    endloop
  endfacet
  facet normal -7.730092e-001  6.343949e-001  0.000000e+000
    outer loop
      vertex  6.325825e+000 -3.582582e+001  3.000000e+000
      vertex  6.559006e+000 -3.554169e+001  3.610969e+001
      vertex  6.559006e+000 -3.554169e+001  3.000000e+000
    endloop
  endfacet
  facet normal -8.819208e-001  4.713975e-001  0.000000e+000
    outer loop
      vertex  6.559006e+000 -3.554169e+001  3.000000e+000
      vertex  6.559006e+000 -3.554169e+001  3.610969e+001
      vertex  6.732274e+000 -3.521753e+001  3.610969e+001
    endloop
  endfacet
  facet normal -8.819208e-001  4.713975e-001  0.000000e+000
    outer loop
      vertex  6.559006e+000 -3.554169e+001  3.000000e+000
      vertex  6.732274e+000 -3.521753e+001  3.610969e+001
      vertex  6.732274e+000 -3.521753e+001  3.000000e+000
    endloop
  endfacet
  facet normal -9.569405e-001  2.902846e-001  0.000000e+000
    outer loop
      vertex  6.732274e+000 -3.521753e+001  3.000000e+000
      vertex  6.732274e+000 -3.521753e+001  3.610969e+001
      vertex  6.838973e+000 -3.486580e+001  3.610969e+001
    endloop
  endfacet
  facet normal -9.569405e-001  2.902846e-001  0.000000e+000
    outer loop
      vertex  6.732274e+000 -3.521753e+001  3.000000e+000
      vertex  6.838973e+000 -3.486580e+001  3.610969e+001
      vertex  6.838973e+000 -3.486580e+001  3.000000e+000
    endloop
  endfacet
  facet normal -9.951847e-001  9.801648e-002  0.000000e+000
    outer loop
      vertex  6.838973e+000 -3.486580e+001  3.000000e+000
      vertex  6.838973e+000 -3.486580e+001  3.610969e+001
      vertex  6.875000e+000 -3.450000e+001  3.610969e+001
    endloop
  endfacet
  facet normal -9.951847e-001  9.801648e-002  0.000000e+000
    outer loop
      vertex  6.838973e+000 -3.486580e+001  3.000000e+000
      vertex  6.875000e+000 -3.450000e+001  3.610969e+001
      vertex  6.875000e+000 -3.450000e+001  3.000000e+000
    endloop
  endfacet
  facet normal -9.801288e-002  9.951851e-001  0.000000e+000
    outer loop
      vertex  5.365794e+000 -3.633897e+001  3.610969e+001
      vertex  5.000000e+000 -3.637500e+001  3.000000e+000
      vertex  5.000000e+000 -3.637500e+001  3.610969e+001
    endloop
  endfacet
  facet normal  9.801288e-002  9.951851e-001  0.000000e+000
    outer loop
      vertex  5.000000e+000 -3.637500e+001  3.610969e+001
      vertex  5.000000e+000 -3.637500e+001  3.000000e+000
      vertex  4.634206e+000 -3.633897e+001  3.000000e+000
    endloop
  endfacet
  facet normal  9.801288e-002  9.951851e-001  -0.000000e+000
    outer loop
      vertex  5.000000e+000 -3.637500e+001  3.610969e+001
      vertex  4.634206e+000 -3.633897e+001  3.000000e+000
      vertex  4.634206e+000 -3.633897e+001  3.610969e+001
    endloop
  endfacet
  facet normal  2.902913e-001  9.569384e-001  0.000000e+000
    outer loop
      vertex  4.634206e+000 -3.633897e+001  3.610969e+001
      vertex  4.634206e+000 -3.633897e+001  3.000000e+000
      vertex  4.282469e+000 -3.623227e+001  3.000000e+000
    endloop
  endfacet
  facet normal  2.902913e-001  9.569384e-001  -0.000000e+000
    outer loop
      vertex  4.634206e+000 -3.633897e+001  3.610969e+001
      vertex  4.282469e+000 -3.623227e+001  3.000000e+000
      vertex  4.282469e+000 -3.623227e+001  3.610969e+001
    endloop
  endfacet
  facet normal  4.713939e-001  8.819228e-001  0.000000e+000
    outer loop
      vertex  4.282469e+000 -3.623227e+001  3.610969e+001
      vertex  4.282469e+000 -3.623227e+001  3.000000e+000
      vertex  3.958306e+000 -3.605901e+001  3.000000e+000
    endloop
  endfacet
  facet normal  4.713939e-001  8.819228e-001  -0.000000e+000
    outer loop
      vertex  4.282469e+000 -3.623227e+001  3.610969e+001
      vertex  3.958306e+000 -3.605901e+001  3.000000e+000
      vertex  3.958306e+000 -3.605901e+001  3.610969e+001
    endloop
  endfacet
  facet normal  6.343944e-001  7.730096e-001  0.000000e+000
    outer loop
      vertex  3.958306e+000 -3.605901e+001  3.610969e+001
      vertex  3.958306e+000 -3.605901e+001  3.000000e+000
      vertex  3.674175e+000 -3.582582e+001  3.000000e+000
    endloop
  endfacet
  facet normal  6.343944e-001  7.730096e-001  -0.000000e+000
    outer loop
      vertex  3.958306e+000 -3.605901e+001  3.610969e+001
      vertex  3.674175e+000 -3.582582e+001  3.000000e+000
      vertex  3.674175e+000 -3.582582e+001  3.610969e+001
    endloop
  endfacet
  facet normal  7.730095e-001  6.343945e-001  0.000000e+000
    outer loop
      vertex  3.674175e+000 -3.582582e+001  3.610969e+001
      vertex  3.674175e+000 -3.582582e+001  3.000000e+000
      vertex  3.440995e+000 -3.554169e+001  3.000000e+000
    endloop
  endfacet
  facet normal  7.730095e-001  6.343945e-001  -0.000000e+000
    outer loop
      vertex  3.674175e+000 -3.582582e+001  3.610969e+001
      vertex  3.440995e+000 -3.554169e+001  3.000000e+000
      vertex  3.440995e+000 -3.554169e+001  3.610969e+001
    endloop
  endfacet
  facet normal  8.819206e-001  4.713981e-001  0.000000e+000
    outer loop
      vertex  3.440995e+000 -3.554169e+001  3.610969e+001
      vertex  3.440995e+000 -3.554169e+001  3.000000e+000
      vertex  3.267726e+000 -3.521753e+001  3.000000e+000
    endloop
  endfacet
  facet normal  8.819206e-001  4.713981e-001  -0.000000e+000
    outer loop
      vertex  3.440995e+000 -3.554169e+001  3.610969e+001
      vertex  3.267726e+000 -3.521753e+001  3.000000e+000
      vertex  3.267726e+000 -3.521753e+001  3.610969e+001
    endloop
  endfacet
  facet normal  9.569405e-001  2.902840e-001  0.000000e+000
    outer loop
      vertex  3.267726e+000 -3.521753e+001  3.610969e+001
      vertex  3.267726e+000 -3.521753e+001  3.000000e+000
      vertex  3.161028e+000 -3.486580e+001  3.000000e+000
    endloop
  endfacet
  facet normal  9.569405e-001  2.902840e-001  -0.000000e+000
    outer loop
      vertex  3.267726e+000 -3.521753e+001  3.610969e+001
      vertex  3.161028e+000 -3.486580e+001  3.000000e+000
      vertex  3.161028e+000 -3.486580e+001  3.610969e+001
    endloop
  endfacet
  facet normal  9.951847e-001  9.801712e-002  0.000000e+000
    outer loop
      vertex  3.161028e+000 -3.486580e+001  3.610969e+001
      vertex  3.161028e+000 -3.486580e+001  3.000000e+000
      vertex  3.125000e+000 -3.450000e+001  3.000000e+000
    endloop
  endfacet
  facet normal  9.951847e-001  9.801712e-002  -0.000000e+000
    outer loop
      vertex  3.161028e+000 -3.486580e+001  3.610969e+001
      vertex  3.125000e+000 -3.450000e+001  3.000000e+000
      vertex  3.125000e+000 -3.450000e+001  3.610969e+001
    endloop
  endfacet
  facet normal  9.972038e-001 -7.472994e-002  0.000000e+000
    outer loop
      vertex -1.500000e+000 -3.450000e+001  3.000000e+000
      vertex -1.500000e+000 -3.450000e+001  3.610969e+001
      vertex -1.539092e+000 -3.502165e+001  3.000000e+000
    endloop
  endfacet
  facet normal  9.972038e-001 -7.472994e-002  0.000000e+000
    outer loop
      vertex -1.539092e+000 -3.502165e+001  3.000000e+000
      vertex -1.500000e+000 -3.450000e+001  3.610969e+001
      vertex -1.539092e+000 -3.502165e+001  3.610969e+001
    endloop
  endfacet
  facet normal  9.749278e-001 -2.225213e-001  0.000000e+000
    outer loop
      vertex -1.539092e+000 -3.502165e+001  3.000000e+000
      vertex -1.539092e+000 -3.502165e+001  3.610969e+001
      vertex -1.655495e+000 -3.553164e+001  3.000000e+000
    endloop
  endfacet
  facet normal  9.749278e-001 -2.225213e-001  0.000000e+000
    outer loop
      vertex -1.655495e+000 -3.553164e+001  3.000000e+000
      vertex -1.539092e+000 -3.502165e+001  3.610969e+001
      vertex -1.655495e+000 -3.553164e+001  3.610969e+001
    endloop
  endfacet
  facet normal  9.308737e-001 -3.653411e-001  0.000000e+000
    outer loop
      vertex -1.655495e+000 -3.553164e+001  3.000000e+000
      vertex -1.655495e+000 -3.553164e+001  3.610969e+001
      vertex -1.846609e+000 -3.601859e+001  3.000000e+000
    endloop
  endfacet
  facet normal  9.308737e-001 -3.653411e-001  0.000000e+000
    outer loop
      vertex -1.846609e+000 -3.601859e+001  3.000000e+000
      vertex -1.655495e+000 -3.553164e+001  3.610969e+001
      vertex -1.846609e+000 -3.601859e+001  3.610969e+001
    endloop
  endfacet
  facet normal  8.660247e-001 -5.000010e-001  0.000000e+000
    outer loop
      vertex -1.846609e+000 -3.601859e+001  3.000000e+000
      vertex -1.846609e+000 -3.601859e+001  3.610969e+001
      vertex -2.108164e+000 -3.647162e+001  3.000000e+000
    endloop
  endfacet
  facet normal  8.660247e-001 -5.000010e-001  0.000000e+000
    outer loop
      vertex -2.108164e+000 -3.647162e+001  3.000000e+000
      vertex -1.846609e+000 -3.601859e+001  3.610969e+001
      vertex -2.108164e+000 -3.647162e+001  3.610969e+001
    endloop
  endfacet
  facet normal  7.818320e-001 -6.234891e-001  0.000000e+000
    outer loop
      vertex -2.108164e+000 -3.647162e+001  3.000000e+000
      vertex -2.108164e+000 -3.647162e+001  3.610969e+001
      vertex -2.434319e+000 -3.688060e+001  3.000000e+000
    endloop
  endfacet
  facet normal  7.818320e-001 -6.234891e-001  0.000000e+000
    outer loop
      vertex -2.434319e+000 -3.688060e+001  3.000000e+000
      vertex -2.108164e+000 -3.647162e+001  3.610969e+001
      vertex -2.434319e+000 -3.688060e+001  3.610969e+001
    endloop
  endfacet
  facet normal  6.801755e-001 -7.330493e-001  0.000000e+000
    outer loop
      vertex -2.434319e+000 -3.688060e+001  3.000000e+000
      vertex -2.434319e+000 -3.688060e+001  3.610969e+001
      vertex -2.817786e+000 -3.723641e+001  3.000000e+000
    endloop
  endfacet
  facet normal  6.801755e-001 -7.330493e-001  0.000000e+000
    outer loop
      vertex -2.817786e+000 -3.723641e+001  3.000000e+000
      vertex -2.434319e+000 -3.688060e+001  3.610969e+001
      vertex -2.817786e+000 -3.723641e+001  3.610969e+001
    endloop
  endfacet
  facet normal  5.633188e-001 -8.262396e-001  0.000000e+000
    outer loop
      vertex -2.817786e+000 -3.723641e+001  3.000000e+000
      vertex -2.817786e+000 -3.723641e+001  3.610969e+001
      vertex -3.250000e+000 -3.753109e+001  3.000000e+000
    endloop
  endfacet
  facet normal  5.633188e-001 -8.262396e-001  0.000000e+000
    outer loop
      vertex -3.250000e+000 -3.753109e+001  3.000000e+000
      vertex -2.817786e+000 -3.723641e+001  3.610969e+001
      vertex -3.250000e+000 -3.753109e+001  3.610969e+001
    endloop
  endfacet
  facet normal  4.338802e-001 -9.009706e-001  0.000000e+000
    outer loop
      vertex -3.250000e+000 -3.753109e+001  3.000000e+000
      vertex -3.250000e+000 -3.753109e+001  3.610969e+001
      vertex -3.721306e+000 -3.775806e+001  3.000000e+000
    endloop
  endfacet
  facet normal  4.338802e-001 -9.009706e-001  0.000000e+000
    outer loop
      vertex -3.721306e+000 -3.775806e+001  3.000000e+000
      vertex -3.250000e+000 -3.753109e+001  3.610969e+001
      vertex -3.721306e+000 -3.775806e+001  3.610969e+001
    endloop
  endfacet
  facet normal  2.947560e-001 -9.555725e-001  0.000000e+000
    outer loop
      vertex -3.721306e+000 -3.775806e+001  3.000000e+000
      vertex -3.721306e+000 -3.775806e+001  3.610969e+001
      vertex -4.221177e+000 -3.791225e+001  3.000000e+000
    endloop
  endfacet
  facet normal  2.947560e-001 -9.555725e-001  0.000000e+000
    outer loop
      vertex -4.221177e+000 -3.791225e+001  3.000000e+000
      vertex -3.721306e+000 -3.775806e+001  3.610969e+001
      vertex -4.221177e+000 -3.791225e+001  3.610969e+001
    endloop
  endfacet
  facet normal  1.490407e-001 -9.888310e-001  0.000000e+000
    outer loop
      vertex -4.221177e+000 -3.791225e+001  3.000000e+000
      vertex -4.221177e+000 -3.791225e+001  3.610969e+001
      vertex -4.738445e+000 -3.799021e+001  3.000000e+000
    endloop
  endfacet
  facet normal  1.490407e-001 -9.888310e-001  0.000000e+000
    outer loop
      vertex -4.738445e+000 -3.799021e+001  3.000000e+000
      vertex -4.221177e+000 -3.791225e+001  3.610969e+001
      vertex -4.738445e+000 -3.799021e+001  3.610969e+001
    endloop
  endfacet
  facet normal  0.000000e+000 -1.000000e+000  -0.000000e+000
    outer loop
      vertex -4.738445e+000 -3.799021e+001  3.000000e+000
      vertex -4.738445e+000 -3.799021e+001  3.610969e+001
      vertex -5.261555e+000 -3.799021e+001  3.000000e+000
    endloop
  endfacet
  facet normal  0.000000e+000 -1.000000e+000  0.000000e+000
    outer loop
      vertex -5.261555e+000 -3.799021e+001  3.000000e+000
      vertex -4.738445e+000 -3.799021e+001  3.610969e+001
      vertex -5.261555e+000 -3.799021e+001  3.610969e+001
    endloop
  endfacet
  facet normal -1.490407e-001 -9.888310e-001  -0.000000e+000
    outer loop
      vertex -5.261555e+000 -3.799021e+001  3.000000e+000
      vertex -5.261555e+000 -3.799021e+001  3.610969e+001
      vertex -5.778823e+000 -3.791225e+001  3.000000e+000
    endloop
  endfacet
  facet normal -1.490407e-001 -9.888310e-001  0.000000e+000
    outer loop
      vertex -5.778823e+000 -3.791225e+001  3.000000e+000
      vertex -5.261555e+000 -3.799021e+001  3.610969e+001
      vertex -5.778823e+000 -3.791225e+001  3.610969e+001
    endloop
  endfacet
  facet normal -2.947560e-001 -9.555725e-001  -0.000000e+000
    outer loop
      vertex -5.778823e+000 -3.791225e+001  3.000000e+000
      vertex -5.778823e+000 -3.791225e+001  3.610969e+001
      vertex -6.278694e+000 -3.775806e+001  3.000000e+000
    endloop
  endfacet
  facet normal -2.947560e-001 -9.555725e-001  0.000000e+000
    outer loop
      vertex -6.278694e+000 -3.775806e+001  3.000000e+000
      vertex -5.778823e+000 -3.791225e+001  3.610969e+001
      vertex -6.278694e+000 -3.775806e+001  3.610969e+001
    endloop
  endfacet
  facet normal -4.338802e-001 -9.009706e-001  -0.000000e+000
    outer loop
      vertex -6.278694e+000 -3.775806e+001  3.000000e+000
      vertex -6.278694e+000 -3.775806e+001  3.610969e+001
      vertex -6.750000e+000 -3.753109e+001  3.000000e+000
    endloop
  endfacet
  facet normal -4.338802e-001 -9.009706e-001  0.000000e+000
    outer loop
      vertex -6.750000e+000 -3.753109e+001  3.000000e+000
      vertex -6.278694e+000 -3.775806e+001  3.610969e+001
      vertex -6.750000e+000 -3.753109e+001  3.610969e+001
    endloop
  endfacet
  facet normal -5.633188e-001 -8.262396e-001  -0.000000e+000
    outer loop
      vertex -6.750000e+000 -3.753109e+001  3.000000e+000
      vertex -6.750000e+000 -3.753109e+001  3.610969e+001
      vertex -7.182214e+000 -3.723641e+001  3.000000e+000
    endloop
  endfacet
  facet normal -5.633188e-001 -8.262396e-001  0.000000e+000
    outer loop
      vertex -7.182214e+000 -3.723641e+001  3.000000e+000
      vertex -6.750000e+000 -3.753109e+001  3.610969e+001
      vertex -7.182214e+000 -3.723641e+001  3.610969e+001
    endloop
  endfacet
  facet normal -6.801755e-001 -7.330493e-001  -0.000000e+000
    outer loop
      vertex -7.182214e+000 -3.723641e+001  3.000000e+000
      vertex -7.182214e+000 -3.723641e+001  3.610969e+001
      vertex -7.565681e+000 -3.688060e+001  3.000000e+000
    endloop
  endfacet
  facet normal -6.801755e-001 -7.330493e-001  0.000000e+000
    outer loop
      vertex -7.565681e+000 -3.688060e+001  3.000000e+000
      vertex -7.182214e+000 -3.723641e+001  3.610969e+001
      vertex -7.565681e+000 -3.688060e+001  3.610969e+001
    endloop
  endfacet
  facet normal -7.818320e-001 -6.234891e-001  -0.000000e+000
    outer loop
      vertex -7.565681e+000 -3.688060e+001  3.000000e+000
      vertex -7.565681e+000 -3.688060e+001  3.610969e+001
      vertex -7.891836e+000 -3.647162e+001  3.000000e+000
    endloop
  endfacet
  facet normal -7.818320e-001 -6.234891e-001  0.000000e+000
    outer loop
      vertex -7.891836e+000 -3.647162e+001  3.000000e+000
      vertex -7.565681e+000 -3.688060e+001  3.610969e+001
      vertex -7.891836e+000 -3.647162e+001  3.610969e+001
    endloop
  endfacet
  facet normal -8.660250e-001 -5.000010e-001  -0.000000e+000
    outer loop
      vertex -7.891836e+000 -3.647162e+001  3.000000e+000
      vertex -7.891836e+000 -3.647162e+001  3.610969e+001
      vertex -8.153391e+000 -3.601859e+001  3.000000e+000
    endloop
  endfacet
  facet normal -8.660250e-001 -5.000010e-001  0.000000e+000
    outer loop
      vertex -8.153391e+000 -3.601859e+001  3.000000e+000
      vertex -7.891836e+000 -3.647162e+001  3.610969e+001
      vertex -8.153391e+000 -3.601859e+001  3.610969e+001
    endloop
  endfacet
  facet normal -9.308739e-001 -3.653405e-001  -0.000000e+000
    outer loop
      vertex -8.153391e+000 -3.601859e+001  3.000000e+000
      vertex -8.153391e+000 -3.601859e+001  3.610969e+001
      vertex -8.344504e+000 -3.553164e+001  3.000000e+000
    endloop
  endfacet
  facet normal -9.308739e-001 -3.653405e-001  0.000000e+000
    outer loop
      vertex -8.344504e+000 -3.553164e+001  3.000000e+000
      vertex -8.153391e+000 -3.601859e+001  3.610969e+001
      vertex -8.344504e+000 -3.553164e+001  3.610969e+001
    endloop
  endfacet
  facet normal -9.749276e-001 -2.225221e-001  -0.000000e+000
    outer loop
      vertex -8.344504e+000 -3.553164e+001  3.000000e+000
      vertex -8.344504e+000 -3.553164e+001  3.610969e+001
      vertex -8.460908e+000 -3.502165e+001  3.000000e+000
    endloop
  endfacet
  facet normal -9.749276e-001 -2.225221e-001  0.000000e+000
    outer loop
      vertex -8.460908e+000 -3.502165e+001  3.000000e+000
      vertex -8.344504e+000 -3.553164e+001  3.610969e+001
      vertex -8.460908e+000 -3.502165e+001  3.610969e+001
    endloop
  endfacet
  facet normal -9.972038e-001 -7.472994e-002  -0.000000e+000
    outer loop
      vertex -8.460908e+000 -3.502165e+001  3.000000e+000
      vertex -8.460908e+000 -3.502165e+001  3.610969e+001
      vertex -8.500000e+000 -3.450000e+001  3.000000e+000
    endloop
  endfacet
  facet normal -9.972038e-001 -7.472994e-002  0.000000e+000
    outer loop
      vertex -8.500000e+000 -3.450000e+001  3.000000e+000
      vertex -8.460908e+000 -3.502165e+001  3.610969e+001
      vertex -8.500000e+000 -3.450000e+001  3.610969e+001
    endloop
  endfacet
  facet normal -9.972038e-001  7.472994e-002  0.000000e+000
    outer loop
      vertex -8.500000e+000 -3.450000e+001  3.000000e+000
      vertex -8.500000e+000 -3.450000e+001  3.610969e+001
      vertex -8.460908e+000 -3.397835e+001  3.000000e+000
    endloop
  endfacet
  facet normal -9.972038e-001  7.472994e-002  0.000000e+000
    outer loop
      vertex -8.460908e+000 -3.397835e+001  3.000000e+000
      vertex -8.500000e+000 -3.450000e+001  3.610969e+001
      vertex -8.460908e+000 -3.397835e+001  3.610969e+001
    endloop
  endfacet
  facet normal -9.749276e-001  2.225221e-001  0.000000e+000
    outer loop
      vertex -8.460908e+000 -3.397835e+001  3.000000e+000
      vertex -8.460908e+000 -3.397835e+001  3.610969e+001
      vertex -8.344504e+000 -3.346836e+001  3.000000e+000
    endloop
  endfacet
  facet normal -9.749276e-001  2.225221e-001  0.000000e+000
    outer loop
      vertex -8.344504e+000 -3.346836e+001  3.000000e+000
      vertex -8.460908e+000 -3.397835e+001  3.610969e+001
      vertex -8.344504e+000 -3.346836e+001  3.610969e+001
    endloop
  endfacet
  facet normal -9.308739e-001  3.653405e-001  0.000000e+000
    outer loop
      vertex -8.344504e+000 -3.346836e+001  3.000000e+000
      vertex -8.344504e+000 -3.346836e+001  3.610969e+001
      vertex -8.153391e+000 -3.298141e+001  3.000000e+000
    endloop
  endfacet
  facet normal -9.308739e-001  3.653405e-001  0.000000e+000
    outer loop
      vertex -8.153391e+000 -3.298141e+001  3.000000e+000
      vertex -8.344504e+000 -3.346836e+001  3.610969e+001
      vertex -8.153391e+000 -3.298141e+001  3.610969e+001
    endloop
  endfacet
  facet normal -8.660250e-001  5.000010e-001  0.000000e+000
    outer loop
      vertex -8.153391e+000 -3.298141e+001  3.000000e+000
      vertex -8.153391e+000 -3.298141e+001  3.610969e+001
      vertex -7.891836e+000 -3.252838e+001  3.000000e+000
    endloop
  endfacet
  facet normal -8.660250e-001  5.000010e-001  0.000000e+000
    outer loop
      vertex -7.891836e+000 -3.252838e+001  3.000000e+000
      vertex -8.153391e+000 -3.298141e+001  3.610969e+001
      vertex -7.891836e+000 -3.252838e+001  3.610969e+001
    endloop
  endfacet
  facet normal -7.818320e-001  6.234891e-001  0.000000e+000
    outer loop
      vertex -7.891836e+000 -3.252838e+001  3.000000e+000
      vertex -7.891836e+000 -3.252838e+001  3.610969e+001
      vertex -7.565681e+000 -3.211940e+001  3.000000e+000
    endloop
  endfacet
  facet normal -7.818320e-001  6.234891e-001  0.000000e+000
    outer loop
      vertex -7.565681e+000 -3.211940e+001  3.000000e+000
      vertex -7.891836e+000 -3.252838e+001  3.610969e+001
      vertex -7.565681e+000 -3.211940e+001  3.610969e+001
    endloop
  endfacet
  facet normal -6.801735e-001  7.330511e-001  0.000000e+000
    outer loop
      vertex -7.565681e+000 -3.211940e+001  3.000000e+000
      vertex -7.565681e+000 -3.211940e+001  3.610969e+001
      vertex -7.182214e+000 -3.176359e+001  3.000000e+000
    endloop
  endfacet
  facet normal -6.801735e-001  7.330511e-001  0.000000e+000
    outer loop
      vertex -7.182214e+000 -3.176359e+001  3.000000e+000
      vertex -7.565681e+000 -3.211940e+001  3.610969e+001
      vertex -7.182214e+000 -3.176359e+001  3.610969e+001
    endloop
  endfacet
  facet normal -5.633213e-001  8.262379e-001  0.000000e+000
    outer loop
      vertex -7.182214e+000 -3.176359e+001  3.000000e+000
      vertex -7.182214e+000 -3.176359e+001  3.610969e+001
      vertex -6.750000e+000 -3.146891e+001  3.000000e+000
    endloop
  endfacet
  facet normal -5.633213e-001  8.262379e-001  0.000000e+000
    outer loop
      vertex -6.750000e+000 -3.146891e+001  3.000000e+000
      vertex -7.182214e+000 -3.176359e+001  3.610969e+001
      vertex -6.750000e+000 -3.146891e+001  3.610969e+001
    endloop
  endfacet
  facet normal -4.338831e-001  9.009691e-001  0.000000e+000
    outer loop
      vertex -6.750000e+000 -3.146891e+001  3.000000e+000
      vertex -6.750000e+000 -3.146891e+001  3.610969e+001
      vertex -6.278694e+000 -3.124194e+001  3.000000e+000
    endloop
  endfacet
  facet normal -4.338831e-001  9.009691e-001  0.000000e+000
    outer loop
      vertex -6.278694e+000 -3.124194e+001  3.000000e+000
      vertex -6.750000e+000 -3.146891e+001  3.610969e+001
      vertex -6.278694e+000 -3.124194e+001  3.610969e+001
    endloop
  endfacet
  facet normal -2.947560e-001  9.555725e-001  0.000000e+000
    outer loop
      vertex -6.278694e+000 -3.124194e+001  3.000000e+000
      vertex -6.278694e+000 -3.124194e+001  3.610969e+001
      vertex -5.778823e+000 -3.108775e+001  3.000000e+000
    endloop
  endfacet
  facet normal -2.947560e-001  9.555725e-001  0.000000e+000
    outer loop
      vertex -5.778823e+000 -3.108775e+001  3.000000e+000
      vertex -6.278694e+000 -3.124194e+001  3.610969e+001
      vertex -5.778823e+000 -3.108775e+001  3.610969e+001
    endloop
  endfacet
  facet normal -1.490407e-001  9.888310e-001  0.000000e+000
    outer loop
      vertex -5.778823e+000 -3.108775e+001  3.000000e+000
      vertex -5.778823e+000 -3.108775e+001  3.610969e+001
      vertex -5.261555e+000 -3.100979e+001  3.000000e+000
    endloop
  endfacet
  facet normal -1.490407e-001  9.888310e-001  0.000000e+000
    outer loop
      vertex -5.261555e+000 -3.100979e+001  3.000000e+000
      vertex -5.778823e+000 -3.108775e+001  3.610969e+001
      vertex -5.261555e+000 -3.100979e+001  3.610969e+001
    endloop
  endfacet
  facet normal  0.000000e+000  1.000000e+000  0.000000e+000
    outer loop
      vertex -5.261555e+000 -3.100979e+001  3.000000e+000
      vertex -5.261555e+000 -3.100979e+001  3.610969e+001
      vertex -4.738445e+000 -3.100979e+001  3.000000e+000
    endloop
  endfacet
  facet normal  0.000000e+000  1.000000e+000  -0.000000e+000
    outer loop
      vertex -4.738445e+000 -3.100979e+001  3.000000e+000
      vertex -5.261555e+000 -3.100979e+001  3.610969e+001
      vertex -4.738445e+000 -3.100979e+001  3.610969e+001
    endloop
  endfacet
  facet normal  1.490407e-001  9.888310e-001  0.000000e+000
    outer loop
      vertex -4.738445e+000 -3.100979e+001  3.000000e+000
      vertex -4.738445e+000 -3.100979e+001  3.610969e+001
      vertex -4.221177e+000 -3.108775e+001  3.000000e+000
    endloop
  endfacet
  facet normal  1.490407e-001  9.888310e-001  -0.000000e+000
    outer loop
      vertex -4.221177e+000 -3.108775e+001  3.000000e+000
      vertex -4.738445e+000 -3.100979e+001  3.610969e+001
      vertex -4.221177e+000 -3.108775e+001  3.610969e+001
    endloop
  endfacet
  facet normal  2.947560e-001  9.555725e-001  0.000000e+000
    outer loop
      vertex -4.221177e+000 -3.108775e+001  3.000000e+000
      vertex -4.221177e+000 -3.108775e+001  3.610969e+001
      vertex -3.721306e+000 -3.124194e+001  3.000000e+000
    endloop
  endfacet
  facet normal  2.947560e-001  9.555725e-001  -0.000000e+000
    outer loop
      vertex -3.721306e+000 -3.124194e+001  3.000000e+000
      vertex -4.221177e+000 -3.108775e+001  3.610969e+001
      vertex -3.721306e+000 -3.124194e+001  3.610969e+001
    endloop
  endfacet
  facet normal  4.338831e-001  9.009691e-001  0.000000e+000
    outer loop
      vertex -3.721306e+000 -3.124194e+001  3.000000e+000
      vertex -3.721306e+000 -3.124194e+001  3.610969e+001
      vertex -3.250000e+000 -3.146891e+001  3.000000e+000
    endloop
  endfacet
  facet normal  4.338831e-001  9.009691e-001  -0.000000e+000
    outer loop
      vertex -3.250000e+000 -3.146891e+001  3.000000e+000
      vertex -3.721306e+000 -3.124194e+001  3.610969e+001
      vertex -3.250000e+000 -3.146891e+001  3.610969e+001
    endloop
  endfacet
  facet normal  5.633213e-001  8.262379e-001  0.000000e+000
    outer loop
      vertex -3.250000e+000 -3.146891e+001  3.000000e+000
      vertex -3.250000e+000 -3.146891e+001  3.610969e+001
      vertex -2.817786e+000 -3.176359e+001  3.000000e+000
    endloop
  endfacet
  facet normal  5.633213e-001  8.262379e-001  -0.000000e+000
    outer loop
      vertex -2.817786e+000 -3.176359e+001  3.000000e+000
      vertex -3.250000e+000 -3.146891e+001  3.610969e+001
      vertex -2.817786e+000 -3.176359e+001  3.610969e+001
    endloop
  endfacet
  facet normal  6.801735e-001  7.330511e-001  0.000000e+000
    outer loop
      vertex -2.817786e+000 -3.176359e+001  3.000000e+000
      vertex -2.817786e+000 -3.176359e+001  3.610969e+001
      vertex -2.434319e+000 -3.211940e+001  3.000000e+000
    endloop
  endfacet
  facet normal  6.801735e-001  7.330511e-001  -0.000000e+000
    outer loop
      vertex -2.434319e+000 -3.211940e+001  3.000000e+000
      vertex -2.817786e+000 -3.176359e+001  3.610969e+001
      vertex -2.434319e+000 -3.211940e+001  3.610969e+001
    endloop
  endfacet
  facet normal  7.818320e-001  6.234891e-001  0.000000e+000
    outer loop
      vertex -2.434319e+000 -3.211940e+001  3.000000e+000
      vertex -2.434319e+000 -3.211940e+001  3.610969e+001
      vertex -2.108164e+000 -3.252838e+001  3.000000e+000
    endloop
  endfacet
  facet normal  7.818320e-001  6.234891e-001  -0.000000e+000
    outer loop
      vertex -2.108164e+000 -3.252838e+001  3.000000e+000
      vertex -2.434319e+000 -3.211940e+001  3.610969e+001
      vertex -2.108164e+000 -3.252838e+001  3.610969e+001
    endloop
  endfacet
  facet normal  8.660247e-001  5.000010e-001  0.000000e+000
    outer loop
      vertex -2.108164e+000 -3.252838e+001  3.000000e+000
      vertex -2.108164e+000 -3.252838e+001  3.610969e+001
      vertex -1.846609e+000 -3.298141e+001  3.000000e+000
    endloop
  endfacet
  facet normal  8.660247e-001  5.000010e-001  -0.000000e+000
    outer loop
      vertex -1.846609e+000 -3.298141e+001  3.000000e+000
      vertex -2.108164e+000 -3.252838e+001  3.610969e+001
      vertex -1.846609e+000 -3.298141e+001  3.610969e+001
    endloop
  endfacet
  facet normal  9.308737e-001  3.653411e-001  0.000000e+000
    outer loop
      vertex -1.846609e+000 -3.298141e+001  3.000000e+000
      vertex -1.846609e+000 -3.298141e+001  3.610969e+001
      vertex -1.655495e+000 -3.346836e+001  3.000000e+000
    endloop
  endfacet
  facet normal  9.308737e-001  3.653411e-001  -0.000000e+000
    outer loop
      vertex -1.655495e+000 -3.346836e+001  3.000000e+000
      vertex -1.846609e+000 -3.298141e+001  3.610969e+001
      vertex -1.655495e+000 -3.346836e+001  3.610969e+001
    endloop
  endfacet
  facet normal  9.749278e-001  2.225213e-001  0.000000e+000
    outer loop
      vertex -1.655495e+000 -3.346836e+001  3.000000e+000
      vertex -1.655495e+000 -3.346836e+001  3.610969e+001
      vertex -1.539092e+000 -3.397835e+001  3.000000e+000
    endloop
  endfacet
  facet normal  9.749278e-001  2.225213e-001  -0.000000e+000
    outer loop
      vertex -1.539092e+000 -3.397835e+001  3.000000e+000
      vertex -1.655495e+000 -3.346836e+001  3.610969e+001
      vertex -1.539092e+000 -3.397835e+001  3.610969e+001
    endloop
  endfacet
  facet normal  9.972038e-001  7.472994e-002  0.000000e+000
    outer loop
      vertex -1.539092e+000 -3.397835e+001  3.000000e+000
      vertex -1.539092e+000 -3.397835e+001  3.610969e+001
      vertex -1.500000e+000 -3.450000e+001  3.000000e+000
    endloop
  endfacet
  facet normal  9.972038e-001  7.472994e-002  -0.000000e+000
    outer loop
      vertex -1.500000e+000 -3.450000e+001  3.000000e+000
      vertex -1.539092e+000 -3.397835e+001  3.610969e+001
      vertex -1.500000e+000 -3.450000e+001  3.610969e+001
    endloop
  endfacet
  facet normal -9.801288e-002  9.951851e-001  0.000000e+000
    outer loop
      vertex -5.000000e+000 -3.637500e+001  3.000000e+000
      vertex -4.634206e+000 -3.633897e+001  3.610969e+001
      vertex -4.634206e+000 -3.633897e+001  3.000000e+000
    endloop
  endfacet
  facet normal -2.902913e-001  9.569384e-001  0.000000e+000
    outer loop
      vertex -4.634206e+000 -3.633897e+001  3.000000e+000
      vertex -4.634206e+000 -3.633897e+001  3.610969e+001
      vertex -4.282469e+000 -3.623227e+001  3.610969e+001
    endloop
  endfacet
  facet normal -2.902913e-001  9.569384e-001  0.000000e+000
    outer loop
      vertex -4.634206e+000 -3.633897e+001  3.000000e+000
      vertex -4.282469e+000 -3.623227e+001  3.610969e+001
      vertex -4.282469e+000 -3.623227e+001  3.000000e+000
    endloop
  endfacet
  facet normal -4.713939e-001  8.819228e-001  0.000000e+000
    outer loop
      vertex -4.282469e+000 -3.623227e+001  3.000000e+000
      vertex -4.282469e+000 -3.623227e+001  3.610969e+001
      vertex -3.958306e+000 -3.605901e+001  3.610969e+001
    endloop
  endfacet
  facet normal -4.713939e-001  8.819228e-001  0.000000e+000
    outer loop
      vertex -4.282469e+000 -3.623227e+001  3.000000e+000
      vertex -3.958306e+000 -3.605901e+001  3.610969e+001
      vertex -3.958306e+000 -3.605901e+001  3.000000e+000
    endloop
  endfacet
  facet normal -6.343944e-001  7.730096e-001  0.000000e+000
    outer loop
      vertex -3.958306e+000 -3.605901e+001  3.000000e+000
      vertex -3.958306e+000 -3.605901e+001  3.610969e+001
      vertex -3.674175e+000 -3.582582e+001  3.610969e+001
    endloop
  endfacet
  facet normal -6.343944e-001  7.730096e-001  0.000000e+000
    outer loop
      vertex -3.958306e+000 -3.605901e+001  3.000000e+000
      vertex -3.674175e+000 -3.582582e+001  3.610969e+001
      vertex -3.674175e+000 -3.582582e+001  3.000000e+000
    endloop
  endfacet
  facet normal -7.730095e-001  6.343945e-001  0.000000e+000
    outer loop
      vertex -3.674175e+000 -3.582582e+001  3.000000e+000
      vertex -3.674175e+000 -3.582582e+001  3.610969e+001
      vertex -3.440995e+000 -3.554169e+001  3.610969e+001
    endloop
  endfacet
  facet normal -7.730095e-001  6.343945e-001  0.000000e+000
    outer loop
      vertex -3.674175e+000 -3.582582e+001  3.000000e+000
      vertex -3.440995e+000 -3.554169e+001  3.610969e+001
      vertex -3.440995e+000 -3.554169e+001  3.000000e+000
    endloop
  endfacet
  facet normal -8.819206e-001  4.713981e-001  0.000000e+000
    outer loop
      vertex -3.440995e+000 -3.554169e+001  3.000000e+000
      vertex -3.440995e+000 -3.554169e+001  3.610969e+001
      vertex -3.267726e+000 -3.521753e+001  3.610969e+001
    endloop
  endfacet
  facet normal -8.819206e-001  4.713981e-001  0.000000e+000
    outer loop
      vertex -3.440995e+000 -3.554169e+001  3.000000e+000
      vertex -3.267726e+000 -3.521753e+001  3.610969e+001
      vertex -3.267726e+000 -3.521753e+001  3.000000e+000
    endloop
  endfacet
  facet normal -9.569405e-001  2.902840e-001  0.000000e+000
    outer loop
      vertex -3.267726e+000 -3.521753e+001  3.000000e+000
      vertex -3.267726e+000 -3.521753e+001  3.610969e+001
      vertex -3.161028e+000 -3.486580e+001  3.610969e+001
    endloop
  endfacet
  facet normal -9.569405e-001  2.902840e-001  0.000000e+000
    outer loop
      vertex -3.267726e+000 -3.521753e+001  3.000000e+000
      vertex -3.161028e+000 -3.486580e+001  3.610969e+001
      vertex -3.161028e+000 -3.486580e+001  3.000000e+000
    endloop
  endfacet
  facet normal -9.951847e-001  9.801712e-002  0.000000e+000
    outer loop
      vertex -3.161028e+000 -3.486580e+001  3.000000e+000
      vertex -3.161028e+000 -3.486580e+001  3.610969e+001
      vertex -3.125000e+000 -3.450000e+001  3.610969e+001
    endloop
  endfacet
  facet normal -9.951847e-001  9.801712e-002  0.000000e+000
    outer loop
      vertex -3.161028e+000 -3.486580e+001  3.000000e+000
      vertex -3.125000e+000 -3.450000e+001  3.610969e+001
      vertex -3.125000e+000 -3.450000e+001  3.000000e+000
    endloop
  endfacet
  facet normal -9.801288e-002  9.951851e-001  0.000000e+000
    outer loop
      vertex -4.634206e+000 -3.633897e+001  3.610969e+001
      vertex -5.000000e+000 -3.637500e+001  3.000000e+000
      vertex -5.000000e+000 -3.637500e+001  3.610969e+001
    endloop
  endfacet
  facet normal  9.801288e-002  9.951851e-001  0.000000e+000
    outer loop
      vertex -5.000000e+000 -3.637500e+001  3.610969e+001
      vertex -5.000000e+000 -3.637500e+001  3.000000e+000
      vertex -5.365794e+000 -3.633897e+001  3.000000e+000
    endloop
  endfacet
  facet normal  9.801288e-002  9.951851e-001  -0.000000e+000
    outer loop
      vertex -5.000000e+000 -3.637500e+001  3.610969e+001
      vertex -5.365794e+000 -3.633897e+001  3.000000e+000
      vertex -5.365794e+000 -3.633897e+001  3.610969e+001
    endloop
  endfacet
  facet normal  2.902913e-001  9.569384e-001  0.000000e+000
    outer loop
      vertex -5.365794e+000 -3.633897e+001  3.610969e+001
      vertex -5.365794e+000 -3.633897e+001  3.000000e+000
      vertex -5.717531e+000 -3.623227e+001  3.000000e+000
    endloop
  endfacet
  facet normal  2.902913e-001  9.569384e-001  -0.000000e+000
    outer loop
      vertex -5.365794e+000 -3.633897e+001  3.610969e+001
      vertex -5.717531e+000 -3.623227e+001  3.000000e+000
      vertex -5.717531e+000 -3.623227e+001  3.610969e+001
    endloop
  endfacet
  facet normal  4.713939e-001  8.819228e-001  0.000000e+000
    outer loop
      vertex -5.717531e+000 -3.623227e+001  3.610969e+001
      vertex -5.717531e+000 -3.623227e+001  3.000000e+000
      vertex -6.041694e+000 -3.605901e+001  3.000000e+000
    endloop
  endfacet
  facet normal  4.713939e-001  8.819228e-001  -0.000000e+000
    outer loop
      vertex -5.717531e+000 -3.623227e+001  3.610969e+001
      vertex -6.041694e+000 -3.605901e+001  3.000000e+000
      vertex -6.041694e+000 -3.605901e+001  3.610969e+001
    endloop
  endfacet
  facet normal  6.343944e-001  7.730096e-001  0.000000e+000
    outer loop
      vertex -6.041694e+000 -3.605901e+001  3.610969e+001
      vertex -6.041694e+000 -3.605901e+001  3.000000e+000
      vertex -6.325825e+000 -3.582582e+001  3.000000e+000
    endloop
  endfacet
  facet normal  6.343944e-001  7.730096e-001  -0.000000e+000
    outer loop
      vertex -6.041694e+000 -3.605901e+001  3.610969e+001
      vertex -6.325825e+000 -3.582582e+001  3.000000e+000
      vertex -6.325825e+000 -3.582582e+001  3.610969e+001
    endloop
  endfacet
  facet normal  7.730092e-001  6.343949e-001  0.000000e+000
    outer loop
      vertex -6.325825e+000 -3.582582e+001  3.610969e+001
      vertex -6.325825e+000 -3.582582e+001  3.000000e+000
      vertex -6.559006e+000 -3.554169e+001  3.000000e+000
    endloop
  endfacet
  facet normal  7.730092e-001  6.343949e-001  -0.000000e+000
    outer loop
      vertex -6.325825e+000 -3.582582e+001  3.610969e+001
      vertex -6.559006e+000 -3.554169e+001  3.000000e+000
      vertex -6.559006e+000 -3.554169e+001  3.610969e+001
    endloop
  endfacet
  facet normal  8.819208e-001  4.713975e-001  0.000000e+000
    outer loop
      vertex -6.559006e+000 -3.554169e+001  3.610969e+001
      vertex -6.559006e+000 -3.554169e+001  3.000000e+000
      vertex -6.732274e+000 -3.521753e+001  3.000000e+000
    endloop
  endfacet
  facet normal  8.819208e-001  4.713975e-001  -0.000000e+000
    outer loop
      vertex -6.559006e+000 -3.554169e+001  3.610969e+001
      vertex -6.732274e+000 -3.521753e+001  3.000000e+000
      vertex -6.732274e+000 -3.521753e+001  3.610969e+001
    endloop
  endfacet
  facet normal  9.569405e-001  2.902846e-001  0.000000e+000
    outer loop
      vertex -6.732274e+000 -3.521753e+001  3.610969e+001
      vertex -6.732274e+000 -3.521753e+001  3.000000e+000
      vertex -6.838973e+000 -3.486580e+001  3.000000e+000
    endloop
  endfacet
  facet normal  9.569405e-001  2.902846e-001  -0.000000e+000
    outer loop
      vertex -6.732274e+000 -3.521753e+001  3.610969e+001
      vertex -6.838973e+000 -3.486580e+001  3.000000e+000
      vertex -6.838973e+000 -3.486580e+001  3.610969e+001
    endloop
  endfacet
  facet normal  9.951847e-001  9.801648e-002  0.000000e+000
    outer loop
      vertex -6.838973e+000 -3.486580e+001  3.610969e+001
      vertex -6.838973e+000 -3.486580e+001  3.000000e+000
      vertex -6.875000e+000 -3.450000e+001  3.000000e+000
    endloop
  endfacet
  facet normal  9.951847e-001  9.801648e-002  -0.000000e+000
    outer loop
      vertex -6.838973e+000 -3.486580e+001  3.610969e+001
      vertex -6.875000e+000 -3.450000e+001  3.000000e+000
      vertex -6.875000e+000 -3.450000e+001  3.610969e+001
    endloop
  endfacet
  facet normal  9.801288e-002 -9.951851e-001  0.000000e+000
    outer loop
      vertex -5.000000e+000 -3.262500e+001  3.000000e+000
      vertex -5.365794e+000 -3.266103e+001  3.610969e+001
      vertex -5.365794e+000 -3.266103e+001  3.000000e+000
    endloop
  endfacet
  facet normal  2.902913e-001 -9.569384e-001  0.000000e+000
    outer loop
      vertex -5.365794e+000 -3.266103e+001  3.000000e+000
      vertex -5.365794e+000 -3.266103e+001  3.610969e+001
      vertex -5.717531e+000 -3.276773e+001  3.610969e+001
    endloop
  endfacet
  facet normal  2.902913e-001 -9.569384e-001  0.000000e+000
    outer loop
      vertex -5.365794e+000 -3.266103e+001  3.000000e+000
      vertex -5.717531e+000 -3.276773e+001  3.610969e+001
      vertex -5.717531e+000 -3.276773e+001  3.000000e+000
    endloop
  endfacet
  facet normal  4.713939e-001 -8.819228e-001  0.000000e+000
    outer loop
      vertex -5.717531e+000 -3.276773e+001  3.000000e+000
      vertex -5.717531e+000 -3.276773e+001  3.610969e+001
      vertex -6.041694e+000 -3.294099e+001  3.610969e+001
    endloop
  endfacet
  facet normal  4.713939e-001 -8.819228e-001  0.000000e+000
    outer loop
      vertex -5.717531e+000 -3.276773e+001  3.000000e+000
      vertex -6.041694e+000 -3.294099e+001  3.610969e+001
      vertex -6.041694e+000 -3.294099e+001  3.000000e+000
    endloop
  endfacet
  facet normal  6.343944e-001 -7.730096e-001  0.000000e+000
    outer loop
      vertex -6.041694e+000 -3.294099e+001  3.000000e+000
      vertex -6.041694e+000 -3.294099e+001  3.610969e+001
      vertex -6.325825e+000 -3.317418e+001  3.610969e+001
    endloop
  endfacet
  facet normal  6.343944e-001 -7.730096e-001  0.000000e+000
    outer loop
      vertex -6.041694e+000 -3.294099e+001  3.000000e+000
      vertex -6.325825e+000 -3.317418e+001  3.610969e+001
      vertex -6.325825e+000 -3.317418e+001  3.000000e+000
    endloop
  endfacet
  facet normal  7.730092e-001 -6.343949e-001  0.000000e+000
    outer loop
      vertex -6.325825e+000 -3.317418e+001  3.000000e+000
      vertex -6.325825e+000 -3.317418e+001  3.610969e+001
      vertex -6.559006e+000 -3.345831e+001  3.610969e+001
    endloop
  endfacet
  facet normal  7.730092e-001 -6.343949e-001  0.000000e+000
    outer loop
      vertex -6.325825e+000 -3.317418e+001  3.000000e+000
      vertex -6.559006e+000 -3.345831e+001  3.610969e+001
      vertex -6.559006e+000 -3.345831e+001  3.000000e+000
    endloop
  endfacet
  facet normal  8.819208e-001 -4.713975e-001  0.000000e+000
    outer loop
      vertex -6.559006e+000 -3.345831e+001  3.000000e+000
      vertex -6.559006e+000 -3.345831e+001  3.610969e+001
      vertex -6.732274e+000 -3.378247e+001  3.610969e+001
    endloop
  endfacet
  facet normal  8.819208e-001 -4.713975e-001  0.000000e+000
    outer loop
      vertex -6.559006e+000 -3.345831e+001  3.000000e+000
      vertex -6.732274e+000 -3.378247e+001  3.610969e+001
      vertex -6.732274e+000 -3.378247e+001  3.000000e+000
    endloop
  endfacet
  facet normal  9.569405e-001 -2.902846e-001  0.000000e+000
    outer loop
      vertex -6.732274e+000 -3.378247e+001  3.000000e+000
      vertex -6.732274e+000 -3.378247e+001  3.610969e+001
      vertex -6.838973e+000 -3.413420e+001  3.610969e+001
    endloop
  endfacet
  facet normal  9.569405e-001 -2.902846e-001  0.000000e+000
    outer loop
      vertex -6.732274e+000 -3.378247e+001  3.000000e+000
      vertex -6.838973e+000 -3.413420e+001  3.610969e+001
      vertex -6.838973e+000 -3.413420e+001  3.000000e+000
    endloop
  endfacet
  facet normal  9.951847e-001 -9.801648e-002  0.000000e+000
    outer loop
      vertex -6.838973e+000 -3.413420e+001  3.000000e+000
      vertex -6.838973e+000 -3.413420e+001  3.610969e+001
      vertex -6.875000e+000 -3.450000e+001  3.610969e+001
    endloop
  endfacet
  facet normal  9.951847e-001 -9.801648e-002  0.000000e+000
    outer loop
      vertex -6.838973e+000 -3.413420e+001  3.000000e+000
      vertex -6.875000e+000 -3.450000e+001  3.610969e+001
      vertex -6.875000e+000 -3.450000e+001  3.000000e+000
    endloop
  endfacet
  facet normal  9.801288e-002 -9.951851e-001  0.000000e+000
    outer loop
      vertex -5.365794e+000 -3.266103e+001  3.610969e+001
      vertex -5.000000e+000 -3.262500e+001  3.000000e+000
      vertex -5.000000e+000 -3.262500e+001  3.610969e+001
    endloop
  endfacet
  facet normal -9.801288e-002 -9.951851e-001  -0.000000e+000
    outer loop
      vertex -5.000000e+000 -3.262500e+001  3.610969e+001
      vertex -5.000000e+000 -3.262500e+001  3.000000e+000
      vertex -4.634206e+000 -3.266103e+001  3.000000e+000
    endloop
  endfacet
  facet normal -9.801288e-002 -9.951851e-001  0.000000e+000
    outer loop
      vertex -5.000000e+000 -3.262500e+001  3.610969e+001
      vertex -4.634206e+000 -3.266103e+001  3.000000e+000
      vertex -4.634206e+000 -3.266103e+001  3.610969e+001
    endloop
  endfacet
  facet normal -2.902913e-001 -9.569384e-001  -0.000000e+000
    outer loop
      vertex -4.634206e+000 -3.266103e+001  3.610969e+001
      vertex -4.634206e+000 -3.266103e+001  3.000000e+000
      vertex -4.282469e+000 -3.276773e+001  3.000000e+000
    endloop
  endfacet
  facet normal -2.902913e-001 -9.569384e-001  0.000000e+000
    outer loop
      vertex -4.634206e+000 -3.266103e+001  3.610969e+001
      vertex -4.282469e+000 -3.276773e+001  3.000000e+000
      vertex -4.282469e+000 -3.276773e+001  3.610969e+001
    endloop
  endfacet
  facet normal -4.713939e-001 -8.819228e-001  -0.000000e+000
    outer loop
      vertex -4.282469e+000 -3.276773e+001  3.610969e+001
      vertex -4.282469e+000 -3.276773e+001  3.000000e+000
      vertex -3.958306e+000 -3.294099e+001  3.000000e+000
    endloop
  endfacet
  facet normal -4.713939e-001 -8.819228e-001  0.000000e+000
    outer loop
      vertex -4.282469e+000 -3.276773e+001  3.610969e+001
      vertex -3.958306e+000 -3.294099e+001  3.000000e+000
      vertex -3.958306e+000 -3.294099e+001  3.610969e+001
    endloop
  endfacet
  facet normal -6.343944e-001 -7.730096e-001  -0.000000e+000
    outer loop
      vertex -3.958306e+000 -3.294099e+001  3.610969e+001
      vertex -3.958306e+000 -3.294099e+001  3.000000e+000
      vertex -3.674175e+000 -3.317418e+001  3.000000e+000
    endloop
  endfacet
  facet normal -6.343944e-001 -7.730096e-001  0.000000e+000
    outer loop
      vertex -3.958306e+000 -3.294099e+001  3.610969e+001
      vertex -3.674175e+000 -3.317418e+001  3.000000e+000
      vertex -3.674175e+000 -3.317418e+001  3.610969e+001
    endloop
  endfacet
  facet normal -7.730095e-001 -6.343945e-001  -0.000000e+000
    outer loop
      vertex -3.674175e+000 -3.317418e+001  3.610969e+001
      vertex -3.674175e+000 -3.317418e+001  3.000000e+000
      vertex -3.440995e+000 -3.345831e+001  3.000000e+000
    endloop
  endfacet
  facet normal -7.730095e-001 -6.343945e-001  0.000000e+000
    outer loop
      vertex -3.674175e+000 -3.317418e+001  3.610969e+001
      vertex -3.440995e+000 -3.345831e+001  3.000000e+000
      vertex -3.440995e+000 -3.345831e+001  3.610969e+001
    endloop
  endfacet
  facet normal -8.819206e-001 -4.713981e-001  -0.000000e+000
    outer loop
      vertex -3.440995e+000 -3.345831e+001  3.610969e+001
      vertex -3.440995e+000 -3.345831e+001  3.000000e+000
      vertex -3.267726e+000 -3.378247e+001  3.000000e+000
    endloop
  endfacet
  facet normal -8.819206e-001 -4.713981e-001  0.000000e+000
    outer loop
      vertex -3.440995e+000 -3.345831e+001  3.610969e+001
      vertex -3.267726e+000 -3.378247e+001  3.000000e+000
      vertex -3.267726e+000 -3.378247e+001  3.610969e+001
    endloop
  endfacet
  facet normal -9.569405e-001 -2.902840e-001  -0.000000e+000
    outer loop
      vertex -3.267726e+000 -3.378247e+001  3.610969e+001
      vertex -3.267726e+000 -3.378247e+001  3.000000e+000
      vertex -3.161028e+000 -3.413420e+001  3.000000e+000
    endloop
  endfacet
  facet normal -9.569405e-001 -2.902840e-001  0.000000e+000
    outer loop
      vertex -3.267726e+000 -3.378247e+001  3.610969e+001
      vertex -3.161028e+000 -3.413420e+001  3.000000e+000
      vertex -3.161028e+000 -3.413420e+001  3.610969e+001
    endloop
  endfacet
  facet normal -9.951847e-001 -9.801712e-002  -0.000000e+000
    outer loop
      vertex -3.161028e+000 -3.413420e+001  3.610969e+001
      vertex -3.161028e+000 -3.413420e+001  3.000000e+000
      vertex -3.125000e+000 -3.450000e+001  3.000000e+000
    endloop
  endfacet
  facet normal -9.951847e-001 -9.801712e-002  0.000000e+000
    outer loop
      vertex -3.161028e+000 -3.413420e+001  3.610969e+001
      vertex -3.125000e+000 -3.450000e+001  3.000000e+000
      vertex -3.125000e+000 -3.450000e+001  3.610969e+001
    endloop
  endfacet
  facet normal  0.000000e+000  0.000000e+000  1.000000e+000
    outer loop
      vertex -3.161028e+000 -3.413420e+001  3.610969e+001
      vertex -3.250000e+000 -3.146891e+001  3.610969e+001
      vertex -3.267726e+000 -3.378247e+001  3.610969e+001
    endloop
  endfacet
  facet normal  0.000000e+000  0.000000e+000  1.000000e+000
    outer loop
      vertex -3.958306e+000 -3.294099e+001  3.610969e+001
      vertex -4.221177e+000 -3.108775e+001  3.610969e+001
      vertex -4.282469e+000 -3.276773e+001  3.610969e+001
    endloop
  endfacet
  facet normal  -0.000000e+000  0.000000e+000  1.000000e+000
    outer loop
      vertex -3.161028e+000 -3.486580e+001  3.610969e+001
      vertex -3.267726e+000 -3.521753e+001  3.610969e+001
      vertex -3.250000e+000 -3.753109e+001  3.610969e+001
    endloop
  endfacet
  facet normal  -0.000000e+000  0.000000e+000  1.000000e+000
    outer loop
      vertex -3.125000e+000 -3.450000e+001  3.610969e+001
      vertex -3.161028e+000 -3.486580e+001  3.610969e+001
      vertex -3.250000e+000 -3.753109e+001  3.610969e+001
    endloop
  endfacet
  facet normal  0.000000e+000  0.000000e+000  9.999999e-001
    outer loop
      vertex -3.125000e+000 -3.450000e+001  3.610969e+001
      vertex -3.250000e+000 -3.753109e+001  3.610969e+001
      vertex -2.817786e+000 -3.723641e+001  3.610969e+001
    endloop
  endfacet
  facet normal  0.000000e+000  -0.000000e+000  1.000000e+000
    outer loop
      vertex -3.125000e+000 -3.450000e+001  3.610969e+001
      vertex -2.817786e+000 -3.723641e+001  3.610969e+001
      vertex -2.434319e+000 -3.688060e+001  3.610969e+001
    endloop
  endfacet
  facet normal  0.000000e+000  -0.000000e+000  1.000000e+000
    outer loop
      vertex -3.125000e+000 -3.450000e+001  3.610969e+001
      vertex -2.434319e+000 -3.688060e+001  3.610969e+001
      vertex -2.108164e+000 -3.647162e+001  3.610969e+001
    endloop
  endfacet
  facet normal  0.000000e+000  -0.000000e+000  1.000000e+000
    outer loop
      vertex -3.125000e+000 -3.450000e+001  3.610969e+001
      vertex -2.108164e+000 -3.647162e+001  3.610969e+001
      vertex -1.846609e+000 -3.601859e+001  3.610969e+001
    endloop
  endfacet
  facet normal  0.000000e+000  -0.000000e+000  1.000000e+000
    outer loop
      vertex -3.125000e+000 -3.450000e+001  3.610969e+001
      vertex -1.846609e+000 -3.601859e+001  3.610969e+001
      vertex -1.655495e+000 -3.553164e+001  3.610969e+001
    endloop
  endfacet
  facet normal  0.000000e+000  -0.000000e+000  1.000000e+000
    outer loop
      vertex -3.125000e+000 -3.450000e+001  3.610969e+001
      vertex -1.655495e+000 -3.553164e+001  3.610969e+001
      vertex -1.539092e+000 -3.502165e+001  3.610969e+001
    endloop
  endfacet
  facet normal  0.000000e+000  -0.000000e+000  9.999999e-001
    outer loop
      vertex -3.125000e+000 -3.450000e+001  3.610969e+001
      vertex -1.539092e+000 -3.502165e+001  3.610969e+001
      vertex -1.500000e+000 -3.450000e+001  3.610969e+001
    endloop
  endfacet
  facet normal  0.000000e+000  0.000000e+000  9.999999e-001
    outer loop
      vertex -3.125000e+000 -3.450000e+001  3.610969e+001
      vertex -1.500000e+000 -3.450000e+001  3.610969e+001
      vertex -1.539092e+000 -3.397835e+001  3.610969e+001
    endloop
  endfacet
  facet normal  0.000000e+000  0.000000e+000  1.000000e+000
    outer loop
      vertex -3.125000e+000 -3.450000e+001  3.610969e+001
      vertex -1.539092e+000 -3.397835e+001  3.610969e+001
      vertex -1.655495e+000 -3.346836e+001  3.610969e+001
    endloop
  endfacet
  facet normal  0.000000e+000  0.000000e+000  1.000000e+000
    outer loop
      vertex -3.125000e+000 -3.450000e+001  3.610969e+001
      vertex -1.655495e+000 -3.346836e+001  3.610969e+001
      vertex -1.846609e+000 -3.298141e+001  3.610969e+001
    endloop
  endfacet
  facet normal  0.000000e+000  0.000000e+000  1.000000e+000
    outer loop
      vertex -3.125000e+000 -3.450000e+001  3.610969e+001
      vertex -1.846609e+000 -3.298141e+001  3.610969e+001
      vertex -2.108164e+000 -3.252838e+001  3.610969e+001
    endloop
  endfacet
  facet normal  0.000000e+000  0.000000e+000  1.000000e+000
    outer loop
      vertex -3.125000e+000 -3.450000e+001  3.610969e+001
      vertex -2.108164e+000 -3.252838e+001  3.610969e+001
      vertex -2.434319e+000 -3.211940e+001  3.610969e+001
    endloop
  endfacet
  facet normal  0.000000e+000  0.000000e+000  1.000000e+000
    outer loop
      vertex -3.125000e+000 -3.450000e+001  3.610969e+001
      vertex -2.434319e+000 -3.211940e+001  3.610969e+001
      vertex -2.817786e+000 -3.176359e+001  3.610969e+001
    endloop
  endfacet
  facet normal  0.000000e+000  0.000000e+000  1.000000e+000
    outer loop
      vertex -3.125000e+000 -3.450000e+001  3.610969e+001
      vertex -2.817786e+000 -3.176359e+001  3.610969e+001
      vertex -3.250000e+000 -3.146891e+001  3.610969e+001
    endloop
  endfacet
  facet normal  0.000000e+000  0.000000e+000  1.000000e+000
    outer loop
      vertex -3.125000e+000 -3.450000e+001  3.610969e+001
      vertex -3.250000e+000 -3.146891e+001  3.610969e+001
      vertex -3.161028e+000 -3.413420e+001  3.610969e+001
    endloop
  endfacet
  facet normal  0.000000e+000  0.000000e+000  1.000000e+000
    outer loop
      vertex -3.721306e+000 -3.124194e+001  3.610969e+001
      vertex -4.221177e+000 -3.108775e+001  3.610969e+001
      vertex -3.958306e+000 -3.294099e+001  3.610969e+001
    endloop
  endfacet
  facet normal  -0.000000e+000  0.000000e+000  1.000000e+000
    outer loop
      vertex -3.721306e+000 -3.124194e+001  3.610969e+001
      vertex -3.958306e+000 -3.294099e+001  3.610969e+001
      vertex -3.674175e+000 -3.317418e+001  3.610969e+001
    endloop
  endfacet
  facet normal  -0.000000e+000  -0.000000e+000  1.000000e+000
    outer loop
      vertex -3.721306e+000 -3.124194e+001  3.610969e+001
      vertex -3.674175e+000 -3.317418e+001  3.610969e+001
      vertex -3.440995e+000 -3.345831e+001  3.610969e+001
    endloop
  endfacet
  facet normal  -0.000000e+000  -0.000000e+000  1.000000e+000
    outer loop
      vertex -3.721306e+000 -3.124194e+001  3.610969e+001
      vertex -3.440995e+000 -3.345831e+001  3.610969e+001
      vertex -3.267726e+000 -3.378247e+001  3.610969e+001
    endloop
  endfacet
  facet normal  0.000000e+000  -0.000000e+000  1.000000e+000
    outer loop
      vertex -3.721306e+000 -3.124194e+001  3.610969e+001
      vertex -3.267726e+000 -3.378247e+001  3.610969e+001
      vertex -3.250000e+000 -3.146891e+001  3.610969e+001
    endloop
  endfacet
  facet normal  0.000000e+000  -0.000000e+000  1.000000e+000
    outer loop
      vertex -6.750000e+000 -3.146891e+001  3.610969e+001
      vertex -6.732274e+000 -3.378247e+001  3.610969e+001
      vertex -6.559006e+000 -3.345831e+001  3.610969e+001
    endloop
  endfacet
  facet normal  0.000000e+000  -0.000000e+000  1.000000e+000
    outer loop
      vertex -6.750000e+000 -3.146891e+001  3.610969e+001
      vertex -6.559006e+000 -3.345831e+001  3.610969e+001
      vertex -6.325825e+000 -3.317418e+001  3.610969e+001
    endloop
  endfacet
  facet normal  0.000000e+000  -0.000000e+000  1.000000e+000
    outer loop
      vertex -6.750000e+000 -3.146891e+001  3.610969e+001
      vertex -6.325825e+000 -3.317418e+001  3.610969e+001
      vertex -6.278694e+000 -3.124194e+001  3.610969e+001
    endloop
  endfacet
  facet normal  0.000000e+000  0.000000e+000  1.000000e+000
    outer loop
      vertex -8.500000e+000 -3.450000e+001  3.610969e+001
      vertex -7.182214e+000 -3.176359e+001  3.610969e+001
      vertex -7.565681e+000 -3.211940e+001  3.610969e+001
    endloop
  endfacet
  facet normal  0.000000e+000  0.000000e+000  1.000000e+000
    outer loop
      vertex -8.500000e+000 -3.450000e+001  3.610969e+001
      vertex -7.565681e+000 -3.211940e+001  3.610969e+001
      vertex -7.891836e+000 -3.252838e+001  3.610969e+001
    endloop
  endfacet
  facet normal  0.000000e+000  0.000000e+000  1.000000e+000
    outer loop
      vertex -8.500000e+000 -3.450000e+001  3.610969e+001
      vertex -7.891836e+000 -3.252838e+001  3.610969e+001
      vertex -8.153391e+000 -3.298141e+001  3.610969e+001
    endloop
  endfacet
  facet normal  0.000000e+000  0.000000e+000  1.000000e+000
    outer loop
      vertex -8.500000e+000 -3.450000e+001  3.610969e+001
      vertex -8.153391e+000 -3.298141e+001  3.610969e+001
      vertex -8.344504e+000 -3.346836e+001  3.610969e+001
    endloop
  endfacet
  facet normal  0.000000e+000  0.000000e+000  1.000000e+000
    outer loop
      vertex -8.500000e+000 -3.450000e+001  3.610969e+001
      vertex -8.344504e+000 -3.346836e+001  3.610969e+001
      vertex -8.460908e+000 -3.397835e+001  3.610969e+001
    endloop
  endfacet
  facet normal  -0.000000e+000  -0.000000e+000  1.000000e+000
    outer loop
      vertex -8.500000e+000 -3.450000e+001  3.610969e+001
      vertex -8.460908e+000 -3.502165e+001  3.610969e+001
      vertex -8.344504e+000 -3.553164e+001  3.610969e+001
    endloop
  endfacet
  facet normal  -0.000000e+000  -0.000000e+000  1.000000e+000
    outer loop
      vertex -8.500000e+000 -3.450000e+001  3.610969e+001
      vertex -8.344504e+000 -3.553164e+001  3.610969e+001
      vertex -8.153391e+000 -3.601859e+001  3.610969e+001
    endloop
  endfacet
  facet normal  -0.000000e+000  -0.000000e+000  9.999999e-001
    outer loop
      vertex -8.500000e+000 -3.450000e+001  3.610969e+001
      vertex -8.153391e+000 -3.601859e+001  3.610969e+001
      vertex -7.891836e+000 -3.647162e+001  3.610969e+001
    endloop
  endfacet
  facet normal  -0.000000e+000  -0.000000e+000  9.999999e-001
    outer loop
      vertex -8.500000e+000 -3.450000e+001  3.610969e+001
      vertex -7.891836e+000 -3.647162e+001  3.610969e+001
      vertex -7.565681e+000 -3.688060e+001  3.610969e+001
    endloop
  endfacet
  facet normal  -0.000000e+000  -0.000000e+000  1.000000e+000
    outer loop
      vertex -8.500000e+000 -3.450000e+001  3.610969e+001
      vertex -7.565681e+000 -3.688060e+001  3.610969e+001
      vertex -7.182214e+000 -3.723641e+001  3.610969e+001
    endloop
  endfacet
  facet normal  0.000000e+000  0.000000e+000  1.000000e+000
    outer loop
      vertex -4.282469e+000 -3.276773e+001  3.610969e+001
      vertex -4.221177e+000 -3.108775e+001  3.610969e+001
      vertex -4.634206e+000 -3.266103e+001  3.610969e+001
    endloop
  endfacet
  facet normal  0.000000e+000  -0.000000e+000  1.000000e+000
    outer loop
      vertex -4.634206e+000 -3.266103e+001  3.610969e+001
      vertex -4.221177e+000 -3.108775e+001  3.610969e+001
      vertex -4.738445e+000 -3.100979e+001  3.610969e+001
    endloop
  endfacet
  facet normal  0.000000e+000  0.000000e+000  1.000000e+000
    outer loop
      vertex -4.634206e+000 -3.266103e+001  3.610969e+001
      vertex -4.738445e+000 -3.100979e+001  3.610969e+001
      vertex -5.000000e+000 -3.262500e+001  3.610969e+001
    endloop
  endfacet
  facet normal  0.000000e+000  -0.000000e+000  1.000000e+000
    outer loop
      vertex -5.000000e+000 -3.262500e+001  3.610969e+001
      vertex -4.738445e+000 -3.100979e+001  3.610969e+001
      vertex -5.261555e+000 -3.100979e+001  3.610969e+001
    endloop
  endfacet
  facet normal  0.000000e+000  0.000000e+000  1.000000e+000
    outer loop
      vertex -5.000000e+000 -3.262500e+001  3.610969e+001
      vertex -5.261555e+000 -3.100979e+001  3.610969e+001
      vertex -5.365794e+000 -3.266103e+001  3.610969e+001
    endloop
  endfacet
  facet normal  0.000000e+000  0.000000e+000  1.000000e+000
    outer loop
      vertex -5.365794e+000 -3.266103e+001  3.610969e+001
      vertex -5.261555e+000 -3.100979e+001  3.610969e+001
      vertex -5.717531e+000 -3.276773e+001  3.610969e+001
    endloop
  endfacet
  facet normal  0.000000e+000  -0.000000e+000  1.000000e+000
    outer loop
      vertex -5.717531e+000 -3.276773e+001  3.610969e+001
      vertex -5.261555e+000 -3.100979e+001  3.610969e+001
      vertex -5.778823e+000 -3.108775e+001  3.610969e+001
    endloop
  endfacet
  facet normal  0.000000e+000  0.000000e+000  1.000000e+000
    outer loop
      vertex -5.717531e+000 -3.276773e+001  3.610969e+001
      vertex -5.778823e+000 -3.108775e+001  3.610969e+001
      vertex -6.041694e+000 -3.294099e+001  3.610969e+001
    endloop
  endfacet
  facet normal  0.000000e+000  -0.000000e+000  1.000000e+000
    outer loop
      vertex -6.041694e+000 -3.294099e+001  3.610969e+001
      vertex -5.778823e+000 -3.108775e+001  3.610969e+001
      vertex -6.278694e+000 -3.124194e+001  3.610969e+001
    endloop
  endfacet
  facet normal  0.000000e+000  0.000000e+000  1.000000e+000
    outer loop
      vertex -6.041694e+000 -3.294099e+001  3.610969e+001
      vertex -6.278694e+000 -3.124194e+001  3.610969e+001
      vertex -6.325825e+000 -3.317418e+001  3.610969e+001
    endloop
  endfacet
  facet normal  0.000000e+000  0.000000e+000  1.000000e+000
    outer loop
      vertex -6.732274e+000 -3.378247e+001  3.610969e+001
      vertex -6.750000e+000 -3.146891e+001  3.610969e+001
      vertex -6.838973e+000 -3.413420e+001  3.610969e+001
    endloop
  endfacet
  facet normal  0.000000e+000  -0.000000e+000  1.000000e+000
    outer loop
      vertex -6.838973e+000 -3.413420e+001  3.610969e+001
      vertex -6.750000e+000 -3.146891e+001  3.610969e+001
      vertex -7.182214e+000 -3.176359e+001  3.610969e+001
    endloop
  endfacet
  facet normal  0.000000e+000  0.000000e+000  1.000000e+000
    outer loop
      vertex -6.838973e+000 -3.413420e+001  3.610969e+001
      vertex -7.182214e+000 -3.176359e+001  3.610969e+001
      vertex -6.875000e+000 -3.450000e+001  3.610969e+001
    endloop
  endfacet
  facet normal  0.000000e+000  0.000000e+000  1.000000e+000
    outer loop
      vertex -6.875000e+000 -3.450000e+001  3.610969e+001
      vertex -7.182214e+000 -3.176359e+001  3.610969e+001
      vertex -8.500000e+000 -3.450000e+001  3.610969e+001
    endloop
  endfacet
  facet normal  -0.000000e+000  0.000000e+000  1.000000e+000
    outer loop
      vertex -6.875000e+000 -3.450000e+001  3.610969e+001
      vertex -8.500000e+000 -3.450000e+001  3.610969e+001
      vertex -6.838973e+000 -3.486580e+001  3.610969e+001
    endloop
  endfacet
  facet normal  0.000000e+000  0.000000e+000  1.000000e+000
    outer loop
      vertex -6.838973e+000 -3.486580e+001  3.610969e+001
      vertex -8.500000e+000 -3.450000e+001  3.610969e+001
      vertex -7.182214e+000 -3.723641e+001  3.610969e+001
    endloop
  endfacet
  facet normal  0.000000e+000  0.000000e+000  1.000000e+000
    outer loop
      vertex -6.838973e+000 -3.486580e+001  3.610969e+001
      vertex -7.182214e+000 -3.723641e+001  3.610969e+001
      vertex -6.732274e+000 -3.521753e+001  3.610969e+001
    endloop
  endfacet
  facet normal  0.000000e+000  0.000000e+000  1.000000e+000
    outer loop
      vertex -6.732274e+000 -3.521753e+001  3.610969e+001
      vertex -7.182214e+000 -3.723641e+001  3.610969e+001
      vertex -6.750000e+000 -3.753109e+001  3.610969e+001
    endloop
  endfacet
  facet normal  0.000000e+000  0.000000e+000  1.000000e+000
    outer loop
      vertex -6.732274e+000 -3.521753e+001  3.610969e+001
      vertex -6.750000e+000 -3.753109e+001  3.610969e+001
      vertex -6.559006e+000 -3.554169e+001  3.610969e+001
    endloop
  endfacet
  facet normal  0.000000e+000  0.000000e+000  1.000000e+000
    outer loop
      vertex -3.250000e+000 -3.753109e+001  3.610969e+001
      vertex -3.267726e+000 -3.521753e+001  3.610969e+001
      vertex -3.721306e+000 -3.775806e+001  3.610969e+001
    endloop
  endfacet
  facet normal  0.000000e+000  0.000000e+000  1.000000e+000
    outer loop
      vertex -3.721306e+000 -3.775806e+001  3.610969e+001
      vertex -3.267726e+000 -3.521753e+001  3.610969e+001
      vertex -3.440995e+000 -3.554169e+001  3.610969e+001
    endloop
  endfacet
  facet normal  0.000000e+000  0.000000e+000  1.000000e+000
    outer loop
      vertex -3.721306e+000 -3.775806e+001  3.610969e+001
      vertex -3.440995e+000 -3.554169e+001  3.610969e+001
      vertex -3.674175e+000 -3.582582e+001  3.610969e+001
    endloop
  endfacet
  facet normal  0.000000e+000  0.000000e+000  1.000000e+000
    outer loop
      vertex -3.721306e+000 -3.775806e+001  3.610969e+001
      vertex -3.674175e+000 -3.582582e+001  3.610969e+001
      vertex -4.221177e+000 -3.791225e+001  3.610969e+001
    endloop
  endfacet
  facet normal  0.000000e+000  0.000000e+000  1.000000e+000
    outer loop
      vertex -4.221177e+000 -3.791225e+001  3.610969e+001
      vertex -3.674175e+000 -3.582582e+001  3.610969e+001
      vertex -3.958306e+000 -3.605901e+001  3.610969e+001
    endloop
  endfacet
  facet normal  0.000000e+000  0.000000e+000  1.000000e+000
    outer loop
      vertex -4.221177e+000 -3.791225e+001  3.610969e+001
      vertex -3.958306e+000 -3.605901e+001  3.610969e+001
      vertex -4.282469e+000 -3.623227e+001  3.610969e+001
    endloop
  endfacet
  facet normal  0.000000e+000  0.000000e+000  1.000000e+000
    outer loop
      vertex -4.221177e+000 -3.791225e+001  3.610969e+001
      vertex -4.282469e+000 -3.623227e+001  3.610969e+001
      vertex -4.738445e+000 -3.799021e+001  3.610969e+001
    endloop
  endfacet
  facet normal  0.000000e+000  0.000000e+000  1.000000e+000
    outer loop
      vertex -4.738445e+000 -3.799021e+001  3.610969e+001
      vertex -4.282469e+000 -3.623227e+001  3.610969e+001
      vertex -4.634206e+000 -3.633897e+001  3.610969e+001
    endloop
  endfacet
  facet normal  0.000000e+000  0.000000e+000  1.000000e+000
    outer loop
      vertex -4.738445e+000 -3.799021e+001  3.610969e+001
      vertex -4.634206e+000 -3.633897e+001  3.610969e+001
      vertex -5.261555e+000 -3.799021e+001  3.610969e+001
    endloop
  endfacet
  facet normal  0.000000e+000  0.000000e+000  1.000000e+000
    outer loop
      vertex -5.261555e+000 -3.799021e+001  3.610969e+001
      vertex -4.634206e+000 -3.633897e+001  3.610969e+001
      vertex -5.000000e+000 -3.637500e+001  3.610969e+001
    endloop
  endfacet
  facet normal  0.000000e+000  0.000000e+000  1.000000e+000
    outer loop
      vertex -5.261555e+000 -3.799021e+001  3.610969e+001
      vertex -5.000000e+000 -3.637500e+001  3.610969e+001
      vertex -5.365794e+000 -3.633897e+001  3.610969e+001
    endloop
  endfacet
  facet normal  0.000000e+000  0.000000e+000  9.999999e-001
    outer loop
      vertex -5.261555e+000 -3.799021e+001  3.610969e+001
      vertex -5.365794e+000 -3.633897e+001  3.610969e+001
      vertex -5.778823e+000 -3.791225e+001  3.610969e+001
    endloop
  endfacet
  facet normal  0.000000e+000  0.000000e+000  1.000000e+000
    outer loop
      vertex -5.778823e+000 -3.791225e+001  3.610969e+001
      vertex -5.365794e+000 -3.633897e+001  3.610969e+001
      vertex -5.717531e+000 -3.623227e+001  3.610969e+001
    endloop
  endfacet
  facet normal  0.000000e+000  0.000000e+000  1.000000e+000
    outer loop
      vertex -5.778823e+000 -3.791225e+001  3.610969e+001
      vertex -5.717531e+000 -3.623227e+001  3.610969e+001
      vertex -6.278694e+000 -3.775806e+001  3.610969e+001
    endloop
  endfacet
  facet normal  0.000000e+000  0.000000e+000  1.000000e+000
    outer loop
      vertex -6.278694e+000 -3.775806e+001  3.610969e+001
      vertex -5.717531e+000 -3.623227e+001  3.610969e+001
      vertex -6.041694e+000 -3.605901e+001  3.610969e+001
    endloop
  endfacet
  facet normal  0.000000e+000  0.000000e+000  1.000000e+000
    outer loop
      vertex -6.278694e+000 -3.775806e+001  3.610969e+001
      vertex -6.041694e+000 -3.605901e+001  3.610969e+001
      vertex -6.325825e+000 -3.582582e+001  3.610969e+001
    endloop
  endfacet
  facet normal  0.000000e+000  0.000000e+000  1.000000e+000
    outer loop
      vertex -6.325825e+000 -3.582582e+001  3.610969e+001
      vertex -6.559006e+000 -3.554169e+001  3.610969e+001
      vertex -6.278694e+000 -3.775806e+001  3.610969e+001
    endloop
  endfacet
  facet normal  0.000000e+000  0.000000e+000  1.000000e+000
    outer loop
      vertex -6.278694e+000 -3.775806e+001  3.610969e+001
      vertex -6.559006e+000 -3.554169e+001  3.610969e+001
      vertex -6.750000e+000 -3.753109e+001  3.610969e+001
    endloop
  endfacet
  facet normal  0.000000e+000  0.000000e+000  1.000000e+000
    outer loop
      vertex  6.838973e+000 -3.413420e+001  3.610969e+001
      vertex  6.750000e+000 -3.146891e+001  3.610969e+001
      vertex  6.732274e+000 -3.378247e+001  3.610969e+001
    endloop
  endfacet
  facet normal  0.000000e+000  0.000000e+000  1.000000e+000
    outer loop
      vertex  6.041694e+000 -3.294099e+001  3.610969e+001
      vertex  5.778823e+000 -3.108775e+001  3.610969e+001
      vertex  5.717531e+000 -3.276773e+001  3.610969e+001
    endloop
  endfacet
  facet normal  -0.000000e+000  0.000000e+000  1.000000e+000
    outer loop
      vertex  6.838973e+000 -3.486580e+001  3.610969e+001
      vertex  6.732274e+000 -3.521753e+001  3.610969e+001
      vertex  6.750000e+000 -3.753109e+001  3.610969e+001
    endloop
  endfacet
  facet normal  -0.000000e+000  0.000000e+000  1.000000e+000
    outer loop
      vertex  6.875000e+000 -3.450000e+001  3.610969e+001
      vertex  6.838973e+000 -3.486580e+001  3.610969e+001
      vertex  6.750000e+000 -3.753109e+001  3.610969e+001
    endloop
  endfacet
  facet normal  0.000000e+000  0.000000e+000  9.999999e-001
    outer loop
      vertex  6.875000e+000 -3.450000e+001  3.610969e+001
      vertex  6.750000e+000 -3.753109e+001  3.610969e+001
      vertex  7.182214e+000 -3.723641e+001  3.610969e+001
    endloop
  endfacet
  facet normal  0.000000e+000  -0.000000e+000  1.000000e+000
    outer loop
      vertex  6.875000e+000 -3.450000e+001  3.610969e+001
      vertex  7.182214e+000 -3.723641e+001  3.610969e+001
      vertex  7.565681e+000 -3.688060e+001  3.610969e+001
    endloop
  endfacet
  facet normal  0.000000e+000  -0.000000e+000  1.000000e+000
    outer loop
      vertex  6.875000e+000 -3.450000e+001  3.610969e+001
      vertex  7.565681e+000 -3.688060e+001  3.610969e+001
      vertex  7.891836e+000 -3.647162e+001  3.610969e+001
    endloop
  endfacet
  facet normal  0.000000e+000  -0.000000e+000  1.000000e+000
    outer loop
      vertex  6.875000e+000 -3.450000e+001  3.610969e+001
      vertex  7.891836e+000 -3.647162e+001  3.610969e+001
      vertex  8.153391e+000 -3.601859e+001  3.610969e+001
    endloop
  endfacet
  facet normal  0.000000e+000  -0.000000e+000  9.999999e-001
    outer loop
      vertex  6.875000e+000 -3.450000e+001  3.610969e+001
      vertex  8.153391e+000 -3.601859e+001  3.610969e+001
      vertex  8.344504e+000 -3.553164e+001  3.610969e+001
    endloop
  endfacet
  facet normal  0.000000e+000  -0.000000e+000  1.000000e+000
    outer loop
      vertex  6.875000e+000 -3.450000e+001  3.610969e+001
      vertex  8.344504e+000 -3.553164e+001  3.610969e+001
      vertex  8.460908e+000 -3.502165e+001  3.610969e+001
    endloop
  endfacet
  facet normal  0.000000e+000  -0.000000e+000  9.999999e-001
    outer loop
      vertex  6.875000e+000 -3.450000e+001  3.610969e+001
      vertex  8.460908e+000 -3.502165e+001  3.610969e+001
      vertex  8.500000e+000 -3.450000e+001  3.610969e+001
    endloop
  endfacet
  facet normal  0.000000e+000  0.000000e+000  9.999999e-001
    outer loop
      vertex  6.875000e+000 -3.450000e+001  3.610969e+001
      vertex  8.500000e+000 -3.450000e+001  3.610969e+001
      vertex  8.460908e+000 -3.397835e+001  3.610969e+001
    endloop
  endfacet
  facet normal  0.000000e+000  0.000000e+000  9.999999e-001
    outer loop
      vertex  6.875000e+000 -3.450000e+001  3.610969e+001
      vertex  8.460908e+000 -3.397835e+001  3.610969e+001
      vertex  8.344504e+000 -3.346836e+001  3.610969e+001
    endloop
  endfacet
  facet normal  0.000000e+000  0.000000e+000  9.999999e-001
    outer loop
      vertex  6.875000e+000 -3.450000e+001  3.610969e+001
      vertex  8.344504e+000 -3.346836e+001  3.610969e+001
      vertex  8.153391e+000 -3.298141e+001  3.610969e+001
    endloop
  endfacet
  facet normal  0.000000e+000  0.000000e+000  1.000000e+000
    outer loop
      vertex  6.875000e+000 -3.450000e+001  3.610969e+001
      vertex  8.153391e+000 -3.298141e+001  3.610969e+001
      vertex  7.891836e+000 -3.252838e+001  3.610969e+001
    endloop
  endfacet
  facet normal  0.000000e+000  0.000000e+000  1.000000e+000
    outer loop
      vertex  6.875000e+000 -3.450000e+001  3.610969e+001
      vertex  7.891836e+000 -3.252838e+001  3.610969e+001
      vertex  7.565681e+000 -3.211940e+001  3.610969e+001
    endloop
  endfacet
  facet normal  0.000000e+000  0.000000e+000  1.000000e+000
    outer loop
      vertex  6.875000e+000 -3.450000e+001  3.610969e+001
      vertex  7.565681e+000 -3.211940e+001  3.610969e+001
      vertex  7.182214e+000 -3.176359e+001  3.610969e+001
    endloop
  endfacet
  facet normal  0.000000e+000  0.000000e+000  1.000000e+000
    outer loop
      vertex  6.875000e+000 -3.450000e+001  3.610969e+001
      vertex  7.182214e+000 -3.176359e+001  3.610969e+001
      vertex  6.750000e+000 -3.146891e+001  3.610969e+001
    endloop
  endfacet
  facet normal  0.000000e+000  0.000000e+000  1.000000e+000
    outer loop
      vertex  6.875000e+000 -3.450000e+001  3.610969e+001
      vertex  6.750000e+000 -3.146891e+001  3.610969e+001
      vertex  6.838973e+000 -3.413420e+001  3.610969e+001
    endloop
  endfacet
  facet normal  0.000000e+000  0.000000e+000  1.000000e+000
    outer loop
      vertex  6.278694e+000 -3.124194e+001  3.610969e+001
      vertex  5.778823e+000 -3.108775e+001  3.610969e+001
      vertex  6.041694e+000 -3.294099e+001  3.610969e+001
    endloop
  endfacet
  facet normal  -0.000000e+000  0.000000e+000  1.000000e+000
    outer loop
      vertex  6.278694e+000 -3.124194e+001  3.610969e+001
      vertex  6.041694e+000 -3.294099e+001  3.610969e+001
      vertex  6.325825e+000 -3.317418e+001  3.610969e+001
    endloop
  endfacet
  facet normal  -0.000000e+000  -0.000000e+000  1.000000e+000
    outer loop
      vertex  6.278694e+000 -3.124194e+001  3.610969e+001
      vertex  6.325825e+000 -3.317418e+001  3.610969e+001
      vertex  6.559006e+000 -3.345831e+001  3.610969e+001
    endloop
  endfacet
  facet normal  -0.000000e+000  -0.000000e+000  1.000000e+000
    outer loop
      vertex  6.278694e+000 -3.124194e+001  3.610969e+001
      vertex  6.559006e+000 -3.345831e+001  3.610969e+001
      vertex  6.732274e+000 -3.378247e+001  3.610969e+001
    endloop
  endfacet
  facet normal  0.000000e+000  -0.000000e+000  1.000000e+000
    outer loop
      vertex  6.278694e+000 -3.124194e+001  3.610969e+001
      vertex  6.732274e+000 -3.378247e+001  3.610969e+001
      vertex  6.750000e+000 -3.146891e+001  3.610969e+001
    endloop
  endfacet
  facet normal  0.000000e+000  -0.000000e+000  9.999999e-001
    outer loop
      vertex  3.250000e+000 -3.146891e+001  3.610969e+001
      vertex  3.267726e+000 -3.378247e+001  3.610969e+001
      vertex  3.440995e+000 -3.345831e+001  3.610969e+001
    endloop
  endfacet
  facet normal  0.000000e+000  -0.000000e+000  1.000000e+000
    outer loop
      vertex  3.250000e+000 -3.146891e+001  3.610969e+001
      vertex  3.440995e+000 -3.345831e+001  3.610969e+001
      vertex  3.674175e+000 -3.317418e+001  3.610969e+001
    endloop
  endfacet
  facet normal  0.000000e+000  -0.000000e+000  1.000000e+000
    outer loop
      vertex  3.250000e+000 -3.146891e+001  3.610969e+001
      vertex  3.674175e+000 -3.317418e+001  3.610969e+001
      vertex  3.721306e+000 -3.124194e+001  3.610969e+001
    endloop
  endfacet
  facet normal  0.000000e+000  0.000000e+000  1.000000e+000
    outer loop
      vertex  1.500000e+000 -3.450000e+001  3.610969e+001
      vertex  2.817786e+000 -3.176359e+001  3.610969e+001
      vertex  2.434319e+000 -3.211940e+001  3.610969e+001
    endloop
  endfacet
  facet normal  0.000000e+000  0.000000e+000  1.000000e+000
    outer loop
      vertex  1.500000e+000 -3.450000e+001  3.610969e+001
      vertex  2.434319e+000 -3.211940e+001  3.610969e+001
      vertex  2.108164e+000 -3.252838e+001  3.610969e+001
    endloop
  endfacet
  facet normal  0.000000e+000  0.000000e+000  1.000000e+000
    outer loop
      vertex  1.500000e+000 -3.450000e+001  3.610969e+001
      vertex  2.108164e+000 -3.252838e+001  3.610969e+001
      vertex  1.846609e+000 -3.298141e+001  3.610969e+001
    endloop
  endfacet
  facet normal  0.000000e+000  0.000000e+000  1.000000e+000
    outer loop
      vertex  1.500000e+000 -3.450000e+001  3.610969e+001
      vertex  1.846609e+000 -3.298141e+001  3.610969e+001
      vertex  1.655495e+000 -3.346836e+001  3.610969e+001
    endloop
  endfacet
  facet normal  0.000000e+000  0.000000e+000  9.999999e-001
    outer loop
      vertex  1.500000e+000 -3.450000e+001  3.610969e+001
      vertex  1.655495e+000 -3.346836e+001  3.610969e+001
      vertex  1.539092e+000 -3.397835e+001  3.610969e+001
    endloop
  endfacet
  facet normal  -0.000000e+000  -0.000000e+000  1.000000e+000
    outer loop
      vertex  1.500000e+000 -3.450000e+001  3.610969e+001
      vertex  1.539092e+000 -3.502165e+001  3.610969e+001
      vertex  1.655495e+000 -3.553164e+001  3.610969e+001
    endloop
  endfacet
  facet normal  -0.000000e+000  -0.000000e+000  1.000000e+000
    outer loop
      vertex  1.500000e+000 -3.450000e+001  3.610969e+001
      vertex  1.655495e+000 -3.553164e+001  3.610969e+001
      vertex  1.846609e+000 -3.601859e+001  3.610969e+001
    endloop
  endfacet
  facet normal  -0.000000e+000  -0.000000e+000  1.000000e+000
    outer loop
      vertex  1.500000e+000 -3.450000e+001  3.610969e+001
      vertex  1.846609e+000 -3.601859e+001  3.610969e+001
      vertex  2.108164e+000 -3.647162e+001  3.610969e+001
    endloop
  endfacet
  facet normal  -0.000000e+000  -0.000000e+000  9.999999e-001
    outer loop
      vertex  1.500000e+000 -3.450000e+001  3.610969e+001
      vertex  2.108164e+000 -3.647162e+001  3.610969e+001
      vertex  2.434319e+000 -3.688060e+001  3.610969e+001
    endloop
  endfacet
  facet normal  -0.000000e+000  -0.000000e+000  1.000000e+000
    outer loop
      vertex  1.500000e+000 -3.450000e+001  3.610969e+001
      vertex  2.434319e+000 -3.688060e+001  3.610969e+001
      vertex  2.817786e+000 -3.723641e+001  3.610969e+001
    endloop
  endfacet
  facet normal  0.000000e+000  0.000000e+000  1.000000e+000
    outer loop
      vertex  5.717531e+000 -3.276773e+001  3.610969e+001
      vertex  5.778823e+000 -3.108775e+001  3.610969e+001
      vertex  5.365794e+000 -3.266103e+001  3.610969e+001
    endloop
  endfacet
  facet normal  0.000000e+000  -0.000000e+000  1.000000e+000
    outer loop
      vertex  5.365794e+000 -3.266103e+001  3.610969e+001
      vertex  5.778823e+000 -3.108775e+001  3.610969e+001
      vertex  5.261555e+000 -3.100979e+001  3.610969e+001
    endloop
  endfacet
  facet normal  0.000000e+000  0.000000e+000  1.000000e+000
    outer loop
      vertex  5.365794e+000 -3.266103e+001  3.610969e+001
      vertex  5.261555e+000 -3.100979e+001  3.610969e+001
      vertex  5.000000e+000 -3.262500e+001  3.610969e+001
    endloop
  endfacet
  facet normal  0.000000e+000  -0.000000e+000  1.000000e+000
    outer loop
      vertex  5.000000e+000 -3.262500e+001  3.610969e+001
      vertex  5.261555e+000 -3.100979e+001  3.610969e+001
      vertex  4.738445e+000 -3.100979e+001  3.610969e+001
    endloop
  endfacet
  facet normal  0.000000e+000  0.000000e+000  1.000000e+000
    outer loop
      vertex  5.000000e+000 -3.262500e+001  3.610969e+001
      vertex  4.738445e+000 -3.100979e+001  3.610969e+001
      vertex  4.634206e+000 -3.266103e+001  3.610969e+001
    endloop
  endfacet
  facet normal  0.000000e+000  0.000000e+000  1.000000e+000
    outer loop
      vertex  4.634206e+000 -3.266103e+001  3.610969e+001
      vertex  4.738445e+000 -3.100979e+001  3.610969e+001
      vertex  4.282469e+000 -3.276773e+001  3.610969e+001
    endloop
  endfacet
  facet normal  0.000000e+000  -0.000000e+000  1.000000e+000
    outer loop
      vertex  4.282469e+000 -3.276773e+001  3.610969e+001
      vertex  4.738445e+000 -3.100979e+001  3.610969e+001
      vertex  4.221177e+000 -3.108775e+001  3.610969e+001
    endloop
  endfacet
  facet normal  0.000000e+000  0.000000e+000  1.000000e+000
    outer loop
      vertex  4.282469e+000 -3.276773e+001  3.610969e+001
      vertex  4.221177e+000 -3.108775e+001  3.610969e+001
      vertex  3.958306e+000 -3.294099e+001  3.610969e+001
    endloop
  endfacet
  facet normal  0.000000e+000  -0.000000e+000  1.000000e+000
    outer loop
      vertex  3.958306e+000 -3.294099e+001  3.610969e+001
      vertex  4.221177e+000 -3.108775e+001  3.610969e+001
      vertex  3.721306e+000 -3.124194e+001  3.610969e+001
    endloop
  endfacet
  facet normal  0.000000e+000  0.000000e+000  1.000000e+000
    outer loop
      vertex  3.958306e+000 -3.294099e+001  3.610969e+001
      vertex  3.721306e+000 -3.124194e+001  3.610969e+001
      vertex  3.674175e+000 -3.317418e+001  3.610969e+001
    endloop
  endfacet
  facet normal  0.000000e+000  0.000000e+000  1.000000e+000
    outer loop
      vertex  3.267726e+000 -3.378247e+001  3.610969e+001
      vertex  3.250000e+000 -3.146891e+001  3.610969e+001
      vertex  3.161028e+000 -3.413420e+001  3.610969e+001
    endloop
  endfacet
  facet normal  0.000000e+000  -0.000000e+000  1.000000e+000
    outer loop
      vertex  3.161028e+000 -3.413420e+001  3.610969e+001
      vertex  3.250000e+000 -3.146891e+001  3.610969e+001
      vertex  2.817786e+000 -3.176359e+001  3.610969e+001
    endloop
  endfacet
  facet normal  0.000000e+000  0.000000e+000  1.000000e+000
    outer loop
      vertex  3.161028e+000 -3.413420e+001  3.610969e+001
      vertex  2.817786e+000 -3.176359e+001  3.610969e+001
      vertex  3.125000e+000 -3.450000e+001  3.610969e+001
    endloop
  endfacet
  facet normal  0.000000e+000  0.000000e+000  1.000000e+000
    outer loop
      vertex  3.125000e+000 -3.450000e+001  3.610969e+001
      vertex  2.817786e+000 -3.176359e+001  3.610969e+001
      vertex  1.500000e+000 -3.450000e+001  3.610969e+001
    endloop
  endfacet
  facet normal  -0.000000e+000  0.000000e+000  1.000000e+000
    outer loop
      vertex  3.125000e+000 -3.450000e+001  3.610969e+001
      vertex  1.500000e+000 -3.450000e+001  3.610969e+001
      vertex  3.161028e+000 -3.486580e+001  3.610969e+001
    endloop
  endfacet
  facet normal  0.000000e+000  0.000000e+000  1.000000e+000
    outer loop
      vertex  3.161028e+000 -3.486580e+001  3.610969e+001
      vertex  1.500000e+000 -3.450000e+001  3.610969e+001
      vertex  2.817786e+000 -3.723641e+001  3.610969e+001
    endloop
  endfacet
  facet normal  0.000000e+000  0.000000e+000  1.000000e+000
    outer loop
      vertex  3.161028e+000 -3.486580e+001  3.610969e+001
      vertex  2.817786e+000 -3.723641e+001  3.610969e+001
      vertex  3.267726e+000 -3.521753e+001  3.610969e+001
    endloop
  endfacet
  facet normal  0.000000e+000  0.000000e+000  1.000000e+000
    outer loop
      vertex  3.267726e+000 -3.521753e+001  3.610969e+001
      vertex  2.817786e+000 -3.723641e+001  3.610969e+001
      vertex  3.250000e+000 -3.753109e+001  3.610969e+001
    endloop
  endfacet
  facet normal  0.000000e+000  0.000000e+000  9.999999e-001
    outer loop
      vertex  3.267726e+000 -3.521753e+001  3.610969e+001
      vertex  3.250000e+000 -3.753109e+001  3.610969e+001
      vertex  3.440995e+000 -3.554169e+001  3.610969e+001
    endloop
  endfacet
  facet normal  0.000000e+000  0.000000e+000  1.000000e+000
    outer loop
      vertex  6.750000e+000 -3.753109e+001  3.610969e+001
      vertex  6.732274e+000 -3.521753e+001  3.610969e+001
      vertex  6.278694e+000 -3.775806e+001  3.610969e+001
    endloop
  endfacet
  facet normal  0.000000e+000  0.000000e+000  1.000000e+000
    outer loop
      vertex  6.278694e+000 -3.775806e+001  3.610969e+001
      vertex  6.732274e+000 -3.521753e+001  3.610969e+001
      vertex  6.559006e+000 -3.554169e+001  3.610969e+001
    endloop
  endfacet
  facet normal  0.000000e+000  0.000000e+000  1.000000e+000
    outer loop
      vertex  6.278694e+000 -3.775806e+001  3.610969e+001
      vertex  6.559006e+000 -3.554169e+001  3.610969e+001
      vertex  6.325825e+000 -3.582582e+001  3.610969e+001
    endloop
  endfacet
  facet normal  0.000000e+000  0.000000e+000  1.000000e+000
    outer loop
      vertex  6.278694e+000 -3.775806e+001  3.610969e+001
      vertex  6.325825e+000 -3.582582e+001  3.610969e+001
      vertex  5.778823e+000 -3.791225e+001  3.610969e+001
    endloop
  endfacet
  facet normal  0.000000e+000  0.000000e+000  1.000000e+000
    outer loop
      vertex  5.778823e+000 -3.791225e+001  3.610969e+001
      vertex  6.325825e+000 -3.582582e+001  3.610969e+001
      vertex  6.041694e+000 -3.605901e+001  3.610969e+001
    endloop
  endfacet
  facet normal  0.000000e+000  0.000000e+000  1.000000e+000
    outer loop
      vertex  5.778823e+000 -3.791225e+001  3.610969e+001
      vertex  6.041694e+000 -3.605901e+001  3.610969e+001
      vertex  5.717531e+000 -3.623227e+001  3.610969e+001
    endloop
  endfacet
  facet normal  0.000000e+000  0.000000e+000  1.000000e+000
    outer loop
      vertex  5.778823e+000 -3.791225e+001  3.610969e+001
      vertex  5.717531e+000 -3.623227e+001  3.610969e+001
      vertex  5.261555e+000 -3.799021e+001  3.610969e+001
    endloop
  endfacet
  facet normal  0.000000e+000  0.000000e+000  1.000000e+000
    outer loop
      vertex  5.261555e+000 -3.799021e+001  3.610969e+001
      vertex  5.717531e+000 -3.623227e+001  3.610969e+001
      vertex  5.365794e+000 -3.633897e+001  3.610969e+001
    endloop
  endfacet
  facet normal  0.000000e+000  0.000000e+000  1.000000e+000
    outer loop
      vertex  5.261555e+000 -3.799021e+001  3.610969e+001
      vertex  5.365794e+000 -3.633897e+001  3.610969e+001
      vertex  4.738445e+000 -3.799021e+001  3.610969e+001
    endloop
  endfacet
  facet normal  0.000000e+000  0.000000e+000  1.000000e+000
    outer loop
      vertex  4.738445e+000 -3.799021e+001  3.610969e+001
      vertex  5.365794e+000 -3.633897e+001  3.610969e+001
      vertex  5.000000e+000 -3.637500e+001  3.610969e+001
    endloop
  endfacet
  facet normal  0.000000e+000  0.000000e+000  1.000000e+000
    outer loop
      vertex  4.738445e+000 -3.799021e+001  3.610969e+001
      vertex  5.000000e+000 -3.637500e+001  3.610969e+001
      vertex  4.634206e+000 -3.633897e+001  3.610969e+001
    endloop
  endfacet
  facet normal  0.000000e+000  0.000000e+000  9.999999e-001
    outer loop
      vertex  4.738445e+000 -3.799021e+001  3.610969e+001
      vertex  4.634206e+000 -3.633897e+001  3.610969e+001
      vertex  4.221177e+000 -3.791225e+001  3.610969e+001
    endloop
  endfacet
  facet normal  0.000000e+000  0.000000e+000  1.000000e+000
    outer loop
      vertex  4.221177e+000 -3.791225e+001  3.610969e+001
      vertex  4.634206e+000 -3.633897e+001  3.610969e+001
      vertex  4.282469e+000 -3.623227e+001  3.610969e+001
    endloop
  endfacet
  facet normal  0.000000e+000  0.000000e+000  1.000000e+000
    outer loop
      vertex  4.221177e+000 -3.791225e+001  3.610969e+001
      vertex  4.282469e+000 -3.623227e+001  3.610969e+001
      vertex  3.721306e+000 -3.775806e+001  3.610969e+001
    endloop
  endfacet
  facet normal  0.000000e+000  0.000000e+000  1.000000e+000
    outer loop
      vertex  3.721306e+000 -3.775806e+001  3.610969e+001
      vertex  4.282469e+000 -3.623227e+001  3.610969e+001
      vertex  3.958306e+000 -3.605901e+001  3.610969e+001
    endloop
  endfacet
  facet normal  0.000000e+000  0.000000e+000  1.000000e+000
    outer loop
      vertex  3.721306e+000 -3.775806e+001  3.610969e+001
      vertex  3.958306e+000 -3.605901e+001  3.610969e+001
      vertex  3.674175e+000 -3.582582e+001  3.610969e+001
    endloop
  endfacet
  facet normal  0.000000e+000  0.000000e+000  1.000000e+000
    outer loop
      vertex  3.674175e+000 -3.582582e+001  3.610969e+001
      vertex  3.440995e+000 -3.554169e+001  3.610969e+001
      vertex  3.721306e+000 -3.775806e+001  3.610969e+001
    endloop
  endfacet
  facet normal  0.000000e+000  0.000000e+000  1.000000e+000
    outer loop
      vertex  3.721306e+000 -3.775806e+001  3.610969e+001
      vertex  3.440995e+000 -3.554169e+001  3.610969e+001
      vertex  3.250000e+000 -3.753109e+001  3.610969e+001
    endloop
  endfacet
  facet normal -9.972903e-001  7.356631e-002  3.872247e-004
    outer loop
      vertex -3.246085e+001  1.594699e+000  7.300000e+001
      vertex -3.234350e+001  3.185557e+000  7.300000e+001
      vertex -3.239344e+001  2.629589e+000  5.000000e+001
    endloop
  endfacet
  facet normal -9.948787e-001  1.010756e-001 -2.829795e-004
    outer loop
      vertex -3.226041e+001  3.938992e+000  5.000000e+001
      vertex -3.239344e+001  2.629589e+000  5.000000e+001
      vertex -3.234350e+001  3.185557e+000  7.300000e+001
    endloop
  endfacet
  facet normal -9.924795e-001  1.224105e-001  4.245777e-004
    outer loop
      vertex -3.234350e+001  3.185557e+000  7.300000e+001
      vertex -3.214824e+001  4.768741e+000  7.300000e+001
      vertex -3.226041e+001  3.938992e+000  5.000000e+001
    endloop
  endfacet
  facet normal -9.757023e-001  2.191004e-001  1.141503e-004
    outer loop
      vertex -3.177629e+001  6.820377e+000  0.000000e+000
      vertex -3.187552e+001  6.340436e+000  7.300000e+001
      vertex -3.152602e+001  7.896856e+000  7.300000e+001
    endloop
  endfacet
  facet normal -9.722471e-001  2.339564e-001 -1.167663e-004
    outer loop
      vertex -3.177629e+001  6.820377e+000  0.000000e+000
      vertex -3.152602e+001  7.896856e+000  7.300000e+001
      vertex -3.140047e+001  8.382156e+000  0.000000e+000
    endloop
  endfacet
  facet normal -9.637760e-001  2.667129e-001  1.155665e-004
    outer loop
      vertex -3.140047e+001  8.382156e+000  0.000000e+000
      vertex -3.152602e+001  7.896856e+000  7.300000e+001
      vertex -3.110056e+001  9.434252e+000  7.300000e+001
    endloop
  endfacet
  facet normal -9.594993e-001  2.817112e-001 -1.181614e-004
    outer loop
      vertex -3.140047e+001  8.382156e+000  0.000000e+000
      vertex -3.110056e+001  9.434252e+000  7.300000e+001
      vertex -3.094794e+001  9.923459e+000  0.000000e+000
    endloop
  endfacet
  facet normal -9.495281e-001  3.136822e-001  1.169383e-004
    outer loop
      vertex -3.094794e+001  9.923459e+000  0.000000e+000
      vertex -3.110056e+001  9.434252e+000  7.300000e+001
      vertex -3.060018e+001  1.094892e+001  7.300000e+001
    endloop
  endfacet
  facet normal -9.444078e-001  3.287764e-001 -1.194889e-004
    outer loop
      vertex -3.094794e+001  9.923459e+000  0.000000e+000
      vertex -3.060018e+001  1.094892e+001  7.300000e+001
      vertex -3.041981e+001  1.144052e+001  0.000000e+000
    endloop
  endfacet
  facet normal -9.329930e-001  3.598946e-001  1.182730e-004
    outer loop
      vertex -3.041981e+001  1.144052e+001  0.000000e+000
      vertex -3.060018e+001  1.094892e+001  7.300000e+001
      vertex -3.002608e+001  1.243721e+001  7.300000e+001
    endloop
  endfacet
  facet normal -9.270087e-001  3.750398e-001 -1.207851e-004
    outer loop
      vertex -3.041981e+001  1.144052e+001  0.000000e+000
      vertex -3.002608e+001  1.243721e+001  7.300000e+001
      vertex -2.981736e+001  1.292963e+001  0.000000e+000
    endloop
  endfacet
  facet normal -9.142097e-001  4.052415e-001  1.195355e-004
    outer loop
      vertex -2.981736e+001  1.292963e+001  0.000000e+000
      vertex -3.002608e+001  1.243721e+001  7.300000e+001
      vertex -2.937965e+001  1.389554e+001  7.300000e+001
    endloop
  endfacet
  facet normal -9.073449e-001  4.203869e-001 -1.220229e-004
    outer loop
      vertex -2.981736e+001  1.292963e+001  0.000000e+000
      vertex -2.937965e+001  1.389554e+001  7.300000e+001
      vertex -2.914206e+001  1.438715e+001  0.000000e+000
    endloop
  endfacet
  facet normal -8.932243e-001  4.496112e-001  1.207440e-004
    outer loop
      vertex -2.914206e+001  1.438715e+001  0.000000e+000
      vertex -2.937965e+001  1.389554e+001  7.300000e+001
      vertex -2.866244e+001  1.532039e+001  7.300000e+001
    endloop
  endfacet
  facet normal -8.854647e-001  4.647067e-001 -1.232205e-004
    outer loop
      vertex -2.914206e+001  1.438715e+001  0.000000e+000
      vertex -2.866244e+001  1.532039e+001  7.300000e+001
      vertex -2.839558e+001  1.580953e+001  0.000000e+000
    endloop
  endfacet
  facet normal -8.700873e-001  4.928977e-001  1.218866e-004
    outer loop
      vertex -2.839558e+001  1.580953e+001  0.000000e+000
      vertex -2.866244e+001  1.532039e+001  7.300000e+001
      vertex -2.787618e+001  1.670834e+001  7.300000e+001
    endloop
  endfacet
  facet normal -8.614219e-001  5.078901e-001 -1.243627e-004
    outer loop
      vertex -2.839558e+001  1.580953e+001  0.000000e+000
      vertex -2.787618e+001  1.670834e+001  7.300000e+001
      vertex -2.757972e+001  1.719328e+001  0.000000e+000
    endloop
  endfacet
  facet normal -8.448532e-001  5.349983e-001  1.230054e-004
    outer loop
      vertex -2.757972e+001  1.719328e+001  0.000000e+000
      vertex -2.787618e+001  1.670834e+001  7.300000e+001
      vertex -2.702276e+001  1.805603e+001  7.300000e+001
    endloop
  endfacet
  facet normal -8.352738e-001  5.498342e-001 -1.254188e-004
    outer loop
      vertex -2.757972e+001  1.719328e+001  0.000000e+000
      vertex -2.702276e+001  1.805603e+001  7.300000e+001
      vertex -2.669649e+001  1.853503e+001  0.000000e+000
    endloop
  endfacet
  facet normal -8.175848e-001  5.758082e-001  1.240748e-004
    outer loop
      vertex -2.669649e+001  1.853503e+001  0.000000e+000
      vertex -2.702276e+001  1.805603e+001  7.300000e+001
      vertex -2.610424e+001  1.936023e+001  7.300000e+001
    endloop
  endfacet
  facet normal -8.070852e-001  5.904350e-001 -1.264490e-004
    outer loop
      vertex -2.669649e+001  1.853503e+001  0.000000e+000
      vertex -2.610424e+001  1.936023e+001  7.300000e+001
      vertex -2.574804e+001  1.983150e+001  0.000000e+000
    endloop
  endfacet
  facet normal -7.883465e-001  6.152315e-001  1.250701e-004
    outer loop
      vertex -2.574804e+001  1.983150e+001  0.000000e+000
      vertex -2.610424e+001  1.936023e+001  7.300000e+001
      vertex -2.512284e+001  2.061778e+001  7.300000e+001
    endloop
  endfacet
  facet normal -7.769255e-001  6.295927e-001 -1.274273e-004
    outer loop
      vertex -2.574804e+001  1.983150e+001  0.000000e+000
      vertex -2.512284e+001  2.061778e+001  7.300000e+001
      vertex -2.473668e+001  2.107953e+001  0.000000e+000
    endloop
  endfacet
  facet normal -7.572089e-001  6.531727e-001  1.260187e-004
    outer loop
      vertex -2.473668e+001  2.107953e+001  0.000000e+000
      vertex -2.512284e+001  2.061778e+001  7.300000e+001
      vertex -2.408091e+001  2.182567e+001  7.300000e+001
    endloop
  endfacet
  facet normal -7.448670e-001  6.672129e-001 -1.283574e-004
    outer loop
      vertex -2.473668e+001  2.107953e+001  0.000000e+000
      vertex -2.408091e+001  2.182567e+001  7.300000e+001
      vertex -2.366490e+001  2.227605e+001  0.000000e+000
    endloop
  endfacet
  facet normal -7.242470e-001  6.895407e-001  1.269072e-004
    outer loop
      vertex -2.366490e+001  2.227605e+001  0.000000e+000
      vertex -2.408091e+001  2.182567e+001  7.300000e+001
      vertex -2.298097e+001  2.298097e+001  7.300000e+001
    endloop
  endfacet
  facet normal -7.109895e-001  7.032026e-001 -1.292264e-004
    outer loop
      vertex -2.366490e+001  2.227605e+001  0.000000e+000
      vertex -2.298097e+001  2.298097e+001  7.300000e+001
      vertex -2.253530e+001  2.341816e+001  0.000000e+000
    endloop
  endfacet
  facet normal -6.895407e-001  7.242470e-001  1.277503e-004
    outer loop
      vertex -2.253530e+001  2.341816e+001  0.000000e+000
      vertex -2.298097e+001  2.298097e+001  7.300000e+001
      vertex -2.182567e+001  2.408091e+001  7.300000e+001
    endloop
  endfacet
  facet normal -6.753750e-001  7.374745e-001 -1.300465e-004
    outer loop
      vertex -2.253530e+001  2.341816e+001  0.000000e+000
      vertex -2.182567e+001  2.408091e+001  7.300000e+001
      vertex -2.135065e+001  2.450305e+001  0.000000e+000
    endloop
  endfacet
  facet normal -6.531727e-001  7.572089e-001  1.285444e-004
    outer loop
      vertex -2.135065e+001  2.450305e+001  0.000000e+000
      vertex -2.182567e+001  2.408091e+001  7.300000e+001
      vertex -2.061778e+001  2.512284e+001  7.300000e+001
    endloop
  endfacet
  facet normal -6.381101e-001  7.699451e-001 -1.308066e-004
    outer loop
      vertex -2.135065e+001  2.450305e+001  0.000000e+000
      vertex -2.061778e+001  2.512284e+001  7.300000e+001
      vertex -2.011384e+001  2.552809e+001  0.000000e+000
    endloop
  endfacet
  facet normal -6.152315e-001  7.883465e-001  1.292842e-004
    outer loop
      vertex -2.011384e+001  2.552809e+001  0.000000e+000
      vertex -2.061778e+001  2.512284e+001  7.300000e+001
      vertex -1.936023e+001  2.610424e+001  7.300000e+001
    endloop
  endfacet
  facet normal -5.992866e-001  8.005345e-001 -1.315174e-004
    outer loop
      vertex -2.011384e+001  2.552809e+001  0.000000e+000
      vertex -1.936023e+001  2.610424e+001  7.300000e+001
      vertex -1.882790e+001  2.649076e+001  0.000000e+000
    endloop
  endfacet
  facet normal -5.758082e-001  8.175848e-001  1.299686e-004
    outer loop
      vertex -1.882790e+001  2.649076e+001  0.000000e+000
      vertex -1.936023e+001  2.610424e+001  7.300000e+001
      vertex -1.805603e+001  2.702276e+001  7.300000e+001
    endloop
  endfacet
  facet normal -5.589994e-001  8.291681e-001 -1.321752e-004
    outer loop
      vertex -1.882790e+001  2.649076e+001  0.000000e+000
      vertex -1.805603e+001  2.702276e+001  7.300000e+001
      vertex -1.749595e+001  2.738871e+001  0.000000e+000
    endloop
  endfacet
  facet normal -5.349983e-001  8.448532e-001  1.305985e-004
    outer loop
      vertex -1.749595e+001  2.738871e+001  0.000000e+000
      vertex -1.805603e+001  2.702276e+001  7.300000e+001
      vertex -1.670834e+001  2.787618e+001  7.300000e+001
    endloop
  endfacet
  facet normal -5.173464e-001  8.557761e-001 -1.327903e-004
    outer loop
      vertex -1.749595e+001  2.738871e+001  0.000000e+000
      vertex -1.670834e+001  2.787618e+001  7.300000e+001
      vertex -1.612127e+001  2.821976e+001  0.000000e+000
    endloop
  endfacet
  facet normal -4.928977e-001  8.700873e-001  1.311858e-004
    outer loop
      vertex -1.612127e+001  2.821976e+001  0.000000e+000
      vertex -1.670834e+001  2.787618e+001  7.300000e+001
      vertex -1.532039e+001  2.866244e+001  7.300000e+001
    endloop
  endfacet
  facet normal -4.744287e-001  8.802939e-001 -1.333280e-004
    outer loop
      vertex -1.612127e+001  2.821976e+001  0.000000e+000
      vertex -1.532039e+001  2.866244e+001  7.300000e+001
      vertex -1.470720e+001  2.898186e+001  0.000000e+000
    endloop
  endfacet
  facet normal -4.496112e-001  8.932243e-001  1.317164e-004
    outer loop
      vertex -1.470720e+001  2.898186e+001  0.000000e+000
      vertex -1.532039e+001  2.866244e+001  7.300000e+001
      vertex -1.389554e+001  2.937965e+001  7.300000e+001
    endloop
  endfacet
  facet normal -4.303525e-001  9.026609e-001 -1.338349e-004
    outer loop
      vertex -1.470720e+001  2.898186e+001  0.000000e+000
      vertex -1.389554e+001  2.937965e+001  7.300000e+001
      vertex -1.325720e+001  2.967316e+001  0.000000e+000
    endloop
  endfacet
  facet normal -4.052415e-001  9.142097e-001  1.321804e-004
    outer loop
      vertex -1.325720e+001  2.967316e+001  0.000000e+000
      vertex -1.389554e+001  2.937965e+001  7.300000e+001
      vertex -1.243721e+001  3.002608e+001  7.300000e+001
    endloop
  endfacet
  facet normal -3.852251e-001  9.228226e-001 -1.342981e-004
    outer loop
      vertex -1.325720e+001  2.967316e+001  0.000000e+000
      vertex -1.243721e+001  3.002608e+001  7.300000e+001
      vertex -1.177481e+001  3.029198e+001  0.000000e+000
    endloop
  endfacet
  facet normal -3.598946e-001  9.329930e-001  1.325937e-004
    outer loop
      vertex -1.177481e+001  3.029198e+001  0.000000e+000
      vertex -1.243721e+001  3.002608e+001  7.300000e+001
      vertex -1.094892e+001  3.060018e+001  7.300000e+001
    endloop
  endfacet
  facet normal -3.391575e-001  9.407297e-001 -1.346815e-004
    outer loop
      vertex -1.177481e+001  3.029198e+001  0.000000e+000
      vertex -1.094892e+001  3.060018e+001  7.300000e+001
      vertex -1.026366e+001  3.083678e+001  0.000000e+000
    endloop
  endfacet
  facet normal -3.136822e-001  9.495281e-001  1.329757e-004
    outer loop
      vertex -1.026366e+001  3.083678e+001  0.000000e+000
      vertex -1.094892e+001  3.060018e+001  7.300000e+001
      vertex -9.434252e+000  3.110056e+001  7.300000e+001
    endloop
  endfacet
  facet normal -2.922599e-001  9.563389e-001 -1.350292e-004
    outer loop
      vertex -1.026366e+001  3.083678e+001  0.000000e+000
      vertex -9.434252e+000  3.110056e+001  7.300000e+001
      vertex -8.727435e+000  3.130626e+001  0.000000e+000
    endloop
  endfacet
  facet normal -2.667129e-001  9.637760e-001  1.332829e-004
    outer loop
      vertex -8.727435e+000  3.130626e+001  0.000000e+000
      vertex -9.434252e+000  3.110056e+001  7.300000e+001
      vertex -7.896856e+000  3.152602e+001  7.300000e+001
    endloop
  endfacet
  facet normal -2.446487e-001  9.696118e-001 -1.353282e-004
    outer loop
      vertex -8.727435e+000  3.130626e+001  0.000000e+000
      vertex -7.896856e+000  3.152602e+001  7.300000e+001
      vertex -7.169889e+000  3.169925e+001  0.000000e+000
    endloop
  endfacet
  facet normal -2.191004e-001  9.757023e-001  1.335460e-004
    outer loop
      vertex -7.169889e+000  3.169925e+001  0.000000e+000
      vertex -7.896856e+000  3.152602e+001  7.300000e+001
      vertex -6.340436e+000  3.187552e+001  7.300000e+001
    endloop
  endfacet
  facet normal -1.964412e-001  9.805155e-001 -1.355383e-004
    outer loop
      vertex -7.169889e+000  3.169925e+001  0.000000e+000
      vertex -6.340436e+000  3.187552e+001  7.300000e+001
      vertex -5.594827e+000  3.201481e+001  0.000000e+000
    endloop
  endfacet
  facet normal -1.709617e-001  9.852777e-001  1.337912e-004
    outer loop
      vertex -5.594827e+000  3.201481e+001  0.000000e+000
      vertex -6.340436e+000  3.187552e+001  7.300000e+001
      vertex -4.768741e+000  3.214824e+001  7.300000e+001
    endloop
  endfacet
  facet normal -1.477519e-001  9.890244e-001 -1.357053e-004
    outer loop
      vertex -5.594827e+000  3.201481e+001  0.000000e+000
      vertex -4.768741e+000  3.214824e+001  7.300000e+001
      vertex -4.006096e+000  3.225215e+001  0.000000e+000
    endloop
  endfacet
  facet normal -1.224105e-001  9.924796e-001  1.339594e-004
    outer loop
      vertex -4.006096e+000  3.225215e+001  0.000000e+000
      vertex -4.768741e+000  3.214824e+001  7.300000e+001
      vertex -3.185557e+000  3.234350e+001  7.300000e+001
    endloop
  endfacet
  facet normal -9.870153e-002  9.951172e-001 -1.358360e-004
    outer loop
      vertex -4.006096e+000  3.225215e+001  0.000000e+000
      vertex -3.185557e+000  3.234350e+001  7.300000e+001
      vertex -2.407579e+000  3.241070e+001  0.000000e+000
    endloop
  endfacet
  facet normal -7.356632e-002  9.972904e-001  1.340363e-004
    outer loop
      vertex -2.407579e+000  3.241070e+001  0.000000e+000
      vertex -3.185557e+000  3.234350e+001  7.300000e+001
      vertex -1.594699e+000  3.246085e+001  7.300000e+001
    endloop
  endfacet
  facet normal -4.941132e-002  9.987786e-001 -1.359603e-004
    outer loop
      vertex -2.407579e+000  3.241070e+001  0.000000e+000
      vertex -1.594699e+000  3.246085e+001  7.300000e+001
      vertex -8.031805e-001  3.249007e+001  0.000000e+000
    endloop
  endfacet
  facet normal -2.454045e-002  9.996989e-001  1.340761e-004
    outer loop
      vertex -8.031805e-001  3.249007e+001  0.000000e+000
      vertex -1.594699e+000  3.246085e+001  7.300000e+001
      vertex  1.990051e-015  3.250000e+001  7.300000e+001
    endloop
  endfacet
  facet normal  0.000000e+000  1.000000e+000 -1.359704e-004
    outer loop
      vertex -8.031805e-001  3.249007e+001  0.000000e+000
      vertex  1.990051e-015  3.250000e+001  7.300000e+001
      vertex  8.031805e-001  3.249007e+001  0.000000e+000
    endloop
  endfacet
  facet normal  2.454045e-002  9.996989e-001  1.340761e-004
    outer loop
      vertex  1.990051e-015  3.250000e+001  7.300000e+001
      vertex  1.594699e+000  3.246085e+001  7.300000e+001
      vertex  8.031805e-001  3.249007e+001  0.000000e+000
    endloop
  endfacet
  facet normal  4.941132e-002  9.987786e-001 -1.359603e-004
    outer loop
      vertex  2.407579e+000  3.241070e+001  0.000000e+000
      vertex  8.031805e-001  3.249007e+001  0.000000e+000
      vertex  1.594699e+000  3.246085e+001  7.300000e+001
    endloop
  endfacet
  facet normal  7.356632e-002  9.972904e-001  1.340363e-004
    outer loop
      vertex  1.594699e+000  3.246085e+001  7.300000e+001
      vertex  3.185557e+000  3.234350e+001  7.300000e+001
      vertex  2.407579e+000  3.241070e+001  0.000000e+000
    endloop
  endfacet
  facet normal  9.870153e-002  9.951172e-001 -1.358360e-004
    outer loop
      vertex  4.006096e+000  3.225215e+001  0.000000e+000
      vertex  2.407579e+000  3.241070e+001  0.000000e+000
      vertex  3.185557e+000  3.234350e+001  7.300000e+001
    endloop
  endfacet
  facet normal  1.224105e-001  9.924796e-001  1.339594e-004
    outer loop
      vertex  3.185557e+000  3.234350e+001  7.300000e+001
      vertex  4.768741e+000  3.214824e+001  7.300000e+001
      vertex  4.006096e+000  3.225215e+001  0.000000e+000
    endloop
  endfacet
  facet normal  1.477519e-001  9.890244e-001 -1.357053e-004
    outer loop
      vertex  5.594827e+000  3.201481e+001  0.000000e+000
      vertex  4.006096e+000  3.225215e+001  0.000000e+000
      vertex  4.768741e+000  3.214824e+001  7.300000e+001
    endloop
  endfacet
  facet normal  1.709617e-001  9.852777e-001  1.337912e-004
    outer loop
      vertex  4.768741e+000  3.214824e+001  7.300000e+001
      vertex  6.340436e+000  3.187552e+001  7.300000e+001
      vertex  5.594827e+000  3.201481e+001  0.000000e+000
    endloop
  endfacet
  facet normal  1.964412e-001  9.805155e-001 -1.355384e-004
    outer loop
      vertex  7.169889e+000  3.169925e+001  0.000000e+000
      vertex  5.594827e+000  3.201481e+001  0.000000e+000
      vertex  6.340436e+000  3.187552e+001  7.300000e+001
    endloop
  endfacet
  facet normal  2.191004e-001  9.757023e-001  1.335460e-004
    outer loop
      vertex  6.340436e+000  3.187552e+001  7.300000e+001
      vertex  7.896856e+000  3.152602e+001  7.300000e+001
      vertex  7.169889e+000  3.169925e+001  0.000000e+000
    endloop
  endfacet
  facet normal  2.446487e-001  9.696118e-001 -1.353282e-004
    outer loop
      vertex  8.727435e+000  3.130626e+001  0.000000e+000
      vertex  7.169889e+000  3.169925e+001  0.000000e+000
      vertex  7.896856e+000  3.152602e+001  7.300000e+001
    endloop
  endfacet
  facet normal  2.667129e-001  9.637760e-001  1.332829e-004
    outer loop
      vertex  7.896856e+000  3.152602e+001  7.300000e+001
      vertex  9.434252e+000  3.110056e+001  7.300000e+001
      vertex  8.727435e+000  3.130626e+001  0.000000e+000
    endloop
  endfacet
  facet normal  2.922599e-001  9.563389e-001 -1.350293e-004
    outer loop
      vertex  1.026366e+001  3.083678e+001  0.000000e+000
      vertex  8.727435e+000  3.130626e+001  0.000000e+000
      vertex  9.434252e+000  3.110056e+001  7.300000e+001
    endloop
  endfacet
  facet normal  3.136822e-001  9.495281e-001  1.329757e-004
    outer loop
      vertex  9.434252e+000  3.110056e+001  7.300000e+001
      vertex  1.094892e+001  3.060018e+001  7.300000e+001
      vertex  1.026366e+001  3.083678e+001  0.000000e+000
    endloop
  endfacet
  facet normal  3.391575e-001  9.407296e-001 -1.346816e-004
    outer loop
      vertex  1.177481e+001  3.029198e+001  0.000000e+000
      vertex  1.026366e+001  3.083678e+001  0.000000e+000
      vertex  1.094892e+001  3.060018e+001  7.300000e+001
    endloop
  endfacet
  facet normal  3.598946e-001  9.329930e-001  1.325937e-004
    outer loop
      vertex  1.094892e+001  3.060018e+001  7.300000e+001
      vertex  1.243721e+001  3.002608e+001  7.300000e+001
      vertex  1.177481e+001  3.029198e+001  0.000000e+000
    endloop
  endfacet
  facet normal  3.852251e-001  9.228226e-001 -1.342981e-004
    outer loop
      vertex  1.325720e+001  2.967316e+001  0.000000e+000
      vertex  1.177481e+001  3.029198e+001  0.000000e+000
      vertex  1.243721e+001  3.002608e+001  7.300000e+001
    endloop
  endfacet
  facet normal  4.052415e-001  9.142097e-001  1.321804e-004
    outer loop
      vertex  1.243721e+001  3.002608e+001  7.300000e+001
      vertex  1.389554e+001  2.937965e+001  7.300000e+001
      vertex  1.325720e+001  2.967316e+001  0.000000e+000
    endloop
  endfacet
  facet normal  4.303525e-001  9.026609e-001 -1.338349e-004
    outer loop
      vertex  1.470720e+001  2.898186e+001  0.000000e+000
      vertex  1.325720e+001  2.967316e+001  0.000000e+000
      vertex  1.389554e+001  2.937965e+001  7.300000e+001
    endloop
  endfacet
  facet normal  4.496112e-001  8.932243e-001  1.317164e-004
    outer loop
      vertex  1.389554e+001  2.937965e+001  7.300000e+001
      vertex  1.532039e+001  2.866244e+001  7.300000e+001
      vertex  1.470720e+001  2.898186e+001  0.000000e+000
    endloop
  endfacet
  facet normal  4.744288e-001  8.802939e-001 -1.333283e-004
    outer loop
      vertex  1.612127e+001  2.821976e+001  0.000000e+000
      vertex  1.470720e+001  2.898186e+001  0.000000e+000
      vertex  1.532039e+001  2.866244e+001  7.300000e+001
    endloop
  endfacet
  facet normal  4.928977e-001  8.700873e-001  1.311858e-004
    outer loop
      vertex  1.532039e+001  2.866244e+001  7.300000e+001
      vertex  1.670834e+001  2.787618e+001  7.300000e+001
      vertex  1.612127e+001  2.821976e+001  0.000000e+000
    endloop
  endfacet
  facet normal  5.173464e-001  8.557761e-001 -1.327903e-004
    outer loop
      vertex  1.749595e+001  2.738871e+001  0.000000e+000
      vertex  1.612127e+001  2.821976e+001  0.000000e+000
      vertex  1.670834e+001  2.787618e+001  7.300000e+001
    endloop
  endfacet
  facet normal  5.349983e-001  8.448532e-001  1.305985e-004
    outer loop
      vertex  1.670834e+001  2.787618e+001  7.300000e+001
      vertex  1.805603e+001  2.702276e+001  7.300000e+001
      vertex  1.749595e+001  2.738871e+001  0.000000e+000
    endloop
  endfacet
  facet normal  5.589994e-001  8.291680e-001 -1.321752e-004
    outer loop
      vertex  1.882790e+001  2.649076e+001  0.000000e+000
      vertex  1.749595e+001  2.738871e+001  0.000000e+000
      vertex  1.805603e+001  2.702276e+001  7.300000e+001
    endloop
  endfacet
  facet normal  5.758082e-001  8.175848e-001  1.299686e-004
    outer loop
      vertex  1.805603e+001  2.702276e+001  7.300000e+001
      vertex  1.936023e+001  2.610424e+001  7.300000e+001
      vertex  1.882790e+001  2.649076e+001  0.000000e+000
    endloop
  endfacet
  facet normal  5.992866e-001  8.005345e-001 -1.315174e-004
    outer loop
      vertex  2.011384e+001  2.552809e+001  0.000000e+000
      vertex  1.882790e+001  2.649076e+001  0.000000e+000
      vertex  1.936023e+001  2.610424e+001  7.300000e+001
    endloop
  endfacet
  facet normal  6.152315e-001  7.883465e-001  1.292842e-004
    outer loop
      vertex  1.936023e+001  2.610424e+001  7.300000e+001
      vertex  2.061778e+001  2.512284e+001  7.300000e+001
      vertex  2.011384e+001  2.552809e+001  0.000000e+000
    endloop
  endfacet
  facet normal  6.381102e-001  7.699451e-001 -1.308066e-004
    outer loop
      vertex  2.135065e+001  2.450305e+001  0.000000e+000
      vertex  2.011384e+001  2.552809e+001  0.000000e+000
      vertex  2.061778e+001  2.512284e+001  7.300000e+001
    endloop
  endfacet
  facet normal  6.531727e-001  7.572089e-001  1.285444e-004
    outer loop
      vertex  2.061778e+001  2.512284e+001  7.300000e+001
      vertex  2.182567e+001  2.408091e+001  7.300000e+001
      vertex  2.135065e+001  2.450305e+001  0.000000e+000
    endloop
  endfacet
  facet normal  6.753750e-001  7.374745e-001 -1.300467e-004
    outer loop
      vertex  2.253530e+001  2.341816e+001  0.000000e+000
      vertex  2.135065e+001  2.450305e+001  0.000000e+000
      vertex  2.182567e+001  2.408091e+001  7.300000e+001
    endloop
  endfacet
  facet normal  6.895407e-001  7.242470e-001  1.277503e-004
    outer loop
      vertex  2.182567e+001  2.408091e+001  7.300000e+001
      vertex  2.298097e+001  2.298097e+001  7.300000e+001
      vertex  2.253530e+001  2.341816e+001  0.000000e+000
    endloop
  endfacet
  facet normal  7.109895e-001  7.032026e-001 -1.292264e-004
    outer loop
      vertex  2.366490e+001  2.227605e+001  0.000000e+000
      vertex  2.253530e+001  2.341816e+001  0.000000e+000
      vertex  2.298097e+001  2.298097e+001  7.300000e+001
    endloop
  endfacet
  facet normal  7.242470e-001  6.895407e-001  1.269072e-004
    outer loop
      vertex  2.298097e+001  2.298097e+001  7.300000e+001
      vertex  2.408091e+001  2.182567e+001  7.300000e+001
      vertex  2.366490e+001  2.227605e+001  0.000000e+000
    endloop
  endfacet
  facet normal  7.448670e-001  6.672129e-001 -1.283574e-004
    outer loop
      vertex  2.473668e+001  2.107953e+001  0.000000e+000
      vertex  2.366490e+001  2.227605e+001  0.000000e+000
      vertex  2.408091e+001  2.182567e+001  7.300000e+001
    endloop
  endfacet
  facet normal  7.572089e-001  6.531727e-001  1.260187e-004
    outer loop
      vertex  2.408091e+001  2.182567e+001  7.300000e+001
      vertex  2.512284e+001  2.061778e+001  7.300000e+001
      vertex  2.473668e+001  2.107953e+001  0.000000e+000
    endloop
  endfacet
  facet normal  7.769255e-001  6.295927e-001 -1.274273e-004
    outer loop
      vertex  2.574804e+001  1.983150e+001  0.000000e+000
      vertex  2.473668e+001  2.107953e+001  0.000000e+000
      vertex  2.512284e+001  2.061778e+001  7.300000e+001
    endloop
  endfacet
  facet normal  7.883465e-001  6.152315e-001  1.250701e-004
    outer loop
      vertex  2.512284e+001  2.061778e+001  7.300000e+001
      vertex  2.610424e+001  1.936023e+001  7.300000e+001
      vertex  2.574804e+001  1.983150e+001  0.000000e+000
    endloop
  endfacet
  facet normal  8.070852e-001  5.904350e-001 -1.264488e-004
    outer loop
      vertex  2.669649e+001  1.853503e+001  0.000000e+000
      vertex  2.574804e+001  1.983150e+001  0.000000e+000
      vertex  2.610424e+001  1.936023e+001  7.300000e+001
    endloop
  endfacet
  facet normal  8.175848e-001  5.758082e-001  1.240748e-004
    outer loop
      vertex  2.610424e+001  1.936023e+001  7.300000e+001
      vertex  2.702276e+001  1.805603e+001  7.300000e+001
      vertex  2.669649e+001  1.853503e+001  0.000000e+000
    endloop
  endfacet
  facet normal  8.352738e-001  5.498342e-001 -1.254188e-004
    outer loop
      vertex  2.757972e+001  1.719328e+001  0.000000e+000
      vertex  2.669649e+001  1.853503e+001  0.000000e+000
      vertex  2.702276e+001  1.805603e+001  7.300000e+001
    endloop
  endfacet
  facet normal  8.448532e-001  5.349983e-001  1.230054e-004
    outer loop
      vertex  2.702276e+001  1.805603e+001  7.300000e+001
      vertex  2.787618e+001  1.670834e+001  7.300000e+001
      vertex  2.757972e+001  1.719328e+001  0.000000e+000
    endloop
  endfacet
  facet normal  8.614219e-001  5.078901e-001 -1.243627e-004
    outer loop
      vertex  2.839558e+001  1.580953e+001  0.000000e+000
      vertex  2.757972e+001  1.719328e+001  0.000000e+000
      vertex  2.787618e+001  1.670834e+001  7.300000e+001
    endloop
  endfacet
  facet normal  8.700873e-001  4.928977e-001  1.218866e-004
    outer loop
      vertex  2.787618e+001  1.670834e+001  7.300000e+001
      vertex  2.866244e+001  1.532039e+001  7.300000e+001
      vertex  2.839558e+001  1.580953e+001  0.000000e+000
    endloop
  endfacet
  facet normal  8.854647e-001  4.647067e-001 -1.232204e-004
    outer loop
      vertex  2.914206e+001  1.438715e+001  0.000000e+000
      vertex  2.839558e+001  1.580953e+001  0.000000e+000
      vertex  2.866244e+001  1.532039e+001  7.300000e+001
    endloop
  endfacet
  facet normal  8.932243e-001  4.496112e-001  1.207440e-004
    outer loop
      vertex  2.866244e+001  1.532039e+001  7.300000e+001
      vertex  2.937965e+001  1.389554e+001  7.300000e+001
      vertex  2.914206e+001  1.438715e+001  0.000000e+000
    endloop
  endfacet
  facet normal  9.073449e-001  4.203869e-001 -1.220226e-004
    outer loop
      vertex  2.981736e+001  1.292963e+001  0.000000e+000
      vertex  2.914206e+001  1.438715e+001  0.000000e+000
      vertex  2.937965e+001  1.389554e+001  7.300000e+001
    endloop
  endfacet
  facet normal  9.142097e-001  4.052415e-001  1.195355e-004
    outer loop
      vertex  2.937965e+001  1.389554e+001  7.300000e+001
      vertex  3.002608e+001  1.243721e+001  7.300000e+001
      vertex  2.981736e+001  1.292963e+001  0.000000e+000
    endloop
  endfacet
  facet normal  9.270087e-001  3.750398e-001 -1.207851e-004
    outer loop
      vertex  3.041981e+001  1.144052e+001  0.000000e+000
      vertex  2.981736e+001  1.292963e+001  0.000000e+000
      vertex  3.002608e+001  1.243721e+001  7.300000e+001
    endloop
  endfacet
  facet normal  9.329930e-001  3.598946e-001  1.182730e-004
    outer loop
      vertex  3.002608e+001  1.243721e+001  7.300000e+001
      vertex  3.060018e+001  1.094892e+001  7.300000e+001
      vertex  3.041981e+001  1.144052e+001  0.000000e+000
    endloop
  endfacet
  facet normal  9.444078e-001  3.287764e-001 -1.194888e-004
    outer loop
      vertex  3.094794e+001  9.923459e+000  0.000000e+000
      vertex  3.041981e+001  1.144052e+001  0.000000e+000
      vertex  3.060018e+001  1.094892e+001  7.300000e+001
    endloop
  endfacet
  facet normal  9.495281e-001  3.136822e-001  1.169383e-004
    outer loop
      vertex  3.060018e+001  1.094892e+001  7.300000e+001
      vertex  3.110056e+001  9.434252e+000  7.300000e+001
      vertex  3.094794e+001  9.923459e+000  0.000000e+000
    endloop
  endfacet
  facet normal  9.594993e-001  2.817111e-001 -1.181614e-004
    outer loop
      vertex  3.140047e+001  8.382156e+000  0.000000e+000
      vertex  3.094794e+001  9.923459e+000  0.000000e+000
      vertex  3.110056e+001  9.434252e+000  7.300000e+001
    endloop
  endfacet
  facet normal  9.637760e-001  2.667129e-001  1.155665e-004
    outer loop
      vertex  3.110056e+001  9.434252e+000  7.300000e+001
      vertex  3.152602e+001  7.896856e+000  7.300000e+001
      vertex  3.140047e+001  8.382156e+000  0.000000e+000
    endloop
  endfacet
  facet normal  9.722471e-001  2.339564e-001 -1.167663e-004
    outer loop
      vertex  3.177629e+001  6.820377e+000  0.000000e+000
      vertex  3.140047e+001  8.382156e+000  0.000000e+000
      vertex  3.152602e+001  7.896856e+000  7.300000e+001
    endloop
  endfacet
  facet normal  9.899705e-001  1.412734e-001 -2.681581e-004
    outer loop
      vertex  3.207448e+001  5.241935e+000  5.000000e+001
      vertex  3.214824e+001  4.768741e+000  7.300000e+001
      vertex  3.226041e+001  3.938992e+000  5.000000e+001
    endloop
  endfacet
  facet normal  9.924795e-001  1.224105e-001  4.245773e-004
    outer loop
      vertex  3.214824e+001  4.768741e+000  7.300000e+001
      vertex  3.234350e+001  3.185557e+000  7.300000e+001
      vertex  3.226041e+001  3.938992e+000  5.000000e+001
    endloop
  endfacet
  facet normal  9.948788e-001  1.010756e-001 -2.829796e-004
    outer loop
      vertex  3.226041e+001  3.938992e+000  5.000000e+001
      vertex  3.234350e+001  3.185557e+000  7.300000e+001
      vertex  3.239344e+001  2.629589e+000  5.000000e+001
    endloop
  endfacet
  facet normal  9.972903e-001  7.356631e-002  3.872247e-004
    outer loop
      vertex  3.239344e+001  2.629589e+000  5.000000e+001
      vertex  3.234350e+001  3.185557e+000  7.300000e+001
      vertex  3.246085e+001  1.594699e+000  7.300000e+001
    endloop
  endfacet
  facet normal -9.899705e-001  1.412734e-001 -2.681582e-004
    outer loop
      vertex -3.207448e+001  5.241935e+000  5.000000e+001
      vertex -3.226041e+001  3.938992e+000  5.000000e+001
      vertex -3.214824e+001  4.768741e+000  7.300000e+001
    endloop
  endfacet
  facet normal -9.852776e-001  1.709617e-001  3.576893e-004
    outer loop
      vertex -3.207448e+001  5.241935e+000  5.000000e+001
      vertex -3.214824e+001  4.768741e+000  7.300000e+001
      vertex -3.187552e+001  6.340436e+000  7.300000e+001
    endloop
  endfacet
  facet normal -9.834515e-001  1.811717e-001 -1.457474e-004
    outer loop
      vertex -3.207448e+001  5.241935e+000  5.000000e+001
      vertex -3.187552e+001  6.340436e+000  7.300000e+001
      vertex -3.177629e+001  6.820377e+000  0.000000e+000
    endloop
  endfacet
  facet normal -9.826195e-001  1.856314e-001  0.000000e+000
    outer loop
      vertex -3.207448e+001  5.241935e+000  5.000000e+001
      vertex -3.177629e+001  6.820377e+000  0.000000e+000
      vertex -3.207448e+001  5.241935e+000  0.000000e+000
    endloop
  endfacet
  facet normal  9.852776e-001  1.709617e-001  3.576893e-004
    outer loop
      vertex  3.187552e+001  6.340436e+000  7.300000e+001
      vertex  3.214824e+001  4.768741e+000  7.300000e+001
      vertex  3.207448e+001  5.241935e+000  5.000000e+001
    endloop
  endfacet
  facet normal  9.839910e-001  1.782178e-001  0.000000e+000
    outer loop
      vertex  3.187552e+001  6.340436e+000  7.300000e+001
      vertex  3.207448e+001  5.241935e+000  5.000000e+001
      vertex  3.207448e+001  5.241935e+000  0.000000e+000
    endloop
  endfacet
  facet normal  9.826195e-001  1.856314e-001 -1.152963e-004
    outer loop
      vertex  3.187552e+001  6.340436e+000  7.300000e+001
      vertex  3.207448e+001  5.241935e+000  0.000000e+000
      vertex  3.177629e+001  6.820377e+000  0.000000e+000
    endloop
  endfacet
  facet normal  9.757023e-001  2.191004e-001  1.141503e-004
    outer loop
      vertex  3.187552e+001  6.340436e+000  7.300000e+001
      vertex  3.177629e+001  6.820377e+000  0.000000e+000
      vertex  3.152602e+001  7.896856e+000  7.300000e+001
    endloop
  endfacet
  facet normal -9.997950e-001  2.024815e-002  0.000000e+000
    outer loop
      vertex -3.250000e+001  3.980102e-015  5.000000e+001
      vertex -3.250000e+001  3.980102e-015  7.300000e+001
      vertex -3.247335e+001  1.315874e+000  5.000000e+001
    endloop
  endfacet
  facet normal -9.996988e-001  2.454044e-002  2.456816e-004
    outer loop
      vertex -3.247335e+001  1.315874e+000  5.000000e+001
      vertex -3.250000e+001  3.980102e-015  7.300000e+001
      vertex -3.246085e+001  1.594699e+000  7.300000e+001
    endloop
  endfacet
  facet normal -9.981553e-001  6.071258e-002 -1.936668e-004
    outer loop
      vertex -3.247335e+001  1.315874e+000  5.000000e+001
      vertex -3.246085e+001  1.594699e+000  7.300000e+001
      vertex -3.239344e+001  2.629589e+000  5.000000e+001
    endloop
  endfacet
  facet normal  9.996988e-001  2.454044e-002  -0.000000e+000
    outer loop
      vertex  3.250000e+001  0.000000e+000  7.300000e+001
      vertex  3.250000e+001  0.000000e+000  5.000000e+001
      vertex  3.246085e+001  1.594699e+000  7.300000e+001
    endloop
  endfacet
  facet normal  9.997950e-001  2.024815e-002  2.977687e-004
    outer loop
      vertex  3.246085e+001  1.594699e+000  7.300000e+001
      vertex  3.250000e+001  0.000000e+000  5.000000e+001
      vertex  3.247335e+001  1.315874e+000  5.000000e+001
    endloop
  endfacet
  facet normal  9.981553e-001  6.071258e-002 -1.936668e-004
    outer loop
      vertex  3.246085e+001  1.594699e+000  7.300000e+001
      vertex  3.247335e+001  1.315874e+000  5.000000e+001
      vertex  3.239344e+001  2.629589e+000  5.000000e+001
    endloop
  endfacet
  facet normal  0.000000e+000  0.000000e+000 -1.000000e+000
    outer loop
      vertex -1.150000e+002 -1.575000e+002  0.000000e+000
      vertex -1.150000e+002 -3.250000e+001  0.000000e+000
      vertex -7.648529e+001 -3.250000e+001  0.000000e+000
    endloop
  endfacet
  facet normal  0.000000e+000  -0.000000e+000 -1.000000e+000
    outer loop
      vertex -1.150000e+002 -1.575000e+002  0.000000e+000
      vertex -7.648529e+001 -3.250000e+001  0.000000e+000
      vertex  7.648529e+001 -3.250000e+001  0.000000e+000
    endloop
  endfacet
  facet normal  0.000000e+000  -0.000000e+000 -1.000000e+000
    outer loop
      vertex -1.150000e+002 -1.575000e+002  0.000000e+000
      vertex  7.648529e+001 -3.250000e+001  0.000000e+000
      vertex  1.150000e+002 -3.250000e+001  0.000000e+000
    endloop
  endfacet
  facet normal  0.000000e+000  -0.000000e+000 -1.000000e+000
    outer loop
      vertex -1.150000e+002 -1.575000e+002  0.000000e+000
      vertex  1.150000e+002 -3.250000e+001  0.000000e+000
      vertex  1.150000e+002 -1.575000e+002  0.000000e+000
    endloop
  endfacet
  facet normal  0.000000e+000  0.000000e+000 -9.999999e-001
    outer loop
      vertex  3.331705e+001 -2.083742e-001  0.000000e+000
      vertex -3.282768e+001  1.590709e+000  0.000000e+000
      vertex  3.282768e+001  1.590709e+000  0.000000e+000
    endloop
  endfacet
  facet normal  0.000000e+000  0.000000e+000 -9.999999e-001
    outer loop
      vertex  3.282768e+001  1.590709e+000  0.000000e+000
      vertex -3.282768e+001  1.590709e+000  0.000000e+000
      vertex -3.241325e+001  3.408519e+000  0.000000e+000
    endloop
  endfacet
  facet normal  0.000000e+000  0.000000e+000 -1.000000e+000
    outer loop
      vertex  3.282768e+001  1.590709e+000  0.000000e+000
      vertex -3.241325e+001  3.408519e+000  0.000000e+000
      vertex  3.241325e+001  3.408519e+000  0.000000e+000
    endloop
  endfacet
  facet normal  0.000000e+000  0.000000e+000 -9.999999e-001
    outer loop
      vertex  3.241325e+001  3.408519e+000  0.000000e+000
      vertex -3.241325e+001  3.408519e+000  0.000000e+000
      vertex -3.207448e+001  5.241935e+000  0.000000e+000
    endloop
  endfacet
  facet normal  0.000000e+000  0.000000e+000 -1.000000e+000
    outer loop
      vertex  3.241325e+001  3.408519e+000  0.000000e+000
      vertex -3.207448e+001  5.241935e+000  0.000000e+000
      vertex  3.207448e+001  5.241935e+000  0.000000e+000
    endloop
  endfacet
  facet normal  0.000000e+000  0.000000e+000 -1.000000e+000
    outer loop
      vertex  3.207448e+001  5.241935e+000  0.000000e+000
      vertex -3.207448e+001  5.241935e+000  0.000000e+000
      vertex -3.177629e+001  6.820377e+000  0.000000e+000
    endloop
  endfacet
  facet normal  0.000000e+000  0.000000e+000 -1.000000e+000
    outer loop
      vertex  3.207448e+001  5.241935e+000  0.000000e+000
      vertex -3.177629e+001  6.820377e+000  0.000000e+000
      vertex  3.177629e+001  6.820377e+000  0.000000e+000
    endloop
  endfacet
  facet normal  0.000000e+000  0.000000e+000 -9.999999e-001
    outer loop
      vertex  3.177629e+001  6.820377e+000  0.000000e+000
      vertex -3.177629e+001  6.820377e+000  0.000000e+000
      vertex -3.140047e+001  8.382156e+000  0.000000e+000
    endloop
  endfacet
  facet normal  0.000000e+000  0.000000e+000 -1.000000e+000
    outer loop
      vertex  3.177629e+001  6.820377e+000  0.000000e+000
      vertex -3.140047e+001  8.382156e+000  0.000000e+000
      vertex  3.140047e+001  8.382156e+000  0.000000e+000
    endloop
  endfacet
  facet normal  0.000000e+000  0.000000e+000 -1.000000e+000
    outer loop
      vertex  3.140047e+001  8.382156e+000  0.000000e+000
      vertex -3.140047e+001  8.382156e+000  0.000000e+000
      vertex -3.094794e+001  9.923459e+000  0.000000e+000
    endloop
  endfacet
  facet normal  0.000000e+000  0.000000e+000 -1.000000e+000
    outer loop
      vertex  3.140047e+001  8.382156e+000  0.000000e+000
      vertex -3.094794e+001  9.923459e+000  0.000000e+000
      vertex  3.094794e+001  9.923459e+000  0.000000e+000
    endloop
  endfacet
  facet normal  0.000000e+000  0.000000e+000 -9.999999e-001
    outer loop
      vertex  3.094794e+001  9.923459e+000  0.000000e+000
      vertex -3.094794e+001  9.923459e+000  0.000000e+000
      vertex -3.041981e+001  1.144052e+001  0.000000e+000
    endloop
  endfacet
  facet normal  0.000000e+000  0.000000e+000 -1.000000e+000
    outer loop
      vertex  3.094794e+001  9.923459e+000  0.000000e+000
      vertex -3.041981e+001  1.144052e+001  0.000000e+000
      vertex  3.041981e+001  1.144052e+001  0.000000e+000
    endloop
  endfacet
  facet normal  0.000000e+000  0.000000e+000 -9.999999e-001
    outer loop
      vertex  3.041981e+001  1.144052e+001  0.000000e+000
      vertex -3.041981e+001  1.144052e+001  0.000000e+000
      vertex -2.981736e+001  1.292963e+001  0.000000e+000
    endloop
  endfacet
  facet normal  0.000000e+000  0.000000e+000 -1.000000e+000
    outer loop
      vertex  3.041981e+001  1.144052e+001  0.000000e+000
      vertex -2.981736e+001  1.292963e+001  0.000000e+000
      vertex  2.981736e+001  1.292963e+001  0.000000e+000
    endloop
  endfacet
  facet normal  0.000000e+000  0.000000e+000 -1.000000e+000
    outer loop
      vertex  2.981736e+001  1.292963e+001  0.000000e+000
      vertex -2.981736e+001  1.292963e+001  0.000000e+000
      vertex -2.914206e+001  1.438715e+001  0.000000e+000
    endloop
  endfacet
  facet normal  0.000000e+000  0.000000e+000 -1.000000e+000
    outer loop
      vertex  2.981736e+001  1.292963e+001  0.000000e+000
      vertex -2.914206e+001  1.438715e+001  0.000000e+000
      vertex  2.914206e+001  1.438715e+001  0.000000e+000
    endloop
  endfacet
  facet normal  0.000000e+000  0.000000e+000 -1.000000e+000
    outer loop
      vertex  2.914206e+001  1.438715e+001  0.000000e+000
      vertex -2.914206e+001  1.438715e+001  0.000000e+000
      vertex -2.839558e+001  1.580953e+001  0.000000e+000
    endloop
  endfacet
  facet normal  0.000000e+000  0.000000e+000 -1.000000e+000
    outer loop
      vertex  2.914206e+001  1.438715e+001  0.000000e+000
      vertex -2.839558e+001  1.580953e+001  0.000000e+000
      vertex  2.839558e+001  1.580953e+001  0.000000e+000
    endloop
  endfacet
  facet normal  0.000000e+000  0.000000e+000 -1.000000e+000
    outer loop
      vertex  2.839558e+001  1.580953e+001  0.000000e+000
      vertex -2.839558e+001  1.580953e+001  0.000000e+000
      vertex -2.757972e+001  1.719328e+001  0.000000e+000
    endloop
  endfacet
  facet normal  0.000000e+000  0.000000e+000 -1.000000e+000
    outer loop
      vertex  2.839558e+001  1.580953e+001  0.000000e+000
      vertex -2.757972e+001  1.719328e+001  0.000000e+000
      vertex  2.757972e+001  1.719328e+001  0.000000e+000
    endloop
  endfacet
  facet normal  0.000000e+000  0.000000e+000 -1.000000e+000
    outer loop
      vertex  2.757972e+001  1.719328e+001  0.000000e+000
      vertex -2.757972e+001  1.719328e+001  0.000000e+000
      vertex -2.669649e+001  1.853503e+001  0.000000e+000
    endloop
  endfacet
  facet normal  0.000000e+000  0.000000e+000 -1.000000e+000
    outer loop
      vertex  2.757972e+001  1.719328e+001  0.000000e+000
      vertex -2.669649e+001  1.853503e+001  0.000000e+000
      vertex  2.669649e+001  1.853503e+001  0.000000e+000
    endloop
  endfacet
  facet normal  0.000000e+000  0.000000e+000 -1.000000e+000
    outer loop
      vertex  2.669649e+001  1.853503e+001  0.000000e+000
      vertex -2.669649e+001  1.853503e+001  0.000000e+000
      vertex -2.574804e+001  1.983150e+001  0.000000e+000
    endloop
  endfacet
  facet normal  0.000000e+000  0.000000e+000 -1.000000e+000
    outer loop
      vertex  2.669649e+001  1.853503e+001  0.000000e+000
      vertex -2.574804e+001  1.983150e+001  0.000000e+000
      vertex  2.574804e+001  1.983150e+001  0.000000e+000
    endloop
  endfacet
  facet normal  0.000000e+000  0.000000e+000 -1.000000e+000
    outer loop
      vertex  2.574804e+001  1.983150e+001  0.000000e+000
      vertex -2.574804e+001  1.983150e+001  0.000000e+000
      vertex -2.473668e+001  2.107953e+001  0.000000e+000
    endloop
  endfacet
  facet normal  0.000000e+000  0.000000e+000 -1.000000e+000
    outer loop
      vertex  2.574804e+001  1.983150e+001  0.000000e+000
      vertex -2.473668e+001  2.107953e+001  0.000000e+000
      vertex  2.473668e+001  2.107953e+001  0.000000e+000
    endloop
  endfacet
  facet normal  0.000000e+000  0.000000e+000 -1.000000e+000
    outer loop
      vertex  2.473668e+001  2.107953e+001  0.000000e+000
      vertex -2.473668e+001  2.107953e+001  0.000000e+000
      vertex -2.366490e+001  2.227605e+001  0.000000e+000
    endloop
  endfacet
  facet normal  0.000000e+000  0.000000e+000 -9.999999e-001
    outer loop
      vertex  2.473668e+001  2.107953e+001  0.000000e+000
      vertex -2.366490e+001  2.227605e+001  0.000000e+000
      vertex  2.366490e+001  2.227605e+001  0.000000e+000
    endloop
  endfacet
  facet normal  0.000000e+000  0.000000e+000 -1.000000e+000
    outer loop
      vertex  2.366490e+001  2.227605e+001  0.000000e+000
      vertex -2.366490e+001  2.227605e+001  0.000000e+000
      vertex -2.253530e+001  2.341816e+001  0.000000e+000
    endloop
  endfacet
  facet normal  0.000000e+000  0.000000e+000 -1.000000e+000
    outer loop
      vertex  2.366490e+001  2.227605e+001  0.000000e+000
      vertex -2.253530e+001  2.341816e+001  0.000000e+000
      vertex  2.253530e+001  2.341816e+001  0.000000e+000
    endloop
  endfacet
  facet normal  0.000000e+000  0.000000e+000 -1.000000e+000
    outer loop
      vertex  2.253530e+001  2.341816e+001  0.000000e+000
      vertex -2.253530e+001  2.341816e+001  0.000000e+000
      vertex -2.135065e+001  2.450305e+001  0.000000e+000
    endloop
  endfacet
  facet normal  0.000000e+000  0.000000e+000 -1.000000e+000
    outer loop
      vertex  2.253530e+001  2.341816e+001  0.000000e+000
      vertex -2.135065e+001  2.450305e+001  0.000000e+000
      vertex  2.135065e+001  2.450305e+001  0.000000e+000
    endloop
  endfacet
  facet normal  0.000000e+000  0.000000e+000 -1.000000e+000
    outer loop
      vertex  2.135065e+001  2.450305e+001  0.000000e+000
      vertex -2.135065e+001  2.450305e+001  0.000000e+000
      vertex -2.011384e+001  2.552809e+001  0.000000e+000
    endloop
  endfacet
  facet normal  0.000000e+000  0.000000e+000 -1.000000e+000
    outer loop
      vertex  2.135065e+001  2.450305e+001  0.000000e+000
      vertex -2.011384e+001  2.552809e+001  0.000000e+000
      vertex  2.011384e+001  2.552809e+001  0.000000e+000
    endloop
  endfacet
  facet normal  0.000000e+000  0.000000e+000 -1.000000e+000
    outer loop
      vertex  2.011384e+001  2.552809e+001  0.000000e+000
      vertex -2.011384e+001  2.552809e+001  0.000000e+000
      vertex -1.882790e+001  2.649076e+001  0.000000e+000
    endloop
  endfacet
  facet normal  0.000000e+000  0.000000e+000 -1.000000e+000
    outer loop
      vertex  2.011384e+001  2.552809e+001  0.000000e+000
      vertex -1.882790e+001  2.649076e+001  0.000000e+000
      vertex  1.882790e+001  2.649076e+001  0.000000e+000
    endloop
  endfacet
  facet normal  0.000000e+000  0.000000e+000 -1.000000e+000
    outer loop
      vertex  1.882790e+001  2.649076e+001  0.000000e+000
      vertex -1.882790e+001  2.649076e+001  0.000000e+000
      vertex -1.749595e+001  2.738871e+001  0.000000e+000
    endloop
  endfacet
  facet normal  0.000000e+000  0.000000e+000 -9.999999e-001
    outer loop
      vertex  1.882790e+001  2.649076e+001  0.000000e+000
      vertex -1.749595e+001  2.738871e+001  0.000000e+000
      vertex  1.749595e+001  2.738871e+001  0.000000e+000
    endloop
  endfacet
  facet normal  0.000000e+000  0.000000e+000 -1.000000e+000
    outer loop
      vertex  1.749595e+001  2.738871e+001  0.000000e+000
      vertex -1.749595e+001  2.738871e+001  0.000000e+000
      vertex -1.612127e+001  2.821976e+001  0.000000e+000
    endloop
  endfacet
  facet normal  0.000000e+000  0.000000e+000 -1.000000e+000
    outer loop
      vertex  1.749595e+001  2.738871e+001  0.000000e+000
      vertex -1.612127e+001  2.821976e+001  0.000000e+000
      vertex  1.612127e+001  2.821976e+001  0.000000e+000
    endloop
  endfacet
  facet normal  0.000000e+000  0.000000e+000 -1.000000e+000
    outer loop
      vertex  1.612127e+001  2.821976e+001  0.000000e+000
      vertex -1.612127e+001  2.821976e+001  0.000000e+000
      vertex -1.470720e+001  2.898186e+001  0.000000e+000
    endloop
  endfacet
  facet normal  0.000000e+000  0.000000e+000 -1.000000e+000
    outer loop
      vertex  1.612127e+001  2.821976e+001  0.000000e+000
      vertex -1.470720e+001  2.898186e+001  0.000000e+000
      vertex  1.470720e+001  2.898186e+001  0.000000e+000
    endloop
  endfacet
  facet normal  0.000000e+000  0.000000e+000 -1.000000e+000
    outer loop
      vertex  1.470720e+001  2.898186e+001  0.000000e+000
      vertex -1.470720e+001  2.898186e+001  0.000000e+000
      vertex -1.325720e+001  2.967316e+001  0.000000e+000
    endloop
  endfacet
  facet normal  0.000000e+000  0.000000e+000 -1.000000e+000
    outer loop
      vertex  1.470720e+001  2.898186e+001  0.000000e+000
      vertex -1.325720e+001  2.967316e+001  0.000000e+000
      vertex  1.325720e+001  2.967316e+001  0.000000e+000
    endloop
  endfacet
  facet normal  0.000000e+000  0.000000e+000 -1.000000e+000
    outer loop
      vertex  1.325720e+001  2.967316e+001  0.000000e+000
      vertex -1.325720e+001  2.967316e+001  0.000000e+000
      vertex -1.177481e+001  3.029198e+001  0.000000e+000
    endloop
  endfacet
  facet normal  0.000000e+000  0.000000e+000 -9.999999e-001
    outer loop
      vertex  1.325720e+001  2.967316e+001  0.000000e+000
      vertex -1.177481e+001  3.029198e+001  0.000000e+000
      vertex  1.177481e+001  3.029198e+001  0.000000e+000
    endloop
  endfacet
  facet normal  0.000000e+000  0.000000e+000 -9.999999e-001
    outer loop
      vertex  1.177481e+001  3.029198e+001  0.000000e+000
      vertex -1.177481e+001  3.029198e+001  0.000000e+000
      vertex -1.026366e+001  3.083678e+001  0.000000e+000
    endloop
  endfacet
  facet normal  0.000000e+000  0.000000e+000 -1.000000e+000
    outer loop
      vertex  1.177481e+001  3.029198e+001  0.000000e+000
      vertex -1.026366e+001  3.083678e+001  0.000000e+000
      vertex  1.026366e+001  3.083678e+001  0.000000e+000
    endloop
  endfacet
  facet normal  0.000000e+000  0.000000e+000 -1.000000e+000
    outer loop
      vertex  1.026366e+001  3.083678e+001  0.000000e+000
      vertex -1.026366e+001  3.083678e+001  0.000000e+000
      vertex -8.727435e+000  3.130626e+001  0.000000e+000
    endloop
  endfacet
  facet normal  0.000000e+000  0.000000e+000 -1.000000e+000
    outer loop
      vertex  1.026366e+001  3.083678e+001  0.000000e+000
      vertex -8.727435e+000  3.130626e+001  0.000000e+000
      vertex  8.727435e+000  3.130626e+001  0.000000e+000
    endloop
  endfacet
  facet normal  0.000000e+000  0.000000e+000 -9.999999e-001
    outer loop
      vertex  8.727435e+000  3.130626e+001  0.000000e+000
      vertex -8.727435e+000  3.130626e+001  0.000000e+000
      vertex -7.169889e+000  3.169925e+001  0.000000e+000
    endloop
  endfacet
  facet normal  0.000000e+000  0.000000e+000 -1.000000e+000
    outer loop
      vertex  8.727435e+000  3.130626e+001  0.000000e+000
      vertex -7.169889e+000  3.169925e+001  0.000000e+000
      vertex  7.169889e+000  3.169925e+001  0.000000e+000
    endloop
  endfacet
  facet normal  0.000000e+000  0.000000e+000 -1.000000e+000
    outer loop
      vertex  7.169889e+000  3.169925e+001  0.000000e+000
      vertex -7.169889e+000  3.169925e+001  0.000000e+000
      vertex -5.594827e+000  3.201481e+001  0.000000e+000
    endloop
  endfacet
  facet normal  0.000000e+000  0.000000e+000 -9.999999e-001
    outer loop
      vertex  7.169889e+000  3.169925e+001  0.000000e+000
      vertex -5.594827e+000  3.201481e+001  0.000000e+000
      vertex  5.594827e+000  3.201481e+001  0.000000e+000
    endloop
  endfacet
  facet normal  0.000000e+000  0.000000e+000 -1.000000e+000
    outer loop
      vertex  5.594827e+000  3.201481e+001  0.000000e+000
      vertex -5.594827e+000  3.201481e+001  0.000000e+000
      vertex -4.006096e+000  3.225215e+001  0.000000e+000
    endloop
  endfacet
  facet normal  0.000000e+000  0.000000e+000 -1.000000e+000
    outer loop
      vertex  5.594827e+000  3.201481e+001  0.000000e+000
      vertex -4.006096e+000  3.225215e+001  0.000000e+000
      vertex  4.006096e+000  3.225215e+001  0.000000e+000
    endloop
  endfacet
  facet normal  0.000000e+000  0.000000e+000 -1.000000e+000
    outer loop
      vertex  4.006096e+000  3.225215e+001  0.000000e+000
      vertex -4.006096e+000  3.225215e+001  0.000000e+000
      vertex -2.407579e+000  3.241070e+001  0.000000e+000
    endloop
  endfacet
  facet normal  0.000000e+000  0.000000e+000 -1.000000e+000
    outer loop
      vertex  4.006096e+000  3.225215e+001  0.000000e+000
      vertex -2.407579e+000  3.241070e+001  0.000000e+000
      vertex  2.407579e+000  3.241070e+001  0.000000e+000
    endloop
  endfacet
  facet normal  0.000000e+000  0.000000e+000 -1.000000e+000
    outer loop
      vertex  2.407579e+000  3.241070e+001  0.000000e+000
      vertex -2.407579e+000  3.241070e+001  0.000000e+000
      vertex -8.031805e-001  3.249007e+001  0.000000e+000
    endloop
  endfacet
  facet normal  0.000000e+000  0.000000e+000 -1.000000e+000
    outer loop
      vertex  2.407579e+000  3.241070e+001  0.000000e+000
      vertex -8.031805e-001  3.249007e+001  0.000000e+000
      vertex  8.031805e-001  3.249007e+001  0.000000e+000
    endloop
  endfacet
  facet normal  0.000000e+000  0.000000e+000 -1.000000e+000
    outer loop
      vertex -3.282768e+001  1.590709e+000  0.000000e+000
      vertex  3.331705e+001 -2.083742e-001  0.000000e+000
      vertex -3.331705e+001 -2.083742e-001  0.000000e+000
    endloop
  endfacet
  facet normal  0.000000e+000  0.000000e+000 -1.000000e+000
    outer loop
      vertex -3.331705e+001 -2.083742e-001  0.000000e+000
      vertex  3.331705e+001 -2.083742e-001  0.000000e+000
      vertex  3.388052e+001 -1.985641e+000  0.000000e+000
    endloop
  endfacet
  facet normal  0.000000e+000  0.000000e+000 -1.000000e+000
    outer loop
      vertex -3.331705e+001 -2.083742e-001  0.000000e+000
      vertex  3.388052e+001 -1.985641e+000  0.000000e+000
      vertex -3.388052e+001 -1.985641e+000  0.000000e+000
    endloop
  endfacet
  facet normal  0.000000e+000  0.000000e+000 -9.999999e-001
    outer loop
      vertex -3.388052e+001 -1.985641e+000  0.000000e+000
      vertex  3.388052e+001 -1.985641e+000  0.000000e+000
      vertex  3.451714e+001 -3.738042e+000  0.000000e+000
    endloop
  endfacet
  facet normal  0.000000e+000  0.000000e+000 -1.000000e+000
    outer loop
      vertex -3.388052e+001 -1.985641e+000  0.000000e+000
      vertex  3.451714e+001 -3.738042e+000  0.000000e+000
      vertex -3.451714e+001 -3.738042e+000  0.000000e+000
    endloop
  endfacet
  facet normal  0.000000e+000  0.000000e+000 -1.000000e+000
    outer loop
      vertex -3.451714e+001 -3.738042e+000  0.000000e+000
      vertex  3.451714e+001 -3.738042e+000  0.000000e+000
      vertex  3.522580e+001 -5.462568e+000  0.000000e+000
    endloop
  endfacet
  facet normal  0.000000e+000  0.000000e+000 -1.000000e+000
    outer loop
      vertex -3.451714e+001 -3.738042e+000  0.000000e+000
      vertex  3.522580e+001 -5.462568e+000  0.000000e+000
      vertex -3.522580e+001 -5.462568e+000  0.000000e+000
    endloop
  endfacet
  facet normal  0.000000e+000  0.000000e+000 -1.000000e+000
    outer loop
      vertex -3.522580e+001 -5.462568e+000  0.000000e+000
      vertex  3.522580e+001 -5.462568e+000  0.000000e+000
      vertex  3.600528e+001 -7.156259e+000  0.000000e+000
    endloop
  endfacet
  facet normal  0.000000e+000  0.000000e+000 -1.000000e+000
    outer loop
      vertex -3.522580e+001 -5.462568e+000  0.000000e+000
      vertex  3.600528e+001 -7.156259e+000  0.000000e+000
      vertex -3.600528e+001 -7.156259e+000  0.000000e+000
    endloop
  endfacet
  facet normal  0.000000e+000  0.000000e+000 -1.000000e+000
    outer loop
      vertex -3.600528e+001 -7.156259e+000  0.000000e+000
      vertex  3.600528e+001 -7.156259e+000  0.000000e+000
      vertex  3.685425e+001 -8.816207e+000  0.000000e+000
    endloop
  endfacet
  facet normal  0.000000e+000  0.000000e+000 -1.000000e+000
    outer loop
      vertex -3.600528e+001 -7.156259e+000  0.000000e+000
      vertex  3.685425e+001 -8.816207e+000  0.000000e+000
      vertex -3.685425e+001 -8.816207e+000  0.000000e+000
    endloop
  endfacet
  facet normal  0.000000e+000  0.000000e+000 -1.000000e+000
    outer loop
      vertex -3.685425e+001 -8.816207e+000  0.000000e+000
      vertex  3.685425e+001 -8.816207e+000  0.000000e+000
      vertex  3.777126e+001 -1.043956e+001  0.000000e+000
    endloop
  endfacet
  facet normal  0.000000e+000  0.000000e+000 -1.000000e+000
    outer loop
      vertex -3.685425e+001 -8.816207e+000  0.000000e+000
      vertex  3.777126e+001 -1.043956e+001  0.000000e+000
      vertex -3.777126e+001 -1.043956e+001  0.000000e+000
    endloop
  endfacet
  facet normal  0.000000e+000  0.000000e+000 -9.999999e-001
    outer loop
      vertex -3.777126e+001 -1.043956e+001  0.000000e+000
      vertex  3.777126e+001 -1.043956e+001  0.000000e+000
      vertex  3.875472e+001 -1.202354e+001  0.000000e+000
    endloop
  endfacet
  facet normal  0.000000e+000  0.000000e+000 -1.000000e+000
    outer loop
      vertex -3.777126e+001 -1.043956e+001  0.000000e+000
      vertex  3.875472e+001 -1.202354e+001  0.000000e+000
      vertex -3.875472e+001 -1.202354e+001  0.000000e+000
    endloop
  endfacet
  facet normal  0.000000e+000  0.000000e+000 -9.999999e-001
    outer loop
      vertex -3.875472e+001 -1.202354e+001  0.000000e+000
      vertex  3.875472e+001 -1.202354e+001  0.000000e+000
      vertex  3.980296e+001 -1.356542e+001  0.000000e+000
    endloop
  endfacet
  facet normal  0.000000e+000  0.000000e+000 -1.000000e+000
    outer loop
      vertex -3.875472e+001 -1.202354e+001  0.000000e+000
      vertex  3.980296e+001 -1.356542e+001  0.000000e+000
      vertex -3.980296e+001 -1.356542e+001  0.000000e+000
    endloop
  endfacet
  facet normal  0.000000e+000  0.000000e+000 -9.999999e-001
    outer loop
      vertex -3.980296e+001 -1.356542e+001  0.000000e+000
      vertex  3.980296e+001 -1.356542e+001  0.000000e+000
      vertex  4.091416e+001 -1.506255e+001  0.000000e+000
    endloop
  endfacet
  facet normal  0.000000e+000  0.000000e+000 -1.000000e+000
    outer loop
      vertex -3.980296e+001 -1.356542e+001  0.000000e+000
      vertex  4.091416e+001 -1.506255e+001  0.000000e+000
      vertex -4.091416e+001 -1.506255e+001  0.000000e+000
    endloop
  endfacet
  facet normal  0.000000e+000  0.000000e+000 -1.000000e+000
    outer loop
      vertex -4.091416e+001 -1.506255e+001  0.000000e+000
      vertex  4.091416e+001 -1.506255e+001  0.000000e+000
      vertex  4.208642e+001 -1.651237e+001  0.000000e+000
    endloop
  endfacet
  facet normal  0.000000e+000  0.000000e+000 -1.000000e+000
    outer loop
      vertex -4.091416e+001 -1.506255e+001  0.000000e+000
      vertex  4.208642e+001 -1.651237e+001  0.000000e+000
      vertex -4.208642e+001 -1.651237e+001  0.000000e+000
    endloop
  endfacet
  facet normal  0.000000e+000  0.000000e+000 -1.000000e+000
    outer loop
      vertex -4.208642e+001 -1.651237e+001  0.000000e+000
      vertex  4.208642e+001 -1.651237e+001  0.000000e+000
      vertex  4.331774e+001 -1.791239e+001  0.000000e+000
    endloop
  endfacet
  facet normal  0.000000e+000  0.000000e+000 -1.000000e+000
    outer loop
      vertex -4.208642e+001 -1.651237e+001  0.000000e+000
      vertex  4.331774e+001 -1.791239e+001  0.000000e+000
      vertex -4.331774e+001 -1.791239e+001  0.000000e+000
    endloop
  endfacet
  facet normal  0.000000e+000  0.000000e+000 -1.000000e+000
    outer loop
      vertex -4.331774e+001 -1.791239e+001  0.000000e+000
      vertex  4.331774e+001 -1.791239e+001  0.000000e+000
      vertex  4.460599e+001 -1.926020e+001  0.000000e+000
    endloop
  endfacet
  facet normal  0.000000e+000  0.000000e+000 -1.000000e+000
    outer loop
      vertex -4.331774e+001 -1.791239e+001  0.000000e+000
      vertex  4.460599e+001 -1.926020e+001  0.000000e+000
      vertex -4.460599e+001 -1.926020e+001  0.000000e+000
    endloop
  endfacet
  facet normal  0.000000e+000  0.000000e+000 -1.000000e+000
    outer loop
      vertex -4.460599e+001 -1.926020e+001  0.000000e+000
      vertex  4.460599e+001 -1.926020e+001  0.000000e+000
      vertex  4.594897e+001 -2.055349e+001  0.000000e+000
    endloop
  endfacet
  facet normal  0.000000e+000  0.000000e+000 -1.000000e+000
    outer loop
      vertex -4.460599e+001 -1.926020e+001  0.000000e+000
      vertex  4.594897e+001 -2.055349e+001  0.000000e+000
      vertex -4.594897e+001 -2.055349e+001  0.000000e+000
    endloop
  endfacet
  facet normal  0.000000e+000  0.000000e+000 -1.000000e+000
    outer loop
      vertex -4.594897e+001 -2.055349e+001  0.000000e+000
      vertex  4.594897e+001 -2.055349e+001  0.000000e+000
      vertex  4.734437e+001 -2.179003e+001  0.000000e+000
    endloop
  endfacet
  facet normal  0.000000e+000  0.000000e+000 -1.000000e+000
    outer loop
      vertex -4.594897e+001 -2.055349e+001  0.000000e+000
      vertex  4.734437e+001 -2.179003e+001  0.000000e+000
      vertex -4.734437e+001 -2.179003e+001  0.000000e+000
    endloop
  endfacet
  facet normal  0.000000e+000  0.000000e+000 -9.999999e-001
    outer loop
      vertex -4.734437e+001 -2.179003e+001  0.000000e+000
      vertex  4.734437e+001 -2.179003e+001  0.000000e+000
      vertex  4.878979e+001 -2.296772e+001  0.000000e+000
    endloop
  endfacet
  facet normal  0.000000e+000  0.000000e+000 -1.000000e+000
    outer loop
      vertex -4.734437e+001 -2.179003e+001  0.000000e+000
      vertex  4.878979e+001 -2.296772e+001  0.000000e+000
      vertex -4.878979e+001 -2.296772e+001  0.000000e+000
    endloop
  endfacet
  facet normal  0.000000e+000  0.000000e+000 -1.000000e+000
    outer loop
      vertex -4.878979e+001 -2.296772e+001  0.000000e+000
      vertex  4.878979e+001 -2.296772e+001  0.000000e+000
      vertex  5.028275e+001 -2.408452e+001  0.000000e+000
    endloop
  endfacet
  facet normal  0.000000e+000  0.000000e+000 -1.000000e+000
    outer loop
      vertex -4.878979e+001 -2.296772e+001  0.000000e+000
      vertex  5.028275e+001 -2.408452e+001  0.000000e+000
      vertex -5.028275e+001 -2.408452e+001  0.000000e+000
    endloop
  endfacet
  facet normal  0.000000e+000  0.000000e+000 -1.000000e+000
    outer loop
      vertex -5.028275e+001 -2.408452e+001  0.000000e+000
      vertex  5.028275e+001 -2.408452e+001  0.000000e+000
      vertex  5.182070e+001 -2.513852e+001  0.000000e+000
    endloop
  endfacet
  facet normal  0.000000e+000  0.000000e+000 -1.000000e+000
    outer loop
      vertex -5.028275e+001 -2.408452e+001  0.000000e+000
      vertex  5.182070e+001 -2.513852e+001  0.000000e+000
      vertex -5.182070e+001 -2.513852e+001  0.000000e+000
    endloop
  endfacet
  facet normal  0.000000e+000  0.000000e+000 -1.000000e+000
    outer loop
      vertex -5.182070e+001 -2.513852e+001  0.000000e+000
      vertex  5.182070e+001 -2.513852e+001  0.000000e+000
      vertex  5.340098e+001 -2.612790e+001  0.000000e+000
    endloop
  endfacet
  facet normal  0.000000e+000  0.000000e+000 -1.000000e+000
    outer loop
      vertex -5.182070e+001 -2.513852e+001  0.000000e+000
      vertex  5.340098e+001 -2.612790e+001  0.000000e+000
      vertex -5.340098e+001 -2.612790e+001  0.000000e+000
    endloop
  endfacet
  facet normal  0.000000e+000  0.000000e+000 -1.000000e+000
    outer loop
      vertex -5.340098e+001 -2.612790e+001  0.000000e+000
      vertex  5.340098e+001 -2.612790e+001  0.000000e+000
      vertex  5.502090e+001 -2.705098e+001  0.000000e+000
    endloop
  endfacet
  facet normal  0.000000e+000  0.000000e+000 -1.000000e+000
    outer loop
      vertex -5.340098e+001 -2.612790e+001  0.000000e+000
      vertex  5.502090e+001 -2.705098e+001  0.000000e+000
      vertex -5.502090e+001 -2.705098e+001  0.000000e+000
    endloop
  endfacet
  facet normal  0.000000e+000  0.000000e+000 -1.000000e+000
    outer loop
      vertex -5.502090e+001 -2.705098e+001  0.000000e+000
      vertex  5.502090e+001 -2.705098e+001  0.000000e+000
      vertex  5.667765e+001 -2.790616e+001  0.000000e+000
    endloop
  endfacet
  facet normal  0.000000e+000  0.000000e+000 -1.000000e+000
    outer loop
      vertex -5.502090e+001 -2.705098e+001  0.000000e+000
      vertex  5.667765e+001 -2.790616e+001  0.000000e+000
      vertex -5.667765e+001 -2.790616e+001  0.000000e+000
    endloop
  endfacet
  facet normal  0.000000e+000  0.000000e+000 -1.000000e+000
    outer loop
      vertex -5.667765e+001 -2.790616e+001  0.000000e+000
      vertex  5.667765e+001 -2.790616e+001  0.000000e+000
      vertex  5.836842e+001 -2.869197e+001  0.000000e+000
    endloop
  endfacet
  facet normal  0.000000e+000  0.000000e+000 -1.000000e+000
    outer loop
      vertex -5.667765e+001 -2.790616e+001  0.000000e+000
      vertex  5.836842e+001 -2.869197e+001  0.000000e+000
      vertex -5.836842e+001 -2.869197e+001  0.000000e+000
    endloop
  endfacet
  facet normal  0.000000e+000  0.000000e+000 -9.999999e-001
    outer loop
      vertex -5.836842e+001 -2.869197e+001  0.000000e+000
      vertex  5.836842e+001 -2.869197e+001  0.000000e+000
      vertex  6.009027e+001 -2.940708e+001  0.000000e+000
    endloop
  endfacet
  facet normal  0.000000e+000  0.000000e+000 -1.000000e+000
    outer loop
      vertex -5.836842e+001 -2.869197e+001  0.000000e+000
      vertex  6.009027e+001 -2.940708e+001  0.000000e+000
      vertex -6.009027e+001 -2.940708e+001  0.000000e+000
    endloop
  endfacet
  facet normal  0.000000e+000  0.000000e+000 -1.000000e+000
    outer loop
      vertex -6.009027e+001 -2.940708e+001  0.000000e+000
      vertex  6.009027e+001 -2.940708e+001  0.000000e+000
      vertex  6.184028e+001 -3.005025e+001  0.000000e+000
    endloop
  endfacet
  facet normal  0.000000e+000  0.000000e+000 -1.000000e+000
    outer loop
      vertex -6.009027e+001 -2.940708e+001  0.000000e+000
      vertex  6.184028e+001 -3.005025e+001  0.000000e+000
      vertex -6.184028e+001 -3.005025e+001  0.000000e+000
    endloop
  endfacet
  facet normal  0.000000e+000  0.000000e+000 -1.000000e+000
    outer loop
      vertex -6.184028e+001 -3.005025e+001  0.000000e+000
      vertex  6.184028e+001 -3.005025e+001  0.000000e+000
      vertex  6.361543e+001 -3.062037e+001  0.000000e+000
    endloop
  endfacet
  facet normal  0.000000e+000  0.000000e+000 -1.000000e+000
    outer loop
      vertex -6.184028e+001 -3.005025e+001  0.000000e+000
      vertex  6.361543e+001 -3.062037e+001  0.000000e+000
      vertex -6.361543e+001 -3.062037e+001  0.000000e+000
    endloop
  endfacet
  facet normal  0.000000e+000  0.000000e+000 -1.000000e+000
    outer loop
      vertex -6.361543e+001 -3.062037e+001  0.000000e+000
      vertex  6.361543e+001 -3.062037e+001  0.000000e+000
      vertex  6.541267e+001 -3.111648e+001  0.000000e+000
    endloop
  endfacet
  facet normal  0.000000e+000  0.000000e+000 -1.000000e+000
    outer loop
      vertex -6.361543e+001 -3.062037e+001  0.000000e+000
      vertex  6.541267e+001 -3.111648e+001  0.000000e+000
      vertex -6.541267e+001 -3.111648e+001  0.000000e+000
    endloop
  endfacet
  facet normal  0.000000e+000  0.000000e+000 -1.000000e+000
    outer loop
      vertex -6.541267e+001 -3.111648e+001  0.000000e+000
      vertex  6.541267e+001 -3.111648e+001  0.000000e+000
      vertex  6.722891e+001 -3.153770e+001  0.000000e+000
    endloop
  endfacet
  facet normal  0.000000e+000  0.000000e+000 -1.000000e+000
    outer loop
      vertex -6.541267e+001 -3.111648e+001  0.000000e+000
      vertex  6.722891e+001 -3.153770e+001  0.000000e+000
      vertex -6.722891e+001 -3.153770e+001  0.000000e+000
    endloop
  endfacet
  facet normal  0.000000e+000  0.000000e+000 -1.000000e+000
    outer loop
      vertex -6.722891e+001 -3.153770e+001  0.000000e+000
      vertex  6.722891e+001 -3.153770e+001  0.000000e+000
      vertex  6.906105e+001 -3.188334e+001  0.000000e+000
    endloop
  endfacet
  facet normal  0.000000e+000  0.000000e+000 -1.000000e+000
    outer loop
      vertex -6.722891e+001 -3.153770e+001  0.000000e+000
      vertex  6.906105e+001 -3.188334e+001  0.000000e+000
      vertex -6.906105e+001 -3.188334e+001  0.000000e+000
    endloop
  endfacet
  facet normal  0.000000e+000  0.000000e+000 -1.000000e+000
    outer loop
      vertex -6.906105e+001 -3.188334e+001  0.000000e+000
      vertex  6.906105e+001 -3.188334e+001  0.000000e+000
      vertex  7.090593e+001 -3.215278e+001  0.000000e+000
    endloop
  endfacet
  facet normal  0.000000e+000  0.000000e+000 -1.000000e+000
    outer loop
      vertex -6.906105e+001 -3.188334e+001  0.000000e+000
      vertex  7.090593e+001 -3.215278e+001  0.000000e+000
      vertex -7.090593e+001 -3.215278e+001  0.000000e+000
    endloop
  endfacet
  facet normal  0.000000e+000  0.000000e+000 -9.999999e-001
    outer loop
      vertex -7.090593e+001 -3.215278e+001  0.000000e+000
      vertex  7.090593e+001 -3.215278e+001  0.000000e+000
      vertex  7.276039e+001 -3.234557e+001  0.000000e+000
    endloop
  endfacet
  facet normal  0.000000e+000  0.000000e+000 -9.999999e-001
    outer loop
      vertex -7.090593e+001 -3.215278e+001  0.000000e+000
      vertex  7.276039e+001 -3.234557e+001  0.000000e+000
      vertex -7.276039e+001 -3.234557e+001  0.000000e+000
    endloop
  endfacet
  facet normal  0.000000e+000  0.000000e+000 -1.000000e+000
    outer loop
      vertex -7.276039e+001 -3.234557e+001  0.000000e+000
      vertex  7.276039e+001 -3.234557e+001  0.000000e+000
      vertex  7.462124e+001 -3.246138e+001  0.000000e+000
    endloop
  endfacet
  facet normal  0.000000e+000  0.000000e+000 -1.000000e+000
    outer loop
      vertex -7.276039e+001 -3.234557e+001  0.000000e+000
      vertex  7.462124e+001 -3.246138e+001  0.000000e+000
      vertex -7.462124e+001 -3.246138e+001  0.000000e+000
    endloop
  endfacet
  facet normal  0.000000e+000  0.000000e+000 -1.000000e+000
    outer loop
      vertex -7.462124e+001 -3.246138e+001  0.000000e+000
      vertex  7.462124e+001 -3.246138e+001  0.000000e+000
      vertex  7.648529e+001 -3.250000e+001  0.000000e+000
    endloop
  endfacet
  facet normal  0.000000e+000  0.000000e+000 -1.000000e+000
    outer loop
      vertex -7.462124e+001 -3.246138e+001  0.000000e+000
      vertex  7.648529e+001 -3.250000e+001  0.000000e+000
      vertex -7.648529e+001 -3.250000e+001  0.000000e+000
    endloop
  endfacet
  facet normal  0.000000e+000  0.000000e+000 -1.000000e+000
    outer loop
      vertex  2.982356e+001  1.244676e+000  5.000000e+001
      vertex  2.947581e+001  1.194408e+000  5.000000e+001
      vertex  2.940328e+001  2.386858e+000  5.000000e+001
    endloop
  endfacet
  facet normal  0.000000e+000  -0.000000e+000 -1.000000e+000
    outer loop
      vertex  7.595634e-001 -2.949022e+001  5.000000e+001
      vertex  2.276676e+000 -2.941202e+001  5.000000e+001
      vertex  1.316527e+001 -2.971406e+001  5.000000e+001
    endloop
  endfacet
  facet normal  0.000000e+000  0.000000e+000 -1.000000e+000
    outer loop
      vertex -2.928253e+001  3.575393e+000  5.000000e+001
      vertex -2.943585e+001  2.994742e+000  5.000000e+001
      vertex -2.911376e+001  4.758065e+000  5.000000e+001
    endloop
  endfacet
  facet normal  0.000000e+000  0.000000e+000 -1.000000e+000
    outer loop
      vertex -1.460683e+001 -2.903258e+001  5.000000e+001
      vertex -1.601323e+001 -2.828120e+001  5.000000e+001
      vertex -8.244826e+000 -2.832442e+001  5.000000e+001
    endloop
  endfacet
  facet normal  0.000000e+000  -0.000000e+000 -1.000000e+000
    outer loop
      vertex -1.460683e+001 -2.903258e+001  5.000000e+001
      vertex -8.244826e+000 -2.832442e+001  5.000000e+001
      vertex -6.775788e+000 -2.871130e+001  5.000000e+001
    endloop
  endfacet
  facet normal  0.000000e+000  -0.000000e+000 -1.000000e+000
    outer loop
      vertex -1.460683e+001 -2.903258e+001  5.000000e+001
      vertex -6.775788e+000 -2.871130e+001  5.000000e+001
      vertex -5.288783e+000 -2.902204e+001  5.000000e+001
    endloop
  endfacet
  facet normal  0.000000e+000  -0.000000e+000 -1.000000e+000
    outer loop
      vertex -1.460683e+001 -2.903258e+001  5.000000e+001
      vertex -5.288783e+000 -2.902204e+001  5.000000e+001
      vertex -3.787751e+000 -2.925582e+001  5.000000e+001
    endloop
  endfacet
  facet normal  -0.000000e+000  0.000000e+000 -1.000000e+000
    outer loop
      vertex -1.460683e+001 -2.903258e+001  5.000000e+001
      vertex -3.787751e+000 -2.925582e+001  5.000000e+001
      vertex -1.316527e+001 -2.971406e+001  5.000000e+001
    endloop
  endfacet
  facet normal  0.000000e+000  -0.000000e+000 -1.000000e+000
    outer loop
      vertex -1.316527e+001 -2.971406e+001  5.000000e+001
      vertex -3.787751e+000 -2.925582e+001  5.000000e+001
      vertex -2.276676e+000 -2.941202e+001  5.000000e+001
    endloop
  endfacet
  facet normal  0.000000e+000  -0.000000e+000 -1.000000e+000
    outer loop
      vertex -1.316527e+001 -2.971406e+001  5.000000e+001
      vertex -2.276676e+000 -2.941202e+001  5.000000e+001
      vertex -7.595634e-001 -2.949022e+001  5.000000e+001
    endloop
  endfacet
  facet normal  0.000000e+000  -0.000000e+000 -1.000000e+000
    outer loop
      vertex -1.316527e+001 -2.971406e+001  5.000000e+001
      vertex -7.595634e-001 -2.949022e+001  5.000000e+001
      vertex  7.595634e-001 -2.949022e+001  5.000000e+001
    endloop
  endfacet
  facet normal  0.000000e+000  -0.000000e+000 -1.000000e+000
    outer loop
      vertex -1.316527e+001 -2.971406e+001  5.000000e+001
      vertex  7.595634e-001 -2.949022e+001  5.000000e+001
      vertex  1.316527e+001 -2.971406e+001  5.000000e+001
    endloop
  endfacet
  facet normal  -0.000000e+000  0.000000e+000 -1.000000e+000
    outer loop
      vertex -1.316527e+001 -2.971406e+001  5.000000e+001
      vertex  1.316527e+001 -2.971406e+001  5.000000e+001
      vertex  1.169203e+001 -3.032403e+001  5.000000e+001
    endloop
  endfacet
  facet normal  0.000000e+000  0.000000e+000 -1.000000e+000
    outer loop
      vertex -1.316527e+001 -2.971406e+001  5.000000e+001
      vertex  1.169203e+001 -3.032403e+001  5.000000e+001
      vertex -1.169203e+001 -3.032403e+001  5.000000e+001
    endloop
  endfacet
  facet normal  0.000000e+000  0.000000e+000 -1.000000e+000
    outer loop
      vertex  2.911376e+001  4.758065e+000  5.000000e+001
      vertex  2.943585e+001  2.994742e+000  5.000000e+001
      vertex  2.928253e+001  3.575393e+000  5.000000e+001
    endloop
  endfacet
  facet normal  0.000000e+000  0.000000e+000 -1.000000e+000
    outer loop
      vertex  2.928253e+001  3.575393e+000  5.000000e+001
      vertex  2.943585e+001  2.994742e+000  5.000000e+001
      vertex  2.982356e+001  1.244676e+000  5.000000e+001
    endloop
  endfacet
  facet normal  0.000000e+000  0.000000e+000 -1.000000e+000
    outer loop
      vertex  2.928253e+001  3.575393e+000  5.000000e+001
      vertex  2.982356e+001  1.244676e+000  5.000000e+001
      vertex  2.940328e+001  2.386858e+000  5.000000e+001
    endloop
  endfacet
  facet normal  0.000000e+000  -0.000000e+000 -1.000000e+000
    outer loop
      vertex  2.914859e+001 -4.539772e+000  5.000000e+001
      vertex  2.934365e+001 -3.033219e+000  5.000000e+001
      vertex  3.137449e+001 -3.901698e+000  5.000000e+001
    endloop
  endfacet
  facet normal  0.000000e+000  0.000000e+000 -9.999999e-001
    outer loop
      vertex  3.137449e+001 -3.901698e+000  5.000000e+001
      vertex  2.934365e+001 -3.033219e+000  5.000000e+001
      vertex  2.946089e+001 -1.518623e+000  5.000000e+001
    endloop
  endfacet
  facet normal  0.000000e+000  0.000000e+000 -1.000000e+000
    outer loop
      vertex  3.137449e+001 -3.901698e+000  5.000000e+001
      vertex  2.946089e+001 -1.518623e+000  5.000000e+001
      vertex  3.079355e+001 -2.205951e+000  5.000000e+001
    endloop
  endfacet
  facet normal  0.000000e+000  0.000000e+000 -1.000000e+000
    outer loop
      vertex  3.079355e+001 -2.205951e+000  5.000000e+001
      vertex  2.946089e+001 -1.518623e+000  5.000000e+001
      vertex  2.950000e+001  0.000000e+000  5.000000e+001
    endloop
  endfacet
  facet normal  0.000000e+000  0.000000e+000 -1.000000e+000
    outer loop
      vertex  3.079355e+001 -2.205951e+000  5.000000e+001
      vertex  2.950000e+001  0.000000e+000  5.000000e+001
      vertex  3.027633e+001 -4.896950e-001  5.000000e+001
    endloop
  endfacet
  facet normal  0.000000e+000  0.000000e+000 -9.999999e-001
    outer loop
      vertex  3.027633e+001 -4.896950e-001  5.000000e+001
      vertex  2.950000e+001  0.000000e+000  5.000000e+001
      vertex  2.947581e+001  1.194408e+000  5.000000e+001
    endloop
  endfacet
  facet normal  0.000000e+000  0.000000e+000 -1.000000e+000
    outer loop
      vertex  3.027633e+001 -4.896950e-001  5.000000e+001
      vertex  2.947581e+001  1.194408e+000  5.000000e+001
      vertex  2.982356e+001  1.244676e+000  5.000000e+001
    endloop
  endfacet
  facet normal  0.000000e+000  -0.000000e+000 -1.000000e+000
    outer loop
      vertex  2.003856e+001 -2.164962e+001  5.000000e+001
      vertex  2.112649e+001 -2.058935e+001  5.000000e+001
      vertex  2.460183e+001 -2.123676e+001  5.000000e+001
    endloop
  endfacet
  facet normal  0.000000e+000  0.000000e+000 -1.000000e+000
    outer loop
      vertex  2.460183e+001 -2.123676e+001  5.000000e+001
      vertex  2.112649e+001 -2.058935e+001  5.000000e+001
      vertex  2.215839e+001 -1.947449e+001  5.000000e+001
    endloop
  endfacet
  facet normal  0.000000e+000  0.000000e+000 -1.000000e+000
    outer loop
      vertex  2.460183e+001 -2.123676e+001  5.000000e+001
      vertex  2.215839e+001 -1.947449e+001  5.000000e+001
      vertex  2.561383e+001 -2.000454e+001  5.000000e+001
    endloop
  endfacet
  facet normal  0.000000e+000  0.000000e+000 -1.000000e+000
    outer loop
      vertex  2.561383e+001 -2.000454e+001  5.000000e+001
      vertex  2.215839e+001 -1.947449e+001  5.000000e+001
      vertex  2.313153e+001 -1.830798e+001  5.000000e+001
    endloop
  endfacet
  facet normal  0.000000e+000  0.000000e+000 -1.000000e+000
    outer loop
      vertex  2.561383e+001 -2.000454e+001  5.000000e+001
      vertex  2.313153e+001 -1.830798e+001  5.000000e+001
      vertex  2.656418e+001 -1.872416e+001  5.000000e+001
    endloop
  endfacet
  facet normal  0.000000e+000  0.000000e+000 -1.000000e+000
    outer loop
      vertex  2.656418e+001 -1.872416e+001  5.000000e+001
      vertex  2.313153e+001 -1.830798e+001  5.000000e+001
      vertex  2.404334e+001 -1.709292e+001  5.000000e+001
    endloop
  endfacet
  facet normal  0.000000e+000  0.000000e+000 -1.000000e+000
    outer loop
      vertex  2.656418e+001 -1.872416e+001  5.000000e+001
      vertex  2.404334e+001 -1.709292e+001  5.000000e+001
      vertex  2.745059e+001 -1.739872e+001  5.000000e+001
    endloop
  endfacet
  facet normal  0.000000e+000  0.000000e+000 -9.999999e-001
    outer loop
      vertex  2.745059e+001 -1.739872e+001  5.000000e+001
      vertex  2.404334e+001 -1.709292e+001  5.000000e+001
      vertex  2.489138e+001 -1.583254e+001  5.000000e+001
    endloop
  endfacet
  facet normal  0.000000e+000  0.000000e+000 -1.000000e+000
    outer loop
      vertex  2.745059e+001 -1.739872e+001  5.000000e+001
      vertex  2.489138e+001 -1.583254e+001  5.000000e+001
      vertex  2.827091e+001 -1.603139e+001  5.000000e+001
    endloop
  endfacet
  facet normal  0.000000e+000  0.000000e+000 -1.000000e+000
    outer loop
      vertex  2.827091e+001 -1.603139e+001  5.000000e+001
      vertex  2.489138e+001 -1.583254e+001  5.000000e+001
      vertex  2.567341e+001 -1.453017e+001  5.000000e+001
    endloop
  endfacet
  facet normal  0.000000e+000  0.000000e+000 -1.000000e+000
    outer loop
      vertex  2.827091e+001 -1.603139e+001  5.000000e+001
      vertex  2.567341e+001 -1.453017e+001  5.000000e+001
      vertex  2.902319e+001 -1.462547e+001  5.000000e+001
    endloop
  endfacet
  facet normal  0.000000e+000  0.000000e+000 -1.000000e+000
    outer loop
      vertex  2.902319e+001 -1.462547e+001  5.000000e+001
      vertex  2.567341e+001 -1.453017e+001  5.000000e+001
      vertex  2.638737e+001 -1.318927e+001  5.000000e+001
    endloop
  endfacet
  facet normal  0.000000e+000  0.000000e+000 -1.000000e+000
    outer loop
      vertex  2.902319e+001 -1.462547e+001  5.000000e+001
      vertex  2.638737e+001 -1.318927e+001  5.000000e+001
      vertex  2.970560e+001 -1.318435e+001  5.000000e+001
    endloop
  endfacet
  facet normal  -0.000000e+000  0.000000e+000 -1.000000e+000
    outer loop
      vertex  2.970560e+001 -1.318435e+001  5.000000e+001
      vertex  2.638737e+001 -1.318927e+001  5.000000e+001
      vertex  2.703135e+001 -1.181339e+001  5.000000e+001
    endloop
  endfacet
  facet normal  0.000000e+000  0.000000e+000 -1.000000e+000
    outer loop
      vertex  2.970560e+001 -1.318435e+001  5.000000e+001
      vertex  2.703135e+001 -1.181339e+001  5.000000e+001
      vertex  3.031651e+001 -1.171149e+001  5.000000e+001
    endloop
  endfacet
  facet normal  -0.000000e+000  0.000000e+000 -1.000000e+000
    outer loop
      vertex  3.031651e+001 -1.171149e+001  5.000000e+001
      vertex  2.703135e+001 -1.181339e+001  5.000000e+001
      vertex  2.760365e+001 -1.040619e+001  5.000000e+001
    endloop
  endfacet
  facet normal  0.000000e+000  0.000000e+000 -1.000000e+000
    outer loop
      vertex  3.031651e+001 -1.171149e+001  5.000000e+001
      vertex  2.760365e+001 -1.040619e+001  5.000000e+001
      vertex  3.085445e+001 -1.021045e+001  5.000000e+001
    endloop
  endfacet
  facet normal  -0.000000e+000  0.000000e+000 -1.000000e+000
    outer loop
      vertex  3.085445e+001 -1.021045e+001  5.000000e+001
      vertex  2.760365e+001 -1.040619e+001  5.000000e+001
      vertex  2.810274e+001 -8.971388e+000  5.000000e+001
    endloop
  endfacet
  facet normal  0.000000e+000  0.000000e+000 -1.000000e+000
    outer loop
      vertex  3.085445e+001 -1.021045e+001  5.000000e+001
      vertex  2.810274e+001 -8.971388e+000  5.000000e+001
      vertex  3.131811e+001 -8.684819e+000  5.000000e+001
    endloop
  endfacet
  facet normal  -0.000000e+000  0.000000e+000 -1.000000e+000
    outer loop
      vertex  3.131811e+001 -8.684819e+000  5.000000e+001
      vertex  2.810274e+001 -8.971388e+000  5.000000e+001
      vertex  2.852732e+001 -7.512798e+000  5.000000e+001
    endloop
  endfacet
  facet normal  0.000000e+000  0.000000e+000 -1.000000e+000
    outer loop
      vertex  3.131811e+001 -8.684819e+000  5.000000e+001
      vertex  2.852732e+001 -7.512798e+000  5.000000e+001
      vertex  3.170638e+001 -7.138287e+000  5.000000e+001
    endloop
  endfacet
  facet normal  -0.000000e+000  0.000000e+000 -1.000000e+000
    outer loop
      vertex  3.170638e+001 -7.138287e+000  5.000000e+001
      vertex  2.852732e+001 -7.512798e+000  5.000000e+001
      vertex  2.887624e+001 -6.034286e+000  5.000000e+001
    endloop
  endfacet
  facet normal  0.000000e+000  0.000000e+000 -1.000000e+000
    outer loop
      vertex  3.170638e+001 -7.138287e+000  5.000000e+001
      vertex  2.887624e+001 -6.034286e+000  5.000000e+001
      vertex  3.201834e+001 -5.574573e+000  5.000000e+001
    endloop
  endfacet
  facet normal  -0.000000e+000  0.000000e+000 -1.000000e+000
    outer loop
      vertex  3.201834e+001 -5.574573e+000  5.000000e+001
      vertex  2.887624e+001 -6.034286e+000  5.000000e+001
      vertex  2.914859e+001 -4.539772e+000  5.000000e+001
    endloop
  endfacet
  facet normal  0.000000e+000  0.000000e+000 -1.000000e+000
    outer loop
      vertex  3.201834e+001 -5.574573e+000  5.000000e+001
      vertex  2.914859e+001 -4.539772e+000  5.000000e+001
      vertex  3.137449e+001 -3.901698e+000  5.000000e+001
    endloop
  endfacet
  facet normal  0.000000e+000  -0.000000e+000 -1.000000e+000
    outer loop
      vertex  1.250547e+001 -2.671822e+001  5.000000e+001
      vertex  1.386431e+001 -2.603902e+001  5.000000e+001
      vertex  1.870710e+001 -2.657620e+001  5.000000e+001
    endloop
  endfacet
  facet normal  0.000000e+000  0.000000e+000 -1.000000e+000
    outer loop
      vertex  1.870710e+001 -2.657620e+001  5.000000e+001
      vertex  1.386431e+001 -2.603902e+001  5.000000e+001
      vertex  1.518639e+001 -2.529078e+001  5.000000e+001
    endloop
  endfacet
  facet normal  0.000000e+000  0.000000e+000 -1.000000e+000
    outer loop
      vertex  1.870710e+001 -2.657620e+001  5.000000e+001
      vertex  1.518639e+001 -2.529078e+001  5.000000e+001
      vertex  1.998808e+001 -2.562667e+001  5.000000e+001
    endloop
  endfacet
  facet normal  0.000000e+000  0.000000e+000 -1.000000e+000
    outer loop
      vertex  1.998808e+001 -2.562667e+001  5.000000e+001
      vertex  1.518639e+001 -2.529078e+001  5.000000e+001
      vertex  1.646819e+001 -2.447547e+001  5.000000e+001
    endloop
  endfacet
  facet normal  0.000000e+000  0.000000e+000 -9.999999e-001
    outer loop
      vertex  1.998808e+001 -2.562667e+001  5.000000e+001
      vertex  1.646819e+001 -2.447547e+001  5.000000e+001
      vertex  2.122096e+001 -2.461546e+001  5.000000e+001
    endloop
  endfacet
  facet normal  0.000000e+000  0.000000e+000 -1.000000e+000
    outer loop
      vertex  2.122096e+001 -2.461546e+001  5.000000e+001
      vertex  1.646819e+001 -2.447547e+001  5.000000e+001
      vertex  1.770632e+001 -2.359526e+001  5.000000e+001
    endloop
  endfacet
  facet normal  0.000000e+000  0.000000e+000 -1.000000e+000
    outer loop
      vertex  2.122096e+001 -2.461546e+001  5.000000e+001
      vertex  1.770632e+001 -2.359526e+001  5.000000e+001
      vertex  2.240275e+001 -2.354500e+001  5.000000e+001
    endloop
  endfacet
  facet normal  -0.000000e+000  0.000000e+000 -1.000000e+000
    outer loop
      vertex  2.240275e+001 -2.354500e+001  5.000000e+001
      vertex  1.770632e+001 -2.359526e+001  5.000000e+001
      vertex  1.889750e+001 -2.265247e+001  5.000000e+001
    endloop
  endfacet
  facet normal  0.000000e+000  0.000000e+000 -9.999999e-001
    outer loop
      vertex  2.240275e+001 -2.354500e+001  5.000000e+001
      vertex  1.889750e+001 -2.265247e+001  5.000000e+001
      vertex  2.353061e+001 -2.241786e+001  5.000000e+001
    endloop
  endfacet
  facet normal  -0.000000e+000  0.000000e+000 -1.000000e+000
    outer loop
      vertex  2.353061e+001 -2.241786e+001  5.000000e+001
      vertex  1.889750e+001 -2.265247e+001  5.000000e+001
      vertex  2.003856e+001 -2.164962e+001  5.000000e+001
    endloop
  endfacet
  facet normal  0.000000e+000  0.000000e+000 -1.000000e+000
    outer loop
      vertex  2.353061e+001 -2.241786e+001  5.000000e+001
      vertex  2.003856e+001 -2.164962e+001  5.000000e+001
      vertex  2.460183e+001 -2.123676e+001  5.000000e+001
    endloop
  endfacet
  facet normal  0.000000e+000  -0.000000e+000 -9.999999e-001
    outer loop
      vertex  8.244826e+000 -2.832442e+001  5.000000e+001
      vertex  9.692000e+000 -2.786243e+001  5.000000e+001
      vertex  1.601323e+001 -2.828120e+001  5.000000e+001
    endloop
  endfacet
  facet normal  0.000000e+000  0.000000e+000 -9.999999e-001
    outer loop
      vertex  1.601323e+001 -2.828120e+001  5.000000e+001
      vertex  9.692000e+000 -2.786243e+001  5.000000e+001
      vertex  1.111347e+001 -2.732656e+001  5.000000e+001
    endloop
  endfacet
  facet normal  0.000000e+000  0.000000e+000 -1.000000e+000
    outer loop
      vertex  1.601323e+001 -2.828120e+001  5.000000e+001
      vertex  1.111347e+001 -2.732656e+001  5.000000e+001
      vertex  1.738109e+001 -2.746175e+001  5.000000e+001
    endloop
  endfacet
  facet normal  0.000000e+000  0.000000e+000 -1.000000e+000
    outer loop
      vertex  1.738109e+001 -2.746175e+001  5.000000e+001
      vertex  1.111347e+001 -2.732656e+001  5.000000e+001
      vertex  1.250547e+001 -2.671822e+001  5.000000e+001
    endloop
  endfacet
  facet normal  0.000000e+000  0.000000e+000 -1.000000e+000
    outer loop
      vertex  1.738109e+001 -2.746175e+001  5.000000e+001
      vertex  1.250547e+001 -2.671822e+001  5.000000e+001
      vertex  1.870710e+001 -2.657620e+001  5.000000e+001
    endloop
  endfacet
  facet normal  0.000000e+000  -0.000000e+000 -1.000000e+000
    outer loop
      vertex  5.288783e+000 -2.902204e+001  5.000000e+001
      vertex  6.775788e+000 -2.871130e+001  5.000000e+001
      vertex  1.460683e+001 -2.903258e+001  5.000000e+001
    endloop
  endfacet
  facet normal  0.000000e+000  0.000000e+000 -1.000000e+000
    outer loop
      vertex  1.460683e+001 -2.903258e+001  5.000000e+001
      vertex  6.775788e+000 -2.871130e+001  5.000000e+001
      vertex  8.244826e+000 -2.832442e+001  5.000000e+001
    endloop
  endfacet
  facet normal  0.000000e+000  0.000000e+000 -1.000000e+000
    outer loop
      vertex  1.460683e+001 -2.903258e+001  5.000000e+001
      vertex  8.244826e+000 -2.832442e+001  5.000000e+001
      vertex  1.601323e+001 -2.828120e+001  5.000000e+001
    endloop
  endfacet
  facet normal  0.000000e+000  -0.000000e+000 -1.000000e+000
    outer loop
      vertex  2.276676e+000 -2.941202e+001  5.000000e+001
      vertex  3.787751e+000 -2.925582e+001  5.000000e+001
      vertex  1.316527e+001 -2.971406e+001  5.000000e+001
    endloop
  endfacet
  facet normal  0.000000e+000  0.000000e+000 -1.000000e+000
    outer loop
      vertex  1.316527e+001 -2.971406e+001  5.000000e+001
      vertex  3.787751e+000 -2.925582e+001  5.000000e+001
      vertex  5.288783e+000 -2.902204e+001  5.000000e+001
    endloop
  endfacet
  facet normal  0.000000e+000  0.000000e+000 -1.000000e+000
    outer loop
      vertex  1.316527e+001 -2.971406e+001  5.000000e+001
      vertex  5.288783e+000 -2.902204e+001  5.000000e+001
      vertex  1.460683e+001 -2.903258e+001  5.000000e+001
    endloop
  endfacet
  facet normal  0.000000e+000  0.000000e+000 -1.000000e+000
    outer loop
      vertex -2.947581e+001  1.194408e+000  5.000000e+001
      vertex -2.982356e+001  1.244676e+000  5.000000e+001
      vertex -2.940328e+001  2.386858e+000  5.000000e+001
    endloop
  endfacet
  facet normal  -0.000000e+000  0.000000e+000 -1.000000e+000
    outer loop
      vertex -2.940328e+001  2.386858e+000  5.000000e+001
      vertex -2.982356e+001  1.244676e+000  5.000000e+001
      vertex -2.943585e+001  2.994742e+000  5.000000e+001
    endloop
  endfacet
  facet normal  0.000000e+000  0.000000e+000 -1.000000e+000
    outer loop
      vertex -2.940328e+001  2.386858e+000  5.000000e+001
      vertex -2.943585e+001  2.994742e+000  5.000000e+001
      vertex -2.928253e+001  3.575393e+000  5.000000e+001
    endloop
  endfacet
  facet normal  0.000000e+000  0.000000e+000 -1.000000e+000
    outer loop
      vertex -2.914859e+001 -4.539772e+000  5.000000e+001
      vertex -3.137449e+001 -3.901698e+000  5.000000e+001
      vertex -2.934365e+001 -3.033219e+000  5.000000e+001
    endloop
  endfacet
  facet normal  -0.000000e+000  0.000000e+000 -1.000000e+000
    outer loop
      vertex -2.934365e+001 -3.033219e+000  5.000000e+001
      vertex -3.137449e+001 -3.901698e+000  5.000000e+001
      vertex -3.079355e+001 -2.205951e+000  5.000000e+001
    endloop
  endfacet
  facet normal  0.000000e+000  0.000000e+000 -1.000000e+000
    outer loop
      vertex -2.934365e+001 -3.033219e+000  5.000000e+001
      vertex -3.079355e+001 -2.205951e+000  5.000000e+001
      vertex -2.946089e+001 -1.518623e+000  5.000000e+001
    endloop
  endfacet
  facet normal  -0.000000e+000  0.000000e+000 -1.000000e+000
    outer loop
      vertex -2.946089e+001 -1.518623e+000  5.000000e+001
      vertex -3.079355e+001 -2.205951e+000  5.000000e+001
      vertex -3.027633e+001 -4.896950e-001  5.000000e+001
    endloop
  endfacet
  facet normal  0.000000e+000  0.000000e+000 -1.000000e+000
    outer loop
      vertex -2.946089e+001 -1.518623e+000  5.000000e+001
      vertex -3.027633e+001 -4.896950e-001  5.000000e+001
      vertex -2.950000e+001  3.612708e-015  5.000000e+001
    endloop
  endfacet
  facet normal  -0.000000e+000  0.000000e+000 -1.000000e+000
    outer loop
      vertex -2.950000e+001  3.612708e-015  5.000000e+001
      vertex -3.027633e+001 -4.896950e-001  5.000000e+001
      vertex -2.982356e+001  1.244676e+000  5.000000e+001
    endloop
  endfacet
  facet normal  0.000000e+000  0.000000e+000 -9.999999e-001
    outer loop
      vertex -2.950000e+001  3.612708e-015  5.000000e+001
      vertex -2.982356e+001  1.244676e+000  5.000000e+001
      vertex -2.947581e+001  1.194408e+000  5.000000e+001
    endloop
  endfacet
  facet normal  0.000000e+000  0.000000e+000 -1.000000e+000
    outer loop
      vertex -2.003856e+001 -2.164962e+001  5.000000e+001
      vertex -2.460183e+001 -2.123676e+001  5.000000e+001
      vertex -2.112649e+001 -2.058935e+001  5.000000e+001
    endloop
  endfacet
  facet normal  -0.000000e+000  0.000000e+000 -1.000000e+000
    outer loop
      vertex -2.112649e+001 -2.058935e+001  5.000000e+001
      vertex -2.460183e+001 -2.123676e+001  5.000000e+001
      vertex -2.561383e+001 -2.000454e+001  5.000000e+001
    endloop
  endfacet
  facet normal  0.000000e+000  0.000000e+000 -1.000000e+000
    outer loop
      vertex -2.112649e+001 -2.058935e+001  5.000000e+001
      vertex -2.561383e+001 -2.000454e+001  5.000000e+001
      vertex -2.215839e+001 -1.947449e+001  5.000000e+001
    endloop
  endfacet
  facet normal  -0.000000e+000  0.000000e+000 -1.000000e+000
    outer loop
      vertex -2.215839e+001 -1.947449e+001  5.000000e+001
      vertex -2.561383e+001 -2.000454e+001  5.000000e+001
      vertex -2.656418e+001 -1.872416e+001  5.000000e+001
    endloop
  endfacet
  facet normal  0.000000e+000  0.000000e+000 -1.000000e+000
    outer loop
      vertex -2.215839e+001 -1.947449e+001  5.000000e+001
      vertex -2.656418e+001 -1.872416e+001  5.000000e+001
      vertex -2.313153e+001 -1.830798e+001  5.000000e+001
    endloop
  endfacet
  facet normal  -0.000000e+000  0.000000e+000 -1.000000e+000
    outer loop
      vertex -2.313153e+001 -1.830798e+001  5.000000e+001
      vertex -2.656418e+001 -1.872416e+001  5.000000e+001
      vertex -2.745059e+001 -1.739872e+001  5.000000e+001
    endloop
  endfacet
  facet normal  0.000000e+000  0.000000e+000 -1.000000e+000
    outer loop
      vertex -2.313153e+001 -1.830798e+001  5.000000e+001
      vertex -2.745059e+001 -1.739872e+001  5.000000e+001
      vertex -2.404334e+001 -1.709292e+001  5.000000e+001
    endloop
  endfacet
  facet normal  -0.000000e+000  0.000000e+000 -1.000000e+000
    outer loop
      vertex -2.404334e+001 -1.709292e+001  5.000000e+001
      vertex -2.745059e+001 -1.739872e+001  5.000000e+001
      vertex -2.827091e+001 -1.603139e+001  5.000000e+001
    endloop
  endfacet
  facet normal  0.000000e+000  0.000000e+000 -1.000000e+000
    outer loop
      vertex -2.404334e+001 -1.709292e+001  5.000000e+001
      vertex -2.827091e+001 -1.603139e+001  5.000000e+001
      vertex -2.489138e+001 -1.583254e+001  5.000000e+001
    endloop
  endfacet
  facet normal  -0.000000e+000  0.000000e+000 -1.000000e+000
    outer loop
      vertex -2.489138e+001 -1.583254e+001  5.000000e+001
      vertex -2.827091e+001 -1.603139e+001  5.000000e+001
      vertex -2.902319e+001 -1.462547e+001  5.000000e+001
    endloop
  endfacet
  facet normal  0.000000e+000  0.000000e+000 -1.000000e+000
    outer loop
      vertex -2.489138e+001 -1.583254e+001  5.000000e+001
      vertex -2.902319e+001 -1.462547e+001  5.000000e+001
      vertex -2.567341e+001 -1.453017e+001  5.000000e+001
    endloop
  endfacet
  facet normal  -0.000000e+000  0.000000e+000 -1.000000e+000
    outer loop
      vertex -2.567341e+001 -1.453017e+001  5.000000e+001
      vertex -2.902319e+001 -1.462547e+001  5.000000e+001
      vertex -2.970560e+001 -1.318435e+001  5.000000e+001
    endloop
  endfacet
  facet normal  0.000000e+000  0.000000e+000 -1.000000e+000
    outer loop
      vertex -2.567341e+001 -1.453017e+001  5.000000e+001
      vertex -2.970560e+001 -1.318435e+001  5.000000e+001
      vertex -2.638737e+001 -1.318927e+001  5.000000e+001
    endloop
  endfacet
  facet normal  0.000000e+000  0.000000e+000 -1.000000e+000
    outer loop
      vertex -2.638737e+001 -1.318927e+001  5.000000e+001
      vertex -2.970560e+001 -1.318435e+001  5.000000e+001
      vertex -3.031651e+001 -1.171149e+001  5.000000e+001
    endloop
  endfacet
  facet normal  0.000000e+000  0.000000e+000 -1.000000e+000
    outer loop
      vertex -2.638737e+001 -1.318927e+001  5.000000e+001
      vertex -3.031651e+001 -1.171149e+001  5.000000e+001
      vertex -2.703135e+001 -1.181339e+001  5.000000e+001
    endloop
  endfacet
  facet normal  0.000000e+000  0.000000e+000 -1.000000e+000
    outer loop
      vertex -2.703135e+001 -1.181339e+001  5.000000e+001
      vertex -3.031651e+001 -1.171149e+001  5.000000e+001
      vertex -3.085445e+001 -1.021045e+001  5.000000e+001
    endloop
  endfacet
  facet normal  0.000000e+000  0.000000e+000 -1.000000e+000
    outer loop
      vertex -2.703135e+001 -1.181339e+001  5.000000e+001
      vertex -3.085445e+001 -1.021045e+001  5.000000e+001
      vertex -2.760365e+001 -1.040619e+001  5.000000e+001
    endloop
  endfacet
  facet normal  0.000000e+000  0.000000e+000 -1.000000e+000
    outer loop
      vertex -2.760365e+001 -1.040619e+001  5.000000e+001
      vertex -3.085445e+001 -1.021045e+001  5.000000e+001
      vertex -3.131811e+001 -8.684819e+000  5.000000e+001
    endloop
  endfacet
  facet normal  0.000000e+000  0.000000e+000 -1.000000e+000
    outer loop
      vertex -2.760365e+001 -1.040619e+001  5.000000e+001
      vertex -3.131811e+001 -8.684819e+000  5.000000e+001
      vertex -2.810274e+001 -8.971388e+000  5.000000e+001
    endloop
  endfacet
  facet normal  0.000000e+000  0.000000e+000 -1.000000e+000
    outer loop
      vertex -2.810274e+001 -8.971388e+000  5.000000e+001
      vertex -3.131811e+001 -8.684819e+000  5.000000e+001
      vertex -3.170638e+001 -7.138287e+000  5.000000e+001
    endloop
  endfacet
  facet normal  0.000000e+000  0.000000e+000 -1.000000e+000
    outer loop
      vertex -2.810274e+001 -8.971388e+000  5.000000e+001
      vertex -3.170638e+001 -7.138287e+000  5.000000e+001
      vertex -2.852732e+001 -7.512798e+000  5.000000e+001
    endloop
  endfacet
  facet normal  0.000000e+000  0.000000e+000 -1.000000e+000
    outer loop
      vertex -2.852732e+001 -7.512798e+000  5.000000e+001
      vertex -3.170638e+001 -7.138287e+000  5.000000e+001
      vertex -3.201834e+001 -5.574573e+000  5.000000e+001
    endloop
  endfacet
  facet normal  0.000000e+000  0.000000e+000 -1.000000e+000
    outer loop
      vertex -2.852732e+001 -7.512798e+000  5.000000e+001
      vertex -3.201834e+001 -5.574573e+000  5.000000e+001
      vertex -2.887624e+001 -6.034286e+000  5.000000e+001
    endloop
  endfacet
  facet normal  0.000000e+000  0.000000e+000 -1.000000e+000
    outer loop
      vertex -2.887624e+001 -6.034286e+000  5.000000e+001
      vertex -3.201834e+001 -5.574573e+000  5.000000e+001
      vertex -3.137449e+001 -3.901698e+000  5.000000e+001
    endloop
  endfacet
  facet normal  0.000000e+000  0.000000e+000 -1.000000e+000
    outer loop
      vertex -2.887624e+001 -6.034286e+000  5.000000e+001
      vertex -3.137449e+001 -3.901698e+000  5.000000e+001
      vertex -2.914859e+001 -4.539772e+000  5.000000e+001
    endloop
  endfacet
  facet normal  0.000000e+000  0.000000e+000 -1.000000e+000
    outer loop
      vertex -1.250547e+001 -2.671822e+001  5.000000e+001
      vertex -1.870710e+001 -2.657620e+001  5.000000e+001
      vertex -1.386431e+001 -2.603902e+001  5.000000e+001
    endloop
  endfacet
  facet normal  -0.000000e+000  0.000000e+000 -1.000000e+000
    outer loop
      vertex -1.386431e+001 -2.603902e+001  5.000000e+001
      vertex -1.870710e+001 -2.657620e+001  5.000000e+001
      vertex -1.998808e+001 -2.562667e+001  5.000000e+001
    endloop
  endfacet
  facet normal  0.000000e+000  0.000000e+000 -1.000000e+000
    outer loop
      vertex -1.386431e+001 -2.603902e+001  5.000000e+001
      vertex -1.998808e+001 -2.562667e+001  5.000000e+001
      vertex -1.518639e+001 -2.529078e+001  5.000000e+001
    endloop
  endfacet
  facet normal  -0.000000e+000  0.000000e+000 -1.000000e+000
    outer loop
      vertex -1.518639e+001 -2.529078e+001  5.000000e+001
      vertex -1.998808e+001 -2.562667e+001  5.000000e+001
      vertex -2.122096e+001 -2.461546e+001  5.000000e+001
    endloop
  endfacet
  facet normal  0.000000e+000  0.000000e+000 -1.000000e+000
    outer loop
      vertex -1.518639e+001 -2.529078e+001  5.000000e+001
      vertex -2.122096e+001 -2.461546e+001  5.000000e+001
      vertex -1.646819e+001 -2.447547e+001  5.000000e+001
    endloop
  endfacet
  facet normal  -0.000000e+000  0.000000e+000 -9.999999e-001
    outer loop
      vertex -1.646819e+001 -2.447547e+001  5.000000e+001
      vertex -2.122096e+001 -2.461546e+001  5.000000e+001
      vertex -2.240275e+001 -2.354500e+001  5.000000e+001
    endloop
  endfacet
  facet normal  0.000000e+000  0.000000e+000 -1.000000e+000
    outer loop
      vertex -1.646819e+001 -2.447547e+001  5.000000e+001
      vertex -2.240275e+001 -2.354500e+001  5.000000e+001
      vertex -1.770632e+001 -2.359526e+001  5.000000e+001
    endloop
  endfacet
  facet normal  0.000000e+000  0.000000e+000 -1.000000e+000
    outer loop
      vertex -1.770632e+001 -2.359526e+001  5.000000e+001
      vertex -2.240275e+001 -2.354500e+001  5.000000e+001
      vertex -2.353061e+001 -2.241786e+001  5.000000e+001
    endloop
  endfacet
  facet normal  0.000000e+000  0.000000e+000 -1.000000e+000
    outer loop
      vertex -1.770632e+001 -2.359526e+001  5.000000e+001
      vertex -2.353061e+001 -2.241786e+001  5.000000e+001
      vertex -1.889750e+001 -2.265247e+001  5.000000e+001
    endloop
  endfacet
  facet normal  0.000000e+000  0.000000e+000 -1.000000e+000
    outer loop
      vertex -1.889750e+001 -2.265247e+001  5.000000e+001
      vertex -2.353061e+001 -2.241786e+001  5.000000e+001
      vertex -2.460183e+001 -2.123676e+001  5.000000e+001
    endloop
  endfacet
  facet normal  0.000000e+000  0.000000e+000 -1.000000e+000
    outer loop
      vertex -1.889750e+001 -2.265247e+001  5.000000e+001
      vertex -2.460183e+001 -2.123676e+001  5.000000e+001
      vertex -2.003856e+001 -2.164962e+001  5.000000e+001
    endloop
  endfacet
  facet normal  0.000000e+000  0.000000e+000 -1.000000e+000
    outer loop
      vertex -8.244826e+000 -2.832442e+001  5.000000e+001
      vertex -1.601323e+001 -2.828120e+001  5.000000e+001
      vertex -9.692000e+000 -2.786243e+001  5.000000e+001
    endloop
  endfacet
  facet normal  -0.000000e+000  0.000000e+000 -1.000000e+000
    outer loop
      vertex -9.692000e+000 -2.786243e+001  5.000000e+001
      vertex -1.601323e+001 -2.828120e+001  5.000000e+001
      vertex -1.738109e+001 -2.746175e+001  5.000000e+001
    endloop
  endfacet
  facet normal  0.000000e+000  0.000000e+000 -1.000000e+000
    outer loop
      vertex -9.692000e+000 -2.786243e+001  5.000000e+001
      vertex -1.738109e+001 -2.746175e+001  5.000000e+001
      vertex -1.111347e+001 -2.732656e+001  5.000000e+001
    endloop
  endfacet
  facet normal  -0.000000e+000  0.000000e+000 -1.000000e+000
    outer loop
      vertex -1.111347e+001 -2.732656e+001  5.000000e+001
      vertex -1.738109e+001 -2.746175e+001  5.000000e+001
      vertex -1.870710e+001 -2.657620e+001  5.000000e+001
    endloop
  endfacet
  facet normal  0.000000e+000  0.000000e+000 -9.999999e-001
    outer loop
      vertex -1.111347e+001 -2.732656e+001  5.000000e+001
      vertex -1.870710e+001 -2.657620e+001  5.000000e+001
      vertex -1.250547e+001 -2.671822e+001  5.000000e+001
    endloop
  endfacet
  facet normal  0.000000e+000  0.000000e+000 -1.000000e+000
    outer loop
      vertex  7.117927e+000 -3.171096e+001  5.000000e+001
      vertex -8.664708e+000 -3.132368e+001  5.000000e+001
      vertex  8.664708e+000 -3.132368e+001  5.000000e+001
    endloop
  endfacet
  facet normal  0.000000e+000  0.000000e+000 -1.000000e+000
    outer loop
      vertex  8.664708e+000 -3.132368e+001  5.000000e+001
      vertex -8.664708e+000 -3.132368e+001  5.000000e+001
      vertex -1.019063e+001 -3.086099e+001  5.000000e+001
    endloop
  endfacet
  facet normal  0.000000e+000  0.000000e+000 -1.000000e+000
    outer loop
      vertex  8.664708e+000 -3.132368e+001  5.000000e+001
      vertex -1.019063e+001 -3.086099e+001  5.000000e+001
      vertex  1.019063e+001 -3.086099e+001  5.000000e+001
    endloop
  endfacet
  facet normal  0.000000e+000  0.000000e+000 -1.000000e+000
    outer loop
      vertex  1.019063e+001 -3.086099e+001  5.000000e+001
      vertex -1.019063e+001 -3.086099e+001  5.000000e+001
      vertex -1.169203e+001 -3.032403e+001  5.000000e+001
    endloop
  endfacet
  facet normal  0.000000e+000  0.000000e+000 -9.999999e-001
    outer loop
      vertex  1.019063e+001 -3.086099e+001  5.000000e+001
      vertex -1.169203e+001 -3.032403e+001  5.000000e+001
      vertex  1.169203e+001 -3.032403e+001  5.000000e+001
    endloop
  endfacet
  facet normal  0.000000e+000  0.000000e+000 -1.000000e+000
    outer loop
      vertex -8.664708e+000 -3.132368e+001  5.000000e+001
      vertex  7.117927e+000 -3.171096e+001  5.000000e+001
      vertex -7.117927e+000 -3.171096e+001  5.000000e+001
    endloop
  endfacet
  facet normal  0.000000e+000  0.000000e+000 -1.000000e+000
    outer loop
      vertex -7.117927e+000 -3.171096e+001  5.000000e+001
      vertex  7.117927e+000 -3.171096e+001  5.000000e+001
      vertex  5.554012e+000 -3.202191e+001  5.000000e+001
    endloop
  endfacet
  facet normal  0.000000e+000  0.000000e+000 -1.000000e+000
    outer loop
      vertex -7.117927e+000 -3.171096e+001  5.000000e+001
      vertex  5.554012e+000 -3.202191e+001  5.000000e+001
      vertex -5.554012e+000 -3.202191e+001  5.000000e+001
    endloop
  endfacet
  facet normal  0.000000e+000  0.000000e+000 -1.000000e+000
    outer loop
      vertex -5.554012e+000 -3.202191e+001  5.000000e+001
      vertex  5.554012e+000 -3.202191e+001  5.000000e+001
      vertex  3.976729e+000 -3.225578e+001  5.000000e+001
    endloop
  endfacet
  facet normal  0.000000e+000  0.000000e+000 -1.000000e+000
    outer loop
      vertex -5.554012e+000 -3.202191e+001  5.000000e+001
      vertex  3.976729e+000 -3.225578e+001  5.000000e+001
      vertex -3.976729e+000 -3.225578e+001  5.000000e+001
    endloop
  endfacet
  facet normal  0.000000e+000  0.000000e+000 -1.000000e+000
    outer loop
      vertex -3.976729e+000 -3.225578e+001  5.000000e+001
      vertex  3.976729e+000 -3.225578e+001  5.000000e+001
      vertex  2.389873e+000 -3.241201e+001  5.000000e+001
    endloop
  endfacet
  facet normal  0.000000e+000  0.000000e+000 -1.000000e+000
    outer loop
      vertex -3.976729e+000 -3.225578e+001  5.000000e+001
      vertex  2.389873e+000 -3.241201e+001  5.000000e+001
      vertex -2.389873e+000 -3.241201e+001  5.000000e+001
    endloop
  endfacet
  facet normal  0.000000e+000  0.000000e+000 -1.000000e+000
    outer loop
      vertex -2.389873e+000 -3.241201e+001  5.000000e+001
      vertex  2.389873e+000 -3.241201e+001  5.000000e+001
      vertex  7.972640e-001 -3.249022e+001  5.000000e+001
    endloop
  endfacet
  facet normal  0.000000e+000  0.000000e+000 -9.999999e-001
    outer loop
      vertex -2.389873e+000 -3.241201e+001  5.000000e+001
      vertex  7.972640e-001 -3.249022e+001  5.000000e+001
      vertex -7.972640e-001 -3.249022e+001  5.000000e+001
    endloop
  endfacet
  facet normal  0.000000e+000  0.000000e+000  1.000000e+000
    outer loop
      vertex -3.207448e+001  5.241935e+000  5.000000e+001
      vertex -3.241325e+001  3.408519e+000  5.000000e+001
      vertex -3.226041e+001  3.938992e+000  5.000000e+001
    endloop
  endfacet
  facet normal  0.000000e+000  -0.000000e+000  1.000000e+000
    outer loop
      vertex -1.150000e+002 -3.550000e+001  5.000000e+001
      vertex -7.648529e+001 -3.550000e+001  5.000000e+001
      vertex -7.459023e+001 -3.546258e+001  5.000000e+001
    endloop
  endfacet
  facet normal  0.000000e+000  -0.000000e+000  1.000000e+000
    outer loop
      vertex -1.150000e+002 -3.550000e+001  5.000000e+001
      vertex -7.459023e+001 -3.546258e+001  5.000000e+001
      vertex -7.269812e+001 -3.535036e+001  5.000000e+001
    endloop
  endfacet
  facet normal  0.000000e+000  -0.000000e+000  1.000000e+000
    outer loop
      vertex -1.150000e+002 -3.550000e+001  5.000000e+001
      vertex -7.269812e+001 -3.535036e+001  5.000000e+001
      vertex -7.081191e+001 -3.516354e+001  5.000000e+001
    endloop
  endfacet
  facet normal  0.000000e+000  -0.000000e+000  1.000000e+000
    outer loop
      vertex -1.150000e+002 -3.550000e+001  5.000000e+001
      vertex -7.081191e+001 -3.516354e+001  5.000000e+001
      vertex -6.893456e+001 -3.490239e+001  5.000000e+001
    endloop
  endfacet
  facet normal  0.000000e+000  -0.000000e+000  1.000000e+000
    outer loop
      vertex -1.150000e+002 -3.550000e+001  5.000000e+001
      vertex -6.893456e+001 -3.490239e+001  5.000000e+001
      vertex -6.706898e+001 -3.456732e+001  5.000000e+001
    endloop
  endfacet
  facet normal  0.000000e+000  -0.000000e+000  1.000000e+000
    outer loop
      vertex -1.150000e+002 -3.550000e+001  5.000000e+001
      vertex -6.706898e+001 -3.456732e+001  5.000000e+001
      vertex -6.521807e+001 -3.415887e+001  5.000000e+001
    endloop
  endfacet
  facet normal  0.000000e+000  -0.000000e+000  1.000000e+000
    outer loop
      vertex -1.150000e+002 -3.550000e+001  5.000000e+001
      vertex -6.521807e+001 -3.415887e+001  5.000000e+001
      vertex -6.338474e+001 -3.367765e+001  5.000000e+001
    endloop
  endfacet
  facet normal  0.000000e+000  -0.000000e+000  1.000000e+000
    outer loop
      vertex -1.150000e+002 -3.550000e+001  5.000000e+001
      vertex -6.338474e+001 -3.367765e+001  5.000000e+001
      vertex -6.157184e+001 -3.312444e+001  5.000000e+001
    endloop
  endfacet
  facet normal  0.000000e+000  0.000000e+000  1.000000e+000
    outer loop
      vertex -1.150000e+002 -3.550000e+001  5.000000e+001
      vertex -6.157184e+001 -3.312444e+001  5.000000e+001
      vertex -7.648529e+001 -3.250000e+001  5.000000e+001
    endloop
  endfacet
  facet normal  0.000000e+000  0.000000e+000  1.000000e+000
    outer loop
      vertex -1.150000e+002 -3.550000e+001  5.000000e+001
      vertex -7.648529e+001 -3.250000e+001  5.000000e+001
      vertex -1.150000e+002 -3.250000e+001  5.000000e+001
    endloop
  endfacet
  facet normal  0.000000e+000  0.000000e+000  1.000000e+000
    outer loop
      vertex -5.978219e+001 -3.250007e+001  5.000000e+001
      vertex -5.801859e+001 -3.180554e+001  5.000000e+001
      vertex -6.906105e+001 -3.188334e+001  5.000000e+001
    endloop
  endfacet
  facet normal  0.000000e+000  0.000000e+000  1.000000e+000
    outer loop
      vertex -5.978219e+001 -3.250007e+001  5.000000e+001
      vertex -6.906105e+001 -3.188334e+001  5.000000e+001
      vertex -7.090593e+001 -3.215278e+001  5.000000e+001
    endloop
  endfacet
  facet normal  0.000000e+000  0.000000e+000  1.000000e+000
    outer loop
      vertex -5.978219e+001 -3.250007e+001  5.000000e+001
      vertex -7.090593e+001 -3.215278e+001  5.000000e+001
      vertex -7.276039e+001 -3.234557e+001  5.000000e+001
    endloop
  endfacet
  facet normal  0.000000e+000  0.000000e+000  1.000000e+000
    outer loop
      vertex -5.978219e+001 -3.250007e+001  5.000000e+001
      vertex -7.276039e+001 -3.234557e+001  5.000000e+001
      vertex -7.462124e+001 -3.246138e+001  5.000000e+001
    endloop
  endfacet
  facet normal  0.000000e+000  0.000000e+000  1.000000e+000
    outer loop
      vertex -5.978219e+001 -3.250007e+001  5.000000e+001
      vertex -7.462124e+001 -3.246138e+001  5.000000e+001
      vertex -7.648529e+001 -3.250000e+001  5.000000e+001
    endloop
  endfacet
  facet normal  0.000000e+000  0.000000e+000  1.000000e+000
    outer loop
      vertex -5.978219e+001 -3.250007e+001  5.000000e+001
      vertex -7.648529e+001 -3.250000e+001  5.000000e+001
      vertex -6.157184e+001 -3.312444e+001  5.000000e+001
    endloop
  endfacet
  facet normal  -0.000000e+000  0.000000e+000  1.000000e+000
    outer loop
      vertex -3.226041e+001  3.938992e+000  5.000000e+001
      vertex -3.241325e+001  3.408519e+000  5.000000e+001
      vertex -3.239344e+001  2.629589e+000  5.000000e+001
    endloop
  endfacet
  facet normal  0.000000e+000  0.000000e+000  9.999999e-001
    outer loop
      vertex -3.239344e+001  2.629589e+000  5.000000e+001
      vertex -3.241325e+001  3.408519e+000  5.000000e+001
      vertex -3.282768e+001  1.590709e+000  5.000000e+001
    endloop
  endfacet
  facet normal  -0.000000e+000  0.000000e+000  1.000000e+000
    outer loop
      vertex -3.239344e+001  2.629589e+000  5.000000e+001
      vertex -3.282768e+001  1.590709e+000  5.000000e+001
      vertex -3.247335e+001  1.315874e+000  5.000000e+001
    endloop
  endfacet
  facet normal  0.000000e+000  0.000000e+000  1.000000e+000
    outer loop
      vertex -3.247335e+001  1.315874e+000  5.000000e+001
      vertex -3.282768e+001  1.590709e+000  5.000000e+001
      vertex -3.250000e+001  3.980102e-015  5.000000e+001
    endloop
  endfacet
  facet normal  0.000000e+000  0.000000e+000  1.000000e+000
    outer loop
      vertex -3.250000e+001  3.980102e-015  5.000000e+001
      vertex -3.282768e+001  1.590709e+000  5.000000e+001
      vertex -3.331705e+001 -2.083742e-001  5.000000e+001
    endloop
  endfacet
  facet normal  -0.000000e+000  0.000000e+000  1.000000e+000
    outer loop
      vertex -3.250000e+001  3.980102e-015  5.000000e+001
      vertex -3.331705e+001 -2.083742e-001  5.000000e+001
      vertex -3.246983e+001 -1.400136e+000  5.000000e+001
    endloop
  endfacet
  facet normal  0.000000e+000  0.000000e+000  1.000000e+000
    outer loop
      vertex -3.246983e+001 -1.400136e+000  5.000000e+001
      vertex -3.331705e+001 -2.083742e-001  5.000000e+001
      vertex -3.388052e+001 -1.985641e+000  5.000000e+001
    endloop
  endfacet
  facet normal  -0.000000e+000  0.000000e+000  1.000000e+000
    outer loop
      vertex -3.246983e+001 -1.400136e+000  5.000000e+001
      vertex -3.388052e+001 -1.985641e+000  5.000000e+001
      vertex -3.237936e+001 -2.797671e+000  5.000000e+001
    endloop
  endfacet
  facet normal  0.000000e+000  0.000000e+000  9.999999e-001
    outer loop
      vertex -3.237936e+001 -2.797671e+000  5.000000e+001
      vertex -3.388052e+001 -1.985641e+000  5.000000e+001
      vertex -3.451714e+001 -3.738042e+000  5.000000e+001
    endloop
  endfacet
  facet normal  -0.000000e+000  0.000000e+000  9.999999e-001
    outer loop
      vertex -3.237936e+001 -2.797671e+000  5.000000e+001
      vertex -3.451714e+001 -3.738042e+000  5.000000e+001
      vertex -3.222877e+001 -4.190012e+000  5.000000e+001
    endloop
  endfacet
  facet normal  0.000000e+000  0.000000e+000  1.000000e+000
    outer loop
      vertex -3.222877e+001 -4.190012e+000  5.000000e+001
      vertex -3.451714e+001 -3.738042e+000  5.000000e+001
      vertex -3.201834e+001 -5.574573e+000  5.000000e+001
    endloop
  endfacet
  facet normal  0.000000e+000  0.000000e+000  1.000000e+000
    outer loop
      vertex -3.201834e+001 -5.574573e+000  5.000000e+001
      vertex -3.451714e+001 -3.738042e+000  5.000000e+001
      vertex -3.522580e+001 -5.462568e+000  5.000000e+001
    endloop
  endfacet
  facet normal  0.000000e+000  0.000000e+000  1.000000e+000
    outer loop
      vertex -3.201834e+001 -5.574573e+000  5.000000e+001
      vertex -3.522580e+001 -5.462568e+000  5.000000e+001
      vertex -3.276660e+001 -7.316059e+000  5.000000e+001
    endloop
  endfacet
  facet normal  0.000000e+000  0.000000e+000  1.000000e+000
    outer loop
      vertex -3.276660e+001 -7.316059e+000  5.000000e+001
      vertex -3.522580e+001 -5.462568e+000  5.000000e+001
      vertex -3.600528e+001 -7.156259e+000  5.000000e+001
    endloop
  endfacet
  facet normal  0.000000e+000  0.000000e+000  1.000000e+000
    outer loop
      vertex -3.276660e+001 -7.316059e+000  5.000000e+001
      vertex -3.600528e+001 -7.156259e+000  5.000000e+001
      vertex -3.358304e+001 -9.026645e+000  5.000000e+001
    endloop
  endfacet
  facet normal  0.000000e+000  0.000000e+000  9.999999e-001
    outer loop
      vertex -3.358304e+001 -9.026645e+000  5.000000e+001
      vertex -3.600528e+001 -7.156259e+000  5.000000e+001
      vertex -3.685425e+001 -8.816207e+000  5.000000e+001
    endloop
  endfacet
  facet normal  0.000000e+000  0.000000e+000  1.000000e+000
    outer loop
      vertex -3.358304e+001 -9.026645e+000  5.000000e+001
      vertex -3.685425e+001 -8.816207e+000  5.000000e+001
      vertex -3.446637e+001 -1.070366e+001  5.000000e+001
    endloop
  endfacet
  facet normal  0.000000e+000  0.000000e+000  1.000000e+000
    outer loop
      vertex -3.446637e+001 -1.070366e+001  5.000000e+001
      vertex -3.685425e+001 -8.816207e+000  5.000000e+001
      vertex -3.777126e+001 -1.043956e+001  5.000000e+001
    endloop
  endfacet
  facet normal  0.000000e+000  0.000000e+000  9.999999e-001
    outer loop
      vertex -3.446637e+001 -1.070366e+001  5.000000e+001
      vertex -3.777126e+001 -1.043956e+001  5.000000e+001
      vertex -3.541522e+001 -1.234450e+001  5.000000e+001
    endloop
  endfacet
  facet normal  0.000000e+000  0.000000e+000  1.000000e+000
    outer loop
      vertex -3.541522e+001 -1.234450e+001  5.000000e+001
      vertex -3.777126e+001 -1.043956e+001  5.000000e+001
      vertex -3.875472e+001 -1.202354e+001  5.000000e+001
    endloop
  endfacet
  facet normal  0.000000e+000  0.000000e+000  1.000000e+000
    outer loop
      vertex -3.541522e+001 -1.234450e+001  5.000000e+001
      vertex -3.875472e+001 -1.202354e+001  5.000000e+001
      vertex -3.642812e+001 -1.394660e+001  5.000000e+001
    endloop
  endfacet
  facet normal  0.000000e+000  0.000000e+000  9.999999e-001
    outer loop
      vertex -3.642812e+001 -1.394660e+001  5.000000e+001
      vertex -3.875472e+001 -1.202354e+001  5.000000e+001
      vertex -3.980296e+001 -1.356542e+001  5.000000e+001
    endloop
  endfacet
  facet normal  0.000000e+000  0.000000e+000  1.000000e+000
    outer loop
      vertex -3.642812e+001 -1.394660e+001  5.000000e+001
      vertex -3.980296e+001 -1.356542e+001  5.000000e+001
      vertex -3.750347e+001 -1.550746e+001  5.000000e+001
    endloop
  endfacet
  facet normal  0.000000e+000  0.000000e+000  1.000000e+000
    outer loop
      vertex -3.750347e+001 -1.550746e+001  5.000000e+001
      vertex -3.980296e+001 -1.356542e+001  5.000000e+001
      vertex -4.091416e+001 -1.506255e+001  5.000000e+001
    endloop
  endfacet
  facet normal  0.000000e+000  0.000000e+000  1.000000e+000
    outer loop
      vertex -3.750347e+001 -1.550746e+001  5.000000e+001
      vertex -4.091416e+001 -1.506255e+001  5.000000e+001
      vertex -3.863961e+001 -1.702464e+001  5.000000e+001
    endloop
  endfacet
  facet normal  0.000000e+000  0.000000e+000  9.999999e-001
    outer loop
      vertex -3.863961e+001 -1.702464e+001  5.000000e+001
      vertex -4.091416e+001 -1.506255e+001  5.000000e+001
      vertex -4.208642e+001 -1.651237e+001  5.000000e+001
    endloop
  endfacet
  facet normal  0.000000e+000  0.000000e+000  1.000000e+000
    outer loop
      vertex -3.863961e+001 -1.702464e+001  5.000000e+001
      vertex -4.208642e+001 -1.651237e+001  5.000000e+001
      vertex -3.983477e+001 -1.849579e+001  5.000000e+001
    endloop
  endfacet
  facet normal  0.000000e+000  0.000000e+000  1.000000e+000
    outer loop
      vertex -3.983477e+001 -1.849579e+001  5.000000e+001
      vertex -4.208642e+001 -1.651237e+001  5.000000e+001
      vertex -4.331774e+001 -1.791239e+001  5.000000e+001
    endloop
  endfacet
  facet normal  0.000000e+000  0.000000e+000  1.000000e+000
    outer loop
      vertex -3.983477e+001 -1.849579e+001  5.000000e+001
      vertex -4.331774e+001 -1.791239e+001  5.000000e+001
      vertex -4.108707e+001 -1.991861e+001  5.000000e+001
    endloop
  endfacet
  facet normal  0.000000e+000  0.000000e+000  1.000000e+000
    outer loop
      vertex -4.108707e+001 -1.991861e+001  5.000000e+001
      vertex -4.331774e+001 -1.791239e+001  5.000000e+001
      vertex -4.460599e+001 -1.926020e+001  5.000000e+001
    endloop
  endfacet
  facet normal  0.000000e+000  0.000000e+000  1.000000e+000
    outer loop
      vertex -4.108707e+001 -1.991861e+001  5.000000e+001
      vertex -4.460599e+001 -1.926020e+001  5.000000e+001
      vertex -4.594897e+001 -2.055349e+001  5.000000e+001
    endloop
  endfacet
  facet normal  -0.000000e+000  0.000000e+000  9.999999e-001
    outer loop
      vertex -4.108707e+001 -1.991861e+001  5.000000e+001
      vertex -4.594897e+001 -2.055349e+001  5.000000e+001
      vertex -4.239457e+001 -2.129087e+001  5.000000e+001
    endloop
  endfacet
  facet normal  0.000000e+000  0.000000e+000  1.000000e+000
    outer loop
      vertex -4.239457e+001 -2.129087e+001  5.000000e+001
      vertex -4.594897e+001 -2.055349e+001  5.000000e+001
      vertex -4.734437e+001 -2.179003e+001  5.000000e+001
    endloop
  endfacet
  facet normal  -0.000000e+000  0.000000e+000  1.000000e+000
    outer loop
      vertex -4.239457e+001 -2.129087e+001  5.000000e+001
      vertex -4.734437e+001 -2.179003e+001  5.000000e+001
      vertex -4.375523e+001 -2.261044e+001  5.000000e+001
    endloop
  endfacet
  facet normal  0.000000e+000  0.000000e+000  1.000000e+000
    outer loop
      vertex -4.375523e+001 -2.261044e+001  5.000000e+001
      vertex -4.734437e+001 -2.179003e+001  5.000000e+001
      vertex -4.878979e+001 -2.296772e+001  5.000000e+001
    endloop
  endfacet
  facet normal  -0.000000e+000  0.000000e+000  1.000000e+000
    outer loop
      vertex -4.375523e+001 -2.261044e+001  5.000000e+001
      vertex -4.878979e+001 -2.296772e+001  5.000000e+001
      vertex -4.516693e+001 -2.387527e+001  5.000000e+001
    endloop
  endfacet
  facet normal  0.000000e+000  0.000000e+000  9.999999e-001
    outer loop
      vertex -4.516693e+001 -2.387527e+001  5.000000e+001
      vertex -4.878979e+001 -2.296772e+001  5.000000e+001
      vertex -5.028275e+001 -2.408452e+001  5.000000e+001
    endloop
  endfacet
  facet normal  -0.000000e+000  0.000000e+000  9.999999e-001
    outer loop
      vertex -4.516693e+001 -2.387527e+001  5.000000e+001
      vertex -5.028275e+001 -2.408452e+001  5.000000e+001
      vertex -4.662746e+001 -2.508337e+001  5.000000e+001
    endloop
  endfacet
  facet normal  0.000000e+000  0.000000e+000  1.000000e+000
    outer loop
      vertex -4.662746e+001 -2.508337e+001  5.000000e+001
      vertex -5.028275e+001 -2.408452e+001  5.000000e+001
      vertex -5.182070e+001 -2.513852e+001  5.000000e+001
    endloop
  endfacet
  facet normal  -0.000000e+000  0.000000e+000  1.000000e+000
    outer loop
      vertex -4.662746e+001 -2.508337e+001  5.000000e+001
      vertex -5.182070e+001 -2.513852e+001  5.000000e+001
      vertex -4.813455e+001 -2.623287e+001  5.000000e+001
    endloop
  endfacet
  facet normal  0.000000e+000  0.000000e+000  9.999999e-001
    outer loop
      vertex -4.813455e+001 -2.623287e+001  5.000000e+001
      vertex -5.182070e+001 -2.513852e+001  5.000000e+001
      vertex -5.340098e+001 -2.612790e+001  5.000000e+001
    endloop
  endfacet
  facet normal  0.000000e+000  0.000000e+000  1.000000e+000
    outer loop
      vertex -4.813455e+001 -2.623287e+001  5.000000e+001
      vertex -5.340098e+001 -2.612790e+001  5.000000e+001
      vertex -4.968585e+001 -2.732198e+001  5.000000e+001
    endloop
  endfacet
  facet normal  0.000000e+000  0.000000e+000  9.999999e-001
    outer loop
      vertex -4.968585e+001 -2.732198e+001  5.000000e+001
      vertex -5.340098e+001 -2.612790e+001  5.000000e+001
      vertex -5.502090e+001 -2.705098e+001  5.000000e+001
    endloop
  endfacet
  facet normal  0.000000e+000  0.000000e+000  1.000000e+000
    outer loop
      vertex -4.968585e+001 -2.732198e+001  5.000000e+001
      vertex -5.502090e+001 -2.705098e+001  5.000000e+001
      vertex -5.127893e+001 -2.834898e+001  5.000000e+001
    endloop
  endfacet
  facet normal  0.000000e+000  0.000000e+000  1.000000e+000
    outer loop
      vertex -5.127893e+001 -2.834898e+001  5.000000e+001
      vertex -5.502090e+001 -2.705098e+001  5.000000e+001
      vertex -5.667765e+001 -2.790616e+001  5.000000e+001
    endloop
  endfacet
  facet normal  0.000000e+000  0.000000e+000  1.000000e+000
    outer loop
      vertex -5.127893e+001 -2.834898e+001  5.000000e+001
      vertex -5.667765e+001 -2.790616e+001  5.000000e+001
      vertex -5.836842e+001 -2.869197e+001  5.000000e+001
    endloop
  endfacet
  facet normal  -0.000000e+000  0.000000e+000  1.000000e+000
    outer loop
      vertex -5.127893e+001 -2.834898e+001  5.000000e+001
      vertex -5.836842e+001 -2.869197e+001  5.000000e+001
      vertex -5.291132e+001 -2.931230e+001  5.000000e+001
    endloop
  endfacet
  facet normal  0.000000e+000  0.000000e+000  1.000000e+000
    outer loop
      vertex -5.291132e+001 -2.931230e+001  5.000000e+001
      vertex -5.836842e+001 -2.869197e+001  5.000000e+001
      vertex -6.009027e+001 -2.940708e+001  5.000000e+001
    endloop
  endfacet
  facet normal  -0.000000e+000  0.000000e+000  1.000000e+000
    outer loop
      vertex -5.291132e+001 -2.931230e+001  5.000000e+001
      vertex -6.009027e+001 -2.940708e+001  5.000000e+001
      vertex -5.458047e+001 -3.021041e+001  5.000000e+001
    endloop
  endfacet
  facet normal  0.000000e+000  0.000000e+000  9.999999e-001
    outer loop
      vertex -5.458047e+001 -3.021041e+001  5.000000e+001
      vertex -6.009027e+001 -2.940708e+001  5.000000e+001
      vertex -6.184028e+001 -3.005025e+001  5.000000e+001
    endloop
  endfacet
  facet normal  0.000000e+000  0.000000e+000  1.000000e+000
    outer loop
      vertex -5.458047e+001 -3.021041e+001  5.000000e+001
      vertex -6.184028e+001 -3.005025e+001  5.000000e+001
      vertex -5.628378e+001 -3.104192e+001  5.000000e+001
    endloop
  endfacet
  facet normal  0.000000e+000  0.000000e+000  1.000000e+000
    outer loop
      vertex -5.628378e+001 -3.104192e+001  5.000000e+001
      vertex -6.184028e+001 -3.005025e+001  5.000000e+001
      vertex -6.361543e+001 -3.062037e+001  5.000000e+001
    endloop
  endfacet
  facet normal  0.000000e+000  0.000000e+000  1.000000e+000
    outer loop
      vertex -5.628378e+001 -3.104192e+001  5.000000e+001
      vertex -6.361543e+001 -3.062037e+001  5.000000e+001
      vertex -6.541267e+001 -3.111648e+001  5.000000e+001
    endloop
  endfacet
  facet normal  -0.000000e+000  0.000000e+000  1.000000e+000
    outer loop
      vertex -5.628378e+001 -3.104192e+001  5.000000e+001
      vertex -6.541267e+001 -3.111648e+001  5.000000e+001
      vertex -5.801859e+001 -3.180554e+001  5.000000e+001
    endloop
  endfacet
  facet normal  0.000000e+000  0.000000e+000  1.000000e+000
    outer loop
      vertex -5.801859e+001 -3.180554e+001  5.000000e+001
      vertex -6.541267e+001 -3.111648e+001  5.000000e+001
      vertex -6.722891e+001 -3.153770e+001  5.000000e+001
    endloop
  endfacet
  facet normal  0.000000e+000  0.000000e+000  1.000000e+000
    outer loop
      vertex -5.801859e+001 -3.180554e+001  5.000000e+001
      vertex -6.722891e+001 -3.153770e+001  5.000000e+001
      vertex -6.906105e+001 -3.188334e+001  5.000000e+001
    endloop
  endfacet
  facet normal  0.000000e+000  -0.000000e+000  1.000000e+000
    outer loop
      vertex  3.239344e+001  2.629589e+000  5.000000e+001
      vertex  3.247335e+001  1.315874e+000  5.000000e+001
      vertex  3.282768e+001  1.590709e+000  5.000000e+001
    endloop
  endfacet
  facet normal  0.000000e+000  0.000000e+000  1.000000e+000
    outer loop
      vertex  7.648529e+001 -3.250000e+001  5.000000e+001
      vertex  7.462124e+001 -3.246138e+001  5.000000e+001
      vertex  5.978219e+001 -3.250007e+001  5.000000e+001
    endloop
  endfacet
  facet normal  -0.000000e+000  0.000000e+000  1.000000e+000
    outer loop
      vertex  7.648529e+001 -3.250000e+001  5.000000e+001
      vertex  5.978219e+001 -3.250007e+001  5.000000e+001
      vertex  6.157184e+001 -3.312444e+001  5.000000e+001
    endloop
  endfacet
  facet normal  -0.000000e+000  0.000000e+000  1.000000e+000
    outer loop
      vertex  7.648529e+001 -3.250000e+001  5.000000e+001
      vertex  6.157184e+001 -3.312444e+001  5.000000e+001
      vertex  1.150000e+002 -3.550000e+001  5.000000e+001
    endloop
  endfacet
  facet normal  0.000000e+000  -0.000000e+000  1.000000e+000
    outer loop
      vertex  7.648529e+001 -3.250000e+001  5.000000e+001
      vertex  1.150000e+002 -3.550000e+001  5.000000e+001
      vertex  1.150000e+002 -3.250000e+001  5.000000e+001
    endloop
  endfacet
  facet normal  0.000000e+000  0.000000e+000  1.000000e+000
    outer loop
      vertex  1.150000e+002 -3.550000e+001  5.000000e+001
      vertex  6.157184e+001 -3.312444e+001  5.000000e+001
      vertex  6.338474e+001 -3.367765e+001  5.000000e+001
    endloop
  endfacet
  facet normal  0.000000e+000  0.000000e+000  1.000000e+000
    outer loop
      vertex  1.150000e+002 -3.550000e+001  5.000000e+001
      vertex  6.338474e+001 -3.367765e+001  5.000000e+001
      vertex  6.521807e+001 -3.415887e+001  5.000000e+001
    endloop
  endfacet
  facet normal  0.000000e+000  0.000000e+000  1.000000e+000
    outer loop
      vertex  1.150000e+002 -3.550000e+001  5.000000e+001
      vertex  6.521807e+001 -3.415887e+001  5.000000e+001
      vertex  6.706898e+001 -3.456732e+001  5.000000e+001
    endloop
  endfacet
  facet normal  0.000000e+000  0.000000e+000  1.000000e+000
    outer loop
      vertex  1.150000e+002 -3.550000e+001  5.000000e+001
      vertex  6.706898e+001 -3.456732e+001  5.000000e+001
      vertex  6.893456e+001 -3.490239e+001  5.000000e+001
    endloop
  endfacet
  facet normal  0.000000e+000  0.000000e+000  1.000000e+000
    outer loop
      vertex  1.150000e+002 -3.550000e+001  5.000000e+001
      vertex  6.893456e+001 -3.490239e+001  5.000000e+001
      vertex  7.081191e+001 -3.516354e+001  5.000000e+001
    endloop
  endfacet
  facet normal  0.000000e+000  0.000000e+000  1.000000e+000
    outer loop
      vertex  1.150000e+002 -3.550000e+001  5.000000e+001
      vertex  7.081191e+001 -3.516354e+001  5.000000e+001
      vertex  7.269812e+001 -3.535036e+001  5.000000e+001
    endloop
  endfacet
  facet normal  0.000000e+000  0.000000e+000  1.000000e+000
    outer loop
      vertex  1.150000e+002 -3.550000e+001  5.000000e+001
      vertex  7.269812e+001 -3.535036e+001  5.000000e+001
      vertex  7.459023e+001 -3.546258e+001  5.000000e+001
    endloop
  endfacet
  facet normal  0.000000e+000  0.000000e+000  1.000000e+000
    outer loop
      vertex  1.150000e+002 -3.550000e+001  5.000000e+001
      vertex  7.459023e+001 -3.546258e+001  5.000000e+001
      vertex  7.648529e+001 -3.550000e+001  5.000000e+001
    endloop
  endfacet
  facet normal  0.000000e+000  0.000000e+000  1.000000e+000
    outer loop
      vertex  5.978219e+001 -3.250007e+001  5.000000e+001
      vertex  7.462124e+001 -3.246138e+001  5.000000e+001
      vertex  7.276039e+001 -3.234557e+001  5.000000e+001
    endloop
  endfacet
  facet normal  0.000000e+000  0.000000e+000  1.000000e+000
    outer loop
      vertex  5.978219e+001 -3.250007e+001  5.000000e+001
      vertex  7.276039e+001 -3.234557e+001  5.000000e+001
      vertex  7.090593e+001 -3.215278e+001  5.000000e+001
    endloop
  endfacet
  facet normal  0.000000e+000  0.000000e+000  1.000000e+000
    outer loop
      vertex  5.978219e+001 -3.250007e+001  5.000000e+001
      vertex  7.090593e+001 -3.215278e+001  5.000000e+001
      vertex  6.906105e+001 -3.188334e+001  5.000000e+001
    endloop
  endfacet
  facet normal  0.000000e+000  0.000000e+000  1.000000e+000
    outer loop
      vertex  5.978219e+001 -3.250007e+001  5.000000e+001
      vertex  6.906105e+001 -3.188334e+001  5.000000e+001
      vertex  5.801859e+001 -3.180554e+001  5.000000e+001
    endloop
  endfacet
  facet normal  0.000000e+000  0.000000e+000  1.000000e+000
    outer loop
      vertex  3.239344e+001  2.629589e+000  5.000000e+001
      vertex  3.282768e+001  1.590709e+000  5.000000e+001
      vertex  3.226041e+001  3.938992e+000  5.000000e+001
    endloop
  endfacet
  facet normal  0.000000e+000  0.000000e+000  1.000000e+000
    outer loop
      vertex  3.226041e+001  3.938992e+000  5.000000e+001
      vertex  3.282768e+001  1.590709e+000  5.000000e+001
      vertex  3.241325e+001  3.408519e+000  5.000000e+001
    endloop
  endfacet
  facet normal  0.000000e+000  0.000000e+000  1.000000e+000
    outer loop
      vertex  3.226041e+001  3.938992e+000  5.000000e+001
      vertex  3.241325e+001  3.408519e+000  5.000000e+001
      vertex  3.207448e+001  5.241935e+000  5.000000e+001
    endloop
  endfacet
  facet normal  -0.000000e+000  0.000000e+000  1.000000e+000
    outer loop
      vertex  3.282768e+001  1.590709e+000  5.000000e+001
      vertex  3.247335e+001  1.315874e+000  5.000000e+001
      vertex  3.331705e+001 -2.083742e-001  5.000000e+001
    endloop
  endfacet
  facet normal  0.000000e+000  0.000000e+000  1.000000e+000
    outer loop
      vertex  3.331705e+001 -2.083742e-001  5.000000e+001
      vertex  3.247335e+001  1.315874e+000  5.000000e+001
      vertex  3.250000e+001  0.000000e+000  5.000000e+001
    endloop
  endfacet
  facet normal  0.000000e+000  0.000000e+000  1.000000e+000
    outer loop
      vertex  3.331705e+001 -2.083742e-001  5.000000e+001
      vertex  3.250000e+001  0.000000e+000  5.000000e+001
      vertex  3.388052e+001 -1.985641e+000  5.000000e+001
    endloop
  endfacet
  facet normal  0.000000e+000  0.000000e+000  1.000000e+000
    outer loop
      vertex  3.388052e+001 -1.985641e+000  5.000000e+001
      vertex  3.250000e+001  0.000000e+000  5.000000e+001
      vertex  3.246983e+001 -1.400136e+000  5.000000e+001
    endloop
  endfacet
  facet normal  0.000000e+000  0.000000e+000  1.000000e+000
    outer loop
      vertex  3.388052e+001 -1.985641e+000  5.000000e+001
      vertex  3.246983e+001 -1.400136e+000  5.000000e+001
      vertex  3.451714e+001 -3.738042e+000  5.000000e+001
    endloop
  endfacet
  facet normal  0.000000e+000  0.000000e+000  1.000000e+000
    outer loop
      vertex  3.451714e+001 -3.738042e+000  5.000000e+001
      vertex  3.246983e+001 -1.400136e+000  5.000000e+001
      vertex  3.237936e+001 -2.797671e+000  5.000000e+001
    endloop
  endfacet
  facet normal  0.000000e+000  0.000000e+000  1.000000e+000
    outer loop
      vertex  3.451714e+001 -3.738042e+000  5.000000e+001
      vertex  3.237936e+001 -2.797671e+000  5.000000e+001
      vertex  3.222877e+001 -4.190012e+000  5.000000e+001
    endloop
  endfacet
  facet normal  -0.000000e+000  0.000000e+000  1.000000e+000
    outer loop
      vertex  3.451714e+001 -3.738042e+000  5.000000e+001
      vertex  3.222877e+001 -4.190012e+000  5.000000e+001
      vertex  3.522580e+001 -5.462568e+000  5.000000e+001
    endloop
  endfacet
  facet normal  0.000000e+000  0.000000e+000  1.000000e+000
    outer loop
      vertex  3.522580e+001 -5.462568e+000  5.000000e+001
      vertex  3.222877e+001 -4.190012e+000  5.000000e+001
      vertex  3.201834e+001 -5.574573e+000  5.000000e+001
    endloop
  endfacet
  facet normal  -0.000000e+000  0.000000e+000  1.000000e+000
    outer loop
      vertex  3.522580e+001 -5.462568e+000  5.000000e+001
      vertex  3.201834e+001 -5.574573e+000  5.000000e+001
      vertex  3.600528e+001 -7.156259e+000  5.000000e+001
    endloop
  endfacet
  facet normal  0.000000e+000  0.000000e+000  1.000000e+000
    outer loop
      vertex  3.600528e+001 -7.156259e+000  5.000000e+001
      vertex  3.201834e+001 -5.574573e+000  5.000000e+001
      vertex  3.276660e+001 -7.316059e+000  5.000000e+001
    endloop
  endfacet
  facet normal  -0.000000e+000  0.000000e+000  1.000000e+000
    outer loop
      vertex  3.600528e+001 -7.156259e+000  5.000000e+001
      vertex  3.276660e+001 -7.316059e+000  5.000000e+001
      vertex  3.685425e+001 -8.816207e+000  5.000000e+001
    endloop
  endfacet
  facet normal  0.000000e+000  0.000000e+000  1.000000e+000
    outer loop
      vertex  3.685425e+001 -8.816207e+000  5.000000e+001
      vertex  3.276660e+001 -7.316059e+000  5.000000e+001
      vertex  3.358304e+001 -9.026645e+000  5.000000e+001
    endloop
  endfacet
  facet normal  -0.000000e+000  0.000000e+000  1.000000e+000
    outer loop
      vertex  3.685425e+001 -8.816207e+000  5.000000e+001
      vertex  3.358304e+001 -9.026645e+000  5.000000e+001
      vertex  3.777126e+001 -1.043956e+001  5.000000e+001
    endloop
  endfacet
  facet normal  0.000000e+000  0.000000e+000  1.000000e+000
    outer loop
      vertex  3.777126e+001 -1.043956e+001  5.000000e+001
      vertex  3.358304e+001 -9.026645e+000  5.000000e+001
      vertex  3.446637e+001 -1.070366e+001  5.000000e+001
    endloop
  endfacet
  facet normal  -0.000000e+000  0.000000e+000  1.000000e+000
    outer loop
      vertex  3.777126e+001 -1.043956e+001  5.000000e+001
      vertex  3.446637e+001 -1.070366e+001  5.000000e+001
      vertex  3.875472e+001 -1.202354e+001  5.000000e+001
    endloop
  endfacet
  facet normal  0.000000e+000  0.000000e+000  1.000000e+000
    outer loop
      vertex  3.875472e+001 -1.202354e+001  5.000000e+001
      vertex  3.446637e+001 -1.070366e+001  5.000000e+001
      vertex  3.541522e+001 -1.234450e+001  5.000000e+001
    endloop
  endfacet
  facet normal  -0.000000e+000  0.000000e+000  1.000000e+000
    outer loop
      vertex  3.875472e+001 -1.202354e+001  5.000000e+001
      vertex  3.541522e+001 -1.234450e+001  5.000000e+001
      vertex  3.980296e+001 -1.356542e+001  5.000000e+001
    endloop
  endfacet
  facet normal  0.000000e+000  0.000000e+000  1.000000e+000
    outer loop
      vertex  3.980296e+001 -1.356542e+001  5.000000e+001
      vertex  3.541522e+001 -1.234450e+001  5.000000e+001
      vertex  3.642812e+001 -1.394660e+001  5.000000e+001
    endloop
  endfacet
  facet normal  -0.000000e+000  0.000000e+000  1.000000e+000
    outer loop
      vertex  3.980296e+001 -1.356542e+001  5.000000e+001
      vertex  3.642812e+001 -1.394660e+001  5.000000e+001
      vertex  4.091416e+001 -1.506255e+001  5.000000e+001
    endloop
  endfacet
  facet normal  0.000000e+000  0.000000e+000  1.000000e+000
    outer loop
      vertex  4.091416e+001 -1.506255e+001  5.000000e+001
      vertex  3.642812e+001 -1.394660e+001  5.000000e+001
      vertex  3.750347e+001 -1.550746e+001  5.000000e+001
    endloop
  endfacet
  facet normal  -0.000000e+000  0.000000e+000  1.000000e+000
    outer loop
      vertex  4.091416e+001 -1.506255e+001  5.000000e+001
      vertex  3.750347e+001 -1.550746e+001  5.000000e+001
      vertex  4.208642e+001 -1.651237e+001  5.000000e+001
    endloop
  endfacet
  facet normal  0.000000e+000  0.000000e+000  1.000000e+000
    outer loop
      vertex  4.208642e+001 -1.651237e+001  5.000000e+001
      vertex  3.750347e+001 -1.550746e+001  5.000000e+001
      vertex  3.863961e+001 -1.702464e+001  5.000000e+001
    endloop
  endfacet
  facet normal  -0.000000e+000  0.000000e+000  1.000000e+000
    outer loop
      vertex  4.208642e+001 -1.651237e+001  5.000000e+001
      vertex  3.863961e+001 -1.702464e+001  5.000000e+001
      vertex  4.331774e+001 -1.791239e+001  5.000000e+001
    endloop
  endfacet
  facet normal  0.000000e+000  0.000000e+000  1.000000e+000
    outer loop
      vertex  4.331774e+001 -1.791239e+001  5.000000e+001
      vertex  3.863961e+001 -1.702464e+001  5.000000e+001
      vertex  3.983477e+001 -1.849579e+001  5.000000e+001
    endloop
  endfacet
  facet normal  -0.000000e+000  0.000000e+000  1.000000e+000
    outer loop
      vertex  4.331774e+001 -1.791239e+001  5.000000e+001
      vertex  3.983477e+001 -1.849579e+001  5.000000e+001
      vertex  4.460599e+001 -1.926020e+001  5.000000e+001
    endloop
  endfacet
  facet normal  0.000000e+000  0.000000e+000  1.000000e+000
    outer loop
      vertex  4.460599e+001 -1.926020e+001  5.000000e+001
      vertex  3.983477e+001 -1.849579e+001  5.000000e+001
      vertex  4.108707e+001 -1.991861e+001  5.000000e+001
    endloop
  endfacet
  facet normal  -0.000000e+000  0.000000e+000  1.000000e+000
    outer loop
      vertex  4.460599e+001 -1.926020e+001  5.000000e+001
      vertex  4.108707e+001 -1.991861e+001  5.000000e+001
      vertex  4.594897e+001 -2.055349e+001  5.000000e+001
    endloop
  endfacet
  facet normal  0.000000e+000  0.000000e+000  9.999999e-001
    outer loop
      vertex  4.594897e+001 -2.055349e+001  5.000000e+001
      vertex  4.108707e+001 -1.991861e+001  5.000000e+001
      vertex  4.734437e+001 -2.179003e+001  5.000000e+001
    endloop
  endfacet
  facet normal  0.000000e+000  0.000000e+000  1.000000e+000
    outer loop
      vertex  4.734437e+001 -2.179003e+001  5.000000e+001
      vertex  4.108707e+001 -1.991861e+001  5.000000e+001
      vertex  4.239457e+001 -2.129087e+001  5.000000e+001
    endloop
  endfacet
  facet normal  0.000000e+000  0.000000e+000  1.000000e+000
    outer loop
      vertex  4.734437e+001 -2.179003e+001  5.000000e+001
      vertex  4.239457e+001 -2.129087e+001  5.000000e+001
      vertex  4.878979e+001 -2.296772e+001  5.000000e+001
    endloop
  endfacet
  facet normal  0.000000e+000  0.000000e+000  1.000000e+000
    outer loop
      vertex  4.878979e+001 -2.296772e+001  5.000000e+001
      vertex  4.239457e+001 -2.129087e+001  5.000000e+001
      vertex  4.375523e+001 -2.261044e+001  5.000000e+001
    endloop
  endfacet
  facet normal  0.000000e+000  0.000000e+000  1.000000e+000
    outer loop
      vertex  4.878979e+001 -2.296772e+001  5.000000e+001
      vertex  4.375523e+001 -2.261044e+001  5.000000e+001
      vertex  5.028275e+001 -2.408452e+001  5.000000e+001
    endloop
  endfacet
  facet normal  0.000000e+000  0.000000e+000  1.000000e+000
    outer loop
      vertex  5.028275e+001 -2.408452e+001  5.000000e+001
      vertex  4.375523e+001 -2.261044e+001  5.000000e+001
      vertex  4.516693e+001 -2.387527e+001  5.000000e+001
    endloop
  endfacet
  facet normal  0.000000e+000  0.000000e+000  1.000000e+000
    outer loop
      vertex  5.028275e+001 -2.408452e+001  5.000000e+001
      vertex  4.516693e+001 -2.387527e+001  5.000000e+001
      vertex  5.182070e+001 -2.513852e+001  5.000000e+001
    endloop
  endfacet
  facet normal  0.000000e+000  0.000000e+000  1.000000e+000
    outer loop
      vertex  5.182070e+001 -2.513852e+001  5.000000e+001
      vertex  4.516693e+001 -2.387527e+001  5.000000e+001
      vertex  4.662746e+001 -2.508337e+001  5.000000e+001
    endloop
  endfacet
  facet normal  0.000000e+000  0.000000e+000  1.000000e+000
    outer loop
      vertex  5.182070e+001 -2.513852e+001  5.000000e+001
      vertex  4.662746e+001 -2.508337e+001  5.000000e+001
      vertex  5.340098e+001 -2.612790e+001  5.000000e+001
    endloop
  endfacet
  facet normal  0.000000e+000  0.000000e+000  9.999999e-001
    outer loop
      vertex  5.340098e+001 -2.612790e+001  5.000000e+001
      vertex  4.662746e+001 -2.508337e+001  5.000000e+001
      vertex  4.813455e+001 -2.623287e+001  5.000000e+001
    endloop
  endfacet
  facet normal  -0.000000e+000  0.000000e+000  1.000000e+000
    outer loop
      vertex  5.340098e+001 -2.612790e+001  5.000000e+001
      vertex  4.813455e+001 -2.623287e+001  5.000000e+001
      vertex  5.502090e+001 -2.705098e+001  5.000000e+001
    endloop
  endfacet
  facet normal  0.000000e+000  0.000000e+000  1.000000e+000
    outer loop
      vertex  5.502090e+001 -2.705098e+001  5.000000e+001
      vertex  4.813455e+001 -2.623287e+001  5.000000e+001
      vertex  4.968585e+001 -2.732198e+001  5.000000e+001
    endloop
  endfacet
  facet normal  -0.000000e+000  0.000000e+000  1.000000e+000
    outer loop
      vertex  5.502090e+001 -2.705098e+001  5.000000e+001
      vertex  4.968585e+001 -2.732198e+001  5.000000e+001
      vertex  5.667765e+001 -2.790616e+001  5.000000e+001
    endloop
  endfacet
  facet normal  0.000000e+000  0.000000e+000  1.000000e+000
    outer loop
      vertex  5.667765e+001 -2.790616e+001  5.000000e+001
      vertex  4.968585e+001 -2.732198e+001  5.000000e+001
      vertex  5.127893e+001 -2.834898e+001  5.000000e+001
    endloop
  endfacet
  facet normal  -0.000000e+000  0.000000e+000  1.000000e+000
    outer loop
      vertex  5.667765e+001 -2.790616e+001  5.000000e+001
      vertex  5.127893e+001 -2.834898e+001  5.000000e+001
      vertex  5.836842e+001 -2.869197e+001  5.000000e+001
    endloop
  endfacet
  facet normal  0.000000e+000  0.000000e+000  1.000000e+000
    outer loop
      vertex  5.836842e+001 -2.869197e+001  5.000000e+001
      vertex  5.127893e+001 -2.834898e+001  5.000000e+001
      vertex  6.009027e+001 -2.940708e+001  5.000000e+001
    endloop
  endfacet
  facet normal  0.000000e+000  0.000000e+000  1.000000e+000
    outer loop
      vertex  6.009027e+001 -2.940708e+001  5.000000e+001
      vertex  5.127893e+001 -2.834898e+001  5.000000e+001
      vertex  5.291132e+001 -2.931230e+001  5.000000e+001
    endloop
  endfacet
  facet normal  0.000000e+000  0.000000e+000  1.000000e+000
    outer loop
      vertex  6.009027e+001 -2.940708e+001  5.000000e+001
      vertex  5.291132e+001 -2.931230e+001  5.000000e+001
      vertex  6.184028e+001 -3.005025e+001  5.000000e+001
    endloop
  endfacet
  facet normal  0.000000e+000  0.000000e+000  1.000000e+000
    outer loop
      vertex  6.184028e+001 -3.005025e+001  5.000000e+001
      vertex  5.291132e+001 -2.931230e+001  5.000000e+001
      vertex  5.458047e+001 -3.021041e+001  5.000000e+001
    endloop
  endfacet
  facet normal  -0.000000e+000  0.000000e+000  1.000000e+000
    outer loop
      vertex  6.184028e+001 -3.005025e+001  5.000000e+001
      vertex  5.458047e+001 -3.021041e+001  5.000000e+001
      vertex  6.361543e+001 -3.062037e+001  5.000000e+001
    endloop
  endfacet
  facet normal  0.000000e+000  0.000000e+000  1.000000e+000
    outer loop
      vertex  6.361543e+001 -3.062037e+001  5.000000e+001
      vertex  5.458047e+001 -3.021041e+001  5.000000e+001
      vertex  5.628378e+001 -3.104192e+001  5.000000e+001
    endloop
  endfacet
  facet normal  -0.000000e+000  0.000000e+000  1.000000e+000
    outer loop
      vertex  6.361543e+001 -3.062037e+001  5.000000e+001
      vertex  5.628378e+001 -3.104192e+001  5.000000e+001
      vertex  6.541267e+001 -3.111648e+001  5.000000e+001
    endloop
  endfacet
  facet normal  0.000000e+000  0.000000e+000  1.000000e+000
    outer loop
      vertex  6.541267e+001 -3.111648e+001  5.000000e+001
      vertex  5.628378e+001 -3.104192e+001  5.000000e+001
      vertex  6.722891e+001 -3.153770e+001  5.000000e+001
    endloop
  endfacet
  facet normal  0.000000e+000  0.000000e+000  1.000000e+000
    outer loop
      vertex  6.722891e+001 -3.153770e+001  5.000000e+001
      vertex  5.628378e+001 -3.104192e+001  5.000000e+001
      vertex  5.801859e+001 -3.180554e+001  5.000000e+001
    endloop
  endfacet
  facet normal  -0.000000e+000  0.000000e+000  1.000000e+000
    outer loop
      vertex  6.722891e+001 -3.153770e+001  5.000000e+001
      vertex  5.801859e+001 -3.180554e+001  5.000000e+001
      vertex  6.906105e+001 -3.188334e+001  5.000000e+001
    endloop
  endfacet
  facet normal  9.972903e-001 -7.356631e-002  3.141583e-004
    outer loop
      vertex  3.246085e+001 -1.594699e+000  7.300000e+001
      vertex  3.234350e+001 -3.185557e+000  7.300000e+001
      vertex  3.237936e+001 -2.797671e+000  5.000000e+001
    endloop
  endfacet
  facet normal  9.942019e-001 -1.075282e-001 -2.634099e-004
    outer loop
      vertex  3.222877e+001 -4.190012e+000  5.000000e+001
      vertex  3.237936e+001 -2.797671e+000  5.000000e+001
      vertex  3.234350e+001 -3.185557e+000  7.300000e+001
    endloop
  endfacet
  facet normal  9.924795e-001 -1.224105e-001  3.951209e-004
    outer loop
      vertex  3.234350e+001 -3.185557e+000  7.300000e+001
      vertex  3.214824e+001 -4.768741e+000  7.300000e+001
      vertex  3.222877e+001 -4.190012e+000  5.000000e+001
    endloop
  endfacet
  facet normal  9.757022e-001 -2.191004e-001  4.253548e-004
    outer loop
      vertex  3.187552e+001 -6.340436e+000  7.300000e+001
      vertex  3.152602e+001 -7.896856e+000  7.300000e+001
      vertex  3.170638e+001 -7.138287e+000  5.000000e+001
    endloop
  endfacet
  facet normal  9.698994e-001 -2.435059e-001 -4.250750e-004
    outer loop
      vertex  3.131811e+001 -8.684819e+000  5.000000e+001
      vertex  3.170638e+001 -7.138287e+000  5.000000e+001
      vertex  3.152602e+001 -7.896856e+000  7.300000e+001
    endloop
  endfacet
  facet normal  9.637760e-001 -2.667129e-001  4.253344e-004
    outer loop
      vertex  3.152602e+001 -7.896856e+000  7.300000e+001
      vertex  3.110056e+001 -9.434252e+000  7.300000e+001
      vertex  3.131811e+001 -8.684819e+000  5.000000e+001
    endloop
  endfacet
  facet normal  9.567889e-001 -2.907828e-001 -4.250469e-004
    outer loop
      vertex  3.085445e+001 -1.021045e+001  5.000000e+001
      vertex  3.131811e+001 -8.684819e+000  5.000000e+001
      vertex  3.110056e+001 -9.434252e+000  7.300000e+001
    endloop
  endfacet
  facet normal  9.495280e-001 -3.136821e-001  4.254447e-004
    outer loop
      vertex  3.110056e+001 -9.434252e+000  7.300000e+001
      vertex  3.060018e+001 -1.094892e+001  7.300000e+001
      vertex  3.085445e+001 -1.021045e+001  5.000000e+001
    endloop
  endfacet
  facet normal  9.413748e-001 -3.373622e-001 -4.249997e-004
    outer loop
      vertex  3.031651e+001 -1.171149e+001  5.000000e+001
      vertex  3.085445e+001 -1.021045e+001  5.000000e+001
      vertex  3.060018e+001 -1.094892e+001  7.300000e+001
    endloop
  endfacet
  facet normal  9.329929e-001 -3.598946e-001  4.254456e-004
    outer loop
      vertex  3.060018e+001 -1.094892e+001  7.300000e+001
      vertex  3.002608e+001 -1.243721e+001  7.300000e+001
      vertex  3.031651e+001 -1.171149e+001  5.000000e+001
    endloop
  endfacet
  facet normal  9.236947e-001 -3.831290e-001 -4.250797e-004
    outer loop
      vertex  2.970560e+001 -1.318435e+001  5.000000e+001
      vertex  3.031651e+001 -1.171149e+001  5.000000e+001
      vertex  3.002608e+001 -1.243721e+001  7.300000e+001
    endloop
  endfacet
  facet normal  9.142095e-001 -4.052415e-001  4.253979e-004
    outer loop
      vertex  3.002608e+001 -1.243721e+001  7.300000e+001
      vertex  2.937965e+001 -1.389554e+001  7.300000e+001
      vertex  2.970560e+001 -1.318435e+001  5.000000e+001
    endloop
  endfacet
  facet normal  9.037920e-001 -4.279720e-001 -4.250931e-004
    outer loop
      vertex  2.902319e+001 -1.462547e+001  5.000000e+001
      vertex  2.970560e+001 -1.318435e+001  5.000000e+001
      vertex  2.937965e+001 -1.389554e+001  7.300000e+001
    endloop
  endfacet
  facet normal  8.932242e-001 -4.496112e-001  4.254368e-004
    outer loop
      vertex  2.937965e+001 -1.389554e+001  7.300000e+001
      vertex  2.866244e+001 -1.532039e+001  7.300000e+001
      vertex  2.902319e+001 -1.462547e+001  5.000000e+001
    endloop
  endfacet
  facet normal  8.817131e-001 -4.717857e-001 -4.250889e-004
    outer loop
      vertex  2.827091e+001 -1.603139e+001  5.000000e+001
      vertex  2.902319e+001 -1.462547e+001  5.000000e+001
      vertex  2.866244e+001 -1.532039e+001  7.300000e+001
    endloop
  endfacet
  facet normal  8.700872e-001 -4.928976e-001  4.254463e-004
    outer loop
      vertex  2.866244e+001 -1.532039e+001  7.300000e+001
      vertex  2.787618e+001 -1.670834e+001  7.300000e+001
      vertex  2.827091e+001 -1.603139e+001  5.000000e+001
    endloop
  endfacet
  facet normal  8.575117e-001 -5.144642e-001 -4.251409e-004
    outer loop
      vertex  2.745059e+001 -1.739872e+001  5.000000e+001
      vertex  2.827091e+001 -1.603139e+001  5.000000e+001
      vertex  2.787618e+001 -1.670834e+001  7.300000e+001
    endloop
  endfacet
  facet normal  8.448531e-001 -5.349982e-001  4.254530e-004
    outer loop
      vertex  2.787618e+001 -1.670834e+001  7.300000e+001
      vertex  2.702276e+001 -1.805603e+001  7.300000e+001
      vertex  2.745059e+001 -1.739872e+001  5.000000e+001
    endloop
  endfacet
  facet normal  8.312464e-001 -5.559039e-001 -4.251070e-004
    outer loop
      vertex  2.656418e+001 -1.872416e+001  5.000000e+001
      vertex  2.745059e+001 -1.739872e+001  5.000000e+001
      vertex  2.702276e+001 -1.805603e+001  7.300000e+001
    endloop
  endfacet
  facet normal  8.175848e-001 -5.758082e-001  4.254820e-004
    outer loop
      vertex  2.702276e+001 -1.805603e+001  7.300000e+001
      vertex  2.610424e+001 -1.936023e+001  7.300000e+001
      vertex  2.656418e+001 -1.872416e+001  5.000000e+001
    endloop
  endfacet
  facet normal  8.029801e-001 -5.960056e-001 -4.251343e-004
    outer loop
      vertex  2.561383e+001 -2.000454e+001  5.000000e+001
      vertex  2.656418e+001 -1.872416e+001  5.000000e+001
      vertex  2.610424e+001 -1.936023e+001  7.300000e+001
    endloop
  endfacet
  facet normal  7.883464e-001 -6.152314e-001  4.254658e-004
    outer loop
      vertex  2.610424e+001 -1.936023e+001  7.300000e+001
      vertex  2.512284e+001 -2.061778e+001  7.300000e+001
      vertex  2.561383e+001 -2.000454e+001  5.000000e+001
    endloop
  endfacet
  facet normal  7.727812e-001 -6.346723e-001 -4.251636e-004
    outer loop
      vertex  2.460183e+001 -2.123676e+001  5.000000e+001
      vertex  2.561383e+001 -2.000454e+001  5.000000e+001
      vertex  2.512284e+001 -2.061778e+001  7.300000e+001
    endloop
  endfacet
  facet normal  7.572089e-001 -6.531726e-001  4.254678e-004
    outer loop
      vertex  2.512284e+001 -2.061778e+001  7.300000e+001
      vertex  2.408091e+001 -2.182567e+001  7.300000e+001
      vertex  2.460183e+001 -2.123676e+001  5.000000e+001
    endloop
  endfacet
  facet normal  7.407222e-001 -6.718112e-001 -4.251717e-004
    outer loop
      vertex  2.353061e+001 -2.241786e+001  5.000000e+001
      vertex  2.460183e+001 -2.123676e+001  5.000000e+001
      vertex  2.408091e+001 -2.182567e+001  7.300000e+001
    endloop
  endfacet
  facet normal  7.242469e-001 -6.895406e-001  4.255083e-004
    outer loop
      vertex  2.408091e+001 -2.182567e+001  7.300000e+001
      vertex  2.298097e+001 -2.298097e+001  7.300000e+001
      vertex  2.353061e+001 -2.241786e+001  5.000000e+001
    endloop
  endfacet
  facet normal  7.068794e-001 -7.073340e-001 -4.251625e-004
    outer loop
      vertex  2.240275e+001 -2.354500e+001  5.000000e+001
      vertex  2.353061e+001 -2.241786e+001  5.000000e+001
      vertex  2.298097e+001 -2.298097e+001  7.300000e+001
    endloop
  endfacet
  facet normal  6.895406e-001 -7.242469e-001  4.254904e-004
    outer loop
      vertex  2.298097e+001 -2.298097e+001  7.300000e+001
      vertex  2.182567e+001 -2.408091e+001  7.300000e+001
      vertex  2.240275e+001 -2.354500e+001  5.000000e+001
    endloop
  endfacet
  facet normal  6.713364e-001 -7.411528e-001 -4.251798e-004
    outer loop
      vertex  2.122096e+001 -2.461546e+001  5.000000e+001
      vertex  2.240275e+001 -2.354500e+001  5.000000e+001
      vertex  2.182567e+001 -2.408091e+001  7.300000e+001
    endloop
  endfacet
  facet normal  6.531726e-001 -7.572089e-001  4.255425e-004
    outer loop
      vertex  2.182567e+001 -2.408091e+001  7.300000e+001
      vertex  2.061778e+001 -2.512284e+001  7.300000e+001
      vertex  2.122096e+001 -2.461546e+001  5.000000e+001
    endloop
  endfacet
  facet normal  6.341757e-001 -7.731889e-001 -4.251684e-004
    outer loop
      vertex  1.998808e+001 -2.562667e+001  5.000000e+001
      vertex  2.122096e+001 -2.461546e+001  5.000000e+001
      vertex  2.061778e+001 -2.512284e+001  7.300000e+001
    endloop
  endfacet
  facet normal  6.152314e-001 -7.883464e-001  4.255307e-004
    outer loop
      vertex  2.061778e+001 -2.512284e+001  7.300000e+001
      vertex  1.936023e+001 -2.610424e+001  7.300000e+001
      vertex  1.998808e+001 -2.562667e+001  5.000000e+001
    endloop
  endfacet
  facet normal  5.954898e-001 -8.033628e-001 -4.251789e-004
    outer loop
      vertex  1.870710e+001 -2.657620e+001  5.000000e+001
      vertex  1.998808e+001 -2.562667e+001  5.000000e+001
      vertex  1.936023e+001 -2.610424e+001  7.300000e+001
    endloop
  endfacet
  facet normal  5.758082e-001 -8.175848e-001  4.255454e-004
    outer loop
      vertex  1.936023e+001 -2.610424e+001  7.300000e+001
      vertex  1.805603e+001 -2.702276e+001  7.300000e+001
      vertex  1.870710e+001 -2.657620e+001  5.000000e+001
    endloop
  endfacet
  facet normal  5.553699e-001 -8.316033e-001 -4.251895e-004
    outer loop
      vertex  1.738109e+001 -2.746175e+001  5.000000e+001
      vertex  1.870710e+001 -2.657620e+001  5.000000e+001
      vertex  1.805603e+001 -2.702276e+001  7.300000e+001
    endloop
  endfacet
  facet normal  5.349982e-001 -8.448531e-001  4.255180e-004
    outer loop
      vertex  1.805603e+001 -2.702276e+001  7.300000e+001
      vertex  1.670834e+001 -2.787618e+001  7.300000e+001
      vertex  1.738109e+001 -2.746175e+001  5.000000e+001
    endloop
  endfacet
  facet normal  5.139138e-001 -8.578417e-001 -4.252334e-004
    outer loop
      vertex  1.601323e+001 -2.828120e+001  5.000000e+001
      vertex  1.738109e+001 -2.746175e+001  5.000000e+001
      vertex  1.670834e+001 -2.787618e+001  7.300000e+001
    endloop
  endfacet
  facet normal  4.928976e-001 -8.700872e-001  4.255584e-004
    outer loop
      vertex  1.670834e+001 -2.787618e+001  7.300000e+001
      vertex  1.532039e+001 -2.866244e+001  7.300000e+001
      vertex  1.601323e+001 -2.828120e+001  5.000000e+001
    endloop
  endfacet
  facet normal  4.712199e-001 -8.820157e-001 -4.251718e-004
    outer loop
      vertex  1.460683e+001 -2.903258e+001  5.000000e+001
      vertex  1.601323e+001 -2.828120e+001  5.000000e+001
      vertex  1.532039e+001 -2.866244e+001  7.300000e+001
    endloop
  endfacet
  facet normal  4.496112e-001 -8.932242e-001  4.256000e-004
    outer loop
      vertex  1.532039e+001 -2.866244e+001  7.300000e+001
      vertex  1.389554e+001 -2.937965e+001  7.300000e+001
      vertex  1.460683e+001 -2.903258e+001  5.000000e+001
    endloop
  endfacet
  facet normal  4.273916e-001 -9.040665e-001 -4.251749e-004
    outer loop
      vertex  1.316527e+001 -2.971406e+001  5.000000e+001
      vertex  1.460683e+001 -2.903258e+001  5.000000e+001
      vertex  1.389554e+001 -2.937965e+001  7.300000e+001
    endloop
  endfacet
  facet normal  4.052415e-001 -9.142095e-001  4.255815e-004
    outer loop
      vertex  1.389554e+001 -2.937965e+001  7.300000e+001
      vertex  1.243721e+001 -3.002608e+001  7.300000e+001
      vertex  1.316527e+001 -2.971406e+001  5.000000e+001
    endloop
  endfacet
  facet normal  3.825349e-001 -9.239410e-001 -4.252118e-004
    outer loop
      vertex  1.169203e+001 -3.032403e+001  5.000000e+001
      vertex  1.316527e+001 -2.971406e+001  5.000000e+001
      vertex  1.243721e+001 -3.002608e+001  7.300000e+001
    endloop
  endfacet
  facet normal  3.598946e-001 -9.329929e-001  4.255805e-004
    outer loop
      vertex  1.243721e+001 -3.002608e+001  7.300000e+001
      vertex  1.094892e+001 -3.060018e+001  7.300000e+001
      vertex  1.169203e+001 -3.032403e+001  5.000000e+001
    endloop
  endfacet
  facet normal  3.367570e-001 -9.415914e-001 -4.252110e-004
    outer loop
      vertex  1.019063e+001 -3.086099e+001  5.000000e+001
      vertex  1.169203e+001 -3.032403e+001  5.000000e+001
      vertex  1.094892e+001 -3.060018e+001  7.300000e+001
    endloop
  endfacet
  facet normal  3.136821e-001 -9.495280e-001  4.255438e-004
    outer loop
      vertex  1.094892e+001 -3.060018e+001  7.300000e+001
      vertex  9.434252e+000 -3.110056e+001  7.300000e+001
      vertex  1.019063e+001 -3.086099e+001  5.000000e+001
    endloop
  endfacet
  facet normal  2.901702e-001 -9.569749e-001 -4.252376e-004
    outer loop
      vertex  8.664708e+000 -3.132368e+001  5.000000e+001
      vertex  1.019063e+001 -3.086099e+001  5.000000e+001
      vertex  9.434252e+000 -3.110056e+001  7.300000e+001
    endloop
  endfacet
  facet normal  2.667129e-001 -9.637760e-001  4.255805e-004
    outer loop
      vertex  9.434252e+000 -3.110056e+001  7.300000e+001
      vertex  7.896856e+000 -3.152602e+001  7.300000e+001
      vertex  8.664708e+000 -3.132368e+001  5.000000e+001
    endloop
  endfacet
  facet normal  2.428827e-001 -9.700555e-001 -4.252327e-004
    outer loop
      vertex  7.117927e+000 -3.171096e+001  5.000000e+001
      vertex  8.664708e+000 -3.132368e+001  5.000000e+001
      vertex  7.896856e+000 -3.152602e+001  7.300000e+001
    endloop
  endfacet
  facet normal  2.191004e-001 -9.757022e-001  4.255952e-004
    outer loop
      vertex  7.896856e+000 -3.152602e+001  7.300000e+001
      vertex  6.340436e+000 -3.187552e+001  7.300000e+001
      vertex  7.117927e+000 -3.171096e+001  5.000000e+001
    endloop
  endfacet
  facet normal  1.950103e-001 -9.808012e-001 -4.252275e-004
    outer loop
      vertex  5.554012e+000 -3.202191e+001  5.000000e+001
      vertex  7.117927e+000 -3.171096e+001  5.000000e+001
      vertex  6.340436e+000 -3.187552e+001  7.300000e+001
    endloop
  endfacet
  facet normal  1.709617e-001 -9.852776e-001  4.255411e-004
    outer loop
      vertex  6.340436e+000 -3.187552e+001  7.300000e+001
      vertex  4.768741e+000 -3.214824e+001  7.300000e+001
      vertex  5.554012e+000 -3.202191e+001  5.000000e+001
    endloop
  endfacet
  facet normal  1.466713e-001 -9.891853e-001 -4.252491e-004
    outer loop
      vertex  3.976729e+000 -3.225578e+001  5.000000e+001
      vertex  5.554012e+000 -3.202191e+001  5.000000e+001
      vertex  4.768741e+000 -3.214824e+001  7.300000e+001
    endloop
  endfacet
  facet normal  1.224105e-001 -9.924795e-001  4.255837e-004
    outer loop
      vertex  4.768741e+000 -3.214824e+001  7.300000e+001
      vertex  3.185557e+000 -3.234350e+001  7.300000e+001
      vertex  3.976729e+000 -3.225578e+001  5.000000e+001
    endloop
  endfacet
  facet normal  9.797701e-002 -9.951885e-001 -4.252285e-004
    outer loop
      vertex  2.389873e+000 -3.241201e+001  5.000000e+001
      vertex  3.976729e+000 -3.225578e+001  5.000000e+001
      vertex  3.185557e+000 -3.234350e+001  7.300000e+001
    endloop
  endfacet
  facet normal  7.356631e-002 -9.972903e-001  4.255195e-004
    outer loop
      vertex  3.185557e+000 -3.234350e+001  7.300000e+001
      vertex  1.594699e+000 -3.246085e+001  7.300000e+001
      vertex  2.389873e+000 -3.241201e+001  5.000000e+001
    endloop
  endfacet
  facet normal  4.904832e-002 -9.987963e-001 -4.253337e-004
    outer loop
      vertex  7.972640e-001 -3.249022e+001  5.000000e+001
      vertex  2.389873e+000 -3.241201e+001  5.000000e+001
      vertex  1.594699e+000 -3.246085e+001  7.300000e+001
    endloop
  endfacet
  facet normal  2.454044e-002 -9.996987e-001  4.255336e-004
    outer loop
      vertex  1.594699e+000 -3.246085e+001  7.300000e+001
      vertex -5.970153e-015 -3.250000e+001  7.300000e+001
      vertex  7.972640e-001 -3.249022e+001  5.000000e+001
    endloop
  endfacet
  facet normal  0.000000e+000 -9.999999e-001 -4.252557e-004
    outer loop
      vertex  7.972640e-001 -3.249022e+001  5.000000e+001
      vertex -5.970153e-015 -3.250000e+001  7.300000e+001
      vertex -7.972640e-001 -3.249022e+001  5.000000e+001
    endloop
  endfacet
  facet normal -2.454044e-002 -9.996987e-001  4.255336e-004
    outer loop
      vertex -7.972640e-001 -3.249022e+001  5.000000e+001
      vertex -5.970153e-015 -3.250000e+001  7.300000e+001
      vertex -1.594699e+000 -3.246085e+001  7.300000e+001
    endloop
  endfacet
  facet normal -4.904832e-002 -9.987963e-001 -4.253336e-004
    outer loop
      vertex -7.972640e-001 -3.249022e+001  5.000000e+001
      vertex -1.594699e+000 -3.246085e+001  7.300000e+001
      vertex -2.389873e+000 -3.241201e+001  5.000000e+001
    endloop
  endfacet
  facet normal -7.356631e-002 -9.972903e-001  4.255195e-004
    outer loop
      vertex -2.389873e+000 -3.241201e+001  5.000000e+001
      vertex -1.594699e+000 -3.246085e+001  7.300000e+001
      vertex -3.185557e+000 -3.234350e+001  7.300000e+001
    endloop
  endfacet
  facet normal -9.797702e-002 -9.951885e-001 -4.252285e-004
    outer loop
      vertex -2.389873e+000 -3.241201e+001  5.000000e+001
      vertex -3.185557e+000 -3.234350e+001  7.300000e+001
      vertex -3.976729e+000 -3.225578e+001  5.000000e+001
    endloop
  endfacet
  facet normal -1.224105e-001 -9.924795e-001  4.255837e-004
    outer loop
      vertex -3.976729e+000 -3.225578e+001  5.000000e+001
      vertex -3.185557e+000 -3.234350e+001  7.300000e+001
      vertex -4.768741e+000 -3.214824e+001  7.300000e+001
    endloop
  endfacet
  facet normal -1.466713e-001 -9.891853e-001 -4.252491e-004
    outer loop
      vertex -3.976729e+000 -3.225578e+001  5.000000e+001
      vertex -4.768741e+000 -3.214824e+001  7.300000e+001
      vertex -5.554012e+000 -3.202191e+001  5.000000e+001
    endloop
  endfacet
  facet normal -1.709617e-001 -9.852776e-001  4.255411e-004
    outer loop
      vertex -5.554012e+000 -3.202191e+001  5.000000e+001
      vertex -4.768741e+000 -3.214824e+001  7.300000e+001
      vertex -6.340436e+000 -3.187552e+001  7.300000e+001
    endloop
  endfacet
  facet normal -1.950103e-001 -9.808012e-001 -4.252273e-004
    outer loop
      vertex -5.554012e+000 -3.202191e+001  5.000000e+001
      vertex -6.340436e+000 -3.187552e+001  7.300000e+001
      vertex -7.117927e+000 -3.171096e+001  5.000000e+001
    endloop
  endfacet
  facet normal -2.191004e-001 -9.757022e-001  4.255952e-004
    outer loop
      vertex -7.117927e+000 -3.171096e+001  5.000000e+001
      vertex -6.340436e+000 -3.187552e+001  7.300000e+001
      vertex -7.896856e+000 -3.152602e+001  7.300000e+001
    endloop
  endfacet
  facet normal -2.428827e-001 -9.700555e-001 -4.252331e-004
    outer loop
      vertex -7.117927e+000 -3.171096e+001  5.000000e+001
      vertex -7.896856e+000 -3.152602e+001  7.300000e+001
      vertex -8.664708e+000 -3.132368e+001  5.000000e+001
    endloop
  endfacet
  facet normal -2.667129e-001 -9.637760e-001  4.255805e-004
    outer loop
      vertex -8.664708e+000 -3.132368e+001  5.000000e+001
      vertex -7.896856e+000 -3.152602e+001  7.300000e+001
      vertex -9.434252e+000 -3.110056e+001  7.300000e+001
    endloop
  endfacet
  facet normal -2.901702e-001 -9.569749e-001 -4.252376e-004
    outer loop
      vertex -8.664708e+000 -3.132368e+001  5.000000e+001
      vertex -9.434252e+000 -3.110056e+001  7.300000e+001
      vertex -1.019063e+001 -3.086099e+001  5.000000e+001
    endloop
  endfacet
  facet normal -3.136821e-001 -9.495280e-001  4.255438e-004
    outer loop
      vertex -1.019063e+001 -3.086099e+001  5.000000e+001
      vertex -9.434252e+000 -3.110056e+001  7.300000e+001
      vertex -1.094892e+001 -3.060018e+001  7.300000e+001
    endloop
  endfacet
  facet normal -3.367570e-001 -9.415914e-001 -4.252107e-004
    outer loop
      vertex -1.019063e+001 -3.086099e+001  5.000000e+001
      vertex -1.094892e+001 -3.060018e+001  7.300000e+001
      vertex -1.169203e+001 -3.032403e+001  5.000000e+001
    endloop
  endfacet
  facet normal -3.598946e-001 -9.329929e-001  4.255805e-004
    outer loop
      vertex -1.169203e+001 -3.032403e+001  5.000000e+001
      vertex -1.094892e+001 -3.060018e+001  7.300000e+001
      vertex -1.243721e+001 -3.002608e+001  7.300000e+001
    endloop
  endfacet
  facet normal -3.825349e-001 -9.239410e-001 -4.252117e-004
    outer loop
      vertex -1.169203e+001 -3.032403e+001  5.000000e+001
      vertex -1.243721e+001 -3.002608e+001  7.300000e+001
      vertex -1.316527e+001 -2.971406e+001  5.000000e+001
    endloop
  endfacet
  facet normal -4.052415e-001 -9.142095e-001  4.255815e-004
    outer loop
      vertex -1.316527e+001 -2.971406e+001  5.000000e+001
      vertex -1.243721e+001 -3.002608e+001  7.300000e+001
      vertex -1.389554e+001 -2.937965e+001  7.300000e+001
    endloop
  endfacet
  facet normal -4.273916e-001 -9.040665e-001 -4.251749e-004
    outer loop
      vertex -1.316527e+001 -2.971406e+001  5.000000e+001
      vertex -1.389554e+001 -2.937965e+001  7.300000e+001
      vertex -1.460683e+001 -2.903258e+001  5.000000e+001
    endloop
  endfacet
  facet normal -4.496112e-001 -8.932242e-001  4.256000e-004
    outer loop
      vertex -1.460683e+001 -2.903258e+001  5.000000e+001
      vertex -1.389554e+001 -2.937965e+001  7.300000e+001
      vertex -1.532039e+001 -2.866244e+001  7.300000e+001
    endloop
  endfacet
  facet normal -4.712199e-001 -8.820157e-001 -4.251710e-004
    outer loop
      vertex -1.460683e+001 -2.903258e+001  5.000000e+001
      vertex -1.532039e+001 -2.866244e+001  7.300000e+001
      vertex -1.601323e+001 -2.828120e+001  5.000000e+001
    endloop
  endfacet
  facet normal -4.928976e-001 -8.700872e-001  4.255584e-004
    outer loop
      vertex -1.601323e+001 -2.828120e+001  5.000000e+001
      vertex -1.532039e+001 -2.866244e+001  7.300000e+001
      vertex -1.670834e+001 -2.787618e+001  7.300000e+001
    endloop
  endfacet
  facet normal -5.139138e-001 -8.578417e-001 -4.252342e-004
    outer loop
      vertex -1.601323e+001 -2.828120e+001  5.000000e+001
      vertex -1.670834e+001 -2.787618e+001  7.300000e+001
      vertex -1.738109e+001 -2.746175e+001  5.000000e+001
    endloop
  endfacet
  facet normal -5.349982e-001 -8.448531e-001  4.255180e-004
    outer loop
      vertex -1.738109e+001 -2.746175e+001  5.000000e+001
      vertex -1.670834e+001 -2.787618e+001  7.300000e+001
      vertex -1.805603e+001 -2.702276e+001  7.300000e+001
    endloop
  endfacet
  facet normal -5.553699e-001 -8.316033e-001 -4.251903e-004
    outer loop
      vertex -1.738109e+001 -2.746175e+001  5.000000e+001
      vertex -1.805603e+001 -2.702276e+001  7.300000e+001
      vertex -1.870710e+001 -2.657620e+001  5.000000e+001
    endloop
  endfacet
  facet normal -5.758082e-001 -8.175848e-001  4.255454e-004
    outer loop
      vertex -1.870710e+001 -2.657620e+001  5.000000e+001
      vertex -1.805603e+001 -2.702276e+001  7.300000e+001
      vertex -1.936023e+001 -2.610424e+001  7.300000e+001
    endloop
  endfacet
  facet normal -5.954898e-001 -8.033628e-001 -4.251789e-004
    outer loop
      vertex -1.870710e+001 -2.657620e+001  5.000000e+001
      vertex -1.936023e+001 -2.610424e+001  7.300000e+001
      vertex -1.998808e+001 -2.562667e+001  5.000000e+001
    endloop
  endfacet
  facet normal -6.152314e-001 -7.883464e-001  4.255307e-004
    outer loop
      vertex -1.998808e+001 -2.562667e+001  5.000000e+001
      vertex -1.936023e+001 -2.610424e+001  7.300000e+001
      vertex -2.061778e+001 -2.512284e+001  7.300000e+001
    endloop
  endfacet
  facet normal -6.341757e-001 -7.731889e-001 -4.251684e-004
    outer loop
      vertex -1.998808e+001 -2.562667e+001  5.000000e+001
      vertex -2.061778e+001 -2.512284e+001  7.300000e+001
      vertex -2.122096e+001 -2.461546e+001  5.000000e+001
    endloop
  endfacet
  facet normal -6.531726e-001 -7.572089e-001  4.255425e-004
    outer loop
      vertex -2.122096e+001 -2.461546e+001  5.000000e+001
      vertex -2.061778e+001 -2.512284e+001  7.300000e+001
      vertex -2.182567e+001 -2.408091e+001  7.300000e+001
    endloop
  endfacet
  facet normal -6.713364e-001 -7.411528e-001 -4.251798e-004
    outer loop
      vertex -2.122096e+001 -2.461546e+001  5.000000e+001
      vertex -2.182567e+001 -2.408091e+001  7.300000e+001
      vertex -2.240275e+001 -2.354500e+001  5.000000e+001
    endloop
  endfacet
  facet normal -6.895406e-001 -7.242469e-001  4.254904e-004
    outer loop
      vertex -2.240275e+001 -2.354500e+001  5.000000e+001
      vertex -2.182567e+001 -2.408091e+001  7.300000e+001
      vertex -2.298097e+001 -2.298097e+001  7.300000e+001
    endloop
  endfacet
  facet normal -7.068794e-001 -7.073340e-001 -4.251633e-004
    outer loop
      vertex -2.240275e+001 -2.354500e+001  5.000000e+001
      vertex -2.298097e+001 -2.298097e+001  7.300000e+001
      vertex -2.353061e+001 -2.241786e+001  5.000000e+001
    endloop
  endfacet
  facet normal -7.242469e-001 -6.895406e-001  4.255083e-004
    outer loop
      vertex -2.353061e+001 -2.241786e+001  5.000000e+001
      vertex -2.298097e+001 -2.298097e+001  7.300000e+001
      vertex -2.408091e+001 -2.182567e+001  7.300000e+001
    endloop
  endfacet
  facet normal -7.407222e-001 -6.718112e-001 -4.251717e-004
    outer loop
      vertex -2.353061e+001 -2.241786e+001  5.000000e+001
      vertex -2.408091e+001 -2.182567e+001  7.300000e+001
      vertex -2.460183e+001 -2.123676e+001  5.000000e+001
    endloop
  endfacet
  facet normal -7.572089e-001 -6.531726e-001  4.254678e-004
    outer loop
      vertex -2.460183e+001 -2.123676e+001  5.000000e+001
      vertex -2.408091e+001 -2.182567e+001  7.300000e+001
      vertex -2.512284e+001 -2.061778e+001  7.300000e+001
    endloop
  endfacet
  facet normal -7.727812e-001 -6.346723e-001 -4.251636e-004
    outer loop
      vertex -2.460183e+001 -2.123676e+001  5.000000e+001
      vertex -2.512284e+001 -2.061778e+001  7.300000e+001
      vertex -2.561383e+001 -2.000454e+001  5.000000e+001
    endloop
  endfacet
  facet normal -7.883464e-001 -6.152314e-001  4.254658e-004
    outer loop
      vertex -2.561383e+001 -2.000454e+001  5.000000e+001
      vertex -2.512284e+001 -2.061778e+001  7.300000e+001
      vertex -2.610424e+001 -1.936023e+001  7.300000e+001
    endloop
  endfacet
  facet normal -8.029801e-001 -5.960056e-001 -4.251343e-004
    outer loop
      vertex -2.561383e+001 -2.000454e+001  5.000000e+001
      vertex -2.610424e+001 -1.936023e+001  7.300000e+001
      vertex -2.656418e+001 -1.872416e+001  5.000000e+001
    endloop
  endfacet
  facet normal -8.175848e-001 -5.758082e-001  4.254820e-004
    outer loop
      vertex -2.656418e+001 -1.872416e+001  5.000000e+001
      vertex -2.610424e+001 -1.936023e+001  7.300000e+001
      vertex -2.702276e+001 -1.805603e+001  7.300000e+001
    endloop
  endfacet
  facet normal -8.312464e-001 -5.559039e-001 -4.251078e-004
    outer loop
      vertex -2.656418e+001 -1.872416e+001  5.000000e+001
      vertex -2.702276e+001 -1.805603e+001  7.300000e+001
      vertex -2.745059e+001 -1.739872e+001  5.000000e+001
    endloop
  endfacet
  facet normal -8.448531e-001 -5.349982e-001  4.254530e-004
    outer loop
      vertex -2.745059e+001 -1.739872e+001  5.000000e+001
      vertex -2.702276e+001 -1.805603e+001  7.300000e+001
      vertex -2.787618e+001 -1.670834e+001  7.300000e+001
    endloop
  endfacet
  facet normal -8.575117e-001 -5.144642e-001 -4.251401e-004
    outer loop
      vertex -2.745059e+001 -1.739872e+001  5.000000e+001
      vertex -2.787618e+001 -1.670834e+001  7.300000e+001
      vertex -2.827091e+001 -1.603139e+001  5.000000e+001
    endloop
  endfacet
  facet normal -8.700872e-001 -4.928976e-001  4.254463e-004
    outer loop
      vertex -2.827091e+001 -1.603139e+001  5.000000e+001
      vertex -2.787618e+001 -1.670834e+001  7.300000e+001
      vertex -2.866244e+001 -1.532039e+001  7.300000e+001
    endloop
  endfacet
  facet normal -8.817131e-001 -4.717857e-001 -4.250898e-004
    outer loop
      vertex -2.827091e+001 -1.603139e+001  5.000000e+001
      vertex -2.866244e+001 -1.532039e+001  7.300000e+001
      vertex -2.902319e+001 -1.462547e+001  5.000000e+001
    endloop
  endfacet
  facet normal -8.932242e-001 -4.496112e-001  4.254368e-004
    outer loop
      vertex -2.902319e+001 -1.462547e+001  5.000000e+001
      vertex -2.866244e+001 -1.532039e+001  7.300000e+001
      vertex -2.937965e+001 -1.389554e+001  7.300000e+001
    endloop
  endfacet
  facet normal -9.037918e-001 -4.279720e-001 -4.250923e-004
    outer loop
      vertex -2.902319e+001 -1.462547e+001  5.000000e+001
      vertex -2.937965e+001 -1.389554e+001  7.300000e+001
      vertex -2.970560e+001 -1.318435e+001  5.000000e+001
    endloop
  endfacet
  facet normal -9.142095e-001 -4.052415e-001  4.253979e-004
    outer loop
      vertex -2.970560e+001 -1.318435e+001  5.000000e+001
      vertex -2.937965e+001 -1.389554e+001  7.300000e+001
      vertex -3.002608e+001 -1.243721e+001  7.300000e+001
    endloop
  endfacet
  facet normal -9.236947e-001 -3.831290e-001 -4.250793e-004
    outer loop
      vertex -2.970560e+001 -1.318435e+001  5.000000e+001
      vertex -3.002608e+001 -1.243721e+001  7.300000e+001
      vertex -3.031651e+001 -1.171149e+001  5.000000e+001
    endloop
  endfacet
  facet normal -9.329929e-001 -3.598946e-001  4.254456e-004
    outer loop
      vertex -3.031651e+001 -1.171149e+001  5.000000e+001
      vertex -3.002608e+001 -1.243721e+001  7.300000e+001
      vertex -3.060018e+001 -1.094892e+001  7.300000e+001
    endloop
  endfacet
  facet normal -9.413748e-001 -3.373622e-001 -4.249997e-004
    outer loop
      vertex -3.031651e+001 -1.171149e+001  5.000000e+001
      vertex -3.060018e+001 -1.094892e+001  7.300000e+001
      vertex -3.085445e+001 -1.021045e+001  5.000000e+001
    endloop
  endfacet
  facet normal -9.495280e-001 -3.136821e-001  4.254447e-004
    outer loop
      vertex -3.085445e+001 -1.021045e+001  5.000000e+001
      vertex -3.060018e+001 -1.094892e+001  7.300000e+001
      vertex -3.110056e+001 -9.434252e+000  7.300000e+001
    endloop
  endfacet
  facet normal -9.567889e-001 -2.907828e-001 -4.250469e-004
    outer loop
      vertex -3.085445e+001 -1.021045e+001  5.000000e+001
      vertex -3.110056e+001 -9.434252e+000  7.300000e+001
      vertex -3.131811e+001 -8.684819e+000  5.000000e+001
    endloop
  endfacet
  facet normal -9.637760e-001 -2.667129e-001  4.253344e-004
    outer loop
      vertex -3.131811e+001 -8.684819e+000  5.000000e+001
      vertex -3.110056e+001 -9.434252e+000  7.300000e+001
      vertex -3.152602e+001 -7.896856e+000  7.300000e+001
    endloop
  endfacet
  facet normal -9.698994e-001 -2.435059e-001 -4.250754e-004
    outer loop
      vertex -3.131811e+001 -8.684819e+000  5.000000e+001
      vertex -3.152602e+001 -7.896856e+000  7.300000e+001
      vertex -3.170638e+001 -7.138287e+000  5.000000e+001
    endloop
  endfacet
  facet normal -9.757022e-001 -2.191004e-001  4.253548e-004
    outer loop
      vertex -3.170638e+001 -7.138287e+000  5.000000e+001
      vertex -3.152602e+001 -7.896856e+000  7.300000e+001
      vertex -3.187552e+001 -6.340436e+000  7.300000e+001
    endloop
  endfacet
  facet normal -9.924795e-001 -1.224105e-001  3.951209e-004
    outer loop
      vertex -3.222877e+001 -4.190012e+000  5.000000e+001
      vertex -3.214824e+001 -4.768741e+000  7.300000e+001
      vertex -3.234350e+001 -3.185557e+000  7.300000e+001
    endloop
  endfacet
  facet normal -9.942019e-001 -1.075282e-001 -2.634099e-004
    outer loop
      vertex -3.222877e+001 -4.190012e+000  5.000000e+001
      vertex -3.234350e+001 -3.185557e+000  7.300000e+001
      vertex -3.237936e+001 -2.797671e+000  5.000000e+001
    endloop
  endfacet
  facet normal -9.972903e-001 -7.356631e-002  3.141583e-004
    outer loop
      vertex -3.237936e+001 -2.797671e+000  5.000000e+001
      vertex -3.234350e+001 -3.185557e+000  7.300000e+001
      vertex -3.246085e+001 -1.594699e+000  7.300000e+001
    endloop
  endfacet
  facet normal  9.886469e-001 -1.502578e-001 -3.189989e-004
    outer loop
      vertex  3.201834e+001 -5.574573e+000  5.000000e+001
      vertex  3.222877e+001 -4.190012e+000  5.000000e+001
      vertex  3.214824e+001 -4.768741e+000  7.300000e+001
    endloop
  endfacet
  facet normal  9.852776e-001 -1.709617e-001  4.254120e-004
    outer loop
      vertex  3.201834e+001 -5.574573e+000  5.000000e+001
      vertex  3.214824e+001 -4.768741e+000  7.300000e+001
      vertex  3.187552e+001 -6.340436e+000  7.300000e+001
    endloop
  endfacet
  facet normal  9.806753e-001 -1.956418e-001 -4.249747e-004
    outer loop
      vertex  3.201834e+001 -5.574573e+000  5.000000e+001
      vertex  3.187552e+001 -6.340436e+000  7.300000e+001
      vertex  3.170638e+001 -7.138287e+000  5.000000e+001
    endloop
  endfacet
  facet normal -9.806753e-001 -1.956418e-001 -4.249751e-004
    outer loop
      vertex -3.201834e+001 -5.574573e+000  5.000000e+001
      vertex -3.170638e+001 -7.138287e+000  5.000000e+001
      vertex -3.187552e+001 -6.340436e+000  7.300000e+001
    endloop
  endfacet
  facet normal -9.852776e-001 -1.709617e-001  4.254120e-004
    outer loop
      vertex -3.201834e+001 -5.574573e+000  5.000000e+001
      vertex -3.187552e+001 -6.340436e+000  7.300000e+001
      vertex -3.214824e+001 -4.768741e+000  7.300000e+001
    endloop
  endfacet
  facet normal -9.886469e-001 -1.502578e-001 -3.189991e-004
    outer loop
      vertex -3.201834e+001 -5.574573e+000  5.000000e+001
      vertex -3.214824e+001 -4.768741e+000  7.300000e+001
      vertex -3.222877e+001 -4.190012e+000  5.000000e+001
    endloop
  endfacet
  facet normal  9.997679e-001 -2.154595e-002  0.000000e+000
    outer loop
      vertex  3.250000e+001  0.000000e+000  5.000000e+001
      vertex  3.250000e+001  0.000000e+000  7.300000e+001
      vertex  3.246983e+001 -1.400136e+000  5.000000e+001
    endloop
  endfacet
  facet normal  9.996988e-001 -2.454044e-002  1.823818e-004
    outer loop
      vertex  3.246983e+001 -1.400136e+000  5.000000e+001
      vertex  3.250000e+001  0.000000e+000  7.300000e+001
      vertex  3.246085e+001 -1.594699e+000  7.300000e+001
    endloop
  endfacet
  facet normal  9.979115e-001 -6.459700e-002 -1.571658e-004
    outer loop
      vertex  3.246983e+001 -1.400136e+000  5.000000e+001
      vertex  3.246085e+001 -1.594699e+000  7.300000e+001
      vertex  3.237936e+001 -2.797671e+000  5.000000e+001
    endloop
  endfacet
  facet normal -9.996988e-001 -2.454044e-002  0.000000e+000
    outer loop
      vertex -3.250000e+001  3.980102e-015  7.300000e+001
      vertex -3.250000e+001  3.980102e-015  5.000000e+001
      vertex -3.246085e+001 -1.594699e+000  7.300000e+001
    endloop
  endfacet
  facet normal -9.997679e-001 -2.154595e-002  2.077401e-004
    outer loop
      vertex -3.246085e+001 -1.594699e+000  7.300000e+001
      vertex -3.250000e+001  3.980102e-015  5.000000e+001
      vertex -3.246983e+001 -1.400136e+000  5.000000e+001
    endloop
  endfacet
  facet normal -9.979115e-001 -6.459700e-002 -1.571658e-004
    outer loop
      vertex -3.246085e+001 -1.594699e+000  7.300000e+001
      vertex -3.246983e+001 -1.400136e+000  5.000000e+001
      vertex -3.237936e+001 -2.797671e+000  5.000000e+001
    endloop
  endfacet
  facet normal -6.632229e-001  7.484220e-001  0.000000e+000
    outer loop
      vertex -4.734437e+001 -2.179003e+001  0.000000e+000
      vertex -4.594897e+001 -2.055349e+001  5.000000e+001
      vertex -4.594897e+001 -2.055349e+001  0.000000e+000
    endloop
  endfacet
  facet normal -6.936550e-001  7.203074e-001  0.000000e+000
    outer loop
      vertex -4.594897e+001 -2.055349e+001  0.000000e+000
      vertex -4.594897e+001 -2.055349e+001  5.000000e+001
      vertex -4.460599e+001 -1.926020e+001  5.000000e+001
    endloop
  endfacet
  facet normal -6.936550e-001  7.203074e-001  0.000000e+000
    outer loop
      vertex -4.594897e+001 -2.055349e+001  0.000000e+000
      vertex -4.460599e+001 -1.926020e+001  5.000000e+001
      vertex -4.460599e+001 -1.926020e+001  0.000000e+000
    endloop
  endfacet
  facet normal -7.228986e-001  6.909541e-001  0.000000e+000
    outer loop
      vertex -4.460599e+001 -1.926020e+001  0.000000e+000
      vertex -4.460599e+001 -1.926020e+001  5.000000e+001
      vertex -4.331774e+001 -1.791239e+001  5.000000e+001
    endloop
  endfacet
  facet normal -7.228986e-001  6.909541e-001  0.000000e+000
    outer loop
      vertex -4.460599e+001 -1.926020e+001  0.000000e+000
      vertex -4.331774e+001 -1.791239e+001  5.000000e+001
      vertex -4.331774e+001 -1.791239e+001  0.000000e+000
    endloop
  endfacet
  facet normal -7.508984e-001  6.604177e-001  0.000000e+000
    outer loop
      vertex -4.331774e+001 -1.791239e+001  0.000000e+000
      vertex -4.331774e+001 -1.791239e+001  5.000000e+001
      vertex -4.208642e+001 -1.651237e+001  5.000000e+001
    endloop
  endfacet
  facet normal -7.508984e-001  6.604177e-001  0.000000e+000
    outer loop
      vertex -4.331774e+001 -1.791239e+001  0.000000e+000
      vertex -4.208642e+001 -1.651237e+001  5.000000e+001
      vertex -4.208642e+001 -1.651237e+001  0.000000e+000
    endloop
  endfacet
  facet normal -7.776118e-001  6.287447e-001  0.000000e+000
    outer loop
      vertex -4.208642e+001 -1.651237e+001  0.000000e+000
      vertex -4.208642e+001 -1.651237e+001  5.000000e+001
      vertex -4.091416e+001 -1.506255e+001  5.000000e+001
    endloop
  endfacet
  facet normal -7.776118e-001  6.287447e-001  0.000000e+000
    outer loop
      vertex -4.208642e+001 -1.651237e+001  0.000000e+000
      vertex -4.091416e+001 -1.506255e+001  5.000000e+001
      vertex -4.091416e+001 -1.506255e+001  0.000000e+000
    endloop
  endfacet
  facet normal -8.029889e-001  5.959940e-001  0.000000e+000
    outer loop
      vertex -4.091416e+001 -1.506255e+001  0.000000e+000
      vertex -4.091416e+001 -1.506255e+001  5.000000e+001
      vertex -3.980296e+001 -1.356542e+001  5.000000e+001
    endloop
  endfacet
  facet normal -8.029889e-001  5.959940e-001  0.000000e+000
    outer loop
      vertex -4.091416e+001 -1.506255e+001  0.000000e+000
      vertex -3.980296e+001 -1.356542e+001  5.000000e+001
      vertex -3.980296e+001 -1.356542e+001  0.000000e+000
    endloop
  endfacet
  facet normal -8.269876e-001  5.622202e-001  0.000000e+000
    outer loop
      vertex -3.980296e+001 -1.356542e+001  0.000000e+000
      vertex -3.980296e+001 -1.356542e+001  5.000000e+001
      vertex -3.875472e+001 -1.202354e+001  5.000000e+001
    endloop
  endfacet
  facet normal -8.269876e-001  5.622202e-001  0.000000e+000
    outer loop
      vertex -3.980296e+001 -1.356542e+001  0.000000e+000
      vertex -3.875472e+001 -1.202354e+001  5.000000e+001
      vertex -3.875472e+001 -1.202354e+001  0.000000e+000
    endloop
  endfacet
  facet normal -8.495668e-001  5.274811e-001  0.000000e+000
    outer loop
      vertex -3.875472e+001 -1.202354e+001  0.000000e+000
      vertex -3.875472e+001 -1.202354e+001  5.000000e+001
      vertex -3.777126e+001 -1.043956e+001  5.000000e+001
    endloop
  endfacet
  facet normal -8.495668e-001  5.274811e-001  0.000000e+000
    outer loop
      vertex -3.875472e+001 -1.202354e+001  0.000000e+000
      vertex -3.777126e+001 -1.043956e+001  5.000000e+001
      vertex -3.777126e+001 -1.043956e+001  0.000000e+000
    endloop
  endfacet
  facet normal -8.706872e-001  4.918371e-001  0.000000e+000
    outer loop
      vertex -3.777126e+001 -1.043956e+001  0.000000e+000
      vertex -3.777126e+001 -1.043956e+001  5.000000e+001
      vertex -3.685425e+001 -8.816207e+000  5.000000e+001
    endloop
  endfacet
  facet normal -8.706872e-001  4.918371e-001  0.000000e+000
    outer loop
      vertex -3.777126e+001 -1.043956e+001  0.000000e+000
      vertex -3.685425e+001 -8.816207e+000  5.000000e+001
      vertex -3.685425e+001 -8.816207e+000  0.000000e+000
    endloop
  endfacet
  facet normal -8.903142e-001  4.553468e-001  0.000000e+000
    outer loop
      vertex -3.685425e+001 -8.816207e+000  0.000000e+000
      vertex -3.685425e+001 -8.816207e+000  5.000000e+001
      vertex -3.600528e+001 -7.156259e+000  5.000000e+001
    endloop
  endfacet
  facet normal -8.903142e-001  4.553468e-001  0.000000e+000
    outer loop
      vertex -3.685425e+001 -8.816207e+000  0.000000e+000
      vertex -3.600528e+001 -7.156259e+000  5.000000e+001
      vertex -3.600528e+001 -7.156259e+000  0.000000e+000
    endloop
  endfacet
  facet normal -9.084118e-001  4.180765e-001  0.000000e+000
    outer loop
      vertex -3.600528e+001 -7.156259e+000  0.000000e+000
      vertex -3.600528e+001 -7.156259e+000  5.000000e+001
      vertex -3.522580e+001 -5.462568e+000  5.000000e+001
    endloop
  endfacet
  facet normal -9.084118e-001  4.180765e-001  0.000000e+000
    outer loop
      vertex -3.600528e+001 -7.156259e+000  0.000000e+000
      vertex -3.522580e+001 -5.462568e+000  5.000000e+001
      vertex -3.522580e+001 -5.462568e+000  0.000000e+000
    endloop
  endfacet
  facet normal -9.249503e-001  3.800882e-001  0.000000e+000
    outer loop
      vertex -3.522580e+001 -5.462568e+000  0.000000e+000
      vertex -3.522580e+001 -5.462568e+000  5.000000e+001
      vertex -3.451714e+001 -3.738042e+000  5.000000e+001
    endloop
  endfacet
  facet normal -9.249503e-001  3.800882e-001  0.000000e+000
    outer loop
      vertex -3.522580e+001 -5.462568e+000  0.000000e+000
      vertex -3.451714e+001 -3.738042e+000  5.000000e+001
      vertex -3.451714e+001 -3.738042e+000  0.000000e+000
    endloop
  endfacet
  facet normal -9.399003e-001  3.414489e-001  0.000000e+000
    outer loop
      vertex -3.451714e+001 -3.738042e+000  0.000000e+000
      vertex -3.451714e+001 -3.738042e+000  5.000000e+001
      vertex -3.388052e+001 -1.985641e+000  5.000000e+001
    endloop
  endfacet
  facet normal -9.399003e-001  3.414489e-001  0.000000e+000
    outer loop
      vertex -3.451714e+001 -3.738042e+000  0.000000e+000
      vertex -3.388052e+001 -1.985641e+000  5.000000e+001
      vertex -3.388052e+001 -1.985641e+000  0.000000e+000
    endloop
  endfacet
  facet normal -9.532385e-001  3.022190e-001  0.000000e+000
    outer loop
      vertex -3.388052e+001 -1.985641e+000  0.000000e+000
      vertex -3.388052e+001 -1.985641e+000  5.000000e+001
      vertex -3.331705e+001 -2.083742e-001  5.000000e+001
    endloop
  endfacet
  facet normal -9.532385e-001  3.022190e-001  0.000000e+000
    outer loop
      vertex -3.388052e+001 -1.985641e+000  0.000000e+000
      vertex -3.331705e+001 -2.083742e-001  5.000000e+001
      vertex -3.331705e+001 -2.083742e-001  0.000000e+000
    endloop
  endfacet
  facet normal -9.649388e-001  2.624750e-001  0.000000e+000
    outer loop
      vertex -3.331705e+001 -2.083742e-001  0.000000e+000
      vertex -3.331705e+001 -2.083742e-001  5.000000e+001
      vertex -3.282768e+001  1.590709e+000  5.000000e+001
    endloop
  endfacet
  facet normal -9.649388e-001  2.624750e-001  0.000000e+000
    outer loop
      vertex -3.331705e+001 -2.083742e-001  0.000000e+000
      vertex -3.282768e+001  1.590709e+000  5.000000e+001
      vertex -3.282768e+001  1.590709e+000  0.000000e+000
    endloop
  endfacet
  facet normal -9.749832e-001  2.222790e-001  0.000000e+000
    outer loop
      vertex -3.282768e+001  1.590709e+000  0.000000e+000
      vertex -3.282768e+001  1.590709e+000  5.000000e+001
      vertex -3.241325e+001  3.408519e+000  5.000000e+001
    endloop
  endfacet
  facet normal -9.749832e-001  2.222790e-001  0.000000e+000
    outer loop
      vertex -3.282768e+001  1.590709e+000  0.000000e+000
      vertex -3.241325e+001  3.408519e+000  5.000000e+001
      vertex -3.241325e+001  3.408519e+000  0.000000e+000
    endloop
  endfacet
  facet normal -9.833540e-001  1.817004e-001  0.000000e+000
    outer loop
      vertex -3.241325e+001  3.408519e+000  0.000000e+000
      vertex -3.241325e+001  3.408519e+000  5.000000e+001
      vertex -3.207448e+001  5.241935e+000  5.000000e+001
    endloop
  endfacet
  facet normal -9.833540e-001  1.817004e-001  0.000000e+000
    outer loop
      vertex -3.241325e+001  3.408519e+000  0.000000e+000
      vertex -3.207448e+001  5.241935e+000  5.000000e+001
      vertex -3.207448e+001  5.241935e+000  0.000000e+000
    endloop
  endfacet
  facet normal -6.632229e-001  7.484220e-001  0.000000e+000
    outer loop
      vertex -4.594897e+001 -2.055349e+001  5.000000e+001
      vertex -4.734437e+001 -2.179003e+001  0.000000e+000
      vertex -4.734437e+001 -2.179003e+001  5.000000e+001
    endloop
  endfacet
  facet normal -6.316522e-001  7.752519e-001  0.000000e+000
    outer loop
      vertex -4.734437e+001 -2.179003e+001  5.000000e+001
      vertex -4.734437e+001 -2.179003e+001  0.000000e+000
      vertex -4.878979e+001 -2.296772e+001  0.000000e+000
    endloop
  endfacet
  facet normal -6.316522e-001  7.752519e-001  0.000000e+000
    outer loop
      vertex -4.734437e+001 -2.179003e+001  5.000000e+001
      vertex -4.878979e+001 -2.296772e+001  0.000000e+000
      vertex -4.878979e+001 -2.296772e+001  5.000000e+001
    endloop
  endfacet
  facet normal -5.989958e-001  8.007521e-001  0.000000e+000
    outer loop
      vertex -4.878979e+001 -2.296772e+001  5.000000e+001
      vertex -4.878979e+001 -2.296772e+001  0.000000e+000
      vertex -5.028275e+001 -2.408452e+001  0.000000e+000
    endloop
  endfacet
  facet normal -5.989958e-001  8.007521e-001  0.000000e+000
    outer loop
      vertex -4.878979e+001 -2.296772e+001  5.000000e+001
      vertex -5.028275e+001 -2.408452e+001  0.000000e+000
      vertex -5.028275e+001 -2.408452e+001  5.000000e+001
    endloop
  endfacet
  facet normal -5.653118e-001  8.248774e-001  0.000000e+000
    outer loop
      vertex -5.028275e+001 -2.408452e+001  5.000000e+001
      vertex -5.028275e+001 -2.408452e+001  0.000000e+000
      vertex -5.182070e+001 -2.513852e+001  0.000000e+000
    endloop
  endfacet
  facet normal -5.653118e-001  8.248774e-001  0.000000e+000
    outer loop
      vertex -5.028275e+001 -2.408452e+001  5.000000e+001
      vertex -5.182070e+001 -2.513852e+001  0.000000e+000
      vertex -5.182070e+001 -2.513852e+001  5.000000e+001
    endloop
  endfacet
  facet normal -5.306568e-001  8.475868e-001  0.000000e+000
    outer loop
      vertex -5.182070e+001 -2.513852e+001  5.000000e+001
      vertex -5.182070e+001 -2.513852e+001  0.000000e+000
      vertex -5.340098e+001 -2.612790e+001  0.000000e+000
    endloop
  endfacet
  facet normal -5.306568e-001  8.475868e-001  0.000000e+000
    outer loop
      vertex -5.182070e+001 -2.513852e+001  5.000000e+001
      vertex -5.340098e+001 -2.612790e+001  0.000000e+000
      vertex -5.340098e+001 -2.612790e+001  5.000000e+001
    endloop
  endfacet
  facet normal -4.950917e-001  8.688407e-001  0.000000e+000
    outer loop
      vertex -5.340098e+001 -2.612790e+001  5.000000e+001
      vertex -5.340098e+001 -2.612790e+001  0.000000e+000
      vertex -5.502090e+001 -2.705098e+001  0.000000e+000
    endloop
  endfacet
  facet normal -4.950917e-001  8.688407e-001  0.000000e+000
    outer loop
      vertex -5.340098e+001 -2.612790e+001  5.000000e+001
      vertex -5.502090e+001 -2.705098e+001  0.000000e+000
      vertex -5.502090e+001 -2.705098e+001  5.000000e+001
    endloop
  endfacet
  facet normal -4.586769e-001  8.886032e-001  0.000000e+000
    outer loop
      vertex -5.502090e+001 -2.705098e+001  5.000000e+001
      vertex -5.502090e+001 -2.705098e+001  0.000000e+000
      vertex -5.667765e+001 -2.790616e+001  0.000000e+000
    endloop
  endfacet
  facet normal -4.586769e-001  8.886032e-001  0.000000e+000
    outer loop
      vertex -5.502090e+001 -2.705098e+001  5.000000e+001
      vertex -5.667765e+001 -2.790616e+001  0.000000e+000
      vertex -5.667765e+001 -2.790616e+001  5.000000e+001
    endloop
  endfacet
  facet normal -4.214738e-001  9.068406e-001  0.000000e+000
    outer loop
      vertex -5.667765e+001 -2.790616e+001  5.000000e+001
      vertex -5.667765e+001 -2.790616e+001  0.000000e+000
      vertex -5.836842e+001 -2.869197e+001  0.000000e+000
    endloop
  endfacet
  facet normal -4.214738e-001  9.068406e-001  0.000000e+000
    outer loop
      vertex -5.667765e+001 -2.790616e+001  5.000000e+001
      vertex -5.836842e+001 -2.869197e+001  0.000000e+000
      vertex -5.836842e+001 -2.869197e+001  5.000000e+001
    endloop
  endfacet
  facet normal -3.835483e-001  9.235208e-001  0.000000e+000
    outer loop
      vertex -5.836842e+001 -2.869197e+001  5.000000e+001
      vertex -5.836842e+001 -2.869197e+001  0.000000e+000
      vertex -6.009027e+001 -2.940708e+001  0.000000e+000
    endloop
  endfacet
  facet normal -3.835483e-001  9.235208e-001  0.000000e+000
    outer loop
      vertex -5.836842e+001 -2.869197e+001  5.000000e+001
      vertex -6.009027e+001 -2.940708e+001  0.000000e+000
      vertex -6.009027e+001 -2.940708e+001  5.000000e+001
    endloop
  endfacet
  facet normal -3.449628e-001  9.386164e-001  0.000000e+000
    outer loop
      vertex -6.009027e+001 -2.940708e+001  5.000000e+001
      vertex -6.009027e+001 -2.940708e+001  0.000000e+000
      vertex -6.184028e+001 -3.005025e+001  0.000000e+000
    endloop
  endfacet
  facet normal -3.449628e-001  9.386164e-001  0.000000e+000
    outer loop
      vertex -6.009027e+001 -2.940708e+001  5.000000e+001
      vertex -6.184028e+001 -3.005025e+001  0.000000e+000
      vertex -6.184028e+001 -3.005025e+001  5.000000e+001
    endloop
  endfacet
  facet normal -3.057860e-001  9.521003e-001  0.000000e+000
    outer loop
      vertex -6.184028e+001 -3.005025e+001  5.000000e+001
      vertex -6.184028e+001 -3.005025e+001  0.000000e+000
      vertex -6.361543e+001 -3.062037e+001  0.000000e+000
    endloop
  endfacet
  facet normal -3.057860e-001  9.521003e-001  0.000000e+000
    outer loop
      vertex -6.184028e+001 -3.005025e+001  5.000000e+001
      vertex -6.361543e+001 -3.062037e+001  0.000000e+000
      vertex -6.361543e+001 -3.062037e+001  5.000000e+001
    endloop
  endfacet
  facet normal -2.660853e-001  9.639495e-001  0.000000e+000
    outer loop
      vertex -6.361543e+001 -3.062037e+001  5.000000e+001
      vertex -6.361543e+001 -3.062037e+001  0.000000e+000
      vertex -6.541267e+001 -3.111648e+001  0.000000e+000
    endloop
  endfacet
  facet normal -2.660853e-001  9.639495e-001  0.000000e+000
    outer loop
      vertex -6.361543e+001 -3.062037e+001  5.000000e+001
      vertex -6.541267e+001 -3.111648e+001  0.000000e+000
      vertex -6.541267e+001 -3.111648e+001  5.000000e+001
    endloop
  endfacet
  facet normal -2.259261e-001  9.741445e-001  0.000000e+000
    outer loop
      vertex -6.541267e+001 -3.111648e+001  5.000000e+001
      vertex -6.541267e+001 -3.111648e+001  0.000000e+000
      vertex -6.722891e+001 -3.153770e+001  0.000000e+000
    endloop
  endfacet
  facet normal -2.259261e-001  9.741445e-001  0.000000e+000
    outer loop
      vertex -6.541267e+001 -3.111648e+001  5.000000e+001
      vertex -6.722891e+001 -3.153770e+001  0.000000e+000
      vertex -6.722891e+001 -3.153770e+001  5.000000e+001
    endloop
  endfacet
  facet normal -1.853800e-001  9.826670e-001  0.000000e+000
    outer loop
      vertex -6.722891e+001 -3.153770e+001  5.000000e+001
      vertex -6.722891e+001 -3.153770e+001  0.000000e+000
      vertex -6.906105e+001 -3.188334e+001  0.000000e+000
    endloop
  endfacet
  facet normal -1.853800e-001  9.826670e-001  0.000000e+000
    outer loop
      vertex -6.722891e+001 -3.153770e+001  5.000000e+001
      vertex -6.906105e+001 -3.188334e+001  0.000000e+000
      vertex -6.906105e+001 -3.188334e+001  5.000000e+001
    endloop
  endfacet
  facet normal -1.445152e-001  9.895026e-001  0.000000e+000
    outer loop
      vertex -6.906105e+001 -3.188334e+001  5.000000e+001
      vertex -6.906105e+001 -3.188334e+001  0.000000e+000
      vertex -7.090593e+001 -3.215278e+001  0.000000e+000
    endloop
  endfacet
  facet normal -1.445152e-001  9.895026e-001  0.000000e+000
    outer loop
      vertex -6.906105e+001 -3.188334e+001  5.000000e+001
      vertex -7.090593e+001 -3.215278e+001  0.000000e+000
      vertex -7.090593e+001 -3.215278e+001  5.000000e+001
    endloop
  endfacet
  facet normal -1.034033e-001  9.946395e-001  0.000000e+000
    outer loop
      vertex -7.090593e+001 -3.215278e+001  5.000000e+001
      vertex -7.090593e+001 -3.215278e+001  0.000000e+000
      vertex -7.276039e+001 -3.234557e+001  0.000000e+000
    endloop
  endfacet
  facet normal -1.034033e-001  9.946395e-001  0.000000e+000
    outer loop
      vertex -7.090593e+001 -3.215278e+001  5.000000e+001
      vertex -7.276039e+001 -3.234557e+001  0.000000e+000
      vertex -7.276039e+001 -3.234557e+001  5.000000e+001
    endloop
  endfacet
  facet normal -6.211308e-002  9.980691e-001  0.000000e+000
    outer loop
      vertex -7.276039e+001 -3.234557e+001  5.000000e+001
      vertex -7.276039e+001 -3.234557e+001  0.000000e+000
      vertex -7.462124e+001 -3.246138e+001  0.000000e+000
    endloop
  endfacet
  facet normal -6.211308e-002  9.980691e-001  0.000000e+000
    outer loop
      vertex -7.276039e+001 -3.234557e+001  5.000000e+001
      vertex -7.462124e+001 -3.246138e+001  0.000000e+000
      vertex -7.462124e+001 -3.246138e+001  5.000000e+001
    endloop
  endfacet
  facet normal -2.071591e-002  9.997854e-001  0.000000e+000
    outer loop
      vertex -7.462124e+001 -3.246138e+001  5.000000e+001
      vertex -7.462124e+001 -3.246138e+001  0.000000e+000
      vertex -7.648529e+001 -3.250000e+001  0.000000e+000
    endloop
  endfacet
  facet normal -2.071591e-002  9.997854e-001  0.000000e+000
    outer loop
      vertex -7.462124e+001 -3.246138e+001  5.000000e+001
      vertex -7.648529e+001 -3.250000e+001  0.000000e+000
      vertex -7.648529e+001 -3.250000e+001  5.000000e+001
    endloop
  endfacet
  facet normal  6.316522e-001  7.752519e-001  0.000000e+000
    outer loop
      vertex  4.734437e+001 -2.179003e+001  0.000000e+000
      vertex  4.878979e+001 -2.296772e+001  5.000000e+001
      vertex  4.878979e+001 -2.296772e+001  0.000000e+000
    endloop
  endfacet
  facet normal  5.989958e-001  8.007521e-001  -0.000000e+000
    outer loop
      vertex  4.878979e+001 -2.296772e+001  0.000000e+000
      vertex  4.878979e+001 -2.296772e+001  5.000000e+001
      vertex  5.028275e+001 -2.408452e+001  5.000000e+001
    endloop
  endfacet
  facet normal  5.989958e-001  8.007521e-001  0.000000e+000
    outer loop
      vertex  4.878979e+001 -2.296772e+001  0.000000e+000
      vertex  5.028275e+001 -2.408452e+001  5.000000e+001
      vertex  5.028275e+001 -2.408452e+001  0.000000e+000
    endloop
  endfacet
  facet normal  5.653118e-001  8.248774e-001  -0.000000e+000
    outer loop
      vertex  5.028275e+001 -2.408452e+001  0.000000e+000
      vertex  5.028275e+001 -2.408452e+001  5.000000e+001
      vertex  5.182070e+001 -2.513852e+001  5.000000e+001
    endloop
  endfacet
  facet normal  5.653118e-001  8.248774e-001  0.000000e+000
    outer loop
      vertex  5.028275e+001 -2.408452e+001  0.000000e+000
      vertex  5.182070e+001 -2.513852e+001  5.000000e+001
      vertex  5.182070e+001 -2.513852e+001  0.000000e+000
    endloop
  endfacet
  facet normal  5.306568e-001  8.475868e-001  -0.000000e+000
    outer loop
      vertex  5.182070e+001 -2.513852e+001  0.000000e+000
      vertex  5.182070e+001 -2.513852e+001  5.000000e+001
      vertex  5.340098e+001 -2.612790e+001  5.000000e+001
    endloop
  endfacet
  facet normal  5.306568e-001  8.475868e-001  0.000000e+000
    outer loop
      vertex  5.182070e+001 -2.513852e+001  0.000000e+000
      vertex  5.340098e+001 -2.612790e+001  5.000000e+001
      vertex  5.340098e+001 -2.612790e+001  0.000000e+000
    endloop
  endfacet
  facet normal  4.950917e-001  8.688407e-001  -0.000000e+000
    outer loop
      vertex  5.340098e+001 -2.612790e+001  0.000000e+000
      vertex  5.340098e+001 -2.612790e+001  5.000000e+001
      vertex  5.502090e+001 -2.705098e+001  5.000000e+001
    endloop
  endfacet
  facet normal  4.950917e-001  8.688407e-001  0.000000e+000
    outer loop
      vertex  5.340098e+001 -2.612790e+001  0.000000e+000
      vertex  5.502090e+001 -2.705098e+001  5.000000e+001
      vertex  5.502090e+001 -2.705098e+001  0.000000e+000
    endloop
  endfacet
  facet normal  4.586769e-001  8.886032e-001  -0.000000e+000
    outer loop
      vertex  5.502090e+001 -2.705098e+001  0.000000e+000
      vertex  5.502090e+001 -2.705098e+001  5.000000e+001
      vertex  5.667765e+001 -2.790616e+001  5.000000e+001
    endloop
  endfacet
  facet normal  4.586769e-001  8.886032e-001  0.000000e+000
    outer loop
      vertex  5.502090e+001 -2.705098e+001  0.000000e+000
      vertex  5.667765e+001 -2.790616e+001  5.000000e+001
      vertex  5.667765e+001 -2.790616e+001  0.000000e+000
    endloop
  endfacet
  facet normal  4.214738e-001  9.068406e-001  -0.000000e+000
    outer loop
      vertex  5.667765e+001 -2.790616e+001  0.000000e+000
      vertex  5.667765e+001 -2.790616e+001  5.000000e+001
      vertex  5.836842e+001 -2.869197e+001  5.000000e+001
    endloop
  endfacet
  facet normal  4.214738e-001  9.068406e-001  0.000000e+000
    outer loop
      vertex  5.667765e+001 -2.790616e+001  0.000000e+000
      vertex  5.836842e+001 -2.869197e+001  5.000000e+001
      vertex  5.836842e+001 -2.869197e+001  0.000000e+000
    endloop
  endfacet
  facet normal  3.835483e-001  9.235208e-001  -0.000000e+000
    outer loop
      vertex  5.836842e+001 -2.869197e+001  0.000000e+000
      vertex  5.836842e+001 -2.869197e+001  5.000000e+001
      vertex  6.009027e+001 -2.940708e+001  5.000000e+001
    endloop
  endfacet
  facet normal  3.835483e-001  9.235208e-001  0.000000e+000
    outer loop
      vertex  5.836842e+001 -2.869197e+001  0.000000e+000
      vertex  6.009027e+001 -2.940708e+001  5.000000e+001
      vertex  6.009027e+001 -2.940708e+001  0.000000e+000
    endloop
  endfacet
  facet normal  3.449628e-001  9.386164e-001  -0.000000e+000
    outer loop
      vertex  6.009027e+001 -2.940708e+001  0.000000e+000
      vertex  6.009027e+001 -2.940708e+001  5.000000e+001
      vertex  6.184028e+001 -3.005025e+001  5.000000e+001
    endloop
  endfacet
  facet normal  3.449628e-001  9.386164e-001  0.000000e+000
    outer loop
      vertex  6.009027e+001 -2.940708e+001  0.000000e+000
      vertex  6.184028e+001 -3.005025e+001  5.000000e+001
      vertex  6.184028e+001 -3.005025e+001  0.000000e+000
    endloop
  endfacet
  facet normal  3.057860e-001  9.521003e-001  -0.000000e+000
    outer loop
      vertex  6.184028e+001 -3.005025e+001  0.000000e+000
      vertex  6.184028e+001 -3.005025e+001  5.000000e+001
      vertex  6.361543e+001 -3.062037e+001  5.000000e+001
    endloop
  endfacet
  facet normal  3.057860e-001  9.521003e-001  0.000000e+000
    outer loop
      vertex  6.184028e+001 -3.005025e+001  0.000000e+000
      vertex  6.361543e+001 -3.062037e+001  5.000000e+001
      vertex  6.361543e+001 -3.062037e+001  0.000000e+000
    endloop
  endfacet
  facet normal  2.660853e-001  9.639495e-001  -0.000000e+000
    outer loop
      vertex  6.361543e+001 -3.062037e+001  0.000000e+000
      vertex  6.361543e+001 -3.062037e+001  5.000000e+001
      vertex  6.541267e+001 -3.111648e+001  5.000000e+001
    endloop
  endfacet
  facet normal  2.660853e-001  9.639495e-001  0.000000e+000
    outer loop
      vertex  6.361543e+001 -3.062037e+001  0.000000e+000
      vertex  6.541267e+001 -3.111648e+001  5.000000e+001
      vertex  6.541267e+001 -3.111648e+001  0.000000e+000
    endloop
  endfacet
  facet normal  2.259261e-001  9.741445e-001  -0.000000e+000
    outer loop
      vertex  6.541267e+001 -3.111648e+001  0.000000e+000
      vertex  6.541267e+001 -3.111648e+001  5.000000e+001
      vertex  6.722891e+001 -3.153770e+001  5.000000e+001
    endloop
  endfacet
  facet normal  2.259261e-001  9.741445e-001  0.000000e+000
    outer loop
      vertex  6.541267e+001 -3.111648e+001  0.000000e+000
      vertex  6.722891e+001 -3.153770e+001  5.000000e+001
      vertex  6.722891e+001 -3.153770e+001  0.000000e+000
    endloop
  endfacet
  facet normal  1.853800e-001  9.826670e-001  -0.000000e+000
    outer loop
      vertex  6.722891e+001 -3.153770e+001  0.000000e+000
      vertex  6.722891e+001 -3.153770e+001  5.000000e+001
      vertex  6.906105e+001 -3.188334e+001  5.000000e+001
    endloop
  endfacet
  facet normal  1.853800e-001  9.826670e-001  0.000000e+000
    outer loop
      vertex  6.722891e+001 -3.153770e+001  0.000000e+000
      vertex  6.906105e+001 -3.188334e+001  5.000000e+001
      vertex  6.906105e+001 -3.188334e+001  0.000000e+000
    endloop
  endfacet
  facet normal  1.445152e-001  9.895026e-001  -0.000000e+000
    outer loop
      vertex  6.906105e+001 -3.188334e+001  0.000000e+000
      vertex  6.906105e+001 -3.188334e+001  5.000000e+001
      vertex  7.090593e+001 -3.215278e+001  5.000000e+001
    endloop
  endfacet
  facet normal  1.445152e-001  9.895026e-001  0.000000e+000
    outer loop
      vertex  6.906105e+001 -3.188334e+001  0.000000e+000
      vertex  7.090593e+001 -3.215278e+001  5.000000e+001
      vertex  7.090593e+001 -3.215278e+001  0.000000e+000
    endloop
  endfacet
  facet normal  1.034033e-001  9.946395e-001  -0.000000e+000
    outer loop
      vertex  7.090593e+001 -3.215278e+001  0.000000e+000
      vertex  7.090593e+001 -3.215278e+001  5.000000e+001
      vertex  7.276039e+001 -3.234557e+001  5.000000e+001
    endloop
  endfacet
  facet normal  1.034033e-001  9.946395e-001  0.000000e+000
    outer loop
      vertex  7.090593e+001 -3.215278e+001  0.000000e+000
      vertex  7.276039e+001 -3.234557e+001  5.000000e+001
      vertex  7.276039e+001 -3.234557e+001  0.000000e+000
    endloop
  endfacet
  facet normal  6.211308e-002  9.980691e-001  -0.000000e+000
    outer loop
      vertex  7.276039e+001 -3.234557e+001  0.000000e+000
      vertex  7.276039e+001 -3.234557e+001  5.000000e+001
      vertex  7.462124e+001 -3.246138e+001  5.000000e+001
    endloop
  endfacet
  facet normal  6.211308e-002  9.980691e-001  0.000000e+000
    outer loop
      vertex  7.276039e+001 -3.234557e+001  0.000000e+000
      vertex  7.462124e+001 -3.246138e+001  5.000000e+001
      vertex  7.462124e+001 -3.246138e+001  0.000000e+000
    endloop
  endfacet
  facet normal  2.071591e-002  9.997854e-001  -0.000000e+000
    outer loop
      vertex  7.462124e+001 -3.246138e+001  0.000000e+000
      vertex  7.462124e+001 -3.246138e+001  5.000000e+001
      vertex  7.648529e+001 -3.250000e+001  5.000000e+001
    endloop
  endfacet
  facet normal  2.071591e-002  9.997854e-001  0.000000e+000
    outer loop
      vertex  7.462124e+001 -3.246138e+001  0.000000e+000
      vertex  7.648529e+001 -3.250000e+001  5.000000e+001
      vertex  7.648529e+001 -3.250000e+001  0.000000e+000
    endloop
  endfacet
  facet normal  6.316522e-001  7.752519e-001  -0.000000e+000
    outer loop
      vertex  4.878979e+001 -2.296772e+001  5.000000e+001
      vertex  4.734437e+001 -2.179003e+001  0.000000e+000
      vertex  4.734437e+001 -2.179003e+001  5.000000e+001
    endloop
  endfacet
  facet normal  6.632229e-001  7.484220e-001  0.000000e+000
    outer loop
      vertex  4.734437e+001 -2.179003e+001  5.000000e+001
      vertex  4.734437e+001 -2.179003e+001  0.000000e+000
      vertex  4.594897e+001 -2.055349e+001  0.000000e+000
    endloop
  endfacet
  facet normal  6.632229e-001  7.484220e-001  -0.000000e+000
    outer loop
      vertex  4.734437e+001 -2.179003e+001  5.000000e+001
      vertex  4.594897e+001 -2.055349e+001  0.000000e+000
      vertex  4.594897e+001 -2.055349e+001  5.000000e+001
    endloop
  endfacet
  facet normal  6.936550e-001  7.203074e-001  0.000000e+000
    outer loop
      vertex  4.594897e+001 -2.055349e+001  5.000000e+001
      vertex  4.594897e+001 -2.055349e+001  0.000000e+000
      vertex  4.460599e+001 -1.926020e+001  0.000000e+000
    endloop
  endfacet
  facet normal  6.936550e-001  7.203074e-001  -0.000000e+000
    outer loop
      vertex  4.594897e+001 -2.055349e+001  5.000000e+001
      vertex  4.460599e+001 -1.926020e+001  0.000000e+000
      vertex  4.460599e+001 -1.926020e+001  5.000000e+001
    endloop
  endfacet
  facet normal  7.228986e-001  6.909541e-001  0.000000e+000
    outer loop
      vertex  4.460599e+001 -1.926020e+001  5.000000e+001
      vertex  4.460599e+001 -1.926020e+001  0.000000e+000
      vertex  4.331774e+001 -1.791239e+001  0.000000e+000
    endloop
  endfacet
  facet normal  7.228986e-001  6.909541e-001  -0.000000e+000
    outer loop
      vertex  4.460599e+001 -1.926020e+001  5.000000e+001
      vertex  4.331774e+001 -1.791239e+001  0.000000e+000
      vertex  4.331774e+001 -1.791239e+001  5.000000e+001
    endloop
  endfacet
  facet normal  7.508984e-001  6.604177e-001  0.000000e+000
    outer loop
      vertex  4.331774e+001 -1.791239e+001  5.000000e+001
      vertex  4.331774e+001 -1.791239e+001  0.000000e+000
      vertex  4.208642e+001 -1.651237e+001  0.000000e+000
    endloop
  endfacet
  facet normal  7.508984e-001  6.604177e-001  -0.000000e+000
    outer loop
      vertex  4.331774e+001 -1.791239e+001  5.000000e+001
      vertex  4.208642e+001 -1.651237e+001  0.000000e+000
      vertex  4.208642e+001 -1.651237e+001  5.000000e+001
    endloop
  endfacet
  facet normal  7.776118e-001  6.287447e-001  0.000000e+000
    outer loop
      vertex  4.208642e+001 -1.651237e+001  5.000000e+001
      vertex  4.208642e+001 -1.651237e+001  0.000000e+000
      vertex  4.091416e+001 -1.506255e+001  0.000000e+000
    endloop
  endfacet
  facet normal  7.776118e-001  6.287447e-001  -0.000000e+000
    outer loop
      vertex  4.208642e+001 -1.651237e+001  5.000000e+001
      vertex  4.091416e+001 -1.506255e+001  0.000000e+000
      vertex  4.091416e+001 -1.506255e+001  5.000000e+001
    endloop
  endfacet
  facet normal  8.029889e-001  5.959940e-001  0.000000e+000
    outer loop
      vertex  4.091416e+001 -1.506255e+001  5.000000e+001
      vertex  4.091416e+001 -1.506255e+001  0.000000e+000
      vertex  3.980296e+001 -1.356542e+001  0.000000e+000
    endloop
  endfacet
  facet normal  8.029889e-001  5.959940e-001  -0.000000e+000
    outer loop
      vertex  4.091416e+001 -1.506255e+001  5.000000e+001
      vertex  3.980296e+001 -1.356542e+001  0.000000e+000
      vertex  3.980296e+001 -1.356542e+001  5.000000e+001
    endloop
  endfacet
  facet normal  8.269876e-001  5.622202e-001  0.000000e+000
    outer loop
      vertex  3.980296e+001 -1.356542e+001  5.000000e+001
      vertex  3.980296e+001 -1.356542e+001  0.000000e+000
      vertex  3.875472e+001 -1.202354e+001  0.000000e+000
    endloop
  endfacet
  facet normal  8.269876e-001  5.622202e-001  -0.000000e+000
    outer loop
      vertex  3.980296e+001 -1.356542e+001  5.000000e+001
      vertex  3.875472e+001 -1.202354e+001  0.000000e+000
      vertex  3.875472e+001 -1.202354e+001  5.000000e+001
    endloop
  endfacet
  facet normal  8.495668e-001  5.274811e-001  0.000000e+000
    outer loop
      vertex  3.875472e+001 -1.202354e+001  5.000000e+001
      vertex  3.875472e+001 -1.202354e+001  0.000000e+000
      vertex  3.777126e+001 -1.043956e+001  0.000000e+000
    endloop
  endfacet
  facet normal  8.495668e-001  5.274811e-001  -0.000000e+000
    outer loop
      vertex  3.875472e+001 -1.202354e+001  5.000000e+001
      vertex  3.777126e+001 -1.043956e+001  0.000000e+000
      vertex  3.777126e+001 -1.043956e+001  5.000000e+001
    endloop
  endfacet
  facet normal  8.706872e-001  4.918371e-001  0.000000e+000
    outer loop
      vertex  3.777126e+001 -1.043956e+001  5.000000e+001
      vertex  3.777126e+001 -1.043956e+001  0.000000e+000
      vertex  3.685425e+001 -8.816207e+000  0.000000e+000
    endloop
  endfacet
  facet normal  8.706872e-001  4.918371e-001  -0.000000e+000
    outer loop
      vertex  3.777126e+001 -1.043956e+001  5.000000e+001
      vertex  3.685425e+001 -8.816207e+000  0.000000e+000
      vertex  3.685425e+001 -8.816207e+000  5.000000e+001
    endloop
  endfacet
  facet normal  8.903142e-001  4.553468e-001  0.000000e+000
    outer loop
      vertex  3.685425e+001 -8.816207e+000  5.000000e+001
      vertex  3.685425e+001 -8.816207e+000  0.000000e+000
      vertex  3.600528e+001 -7.156259e+000  0.000000e+000
    endloop
  endfacet
  facet normal  8.903142e-001  4.553468e-001  -0.000000e+000
    outer loop
      vertex  3.685425e+001 -8.816207e+000  5.000000e+001
      vertex  3.600528e+001 -7.156259e+000  0.000000e+000
      vertex  3.600528e+001 -7.156259e+000  5.000000e+001
    endloop
  endfacet
  facet normal  9.084118e-001  4.180765e-001  0.000000e+000
    outer loop
      vertex  3.600528e+001 -7.156259e+000  5.000000e+001
      vertex  3.600528e+001 -7.156259e+000  0.000000e+000
      vertex  3.522580e+001 -5.462568e+000  0.000000e+000
    endloop
  endfacet
  facet normal  9.084118e-001  4.180765e-001  -0.000000e+000
    outer loop
      vertex  3.600528e+001 -7.156259e+000  5.000000e+001
      vertex  3.522580e+001 -5.462568e+000  0.000000e+000
      vertex  3.522580e+001 -5.462568e+000  5.000000e+001
    endloop
  endfacet
  facet normal  9.249503e-001  3.800882e-001  0.000000e+000
    outer loop
      vertex  3.522580e+001 -5.462568e+000  5.000000e+001
      vertex  3.522580e+001 -5.462568e+000  0.000000e+000
      vertex  3.451714e+001 -3.738042e+000  0.000000e+000
    endloop
  endfacet
  facet normal  9.249503e-001  3.800882e-001  -0.000000e+000
    outer loop
      vertex  3.522580e+001 -5.462568e+000  5.000000e+001
      vertex  3.451714e+001 -3.738042e+000  0.000000e+000
      vertex  3.451714e+001 -3.738042e+000  5.000000e+001
    endloop
  endfacet
  facet normal  9.399003e-001  3.414489e-001  0.000000e+000
    outer loop
      vertex  3.451714e+001 -3.738042e+000  5.000000e+001
      vertex  3.451714e+001 -3.738042e+000  0.000000e+000
      vertex  3.388052e+001 -1.985641e+000  0.000000e+000
    endloop
  endfacet
  facet normal  9.399003e-001  3.414489e-001  -0.000000e+000
    outer loop
      vertex  3.451714e+001 -3.738042e+000  5.000000e+001
      vertex  3.388052e+001 -1.985641e+000  0.000000e+000
      vertex  3.388052e+001 -1.985641e+000  5.000000e+001
    endloop
  endfacet
  facet normal  9.532385e-001  3.022190e-001  0.000000e+000
    outer loop
      vertex  3.388052e+001 -1.985641e+000  5.000000e+001
      vertex  3.388052e+001 -1.985641e+000  0.000000e+000
      vertex  3.331705e+001 -2.083742e-001  0.000000e+000
    endloop
  endfacet
  facet normal  9.532385e-001  3.022190e-001  -0.000000e+000
    outer loop
      vertex  3.388052e+001 -1.985641e+000  5.000000e+001
      vertex  3.331705e+001 -2.083742e-001  0.000000e+000
      vertex  3.331705e+001 -2.083742e-001  5.000000e+001
    endloop
  endfacet
  facet normal  9.649388e-001  2.624750e-001  0.000000e+000
    outer loop
      vertex  3.331705e+001 -2.083742e-001  5.000000e+001
      vertex  3.331705e+001 -2.083742e-001  0.000000e+000
      vertex  3.282768e+001  1.590709e+000  0.000000e+000
    endloop
  endfacet
  facet normal  9.649388e-001  2.624750e-001  -0.000000e+000
    outer loop
      vertex  3.331705e+001 -2.083742e-001  5.000000e+001
      vertex  3.282768e+001  1.590709e+000  0.000000e+000
      vertex  3.282768e+001  1.590709e+000  5.000000e+001
    endloop
  endfacet
  facet normal  9.749832e-001  2.222790e-001  0.000000e+000
    outer loop
      vertex  3.282768e+001  1.590709e+000  5.000000e+001
      vertex  3.282768e+001  1.590709e+000  0.000000e+000
      vertex  3.241325e+001  3.408519e+000  0.000000e+000
    endloop
  endfacet
  facet normal  9.749832e-001  2.222790e-001  -0.000000e+000
    outer loop
      vertex  3.282768e+001  1.590709e+000  5.000000e+001
      vertex  3.241325e+001  3.408519e+000  0.000000e+000
      vertex  3.241325e+001  3.408519e+000  5.000000e+001
    endloop
  endfacet
  facet normal  9.833540e-001  1.817004e-001  0.000000e+000
    outer loop
      vertex  3.241325e+001  3.408519e+000  5.000000e+001
      vertex  3.241325e+001  3.408519e+000  0.000000e+000
      vertex  3.207448e+001  5.241935e+000  0.000000e+000
    endloop
  endfacet
  facet normal  9.833540e-001  1.817004e-001  -0.000000e+000
    outer loop
      vertex  3.241325e+001  3.408519e+000  5.000000e+001
      vertex  3.207448e+001  5.241935e+000  0.000000e+000
      vertex  3.207448e+001  5.241935e+000  5.000000e+001
    endloop
  endfacet
  facet normal -1.974332e-002 -9.998051e-001  -0.000000e+000
    outer loop
      vertex  7.648529e+001 -3.550000e+001  3.000000e+000
      vertex  7.648529e+001 -3.550000e+001  5.000000e+001
      vertex  7.459023e+001 -3.546258e+001  3.000000e+000
    endloop
  endfacet
  facet normal -1.974332e-002 -9.998051e-001  0.000000e+000
    outer loop
      vertex  7.459023e+001 -3.546258e+001  3.000000e+000
      vertex  7.648529e+001 -3.550000e+001  5.000000e+001
      vertex  7.459023e+001 -3.546258e+001  5.000000e+001
    endloop
  endfacet
  facet normal -5.920195e-002 -9.982460e-001  -0.000000e+000
    outer loop
      vertex  7.459023e+001 -3.546258e+001  3.000000e+000
      vertex  7.459023e+001 -3.546258e+001  5.000000e+001
      vertex  7.269812e+001 -3.535036e+001  3.000000e+000
    endloop
  endfacet
  facet normal -5.920195e-002 -9.982460e-001  0.000000e+000
    outer loop
      vertex  7.269812e+001 -3.535036e+001  3.000000e+000
      vertex  7.459023e+001 -3.546258e+001  5.000000e+001
      vertex  7.269812e+001 -3.535036e+001  5.000000e+001
    endloop
  endfacet
  facet normal -9.856753e-002 -9.951304e-001  -0.000000e+000
    outer loop
      vertex  7.269812e+001 -3.535036e+001  3.000000e+000
      vertex  7.269812e+001 -3.535036e+001  5.000000e+001
      vertex  7.081191e+001 -3.516354e+001  3.000000e+000
    endloop
  endfacet
  facet normal -9.856753e-002 -9.951304e-001  0.000000e+000
    outer loop
      vertex  7.081191e+001 -3.516354e+001  3.000000e+000
      vertex  7.269812e+001 -3.535036e+001  5.000000e+001
      vertex  7.081191e+001 -3.516354e+001  5.000000e+001
    endloop
  endfacet
  facet normal -1.377767e-001 -9.904633e-001  -0.000000e+000
    outer loop
      vertex  7.081191e+001 -3.516354e+001  3.000000e+000
      vertex  7.081191e+001 -3.516354e+001  5.000000e+001
      vertex  6.893456e+001 -3.490239e+001  3.000000e+000
    endloop
  endfacet
  facet normal -1.377767e-001 -9.904633e-001  0.000000e+000
    outer loop
      vertex  6.893456e+001 -3.490239e+001  3.000000e+000
      vertex  7.081191e+001 -3.516354e+001  5.000000e+001
      vertex  6.893456e+001 -3.490239e+001  5.000000e+001
    endloop
  endfacet
  facet normal -1.767767e-001 -9.842510e-001  -0.000000e+000
    outer loop
      vertex  6.893456e+001 -3.490239e+001  3.000000e+000
      vertex  6.893456e+001 -3.490239e+001  5.000000e+001
      vertex  6.706898e+001 -3.456732e+001  3.000000e+000
    endloop
  endfacet
  facet normal -1.767767e-001 -9.842510e-001  0.000000e+000
    outer loop
      vertex  6.706898e+001 -3.456732e+001  3.000000e+000
      vertex  6.893456e+001 -3.490239e+001  5.000000e+001
      vertex  6.706898e+001 -3.456732e+001  5.000000e+001
    endloop
  endfacet
  facet normal -2.154935e-001 -9.765052e-001  -0.000000e+000
    outer loop
      vertex  6.706898e+001 -3.456732e+001  3.000000e+000
      vertex  6.706898e+001 -3.456732e+001  5.000000e+001
      vertex  6.521807e+001 -3.415887e+001  3.000000e+000
    endloop
  endfacet
  facet normal -2.154935e-001 -9.765052e-001  0.000000e+000
    outer loop
      vertex  6.521807e+001 -3.415887e+001  3.000000e+000
      vertex  6.706898e+001 -3.456732e+001  5.000000e+001
      vertex  6.521807e+001 -3.415887e+001  5.000000e+001
    endloop
  endfacet
  facet normal -2.538804e-001 -9.672356e-001  -0.000000e+000
    outer loop
      vertex  6.521807e+001 -3.415887e+001  3.000000e+000
      vertex  6.521807e+001 -3.415887e+001  5.000000e+001
      vertex  6.338474e+001 -3.367765e+001  3.000000e+000
    endloop
  endfacet
  facet normal -2.538804e-001 -9.672356e-001  0.000000e+000
    outer loop
      vertex  6.338474e+001 -3.367765e+001  3.000000e+000
      vertex  6.521807e+001 -3.415887e+001  5.000000e+001
      vertex  6.338474e+001 -3.367765e+001  5.000000e+001
    endloop
  endfacet
  facet normal -2.918696e-001 -9.564581e-001  -0.000000e+000
    outer loop
      vertex  6.338474e+001 -3.367765e+001  3.000000e+000
      vertex  6.338474e+001 -3.367765e+001  5.000000e+001
      vertex  6.157184e+001 -3.312444e+001  3.000000e+000
    endloop
  endfacet
  facet normal -2.918696e-001 -9.564581e-001  0.000000e+000
    outer loop
      vertex  6.157184e+001 -3.312444e+001  3.000000e+000
      vertex  6.338474e+001 -3.367765e+001  5.000000e+001
      vertex  6.157184e+001 -3.312444e+001  5.000000e+001
    endloop
  endfacet
  facet normal -3.294034e-001 -9.441893e-001  -0.000000e+000
    outer loop
      vertex  6.157184e+001 -3.312444e+001  3.000000e+000
      vertex  6.157184e+001 -3.312444e+001  5.000000e+001
      vertex  5.978219e+001 -3.250007e+001  3.000000e+000
    endloop
  endfacet
  facet normal -3.294034e-001 -9.441893e-001  0.000000e+000
    outer loop
      vertex  5.978219e+001 -3.250007e+001  3.000000e+000
      vertex  6.157184e+001 -3.312444e+001  5.000000e+001
      vertex  5.978219e+001 -3.250007e+001  5.000000e+001
    endloop
  endfacet
  facet normal -3.664238e-001 -9.304480e-001  -0.000000e+000
    outer loop
      vertex  5.978219e+001 -3.250007e+001  3.000000e+000
      vertex  5.978219e+001 -3.250007e+001  5.000000e+001
      vertex  5.801859e+001 -3.180554e+001  3.000000e+000
    endloop
  endfacet
  facet normal -3.664238e-001 -9.304480e-001  0.000000e+000
    outer loop
      vertex  5.801859e+001 -3.180554e+001  3.000000e+000
      vertex  5.978219e+001 -3.250007e+001  5.000000e+001
      vertex  5.801859e+001 -3.180554e+001  5.000000e+001
    endloop
  endfacet
  facet normal -4.028729e-001 -9.152559e-001  -0.000000e+000
    outer loop
      vertex  5.801859e+001 -3.180554e+001  3.000000e+000
      vertex  5.801859e+001 -3.180554e+001  5.000000e+001
      vertex  5.628378e+001 -3.104192e+001  3.000000e+000
    endloop
  endfacet
  facet normal -4.028729e-001 -9.152559e-001  0.000000e+000
    outer loop
      vertex  5.628378e+001 -3.104192e+001  3.000000e+000
      vertex  5.801859e+001 -3.180554e+001  5.000000e+001
      vertex  5.628378e+001 -3.104192e+001  5.000000e+001
    endloop
  endfacet
  facet normal -4.386931e-001 -8.986369e-001  -0.000000e+000
    outer loop
      vertex  5.628378e+001 -3.104192e+001  3.000000e+000
      vertex  5.628378e+001 -3.104192e+001  5.000000e+001
      vertex  5.458047e+001 -3.021041e+001  3.000000e+000
    endloop
  endfacet
  facet normal -4.386931e-001 -8.986369e-001  0.000000e+000
    outer loop
      vertex  5.458047e+001 -3.021041e+001  3.000000e+000
      vertex  5.628378e+001 -3.104192e+001  5.000000e+001
      vertex  5.458047e+001 -3.021041e+001  5.000000e+001
    endloop
  endfacet
  facet normal -4.738289e-001 -8.806170e-001  -0.000000e+000
    outer loop
      vertex  5.458047e+001 -3.021041e+001  3.000000e+000
      vertex  5.458047e+001 -3.021041e+001  5.000000e+001
      vertex  5.291132e+001 -2.931230e+001  3.000000e+000
    endloop
  endfacet
  facet normal -4.738289e-001 -8.806170e-001  0.000000e+000
    outer loop
      vertex  5.291132e+001 -2.931230e+001  3.000000e+000
      vertex  5.458047e+001 -3.021041e+001  5.000000e+001
      vertex  5.291132e+001 -2.931230e+001  5.000000e+001
    endloop
  endfacet
  facet normal -5.082281e-001 -8.612224e-001  -0.000000e+000
    outer loop
      vertex  5.291132e+001 -2.931230e+001  3.000000e+000
      vertex  5.291132e+001 -2.931230e+001  5.000000e+001
      vertex  5.127893e+001 -2.834898e+001  3.000000e+000
    endloop
  endfacet
  facet normal -5.082281e-001 -8.612224e-001  0.000000e+000
    outer loop
      vertex  5.127893e+001 -2.834898e+001  3.000000e+000
      vertex  5.291132e+001 -2.931230e+001  5.000000e+001
      vertex  5.127893e+001 -2.834898e+001  5.000000e+001
    endloop
  endfacet
  facet normal -5.418327e-001 -8.404863e-001  -0.000000e+000
    outer loop
      vertex  5.127893e+001 -2.834898e+001  3.000000e+000
      vertex  5.127893e+001 -2.834898e+001  5.000000e+001
      vertex  4.968585e+001 -2.732198e+001  3.000000e+000
    endloop
  endfacet
  facet normal -5.418327e-001 -8.404863e-001  0.000000e+000
    outer loop
      vertex  4.968585e+001 -2.732198e+001  3.000000e+000
      vertex  5.127893e+001 -2.834898e+001  5.000000e+001
      vertex  4.968585e+001 -2.732198e+001  5.000000e+001
    endloop
  endfacet
  facet normal -5.745936e-001 -8.184389e-001  -0.000000e+000
    outer loop
      vertex  4.968585e+001 -2.732198e+001  3.000000e+000
      vertex  4.968585e+001 -2.732198e+001  5.000000e+001
      vertex  4.813455e+001 -2.623287e+001  3.000000e+000
    endloop
  endfacet
  facet normal -5.745936e-001 -8.184389e-001  0.000000e+000
    outer loop
      vertex  4.813455e+001 -2.623287e+001  3.000000e+000
      vertex  4.968585e+001 -2.732198e+001  5.000000e+001
      vertex  4.813455e+001 -2.623287e+001  5.000000e+001
    endloop
  endfacet
  facet normal -6.064570e-001 -7.951163e-001  -0.000000e+000
    outer loop
      vertex  4.813455e+001 -2.623287e+001  3.000000e+000
      vertex  4.813455e+001 -2.623287e+001  5.000000e+001
      vertex  4.662746e+001 -2.508337e+001  3.000000e+000
    endloop
  endfacet
  facet normal -6.064570e-001 -7.951163e-001  0.000000e+000
    outer loop
      vertex  4.662746e+001 -2.508337e+001  3.000000e+000
      vertex  4.813455e+001 -2.623287e+001  5.000000e+001
      vertex  4.662746e+001 -2.508337e+001  5.000000e+001
    endloop
  endfacet
  facet normal -6.373761e-001 -7.705529e-001  -0.000000e+000
    outer loop
      vertex  4.662746e+001 -2.508337e+001  3.000000e+000
      vertex  4.662746e+001 -2.508337e+001  5.000000e+001
      vertex  4.516693e+001 -2.387527e+001  3.000000e+000
    endloop
  endfacet
  facet normal -6.373761e-001 -7.705529e-001  0.000000e+000
    outer loop
      vertex  4.516693e+001 -2.387527e+001  3.000000e+000
      vertex  4.662746e+001 -2.508337e+001  5.000000e+001
      vertex  4.516693e+001 -2.387527e+001  5.000000e+001
    endloop
  endfacet
  facet normal -6.673015e-001 -7.447877e-001  -0.000000e+000
    outer loop
      vertex  4.516693e+001 -2.387527e+001  3.000000e+000
      vertex  4.516693e+001 -2.387527e+001  5.000000e+001
      vertex  4.375523e+001 -2.261044e+001  3.000000e+000
    endloop
  endfacet
  facet normal -6.673015e-001 -7.447877e-001  0.000000e+000
    outer loop
      vertex  4.375523e+001 -2.261044e+001  3.000000e+000
      vertex  4.516693e+001 -2.387527e+001  5.000000e+001
      vertex  4.375523e+001 -2.261044e+001  5.000000e+001
    endloop
  endfacet
  facet normal -6.961855e-001 -7.178620e-001  -0.000000e+000
    outer loop
      vertex  4.375523e+001 -2.261044e+001  3.000000e+000
      vertex  4.375523e+001 -2.261044e+001  5.000000e+001
      vertex  4.239457e+001 -2.129087e+001  3.000000e+000
    endloop
  endfacet
  facet normal -6.961855e-001 -7.178620e-001  0.000000e+000
    outer loop
      vertex  4.239457e+001 -2.129087e+001  3.000000e+000
      vertex  4.375523e+001 -2.261044e+001  5.000000e+001
      vertex  4.239457e+001 -2.129087e+001  5.000000e+001
    endloop
  endfacet
  facet normal -7.239836e-001 -6.898171e-001  -0.000000e+000
    outer loop
      vertex  4.239457e+001 -2.129087e+001  3.000000e+000
      vertex  4.239457e+001 -2.129087e+001  5.000000e+001
      vertex  4.108707e+001 -1.991861e+001  3.000000e+000
    endloop
  endfacet
  facet normal -7.239836e-001 -6.898171e-001  0.000000e+000
    outer loop
      vertex  4.108707e+001 -1.991861e+001  3.000000e+000
      vertex  4.239457e+001 -2.129087e+001  5.000000e+001
      vertex  4.108707e+001 -1.991861e+001  5.000000e+001
    endloop
  endfacet
  facet normal -7.506542e-001 -6.606953e-001  -0.000000e+000
    outer loop
      vertex  4.108707e+001 -1.991861e+001  3.000000e+000
      vertex  4.108707e+001 -1.991861e+001  5.000000e+001
      vertex  3.983477e+001 -1.849579e+001  3.000000e+000
    endloop
  endfacet
  facet normal -7.506542e-001 -6.606953e-001  0.000000e+000
    outer loop
      vertex  3.983477e+001 -1.849579e+001  3.000000e+000
      vertex  4.108707e+001 -1.991861e+001  5.000000e+001
      vertex  3.983477e+001 -1.849579e+001  5.000000e+001
    endloop
  endfacet
  facet normal -7.761540e-001 -6.305433e-001  -0.000000e+000
    outer loop
      vertex  3.983477e+001 -1.849579e+001  3.000000e+000
      vertex  3.983477e+001 -1.849579e+001  5.000000e+001
      vertex  3.863961e+001 -1.702464e+001  3.000000e+000
    endloop
  endfacet
  facet normal -7.761540e-001 -6.305433e-001  0.000000e+000
    outer loop
      vertex  3.863961e+001 -1.702464e+001  3.000000e+000
      vertex  3.983477e+001 -1.849579e+001  5.000000e+001
      vertex  3.863961e+001 -1.702464e+001  5.000000e+001
    endloop
  endfacet
  facet normal -8.004422e-001 -5.994100e-001  -0.000000e+000
    outer loop
      vertex  3.863961e+001 -1.702464e+001  3.000000e+000
      vertex  3.863961e+001 -1.702464e+001  5.000000e+001
      vertex  3.750347e+001 -1.550746e+001  3.000000e+000
    endloop
  endfacet
  facet normal -8.004422e-001 -5.994100e-001  0.000000e+000
    outer loop
      vertex  3.750347e+001 -1.550746e+001  3.000000e+000
      vertex  3.863961e+001 -1.702464e+001  5.000000e+001
      vertex  3.750347e+001 -1.550746e+001  5.000000e+001
    endloop
  endfacet
  facet normal -8.234836e-001 -5.673401e-001  -0.000000e+000
    outer loop
      vertex  3.750347e+001 -1.550746e+001  3.000000e+000
      vertex  3.750347e+001 -1.550746e+001  5.000000e+001
      vertex  3.642812e+001 -1.394660e+001  3.000000e+000
    endloop
  endfacet
  facet normal -8.234836e-001 -5.673401e-001  0.000000e+000
    outer loop
      vertex  3.642812e+001 -1.394660e+001  3.000000e+000
      vertex  3.750347e+001 -1.550746e+001  5.000000e+001
      vertex  3.642812e+001 -1.394660e+001  5.000000e+001
    endloop
  endfacet
  facet normal -8.452404e-001 -5.343864e-001  -0.000000e+000
    outer loop
      vertex  3.642812e+001 -1.394660e+001  3.000000e+000
      vertex  3.642812e+001 -1.394660e+001  5.000000e+001
      vertex  3.541522e+001 -1.234450e+001  3.000000e+000
    endloop
  endfacet
  facet normal -8.452404e-001 -5.343864e-001  0.000000e+000
    outer loop
      vertex  3.541522e+001 -1.234450e+001  3.000000e+000
      vertex  3.642812e+001 -1.394660e+001  5.000000e+001
      vertex  3.541522e+001 -1.234450e+001  5.000000e+001
    endloop
  endfacet
  facet normal -8.656792e-001 -5.005991e-001  -0.000000e+000
    outer loop
      vertex  3.541522e+001 -1.234450e+001  3.000000e+000
      vertex  3.541522e+001 -1.234450e+001  5.000000e+001
      vertex  3.446637e+001 -1.070366e+001  3.000000e+000
    endloop
  endfacet
  facet normal -8.656792e-001 -5.005991e-001  0.000000e+000
    outer loop
      vertex  3.446637e+001 -1.070366e+001  3.000000e+000
      vertex  3.541522e+001 -1.234450e+001  5.000000e+001
      vertex  3.446637e+001 -1.070366e+001  5.000000e+001
    endloop
  endfacet
  facet normal -8.847682e-001 -4.660313e-001  -0.000000e+000
    outer loop
      vertex  3.446637e+001 -1.070366e+001  3.000000e+000
      vertex  3.446637e+001 -1.070366e+001  5.000000e+001
      vertex  3.358304e+001 -9.026645e+000  3.000000e+000
    endloop
  endfacet
  facet normal -8.847682e-001 -4.660313e-001  0.000000e+000
    outer loop
      vertex  3.358304e+001 -9.026645e+000  3.000000e+000
      vertex  3.446637e+001 -1.070366e+001  5.000000e+001
      vertex  3.358304e+001 -9.026645e+000  5.000000e+001
    endloop
  endfacet
  facet normal -9.024768e-001 -4.307385e-001  -0.000000e+000
    outer loop
      vertex  3.358304e+001 -9.026645e+000  3.000000e+000
      vertex  3.358304e+001 -9.026645e+000  5.000000e+001
      vertex  3.276660e+001 -7.316059e+000  3.000000e+000
    endloop
  endfacet
  facet normal -9.024768e-001 -4.307385e-001  0.000000e+000
    outer loop
      vertex  3.276660e+001 -7.316059e+000  3.000000e+000
      vertex  3.358304e+001 -9.026645e+000  5.000000e+001
      vertex  3.276660e+001 -7.316059e+000  5.000000e+001
    endloop
  endfacet
  facet normal -9.187799e-001 -3.947701e-001  -0.000000e+000
    outer loop
      vertex  3.276660e+001 -7.316059e+000  3.000000e+000
      vertex  3.276660e+001 -7.316059e+000  5.000000e+001
      vertex  3.201834e+001 -5.574573e+000  3.000000e+000
    endloop
  endfacet
  facet normal -9.187799e-001 -3.947701e-001  0.000000e+000
    outer loop
      vertex  3.201834e+001 -5.574573e+000  3.000000e+000
      vertex  3.276660e+001 -7.316059e+000  5.000000e+001
      vertex  3.201834e+001 -5.574573e+000  5.000000e+001
    endloop
  endfacet
  facet normal -9.332642e-001 -3.591906e-001  -0.000000e+000
    outer loop
      vertex  3.201834e+001 -5.574573e+000  3.000000e+000
      vertex  3.201834e+001 -5.574573e+000  5.000000e+001
      vertex  3.137449e+001 -3.901698e+000  3.000000e+000
    endloop
  endfacet
  facet normal -9.332642e-001 -3.591906e-001  0.000000e+000
    outer loop
      vertex  3.137449e+001 -3.901698e+000  3.000000e+000
      vertex  3.201834e+001 -5.574573e+000  5.000000e+001
      vertex  3.137449e+001 -3.901698e+000  5.000000e+001
    endloop
  endfacet
  facet normal -9.460248e-001 -3.240943e-001  -0.000000e+000
    outer loop
      vertex  3.137449e+001 -3.901698e+000  3.000000e+000
      vertex  3.137449e+001 -3.901698e+000  5.000000e+001
      vertex  3.079355e+001 -2.205951e+000  3.000000e+000
    endloop
  endfacet
  facet normal -9.460248e-001 -3.240943e-001  0.000000e+000
    outer loop
      vertex  3.079355e+001 -2.205951e+000  3.000000e+000
      vertex  3.137449e+001 -3.901698e+000  5.000000e+001
      vertex  3.079355e+001 -2.205951e+000  5.000000e+001
    endloop
  endfacet
  facet normal -9.574658e-001 -2.885467e-001  -0.000000e+000
    outer loop
      vertex  3.079355e+001 -2.205951e+000  3.000000e+000
      vertex  3.079355e+001 -2.205951e+000  5.000000e+001
      vertex  3.027633e+001 -4.896950e-001  3.000000e+000
    endloop
  endfacet
  facet normal -9.574658e-001 -2.885467e-001  0.000000e+000
    outer loop
      vertex  3.027633e+001 -4.896950e-001  3.000000e+000
      vertex  3.079355e+001 -2.205951e+000  5.000000e+001
      vertex  3.027633e+001 -4.896950e-001  5.000000e+001
    endloop
  endfacet
  facet normal -9.675719e-001 -2.525961e-001  -0.000000e+000
    outer loop
      vertex  3.027633e+001 -4.896950e-001  3.000000e+000
      vertex  3.027633e+001 -4.896950e-001  5.000000e+001
      vertex  2.982356e+001  1.244676e+000  3.000000e+000
    endloop
  endfacet
  facet normal -9.675719e-001 -2.525961e-001  0.000000e+000
    outer loop
      vertex  2.982356e+001  1.244676e+000  3.000000e+000
      vertex  3.027633e+001 -4.896950e-001  5.000000e+001
      vertex  2.982356e+001  1.244676e+000  5.000000e+001
    endloop
  endfacet
  facet normal -9.763282e-001 -2.162941e-001  -0.000000e+000
    outer loop
      vertex  2.982356e+001  1.244676e+000  3.000000e+000
      vertex  2.982356e+001  1.244676e+000  5.000000e+001
      vertex  2.943585e+001  2.994742e+000  3.000000e+000
    endloop
  endfacet
  facet normal -9.763282e-001 -2.162941e-001  0.000000e+000
    outer loop
      vertex  2.943585e+001  2.994742e+000  3.000000e+000
      vertex  2.982356e+001  1.244676e+000  5.000000e+001
      vertex  2.943585e+001  2.994742e+000  5.000000e+001
    endloop
  endfacet
  facet normal -9.837233e-001 -1.796899e-001  -0.000000e+000
    outer loop
      vertex  2.943585e+001  2.994742e+000  3.000000e+000
      vertex  2.943585e+001  2.994742e+000  5.000000e+001
      vertex  2.911376e+001  4.758065e+000  3.000000e+000
    endloop
  endfacet
  facet normal -9.837233e-001 -1.796899e-001  0.000000e+000
    outer loop
      vertex  2.911376e+001  4.758065e+000  3.000000e+000
      vertex  2.943585e+001  2.994742e+000  5.000000e+001
      vertex  2.911376e+001  4.758065e+000  5.000000e+001
    endloop
  endfacet
  facet normal  9.837233e-001 -1.796899e-001  0.000000e+000
    outer loop
      vertex -2.911376e+001  4.758065e+000  3.000000e+000
      vertex -2.911376e+001  4.758065e+000  5.000000e+001
      vertex -2.943585e+001  2.994742e+000  3.000000e+000
    endloop
  endfacet
  facet normal  9.837233e-001 -1.796899e-001  0.000000e+000
    outer loop
      vertex -2.943585e+001  2.994742e+000  3.000000e+000
      vertex -2.911376e+001  4.758065e+000  5.000000e+001
      vertex -2.943585e+001  2.994742e+000  5.000000e+001
    endloop
  endfacet
  facet normal  9.763282e-001 -2.162941e-001  0.000000e+000
    outer loop
      vertex -2.943585e+001  2.994742e+000  3.000000e+000
      vertex -2.943585e+001  2.994742e+000  5.000000e+001
      vertex -2.982356e+001  1.244676e+000  3.000000e+000
    endloop
  endfacet
  facet normal  9.763282e-001 -2.162941e-001  0.000000e+000
    outer loop
      vertex -2.982356e+001  1.244676e+000  3.000000e+000
      vertex -2.943585e+001  2.994742e+000  5.000000e+001
      vertex -2.982356e+001  1.244676e+000  5.000000e+001
    endloop
  endfacet
  facet normal  9.675719e-001 -2.525961e-001  0.000000e+000
    outer loop
      vertex -2.982356e+001  1.244676e+000  3.000000e+000
      vertex -2.982356e+001  1.244676e+000  5.000000e+001
      vertex -3.027633e+001 -4.896950e-001  3.000000e+000
    endloop
  endfacet
  facet normal  9.675719e-001 -2.525961e-001  0.000000e+000
    outer loop
      vertex -3.027633e+001 -4.896950e-001  3.000000e+000
      vertex -2.982356e+001  1.244676e+000  5.000000e+001
      vertex -3.027633e+001 -4.896950e-001  5.000000e+001
    endloop
  endfacet
  facet normal  9.574658e-001 -2.885467e-001  0.000000e+000
    outer loop
      vertex -3.027633e+001 -4.896950e-001  3.000000e+000
      vertex -3.027633e+001 -4.896950e-001  5.000000e+001
      vertex -3.079355e+001 -2.205951e+000  3.000000e+000
    endloop
  endfacet
  facet normal  9.574658e-001 -2.885467e-001  0.000000e+000
    outer loop
      vertex -3.079355e+001 -2.205951e+000  3.000000e+000
      vertex -3.027633e+001 -4.896950e-001  5.000000e+001
      vertex -3.079355e+001 -2.205951e+000  5.000000e+001
    endloop
  endfacet
  facet normal  9.460248e-001 -3.240943e-001  0.000000e+000
    outer loop
      vertex -3.079355e+001 -2.205951e+000  3.000000e+000
      vertex -3.079355e+001 -2.205951e+000  5.000000e+001
      vertex -3.137449e+001 -3.901698e+000  3.000000e+000
    endloop
  endfacet
  facet normal  9.460248e-001 -3.240943e-001  0.000000e+000
    outer loop
      vertex -3.137449e+001 -3.901698e+000  3.000000e+000
      vertex -3.079355e+001 -2.205951e+000  5.000000e+001
      vertex -3.137449e+001 -3.901698e+000  5.000000e+001
    endloop
  endfacet
  facet normal  9.332642e-001 -3.591906e-001  0.000000e+000
    outer loop
      vertex -3.137449e+001 -3.901698e+000  3.000000e+000
      vertex -3.137449e+001 -3.901698e+000  5.000000e+001
      vertex -3.201834e+001 -5.574573e+000  3.000000e+000
    endloop
  endfacet
  facet normal  9.332642e-001 -3.591906e-001  0.000000e+000
    outer loop
      vertex -3.201834e+001 -5.574573e+000  3.000000e+000
      vertex -3.137449e+001 -3.901698e+000  5.000000e+001
      vertex -3.201834e+001 -5.574573e+000  5.000000e+001
    endloop
  endfacet
  facet normal  9.187799e-001 -3.947701e-001  0.000000e+000
    outer loop
      vertex -3.201834e+001 -5.574573e+000  3.000000e+000
      vertex -3.201834e+001 -5.574573e+000  5.000000e+001
      vertex -3.276660e+001 -7.316059e+000  3.000000e+000
    endloop
  endfacet
  facet normal  9.187799e-001 -3.947701e-001  0.000000e+000
    outer loop
      vertex -3.276660e+001 -7.316059e+000  3.000000e+000
      vertex -3.201834e+001 -5.574573e+000  5.000000e+001
      vertex -3.276660e+001 -7.316059e+000  5.000000e+001
    endloop
  endfacet
  facet normal  9.024768e-001 -4.307385e-001  0.000000e+000
    outer loop
      vertex -3.276660e+001 -7.316059e+000  3.000000e+000
      vertex -3.276660e+001 -7.316059e+000  5.000000e+001
      vertex -3.358304e+001 -9.026645e+000  3.000000e+000
    endloop
  endfacet
  facet normal  9.024768e-001 -4.307385e-001  0.000000e+000
    outer loop
      vertex -3.358304e+001 -9.026645e+000  3.000000e+000
      vertex -3.276660e+001 -7.316059e+000  5.000000e+001
      vertex -3.358304e+001 -9.026645e+000  5.000000e+001
    endloop
  endfacet
  facet normal  8.847682e-001 -4.660313e-001  0.000000e+000
    outer loop
      vertex -3.358304e+001 -9.026645e+000  3.000000e+000
      vertex -3.358304e+001 -9.026645e+000  5.000000e+001
      vertex -3.446637e+001 -1.070366e+001  3.000000e+000
    endloop
  endfacet
  facet normal  8.847682e-001 -4.660313e-001  0.000000e+000
    outer loop
      vertex -3.446637e+001 -1.070366e+001  3.000000e+000
      vertex -3.358304e+001 -9.026645e+000  5.000000e+001
      vertex -3.446637e+001 -1.070366e+001  5.000000e+001
    endloop
  endfacet
  facet normal  8.656792e-001 -5.005991e-001  0.000000e+000
    outer loop
      vertex -3.446637e+001 -1.070366e+001  3.000000e+000
      vertex -3.446637e+001 -1.070366e+001  5.000000e+001
      vertex -3.541522e+001 -1.234450e+001  3.000000e+000
    endloop
  endfacet
  facet normal  8.656792e-001 -5.005991e-001  0.000000e+000
    outer loop
      vertex -3.541522e+001 -1.234450e+001  3.000000e+000
      vertex -3.446637e+001 -1.070366e+001  5.000000e+001
      vertex -3.541522e+001 -1.234450e+001  5.000000e+001
    endloop
  endfacet
  facet normal  8.452404e-001 -5.343864e-001  0.000000e+000
    outer loop
      vertex -3.541522e+001 -1.234450e+001  3.000000e+000
      vertex -3.541522e+001 -1.234450e+001  5.000000e+001
      vertex -3.642812e+001 -1.394660e+001  3.000000e+000
    endloop
  endfacet
  facet normal  8.452404e-001 -5.343864e-001  0.000000e+000
    outer loop
      vertex -3.642812e+001 -1.394660e+001  3.000000e+000
      vertex -3.541522e+001 -1.234450e+001  5.000000e+001
      vertex -3.642812e+001 -1.394660e+001  5.000000e+001
    endloop
  endfacet
  facet normal  8.234836e-001 -5.673401e-001  0.000000e+000
    outer loop
      vertex -3.642812e+001 -1.394660e+001  3.000000e+000
      vertex -3.642812e+001 -1.394660e+001  5.000000e+001
      vertex -3.750347e+001 -1.550746e+001  3.000000e+000
    endloop
  endfacet
  facet normal  8.234836e-001 -5.673401e-001  0.000000e+000
    outer loop
      vertex -3.750347e+001 -1.550746e+001  3.000000e+000
      vertex -3.642812e+001 -1.394660e+001  5.000000e+001
      vertex -3.750347e+001 -1.550746e+001  5.000000e+001
    endloop
  endfacet
  facet normal  8.004422e-001 -5.994100e-001  0.000000e+000
    outer loop
      vertex -3.750347e+001 -1.550746e+001  3.000000e+000
      vertex -3.750347e+001 -1.550746e+001  5.000000e+001
      vertex -3.863961e+001 -1.702464e+001  3.000000e+000
    endloop
  endfacet
  facet normal  8.004422e-001 -5.994100e-001  0.000000e+000
    outer loop
      vertex -3.863961e+001 -1.702464e+001  3.000000e+000
      vertex -3.750347e+001 -1.550746e+001  5.000000e+001
      vertex -3.863961e+001 -1.702464e+001  5.000000e+001
    endloop
  endfacet
  facet normal  7.761540e-001 -6.305433e-001  0.000000e+000
    outer loop
      vertex -3.863961e+001 -1.702464e+001  3.000000e+000
      vertex -3.863961e+001 -1.702464e+001  5.000000e+001
      vertex -3.983477e+001 -1.849579e+001  3.000000e+000
    endloop
  endfacet
  facet normal  7.761540e-001 -6.305433e-001  0.000000e+000
    outer loop
      vertex -3.983477e+001 -1.849579e+001  3.000000e+000
      vertex -3.863961e+001 -1.702464e+001  5.000000e+001
      vertex -3.983477e+001 -1.849579e+001  5.000000e+001
    endloop
  endfacet
  facet normal  7.506542e-001 -6.606953e-001  0.000000e+000
    outer loop
      vertex -3.983477e+001 -1.849579e+001  3.000000e+000
      vertex -3.983477e+001 -1.849579e+001  5.000000e+001
      vertex -4.108707e+001 -1.991861e+001  3.000000e+000
    endloop
  endfacet
  facet normal  7.506542e-001 -6.606953e-001  0.000000e+000
    outer loop
      vertex -4.108707e+001 -1.991861e+001  3.000000e+000
      vertex -3.983477e+001 -1.849579e+001  5.000000e+001
      vertex -4.108707e+001 -1.991861e+001  5.000000e+001
    endloop
  endfacet
  facet normal  7.239836e-001 -6.898171e-001  0.000000e+000
    outer loop
      vertex -4.108707e+001 -1.991861e+001  3.000000e+000
      vertex -4.108707e+001 -1.991861e+001  5.000000e+001
      vertex -4.239457e+001 -2.129087e+001  3.000000e+000
    endloop
  endfacet
  facet normal  7.239836e-001 -6.898171e-001  0.000000e+000
    outer loop
      vertex -4.239457e+001 -2.129087e+001  3.000000e+000
      vertex -4.108707e+001 -1.991861e+001  5.000000e+001
      vertex -4.239457e+001 -2.129087e+001  5.000000e+001
    endloop
  endfacet
  facet normal  6.961855e-001 -7.178620e-001  0.000000e+000
    outer loop
      vertex -4.239457e+001 -2.129087e+001  3.000000e+000
      vertex -4.239457e+001 -2.129087e+001  5.000000e+001
      vertex -4.375523e+001 -2.261044e+001  3.000000e+000
    endloop
  endfacet
  facet normal  6.961855e-001 -7.178620e-001  0.000000e+000
    outer loop
      vertex -4.375523e+001 -2.261044e+001  3.000000e+000
      vertex -4.239457e+001 -2.129087e+001  5.000000e+001
      vertex -4.375523e+001 -2.261044e+001  5.000000e+001
    endloop
  endfacet
  facet normal  6.673015e-001 -7.447877e-001  0.000000e+000
    outer loop
      vertex -4.375523e+001 -2.261044e+001  3.000000e+000
      vertex -4.375523e+001 -2.261044e+001  5.000000e+001
      vertex -4.516693e+001 -2.387527e+001  3.000000e+000
    endloop
  endfacet
  facet normal  6.673015e-001 -7.447877e-001  0.000000e+000
    outer loop
      vertex -4.516693e+001 -2.387527e+001  3.000000e+000
      vertex -4.375523e+001 -2.261044e+001  5.000000e+001
      vertex -4.516693e+001 -2.387527e+001  5.000000e+001
    endloop
  endfacet
  facet normal  6.373761e-001 -7.705529e-001  0.000000e+000
    outer loop
      vertex -4.516693e+001 -2.387527e+001  3.000000e+000
      vertex -4.516693e+001 -2.387527e+001  5.000000e+001
      vertex -4.662746e+001 -2.508337e+001  3.000000e+000
    endloop
  endfacet
  facet normal  6.373761e-001 -7.705529e-001  0.000000e+000
    outer loop
      vertex -4.662746e+001 -2.508337e+001  3.000000e+000
      vertex -4.516693e+001 -2.387527e+001  5.000000e+001
      vertex -4.662746e+001 -2.508337e+001  5.000000e+001
    endloop
  endfacet
  facet normal  6.064570e-001 -7.951163e-001  0.000000e+000
    outer loop
      vertex -4.662746e+001 -2.508337e+001  3.000000e+000
      vertex -4.662746e+001 -2.508337e+001  5.000000e+001
      vertex -4.813455e+001 -2.623287e+001  3.000000e+000
    endloop
  endfacet
  facet normal  6.064570e-001 -7.951163e-001  0.000000e+000
    outer loop
      vertex -4.813455e+001 -2.623287e+001  3.000000e+000
      vertex -4.662746e+001 -2.508337e+001  5.000000e+001
      vertex -4.813455e+001 -2.623287e+001  5.000000e+001
    endloop
  endfacet
  facet normal  5.745936e-001 -8.184389e-001  0.000000e+000
    outer loop
      vertex -4.813455e+001 -2.623287e+001  3.000000e+000
      vertex -4.813455e+001 -2.623287e+001  5.000000e+001
      vertex -4.968585e+001 -2.732198e+001  3.000000e+000
    endloop
  endfacet
  facet normal  5.745936e-001 -8.184389e-001  0.000000e+000
    outer loop
      vertex -4.968585e+001 -2.732198e+001  3.000000e+000
      vertex -4.813455e+001 -2.623287e+001  5.000000e+001
      vertex -4.968585e+001 -2.732198e+001  5.000000e+001
    endloop
  endfacet
  facet normal  5.418327e-001 -8.404863e-001  0.000000e+000
    outer loop
      vertex -4.968585e+001 -2.732198e+001  3.000000e+000
      vertex -4.968585e+001 -2.732198e+001  5.000000e+001
      vertex -5.127893e+001 -2.834898e+001  3.000000e+000
    endloop
  endfacet
  facet normal  5.418327e-001 -8.404863e-001  0.000000e+000
    outer loop
      vertex -5.127893e+001 -2.834898e+001  3.000000e+000
      vertex -4.968585e+001 -2.732198e+001  5.000000e+001
      vertex -5.127893e+001 -2.834898e+001  5.000000e+001
    endloop
  endfacet
  facet normal  5.082281e-001 -8.612224e-001  0.000000e+000
    outer loop
      vertex -5.127893e+001 -2.834898e+001  3.000000e+000
      vertex -5.127893e+001 -2.834898e+001  5.000000e+001
      vertex -5.291132e+001 -2.931230e+001  3.000000e+000
    endloop
  endfacet
  facet normal  5.082281e-001 -8.612224e-001  0.000000e+000
    outer loop
      vertex -5.291132e+001 -2.931230e+001  3.000000e+000
      vertex -5.127893e+001 -2.834898e+001  5.000000e+001
      vertex -5.291132e+001 -2.931230e+001  5.000000e+001
    endloop
  endfacet
  facet normal  4.738289e-001 -8.806170e-001  0.000000e+000
    outer loop
      vertex -5.291132e+001 -2.931230e+001  3.000000e+000
      vertex -5.291132e+001 -2.931230e+001  5.000000e+001
      vertex -5.458047e+001 -3.021041e+001  3.000000e+000
    endloop
  endfacet
  facet normal  4.738289e-001 -8.806170e-001  0.000000e+000
    outer loop
      vertex -5.458047e+001 -3.021041e+001  3.000000e+000
      vertex -5.291132e+001 -2.931230e+001  5.000000e+001
      vertex -5.458047e+001 -3.021041e+001  5.000000e+001
    endloop
  endfacet
  facet normal  4.386931e-001 -8.986369e-001  0.000000e+000
    outer loop
      vertex -5.458047e+001 -3.021041e+001  3.000000e+000
      vertex -5.458047e+001 -3.021041e+001  5.000000e+001
      vertex -5.628378e+001 -3.104192e+001  3.000000e+000
    endloop
  endfacet
  facet normal  4.386931e-001 -8.986369e-001  0.000000e+000
    outer loop
      vertex -5.628378e+001 -3.104192e+001  3.000000e+000
      vertex -5.458047e+001 -3.021041e+001  5.000000e+001
      vertex -5.628378e+001 -3.104192e+001  5.000000e+001
    endloop
  endfacet
  facet normal  4.028729e-001 -9.152559e-001  0.000000e+000
    outer loop
      vertex -5.628378e+001 -3.104192e+001  3.000000e+000
      vertex -5.628378e+001 -3.104192e+001  5.000000e+001
      vertex -5.801859e+001 -3.180554e+001  3.000000e+000
    endloop
  endfacet
  facet normal  4.028729e-001 -9.152559e-001  0.000000e+000
    outer loop
      vertex -5.801859e+001 -3.180554e+001  3.000000e+000
      vertex -5.628378e+001 -3.104192e+001  5.000000e+001
      vertex -5.801859e+001 -3.180554e+001  5.000000e+001
    endloop
  endfacet
  facet normal  3.664238e-001 -9.304480e-001  0.000000e+000
    outer loop
      vertex -5.801859e+001 -3.180554e+001  3.000000e+000
      vertex -5.801859e+001 -3.180554e+001  5.000000e+001
      vertex -5.978219e+001 -3.250007e+001  3.000000e+000
    endloop
  endfacet
  facet normal  3.664238e-001 -9.304480e-001  0.000000e+000
    outer loop
      vertex -5.978219e+001 -3.250007e+001  3.000000e+000
      vertex -5.801859e+001 -3.180554e+001  5.000000e+001
      vertex -5.978219e+001 -3.250007e+001  5.000000e+001
    endloop
  endfacet
  facet normal  3.294034e-001 -9.441893e-001  0.000000e+000
    outer loop
      vertex -5.978219e+001 -3.250007e+001  3.000000e+000
      vertex -5.978219e+001 -3.250007e+001  5.000000e+001
      vertex -6.157184e+001 -3.312444e+001  3.000000e+000
    endloop
  endfacet
  facet normal  3.294034e-001 -9.441893e-001  0.000000e+000
    outer loop
      vertex -6.157184e+001 -3.312444e+001  3.000000e+000
      vertex -5.978219e+001 -3.250007e+001  5.000000e+001
      vertex -6.157184e+001 -3.312444e+001  5.000000e+001
    endloop
  endfacet
  facet normal  2.918696e-001 -9.564581e-001  0.000000e+000
    outer loop
      vertex -6.157184e+001 -3.312444e+001  3.000000e+000
      vertex -6.157184e+001 -3.312444e+001  5.000000e+001
      vertex -6.338474e+001 -3.367765e+001  3.000000e+000
    endloop
  endfacet
  facet normal  2.918696e-001 -9.564581e-001  0.000000e+000
    outer loop
      vertex -6.338474e+001 -3.367765e+001  3.000000e+000
      vertex -6.157184e+001 -3.312444e+001  5.000000e+001
      vertex -6.338474e+001 -3.367765e+001  5.000000e+001
    endloop
  endfacet
  facet normal  2.538804e-001 -9.672356e-001  0.000000e+000
    outer loop
      vertex -6.338474e+001 -3.367765e+001  3.000000e+000
      vertex -6.338474e+001 -3.367765e+001  5.000000e+001
      vertex -6.521807e+001 -3.415887e+001  3.000000e+000
    endloop
  endfacet
  facet normal  2.538804e-001 -9.672356e-001  0.000000e+000
    outer loop
      vertex -6.521807e+001 -3.415887e+001  3.000000e+000
      vertex -6.338474e+001 -3.367765e+001  5.000000e+001
      vertex -6.521807e+001 -3.415887e+001  5.000000e+001
    endloop
  endfacet
  facet normal  2.154935e-001 -9.765052e-001  0.000000e+000
    outer loop
      vertex -6.521807e+001 -3.415887e+001  3.000000e+000
      vertex -6.521807e+001 -3.415887e+001  5.000000e+001
      vertex -6.706898e+001 -3.456732e+001  3.000000e+000
    endloop
  endfacet
  facet normal  2.154935e-001 -9.765052e-001  0.000000e+000
    outer loop
      vertex -6.706898e+001 -3.456732e+001  3.000000e+000
      vertex -6.521807e+001 -3.415887e+001  5.000000e+001
      vertex -6.706898e+001 -3.456732e+001  5.000000e+001
    endloop
  endfacet
  facet normal  1.767767e-001 -9.842510e-001  0.000000e+000
    outer loop
      vertex -6.706898e+001 -3.456732e+001  3.000000e+000
      vertex -6.706898e+001 -3.456732e+001  5.000000e+001
      vertex -6.893456e+001 -3.490239e+001  3.000000e+000
    endloop
  endfacet
  facet normal  1.767767e-001 -9.842510e-001  0.000000e+000
    outer loop
      vertex -6.893456e+001 -3.490239e+001  3.000000e+000
      vertex -6.706898e+001 -3.456732e+001  5.000000e+001
      vertex -6.893456e+001 -3.490239e+001  5.000000e+001
    endloop
  endfacet
  facet normal  1.377767e-001 -9.904633e-001  0.000000e+000
    outer loop
      vertex -6.893456e+001 -3.490239e+001  3.000000e+000
      vertex -6.893456e+001 -3.490239e+001  5.000000e+001
      vertex -7.081191e+001 -3.516354e+001  3.000000e+000
    endloop
  endfacet
  facet normal  1.377767e-001 -9.904633e-001  0.000000e+000
    outer loop
      vertex -7.081191e+001 -3.516354e+001  3.000000e+000
      vertex -6.893456e+001 -3.490239e+001  5.000000e+001
      vertex -7.081191e+001 -3.516354e+001  5.000000e+001
    endloop
  endfacet
  facet normal  9.856753e-002 -9.951304e-001  0.000000e+000
    outer loop
      vertex -7.081191e+001 -3.516354e+001  3.000000e+000
      vertex -7.081191e+001 -3.516354e+001  5.000000e+001
      vertex -7.269812e+001 -3.535036e+001  3.000000e+000
    endloop
  endfacet
  facet normal  9.856753e-002 -9.951304e-001  0.000000e+000
    outer loop
      vertex -7.269812e+001 -3.535036e+001  3.000000e+000
      vertex -7.081191e+001 -3.516354e+001  5.000000e+001
      vertex -7.269812e+001 -3.535036e+001  5.000000e+001
    endloop
  endfacet
  facet normal  5.920195e-002 -9.982460e-001  0.000000e+000
    outer loop
      vertex -7.269812e+001 -3.535036e+001  3.000000e+000
      vertex -7.269812e+001 -3.535036e+001  5.000000e+001
      vertex -7.459023e+001 -3.546258e+001  3.000000e+000
    endloop
  endfacet
  facet normal  5.920195e-002 -9.982460e-001  0.000000e+000
    outer loop
      vertex -7.459023e+001 -3.546258e+001  3.000000e+000
      vertex -7.269812e+001 -3.535036e+001  5.000000e+001
      vertex -7.459023e+001 -3.546258e+001  5.000000e+001
    endloop
  endfacet
  facet normal  1.974332e-002 -9.998051e-001  0.000000e+000
    outer loop
      vertex -7.459023e+001 -3.546258e+001  3.000000e+000
      vertex -7.459023e+001 -3.546258e+001  5.000000e+001
      vertex -7.648529e+001 -3.550000e+001  3.000000e+000
    endloop
  endfacet
  facet normal  1.974332e-002 -9.998051e-001  0.000000e+000
    outer loop
      vertex -7.648529e+001 -3.550000e+001  3.000000e+000
      vertex -7.459023e+001 -3.546258e+001  5.000000e+001
      vertex -7.648529e+001 -3.550000e+001  5.000000e+001
    endloop
  endfacet
  facet normal  0.000000e+000  -0.000000e+000  1.000000e+000
    outer loop
      vertex -1.532039e+001  2.866244e+001  7.300000e+001
      vertex -6.775788e+000  2.871130e+001  7.300000e+001
      vertex -5.288783e+000  2.902204e+001  7.300000e+001
    endloop
  endfacet
  facet normal  0.000000e+000  -0.000000e+000  1.000000e+000
    outer loop
      vertex  8.244826e+000  2.832442e+001  7.300000e+001
      vertex  9.692000e+000  2.786243e+001  7.300000e+001
      vertex  1.670834e+001  2.787618e+001  7.300000e+001
    endloop
  endfacet
  facet normal  0.000000e+000  0.000000e+000  1.000000e+000
    outer loop
      vertex -1.243721e+001  3.002608e+001  7.300000e+001
      vertex -1.594699e+000  3.246085e+001  7.300000e+001
      vertex -3.185557e+000  3.234350e+001  7.300000e+001
    endloop
  endfacet
  facet normal  0.000000e+000  0.000000e+000  1.000000e+000
    outer loop
      vertex -1.243721e+001  3.002608e+001  7.300000e+001
      vertex -3.185557e+000  3.234350e+001  7.300000e+001
      vertex -4.768741e+000  3.214824e+001  7.300000e+001
    endloop
  endfacet
  facet normal  0.000000e+000  0.000000e+000  1.000000e+000
    outer loop
      vertex -1.243721e+001  3.002608e+001  7.300000e+001
      vertex -4.768741e+000  3.214824e+001  7.300000e+001
      vertex -6.340436e+000  3.187552e+001  7.300000e+001
    endloop
  endfacet
  facet normal  0.000000e+000  0.000000e+000  1.000000e+000
    outer loop
      vertex -1.243721e+001  3.002608e+001  7.300000e+001
      vertex -6.340436e+000  3.187552e+001  7.300000e+001
      vertex -7.896856e+000  3.152602e+001  7.300000e+001
    endloop
  endfacet
  facet normal  0.000000e+000  0.000000e+000  1.000000e+000
    outer loop
      vertex -1.243721e+001  3.002608e+001  7.300000e+001
      vertex -7.896856e+000  3.152602e+001  7.300000e+001
      vertex -9.434252e+000  3.110056e+001  7.300000e+001
    endloop
  endfacet
  facet normal  0.000000e+000  0.000000e+000  1.000000e+000
    outer loop
      vertex -1.243721e+001  3.002608e+001  7.300000e+001
      vertex -9.434252e+000  3.110056e+001  7.300000e+001
      vertex -1.094892e+001  3.060018e+001  7.300000e+001
    endloop
  endfacet
  facet normal  -0.000000e+000  -0.000000e+000  9.999999e-001
    outer loop
      vertex  7.595634e-001  2.949022e+001  7.300000e+001
      vertex  2.276676e+000  2.941202e+001  7.300000e+001
      vertex  1.389554e+001  2.937965e+001  7.300000e+001
    endloop
  endfacet
  facet normal  0.000000e+000  0.000000e+000  1.000000e+000
    outer loop
      vertex  7.595634e-001  2.949022e+001  7.300000e+001
      vertex  1.389554e+001  2.937965e+001  7.300000e+001
      vertex  1.243721e+001  3.002608e+001  7.300000e+001
    endloop
  endfacet
  facet normal  0.000000e+000  0.000000e+000  1.000000e+000
    outer loop
      vertex  7.595634e-001  2.949022e+001  7.300000e+001
      vertex  1.243721e+001  3.002608e+001  7.300000e+001
      vertex  1.094892e+001  3.060018e+001  7.300000e+001
    endloop
  endfacet
  facet normal  0.000000e+000  0.000000e+000  9.999999e-001
    outer loop
      vertex  7.595634e-001  2.949022e+001  7.300000e+001
      vertex  1.094892e+001  3.060018e+001  7.300000e+001
      vertex  9.434252e+000  3.110056e+001  7.300000e+001
    endloop
  endfacet
  facet normal  0.000000e+000  0.000000e+000  1.000000e+000
    outer loop
      vertex  7.595634e-001  2.949022e+001  7.300000e+001
      vertex  9.434252e+000  3.110056e+001  7.300000e+001
      vertex  7.896856e+000  3.152602e+001  7.300000e+001
    endloop
  endfacet
  facet normal  0.000000e+000  0.000000e+000  1.000000e+000
    outer loop
      vertex  7.595634e-001  2.949022e+001  7.300000e+001
      vertex  7.896856e+000  3.152602e+001  7.300000e+001
      vertex  6.340436e+000  3.187552e+001  7.300000e+001
    endloop
  endfacet
  facet normal  0.000000e+000  0.000000e+000  9.999999e-001
    outer loop
      vertex  7.595634e-001  2.949022e+001  7.300000e+001
      vertex  6.340436e+000  3.187552e+001  7.300000e+001
      vertex  4.768741e+000  3.214824e+001  7.300000e+001
    endloop
  endfacet
  facet normal  0.000000e+000  0.000000e+000  1.000000e+000
    outer loop
      vertex  7.595634e-001  2.949022e+001  7.300000e+001
      vertex  4.768741e+000  3.214824e+001  7.300000e+001
      vertex  3.185557e+000  3.234350e+001  7.300000e+001
    endloop
  endfacet
  facet normal  0.000000e+000  0.000000e+000  1.000000e+000
    outer loop
      vertex  7.595634e-001  2.949022e+001  7.300000e+001
      vertex  3.185557e+000  3.234350e+001  7.300000e+001
      vertex  1.594699e+000  3.246085e+001  7.300000e+001
    endloop
  endfacet
  facet normal  0.000000e+000  0.000000e+000  9.999999e-001
    outer loop
      vertex -1.389554e+001 -2.937965e+001  7.300000e+001
      vertex -2.276676e+000 -2.941202e+001  7.300000e+001
      vertex -3.787751e+000 -2.925582e+001  7.300000e+001
    endloop
  endfacet
  facet normal  0.000000e+000  0.000000e+000  1.000000e+000
    outer loop
      vertex -1.389554e+001 -2.937965e+001  7.300000e+001
      vertex -3.787751e+000 -2.925582e+001  7.300000e+001
      vertex -5.288783e+000 -2.902204e+001  7.300000e+001
    endloop
  endfacet
  facet normal  0.000000e+000  0.000000e+000  9.999999e-001
    outer loop
      vertex -1.389554e+001 -2.937965e+001  7.300000e+001
      vertex -5.288783e+000 -2.902204e+001  7.300000e+001
      vertex -6.775788e+000 -2.871130e+001  7.300000e+001
    endloop
  endfacet
  facet normal  0.000000e+000  0.000000e+000  1.000000e+000
    outer loop
      vertex -1.389554e+001 -2.937965e+001  7.300000e+001
      vertex -6.775788e+000 -2.871130e+001  7.300000e+001
      vertex -1.532039e+001 -2.866244e+001  7.300000e+001
    endloop
  endfacet
  facet normal  0.000000e+000  -0.000000e+000  1.000000e+000
    outer loop
      vertex -5.970153e-015 -3.250000e+001  7.300000e+001
      vertex  1.594699e+000 -3.246085e+001  7.300000e+001
      vertex  3.185557e+000 -3.234350e+001  7.300000e+001
    endloop
  endfacet
  facet normal  0.000000e+000  -0.000000e+000  1.000000e+000
    outer loop
      vertex -5.970153e-015 -3.250000e+001  7.300000e+001
      vertex  3.185557e+000 -3.234350e+001  7.300000e+001
      vertex  4.768741e+000 -3.214824e+001  7.300000e+001
    endloop
  endfacet
  facet normal  0.000000e+000  -0.000000e+000  1.000000e+000
    outer loop
      vertex -5.970153e-015 -3.250000e+001  7.300000e+001
      vertex  4.768741e+000 -3.214824e+001  7.300000e+001
      vertex  6.340436e+000 -3.187552e+001  7.300000e+001
    endloop
  endfacet
  facet normal  0.000000e+000  -0.000000e+000  1.000000e+000
    outer loop
      vertex -5.970153e-015 -3.250000e+001  7.300000e+001
      vertex  6.340436e+000 -3.187552e+001  7.300000e+001
      vertex  7.896856e+000 -3.152602e+001  7.300000e+001
    endloop
  endfacet
  facet normal  0.000000e+000  -0.000000e+000  1.000000e+000
    outer loop
      vertex -5.970153e-015 -3.250000e+001  7.300000e+001
      vertex  7.896856e+000 -3.152602e+001  7.300000e+001
      vertex  9.434252e+000 -3.110056e+001  7.300000e+001
    endloop
  endfacet
  facet normal  0.000000e+000  -0.000000e+000  1.000000e+000
    outer loop
      vertex -5.970153e-015 -3.250000e+001  7.300000e+001
      vertex  9.434252e+000 -3.110056e+001  7.300000e+001
      vertex  1.094892e+001 -3.060018e+001  7.300000e+001
    endloop
  endfacet
  facet normal  0.000000e+000  -0.000000e+000  1.000000e+000
    outer loop
      vertex -5.970153e-015 -3.250000e+001  7.300000e+001
      vertex  1.094892e+001 -3.060018e+001  7.300000e+001
      vertex  1.243721e+001 -3.002608e+001  7.300000e+001
    endloop
  endfacet
  facet normal  0.000000e+000  0.000000e+000  1.000000e+000
    outer loop
      vertex -5.970153e-015 -3.250000e+001  7.300000e+001
      vertex  1.243721e+001 -3.002608e+001  7.300000e+001
      vertex  7.595634e-001 -2.949022e+001  7.300000e+001
    endloop
  endfacet
  facet normal  0.000000e+000  0.000000e+000  1.000000e+000
    outer loop
      vertex -5.970153e-015 -3.250000e+001  7.300000e+001
      vertex  7.595634e-001 -2.949022e+001  7.300000e+001
      vertex -7.595634e-001 -2.949022e+001  7.300000e+001
    endloop
  endfacet
  facet normal  0.000000e+000  0.000000e+000  1.000000e+000
    outer loop
      vertex -5.970153e-015 -3.250000e+001  7.300000e+001
      vertex -7.595634e-001 -2.949022e+001  7.300000e+001
      vertex -1.243721e+001 -3.002608e+001  7.300000e+001
    endloop
  endfacet
  facet normal  0.000000e+000  0.000000e+000  9.999999e-001
    outer loop
      vertex -5.970153e-015 -3.250000e+001  7.300000e+001
      vertex -1.243721e+001 -3.002608e+001  7.300000e+001
      vertex -1.094892e+001 -3.060018e+001  7.300000e+001
    endloop
  endfacet
  facet normal  0.000000e+000  0.000000e+000  1.000000e+000
    outer loop
      vertex -5.970153e-015 -3.250000e+001  7.300000e+001
      vertex -1.094892e+001 -3.060018e+001  7.300000e+001
      vertex -9.434252e+000 -3.110056e+001  7.300000e+001
    endloop
  endfacet
  facet normal  0.000000e+000  0.000000e+000  1.000000e+000
    outer loop
      vertex -5.970153e-015 -3.250000e+001  7.300000e+001
      vertex -9.434252e+000 -3.110056e+001  7.300000e+001
      vertex -7.896856e+000 -3.152602e+001  7.300000e+001
    endloop
  endfacet
  facet normal  0.000000e+000  0.000000e+000  1.000000e+000
    outer loop
      vertex -5.970153e-015 -3.250000e+001  7.300000e+001
      vertex -7.896856e+000 -3.152602e+001  7.300000e+001
      vertex -6.340436e+000 -3.187552e+001  7.300000e+001
    endloop
  endfacet
  facet normal  0.000000e+000  0.000000e+000  1.000000e+000
    outer loop
      vertex -5.970153e-015 -3.250000e+001  7.300000e+001
      vertex -6.340436e+000 -3.187552e+001  7.300000e+001
      vertex -4.768741e+000 -3.214824e+001  7.300000e+001
    endloop
  endfacet
  facet normal  0.000000e+000  0.000000e+000  1.000000e+000
    outer loop
      vertex -5.970153e-015 -3.250000e+001  7.300000e+001
      vertex -4.768741e+000 -3.214824e+001  7.300000e+001
      vertex -3.185557e+000 -3.234350e+001  7.300000e+001
    endloop
  endfacet
  facet normal  0.000000e+000  0.000000e+000  1.000000e+000
    outer loop
      vertex -5.970153e-015 -3.250000e+001  7.300000e+001
      vertex -3.185557e+000 -3.234350e+001  7.300000e+001
      vertex -1.594699e+000 -3.246085e+001  7.300000e+001
    endloop
  endfacet
  facet normal  0.000000e+000  -0.000000e+000  1.000000e+000
    outer loop
      vertex -1.389554e+001 -2.937965e+001  7.300000e+001
      vertex -1.243721e+001 -3.002608e+001  7.300000e+001
      vertex -2.276676e+000 -2.941202e+001  7.300000e+001
    endloop
  endfacet
  facet normal  0.000000e+000  0.000000e+000  1.000000e+000
    outer loop
      vertex -2.276676e+000 -2.941202e+001  7.300000e+001
      vertex -1.243721e+001 -3.002608e+001  7.300000e+001
      vertex -7.595634e-001 -2.949022e+001  7.300000e+001
    endloop
  endfacet
  facet normal  0.000000e+000  0.000000e+000  9.999999e-001
    outer loop
      vertex  7.595634e-001  2.949022e+001  7.300000e+001
      vertex  1.594699e+000  3.246085e+001  7.300000e+001
      vertex -7.595634e-001  2.949022e+001  7.300000e+001
    endloop
  endfacet
  facet normal  0.000000e+000  0.000000e+000  1.000000e+000
    outer loop
      vertex -7.595634e-001  2.949022e+001  7.300000e+001
      vertex  1.594699e+000  3.246085e+001  7.300000e+001
      vertex  1.990051e-015  3.250000e+001  7.300000e+001
    endloop
  endfacet
  facet normal  0.000000e+000  0.000000e+000  1.000000e+000
    outer loop
      vertex -7.595634e-001  2.949022e+001  7.300000e+001
      vertex  1.990051e-015  3.250000e+001  7.300000e+001
      vertex -1.243721e+001  3.002608e+001  7.300000e+001
    endloop
  endfacet
  facet normal  0.000000e+000  0.000000e+000  9.999999e-001
    outer loop
      vertex -1.243721e+001  3.002608e+001  7.300000e+001
      vertex  1.990051e-015  3.250000e+001  7.300000e+001
      vertex -1.594699e+000  3.246085e+001  7.300000e+001
    endloop
  endfacet
  facet normal  0.000000e+000  0.000000e+000  1.000000e+000
    outer loop
      vertex -7.595634e-001  2.949022e+001  7.300000e+001
      vertex -1.243721e+001  3.002608e+001  7.300000e+001
      vertex -2.276676e+000  2.941202e+001  7.300000e+001
    endloop
  endfacet
  facet normal  0.000000e+000  0.000000e+000  1.000000e+000
    outer loop
      vertex -2.276676e+000  2.941202e+001  7.300000e+001
      vertex -1.243721e+001  3.002608e+001  7.300000e+001
      vertex -1.389554e+001  2.937965e+001  7.300000e+001
    endloop
  endfacet
  facet normal  -0.000000e+000  0.000000e+000  9.999999e-001
    outer loop
      vertex -2.276676e+000  2.941202e+001  7.300000e+001
      vertex -1.389554e+001  2.937965e+001  7.300000e+001
      vertex -3.787751e+000  2.925582e+001  7.300000e+001
    endloop
  endfacet
  facet normal  0.000000e+000  0.000000e+000  1.000000e+000
    outer loop
      vertex -3.787751e+000  2.925582e+001  7.300000e+001
      vertex -1.389554e+001  2.937965e+001  7.300000e+001
      vertex -1.532039e+001  2.866244e+001  7.300000e+001
    endloop
  endfacet
  facet normal  0.000000e+000  0.000000e+000  1.000000e+000
    outer loop
      vertex -3.787751e+000  2.925582e+001  7.300000e+001
      vertex -1.532039e+001  2.866244e+001  7.300000e+001
      vertex -5.288783e+000  2.902204e+001  7.300000e+001
    endloop
  endfacet
  facet normal  -0.000000e+000  0.000000e+000  1.000000e+000
    outer loop
      vertex -6.775788e+000  2.871130e+001  7.300000e+001
      vertex -1.532039e+001  2.866244e+001  7.300000e+001
      vertex -8.244826e+000  2.832442e+001  7.300000e+001
    endloop
  endfacet
  facet normal  0.000000e+000  0.000000e+000  1.000000e+000
    outer loop
      vertex -8.244826e+000  2.832442e+001  7.300000e+001
      vertex -1.532039e+001  2.866244e+001  7.300000e+001
      vertex -1.670834e+001  2.787618e+001  7.300000e+001
    endloop
  endfacet
  facet normal  -0.000000e+000  0.000000e+000  1.000000e+000
    outer loop
      vertex -8.244826e+000  2.832442e+001  7.300000e+001
      vertex -1.670834e+001  2.787618e+001  7.300000e+001
      vertex -9.692000e+000  2.786243e+001  7.300000e+001
    endloop
  endfacet
  facet normal  0.000000e+000  0.000000e+000  9.999999e-001
    outer loop
      vertex -9.692000e+000  2.786243e+001  7.300000e+001
      vertex -1.670834e+001  2.787618e+001  7.300000e+001
      vertex -1.111347e+001  2.732656e+001  7.300000e+001
    endloop
  endfacet
  facet normal  0.000000e+000  0.000000e+000  1.000000e+000
    outer loop
      vertex -1.111347e+001  2.732656e+001  7.300000e+001
      vertex -1.670834e+001  2.787618e+001  7.300000e+001
      vertex -1.805603e+001  2.702276e+001  7.300000e+001
    endloop
  endfacet
  facet normal  -0.000000e+000  0.000000e+000  1.000000e+000
    outer loop
      vertex -1.111347e+001  2.732656e+001  7.300000e+001
      vertex -1.805603e+001  2.702276e+001  7.300000e+001
      vertex -1.250547e+001  2.671822e+001  7.300000e+001
    endloop
  endfacet
  facet normal  0.000000e+000  0.000000e+000  1.000000e+000
    outer loop
      vertex -1.250547e+001  2.671822e+001  7.300000e+001
      vertex -1.805603e+001  2.702276e+001  7.300000e+001
      vertex -1.936023e+001  2.610424e+001  7.300000e+001
    endloop
  endfacet
  facet normal  -0.000000e+000  0.000000e+000  1.000000e+000
    outer loop
      vertex -1.250547e+001  2.671822e+001  7.300000e+001
      vertex -1.936023e+001  2.610424e+001  7.300000e+001
      vertex -1.386431e+001  2.603902e+001  7.300000e+001
    endloop
  endfacet
  facet normal  0.000000e+000  0.000000e+000  1.000000e+000
    outer loop
      vertex -1.386431e+001  2.603902e+001  7.300000e+001
      vertex -1.936023e+001  2.610424e+001  7.300000e+001
      vertex -1.518639e+001  2.529078e+001  7.300000e+001
    endloop
  endfacet
  facet normal  0.000000e+000  0.000000e+000  1.000000e+000
    outer loop
      vertex -1.518639e+001  2.529078e+001  7.300000e+001
      vertex -1.936023e+001  2.610424e+001  7.300000e+001
      vertex -2.061778e+001  2.512284e+001  7.300000e+001
    endloop
  endfacet
  facet normal  -0.000000e+000  0.000000e+000  1.000000e+000
    outer loop
      vertex -1.518639e+001  2.529078e+001  7.300000e+001
      vertex -2.061778e+001  2.512284e+001  7.300000e+001
      vertex -1.646819e+001  2.447547e+001  7.300000e+001
    endloop
  endfacet
  facet normal  0.000000e+000  0.000000e+000  1.000000e+000
    outer loop
      vertex -1.646819e+001  2.447547e+001  7.300000e+001
      vertex -2.061778e+001  2.512284e+001  7.300000e+001
      vertex -2.182567e+001  2.408091e+001  7.300000e+001
    endloop
  endfacet
  facet normal  -0.000000e+000  0.000000e+000  1.000000e+000
    outer loop
      vertex -1.646819e+001  2.447547e+001  7.300000e+001
      vertex -2.182567e+001  2.408091e+001  7.300000e+001
      vertex -1.770632e+001  2.359526e+001  7.300000e+001
    endloop
  endfacet
  facet normal  0.000000e+000  0.000000e+000  1.000000e+000
    outer loop
      vertex -1.770632e+001  2.359526e+001  7.300000e+001
      vertex -2.182567e+001  2.408091e+001  7.300000e+001
      vertex -2.298097e+001  2.298097e+001  7.300000e+001
    endloop
  endfacet
  facet normal  -0.000000e+000  0.000000e+000  1.000000e+000
    outer loop
      vertex -1.770632e+001  2.359526e+001  7.300000e+001
      vertex -2.298097e+001  2.298097e+001  7.300000e+001
      vertex -1.889750e+001  2.265247e+001  7.300000e+001
    endloop
  endfacet
  facet normal  0.000000e+000  0.000000e+000  1.000000e+000
    outer loop
      vertex -1.889750e+001  2.265247e+001  7.300000e+001
      vertex -2.298097e+001  2.298097e+001  7.300000e+001
      vertex -2.003856e+001  2.164962e+001  7.300000e+001
    endloop
  endfacet
  facet normal  0.000000e+000  0.000000e+000  9.999999e-001
    outer loop
      vertex -2.003856e+001  2.164962e+001  7.300000e+001
      vertex -2.298097e+001  2.298097e+001  7.300000e+001
      vertex -2.408091e+001  2.182567e+001  7.300000e+001
    endloop
  endfacet
  facet normal  0.000000e+000  0.000000e+000  1.000000e+000
    outer loop
      vertex -2.003856e+001  2.164962e+001  7.300000e+001
      vertex -2.408091e+001  2.182567e+001  7.300000e+001
      vertex -2.112649e+001  2.058935e+001  7.300000e+001
    endloop
  endfacet
  facet normal  0.000000e+000  0.000000e+000  1.000000e+000
    outer loop
      vertex -2.112649e+001  2.058935e+001  7.300000e+001
      vertex -2.408091e+001  2.182567e+001  7.300000e+001
      vertex -2.512284e+001  2.061778e+001  7.300000e+001
    endloop
  endfacet
  facet normal  0.000000e+000  0.000000e+000  1.000000e+000
    outer loop
      vertex -2.112649e+001  2.058935e+001  7.300000e+001
      vertex -2.512284e+001  2.061778e+001  7.300000e+001
      vertex -2.215839e+001  1.947449e+001  7.300000e+001
    endloop
  endfacet
  facet normal  0.000000e+000  0.000000e+000  1.000000e+000
    outer loop
      vertex -2.215839e+001  1.947449e+001  7.300000e+001
      vertex -2.512284e+001  2.061778e+001  7.300000e+001
      vertex -2.610424e+001  1.936023e+001  7.300000e+001
    endloop
  endfacet
  facet normal  -0.000000e+000  0.000000e+000  1.000000e+000
    outer loop
      vertex -2.215839e+001  1.947449e+001  7.300000e+001
      vertex -2.610424e+001  1.936023e+001  7.300000e+001
      vertex -2.313153e+001  1.830798e+001  7.300000e+001
    endloop
  endfacet
  facet normal  0.000000e+000  0.000000e+000  1.000000e+000
    outer loop
      vertex -2.313153e+001  1.830798e+001  7.300000e+001
      vertex -2.610424e+001  1.936023e+001  7.300000e+001
      vertex -2.702276e+001  1.805603e+001  7.300000e+001
    endloop
  endfacet
  facet normal  -0.000000e+000  0.000000e+000  1.000000e+000
    outer loop
      vertex -2.313153e+001  1.830798e+001  7.300000e+001
      vertex -2.702276e+001  1.805603e+001  7.300000e+001
      vertex -2.404334e+001  1.709292e+001  7.300000e+001
    endloop
  endfacet
  facet normal  0.000000e+000  0.000000e+000  1.000000e+000
    outer loop
      vertex -2.404334e+001  1.709292e+001  7.300000e+001
      vertex -2.702276e+001  1.805603e+001  7.300000e+001
      vertex -2.787618e+001  1.670834e+001  7.300000e+001
    endloop
  endfacet
  facet normal  -0.000000e+000  0.000000e+000  1.000000e+000
    outer loop
      vertex -2.404334e+001  1.709292e+001  7.300000e+001
      vertex -2.787618e+001  1.670834e+001  7.300000e+001
      vertex -2.489138e+001  1.583254e+001  7.300000e+001
    endloop
  endfacet
  facet normal  0.000000e+000  0.000000e+000  1.000000e+000
    outer loop
      vertex -2.489138e+001  1.583254e+001  7.300000e+001
      vertex -2.787618e+001  1.670834e+001  7.300000e+001
      vertex -2.866244e+001  1.532039e+001  7.300000e+001
    endloop
  endfacet
  facet normal  -0.000000e+000  0.000000e+000  1.000000e+000
    outer loop
      vertex -2.489138e+001  1.583254e+001  7.300000e+001
      vertex -2.866244e+001  1.532039e+001  7.300000e+001
      vertex -2.567341e+001  1.453017e+001  7.300000e+001
    endloop
  endfacet
  facet normal  0.000000e+000  0.000000e+000  1.000000e+000
    outer loop
      vertex -2.567341e+001  1.453017e+001  7.300000e+001
      vertex -2.866244e+001  1.532039e+001  7.300000e+001
      vertex -2.937965e+001  1.389554e+001  7.300000e+001
    endloop
  endfacet
  facet normal  -0.000000e+000  0.000000e+000  1.000000e+000
    outer loop
      vertex -2.567341e+001  1.453017e+001  7.300000e+001
      vertex -2.937965e+001  1.389554e+001  7.300000e+001
      vertex -2.638737e+001  1.318927e+001  7.300000e+001
    endloop
  endfacet
  facet normal  0.000000e+000  0.000000e+000  1.000000e+000
    outer loop
      vertex -2.638737e+001  1.318927e+001  7.300000e+001
      vertex -2.937965e+001  1.389554e+001  7.300000e+001
      vertex -3.002608e+001  1.243721e+001  7.300000e+001
    endloop
  endfacet
  facet normal  -0.000000e+000  0.000000e+000  1.000000e+000
    outer loop
      vertex -2.638737e+001  1.318927e+001  7.300000e+001
      vertex -3.002608e+001  1.243721e+001  7.300000e+001
      vertex -2.703135e+001  1.181339e+001  7.300000e+001
    endloop
  endfacet
  facet normal  0.000000e+000  0.000000e+000  1.000000e+000
    outer loop
      vertex -2.703135e+001  1.181339e+001  7.300000e+001
      vertex -3.002608e+001  1.243721e+001  7.300000e+001
      vertex -2.760365e+001  1.040619e+001  7.300000e+001
    endloop
  endfacet
  facet normal  0.000000e+000  0.000000e+000  9.999999e-001
    outer loop
      vertex -2.760365e+001  1.040619e+001  7.300000e+001
      vertex -3.002608e+001  1.243721e+001  7.300000e+001
      vertex -3.060018e+001  1.094892e+001  7.300000e+001
    endloop
  endfacet
  facet normal  0.000000e+000  0.000000e+000  1.000000e+000
    outer loop
      vertex -2.760365e+001  1.040619e+001  7.300000e+001
      vertex -3.060018e+001  1.094892e+001  7.300000e+001
      vertex -2.810274e+001  8.971388e+000  7.300000e+001
    endloop
  endfacet
  facet normal  0.000000e+000  0.000000e+000  1.000000e+000
    outer loop
      vertex -2.810274e+001  8.971388e+000  7.300000e+001
      vertex -3.060018e+001  1.094892e+001  7.300000e+001
      vertex -3.110056e+001  9.434252e+000  7.300000e+001
    endloop
  endfacet
  facet normal  0.000000e+000  0.000000e+000  1.000000e+000
    outer loop
      vertex -2.810274e+001  8.971388e+000  7.300000e+001
      vertex -3.110056e+001  9.434252e+000  7.300000e+001
      vertex -2.852732e+001  7.512798e+000  7.300000e+001
    endloop
  endfacet
  facet normal  0.000000e+000  0.000000e+000  1.000000e+000
    outer loop
      vertex -2.852732e+001  7.512798e+000  7.300000e+001
      vertex -3.110056e+001  9.434252e+000  7.300000e+001
      vertex -3.152602e+001  7.896856e+000  7.300000e+001
    endloop
  endfacet
  facet normal  0.000000e+000  0.000000e+000  1.000000e+000
    outer loop
      vertex -2.852732e+001  7.512798e+000  7.300000e+001
      vertex -3.152602e+001  7.896856e+000  7.300000e+001
      vertex -2.887624e+001  6.034286e+000  7.300000e+001
    endloop
  endfacet
  facet normal  0.000000e+000  0.000000e+000  1.000000e+000
    outer loop
      vertex -2.887624e+001  6.034286e+000  7.300000e+001
      vertex -3.152602e+001  7.896856e+000  7.300000e+001
      vertex -3.187552e+001  6.340436e+000  7.300000e+001
    endloop
  endfacet
  facet normal  0.000000e+000  0.000000e+000  1.000000e+000
    outer loop
      vertex -2.887624e+001  6.034286e+000  7.300000e+001
      vertex -3.187552e+001  6.340436e+000  7.300000e+001
      vertex -2.914859e+001  4.539772e+000  7.300000e+001
    endloop
  endfacet
  facet normal  0.000000e+000  0.000000e+000  1.000000e+000
    outer loop
      vertex -2.914859e+001  4.539772e+000  7.300000e+001
      vertex -3.187552e+001  6.340436e+000  7.300000e+001
      vertex -3.214824e+001  4.768741e+000  7.300000e+001
    endloop
  endfacet
  facet normal  0.000000e+000  0.000000e+000  1.000000e+000
    outer loop
      vertex -2.914859e+001  4.539772e+000  7.300000e+001
      vertex -3.214824e+001  4.768741e+000  7.300000e+001
      vertex -2.934365e+001  3.033219e+000  7.300000e+001
    endloop
  endfacet
  facet normal  0.000000e+000  0.000000e+000  1.000000e+000
    outer loop
      vertex -2.934365e+001  3.033219e+000  7.300000e+001
      vertex -3.214824e+001  4.768741e+000  7.300000e+001
      vertex -3.234350e+001  3.185557e+000  7.300000e+001
    endloop
  endfacet
  facet normal  0.000000e+000  0.000000e+000  1.000000e+000
    outer loop
      vertex -2.934365e+001  3.033219e+000  7.300000e+001
      vertex -3.234350e+001  3.185557e+000  7.300000e+001
      vertex -2.946089e+001  1.518623e+000  7.300000e+001
    endloop
  endfacet
  facet normal  0.000000e+000  0.000000e+000  1.000000e+000
    outer loop
      vertex -2.946089e+001  1.518623e+000  7.300000e+001
      vertex -3.234350e+001  3.185557e+000  7.300000e+001
      vertex -3.246085e+001  1.594699e+000  7.300000e+001
    endloop
  endfacet
  facet normal  0.000000e+000  0.000000e+000  1.000000e+000
    outer loop
      vertex -2.946089e+001  1.518623e+000  7.300000e+001
      vertex -3.246085e+001  1.594699e+000  7.300000e+001
      vertex -2.950000e+001  3.612708e-015  7.300000e+001
    endloop
  endfacet
  facet normal  0.000000e+000  0.000000e+000  1.000000e+000
    outer loop
      vertex -2.950000e+001  3.612708e-015  7.300000e+001
      vertex -3.246085e+001  1.594699e+000  7.300000e+001
      vertex -3.250000e+001  3.980102e-015  7.300000e+001
    endloop
  endfacet
  facet normal  0.000000e+000  0.000000e+000  1.000000e+000
    outer loop
      vertex -2.950000e+001  3.612708e-015  7.300000e+001
      vertex -3.250000e+001  3.980102e-015  7.300000e+001
      vertex -2.946089e+001 -1.518623e+000  7.300000e+001
    endloop
  endfacet
  facet normal  0.000000e+000  0.000000e+000  1.000000e+000
    outer loop
      vertex -2.946089e+001 -1.518623e+000  7.300000e+001
      vertex -3.250000e+001  3.980102e-015  7.300000e+001
      vertex -3.246085e+001 -1.594699e+000  7.300000e+001
    endloop
  endfacet
  facet normal  -0.000000e+000  0.000000e+000  1.000000e+000
    outer loop
      vertex -2.946089e+001 -1.518623e+000  7.300000e+001
      vertex -3.246085e+001 -1.594699e+000  7.300000e+001
      vertex -2.934365e+001 -3.033219e+000  7.300000e+001
    endloop
  endfacet
  facet normal  0.000000e+000  0.000000e+000  9.999999e-001
    outer loop
      vertex -2.934365e+001 -3.033219e+000  7.300000e+001
      vertex -3.246085e+001 -1.594699e+000  7.300000e+001
      vertex -3.234350e+001 -3.185557e+000  7.300000e+001
    endloop
  endfacet
  facet normal  -0.000000e+000  0.000000e+000  1.000000e+000
    outer loop
      vertex -2.934365e+001 -3.033219e+000  7.300000e+001
      vertex -3.234350e+001 -3.185557e+000  7.300000e+001
      vertex -2.914859e+001 -4.539772e+000  7.300000e+001
    endloop
  endfacet
  facet normal  0.000000e+000  0.000000e+000  9.999999e-001
    outer loop
      vertex -2.914859e+001 -4.539772e+000  7.300000e+001
      vertex -3.234350e+001 -3.185557e+000  7.300000e+001
      vertex -3.214824e+001 -4.768741e+000  7.300000e+001
    endloop
  endfacet
  facet normal  -0.000000e+000  0.000000e+000  1.000000e+000
    outer loop
      vertex -2.914859e+001 -4.539772e+000  7.300000e+001
      vertex -3.214824e+001 -4.768741e+000  7.300000e+001
      vertex -2.887624e+001 -6.034286e+000  7.300000e+001
    endloop
  endfacet
  facet normal  0.000000e+000  0.000000e+000  1.000000e+000
    outer loop
      vertex -2.887624e+001 -6.034286e+000  7.300000e+001
      vertex -3.214824e+001 -4.768741e+000  7.300000e+001
      vertex -3.187552e+001 -6.340436e+000  7.300000e+001
    endloop
  endfacet
  facet normal  -0.000000e+000  0.000000e+000  1.000000e+000
    outer loop
      vertex -2.887624e+001 -6.034286e+000  7.300000e+001
      vertex -3.187552e+001 -6.340436e+000  7.300000e+001
      vertex -2.852732e+001 -7.512798e+000  7.300000e+001
    endloop
  endfacet
  facet normal  0.000000e+000  0.000000e+000  1.000000e+000
    outer loop
      vertex -2.852732e+001 -7.512798e+000  7.300000e+001
      vertex -3.187552e+001 -6.340436e+000  7.300000e+001
      vertex -3.152602e+001 -7.896856e+000  7.300000e+001
    endloop
  endfacet
  facet normal  -0.000000e+000  0.000000e+000  1.000000e+000
    outer loop
      vertex -2.852732e+001 -7.512798e+000  7.300000e+001
      vertex -3.152602e+001 -7.896856e+000  7.300000e+001
      vertex -2.810274e+001 -8.971388e+000  7.300000e+001
    endloop
  endfacet
  facet normal  0.000000e+000  0.000000e+000  1.000000e+000
    outer loop
      vertex -2.810274e+001 -8.971388e+000  7.300000e+001
      vertex -3.152602e+001 -7.896856e+000  7.300000e+001
      vertex -3.110056e+001 -9.434252e+000  7.300000e+001
    endloop
  endfacet
  facet normal  -0.000000e+000  0.000000e+000  1.000000e+000
    outer loop
      vertex -2.810274e+001 -8.971388e+000  7.300000e+001
      vertex -3.110056e+001 -9.434252e+000  7.300000e+001
      vertex -2.760365e+001 -1.040619e+001  7.300000e+001
    endloop
  endfacet
  facet normal  0.000000e+000  0.000000e+000  1.000000e+000
    outer loop
      vertex -2.760365e+001 -1.040619e+001  7.300000e+001
      vertex -3.110056e+001 -9.434252e+000  7.300000e+001
      vertex -3.060018e+001 -1.094892e+001  7.300000e+001
    endloop
  endfacet
  facet normal  -0.000000e+000  0.000000e+000  1.000000e+000
    outer loop
      vertex -2.760365e+001 -1.040619e+001  7.300000e+001
      vertex -3.060018e+001 -1.094892e+001  7.300000e+001
      vertex -2.703135e+001 -1.181339e+001  7.300000e+001
    endloop
  endfacet
  facet normal  0.000000e+000  0.000000e+000  1.000000e+000
    outer loop
      vertex -2.703135e+001 -1.181339e+001  7.300000e+001
      vertex -3.060018e+001 -1.094892e+001  7.300000e+001
      vertex -3.002608e+001 -1.243721e+001  7.300000e+001
    endloop
  endfacet
  facet normal  -0.000000e+000  0.000000e+000  1.000000e+000
    outer loop
      vertex -2.703135e+001 -1.181339e+001  7.300000e+001
      vertex -3.002608e+001 -1.243721e+001  7.300000e+001
      vertex -2.638737e+001 -1.318927e+001  7.300000e+001
    endloop
  endfacet
  facet normal  0.000000e+000  0.000000e+000  1.000000e+000
    outer loop
      vertex -2.638737e+001 -1.318927e+001  7.300000e+001
      vertex -3.002608e+001 -1.243721e+001  7.300000e+001
      vertex -2.937965e+001 -1.389554e+001  7.300000e+001
    endloop
  endfacet
  facet normal  -0.000000e+000  0.000000e+000  1.000000e+000
    outer loop
      vertex -2.638737e+001 -1.318927e+001  7.300000e+001
      vertex -2.937965e+001 -1.389554e+001  7.300000e+001
      vertex -2.567341e+001 -1.453017e+001  7.300000e+001
    endloop
  endfacet
  facet normal  0.000000e+000  0.000000e+000  1.000000e+000
    outer loop
      vertex -2.567341e+001 -1.453017e+001  7.300000e+001
      vertex -2.937965e+001 -1.389554e+001  7.300000e+001
      vertex -2.489138e+001 -1.583254e+001  7.300000e+001
    endloop
  endfacet
  facet normal  0.000000e+000  0.000000e+000  1.000000e+000
    outer loop
      vertex -2.489138e+001 -1.583254e+001  7.300000e+001
      vertex -2.937965e+001 -1.389554e+001  7.300000e+001
      vertex -2.866244e+001 -1.532039e+001  7.300000e+001
    endloop
  endfacet
  facet normal  0.000000e+000  0.000000e+000  1.000000e+000
    outer loop
      vertex -2.489138e+001 -1.583254e+001  7.300000e+001
      vertex -2.866244e+001 -1.532039e+001  7.300000e+001
      vertex -2.404334e+001 -1.709292e+001  7.300000e+001
    endloop
  endfacet
  facet normal  0.000000e+000  0.000000e+000  1.000000e+000
    outer loop
      vertex -2.404334e+001 -1.709292e+001  7.300000e+001
      vertex -2.866244e+001 -1.532039e+001  7.300000e+001
      vertex -2.787618e+001 -1.670834e+001  7.300000e+001
    endloop
  endfacet
  facet normal  0.000000e+000  0.000000e+000  1.000000e+000
    outer loop
      vertex -2.404334e+001 -1.709292e+001  7.300000e+001
      vertex -2.787618e+001 -1.670834e+001  7.300000e+001
      vertex -2.313153e+001 -1.830798e+001  7.300000e+001
    endloop
  endfacet
  facet normal  0.000000e+000  0.000000e+000  1.000000e+000
    outer loop
      vertex -2.313153e+001 -1.830798e+001  7.300000e+001
      vertex -2.787618e+001 -1.670834e+001  7.300000e+001
      vertex -2.702276e+001 -1.805603e+001  7.300000e+001
    endloop
  endfacet
  facet normal  0.000000e+000  0.000000e+000  9.999999e-001
    outer loop
      vertex -2.313153e+001 -1.830798e+001  7.300000e+001
      vertex -2.702276e+001 -1.805603e+001  7.300000e+001
      vertex -2.215839e+001 -1.947449e+001  7.300000e+001
    endloop
  endfacet
  facet normal  0.000000e+000  0.000000e+000  1.000000e+000
    outer loop
      vertex -2.215839e+001 -1.947449e+001  7.300000e+001
      vertex -2.702276e+001 -1.805603e+001  7.300000e+001
      vertex -2.610424e+001 -1.936023e+001  7.300000e+001
    endloop
  endfacet
  facet normal  0.000000e+000  0.000000e+000  1.000000e+000
    outer loop
      vertex -2.215839e+001 -1.947449e+001  7.300000e+001
      vertex -2.610424e+001 -1.936023e+001  7.300000e+001
      vertex -2.112649e+001 -2.058935e+001  7.300000e+001
    endloop
  endfacet
  facet normal  0.000000e+000  0.000000e+000  1.000000e+000
    outer loop
      vertex -2.112649e+001 -2.058935e+001  7.300000e+001
      vertex -2.610424e+001 -1.936023e+001  7.300000e+001
      vertex -2.512284e+001 -2.061778e+001  7.300000e+001
    endloop
  endfacet
  facet normal  -0.000000e+000  0.000000e+000  1.000000e+000
    outer loop
      vertex -2.112649e+001 -2.058935e+001  7.300000e+001
      vertex -2.512284e+001 -2.061778e+001  7.300000e+001
      vertex -2.003856e+001 -2.164962e+001  7.300000e+001
    endloop
  endfacet
  facet normal  0.000000e+000  0.000000e+000  1.000000e+000
    outer loop
      vertex -2.003856e+001 -2.164962e+001  7.300000e+001
      vertex -2.512284e+001 -2.061778e+001  7.300000e+001
      vertex -2.408091e+001 -2.182567e+001  7.300000e+001
    endloop
  endfacet
  facet normal  -0.000000e+000  0.000000e+000  1.000000e+000
    outer loop
      vertex -2.003856e+001 -2.164962e+001  7.300000e+001
      vertex -2.408091e+001 -2.182567e+001  7.300000e+001
      vertex -1.889750e+001 -2.265247e+001  7.300000e+001
    endloop
  endfacet
  facet normal  0.000000e+000  0.000000e+000  1.000000e+000
    outer loop
      vertex -1.889750e+001 -2.265247e+001  7.300000e+001
      vertex -2.408091e+001 -2.182567e+001  7.300000e+001
      vertex -2.298097e+001 -2.298097e+001  7.300000e+001
    endloop
  endfacet
  facet normal  -0.000000e+000  0.000000e+000  1.000000e+000
    outer loop
      vertex -1.889750e+001 -2.265247e+001  7.300000e+001
      vertex -2.298097e+001 -2.298097e+001  7.300000e+001
      vertex -1.770632e+001 -2.359526e+001  7.300000e+001
    endloop
  endfacet
  facet normal  0.000000e+000  0.000000e+000  1.000000e+000
    outer loop
      vertex -1.770632e+001 -2.359526e+001  7.300000e+001
      vertex -2.298097e+001 -2.298097e+001  7.300000e+001
      vertex -2.182567e+001 -2.408091e+001  7.300000e+001
    endloop
  endfacet
  facet normal  -0.000000e+000  0.000000e+000  1.000000e+000
    outer loop
      vertex -1.770632e+001 -2.359526e+001  7.300000e+001
      vertex -2.182567e+001 -2.408091e+001  7.300000e+001
      vertex -1.646819e+001 -2.447547e+001  7.300000e+001
    endloop
  endfacet
  facet normal  0.000000e+000  0.000000e+000  9.999999e-001
    outer loop
      vertex -1.646819e+001 -2.447547e+001  7.300000e+001
      vertex -2.182567e+001 -2.408091e+001  7.300000e+001
      vertex -1.518639e+001 -2.529078e+001  7.300000e+001
    endloop
  endfacet
  facet normal  0.000000e+000  0.000000e+000  1.000000e+000
    outer loop
      vertex -1.518639e+001 -2.529078e+001  7.300000e+001
      vertex -2.182567e+001 -2.408091e+001  7.300000e+001
      vertex -2.061778e+001 -2.512284e+001  7.300000e+001
    endloop
  endfacet
  facet normal  0.000000e+000  0.000000e+000  1.000000e+000
    outer loop
      vertex -1.518639e+001 -2.529078e+001  7.300000e+001
      vertex -2.061778e+001 -2.512284e+001  7.300000e+001
      vertex -1.386431e+001 -2.603902e+001  7.300000e+001
    endloop
  endfacet
  facet normal  0.000000e+000  0.000000e+000  1.000000e+000
    outer loop
      vertex -1.386431e+001 -2.603902e+001  7.300000e+001
      vertex -2.061778e+001 -2.512284e+001  7.300000e+001
      vertex -1.936023e+001 -2.610424e+001  7.300000e+001
    endloop
  endfacet
  facet normal  -0.000000e+000  0.000000e+000  1.000000e+000
    outer loop
      vertex -1.386431e+001 -2.603902e+001  7.300000e+001
      vertex -1.936023e+001 -2.610424e+001  7.300000e+001
      vertex -1.250547e+001 -2.671822e+001  7.300000e+001
    endloop
  endfacet
  facet normal  0.000000e+000  0.000000e+000  1.000000e+000
    outer loop
      vertex -1.250547e+001 -2.671822e+001  7.300000e+001
      vertex -1.936023e+001 -2.610424e+001  7.300000e+001
      vertex -1.805603e+001 -2.702276e+001  7.300000e+001
    endloop
  endfacet
  facet normal  -0.000000e+000  0.000000e+000  1.000000e+000
    outer loop
      vertex -1.250547e+001 -2.671822e+001  7.300000e+001
      vertex -1.805603e+001 -2.702276e+001  7.300000e+001
      vertex -1.111347e+001 -2.732656e+001  7.300000e+001
    endloop
  endfacet
  facet normal  0.000000e+000  0.000000e+000  1.000000e+000
    outer loop
      vertex -1.111347e+001 -2.732656e+001  7.300000e+001
      vertex -1.805603e+001 -2.702276e+001  7.300000e+001
      vertex -9.692000e+000 -2.786243e+001  7.300000e+001
    endloop
  endfacet
  facet normal  0.000000e+000  0.000000e+000  1.000000e+000
    outer loop
      vertex -9.692000e+000 -2.786243e+001  7.300000e+001
      vertex -1.805603e+001 -2.702276e+001  7.300000e+001
      vertex -1.670834e+001 -2.787618e+001  7.300000e+001
    endloop
  endfacet
  facet normal  -0.000000e+000  0.000000e+000  1.000000e+000
    outer loop
      vertex -9.692000e+000 -2.786243e+001  7.300000e+001
      vertex -1.670834e+001 -2.787618e+001  7.300000e+001
      vertex -8.244826e+000 -2.832442e+001  7.300000e+001
    endloop
  endfacet
  facet normal  0.000000e+000  0.000000e+000  1.000000e+000
    outer loop
      vertex -8.244826e+000 -2.832442e+001  7.300000e+001
      vertex -1.670834e+001 -2.787618e+001  7.300000e+001
      vertex -1.532039e+001 -2.866244e+001  7.300000e+001
    endloop
  endfacet
  facet normal  -0.000000e+000  0.000000e+000  1.000000e+000
    outer loop
      vertex -8.244826e+000 -2.832442e+001  7.300000e+001
      vertex -1.532039e+001 -2.866244e+001  7.300000e+001
      vertex -6.775788e+000 -2.871130e+001  7.300000e+001
    endloop
  endfacet
  facet normal  0.000000e+000  0.000000e+000  1.000000e+000
    outer loop
      vertex  1.389554e+001  2.937965e+001  7.300000e+001
      vertex  2.276676e+000  2.941202e+001  7.300000e+001
      vertex  1.532039e+001  2.866244e+001  7.300000e+001
    endloop
  endfacet
  facet normal  0.000000e+000  0.000000e+000  1.000000e+000
    outer loop
      vertex  1.532039e+001  2.866244e+001  7.300000e+001
      vertex  2.276676e+000  2.941202e+001  7.300000e+001
      vertex  3.787751e+000  2.925582e+001  7.300000e+001
    endloop
  endfacet
  facet normal  0.000000e+000  0.000000e+000  9.999999e-001
    outer loop
      vertex  1.532039e+001  2.866244e+001  7.300000e+001
      vertex  3.787751e+000  2.925582e+001  7.300000e+001
      vertex  5.288783e+000  2.902204e+001  7.300000e+001
    endloop
  endfacet
  facet normal  0.000000e+000  0.000000e+000  1.000000e+000
    outer loop
      vertex  8.244826e+000  2.832442e+001  7.300000e+001
      vertex  1.670834e+001  2.787618e+001  7.300000e+001
      vertex  6.775788e+000  2.871130e+001  7.300000e+001
    endloop
  endfacet
  facet normal  0.000000e+000  0.000000e+000  1.000000e+000
    outer loop
      vertex  6.775788e+000  2.871130e+001  7.300000e+001
      vertex  1.670834e+001  2.787618e+001  7.300000e+001
      vertex  1.532039e+001  2.866244e+001  7.300000e+001
    endloop
  endfacet
  facet normal  0.000000e+000  0.000000e+000  1.000000e+000
    outer loop
      vertex  6.775788e+000  2.871130e+001  7.300000e+001
      vertex  1.532039e+001  2.866244e+001  7.300000e+001
      vertex  5.288783e+000  2.902204e+001  7.300000e+001
    endloop
  endfacet
  facet normal  -0.000000e+000  0.000000e+000  1.000000e+000
    outer loop
      vertex  1.670834e+001  2.787618e+001  7.300000e+001
      vertex  9.692000e+000  2.786243e+001  7.300000e+001
      vertex  1.805603e+001  2.702276e+001  7.300000e+001
    endloop
  endfacet
  facet normal  0.000000e+000  0.000000e+000  1.000000e+000
    outer loop
      vertex  1.805603e+001  2.702276e+001  7.300000e+001
      vertex  9.692000e+000  2.786243e+001  7.300000e+001
      vertex  1.111347e+001  2.732656e+001  7.300000e+001
    endloop
  endfacet
  facet normal  0.000000e+000  0.000000e+000  9.999999e-001
    outer loop
      vertex  1.805603e+001  2.702276e+001  7.300000e+001
      vertex  1.111347e+001  2.732656e+001  7.300000e+001
      vertex  1.936023e+001  2.610424e+001  7.300000e+001
    endloop
  endfacet
  facet normal  0.000000e+000  0.000000e+000  1.000000e+000
    outer loop
      vertex  1.936023e+001  2.610424e+001  7.300000e+001
      vertex  1.111347e+001  2.732656e+001  7.300000e+001
      vertex  1.250547e+001  2.671822e+001  7.300000e+001
    endloop
  endfacet
  facet normal  0.000000e+000  0.000000e+000  9.999999e-001
    outer loop
      vertex  1.936023e+001  2.610424e+001  7.300000e+001
      vertex  1.250547e+001  2.671822e+001  7.300000e+001
      vertex  1.386431e+001  2.603902e+001  7.300000e+001
    endloop
  endfacet
  facet normal  -0.000000e+000  0.000000e+000  1.000000e+000
    outer loop
      vertex  1.936023e+001  2.610424e+001  7.300000e+001
      vertex  1.386431e+001  2.603902e+001  7.300000e+001
      vertex  2.061778e+001  2.512284e+001  7.300000e+001
    endloop
  endfacet
  facet normal  0.000000e+000  0.000000e+000  1.000000e+000
    outer loop
      vertex  2.061778e+001  2.512284e+001  7.300000e+001
      vertex  1.386431e+001  2.603902e+001  7.300000e+001
      vertex  1.518639e+001  2.529078e+001  7.300000e+001
    endloop
  endfacet
  facet normal  0.000000e+000  0.000000e+000  1.000000e+000
    outer loop
      vertex  2.061778e+001  2.512284e+001  7.300000e+001
      vertex  1.518639e+001  2.529078e+001  7.300000e+001
      vertex  2.182567e+001  2.408091e+001  7.300000e+001
    endloop
  endfacet
  facet normal  0.000000e+000  0.000000e+000  9.999999e-001
    outer loop
      vertex  2.182567e+001  2.408091e+001  7.300000e+001
      vertex  1.518639e+001  2.529078e+001  7.300000e+001
      vertex  1.646819e+001  2.447547e+001  7.300000e+001
    endloop
  endfacet
  facet normal  0.000000e+000  0.000000e+000  1.000000e+000
    outer loop
      vertex  2.182567e+001  2.408091e+001  7.300000e+001
      vertex  1.646819e+001  2.447547e+001  7.300000e+001
      vertex  2.298097e+001  2.298097e+001  7.300000e+001
    endloop
  endfacet
  facet normal  0.000000e+000  0.000000e+000  1.000000e+000
    outer loop
      vertex  2.298097e+001  2.298097e+001  7.300000e+001
      vertex  1.646819e+001  2.447547e+001  7.300000e+001
      vertex  1.770632e+001  2.359526e+001  7.300000e+001
    endloop
  endfacet
  facet normal  0.000000e+000  0.000000e+000  1.000000e+000
    outer loop
      vertex  2.298097e+001  2.298097e+001  7.300000e+001
      vertex  1.770632e+001  2.359526e+001  7.300000e+001
      vertex  1.889750e+001  2.265247e+001  7.300000e+001
    endloop
  endfacet
  facet normal  -0.000000e+000  0.000000e+000  1.000000e+000
    outer loop
      vertex  2.298097e+001  2.298097e+001  7.300000e+001
      vertex  1.889750e+001  2.265247e+001  7.300000e+001
      vertex  2.408091e+001  2.182567e+001  7.300000e+001
    endloop
  endfacet
  facet normal  0.000000e+000  0.000000e+000  1.000000e+000
    outer loop
      vertex  2.408091e+001  2.182567e+001  7.300000e+001
      vertex  1.889750e+001  2.265247e+001  7.300000e+001
      vertex  2.003856e+001  2.164962e+001  7.300000e+001
    endloop
  endfacet
  facet normal  -0.000000e+000  0.000000e+000  1.000000e+000
    outer loop
      vertex  2.408091e+001  2.182567e+001  7.300000e+001
      vertex  2.003856e+001  2.164962e+001  7.300000e+001
      vertex  2.512284e+001  2.061778e+001  7.300000e+001
    endloop
  endfacet
  facet normal  0.000000e+000  0.000000e+000  1.000000e+000
    outer loop
      vertex  2.512284e+001  2.061778e+001  7.300000e+001
      vertex  2.003856e+001  2.164962e+001  7.300000e+001
      vertex  2.112649e+001  2.058935e+001  7.300000e+001
    endloop
  endfacet
  facet normal  -0.000000e+000  0.000000e+000  1.000000e+000
    outer loop
      vertex  2.512284e+001  2.061778e+001  7.300000e+001
      vertex  2.112649e+001  2.058935e+001  7.300000e+001
      vertex  2.610424e+001  1.936023e+001  7.300000e+001
    endloop
  endfacet
  facet normal  0.000000e+000  0.000000e+000  1.000000e+000
    outer loop
      vertex  2.610424e+001  1.936023e+001  7.300000e+001
      vertex  2.112649e+001  2.058935e+001  7.300000e+001
      vertex  2.215839e+001  1.947449e+001  7.300000e+001
    endloop
  endfacet
  facet normal  0.000000e+000  0.000000e+000  1.000000e+000
    outer loop
      vertex  2.610424e+001  1.936023e+001  7.300000e+001
      vertex  2.215839e+001  1.947449e+001  7.300000e+001
      vertex  2.702276e+001  1.805603e+001  7.300000e+001
    endloop
  endfacet
  facet normal  0.000000e+000  0.000000e+000  9.999999e-001
    outer loop
      vertex  2.702276e+001  1.805603e+001  7.300000e+001
      vertex  2.215839e+001  1.947449e+001  7.300000e+001
      vertex  2.313153e+001  1.830798e+001  7.300000e+001
    endloop
  endfacet
  facet normal  0.000000e+000  0.000000e+000  1.000000e+000
    outer loop
      vertex  2.702276e+001  1.805603e+001  7.300000e+001
      vertex  2.313153e+001  1.830798e+001  7.300000e+001
      vertex  2.787618e+001  1.670834e+001  7.300000e+001
    endloop
  endfacet
  facet normal  0.000000e+000  0.000000e+000  1.000000e+000
    outer loop
      vertex  2.787618e+001  1.670834e+001  7.300000e+001
      vertex  2.313153e+001  1.830798e+001  7.300000e+001
      vertex  2.404334e+001  1.709292e+001  7.300000e+001
    endloop
  endfacet
  facet normal  0.000000e+000  0.000000e+000  1.000000e+000
    outer loop
      vertex  2.787618e+001  1.670834e+001  7.300000e+001
      vertex  2.404334e+001  1.709292e+001  7.300000e+001
      vertex  2.866244e+001  1.532039e+001  7.300000e+001
    endloop
  endfacet
  facet normal  0.000000e+000  0.000000e+000  1.000000e+000
    outer loop
      vertex  2.866244e+001  1.532039e+001  7.300000e+001
      vertex  2.404334e+001  1.709292e+001  7.300000e+001
      vertex  2.489138e+001  1.583254e+001  7.300000e+001
    endloop
  endfacet
  facet normal  0.000000e+000  0.000000e+000  1.000000e+000
    outer loop
      vertex  2.866244e+001  1.532039e+001  7.300000e+001
      vertex  2.489138e+001  1.583254e+001  7.300000e+001
      vertex  2.937965e+001  1.389554e+001  7.300000e+001
    endloop
  endfacet
  facet normal  0.000000e+000  0.000000e+000  1.000000e+000
    outer loop
      vertex  2.937965e+001  1.389554e+001  7.300000e+001
      vertex  2.489138e+001  1.583254e+001  7.300000e+001
      vertex  2.567341e+001  1.453017e+001  7.300000e+001
    endloop
  endfacet
  facet normal  0.000000e+000  0.000000e+000  1.000000e+000
    outer loop
      vertex  2.937965e+001  1.389554e+001  7.300000e+001
      vertex  2.567341e+001  1.453017e+001  7.300000e+001
      vertex  3.002608e+001  1.243721e+001  7.300000e+001
    endloop
  endfacet
  facet normal  0.000000e+000  0.000000e+000  9.999999e-001
    outer loop
      vertex  3.002608e+001  1.243721e+001  7.300000e+001
      vertex  2.567341e+001  1.453017e+001  7.300000e+001
      vertex  2.638737e+001  1.318927e+001  7.300000e+001
    endloop
  endfacet
  facet normal  0.000000e+000  0.000000e+000  1.000000e+000
    outer loop
      vertex  3.002608e+001  1.243721e+001  7.300000e+001
      vertex  2.638737e+001  1.318927e+001  7.300000e+001
      vertex  2.703135e+001  1.181339e+001  7.300000e+001
    endloop
  endfacet
  facet normal  -0.000000e+000  0.000000e+000  1.000000e+000
    outer loop
      vertex  3.002608e+001  1.243721e+001  7.300000e+001
      vertex  2.703135e+001  1.181339e+001  7.300000e+001
      vertex  3.060018e+001  1.094892e+001  7.300000e+001
    endloop
  endfacet
  facet normal  0.000000e+000  0.000000e+000  1.000000e+000
    outer loop
      vertex  3.060018e+001  1.094892e+001  7.300000e+001
      vertex  2.703135e+001  1.181339e+001  7.300000e+001
      vertex  2.760365e+001  1.040619e+001  7.300000e+001
    endloop
  endfacet
  facet normal  -0.000000e+000  0.000000e+000  1.000000e+000
    outer loop
      vertex  3.060018e+001  1.094892e+001  7.300000e+001
      vertex  2.760365e+001  1.040619e+001  7.300000e+001
      vertex  3.110056e+001  9.434252e+000  7.300000e+001
    endloop
  endfacet
  facet normal  0.000000e+000  0.000000e+000  1.000000e+000
    outer loop
      vertex  3.110056e+001  9.434252e+000  7.300000e+001
      vertex  2.760365e+001  1.040619e+001  7.300000e+001
      vertex  2.810274e+001  8.971388e+000  7.300000e+001
    endloop
  endfacet
  facet normal  -0.000000e+000  0.000000e+000  1.000000e+000
    outer loop
      vertex  3.110056e+001  9.434252e+000  7.300000e+001
      vertex  2.810274e+001  8.971388e+000  7.300000e+001
      vertex  3.152602e+001  7.896856e+000  7.300000e+001
    endloop
  endfacet
  facet normal  0.000000e+000  0.000000e+000  1.000000e+000
    outer loop
      vertex  3.152602e+001  7.896856e+000  7.300000e+001
      vertex  2.810274e+001  8.971388e+000  7.300000e+001
      vertex  2.852732e+001  7.512798e+000  7.300000e+001
    endloop
  endfacet
  facet normal  -0.000000e+000  0.000000e+000  1.000000e+000
    outer loop
      vertex  3.152602e+001  7.896856e+000  7.300000e+001
      vertex  2.852732e+001  7.512798e+000  7.300000e+001
      vertex  3.187552e+001  6.340436e+000  7.300000e+001
    endloop
  endfacet
  facet normal  0.000000e+000  0.000000e+000  1.000000e+000
    outer loop
      vertex  3.187552e+001  6.340436e+000  7.300000e+001
      vertex  2.852732e+001  7.512798e+000  7.300000e+001
      vertex  2.887624e+001  6.034286e+000  7.300000e+001
    endloop
  endfacet
  facet normal  -0.000000e+000  0.000000e+000  1.000000e+000
    outer loop
      vertex  3.187552e+001  6.340436e+000  7.300000e+001
      vertex  2.887624e+001  6.034286e+000  7.300000e+001
      vertex  3.214824e+001  4.768741e+000  7.300000e+001
    endloop
  endfacet
  facet normal  0.000000e+000  0.000000e+000  1.000000e+000
    outer loop
      vertex  3.214824e+001  4.768741e+000  7.300000e+001
      vertex  2.887624e+001  6.034286e+000  7.300000e+001
      vertex  2.914859e+001  4.539772e+000  7.300000e+001
    endloop
  endfacet
  facet normal  -0.000000e+000  0.000000e+000  9.999999e-001
    outer loop
      vertex  3.214824e+001  4.768741e+000  7.300000e+001
      vertex  2.914859e+001  4.539772e+000  7.300000e+001
      vertex  3.234350e+001  3.185557e+000  7.300000e+001
    endloop
  endfacet
  facet normal  0.000000e+000  0.000000e+000  1.000000e+000
    outer loop
      vertex  3.234350e+001  3.185557e+000  7.300000e+001
      vertex  2.914859e+001  4.539772e+000  7.300000e+001
      vertex  2.934365e+001  3.033219e+000  7.300000e+001
    endloop
  endfacet
  facet normal  -0.000000e+000  0.000000e+000  9.999999e-001
    outer loop
      vertex  3.234350e+001  3.185557e+000  7.300000e+001
      vertex  2.934365e+001  3.033219e+000  7.300000e+001
      vertex  3.246085e+001  1.594699e+000  7.300000e+001
    endloop
  endfacet
  facet normal  0.000000e+000  0.000000e+000  1.000000e+000
    outer loop
      vertex  3.246085e+001  1.594699e+000  7.300000e+001
      vertex  2.934365e+001  3.033219e+000  7.300000e+001
      vertex  2.946089e+001  1.518623e+000  7.300000e+001
    endloop
  endfacet
  facet normal  -0.000000e+000  0.000000e+000  1.000000e+000
    outer loop
      vertex  3.246085e+001  1.594699e+000  7.300000e+001
      vertex  2.946089e+001  1.518623e+000  7.300000e+001
      vertex  3.250000e+001  0.000000e+000  7.300000e+001
    endloop
  endfacet
  facet normal  0.000000e+000  0.000000e+000  1.000000e+000
    outer loop
      vertex  3.250000e+001  0.000000e+000  7.300000e+001
      vertex  2.946089e+001  1.518623e+000  7.300000e+001
      vertex  2.950000e+001  0.000000e+000  7.300000e+001
    endloop
  endfacet
  facet normal  -0.000000e+000  0.000000e+000  1.000000e+000
    outer loop
      vertex  3.250000e+001  0.000000e+000  7.300000e+001
      vertex  2.950000e+001  0.000000e+000  7.300000e+001
      vertex  3.246085e+001 -1.594699e+000  7.300000e+001
    endloop
  endfacet
  facet normal  0.000000e+000  0.000000e+000  1.000000e+000
    outer loop
      vertex  3.246085e+001 -1.594699e+000  7.300000e+001
      vertex  2.950000e+001  0.000000e+000  7.300000e+001
      vertex  2.946089e+001 -1.518623e+000  7.300000e+001
    endloop
  endfacet
  facet normal  0.000000e+000  0.000000e+000  1.000000e+000
    outer loop
      vertex  3.246085e+001 -1.594699e+000  7.300000e+001
      vertex  2.946089e+001 -1.518623e+000  7.300000e+001
      vertex  3.234350e+001 -3.185557e+000  7.300000e+001
    endloop
  endfacet
  facet normal  0.000000e+000  0.000000e+000  1.000000e+000
    outer loop
      vertex  3.234350e+001 -3.185557e+000  7.300000e+001
      vertex  2.946089e+001 -1.518623e+000  7.300000e+001
      vertex  2.934365e+001 -3.033219e+000  7.300000e+001
    endloop
  endfacet
  facet normal  0.000000e+000  0.000000e+000  1.000000e+000
    outer loop
      vertex  3.234350e+001 -3.185557e+000  7.300000e+001
      vertex  2.934365e+001 -3.033219e+000  7.300000e+001
      vertex  3.214824e+001 -4.768741e+000  7.300000e+001
    endloop
  endfacet
  facet normal  0.000000e+000  0.000000e+000  1.000000e+000
    outer loop
      vertex  3.214824e+001 -4.768741e+000  7.300000e+001
      vertex  2.934365e+001 -3.033219e+000  7.300000e+001
      vertex  2.914859e+001 -4.539772e+000  7.300000e+001
    endloop
  endfacet
  facet normal  0.000000e+000  0.000000e+000  1.000000e+000
    outer loop
      vertex  3.214824e+001 -4.768741e+000  7.300000e+001
      vertex  2.914859e+001 -4.539772e+000  7.300000e+001
      vertex  3.187552e+001 -6.340436e+000  7.300000e+001
    endloop
  endfacet
  facet normal  0.000000e+000  0.000000e+000  1.000000e+000
    outer loop
      vertex  3.187552e+001 -6.340436e+000  7.300000e+001
      vertex  2.914859e+001 -4.539772e+000  7.300000e+001
      vertex  2.887624e+001 -6.034286e+000  7.300000e+001
    endloop
  endfacet
  facet normal  0.000000e+000  0.000000e+000  1.000000e+000
    outer loop
      vertex  3.187552e+001 -6.340436e+000  7.300000e+001
      vertex  2.887624e+001 -6.034286e+000  7.300000e+001
      vertex  3.152602e+001 -7.896856e+000  7.300000e+001
    endloop
  endfacet
  facet normal  0.000000e+000  0.000000e+000  1.000000e+000
    outer loop
      vertex  3.152602e+001 -7.896856e+000  7.300000e+001
      vertex  2.887624e+001 -6.034286e+000  7.300000e+001
      vertex  2.852732e+001 -7.512798e+000  7.300000e+001
    endloop
  endfacet
  facet normal  0.000000e+000  0.000000e+000  1.000000e+000
    outer loop
      vertex  3.152602e+001 -7.896856e+000  7.300000e+001
      vertex  2.852732e+001 -7.512798e+000  7.300000e+001
      vertex  3.110056e+001 -9.434252e+000  7.300000e+001
    endloop
  endfacet
  facet normal  0.000000e+000  0.000000e+000  1.000000e+000
    outer loop
      vertex  3.110056e+001 -9.434252e+000  7.300000e+001
      vertex  2.852732e+001 -7.512798e+000  7.300000e+001
      vertex  2.810274e+001 -8.971388e+000  7.300000e+001
    endloop
  endfacet
  facet normal  0.000000e+000  0.000000e+000  1.000000e+000
    outer loop
      vertex  3.110056e+001 -9.434252e+000  7.300000e+001
      vertex  2.810274e+001 -8.971388e+000  7.300000e+001
      vertex  3.060018e+001 -1.094892e+001  7.300000e+001
    endloop
  endfacet
  facet normal  0.000000e+000  0.000000e+000  1.000000e+000
    outer loop
      vertex  3.060018e+001 -1.094892e+001  7.300000e+001
      vertex  2.810274e+001 -8.971388e+000  7.300000e+001
      vertex  2.760365e+001 -1.040619e+001  7.300000e+001
    endloop
  endfacet
  facet normal  0.000000e+000  0.000000e+000  9.999999e-001
    outer loop
      vertex  3.060018e+001 -1.094892e+001  7.300000e+001
      vertex  2.760365e+001 -1.040619e+001  7.300000e+001
      vertex  3.002608e+001 -1.243721e+001  7.300000e+001
    endloop
  endfacet
  facet normal  0.000000e+000  0.000000e+000  1.000000e+000
    outer loop
      vertex  3.002608e+001 -1.243721e+001  7.300000e+001
      vertex  2.760365e+001 -1.040619e+001  7.300000e+001
      vertex  2.703135e+001 -1.181339e+001  7.300000e+001
    endloop
  endfacet
  facet normal  0.000000e+000  0.000000e+000  1.000000e+000
    outer loop
      vertex  3.002608e+001 -1.243721e+001  7.300000e+001
      vertex  2.703135e+001 -1.181339e+001  7.300000e+001
      vertex  2.937965e+001 -1.389554e+001  7.300000e+001
    endloop
  endfacet
  facet normal  0.000000e+000  0.000000e+000  1.000000e+000
    outer loop
      vertex  2.937965e+001 -1.389554e+001  7.300000e+001
      vertex  2.703135e+001 -1.181339e+001  7.300000e+001
      vertex  2.638737e+001 -1.318927e+001  7.300000e+001
    endloop
  endfacet
  facet normal  0.000000e+000  0.000000e+000  1.000000e+000
    outer loop
      vertex  2.937965e+001 -1.389554e+001  7.300000e+001
      vertex  2.638737e+001 -1.318927e+001  7.300000e+001
      vertex  2.567341e+001 -1.453017e+001  7.300000e+001
    endloop
  endfacet
  facet normal  -0.000000e+000  0.000000e+000  1.000000e+000
    outer loop
      vertex  2.937965e+001 -1.389554e+001  7.300000e+001
      vertex  2.567341e+001 -1.453017e+001  7.300000e+001
      vertex  2.866244e+001 -1.532039e+001  7.300000e+001
    endloop
  endfacet
  facet normal  0.000000e+000  0.000000e+000  1.000000e+000
    outer loop
      vertex  2.866244e+001 -1.532039e+001  7.300000e+001
      vertex  2.567341e+001 -1.453017e+001  7.300000e+001
      vertex  2.489138e+001 -1.583254e+001  7.300000e+001
    endloop
  endfacet
  facet normal  -0.000000e+000  0.000000e+000  1.000000e+000
    outer loop
      vertex  2.866244e+001 -1.532039e+001  7.300000e+001
      vertex  2.489138e+001 -1.583254e+001  7.300000e+001
      vertex  2.787618e+001 -1.670834e+001  7.300000e+001
    endloop
  endfacet
  facet normal  0.000000e+000  0.000000e+000  1.000000e+000
    outer loop
      vertex  2.787618e+001 -1.670834e+001  7.300000e+001
      vertex  2.489138e+001 -1.583254e+001  7.300000e+001
      vertex  2.404334e+001 -1.709292e+001  7.300000e+001
    endloop
  endfacet
  facet normal  -0.000000e+000  0.000000e+000  1.000000e+000
    outer loop
      vertex  2.787618e+001 -1.670834e+001  7.300000e+001
      vertex  2.404334e+001 -1.709292e+001  7.300000e+001
      vertex  2.702276e+001 -1.805603e+001  7.300000e+001
    endloop
  endfacet
  facet normal  0.000000e+000  0.000000e+000  1.000000e+000
    outer loop
      vertex  2.702276e+001 -1.805603e+001  7.300000e+001
      vertex  2.404334e+001 -1.709292e+001  7.300000e+001
      vertex  2.313153e+001 -1.830798e+001  7.300000e+001
    endloop
  endfacet
  facet normal  -0.000000e+000  0.000000e+000  1.000000e+000
    outer loop
      vertex  2.702276e+001 -1.805603e+001  7.300000e+001
      vertex  2.313153e+001 -1.830798e+001  7.300000e+001
      vertex  2.610424e+001 -1.936023e+001  7.300000e+001
    endloop
  endfacet
  facet normal  0.000000e+000  0.000000e+000  1.000000e+000
    outer loop
      vertex  2.610424e+001 -1.936023e+001  7.300000e+001
      vertex  2.313153e+001 -1.830798e+001  7.300000e+001
      vertex  2.215839e+001 -1.947449e+001  7.300000e+001
    endloop
  endfacet
  facet normal  -0.000000e+000  0.000000e+000  1.000000e+000
    outer loop
      vertex  2.610424e+001 -1.936023e+001  7.300000e+001
      vertex  2.215839e+001 -1.947449e+001  7.300000e+001
      vertex  2.512284e+001 -2.061778e+001  7.300000e+001
    endloop
  endfacet
  facet normal  0.000000e+000  0.000000e+000  1.000000e+000
    outer loop
      vertex  2.512284e+001 -2.061778e+001  7.300000e+001
      vertex  2.215839e+001 -1.947449e+001  7.300000e+001
      vertex  2.112649e+001 -2.058935e+001  7.300000e+001
    endloop
  endfacet
  facet normal  0.000000e+000  0.000000e+000  1.000000e+000
    outer loop
      vertex  2.512284e+001 -2.061778e+001  7.300000e+001
      vertex  2.112649e+001 -2.058935e+001  7.300000e+001
      vertex  2.408091e+001 -2.182567e+001  7.300000e+001
    endloop
  endfacet
  facet normal  0.000000e+000  0.000000e+000  1.000000e+000
    outer loop
      vertex  2.408091e+001 -2.182567e+001  7.300000e+001
      vertex  2.112649e+001 -2.058935e+001  7.300000e+001
      vertex  2.003856e+001 -2.164962e+001  7.300000e+001
    endloop
  endfacet
  facet normal  0.000000e+000  0.000000e+000  9.999999e-001
    outer loop
      vertex  2.408091e+001 -2.182567e+001  7.300000e+001
      vertex  2.003856e+001 -2.164962e+001  7.300000e+001
      vertex  2.298097e+001 -2.298097e+001  7.300000e+001
    endloop
  endfacet
  facet normal  0.000000e+000  0.000000e+000  1.000000e+000
    outer loop
      vertex  2.298097e+001 -2.298097e+001  7.300000e+001
      vertex  2.003856e+001 -2.164962e+001  7.300000e+001
      vertex  1.889750e+001 -2.265247e+001  7.300000e+001
    endloop
  endfacet
  facet normal  0.000000e+000  0.000000e+000  1.000000e+000
    outer loop
      vertex  2.298097e+001 -2.298097e+001  7.300000e+001
      vertex  1.889750e+001 -2.265247e+001  7.300000e+001
      vertex  2.182567e+001 -2.408091e+001  7.300000e+001
    endloop
  endfacet
  facet normal  0.000000e+000  0.000000e+000  1.000000e+000
    outer loop
      vertex  2.182567e+001 -2.408091e+001  7.300000e+001
      vertex  1.889750e+001 -2.265247e+001  7.300000e+001
      vertex  1.770632e+001 -2.359526e+001  7.300000e+001
    endloop
  endfacet
  facet normal  0.000000e+000  0.000000e+000  1.000000e+000
    outer loop
      vertex  2.182567e+001 -2.408091e+001  7.300000e+001
      vertex  1.770632e+001 -2.359526e+001  7.300000e+001
      vertex  1.646819e+001 -2.447547e+001  7.300000e+001
    endloop
  endfacet
  facet normal  -0.000000e+000  0.000000e+000  1.000000e+000
    outer loop
      vertex  2.182567e+001 -2.408091e+001  7.300000e+001
      vertex  1.646819e+001 -2.447547e+001  7.300000e+001
      vertex  2.061778e+001 -2.512284e+001  7.300000e+001
    endloop
  endfacet
  facet normal  0.000000e+000  0.000000e+000  1.000000e+000
    outer loop
      vertex  2.061778e+001 -2.512284e+001  7.300000e+001
      vertex  1.646819e+001 -2.447547e+001  7.300000e+001
      vertex  1.518639e+001 -2.529078e+001  7.300000e+001
    endloop
  endfacet
  facet normal  -0.000000e+000  0.000000e+000  1.000000e+000
    outer loop
      vertex  2.061778e+001 -2.512284e+001  7.300000e+001
      vertex  1.518639e+001 -2.529078e+001  7.300000e+001
      vertex  1.936023e+001 -2.610424e+001  7.300000e+001
    endloop
  endfacet
  facet normal  0.000000e+000  0.000000e+000  1.000000e+000
    outer loop
      vertex  1.936023e+001 -2.610424e+001  7.300000e+001
      vertex  1.518639e+001 -2.529078e+001  7.300000e+001
      vertex  1.386431e+001 -2.603902e+001  7.300000e+001
    endloop
  endfacet
  facet normal  0.000000e+000  0.000000e+000  1.000000e+000
    outer loop
      vertex  1.936023e+001 -2.610424e+001  7.300000e+001
      vertex  1.386431e+001 -2.603902e+001  7.300000e+001
      vertex  1.805603e+001 -2.702276e+001  7.300000e+001
    endloop
  endfacet
  facet normal  0.000000e+000  0.000000e+000  1.000000e+000
    outer loop
      vertex  1.805603e+001 -2.702276e+001  7.300000e+001
      vertex  1.386431e+001 -2.603902e+001  7.300000e+001
      vertex  1.250547e+001 -2.671822e+001  7.300000e+001
    endloop
  endfacet
  facet normal  0.000000e+000  0.000000e+000  1.000000e+000
    outer loop
      vertex  1.805603e+001 -2.702276e+001  7.300000e+001
      vertex  1.250547e+001 -2.671822e+001  7.300000e+001
      vertex  1.111347e+001 -2.732656e+001  7.300000e+001
    endloop
  endfacet
  facet normal  -0.000000e+000  0.000000e+000  1.000000e+000
    outer loop
      vertex  1.805603e+001 -2.702276e+001  7.300000e+001
      vertex  1.111347e+001 -2.732656e+001  7.300000e+001
      vertex  1.670834e+001 -2.787618e+001  7.300000e+001
    endloop
  endfacet
  facet normal  0.000000e+000  0.000000e+000  9.999999e-001
    outer loop
      vertex  1.670834e+001 -2.787618e+001  7.300000e+001
      vertex  1.111347e+001 -2.732656e+001  7.300000e+001
      vertex  9.692000e+000 -2.786243e+001  7.300000e+001
    endloop
  endfacet
  facet normal  0.000000e+000  0.000000e+000  1.000000e+000
    outer loop
      vertex  1.670834e+001 -2.787618e+001  7.300000e+001
      vertex  9.692000e+000 -2.786243e+001  7.300000e+001
      vertex  1.532039e+001 -2.866244e+001  7.300000e+001
    endloop
  endfacet
  facet normal  0.000000e+000  0.000000e+000  9.999999e-001
    outer loop
      vertex  1.532039e+001 -2.866244e+001  7.300000e+001
      vertex  9.692000e+000 -2.786243e+001  7.300000e+001
      vertex  8.244826e+000 -2.832442e+001  7.300000e+001
    endloop
  endfacet
  facet normal  0.000000e+000  0.000000e+000  1.000000e+000
    outer loop
      vertex  1.532039e+001 -2.866244e+001  7.300000e+001
      vertex  8.244826e+000 -2.832442e+001  7.300000e+001
      vertex  6.775788e+000 -2.871130e+001  7.300000e+001
    endloop
  endfacet
  facet normal  -0.000000e+000  0.000000e+000  1.000000e+000
    outer loop
      vertex  1.532039e+001 -2.866244e+001  7.300000e+001
      vertex  6.775788e+000 -2.871130e+001  7.300000e+001
      vertex  1.389554e+001 -2.937965e+001  7.300000e+001
    endloop
  endfacet
  facet normal  0.000000e+000  0.000000e+000  9.999999e-001
    outer loop
      vertex  1.389554e+001 -2.937965e+001  7.300000e+001
      vertex  6.775788e+000 -2.871130e+001  7.300000e+001
      vertex  5.288783e+000 -2.902204e+001  7.300000e+001
    endloop
  endfacet
  facet normal  0.000000e+000  0.000000e+000  1.000000e+000
    outer loop
      vertex  1.389554e+001 -2.937965e+001  7.300000e+001
      vertex  5.288783e+000 -2.902204e+001  7.300000e+001
      vertex  3.787751e+000 -2.925582e+001  7.300000e+001
    endloop
  endfacet
  facet normal  0.000000e+000  0.000000e+000  1.000000e+000
    outer loop
      vertex  7.595634e-001 -2.949022e+001  7.300000e+001
      vertex  1.243721e+001 -3.002608e+001  7.300000e+001
      vertex  2.276676e+000 -2.941202e+001  7.300000e+001
    endloop
  endfacet
  facet normal  -0.000000e+000  0.000000e+000  1.000000e+000
    outer loop
      vertex  2.276676e+000 -2.941202e+001  7.300000e+001
      vertex  1.243721e+001 -3.002608e+001  7.300000e+001
      vertex  1.389554e+001 -2.937965e+001  7.300000e+001
    endloop
  endfacet
  facet normal  0.000000e+000  0.000000e+000  9.999999e-001
    outer loop
      vertex  2.276676e+000 -2.941202e+001  7.300000e+001
      vertex  1.389554e+001 -2.937965e+001  7.300000e+001
      vertex  3.787751e+000 -2.925582e+001  7.300000e+001
    endloop
  endfacet
  facet normal -5.147779e-002  9.986742e-001  0.000000e+000
    outer loop
      vertex  7.595634e-001 -2.949022e+001  5.000000e+001
      vertex  2.276676e+000 -2.941202e+001  7.300000e+001
      vertex  2.276676e+000 -2.941202e+001  5.000000e+001
    endloop
  endfacet
  facet normal -1.028212e-001  9.946999e-001  0.000000e+000
    outer loop
      vertex  2.276676e+000 -2.941202e+001  5.000000e+001
      vertex  2.276676e+000 -2.941202e+001  7.300000e+001
      vertex  3.787751e+000 -2.925582e+001  7.300000e+001
    endloop
  endfacet
  facet normal -1.028212e-001  9.946999e-001  0.000000e+000
    outer loop
      vertex  2.276676e+000 -2.941202e+001  5.000000e+001
      vertex  3.787751e+000 -2.925582e+001  7.300000e+001
      vertex  3.787751e+000 -2.925582e+001  5.000000e+001
    endloop
  endfacet
  facet normal -1.538909e-001  9.880878e-001  0.000000e+000
    outer loop
      vertex  3.787751e+000 -2.925582e+001  5.000000e+001
      vertex  3.787751e+000 -2.925582e+001  7.300000e+001
      vertex  5.288783e+000 -2.902204e+001  7.300000e+001
    endloop
  endfacet
  facet normal -1.538909e-001  9.880878e-001  0.000000e+000
    outer loop
      vertex  3.787751e+000 -2.925582e+001  5.000000e+001
      vertex  5.288783e+000 -2.902204e+001  7.300000e+001
      vertex  5.288783e+000 -2.902204e+001  5.000000e+001
    endloop
  endfacet
  facet normal -2.045515e-001  9.788558e-001  0.000000e+000
    outer loop
      vertex  5.288783e+000 -2.902204e+001  5.000000e+001
      vertex  5.288783e+000 -2.902204e+001  7.300000e+001
      vertex  6.775788e+000 -2.871130e+001  7.300000e+001
    endloop
  endfacet
  facet normal -2.045515e-001  9.788558e-001  0.000000e+000
    outer loop
      vertex  5.288783e+000 -2.902204e+001  5.000000e+001
      vertex  6.775788e+000 -2.871130e+001  7.300000e+001
      vertex  6.775788e+000 -2.871130e+001  5.000000e+001
    endloop
  endfacet
  facet normal -2.546718e-001  9.670275e-001  0.000000e+000
    outer loop
      vertex  6.775788e+000 -2.871130e+001  5.000000e+001
      vertex  6.775788e+000 -2.871130e+001  7.300000e+001
      vertex  8.244826e+000 -2.832442e+001  7.300000e+001
    endloop
  endfacet
  facet normal -2.546718e-001  9.670275e-001  0.000000e+000
    outer loop
      vertex  6.775788e+000 -2.871130e+001  5.000000e+001
      vertex  8.244826e+000 -2.832442e+001  7.300000e+001
      vertex  8.244826e+000 -2.832442e+001  5.000000e+001
    endloop
  endfacet
  facet normal -3.041145e-001  9.526355e-001  0.000000e+000
    outer loop
      vertex  8.244826e+000 -2.832442e+001  5.000000e+001
      vertex  8.244826e+000 -2.832442e+001  7.300000e+001
      vertex  9.692000e+000 -2.786243e+001  7.300000e+001
    endloop
  endfacet
  facet normal -3.041145e-001  9.526355e-001  0.000000e+000
    outer loop
      vertex  8.244826e+000 -2.832442e+001  5.000000e+001
      vertex  9.692000e+000 -2.786243e+001  7.300000e+001
      vertex  9.692000e+000 -2.786243e+001  5.000000e+001
    endloop
  endfacet
  facet normal -3.527521e-001  9.357167e-001  0.000000e+000
    outer loop
      vertex  9.692000e+000 -2.786243e+001  5.000000e+001
      vertex  9.692000e+000 -2.786243e+001  7.300000e+001
      vertex  1.111347e+001 -2.732656e+001  7.300000e+001
    endloop
  endfacet
  facet normal -3.527521e-001  9.357167e-001  0.000000e+000
    outer loop
      vertex  9.692000e+000 -2.786243e+001  5.000000e+001
      vertex  1.111347e+001 -2.732656e+001  7.300000e+001
      vertex  1.111347e+001 -2.732656e+001  5.000000e+001
    endloop
  endfacet
  facet normal -4.004546e-001  9.163166e-001  0.000000e+000
    outer loop
      vertex  1.111347e+001 -2.732656e+001  5.000000e+001
      vertex  1.111347e+001 -2.732656e+001  7.300000e+001
      vertex  1.250547e+001 -2.671822e+001  7.300000e+001
    endloop
  endfacet
  facet normal -4.004546e-001  9.163166e-001  0.000000e+000
    outer loop
      vertex  1.111347e+001 -2.732656e+001  5.000000e+001
      vertex  1.250547e+001 -2.671822e+001  7.300000e+001
      vertex  1.250547e+001 -2.671822e+001  5.000000e+001
    endloop
  endfacet
  facet normal -4.470933e-001  8.944873e-001  0.000000e+000
    outer loop
      vertex  1.250547e+001 -2.671822e+001  5.000000e+001
      vertex  1.250547e+001 -2.671822e+001  7.300000e+001
      vertex  1.386431e+001 -2.603902e+001  7.300000e+001
    endloop
  endfacet
  facet normal -4.470933e-001  8.944873e-001  0.000000e+000
    outer loop
      vertex  1.250547e+001 -2.671822e+001  5.000000e+001
      vertex  1.386431e+001 -2.603902e+001  7.300000e+001
      vertex  1.386431e+001 -2.603902e+001  5.000000e+001
    endloop
  endfacet
  facet normal -4.925482e-001  8.702852e-001  0.000000e+000
    outer loop
      vertex  1.386431e+001 -2.603902e+001  5.000000e+001
      vertex  1.386431e+001 -2.603902e+001  7.300000e+001
      vertex  1.518639e+001 -2.529078e+001  7.300000e+001
    endloop
  endfacet
  facet normal -4.925482e-001  8.702852e-001  0.000000e+000
    outer loop
      vertex  1.386431e+001 -2.603902e+001  5.000000e+001
      vertex  1.518639e+001 -2.529078e+001  7.300000e+001
      vertex  1.518639e+001 -2.529078e+001  5.000000e+001
    endloop
  endfacet
  facet normal -5.366964e-001  8.437754e-001  0.000000e+000
    outer loop
      vertex  1.518639e+001 -2.529078e+001  5.000000e+001
      vertex  1.518639e+001 -2.529078e+001  7.300000e+001
      vertex  1.646819e+001 -2.447547e+001  7.300000e+001
    endloop
  endfacet
  facet normal -5.366964e-001  8.437754e-001  0.000000e+000
    outer loop
      vertex  1.518639e+001 -2.529078e+001  5.000000e+001
      vertex  1.646819e+001 -2.447547e+001  7.300000e+001
      vertex  1.646819e+001 -2.447547e+001  5.000000e+001
    endloop
  endfacet
  facet normal -5.794210e-001  8.150284e-001  0.000000e+000
    outer loop
      vertex  1.646819e+001 -2.447547e+001  5.000000e+001
      vertex  1.646819e+001 -2.447547e+001  7.300000e+001
      vertex  1.770632e+001 -2.359526e+001  7.300000e+001
    endloop
  endfacet
  facet normal -5.794210e-001  8.150284e-001  0.000000e+000
    outer loop
      vertex  1.646819e+001 -2.447547e+001  5.000000e+001
      vertex  1.770632e+001 -2.359526e+001  7.300000e+001
      vertex  1.770632e+001 -2.359526e+001  5.000000e+001
    endloop
  endfacet
  facet normal -6.206090e-001  7.841201e-001  0.000000e+000
    outer loop
      vertex  1.770632e+001 -2.359526e+001  5.000000e+001
      vertex  1.770632e+001 -2.359526e+001  7.300000e+001
      vertex  1.889750e+001 -2.265247e+001  7.300000e+001
    endloop
  endfacet
  facet normal -6.206090e-001  7.841201e-001  0.000000e+000
    outer loop
      vertex  1.770632e+001 -2.359526e+001  5.000000e+001
      vertex  1.889750e+001 -2.265247e+001  7.300000e+001
      vertex  1.889750e+001 -2.265247e+001  5.000000e+001
    endloop
  endfacet
  facet normal -6.601527e-001  7.511315e-001  0.000000e+000
    outer loop
      vertex  1.889750e+001 -2.265247e+001  5.000000e+001
      vertex  1.889750e+001 -2.265247e+001  7.300000e+001
      vertex  2.003856e+001 -2.164962e+001  7.300000e+001
    endloop
  endfacet
  facet normal -6.601527e-001  7.511315e-001  0.000000e+000
    outer loop
      vertex  1.889750e+001 -2.265247e+001  5.000000e+001
      vertex  2.003856e+001 -2.164962e+001  7.300000e+001
      vertex  2.003856e+001 -2.164962e+001  5.000000e+001
    endloop
  endfacet
  facet normal -6.979441e-001  7.161522e-001  0.000000e+000
    outer loop
      vertex  2.003856e+001 -2.164962e+001  5.000000e+001
      vertex  2.003856e+001 -2.164962e+001  7.300000e+001
      vertex  2.112649e+001 -2.058935e+001  7.300000e+001
    endloop
  endfacet
  facet normal -6.979441e-001  7.161522e-001  0.000000e+000
    outer loop
      vertex  2.003856e+001 -2.164962e+001  5.000000e+001
      vertex  2.112649e+001 -2.058935e+001  7.300000e+001
      vertex  2.112649e+001 -2.058935e+001  5.000000e+001
    endloop
  endfacet
  facet normal -7.338852e-001  6.792735e-001  0.000000e+000
    outer loop
      vertex  2.112649e+001 -2.058935e+001  5.000000e+001
      vertex  2.112649e+001 -2.058935e+001  7.300000e+001
      vertex  2.215839e+001 -1.947449e+001  7.300000e+001
    endloop
  endfacet
  facet normal -7.338852e-001  6.792735e-001  0.000000e+000
    outer loop
      vertex  2.112649e+001 -2.058935e+001  5.000000e+001
      vertex  2.215839e+001 -1.947449e+001  7.300000e+001
      vertex  2.215839e+001 -1.947449e+001  5.000000e+001
    endloop
  endfacet
  facet normal -7.678803e-001  6.405933e-001  0.000000e+000
    outer loop
      vertex  2.215839e+001 -1.947449e+001  5.000000e+001
      vertex  2.215839e+001 -1.947449e+001  7.300000e+001
      vertex  2.313153e+001 -1.830798e+001  7.300000e+001
    endloop
  endfacet
  facet normal -7.678803e-001  6.405933e-001  0.000000e+000
    outer loop
      vertex  2.215839e+001 -1.947449e+001  5.000000e+001
      vertex  2.313153e+001 -1.830798e+001  7.300000e+001
      vertex  2.313153e+001 -1.830798e+001  5.000000e+001
    endloop
  endfacet
  facet normal -7.998390e-001  6.002145e-001  0.000000e+000
    outer loop
      vertex  2.313153e+001 -1.830798e+001  5.000000e+001
      vertex  2.313153e+001 -1.830798e+001  7.300000e+001
      vertex  2.404334e+001 -1.709292e+001  7.300000e+001
    endloop
  endfacet
  facet normal -7.998390e-001  6.002145e-001  0.000000e+000
    outer loop
      vertex  2.313153e+001 -1.830798e+001  5.000000e+001
      vertex  2.404334e+001 -1.709292e+001  7.300000e+001
      vertex  2.404334e+001 -1.709292e+001  5.000000e+001
    endloop
  endfacet
  facet normal -8.296774e-001  5.582430e-001  0.000000e+000
    outer loop
      vertex  2.404334e+001 -1.709292e+001  5.000000e+001
      vertex  2.404334e+001 -1.709292e+001  7.300000e+001
      vertex  2.489138e+001 -1.583254e+001  7.300000e+001
    endloop
  endfacet
  facet normal -8.296774e-001  5.582430e-001  0.000000e+000
    outer loop
      vertex  2.404334e+001 -1.709292e+001  5.000000e+001
      vertex  2.489138e+001 -1.583254e+001  7.300000e+001
      vertex  2.489138e+001 -1.583254e+001  5.000000e+001
    endloop
  endfacet
  facet normal -8.573146e-001  5.147928e-001  0.000000e+000
    outer loop
      vertex  2.489138e+001 -1.583254e+001  5.000000e+001
      vertex  2.489138e+001 -1.583254e+001  7.300000e+001
      vertex  2.567341e+001 -1.453017e+001  7.300000e+001
    endloop
  endfacet
  facet normal -8.573146e-001  5.147928e-001  0.000000e+000
    outer loop
      vertex  2.489138e+001 -1.583254e+001  5.000000e+001
      vertex  2.567341e+001 -1.453017e+001  7.300000e+001
      vertex  2.567341e+001 -1.453017e+001  5.000000e+001
    endloop
  endfacet
  facet normal -8.826786e-001  4.699773e-001  0.000000e+000
    outer loop
      vertex  2.567341e+001 -1.453017e+001  5.000000e+001
      vertex  2.567341e+001 -1.453017e+001  7.300000e+001
      vertex  2.638737e+001 -1.318927e+001  7.300000e+001
    endloop
  endfacet
  facet normal -8.826786e-001  4.699773e-001  0.000000e+000
    outer loop
      vertex  2.567341e+001 -1.453017e+001  5.000000e+001
      vertex  2.638737e+001 -1.318927e+001  7.300000e+001
      vertex  2.638737e+001 -1.318927e+001  5.000000e+001
    endloop
  endfacet
  facet normal -9.057022e-001  4.239143e-001  0.000000e+000
    outer loop
      vertex  2.638737e+001 -1.318927e+001  5.000000e+001
      vertex  2.638737e+001 -1.318927e+001  7.300000e+001
      vertex  2.703135e+001 -1.181339e+001  7.300000e+001
    endloop
  endfacet
  facet normal -9.057022e-001  4.239143e-001  0.000000e+000
    outer loop
      vertex  2.638737e+001 -1.318927e+001  5.000000e+001
      vertex  2.703135e+001 -1.181339e+001  7.300000e+001
      vertex  2.703135e+001 -1.181339e+001  5.000000e+001
    endloop
  endfacet
  facet normal -9.263243e-001  3.767272e-001  0.000000e+000
    outer loop
      vertex  2.703135e+001 -1.181339e+001  5.000000e+001
      vertex  2.703135e+001 -1.181339e+001  7.300000e+001
      vertex  2.760365e+001 -1.040619e+001  7.300000e+001
    endloop
  endfacet
  facet normal -9.263243e-001  3.767272e-001  0.000000e+000
    outer loop
      vertex  2.703135e+001 -1.181339e+001  5.000000e+001
      vertex  2.760365e+001 -1.040619e+001  7.300000e+001
      vertex  2.760365e+001 -1.040619e+001  5.000000e+001
    endloop
  endfacet
  facet normal -9.444891e-001  3.285427e-001  0.000000e+000
    outer loop
      vertex  2.760365e+001 -1.040619e+001  5.000000e+001
      vertex  2.760365e+001 -1.040619e+001  7.300000e+001
      vertex  2.810274e+001 -8.971388e+000  7.300000e+001
    endloop
  endfacet
  facet normal -9.444891e-001  3.285427e-001  0.000000e+000
    outer loop
      vertex  2.760365e+001 -1.040619e+001  5.000000e+001
      vertex  2.810274e+001 -8.971388e+000  7.300000e+001
      vertex  2.810274e+001 -8.971388e+000  5.000000e+001
    endloop
  endfacet
  facet normal -9.601499e-001  2.794854e-001  0.000000e+000
    outer loop
      vertex  2.810274e+001 -8.971388e+000  5.000000e+001
      vertex  2.810274e+001 -8.971388e+000  7.300000e+001
      vertex  2.852732e+001 -7.512798e+000  7.300000e+001
    endloop
  endfacet
  facet normal -9.601499e-001  2.794854e-001  0.000000e+000
    outer loop
      vertex  2.810274e+001 -8.971388e+000  5.000000e+001
      vertex  2.852732e+001 -7.512798e+000  7.300000e+001
      vertex  2.852732e+001 -7.512798e+000  5.000000e+001
    endloop
  endfacet
  facet normal -9.732641e-001  2.296889e-001  0.000000e+000
    outer loop
      vertex  2.852732e+001 -7.512798e+000  5.000000e+001
      vertex  2.852732e+001 -7.512798e+000  7.300000e+001
      vertex  2.887624e+001 -6.034286e+000  7.300000e+001
    endloop
  endfacet
  facet normal -9.732641e-001  2.296889e-001  0.000000e+000
    outer loop
      vertex  2.852732e+001 -7.512798e+000  5.000000e+001
      vertex  2.887624e+001 -6.034286e+000  7.300000e+001
      vertex  2.887624e+001 -6.034286e+000  5.000000e+001
    endloop
  endfacet
  facet normal -9.837982e-001  1.792796e-001  0.000000e+000
    outer loop
      vertex  2.887624e+001 -6.034286e+000  5.000000e+001
      vertex  2.887624e+001 -6.034286e+000  7.300000e+001
      vertex  2.914859e+001 -4.539772e+000  7.300000e+001
    endloop
  endfacet
  facet normal -9.837982e-001  1.792796e-001  0.000000e+000
    outer loop
      vertex  2.887624e+001 -6.034286e+000  5.000000e+001
      vertex  2.914859e+001 -4.539772e+000  7.300000e+001
      vertex  2.914859e+001 -4.539772e+000  5.000000e+001
    endloop
  endfacet
  facet normal -9.917225e-001  1.283994e-001  0.000000e+000
    outer loop
      vertex  2.914859e+001 -4.539772e+000  5.000000e+001
      vertex  2.914859e+001 -4.539772e+000  7.300000e+001
      vertex  2.934365e+001 -3.033219e+000  7.300000e+001
    endloop
  endfacet
  facet normal -9.917225e-001  1.283994e-001  0.000000e+000
    outer loop
      vertex  2.914859e+001 -4.539772e+000  5.000000e+001
      vertex  2.934365e+001 -3.033219e+000  7.300000e+001
      vertex  2.934365e+001 -3.033219e+000  5.000000e+001
    endloop
  endfacet
  facet normal -9.970176e-001  7.717526e-002  0.000000e+000
    outer loop
      vertex  2.934365e+001 -3.033219e+000  5.000000e+001
      vertex  2.934365e+001 -3.033219e+000  7.300000e+001
      vertex  2.946089e+001 -1.518623e+000  7.300000e+001
    endloop
  endfacet
  facet normal -9.970176e-001  7.717526e-002  0.000000e+000
    outer loop
      vertex  2.934365e+001 -3.033219e+000  5.000000e+001
      vertex  2.946089e+001 -1.518623e+000  7.300000e+001
      vertex  2.946089e+001 -1.518623e+000  5.000000e+001
    endloop
  endfacet
  facet normal -9.996684e-001  2.574768e-002  0.000000e+000
    outer loop
      vertex  2.946089e+001 -1.518623e+000  5.000000e+001
      vertex  2.946089e+001 -1.518623e+000  7.300000e+001
      vertex  2.950000e+001  0.000000e+000  7.300000e+001
    endloop
  endfacet
  facet normal -9.996684e-001  2.574768e-002  0.000000e+000
    outer loop
      vertex  2.946089e+001 -1.518623e+000  5.000000e+001
      vertex  2.950000e+001  0.000000e+000  7.300000e+001
      vertex  2.950000e+001  0.000000e+000  5.000000e+001
    endloop
  endfacet
  facet normal -5.147779e-002  9.986742e-001  0.000000e+000
    outer loop
      vertex  2.276676e+000 -2.941202e+001  7.300000e+001
      vertex  7.595634e-001 -2.949022e+001  5.000000e+001
      vertex  7.595634e-001 -2.949022e+001  7.300000e+001
    endloop
  endfacet
  facet normal  0.000000e+000  1.000000e+000  0.000000e+000
    outer loop
      vertex  7.595634e-001 -2.949022e+001  7.300000e+001
      vertex  7.595634e-001 -2.949022e+001  5.000000e+001
      vertex -7.595634e-001 -2.949022e+001  5.000000e+001
    endloop
  endfacet
  facet normal  0.000000e+000  1.000000e+000  0.000000e+000
    outer loop
      vertex  7.595634e-001 -2.949022e+001  7.300000e+001
      vertex -7.595634e-001 -2.949022e+001  5.000000e+001
      vertex -7.595634e-001 -2.949022e+001  7.300000e+001
    endloop
  endfacet
  facet normal  5.147779e-002  9.986742e-001  0.000000e+000
    outer loop
      vertex -7.595634e-001 -2.949022e+001  7.300000e+001
      vertex -7.595634e-001 -2.949022e+001  5.000000e+001
      vertex -2.276676e+000 -2.941202e+001  5.000000e+001
    endloop
  endfacet
  facet normal  5.147779e-002  9.986742e-001  -0.000000e+000
    outer loop
      vertex -7.595634e-001 -2.949022e+001  7.300000e+001
      vertex -2.276676e+000 -2.941202e+001  5.000000e+001
      vertex -2.276676e+000 -2.941202e+001  7.300000e+001
    endloop
  endfacet
  facet normal  1.028212e-001  9.946999e-001  0.000000e+000
    outer loop
      vertex -2.276676e+000 -2.941202e+001  7.300000e+001
      vertex -2.276676e+000 -2.941202e+001  5.000000e+001
      vertex -3.787751e+000 -2.925582e+001  5.000000e+001
    endloop
  endfacet
  facet normal  1.028212e-001  9.946999e-001  -0.000000e+000
    outer loop
      vertex -2.276676e+000 -2.941202e+001  7.300000e+001
      vertex -3.787751e+000 -2.925582e+001  5.000000e+001
      vertex -3.787751e+000 -2.925582e+001  7.300000e+001
    endloop
  endfacet
  facet normal  1.538909e-001  9.880878e-001  0.000000e+000
    outer loop
      vertex -3.787751e+000 -2.925582e+001  7.300000e+001
      vertex -3.787751e+000 -2.925582e+001  5.000000e+001
      vertex -5.288783e+000 -2.902204e+001  5.000000e+001
    endloop
  endfacet
  facet normal  1.538909e-001  9.880878e-001  -0.000000e+000
    outer loop
      vertex -3.787751e+000 -2.925582e+001  7.300000e+001
      vertex -5.288783e+000 -2.902204e+001  5.000000e+001
      vertex -5.288783e+000 -2.902204e+001  7.300000e+001
    endloop
  endfacet
  facet normal  2.045515e-001  9.788558e-001  0.000000e+000
    outer loop
      vertex -5.288783e+000 -2.902204e+001  7.300000e+001
      vertex -5.288783e+000 -2.902204e+001  5.000000e+001
      vertex -6.775788e+000 -2.871130e+001  5.000000e+001
    endloop
  endfacet
  facet normal  2.045515e-001  9.788558e-001  -0.000000e+000
    outer loop
      vertex -5.288783e+000 -2.902204e+001  7.300000e+001
      vertex -6.775788e+000 -2.871130e+001  5.000000e+001
      vertex -6.775788e+000 -2.871130e+001  7.300000e+001
    endloop
  endfacet
  facet normal  2.546718e-001  9.670275e-001  0.000000e+000
    outer loop
      vertex -6.775788e+000 -2.871130e+001  7.300000e+001
      vertex -6.775788e+000 -2.871130e+001  5.000000e+001
      vertex -8.244826e+000 -2.832442e+001  5.000000e+001
    endloop
  endfacet
  facet normal  2.546718e-001  9.670275e-001  -0.000000e+000
    outer loop
      vertex -6.775788e+000 -2.871130e+001  7.300000e+001
      vertex -8.244826e+000 -2.832442e+001  5.000000e+001
      vertex -8.244826e+000 -2.832442e+001  7.300000e+001
    endloop
  endfacet
  facet normal  3.041145e-001  9.526355e-001  0.000000e+000
    outer loop
      vertex -8.244826e+000 -2.832442e+001  7.300000e+001
      vertex -8.244826e+000 -2.832442e+001  5.000000e+001
      vertex -9.692000e+000 -2.786243e+001  5.000000e+001
    endloop
  endfacet
  facet normal  3.041145e-001  9.526355e-001  -0.000000e+000
    outer loop
      vertex -8.244826e+000 -2.832442e+001  7.300000e+001
      vertex -9.692000e+000 -2.786243e+001  5.000000e+001
      vertex -9.692000e+000 -2.786243e+001  7.300000e+001
    endloop
  endfacet
  facet normal  3.527521e-001  9.357167e-001  0.000000e+000
    outer loop
      vertex -9.692000e+000 -2.786243e+001  7.300000e+001
      vertex -9.692000e+000 -2.786243e+001  5.000000e+001
      vertex -1.111347e+001 -2.732656e+001  5.000000e+001
    endloop
  endfacet
  facet normal  3.527521e-001  9.357167e-001  -0.000000e+000
    outer loop
      vertex -9.692000e+000 -2.786243e+001  7.300000e+001
      vertex -1.111347e+001 -2.732656e+001  5.000000e+001
      vertex -1.111347e+001 -2.732656e+001  7.300000e+001
    endloop
  endfacet
  facet normal  4.004546e-001  9.163166e-001  0.000000e+000
    outer loop
      vertex -1.111347e+001 -2.732656e+001  7.300000e+001
      vertex -1.111347e+001 -2.732656e+001  5.000000e+001
      vertex -1.250547e+001 -2.671822e+001  5.000000e+001
    endloop
  endfacet
  facet normal  4.004546e-001  9.163166e-001  -0.000000e+000
    outer loop
      vertex -1.111347e+001 -2.732656e+001  7.300000e+001
      vertex -1.250547e+001 -2.671822e+001  5.000000e+001
      vertex -1.250547e+001 -2.671822e+001  7.300000e+001
    endloop
  endfacet
  facet normal  4.470933e-001  8.944873e-001  0.000000e+000
    outer loop
      vertex -1.250547e+001 -2.671822e+001  7.300000e+001
      vertex -1.250547e+001 -2.671822e+001  5.000000e+001
      vertex -1.386431e+001 -2.603902e+001  5.000000e+001
    endloop
  endfacet
  facet normal  4.470933e-001  8.944873e-001  -0.000000e+000
    outer loop
      vertex -1.250547e+001 -2.671822e+001  7.300000e+001
      vertex -1.386431e+001 -2.603902e+001  5.000000e+001
      vertex -1.386431e+001 -2.603902e+001  7.300000e+001
    endloop
  endfacet
  facet normal  4.925482e-001  8.702852e-001  0.000000e+000
    outer loop
      vertex -1.386431e+001 -2.603902e+001  7.300000e+001
      vertex -1.386431e+001 -2.603902e+001  5.000000e+001
      vertex -1.518639e+001 -2.529078e+001  5.000000e+001
    endloop
  endfacet
  facet normal  4.925482e-001  8.702852e-001  -0.000000e+000
    outer loop
      vertex -1.386431e+001 -2.603902e+001  7.300000e+001
      vertex -1.518639e+001 -2.529078e+001  5.000000e+001
      vertex -1.518639e+001 -2.529078e+001  7.300000e+001
    endloop
  endfacet
  facet normal  5.366964e-001  8.437754e-001  0.000000e+000
    outer loop
      vertex -1.518639e+001 -2.529078e+001  7.300000e+001
      vertex -1.518639e+001 -2.529078e+001  5.000000e+001
      vertex -1.646819e+001 -2.447547e+001  5.000000e+001
    endloop
  endfacet
  facet normal  5.366964e-001  8.437754e-001  -0.000000e+000
    outer loop
      vertex -1.518639e+001 -2.529078e+001  7.300000e+001
      vertex -1.646819e+001 -2.447547e+001  5.000000e+001
      vertex -1.646819e+001 -2.447547e+001  7.300000e+001
    endloop
  endfacet
  facet normal  5.794210e-001  8.150284e-001  0.000000e+000
    outer loop
      vertex -1.646819e+001 -2.447547e+001  7.300000e+001
      vertex -1.646819e+001 -2.447547e+001  5.000000e+001
      vertex -1.770632e+001 -2.359526e+001  5.000000e+001
    endloop
  endfacet
  facet normal  5.794210e-001  8.150284e-001  -0.000000e+000
    outer loop
      vertex -1.646819e+001 -2.447547e+001  7.300000e+001
      vertex -1.770632e+001 -2.359526e+001  5.000000e+001
      vertex -1.770632e+001 -2.359526e+001  7.300000e+001
    endloop
  endfacet
  facet normal  6.206090e-001  7.841201e-001  0.000000e+000
    outer loop
      vertex -1.770632e+001 -2.359526e+001  7.300000e+001
      vertex -1.770632e+001 -2.359526e+001  5.000000e+001
      vertex -1.889750e+001 -2.265247e+001  5.000000e+001
    endloop
  endfacet
  facet normal  6.206090e-001  7.841201e-001  -0.000000e+000
    outer loop
      vertex -1.770632e+001 -2.359526e+001  7.300000e+001
      vertex -1.889750e+001 -2.265247e+001  5.000000e+001
      vertex -1.889750e+001 -2.265247e+001  7.300000e+001
    endloop
  endfacet
  facet normal  6.601527e-001  7.511315e-001  0.000000e+000
    outer loop
      vertex -1.889750e+001 -2.265247e+001  7.300000e+001
      vertex -1.889750e+001 -2.265247e+001  5.000000e+001
      vertex -2.003856e+001 -2.164962e+001  5.000000e+001
    endloop
  endfacet
  facet normal  6.601527e-001  7.511315e-001  -0.000000e+000
    outer loop
      vertex -1.889750e+001 -2.265247e+001  7.300000e+001
      vertex -2.003856e+001 -2.164962e+001  5.000000e+001
      vertex -2.003856e+001 -2.164962e+001  7.300000e+001
    endloop
  endfacet
  facet normal  6.979441e-001  7.161522e-001  0.000000e+000
    outer loop
      vertex -2.003856e+001 -2.164962e+001  7.300000e+001
      vertex -2.003856e+001 -2.164962e+001  5.000000e+001
      vertex -2.112649e+001 -2.058935e+001  5.000000e+001
    endloop
  endfacet
  facet normal  6.979441e-001  7.161522e-001  -0.000000e+000
    outer loop
      vertex -2.003856e+001 -2.164962e+001  7.300000e+001
      vertex -2.112649e+001 -2.058935e+001  5.000000e+001
      vertex -2.112649e+001 -2.058935e+001  7.300000e+001
    endloop
  endfacet
  facet normal  7.338852e-001  6.792735e-001  0.000000e+000
    outer loop
      vertex -2.112649e+001 -2.058935e+001  7.300000e+001
      vertex -2.112649e+001 -2.058935e+001  5.000000e+001
      vertex -2.215839e+001 -1.947449e+001  5.000000e+001
    endloop
  endfacet
  facet normal  7.338852e-001  6.792735e-001  -0.000000e+000
    outer loop
      vertex -2.112649e+001 -2.058935e+001  7.300000e+001
      vertex -2.215839e+001 -1.947449e+001  5.000000e+001
      vertex -2.215839e+001 -1.947449e+001  7.300000e+001
    endloop
  endfacet
  facet normal  7.678803e-001  6.405933e-001  0.000000e+000
    outer loop
      vertex -2.215839e+001 -1.947449e+001  7.300000e+001
      vertex -2.215839e+001 -1.947449e+001  5.000000e+001
      vertex -2.313153e+001 -1.830798e+001  5.000000e+001
    endloop
  endfacet
  facet normal  7.678803e-001  6.405933e-001  -0.000000e+000
    outer loop
      vertex -2.215839e+001 -1.947449e+001  7.300000e+001
      vertex -2.313153e+001 -1.830798e+001  5.000000e+001
      vertex -2.313153e+001 -1.830798e+001  7.300000e+001
    endloop
  endfacet
  facet normal  7.998390e-001  6.002145e-001  0.000000e+000
    outer loop
      vertex -2.313153e+001 -1.830798e+001  7.300000e+001
      vertex -2.313153e+001 -1.830798e+001  5.000000e+001
      vertex -2.404334e+001 -1.709292e+001  5.000000e+001
    endloop
  endfacet
  facet normal  7.998390e-001  6.002145e-001  -0.000000e+000
    outer loop
      vertex -2.313153e+001 -1.830798e+001  7.300000e+001
      vertex -2.404334e+001 -1.709292e+001  5.000000e+001
      vertex -2.404334e+001 -1.709292e+001  7.300000e+001
    endloop
  endfacet
  facet normal  8.296774e-001  5.582430e-001  0.000000e+000
    outer loop
      vertex -2.404334e+001 -1.709292e+001  7.300000e+001
      vertex -2.404334e+001 -1.709292e+001  5.000000e+001
      vertex -2.489138e+001 -1.583254e+001  5.000000e+001
    endloop
  endfacet
  facet normal  8.296774e-001  5.582430e-001  -0.000000e+000
    outer loop
      vertex -2.404334e+001 -1.709292e+001  7.300000e+001
      vertex -2.489138e+001 -1.583254e+001  5.000000e+001
      vertex -2.489138e+001 -1.583254e+001  7.300000e+001
    endloop
  endfacet
  facet normal  8.573146e-001  5.147928e-001  0.000000e+000
    outer loop
      vertex -2.489138e+001 -1.583254e+001  7.300000e+001
      vertex -2.489138e+001 -1.583254e+001  5.000000e+001
      vertex -2.567341e+001 -1.453017e+001  5.000000e+001
    endloop
  endfacet
  facet normal  8.573146e-001  5.147928e-001  -0.000000e+000
    outer loop
      vertex -2.489138e+001 -1.583254e+001  7.300000e+001
      vertex -2.567341e+001 -1.453017e+001  5.000000e+001
      vertex -2.567341e+001 -1.453017e+001  7.300000e+001
    endloop
  endfacet
  facet normal  8.826786e-001  4.699773e-001  0.000000e+000
    outer loop
      vertex -2.567341e+001 -1.453017e+001  7.300000e+001
      vertex -2.567341e+001 -1.453017e+001  5.000000e+001
      vertex -2.638737e+001 -1.318927e+001  5.000000e+001
    endloop
  endfacet
  facet normal  8.826786e-001  4.699773e-001  -0.000000e+000
    outer loop
      vertex -2.567341e+001 -1.453017e+001  7.300000e+001
      vertex -2.638737e+001 -1.318927e+001  5.000000e+001
      vertex -2.638737e+001 -1.318927e+001  7.300000e+001
    endloop
  endfacet
  facet normal  9.057022e-001  4.239143e-001  0.000000e+000
    outer loop
      vertex -2.638737e+001 -1.318927e+001  7.300000e+001
      vertex -2.638737e+001 -1.318927e+001  5.000000e+001
      vertex -2.703135e+001 -1.181339e+001  5.000000e+001
    endloop
  endfacet
  facet normal  9.057022e-001  4.239143e-001  -0.000000e+000
    outer loop
      vertex -2.638737e+001 -1.318927e+001  7.300000e+001
      vertex -2.703135e+001 -1.181339e+001  5.000000e+001
      vertex -2.703135e+001 -1.181339e+001  7.300000e+001
    endloop
  endfacet
  facet normal  9.263243e-001  3.767272e-001  0.000000e+000
    outer loop
      vertex -2.703135e+001 -1.181339e+001  7.300000e+001
      vertex -2.703135e+001 -1.181339e+001  5.000000e+001
      vertex -2.760365e+001 -1.040619e+001  5.000000e+001
    endloop
  endfacet
  facet normal  9.263243e-001  3.767272e-001  -0.000000e+000
    outer loop
      vertex -2.703135e+001 -1.181339e+001  7.300000e+001
      vertex -2.760365e+001 -1.040619e+001  5.000000e+001
      vertex -2.760365e+001 -1.040619e+001  7.300000e+001
    endloop
  endfacet
  facet normal  9.444891e-001  3.285427e-001  0.000000e+000
    outer loop
      vertex -2.760365e+001 -1.040619e+001  7.300000e+001
      vertex -2.760365e+001 -1.040619e+001  5.000000e+001
      vertex -2.810274e+001 -8.971388e+000  5.000000e+001
    endloop
  endfacet
  facet normal  9.444891e-001  3.285427e-001  -0.000000e+000
    outer loop
      vertex -2.760365e+001 -1.040619e+001  7.300000e+001
      vertex -2.810274e+001 -8.971388e+000  5.000000e+001
      vertex -2.810274e+001 -8.971388e+000  7.300000e+001
    endloop
  endfacet
  facet normal  9.601499e-001  2.794854e-001  0.000000e+000
    outer loop
      vertex -2.810274e+001 -8.971388e+000  7.300000e+001
      vertex -2.810274e+001 -8.971388e+000  5.000000e+001
      vertex -2.852732e+001 -7.512798e+000  5.000000e+001
    endloop
  endfacet
  facet normal  9.601499e-001  2.794854e-001  -0.000000e+000
    outer loop
      vertex -2.810274e+001 -8.971388e+000  7.300000e+001
      vertex -2.852732e+001 -7.512798e+000  5.000000e+001
      vertex -2.852732e+001 -7.512798e+000  7.300000e+001
    endloop
  endfacet
  facet normal  9.732641e-001  2.296889e-001  0.000000e+000
    outer loop
      vertex -2.852732e+001 -7.512798e+000  7.300000e+001
      vertex -2.852732e+001 -7.512798e+000  5.000000e+001
      vertex -2.887624e+001 -6.034286e+000  5.000000e+001
    endloop
  endfacet
  facet normal  9.732641e-001  2.296889e-001  -0.000000e+000
    outer loop
      vertex -2.852732e+001 -7.512798e+000  7.300000e+001
      vertex -2.887624e+001 -6.034286e+000  5.000000e+001
      vertex -2.887624e+001 -6.034286e+000  7.300000e+001
    endloop
  endfacet
  facet normal  9.837982e-001  1.792796e-001  0.000000e+000
    outer loop
      vertex -2.887624e+001 -6.034286e+000  7.300000e+001
      vertex -2.887624e+001 -6.034286e+000  5.000000e+001
      vertex -2.914859e+001 -4.539772e+000  5.000000e+001
    endloop
  endfacet
  facet normal  9.837982e-001  1.792796e-001  -0.000000e+000
    outer loop
      vertex -2.887624e+001 -6.034286e+000  7.300000e+001
      vertex -2.914859e+001 -4.539772e+000  5.000000e+001
      vertex -2.914859e+001 -4.539772e+000  7.300000e+001
    endloop
  endfacet
  facet normal  9.917225e-001  1.283994e-001  0.000000e+000
    outer loop
      vertex -2.914859e+001 -4.539772e+000  7.300000e+001
      vertex -2.914859e+001 -4.539772e+000  5.000000e+001
      vertex -2.934365e+001 -3.033219e+000  5.000000e+001
    endloop
  endfacet
  facet normal  9.917225e-001  1.283994e-001  -0.000000e+000
    outer loop
      vertex -2.914859e+001 -4.539772e+000  7.300000e+001
      vertex -2.934365e+001 -3.033219e+000  5.000000e+001
      vertex -2.934365e+001 -3.033219e+000  7.300000e+001
    endloop
  endfacet
  facet normal  9.970176e-001  7.717526e-002  0.000000e+000
    outer loop
      vertex -2.934365e+001 -3.033219e+000  7.300000e+001
      vertex -2.934365e+001 -3.033219e+000  5.000000e+001
      vertex -2.946089e+001 -1.518623e+000  5.000000e+001
    endloop
  endfacet
  facet normal  9.970176e-001  7.717526e-002  -0.000000e+000
    outer loop
      vertex -2.934365e+001 -3.033219e+000  7.300000e+001
      vertex -2.946089e+001 -1.518623e+000  5.000000e+001
      vertex -2.946089e+001 -1.518623e+000  7.300000e+001
    endloop
  endfacet
  facet normal  9.996684e-001  2.574768e-002  0.000000e+000
    outer loop
      vertex -2.946089e+001 -1.518623e+000  7.300000e+001
      vertex -2.946089e+001 -1.518623e+000  5.000000e+001
      vertex -2.950000e+001  3.612708e-015  5.000000e+001
    endloop
  endfacet
  facet normal  9.996684e-001  2.574768e-002  -0.000000e+000
    outer loop
      vertex -2.946089e+001 -1.518623e+000  7.300000e+001
      vertex -2.950000e+001  3.612708e-015  5.000000e+001
      vertex -2.950000e+001  3.612708e-015  7.300000e+001
    endloop
  endfacet
  facet normal -1.000000e+000  0.000000e+000  0.000000e+000
    outer loop
      vertex -1.150000e+002 -3.250000e+001  5.000000e+001
      vertex -1.150000e+002 -3.250000e+001  0.000000e+000
      vertex -1.150000e+002 -3.550000e+001  5.000000e+001
    endloop
  endfacet
  facet normal -9.999999e-001  0.000000e+000  0.000000e+000
    outer loop
      vertex -1.150000e+002 -3.550000e+001  5.000000e+001
      vertex -1.150000e+002 -3.250000e+001  0.000000e+000
      vertex -1.150000e+002 -3.550000e+001  3.000000e+000
    endloop
  endfacet
  facet normal -1.000000e+000  0.000000e+000  0.000000e+000
    outer loop
      vertex -1.150000e+002 -3.250000e+001  0.000000e+000
      vertex -1.150000e+002 -1.575000e+002  0.000000e+000
      vertex -1.150000e+002 -3.550000e+001  3.000000e+000
    endloop
  endfacet
  facet normal -1.000000e+000  -0.000000e+000  0.000000e+000
    outer loop
      vertex -1.150000e+002 -3.550000e+001  3.000000e+000
      vertex -1.150000e+002 -1.575000e+002  0.000000e+000
      vertex -1.150000e+002 -1.575000e+002  3.000000e+000
    endloop
  endfacet
  facet normal  0.000000e+000  1.000000e+000  0.000000e+000
    outer loop
      vertex -1.150000e+002 -3.250000e+001  5.000000e+001
      vertex -7.648529e+001 -3.250000e+001  5.000000e+001
      vertex -1.150000e+002 -3.250000e+001  0.000000e+000
    endloop
  endfacet
  facet normal  0.000000e+000  1.000000e+000  0.000000e+000
    outer loop
      vertex -1.150000e+002 -3.250000e+001  0.000000e+000
      vertex -7.648529e+001 -3.250000e+001  5.000000e+001
      vertex -7.648529e+001 -3.250000e+001  0.000000e+000
    endloop
  endfacet
  facet normal  1.000000e+000  0.000000e+000  0.000000e+000
    outer loop
      vertex  1.150000e+002 -1.575000e+002  0.000000e+000
      vertex  1.150000e+002 -3.250000e+001  0.000000e+000
      vertex  1.150000e+002 -1.575000e+002  3.000000e+000
    endloop
  endfacet
  facet normal  1.000000e+000  -0.000000e+000  0.000000e+000
    outer loop
      vertex  1.150000e+002 -1.575000e+002  3.000000e+000
      vertex  1.150000e+002 -3.250000e+001  0.000000e+000
      vertex  1.150000e+002 -3.550000e+001  3.000000e+000
    endloop
  endfacet
  facet normal  1.000000e+000  0.000000e+000  0.000000e+000
    outer loop
      vertex  1.150000e+002 -3.250000e+001  0.000000e+000
      vertex  1.150000e+002 -3.250000e+001  5.000000e+001
      vertex  1.150000e+002 -3.550000e+001  3.000000e+000
    endloop
  endfacet
  facet normal  9.999999e-001  0.000000e+000  0.000000e+000
    outer loop
      vertex  1.150000e+002 -3.550000e+001  3.000000e+000
      vertex  1.150000e+002 -3.250000e+001  5.000000e+001
      vertex  1.150000e+002 -3.550000e+001  5.000000e+001
    endloop
  endfacet
  facet normal  0.000000e+000  1.000000e+000  0.000000e+000
    outer loop
      vertex  7.648529e+001 -3.250000e+001  5.000000e+001
      vertex  1.150000e+002 -3.250000e+001  5.000000e+001
      vertex  7.648529e+001 -3.250000e+001  0.000000e+000
    endloop
  endfacet
  facet normal  0.000000e+000  1.000000e+000  0.000000e+000
    outer loop
      vertex  7.648529e+001 -3.250000e+001  0.000000e+000
      vertex  1.150000e+002 -3.250000e+001  5.000000e+001
      vertex  1.150000e+002 -3.250000e+001  0.000000e+000
    endloop
  endfacet
  facet normal  0.000000e+000 -1.000000e+000  0.000000e+000
    outer loop
      vertex  7.648529e+001 -3.550000e+001  5.000000e+001
      vertex  7.648529e+001 -3.550000e+001  3.000000e+000
      vertex  1.150000e+002 -3.550000e+001  5.000000e+001
    endloop
  endfacet
  facet normal  0.000000e+000 -1.000000e+000  -0.000000e+000
    outer loop
      vertex  1.150000e+002 -3.550000e+001  5.000000e+001
      vertex  7.648529e+001 -3.550000e+001  3.000000e+000
      vertex  1.150000e+002 -3.550000e+001  3.000000e+000
    endloop
  endfacet
  facet normal  0.000000e+000 -1.000000e+000  0.000000e+000
    outer loop
      vertex -1.150000e+002 -3.550000e+001  5.000000e+001
      vertex -1.150000e+002 -3.550000e+001  3.000000e+000
      vertex -7.648529e+001 -3.550000e+001  5.000000e+001
    endloop
  endfacet
  facet normal  0.000000e+000 -1.000000e+000  -0.000000e+000
    outer loop
      vertex -7.648529e+001 -3.550000e+001  5.000000e+001
      vertex -1.150000e+002 -3.550000e+001  3.000000e+000
      vertex -7.648529e+001 -3.550000e+001  3.000000e+000
    endloop
  endfacet
  facet normal  0.000000e+000 -1.000000e+000  0.000000e+000
    outer loop
      vertex  1.150000e+002 -1.575000e+002  3.000000e+000
      vertex -1.150000e+002 -1.575000e+002  3.000000e+000
      vertex  1.150000e+002 -1.575000e+002  0.000000e+000
    endloop
  endfacet
  facet normal  0.000000e+000 -1.000000e+000  0.000000e+000
    outer loop
      vertex  1.150000e+002 -1.575000e+002  0.000000e+000
      vertex -1.150000e+002 -1.575000e+002  3.000000e+000
      vertex -1.150000e+002 -1.575000e+002  0.000000e+000
    endloop
  endfacet
endsolid CATIA STL
