solid CATIA STL
  facet normal  7.456797e-001 -8.158685e-004  6.663041e-001
    outer loop
      vertex  2.372696e+001 -1.272099e+002  7.720995e+001
      vertex  2.470350e+001 -1.261184e+002  7.611840e+001
      vertex  2.460539e+001 -1.225000e+002  7.623264e+001
    endloop
  endfacet
  facet normal  7.408319e-001  1.205737e-003  6.716894e-001
    outer loop
      vertex  2.460539e+001 -1.225000e+002  7.623264e+001
      vertex  2.353415e+001 -1.225000e+002  7.741415e+001
      vertex  2.372696e+001 -1.272099e+002  7.720995e+001
    endloop
  endfacet
  facet normal  7.149718e-001 -1.043546e-003  6.991524e-001
    outer loop
      vertex  2.270063e+001 -1.282579e+002  7.825793e+001
      vertex  2.372696e+001 -1.272099e+002  7.720995e+001
      vertex  2.353415e+001 -1.225000e+002  7.741415e+001
    endloop
  endfacet
  facet normal  7.069854e-001  1.295828e-003  7.072270e-001
    outer loop
      vertex  2.353415e+001 -1.225000e+002  7.741415e+001
      vertex  2.240624e+001 -1.225000e+002  7.854167e+001
      vertex  2.270063e+001 -1.282579e+002  7.825793e+001
    endloop
  endfacet
  facet normal  6.159018e-001 -6.273940e-004  7.878227e-001
    outer loop
      vertex  2.045759e+001 -1.302534e+002  8.025346e+001
      vertex  1.999140e+001 -1.225000e+002  8.062409e+001
      vertex  1.955008e+001 -1.309624e+002  8.096236e+001
    endloop
  endfacet
  facet normal  5.955883e-001  1.050213e-003  8.032891e-001
    outer loop
      vertex  1.955008e+001 -1.309624e+002  8.096236e+001
      vertex  1.999140e+001 -1.225000e+002  8.062409e+001
      vertex  1.871028e+001 -1.225000e+002  8.157396e+001
    endloop
  endfacet
  facet normal  5.270813e-001 -5.767837e-004  8.498147e-001
    outer loop
      vertex  1.687500e+001 -1.225000e+002  8.277560e+001
      vertex  1.686467e+001 -1.226965e+002  8.278188e+001
      vertex  1.738411e+001 -1.225000e+002  8.245984e+001
    endloop
  endfacet
  facet normal  4.553512e-001  -0.000000e+000  8.903119e-001
    outer loop
      vertex  1.467140e+001 -1.243460e+002  8.400000e+001
      vertex  1.467140e+001 -1.259845e+002  8.400000e+001
      vertex  1.492616e+001 -1.243735e+002  8.386971e+001
    endloop
  endfacet
  facet normal  4.278458e-001 -1.016655e-003  9.038511e-001
    outer loop
      vertex  1.317972e+001 -1.347077e+002  8.470766e+001
      vertex  1.411447e+001 -1.258861e+002  8.427511e+001
      vertex  1.371308e+001 -1.257548e+002  8.446526e+001
    endloop
  endfacet
  facet normal  4.159330e-001 -1.568434e-004  9.093953e-001
    outer loop
      vertex  1.317972e+001 -1.347077e+002  8.470766e+001
      vertex  1.371308e+001 -1.257548e+002  8.446526e+001
      vertex  1.332554e+001 -1.255735e+002  8.464254e+001
    endloop
  endfacet
  facet normal  2.902238e-001  7.120543e-004  9.569585e-001
    outer loop
      vertex  1.019255e+001 -1.225000e+002  8.586036e+001
      vertex  8.666357e+000 -1.225000e+002  8.632322e+001
      vertex  9.517903e+000 -1.360751e+002  8.607507e+001
    endloop
  endfacet
  facet normal  2.743006e-001 -3.724295e-004  9.616438e-001
    outer loop
      vertex  9.517903e+000 -1.360751e+002  8.607507e+001
      vertex  8.666357e+000 -1.225000e+002  8.632322e+001
      vertex  8.301935e+000 -1.364218e+002  8.642178e+001
    endloop
  endfacet
  facet normal  2.429309e-001  5.081819e-004  9.700435e-001
    outer loop
      vertex  8.301935e+000 -1.364218e+002  8.642178e+001
      vertex  8.666357e+000 -1.225000e+002  8.632322e+001
      vertex  7.119293e+000 -1.225000e+002  8.671066e+001
    endloop
  endfacet
  facet normal  1.589131e-001 -2.769508e-004  9.872925e-001
    outer loop
      vertex  4.523103e+000 -1.371837e+002  8.718372e+001
      vertex  5.801501e+000 -1.369780e+002  8.697800e+001
      vertex  5.555085e+000 -1.225000e+002  8.702173e+001
    endloop
  endfacet
  facet normal  1.467001e-001  6.022223e-004  9.891808e-001
    outer loop
      vertex  5.555085e+000 -1.225000e+002  8.702173e+001
      vertex  3.977501e+000 -1.225000e+002  8.725569e+001
      vertex  4.523103e+000 -1.371837e+002  8.718372e+001
    endloop
  endfacet
  facet normal  1.207204e-001 -3.802863e-004  9.926865e-001
    outer loop
      vertex  3.319289e+000 -1.373300e+002  8.733006e+001
      vertex  4.523103e+000 -1.371837e+002  8.718372e+001
      vertex  3.977501e+000 -1.225000e+002  8.725569e+001
    endloop
  endfacet
  facet normal  9.799619e-002  6.408324e-004  9.951866e-001
    outer loop
      vertex  3.977501e+000 -1.225000e+002  8.725569e+001
      vertex  2.390338e+000 -1.225000e+002  8.741198e+001
      vertex  3.319289e+000 -1.373300e+002  8.733006e+001
    endloop
  endfacet
  facet normal  8.528857e-003 -1.053863e-004  9.999636e-001
    outer loop
      vertex -3.333993e-001 -1.374983e+002  8.749828e+001
      vertex  8.877307e-001 -1.374879e+002  8.748787e+001
      vertex  7.974195e-001 -1.225000e+002  8.749022e+001
    endloop
  endfacet
  facet normal  -0.000000e+000  5.376791e-004  9.999998e-001
    outer loop
      vertex  7.974195e-001 -1.225000e+002  8.749022e+001
      vertex -7.974195e-001 -1.225000e+002  8.749022e+001
      vertex -3.333993e-001 -1.374983e+002  8.749828e+001
    endloop
  endfacet
  facet normal -2.904070e-002 -3.610146e-004  9.995782e-001
    outer loop
      vertex -1.553631e+000 -1.374628e+002  8.746284e+001
      vertex -3.333993e-001 -1.374983e+002  8.749828e+001
      vertex -7.974195e-001 -1.225000e+002  8.749022e+001
    endloop
  endfacet
  facet normal -4.905788e-002  6.520708e-004  9.987957e-001
    outer loop
      vertex -7.974195e-001 -1.225000e+002  8.749022e+001
      vertex -2.390338e+000 -1.225000e+002  8.741198e+001
      vertex -1.553631e+000 -1.374628e+002  8.746284e+001
    endloop
  endfacet
  facet normal -6.654495e-002 -3.292294e-004  9.977833e-001
    outer loop
      vertex -1.553631e+000 -1.374628e+002  8.746284e+001
      vertex -2.390338e+000 -1.225000e+002  8.741198e+001
      vertex -2.769605e+000 -1.373818e+002  8.738177e+001
    endloop
  endfacet
  facet normal -1.950499e-001  6.717968e-004  9.807931e-001
    outer loop
      vertex -5.555085e+000 -1.225000e+002  8.702173e+001
      vertex -7.119293e+000 -1.225000e+002  8.671066e+001
      vertex -6.431314e+000 -1.368573e+002  8.685731e+001
    endloop
  endfacet
  facet normal -2.164910e-001 -4.016778e-004  9.762846e-001
    outer loop
      vertex -6.431314e+000 -1.368573e+002  8.685731e+001
      vertex -7.119293e+000 -1.225000e+002  8.671066e+001
      vertex -7.632694e+000 -1.365910e+002  8.659101e+001
    endloop
  endfacet
  facet normal -2.429309e-001  6.146410e-004  9.700434e-001
    outer loop
      vertex -7.632694e+000 -1.365910e+002  8.659101e+001
      vertex -7.119293e+000 -1.225000e+002  8.671066e+001
      vertex -8.666357e+000 -1.225000e+002  8.632322e+001
    endloop
  endfacet
  facet normal -3.926620e-001 -1.202710e-003  9.196820e-001
    outer loop
      vertex -1.356098e+001 -1.345356e+002  8.453557e+001
      vertex -1.261802e+001 -1.250644e+002  8.495055e+001
      vertex -1.295826e+001 -1.253428e+002  8.480492e+001
    endloop
  endfacet
  facet normal -4.042119e-001 -2.984576e-004  9.146653e-001
    outer loop
      vertex -1.356098e+001 -1.345356e+002  8.453557e+001
      vertex -1.295826e+001 -1.253428e+002  8.480492e+001
      vertex -1.332554e+001 -1.255735e+002  8.464254e+001
    endloop
  endfacet
  facet normal -4.160228e-001  7.521805e-005  9.093542e-001
    outer loop
      vertex -1.332554e+001 -1.255735e+002  8.464254e+001
      vertex -1.371308e+001 -1.257548e+002  8.446526e+001
      vertex -1.356098e+001 -1.345356e+002  8.453557e+001
    endloop
  endfacet
  facet normal -6.342795e-001  1.123715e-003  7.731030e-001
    outer loop
      vertex -1.999140e+001 -1.225000e+002  8.062409e+001
      vertex -2.122437e+001 -1.225000e+002  7.961252e+001
      vertex -2.041316e+001 -1.302894e+002  8.028938e+001
    endloop
  endfacet
  facet normal -6.457702e-001 -9.047019e-004  7.635313e-001
    outer loop
      vertex -2.041316e+001 -1.302894e+002  8.028938e+001
      vertex -2.122437e+001 -1.225000e+002  7.961252e+001
      vertex -2.152236e+001 -1.293524e+002  7.935237e+001
    endloop
  endfacet
  facet normal -6.714435e-001  1.065054e-003  7.410548e-001
    outer loop
      vertex -2.152236e+001 -1.293524e+002  7.935237e+001
      vertex -2.122437e+001 -1.225000e+002  7.961252e+001
      vertex -2.240624e+001 -1.225000e+002  7.854167e+001
    endloop
  endfacet
  facet normal -6.789013e-001 -7.044461e-004  7.342292e-001
    outer loop
      vertex -2.152236e+001 -1.293524e+002  7.935237e+001
      vertex -2.240624e+001 -1.225000e+002  7.854167e+001
      vertex -2.257278e+001 -1.283820e+002  7.838203e+001
    endloop
  endfacet
  facet normal -7.069857e-001  8.235652e-004  7.072273e-001
    outer loop
      vertex -2.257278e+001 -1.283820e+002  7.838203e+001
      vertex -2.240624e+001 -1.225000e+002  7.854167e+001
      vertex -2.353415e+001 -1.225000e+002  7.741415e+001
    endloop
  endfacet
  facet normal  7.679307e-001  8.020401e-004  6.405324e-001
    outer loop
      vertex  2.537867e+001  2.030204e+001  7.530204e+001
      vertex  2.450007e+001  2.135407e+001  7.635407e+001
      vertex  2.460539e+001  1.750000e+001  7.623264e+001
    endloop
  endfacet
  facet normal  7.069857e-001 -8.235637e-004  7.072273e-001
    outer loop
      vertex  2.353415e+001  1.750000e+001  7.741415e+001
      vertex  2.257278e+001  2.338203e+001  7.838203e+001
      vertex  2.240624e+001  1.750000e+001  7.854167e+001
    endloop
  endfacet
  facet normal  6.789013e-001  7.044461e-004  7.342293e-001
    outer loop
      vertex  2.240624e+001  1.750000e+001  7.854167e+001
      vertex  2.257278e+001  2.338203e+001  7.838203e+001
      vertex  2.152236e+001  2.435237e+001  7.935237e+001
    endloop
  endfacet
  facet normal  6.714435e-001 -1.065056e-003  7.410548e-001
    outer loop
      vertex  2.240624e+001  1.750000e+001  7.854167e+001
      vertex  2.152236e+001  2.435237e+001  7.935237e+001
      vertex  2.122437e+001  1.750000e+001  7.961252e+001
    endloop
  endfacet
  facet normal  6.457701e-001  9.047005e-004  7.635313e-001
    outer loop
      vertex  2.122437e+001  1.750000e+001  7.961252e+001
      vertex  2.152236e+001  2.435237e+001  7.935237e+001
      vertex  2.041316e+001  2.528938e+001  8.028938e+001
    endloop
  endfacet
  facet normal  6.342795e-001 -1.123713e-003  7.731030e-001
    outer loop
      vertex  2.122437e+001  1.750000e+001  7.961252e+001
      vertex  2.041316e+001  2.528938e+001  8.028938e+001
      vertex  1.999140e+001  1.750000e+001  8.062409e+001
    endloop
  endfacet
  facet normal  5.827113e-001  1.021846e-004  8.126792e-001
    outer loop
      vertex  1.923653e+001  2.619553e+001  8.119553e+001
      vertex  1.863399e+001  2.662752e+001  8.162752e+001
      vertex  1.871028e+001  1.750000e+001  8.157396e+001
    endloop
  endfacet
  facet normal  4.038083e-001  1.065872e-003  9.148430e-001
    outer loop
      vertex  1.332554e+001  2.057346e+001  8.464254e+001
      vertex  1.235065e+001  3.006179e+001  8.506180e+001
      vertex  1.295826e+001  2.034276e+001  8.480492e+001
    endloop
  endfacet
  facet normal  3.932951e-001  2.878360e-004  9.194123e-001
    outer loop
      vertex  1.261802e+001  2.006441e+001  8.495055e+001
      vertex  1.295826e+001  2.034276e+001  8.480492e+001
      vertex  1.235065e+001  3.006179e+001  8.506180e+001
    endloop
  endfacet
  facet normal  3.837449e-001 -1.238518e-005  9.234391e-001
    outer loop
      vertex  1.261802e+001  2.006441e+001  8.495055e+001
      vertex  1.235065e+001  3.006179e+001  8.506180e+001
      vertex  1.232507e+001  1.975715e+001  8.507229e+001
    endloop
  endfacet
  facet normal  2.429308e-001 -6.146416e-004  9.700434e-001
    outer loop
      vertex  8.666357e+000  1.750000e+001  8.632322e+001
      vertex  7.632694e+000  3.159101e+001  8.659101e+001
      vertex  7.119293e+000  1.750000e+001  8.671066e+001
    endloop
  endfacet
  facet normal  2.164910e-001  4.016775e-004  9.762846e-001
    outer loop
      vertex  7.119293e+000  1.750000e+001  8.671066e+001
      vertex  7.632694e+000  3.159101e+001  8.659101e+001
      vertex  6.431314e+000  3.185731e+001  8.685731e+001
    endloop
  endfacet
  facet normal  1.950499e-001 -6.717971e-004  9.807931e-001
    outer loop
      vertex  7.119293e+000  1.750000e+001  8.671066e+001
      vertex  6.431314e+000  3.185731e+001  8.685731e+001
      vertex  5.555085e+000  1.750000e+001  8.702173e+001
    endloop
  endfacet
  facet normal  1.792234e-001  3.286258e-004  9.838083e-001
    outer loop
      vertex  6.431314e+000  3.185731e+001  8.685731e+001
      vertex  5.212075e+000  3.207934e+001  8.707935e+001
      vertex  5.555085e+000  1.750000e+001  8.702173e+001
    endloop
  endfacet
  facet normal  4.905788e-002 -6.520710e-004  9.987957e-001
    outer loop
      vertex  2.390338e+000  1.750000e+001  8.741198e+001
      vertex  1.553631e+000  3.246284e+001  8.746284e+001
      vertex  7.974195e-001  1.750000e+001  8.749022e+001
    endloop
  endfacet
  facet normal  2.904070e-002  3.610146e-004  9.995782e-001
    outer loop
      vertex  1.553631e+000  3.246284e+001  8.746284e+001
      vertex  3.333993e-001  3.249829e+001  8.749828e+001
      vertex  7.974195e-001  1.750000e+001  8.749022e+001
    endloop
  endfacet
  facet normal  0.000000e+000 -5.376791e-004  9.999998e-001
    outer loop
      vertex -7.974195e-001  1.750000e+001  8.749022e+001
      vertex  7.974195e-001  1.750000e+001  8.749022e+001
      vertex  3.333993e-001  3.249829e+001  8.749828e+001
    endloop
  endfacet
  facet normal -8.528857e-003  1.053863e-004  9.999636e-001
    outer loop
      vertex  3.333993e-001  3.249829e+001  8.749828e+001
      vertex -8.877307e-001  3.248787e+001  8.748787e+001
      vertex -7.974195e-001  1.750000e+001  8.749022e+001
    endloop
  endfacet
  facet normal -9.799619e-002 -6.408325e-004  9.951865e-001
    outer loop
      vertex -2.390338e+000  1.750000e+001  8.741198e+001
      vertex -3.319289e+000  3.233005e+001  8.733006e+001
      vertex -3.977501e+000  1.750000e+001  8.725569e+001
    endloop
  endfacet
  facet normal -1.207204e-001  3.802863e-004  9.926865e-001
    outer loop
      vertex -3.319289e+000  3.233005e+001  8.733006e+001
      vertex -4.523103e+000  3.218372e+001  8.718372e+001
      vertex -3.977501e+000  1.750000e+001  8.725569e+001
    endloop
  endfacet
  facet normal -1.467001e-001 -6.022223e-004  9.891808e-001
    outer loop
      vertex -5.555085e+000  1.750000e+001  8.702173e+001
      vertex -3.977501e+000  1.750000e+001  8.725569e+001
      vertex -4.523103e+000  3.218372e+001  8.718372e+001
    endloop
  endfacet
  facet normal -1.589131e-001  2.769508e-004  9.872925e-001
    outer loop
      vertex -4.523103e+000  3.218372e+001  8.718372e+001
      vertex -5.801501e+000  3.197800e+001  8.697800e+001
      vertex -5.555085e+000  1.750000e+001  8.702173e+001
    endloop
  endfacet
  facet normal -2.429309e-001 -5.081816e-004  9.700435e-001
    outer loop
      vertex -7.119293e+000  1.750000e+001  8.671066e+001
      vertex -8.301935e+000  3.142177e+001  8.642178e+001
      vertex -8.666357e+000  1.750000e+001  8.632322e+001
    endloop
  endfacet
  facet normal -2.743007e-001  3.724303e-004  9.616439e-001
    outer loop
      vertex -8.666357e+000  1.750000e+001  8.632322e+001
      vertex -8.301935e+000  3.142177e+001  8.642178e+001
      vertex -9.517903e+000  3.107506e+001  8.607507e+001
    endloop
  endfacet
  facet normal -2.902238e-001 -7.120541e-004  9.569586e-001
    outer loop
      vertex -8.666357e+000  1.750000e+001  8.632322e+001
      vertex -9.517903e+000  3.107506e+001  8.607507e+001
      vertex -1.019255e+001  1.750000e+001  8.586036e+001
    endloop
  endfacet
  facet normal -5.872213e-001  2.236838e-004  8.094264e-001
    outer loop
      vertex -1.871028e+001  1.750000e+001  8.157396e+001
      vertex -1.860611e+001  2.664700e+001  8.164700e+001
      vertex -1.955008e+001  2.596236e+001  8.096236e+001
    endloop
  endfacet
  facet normal -5.955883e-001 -1.050212e-003  8.032892e-001
    outer loop
      vertex -1.871028e+001  1.750000e+001  8.157396e+001
      vertex -1.955008e+001  2.596236e+001  8.096236e+001
      vertex -1.999140e+001  1.750000e+001  8.062409e+001
    endloop
  endfacet
  facet normal -6.903369e-001  3.567101e-004  7.234879e-001
    outer loop
      vertex -2.240624e+001  1.750000e+001  7.854167e+001
      vertex -2.215667e+001  2.377671e+001  7.877671e+001
      vertex -2.270063e+001  2.325793e+001  7.825793e+001
    endloop
  endfacet
  facet normal -7.069854e-001 -1.295830e-003  7.072269e-001
    outer loop
      vertex -2.240624e+001  1.750000e+001  7.854167e+001
      vertex -2.270063e+001  2.325793e+001  7.825793e+001
      vertex -2.353415e+001  1.750000e+001  7.741415e+001
    endloop
  endfacet
  facet normal -7.149718e-001  1.043547e-003  6.991525e-001
    outer loop
      vertex -2.270063e+001  2.325793e+001  7.825793e+001
      vertex -2.372696e+001  2.220994e+001  7.720995e+001
      vertex -2.353415e+001  1.750000e+001  7.741415e+001
    endloop
  endfacet
  facet normal -7.408320e-001 -1.205738e-003  6.716894e-001
    outer loop
      vertex -2.460539e+001  1.750000e+001  7.623264e+001
      vertex -2.353415e+001  1.750000e+001  7.741415e+001
      vertex -2.372696e+001  2.220994e+001  7.720995e+001
    endloop
  endfacet
  facet normal -7.456797e-001  8.158686e-004  6.663041e-001
    outer loop
      vertex -2.372696e+001  2.220994e+001  7.720995e+001
      vertex -2.470350e+001  2.111840e+001  7.611840e+001
      vertex -2.460539e+001  1.750000e+001  7.623264e+001
    endloop
  endfacet
  facet normal  7.845668e-001 -1.032029e-008  6.200443e-001
    outer loop
      vertex  2.561737e+001 -1.250000e+002  7.500000e+001
      vertex  2.561738e+001  2.000000e+001  7.500000e+001
      vertex  2.537867e+001  2.030204e+001  7.530204e+001
    endloop
  endfacet
  facet normal  7.692150e-001 -6.461271e-005  6.389901e-001
    outer loop
      vertex  2.561737e+001 -1.250000e+002  7.500000e+001
      vertex  2.537867e+001  2.030204e+001  7.530204e+001
      vertex  2.460539e+001  1.750000e+001  7.623264e+001
    endloop
  endfacet
  facet normal  7.728912e-001  0.000000e+000  6.345387e-001
    outer loop
      vertex  2.561737e+001 -1.250000e+002  7.500000e+001
      vertex  2.460539e+001  1.750000e+001  7.623264e+001
      vertex  2.460539e+001 -1.225000e+002  7.623264e+001
    endloop
  endfacet
  facet normal  7.738739e-001  9.893699e-004  6.333389e-001
    outer loop
      vertex  2.561737e+001 -1.250000e+002  7.500000e+001
      vertex  2.460539e+001 -1.225000e+002  7.623264e+001
      vertex  2.470350e+001 -1.261184e+002  7.611840e+001
    endloop
  endfacet
  facet normal  5.269534e-001 -4.030816e-004  8.498941e-001
    outer loop
      vertex  1.660887e+001 -1.329356e+002  8.293555e+001
      vertex  1.762568e+001 -1.323054e+002  8.230541e+001
      vertex  1.738411e+001 -1.225000e+002  8.245984e+001
    endloop
  endfacet
  facet normal  5.270361e-001 -4.115700e-004  8.498428e-001
    outer loop
      vertex  1.660887e+001 -1.329356e+002  8.293555e+001
      vertex  1.738411e+001 -1.225000e+002  8.245984e+001
      vertex  1.686467e+001 -1.226965e+002  8.278188e+001
    endloop
  endfacet
  facet normal  5.190871e-001 -1.397567e-004  8.547213e-001
    outer loop
      vertex  1.660887e+001 -1.329356e+002  8.293555e+001
      vertex  1.686467e+001 -1.226965e+002  8.278188e+001
      vertex  1.683397e+001 -1.228901e+002  8.280049e+001
    endloop
  endfacet
  facet normal  5.168546e-001 -7.155436e-005  8.560732e-001
    outer loop
      vertex  1.660887e+001 -1.329356e+002  8.293555e+001
      vertex  1.683397e+001 -1.228901e+002  8.280049e+001
      vertex  1.674930e+001 -1.231750e+002  8.285159e+001
    endloop
  endfacet
  facet normal  5.134427e-001 -4.823549e-006  8.581240e-001
    outer loop
      vertex  1.660887e+001 -1.329356e+002  8.293555e+001
      vertex  1.674930e+001 -1.231750e+002  8.285159e+001
      vertex  1.662329e+001 -1.234384e+002  8.292698e+001
    endloop
  endfacet
  facet normal  5.088717e-001  4.572501e-006  8.608423e-001
    outer loop
      vertex  1.660887e+001 -1.329356e+002  8.293555e+001
      vertex  1.662329e+001 -1.234384e+002  8.292698e+001
      vertex  1.645327e+001 -1.236848e+002  8.302749e+001
    endloop
  endfacet
  facet normal  4.942912e-001 -3.246991e-004  8.692964e-001
    outer loop
      vertex  1.660887e+001 -1.329356e+002  8.293555e+001
      vertex  1.645327e+001 -1.236848e+002  8.302749e+001
      vertex  1.550463e+001 -1.335632e+002  8.356320e+001
    endloop
  endfacet
  facet normal  5.043893e-001 -1.610134e-003  8.634747e-001
    outer loop
      vertex  1.550463e+001 -1.335632e+002  8.356320e+001
      vertex  1.645327e+001 -1.236848e+002  8.302749e+001
      vertex  1.625093e+001 -1.238967e+002  8.314529e+001
    endloop
  endfacet
  facet normal  4.968164e-001 -8.360906e-004  8.678553e-001
    outer loop
      vertex  1.550463e+001 -1.335632e+002  8.356320e+001
      vertex  1.625093e+001 -1.238967e+002  8.314529e+001
      vertex  1.601066e+001 -1.240793e+002  8.328265e+001
    endloop
  endfacet
  facet normal  4.887252e-001 -2.688124e-004  8.724378e-001
    outer loop
      vertex  1.550463e+001 -1.335632e+002  8.356320e+001
      vertex  1.601066e+001 -1.240793e+002  8.328265e+001
      vertex  1.574825e+001 -1.242192e+002  8.342961e+001
    endloop
  endfacet
  facet normal  4.802618e-001  1.886325e-005  8.771252e-001
    outer loop
      vertex  1.550463e+001 -1.335632e+002  8.356320e+001
      vertex  1.574825e+001 -1.242192e+002  8.342961e+001
      vertex  1.546973e+001 -1.243152e+002  8.358212e+001
    endloop
  endfacet
  facet normal  4.595976e-001 -8.163251e-005  8.881272e-001
    outer loop
      vertex  1.550463e+001 -1.335632e+002  8.356320e+001
      vertex  1.546973e+001 -1.243152e+002  8.358212e+001
      vertex  1.436128e+001 -1.341548e+002  8.415482e+001
    endloop
  endfacet
  facet normal  4.718092e-001 -1.831466e-003  8.816987e-001
    outer loop
      vertex  1.436128e+001 -1.341548e+002  8.415482e+001
      vertex  1.546973e+001 -1.243152e+002  8.358212e+001
      vertex  1.518079e+001 -1.243663e+002  8.373663e+001
    endloop
  endfacet
  facet normal  4.632129e-001 -9.174741e-004  8.862465e-001
    outer loop
      vertex  1.436128e+001 -1.341548e+002  8.415482e+001
      vertex  1.518079e+001 -1.243663e+002  8.373663e+001
      vertex  1.492616e+001 -1.243735e+002  8.386971e+001
    endloop
  endfacet
  facet normal  4.580685e-001 -5.425483e-004  8.889167e-001
    outer loop
      vertex  1.436128e+001 -1.341548e+002  8.415482e+001
      vertex  1.492616e+001 -1.243735e+002  8.386971e+001
      vertex  1.467140e+001 -1.259845e+002  8.400000e+001
    endloop
  endfacet
  facet normal  4.471294e-001 -2.210752e-005  8.944693e-001
    outer loop
      vertex  1.436128e+001 -1.341548e+002  8.415482e+001
      vertex  1.467140e+001 -1.259845e+002  8.400000e+001
      vertex  1.439196e+001 -1.259468e+002  8.413969e+001
    endloop
  endfacet
  facet normal  4.385789e-001  1.764871e-005  8.986927e-001
    outer loop
      vertex  1.436128e+001 -1.341548e+002  8.415482e+001
      vertex  1.439196e+001 -1.259468e+002  8.413969e+001
      vertex  1.411447e+001 -1.258861e+002  8.427511e+001
    endloop
  endfacet
  facet normal  4.239912e-001 -5.192150e-004  9.056661e-001
    outer loop
      vertex  1.436128e+001 -1.341548e+002  8.415482e+001
      vertex  1.411447e+001 -1.258861e+002  8.427511e+001
      vertex  1.317972e+001 -1.347077e+002  8.470766e+001
    endloop
  endfacet
  facet normal  3.867206e-001  4.007573e-004  9.221969e-001
    outer loop
      vertex  1.196127e+001 -1.352188e+002  8.521883e+001
      vertex  1.317972e+001 -1.347077e+002  8.470766e+001
      vertex  1.332554e+001 -1.255735e+002  8.464254e+001
    endloop
  endfacet
  facet normal  4.031363e-001 -2.342932e-003  9.151371e-001
    outer loop
      vertex  1.196127e+001 -1.352188e+002  8.521883e+001
      vertex  1.332554e+001 -1.255735e+002  8.464254e+001
      vertex  1.295826e+001 -1.253428e+002  8.480492e+001
    endloop
  endfacet
  facet normal  3.927309e-001 -1.103257e-003  9.196527e-001
    outer loop
      vertex  1.196127e+001 -1.352188e+002  8.521883e+001
      vertex  1.295826e+001 -1.253428e+002  8.480492e+001
      vertex  1.261802e+001 -1.250644e+002  8.495055e+001
    endloop
  endfacet
  facet normal  3.833809e-001 -3.945043e-004  9.235902e-001
    outer loop
      vertex  1.196127e+001 -1.352188e+002  8.521883e+001
      vertex  1.261802e+001 -1.250644e+002  8.495055e+001
      vertex  1.232507e+001 -1.247572e+002  8.507229e+001
    endloop
  endfacet
  facet normal  3.752244e-001 -6.402124e-005  9.269340e-001
    outer loop
      vertex  1.196127e+001 -1.352188e+002  8.521883e+001
      vertex  1.232507e+001 -1.247572e+002  8.507229e+001
      vertex  1.206888e+001 -1.244127e+002  8.517602e+001
    endloop
  endfacet
  facet normal  3.680789e-001  1.847108e-005  9.297945e-001
    outer loop
      vertex  1.196127e+001 -1.352188e+002  8.521883e+001
      vertex  1.206888e+001 -1.244127e+002  8.517602e+001
      vertex  1.185496e+001 -1.240358e+002  8.526070e+001
    endloop
  endfacet
  facet normal  3.488888e-001 -1.915419e-004  9.371641e-001
    outer loop
      vertex  1.196127e+001 -1.352188e+002  8.521883e+001
      vertex  1.185496e+001 -1.240358e+002  8.526070e+001
      vertex  1.070762e+001 -1.356855e+002  8.568545e+001
    endloop
  endfacet
  facet normal  3.593608e-001 -1.367512e-003  9.331977e-001
    outer loop
      vertex  1.070762e+001 -1.356855e+002  8.568545e+001
      vertex  1.185496e+001 -1.240358e+002  8.526070e+001
      vertex  1.168815e+001 -1.236321e+002  8.532552e+001
    endloop
  endfacet
  facet normal  3.550250e-001 -9.652667e-004  9.348563e-001
    outer loop
      vertex  1.070762e+001 -1.356855e+002  8.568545e+001
      vertex  1.168815e+001 -1.236321e+002  8.532552e+001
      vertex  1.158428e+001 -1.232635e+002  8.536535e+001
    endloop
  endfacet
  facet normal  3.517719e-001 -7.040097e-004  9.360855e-001
    outer loop
      vertex  1.070762e+001 -1.356855e+002  8.568545e+001
      vertex  1.158428e+001 -1.232635e+002  8.536535e+001
      vertex  1.152117e+001 -1.228844e+002  8.538935e+001
    endloop
  endfacet
  facet normal  3.476847e-001 -4.089636e-004  9.376114e-001
    outer loop
      vertex  1.070762e+001 -1.356855e+002  8.568545e+001
      vertex  1.152117e+001 -1.228844e+002  8.538935e+001
      vertex  1.150000e+001 -1.225000e+002  8.539737e+001
    endloop
  endfacet
  facet normal  3.338056e-001  5.350092e-004  9.426418e-001
    outer loop
      vertex  1.070762e+001 -1.356855e+002  8.568545e+001
      vertex  1.150000e+001 -1.225000e+002  8.539737e+001
      vertex  1.019255e+001 -1.225000e+002  8.586036e+001
    endloop
  endfacet
  facet normal  3.113546e-001 -4.435110e-004  9.502938e-001
    outer loop
      vertex  1.070762e+001 -1.356855e+002  8.568545e+001
      vertex  1.019255e+001 -1.225000e+002  8.586036e+001
      vertex  9.517903e+000 -1.360751e+002  8.607507e+001
    endloop
  endfacet
  facet normal -3.610864e-001 -4.878887e-004  9.325322e-001
    outer loop
      vertex -1.235065e+001 -1.350618e+002  8.506180e+001
      vertex -1.110436e+001 -1.355441e+002  8.554412e+001
      vertex -1.152117e+001 -1.228844e+002  8.538935e+001
    endloop
  endfacet
  facet normal -3.471811e-001 -1.576676e-003  9.377968e-001
    outer loop
      vertex -1.235065e+001 -1.350618e+002  8.506180e+001
      vertex -1.152117e+001 -1.228844e+002  8.538935e+001
      vertex -1.158428e+001 -1.232635e+002  8.536535e+001
    endloop
  endfacet
  facet normal -3.549191e-001 -9.994248e-004  9.348964e-001
    outer loop
      vertex -1.235065e+001 -1.350618e+002  8.506180e+001
      vertex -1.158428e+001 -1.232635e+002  8.536535e+001
      vertex -1.168815e+001 -1.236321e+002  8.532552e+001
    endloop
  endfacet
  facet normal -3.609891e-001 -5.939117e-004  9.325699e-001
    outer loop
      vertex -1.235065e+001 -1.350618e+002  8.506180e+001
      vertex -1.168815e+001 -1.236321e+002  8.532552e+001
      vertex -1.185496e+001 -1.240358e+002  8.526070e+001
    endloop
  endfacet
  facet normal -3.676758e-001 -2.461113e-004  9.299540e-001
    outer loop
      vertex -1.235065e+001 -1.350618e+002  8.506180e+001
      vertex -1.185496e+001 -1.240358e+002  8.526070e+001
      vertex -1.206888e+001 -1.244127e+002  8.517602e+001
    endloop
  endfacet
  facet normal -3.752843e-001 -1.214797e-005  9.269098e-001
    outer loop
      vertex -1.235065e+001 -1.350618e+002  8.506180e+001
      vertex -1.206888e+001 -1.244127e+002  8.517602e+001
      vertex -1.232507e+001 -1.247572e+002  8.507229e+001
    endloop
  endfacet
  facet normal -3.837449e-001  1.238518e-005  9.234391e-001
    outer loop
      vertex -1.235065e+001 -1.350618e+002  8.506180e+001
      vertex -1.232507e+001 -1.247572e+002  8.507229e+001
      vertex -1.261802e+001 -1.250644e+002  8.495055e+001
    endloop
  endfacet
  facet normal -3.988950e-001 -4.644842e-004  9.169965e-001
    outer loop
      vertex -1.235065e+001 -1.350618e+002  8.506180e+001
      vertex -1.261802e+001 -1.250644e+002  8.495055e+001
      vertex -1.356098e+001 -1.345356e+002  8.453557e+001
    endloop
  endfacet
  facet normal -4.355194e-001 -3.359778e-004  9.001792e-001
    outer loop
      vertex -1.473378e+001 -1.339684e+002  8.396836e+001
      vertex -1.356098e+001 -1.345356e+002  8.453557e+001
      vertex -1.371308e+001 -1.257548e+002  8.446526e+001
    endloop
  endfacet
  facet normal -4.277076e-001 -1.532802e-003  9.039159e-001
    outer loop
      vertex -1.473378e+001 -1.339684e+002  8.396836e+001
      vertex -1.371308e+001 -1.257548e+002  8.446526e+001
      vertex -1.411447e+001 -1.258861e+002  8.427511e+001
    endloop
  endfacet
  facet normal -4.384856e-001 -5.104096e-004  8.987381e-001
    outer loop
      vertex -1.473378e+001 -1.339684e+002  8.396836e+001
      vertex -1.411447e+001 -1.258861e+002  8.427511e+001
      vertex -1.439196e+001 -1.259468e+002  8.413969e+001
    endloop
  endfacet
  facet normal -4.471262e-001 -5.107056e-005  8.944709e-001
    outer loop
      vertex -1.473378e+001 -1.339684e+002  8.396836e+001
      vertex -1.439196e+001 -1.259468e+002  8.413969e+001
      vertex -1.467140e+001 -1.259845e+002  8.400000e+001
    endloop
  endfacet
  facet normal -4.523328e-001  0.000000e+000  8.918493e-001
    outer loop
      vertex -1.473378e+001 -1.339684e+002  8.396836e+001
      vertex -1.467140e+001 -1.259845e+002  8.400000e+001
      vertex -1.467140e+001 -1.243460e+002  8.400000e+001
    endloop
  endfacet
  facet normal -4.553533e-001  2.464081e-005  8.903109e-001
    outer loop
      vertex -1.473378e+001 -1.339684e+002  8.396836e+001
      vertex -1.467140e+001 -1.243460e+002  8.400000e+001
      vertex -1.492616e+001 -1.243735e+002  8.386971e+001
    endloop
  endfacet
  facet normal -4.710424e-001 -3.742384e-004  8.821105e-001
    outer loop
      vertex -1.473378e+001 -1.339684e+002  8.396836e+001
      vertex -1.492616e+001 -1.243735e+002  8.386971e+001
      vertex -1.586785e+001 -1.333630e+002  8.336303e+001
    endloop
  endfacet
  facet normal -4.632241e-001 -1.426011e-003  8.862401e-001
    outer loop
      vertex -1.586785e+001 -1.333630e+002  8.336303e+001
      vertex -1.492616e+001 -1.243735e+002  8.386971e+001
      vertex -1.518079e+001 -1.243663e+002  8.373663e+001
    endloop
  endfacet
  facet normal -4.716406e-001 -5.984952e-004  8.817907e-001
    outer loop
      vertex -1.586785e+001 -1.333630e+002  8.336303e+001
      vertex -1.518079e+001 -1.243663e+002  8.373663e+001
      vertex -1.546973e+001 -1.243152e+002  8.358212e+001
    endloop
  endfacet
  facet normal -4.802945e-001 -1.042960e-004  8.771073e-001
    outer loop
      vertex -1.586785e+001 -1.333630e+002  8.336303e+001
      vertex -1.546973e+001 -1.243152e+002  8.358212e+001
      vertex -1.574825e+001 -1.242192e+002  8.342961e+001
    endloop
  endfacet
  facet normal -4.886008e-001  3.784728e-005  8.725075e-001
    outer loop
      vertex -1.586785e+001 -1.333630e+002  8.336303e+001
      vertex -1.574825e+001 -1.242192e+002  8.342961e+001
      vertex -1.601066e+001 -1.240793e+002  8.328265e+001
    endloop
  endfacet
  facet normal -5.053113e-001 -3.020657e-004  8.629370e-001
    outer loop
      vertex -1.586785e+001 -1.333630e+002  8.336303e+001
      vertex -1.601066e+001 -1.240793e+002  8.328265e+001
      vertex -1.696235e+001 -1.327224e+002  8.272235e+001
    endloop
  endfacet
  facet normal -4.971963e-001 -1.500276e-003  8.676368e-001
    outer loop
      vertex -1.696235e+001 -1.327224e+002  8.272235e+001
      vertex -1.601066e+001 -1.240793e+002  8.328265e+001
      vertex -1.625093e+001 -1.238967e+002  8.314529e+001
    endloop
  endfacet
  facet normal -5.037491e-001 -7.905859e-004  8.638497e-001
    outer loop
      vertex -1.696235e+001 -1.327224e+002  8.272235e+001
      vertex -1.625093e+001 -1.238967e+002  8.314529e+001
      vertex -1.645327e+001 -1.236848e+002  8.302749e+001
    endloop
  endfacet
  facet normal -5.092738e-001 -3.698202e-004  8.606046e-001
    outer loop
      vertex -1.696235e+001 -1.327224e+002  8.272235e+001
      vertex -1.645327e+001 -1.236848e+002  8.302749e+001
      vertex -1.662329e+001 -1.234384e+002  8.292698e+001
    endloop
  endfacet
  facet normal -5.136686e-001 -1.516589e-004  8.579885e-001
    outer loop
      vertex -1.696235e+001 -1.327224e+002  8.272235e+001
      vertex -1.662329e+001 -1.234384e+002  8.292698e+001
      vertex -1.674930e+001 -1.231750e+002  8.285159e+001
    endloop
  endfacet
  facet normal -5.168158e-001 -5.582347e-005  8.560966e-001
    outer loop
      vertex -1.696235e+001 -1.327224e+002  8.272235e+001
      vertex -1.674930e+001 -1.231750e+002  8.285159e+001
      vertex -1.683397e+001 -1.228901e+002  8.280049e+001
    endloop
  endfacet
  facet normal -5.185569e-001 -2.471670e-005  8.550431e-001
    outer loop
      vertex -1.696235e+001 -1.327224e+002  8.272235e+001
      vertex -1.683397e+001 -1.228901e+002  8.280049e+001
      vertex -1.686467e+001 -1.226965e+002  8.278188e+001
    endloop
  endfacet
  facet normal -5.192924e-001 -1.490115e-005  8.545967e-001
    outer loop
      vertex -1.696235e+001 -1.327224e+002  8.272235e+001
      vertex -1.686467e+001 -1.226965e+002  8.278188e+001
      vertex -1.687500e+001 -1.225000e+002  8.277560e+001
    endloop
  endfacet
  facet normal  4.631926e-001  -0.000000e+000  8.862577e-001
    outer loop
      vertex  1.492616e+001 -1.206265e+002  8.386971e+001
      vertex  1.518079e+001 -1.206337e+002  8.373663e+001
      vertex  1.518079e+001  1.563374e+001  8.373663e+001
    endloop
  endfacet
  facet normal  4.631925e-001  0.000000e+000  8.862577e-001
    outer loop
      vertex  1.492616e+001 -1.206265e+002  8.386971e+001
      vertex  1.518079e+001  1.563374e+001  8.373663e+001
      vertex  1.492616e+001  1.562646e+001  8.386971e+001
    endloop
  endfacet
  facet normal  4.553513e-001  0.000000e+000  8.903120e-001
    outer loop
      vertex  1.492616e+001 -1.206265e+002  8.386971e+001
      vertex  1.492616e+001  1.562646e+001  8.386971e+001
      vertex  1.467140e+001  1.565402e+001  8.400000e+001
    endloop
  endfacet
  facet normal  4.553512e-001  0.000000e+000  8.903118e-001
    outer loop
      vertex  1.492616e+001 -1.206265e+002  8.386971e+001
      vertex  1.467140e+001  1.565402e+001  8.400000e+001
      vertex  1.467140e+001  1.401546e+001  8.400000e+001
    endloop
  endfacet
  facet normal  4.553512e-001  0.000000e+000  8.903118e-001
    outer loop
      vertex  1.492616e+001 -1.206265e+002  8.386971e+001
      vertex  1.467140e+001  1.401546e+001  8.400000e+001
      vertex  1.467140e+001 -1.190155e+002  8.400000e+001
    endloop
  endfacet
  facet normal  4.553512e-001  0.000000e+000  8.903119e-001
    outer loop
      vertex  1.492616e+001 -1.206265e+002  8.386971e+001
      vertex  1.467140e+001 -1.190155e+002  8.400000e+001
      vertex  1.467140e+001 -1.206540e+002  8.400000e+001
    endloop
  endfacet
  facet normal -4.631926e-001  0.000000e+000  8.862577e-001
    outer loop
      vertex -1.492616e+001  1.562646e+001  8.386971e+001
      vertex -1.518079e+001  1.563374e+001  8.373663e+001
      vertex -1.518079e+001 -1.206337e+002  8.373663e+001
    endloop
  endfacet
  facet normal -4.631925e-001  0.000000e+000  8.862577e-001
    outer loop
      vertex -1.492616e+001  1.562646e+001  8.386971e+001
      vertex -1.518079e+001 -1.206337e+002  8.373663e+001
      vertex -1.492616e+001 -1.206265e+002  8.386971e+001
    endloop
  endfacet
  facet normal -4.553513e-001  0.000000e+000  8.903120e-001
    outer loop
      vertex -1.492616e+001  1.562646e+001  8.386971e+001
      vertex -1.492616e+001 -1.206265e+002  8.386971e+001
      vertex -1.467140e+001 -1.206540e+002  8.400000e+001
    endloop
  endfacet
  facet normal -4.553512e-001  0.000000e+000  8.903119e-001
    outer loop
      vertex -1.492616e+001  1.562646e+001  8.386971e+001
      vertex -1.467140e+001 -1.206540e+002  8.400000e+001
      vertex -1.467140e+001 -1.190155e+002  8.400000e+001
    endloop
  endfacet
  facet normal -4.553512e-001  0.000000e+000  8.903118e-001
    outer loop
      vertex -1.492616e+001  1.562646e+001  8.386971e+001
      vertex -1.467140e+001 -1.190155e+002  8.400000e+001
      vertex -1.467140e+001  1.401546e+001  8.400000e+001
    endloop
  endfacet
  facet normal -4.553512e-001  0.000000e+000  8.903118e-001
    outer loop
      vertex -1.492616e+001  1.562646e+001  8.386971e+001
      vertex -1.467140e+001  1.401546e+001  8.400000e+001
      vertex -1.467140e+001  1.565402e+001  8.400000e+001
    endloop
  endfacet
  facet normal  4.886007e-001 -3.784727e-005  8.725075e-001
    outer loop
      vertex  1.586785e+001  2.836303e+001  8.336303e+001
      vertex  1.574825e+001  1.921923e+001  8.342961e+001
      vertex  1.601066e+001  1.907930e+001  8.328265e+001
    endloop
  endfacet
  facet normal  4.964068e-001  1.204772e-004  8.680900e-001
    outer loop
      vertex  1.586785e+001  2.836303e+001  8.336303e+001
      vertex  1.601066e+001  1.907930e+001  8.328265e+001
      vertex  1.625093e+001  1.889671e+001  8.314529e+001
    endloop
  endfacet
  facet normal  5.035242e-001  5.030144e-004  8.639809e-001
    outer loop
      vertex  1.586785e+001  2.836303e+001  8.336303e+001
      vertex  1.625093e+001  1.889671e+001  8.314529e+001
      vertex  1.645327e+001  1.868475e+001  8.302749e+001
    endloop
  endfacet
  facet normal  5.099764e-001  1.024800e-003  8.601878e-001
    outer loop
      vertex  1.586785e+001  2.836303e+001  8.336303e+001
      vertex  1.645327e+001  1.868475e+001  8.302749e+001
      vertex  1.662329e+001  1.843837e+001  8.292698e+001
    endloop
  endfacet
  facet normal  5.159516e-001  1.636527e-003  8.566162e-001
    outer loop
      vertex  1.586785e+001  2.836303e+001  8.336303e+001
      vertex  1.662329e+001  1.843837e+001  8.292698e+001
      vertex  1.674930e+001  1.817496e+001  8.285159e+001
    endloop
  endfacet
  facet normal  5.226269e-001  2.417783e-003  8.525580e-001
    outer loop
      vertex  1.586785e+001  2.836303e+001  8.336303e+001
      vertex  1.674930e+001  1.817496e+001  8.285159e+001
      vertex  1.683397e+001  1.789011e+001  8.280049e+001
    endloop
  endfacet
  facet normal  5.388545e-001  4.461078e-003  8.423870e-001
    outer loop
      vertex  1.586785e+001  2.836303e+001  8.336303e+001
      vertex  1.683397e+001  1.789011e+001  8.280049e+001
      vertex  1.686467e+001  1.769652e+001  8.278188e+001
    endloop
  endfacet
  facet normal  5.052673e-001  2.012041e-004  8.629628e-001
    outer loop
      vertex  1.586785e+001  2.836303e+001  8.336303e+001
      vertex  1.686467e+001  1.769652e+001  8.278188e+001
      vertex  1.696235e+001  2.772235e+001  8.272235e+001
    endloop
  endfacet
  facet normal  4.354525e-001  1.650380e-004  9.002118e-001
    outer loop
      vertex  1.473378e+001  2.896836e+001  8.396836e+001
      vertex  1.356098e+001  2.953557e+001  8.453557e+001
      vertex  1.467140e+001  2.098454e+001  8.400000e+001
    endloop
  endfacet
  facet normal  4.523327e-001  0.000000e+000  8.918492e-001
    outer loop
      vertex  1.473378e+001  2.896836e+001  8.396836e+001
      vertex  1.467140e+001  2.098454e+001  8.400000e+001
      vertex  1.467140e+001  1.934598e+001  8.400000e+001
    endloop
  endfacet
  facet normal  4.553534e-001 -2.464081e-005  8.903108e-001
    outer loop
      vertex  1.473378e+001  2.896836e+001  8.396836e+001
      vertex  1.467140e+001  1.934598e+001  8.400000e+001
      vertex  1.492616e+001  1.937354e+001  8.386971e+001
    endloop
  endfacet
  facet normal  4.631965e-001  1.743079e-004  8.862556e-001
    outer loop
      vertex  1.473378e+001  2.896836e+001  8.396836e+001
      vertex  1.492616e+001  1.937354e+001  8.386971e+001
      vertex  1.518079e+001  1.936626e+001  8.373663e+001
    endloop
  endfacet
  facet normal  4.716512e-001  6.757911e-004  8.817850e-001
    outer loop
      vertex  1.473378e+001  2.896836e+001  8.396836e+001
      vertex  1.518079e+001  1.936626e+001  8.373663e+001
      vertex  1.546973e+001  1.931521e+001  8.358212e+001
    endloop
  endfacet
  facet normal  4.806797e-001  1.559783e-003  8.768948e-001
    outer loop
      vertex  1.473378e+001  2.896836e+001  8.396836e+001
      vertex  1.546973e+001  1.931521e+001  8.358212e+001
      vertex  1.574825e+001  1.921923e+001  8.342961e+001
    endloop
  endfacet
  facet normal  4.709961e-001  2.625356e-004  8.821353e-001
    outer loop
      vertex  1.473378e+001  2.896836e+001  8.396836e+001
      vertex  1.574825e+001  1.921923e+001  8.342961e+001
      vertex  1.586785e+001  2.836303e+001  8.336303e+001
    endloop
  endfacet
  facet normal  3.988955e-001  4.659481e-004  9.169962e-001
    outer loop
      vertex  1.356098e+001  2.953557e+001  8.453557e+001
      vertex  1.235065e+001  3.006179e+001  8.506180e+001
      vertex  1.332554e+001  2.057346e+001  8.464254e+001
    endloop
  endfacet
  facet normal  4.160228e-001 -7.521804e-005  9.093542e-001
    outer loop
      vertex  1.356098e+001  2.953557e+001  8.453557e+001
      vertex  1.332554e+001  2.057346e+001  8.464254e+001
      vertex  1.371308e+001  2.075482e+001  8.446526e+001
    endloop
  endfacet
  facet normal  4.280701e-001  1.783802e-004  9.037455e-001
    outer loop
      vertex  1.356098e+001  2.953557e+001  8.453557e+001
      vertex  1.371308e+001  2.075482e+001  8.446526e+001
      vertex  1.411447e+001  2.088612e+001  8.427511e+001
    endloop
  endfacet
  facet normal  4.384009e-001  9.890250e-004  8.987790e-001
    outer loop
      vertex  1.356098e+001  2.953557e+001  8.453557e+001
      vertex  1.411447e+001  2.088612e+001  8.427511e+001
      vertex  1.439196e+001  2.094678e+001  8.413969e+001
    endloop
  endfacet
  facet normal  4.469140e-001  2.006463e-003  8.945748e-001
    outer loop
      vertex  1.356098e+001  2.953557e+001  8.453557e+001
      vertex  1.439196e+001  2.094678e+001  8.413969e+001
      vertex  1.467140e+001  2.098454e+001  8.400000e+001
    endloop
  endfacet
  facet normal  3.243768e-001  2.582620e-004  9.459280e-001
    outer loop
      vertex  1.110436e+001  3.054412e+001  8.554412e+001
      vertex  9.971432e+000  3.093252e+001  8.593252e+001
      vertex  1.019255e+001  1.750000e+001  8.586036e+001
    endloop
  endfacet
  facet normal  3.338056e-001 -4.804989e-004  9.426418e-001
    outer loop
      vertex  1.110436e+001  3.054412e+001  8.554412e+001
      vertex  1.019255e+001  1.750000e+001  8.586036e+001
      vertex  1.150000e+001  1.750000e+001  8.539737e+001
    endloop
  endfacet
  facet normal  3.519138e-001  1.430954e-004  9.360324e-001
    outer loop
      vertex  1.110436e+001  3.054412e+001  8.554412e+001
      vertex  1.150000e+001  1.750000e+001  8.539737e+001
      vertex  1.152117e+001  1.788438e+001  8.538935e+001
    endloop
  endfacet
  facet normal  3.542564e-001  2.310321e-004  9.351483e-001
    outer loop
      vertex  1.110436e+001  3.054412e+001  8.554412e+001
      vertex  1.152117e+001  1.788438e+001  8.538935e+001
      vertex  1.158428e+001  1.826347e+001  8.536535e+001
    endloop
  endfacet
  facet normal  3.569296e-001  3.503041e-004  9.341313e-001
    outer loop
      vertex  1.110436e+001  3.054412e+001  8.554412e+001
      vertex  1.158428e+001  1.826347e+001  8.536535e+001
      vertex  1.168815e+001  1.863210e+001  8.532552e+001
    endloop
  endfacet
  facet normal  3.610192e-001  5.795957e-004  9.325582e-001
    outer loop
      vertex  1.110436e+001  3.054412e+001  8.554412e+001
      vertex  1.168815e+001  1.863210e+001  8.532552e+001
      vertex  1.185496e+001  1.903581e+001  8.526070e+001
    endloop
  endfacet
  facet normal  3.665380e-001  9.926389e-004  9.304026e-001
    outer loop
      vertex  1.110436e+001  3.054412e+001  8.554412e+001
      vertex  1.185496e+001  1.903581e+001  8.526070e+001
      vertex  1.206888e+001  1.941273e+001  8.517602e+001
    endloop
  endfacet
  facet normal  3.733634e-001  1.673960e-003  9.276836e-001
    outer loop
      vertex  1.110436e+001  3.054412e+001  8.554412e+001
      vertex  1.206888e+001  1.941273e+001  8.517602e+001
      vertex  1.232507e+001  1.975715e+001  8.507229e+001
    endloop
  endfacet
  facet normal  3.609403e-001  5.353170e-005  9.325889e-001
    outer loop
      vertex  1.110436e+001  3.054412e+001  8.554412e+001
      vertex  1.232507e+001  1.975715e+001  8.507229e+001
      vertex  1.235065e+001  3.006179e+001  8.506180e+001
    endloop
  endfacet
  facet normal -3.869348e-001  1.997648e-004  9.221070e-001
    outer loop
      vertex -1.196127e+001  3.021884e+001  8.521883e+001
      vertex -1.317972e+001  2.970766e+001  8.470766e+001
      vertex -1.206888e+001  1.941273e+001  8.517602e+001
    endloop
  endfacet
  facet normal -3.680789e-001 -1.847109e-005  9.297945e-001
    outer loop
      vertex -1.196127e+001  3.021884e+001  8.521883e+001
      vertex -1.206888e+001  1.941273e+001  8.517602e+001
      vertex -1.185496e+001  1.903581e+001  8.526070e+001
    endloop
  endfacet
  facet normal -3.621400e-001  4.670439e-005  9.321237e-001
    outer loop
      vertex -1.196127e+001  3.021884e+001  8.521883e+001
      vertex -1.185496e+001  1.903581e+001  8.526070e+001
      vertex -1.168815e+001  1.863210e+001  8.532552e+001
    endloop
  endfacet
  facet normal -3.574779e-001  1.731513e-004  9.339216e-001
    outer loop
      vertex -1.196127e+001  3.021884e+001  8.521883e+001
      vertex -1.168815e+001  1.863210e+001  8.532552e+001
      vertex -1.158428e+001  1.826347e+001  8.536535e+001
    endloop
  endfacet
  facet normal -3.538756e-001  3.035408e-004  9.352924e-001
    outer loop
      vertex -1.196127e+001  3.021884e+001  8.521883e+001
      vertex -1.158428e+001  1.826347e+001  8.536535e+001
      vertex -1.152117e+001  1.788438e+001  8.538935e+001
    endloop
  endfacet
  facet normal -3.489907e-001  5.031868e-004  9.371261e-001
    outer loop
      vertex -1.070762e+001  3.068545e+001  8.568545e+001
      vertex -1.196127e+001  3.021884e+001  8.521883e+001
      vertex -1.152117e+001  1.788438e+001  8.538935e+001
    endloop
  endfacet
  facet normal -3.476848e-001  4.089648e-004  9.376114e-001
    outer loop
      vertex -1.070762e+001  3.068545e+001  8.568545e+001
      vertex -1.152117e+001  1.788438e+001  8.538935e+001
      vertex -1.150000e+001  1.750000e+001  8.539737e+001
    endloop
  endfacet
  facet normal -3.338056e-001 -5.350094e-004  9.426418e-001
    outer loop
      vertex -1.070762e+001  3.068545e+001  8.568545e+001
      vertex -1.150000e+001  1.750000e+001  8.539737e+001
      vertex -1.019255e+001  1.750000e+001  8.586036e+001
    endloop
  endfacet
  facet normal -3.113546e-001  4.435110e-004  9.502937e-001
    outer loop
      vertex -1.070762e+001  3.068545e+001  8.568545e+001
      vertex -1.019255e+001  1.750000e+001  8.586036e+001
      vertex -9.517903e+000  3.107506e+001  8.607507e+001
    endloop
  endfacet
  facet normal -4.044024e-001 -6.419588e-005  9.145811e-001
    outer loop
      vertex -1.317972e+001  2.970766e+001  8.470766e+001
      vertex -1.332554e+001  2.057346e+001  8.464254e+001
      vertex -1.295826e+001  2.034276e+001  8.480492e+001
    endloop
  endfacet
  facet normal -3.933227e-001  2.478756e-004  9.194004e-001
    outer loop
      vertex -1.317972e+001  2.970766e+001  8.470766e+001
      vertex -1.295826e+001  2.034276e+001  8.480492e+001
      vertex -1.261802e+001  2.006441e+001  8.495055e+001
    endloop
  endfacet
  facet normal -3.828680e-001  9.677223e-004  9.238026e-001
    outer loop
      vertex -1.317972e+001  2.970766e+001  8.470766e+001
      vertex -1.261802e+001  2.006441e+001  8.495055e+001
      vertex -1.232507e+001  1.975715e+001  8.507229e+001
    endloop
  endfacet
  facet normal -3.730331e-001  1.959514e-003  9.278160e-001
    outer loop
      vertex -1.317972e+001  2.970766e+001  8.470766e+001
      vertex -1.232507e+001  1.975715e+001  8.507229e+001
      vertex -1.206888e+001  1.941273e+001  8.517602e+001
    endloop
  endfacet
  facet normal -4.385789e-001 -1.764870e-005  8.986927e-001
    outer loop
      vertex -1.436128e+001  2.915482e+001  8.415482e+001
      vertex -1.439196e+001  2.094678e+001  8.413969e+001
      vertex -1.411447e+001  2.088612e+001  8.427511e+001
    endloop
  endfacet
  facet normal -4.280185e-001  3.714233e-004  9.037699e-001
    outer loop
      vertex -1.436128e+001  2.915482e+001  8.415482e+001
      vertex -1.411447e+001  2.088612e+001  8.427511e+001
      vertex -1.371308e+001  2.075482e+001  8.446526e+001
    endloop
  endfacet
  facet normal -4.153882e-001  1.563093e-003  9.096429e-001
    outer loop
      vertex -1.436128e+001  2.915482e+001  8.415482e+001
      vertex -1.371308e+001  2.075482e+001  8.446526e+001
      vertex -1.332554e+001  2.057346e+001  8.464254e+001
    endloop
  endfacet
  facet normal -4.239112e-001  3.105215e-004  9.057037e-001
    outer loop
      vertex -1.436128e+001  2.915482e+001  8.415482e+001
      vertex -1.332554e+001  2.057346e+001  8.464254e+001
      vertex -1.317972e+001  2.970766e+001  8.470766e+001
    endloop
  endfacet
  facet normal -4.943497e-001  4.608417e-004  8.692630e-001
    outer loop
      vertex -1.550463e+001  2.856320e+001  8.356320e+001
      vertex -1.660887e+001  2.793556e+001  8.293555e+001
      vertex -1.574825e+001  1.921923e+001  8.342961e+001
    endloop
  endfacet
  facet normal -4.802618e-001 -1.886325e-005  8.771252e-001
    outer loop
      vertex -1.550463e+001  2.856320e+001  8.356320e+001
      vertex -1.574825e+001  1.921923e+001  8.342961e+001
      vertex -1.546973e+001  1.931521e+001  8.358212e+001
    endloop
  endfacet
  facet normal -4.715617e-001  2.360328e-005  8.818331e-001
    outer loop
      vertex -1.550463e+001  2.856320e+001  8.356320e+001
      vertex -1.546973e+001  1.931521e+001  8.358212e+001
      vertex -1.518079e+001  1.936626e+001  8.373663e+001
    endloop
  endfacet
  facet normal -4.632015e-001  4.013281e-004  8.862529e-001
    outer loop
      vertex -1.550463e+001  2.856320e+001  8.356320e+001
      vertex -1.518079e+001  1.936626e+001  8.373663e+001
      vertex -1.492616e+001  1.937354e+001  8.386971e+001
    endloop
  endfacet
  facet normal -4.552620e-001  1.037996e-003  8.903570e-001
    outer loop
      vertex -1.550463e+001  2.856320e+001  8.356320e+001
      vertex -1.492616e+001  1.937354e+001  8.386971e+001
      vertex -1.467140e+001  1.934598e+001  8.400000e+001
    endloop
  endfacet
  facet normal -4.642933e-001  0.000000e+000  8.856815e-001
    outer loop
      vertex -1.550463e+001  2.856320e+001  8.356320e+001
      vertex -1.467140e+001  1.934598e+001  8.400000e+001
      vertex -1.467140e+001  2.098454e+001  8.400000e+001
    endloop
  endfacet
  facet normal -4.468678e-001  2.429674e-003  8.945968e-001
    outer loop
      vertex -1.550463e+001  2.856320e+001  8.356320e+001
      vertex -1.467140e+001  2.098454e+001  8.400000e+001
      vertex -1.439196e+001  2.094678e+001  8.413969e+001
    endloop
  endfacet
  facet normal -4.595971e-001  8.041313e-005  8.881276e-001
    outer loop
      vertex -1.550463e+001  2.856320e+001  8.356320e+001
      vertex -1.439196e+001  2.094678e+001  8.413969e+001
      vertex -1.436128e+001  2.915482e+001  8.415482e+001
    endloop
  endfacet
  facet normal -5.088717e-001 -4.572505e-006  8.608423e-001
    outer loop
      vertex -1.660887e+001  2.793556e+001  8.293555e+001
      vertex -1.662329e+001  1.843837e+001  8.292698e+001
      vertex -1.645327e+001  1.868475e+001  8.302749e+001
    endloop
  endfacet
  facet normal -5.032272e-001  1.232845e-004  8.641540e-001
    outer loop
      vertex -1.660887e+001  2.793556e+001  8.293555e+001
      vertex -1.645327e+001  1.868475e+001  8.302749e+001
      vertex -1.625093e+001  1.889671e+001  8.314529e+001
    endloop
  endfacet
  facet normal -4.966092e-001  4.739987e-004  8.679741e-001
    outer loop
      vertex -1.660887e+001  2.793556e+001  8.293555e+001
      vertex -1.625093e+001  1.889671e+001  8.314529e+001
      vertex -1.601066e+001  1.907930e+001  8.328265e+001
    endloop
  endfacet
  facet normal -4.890823e-001  1.149483e-003  8.722368e-001
    outer loop
      vertex -1.660887e+001  2.793556e+001  8.293555e+001
      vertex -1.601066e+001  1.907930e+001  8.328265e+001
      vertex -1.574825e+001  1.921923e+001  8.342961e+001
    endloop
  endfacet
  facet normal -5.573704e-001 -2.826642e-004  8.302639e-001
    outer loop
      vertex -1.762568e+001  2.730541e+001  8.230541e+001
      vertex -1.860611e+001  2.664700e+001  8.164700e+001
      vertex -1.871028e+001  1.750000e+001  8.157396e+001
    endloop
  endfacet
  facet normal -5.554659e-001 -5.884323e-004  8.315390e-001
    outer loop
      vertex -1.762568e+001  2.730541e+001  8.230541e+001
      vertex -1.871028e+001  1.750000e+001  8.157396e+001
      vertex -1.738411e+001  1.750000e+001  8.245984e+001
    endloop
  endfacet
  facet normal -5.270813e-001  3.986814e-004  8.498148e-001
    outer loop
      vertex -1.762568e+001  2.730541e+001  8.230541e+001
      vertex -1.738411e+001  1.750000e+001  8.245984e+001
      vertex -1.687500e+001  1.750000e+001  8.277560e+001
    endloop
  endfacet
  facet normal -5.260839e-001  5.046595e-004  8.504325e-001
    outer loop
      vertex -1.762568e+001  2.730541e+001  8.230541e+001
      vertex -1.687500e+001  1.750000e+001  8.277560e+001
      vertex -1.686467e+001  1.769652e+001  8.278188e+001
    endloop
  endfacet
  facet normal -5.225507e-001  8.923421e-004  8.526077e-001
    outer loop
      vertex -1.762568e+001  2.730541e+001  8.230541e+001
      vertex -1.686467e+001  1.769652e+001  8.278188e+001
      vertex -1.683397e+001  1.789011e+001  8.280049e+001
    endloop
  endfacet
  facet normal -5.196939e-001  1.224264e-003  8.543516e-001
    outer loop
      vertex -1.762568e+001  2.730541e+001  8.230541e+001
      vertex -1.683397e+001  1.789011e+001  8.280049e+001
      vertex -1.674930e+001  1.817496e+001  8.285159e+001
    endloop
  endfacet
  facet normal -5.160568e-001  1.705028e-003  8.565527e-001
    outer loop
      vertex -1.762568e+001  2.730541e+001  8.230541e+001
      vertex -1.674930e+001  1.817496e+001  8.285159e+001
      vertex -1.662329e+001  1.843837e+001  8.292698e+001
    endloop
  endfacet
  facet normal -5.267875e-001  3.242513e-005  8.499971e-001
    outer loop
      vertex -1.762568e+001  2.730541e+001  8.230541e+001
      vertex -1.662329e+001  1.843837e+001  8.292698e+001
      vertex -1.660887e+001  2.793556e+001  8.293555e+001
    endloop
  endfacet
  facet normal -3.338053e-001 -1.278353e-003  9.426411e-001
    outer loop
      vertex -1.150000e+001 -1.225000e+002  8.539737e+001
      vertex -1.152117e+001 -1.228844e+002  8.538935e+001
      vertex -1.019255e+001 -1.225000e+002  8.586036e+001
    endloop
  endfacet
  facet normal -3.342669e-001  5.167135e-004  9.424783e-001
    outer loop
      vertex -1.019255e+001 -1.225000e+002  8.586036e+001
      vertex -1.152117e+001 -1.228844e+002  8.538935e+001
      vertex -1.110436e+001 -1.355441e+002  8.554412e+001
    endloop
  endfacet
  facet normal -3.243767e-001 -2.582635e-004  9.459279e-001
    outer loop
      vertex -1.019255e+001 -1.225000e+002  8.586036e+001
      vertex -1.110436e+001 -1.355441e+002  8.554412e+001
      vertex -9.971432e+000 -1.359325e+002  8.593252e+001
    endloop
  endfacet
  facet normal -7.738739e-001 -9.893603e-004  6.333388e-001
    outer loop
      vertex -2.470350e+001  2.111840e+001  7.611840e+001
      vertex -2.561737e+001  2.000000e+001  7.500000e+001
      vertex -2.460539e+001  1.750000e+001  7.623264e+001
    endloop
  endfacet
  facet normal -7.728911e-001  1.030993e-008  6.345387e-001
    outer loop
      vertex -2.460539e+001  1.750000e+001  7.623264e+001
      vertex -2.561737e+001  2.000000e+001  7.500000e+001
      vertex -2.561738e+001 -1.250000e+002  7.500000e+001
    endloop
  endfacet
  facet normal -7.728905e-001  0.000000e+000  6.345394e-001
    outer loop
      vertex -2.460539e+001  1.750000e+001  7.623264e+001
      vertex -2.561738e+001 -1.250000e+002  7.500000e+001
      vertex -2.460539e+001 -1.225000e+002  7.623264e+001
    endloop
  endfacet
  facet normal -7.806777e-001  7.912921e-003  6.248838e-001
    outer loop
      vertex -2.460539e+001 -1.225000e+002  7.623264e+001
      vertex -2.561738e+001 -1.250000e+002  7.500000e+001
      vertex -2.537867e+001 -1.253020e+002  7.530204e+001
    endloop
  endfacet
  facet normal -7.679306e-001 -8.020405e-004  6.405324e-001
    outer loop
      vertex -2.460539e+001 -1.225000e+002  7.623264e+001
      vertex -2.537867e+001 -1.253020e+002  7.530204e+001
      vertex -2.450007e+001 -1.263541e+002  7.635407e+001
    endloop
  endfacet
  facet normal  6.714434e-001  1.233412e-003  7.410548e-001
    outer loop
      vertex  2.122437e+001 -1.225000e+002  7.961252e+001
      vertex  2.159637e+001 -1.292868e+002  7.928676e+001
      vertex  2.240624e+001 -1.225000e+002  7.854167e+001
    endloop
  endfacet
  facet normal  6.726906e-001  9.603773e-004  7.399233e-001
    outer loop
      vertex  2.240624e+001 -1.225000e+002  7.854167e+001
      vertex  2.159637e+001 -1.292868e+002  7.928676e+001
      vertex  2.215667e+001 -1.287767e+002  7.877671e+001
    endloop
  endfacet
  facet normal  6.903369e-001 -3.567102e-004  7.234879e-001
    outer loop
      vertex  2.240624e+001 -1.225000e+002  7.854167e+001
      vertex  2.215667e+001 -1.287767e+002  7.877671e+001
      vertex  2.270063e+001 -1.282579e+002  7.825793e+001
    endloop
  endfacet
  facet normal  6.342795e-001  1.181254e-003  7.731029e-001
    outer loop
      vertex  1.999140e+001 -1.225000e+002  8.062409e+001
      vertex  2.045759e+001 -1.302534e+002  8.025346e+001
      vertex  2.122437e+001 -1.225000e+002  7.961252e+001
    endloop
  endfacet
  facet normal  6.381215e-001  5.394618e-004  7.699356e-001
    outer loop
      vertex  2.122437e+001 -1.225000e+002  7.961252e+001
      vertex  2.045759e+001 -1.302534e+002  8.025346e+001
      vertex  2.103482e+001 -1.297747e+002  7.977472e+001
    endloop
  endfacet
  facet normal  6.560438e-001 -2.667327e-004  7.547227e-001
    outer loop
      vertex  2.122437e+001 -1.225000e+002  7.961252e+001
      vertex  2.103482e+001 -1.297747e+002  7.977472e+001
      vertex  2.159637e+001 -1.292868e+002  7.928676e+001
    endloop
  endfacet
  facet normal  5.554660e-001  5.884310e-004  8.315391e-001
    outer loop
      vertex  1.738411e+001 -1.225000e+002  8.245984e+001
      vertex  1.762568e+001 -1.323054e+002  8.230541e+001
      vertex  1.871028e+001 -1.225000e+002  8.157396e+001
    endloop
  endfacet
  facet normal  5.573704e-001  2.826641e-004  8.302640e-001
    outer loop
      vertex  1.871028e+001 -1.225000e+002  8.157396e+001
      vertex  1.762568e+001 -1.323054e+002  8.230541e+001
      vertex  1.860611e+001 -1.316470e+002  8.164700e+001
    endloop
  endfacet
  facet normal  5.872213e-001 -2.236838e-004  8.094264e-001
    outer loop
      vertex  1.871028e+001 -1.225000e+002  8.157396e+001
      vertex  1.860611e+001 -1.316470e+002  8.164700e+001
      vertex  1.955008e+001 -1.309624e+002  8.096236e+001
    endloop
  endfacet
  facet normal  1.950499e-001  3.577280e-004  9.807933e-001
    outer loop
      vertex  5.555085e+000 -1.225000e+002  8.702173e+001
      vertex  5.801501e+000 -1.369780e+002  8.697800e+001
      vertex  7.119293e+000 -1.225000e+002  8.671066e+001
    endloop
  endfacet
  facet normal  1.979299e-001  8.493670e-005  9.802162e-001
    outer loop
      vertex  7.119293e+000 -1.225000e+002  8.671066e+001
      vertex  5.801501e+000 -1.369780e+002  8.697800e+001
      vertex  7.062185e+000 -1.367234e+002  8.672342e+001
    endloop
  endfacet
  facet normal  2.364303e-001 -7.733369e-005  9.716484e-001
    outer loop
      vertex  7.119293e+000 -1.225000e+002  8.671066e+001
      vertex  7.062185e+000 -1.367234e+002  8.672342e+001
      vertex  8.301935e+000 -1.364218e+002  8.642178e+001
    endloop
  endfacet
  facet normal  4.905789e-002  1.390094e-004  9.987959e-001
    outer loop
      vertex  7.974195e-001 -1.225000e+002  8.749022e+001
      vertex  8.877307e-001 -1.374879e+002  8.748787e+001
      vertex  2.390338e+000 -1.225000e+002  8.741198e+001
    endloop
  endfacet
  facet normal  4.605117e-002  4.411727e-004  9.989390e-001
    outer loop
      vertex  2.390338e+000 -1.225000e+002  8.741198e+001
      vertex  8.877307e-001 -1.374879e+002  8.748787e+001
      vertex  2.106404e+000 -1.374317e+002  8.743166e+001
    endloop
  endfacet
  facet normal  8.350439e-002 -2.742274e-004  9.965073e-001
    outer loop
      vertex  2.390338e+000 -1.225000e+002  8.741198e+001
      vertex  2.106404e+000 -1.374317e+002  8.743166e+001
      vertex  3.319289e+000 -1.373300e+002  8.733006e+001
    endloop
  endfacet
  facet normal -1.037631e-001  6.257443e-004  9.946018e-001
    outer loop
      vertex -2.769605e+000 -1.373818e+002  8.738177e+001
      vertex -2.390338e+000 -1.225000e+002  8.741198e+001
      vertex -3.977978e+000 -1.372556e+002  8.725563e+001
    endloop
  endfacet
  facet normal -9.799621e-002 -9.433479e-007  9.951868e-001
    outer loop
      vertex -3.977978e+000 -1.372556e+002  8.725563e+001
      vertex -2.390338e+000 -1.225000e+002  8.741198e+001
      vertex -3.977501e+000 -1.225000e+002  8.725569e+001
    endloop
  endfacet
  facet normal -1.414097e-001  4.840479e-007  9.899511e-001
    outer loop
      vertex -3.977978e+000 -1.372556e+002  8.725563e+001
      vertex -3.977501e+000 -1.225000e+002  8.725569e+001
      vertex -5.212075e+000 -1.370793e+002  8.707935e+001
    endloop
  endfacet
  facet normal -1.467001e-001  4.577873e-004  9.891809e-001
    outer loop
      vertex -5.212075e+000 -1.370793e+002  8.707935e+001
      vertex -3.977501e+000 -1.225000e+002  8.725569e+001
      vertex -5.555085e+000 -1.225000e+002  8.702173e+001
    endloop
  endfacet
  facet normal -1.792234e-001 -3.286259e-004  9.838083e-001
    outer loop
      vertex -5.212075e+000 -1.370793e+002  8.707935e+001
      vertex -5.555085e+000 -1.225000e+002  8.702173e+001
      vertex -6.431314e+000 -1.368573e+002  8.685731e+001
    endloop
  endfacet
  facet normal -2.902238e-001  3.632047e-004  9.569587e-001
    outer loop
      vertex -1.019255e+001 -1.225000e+002  8.586036e+001
      vertex -9.971432e+000 -1.359325e+002  8.593252e+001
      vertex -8.666357e+000 -1.225000e+002  8.632322e+001
    endloop
  endfacet
  facet normal -2.889861e-001  2.320534e-004  9.573333e-001
    outer loop
      vertex -8.666357e+000 -1.225000e+002  8.632322e+001
      vertex -9.971432e+000 -1.359325e+002  8.593252e+001
      vertex -8.813525e+000 -1.362821e+002  8.628214e+001
    endloop
  endfacet
  facet normal -2.531052e-001 -1.812130e-004  9.674387e-001
    outer loop
      vertex -8.666357e+000 -1.225000e+002  8.632322e+001
      vertex -8.813525e+000 -1.362821e+002  8.628214e+001
      vertex -7.632694e+000 -1.365910e+002  8.659101e+001
    endloop
  endfacet
  facet normal -5.381442e-001  2.073573e-004  8.428528e-001
    outer loop
      vertex -1.696235e+001 -1.327224e+002  8.272235e+001
      vertex -1.687500e+001 -1.225000e+002  8.277560e+001
      vertex -1.801674e+001 -1.320490e+002  8.204897e+001
    endloop
  endfacet
  facet normal -5.270805e-001 -1.645168e-003  8.498137e-001
    outer loop
      vertex -1.801674e+001 -1.320490e+002  8.204897e+001
      vertex -1.687500e+001 -1.225000e+002  8.277560e+001
      vertex -1.738411e+001 -1.225000e+002  8.245984e+001
    endloop
  endfacet
  facet normal -5.630785e-001  1.747113e-003  8.264017e-001
    outer loop
      vertex -1.801674e+001 -1.320490e+002  8.204897e+001
      vertex -1.738411e+001 -1.225000e+002  8.245984e+001
      vertex -1.863399e+001 -1.316275e+002  8.162752e+001
    endloop
  endfacet
  facet normal -5.554661e-001  2.362204e-004  8.315392e-001
    outer loop
      vertex -1.863399e+001 -1.316275e+002  8.162752e+001
      vertex -1.738411e+001 -1.225000e+002  8.245984e+001
      vertex -1.871028e+001 -1.225000e+002  8.157396e+001
    endloop
  endfacet
  facet normal -5.827112e-001 -1.021849e-004  8.126792e-001
    outer loop
      vertex -1.863399e+001 -1.316275e+002  8.162752e+001
      vertex -1.871028e+001 -1.225000e+002  8.157396e+001
      vertex -1.923653e+001 -1.311955e+002  8.119553e+001
    endloop
  endfacet
  facet normal -6.003623e-001  1.529724e-003  7.997268e-001
    outer loop
      vertex -1.923653e+001 -1.311955e+002  8.119553e+001
      vertex -1.871028e+001 -1.225000e+002  8.157396e+001
      vertex -1.983238e+001 -1.307474e+002  8.074737e+001
    endloop
  endfacet
  facet normal -5.955886e-001  5.231730e-004  8.032895e-001
    outer loop
      vertex -1.983238e+001 -1.307474e+002  8.074737e+001
      vertex -1.871028e+001 -1.225000e+002  8.157396e+001
      vertex -1.999140e+001 -1.225000e+002  8.062409e+001
    endloop
  endfacet
  facet normal -6.193011e-001 -2.051220e-004  7.851536e-001
    outer loop
      vertex -1.983238e+001 -1.307474e+002  8.074737e+001
      vertex -1.999140e+001 -1.225000e+002  8.062409e+001
      vertex -2.041316e+001 -1.302894e+002  8.028938e+001
    endloop
  endfacet
  facet normal -7.408321e-001  9.201757e-004  6.716896e-001
    outer loop
      vertex -2.460539e+001 -1.225000e+002  7.623264e+001
      vertex -2.450007e+001 -1.263541e+002  7.635407e+001
      vertex -2.353415e+001 -1.225000e+002  7.741415e+001
    endloop
  endfacet
  facet normal -7.395324e-001  2.007229e-004  6.731210e-001
    outer loop
      vertex -2.353415e+001 -1.225000e+002  7.741415e+001
      vertex -2.450007e+001 -1.263541e+002  7.635407e+001
      vertex -2.356508e+001 -1.273816e+002  7.738161e+001
    endloop
  endfacet
  facet normal -7.100777e-001 -1.925386e-004  7.041233e-001
    outer loop
      vertex -2.353415e+001 -1.225000e+002  7.741415e+001
      vertex -2.356508e+001 -1.273816e+002  7.738161e+001
      vertex -2.257278e+001 -1.283820e+002  7.838203e+001
    endloop
  endfacet
  facet normal  7.408324e-001  0.000000e+000  6.716899e-001
    outer loop
      vertex  2.460539e+001 -1.225000e+002  7.623264e+001
      vertex  2.460539e+001  1.750000e+001  7.623264e+001
      vertex  2.353415e+001 -1.225000e+002  7.741415e+001
    endloop
  endfacet
  facet normal  7.408324e-001  -0.000000e+000  6.716899e-001
    outer loop
      vertex  2.353415e+001 -1.225000e+002  7.741415e+001
      vertex  2.460539e+001  1.750000e+001  7.623264e+001
      vertex  2.353415e+001  1.750000e+001  7.741415e+001
    endloop
  endfacet
  facet normal  7.069860e-001  0.000000e+000  7.072276e-001
    outer loop
      vertex  2.353415e+001 -1.225000e+002  7.741415e+001
      vertex  2.353415e+001  1.750000e+001  7.741415e+001
      vertex  2.240624e+001 -1.225000e+002  7.854167e+001
    endloop
  endfacet
  facet normal  7.069860e-001  -0.000000e+000  7.072276e-001
    outer loop
      vertex  2.240624e+001 -1.225000e+002  7.854167e+001
      vertex  2.353415e+001  1.750000e+001  7.741415e+001
      vertex  2.240624e+001  1.750000e+001  7.854167e+001
    endloop
  endfacet
  facet normal  6.714440e-001  0.000000e+000  7.410554e-001
    outer loop
      vertex  2.240624e+001 -1.225000e+002  7.854167e+001
      vertex  2.240624e+001  1.750000e+001  7.854167e+001
      vertex  2.122437e+001 -1.225000e+002  7.961252e+001
    endloop
  endfacet
  facet normal  6.714440e-001  -0.000000e+000  7.410554e-001
    outer loop
      vertex  2.122437e+001 -1.225000e+002  7.961252e+001
      vertex  2.240624e+001  1.750000e+001  7.854167e+001
      vertex  2.122437e+001  1.750000e+001  7.961252e+001
    endloop
  endfacet
  facet normal  6.342799e-001  0.000000e+000  7.731035e-001
    outer loop
      vertex  2.122437e+001 -1.225000e+002  7.961252e+001
      vertex  2.122437e+001  1.750000e+001  7.961252e+001
      vertex  1.999140e+001 -1.225000e+002  8.062409e+001
    endloop
  endfacet
  facet normal  6.342799e-001  -0.000000e+000  7.731035e-001
    outer loop
      vertex  1.999140e+001 -1.225000e+002  8.062409e+001
      vertex  2.122437e+001  1.750000e+001  7.961252e+001
      vertex  1.999140e+001  1.750000e+001  8.062409e+001
    endloop
  endfacet
  facet normal  5.955886e-001  0.000000e+000  8.032895e-001
    outer loop
      vertex  1.999140e+001 -1.225000e+002  8.062409e+001
      vertex  1.999140e+001  1.750000e+001  8.062409e+001
      vertex  1.871028e+001 -1.225000e+002  8.157396e+001
    endloop
  endfacet
  facet normal  5.955886e-001  -0.000000e+000  8.032895e-001
    outer loop
      vertex  1.871028e+001 -1.225000e+002  8.157396e+001
      vertex  1.999140e+001  1.750000e+001  8.062409e+001
      vertex  1.871028e+001  1.750000e+001  8.157396e+001
    endloop
  endfacet
  facet normal  5.554661e-001  0.000000e+000  8.315392e-001
    outer loop
      vertex  1.871028e+001 -1.225000e+002  8.157396e+001
      vertex  1.871028e+001  1.750000e+001  8.157396e+001
      vertex  1.738411e+001 -1.225000e+002  8.245984e+001
    endloop
  endfacet
  facet normal  5.554661e-001  -0.000000e+000  8.315392e-001
    outer loop
      vertex  1.738411e+001 -1.225000e+002  8.245984e+001
      vertex  1.871028e+001  1.750000e+001  8.157396e+001
      vertex  1.738411e+001  1.750000e+001  8.245984e+001
    endloop
  endfacet
  facet normal  5.270813e-001  0.000000e+000  8.498148e-001
    outer loop
      vertex  1.738411e+001 -1.225000e+002  8.245984e+001
      vertex  1.738411e+001  1.750000e+001  8.245984e+001
      vertex  1.687500e+001 -1.225000e+002  8.277560e+001
    endloop
  endfacet
  facet normal  5.270813e-001  -0.000000e+000  8.498148e-001
    outer loop
      vertex  1.687500e+001 -1.225000e+002  8.277560e+001
      vertex  1.738411e+001  1.750000e+001  8.245984e+001
      vertex  1.687500e+001  1.750000e+001  8.277560e+001
    endloop
  endfacet
  facet normal  5.190852e-001  0.000000e+000  8.547224e-001
    outer loop
      vertex  1.687500e+001 -1.225000e+002  8.277560e+001
      vertex  1.687500e+001  1.750000e+001  8.277560e+001
      vertex  1.686467e+001 -1.223035e+002  8.278188e+001
    endloop
  endfacet
  facet normal  5.190852e-001  -0.000000e+000  8.547224e-001
    outer loop
      vertex  1.686467e+001 -1.223035e+002  8.278188e+001
      vertex  1.687500e+001  1.750000e+001  8.277560e+001
      vertex  1.686467e+001  1.730348e+001  8.278188e+001
    endloop
  endfacet
  facet normal  5.184429e-001  0.000000e+000  8.551122e-001
    outer loop
      vertex  1.686467e+001 -1.223035e+002  8.278188e+001
      vertex  1.686467e+001  1.730348e+001  8.278188e+001
      vertex  1.683397e+001 -1.221099e+002  8.280049e+001
    endloop
  endfacet
  facet normal  5.184430e-001  -0.000000e+000  8.551123e-001
    outer loop
      vertex  1.683397e+001 -1.221099e+002  8.280049e+001
      vertex  1.686467e+001  1.730348e+001  8.278188e+001
      vertex  1.683397e+001  1.710989e+001  8.280049e+001
    endloop
  endfacet
  facet normal  5.166781e-001  0.000000e+000  8.561797e-001
    outer loop
      vertex  1.683397e+001 -1.221099e+002  8.280049e+001
      vertex  1.683397e+001  1.710989e+001  8.280049e+001
      vertex  1.674930e+001 -1.218250e+002  8.285159e+001
    endloop
  endfacet
  facet normal  5.166781e-001  -0.000000e+000  8.561797e-001
    outer loop
      vertex  1.674930e+001 -1.218250e+002  8.285159e+001
      vertex  1.683397e+001  1.710989e+001  8.280049e+001
      vertex  1.674930e+001  1.682504e+001  8.285159e+001
    endloop
  endfacet
  facet normal  5.134352e-001  0.000000e+000  8.581284e-001
    outer loop
      vertex  1.674930e+001 -1.218250e+002  8.285159e+001
      vertex  1.674930e+001  1.682504e+001  8.285159e+001
      vertex  1.662329e+001 -1.215616e+002  8.292698e+001
    endloop
  endfacet
  facet normal  5.134352e-001  -0.000000e+000  8.581284e-001
    outer loop
      vertex  1.662329e+001 -1.215616e+002  8.292698e+001
      vertex  1.674930e+001  1.682504e+001  8.285159e+001
      vertex  1.662329e+001  1.656163e+001  8.292698e+001
    endloop
  endfacet
  facet normal  5.088767e-001  0.000000e+000  8.608394e-001
    outer loop
      vertex  1.662329e+001 -1.215616e+002  8.292698e+001
      vertex  1.662329e+001  1.656163e+001  8.292698e+001
      vertex  1.645327e+001 -1.213152e+002  8.302749e+001
    endloop
  endfacet
  facet normal  5.088767e-001  -0.000000e+000  8.608394e-001
    outer loop
      vertex  1.645327e+001 -1.213152e+002  8.302749e+001
      vertex  1.662329e+001  1.656163e+001  8.292698e+001
      vertex  1.645327e+001  1.631525e+001  8.302749e+001
    endloop
  endfacet
  facet normal  5.031307e-001  0.000000e+000  8.642102e-001
    outer loop
      vertex  1.645327e+001 -1.213152e+002  8.302749e+001
      vertex  1.645327e+001  1.631525e+001  8.302749e+001
      vertex  1.625093e+001 -1.211033e+002  8.314529e+001
    endloop
  endfacet
  facet normal  5.031308e-001  -0.000000e+000  8.642102e-001
    outer loop
      vertex  1.625093e+001 -1.211033e+002  8.314529e+001
      vertex  1.645327e+001  1.631525e+001  8.302749e+001
      vertex  1.625093e+001  1.610329e+001  8.314529e+001
    endloop
  endfacet
  facet normal  4.963378e-001  0.000000e+000  8.681294e-001
    outer loop
      vertex  1.625093e+001 -1.211033e+002  8.314529e+001
      vertex  1.625093e+001  1.610329e+001  8.314529e+001
      vertex  1.601066e+001 -1.209207e+002  8.328265e+001
    endloop
  endfacet
  facet normal  4.963378e-001  -0.000000e+000  8.681295e-001
    outer loop
      vertex  1.601066e+001 -1.209207e+002  8.328265e+001
      vertex  1.625093e+001  1.610329e+001  8.314529e+001
      vertex  1.601066e+001  1.592070e+001  8.328265e+001
    endloop
  endfacet
  facet normal  4.886161e-001  0.000000e+000  8.724989e-001
    outer loop
      vertex  1.601066e+001 -1.209207e+002  8.328265e+001
      vertex  1.601066e+001  1.592070e+001  8.328265e+001
      vertex  1.574825e+001 -1.207808e+002  8.342961e+001
    endloop
  endfacet
  facet normal  4.886161e-001  -0.000000e+000  8.724989e-001
    outer loop
      vertex  1.574825e+001 -1.207808e+002  8.342961e+001
      vertex  1.601066e+001  1.592070e+001  8.328265e+001
      vertex  1.574825e+001  1.578077e+001  8.342961e+001
    endloop
  endfacet
  facet normal  4.802668e-001  0.000000e+000  8.771225e-001
    outer loop
      vertex  1.574825e+001 -1.207808e+002  8.342961e+001
      vertex  1.574825e+001  1.578077e+001  8.342961e+001
      vertex  1.546973e+001 -1.206848e+002  8.358212e+001
    endloop
  endfacet
  facet normal  4.802668e-001  -0.000000e+000  8.771225e-001
    outer loop
      vertex  1.546973e+001 -1.206848e+002  8.358212e+001
      vertex  1.574825e+001  1.578077e+001  8.342961e+001
      vertex  1.546973e+001  1.568479e+001  8.358212e+001
    endloop
  endfacet
  facet normal  4.715584e-001  0.000000e+000  8.818348e-001
    outer loop
      vertex  1.546973e+001 -1.206848e+002  8.358212e+001
      vertex  1.546973e+001  1.568479e+001  8.358212e+001
      vertex  1.518079e+001 -1.206337e+002  8.373663e+001
    endloop
  endfacet
  facet normal  4.715584e-001  -0.000000e+000  8.818348e-001
    outer loop
      vertex  1.518079e+001 -1.206337e+002  8.373663e+001
      vertex  1.546973e+001  1.568479e+001  8.358212e+001
      vertex  1.518079e+001  1.563374e+001  8.373663e+001
    endloop
  endfacet
  facet normal  4.471318e-001  0.000000e+000  8.944681e-001
    outer loop
      vertex  1.467140e+001 -1.190155e+002  8.400000e+001
      vertex  1.467140e+001  1.401546e+001  8.400000e+001
      vertex  1.439196e+001 -1.190532e+002  8.413969e+001
    endloop
  endfacet
  facet normal  4.471318e-001  -0.000000e+000  8.944681e-001
    outer loop
      vertex  1.439196e+001 -1.190532e+002  8.413969e+001
      vertex  1.467140e+001  1.401546e+001  8.400000e+001
      vertex  1.439196e+001  1.405322e+001  8.413969e+001
    endloop
  endfacet
  facet normal  4.385758e-001  0.000000e+000  8.986942e-001
    outer loop
      vertex  1.439196e+001 -1.190532e+002  8.413969e+001
      vertex  1.439196e+001  1.405322e+001  8.413969e+001
      vertex  1.411447e+001 -1.191139e+002  8.427511e+001
    endloop
  endfacet
  facet normal  4.385757e-001  -0.000000e+000  8.986942e-001
    outer loop
      vertex  1.411447e+001 -1.191139e+002  8.427511e+001
      vertex  1.439196e+001  1.405322e+001  8.413969e+001
      vertex  1.411447e+001  1.411388e+001  8.427511e+001
    endloop
  endfacet
  facet normal  4.281177e-001  0.000000e+000  9.037229e-001
    outer loop
      vertex  1.411447e+001 -1.191139e+002  8.427511e+001
      vertex  1.411447e+001  1.411388e+001  8.427511e+001
      vertex  1.371308e+001 -1.192452e+002  8.446526e+001
    endloop
  endfacet
  facet normal  4.281178e-001  -0.000000e+000  9.037230e-001
    outer loop
      vertex  1.371308e+001 -1.192452e+002  8.446526e+001
      vertex  1.411447e+001  1.411388e+001  8.427511e+001
      vertex  1.371308e+001  1.424518e+001  8.446526e+001
    endloop
  endfacet
  facet normal  4.159937e-001  0.000000e+000  9.093675e-001
    outer loop
      vertex  1.371308e+001 -1.192452e+002  8.446526e+001
      vertex  1.371308e+001  1.424518e+001  8.446526e+001
      vertex  1.332554e+001 -1.194265e+002  8.464254e+001
    endloop
  endfacet
  facet normal  4.159937e-001  -0.000000e+000  9.093675e-001
    outer loop
      vertex  1.332554e+001 -1.194265e+002  8.464254e+001
      vertex  1.371308e+001  1.424518e+001  8.446526e+001
      vertex  1.332554e+001  1.442654e+001  8.464254e+001
    endloop
  endfacet
  facet normal  4.043688e-001  0.000000e+000  9.145961e-001
    outer loop
      vertex  1.332554e+001 -1.194265e+002  8.464254e+001
      vertex  1.332554e+001  1.442654e+001  8.464254e+001
      vertex  1.295826e+001 -1.196572e+002  8.480492e+001
    endloop
  endfacet
  facet normal  4.043688e-001  -0.000000e+000  9.145961e-001
    outer loop
      vertex  1.295826e+001 -1.196572e+002  8.480492e+001
      vertex  1.332554e+001  1.442654e+001  8.464254e+001
      vertex  1.295826e+001  1.465724e+001  8.480492e+001
    endloop
  endfacet
  facet normal  3.934941e-001  0.000000e+000  9.193271e-001
    outer loop
      vertex  1.295826e+001 -1.196572e+002  8.480492e+001
      vertex  1.295826e+001  1.465724e+001  8.480492e+001
      vertex  1.261802e+001 -1.199356e+002  8.495055e+001
    endloop
  endfacet
  facet normal  3.934941e-001  -0.000000e+000  9.193271e-001
    outer loop
      vertex  1.261802e+001 -1.199356e+002  8.495055e+001
      vertex  1.295826e+001  1.465724e+001  8.480492e+001
      vertex  1.261802e+001  1.493559e+001  8.495055e+001
    endloop
  endfacet
  facet normal  3.837339e-001  0.000000e+000  9.234437e-001
    outer loop
      vertex  1.261802e+001 -1.199356e+002  8.495055e+001
      vertex  1.261802e+001  1.493559e+001  8.495055e+001
      vertex  1.232507e+001 -1.202428e+002  8.507229e+001
    endloop
  endfacet
  facet normal  3.837339e-001  -0.000000e+000  9.234437e-001
    outer loop
      vertex  1.232507e+001 -1.202428e+002  8.507229e+001
      vertex  1.261802e+001  1.493559e+001  8.495055e+001
      vertex  1.232507e+001  1.524285e+001  8.507229e+001
    endloop
  endfacet
  facet normal  3.752983e-001  0.000000e+000  9.269041e-001
    outer loop
      vertex  1.232507e+001 -1.202428e+002  8.507229e+001
      vertex  1.232507e+001  1.524285e+001  8.507229e+001
      vertex  1.206888e+001 -1.205873e+002  8.517602e+001
    endloop
  endfacet
  facet normal  3.752983e-001  -0.000000e+000  9.269041e-001
    outer loop
      vertex  1.206888e+001 -1.205873e+002  8.517602e+001
      vertex  1.232507e+001  1.524285e+001  8.507229e+001
      vertex  1.206888e+001  1.558727e+001  8.517602e+001
    endloop
  endfacet
  facet normal  3.680508e-001  0.000000e+000  9.298057e-001
    outer loop
      vertex  1.206888e+001 -1.205873e+002  8.517602e+001
      vertex  1.206888e+001  1.558727e+001  8.517602e+001
      vertex  1.185496e+001 -1.209642e+002  8.526070e+001
    endloop
  endfacet
  facet normal  3.680508e-001  -0.000000e+000  9.298057e-001
    outer loop
      vertex  1.185496e+001 -1.209642e+002  8.526070e+001
      vertex  1.206888e+001  1.558727e+001  8.517602e+001
      vertex  1.185496e+001  1.596419e+001  8.526070e+001
    endloop
  endfacet
  facet normal  3.622382e-001  0.000000e+000  9.320856e-001
    outer loop
      vertex  1.185496e+001 -1.209642e+002  8.526070e+001
      vertex  1.185496e+001  1.596419e+001  8.526070e+001
      vertex  1.168815e+001 -1.213679e+002  8.532552e+001
    endloop
  endfacet
  facet normal  3.622382e-001  -0.000000e+000  9.320856e-001
    outer loop
      vertex  1.168815e+001 -1.213679e+002  8.532552e+001
      vertex  1.185496e+001  1.596419e+001  8.526070e+001
      vertex  1.168815e+001  1.636790e+001  8.532552e+001
    endloop
  endfacet
  facet normal  3.580137e-001  0.000000e+000  9.337163e-001
    outer loop
      vertex  1.168815e+001 -1.213679e+002  8.532552e+001
      vertex  1.168815e+001  1.636790e+001  8.532552e+001
      vertex  1.158428e+001 -1.217365e+002  8.536535e+001
    endloop
  endfacet
  facet normal  3.580137e-001  -0.000000e+000  9.337162e-001
    outer loop
      vertex  1.158428e+001 -1.217365e+002  8.536535e+001
      vertex  1.168815e+001  1.636790e+001  8.532552e+001
      vertex  1.158428e+001  1.673653e+001  8.536535e+001
    endloop
  endfacet
  facet normal  3.554690e-001  0.000000e+000  9.346880e-001
    outer loop
      vertex  1.158428e+001 -1.217365e+002  8.536535e+001
      vertex  1.158428e+001  1.673653e+001  8.536535e+001
      vertex  1.152117e+001 -1.221156e+002  8.538935e+001
    endloop
  endfacet
  facet normal  3.554690e-001  -0.000000e+000  9.346880e-001
    outer loop
      vertex  1.152117e+001 -1.221156e+002  8.538935e+001
      vertex  1.158428e+001  1.673653e+001  8.536535e+001
      vertex  1.152117e+001  1.711562e+001  8.538935e+001
    endloop
  endfacet
  facet normal  3.541869e-001  0.000000e+000  9.351747e-001
    outer loop
      vertex  1.152117e+001 -1.221156e+002  8.538935e+001
      vertex  1.152117e+001  1.711562e+001  8.538935e+001
      vertex  1.150000e+001 -1.225000e+002  8.539737e+001
    endloop
  endfacet
  facet normal  3.541869e-001  -0.000000e+000  9.351747e-001
    outer loop
      vertex  1.150000e+001 -1.225000e+002  8.539737e+001
      vertex  1.152117e+001  1.711562e+001  8.538935e+001
      vertex  1.150000e+001  1.750000e+001  8.539737e+001
    endloop
  endfacet
  facet normal  3.338057e-001  0.000000e+000  9.426420e-001
    outer loop
      vertex  1.150000e+001 -1.225000e+002  8.539737e+001
      vertex  1.150000e+001  1.750000e+001  8.539737e+001
      vertex  1.019255e+001 -1.225000e+002  8.586036e+001
    endloop
  endfacet
  facet normal  3.338057e-001  -0.000000e+000  9.426420e-001
    outer loop
      vertex  1.019255e+001 -1.225000e+002  8.586036e+001
      vertex  1.150000e+001  1.750000e+001  8.539737e+001
      vertex  1.019255e+001  1.750000e+001  8.586036e+001
    endloop
  endfacet
  facet normal  2.902238e-001  0.000000e+000  9.569588e-001
    outer loop
      vertex  1.019255e+001 -1.225000e+002  8.586036e+001
      vertex  1.019255e+001  1.750000e+001  8.586036e+001
      vertex  8.666357e+000 -1.225000e+002  8.632322e+001
    endloop
  endfacet
  facet normal  2.902238e-001  -0.000000e+000  9.569588e-001
    outer loop
      vertex  8.666357e+000 -1.225000e+002  8.632322e+001
      vertex  1.019255e+001  1.750000e+001  8.586036e+001
      vertex  8.666357e+000  1.750000e+001  8.632322e+001
    endloop
  endfacet
  facet normal  2.429309e-001  0.000000e+000  9.700435e-001
    outer loop
      vertex  8.666357e+000 -1.225000e+002  8.632322e+001
      vertex  8.666357e+000  1.750000e+001  8.632322e+001
      vertex  7.119293e+000 -1.225000e+002  8.671066e+001
    endloop
  endfacet
  facet normal  2.429309e-001  -0.000000e+000  9.700435e-001
    outer loop
      vertex  7.119293e+000 -1.225000e+002  8.671066e+001
      vertex  8.666357e+000  1.750000e+001  8.632322e+001
      vertex  7.119293e+000  1.750000e+001  8.671066e+001
    endloop
  endfacet
  facet normal  1.950500e-001  0.000000e+000  9.807934e-001
    outer loop
      vertex  7.119293e+000 -1.225000e+002  8.671066e+001
      vertex  7.119293e+000  1.750000e+001  8.671066e+001
      vertex  5.555085e+000 -1.225000e+002  8.702173e+001
    endloop
  endfacet
  facet normal  1.950500e-001  -0.000000e+000  9.807934e-001
    outer loop
      vertex  5.555085e+000 -1.225000e+002  8.702173e+001
      vertex  7.119293e+000  1.750000e+001  8.671066e+001
      vertex  5.555085e+000  1.750000e+001  8.702173e+001
    endloop
  endfacet
  facet normal  1.467001e-001  0.000000e+000  9.891810e-001
    outer loop
      vertex  5.555085e+000 -1.225000e+002  8.702173e+001
      vertex  5.555085e+000  1.750000e+001  8.702173e+001
      vertex  3.977501e+000 -1.225000e+002  8.725569e+001
    endloop
  endfacet
  facet normal  1.467001e-001  -0.000000e+000  9.891810e-001
    outer loop
      vertex  3.977501e+000 -1.225000e+002  8.725569e+001
      vertex  5.555085e+000  1.750000e+001  8.702173e+001
      vertex  3.977501e+000  1.750000e+001  8.725569e+001
    endloop
  endfacet
  facet normal  9.799621e-002  0.000000e+000  9.951867e-001
    outer loop
      vertex  3.977501e+000 -1.225000e+002  8.725569e+001
      vertex  3.977501e+000  1.750000e+001  8.725569e+001
      vertex  2.390338e+000 -1.225000e+002  8.741198e+001
    endloop
  endfacet
  facet normal  9.799621e-002  -0.000000e+000  9.951867e-001
    outer loop
      vertex  2.390338e+000 -1.225000e+002  8.741198e+001
      vertex  3.977501e+000  1.750000e+001  8.725569e+001
      vertex  2.390338e+000  1.750000e+001  8.741198e+001
    endloop
  endfacet
  facet normal  4.905789e-002  0.000000e+000  9.987959e-001
    outer loop
      vertex  2.390338e+000 -1.225000e+002  8.741198e+001
      vertex  2.390338e+000  1.750000e+001  8.741198e+001
      vertex  7.974195e-001 -1.225000e+002  8.749022e+001
    endloop
  endfacet
  facet normal  4.905789e-002  -0.000000e+000  9.987959e-001
    outer loop
      vertex  7.974195e-001 -1.225000e+002  8.749022e+001
      vertex  2.390338e+000  1.750000e+001  8.741198e+001
      vertex  7.974195e-001  1.750000e+001  8.749022e+001
    endloop
  endfacet
  facet normal  0.000000e+000  0.000000e+000  1.000000e+000
    outer loop
      vertex  7.974195e-001 -1.225000e+002  8.749022e+001
      vertex  7.974195e-001  1.750000e+001  8.749022e+001
      vertex -7.974195e-001 -1.225000e+002  8.749022e+001
    endloop
  endfacet
  facet normal  0.000000e+000  0.000000e+000  1.000000e+000
    outer loop
      vertex -7.974195e-001 -1.225000e+002  8.749022e+001
      vertex  7.974195e-001  1.750000e+001  8.749022e+001
      vertex -7.974195e-001  1.750000e+001  8.749022e+001
    endloop
  endfacet
  facet normal -4.905789e-002  0.000000e+000  9.987959e-001
    outer loop
      vertex -7.974195e-001 -1.225000e+002  8.749022e+001
      vertex -7.974195e-001  1.750000e+001  8.749022e+001
      vertex -2.390338e+000 -1.225000e+002  8.741198e+001
    endloop
  endfacet
  facet normal -4.905789e-002  0.000000e+000  9.987959e-001
    outer loop
      vertex -2.390338e+000 -1.225000e+002  8.741198e+001
      vertex -7.974195e-001  1.750000e+001  8.749022e+001
      vertex -2.390338e+000  1.750000e+001  8.741198e+001
    endloop
  endfacet
  facet normal -9.799621e-002  0.000000e+000  9.951867e-001
    outer loop
      vertex -2.390338e+000 -1.225000e+002  8.741198e+001
      vertex -2.390338e+000  1.750000e+001  8.741198e+001
      vertex -3.977501e+000 -1.225000e+002  8.725569e+001
    endloop
  endfacet
  facet normal -9.799621e-002  0.000000e+000  9.951867e-001
    outer loop
      vertex -3.977501e+000 -1.225000e+002  8.725569e+001
      vertex -2.390338e+000  1.750000e+001  8.741198e+001
      vertex -3.977501e+000  1.750000e+001  8.725569e+001
    endloop
  endfacet
  facet normal -1.467001e-001  0.000000e+000  9.891810e-001
    outer loop
      vertex -3.977501e+000 -1.225000e+002  8.725569e+001
      vertex -3.977501e+000  1.750000e+001  8.725569e+001
      vertex -5.555085e+000 -1.225000e+002  8.702173e+001
    endloop
  endfacet
  facet normal -1.467001e-001  0.000000e+000  9.891810e-001
    outer loop
      vertex -5.555085e+000 -1.225000e+002  8.702173e+001
      vertex -3.977501e+000  1.750000e+001  8.725569e+001
      vertex -5.555085e+000  1.750000e+001  8.702173e+001
    endloop
  endfacet
  facet normal -1.950500e-001  0.000000e+000  9.807934e-001
    outer loop
      vertex -5.555085e+000 -1.225000e+002  8.702173e+001
      vertex -5.555085e+000  1.750000e+001  8.702173e+001
      vertex -7.119293e+000 -1.225000e+002  8.671066e+001
    endloop
  endfacet
  facet normal -1.950500e-001  0.000000e+000  9.807934e-001
    outer loop
      vertex -7.119293e+000 -1.225000e+002  8.671066e+001
      vertex -5.555085e+000  1.750000e+001  8.702173e+001
      vertex -7.119293e+000  1.750000e+001  8.671066e+001
    endloop
  endfacet
  facet normal -2.429309e-001  0.000000e+000  9.700435e-001
    outer loop
      vertex -7.119293e+000 -1.225000e+002  8.671066e+001
      vertex -7.119293e+000  1.750000e+001  8.671066e+001
      vertex -8.666357e+000 -1.225000e+002  8.632322e+001
    endloop
  endfacet
  facet normal -2.429309e-001  0.000000e+000  9.700435e-001
    outer loop
      vertex -8.666357e+000 -1.225000e+002  8.632322e+001
      vertex -7.119293e+000  1.750000e+001  8.671066e+001
      vertex -8.666357e+000  1.750000e+001  8.632322e+001
    endloop
  endfacet
  facet normal -2.902238e-001  0.000000e+000  9.569588e-001
    outer loop
      vertex -8.666357e+000 -1.225000e+002  8.632322e+001
      vertex -8.666357e+000  1.750000e+001  8.632322e+001
      vertex -1.019255e+001 -1.225000e+002  8.586036e+001
    endloop
  endfacet
  facet normal -2.902238e-001  0.000000e+000  9.569588e-001
    outer loop
      vertex -1.019255e+001 -1.225000e+002  8.586036e+001
      vertex -8.666357e+000  1.750000e+001  8.632322e+001
      vertex -1.019255e+001  1.750000e+001  8.586036e+001
    endloop
  endfacet
  facet normal -3.338057e-001  0.000000e+000  9.426420e-001
    outer loop
      vertex -1.019255e+001 -1.225000e+002  8.586036e+001
      vertex -1.019255e+001  1.750000e+001  8.586036e+001
      vertex -1.150000e+001 -1.225000e+002  8.539737e+001
    endloop
  endfacet
  facet normal -3.338057e-001  0.000000e+000  9.426420e-001
    outer loop
      vertex -1.150000e+001 -1.225000e+002  8.539737e+001
      vertex -1.019255e+001  1.750000e+001  8.586036e+001
      vertex -1.150000e+001  1.750000e+001  8.539737e+001
    endloop
  endfacet
  facet normal -3.541869e-001  0.000000e+000  9.351747e-001
    outer loop
      vertex -1.150000e+001 -1.225000e+002  8.539737e+001
      vertex -1.150000e+001  1.750000e+001  8.539737e+001
      vertex -1.152117e+001 -1.221156e+002  8.538935e+001
    endloop
  endfacet
  facet normal -3.541869e-001  0.000000e+000  9.351747e-001
    outer loop
      vertex -1.152117e+001 -1.221156e+002  8.538935e+001
      vertex -1.150000e+001  1.750000e+001  8.539737e+001
      vertex -1.152117e+001  1.711562e+001  8.538935e+001
    endloop
  endfacet
  facet normal -3.554690e-001  0.000000e+000  9.346880e-001
    outer loop
      vertex -1.152117e+001 -1.221156e+002  8.538935e+001
      vertex -1.152117e+001  1.711562e+001  8.538935e+001
      vertex -1.158428e+001 -1.217365e+002  8.536535e+001
    endloop
  endfacet
  facet normal -3.554690e-001  0.000000e+000  9.346880e-001
    outer loop
      vertex -1.158428e+001 -1.217365e+002  8.536535e+001
      vertex -1.152117e+001  1.711562e+001  8.538935e+001
      vertex -1.158428e+001  1.673653e+001  8.536535e+001
    endloop
  endfacet
  facet normal -3.580137e-001  0.000000e+000  9.337162e-001
    outer loop
      vertex -1.158428e+001 -1.217365e+002  8.536535e+001
      vertex -1.158428e+001  1.673653e+001  8.536535e+001
      vertex -1.168815e+001 -1.213679e+002  8.532552e+001
    endloop
  endfacet
  facet normal -3.580137e-001  0.000000e+000  9.337163e-001
    outer loop
      vertex -1.168815e+001 -1.213679e+002  8.532552e+001
      vertex -1.158428e+001  1.673653e+001  8.536535e+001
      vertex -1.168815e+001  1.636790e+001  8.532552e+001
    endloop
  endfacet
  facet normal -3.622382e-001  0.000000e+000  9.320856e-001
    outer loop
      vertex -1.168815e+001 -1.213679e+002  8.532552e+001
      vertex -1.168815e+001  1.636790e+001  8.532552e+001
      vertex -1.185496e+001 -1.209642e+002  8.526070e+001
    endloop
  endfacet
  facet normal -3.622382e-001  0.000000e+000  9.320856e-001
    outer loop
      vertex -1.185496e+001 -1.209642e+002  8.526070e+001
      vertex -1.168815e+001  1.636790e+001  8.532552e+001
      vertex -1.185496e+001  1.596419e+001  8.526070e+001
    endloop
  endfacet
  facet normal -3.680508e-001  0.000000e+000  9.298057e-001
    outer loop
      vertex -1.185496e+001 -1.209642e+002  8.526070e+001
      vertex -1.185496e+001  1.596419e+001  8.526070e+001
      vertex -1.206888e+001 -1.205873e+002  8.517602e+001
    endloop
  endfacet
  facet normal -3.680508e-001  0.000000e+000  9.298057e-001
    outer loop
      vertex -1.206888e+001 -1.205873e+002  8.517602e+001
      vertex -1.185496e+001  1.596419e+001  8.526070e+001
      vertex -1.206888e+001  1.558727e+001  8.517602e+001
    endloop
  endfacet
  facet normal -3.752983e-001  0.000000e+000  9.269041e-001
    outer loop
      vertex -1.206888e+001 -1.205873e+002  8.517602e+001
      vertex -1.206888e+001  1.558727e+001  8.517602e+001
      vertex -1.232507e+001 -1.202428e+002  8.507229e+001
    endloop
  endfacet
  facet normal -3.752983e-001  0.000000e+000  9.269041e-001
    outer loop
      vertex -1.232507e+001 -1.202428e+002  8.507229e+001
      vertex -1.206888e+001  1.558727e+001  8.517602e+001
      vertex -1.232507e+001  1.524285e+001  8.507229e+001
    endloop
  endfacet
  facet normal -3.837339e-001  0.000000e+000  9.234437e-001
    outer loop
      vertex -1.232507e+001 -1.202428e+002  8.507229e+001
      vertex -1.232507e+001  1.524285e+001  8.507229e+001
      vertex -1.261802e+001 -1.199356e+002  8.495055e+001
    endloop
  endfacet
  facet normal -3.837339e-001  0.000000e+000  9.234437e-001
    outer loop
      vertex -1.261802e+001 -1.199356e+002  8.495055e+001
      vertex -1.232507e+001  1.524285e+001  8.507229e+001
      vertex -1.261802e+001  1.493559e+001  8.495055e+001
    endloop
  endfacet
  facet normal -3.934941e-001  0.000000e+000  9.193271e-001
    outer loop
      vertex -1.261802e+001 -1.199356e+002  8.495055e+001
      vertex -1.261802e+001  1.493559e+001  8.495055e+001
      vertex -1.295826e+001 -1.196572e+002  8.480492e+001
    endloop
  endfacet
  facet normal -3.934941e-001  0.000000e+000  9.193271e-001
    outer loop
      vertex -1.295826e+001 -1.196572e+002  8.480492e+001
      vertex -1.261802e+001  1.493559e+001  8.495055e+001
      vertex -1.295826e+001  1.465724e+001  8.480492e+001
    endloop
  endfacet
  facet normal -4.043688e-001  0.000000e+000  9.145961e-001
    outer loop
      vertex -1.295826e+001 -1.196572e+002  8.480492e+001
      vertex -1.295826e+001  1.465724e+001  8.480492e+001
      vertex -1.332554e+001 -1.194265e+002  8.464254e+001
    endloop
  endfacet
  facet normal -4.043688e-001  0.000000e+000  9.145961e-001
    outer loop
      vertex -1.332554e+001 -1.194265e+002  8.464254e+001
      vertex -1.295826e+001  1.465724e+001  8.480492e+001
      vertex -1.332554e+001  1.442654e+001  8.464254e+001
    endloop
  endfacet
  facet normal -4.159937e-001  0.000000e+000  9.093675e-001
    outer loop
      vertex -1.332554e+001 -1.194265e+002  8.464254e+001
      vertex -1.332554e+001  1.442654e+001  8.464254e+001
      vertex -1.371308e+001 -1.192452e+002  8.446526e+001
    endloop
  endfacet
  facet normal -4.159937e-001  0.000000e+000  9.093675e-001
    outer loop
      vertex -1.371308e+001 -1.192452e+002  8.446526e+001
      vertex -1.332554e+001  1.442654e+001  8.464254e+001
      vertex -1.371308e+001  1.424518e+001  8.446526e+001
    endloop
  endfacet
  facet normal -4.281178e-001  0.000000e+000  9.037230e-001
    outer loop
      vertex -1.371308e+001 -1.192452e+002  8.446526e+001
      vertex -1.371308e+001  1.424518e+001  8.446526e+001
      vertex -1.411447e+001 -1.191139e+002  8.427511e+001
    endloop
  endfacet
  facet normal -4.281177e-001  0.000000e+000  9.037229e-001
    outer loop
      vertex -1.411447e+001 -1.191139e+002  8.427511e+001
      vertex -1.371308e+001  1.424518e+001  8.446526e+001
      vertex -1.411447e+001  1.411388e+001  8.427511e+001
    endloop
  endfacet
  facet normal -4.385757e-001  0.000000e+000  8.986942e-001
    outer loop
      vertex -1.411447e+001 -1.191139e+002  8.427511e+001
      vertex -1.411447e+001  1.411388e+001  8.427511e+001
      vertex -1.439196e+001 -1.190532e+002  8.413969e+001
    endloop
  endfacet
  facet normal -4.385758e-001  0.000000e+000  8.986942e-001
    outer loop
      vertex -1.439196e+001 -1.190532e+002  8.413969e+001
      vertex -1.411447e+001  1.411388e+001  8.427511e+001
      vertex -1.439196e+001  1.405322e+001  8.413969e+001
    endloop
  endfacet
  facet normal -4.471318e-001  0.000000e+000  8.944681e-001
    outer loop
      vertex -1.439196e+001 -1.190532e+002  8.413969e+001
      vertex -1.439196e+001  1.405322e+001  8.413969e+001
      vertex -1.467140e+001 -1.190155e+002  8.400000e+001
    endloop
  endfacet
  facet normal -4.471318e-001  0.000000e+000  8.944681e-001
    outer loop
      vertex -1.467140e+001 -1.190155e+002  8.400000e+001
      vertex -1.439196e+001  1.405322e+001  8.413969e+001
      vertex -1.467140e+001  1.401546e+001  8.400000e+001
    endloop
  endfacet
  facet normal -4.715584e-001  0.000000e+000  8.818348e-001
    outer loop
      vertex -1.518079e+001 -1.206337e+002  8.373663e+001
      vertex -1.518079e+001  1.563374e+001  8.373663e+001
      vertex -1.546973e+001 -1.206848e+002  8.358212e+001
    endloop
  endfacet
  facet normal -4.715584e-001  0.000000e+000  8.818348e-001
    outer loop
      vertex -1.546973e+001 -1.206848e+002  8.358212e+001
      vertex -1.518079e+001  1.563374e+001  8.373663e+001
      vertex -1.546973e+001  1.568479e+001  8.358212e+001
    endloop
  endfacet
  facet normal -4.802668e-001  0.000000e+000  8.771225e-001
    outer loop
      vertex -1.546973e+001 -1.206848e+002  8.358212e+001
      vertex -1.546973e+001  1.568479e+001  8.358212e+001
      vertex -1.574825e+001 -1.207808e+002  8.342961e+001
    endloop
  endfacet
  facet normal -4.802668e-001  0.000000e+000  8.771225e-001
    outer loop
      vertex -1.574825e+001 -1.207808e+002  8.342961e+001
      vertex -1.546973e+001  1.568479e+001  8.358212e+001
      vertex -1.574825e+001  1.578077e+001  8.342961e+001
    endloop
  endfacet
  facet normal -4.886161e-001  0.000000e+000  8.724989e-001
    outer loop
      vertex -1.574825e+001 -1.207808e+002  8.342961e+001
      vertex -1.574825e+001  1.578077e+001  8.342961e+001
      vertex -1.601066e+001 -1.209207e+002  8.328265e+001
    endloop
  endfacet
  facet normal -4.886161e-001  0.000000e+000  8.724989e-001
    outer loop
      vertex -1.601066e+001 -1.209207e+002  8.328265e+001
      vertex -1.574825e+001  1.578077e+001  8.342961e+001
      vertex -1.601066e+001  1.592070e+001  8.328265e+001
    endloop
  endfacet
  facet normal -4.963378e-001  0.000000e+000  8.681295e-001
    outer loop
      vertex -1.601066e+001 -1.209207e+002  8.328265e+001
      vertex -1.601066e+001  1.592070e+001  8.328265e+001
      vertex -1.625093e+001 -1.211033e+002  8.314529e+001
    endloop
  endfacet
  facet normal -4.963378e-001  0.000000e+000  8.681294e-001
    outer loop
      vertex -1.625093e+001 -1.211033e+002  8.314529e+001
      vertex -1.601066e+001  1.592070e+001  8.328265e+001
      vertex -1.625093e+001  1.610329e+001  8.314529e+001
    endloop
  endfacet
  facet normal -5.031308e-001  0.000000e+000  8.642102e-001
    outer loop
      vertex -1.625093e+001 -1.211033e+002  8.314529e+001
      vertex -1.625093e+001  1.610329e+001  8.314529e+001
      vertex -1.645327e+001 -1.213152e+002  8.302749e+001
    endloop
  endfacet
  facet normal -5.031307e-001  0.000000e+000  8.642102e-001
    outer loop
      vertex -1.645327e+001 -1.213152e+002  8.302749e+001
      vertex -1.625093e+001  1.610329e+001  8.314529e+001
      vertex -1.645327e+001  1.631525e+001  8.302749e+001
    endloop
  endfacet
  facet normal -5.088767e-001  0.000000e+000  8.608394e-001
    outer loop
      vertex -1.645327e+001 -1.213152e+002  8.302749e+001
      vertex -1.645327e+001  1.631525e+001  8.302749e+001
      vertex -1.662329e+001 -1.215616e+002  8.292698e+001
    endloop
  endfacet
  facet normal -5.088767e-001  0.000000e+000  8.608394e-001
    outer loop
      vertex -1.662329e+001 -1.215616e+002  8.292698e+001
      vertex -1.645327e+001  1.631525e+001  8.302749e+001
      vertex -1.662329e+001  1.656163e+001  8.292698e+001
    endloop
  endfacet
  facet normal -5.134352e-001  0.000000e+000  8.581284e-001
    outer loop
      vertex -1.662329e+001 -1.215616e+002  8.292698e+001
      vertex -1.662329e+001  1.656163e+001  8.292698e+001
      vertex -1.674930e+001 -1.218250e+002  8.285159e+001
    endloop
  endfacet
  facet normal -5.134352e-001  0.000000e+000  8.581284e-001
    outer loop
      vertex -1.674930e+001 -1.218250e+002  8.285159e+001
      vertex -1.662329e+001  1.656163e+001  8.292698e+001
      vertex -1.674930e+001  1.682504e+001  8.285159e+001
    endloop
  endfacet
  facet normal -5.166781e-001  0.000000e+000  8.561797e-001
    outer loop
      vertex -1.674930e+001 -1.218250e+002  8.285159e+001
      vertex -1.674930e+001  1.682504e+001  8.285159e+001
      vertex -1.683397e+001 -1.221099e+002  8.280049e+001
    endloop
  endfacet
  facet normal -5.166781e-001  0.000000e+000  8.561797e-001
    outer loop
      vertex -1.683397e+001 -1.221099e+002  8.280049e+001
      vertex -1.674930e+001  1.682504e+001  8.285159e+001
      vertex -1.683397e+001  1.710989e+001  8.280049e+001
    endloop
  endfacet
  facet normal -5.184430e-001  0.000000e+000  8.551123e-001
    outer loop
      vertex -1.683397e+001 -1.221099e+002  8.280049e+001
      vertex -1.683397e+001  1.710989e+001  8.280049e+001
      vertex -1.686467e+001 -1.223035e+002  8.278188e+001
    endloop
  endfacet
  facet normal -5.184429e-001  0.000000e+000  8.551122e-001
    outer loop
      vertex -1.686467e+001 -1.223035e+002  8.278188e+001
      vertex -1.683397e+001  1.710989e+001  8.280049e+001
      vertex -1.686467e+001  1.730348e+001  8.278188e+001
    endloop
  endfacet
  facet normal -5.190852e-001  0.000000e+000  8.547224e-001
    outer loop
      vertex -1.686467e+001 -1.223035e+002  8.278188e+001
      vertex -1.686467e+001  1.730348e+001  8.278188e+001
      vertex -1.687500e+001 -1.225000e+002  8.277560e+001
    endloop
  endfacet
  facet normal -5.190852e-001  0.000000e+000  8.547224e-001
    outer loop
      vertex -1.687500e+001 -1.225000e+002  8.277560e+001
      vertex -1.686467e+001  1.730348e+001  8.278188e+001
      vertex -1.687500e+001  1.750000e+001  8.277560e+001
    endloop
  endfacet
  facet normal -5.270813e-001  0.000000e+000  8.498148e-001
    outer loop
      vertex -1.687500e+001 -1.225000e+002  8.277560e+001
      vertex -1.687500e+001  1.750000e+001  8.277560e+001
      vertex -1.738411e+001 -1.225000e+002  8.245984e+001
    endloop
  endfacet
  facet normal -5.270813e-001  0.000000e+000  8.498148e-001
    outer loop
      vertex -1.738411e+001 -1.225000e+002  8.245984e+001
      vertex -1.687500e+001  1.750000e+001  8.277560e+001
      vertex -1.738411e+001  1.750000e+001  8.245984e+001
    endloop
  endfacet
  facet normal -5.554661e-001  0.000000e+000  8.315392e-001
    outer loop
      vertex -1.738411e+001 -1.225000e+002  8.245984e+001
      vertex -1.738411e+001  1.750000e+001  8.245984e+001
      vertex -1.871028e+001 -1.225000e+002  8.157396e+001
    endloop
  endfacet
  facet normal -5.554661e-001  0.000000e+000  8.315392e-001
    outer loop
      vertex -1.871028e+001 -1.225000e+002  8.157396e+001
      vertex -1.738411e+001  1.750000e+001  8.245984e+001
      vertex -1.871028e+001  1.750000e+001  8.157396e+001
    endloop
  endfacet
  facet normal -5.955886e-001  0.000000e+000  8.032895e-001
    outer loop
      vertex -1.871028e+001 -1.225000e+002  8.157396e+001
      vertex -1.871028e+001  1.750000e+001  8.157396e+001
      vertex -1.999140e+001 -1.225000e+002  8.062409e+001
    endloop
  endfacet
  facet normal -5.955886e-001  0.000000e+000  8.032895e-001
    outer loop
      vertex -1.999140e+001 -1.225000e+002  8.062409e+001
      vertex -1.871028e+001  1.750000e+001  8.157396e+001
      vertex -1.999140e+001  1.750000e+001  8.062409e+001
    endloop
  endfacet
  facet normal -6.342799e-001  0.000000e+000  7.731035e-001
    outer loop
      vertex -1.999140e+001 -1.225000e+002  8.062409e+001
      vertex -1.999140e+001  1.750000e+001  8.062409e+001
      vertex -2.122437e+001 -1.225000e+002  7.961252e+001
    endloop
  endfacet
  facet normal -6.342799e-001  0.000000e+000  7.731035e-001
    outer loop
      vertex -2.122437e+001 -1.225000e+002  7.961252e+001
      vertex -1.999140e+001  1.750000e+001  8.062409e+001
      vertex -2.122437e+001  1.750000e+001  7.961252e+001
    endloop
  endfacet
  facet normal -6.714440e-001  0.000000e+000  7.410554e-001
    outer loop
      vertex -2.122437e+001 -1.225000e+002  7.961252e+001
      vertex -2.122437e+001  1.750000e+001  7.961252e+001
      vertex -2.240624e+001 -1.225000e+002  7.854167e+001
    endloop
  endfacet
  facet normal -6.714440e-001  0.000000e+000  7.410554e-001
    outer loop
      vertex -2.240624e+001 -1.225000e+002  7.854167e+001
      vertex -2.122437e+001  1.750000e+001  7.961252e+001
      vertex -2.240624e+001  1.750000e+001  7.854167e+001
    endloop
  endfacet
  facet normal -7.069860e-001  0.000000e+000  7.072276e-001
    outer loop
      vertex -2.240624e+001 -1.225000e+002  7.854167e+001
      vertex -2.240624e+001  1.750000e+001  7.854167e+001
      vertex -2.353415e+001 -1.225000e+002  7.741415e+001
    endloop
  endfacet
  facet normal -7.069860e-001  0.000000e+000  7.072276e-001
    outer loop
      vertex -2.353415e+001 -1.225000e+002  7.741415e+001
      vertex -2.240624e+001  1.750000e+001  7.854167e+001
      vertex -2.353415e+001  1.750000e+001  7.741415e+001
    endloop
  endfacet
  facet normal -7.408324e-001  0.000000e+000  6.716899e-001
    outer loop
      vertex -2.353415e+001 -1.225000e+002  7.741415e+001
      vertex -2.353415e+001  1.750000e+001  7.741415e+001
      vertex -2.460539e+001 -1.225000e+002  7.623264e+001
    endloop
  endfacet
  facet normal -7.408324e-001  0.000000e+000  6.716899e-001
    outer loop
      vertex -2.460539e+001 -1.225000e+002  7.623264e+001
      vertex -2.353415e+001  1.750000e+001  7.741415e+001
      vertex -2.460539e+001  1.750000e+001  7.623264e+001
    endloop
  endfacet
  facet normal  7.408321e-001 -9.201751e-004  6.716896e-001
    outer loop
      vertex  2.460539e+001  1.750000e+001  7.623264e+001
      vertex  2.450007e+001  2.135407e+001  7.635407e+001
      vertex  2.353415e+001  1.750000e+001  7.741415e+001
    endloop
  endfacet
  facet normal  7.395324e-001 -2.007228e-004  6.731209e-001
    outer loop
      vertex  2.353415e+001  1.750000e+001  7.741415e+001
      vertex  2.450007e+001  2.135407e+001  7.635407e+001
      vertex  2.356508e+001  2.238162e+001  7.738161e+001
    endloop
  endfacet
  facet normal  7.100776e-001  1.925386e-004  7.041234e-001
    outer loop
      vertex  2.353415e+001  1.750000e+001  7.741415e+001
      vertex  2.356508e+001  2.238162e+001  7.738161e+001
      vertex  2.257278e+001  2.338203e+001  7.838203e+001
    endloop
  endfacet
  facet normal  6.003622e-001 -1.529722e-003  7.997267e-001
    outer loop
      vertex  1.923653e+001  2.619553e+001  8.119553e+001
      vertex  1.871028e+001  1.750000e+001  8.157396e+001
      vertex  1.983238e+001  2.574737e+001  8.074737e+001
    endloop
  endfacet
  facet normal  5.955886e-001 -5.231727e-004  8.032895e-001
    outer loop
      vertex  1.983238e+001  2.574737e+001  8.074737e+001
      vertex  1.871028e+001  1.750000e+001  8.157396e+001
      vertex  1.999140e+001  1.750000e+001  8.062409e+001
    endloop
  endfacet
  facet normal  6.193011e-001  2.051219e-004  7.851535e-001
    outer loop
      vertex  1.983238e+001  2.574737e+001  8.074737e+001
      vertex  1.999140e+001  1.750000e+001  8.062409e+001
      vertex  2.041316e+001  2.528938e+001  8.028938e+001
    endloop
  endfacet
  facet normal  5.554661e-001 -2.362205e-004  8.315392e-001
    outer loop
      vertex  1.871028e+001  1.750000e+001  8.157396e+001
      vertex  1.863399e+001  2.662752e+001  8.162752e+001
      vertex  1.738411e+001  1.750000e+001  8.245984e+001
    endloop
  endfacet
  facet normal  5.630785e-001 -1.747111e-003  8.264015e-001
    outer loop
      vertex  1.738411e+001  1.750000e+001  8.245984e+001
      vertex  1.863399e+001  2.662752e+001  8.162752e+001
      vertex  1.801674e+001  2.704897e+001  8.204897e+001
    endloop
  endfacet
  facet normal  5.270806e-001  1.645167e-003  8.498138e-001
    outer loop
      vertex  1.738411e+001  1.750000e+001  8.245984e+001
      vertex  1.801674e+001  2.704897e+001  8.204897e+001
      vertex  1.687500e+001  1.750000e+001  8.277560e+001
    endloop
  endfacet
  facet normal  5.381441e-001 -2.073572e-004  8.428528e-001
    outer loop
      vertex  1.687500e+001  1.750000e+001  8.277560e+001
      vertex  1.801674e+001  2.704897e+001  8.204897e+001
      vertex  1.696235e+001  2.772235e+001  8.272235e+001
    endloop
  endfacet
  facet normal  5.192924e-001  1.489994e-005  8.545967e-001
    outer loop
      vertex  1.687500e+001  1.750000e+001  8.277560e+001
      vertex  1.696235e+001  2.772235e+001  8.272235e+001
      vertex  1.686467e+001  1.769652e+001  8.278188e+001
    endloop
  endfacet
  facet normal  2.902238e-001 -3.632046e-004  9.569587e-001
    outer loop
      vertex  1.019255e+001  1.750000e+001  8.586036e+001
      vertex  9.971432e+000  3.093252e+001  8.593252e+001
      vertex  8.666357e+000  1.750000e+001  8.632322e+001
    endloop
  endfacet
  facet normal  2.889860e-001 -2.320535e-004  9.573332e-001
    outer loop
      vertex  8.666357e+000  1.750000e+001  8.632322e+001
      vertex  9.971432e+000  3.093252e+001  8.593252e+001
      vertex  8.813525e+000  3.128213e+001  8.628214e+001
    endloop
  endfacet
  facet normal  2.531052e-001  1.812130e-004  9.674388e-001
    outer loop
      vertex  8.666357e+000  1.750000e+001  8.632322e+001
      vertex  8.813525e+000  3.128213e+001  8.628214e+001
      vertex  7.632694e+000  3.159101e+001  8.659101e+001
    endloop
  endfacet
  facet normal  1.467001e-001 -4.577874e-004  9.891809e-001
    outer loop
      vertex  5.555085e+000  1.750000e+001  8.702173e+001
      vertex  5.212075e+000  3.207934e+001  8.707935e+001
      vertex  3.977501e+000  1.750000e+001  8.725569e+001
    endloop
  endfacet
  facet normal  1.414097e-001 -4.840479e-007  9.899511e-001
    outer loop
      vertex  3.977501e+000  1.750000e+001  8.725569e+001
      vertex  5.212075e+000  3.207934e+001  8.707935e+001
      vertex  3.977978e+000  3.225563e+001  8.725563e+001
    endloop
  endfacet
  facet normal  9.799621e-002  9.433479e-007  9.951868e-001
    outer loop
      vertex  3.977501e+000  1.750000e+001  8.725569e+001
      vertex  3.977978e+000  3.225563e+001  8.725563e+001
      vertex  2.390338e+000  1.750000e+001  8.741198e+001
    endloop
  endfacet
  facet normal  1.037631e-001 -6.257443e-004  9.946018e-001
    outer loop
      vertex  2.390338e+000  1.750000e+001  8.741198e+001
      vertex  3.977978e+000  3.225563e+001  8.725563e+001
      vertex  2.769605e+000  3.238177e+001  8.738177e+001
    endloop
  endfacet
  facet normal  6.654495e-002  3.292295e-004  9.977834e-001
    outer loop
      vertex  2.390338e+000  1.750000e+001  8.741198e+001
      vertex  2.769605e+000  3.238177e+001  8.738177e+001
      vertex  1.553631e+000  3.246284e+001  8.746284e+001
    endloop
  endfacet
  facet normal -4.905790e-002 -1.390094e-004  9.987959e-001
    outer loop
      vertex -7.974195e-001  1.750000e+001  8.749022e+001
      vertex -8.877307e-001  3.248787e+001  8.748787e+001
      vertex -2.390338e+000  1.750000e+001  8.741198e+001
    endloop
  endfacet
  facet normal -4.605117e-002 -4.411728e-004  9.989390e-001
    outer loop
      vertex -2.390338e+000  1.750000e+001  8.741198e+001
      vertex -8.877307e-001  3.248787e+001  8.748787e+001
      vertex -2.106404e+000  3.243167e+001  8.743166e+001
    endloop
  endfacet
  facet normal -8.350438e-002  2.742274e-004  9.965073e-001
    outer loop
      vertex -2.390338e+000  1.750000e+001  8.741198e+001
      vertex -2.106404e+000  3.243167e+001  8.743166e+001
      vertex -3.319289e+000  3.233005e+001  8.733006e+001
    endloop
  endfacet
  facet normal -1.950500e-001 -3.577279e-004  9.807933e-001
    outer loop
      vertex -5.555085e+000  1.750000e+001  8.702173e+001
      vertex -5.801501e+000  3.197800e+001  8.697800e+001
      vertex -7.119293e+000  1.750000e+001  8.671066e+001
    endloop
  endfacet
  facet normal -1.979299e-001 -8.493667e-005  9.802161e-001
    outer loop
      vertex -7.119293e+000  1.750000e+001  8.671066e+001
      vertex -5.801501e+000  3.197800e+001  8.697800e+001
      vertex -7.062185e+000  3.172342e+001  8.672342e+001
    endloop
  endfacet
  facet normal -2.364304e-001  7.733369e-005  9.716485e-001
    outer loop
      vertex -7.119293e+000  1.750000e+001  8.671066e+001
      vertex -7.062185e+000  3.172342e+001  8.672342e+001
      vertex -8.301935e+000  3.142177e+001  8.642178e+001
    endloop
  endfacet
  facet normal -6.381214e-001 -5.394624e-004  7.699355e-001
    outer loop
      vertex -2.103482e+001  2.477471e+001  7.977472e+001
      vertex -2.122437e+001  1.750000e+001  7.961252e+001
      vertex -2.045759e+001  2.525345e+001  8.025346e+001
    endloop
  endfacet
  facet normal -6.342794e-001 -1.181254e-003  7.731029e-001
    outer loop
      vertex -2.045759e+001  2.525345e+001  8.025346e+001
      vertex -2.122437e+001  1.750000e+001  7.961252e+001
      vertex -1.999140e+001  1.750000e+001  8.062409e+001
    endloop
  endfacet
  facet normal -6.159018e-001  6.273935e-004  7.878227e-001
    outer loop
      vertex -2.045759e+001  2.525345e+001  8.025346e+001
      vertex -1.999140e+001  1.750000e+001  8.062409e+001
      vertex -1.955008e+001  2.596236e+001  8.096236e+001
    endloop
  endfacet
  facet normal -6.726906e-001 -9.603756e-004  7.399232e-001
    outer loop
      vertex -2.215667e+001  2.377671e+001  7.877671e+001
      vertex -2.240624e+001  1.750000e+001  7.854167e+001
      vertex -2.159637e+001  2.428676e+001  7.928676e+001
    endloop
  endfacet
  facet normal -6.714434e-001 -1.233412e-003  7.410547e-001
    outer loop
      vertex -2.159637e+001  2.428676e+001  7.928676e+001
      vertex -2.240624e+001  1.750000e+001  7.854167e+001
      vertex -2.122437e+001  1.750000e+001  7.961252e+001
    endloop
  endfacet
  facet normal -6.560439e-001  2.667328e-004  7.547227e-001
    outer loop
      vertex -2.159637e+001  2.428676e+001  7.928676e+001
      vertex -2.122437e+001  1.750000e+001  7.961252e+001
      vertex -2.103482e+001  2.477471e+001  7.977472e+001
    endloop
  endfacet
  facet normal  4.573394e-001 -8.892890e-001 -2.412192e-003
    outer loop
      vertex  1.398090e+001 -1.209261e+002  8.400000e+001
      vertex  1.406857e+001 -1.208727e+002  8.092924e+001
      vertex  1.431255e+001 -1.207556e+002  8.400000e+001
    endloop
  endfacet
  facet normal  5.721719e-001 -8.201311e-001  2.069751e-003
    outer loop
      vertex  1.379697e+001 -1.210618e+002  8.107477e+001
      vertex  1.406857e+001 -1.208727e+002  8.092924e+001
      vertex  1.398090e+001 -1.209261e+002  8.400000e+001
    endloop
  endfacet
  facet normal  6.243067e-001 -7.811734e-001 -3.015344e-003
    outer loop
      vertex  1.368956e+001 -1.211590e+002  8.400000e+001
      vertex  1.379697e+001 -1.210618e+002  8.107477e+001
      vertex  1.398090e+001 -1.209261e+002  8.400000e+001
    endloop
  endfacet
  facet normal  7.090232e-001 -7.051803e-001  2.618978e-003
    outer loop
      vertex  1.355760e+001 -1.213020e+002  8.120003e+001
      vertex  1.379697e+001 -1.210618e+002  8.107477e+001
      vertex  1.368956e+001 -1.211590e+002  8.400000e+001
    endloop
  endfacet
  facet normal  7.665638e-001 -6.421597e-001 -3.313022e-003
    outer loop
      vertex  1.345007e+001 -1.214449e+002  8.400000e+001
      vertex  1.355760e+001 -1.213020e+002  8.120003e+001
      vertex  1.368956e+001 -1.211590e+002  8.400000e+001
    endloop
  endfacet
  facet normal  8.255944e-001 -5.642564e-001  2.927633e-003
    outer loop
      vertex  1.345007e+001 -1.214449e+002  8.400000e+001
      vertex  1.336149e+001 -1.215885e+002  8.130058e+001
      vertex  1.355760e+001 -1.213020e+002  8.120003e+001
    endloop
  endfacet
  facet normal  8.784972e-001 -4.777355e-001 -3.411179e-003
    outer loop
      vertex  1.336149e+001 -1.215885e+002  8.130058e+001
      vertex  1.345007e+001 -1.214449e+002  8.400000e+001
      vertex  1.327189e+001 -1.217725e+002  8.400000e+001
    endloop
  endfacet
  facet normal  9.116386e-001 -4.109869e-001  2.239285e-003
    outer loop
      vertex  1.327189e+001 -1.217725e+002  8.400000e+001
      vertex  1.323254e+001 -1.218741e+002  8.136570e+001
      vertex  1.336149e+001 -1.215885e+002  8.130058e+001
    endloop
  endfacet
  facet normal  9.556715e-001 -2.944204e-001 -2.916719e-003
    outer loop
      vertex  1.323254e+001 -1.218741e+002  8.136570e+001
      vertex  1.327189e+001 -1.217725e+002  8.400000e+001
      vertex  1.316209e+001 -1.221289e+002  8.400000e+001
    endloop
  endfacet
  facet normal  4.238536e-001 -9.057303e-001  8.755022e-004
    outer loop
      vertex  1.406857e+001 -1.208727e+002  8.092924e+001
      vertex  1.434890e+001 -1.207417e+002  8.077516e+001
      vertex  1.431255e+001 -1.207556e+002  8.400000e+001
    endloop
  endfacet
  facet normal  2.695225e-001 -9.629934e-001 -1.110765e-003
    outer loop
      vertex  1.431255e+001 -1.207556e+002  8.400000e+001
      vertex  1.434890e+001 -1.207417e+002  8.077516e+001
      vertex  1.464148e+001 -1.206596e+002  8.061010e+001
    endloop
  endfacet
  facet normal  2.722878e-001 -9.622155e-001 -8.204273e-004
    outer loop
      vertex  1.431255e+001 -1.207556e+002  8.400000e+001
      vertex  1.464148e+001 -1.206596e+002  8.061010e+001
      vertex  1.467140e+001 -1.206540e+002  8.400000e+001
    endloop
  endfacet
  facet normal  1.125261e-001 -9.936485e-001  6.414952e-004
    outer loop
      vertex  1.467140e+001 -1.206540e+002  8.400000e+001
      vertex  1.464148e+001 -1.206596e+002  8.061010e+001
      vertex  1.493930e+001 -1.206260e+002  8.043752e+001
    endloop
  endfacet
  facet normal  1.077133e-001 -9.941819e-001  2.753804e-004
    outer loop
      vertex  1.467140e+001 -1.206540e+002  8.400000e+001
      vertex  1.493930e+001 -1.206260e+002  8.043752e+001
      vertex  1.492616e+001 -1.206265e+002  8.386971e+001
    endloop
  endfacet
  facet normal -4.711659e-002 -9.988893e-001 -3.180603e-004
    outer loop
      vertex  1.492616e+001 -1.206265e+002  8.386971e+001
      vertex  1.493930e+001 -1.206260e+002  8.043752e+001
      vertex  1.523616e+001 -1.206399e+002  8.026083e+001
    endloop
  endfacet
  facet normal -2.787418e-002 -9.996105e-001  1.337569e-003
    outer loop
      vertex  1.492616e+001 -1.206265e+002  8.386971e+001
      vertex  1.523616e+001 -1.206399e+002  8.026083e+001
      vertex  1.518079e+001 -1.206337e+002  8.373663e+001
    endloop
  endfacet
  facet normal -2.034928e-001 -9.790753e-001 -1.496921e-003
    outer loop
      vertex  1.518079e+001 -1.206337e+002  8.373663e+001
      vertex  1.523616e+001 -1.206399e+002  8.026083e+001
      vertex  1.552130e+001 -1.206989e+002  8.008663e+001
    endloop
  endfacet
  facet normal -1.732642e-001 -9.848744e-001  1.426760e-003
    outer loop
      vertex  1.518079e+001 -1.206337e+002  8.373663e+001
      vertex  1.552130e+001 -1.206989e+002  8.008663e+001
      vertex  1.546973e+001 -1.206848e+002  8.358212e+001
    endloop
  endfacet
  facet normal -3.529681e-001 -9.356343e-001 -1.423910e-003
    outer loop
      vertex  1.546973e+001 -1.206848e+002  8.358212e+001
      vertex  1.552130e+001 -1.206989e+002  8.008663e+001
      vertex  1.579538e+001 -1.208021e+002  7.991498e+001
    endloop
  endfacet
  facet normal -3.251498e-001 -9.456615e-001  1.367102e-003
    outer loop
      vertex  1.546973e+001 -1.206848e+002  8.358212e+001
      vertex  1.579538e+001 -1.208021e+002  7.991498e+001
      vertex  1.574825e+001 -1.207808e+002  8.342961e+001
    endloop
  endfacet
  facet normal -4.951451e-001 -8.688092e-001 -1.377952e-003
    outer loop
      vertex  1.574825e+001 -1.207808e+002  8.342961e+001
      vertex  1.579538e+001 -1.208021e+002  7.991498e+001
      vertex  1.605308e+001 -1.209487e+002  7.974972e+001
    endloop
  endfacet
  facet normal -4.699183e-001 -8.827090e-001  1.345945e-003
    outer loop
      vertex  1.574825e+001 -1.207808e+002  8.342961e+001
      vertex  1.605308e+001 -1.209487e+002  7.974972e+001
      vertex  1.601066e+001 -1.209207e+002  8.328265e+001
    endloop
  endfacet
  facet normal -6.270117e-001 -7.790086e-001 -1.361222e-003
    outer loop
      vertex  1.601066e+001 -1.209207e+002  8.328265e+001
      vertex  1.605308e+001 -1.209487e+002  7.974972e+001
      vertex  1.628856e+001 -1.211379e+002  7.959538e+001
    endloop
  endfacet
  facet normal -6.045570e-001 -7.965606e-001  1.365170e-003
    outer loop
      vertex  1.601066e+001 -1.209207e+002  8.328265e+001
      vertex  1.628856e+001 -1.211379e+002  7.959538e+001
      vertex  1.625093e+001 -1.211033e+002  8.314529e+001
    endloop
  endfacet
  facet normal -7.404881e-001 -6.720683e-001 -1.290789e-003
    outer loop
      vertex  1.625093e+001 -1.211033e+002  8.314529e+001
      vertex  1.628856e+001 -1.211379e+002  7.959538e+001
      vertex  1.647889e+001 -1.213474e+002  7.946827e+001
    endloop
  endfacet
  facet normal -7.230477e-001 -6.907973e-001  1.033844e-003
    outer loop
      vertex  1.625093e+001 -1.211033e+002  8.314529e+001
      vertex  1.647889e+001 -1.213474e+002  7.946827e+001
      vertex  1.645327e+001 -1.213152e+002  8.302749e+001
    endloop
  endfacet
  facet normal -8.342048e-001 -5.514539e-001 -1.025193e-003
    outer loop
      vertex  1.645327e+001 -1.213152e+002  8.302749e+001
      vertex  1.647889e+001 -1.213474e+002  7.946827e+001
      vertex  1.663920e+001 -1.215897e+002  7.935954e+001
    endloop
  endfacet
  facet normal -8.228926e-001 -5.681962e-001  8.009269e-004
    outer loop
      vertex  1.645327e+001 -1.213152e+002  8.302749e+001
      vertex  1.663920e+001 -1.215897e+002  7.935954e+001
      vertex  1.662329e+001 -1.215616e+002  8.292698e+001
    endloop
  endfacet
  facet normal -9.083083e-001 -4.183004e-001 -7.589103e-004
    outer loop
      vertex  1.662329e+001 -1.215616e+002  8.292698e+001
      vertex  1.663920e+001 -1.215897e+002  7.935954e+001
      vertex  1.675701e+001 -1.218454e+002  7.927864e+001
    endloop
  endfacet
  facet normal -9.020385e-001 -4.316552e-001  5.095433e-004
    outer loop
      vertex  1.662329e+001 -1.215616e+002  8.292698e+001
      vertex  1.675701e+001 -1.218454e+002  7.927864e+001
      vertex  1.674930e+001 -1.218250e+002  8.285159e+001
    endloop
  endfacet
  facet normal -9.611191e-001 -2.761337e-001 -5.029857e-004
    outer loop
      vertex  1.674930e+001 -1.218250e+002  8.285159e+001
      vertex  1.675701e+001 -1.218454e+002  7.927864e+001
      vertex  1.683647e+001 -1.221218e+002  7.922361e+001
    endloop
  endfacet
  facet normal -9.585392e-001 -2.849602e-001  2.810322e-004
    outer loop
      vertex  1.674930e+001 -1.218250e+002  8.285159e+001
      vertex  1.683647e+001 -1.221218e+002  7.922361e+001
      vertex  1.683397e+001 -1.221099e+002  8.280049e+001
    endloop
  endfacet
  facet normal -9.884084e-001 -1.518183e-001 -1.839902e-004
    outer loop
      vertex  1.683397e+001 -1.221099e+002  8.280049e+001
      vertex  1.683647e+001 -1.221218e+002  7.922361e+001
      vertex  1.686529e+001 -1.223095e+002  7.920355e+001
    endloop
  endfacet
  facet normal -9.876530e-001 -1.566577e-001  9.110411e-005
    outer loop
      vertex  1.683397e+001 -1.221099e+002  8.280049e+001
      vertex  1.686529e+001 -1.223095e+002  7.920355e+001
      vertex  1.686467e+001 -1.223035e+002  8.278188e+001
    endloop
  endfacet
  facet normal -9.987050e-001 -5.087592e-002 -8.785841e-005
    outer loop
      vertex  1.686467e+001 -1.223035e+002  8.278188e+001
      vertex  1.686529e+001 -1.223095e+002  7.920355e+001
      vertex  1.687500e+001 -1.225000e+002  7.919678e+001
    endloop
  endfacet
  facet normal -9.986223e-001 -5.247439e-002  0.000000e+000
    outer loop
      vertex  1.686467e+001 -1.223035e+002  8.278188e+001
      vertex  1.687500e+001 -1.225000e+002  7.919678e+001
      vertex  1.687500e+001 -1.225000e+002  8.277560e+001
    endloop
  endfacet
  facet normal  9.675719e-001 -2.525916e-001  1.446749e-003
    outer loop
      vertex  1.323254e+001 -1.218741e+002  8.136570e+001
      vertex  1.316209e+001 -1.221289e+002  8.400000e+001
      vertex  1.315227e+001 -1.221814e+002  8.140583e+001
    endloop
  endfacet
  facet normal  9.950407e-001 -9.945293e-002 -1.754456e-003
    outer loop
      vertex  1.315227e+001 -1.221814e+002  8.140583e+001
      vertex  1.316209e+001 -1.221289e+002  8.400000e+001
      vertex  1.312500e+001 -1.225000e+002  8.400000e+001
    endloop
  endfacet
  facet normal  9.963568e-001 -8.528128e-002  0.000000e+000
    outer loop
      vertex  1.315227e+001 -1.221814e+002  8.140583e+001
      vertex  1.312500e+001 -1.225000e+002  8.400000e+001
      vertex  1.312500e+001 -1.225000e+002  8.141940e+001
    endloop
  endfacet
  facet normal  9.556715e-001  2.944204e-001 -2.916719e-003
    outer loop
      vertex  1.327189e+001 -1.232275e+002  8.400000e+001
      vertex  1.323254e+001 -1.231259e+002  8.136570e+001
      vertex  1.316209e+001 -1.228711e+002  8.400000e+001
    endloop
  endfacet
  facet normal  9.116386e-001  4.109869e-001  2.239285e-003
    outer loop
      vertex  1.336149e+001 -1.234115e+002  8.130058e+001
      vertex  1.323254e+001 -1.231259e+002  8.136570e+001
      vertex  1.327189e+001 -1.232275e+002  8.400000e+001
    endloop
  endfacet
  facet normal  8.784972e-001  4.777355e-001 -3.411178e-003
    outer loop
      vertex  1.345007e+001 -1.235551e+002  8.400000e+001
      vertex  1.336149e+001 -1.234115e+002  8.130058e+001
      vertex  1.327189e+001 -1.232275e+002  8.400000e+001
    endloop
  endfacet
  facet normal  8.255944e-001  5.642564e-001  2.927633e-003
    outer loop
      vertex  1.355760e+001 -1.236980e+002  8.120003e+001
      vertex  1.336149e+001 -1.234115e+002  8.130058e+001
      vertex  1.345007e+001 -1.235551e+002  8.400000e+001
    endloop
  endfacet
  facet normal  7.665638e-001  6.421597e-001 -3.313022e-003
    outer loop
      vertex  1.368956e+001 -1.238410e+002  8.400000e+001
      vertex  1.355760e+001 -1.236980e+002  8.120003e+001
      vertex  1.345007e+001 -1.235551e+002  8.400000e+001
    endloop
  endfacet
  facet normal  7.090232e-001  7.051803e-001  2.618978e-003
    outer loop
      vertex  1.368956e+001 -1.238410e+002  8.400000e+001
      vertex  1.379697e+001 -1.239382e+002  8.107477e+001
      vertex  1.355760e+001 -1.236980e+002  8.120003e+001
    endloop
  endfacet
  facet normal  6.243067e-001  7.811735e-001 -3.015343e-003
    outer loop
      vertex  1.379697e+001 -1.239382e+002  8.107477e+001
      vertex  1.368956e+001 -1.238410e+002  8.400000e+001
      vertex  1.398090e+001 -1.240739e+002  8.400000e+001
    endloop
  endfacet
  facet normal  5.721719e-001  8.201311e-001  2.069751e-003
    outer loop
      vertex  1.398090e+001 -1.240739e+002  8.400000e+001
      vertex  1.406857e+001 -1.241273e+002  8.092924e+001
      vertex  1.379697e+001 -1.239382e+002  8.107477e+001
    endloop
  endfacet
  facet normal  4.573394e-001  8.892890e-001 -2.412192e-003
    outer loop
      vertex  1.406857e+001 -1.241273e+002  8.092924e+001
      vertex  1.398090e+001 -1.240739e+002  8.400000e+001
      vertex  1.431255e+001 -1.242444e+002  8.400000e+001
    endloop
  endfacet
  facet normal  9.675719e-001  2.525915e-001  1.446749e-003
    outer loop
      vertex  1.323254e+001 -1.231259e+002  8.136570e+001
      vertex  1.315227e+001 -1.228186e+002  8.140583e+001
      vertex  1.316209e+001 -1.228711e+002  8.400000e+001
    endloop
  endfacet
  facet normal  9.963475e-001  8.536752e-002 -2.044280e-003
    outer loop
      vertex  1.316209e+001 -1.228711e+002  8.400000e+001
      vertex  1.315227e+001 -1.228186e+002  8.140583e+001
      vertex  1.312500e+001 -1.225000e+002  8.141940e+001
    endloop
  endfacet
  facet normal  9.950423e-001  9.945309e-002  -0.000000e+000
    outer loop
      vertex  1.316209e+001 -1.228711e+002  8.400000e+001
      vertex  1.312500e+001 -1.225000e+002  8.141940e+001
      vertex  1.312500e+001 -1.225000e+002  8.400000e+001
    endloop
  endfacet
  facet normal  4.238536e-001  9.057303e-001  8.755022e-004
    outer loop
      vertex  1.406857e+001 -1.241273e+002  8.092924e+001
      vertex  1.431255e+001 -1.242444e+002  8.400000e+001
      vertex  1.434890e+001 -1.242583e+002  8.077516e+001
    endloop
  endfacet
  facet normal  2.722877e-001  9.622153e-001 -1.076244e-003
    outer loop
      vertex  1.434890e+001 -1.242583e+002  8.077516e+001
      vertex  1.431255e+001 -1.242444e+002  8.400000e+001
      vertex  1.467140e+001 -1.243460e+002  8.400000e+001
    endloop
  endfacet
  facet normal  2.696871e-001  9.629476e-001 -7.962668e-004
    outer loop
      vertex  1.434890e+001 -1.242583e+002  8.077516e+001
      vertex  1.467140e+001 -1.243460e+002  8.400000e+001
      vertex  1.464148e+001 -1.243404e+002  8.061010e+001
    endloop
  endfacet
  facet normal  1.079194e-001  9.941595e-001  6.829991e-004
    outer loop
      vertex  1.464148e+001 -1.243404e+002  8.061010e+001
      vertex  1.467140e+001 -1.243460e+002  8.400000e+001
      vertex  1.492616e+001 -1.243735e+002  8.386971e+001
    endloop
  endfacet
  facet normal  1.123268e-001  9.936713e-001  2.931142e-004
    outer loop
      vertex  1.464148e+001 -1.243404e+002  8.061010e+001
      vertex  1.492616e+001 -1.243735e+002  8.386971e+001
      vertex  1.493930e+001 -1.243740e+002  8.043752e+001
    endloop
  endfacet
  facet normal -2.870203e-002  9.995880e-001 -2.476535e-004
    outer loop
      vertex  1.493930e+001 -1.243740e+002  8.043752e+001
      vertex  1.492616e+001 -1.243735e+002  8.386971e+001
      vertex  1.518079e+001 -1.243663e+002  8.373663e+001
    endloop
  endfacet
  facet normal -4.630843e-002  9.989266e-001  1.042662e-003
    outer loop
      vertex  1.493930e+001 -1.243740e+002  8.043752e+001
      vertex  1.518079e+001 -1.243663e+002  8.373663e+001
      vertex  1.523616e+001 -1.243601e+002  8.026083e+001
    endloop
  endfacet
  facet normal -1.745361e-001  9.846503e-001 -1.025656e-003
    outer loop
      vertex  1.523616e+001 -1.243601e+002  8.026083e+001
      vertex  1.518079e+001 -1.243663e+002  8.373663e+001
      vertex  1.546973e+001 -1.243152e+002  8.358212e+001
    endloop
  endfacet
  facet normal -2.020420e-001  9.793764e-001  9.799089e-004
    outer loop
      vertex  1.523616e+001 -1.243601e+002  8.026083e+001
      vertex  1.546973e+001 -1.243152e+002  8.358212e+001
      vertex  1.552130e+001 -1.243011e+002  8.008663e+001
    endloop
  endfacet
  facet normal -3.263043e-001  9.452643e-001 -9.915394e-004
    outer loop
      vertex  1.552130e+001 -1.243011e+002  8.008663e+001
      vertex  1.546973e+001 -1.243152e+002  8.358212e+001
      vertex  1.574825e+001 -1.242192e+002  8.342961e+001
    endloop
  endfacet
  facet normal -3.516640e-001  9.361258e-001  9.537994e-004
    outer loop
      vertex  1.552130e+001 -1.243011e+002  8.008663e+001
      vertex  1.574825e+001 -1.242192e+002  8.342961e+001
      vertex  1.579538e+001 -1.241979e+002  7.991498e+001
    endloop
  endfacet
  facet normal -4.709294e-001  8.821703e-001 -9.723032e-004
    outer loop
      vertex  1.579538e+001 -1.241979e+002  7.991498e+001
      vertex  1.574825e+001 -1.242192e+002  8.342961e+001
      vertex  1.601066e+001 -1.240793e+002  8.328265e+001
    endloop
  endfacet
  facet normal -4.940167e-001  8.694518e-001  9.516455e-004
    outer loop
      vertex  1.579538e+001 -1.241979e+002  7.991498e+001
      vertex  1.601066e+001 -1.240793e+002  8.328265e+001
      vertex  1.605308e+001 -1.240513e+002  7.974972e+001
    endloop
  endfacet
  facet normal -6.054029e-001  7.959185e-001 -9.678967e-004
    outer loop
      vertex  1.605308e+001 -1.240513e+002  7.974972e+001
      vertex  1.601066e+001 -1.240793e+002  8.328265e+001
      vertex  1.625093e+001 -1.238967e+002  8.314529e+001
    endloop
  endfacet
  facet normal -6.260826e-001  7.797561e-001  9.729781e-004
    outer loop
      vertex  1.605308e+001 -1.240513e+002  7.974972e+001
      vertex  1.625093e+001 -1.238967e+002  8.314529e+001
      vertex  1.628856e+001 -1.238621e+002  7.959538e+001
    endloop
  endfacet
  facet normal -7.235942e-001  6.902251e-001 -9.345005e-004
    outer loop
      vertex  1.628856e+001 -1.238621e+002  7.959538e+001
      vertex  1.625093e+001 -1.238967e+002  8.314529e+001
      vertex  1.645327e+001 -1.236848e+002  8.302749e+001
    endloop
  endfacet
  facet normal -7.398723e-001  6.727470e-001  7.496556e-004
    outer loop
      vertex  1.628856e+001 -1.238621e+002  7.959538e+001
      vertex  1.645327e+001 -1.236848e+002  8.302749e+001
      vertex  1.647889e+001 -1.236526e+002  7.946827e+001
    endloop
  endfacet
  facet normal -8.231977e-001  5.677542e-001 -7.986995e-004
    outer loop
      vertex  1.647889e+001 -1.236526e+002  7.946827e+001
      vertex  1.645327e+001 -1.236848e+002  8.302749e+001
      vertex  1.662329e+001 -1.234384e+002  8.292698e+001
    endloop
  endfacet
  facet normal -8.338645e-001  5.519691e-001  6.243738e-004
    outer loop
      vertex  1.647889e+001 -1.236526e+002  7.946827e+001
      vertex  1.662329e+001 -1.234384e+002  8.292698e+001
      vertex  1.663920e+001 -1.234103e+002  7.935954e+001
    endloop
  endfacet
  facet normal -9.021653e-001  4.313901e-001 -6.285635e-004
    outer loop
      vertex  1.663920e+001 -1.234103e+002  7.935954e+001
      vertex  1.662329e+001 -1.234384e+002  8.292698e+001
      vertex  1.674930e+001 -1.231750e+002  8.285159e+001
    endloop
  endfacet
  facet normal -9.081665e-001  4.186088e-001  4.220748e-004
    outer loop
      vertex  1.663920e+001 -1.234103e+002  7.935954e+001
      vertex  1.674930e+001 -1.231750e+002  8.285159e+001
      vertex  1.675701e+001 -1.231546e+002  7.927864e+001
    endloop
  endfacet
  facet normal -9.585749e-001  2.848400e-001 -4.479505e-004
    outer loop
      vertex  1.675701e+001 -1.231546e+002  7.927864e+001
      vertex  1.674930e+001 -1.231750e+002  8.285159e+001
      vertex  1.683397e+001 -1.228901e+002  8.280049e+001
    endloop
  endfacet
  facet normal -9.610794e-001  2.762723e-001  2.502754e-004
    outer loop
      vertex  1.675701e+001 -1.231546e+002  7.927864e+001
      vertex  1.683397e+001 -1.228901e+002  8.280049e+001
      vertex  1.683647e+001 -1.228782e+002  7.922361e+001
    endloop
  endfacet
  facet normal -9.876568e-001  1.566334e-001 -1.674021e-004
    outer loop
      vertex  1.683647e+001 -1.228782e+002  7.922361e+001
      vertex  1.683397e+001 -1.228901e+002  8.280049e+001
      vertex  1.686467e+001 -1.226965e+002  8.278188e+001
    endloop
  endfacet
  facet normal -9.884041e-001  1.518461e-001  8.292087e-005
    outer loop
      vertex  1.683647e+001 -1.228782e+002  7.922361e+001
      vertex  1.686467e+001 -1.226965e+002  8.278188e+001
      vertex  1.686529e+001 -1.226905e+002  7.920355e+001
    endloop
  endfacet
  facet normal -9.986225e-001  5.247167e-002 -8.517329e-005
    outer loop
      vertex  1.686529e+001 -1.226905e+002  7.920355e+001
      vertex  1.686467e+001 -1.226965e+002  8.278188e+001
      vertex  1.687500e+001 -1.225000e+002  8.277560e+001
    endloop
  endfacet
  facet normal -9.987048e-001  5.087904e-002  0.000000e+000
    outer loop
      vertex  1.686529e+001 -1.226905e+002  7.920355e+001
      vertex  1.687500e+001 -1.225000e+002  8.277560e+001
      vertex  1.687500e+001 -1.225000e+002  7.919678e+001
    endloop
  endfacet
  facet normal -4.573455e-001  8.892858e-001 -2.413068e-003
    outer loop
      vertex -1.398090e+001  1.592614e+001  8.400000e+001
      vertex -1.406857e+001  1.587271e+001  8.092924e+001
      vertex -1.431255e+001  1.575557e+001  8.400000e+001
    endloop
  endfacet
  facet normal -5.721695e-001  8.201327e-001  2.068636e-003
    outer loop
      vertex -1.379697e+001  1.606183e+001  8.107477e+001
      vertex -1.406857e+001  1.587271e+001  8.092924e+001
      vertex -1.398090e+001  1.592614e+001  8.400000e+001
    endloop
  endfacet
  facet normal -6.243051e-001  7.811747e-001 -3.016463e-003
    outer loop
      vertex -1.368956e+001  1.615897e+001  8.400000e+001
      vertex -1.379697e+001  1.606183e+001  8.107477e+001
      vertex -1.398090e+001  1.592614e+001  8.400000e+001
    endloop
  endfacet
  facet normal -7.090257e-001  7.051777e-001  2.618242e-003
    outer loop
      vertex -1.355760e+001  1.630204e+001  8.120003e+001
      vertex -1.379697e+001  1.606183e+001  8.107477e+001
      vertex -1.368956e+001  1.615897e+001  8.400000e+001
    endloop
  endfacet
  facet normal -7.665637e-001  6.421597e-001 -3.313459e-003
    outer loop
      vertex -1.345007e+001  1.644486e+001  8.400000e+001
      vertex -1.355760e+001  1.630204e+001  8.120003e+001
      vertex -1.368956e+001  1.615897e+001  8.400000e+001
    endloop
  endfacet
  facet normal -8.255925e-001  5.642592e-001  2.927040e-003
    outer loop
      vertex -1.345007e+001  1.644486e+001  8.400000e+001
      vertex -1.336149e+001  1.658846e+001  8.130058e+001
      vertex -1.355760e+001  1.630204e+001  8.120003e+001
    endloop
  endfacet
  facet normal -8.784936e-001  4.777419e-001 -3.411397e-003
    outer loop
      vertex -1.336149e+001  1.658846e+001  8.130058e+001
      vertex -1.345007e+001  1.644486e+001  8.400000e+001
      vertex -1.327189e+001  1.677249e+001  8.400000e+001
    endloop
  endfacet
  facet normal -9.116406e-001  4.109821e-001  2.239966e-003
    outer loop
      vertex -1.327189e+001  1.677249e+001  8.400000e+001
      vertex -1.323254e+001  1.687415e+001  8.136570e+001
      vertex -1.336149e+001  1.658846e+001  8.130058e+001
    endloop
  endfacet
  facet normal -9.556715e-001  2.944204e-001 -2.916079e-003
    outer loop
      vertex -1.323254e+001  1.687415e+001  8.136570e+001
      vertex -1.327189e+001  1.677249e+001  8.400000e+001
      vertex -1.316209e+001  1.712890e+001  8.400000e+001
    endloop
  endfacet
  facet normal -4.238437e-001  9.057350e-001  8.761754e-004
    outer loop
      vertex -1.406857e+001  1.587271e+001  8.092924e+001
      vertex -1.434890e+001  1.574168e+001  8.077516e+001
      vertex -1.431255e+001  1.575557e+001  8.400000e+001
    endloop
  endfacet
  facet normal -2.695318e-001  9.629909e-001 -1.109795e-003
    outer loop
      vertex -1.431255e+001  1.575557e+001  8.400000e+001
      vertex -1.434890e+001  1.574168e+001  8.077516e+001
      vertex -1.464148e+001  1.565960e+001  8.061010e+001
    endloop
  endfacet
  facet normal -2.722878e-001  9.622155e-001 -8.204273e-004
    outer loop
      vertex -1.431255e+001  1.575557e+001  8.400000e+001
      vertex -1.464148e+001  1.565960e+001  8.061010e+001
      vertex -1.467140e+001  1.565402e+001  8.400000e+001
    endloop
  endfacet
  facet normal -1.125230e-001  9.936488e-001  6.415233e-004
    outer loop
      vertex -1.467140e+001  1.565402e+001  8.400000e+001
      vertex -1.464148e+001  1.565960e+001  8.061010e+001
      vertex -1.493930e+001  1.562599e+001  8.043752e+001
    endloop
  endfacet
  facet normal -1.077173e-001  9.941816e-001  2.759481e-004
    outer loop
      vertex -1.467140e+001  1.565402e+001  8.400000e+001
      vertex -1.493930e+001  1.562599e+001  8.043752e+001
      vertex -1.492616e+001  1.562646e+001  8.386971e+001
    endloop
  endfacet
  facet normal  4.711626e-002  9.988893e-001 -3.175040e-004
    outer loop
      vertex -1.492616e+001  1.562646e+001  8.386971e+001
      vertex -1.493930e+001  1.562599e+001  8.043752e+001
      vertex -1.523616e+001  1.563993e+001  8.026083e+001
    endloop
  endfacet
  facet normal  2.787781e-002  9.996105e-001  1.337785e-003
    outer loop
      vertex -1.492616e+001  1.562646e+001  8.386971e+001
      vertex -1.523616e+001  1.563993e+001  8.026083e+001
      vertex -1.518079e+001  1.563374e+001  8.373663e+001
    endloop
  endfacet
  facet normal  2.034832e-001  9.790772e-001 -1.496495e-003
    outer loop
      vertex -1.518079e+001  1.563374e+001  8.373663e+001
      vertex -1.523616e+001  1.563993e+001  8.026083e+001
      vertex -1.552130e+001  1.569893e+001  8.008663e+001
    endloop
  endfacet
  facet normal  1.732711e-001  9.848731e-001  1.425578e-003
    outer loop
      vertex -1.518079e+001  1.563374e+001  8.373663e+001
      vertex -1.552130e+001  1.569893e+001  8.008663e+001
      vertex -1.546973e+001  1.568479e+001  8.358212e+001
    endloop
  endfacet
  facet normal  3.529773e-001  9.356308e-001 -1.425081e-003
    outer loop
      vertex -1.546973e+001  1.568479e+001  8.358212e+001
      vertex -1.552130e+001  1.569893e+001  8.008663e+001
      vertex -1.579538e+001  1.580206e+001  7.991498e+001
    endloop
  endfacet
  facet normal  3.251347e-001  9.456667e-001  1.368362e-003
    outer loop
      vertex -1.546973e+001  1.568479e+001  8.358212e+001
      vertex -1.579538e+001  1.580206e+001  7.991498e+001
      vertex -1.574825e+001  1.578077e+001  8.342961e+001
    endloop
  endfacet
  facet normal  4.951348e-001  8.688151e-001 -1.376835e-003
    outer loop
      vertex -1.574825e+001  1.578077e+001  8.342961e+001
      vertex -1.579538e+001  1.580206e+001  7.991498e+001
      vertex -1.605308e+001  1.594867e+001  7.974972e+001
    endloop
  endfacet
  facet normal  4.699340e-001  8.827006e-001  1.344260e-003
    outer loop
      vertex -1.574825e+001  1.578077e+001  8.342961e+001
      vertex -1.605308e+001  1.594867e+001  7.974972e+001
      vertex -1.601066e+001  1.592070e+001  8.328265e+001
    endloop
  endfacet
  facet normal  6.270142e-001  7.790067e-001 -1.362528e-003
    outer loop
      vertex -1.601066e+001  1.592070e+001  8.328265e+001
      vertex -1.605308e+001  1.594867e+001  7.974972e+001
      vertex -1.628856e+001  1.613793e+001  7.959538e+001
    endloop
  endfacet
  facet normal  6.045553e-001  7.965620e-001  1.364346e-003
    outer loop
      vertex -1.601066e+001  1.592070e+001  8.328265e+001
      vertex -1.628856e+001  1.613793e+001  7.959538e+001
      vertex -1.625093e+001  1.610329e+001  8.314529e+001
    endloop
  endfacet
  facet normal  7.404882e-001  6.720681e-001 -1.291516e-003
    outer loop
      vertex -1.625093e+001  1.610329e+001  8.314529e+001
      vertex -1.628856e+001  1.613793e+001  7.959538e+001
      vertex -1.647889e+001  1.634739e+001  7.946827e+001
    endloop
  endfacet
  facet normal  7.230448e-001  6.908005e-001  1.033524e-003
    outer loop
      vertex -1.625093e+001  1.610329e+001  8.314529e+001
      vertex -1.647889e+001  1.634739e+001  7.946827e+001
      vertex -1.645327e+001  1.631525e+001  8.302749e+001
    endloop
  endfacet
  facet normal  8.342068e-001  5.514508e-001 -1.025532e-003
    outer loop
      vertex -1.645327e+001  1.631525e+001  8.302749e+001
      vertex -1.647889e+001  1.634739e+001  7.946827e+001
      vertex -1.663920e+001  1.658969e+001  7.935954e+001
    endloop
  endfacet
  facet normal  8.228884e-001  5.682024e-001  8.016021e-004
    outer loop
      vertex -1.645327e+001  1.631525e+001  8.302749e+001
      vertex -1.663920e+001  1.658969e+001  7.935954e+001
      vertex -1.662329e+001  1.656163e+001  8.292698e+001
    endloop
  endfacet
  facet normal  9.083095e-001  4.182980e-001 -7.584872e-004
    outer loop
      vertex -1.662329e+001  1.656163e+001  8.292698e+001
      vertex -1.663920e+001  1.658969e+001  7.935954e+001
      vertex -1.675701e+001  1.684538e+001  7.927864e+001
    endloop
  endfacet
  facet normal  9.020397e-001  4.316528e-001  5.099881e-004
    outer loop
      vertex -1.662329e+001  1.656163e+001  8.292698e+001
      vertex -1.675701e+001  1.684538e+001  7.927864e+001
      vertex -1.674930e+001  1.682504e+001  8.285159e+001
    endloop
  endfacet
  facet normal  9.611191e-001  2.761338e-001 -5.026903e-004
    outer loop
      vertex -1.674930e+001  1.682504e+001  8.285159e+001
      vertex -1.675701e+001  1.684538e+001  7.927864e+001
      vertex -1.683647e+001  1.712183e+001  7.922361e+001
    endloop
  endfacet
  facet normal  9.585398e-001  2.849585e-001  2.811780e-004
    outer loop
      vertex -1.674930e+001  1.682504e+001  8.285159e+001
      vertex -1.683647e+001  1.712183e+001  7.922361e+001
      vertex -1.683397e+001  1.710989e+001  8.280049e+001
    endloop
  endfacet
  facet normal  9.884082e-001  1.518198e-001 -1.839041e-004
    outer loop
      vertex -1.683397e+001  1.710989e+001  8.280049e+001
      vertex -1.683647e+001  1.712183e+001  7.922361e+001
      vertex -1.686529e+001  1.730947e+001  7.920355e+001
    endloop
  endfacet
  facet normal  9.876530e-001  1.566577e-001  9.110411e-005
    outer loop
      vertex -1.683397e+001  1.710989e+001  8.280049e+001
      vertex -1.686529e+001  1.730947e+001  7.920355e+001
      vertex -1.686467e+001  1.730348e+001  8.278188e+001
    endloop
  endfacet
  facet normal  9.987050e-001  5.087592e-002 -8.785841e-005
    outer loop
      vertex -1.686467e+001  1.730348e+001  8.278188e+001
      vertex -1.686529e+001  1.730947e+001  7.920355e+001
      vertex -1.687500e+001  1.750000e+001  7.919678e+001
    endloop
  endfacet
  facet normal  9.986223e-001  5.247439e-002  -0.000000e+000
    outer loop
      vertex -1.686467e+001  1.730348e+001  8.278188e+001
      vertex -1.687500e+001  1.750000e+001  7.919678e+001
      vertex -1.687500e+001  1.750000e+001  8.277560e+001
    endloop
  endfacet
  facet normal -9.675719e-001  2.525915e-001  1.447305e-003
    outer loop
      vertex -1.323254e+001  1.687415e+001  8.136570e+001
      vertex -1.316209e+001  1.712890e+001  8.400000e+001
      vertex -1.315227e+001  1.718138e+001  8.140583e+001
    endloop
  endfacet
  facet normal -9.950408e-001  9.945192e-002 -1.754257e-003
    outer loop
      vertex -1.315227e+001  1.718138e+001  8.140583e+001
      vertex -1.316209e+001  1.712890e+001  8.400000e+001
      vertex -1.312500e+001  1.750000e+001  8.400000e+001
    endloop
  endfacet
  facet normal -9.963568e-001  8.528179e-002  0.000000e+000
    outer loop
      vertex -1.315227e+001  1.718138e+001  8.140583e+001
      vertex -1.312500e+001  1.750000e+001  8.400000e+001
      vertex -1.312500e+001  1.750000e+001  8.141940e+001
    endloop
  endfacet
  facet normal -9.556715e-001 -2.944204e-001 -2.916080e-003
    outer loop
      vertex -1.327189e+001  1.822751e+001  8.400000e+001
      vertex -1.323254e+001  1.812585e+001  8.136570e+001
      vertex -1.316209e+001  1.787110e+001  8.400000e+001
    endloop
  endfacet
  facet normal -9.116406e-001 -4.109821e-001  2.239966e-003
    outer loop
      vertex -1.336149e+001  1.841154e+001  8.130058e+001
      vertex -1.323254e+001  1.812585e+001  8.136570e+001
      vertex -1.327189e+001  1.822751e+001  8.400000e+001
    endloop
  endfacet
  facet normal -8.784936e-001 -4.777419e-001 -3.411397e-003
    outer loop
      vertex -1.345007e+001  1.855514e+001  8.400000e+001
      vertex -1.336149e+001  1.841154e+001  8.130058e+001
      vertex -1.327189e+001  1.822751e+001  8.400000e+001
    endloop
  endfacet
  facet normal -8.255925e-001 -5.642592e-001  2.927040e-003
    outer loop
      vertex -1.355760e+001  1.869796e+001  8.120003e+001
      vertex -1.336149e+001  1.841154e+001  8.130058e+001
      vertex -1.345007e+001  1.855514e+001  8.400000e+001
    endloop
  endfacet
  facet normal -7.665637e-001 -6.421597e-001 -3.313459e-003
    outer loop
      vertex -1.368956e+001  1.884103e+001  8.400000e+001
      vertex -1.355760e+001  1.869796e+001  8.120003e+001
      vertex -1.345007e+001  1.855514e+001  8.400000e+001
    endloop
  endfacet
  facet normal -7.090257e-001 -7.051777e-001  2.618242e-003
    outer loop
      vertex -1.368956e+001  1.884103e+001  8.400000e+001
      vertex -1.379697e+001  1.893817e+001  8.107477e+001
      vertex -1.355760e+001  1.869796e+001  8.120003e+001
    endloop
  endfacet
  facet normal -6.243036e-001 -7.811760e-001 -3.016560e-003
    outer loop
      vertex -1.379697e+001  1.893817e+001  8.107477e+001
      vertex -1.368956e+001  1.884103e+001  8.400000e+001
      vertex -1.398090e+001  1.907386e+001  8.400000e+001
    endloop
  endfacet
  facet normal -5.721713e-001 -8.201315e-001  2.068200e-003
    outer loop
      vertex -1.398090e+001  1.907386e+001  8.400000e+001
      vertex -1.406857e+001  1.912729e+001  8.092924e+001
      vertex -1.379697e+001  1.893817e+001  8.107477e+001
    endloop
  endfacet
  facet normal -4.573475e-001 -8.892848e-001 -2.413546e-003
    outer loop
      vertex -1.406857e+001  1.912729e+001  8.092924e+001
      vertex -1.398090e+001  1.907386e+001  8.400000e+001
      vertex -1.431255e+001  1.924443e+001  8.400000e+001
    endloop
  endfacet
  facet normal -9.675719e-001 -2.525915e-001  1.447305e-003
    outer loop
      vertex -1.323254e+001  1.812585e+001  8.136570e+001
      vertex -1.315227e+001  1.781862e+001  8.140583e+001
      vertex -1.316209e+001  1.787110e+001  8.400000e+001
    endloop
  endfacet
  facet normal -9.963474e-001 -8.536801e-002 -2.044082e-003
    outer loop
      vertex -1.316209e+001  1.787110e+001  8.400000e+001
      vertex -1.315227e+001  1.781862e+001  8.140583e+001
      vertex -1.312500e+001  1.750000e+001  8.141940e+001
    endloop
  endfacet
  facet normal -9.950424e-001 -9.945207e-002  0.000000e+000
    outer loop
      vertex -1.316209e+001  1.787110e+001  8.400000e+001
      vertex -1.312500e+001  1.750000e+001  8.141940e+001
      vertex -1.312500e+001  1.750000e+001  8.400000e+001
    endloop
  endfacet
  facet normal -4.238388e-001 -9.057372e-001  8.763772e-004
    outer loop
      vertex -1.406857e+001  1.912729e+001  8.092924e+001
      vertex -1.431255e+001  1.924443e+001  8.400000e+001
      vertex -1.434890e+001  1.925832e+001  8.077516e+001
    endloop
  endfacet
  facet normal -2.722877e-001 -9.622153e-001 -1.075106e-003
    outer loop
      vertex -1.434890e+001  1.925832e+001  8.077516e+001
      vertex -1.431255e+001  1.924443e+001  8.400000e+001
      vertex -1.467140e+001  1.934598e+001  8.400000e+001
    endloop
  endfacet
  facet normal -2.696987e-001 -9.629444e-001 -7.963746e-004
    outer loop
      vertex -1.434890e+001  1.925832e+001  8.077516e+001
      vertex -1.467140e+001  1.934598e+001  8.400000e+001
      vertex -1.464148e+001  1.934040e+001  8.061010e+001
    endloop
  endfacet
  facet normal -1.079267e-001 -9.941586e-001  6.829331e-004
    outer loop
      vertex -1.464148e+001  1.934040e+001  8.061010e+001
      vertex -1.467140e+001  1.934598e+001  8.400000e+001
      vertex -1.492616e+001  1.937354e+001  8.386971e+001
    endloop
  endfacet
  facet normal -1.123271e-001 -9.936713e-001  2.936676e-004
    outer loop
      vertex -1.464148e+001  1.934040e+001  8.061010e+001
      vertex -1.492616e+001  1.937354e+001  8.386971e+001
      vertex -1.493930e+001  1.937402e+001  8.043752e+001
    endloop
  endfacet
  facet normal  2.870924e-002 -9.995878e-001 -2.471255e-004
    outer loop
      vertex -1.493930e+001  1.937402e+001  8.043752e+001
      vertex -1.492616e+001  1.937354e+001  8.386971e+001
      vertex -1.518079e+001  1.936626e+001  8.373663e+001
    endloop
  endfacet
  facet normal  4.631456e-002 -9.989263e-001  1.043112e-003
    outer loop
      vertex -1.493930e+001  1.937402e+001  8.043752e+001
      vertex -1.518079e+001  1.936626e+001  8.373663e+001
      vertex -1.523616e+001  1.936007e+001  8.026083e+001
    endloop
  endfacet
  facet normal  1.745421e-001 -9.846492e-001 -1.025215e-003
    outer loop
      vertex -1.523616e+001  1.936007e+001  8.026083e+001
      vertex -1.518079e+001  1.936626e+001  8.373663e+001
      vertex -1.546973e+001  1.931521e+001  8.358212e+001
    endloop
  endfacet
  facet normal  2.020300e-001 -9.793789e-001  9.790279e-004
    outer loop
      vertex -1.523616e+001  1.936007e+001  8.026083e+001
      vertex -1.546973e+001  1.931521e+001  8.358212e+001
      vertex -1.552130e+001  1.930107e+001  8.008663e+001
    endloop
  endfacet
  facet normal  3.262874e-001 -9.452701e-001 -9.922963e-004
    outer loop
      vertex -1.552130e+001  1.930107e+001  8.008663e+001
      vertex -1.546973e+001  1.931521e+001  8.358212e+001
      vertex -1.574825e+001  1.921923e+001  8.342961e+001
    endloop
  endfacet
  facet normal  3.516747e-001 -9.361219e-001  9.551559e-004
    outer loop
      vertex -1.552130e+001  1.930107e+001  8.008663e+001
      vertex -1.574825e+001  1.921923e+001  8.342961e+001
      vertex -1.579538e+001  1.919794e+001  7.991498e+001
    endloop
  endfacet
  facet normal  4.709438e-001 -8.821626e-001 -9.711073e-004
    outer loop
      vertex -1.579538e+001  1.919794e+001  7.991498e+001
      vertex -1.574825e+001  1.921923e+001  8.342961e+001
      vertex -1.601066e+001  1.907930e+001  8.328265e+001
    endloop
  endfacet
  facet normal  4.940027e-001 -8.694598e-001  9.504689e-004
    outer loop
      vertex -1.579538e+001  1.919794e+001  7.991498e+001
      vertex -1.601066e+001  1.907930e+001  8.328265e+001
      vertex -1.605308e+001  1.905133e+001  7.974972e+001
    endloop
  endfacet
  facet normal  6.054034e-001 -7.959182e-001 -9.691941e-004
    outer loop
      vertex -1.605308e+001  1.905133e+001  7.974972e+001
      vertex -1.601066e+001  1.907930e+001  8.328265e+001
      vertex -1.625093e+001  1.889671e+001  8.314529e+001
    endloop
  endfacet
  facet normal  6.260868e-001 -7.797527e-001  9.720629e-004
    outer loop
      vertex -1.605308e+001  1.905133e+001  7.974972e+001
      vertex -1.625093e+001  1.889671e+001  8.314529e+001
      vertex -1.628856e+001  1.886207e+001  7.959538e+001
    endloop
  endfacet
  facet normal  7.235913e-001 -6.902281e-001 -9.351813e-004
    outer loop
      vertex -1.628856e+001  1.886207e+001  7.959538e+001
      vertex -1.625093e+001  1.889671e+001  8.314529e+001
      vertex -1.645327e+001  1.868475e+001  8.302749e+001
    endloop
  endfacet
  facet normal  7.398724e-001 -6.727469e-001  7.492931e-004
    outer loop
      vertex -1.628856e+001  1.886207e+001  7.959538e+001
      vertex -1.645327e+001  1.868475e+001  8.302749e+001
      vertex -1.647889e+001  1.865261e+001  7.946827e+001
    endloop
  endfacet
  facet normal  8.231937e-001 -5.677601e-001 -7.989215e-004
    outer loop
      vertex -1.647889e+001  1.865261e+001  7.946827e+001
      vertex -1.645327e+001  1.868475e+001  8.302749e+001
      vertex -1.662329e+001  1.843837e+001  8.292698e+001
    endloop
  endfacet
  facet normal  8.338662e-001 -5.519662e-001  6.249332e-004
    outer loop
      vertex -1.647889e+001  1.865261e+001  7.946827e+001
      vertex -1.662329e+001  1.843837e+001  8.292698e+001
      vertex -1.663920e+001  1.841031e+001  7.935954e+001
    endloop
  endfacet
  facet normal  9.021664e-001 -4.313877e-001 -6.281266e-004
    outer loop
      vertex -1.663920e+001  1.841031e+001  7.935954e+001
      vertex -1.662329e+001  1.843837e+001  8.292698e+001
      vertex -1.674930e+001  1.817496e+001  8.285159e+001
    endloop
  endfacet
  facet normal  9.081677e-001 -4.186064e-001  4.225053e-004
    outer loop
      vertex -1.663920e+001  1.841031e+001  7.935954e+001
      vertex -1.674930e+001  1.817496e+001  8.285159e+001
      vertex -1.675701e+001  1.815462e+001  7.927864e+001
    endloop
  endfacet
  facet normal  9.585755e-001 -2.848383e-001 -4.476572e-004
    outer loop
      vertex -1.675701e+001  1.815462e+001  7.927864e+001
      vertex -1.674930e+001  1.817496e+001  8.285159e+001
      vertex -1.683397e+001  1.789011e+001  8.280049e+001
    endloop
  endfacet
  facet normal  9.610794e-001 -2.762723e-001  2.504228e-004
    outer loop
      vertex -1.675701e+001  1.815462e+001  7.927864e+001
      vertex -1.683397e+001  1.789011e+001  8.280049e+001
      vertex -1.683647e+001  1.787817e+001  7.922361e+001
    endloop
  endfacet
  facet normal  9.876568e-001 -1.566334e-001 -1.673185e-004
    outer loop
      vertex -1.683647e+001  1.787817e+001  7.922361e+001
      vertex -1.683397e+001  1.789011e+001  8.280049e+001
      vertex -1.686467e+001  1.769652e+001  8.278188e+001
    endloop
  endfacet
  facet normal  9.884040e-001 -1.518477e-001  8.292344e-005
    outer loop
      vertex -1.683647e+001  1.787817e+001  7.922361e+001
      vertex -1.686467e+001  1.769652e+001  8.278188e+001
      vertex -1.686529e+001  1.769053e+001  7.920355e+001
    endloop
  endfacet
  facet normal  9.986225e-001 -5.247167e-002 -8.517329e-005
    outer loop
      vertex -1.686529e+001  1.769053e+001  7.920355e+001
      vertex -1.686467e+001  1.769652e+001  8.278188e+001
      vertex -1.687500e+001  1.750000e+001  8.277560e+001
    endloop
  endfacet
  facet normal  9.987048e-001 -5.087904e-002  0.000000e+000
    outer loop
      vertex -1.686529e+001  1.769053e+001  7.920355e+001
      vertex -1.687500e+001  1.750000e+001  8.277560e+001
      vertex -1.687500e+001  1.750000e+001  7.919678e+001
    endloop
  endfacet
  facet normal -4.573394e-001  8.892890e-001 -2.412192e-003
    outer loop
      vertex -1.398090e+001 -1.240739e+002  8.400000e+001
      vertex -1.406857e+001 -1.241273e+002  8.092924e+001
      vertex -1.431255e+001 -1.242444e+002  8.400000e+001
    endloop
  endfacet
  facet normal -5.721719e-001  8.201311e-001  2.069751e-003
    outer loop
      vertex -1.379697e+001 -1.239382e+002  8.107477e+001
      vertex -1.406857e+001 -1.241273e+002  8.092924e+001
      vertex -1.398090e+001 -1.240739e+002  8.400000e+001
    endloop
  endfacet
  facet normal -6.243067e-001  7.811734e-001 -3.015344e-003
    outer loop
      vertex -1.368956e+001 -1.238410e+002  8.400000e+001
      vertex -1.379697e+001 -1.239382e+002  8.107477e+001
      vertex -1.398090e+001 -1.240739e+002  8.400000e+001
    endloop
  endfacet
  facet normal -7.090232e-001  7.051803e-001  2.618978e-003
    outer loop
      vertex -1.355760e+001 -1.236980e+002  8.120003e+001
      vertex -1.379697e+001 -1.239382e+002  8.107477e+001
      vertex -1.368956e+001 -1.238410e+002  8.400000e+001
    endloop
  endfacet
  facet normal -7.665638e-001  6.421597e-001 -3.313022e-003
    outer loop
      vertex -1.345007e+001 -1.235551e+002  8.400000e+001
      vertex -1.355760e+001 -1.236980e+002  8.120003e+001
      vertex -1.368956e+001 -1.238410e+002  8.400000e+001
    endloop
  endfacet
  facet normal -8.255944e-001  5.642564e-001  2.927633e-003
    outer loop
      vertex -1.345007e+001 -1.235551e+002  8.400000e+001
      vertex -1.336149e+001 -1.234115e+002  8.130058e+001
      vertex -1.355760e+001 -1.236980e+002  8.120003e+001
    endloop
  endfacet
  facet normal -8.784972e-001  4.777355e-001 -3.411179e-003
    outer loop
      vertex -1.336149e+001 -1.234115e+002  8.130058e+001
      vertex -1.345007e+001 -1.235551e+002  8.400000e+001
      vertex -1.327189e+001 -1.232275e+002  8.400000e+001
    endloop
  endfacet
  facet normal -9.116386e-001  4.109869e-001  2.239285e-003
    outer loop
      vertex -1.327189e+001 -1.232275e+002  8.400000e+001
      vertex -1.323254e+001 -1.231259e+002  8.136570e+001
      vertex -1.336149e+001 -1.234115e+002  8.130058e+001
    endloop
  endfacet
  facet normal -9.556715e-001  2.944204e-001 -2.916719e-003
    outer loop
      vertex -1.323254e+001 -1.231259e+002  8.136570e+001
      vertex -1.327189e+001 -1.232275e+002  8.400000e+001
      vertex -1.316209e+001 -1.228711e+002  8.400000e+001
    endloop
  endfacet
  facet normal -4.238536e-001  9.057303e-001  8.755022e-004
    outer loop
      vertex -1.406857e+001 -1.241273e+002  8.092924e+001
      vertex -1.434890e+001 -1.242583e+002  8.077516e+001
      vertex -1.431255e+001 -1.242444e+002  8.400000e+001
    endloop
  endfacet
  facet normal -2.695225e-001  9.629934e-001 -1.110765e-003
    outer loop
      vertex -1.431255e+001 -1.242444e+002  8.400000e+001
      vertex -1.434890e+001 -1.242583e+002  8.077516e+001
      vertex -1.464148e+001 -1.243404e+002  8.061010e+001
    endloop
  endfacet
  facet normal -2.722878e-001  9.622155e-001 -8.204273e-004
    outer loop
      vertex -1.431255e+001 -1.242444e+002  8.400000e+001
      vertex -1.464148e+001 -1.243404e+002  8.061010e+001
      vertex -1.467140e+001 -1.243460e+002  8.400000e+001
    endloop
  endfacet
  facet normal -1.125261e-001  9.936485e-001  6.414952e-004
    outer loop
      vertex -1.467140e+001 -1.243460e+002  8.400000e+001
      vertex -1.464148e+001 -1.243404e+002  8.061010e+001
      vertex -1.493930e+001 -1.243740e+002  8.043752e+001
    endloop
  endfacet
  facet normal -1.077133e-001  9.941819e-001  2.753804e-004
    outer loop
      vertex -1.467140e+001 -1.243460e+002  8.400000e+001
      vertex -1.493930e+001 -1.243740e+002  8.043752e+001
      vertex -1.492616e+001 -1.243735e+002  8.386971e+001
    endloop
  endfacet
  facet normal  4.711659e-002  9.988893e-001 -3.180603e-004
    outer loop
      vertex -1.492616e+001 -1.243735e+002  8.386971e+001
      vertex -1.493930e+001 -1.243740e+002  8.043752e+001
      vertex -1.523616e+001 -1.243601e+002  8.026083e+001
    endloop
  endfacet
  facet normal  2.787418e-002  9.996105e-001  1.337569e-003
    outer loop
      vertex -1.492616e+001 -1.243735e+002  8.386971e+001
      vertex -1.523616e+001 -1.243601e+002  8.026083e+001
      vertex -1.518079e+001 -1.243663e+002  8.373663e+001
    endloop
  endfacet
  facet normal  2.034928e-001  9.790753e-001 -1.496921e-003
    outer loop
      vertex -1.518079e+001 -1.243663e+002  8.373663e+001
      vertex -1.523616e+001 -1.243601e+002  8.026083e+001
      vertex -1.552130e+001 -1.243011e+002  8.008663e+001
    endloop
  endfacet
  facet normal  1.732642e-001  9.848744e-001  1.426760e-003
    outer loop
      vertex -1.518079e+001 -1.243663e+002  8.373663e+001
      vertex -1.552130e+001 -1.243011e+002  8.008663e+001
      vertex -1.546973e+001 -1.243152e+002  8.358212e+001
    endloop
  endfacet
  facet normal  3.529681e-001  9.356343e-001 -1.423910e-003
    outer loop
      vertex -1.546973e+001 -1.243152e+002  8.358212e+001
      vertex -1.552130e+001 -1.243011e+002  8.008663e+001
      vertex -1.579538e+001 -1.241979e+002  7.991498e+001
    endloop
  endfacet
  facet normal  3.251498e-001  9.456615e-001  1.367102e-003
    outer loop
      vertex -1.546973e+001 -1.243152e+002  8.358212e+001
      vertex -1.579538e+001 -1.241979e+002  7.991498e+001
      vertex -1.574825e+001 -1.242192e+002  8.342961e+001
    endloop
  endfacet
  facet normal  4.951451e-001  8.688092e-001 -1.377952e-003
    outer loop
      vertex -1.574825e+001 -1.242192e+002  8.342961e+001
      vertex -1.579538e+001 -1.241979e+002  7.991498e+001
      vertex -1.605308e+001 -1.240513e+002  7.974972e+001
    endloop
  endfacet
  facet normal  4.699183e-001  8.827090e-001  1.345945e-003
    outer loop
      vertex -1.574825e+001 -1.242192e+002  8.342961e+001
      vertex -1.605308e+001 -1.240513e+002  7.974972e+001
      vertex -1.601066e+001 -1.240793e+002  8.328265e+001
    endloop
  endfacet
  facet normal  6.270117e-001  7.790086e-001 -1.361222e-003
    outer loop
      vertex -1.601066e+001 -1.240793e+002  8.328265e+001
      vertex -1.605308e+001 -1.240513e+002  7.974972e+001
      vertex -1.628856e+001 -1.238621e+002  7.959538e+001
    endloop
  endfacet
  facet normal  6.045570e-001  7.965606e-001  1.365170e-003
    outer loop
      vertex -1.601066e+001 -1.240793e+002  8.328265e+001
      vertex -1.628856e+001 -1.238621e+002  7.959538e+001
      vertex -1.625093e+001 -1.238967e+002  8.314529e+001
    endloop
  endfacet
  facet normal  7.404881e-001  6.720683e-001 -1.290789e-003
    outer loop
      vertex -1.625093e+001 -1.238967e+002  8.314529e+001
      vertex -1.628856e+001 -1.238621e+002  7.959538e+001
      vertex -1.647889e+001 -1.236526e+002  7.946827e+001
    endloop
  endfacet
  facet normal  7.230477e-001  6.907973e-001  1.033844e-003
    outer loop
      vertex -1.625093e+001 -1.238967e+002  8.314529e+001
      vertex -1.647889e+001 -1.236526e+002  7.946827e+001
      vertex -1.645327e+001 -1.236848e+002  8.302749e+001
    endloop
  endfacet
  facet normal  8.342048e-001  5.514539e-001 -1.025193e-003
    outer loop
      vertex -1.645327e+001 -1.236848e+002  8.302749e+001
      vertex -1.647889e+001 -1.236526e+002  7.946827e+001
      vertex -1.663920e+001 -1.234103e+002  7.935954e+001
    endloop
  endfacet
  facet normal  8.228926e-001  5.681962e-001  8.009269e-004
    outer loop
      vertex -1.645327e+001 -1.236848e+002  8.302749e+001
      vertex -1.663920e+001 -1.234103e+002  7.935954e+001
      vertex -1.662329e+001 -1.234384e+002  8.292698e+001
    endloop
  endfacet
  facet normal  9.083083e-001  4.183004e-001 -7.589103e-004
    outer loop
      vertex -1.662329e+001 -1.234384e+002  8.292698e+001
      vertex -1.663920e+001 -1.234103e+002  7.935954e+001
      vertex -1.675701e+001 -1.231546e+002  7.927864e+001
    endloop
  endfacet
  facet normal  9.020385e-001  4.316552e-001  5.095433e-004
    outer loop
      vertex -1.662329e+001 -1.234384e+002  8.292698e+001
      vertex -1.675701e+001 -1.231546e+002  7.927864e+001
      vertex -1.674930e+001 -1.231750e+002  8.285159e+001
    endloop
  endfacet
  facet normal  9.611191e-001  2.761337e-001 -5.029857e-004
    outer loop
      vertex -1.674930e+001 -1.231750e+002  8.285159e+001
      vertex -1.675701e+001 -1.231546e+002  7.927864e+001
      vertex -1.683647e+001 -1.228782e+002  7.922361e+001
    endloop
  endfacet
  facet normal  9.585392e-001  2.849602e-001  2.810322e-004
    outer loop
      vertex -1.674930e+001 -1.231750e+002  8.285159e+001
      vertex -1.683647e+001 -1.228782e+002  7.922361e+001
      vertex -1.683397e+001 -1.228901e+002  8.280049e+001
    endloop
  endfacet
  facet normal  9.884084e-001  1.518183e-001 -1.839902e-004
    outer loop
      vertex -1.683397e+001 -1.228901e+002  8.280049e+001
      vertex -1.683647e+001 -1.228782e+002  7.922361e+001
      vertex -1.686529e+001 -1.226905e+002  7.920355e+001
    endloop
  endfacet
  facet normal  9.876530e-001  1.566577e-001  9.110411e-005
    outer loop
      vertex -1.683397e+001 -1.228901e+002  8.280049e+001
      vertex -1.686529e+001 -1.226905e+002  7.920355e+001
      vertex -1.686467e+001 -1.226965e+002  8.278188e+001
    endloop
  endfacet
  facet normal  9.987050e-001  5.087592e-002 -8.785841e-005
    outer loop
      vertex -1.686467e+001 -1.226965e+002  8.278188e+001
      vertex -1.686529e+001 -1.226905e+002  7.920355e+001
      vertex -1.687500e+001 -1.225000e+002  7.919678e+001
    endloop
  endfacet
  facet normal  9.986223e-001  5.247439e-002  -0.000000e+000
    outer loop
      vertex -1.686467e+001 -1.226965e+002  8.278188e+001
      vertex -1.687500e+001 -1.225000e+002  7.919678e+001
      vertex -1.687500e+001 -1.225000e+002  8.277560e+001
    endloop
  endfacet
  facet normal -9.675719e-001  2.525916e-001  1.446749e-003
    outer loop
      vertex -1.323254e+001 -1.231259e+002  8.136570e+001
      vertex -1.316209e+001 -1.228711e+002  8.400000e+001
      vertex -1.315227e+001 -1.228186e+002  8.140583e+001
    endloop
  endfacet
  facet normal -9.950407e-001  9.945293e-002 -1.754456e-003
    outer loop
      vertex -1.315227e+001 -1.228186e+002  8.140583e+001
      vertex -1.316209e+001 -1.228711e+002  8.400000e+001
      vertex -1.312500e+001 -1.225000e+002  8.400000e+001
    endloop
  endfacet
  facet normal -9.963568e-001  8.528128e-002  0.000000e+000
    outer loop
      vertex -1.315227e+001 -1.228186e+002  8.140583e+001
      vertex -1.312500e+001 -1.225000e+002  8.400000e+001
      vertex -1.312500e+001 -1.225000e+002  8.141940e+001
    endloop
  endfacet
  facet normal -9.556715e-001 -2.944204e-001 -2.916719e-003
    outer loop
      vertex -1.327189e+001 -1.217725e+002  8.400000e+001
      vertex -1.323254e+001 -1.218741e+002  8.136570e+001
      vertex -1.316209e+001 -1.221289e+002  8.400000e+001
    endloop
  endfacet
  facet normal -9.116386e-001 -4.109869e-001  2.239285e-003
    outer loop
      vertex -1.336149e+001 -1.215885e+002  8.130058e+001
      vertex -1.323254e+001 -1.218741e+002  8.136570e+001
      vertex -1.327189e+001 -1.217725e+002  8.400000e+001
    endloop
  endfacet
  facet normal -8.784972e-001 -4.777355e-001 -3.411178e-003
    outer loop
      vertex -1.345007e+001 -1.214449e+002  8.400000e+001
      vertex -1.336149e+001 -1.215885e+002  8.130058e+001
      vertex -1.327189e+001 -1.217725e+002  8.400000e+001
    endloop
  endfacet
  facet normal -8.255944e-001 -5.642564e-001  2.927633e-003
    outer loop
      vertex -1.355760e+001 -1.213020e+002  8.120003e+001
      vertex -1.336149e+001 -1.215885e+002  8.130058e+001
      vertex -1.345007e+001 -1.214449e+002  8.400000e+001
    endloop
  endfacet
  facet normal -7.665638e-001 -6.421597e-001 -3.313022e-003
    outer loop
      vertex -1.368956e+001 -1.211590e+002  8.400000e+001
      vertex -1.355760e+001 -1.213020e+002  8.120003e+001
      vertex -1.345007e+001 -1.214449e+002  8.400000e+001
    endloop
  endfacet
  facet normal -7.090232e-001 -7.051803e-001  2.618978e-003
    outer loop
      vertex -1.368956e+001 -1.211590e+002  8.400000e+001
      vertex -1.379697e+001 -1.210618e+002  8.107477e+001
      vertex -1.355760e+001 -1.213020e+002  8.120003e+001
    endloop
  endfacet
  facet normal -6.243067e-001 -7.811735e-001 -3.015343e-003
    outer loop
      vertex -1.379697e+001 -1.210618e+002  8.107477e+001
      vertex -1.368956e+001 -1.211590e+002  8.400000e+001
      vertex -1.398090e+001 -1.209261e+002  8.400000e+001
    endloop
  endfacet
  facet normal -5.721719e-001 -8.201311e-001  2.069751e-003
    outer loop
      vertex -1.398090e+001 -1.209261e+002  8.400000e+001
      vertex -1.406857e+001 -1.208727e+002  8.092924e+001
      vertex -1.379697e+001 -1.210618e+002  8.107477e+001
    endloop
  endfacet
  facet normal -4.573394e-001 -8.892890e-001 -2.412192e-003
    outer loop
      vertex -1.406857e+001 -1.208727e+002  8.092924e+001
      vertex -1.398090e+001 -1.209261e+002  8.400000e+001
      vertex -1.431255e+001 -1.207556e+002  8.400000e+001
    endloop
  endfacet
  facet normal -9.675719e-001 -2.525915e-001  1.446749e-003
    outer loop
      vertex -1.323254e+001 -1.218741e+002  8.136570e+001
      vertex -1.315227e+001 -1.221814e+002  8.140583e+001
      vertex -1.316209e+001 -1.221289e+002  8.400000e+001
    endloop
  endfacet
  facet normal -9.963475e-001 -8.536752e-002 -2.044280e-003
    outer loop
      vertex -1.316209e+001 -1.221289e+002  8.400000e+001
      vertex -1.315227e+001 -1.221814e+002  8.140583e+001
      vertex -1.312500e+001 -1.225000e+002  8.141940e+001
    endloop
  endfacet
  facet normal -9.950423e-001 -9.945309e-002  0.000000e+000
    outer loop
      vertex -1.316209e+001 -1.221289e+002  8.400000e+001
      vertex -1.312500e+001 -1.225000e+002  8.141940e+001
      vertex -1.312500e+001 -1.225000e+002  8.400000e+001
    endloop
  endfacet
  facet normal -4.238536e-001 -9.057303e-001  8.755022e-004
    outer loop
      vertex -1.406857e+001 -1.208727e+002  8.092924e+001
      vertex -1.431255e+001 -1.207556e+002  8.400000e+001
      vertex -1.434890e+001 -1.207417e+002  8.077516e+001
    endloop
  endfacet
  facet normal -2.722877e-001 -9.622153e-001 -1.076244e-003
    outer loop
      vertex -1.434890e+001 -1.207417e+002  8.077516e+001
      vertex -1.431255e+001 -1.207556e+002  8.400000e+001
      vertex -1.467140e+001 -1.206540e+002  8.400000e+001
    endloop
  endfacet
  facet normal -2.696871e-001 -9.629476e-001 -7.962668e-004
    outer loop
      vertex -1.434890e+001 -1.207417e+002  8.077516e+001
      vertex -1.467140e+001 -1.206540e+002  8.400000e+001
      vertex -1.464148e+001 -1.206596e+002  8.061010e+001
    endloop
  endfacet
  facet normal -1.079194e-001 -9.941595e-001  6.829991e-004
    outer loop
      vertex -1.464148e+001 -1.206596e+002  8.061010e+001
      vertex -1.467140e+001 -1.206540e+002  8.400000e+001
      vertex -1.492616e+001 -1.206265e+002  8.386971e+001
    endloop
  endfacet
  facet normal -1.123268e-001 -9.936713e-001  2.931142e-004
    outer loop
      vertex -1.464148e+001 -1.206596e+002  8.061010e+001
      vertex -1.492616e+001 -1.206265e+002  8.386971e+001
      vertex -1.493930e+001 -1.206260e+002  8.043752e+001
    endloop
  endfacet
  facet normal  2.870203e-002 -9.995880e-001 -2.476535e-004
    outer loop
      vertex -1.493930e+001 -1.206260e+002  8.043752e+001
      vertex -1.492616e+001 -1.206265e+002  8.386971e+001
      vertex -1.518079e+001 -1.206337e+002  8.373663e+001
    endloop
  endfacet
  facet normal  4.630843e-002 -9.989266e-001  1.042662e-003
    outer loop
      vertex -1.493930e+001 -1.206260e+002  8.043752e+001
      vertex -1.518079e+001 -1.206337e+002  8.373663e+001
      vertex -1.523616e+001 -1.206399e+002  8.026083e+001
    endloop
  endfacet
  facet normal  1.745361e-001 -9.846503e-001 -1.025656e-003
    outer loop
      vertex -1.523616e+001 -1.206399e+002  8.026083e+001
      vertex -1.518079e+001 -1.206337e+002  8.373663e+001
      vertex -1.546973e+001 -1.206848e+002  8.358212e+001
    endloop
  endfacet
  facet normal  2.020420e-001 -9.793764e-001  9.799089e-004
    outer loop
      vertex -1.523616e+001 -1.206399e+002  8.026083e+001
      vertex -1.546973e+001 -1.206848e+002  8.358212e+001
      vertex -1.552130e+001 -1.206989e+002  8.008663e+001
    endloop
  endfacet
  facet normal  3.263043e-001 -9.452643e-001 -9.915394e-004
    outer loop
      vertex -1.552130e+001 -1.206989e+002  8.008663e+001
      vertex -1.546973e+001 -1.206848e+002  8.358212e+001
      vertex -1.574825e+001 -1.207808e+002  8.342961e+001
    endloop
  endfacet
  facet normal  3.516640e-001 -9.361258e-001  9.537994e-004
    outer loop
      vertex -1.552130e+001 -1.206989e+002  8.008663e+001
      vertex -1.574825e+001 -1.207808e+002  8.342961e+001
      vertex -1.579538e+001 -1.208021e+002  7.991498e+001
    endloop
  endfacet
  facet normal  4.709294e-001 -8.821703e-001 -9.723032e-004
    outer loop
      vertex -1.579538e+001 -1.208021e+002  7.991498e+001
      vertex -1.574825e+001 -1.207808e+002  8.342961e+001
      vertex -1.601066e+001 -1.209207e+002  8.328265e+001
    endloop
  endfacet
  facet normal  4.940167e-001 -8.694518e-001  9.516455e-004
    outer loop
      vertex -1.579538e+001 -1.208021e+002  7.991498e+001
      vertex -1.601066e+001 -1.209207e+002  8.328265e+001
      vertex -1.605308e+001 -1.209487e+002  7.974972e+001
    endloop
  endfacet
  facet normal  6.054029e-001 -7.959185e-001 -9.678967e-004
    outer loop
      vertex -1.605308e+001 -1.209487e+002  7.974972e+001
      vertex -1.601066e+001 -1.209207e+002  8.328265e+001
      vertex -1.625093e+001 -1.211033e+002  8.314529e+001
    endloop
  endfacet
  facet normal  6.260826e-001 -7.797561e-001  9.729781e-004
    outer loop
      vertex -1.605308e+001 -1.209487e+002  7.974972e+001
      vertex -1.625093e+001 -1.211033e+002  8.314529e+001
      vertex -1.628856e+001 -1.211379e+002  7.959538e+001
    endloop
  endfacet
  facet normal  7.235942e-001 -6.902251e-001 -9.345005e-004
    outer loop
      vertex -1.628856e+001 -1.211379e+002  7.959538e+001
      vertex -1.625093e+001 -1.211033e+002  8.314529e+001
      vertex -1.645327e+001 -1.213152e+002  8.302749e+001
    endloop
  endfacet
  facet normal  7.398723e-001 -6.727470e-001  7.496556e-004
    outer loop
      vertex -1.628856e+001 -1.211379e+002  7.959538e+001
      vertex -1.645327e+001 -1.213152e+002  8.302749e+001
      vertex -1.647889e+001 -1.213474e+002  7.946827e+001
    endloop
  endfacet
  facet normal  8.231977e-001 -5.677542e-001 -7.986995e-004
    outer loop
      vertex -1.647889e+001 -1.213474e+002  7.946827e+001
      vertex -1.645327e+001 -1.213152e+002  8.302749e+001
      vertex -1.662329e+001 -1.215616e+002  8.292698e+001
    endloop
  endfacet
  facet normal  8.338645e-001 -5.519691e-001  6.243738e-004
    outer loop
      vertex -1.647889e+001 -1.213474e+002  7.946827e+001
      vertex -1.662329e+001 -1.215616e+002  8.292698e+001
      vertex -1.663920e+001 -1.215897e+002  7.935954e+001
    endloop
  endfacet
  facet normal  9.021653e-001 -4.313901e-001 -6.285635e-004
    outer loop
      vertex -1.663920e+001 -1.215897e+002  7.935954e+001
      vertex -1.662329e+001 -1.215616e+002  8.292698e+001
      vertex -1.674930e+001 -1.218250e+002  8.285159e+001
    endloop
  endfacet
  facet normal  9.081665e-001 -4.186088e-001  4.220748e-004
    outer loop
      vertex -1.663920e+001 -1.215897e+002  7.935954e+001
      vertex -1.674930e+001 -1.218250e+002  8.285159e+001
      vertex -1.675701e+001 -1.218454e+002  7.927864e+001
    endloop
  endfacet
  facet normal  9.585749e-001 -2.848400e-001 -4.479505e-004
    outer loop
      vertex -1.675701e+001 -1.218454e+002  7.927864e+001
      vertex -1.674930e+001 -1.218250e+002  8.285159e+001
      vertex -1.683397e+001 -1.221099e+002  8.280049e+001
    endloop
  endfacet
  facet normal  9.610794e-001 -2.762723e-001  2.502754e-004
    outer loop
      vertex -1.675701e+001 -1.218454e+002  7.927864e+001
      vertex -1.683397e+001 -1.221099e+002  8.280049e+001
      vertex -1.683647e+001 -1.221218e+002  7.922361e+001
    endloop
  endfacet
  facet normal  9.876568e-001 -1.566334e-001 -1.674021e-004
    outer loop
      vertex -1.683647e+001 -1.221218e+002  7.922361e+001
      vertex -1.683397e+001 -1.221099e+002  8.280049e+001
      vertex -1.686467e+001 -1.223035e+002  8.278188e+001
    endloop
  endfacet
  facet normal  9.884041e-001 -1.518461e-001  8.292087e-005
    outer loop
      vertex -1.683647e+001 -1.221218e+002  7.922361e+001
      vertex -1.686467e+001 -1.223035e+002  8.278188e+001
      vertex -1.686529e+001 -1.223095e+002  7.920355e+001
    endloop
  endfacet
  facet normal  9.986225e-001 -5.247167e-002 -8.517329e-005
    outer loop
      vertex -1.686529e+001 -1.223095e+002  7.920355e+001
      vertex -1.686467e+001 -1.223035e+002  8.278188e+001
      vertex -1.687500e+001 -1.225000e+002  8.277560e+001
    endloop
  endfacet
  facet normal  9.987048e-001 -5.087904e-002  0.000000e+000
    outer loop
      vertex -1.686529e+001 -1.223095e+002  7.920355e+001
      vertex -1.687500e+001 -1.225000e+002  8.277560e+001
      vertex -1.687500e+001 -1.225000e+002  7.919678e+001
    endloop
  endfacet
  facet normal  4.573475e-001 -8.892848e-001 -2.413545e-003
    outer loop
      vertex  1.398090e+001  1.907386e+001  8.400000e+001
      vertex  1.406857e+001  1.912729e+001  8.092924e+001
      vertex  1.431255e+001  1.924443e+001  8.400000e+001
    endloop
  endfacet
  facet normal  5.721713e-001 -8.201315e-001  2.068200e-003
    outer loop
      vertex  1.379697e+001  1.893817e+001  8.107477e+001
      vertex  1.406857e+001  1.912729e+001  8.092924e+001
      vertex  1.398090e+001  1.907386e+001  8.400000e+001
    endloop
  endfacet
  facet normal  6.243036e-001 -7.811760e-001 -3.016561e-003
    outer loop
      vertex  1.368956e+001  1.884103e+001  8.400000e+001
      vertex  1.379697e+001  1.893817e+001  8.107477e+001
      vertex  1.398090e+001  1.907386e+001  8.400000e+001
    endloop
  endfacet
  facet normal  7.090257e-001 -7.051777e-001  2.618242e-003
    outer loop
      vertex  1.355760e+001  1.869796e+001  8.120003e+001
      vertex  1.379697e+001  1.893817e+001  8.107477e+001
      vertex  1.368956e+001  1.884103e+001  8.400000e+001
    endloop
  endfacet
  facet normal  7.665637e-001 -6.421597e-001 -3.313459e-003
    outer loop
      vertex  1.345007e+001  1.855514e+001  8.400000e+001
      vertex  1.355760e+001  1.869796e+001  8.120003e+001
      vertex  1.368956e+001  1.884103e+001  8.400000e+001
    endloop
  endfacet
  facet normal  8.255925e-001 -5.642592e-001  2.927040e-003
    outer loop
      vertex  1.345007e+001  1.855514e+001  8.400000e+001
      vertex  1.336149e+001  1.841154e+001  8.130058e+001
      vertex  1.355760e+001  1.869796e+001  8.120003e+001
    endloop
  endfacet
  facet normal  8.784936e-001 -4.777419e-001 -3.411397e-003
    outer loop
      vertex  1.336149e+001  1.841154e+001  8.130058e+001
      vertex  1.345007e+001  1.855514e+001  8.400000e+001
      vertex  1.327189e+001  1.822751e+001  8.400000e+001
    endloop
  endfacet
  facet normal  9.116406e-001 -4.109821e-001  2.239966e-003
    outer loop
      vertex  1.327189e+001  1.822751e+001  8.400000e+001
      vertex  1.323254e+001  1.812585e+001  8.136570e+001
      vertex  1.336149e+001  1.841154e+001  8.130058e+001
    endloop
  endfacet
  facet normal  9.556715e-001 -2.944204e-001 -2.916079e-003
    outer loop
      vertex  1.323254e+001  1.812585e+001  8.136570e+001
      vertex  1.327189e+001  1.822751e+001  8.400000e+001
      vertex  1.316209e+001  1.787110e+001  8.400000e+001
    endloop
  endfacet
  facet normal  4.238388e-001 -9.057372e-001  8.763772e-004
    outer loop
      vertex  1.406857e+001  1.912729e+001  8.092924e+001
      vertex  1.434890e+001  1.925832e+001  8.077516e+001
      vertex  1.431255e+001  1.924443e+001  8.400000e+001
    endloop
  endfacet
  facet normal  2.695349e-001 -9.629901e-001 -1.109472e-003
    outer loop
      vertex  1.431255e+001  1.924443e+001  8.400000e+001
      vertex  1.434890e+001  1.925832e+001  8.077516e+001
      vertex  1.464148e+001  1.934040e+001  8.061010e+001
    endloop
  endfacet
  facet normal  2.722878e-001 -9.622155e-001 -8.204273e-004
    outer loop
      vertex  1.431255e+001  1.924443e+001  8.400000e+001
      vertex  1.464148e+001  1.934040e+001  8.061010e+001
      vertex  1.467140e+001  1.934598e+001  8.400000e+001
    endloop
  endfacet
  facet normal  1.125261e-001 -9.936485e-001  6.414952e-004
    outer loop
      vertex  1.467140e+001  1.934598e+001  8.400000e+001
      vertex  1.464148e+001  1.934040e+001  8.061010e+001
      vertex  1.493930e+001  1.937402e+001  8.043752e+001
    endloop
  endfacet
  facet normal  1.077210e-001 -9.941812e-001  2.759623e-004
    outer loop
      vertex  1.467140e+001  1.934598e+001  8.400000e+001
      vertex  1.493930e+001  1.937402e+001  8.043752e+001
      vertex  1.492616e+001  1.937354e+001  8.386971e+001
    endloop
  endfacet
  facet normal -4.712268e-002 -9.988890e-001 -3.175285e-004
    outer loop
      vertex  1.492616e+001  1.937354e+001  8.386971e+001
      vertex  1.493930e+001  1.937402e+001  8.043752e+001
      vertex  1.523616e+001  1.936007e+001  8.026083e+001
    endloop
  endfacet
  facet normal -2.788144e-002 -9.996104e-001  1.338001e-003
    outer loop
      vertex  1.492616e+001  1.937354e+001  8.386971e+001
      vertex  1.523616e+001  1.936007e+001  8.026083e+001
      vertex  1.518079e+001  1.936626e+001  8.373663e+001
    endloop
  endfacet
  facet normal -2.034798e-001 -9.790779e-001 -1.496172e-003
    outer loop
      vertex  1.518079e+001  1.936626e+001  8.373663e+001
      vertex  1.523616e+001  1.936007e+001  8.026083e+001
      vertex  1.552130e+001  1.930107e+001  8.008663e+001
    endloop
  endfacet
  facet normal -1.732711e-001 -9.848731e-001  1.425578e-003
    outer loop
      vertex  1.518079e+001  1.936626e+001  8.373663e+001
      vertex  1.552130e+001  1.930107e+001  8.008663e+001
      vertex  1.546973e+001  1.931521e+001  8.358212e+001
    endloop
  endfacet
  facet normal -3.529802e-001 -9.356297e-001 -1.425128e-003
    outer loop
      vertex  1.546973e+001  1.931521e+001  8.358212e+001
      vertex  1.552130e+001  1.930107e+001  8.008663e+001
      vertex  1.579538e+001  1.919794e+001  7.991498e+001
    endloop
  endfacet
  facet normal -3.251315e-001 -9.456677e-001  1.368924e-003
    outer loop
      vertex  1.546973e+001  1.931521e+001  8.358212e+001
      vertex  1.579538e+001  1.919794e+001  7.991498e+001
      vertex  1.574825e+001  1.921923e+001  8.342961e+001
    endloop
  endfacet
  facet normal -4.951297e-001 -8.688180e-001 -1.376278e-003
    outer loop
      vertex  1.574825e+001  1.921923e+001  8.342961e+001
      vertex  1.579538e+001  1.919794e+001  7.991498e+001
      vertex  1.605308e+001  1.905133e+001  7.974972e+001
    endloop
  endfacet
  facet normal -4.699340e-001 -8.827006e-001  1.344260e-003
    outer loop
      vertex  1.574825e+001  1.921923e+001  8.342961e+001
      vertex  1.605308e+001  1.905133e+001  7.974972e+001
      vertex  1.601066e+001  1.907930e+001  8.328265e+001
    endloop
  endfacet
  facet normal -6.270161e-001 -7.790051e-001 -1.362564e-003
    outer loop
      vertex  1.601066e+001  1.907930e+001  8.328265e+001
      vertex  1.605308e+001  1.905133e+001  7.974972e+001
      vertex  1.628856e+001  1.886207e+001  7.959538e+001
    endloop
  endfacet
  facet normal -6.045573e-001 -7.965605e-001  1.364309e-003
    outer loop
      vertex  1.601066e+001  1.907930e+001  8.328265e+001
      vertex  1.628856e+001  1.886207e+001  7.959538e+001
      vertex  1.625093e+001  1.889671e+001  8.314529e+001
    endloop
  endfacet
  facet normal -7.404882e-001 -6.720681e-001 -1.291516e-003
    outer loop
      vertex  1.625093e+001  1.889671e+001  8.314529e+001
      vertex  1.628856e+001  1.886207e+001  7.959538e+001
      vertex  1.647889e+001  1.865261e+001  7.946827e+001
    endloop
  endfacet
  facet normal -7.230448e-001 -6.908005e-001  1.033524e-003
    outer loop
      vertex  1.625093e+001  1.889671e+001  8.314529e+001
      vertex  1.647889e+001  1.865261e+001  7.946827e+001
      vertex  1.645327e+001  1.868475e+001  8.302749e+001
    endloop
  endfacet
  facet normal -8.342068e-001 -5.514508e-001 -1.025532e-003
    outer loop
      vertex  1.645327e+001  1.868475e+001  8.302749e+001
      vertex  1.647889e+001  1.865261e+001  7.946827e+001
      vertex  1.663920e+001  1.841031e+001  7.935954e+001
    endloop
  endfacet
  facet normal -8.228884e-001 -5.682024e-001  8.016021e-004
    outer loop
      vertex  1.645327e+001  1.868475e+001  8.302749e+001
      vertex  1.663920e+001  1.841031e+001  7.935954e+001
      vertex  1.662329e+001  1.843837e+001  8.292698e+001
    endloop
  endfacet
  facet normal -9.083095e-001 -4.182980e-001 -7.584872e-004
    outer loop
      vertex  1.662329e+001  1.843837e+001  8.292698e+001
      vertex  1.663920e+001  1.841031e+001  7.935954e+001
      vertex  1.675701e+001  1.815462e+001  7.927864e+001
    endloop
  endfacet
  facet normal -9.020397e-001 -4.316528e-001  5.099881e-004
    outer loop
      vertex  1.662329e+001  1.843837e+001  8.292698e+001
      vertex  1.675701e+001  1.815462e+001  7.927864e+001
      vertex  1.674930e+001  1.817496e+001  8.285159e+001
    endloop
  endfacet
  facet normal -9.611191e-001 -2.761338e-001 -5.026903e-004
    outer loop
      vertex  1.674930e+001  1.817496e+001  8.285159e+001
      vertex  1.675701e+001  1.815462e+001  7.927864e+001
      vertex  1.683647e+001  1.787817e+001  7.922361e+001
    endloop
  endfacet
  facet normal -9.585398e-001 -2.849585e-001  2.811780e-004
    outer loop
      vertex  1.674930e+001  1.817496e+001  8.285159e+001
      vertex  1.683647e+001  1.787817e+001  7.922361e+001
      vertex  1.683397e+001  1.789011e+001  8.280049e+001
    endloop
  endfacet
  facet normal -9.884082e-001 -1.518198e-001 -1.839041e-004
    outer loop
      vertex  1.683397e+001  1.789011e+001  8.280049e+001
      vertex  1.683647e+001  1.787817e+001  7.922361e+001
      vertex  1.686529e+001  1.769053e+001  7.920355e+001
    endloop
  endfacet
  facet normal -9.876530e-001 -1.566577e-001  9.110411e-005
    outer loop
      vertex  1.683397e+001  1.789011e+001  8.280049e+001
      vertex  1.686529e+001  1.769053e+001  7.920355e+001
      vertex  1.686467e+001  1.769652e+001  8.278188e+001
    endloop
  endfacet
  facet normal -9.987050e-001 -5.087592e-002 -8.785841e-005
    outer loop
      vertex  1.686467e+001  1.769652e+001  8.278188e+001
      vertex  1.686529e+001  1.769053e+001  7.920355e+001
      vertex  1.687500e+001  1.750000e+001  7.919678e+001
    endloop
  endfacet
  facet normal -9.986223e-001 -5.247439e-002  0.000000e+000
    outer loop
      vertex  1.686467e+001  1.769652e+001  8.278188e+001
      vertex  1.687500e+001  1.750000e+001  7.919678e+001
      vertex  1.687500e+001  1.750000e+001  8.277560e+001
    endloop
  endfacet
  facet normal  9.675719e-001 -2.525915e-001  1.447305e-003
    outer loop
      vertex  1.323254e+001  1.812585e+001  8.136570e+001
      vertex  1.316209e+001  1.787110e+001  8.400000e+001
      vertex  1.315227e+001  1.781862e+001  8.140583e+001
    endloop
  endfacet
  facet normal  9.950408e-001 -9.945192e-002 -1.754257e-003
    outer loop
      vertex  1.315227e+001  1.781862e+001  8.140583e+001
      vertex  1.316209e+001  1.787110e+001  8.400000e+001
      vertex  1.312500e+001  1.750000e+001  8.400000e+001
    endloop
  endfacet
  facet normal  9.963568e-001 -8.528179e-002  0.000000e+000
    outer loop
      vertex  1.315227e+001  1.781862e+001  8.140583e+001
      vertex  1.312500e+001  1.750000e+001  8.400000e+001
      vertex  1.312500e+001  1.750000e+001  8.141940e+001
    endloop
  endfacet
  facet normal  9.556715e-001  2.944204e-001 -2.916080e-003
    outer loop
      vertex  1.327189e+001  1.677249e+001  8.400000e+001
      vertex  1.323254e+001  1.687415e+001  8.136570e+001
      vertex  1.316209e+001  1.712890e+001  8.400000e+001
    endloop
  endfacet
  facet normal  9.116406e-001  4.109821e-001  2.239966e-003
    outer loop
      vertex  1.336149e+001  1.658846e+001  8.130058e+001
      vertex  1.323254e+001  1.687415e+001  8.136570e+001
      vertex  1.327189e+001  1.677249e+001  8.400000e+001
    endloop
  endfacet
  facet normal  8.784936e-001  4.777419e-001 -3.411397e-003
    outer loop
      vertex  1.345007e+001  1.644486e+001  8.400000e+001
      vertex  1.336149e+001  1.658846e+001  8.130058e+001
      vertex  1.327189e+001  1.677249e+001  8.400000e+001
    endloop
  endfacet
  facet normal  8.255925e-001  5.642592e-001  2.927040e-003
    outer loop
      vertex  1.355760e+001  1.630204e+001  8.120003e+001
      vertex  1.336149e+001  1.658846e+001  8.130058e+001
      vertex  1.345007e+001  1.644486e+001  8.400000e+001
    endloop
  endfacet
  facet normal  7.665637e-001  6.421597e-001 -3.313459e-003
    outer loop
      vertex  1.368956e+001  1.615897e+001  8.400000e+001
      vertex  1.355760e+001  1.630204e+001  8.120003e+001
      vertex  1.345007e+001  1.644486e+001  8.400000e+001
    endloop
  endfacet
  facet normal  7.090257e-001  7.051777e-001  2.618242e-003
    outer loop
      vertex  1.368956e+001  1.615897e+001  8.400000e+001
      vertex  1.379697e+001  1.606183e+001  8.107477e+001
      vertex  1.355760e+001  1.630204e+001  8.120003e+001
    endloop
  endfacet
  facet normal  6.243051e-001  7.811747e-001 -3.016461e-003
    outer loop
      vertex  1.379697e+001  1.606183e+001  8.107477e+001
      vertex  1.368956e+001  1.615897e+001  8.400000e+001
      vertex  1.398090e+001  1.592614e+001  8.400000e+001
    endloop
  endfacet
  facet normal  5.721695e-001  8.201327e-001  2.068636e-003
    outer loop
      vertex  1.398090e+001  1.592614e+001  8.400000e+001
      vertex  1.406857e+001  1.587271e+001  8.092924e+001
      vertex  1.379697e+001  1.606183e+001  8.107477e+001
    endloop
  endfacet
  facet normal  4.573454e-001  8.892858e-001 -2.413069e-003
    outer loop
      vertex  1.406857e+001  1.587271e+001  8.092924e+001
      vertex  1.398090e+001  1.592614e+001  8.400000e+001
      vertex  1.431255e+001  1.575557e+001  8.400000e+001
    endloop
  endfacet
  facet normal  9.675719e-001  2.525915e-001  1.447305e-003
    outer loop
      vertex  1.323254e+001  1.687415e+001  8.136570e+001
      vertex  1.315227e+001  1.718138e+001  8.140583e+001
      vertex  1.316209e+001  1.712890e+001  8.400000e+001
    endloop
  endfacet
  facet normal  9.963474e-001  8.536801e-002 -2.044082e-003
    outer loop
      vertex  1.316209e+001  1.712890e+001  8.400000e+001
      vertex  1.315227e+001  1.718138e+001  8.140583e+001
      vertex  1.312500e+001  1.750000e+001  8.141940e+001
    endloop
  endfacet
  facet normal  9.950424e-001  9.945207e-002  -0.000000e+000
    outer loop
      vertex  1.316209e+001  1.712890e+001  8.400000e+001
      vertex  1.312500e+001  1.750000e+001  8.141940e+001
      vertex  1.312500e+001  1.750000e+001  8.400000e+001
    endloop
  endfacet
  facet normal  4.238437e-001  9.057350e-001  8.761752e-004
    outer loop
      vertex  1.406857e+001  1.587271e+001  8.092924e+001
      vertex  1.431255e+001  1.575557e+001  8.400000e+001
      vertex  1.434890e+001  1.574168e+001  8.077516e+001
    endloop
  endfacet
  facet normal  2.722877e-001  9.622153e-001 -1.075391e-003
    outer loop
      vertex  1.434890e+001  1.574168e+001  8.077516e+001
      vertex  1.431255e+001  1.575557e+001  8.400000e+001
      vertex  1.467140e+001  1.565402e+001  8.400000e+001
    endloop
  endfacet
  facet normal  2.696958e-001  9.629453e-001 -7.963476e-004
    outer loop
      vertex  1.434890e+001  1.574168e+001  8.077516e+001
      vertex  1.467140e+001  1.565402e+001  8.400000e+001
      vertex  1.464148e+001  1.565960e+001  8.061010e+001
    endloop
  endfacet
  facet normal  1.079230e-001  9.941590e-001  6.829661e-004
    outer loop
      vertex  1.464148e+001  1.565960e+001  8.061010e+001
      vertex  1.467140e+001  1.565402e+001  8.400000e+001
      vertex  1.492616e+001  1.562646e+001  8.386971e+001
    endloop
  endfacet
  facet normal  1.123239e-001  9.936715e-001  2.936554e-004
    outer loop
      vertex  1.464148e+001  1.565960e+001  8.061010e+001
      vertex  1.492616e+001  1.562646e+001  8.386971e+001
      vertex  1.493930e+001  1.562599e+001  8.043752e+001
    endloop
  endfacet
  facet normal -2.870549e-002  9.995879e-001 -2.471112e-004
    outer loop
      vertex  1.493930e+001  1.562599e+001  8.043752e+001
      vertex  1.492616e+001  1.562646e+001  8.386971e+001
      vertex  1.518079e+001  1.563374e+001  8.373663e+001
    endloop
  endfacet
  facet normal -4.630826e-002  9.989266e-001  1.042939e-003
    outer loop
      vertex  1.493930e+001  1.562599e+001  8.043752e+001
      vertex  1.518079e+001  1.563374e+001  8.373663e+001
      vertex  1.523616e+001  1.563993e+001  8.026083e+001
    endloop
  endfacet
  facet normal -1.745423e-001  9.846491e-001 -1.025487e-003
    outer loop
      vertex  1.523616e+001  1.563993e+001  8.026083e+001
      vertex  1.518079e+001  1.563374e+001  8.373663e+001
      vertex  1.546973e+001  1.568479e+001  8.358212e+001
    endloop
  endfacet
  facet normal -2.020331e-001  9.793782e-001  9.789785e-004
    outer loop
      vertex  1.523616e+001  1.563993e+001  8.026083e+001
      vertex  1.546973e+001  1.568479e+001  8.358212e+001
      vertex  1.552130e+001  1.569893e+001  8.008663e+001
    endloop
  endfacet
  facet normal -3.262903e-001  9.452690e-001 -9.923435e-004
    outer loop
      vertex  1.552130e+001  1.569893e+001  8.008663e+001
      vertex  1.546973e+001  1.568479e+001  8.358212e+001
      vertex  1.574825e+001  1.578077e+001  8.342961e+001
    endloop
  endfacet
  facet normal -3.516721e-001  9.361228e-001  9.546888e-004
    outer loop
      vertex  1.552130e+001  1.569893e+001  8.008663e+001
      vertex  1.574825e+001  1.578077e+001  8.342961e+001
      vertex  1.579538e+001  1.580206e+001  7.991498e+001
    endloop
  endfacet
  facet normal -4.709440e-001  8.821626e-001 -9.715896e-004
    outer loop
      vertex  1.579538e+001  1.580206e+001  7.991498e+001
      vertex  1.574825e+001  1.578077e+001  8.342961e+001
      vertex  1.601066e+001  1.592070e+001  8.328265e+001
    endloop
  endfacet
  facet normal -4.940076e-001  8.694571e-001  9.503879e-004
    outer loop
      vertex  1.579538e+001  1.580206e+001  7.991498e+001
      vertex  1.601066e+001  1.592070e+001  8.328265e+001
      vertex  1.605308e+001  1.594867e+001  7.974972e+001
    endloop
  endfacet
  facet normal -6.054014e-001  7.959198e-001 -9.691578e-004
    outer loop
      vertex  1.605308e+001  1.594867e+001  7.974972e+001
      vertex  1.601066e+001  1.592070e+001  8.328265e+001
      vertex  1.625093e+001  1.610329e+001  8.314529e+001
    endloop
  endfacet
  facet normal -6.260849e-001  7.797543e-001  9.720985e-004
    outer loop
      vertex  1.605308e+001  1.594867e+001  7.974972e+001
      vertex  1.625093e+001  1.610329e+001  8.314529e+001
      vertex  1.628856e+001  1.613793e+001  7.959538e+001
    endloop
  endfacet
  facet normal -7.235913e-001  6.902281e-001 -9.351813e-004
    outer loop
      vertex  1.628856e+001  1.613793e+001  7.959538e+001
      vertex  1.625093e+001  1.610329e+001  8.314529e+001
      vertex  1.645327e+001  1.631525e+001  8.302749e+001
    endloop
  endfacet
  facet normal -7.398724e-001  6.727469e-001  7.492931e-004
    outer loop
      vertex  1.628856e+001  1.613793e+001  7.959538e+001
      vertex  1.645327e+001  1.631525e+001  8.302749e+001
      vertex  1.647889e+001  1.634739e+001  7.946827e+001
    endloop
  endfacet
  facet normal -8.231937e-001  5.677601e-001 -7.989215e-004
    outer loop
      vertex  1.647889e+001  1.634739e+001  7.946827e+001
      vertex  1.645327e+001  1.631525e+001  8.302749e+001
      vertex  1.662329e+001  1.656163e+001  8.292698e+001
    endloop
  endfacet
  facet normal -8.338662e-001  5.519662e-001  6.249332e-004
    outer loop
      vertex  1.647889e+001  1.634739e+001  7.946827e+001
      vertex  1.662329e+001  1.656163e+001  8.292698e+001
      vertex  1.663920e+001  1.658969e+001  7.935954e+001
    endloop
  endfacet
  facet normal -9.021664e-001  4.313877e-001 -6.281266e-004
    outer loop
      vertex  1.663920e+001  1.658969e+001  7.935954e+001
      vertex  1.662329e+001  1.656163e+001  8.292698e+001
      vertex  1.674930e+001  1.682504e+001  8.285159e+001
    endloop
  endfacet
  facet normal -9.081677e-001  4.186064e-001  4.225053e-004
    outer loop
      vertex  1.663920e+001  1.658969e+001  7.935954e+001
      vertex  1.674930e+001  1.682504e+001  8.285159e+001
      vertex  1.675701e+001  1.684538e+001  7.927864e+001
    endloop
  endfacet
  facet normal -9.585755e-001  2.848383e-001 -4.476572e-004
    outer loop
      vertex  1.675701e+001  1.684538e+001  7.927864e+001
      vertex  1.674930e+001  1.682504e+001  8.285159e+001
      vertex  1.683397e+001  1.710989e+001  8.280049e+001
    endloop
  endfacet
  facet normal -9.610794e-001  2.762723e-001  2.504228e-004
    outer loop
      vertex  1.675701e+001  1.684538e+001  7.927864e+001
      vertex  1.683397e+001  1.710989e+001  8.280049e+001
      vertex  1.683647e+001  1.712183e+001  7.922361e+001
    endloop
  endfacet
  facet normal -9.876568e-001  1.566334e-001 -1.673185e-004
    outer loop
      vertex  1.683647e+001  1.712183e+001  7.922361e+001
      vertex  1.683397e+001  1.710989e+001  8.280049e+001
      vertex  1.686467e+001  1.730348e+001  8.278188e+001
    endloop
  endfacet
  facet normal -9.884040e-001  1.518477e-001  8.292344e-005
    outer loop
      vertex  1.683647e+001  1.712183e+001  7.922361e+001
      vertex  1.686467e+001  1.730348e+001  8.278188e+001
      vertex  1.686529e+001  1.730947e+001  7.920355e+001
    endloop
  endfacet
  facet normal -9.986225e-001  5.247167e-002 -8.517329e-005
    outer loop
      vertex  1.686529e+001  1.730947e+001  7.920355e+001
      vertex  1.686467e+001  1.730348e+001  8.278188e+001
      vertex  1.687500e+001  1.750000e+001  8.277560e+001
    endloop
  endfacet
  facet normal -9.987048e-001  5.087904e-002  0.000000e+000
    outer loop
      vertex  1.686529e+001  1.730947e+001  7.920355e+001
      vertex  1.687500e+001  1.750000e+001  8.277560e+001
      vertex  1.687500e+001  1.750000e+001  7.919678e+001
    endloop
  endfacet
  facet normal -9.755419e-001  2.197027e-001  6.981182e-003
    outer loop
      vertex -1.165155e+001 -1.235188e+002  8.400000e+001
      vertex -1.158428e+001 -1.232635e+002  8.536535e+001
      vertex -1.153810e+001 -1.230150e+002  8.400000e+001
    endloop
  endfacet
  facet normal -9.624231e-001  2.715335e-001 -3.357138e-003
    outer loop
      vertex -1.165155e+001 -1.235188e+002  8.400000e+001
      vertex -1.168815e+001 -1.236321e+002  8.532552e+001
      vertex -1.158428e+001 -1.232635e+002  8.536535e+001
    endloop
  endfacet
  facet normal -9.326069e-001  3.608579e-001  5.102972e-003
    outer loop
      vertex -1.168815e+001 -1.236321e+002  8.532552e+001
      vertex -1.165155e+001 -1.235188e+002  8.400000e+001
      vertex -1.183790e+001 -1.240004e+002  8.400000e+001
    endloop
  endfacet
  facet normal -9.241100e-001  3.821223e-001 -1.765010e-003
    outer loop
      vertex -1.183790e+001 -1.240004e+002  8.400000e+001
      vertex -1.185496e+001 -1.240358e+002  8.526070e+001
      vertex -1.168815e+001 -1.236321e+002  8.532552e+001
    endloop
  endfacet
  facet normal -7.871793e-001  6.166875e-001  6.737491e-003
    outer loop
      vertex -1.241155e+001 -1.248558e+002  8.400000e+001
      vertex -1.232507e+001 -1.247572e+002  8.507229e+001
      vertex -1.209309e+001 -1.244493e+002  8.400000e+001
    endloop
  endfacet
  facet normal -7.226856e-001  6.911564e-001 -5.317258e-003
    outer loop
      vertex -1.261802e+001 -1.250644e+002  8.495055e+001
      vertex -1.232507e+001 -1.247572e+002  8.507229e+001
      vertex -1.241155e+001 -1.248558e+002  8.400000e+001
    endloop
  endfacet
  facet normal -6.878517e-001  7.257844e-001  9.847027e-003
    outer loop
      vertex -1.278637e+001 -1.252111e+002  8.400000e+001
      vertex -1.261802e+001 -1.250644e+002  8.495055e+001
      vertex -1.241155e+001 -1.248558e+002  8.400000e+001
    endloop
  endfacet
  facet normal -6.311607e-001  7.756121e-001 -7.880671e-003
    outer loop
      vertex -1.278637e+001 -1.252111e+002  8.400000e+001
      vertex -1.295826e+001 -1.253428e+002  8.480492e+001
      vertex -1.261802e+001 -1.250644e+002  8.495055e+001
    endloop
  endfacet
  facet normal -5.735568e-001  8.190846e-001  1.153336e-002
    outer loop
      vertex -1.295826e+001 -1.253428e+002  8.480492e+001
      vertex -1.278637e+001 -1.252111e+002  8.400000e+001
      vertex -1.320937e+001 -1.255073e+002  8.400000e+001
    endloop
  endfacet
  facet normal -5.292702e-001  8.484131e-001 -8.276683e-003
    outer loop
      vertex -1.320937e+001 -1.255073e+002  8.400000e+001
      vertex -1.332554e+001 -1.255735e+002  8.464254e+001
      vertex -1.295826e+001 -1.253428e+002  8.480492e+001
    endloop
  endfacet
  facet normal -4.468004e-001  8.945611e-001  1.138778e-002
    outer loop
      vertex -1.332554e+001 -1.255735e+002  8.464254e+001
      vertex -1.320937e+001 -1.255073e+002  8.400000e+001
      vertex -1.367135e+001 -1.257380e+002  8.400000e+001
    endloop
  endfacet
  facet normal -4.219207e-001  9.066185e-001 -5.090263e-003
    outer loop
      vertex -1.367135e+001 -1.257380e+002  8.400000e+001
      vertex -1.371308e+001 -1.257548e+002  8.446526e+001
      vertex -1.332554e+001 -1.255735e+002  8.464254e+001
    endloop
  endfacet
  facet normal -1.666994e-001  9.836929e-001  6.752509e-002
    outer loop
      vertex -1.439196e+001 -1.259468e+002  8.413969e+001
      vertex -1.416226e+001 -1.258983e+002  8.400000e+001
      vertex -1.467140e+001 -1.259845e+002  8.400000e+001
    endloop
  endfacet
  facet normal -9.863815e-001  1.644379e-001 -3.442912e-003
    outer loop
      vertex -1.158428e+001 -1.232635e+002  8.536535e+001
      vertex -1.152117e+001 -1.228844e+002  8.538935e+001
      vertex -1.153810e+001 -1.230150e+002  8.400000e+001
    endloop
  endfacet
  facet normal -9.984701e-001  5.484877e-002  7.006397e-003
    outer loop
      vertex -1.153810e+001 -1.230150e+002  8.400000e+001
      vertex -1.152117e+001 -1.228844e+002  8.538935e+001
      vertex -1.150000e+001 -1.225000e+002  8.539737e+001
    endloop
  endfacet
  facet normal -9.972752e-001  7.377142e-002  0.000000e+000
    outer loop
      vertex -1.153810e+001 -1.230150e+002  8.400000e+001
      vertex -1.150000e+001 -1.225000e+002  8.539737e+001
      vertex -1.150000e+001 -1.225000e+002  8.400000e+001
    endloop
  endfacet
  facet normal -8.020781e-001  5.972157e-001 -2.075670e-003
    outer loop
      vertex -1.232507e+001 -1.247572e+002  8.507229e+001
      vertex -1.206888e+001 -1.244127e+002  8.517602e+001
      vertex -1.209309e+001 -1.244493e+002  8.400000e+001
    endloop
  endfacet
  facet normal -8.699353e-001  4.931592e-001  2.559385e-003
    outer loop
      vertex -1.209309e+001 -1.244493e+002  8.400000e+001
      vertex -1.206888e+001 -1.244127e+002  8.517602e+001
      vertex -1.185496e+001 -1.240358e+002  8.526070e+001
    endloop
  endfacet
  facet normal -8.693680e-001  4.941608e-001  2.123654e-003
    outer loop
      vertex -1.209309e+001 -1.244493e+002  8.400000e+001
      vertex -1.185496e+001 -1.240358e+002  8.526070e+001
      vertex -1.183790e+001 -1.240004e+002  8.400000e+001
    endloop
  endfacet
  facet normal -2.104674e-001  9.775787e-001 -6.572174e-003
    outer loop
      vertex -1.439196e+001 -1.259468e+002  8.413969e+001
      vertex -1.411447e+001 -1.258861e+002  8.427511e+001
      vertex -1.416226e+001 -1.258983e+002  8.400000e+001
    endloop
  endfacet
  facet normal -3.165126e-001  9.484974e-001  1.313225e-002
    outer loop
      vertex -1.416226e+001 -1.258983e+002  8.400000e+001
      vertex -1.411447e+001 -1.258861e+002  8.427511e+001
      vertex -1.371308e+001 -1.257548e+002  8.446526e+001
    endloop
  endfacet
  facet normal -3.103252e-001  9.506083e-001  6.507925e-003
    outer loop
      vertex -1.416226e+001 -1.258983e+002  8.400000e+001
      vertex -1.371308e+001 -1.257548e+002  8.446526e+001
      vertex -1.367135e+001 -1.257380e+002  8.400000e+001
    endloop
  endfacet
  facet normal -1.666994e-001 -9.836929e-001  6.752507e-002
    outer loop
      vertex -1.416226e+001 -1.191017e+002  8.400000e+001
      vertex -1.439196e+001 -1.190532e+002  8.413969e+001
      vertex -1.467140e+001 -1.190155e+002  8.400000e+001
    endloop
  endfacet
  facet normal -2.104674e-001 -9.775787e-001 -6.572174e-003
    outer loop
      vertex -1.416226e+001 -1.191017e+002  8.400000e+001
      vertex -1.411447e+001 -1.191139e+002  8.427511e+001
      vertex -1.439196e+001 -1.190532e+002  8.413969e+001
    endloop
  endfacet
  facet normal -4.468004e-001 -8.945611e-001  1.138778e-002
    outer loop
      vertex -1.320937e+001 -1.194927e+002  8.400000e+001
      vertex -1.332554e+001 -1.194265e+002  8.464254e+001
      vertex -1.367135e+001 -1.192620e+002  8.400000e+001
    endloop
  endfacet
  facet normal -5.292702e-001 -8.484131e-001 -8.276683e-003
    outer loop
      vertex -1.295826e+001 -1.196572e+002  8.480492e+001
      vertex -1.332554e+001 -1.194265e+002  8.464254e+001
      vertex -1.320937e+001 -1.194927e+002  8.400000e+001
    endloop
  endfacet
  facet normal -5.735568e-001 -8.190846e-001  1.153336e-002
    outer loop
      vertex -1.278637e+001 -1.197889e+002  8.400000e+001
      vertex -1.295826e+001 -1.196572e+002  8.480492e+001
      vertex -1.320937e+001 -1.194927e+002  8.400000e+001
    endloop
  endfacet
  facet normal -6.311607e-001 -7.756121e-001 -7.880671e-003
    outer loop
      vertex -1.261802e+001 -1.199356e+002  8.495055e+001
      vertex -1.295826e+001 -1.196572e+002  8.480492e+001
      vertex -1.278637e+001 -1.197889e+002  8.400000e+001
    endloop
  endfacet
  facet normal -6.878517e-001 -7.257844e-001  9.847027e-003
    outer loop
      vertex -1.241155e+001 -1.201442e+002  8.400000e+001
      vertex -1.261802e+001 -1.199356e+002  8.495055e+001
      vertex -1.278637e+001 -1.197889e+002  8.400000e+001
    endloop
  endfacet
  facet normal -7.226856e-001 -6.911564e-001 -5.317258e-003
    outer loop
      vertex -1.241155e+001 -1.201442e+002  8.400000e+001
      vertex -1.232507e+001 -1.202428e+002  8.507229e+001
      vertex -1.261802e+001 -1.199356e+002  8.495055e+001
    endloop
  endfacet
  facet normal -7.871793e-001 -6.166874e-001  6.737491e-003
    outer loop
      vertex -1.232507e+001 -1.202428e+002  8.507229e+001
      vertex -1.241155e+001 -1.201442e+002  8.400000e+001
      vertex -1.209309e+001 -1.205507e+002  8.400000e+001
    endloop
  endfacet
  facet normal -8.020781e-001 -5.972157e-001 -2.075670e-003
    outer loop
      vertex -1.209309e+001 -1.205507e+002  8.400000e+001
      vertex -1.206888e+001 -1.205873e+002  8.517602e+001
      vertex -1.232507e+001 -1.202428e+002  8.507229e+001
    endloop
  endfacet
  facet normal -9.326069e-001 -3.608579e-001  5.102969e-003
    outer loop
      vertex -1.165155e+001 -1.214812e+002  8.400000e+001
      vertex -1.168815e+001 -1.213679e+002  8.532552e+001
      vertex -1.183790e+001 -1.209996e+002  8.400000e+001
    endloop
  endfacet
  facet normal -9.624231e-001 -2.715335e-001 -3.357138e-003
    outer loop
      vertex -1.158428e+001 -1.217365e+002  8.536535e+001
      vertex -1.168815e+001 -1.213679e+002  8.532552e+001
      vertex -1.165155e+001 -1.214812e+002  8.400000e+001
    endloop
  endfacet
  facet normal -9.755419e-001 -2.197027e-001  6.981182e-003
    outer loop
      vertex -1.153810e+001 -1.219850e+002  8.400000e+001
      vertex -1.158428e+001 -1.217365e+002  8.536535e+001
      vertex -1.165155e+001 -1.214812e+002  8.400000e+001
    endloop
  endfacet
  facet normal -4.219207e-001 -9.066185e-001 -5.090263e-003
    outer loop
      vertex -1.332554e+001 -1.194265e+002  8.464254e+001
      vertex -1.371308e+001 -1.192452e+002  8.446526e+001
      vertex -1.367135e+001 -1.192620e+002  8.400000e+001
    endloop
  endfacet
  facet normal -3.135623e-001 -9.495475e-001  6.179271e-003
    outer loop
      vertex -1.367135e+001 -1.192620e+002  8.400000e+001
      vertex -1.371308e+001 -1.192452e+002  8.446526e+001
      vertex -1.411447e+001 -1.191139e+002  8.427511e+001
    endloop
  endfacet
  facet normal -3.103095e-001 -9.505603e-001  1.196369e-002
    outer loop
      vertex -1.367135e+001 -1.192620e+002  8.400000e+001
      vertex -1.411447e+001 -1.191139e+002  8.427511e+001
      vertex -1.416226e+001 -1.191017e+002  8.400000e+001
    endloop
  endfacet
  facet normal -9.241100e-001 -3.821223e-001 -1.765010e-003
    outer loop
      vertex -1.168815e+001 -1.213679e+002  8.532552e+001
      vertex -1.185496e+001 -1.209642e+002  8.526070e+001
      vertex -1.183790e+001 -1.209996e+002  8.400000e+001
    endloop
  endfacet
  facet normal -8.698912e-001 -4.932394e-001  2.090684e-003
    outer loop
      vertex -1.183790e+001 -1.209996e+002  8.400000e+001
      vertex -1.185496e+001 -1.209642e+002  8.526070e+001
      vertex -1.206888e+001 -1.205873e+002  8.517602e+001
    endloop
  endfacet
  facet normal -8.693671e-001 -4.941604e-001  2.516532e-003
    outer loop
      vertex -1.183790e+001 -1.209996e+002  8.400000e+001
      vertex -1.206888e+001 -1.205873e+002  8.517602e+001
      vertex -1.209309e+001 -1.205507e+002  8.400000e+001
    endloop
  endfacet
  facet normal -9.863815e-001 -1.644379e-001 -3.442912e-003
    outer loop
      vertex -1.158428e+001 -1.217365e+002  8.536535e+001
      vertex -1.153810e+001 -1.219850e+002  8.400000e+001
      vertex -1.152117e+001 -1.221156e+002  8.538935e+001
    endloop
  endfacet
  facet normal -9.972616e-001 -7.377042e-002  5.212926e-003
    outer loop
      vertex -1.152117e+001 -1.221156e+002  8.538935e+001
      vertex -1.153810e+001 -1.219850e+002  8.400000e+001
      vertex -1.150000e+001 -1.225000e+002  8.400000e+001
    endloop
  endfacet
  facet normal -9.984866e-001 -5.499583e-002  0.000000e+000
    outer loop
      vertex -1.152117e+001 -1.221156e+002  8.538935e+001
      vertex -1.150000e+001 -1.225000e+002  8.400000e+001
      vertex -1.150000e+001 -1.225000e+002  8.539737e+001
    endloop
  endfacet
  facet normal  0.000000e+000  -0.000000e+000  1.000000e+000
    outer loop
      vertex -1.327189e+001 -1.217725e+002  8.400000e+001
      vertex -1.316209e+001 -1.221289e+002  8.400000e+001
      vertex -1.153810e+001 -1.219850e+002  8.400000e+001
    endloop
  endfacet
  facet normal  -0.000000e+000  -0.000000e+000  9.999999e-001
    outer loop
      vertex -1.467140e+001 -1.206540e+002  8.400000e+001
      vertex -1.431255e+001 -1.207556e+002  8.400000e+001
      vertex -1.183790e+001 -1.209996e+002  8.400000e+001
    endloop
  endfacet
  facet normal  0.000000e+000  0.000000e+000  1.000000e+000
    outer loop
      vertex -1.467140e+001 -1.206540e+002  8.400000e+001
      vertex -1.183790e+001 -1.209996e+002  8.400000e+001
      vertex -1.209309e+001 -1.205507e+002  8.400000e+001
    endloop
  endfacet
  facet normal  0.000000e+000  0.000000e+000  1.000000e+000
    outer loop
      vertex -1.467140e+001 -1.206540e+002  8.400000e+001
      vertex -1.209309e+001 -1.205507e+002  8.400000e+001
      vertex -1.241155e+001 -1.201442e+002  8.400000e+001
    endloop
  endfacet
  facet normal  0.000000e+000  0.000000e+000  1.000000e+000
    outer loop
      vertex -1.467140e+001 -1.206540e+002  8.400000e+001
      vertex -1.241155e+001 -1.201442e+002  8.400000e+001
      vertex -1.278637e+001 -1.197889e+002  8.400000e+001
    endloop
  endfacet
  facet normal  0.000000e+000  0.000000e+000  1.000000e+000
    outer loop
      vertex -1.467140e+001 -1.206540e+002  8.400000e+001
      vertex -1.278637e+001 -1.197889e+002  8.400000e+001
      vertex -1.320937e+001 -1.194927e+002  8.400000e+001
    endloop
  endfacet
  facet normal  0.000000e+000  0.000000e+000  1.000000e+000
    outer loop
      vertex -1.467140e+001 -1.206540e+002  8.400000e+001
      vertex -1.320937e+001 -1.194927e+002  8.400000e+001
      vertex -1.367135e+001 -1.192620e+002  8.400000e+001
    endloop
  endfacet
  facet normal  0.000000e+000  0.000000e+000  1.000000e+000
    outer loop
      vertex -1.467140e+001 -1.206540e+002  8.400000e+001
      vertex -1.367135e+001 -1.192620e+002  8.400000e+001
      vertex -1.416226e+001 -1.191017e+002  8.400000e+001
    endloop
  endfacet
  facet normal  0.000000e+000  0.000000e+000  1.000000e+000
    outer loop
      vertex -1.467140e+001 -1.206540e+002  8.400000e+001
      vertex -1.416226e+001 -1.191017e+002  8.400000e+001
      vertex -1.467140e+001 -1.190155e+002  8.400000e+001
    endloop
  endfacet
  facet normal  0.000000e+000  -0.000000e+000  9.999999e-001
    outer loop
      vertex -1.467140e+001 -1.259845e+002  8.400000e+001
      vertex -1.416226e+001 -1.258983e+002  8.400000e+001
      vertex -1.367135e+001 -1.257380e+002  8.400000e+001
    endloop
  endfacet
  facet normal  0.000000e+000  -0.000000e+000  1.000000e+000
    outer loop
      vertex -1.467140e+001 -1.259845e+002  8.400000e+001
      vertex -1.367135e+001 -1.257380e+002  8.400000e+001
      vertex -1.320937e+001 -1.255073e+002  8.400000e+001
    endloop
  endfacet
  facet normal  0.000000e+000  -0.000000e+000  1.000000e+000
    outer loop
      vertex -1.467140e+001 -1.259845e+002  8.400000e+001
      vertex -1.320937e+001 -1.255073e+002  8.400000e+001
      vertex -1.278637e+001 -1.252111e+002  8.400000e+001
    endloop
  endfacet
  facet normal  0.000000e+000  -0.000000e+000  1.000000e+000
    outer loop
      vertex -1.467140e+001 -1.259845e+002  8.400000e+001
      vertex -1.278637e+001 -1.252111e+002  8.400000e+001
      vertex -1.241155e+001 -1.248558e+002  8.400000e+001
    endloop
  endfacet
  facet normal  0.000000e+000  -0.000000e+000  1.000000e+000
    outer loop
      vertex -1.467140e+001 -1.259845e+002  8.400000e+001
      vertex -1.241155e+001 -1.248558e+002  8.400000e+001
      vertex -1.209309e+001 -1.244493e+002  8.400000e+001
    endloop
  endfacet
  facet normal  0.000000e+000  0.000000e+000  1.000000e+000
    outer loop
      vertex -1.467140e+001 -1.259845e+002  8.400000e+001
      vertex -1.209309e+001 -1.244493e+002  8.400000e+001
      vertex -1.467140e+001 -1.243460e+002  8.400000e+001
    endloop
  endfacet
  facet normal  0.000000e+000  0.000000e+000  1.000000e+000
    outer loop
      vertex -1.368956e+001 -1.211590e+002  8.400000e+001
      vertex -1.165155e+001 -1.214812e+002  8.400000e+001
      vertex -1.398090e+001 -1.209261e+002  8.400000e+001
    endloop
  endfacet
  facet normal  0.000000e+000  0.000000e+000  1.000000e+000
    outer loop
      vertex -1.398090e+001 -1.209261e+002  8.400000e+001
      vertex -1.165155e+001 -1.214812e+002  8.400000e+001
      vertex -1.183790e+001 -1.209996e+002  8.400000e+001
    endloop
  endfacet
  facet normal  0.000000e+000  0.000000e+000  1.000000e+000
    outer loop
      vertex -1.398090e+001 -1.209261e+002  8.400000e+001
      vertex -1.183790e+001 -1.209996e+002  8.400000e+001
      vertex -1.431255e+001 -1.207556e+002  8.400000e+001
    endloop
  endfacet
  facet normal  0.000000e+000  0.000000e+000  1.000000e+000
    outer loop
      vertex -1.327189e+001 -1.217725e+002  8.400000e+001
      vertex -1.153810e+001 -1.219850e+002  8.400000e+001
      vertex -1.345007e+001 -1.214449e+002  8.400000e+001
    endloop
  endfacet
  facet normal  0.000000e+000  0.000000e+000  9.999999e-001
    outer loop
      vertex -1.345007e+001 -1.214449e+002  8.400000e+001
      vertex -1.153810e+001 -1.219850e+002  8.400000e+001
      vertex -1.165155e+001 -1.214812e+002  8.400000e+001
    endloop
  endfacet
  facet normal  0.000000e+000  0.000000e+000  1.000000e+000
    outer loop
      vertex -1.345007e+001 -1.214449e+002  8.400000e+001
      vertex -1.165155e+001 -1.214812e+002  8.400000e+001
      vertex -1.368956e+001 -1.211590e+002  8.400000e+001
    endloop
  endfacet
  facet normal  -0.000000e+000  0.000000e+000  9.999999e-001
    outer loop
      vertex -1.153810e+001 -1.219850e+002  8.400000e+001
      vertex -1.316209e+001 -1.221289e+002  8.400000e+001
      vertex -1.150000e+001 -1.225000e+002  8.400000e+001
    endloop
  endfacet
  facet normal  0.000000e+000  0.000000e+000  1.000000e+000
    outer loop
      vertex -1.150000e+001 -1.225000e+002  8.400000e+001
      vertex -1.316209e+001 -1.221289e+002  8.400000e+001
      vertex -1.312500e+001 -1.225000e+002  8.400000e+001
    endloop
  endfacet
  facet normal  -0.000000e+000  0.000000e+000  1.000000e+000
    outer loop
      vertex -1.150000e+001 -1.225000e+002  8.400000e+001
      vertex -1.312500e+001 -1.225000e+002  8.400000e+001
      vertex -1.153810e+001 -1.230150e+002  8.400000e+001
    endloop
  endfacet
  facet normal  0.000000e+000  0.000000e+000  1.000000e+000
    outer loop
      vertex -1.153810e+001 -1.230150e+002  8.400000e+001
      vertex -1.312500e+001 -1.225000e+002  8.400000e+001
      vertex -1.316209e+001 -1.228711e+002  8.400000e+001
    endloop
  endfacet
  facet normal  0.000000e+000  0.000000e+000  1.000000e+000
    outer loop
      vertex -1.153810e+001 -1.230150e+002  8.400000e+001
      vertex -1.316209e+001 -1.228711e+002  8.400000e+001
      vertex -1.165155e+001 -1.235188e+002  8.400000e+001
    endloop
  endfacet
  facet normal  0.000000e+000  0.000000e+000  1.000000e+000
    outer loop
      vertex -1.165155e+001 -1.235188e+002  8.400000e+001
      vertex -1.316209e+001 -1.228711e+002  8.400000e+001
      vertex -1.327189e+001 -1.232275e+002  8.400000e+001
    endloop
  endfacet
  facet normal  0.000000e+000  0.000000e+000  1.000000e+000
    outer loop
      vertex -1.165155e+001 -1.235188e+002  8.400000e+001
      vertex -1.327189e+001 -1.232275e+002  8.400000e+001
      vertex -1.345007e+001 -1.235551e+002  8.400000e+001
    endloop
  endfacet
  facet normal  -0.000000e+000  0.000000e+000  1.000000e+000
    outer loop
      vertex -1.165155e+001 -1.235188e+002  8.400000e+001
      vertex -1.345007e+001 -1.235551e+002  8.400000e+001
      vertex -1.183790e+001 -1.240004e+002  8.400000e+001
    endloop
  endfacet
  facet normal  0.000000e+000  0.000000e+000  1.000000e+000
    outer loop
      vertex -1.183790e+001 -1.240004e+002  8.400000e+001
      vertex -1.345007e+001 -1.235551e+002  8.400000e+001
      vertex -1.368956e+001 -1.238410e+002  8.400000e+001
    endloop
  endfacet
  facet normal  0.000000e+000  0.000000e+000  1.000000e+000
    outer loop
      vertex -1.183790e+001 -1.240004e+002  8.400000e+001
      vertex -1.368956e+001 -1.238410e+002  8.400000e+001
      vertex -1.398090e+001 -1.240739e+002  8.400000e+001
    endloop
  endfacet
  facet normal  -0.000000e+000  0.000000e+000  9.999999e-001
    outer loop
      vertex -1.183790e+001 -1.240004e+002  8.400000e+001
      vertex -1.398090e+001 -1.240739e+002  8.400000e+001
      vertex -1.209309e+001 -1.244493e+002  8.400000e+001
    endloop
  endfacet
  facet normal  0.000000e+000  0.000000e+000  1.000000e+000
    outer loop
      vertex -1.209309e+001 -1.244493e+002  8.400000e+001
      vertex -1.398090e+001 -1.240739e+002  8.400000e+001
      vertex -1.431255e+001 -1.242444e+002  8.400000e+001
    endloop
  endfacet
  facet normal  0.000000e+000  0.000000e+000  1.000000e+000
    outer loop
      vertex -1.209309e+001 -1.244493e+002  8.400000e+001
      vertex -1.431255e+001 -1.242444e+002  8.400000e+001
      vertex -1.467140e+001 -1.243460e+002  8.400000e+001
    endloop
  endfacet
  facet normal  9.755419e-001 -2.197027e-001  6.981182e-003
    outer loop
      vertex  1.165155e+001 -1.214812e+002  8.400000e+001
      vertex  1.158428e+001 -1.217365e+002  8.536535e+001
      vertex  1.153810e+001 -1.219850e+002  8.400000e+001
    endloop
  endfacet
  facet normal  9.624231e-001 -2.715335e-001 -3.357138e-003
    outer loop
      vertex  1.165155e+001 -1.214812e+002  8.400000e+001
      vertex  1.168815e+001 -1.213679e+002  8.532552e+001
      vertex  1.158428e+001 -1.217365e+002  8.536535e+001
    endloop
  endfacet
  facet normal  9.326069e-001 -3.608579e-001  5.102972e-003
    outer loop
      vertex  1.168815e+001 -1.213679e+002  8.532552e+001
      vertex  1.165155e+001 -1.214812e+002  8.400000e+001
      vertex  1.183790e+001 -1.209996e+002  8.400000e+001
    endloop
  endfacet
  facet normal  9.241100e-001 -3.821223e-001 -1.765010e-003
    outer loop
      vertex  1.183790e+001 -1.209996e+002  8.400000e+001
      vertex  1.185496e+001 -1.209642e+002  8.526070e+001
      vertex  1.168815e+001 -1.213679e+002  8.532552e+001
    endloop
  endfacet
  facet normal  7.871793e-001 -6.166875e-001  6.737491e-003
    outer loop
      vertex  1.241155e+001 -1.201442e+002  8.400000e+001
      vertex  1.232507e+001 -1.202428e+002  8.507229e+001
      vertex  1.209309e+001 -1.205507e+002  8.400000e+001
    endloop
  endfacet
  facet normal  7.226856e-001 -6.911564e-001 -5.317258e-003
    outer loop
      vertex  1.261802e+001 -1.199356e+002  8.495055e+001
      vertex  1.232507e+001 -1.202428e+002  8.507229e+001
      vertex  1.241155e+001 -1.201442e+002  8.400000e+001
    endloop
  endfacet
  facet normal  6.878517e-001 -7.257844e-001  9.847027e-003
    outer loop
      vertex  1.278637e+001 -1.197889e+002  8.400000e+001
      vertex  1.261802e+001 -1.199356e+002  8.495055e+001
      vertex  1.241155e+001 -1.201442e+002  8.400000e+001
    endloop
  endfacet
  facet normal  6.311607e-001 -7.756121e-001 -7.880671e-003
    outer loop
      vertex  1.278637e+001 -1.197889e+002  8.400000e+001
      vertex  1.295826e+001 -1.196572e+002  8.480492e+001
      vertex  1.261802e+001 -1.199356e+002  8.495055e+001
    endloop
  endfacet
  facet normal  5.735568e-001 -8.190846e-001  1.153336e-002
    outer loop
      vertex  1.295826e+001 -1.196572e+002  8.480492e+001
      vertex  1.278637e+001 -1.197889e+002  8.400000e+001
      vertex  1.320937e+001 -1.194927e+002  8.400000e+001
    endloop
  endfacet
  facet normal  5.292702e-001 -8.484131e-001 -8.276683e-003
    outer loop
      vertex  1.320937e+001 -1.194927e+002  8.400000e+001
      vertex  1.332554e+001 -1.194265e+002  8.464254e+001
      vertex  1.295826e+001 -1.196572e+002  8.480492e+001
    endloop
  endfacet
  facet normal  4.468004e-001 -8.945611e-001  1.138778e-002
    outer loop
      vertex  1.332554e+001 -1.194265e+002  8.464254e+001
      vertex  1.320937e+001 -1.194927e+002  8.400000e+001
      vertex  1.367135e+001 -1.192620e+002  8.400000e+001
    endloop
  endfacet
  facet normal  4.219207e-001 -9.066185e-001 -5.090263e-003
    outer loop
      vertex  1.367135e+001 -1.192620e+002  8.400000e+001
      vertex  1.371308e+001 -1.192452e+002  8.446526e+001
      vertex  1.332554e+001 -1.194265e+002  8.464254e+001
    endloop
  endfacet
  facet normal  1.666994e-001 -9.836929e-001  6.752509e-002
    outer loop
      vertex  1.439196e+001 -1.190532e+002  8.413969e+001
      vertex  1.416226e+001 -1.191017e+002  8.400000e+001
      vertex  1.467140e+001 -1.190155e+002  8.400000e+001
    endloop
  endfacet
  facet normal  9.863815e-001 -1.644379e-001 -3.442912e-003
    outer loop
      vertex  1.158428e+001 -1.217365e+002  8.536535e+001
      vertex  1.152117e+001 -1.221156e+002  8.538935e+001
      vertex  1.153810e+001 -1.219850e+002  8.400000e+001
    endloop
  endfacet
  facet normal  9.984701e-001 -5.484877e-002  7.006397e-003
    outer loop
      vertex  1.153810e+001 -1.219850e+002  8.400000e+001
      vertex  1.152117e+001 -1.221156e+002  8.538935e+001
      vertex  1.150000e+001 -1.225000e+002  8.539737e+001
    endloop
  endfacet
  facet normal  9.972752e-001 -7.377142e-002  0.000000e+000
    outer loop
      vertex  1.153810e+001 -1.219850e+002  8.400000e+001
      vertex  1.150000e+001 -1.225000e+002  8.539737e+001
      vertex  1.150000e+001 -1.225000e+002  8.400000e+001
    endloop
  endfacet
  facet normal  8.020781e-001 -5.972157e-001 -2.075670e-003
    outer loop
      vertex  1.232507e+001 -1.202428e+002  8.507229e+001
      vertex  1.206888e+001 -1.205873e+002  8.517602e+001
      vertex  1.209309e+001 -1.205507e+002  8.400000e+001
    endloop
  endfacet
  facet normal  8.699353e-001 -4.931592e-001  2.559385e-003
    outer loop
      vertex  1.209309e+001 -1.205507e+002  8.400000e+001
      vertex  1.206888e+001 -1.205873e+002  8.517602e+001
      vertex  1.185496e+001 -1.209642e+002  8.526070e+001
    endloop
  endfacet
  facet normal  8.693680e-001 -4.941608e-001  2.123654e-003
    outer loop
      vertex  1.209309e+001 -1.205507e+002  8.400000e+001
      vertex  1.185496e+001 -1.209642e+002  8.526070e+001
      vertex  1.183790e+001 -1.209996e+002  8.400000e+001
    endloop
  endfacet
  facet normal  2.104674e-001 -9.775787e-001 -6.572174e-003
    outer loop
      vertex  1.439196e+001 -1.190532e+002  8.413969e+001
      vertex  1.411447e+001 -1.191139e+002  8.427511e+001
      vertex  1.416226e+001 -1.191017e+002  8.400000e+001
    endloop
  endfacet
  facet normal  3.165126e-001 -9.484974e-001  1.313225e-002
    outer loop
      vertex  1.416226e+001 -1.191017e+002  8.400000e+001
      vertex  1.411447e+001 -1.191139e+002  8.427511e+001
      vertex  1.371308e+001 -1.192452e+002  8.446526e+001
    endloop
  endfacet
  facet normal  3.103252e-001 -9.506083e-001  6.507925e-003
    outer loop
      vertex  1.416226e+001 -1.191017e+002  8.400000e+001
      vertex  1.371308e+001 -1.192452e+002  8.446526e+001
      vertex  1.367135e+001 -1.192620e+002  8.400000e+001
    endloop
  endfacet
  facet normal  1.666994e-001  9.836929e-001  6.752507e-002
    outer loop
      vertex  1.416226e+001 -1.258983e+002  8.400000e+001
      vertex  1.439196e+001 -1.259468e+002  8.413969e+001
      vertex  1.467140e+001 -1.259845e+002  8.400000e+001
    endloop
  endfacet
  facet normal  2.104674e-001  9.775787e-001 -6.572174e-003
    outer loop
      vertex  1.416226e+001 -1.258983e+002  8.400000e+001
      vertex  1.411447e+001 -1.258861e+002  8.427511e+001
      vertex  1.439196e+001 -1.259468e+002  8.413969e+001
    endloop
  endfacet
  facet normal  4.468004e-001  8.945611e-001  1.138778e-002
    outer loop
      vertex  1.320937e+001 -1.255073e+002  8.400000e+001
      vertex  1.332554e+001 -1.255735e+002  8.464254e+001
      vertex  1.367135e+001 -1.257380e+002  8.400000e+001
    endloop
  endfacet
  facet normal  5.292702e-001  8.484131e-001 -8.276683e-003
    outer loop
      vertex  1.295826e+001 -1.253428e+002  8.480492e+001
      vertex  1.332554e+001 -1.255735e+002  8.464254e+001
      vertex  1.320937e+001 -1.255073e+002  8.400000e+001
    endloop
  endfacet
  facet normal  5.735568e-001  8.190846e-001  1.153336e-002
    outer loop
      vertex  1.278637e+001 -1.252111e+002  8.400000e+001
      vertex  1.295826e+001 -1.253428e+002  8.480492e+001
      vertex  1.320937e+001 -1.255073e+002  8.400000e+001
    endloop
  endfacet
  facet normal  6.311607e-001  7.756121e-001 -7.880671e-003
    outer loop
      vertex  1.261802e+001 -1.250644e+002  8.495055e+001
      vertex  1.295826e+001 -1.253428e+002  8.480492e+001
      vertex  1.278637e+001 -1.252111e+002  8.400000e+001
    endloop
  endfacet
  facet normal  6.878517e-001  7.257844e-001  9.847027e-003
    outer loop
      vertex  1.241155e+001 -1.248558e+002  8.400000e+001
      vertex  1.261802e+001 -1.250644e+002  8.495055e+001
      vertex  1.278637e+001 -1.252111e+002  8.400000e+001
    endloop
  endfacet
  facet normal  7.226856e-001  6.911564e-001 -5.317258e-003
    outer loop
      vertex  1.241155e+001 -1.248558e+002  8.400000e+001
      vertex  1.232507e+001 -1.247572e+002  8.507229e+001
      vertex  1.261802e+001 -1.250644e+002  8.495055e+001
    endloop
  endfacet
  facet normal  7.871793e-001  6.166874e-001  6.737491e-003
    outer loop
      vertex  1.232507e+001 -1.247572e+002  8.507229e+001
      vertex  1.241155e+001 -1.248558e+002  8.400000e+001
      vertex  1.209309e+001 -1.244493e+002  8.400000e+001
    endloop
  endfacet
  facet normal  8.020781e-001  5.972157e-001 -2.075670e-003
    outer loop
      vertex  1.209309e+001 -1.244493e+002  8.400000e+001
      vertex  1.206888e+001 -1.244127e+002  8.517602e+001
      vertex  1.232507e+001 -1.247572e+002  8.507229e+001
    endloop
  endfacet
  facet normal  9.326069e-001  3.608579e-001  5.102969e-003
    outer loop
      vertex  1.165155e+001 -1.235188e+002  8.400000e+001
      vertex  1.168815e+001 -1.236321e+002  8.532552e+001
      vertex  1.183790e+001 -1.240004e+002  8.400000e+001
    endloop
  endfacet
  facet normal  9.624231e-001  2.715335e-001 -3.357138e-003
    outer loop
      vertex  1.158428e+001 -1.232635e+002  8.536535e+001
      vertex  1.168815e+001 -1.236321e+002  8.532552e+001
      vertex  1.165155e+001 -1.235188e+002  8.400000e+001
    endloop
  endfacet
  facet normal  9.755419e-001  2.197027e-001  6.981182e-003
    outer loop
      vertex  1.153810e+001 -1.230150e+002  8.400000e+001
      vertex  1.158428e+001 -1.232635e+002  8.536535e+001
      vertex  1.165155e+001 -1.235188e+002  8.400000e+001
    endloop
  endfacet
  facet normal  4.219207e-001  9.066185e-001 -5.090263e-003
    outer loop
      vertex  1.332554e+001 -1.255735e+002  8.464254e+001
      vertex  1.371308e+001 -1.257548e+002  8.446526e+001
      vertex  1.367135e+001 -1.257380e+002  8.400000e+001
    endloop
  endfacet
  facet normal  3.135623e-001  9.495475e-001  6.179271e-003
    outer loop
      vertex  1.367135e+001 -1.257380e+002  8.400000e+001
      vertex  1.371308e+001 -1.257548e+002  8.446526e+001
      vertex  1.411447e+001 -1.258861e+002  8.427511e+001
    endloop
  endfacet
  facet normal  3.103095e-001  9.505603e-001  1.196369e-002
    outer loop
      vertex  1.367135e+001 -1.257380e+002  8.400000e+001
      vertex  1.411447e+001 -1.258861e+002  8.427511e+001
      vertex  1.416226e+001 -1.258983e+002  8.400000e+001
    endloop
  endfacet
  facet normal  9.241100e-001  3.821223e-001 -1.765010e-003
    outer loop
      vertex  1.168815e+001 -1.236321e+002  8.532552e+001
      vertex  1.185496e+001 -1.240358e+002  8.526070e+001
      vertex  1.183790e+001 -1.240004e+002  8.400000e+001
    endloop
  endfacet
  facet normal  8.698912e-001  4.932394e-001  2.090684e-003
    outer loop
      vertex  1.183790e+001 -1.240004e+002  8.400000e+001
      vertex  1.185496e+001 -1.240358e+002  8.526070e+001
      vertex  1.206888e+001 -1.244127e+002  8.517602e+001
    endloop
  endfacet
  facet normal  8.693671e-001  4.941604e-001  2.516532e-003
    outer loop
      vertex  1.183790e+001 -1.240004e+002  8.400000e+001
      vertex  1.206888e+001 -1.244127e+002  8.517602e+001
      vertex  1.209309e+001 -1.244493e+002  8.400000e+001
    endloop
  endfacet
  facet normal  9.863815e-001  1.644379e-001 -3.442912e-003
    outer loop
      vertex  1.158428e+001 -1.232635e+002  8.536535e+001
      vertex  1.153810e+001 -1.230150e+002  8.400000e+001
      vertex  1.152117e+001 -1.228844e+002  8.538935e+001
    endloop
  endfacet
  facet normal  9.972616e-001  7.377042e-002  5.212926e-003
    outer loop
      vertex  1.152117e+001 -1.228844e+002  8.538935e+001
      vertex  1.153810e+001 -1.230150e+002  8.400000e+001
      vertex  1.150000e+001 -1.225000e+002  8.400000e+001
    endloop
  endfacet
  facet normal  9.984866e-001  5.499583e-002  -0.000000e+000
    outer loop
      vertex  1.152117e+001 -1.228844e+002  8.538935e+001
      vertex  1.150000e+001 -1.225000e+002  8.400000e+001
      vertex  1.150000e+001 -1.225000e+002  8.539737e+001
    endloop
  endfacet
  facet normal  0.000000e+000  -0.000000e+000  1.000000e+000
    outer loop
      vertex  1.165155e+001 -1.214812e+002  8.400000e+001
      vertex  1.345007e+001 -1.214449e+002  8.400000e+001
      vertex  1.368956e+001 -1.211590e+002  8.400000e+001
    endloop
  endfacet
  facet normal  0.000000e+000  0.000000e+000  1.000000e+000
    outer loop
      vertex  1.467140e+001 -1.206540e+002  8.400000e+001
      vertex  1.467140e+001 -1.190155e+002  8.400000e+001
      vertex  1.416226e+001 -1.191017e+002  8.400000e+001
    endloop
  endfacet
  facet normal  0.000000e+000  0.000000e+000  1.000000e+000
    outer loop
      vertex  1.467140e+001 -1.206540e+002  8.400000e+001
      vertex  1.416226e+001 -1.191017e+002  8.400000e+001
      vertex  1.367135e+001 -1.192620e+002  8.400000e+001
    endloop
  endfacet
  facet normal  0.000000e+000  0.000000e+000  1.000000e+000
    outer loop
      vertex  1.467140e+001 -1.206540e+002  8.400000e+001
      vertex  1.367135e+001 -1.192620e+002  8.400000e+001
      vertex  1.320937e+001 -1.194927e+002  8.400000e+001
    endloop
  endfacet
  facet normal  0.000000e+000  0.000000e+000  1.000000e+000
    outer loop
      vertex  1.467140e+001 -1.206540e+002  8.400000e+001
      vertex  1.320937e+001 -1.194927e+002  8.400000e+001
      vertex  1.278637e+001 -1.197889e+002  8.400000e+001
    endloop
  endfacet
  facet normal  0.000000e+000  0.000000e+000  1.000000e+000
    outer loop
      vertex  1.467140e+001 -1.206540e+002  8.400000e+001
      vertex  1.278637e+001 -1.197889e+002  8.400000e+001
      vertex  1.241155e+001 -1.201442e+002  8.400000e+001
    endloop
  endfacet
  facet normal  0.000000e+000  0.000000e+000  1.000000e+000
    outer loop
      vertex  1.467140e+001 -1.206540e+002  8.400000e+001
      vertex  1.241155e+001 -1.201442e+002  8.400000e+001
      vertex  1.209309e+001 -1.205507e+002  8.400000e+001
    endloop
  endfacet
  facet normal  0.000000e+000  0.000000e+000  1.000000e+000
    outer loop
      vertex  1.183790e+001 -1.209996e+002  8.400000e+001
      vertex  1.165155e+001 -1.214812e+002  8.400000e+001
      vertex  1.368956e+001 -1.211590e+002  8.400000e+001
    endloop
  endfacet
  facet normal  0.000000e+000  -0.000000e+000  1.000000e+000
    outer loop
      vertex  1.183790e+001 -1.209996e+002  8.400000e+001
      vertex  1.368956e+001 -1.211590e+002  8.400000e+001
      vertex  1.398090e+001 -1.209261e+002  8.400000e+001
    endloop
  endfacet
  facet normal  0.000000e+000  -0.000000e+000  1.000000e+000
    outer loop
      vertex  1.183790e+001 -1.209996e+002  8.400000e+001
      vertex  1.398090e+001 -1.209261e+002  8.400000e+001
      vertex  1.431255e+001 -1.207556e+002  8.400000e+001
    endloop
  endfacet
  facet normal  0.000000e+000  -0.000000e+000  9.999999e-001
    outer loop
      vertex  1.183790e+001 -1.209996e+002  8.400000e+001
      vertex  1.431255e+001 -1.207556e+002  8.400000e+001
      vertex  1.467140e+001 -1.206540e+002  8.400000e+001
    endloop
  endfacet
  facet normal  0.000000e+000  0.000000e+000  1.000000e+000
    outer loop
      vertex  1.183790e+001 -1.209996e+002  8.400000e+001
      vertex  1.467140e+001 -1.206540e+002  8.400000e+001
      vertex  1.209309e+001 -1.205507e+002  8.400000e+001
    endloop
  endfacet
  facet normal  0.000000e+000  -0.000000e+000  1.000000e+000
    outer loop
      vertex  1.209309e+001 -1.244493e+002  8.400000e+001
      vertex  1.467140e+001 -1.259845e+002  8.400000e+001
      vertex  1.467140e+001 -1.243460e+002  8.400000e+001
    endloop
  endfacet
  facet normal  0.000000e+000  0.000000e+000  1.000000e+000
    outer loop
      vertex  1.209309e+001 -1.244493e+002  8.400000e+001
      vertex  1.467140e+001 -1.243460e+002  8.400000e+001
      vertex  1.431255e+001 -1.242444e+002  8.400000e+001
    endloop
  endfacet
  facet normal  0.000000e+000  0.000000e+000  9.999999e-001
    outer loop
      vertex  1.209309e+001 -1.244493e+002  8.400000e+001
      vertex  1.431255e+001 -1.242444e+002  8.400000e+001
      vertex  1.398090e+001 -1.240739e+002  8.400000e+001
    endloop
  endfacet
  facet normal  0.000000e+000  0.000000e+000  9.999999e-001
    outer loop
      vertex  1.209309e+001 -1.244493e+002  8.400000e+001
      vertex  1.398090e+001 -1.240739e+002  8.400000e+001
      vertex  1.183790e+001 -1.240004e+002  8.400000e+001
    endloop
  endfacet
  facet normal  0.000000e+000  0.000000e+000  1.000000e+000
    outer loop
      vertex  1.467140e+001 -1.259845e+002  8.400000e+001
      vertex  1.209309e+001 -1.244493e+002  8.400000e+001
      vertex  1.241155e+001 -1.248558e+002  8.400000e+001
    endloop
  endfacet
  facet normal  0.000000e+000  0.000000e+000  1.000000e+000
    outer loop
      vertex  1.467140e+001 -1.259845e+002  8.400000e+001
      vertex  1.241155e+001 -1.248558e+002  8.400000e+001
      vertex  1.278637e+001 -1.252111e+002  8.400000e+001
    endloop
  endfacet
  facet normal  0.000000e+000  0.000000e+000  9.999999e-001
    outer loop
      vertex  1.467140e+001 -1.259845e+002  8.400000e+001
      vertex  1.278637e+001 -1.252111e+002  8.400000e+001
      vertex  1.320937e+001 -1.255073e+002  8.400000e+001
    endloop
  endfacet
  facet normal  0.000000e+000  0.000000e+000  1.000000e+000
    outer loop
      vertex  1.467140e+001 -1.259845e+002  8.400000e+001
      vertex  1.320937e+001 -1.255073e+002  8.400000e+001
      vertex  1.367135e+001 -1.257380e+002  8.400000e+001
    endloop
  endfacet
  facet normal  0.000000e+000  0.000000e+000  1.000000e+000
    outer loop
      vertex  1.467140e+001 -1.259845e+002  8.400000e+001
      vertex  1.367135e+001 -1.257380e+002  8.400000e+001
      vertex  1.416226e+001 -1.258983e+002  8.400000e+001
    endloop
  endfacet
  facet normal  -0.000000e+000  0.000000e+000  1.000000e+000
    outer loop
      vertex  1.345007e+001 -1.214449e+002  8.400000e+001
      vertex  1.165155e+001 -1.214812e+002  8.400000e+001
      vertex  1.327189e+001 -1.217725e+002  8.400000e+001
    endloop
  endfacet
  facet normal  0.000000e+000  0.000000e+000  1.000000e+000
    outer loop
      vertex  1.327189e+001 -1.217725e+002  8.400000e+001
      vertex  1.165155e+001 -1.214812e+002  8.400000e+001
      vertex  1.153810e+001 -1.219850e+002  8.400000e+001
    endloop
  endfacet
  facet normal  -0.000000e+000  0.000000e+000  1.000000e+000
    outer loop
      vertex  1.327189e+001 -1.217725e+002  8.400000e+001
      vertex  1.153810e+001 -1.219850e+002  8.400000e+001
      vertex  1.316209e+001 -1.221289e+002  8.400000e+001
    endloop
  endfacet
  facet normal  0.000000e+000  0.000000e+000  1.000000e+000
    outer loop
      vertex  1.316209e+001 -1.221289e+002  8.400000e+001
      vertex  1.153810e+001 -1.219850e+002  8.400000e+001
      vertex  1.312500e+001 -1.225000e+002  8.400000e+001
    endloop
  endfacet
  facet normal  0.000000e+000  0.000000e+000  1.000000e+000
    outer loop
      vertex  1.312500e+001 -1.225000e+002  8.400000e+001
      vertex  1.153810e+001 -1.219850e+002  8.400000e+001
      vertex  1.150000e+001 -1.225000e+002  8.400000e+001
    endloop
  endfacet
  facet normal  -0.000000e+000  0.000000e+000  1.000000e+000
    outer loop
      vertex  1.312500e+001 -1.225000e+002  8.400000e+001
      vertex  1.150000e+001 -1.225000e+002  8.400000e+001
      vertex  1.316209e+001 -1.228711e+002  8.400000e+001
    endloop
  endfacet
  facet normal  0.000000e+000  0.000000e+000  9.999999e-001
    outer loop
      vertex  1.316209e+001 -1.228711e+002  8.400000e+001
      vertex  1.150000e+001 -1.225000e+002  8.400000e+001
      vertex  1.153810e+001 -1.230150e+002  8.400000e+001
    endloop
  endfacet
  facet normal  -0.000000e+000  0.000000e+000  1.000000e+000
    outer loop
      vertex  1.316209e+001 -1.228711e+002  8.400000e+001
      vertex  1.153810e+001 -1.230150e+002  8.400000e+001
      vertex  1.327189e+001 -1.232275e+002  8.400000e+001
    endloop
  endfacet
  facet normal  0.000000e+000  0.000000e+000  1.000000e+000
    outer loop
      vertex  1.327189e+001 -1.232275e+002  8.400000e+001
      vertex  1.153810e+001 -1.230150e+002  8.400000e+001
      vertex  1.165155e+001 -1.235188e+002  8.400000e+001
    endloop
  endfacet
  facet normal  -0.000000e+000  0.000000e+000  1.000000e+000
    outer loop
      vertex  1.327189e+001 -1.232275e+002  8.400000e+001
      vertex  1.165155e+001 -1.235188e+002  8.400000e+001
      vertex  1.345007e+001 -1.235551e+002  8.400000e+001
    endloop
  endfacet
  facet normal  0.000000e+000  0.000000e+000  1.000000e+000
    outer loop
      vertex  1.345007e+001 -1.235551e+002  8.400000e+001
      vertex  1.165155e+001 -1.235188e+002  8.400000e+001
      vertex  1.368956e+001 -1.238410e+002  8.400000e+001
    endloop
  endfacet
  facet normal  0.000000e+000  0.000000e+000  9.999999e-001
    outer loop
      vertex  1.368956e+001 -1.238410e+002  8.400000e+001
      vertex  1.165155e+001 -1.235188e+002  8.400000e+001
      vertex  1.183790e+001 -1.240004e+002  8.400000e+001
    endloop
  endfacet
  facet normal  -0.000000e+000  0.000000e+000  1.000000e+000
    outer loop
      vertex  1.368956e+001 -1.238410e+002  8.400000e+001
      vertex  1.183790e+001 -1.240004e+002  8.400000e+001
      vertex  1.398090e+001 -1.240739e+002  8.400000e+001
    endloop
  endfacet
  facet normal -9.755418e-001  2.197035e-001  6.981025e-003
    outer loop
      vertex -1.165155e+001  1.648122e+001  8.400000e+001
      vertex -1.158428e+001  1.673653e+001  8.536535e+001
      vertex -1.153810e+001  1.698501e+001  8.400000e+001
    endloop
  endfacet
  facet normal -9.624228e-001  2.715348e-001 -3.357404e-003
    outer loop
      vertex -1.165155e+001  1.648122e+001  8.400000e+001
      vertex -1.168815e+001  1.636790e+001  8.532552e+001
      vertex -1.158428e+001  1.673653e+001  8.536535e+001
    endloop
  endfacet
  facet normal -9.326069e-001  3.608579e-001  5.102452e-003
    outer loop
      vertex -1.168815e+001  1.636790e+001  8.532552e+001
      vertex -1.165155e+001  1.648122e+001  8.400000e+001
      vertex -1.183790e+001  1.599962e+001  8.400000e+001
    endloop
  endfacet
  facet normal -9.241120e-001  3.821176e-001 -1.764014e-003
    outer loop
      vertex -1.183790e+001  1.599962e+001  8.400000e+001
      vertex -1.185496e+001  1.596419e+001  8.526070e+001
      vertex -1.168815e+001  1.636790e+001  8.532552e+001
    endloop
  endfacet
  facet normal -7.871786e-001  6.166884e-001  6.736803e-003
    outer loop
      vertex -1.241155e+001  1.514417e+001  8.400000e+001
      vertex -1.232507e+001  1.524285e+001  8.507229e+001
      vertex -1.209309e+001  1.555068e+001  8.400000e+001
    endloop
  endfacet
  facet normal -7.226866e-001  6.911555e-001 -5.317700e-003
    outer loop
      vertex -1.261802e+001  1.493559e+001  8.495055e+001
      vertex -1.232507e+001  1.524285e+001  8.507229e+001
      vertex -1.241155e+001  1.514417e+001  8.400000e+001
    endloop
  endfacet
  facet normal -6.878517e-001  7.257844e-001  9.847027e-003
    outer loop
      vertex -1.278637e+001  1.478894e+001  8.400000e+001
      vertex -1.261802e+001  1.493559e+001  8.495055e+001
      vertex -1.241155e+001  1.514417e+001  8.400000e+001
    endloop
  endfacet
  facet normal -6.311677e-001  7.756063e-001 -7.878524e-003
    outer loop
      vertex -1.278637e+001  1.478894e+001  8.400000e+001
      vertex -1.295826e+001  1.465724e+001  8.480492e+001
      vertex -1.261802e+001  1.493559e+001  8.495055e+001
    endloop
  endfacet
  facet normal -5.735630e-001  8.190802e-001  1.153617e-002
    outer loop
      vertex -1.295826e+001  1.465724e+001  8.480492e+001
      vertex -1.278637e+001  1.478894e+001  8.400000e+001
      vertex -1.320937e+001  1.449273e+001  8.400000e+001
    endloop
  endfacet
  facet normal -5.292591e-001  8.484198e-001 -8.281531e-003
    outer loop
      vertex -1.320937e+001  1.449273e+001  8.400000e+001
      vertex -1.332554e+001  1.442654e+001  8.464254e+001
      vertex -1.295826e+001  1.465724e+001  8.480492e+001
    endloop
  endfacet
  facet normal -4.467990e-001  8.945620e-001  1.138016e-002
    outer loop
      vertex -1.332554e+001  1.442654e+001  8.464254e+001
      vertex -1.320937e+001  1.449273e+001  8.400000e+001
      vertex -1.367135e+001  1.426199e+001  8.400000e+001
    endloop
  endfacet
  facet normal -4.219319e-001  9.066133e-001 -5.089604e-003
    outer loop
      vertex -1.367135e+001  1.426199e+001  8.400000e+001
      vertex -1.371308e+001  1.424518e+001  8.446526e+001
      vertex -1.332554e+001  1.442654e+001  8.464254e+001
    endloop
  endfacet
  facet normal -1.666938e-001  9.836923e-001  6.754754e-002
    outer loop
      vertex -1.439196e+001  1.405322e+001  8.413969e+001
      vertex -1.416226e+001  1.410174e+001  8.400000e+001
      vertex -1.467140e+001  1.401546e+001  8.400000e+001
    endloop
  endfacet
  facet normal -9.863815e-001  1.644371e-001 -3.443289e-003
    outer loop
      vertex -1.158428e+001  1.673653e+001  8.536535e+001
      vertex -1.152117e+001  1.711562e+001  8.538935e+001
      vertex -1.153810e+001  1.698501e+001  8.400000e+001
    endloop
  endfacet
  facet normal -9.984700e-001  5.484905e-002  7.006221e-003
    outer loop
      vertex -1.153810e+001  1.698501e+001  8.400000e+001
      vertex -1.152117e+001  1.711562e+001  8.538935e+001
      vertex -1.150000e+001  1.750000e+001  8.539737e+001
    endloop
  endfacet
  facet normal -9.972753e-001  7.377115e-002  0.000000e+000
    outer loop
      vertex -1.153810e+001  1.698501e+001  8.400000e+001
      vertex -1.150000e+001  1.750000e+001  8.539737e+001
      vertex -1.150000e+001  1.750000e+001  8.400000e+001
    endloop
  endfacet
  facet normal -8.020750e-001  5.972197e-001 -2.074893e-003
    outer loop
      vertex -1.232507e+001  1.524285e+001  8.507229e+001
      vertex -1.206888e+001  1.558727e+001  8.517602e+001
      vertex -1.209309e+001  1.555068e+001  8.400000e+001
    endloop
  endfacet
  facet normal -8.699338e-001  4.931619e-001  2.560069e-003
    outer loop
      vertex -1.209309e+001  1.555068e+001  8.400000e+001
      vertex -1.206888e+001  1.558727e+001  8.517602e+001
      vertex -1.185496e+001  1.596419e+001  8.526070e+001
    endloop
  endfacet
  facet normal -8.693674e-001  4.941616e-001  2.125177e-003
    outer loop
      vertex -1.209309e+001  1.555068e+001  8.400000e+001
      vertex -1.185496e+001  1.596419e+001  8.526070e+001
      vertex -1.183790e+001  1.599962e+001  8.400000e+001
    endloop
  endfacet
  facet normal -2.104762e-001  9.775769e-001 -6.573954e-003
    outer loop
      vertex -1.439196e+001  1.405322e+001  8.413969e+001
      vertex -1.411447e+001  1.411388e+001  8.427511e+001
      vertex -1.416226e+001  1.410174e+001  8.400000e+001
    endloop
  endfacet
  facet normal -3.165044e-001  9.485002e-001  1.312742e-002
    outer loop
      vertex -1.416226e+001  1.410174e+001  8.400000e+001
      vertex -1.411447e+001  1.411388e+001  8.427511e+001
      vertex -1.371308e+001  1.424518e+001  8.446526e+001
    endloop
  endfacet
  facet normal -3.103235e-001  9.506088e-001  6.510044e-003
    outer loop
      vertex -1.416226e+001  1.410174e+001  8.400000e+001
      vertex -1.371308e+001  1.424518e+001  8.446526e+001
      vertex -1.367135e+001  1.426199e+001  8.400000e+001
    endloop
  endfacet
  facet normal -1.666956e-001 -9.836922e-001  6.754451e-002
    outer loop
      vertex -1.416226e+001  2.089826e+001  8.400000e+001
      vertex -1.439196e+001  2.094678e+001  8.413969e+001
      vertex -1.467140e+001  2.098454e+001  8.400000e+001
    endloop
  endfacet
  facet normal -2.104745e-001 -9.775773e-001 -6.570891e-003
    outer loop
      vertex -1.416226e+001  2.089826e+001  8.400000e+001
      vertex -1.411447e+001  2.088612e+001  8.427511e+001
      vertex -1.439196e+001  2.094678e+001  8.413969e+001
    endloop
  endfacet
  facet normal -4.468005e-001 -8.945612e-001  1.137982e-002
    outer loop
      vertex -1.320937e+001  2.050727e+001  8.400000e+001
      vertex -1.332554e+001  2.057346e+001  8.464254e+001
      vertex -1.367135e+001  2.073801e+001  8.400000e+001
    endloop
  endfacet
  facet normal -5.292591e-001 -8.484198e-001 -8.281531e-003
    outer loop
      vertex -1.295826e+001  2.034276e+001  8.480492e+001
      vertex -1.332554e+001  2.057346e+001  8.464254e+001
      vertex -1.320937e+001  2.050727e+001  8.400000e+001
    endloop
  endfacet
  facet normal -5.735617e-001 -8.190811e-001  1.153561e-002
    outer loop
      vertex -1.278637e+001  2.021106e+001  8.400000e+001
      vertex -1.295826e+001  2.034276e+001  8.480492e+001
      vertex -1.320937e+001  2.050727e+001  8.400000e+001
    endloop
  endfacet
  facet normal -6.311663e-001 -7.756075e-001 -7.878952e-003
    outer loop
      vertex -1.261802e+001  2.006441e+001  8.495055e+001
      vertex -1.295826e+001  2.034276e+001  8.480492e+001
      vertex -1.278637e+001  2.021106e+001  8.400000e+001
    endloop
  endfacet
  facet normal -6.878517e-001 -7.257844e-001  9.847027e-003
    outer loop
      vertex -1.241155e+001  1.985583e+001  8.400000e+001
      vertex -1.261802e+001  2.006441e+001  8.495055e+001
      vertex -1.278637e+001  2.021106e+001  8.400000e+001
    endloop
  endfacet
  facet normal -7.226876e-001 -6.911544e-001 -5.318137e-003
    outer loop
      vertex -1.241155e+001  1.985583e+001  8.400000e+001
      vertex -1.232507e+001  1.975715e+001  8.507229e+001
      vertex -1.261802e+001  2.006441e+001  8.495055e+001
    endloop
  endfacet
  facet normal -7.871779e-001 -6.166892e-001  6.736117e-003
    outer loop
      vertex -1.232507e+001  1.975715e+001  8.507229e+001
      vertex -1.241155e+001  1.985583e+001  8.400000e+001
      vertex -1.209309e+001  1.944933e+001  8.400000e+001
    endloop
  endfacet
  facet normal -8.020748e-001 -5.972199e-001 -2.075869e-003
    outer loop
      vertex -1.209309e+001  1.944933e+001  8.400000e+001
      vertex -1.206888e+001  1.941273e+001  8.517602e+001
      vertex -1.232507e+001  1.975715e+001  8.507229e+001
    endloop
  endfacet
  facet normal -9.326069e-001 -3.608579e-001  5.102451e-003
    outer loop
      vertex -1.165155e+001  1.851878e+001  8.400000e+001
      vertex -1.168815e+001  1.863210e+001  8.532552e+001
      vertex -1.183790e+001  1.900038e+001  8.400000e+001
    endloop
  endfacet
  facet normal -9.624228e-001 -2.715348e-001 -3.357404e-003
    outer loop
      vertex -1.158428e+001  1.826347e+001  8.536535e+001
      vertex -1.168815e+001  1.863210e+001  8.532552e+001
      vertex -1.165155e+001  1.851878e+001  8.400000e+001
    endloop
  endfacet
  facet normal -9.755418e-001 -2.197035e-001  6.981025e-003
    outer loop
      vertex -1.153810e+001  1.801499e+001  8.400000e+001
      vertex -1.158428e+001  1.826347e+001  8.536535e+001
      vertex -1.165155e+001  1.851878e+001  8.400000e+001
    endloop
  endfacet
  facet normal -4.219361e-001 -9.066113e-001 -5.088191e-003
    outer loop
      vertex -1.332554e+001  2.057346e+001  8.464254e+001
      vertex -1.371308e+001  2.075482e+001  8.446526e+001
      vertex -1.367135e+001  2.073801e+001  8.400000e+001
    endloop
  endfacet
  facet normal -3.135560e-001 -9.495496e-001  6.183795e-003
    outer loop
      vertex -1.367135e+001  2.073801e+001  8.400000e+001
      vertex -1.371308e+001  2.075482e+001  8.446526e+001
      vertex -1.411447e+001  2.088612e+001  8.427511e+001
    endloop
  endfacet
  facet normal -3.103062e-001 -9.505614e-001  1.196307e-002
    outer loop
      vertex -1.367135e+001  2.073801e+001  8.400000e+001
      vertex -1.411447e+001  2.088612e+001  8.427511e+001
      vertex -1.416226e+001  2.089826e+001  8.400000e+001
    endloop
  endfacet
  facet normal -9.241120e-001 -3.821176e-001 -1.764014e-003
    outer loop
      vertex -1.168815e+001  1.863210e+001  8.532552e+001
      vertex -1.185496e+001  1.903581e+001  8.526070e+001
      vertex -1.183790e+001  1.900038e+001  8.400000e+001
    endloop
  endfacet
  facet normal -8.698892e-001 -4.932429e-001  2.092301e-003
    outer loop
      vertex -1.183790e+001  1.900038e+001  8.400000e+001
      vertex -1.185496e+001  1.903581e+001  8.526070e+001
      vertex -1.206888e+001  1.941273e+001  8.517602e+001
    endloop
  endfacet
  facet normal -8.693671e-001 -4.941604e-001  2.516532e-003
    outer loop
      vertex -1.183790e+001  1.900038e+001  8.400000e+001
      vertex -1.206888e+001  1.941273e+001  8.517602e+001
      vertex -1.209309e+001  1.944933e+001  8.400000e+001
    endloop
  endfacet
  facet normal -9.863815e-001 -1.644371e-001 -3.443289e-003
    outer loop
      vertex -1.158428e+001  1.826347e+001  8.536535e+001
      vertex -1.153810e+001  1.801499e+001  8.400000e+001
      vertex -1.152117e+001  1.788438e+001  8.538935e+001
    endloop
  endfacet
  facet normal -9.972617e-001 -7.377014e-002  5.212750e-003
    outer loop
      vertex -1.152117e+001  1.788438e+001  8.538935e+001
      vertex -1.153810e+001  1.801499e+001  8.400000e+001
      vertex -1.150000e+001  1.750000e+001  8.400000e+001
    endloop
  endfacet
  facet normal -9.984866e-001 -5.499611e-002  0.000000e+000
    outer loop
      vertex -1.152117e+001  1.788438e+001  8.538935e+001
      vertex -1.150000e+001  1.750000e+001  8.400000e+001
      vertex -1.150000e+001  1.750000e+001  8.539737e+001
    endloop
  endfacet
  facet normal  0.000000e+000  -0.000000e+000  1.000000e+000
    outer loop
      vertex -1.327189e+001  1.822751e+001  8.400000e+001
      vertex -1.316209e+001  1.787110e+001  8.400000e+001
      vertex -1.153810e+001  1.801499e+001  8.400000e+001
    endloop
  endfacet
  facet normal  -0.000000e+000  -0.000000e+000  9.999999e-001
    outer loop
      vertex -1.467140e+001  1.934598e+001  8.400000e+001
      vertex -1.431255e+001  1.924443e+001  8.400000e+001
      vertex -1.183790e+001  1.900038e+001  8.400000e+001
    endloop
  endfacet
  facet normal  0.000000e+000  0.000000e+000  1.000000e+000
    outer loop
      vertex -1.467140e+001  1.934598e+001  8.400000e+001
      vertex -1.183790e+001  1.900038e+001  8.400000e+001
      vertex -1.209309e+001  1.944933e+001  8.400000e+001
    endloop
  endfacet
  facet normal  0.000000e+000  0.000000e+000  1.000000e+000
    outer loop
      vertex -1.467140e+001  1.934598e+001  8.400000e+001
      vertex -1.209309e+001  1.944933e+001  8.400000e+001
      vertex -1.241155e+001  1.985583e+001  8.400000e+001
    endloop
  endfacet
  facet normal  0.000000e+000  0.000000e+000  1.000000e+000
    outer loop
      vertex -1.467140e+001  1.934598e+001  8.400000e+001
      vertex -1.241155e+001  1.985583e+001  8.400000e+001
      vertex -1.278637e+001  2.021106e+001  8.400000e+001
    endloop
  endfacet
  facet normal  0.000000e+000  0.000000e+000  1.000000e+000
    outer loop
      vertex -1.467140e+001  1.934598e+001  8.400000e+001
      vertex -1.278637e+001  2.021106e+001  8.400000e+001
      vertex -1.320937e+001  2.050727e+001  8.400000e+001
    endloop
  endfacet
  facet normal  0.000000e+000  0.000000e+000  1.000000e+000
    outer loop
      vertex -1.467140e+001  1.934598e+001  8.400000e+001
      vertex -1.320937e+001  2.050727e+001  8.400000e+001
      vertex -1.367135e+001  2.073801e+001  8.400000e+001
    endloop
  endfacet
  facet normal  0.000000e+000  0.000000e+000  1.000000e+000
    outer loop
      vertex -1.467140e+001  1.934598e+001  8.400000e+001
      vertex -1.367135e+001  2.073801e+001  8.400000e+001
      vertex -1.416226e+001  2.089826e+001  8.400000e+001
    endloop
  endfacet
  facet normal  0.000000e+000  0.000000e+000  9.999999e-001
    outer loop
      vertex -1.467140e+001  1.934598e+001  8.400000e+001
      vertex -1.416226e+001  2.089826e+001  8.400000e+001
      vertex -1.467140e+001  2.098454e+001  8.400000e+001
    endloop
  endfacet
  facet normal  0.000000e+000  -0.000000e+000  1.000000e+000
    outer loop
      vertex -1.467140e+001  1.401546e+001  8.400000e+001
      vertex -1.416226e+001  1.410174e+001  8.400000e+001
      vertex -1.367135e+001  1.426199e+001  8.400000e+001
    endloop
  endfacet
  facet normal  0.000000e+000  -0.000000e+000  9.999999e-001
    outer loop
      vertex -1.467140e+001  1.401546e+001  8.400000e+001
      vertex -1.367135e+001  1.426199e+001  8.400000e+001
      vertex -1.320937e+001  1.449273e+001  8.400000e+001
    endloop
  endfacet
  facet normal  0.000000e+000  -0.000000e+000  9.999999e-001
    outer loop
      vertex -1.467140e+001  1.401546e+001  8.400000e+001
      vertex -1.320937e+001  1.449273e+001  8.400000e+001
      vertex -1.278637e+001  1.478894e+001  8.400000e+001
    endloop
  endfacet
  facet normal  0.000000e+000  -0.000000e+000  1.000000e+000
    outer loop
      vertex -1.467140e+001  1.401546e+001  8.400000e+001
      vertex -1.278637e+001  1.478894e+001  8.400000e+001
      vertex -1.241155e+001  1.514417e+001  8.400000e+001
    endloop
  endfacet
  facet normal  0.000000e+000  -0.000000e+000  1.000000e+000
    outer loop
      vertex -1.467140e+001  1.401546e+001  8.400000e+001
      vertex -1.241155e+001  1.514417e+001  8.400000e+001
      vertex -1.209309e+001  1.555068e+001  8.400000e+001
    endloop
  endfacet
  facet normal  0.000000e+000  0.000000e+000  1.000000e+000
    outer loop
      vertex -1.467140e+001  1.401546e+001  8.400000e+001
      vertex -1.209309e+001  1.555068e+001  8.400000e+001
      vertex -1.467140e+001  1.565402e+001  8.400000e+001
    endloop
  endfacet
  facet normal  0.000000e+000  0.000000e+000  9.999999e-001
    outer loop
      vertex -1.368956e+001  1.884103e+001  8.400000e+001
      vertex -1.165155e+001  1.851878e+001  8.400000e+001
      vertex -1.398090e+001  1.907386e+001  8.400000e+001
    endloop
  endfacet
  facet normal  0.000000e+000  0.000000e+000  1.000000e+000
    outer loop
      vertex -1.398090e+001  1.907386e+001  8.400000e+001
      vertex -1.165155e+001  1.851878e+001  8.400000e+001
      vertex -1.183790e+001  1.900038e+001  8.400000e+001
    endloop
  endfacet
  facet normal  0.000000e+000  0.000000e+000  9.999999e-001
    outer loop
      vertex -1.398090e+001  1.907386e+001  8.400000e+001
      vertex -1.183790e+001  1.900038e+001  8.400000e+001
      vertex -1.431255e+001  1.924443e+001  8.400000e+001
    endloop
  endfacet
  facet normal  0.000000e+000  0.000000e+000  1.000000e+000
    outer loop
      vertex -1.327189e+001  1.822751e+001  8.400000e+001
      vertex -1.153810e+001  1.801499e+001  8.400000e+001
      vertex -1.345007e+001  1.855514e+001  8.400000e+001
    endloop
  endfacet
  facet normal  0.000000e+000  0.000000e+000  9.999999e-001
    outer loop
      vertex -1.345007e+001  1.855514e+001  8.400000e+001
      vertex -1.153810e+001  1.801499e+001  8.400000e+001
      vertex -1.165155e+001  1.851878e+001  8.400000e+001
    endloop
  endfacet
  facet normal  0.000000e+000  0.000000e+000  1.000000e+000
    outer loop
      vertex -1.345007e+001  1.855514e+001  8.400000e+001
      vertex -1.165155e+001  1.851878e+001  8.400000e+001
      vertex -1.368956e+001  1.884103e+001  8.400000e+001
    endloop
  endfacet
  facet normal  -0.000000e+000  0.000000e+000  1.000000e+000
    outer loop
      vertex -1.153810e+001  1.801499e+001  8.400000e+001
      vertex -1.316209e+001  1.787110e+001  8.400000e+001
      vertex -1.150000e+001  1.750000e+001  8.400000e+001
    endloop
  endfacet
  facet normal  0.000000e+000  0.000000e+000  1.000000e+000
    outer loop
      vertex -1.150000e+001  1.750000e+001  8.400000e+001
      vertex -1.316209e+001  1.787110e+001  8.400000e+001
      vertex -1.312500e+001  1.750000e+001  8.400000e+001
    endloop
  endfacet
  facet normal  -0.000000e+000  0.000000e+000  1.000000e+000
    outer loop
      vertex -1.150000e+001  1.750000e+001  8.400000e+001
      vertex -1.312500e+001  1.750000e+001  8.400000e+001
      vertex -1.153810e+001  1.698501e+001  8.400000e+001
    endloop
  endfacet
  facet normal  0.000000e+000  0.000000e+000  1.000000e+000
    outer loop
      vertex -1.153810e+001  1.698501e+001  8.400000e+001
      vertex -1.312500e+001  1.750000e+001  8.400000e+001
      vertex -1.316209e+001  1.712890e+001  8.400000e+001
    endloop
  endfacet
  facet normal  0.000000e+000  0.000000e+000  1.000000e+000
    outer loop
      vertex -1.153810e+001  1.698501e+001  8.400000e+001
      vertex -1.316209e+001  1.712890e+001  8.400000e+001
      vertex -1.165155e+001  1.648122e+001  8.400000e+001
    endloop
  endfacet
  facet normal  0.000000e+000  0.000000e+000  1.000000e+000
    outer loop
      vertex -1.165155e+001  1.648122e+001  8.400000e+001
      vertex -1.316209e+001  1.712890e+001  8.400000e+001
      vertex -1.327189e+001  1.677249e+001  8.400000e+001
    endloop
  endfacet
  facet normal  0.000000e+000  0.000000e+000  1.000000e+000
    outer loop
      vertex -1.165155e+001  1.648122e+001  8.400000e+001
      vertex -1.327189e+001  1.677249e+001  8.400000e+001
      vertex -1.345007e+001  1.644486e+001  8.400000e+001
    endloop
  endfacet
  facet normal  -0.000000e+000  0.000000e+000  1.000000e+000
    outer loop
      vertex -1.165155e+001  1.648122e+001  8.400000e+001
      vertex -1.345007e+001  1.644486e+001  8.400000e+001
      vertex -1.183790e+001  1.599962e+001  8.400000e+001
    endloop
  endfacet
  facet normal  0.000000e+000  0.000000e+000  1.000000e+000
    outer loop
      vertex -1.183790e+001  1.599962e+001  8.400000e+001
      vertex -1.345007e+001  1.644486e+001  8.400000e+001
      vertex -1.368956e+001  1.615897e+001  8.400000e+001
    endloop
  endfacet
  facet normal  0.000000e+000  0.000000e+000  1.000000e+000
    outer loop
      vertex -1.183790e+001  1.599962e+001  8.400000e+001
      vertex -1.368956e+001  1.615897e+001  8.400000e+001
      vertex -1.398090e+001  1.592614e+001  8.400000e+001
    endloop
  endfacet
  facet normal  -0.000000e+000  0.000000e+000  1.000000e+000
    outer loop
      vertex -1.183790e+001  1.599962e+001  8.400000e+001
      vertex -1.398090e+001  1.592614e+001  8.400000e+001
      vertex -1.209309e+001  1.555068e+001  8.400000e+001
    endloop
  endfacet
  facet normal  0.000000e+000  0.000000e+000  1.000000e+000
    outer loop
      vertex -1.209309e+001  1.555068e+001  8.400000e+001
      vertex -1.398090e+001  1.592614e+001  8.400000e+001
      vertex -1.431255e+001  1.575557e+001  8.400000e+001
    endloop
  endfacet
  facet normal  0.000000e+000  0.000000e+000  1.000000e+000
    outer loop
      vertex -1.209309e+001  1.555068e+001  8.400000e+001
      vertex -1.431255e+001  1.575557e+001  8.400000e+001
      vertex -1.467140e+001  1.565402e+001  8.400000e+001
    endloop
  endfacet
  facet normal  9.755418e-001 -2.197035e-001  6.981025e-003
    outer loop
      vertex  1.165155e+001  1.851878e+001  8.400000e+001
      vertex  1.158428e+001  1.826347e+001  8.536535e+001
      vertex  1.153810e+001  1.801499e+001  8.400000e+001
    endloop
  endfacet
  facet normal  9.624228e-001 -2.715348e-001 -3.357404e-003
    outer loop
      vertex  1.165155e+001  1.851878e+001  8.400000e+001
      vertex  1.168815e+001  1.863210e+001  8.532552e+001
      vertex  1.158428e+001  1.826347e+001  8.536535e+001
    endloop
  endfacet
  facet normal  9.326069e-001 -3.608579e-001  5.102452e-003
    outer loop
      vertex  1.168815e+001  1.863210e+001  8.532552e+001
      vertex  1.165155e+001  1.851878e+001  8.400000e+001
      vertex  1.183790e+001  1.900038e+001  8.400000e+001
    endloop
  endfacet
  facet normal  9.241120e-001 -3.821176e-001 -1.764014e-003
    outer loop
      vertex  1.183790e+001  1.900038e+001  8.400000e+001
      vertex  1.185496e+001  1.903581e+001  8.526070e+001
      vertex  1.168815e+001  1.863210e+001  8.532552e+001
    endloop
  endfacet
  facet normal  7.871779e-001 -6.166893e-001  6.736114e-003
    outer loop
      vertex  1.241155e+001  1.985583e+001  8.400000e+001
      vertex  1.232507e+001  1.975715e+001  8.507229e+001
      vertex  1.209309e+001  1.944933e+001  8.400000e+001
    endloop
  endfacet
  facet normal  7.226876e-001 -6.911544e-001 -5.318137e-003
    outer loop
      vertex  1.261802e+001  2.006441e+001  8.495055e+001
      vertex  1.232507e+001  1.975715e+001  8.507229e+001
      vertex  1.241155e+001  1.985583e+001  8.400000e+001
    endloop
  endfacet
  facet normal  6.878517e-001 -7.257844e-001  9.847027e-003
    outer loop
      vertex  1.278637e+001  2.021106e+001  8.400000e+001
      vertex  1.261802e+001  2.006441e+001  8.495055e+001
      vertex  1.241155e+001  1.985583e+001  8.400000e+001
    endloop
  endfacet
  facet normal  6.311663e-001 -7.756075e-001 -7.878952e-003
    outer loop
      vertex  1.278637e+001  2.021106e+001  8.400000e+001
      vertex  1.295826e+001  2.034276e+001  8.480492e+001
      vertex  1.261802e+001  2.006441e+001  8.495055e+001
    endloop
  endfacet
  facet normal  5.735618e-001 -8.190812e-001  1.153561e-002
    outer loop
      vertex  1.295826e+001  2.034276e+001  8.480492e+001
      vertex  1.278637e+001  2.021106e+001  8.400000e+001
      vertex  1.320937e+001  2.050727e+001  8.400000e+001
    endloop
  endfacet
  facet normal  5.292591e-001 -8.484198e-001 -8.281531e-003
    outer loop
      vertex  1.320937e+001  2.050727e+001  8.400000e+001
      vertex  1.332554e+001  2.057346e+001  8.464254e+001
      vertex  1.295826e+001  2.034276e+001  8.480492e+001
    endloop
  endfacet
  facet normal  4.468005e-001 -8.945612e-001  1.137982e-002
    outer loop
      vertex  1.332554e+001  2.057346e+001  8.464254e+001
      vertex  1.320937e+001  2.050727e+001  8.400000e+001
      vertex  1.367135e+001  2.073801e+001  8.400000e+001
    endloop
  endfacet
  facet normal  4.219361e-001 -9.066113e-001 -5.088191e-003
    outer loop
      vertex  1.367135e+001  2.073801e+001  8.400000e+001
      vertex  1.371308e+001  2.075482e+001  8.446526e+001
      vertex  1.332554e+001  2.057346e+001  8.464254e+001
    endloop
  endfacet
  facet normal  1.666956e-001 -9.836922e-001  6.754451e-002
    outer loop
      vertex  1.439196e+001  2.094678e+001  8.413969e+001
      vertex  1.416226e+001  2.089826e+001  8.400000e+001
      vertex  1.467140e+001  2.098454e+001  8.400000e+001
    endloop
  endfacet
  facet normal  9.863815e-001 -1.644371e-001 -3.443289e-003
    outer loop
      vertex  1.158428e+001  1.826347e+001  8.536535e+001
      vertex  1.152117e+001  1.788438e+001  8.538935e+001
      vertex  1.153810e+001  1.801499e+001  8.400000e+001
    endloop
  endfacet
  facet normal  9.984700e-001 -5.484905e-002  7.006221e-003
    outer loop
      vertex  1.153810e+001  1.801499e+001  8.400000e+001
      vertex  1.152117e+001  1.788438e+001  8.538935e+001
      vertex  1.150000e+001  1.750000e+001  8.539737e+001
    endloop
  endfacet
  facet normal  9.972753e-001 -7.377115e-002  0.000000e+000
    outer loop
      vertex  1.153810e+001  1.801499e+001  8.400000e+001
      vertex  1.150000e+001  1.750000e+001  8.539737e+001
      vertex  1.150000e+001  1.750000e+001  8.400000e+001
    endloop
  endfacet
  facet normal  8.020748e-001 -5.972199e-001 -2.075869e-003
    outer loop
      vertex  1.232507e+001  1.975715e+001  8.507229e+001
      vertex  1.206888e+001  1.941273e+001  8.517602e+001
      vertex  1.209309e+001  1.944933e+001  8.400000e+001
    endloop
  endfacet
  facet normal  8.699332e-001 -4.931630e-001  2.559223e-003
    outer loop
      vertex  1.209309e+001  1.944933e+001  8.400000e+001
      vertex  1.206888e+001  1.941273e+001  8.517602e+001
      vertex  1.185496e+001  1.903581e+001  8.526070e+001
    endloop
  endfacet
  facet normal  8.693680e-001 -4.941608e-001  2.125149e-003
    outer loop
      vertex  1.209309e+001  1.944933e+001  8.400000e+001
      vertex  1.185496e+001  1.903581e+001  8.526070e+001
      vertex  1.183790e+001  1.900038e+001  8.400000e+001
    endloop
  endfacet
  facet normal  2.104745e-001 -9.775773e-001 -6.570891e-003
    outer loop
      vertex  1.439196e+001  2.094678e+001  8.413969e+001
      vertex  1.411447e+001  2.088612e+001  8.427511e+001
      vertex  1.416226e+001  2.089826e+001  8.400000e+001
    endloop
  endfacet
  facet normal  3.165037e-001 -9.485004e-001  1.313059e-002
    outer loop
      vertex  1.416226e+001  2.089826e+001  8.400000e+001
      vertex  1.411447e+001  2.088612e+001  8.427511e+001
      vertex  1.371308e+001  2.075482e+001  8.446526e+001
    endloop
  endfacet
  facet normal  3.103218e-001 -9.506093e-001  6.512159e-003
    outer loop
      vertex  1.416226e+001  2.089826e+001  8.400000e+001
      vertex  1.371308e+001  2.075482e+001  8.446526e+001
      vertex  1.367135e+001  2.073801e+001  8.400000e+001
    endloop
  endfacet
  facet normal  1.666938e-001  9.836923e-001  6.754754e-002
    outer loop
      vertex  1.416226e+001  1.410174e+001  8.400000e+001
      vertex  1.439196e+001  1.405322e+001  8.413969e+001
      vertex  1.467140e+001  1.401546e+001  8.400000e+001
    endloop
  endfacet
  facet normal  2.104762e-001  9.775769e-001 -6.573954e-003
    outer loop
      vertex  1.416226e+001  1.410174e+001  8.400000e+001
      vertex  1.411447e+001  1.411388e+001  8.427511e+001
      vertex  1.439196e+001  1.405322e+001  8.413969e+001
    endloop
  endfacet
  facet normal  4.467990e-001  8.945620e-001  1.138016e-002
    outer loop
      vertex  1.320937e+001  1.449273e+001  8.400000e+001
      vertex  1.332554e+001  1.442654e+001  8.464254e+001
      vertex  1.367135e+001  1.426199e+001  8.400000e+001
    endloop
  endfacet
  facet normal  5.292591e-001  8.484198e-001 -8.281531e-003
    outer loop
      vertex  1.295826e+001  1.465724e+001  8.480492e+001
      vertex  1.332554e+001  1.442654e+001  8.464254e+001
      vertex  1.320937e+001  1.449273e+001  8.400000e+001
    endloop
  endfacet
  facet normal  5.735629e-001  8.190802e-001  1.153617e-002
    outer loop
      vertex  1.278637e+001  1.478894e+001  8.400000e+001
      vertex  1.295826e+001  1.465724e+001  8.480492e+001
      vertex  1.320937e+001  1.449273e+001  8.400000e+001
    endloop
  endfacet
  facet normal  6.311677e-001  7.756063e-001 -7.878524e-003
    outer loop
      vertex  1.261802e+001  1.493559e+001  8.495055e+001
      vertex  1.295826e+001  1.465724e+001  8.480492e+001
      vertex  1.278637e+001  1.478894e+001  8.400000e+001
    endloop
  endfacet
  facet normal  6.878517e-001  7.257844e-001  9.847027e-003
    outer loop
      vertex  1.241155e+001  1.514417e+001  8.400000e+001
      vertex  1.261802e+001  1.493559e+001  8.495055e+001
      vertex  1.278637e+001  1.478894e+001  8.400000e+001
    endloop
  endfacet
  facet normal  7.226866e-001  6.911555e-001 -5.317700e-003
    outer loop
      vertex  1.241155e+001  1.514417e+001  8.400000e+001
      vertex  1.232507e+001  1.524285e+001  8.507229e+001
      vertex  1.261802e+001  1.493559e+001  8.495055e+001
    endloop
  endfacet
  facet normal  7.871787e-001  6.166884e-001  6.736801e-003
    outer loop
      vertex  1.232507e+001  1.524285e+001  8.507229e+001
      vertex  1.241155e+001  1.514417e+001  8.400000e+001
      vertex  1.209309e+001  1.555068e+001  8.400000e+001
    endloop
  endfacet
  facet normal  8.020750e-001  5.972197e-001 -2.074893e-003
    outer loop
      vertex  1.209309e+001  1.555068e+001  8.400000e+001
      vertex  1.206888e+001  1.558727e+001  8.517602e+001
      vertex  1.232507e+001  1.524285e+001  8.507229e+001
    endloop
  endfacet
  facet normal  9.326069e-001  3.608579e-001  5.102451e-003
    outer loop
      vertex  1.165155e+001  1.648122e+001  8.400000e+001
      vertex  1.168815e+001  1.636790e+001  8.532552e+001
      vertex  1.183790e+001  1.599962e+001  8.400000e+001
    endloop
  endfacet
  facet normal  9.624228e-001  2.715348e-001 -3.357404e-003
    outer loop
      vertex  1.158428e+001  1.673653e+001  8.536535e+001
      vertex  1.168815e+001  1.636790e+001  8.532552e+001
      vertex  1.165155e+001  1.648122e+001  8.400000e+001
    endloop
  endfacet
  facet normal  9.755418e-001  2.197035e-001  6.981025e-003
    outer loop
      vertex  1.153810e+001  1.698501e+001  8.400000e+001
      vertex  1.158428e+001  1.673653e+001  8.536535e+001
      vertex  1.165155e+001  1.648122e+001  8.400000e+001
    endloop
  endfacet
  facet normal  4.219319e-001  9.066133e-001 -5.089604e-003
    outer loop
      vertex  1.332554e+001  1.442654e+001  8.464254e+001
      vertex  1.371308e+001  1.424518e+001  8.446526e+001
      vertex  1.367135e+001  1.426199e+001  8.400000e+001
    endloop
  endfacet
  facet normal  3.135572e-001  9.495491e-001  6.181733e-003
    outer loop
      vertex  1.367135e+001  1.426199e+001  8.400000e+001
      vertex  1.371308e+001  1.424518e+001  8.446526e+001
      vertex  1.411447e+001  1.411388e+001  8.427511e+001
    endloop
  endfacet
  facet normal  3.103079e-001  9.505609e-001  1.196008e-002
    outer loop
      vertex  1.367135e+001  1.426199e+001  8.400000e+001
      vertex  1.411447e+001  1.411388e+001  8.427511e+001
      vertex  1.416226e+001  1.410174e+001  8.400000e+001
    endloop
  endfacet
  facet normal  9.241120e-001  3.821176e-001 -1.764014e-003
    outer loop
      vertex  1.168815e+001  1.636790e+001  8.532552e+001
      vertex  1.185496e+001  1.596419e+001  8.526070e+001
      vertex  1.183790e+001  1.599962e+001  8.400000e+001
    endloop
  endfacet
  facet normal  8.698897e-001  4.932420e-001  2.092269e-003
    outer loop
      vertex  1.183790e+001  1.599962e+001  8.400000e+001
      vertex  1.185496e+001  1.596419e+001  8.526070e+001
      vertex  1.206888e+001  1.558727e+001  8.517602e+001
    endloop
  endfacet
  facet normal  8.693667e-001  4.941612e-001  2.517299e-003
    outer loop
      vertex  1.183790e+001  1.599962e+001  8.400000e+001
      vertex  1.206888e+001  1.558727e+001  8.517602e+001
      vertex  1.209309e+001  1.555068e+001  8.400000e+001
    endloop
  endfacet
  facet normal  9.863815e-001  1.644371e-001 -3.443289e-003
    outer loop
      vertex  1.158428e+001  1.673653e+001  8.536535e+001
      vertex  1.153810e+001  1.698501e+001  8.400000e+001
      vertex  1.152117e+001  1.711562e+001  8.538935e+001
    endloop
  endfacet
  facet normal  9.972617e-001  7.377014e-002  5.212750e-003
    outer loop
      vertex  1.152117e+001  1.711562e+001  8.538935e+001
      vertex  1.153810e+001  1.698501e+001  8.400000e+001
      vertex  1.150000e+001  1.750000e+001  8.400000e+001
    endloop
  endfacet
  facet normal  9.984866e-001  5.499611e-002  -0.000000e+000
    outer loop
      vertex  1.152117e+001  1.711562e+001  8.538935e+001
      vertex  1.150000e+001  1.750000e+001  8.400000e+001
      vertex  1.150000e+001  1.750000e+001  8.539737e+001
    endloop
  endfacet
  facet normal  0.000000e+000  -0.000000e+000  1.000000e+000
    outer loop
      vertex  1.165155e+001  1.851878e+001  8.400000e+001
      vertex  1.345007e+001  1.855514e+001  8.400000e+001
      vertex  1.368956e+001  1.884103e+001  8.400000e+001
    endloop
  endfacet
  facet normal  0.000000e+000  0.000000e+000  9.999999e-001
    outer loop
      vertex  1.467140e+001  1.934598e+001  8.400000e+001
      vertex  1.467140e+001  2.098454e+001  8.400000e+001
      vertex  1.416226e+001  2.089826e+001  8.400000e+001
    endloop
  endfacet
  facet normal  0.000000e+000  0.000000e+000  1.000000e+000
    outer loop
      vertex  1.467140e+001  1.934598e+001  8.400000e+001
      vertex  1.416226e+001  2.089826e+001  8.400000e+001
      vertex  1.367135e+001  2.073801e+001  8.400000e+001
    endloop
  endfacet
  facet normal  0.000000e+000  0.000000e+000  1.000000e+000
    outer loop
      vertex  1.467140e+001  1.934598e+001  8.400000e+001
      vertex  1.367135e+001  2.073801e+001  8.400000e+001
      vertex  1.320937e+001  2.050727e+001  8.400000e+001
    endloop
  endfacet
  facet normal  0.000000e+000  0.000000e+000  1.000000e+000
    outer loop
      vertex  1.467140e+001  1.934598e+001  8.400000e+001
      vertex  1.320937e+001  2.050727e+001  8.400000e+001
      vertex  1.278637e+001  2.021106e+001  8.400000e+001
    endloop
  endfacet
  facet normal  0.000000e+000  0.000000e+000  1.000000e+000
    outer loop
      vertex  1.467140e+001  1.934598e+001  8.400000e+001
      vertex  1.278637e+001  2.021106e+001  8.400000e+001
      vertex  1.241155e+001  1.985583e+001  8.400000e+001
    endloop
  endfacet
  facet normal  0.000000e+000  0.000000e+000  1.000000e+000
    outer loop
      vertex  1.467140e+001  1.934598e+001  8.400000e+001
      vertex  1.241155e+001  1.985583e+001  8.400000e+001
      vertex  1.209309e+001  1.944933e+001  8.400000e+001
    endloop
  endfacet
  facet normal  0.000000e+000  0.000000e+000  9.999999e-001
    outer loop
      vertex  1.183790e+001  1.900038e+001  8.400000e+001
      vertex  1.165155e+001  1.851878e+001  8.400000e+001
      vertex  1.368956e+001  1.884103e+001  8.400000e+001
    endloop
  endfacet
  facet normal  0.000000e+000  -0.000000e+000  9.999999e-001
    outer loop
      vertex  1.183790e+001  1.900038e+001  8.400000e+001
      vertex  1.368956e+001  1.884103e+001  8.400000e+001
      vertex  1.398090e+001  1.907386e+001  8.400000e+001
    endloop
  endfacet
  facet normal  0.000000e+000  -0.000000e+000  9.999999e-001
    outer loop
      vertex  1.183790e+001  1.900038e+001  8.400000e+001
      vertex  1.398090e+001  1.907386e+001  8.400000e+001
      vertex  1.431255e+001  1.924443e+001  8.400000e+001
    endloop
  endfacet
  facet normal  0.000000e+000  -0.000000e+000  9.999999e-001
    outer loop
      vertex  1.183790e+001  1.900038e+001  8.400000e+001
      vertex  1.431255e+001  1.924443e+001  8.400000e+001
      vertex  1.467140e+001  1.934598e+001  8.400000e+001
    endloop
  endfacet
  facet normal  0.000000e+000  0.000000e+000  1.000000e+000
    outer loop
      vertex  1.183790e+001  1.900038e+001  8.400000e+001
      vertex  1.467140e+001  1.934598e+001  8.400000e+001
      vertex  1.209309e+001  1.944933e+001  8.400000e+001
    endloop
  endfacet
  facet normal  0.000000e+000  -0.000000e+000  1.000000e+000
    outer loop
      vertex  1.209309e+001  1.555068e+001  8.400000e+001
      vertex  1.467140e+001  1.401546e+001  8.400000e+001
      vertex  1.467140e+001  1.565402e+001  8.400000e+001
    endloop
  endfacet
  facet normal  0.000000e+000  0.000000e+000  1.000000e+000
    outer loop
      vertex  1.209309e+001  1.555068e+001  8.400000e+001
      vertex  1.467140e+001  1.565402e+001  8.400000e+001
      vertex  1.431255e+001  1.575557e+001  8.400000e+001
    endloop
  endfacet
  facet normal  0.000000e+000  0.000000e+000  1.000000e+000
    outer loop
      vertex  1.209309e+001  1.555068e+001  8.400000e+001
      vertex  1.431255e+001  1.575557e+001  8.400000e+001
      vertex  1.398090e+001  1.592614e+001  8.400000e+001
    endloop
  endfacet
  facet normal  0.000000e+000  0.000000e+000  1.000000e+000
    outer loop
      vertex  1.209309e+001  1.555068e+001  8.400000e+001
      vertex  1.398090e+001  1.592614e+001  8.400000e+001
      vertex  1.183790e+001  1.599962e+001  8.400000e+001
    endloop
  endfacet
  facet normal  0.000000e+000  0.000000e+000  1.000000e+000
    outer loop
      vertex  1.467140e+001  1.401546e+001  8.400000e+001
      vertex  1.209309e+001  1.555068e+001  8.400000e+001
      vertex  1.241155e+001  1.514417e+001  8.400000e+001
    endloop
  endfacet
  facet normal  0.000000e+000  0.000000e+000  1.000000e+000
    outer loop
      vertex  1.467140e+001  1.401546e+001  8.400000e+001
      vertex  1.241155e+001  1.514417e+001  8.400000e+001
      vertex  1.278637e+001  1.478894e+001  8.400000e+001
    endloop
  endfacet
  facet normal  0.000000e+000  0.000000e+000  1.000000e+000
    outer loop
      vertex  1.467140e+001  1.401546e+001  8.400000e+001
      vertex  1.278637e+001  1.478894e+001  8.400000e+001
      vertex  1.320937e+001  1.449273e+001  8.400000e+001
    endloop
  endfacet
  facet normal  0.000000e+000  0.000000e+000  9.999999e-001
    outer loop
      vertex  1.467140e+001  1.401546e+001  8.400000e+001
      vertex  1.320937e+001  1.449273e+001  8.400000e+001
      vertex  1.367135e+001  1.426199e+001  8.400000e+001
    endloop
  endfacet
  facet normal  0.000000e+000  0.000000e+000  1.000000e+000
    outer loop
      vertex  1.467140e+001  1.401546e+001  8.400000e+001
      vertex  1.367135e+001  1.426199e+001  8.400000e+001
      vertex  1.416226e+001  1.410174e+001  8.400000e+001
    endloop
  endfacet
  facet normal  -0.000000e+000  0.000000e+000  1.000000e+000
    outer loop
      vertex  1.345007e+001  1.855514e+001  8.400000e+001
      vertex  1.165155e+001  1.851878e+001  8.400000e+001
      vertex  1.327189e+001  1.822751e+001  8.400000e+001
    endloop
  endfacet
  facet normal  0.000000e+000  0.000000e+000  1.000000e+000
    outer loop
      vertex  1.327189e+001  1.822751e+001  8.400000e+001
      vertex  1.165155e+001  1.851878e+001  8.400000e+001
      vertex  1.153810e+001  1.801499e+001  8.400000e+001
    endloop
  endfacet
  facet normal  -0.000000e+000  0.000000e+000  1.000000e+000
    outer loop
      vertex  1.327189e+001  1.822751e+001  8.400000e+001
      vertex  1.153810e+001  1.801499e+001  8.400000e+001
      vertex  1.316209e+001  1.787110e+001  8.400000e+001
    endloop
  endfacet
  facet normal  0.000000e+000  0.000000e+000  1.000000e+000
    outer loop
      vertex  1.316209e+001  1.787110e+001  8.400000e+001
      vertex  1.153810e+001  1.801499e+001  8.400000e+001
      vertex  1.312500e+001  1.750000e+001  8.400000e+001
    endloop
  endfacet
  facet normal  0.000000e+000  0.000000e+000  1.000000e+000
    outer loop
      vertex  1.312500e+001  1.750000e+001  8.400000e+001
      vertex  1.153810e+001  1.801499e+001  8.400000e+001
      vertex  1.150000e+001  1.750000e+001  8.400000e+001
    endloop
  endfacet
  facet normal  -0.000000e+000  0.000000e+000  1.000000e+000
    outer loop
      vertex  1.312500e+001  1.750000e+001  8.400000e+001
      vertex  1.150000e+001  1.750000e+001  8.400000e+001
      vertex  1.316209e+001  1.712890e+001  8.400000e+001
    endloop
  endfacet
  facet normal  0.000000e+000  0.000000e+000  1.000000e+000
    outer loop
      vertex  1.316209e+001  1.712890e+001  8.400000e+001
      vertex  1.150000e+001  1.750000e+001  8.400000e+001
      vertex  1.153810e+001  1.698501e+001  8.400000e+001
    endloop
  endfacet
  facet normal  -0.000000e+000  0.000000e+000  1.000000e+000
    outer loop
      vertex  1.316209e+001  1.712890e+001  8.400000e+001
      vertex  1.153810e+001  1.698501e+001  8.400000e+001
      vertex  1.327189e+001  1.677249e+001  8.400000e+001
    endloop
  endfacet
  facet normal  0.000000e+000  0.000000e+000  1.000000e+000
    outer loop
      vertex  1.327189e+001  1.677249e+001  8.400000e+001
      vertex  1.153810e+001  1.698501e+001  8.400000e+001
      vertex  1.165155e+001  1.648122e+001  8.400000e+001
    endloop
  endfacet
  facet normal  -0.000000e+000  0.000000e+000  1.000000e+000
    outer loop
      vertex  1.327189e+001  1.677249e+001  8.400000e+001
      vertex  1.165155e+001  1.648122e+001  8.400000e+001
      vertex  1.345007e+001  1.644486e+001  8.400000e+001
    endloop
  endfacet
  facet normal  0.000000e+000  0.000000e+000  1.000000e+000
    outer loop
      vertex  1.345007e+001  1.644486e+001  8.400000e+001
      vertex  1.165155e+001  1.648122e+001  8.400000e+001
      vertex  1.368956e+001  1.615897e+001  8.400000e+001
    endloop
  endfacet
  facet normal  0.000000e+000  0.000000e+000  1.000000e+000
    outer loop
      vertex  1.368956e+001  1.615897e+001  8.400000e+001
      vertex  1.165155e+001  1.648122e+001  8.400000e+001
      vertex  1.183790e+001  1.599962e+001  8.400000e+001
    endloop
  endfacet
  facet normal  -0.000000e+000  0.000000e+000  1.000000e+000
    outer loop
      vertex  1.368956e+001  1.615897e+001  8.400000e+001
      vertex  1.183790e+001  1.599962e+001  8.400000e+001
      vertex  1.398090e+001  1.592614e+001  8.400000e+001
    endloop
  endfacet
  facet normal -6.804562e-001 -1.388386e-003 -7.327876e-001
    outer loop
      vertex  1.972983e+001 -1.269314e+002  7.693135e+001
      vertex  1.950897e+001 -1.225000e+002  7.712804e+001
      vertex  2.062458e+001 -1.225000e+002  7.609210e+001
    endloop
  endfacet
  facet normal -5.762748e-001  3.307388e-004 -8.172559e-001
    outer loop
      vertex  1.712500e+001 -1.225000e+002  7.902050e+001
      vertex  1.686529e+001 -1.226905e+002  7.920355e+001
      vertex  1.687500e+001 -1.225000e+002  7.919678e+001
    endloop
  endfacet
  facet normal -3.865341e-001  3.322622e-004 -9.222751e-001
    outer loop
      vertex  1.183744e+001 -1.225000e+002  8.202083e+001
      vertex  1.198985e+001 -1.319535e+002  8.195354e+001
      vertex  1.080338e+001 -1.324506e+002  8.245063e+001
    endloop
  endfacet
  facet normal -3.774990e-001 -7.679705e-004 -9.260097e-001
    outer loop
      vertex  1.080338e+001 -1.324506e+002  8.245063e+001
      vertex  1.042768e+001 -1.225000e+002  8.259554e+001
      vertex  1.183744e+001 -1.225000e+002  8.202083e+001
    endloop
  endfacet
  facet normal -3.475291e-001  5.333672e-004 -9.376691e-001
    outer loop
      vertex  1.042768e+001 -1.225000e+002  8.259554e+001
      vertex  1.080338e+001 -1.324506e+002  8.245063e+001
      vertex  9.686339e+000 -1.328644e+002  8.286440e+001
    endloop
  endfacet
  facet normal -3.292240e-001 -9.467017e-004 -9.442514e-001
    outer loop
      vertex  9.686339e+000 -1.328644e+002  8.286440e+001
      vertex  8.990143e+000 -1.225000e+002  8.309675e+001
      vertex  1.042768e+001 -1.225000e+002  8.259554e+001
    endloop
  endfacet
  facet normal -3.091528e-001  5.530786e-004 -9.510122e-001
    outer loop
      vertex  8.540482e+000 -1.332367e+002  8.323668e+001
      vertex  8.990143e+000 -1.225000e+002  8.309675e+001
      vertex  9.686339e+000 -1.328644e+002  8.286440e+001
    endloop
  endfacet
  facet normal -2.800723e-001 -7.817004e-004 -9.599786e-001
    outer loop
      vertex  7.528665e+000 -1.225000e+002  8.352313e+001
      vertex  8.990143e+000 -1.225000e+002  8.309675e+001
      vertex  8.540482e+000 -1.332367e+002  8.323668e+001
    endloop
  endfacet
  facet normal -1.886726e-001  2.113656e-004 -9.820400e-001
    outer loop
      vertex  6.047135e+000 -1.225000e+002  8.387356e+001
      vertex  6.171863e+000 -1.338472e+002  8.384715e+001
      vertex  4.954976e+000 -1.340809e+002  8.408089e+001
    endloop
  endfacet
  facet normal -1.796637e-001 -6.684486e-004 -9.837278e-001
    outer loop
      vertex  4.954976e+000 -1.340809e+002  8.408089e+001
      vertex  4.549500e+000 -1.225000e+002  8.414708e+001
      vertex  6.047135e+000 -1.225000e+002  8.387356e+001
    endloop
  endfacet
  facet normal -1.493423e-001  4.220833e-004 -9.887854e-001
    outer loop
      vertex  4.549500e+000 -1.225000e+002  8.414708e+001
      vertex  4.954976e+000 -1.340809e+002  8.408089e+001
      vertex  3.851083e+000 -1.342475e+002  8.424755e+001
    endloop
  endfacet
  facet normal -1.286727e-001 -8.315824e-004 -9.916868e-001
    outer loop
      vertex  3.851083e+000 -1.342475e+002  8.424755e+001
      vertex  3.039748e+000 -1.225000e+002  8.434297e+001
      vertex  4.549500e+000 -1.225000e+002  8.414708e+001
    endloop
  endfacet
  facet normal -3.561070e-002  1.349667e-004 -9.993657e-001
    outer loop
      vertex  1.521901e+000 -1.225000e+002  8.446072e+001
      vertex  1.613832e+000 -1.344558e+002  8.445583e+001
      vertex  4.866118e-001 -1.344960e+002  8.449599e+001
    endloop
  endfacet
  facet normal -2.580370e-002 -7.122917e-004 -9.996668e-001
    outer loop
      vertex  4.866118e-001 -1.344960e+002  8.449599e+001
      vertex  8.213739e-007 -1.225000e+002  8.450000e+001
      vertex  1.521901e+000 -1.225000e+002  8.446072e+001
    endloop
  endfacet
  facet normal  2.637359e-003  4.415155e-004 -9.999964e-001
    outer loop
      vertex  8.213739e-007 -1.225000e+002  8.450000e+001
      vertex  4.866118e-001 -1.344960e+002  8.449599e+001
      vertex -6.420805e-001 -1.344930e+002  8.449301e+001
    endloop
  endfacet
  facet normal  2.580370e-002 -7.989553e-004 -9.996668e-001
    outer loop
      vertex -6.420805e-001 -1.344930e+002  8.449301e+001
      vertex -1.521900e+000 -1.225000e+002  8.446072e+001
      vertex  8.213739e-007 -1.225000e+002  8.450000e+001
    endloop
  endfacet
  facet normal  1.192042e-001  1.583934e-004 -9.928697e-001
    outer loop
      vertex -3.039747e+000 -1.225000e+002  8.434297e+001
      vertex -2.936239e+000 -1.343535e+002  8.435351e+001
      vertex -4.094366e+000 -1.342145e+002  8.421449e+001
    endloop
  endfacet
  facet normal  1.286727e-001 -7.070049e-004 -9.916869e-001
    outer loop
      vertex -4.094366e+000 -1.342145e+002  8.421449e+001
      vertex -4.549498e+000 -1.225000e+002  8.414708e+001
      vertex -3.039747e+000 -1.225000e+002  8.434297e+001
    endloop
  endfacet
  facet normal  1.583110e-001  4.692310e-004 -9.873892e-001
    outer loop
      vertex -4.549498e+000 -1.225000e+002  8.414708e+001
      vertex -4.094366e+000 -1.342145e+002  8.421449e+001
      vertex -5.239988e+000 -1.340309e+002  8.403089e+001
    endloop
  endfacet
  facet normal  1.796637e-001 -8.463024e-004 -9.837278e-001
    outer loop
      vertex -5.239988e+000 -1.340309e+002  8.403089e+001
      vertex -6.047133e+000 -1.225000e+002  8.387356e+001
      vertex -4.549498e+000 -1.225000e+002  8.414708e+001
    endloop
  endfacet
  facet normal  2.721750e-001  8.085171e-005 -9.622478e-001
    outer loop
      vertex -7.528663e+000 -1.225000e+002  8.352313e+001
      vertex -7.481661e+000 -1.335355e+002  8.353550e+001
      vertex -8.572405e+000 -1.332270e+002  8.322701e+001
    endloop
  endfacet
  facet normal  2.800721e-001 -7.501752e-004 -9.599787e-001
    outer loop
      vertex -8.572405e+000 -1.332270e+002  8.322701e+001
      vertex -8.990142e+000 -1.225000e+002  8.309675e+001
      vertex -7.528663e+000 -1.225000e+002  8.352313e+001
    endloop
  endfacet
  facet normal  3.110895e-001  5.742730e-004 -9.503804e-001
    outer loop
      vertex -8.990142e+000 -1.225000e+002  8.309675e+001
      vertex -8.572405e+000 -1.332270e+002  8.322701e+001
      vertex -9.767887e+000 -1.328359e+002  8.283592e+001
    endloop
  endfacet
  facet normal  3.292241e-001 -9.449574e-004 -9.442514e-001
    outer loop
      vertex -9.767887e+000 -1.328359e+002  8.283592e+001
      vertex -1.042768e+001 -1.225000e+002  8.259554e+001
      vertex -8.990142e+000 -1.225000e+002  8.309675e+001
    endloop
  endfacet
  facet normal  3.511336e-001  6.379809e-004 -9.363251e-001
    outer loop
      vertex -1.093183e+001 -1.323997e+002  8.239973e+001
      vertex -1.042768e+001 -1.225000e+002  8.259554e+001
      vertex -9.767887e+000 -1.328359e+002  8.283592e+001
    endloop
  endfacet
  facet normal  3.774990e-001 -9.087267e-004 -9.260095e-001
    outer loop
      vertex -1.183744e+001 -1.225000e+002  8.202083e+001
      vertex -1.042768e+001 -1.225000e+002  8.259554e+001
      vertex -1.093183e+001 -1.323997e+002  8.239973e+001
    endloop
  endfacet
  facet normal  4.453391e-001  7.919402e-007 -8.953620e-001
    outer loop
      vertex -1.315718e+001 -1.314034e+002  8.140338e+001
      vertex -1.315227e+001 -1.228186e+002  8.140583e+001
      vertex -1.312500e+001 -1.225000e+002  8.141940e+001
    endloop
  endfacet
  facet normal  5.309518e-001  5.982170e-004 -8.474019e-001
    outer loop
      vertex -1.579538e+001 -1.241979e+002  7.991498e+001
      vertex -1.552130e+001 -1.243011e+002  8.008663e+001
      vertex -1.605860e+001 -1.297461e+002  7.974614e+001
    endloop
  endfacet
  facet normal  5.398205e-001  6.398255e-006 -8.417801e-001
    outer loop
      vertex -1.605308e+001 -1.240513e+002  7.974972e+001
      vertex -1.579538e+001 -1.241979e+002  7.991498e+001
      vertex -1.605860e+001 -1.297461e+002  7.974614e+001
    endloop
  endfacet
  facet normal  6.257675e-001  3.026752e-004 -7.800097e-001
    outer loop
      vertex -1.834141e+001 -1.225000e+002  7.810503e+001
      vertex -1.818227e+001 -1.282305e+002  7.823048e+001
      vertex -1.872676e+001 -1.277938e+002  7.779383e+001
    endloop
  endfacet
  facet normal  6.417439e-001 -1.629937e-003 -7.669172e-001
    outer loop
      vertex -1.872676e+001 -1.277938e+002  7.779383e+001
      vertex -1.950897e+001 -1.225000e+002  7.712804e+001
      vertex -1.834141e+001 -1.225000e+002  7.810503e+001
    endloop
  endfacet
  facet normal  6.533422e-001  1.323354e-003 -7.570615e-001
    outer loop
      vertex -1.977137e+001 -1.268939e+002  7.689391e+001
      vertex -1.950897e+001 -1.225000e+002  7.712804e+001
      vertex -1.872676e+001 -1.277938e+002  7.779383e+001
    endloop
  endfacet
  facet normal  6.804565e-001 -1.589383e-003 -7.327867e-001
    outer loop
      vertex -2.062457e+001 -1.225000e+002  7.609210e+001
      vertex -1.950897e+001 -1.225000e+002  7.712804e+001
      vertex -1.977137e+001 -1.268939e+002  7.689391e+001
    endloop
  endfacet
  facet normal -6.876228e-001 -1.028605e-003 -7.260674e-001
    outer loop
      vertex  1.977137e+001  2.189390e+001  7.689391e+001
      vertex  2.075728e+001  2.096152e+001  7.596152e+001
      vertex  2.062458e+001  1.750000e+001  7.609210e+001
    endloop
  endfacet
  facet normal -6.804559e-001  1.589314e-003 -7.327873e-001
    outer loop
      vertex  1.950897e+001  1.750000e+001  7.712804e+001
      vertex  1.977137e+001  2.189390e+001  7.689391e+001
      vertex  2.062458e+001  1.750000e+001  7.609210e+001
    endloop
  endfacet
  facet normal -6.533422e-001 -1.323353e-003 -7.570615e-001
    outer loop
      vertex  1.872676e+001  2.279383e+001  7.779383e+001
      vertex  1.977137e+001  2.189390e+001  7.689391e+001
      vertex  1.950897e+001  1.750000e+001  7.712804e+001
    endloop
  endfacet
  facet normal -6.417445e-001  1.629782e-003 -7.669167e-001
    outer loop
      vertex  1.834141e+001  1.750000e+001  7.810503e+001
      vertex  1.872676e+001  2.279383e+001  7.779383e+001
      vertex  1.950897e+001  1.750000e+001  7.712804e+001
    endloop
  endfacet
  facet normal -4.232160e-001  5.198955e-004 -9.060286e-001
    outer loop
      vertex  1.183744e+001  1.750000e+001  8.202083e+001
      vertex  1.206215e+001  2.692127e+001  8.192127e+001
      vertex  1.312500e+001  1.750000e+001  8.141940e+001
    endloop
  endfacet
  facet normal -3.899623e-001 -4.296477e-004 -9.208307e-001
    outer loop
      vertex  1.093183e+001  2.739973e+001  8.239973e+001
      vertex  1.206215e+001  2.692127e+001  8.192127e+001
      vertex  1.183744e+001  1.750000e+001  8.202083e+001
    endloop
  endfacet
  facet normal -3.774990e-001  9.086907e-004 -9.260096e-001
    outer loop
      vertex  1.042768e+001  1.750000e+001  8.259554e+001
      vertex  1.093183e+001  2.739973e+001  8.239973e+001
      vertex  1.183744e+001  1.750000e+001  8.202083e+001
    endloop
  endfacet
  facet normal -3.511336e-001 -6.380134e-004 -9.363251e-001
    outer loop
      vertex  9.767887e+000  2.783592e+001  8.283592e+001
      vertex  1.093183e+001  2.739973e+001  8.239973e+001
      vertex  1.042768e+001  1.750000e+001  8.259554e+001
    endloop
  endfacet
  facet normal -3.292240e-001  9.449264e-004 -9.442513e-001
    outer loop
      vertex  8.990143e+000  1.750000e+001  8.309675e+001
      vertex  9.767887e+000  2.783592e+001  8.283592e+001
      vertex  1.042768e+001  1.750000e+001  8.259554e+001
    endloop
  endfacet
  facet normal -3.110895e-001 -5.743009e-004 -9.503804e-001
    outer loop
      vertex  8.990143e+000  1.750000e+001  8.309675e+001
      vertex  8.572405e+000  2.822701e+001  8.322701e+001
      vertex  9.767887e+000  2.783592e+001  8.283592e+001
    endloop
  endfacet
  facet normal -2.800722e-001  7.501435e-004 -9.599786e-001
    outer loop
      vertex  8.572405e+000  2.822701e+001  8.322701e+001
      vertex  8.990143e+000  1.750000e+001  8.309675e+001
      vertex  7.528665e+000  1.750000e+001  8.352313e+001
    endloop
  endfacet
  facet normal -2.721750e-001 -8.089880e-005 -9.622477e-001
    outer loop
      vertex  7.528665e+000  1.750000e+001  8.352313e+001
      vertex  7.481661e+000  2.853550e+001  8.353550e+001
      vertex  8.572405e+000  2.822701e+001  8.322701e+001
    endloop
  endfacet
  facet normal -1.796637e-001  8.462727e-004 -9.837278e-001
    outer loop
      vertex  4.549500e+000  1.750000e+001  8.414708e+001
      vertex  5.239988e+000  2.903089e+001  8.403089e+001
      vertex  6.047135e+000  1.750000e+001  8.387356e+001
    endloop
  endfacet
  facet normal -1.583110e-001 -4.692565e-004 -9.873892e-001
    outer loop
      vertex  4.549500e+000  1.750000e+001  8.414708e+001
      vertex  4.094366e+000  2.921449e+001  8.421449e+001
      vertex  5.239988e+000  2.903089e+001  8.403089e+001
    endloop
  endfacet
  facet normal -1.286727e-001  7.069851e-004 -9.916868e-001
    outer loop
      vertex  4.094366e+000  2.921449e+001  8.421449e+001
      vertex  4.549500e+000  1.750000e+001  8.414708e+001
      vertex  3.039748e+000  1.750000e+001  8.434297e+001
    endloop
  endfacet
  facet normal -1.192042e-001 -1.584103e-004 -9.928697e-001
    outer loop
      vertex  3.039748e+000  1.750000e+001  8.434297e+001
      vertex  2.936239e+000  2.935351e+001  8.435351e+001
      vertex  4.094366e+000  2.921449e+001  8.421449e+001
    endloop
  endfacet
  facet normal -2.580370e-002  7.989515e-004 -9.996668e-001
    outer loop
      vertex  8.213739e-007  1.750000e+001  8.450000e+001
      vertex  6.420805e-001  2.949301e+001  8.449301e+001
      vertex  1.521901e+000  1.750000e+001  8.446072e+001
    endloop
  endfacet
  facet normal -2.637359e-003 -4.415159e-004 -9.999964e-001
    outer loop
      vertex  8.213739e-007  1.750000e+001  8.450000e+001
      vertex -4.866118e-001  2.949599e+001  8.449599e+001
      vertex  6.420805e-001  2.949301e+001  8.449301e+001
    endloop
  endfacet
  facet normal  2.580370e-002  7.122952e-004 -9.996668e-001
    outer loop
      vertex -4.866118e-001  2.949599e+001  8.449599e+001
      vertex  8.213739e-007  1.750000e+001  8.450000e+001
      vertex -1.521900e+000  1.750000e+001  8.446072e+001
    endloop
  endfacet
  facet normal  3.561070e-002 -1.349618e-004 -9.993658e-001
    outer loop
      vertex -1.521900e+000  1.750000e+001  8.446072e+001
      vertex -1.613832e+000  2.945582e+001  8.445583e+001
      vertex -4.866118e-001  2.949599e+001  8.449599e+001
    endloop
  endfacet
  facet normal  1.286727e-001  8.316013e-004 -9.916868e-001
    outer loop
      vertex -4.549498e+000  1.750000e+001  8.414708e+001
      vertex -3.851083e+000  2.924755e+001  8.424755e+001
      vertex -3.039747e+000  1.750000e+001  8.434297e+001
    endloop
  endfacet
  facet normal  1.493423e-001 -4.220585e-004 -9.887854e-001
    outer loop
      vertex -4.549498e+000  1.750000e+001  8.414708e+001
      vertex -4.954976e+000  2.908089e+001  8.408089e+001
      vertex -3.851083e+000  2.924755e+001  8.424755e+001
    endloop
  endfacet
  facet normal  1.796637e-001  6.684780e-004 -9.837278e-001
    outer loop
      vertex -4.954976e+000  2.908089e+001  8.408089e+001
      vertex -4.549498e+000  1.750000e+001  8.414708e+001
      vertex -6.047133e+000  1.750000e+001  8.387356e+001
    endloop
  endfacet
  facet normal  1.886726e-001 -2.113340e-004 -9.820400e-001
    outer loop
      vertex -6.047133e+000  1.750000e+001  8.387356e+001
      vertex -6.171863e+000  2.884715e+001  8.384715e+001
      vertex -4.954976e+000  2.908089e+001  8.408089e+001
    endloop
  endfacet
  facet normal  2.800721e-001  7.817326e-004 -9.599787e-001
    outer loop
      vertex -8.990142e+000  1.750000e+001  8.309675e+001
      vertex -8.540482e+000  2.823668e+001  8.323668e+001
      vertex -7.528663e+000  1.750000e+001  8.352313e+001
    endloop
  endfacet
  facet normal  3.091528e-001 -5.530510e-004 -9.510122e-001
    outer loop
      vertex -9.686339e+000  2.786440e+001  8.286440e+001
      vertex -8.540482e+000  2.823668e+001  8.323668e+001
      vertex -8.990142e+000  1.750000e+001  8.309675e+001
    endloop
  endfacet
  facet normal  3.292240e-001  9.467315e-004 -9.442514e-001
    outer loop
      vertex -1.042768e+001  1.750000e+001  8.259554e+001
      vertex -9.686339e+000  2.786440e+001  8.286440e+001
      vertex -8.990142e+000  1.750000e+001  8.309675e+001
    endloop
  endfacet
  facet normal  3.475291e-001 -5.333346e-004 -9.376690e-001
    outer loop
      vertex -1.042768e+001  1.750000e+001  8.259554e+001
      vertex -1.080338e+001  2.745063e+001  8.245063e+001
      vertex -9.686339e+000  2.786440e+001  8.286440e+001
    endloop
  endfacet
  facet normal  3.774990e-001  7.680063e-004 -9.260097e-001
    outer loop
      vertex -1.080338e+001  2.745063e+001  8.245063e+001
      vertex -1.042768e+001  1.750000e+001  8.259554e+001
      vertex -1.183744e+001  1.750000e+001  8.202083e+001
    endloop
  endfacet
  facet normal  3.865341e-001 -3.322237e-004 -9.222752e-001
    outer loop
      vertex -1.183744e+001  1.750000e+001  8.202083e+001
      vertex -1.198985e+001  2.695354e+001  8.195354e+001
      vertex -1.080338e+001  2.745063e+001  8.245063e+001
    endloop
  endfacet
  facet normal  6.601387e-001 -4.389425e-004 -7.511435e-001
    outer loop
      vertex -1.950897e+001  1.750000e+001  7.712804e+001
      vertex -1.972983e+001  2.193135e+001  7.693135e+001
      vertex -1.920308e+001  2.239401e+001  7.739401e+001
    endloop
  endfacet
  facet normal  6.804567e-001  1.388444e-003 -7.327870e-001
    outer loop
      vertex -1.972983e+001  2.193135e+001  7.693135e+001
      vertex -1.950897e+001  1.750000e+001  7.712804e+001
      vertex -2.062457e+001  1.750000e+001  7.609210e+001
    endloop
  endfacet
  facet normal  6.865385e-001 -9.179331e-004 -7.270929e-001
    outer loop
      vertex -2.062457e+001  1.750000e+001  7.609210e+001
      vertex -2.073766e+001  2.098093e+001  7.598093e+001
      vertex -1.972983e+001  2.193135e+001  7.693135e+001
    endloop
  endfacet
  facet normal -5.366666e-001  2.040223e-004 -8.437943e-001
    outer loop
      vertex  1.633838e+001 -1.295623e+002  7.956232e+001
      vertex  1.531288e+001 -1.302144e+002  8.021439e+001
      vertex  1.628856e+001 -1.238621e+002  7.959538e+001
    endloop
  endfacet
  facet normal -5.553579e-001 -3.001083e-005 -8.316115e-001
    outer loop
      vertex  1.633838e+001 -1.295623e+002  7.956232e+001
      vertex  1.628856e+001 -1.238621e+002  7.959538e+001
      vertex  1.647889e+001 -1.236526e+002  7.946827e+001
    endloop
  endfacet
  facet normal -5.615110e-001  1.822071e-004 -8.274692e-001
    outer loop
      vertex  1.633838e+001 -1.295623e+002  7.956232e+001
      vertex  1.647889e+001 -1.236526e+002  7.946827e+001
      vertex  1.663920e+001 -1.234103e+002  7.935954e+001
    endloop
  endfacet
  facet normal -5.669041e-001  5.673859e-004 -8.237836e-001
    outer loop
      vertex  1.633838e+001 -1.295623e+002  7.956232e+001
      vertex  1.663920e+001 -1.234103e+002  7.935954e+001
      vertex  1.675701e+001 -1.231546e+002  7.927864e+001
    endloop
  endfacet
  facet normal -5.718178e-001  1.039084e-003 -8.203801e-001
    outer loop
      vertex  1.633838e+001 -1.295623e+002  7.956232e+001
      vertex  1.675701e+001 -1.231546e+002  7.927864e+001
      vertex  1.683647e+001 -1.228782e+002  7.922361e+001
    endloop
  endfacet
  facet normal -5.793084e-001  1.864519e-003 -8.151063e-001
    outer loop
      vertex  1.633838e+001 -1.295623e+002  7.956232e+001
      vertex  1.683647e+001 -1.228782e+002  7.922361e+001
      vertex  1.686529e+001 -1.226905e+002  7.920355e+001
    endloop
  endfacet
  facet normal -5.768908e-001  1.589685e-003 -8.168197e-001
    outer loop
      vertex  1.633838e+001 -1.295623e+002  7.956232e+001
      vertex  1.686529e+001 -1.226905e+002  7.920355e+001
      vertex  1.712500e+001 -1.225000e+002  7.902050e+001
    endloop
  endfacet
  facet normal -5.675360e-001  4.682618e-005 -8.233485e-001
    outer loop
      vertex  1.633838e+001 -1.295623e+002  7.956232e+001
      vertex  1.712500e+001 -1.225000e+002  7.902050e+001
      vertex  1.714010e+001 -1.290097e+002  7.900972e+001
    endloop
  endfacet
  facet normal -5.012304e-001  2.944329e-004 -8.653139e-001
    outer loop
      vertex  1.531288e+001 -1.302144e+002  8.021439e+001
      vertex  1.424582e+001 -1.308323e+002  8.083228e+001
      vertex  1.523616e+001 -1.243601e+002  8.026083e+001
    endloop
  endfacet
  facet normal -5.213117e-001 -6.349622e-005 -8.533663e-001
    outer loop
      vertex  1.531288e+001 -1.302144e+002  8.021439e+001
      vertex  1.523616e+001 -1.243601e+002  8.026083e+001
      vertex  1.552130e+001 -1.243011e+002  8.008663e+001
    endloop
  endfacet
  facet normal -5.308990e-001  4.025660e-004 -8.474349e-001
    outer loop
      vertex  1.531288e+001 -1.302144e+002  8.021439e+001
      vertex  1.552130e+001 -1.243011e+002  8.008663e+001
      vertex  1.579538e+001 -1.241979e+002  7.991498e+001
    endloop
  endfacet
  facet normal -5.404080e-001  1.465399e-003 -8.414018e-001
    outer loop
      vertex  1.531288e+001 -1.302144e+002  8.021439e+001
      vertex  1.579538e+001 -1.241979e+002  7.991498e+001
      vertex  1.605308e+001 -1.240513e+002  7.974972e+001
    endloop
  endfacet
  facet normal -5.498890e-001  3.069288e-003 -8.352321e-001
    outer loop
      vertex  1.531288e+001 -1.302144e+002  8.021439e+001
      vertex  1.605308e+001 -1.240513e+002  7.974972e+001
      vertex  1.628856e+001 -1.238621e+002  7.959538e+001
    endloop
  endfacet
  facet normal -4.644519e-001  5.290185e-004 -8.855982e-001
    outer loop
      vertex  1.424582e+001 -1.308323e+002  8.083228e+001
      vertex  1.313781e+001 -1.314130e+002  8.141302e+001
      vertex  1.406857e+001 -1.241273e+002  8.092924e+001
    endloop
  endfacet
  facet normal -4.816918e-001 -6.059148e-005 -8.763407e-001
    outer loop
      vertex  1.424582e+001 -1.308323e+002  8.083228e+001
      vertex  1.406857e+001 -1.241273e+002  8.092924e+001
      vertex  1.434890e+001 -1.242583e+002  8.077516e+001
    endloop
  endfacet
  facet normal -4.913328e-001  1.372243e-004 -8.709719e-001
    outer loop
      vertex  1.424582e+001 -1.308323e+002  8.083228e+001
      vertex  1.434890e+001 -1.242583e+002  8.077516e+001
      vertex  1.464148e+001 -1.243404e+002  8.061010e+001
    endloop
  endfacet
  facet normal -5.012957e-001  9.393790e-004 -8.652755e-001
    outer loop
      vertex  1.424582e+001 -1.308323e+002  8.083228e+001
      vertex  1.464148e+001 -1.243404e+002  8.061010e+001
      vertex  1.493930e+001 -1.243740e+002  8.043752e+001
    endloop
  endfacet
  facet normal -5.115482e-001  2.408497e-003 -8.592512e-001
    outer loop
      vertex  1.424582e+001 -1.308323e+002  8.083228e+001
      vertex  1.493930e+001 -1.243740e+002  8.043752e+001
      vertex  1.523616e+001 -1.243601e+002  8.026083e+001
    endloop
  endfacet
  facet normal -4.258301e-001 -4.256371e-004 -9.048030e-001
    outer loop
      vertex  1.313781e+001 -1.314130e+002  8.141302e+001
      vertex  1.198985e+001 -1.319535e+002  8.195354e+001
      vertex  1.183744e+001 -1.225000e+002  8.202083e+001
    endloop
  endfacet
  facet normal -4.232160e-001  3.933547e-005 -9.060288e-001
    outer loop
      vertex  1.313781e+001 -1.314130e+002  8.141302e+001
      vertex  1.183744e+001 -1.225000e+002  8.202083e+001
      vertex  1.312500e+001 -1.225000e+002  8.141940e+001
    endloop
  endfacet
  facet normal -4.453475e-001 -9.812909e-008 -8.953578e-001
    outer loop
      vertex  1.313781e+001 -1.314130e+002  8.141302e+001
      vertex  1.312500e+001 -1.225000e+002  8.141940e+001
      vertex  1.315227e+001 -1.228186e+002  8.140583e+001
    endloop
  endfacet
  facet normal -4.471893e-001  3.770069e-006 -8.944393e-001
    outer loop
      vertex  1.313781e+001 -1.314130e+002  8.141302e+001
      vertex  1.315227e+001 -1.228186e+002  8.140583e+001
      vertex  1.323254e+001 -1.231259e+002  8.136570e+001
    endloop
  endfacet
  facet normal -4.506647e-001  5.346712e-005 -8.926933e-001
    outer loop
      vertex  1.313781e+001 -1.314130e+002  8.141302e+001
      vertex  1.323254e+001 -1.231259e+002  8.136570e+001
      vertex  1.336149e+001 -1.234115e+002  8.130058e+001
    endloop
  endfacet
  facet normal -4.559827e-001  2.401361e-004 -8.899886e-001
    outer loop
      vertex  1.313781e+001 -1.314130e+002  8.141302e+001
      vertex  1.336149e+001 -1.234115e+002  8.130058e+001
      vertex  1.355760e+001 -1.236980e+002  8.120003e+001
    endloop
  endfacet
  facet normal -4.630679e-001  7.268751e-004 -8.863225e-001
    outer loop
      vertex  1.313781e+001 -1.314130e+002  8.141302e+001
      vertex  1.355760e+001 -1.236980e+002  8.120003e+001
      vertex  1.379697e+001 -1.239382e+002  8.107477e+001
    endloop
  endfacet
  facet normal -4.713984e-001  1.660779e-003 -8.819188e-001
    outer loop
      vertex  1.313781e+001 -1.314130e+002  8.141302e+001
      vertex  1.379697e+001 -1.239382e+002  8.107477e+001
      vertex  1.406857e+001 -1.241273e+002  8.092924e+001
    endloop
  endfacet
  facet normal  4.994701e-001  4.060400e-004 -8.663311e-001
    outer loop
      vertex -1.421568e+001 -1.308489e+002  8.084888e+001
      vertex -1.523681e+001 -1.302604e+002  8.026044e+001
      vertex -1.434890e+001 -1.242583e+002  8.077516e+001
    endloop
  endfacet
  facet normal  4.816934e-001 -6.522733e-005 -8.763398e-001
    outer loop
      vertex -1.421568e+001 -1.308489e+002  8.084888e+001
      vertex -1.434890e+001 -1.242583e+002  8.077516e+001
      vertex -1.406857e+001 -1.241273e+002  8.092924e+001
    endloop
  endfacet
  facet normal  4.721872e-001  2.045001e-004 -8.814983e-001
    outer loop
      vertex -1.421568e+001 -1.308489e+002  8.084888e+001
      vertex -1.406857e+001 -1.241273e+002  8.092924e+001
      vertex -1.379697e+001 -1.239382e+002  8.107477e+001
    endloop
  endfacet
  facet normal  4.629102e-001  9.269563e-004 -8.864047e-001
    outer loop
      vertex -1.421568e+001 -1.308489e+002  8.084888e+001
      vertex -1.379697e+001 -1.239382e+002  8.107477e+001
      vertex -1.355760e+001 -1.236980e+002  8.120003e+001
    endloop
  endfacet
  facet normal  4.539732e-001  1.975712e-003 -8.910132e-001
    outer loop
      vertex -1.421568e+001 -1.308489e+002  8.084888e+001
      vertex -1.355760e+001 -1.236980e+002  8.120003e+001
      vertex -1.336149e+001 -1.234115e+002  8.130058e+001
    endloop
  endfacet
  facet normal  4.449415e-001  3.288782e-003 -8.955535e-001
    outer loop
      vertex -1.421568e+001 -1.308489e+002  8.084888e+001
      vertex -1.336149e+001 -1.234115e+002  8.130058e+001
      vertex -1.323254e+001 -1.231259e+002  8.136570e+001
    endloop
  endfacet
  facet normal  4.294612e-001  5.762236e-003 -9.030670e-001
    outer loop
      vertex -1.421568e+001 -1.308489e+002  8.084888e+001
      vertex -1.323254e+001 -1.231259e+002  8.136570e+001
      vertex -1.315227e+001 -1.228186e+002  8.140583e+001
    endloop
  endfacet
  facet normal  4.640349e-001 -1.262082e-005 -8.858169e-001
    outer loop
      vertex -1.421568e+001 -1.308489e+002  8.084888e+001
      vertex -1.315227e+001 -1.228186e+002  8.140583e+001
      vertex -1.315718e+001 -1.314034e+002  8.140338e+001
    endloop
  endfacet
  facet normal  5.307844e-001  6.212984e-004 -8.475066e-001
    outer loop
      vertex -1.523681e+001 -1.302604e+002  8.026044e+001
      vertex -1.605860e+001 -1.297461e+002  7.974614e+001
      vertex -1.552130e+001 -1.243011e+002  8.008663e+001
    endloop
  endfacet
  facet normal  5.213211e-001 -1.192263e-006 -8.533607e-001
    outer loop
      vertex -1.523681e+001 -1.302604e+002  8.026044e+001
      vertex -1.552130e+001 -1.243011e+002  8.008663e+001
      vertex -1.523616e+001 -1.243601e+002  8.026083e+001
    endloop
  endfacet
  facet normal  5.114662e-001  2.870346e-007 -8.593035e-001
    outer loop
      vertex -1.523681e+001 -1.302604e+002  8.026044e+001
      vertex -1.523616e+001 -1.243601e+002  8.026083e+001
      vertex -1.493930e+001 -1.243740e+002  8.043752e+001
    endloop
  endfacet
  facet normal  5.013167e-001  6.925695e-004 -8.652636e-001
    outer loop
      vertex -1.523681e+001 -1.302604e+002  8.026044e+001
      vertex -1.493930e+001 -1.243740e+002  8.043752e+001
      vertex -1.464148e+001 -1.243404e+002  8.061010e+001
    endloop
  endfacet
  facet normal  4.909163e-001  2.089343e-003 -8.712043e-001
    outer loop
      vertex -1.523681e+001 -1.302604e+002  8.026044e+001
      vertex -1.464148e+001 -1.243404e+002  8.061010e+001
      vertex -1.434890e+001 -1.242583e+002  8.077516e+001
    endloop
  endfacet
  facet normal  5.844555e-001  5.997431e-005 -8.114257e-001
    outer loop
      vertex -1.685398e+001 -1.292114e+002  7.921143e+001
      vertex -1.762292e+001 -1.286576e+002  7.865762e+001
      vertex -1.687500e+001 -1.225000e+002  7.919678e+001
    endloop
  endfacet
  facet normal  5.719328e-001  1.400833e-006 -8.203005e-001
    outer loop
      vertex -1.685398e+001 -1.292114e+002  7.921143e+001
      vertex -1.687500e+001 -1.225000e+002  7.919678e+001
      vertex -1.686529e+001 -1.226905e+002  7.920355e+001
    endloop
  endfacet
  facet normal  5.711573e-001 -5.961224e-007 -8.208405e-001
    outer loop
      vertex -1.685398e+001 -1.292114e+002  7.921143e+001
      vertex -1.686529e+001 -1.226905e+002  7.920355e+001
      vertex -1.683647e+001 -1.228782e+002  7.922361e+001
    endloop
  endfacet
  facet normal  5.693928e-001  6.640898e-006 -8.220655e-001
    outer loop
      vertex -1.685398e+001 -1.292114e+002  7.921143e+001
      vertex -1.683647e+001 -1.228782e+002  7.922361e+001
      vertex -1.675701e+001 -1.231546e+002  7.927864e+001
    endloop
  endfacet
  facet normal  5.661893e-001  8.245376e-005 -8.242753e-001
    outer loop
      vertex -1.685398e+001 -1.292114e+002  7.921143e+001
      vertex -1.675701e+001 -1.231546e+002  7.927864e+001
      vertex -1.663920e+001 -1.234103e+002  7.935954e+001
    endloop
  endfacet
  facet normal  5.616630e-001  3.289590e-004 -8.273661e-001
    outer loop
      vertex -1.685398e+001 -1.292114e+002  7.921143e+001
      vertex -1.663920e+001 -1.234103e+002  7.935954e+001
      vertex -1.647889e+001 -1.236526e+002  7.946827e+001
    endloop
  endfacet
  facet normal  5.560519e-001  8.822775e-004 -8.311471e-001
    outer loop
      vertex -1.685398e+001 -1.292114e+002  7.921143e+001
      vertex -1.647889e+001 -1.236526e+002  7.946827e+001
      vertex -1.628856e+001 -1.238621e+002  7.959538e+001
    endloop
  endfacet
  facet normal  5.492480e-001  1.925155e-003 -8.356572e-001
    outer loop
      vertex -1.685398e+001 -1.292114e+002  7.921143e+001
      vertex -1.628856e+001 -1.238621e+002  7.959538e+001
      vertex -1.605308e+001 -1.240513e+002  7.974972e+001
    endloop
  endfacet
  facet normal  5.579050e-001 -1.856970e-005 -8.299048e-001
    outer loop
      vertex -1.685398e+001 -1.292114e+002  7.921143e+001
      vertex -1.605308e+001 -1.240513e+002  7.974972e+001
      vertex -1.605860e+001 -1.297461e+002  7.974614e+001
    endloop
  endfacet
  facet normal -5.846791e-001 -5.314556e-004 -8.112646e-001
    outer loop
      vertex  1.685398e+001  2.421143e+001  7.921143e+001
      vertex  1.762292e+001  2.365761e+001  7.865762e+001
      vertex  1.712500e+001  1.750000e+001  7.902050e+001
    endloop
  endfacet
  facet normal -5.762748e-001 -2.163806e-005 -8.172559e-001
    outer loop
      vertex  1.685398e+001  2.421143e+001  7.921143e+001
      vertex  1.712500e+001  1.750000e+001  7.902050e+001
      vertex  1.687500e+001  1.750000e+001  7.919678e+001
    endloop
  endfacet
  facet normal -5.719327e-001 -1.400833e-006 -8.203005e-001
    outer loop
      vertex  1.685398e+001  2.421143e+001  7.921143e+001
      vertex  1.687500e+001  1.750000e+001  7.919678e+001
      vertex  1.686529e+001  1.769053e+001  7.920355e+001
    endloop
  endfacet
  facet normal -5.711574e-001  5.961223e-007 -8.208406e-001
    outer loop
      vertex  1.685398e+001  2.421143e+001  7.921143e+001
      vertex  1.686529e+001  1.769053e+001  7.920355e+001
      vertex  1.683647e+001  1.787817e+001  7.922361e+001
    endloop
  endfacet
  facet normal -5.579383e-001 -5.336128e-005 -8.298824e-001
    outer loop
      vertex  1.685398e+001  2.421143e+001  7.921143e+001
      vertex  1.683647e+001  1.787817e+001  7.922361e+001
      vertex  1.605860e+001  2.474614e+001  7.974614e+001
    endloop
  endfacet
  facet normal -5.768423e-001 -3.186037e-003 -8.168493e-001
    outer loop
      vertex  1.605860e+001  2.474614e+001  7.974614e+001
      vertex  1.683647e+001  1.787817e+001  7.922361e+001
      vertex  1.675701e+001  1.815462e+001  7.927864e+001
    endloop
  endfacet
  facet normal -5.689514e-001 -1.958483e-003 -8.223687e-001
    outer loop
      vertex  1.605860e+001  2.474614e+001  7.974614e+001
      vertex  1.675701e+001  1.815462e+001  7.927864e+001
      vertex  1.663920e+001  1.841031e+001  7.935954e+001
    endloop
  endfacet
  facet normal -5.624506e-001 -1.090537e-003 -8.268301e-001
    outer loop
      vertex  1.605860e+001  2.474614e+001  7.974614e+001
      vertex  1.663920e+001  1.841031e+001  7.935954e+001
      vertex  1.647889e+001  1.865261e+001  7.946827e+001
    endloop
  endfacet
  facet normal -5.556982e-001 -4.171306e-004 -8.313840e-001
    outer loop
      vertex  1.605860e+001  2.474614e+001  7.974614e+001
      vertex  1.647889e+001  1.865261e+001  7.946827e+001
      vertex  1.628856e+001  1.886207e+001  7.959538e+001
    endloop
  endfacet
  facet normal -5.481643e-001  5.077403e-006 -8.363707e-001
    outer loop
      vertex  1.605860e+001  2.474614e+001  7.974614e+001
      vertex  1.628856e+001  1.886207e+001  7.959538e+001
      vertex  1.605308e+001  1.905133e+001  7.974972e+001
    endloop
  endfacet
  facet normal -5.305137e-001 -1.910979e-005 -8.476765e-001
    outer loop
      vertex  1.523681e+001  2.526044e+001  8.026044e+001
      vertex  1.605860e+001  2.474614e+001  7.974614e+001
      vertex  1.605308e+001  1.905133e+001  7.974972e+001
    endloop
  endfacet
  facet normal -5.405688e-001 -1.865667e-003 -8.412978e-001
    outer loop
      vertex  1.523681e+001  2.526044e+001  8.026044e+001
      vertex  1.605308e+001  1.905133e+001  7.974972e+001
      vertex  1.579538e+001  1.919794e+001  7.991498e+001
    endloop
  endfacet
  facet normal -5.309612e-001 -6.329733e-004 -8.473958e-001
    outer loop
      vertex  1.523681e+001  2.526044e+001  8.026044e+001
      vertex  1.579538e+001  1.919794e+001  7.991498e+001
      vertex  1.552130e+001  1.930107e+001  8.008663e+001
    endloop
  endfacet
  facet normal -5.213211e-001  1.192263e-006 -8.533607e-001
    outer loop
      vertex  1.523681e+001  2.526044e+001  8.026044e+001
      vertex  1.552130e+001  1.930107e+001  8.008663e+001
      vertex  1.523616e+001  1.936007e+001  8.026083e+001
    endloop
  endfacet
  facet normal -4.992954e-001 -2.098722e-006 -8.664319e-001
    outer loop
      vertex  1.421568e+001  2.584888e+001  8.084888e+001
      vertex  1.523681e+001  2.526044e+001  8.026044e+001
      vertex  1.523616e+001  1.936007e+001  8.026083e+001
    endloop
  endfacet
  facet normal -5.115540e-001 -2.581083e-003 -8.592473e-001
    outer loop
      vertex  1.421568e+001  2.584888e+001  8.084888e+001
      vertex  1.523616e+001  1.936007e+001  8.026083e+001
      vertex  1.493930e+001  1.937402e+001  8.043752e+001
    endloop
  endfacet
  facet normal -5.012863e-001 -1.050278e-003 -8.652807e-001
    outer loop
      vertex  1.421568e+001  2.584888e+001  8.084888e+001
      vertex  1.493930e+001  1.937402e+001  8.043752e+001
      vertex  1.464148e+001  1.934040e+001  8.061010e+001
    endloop
  endfacet
  facet normal -4.913218e-001 -1.893629e-004 -8.709782e-001
    outer loop
      vertex  1.421568e+001  2.584888e+001  8.084888e+001
      vertex  1.464148e+001  1.934040e+001  8.061010e+001
      vertex  1.434890e+001  1.925832e+001  8.077516e+001
    endloop
  endfacet
  facet normal -4.816934e-001  6.522733e-005 -8.763397e-001
    outer loop
      vertex  1.421568e+001  2.584888e+001  8.084888e+001
      vertex  1.434890e+001  1.925832e+001  8.077516e+001
      vertex  1.406857e+001  1.912729e+001  8.092924e+001
    endloop
  endfacet
  facet normal -4.642166e-001 -4.294389e-004 -8.857216e-001
    outer loop
      vertex  1.421568e+001  2.584888e+001  8.084888e+001
      vertex  1.406857e+001  1.912729e+001  8.092924e+001
      vertex  1.315718e+001  2.640338e+001  8.140338e+001
    endloop
  endfacet
  facet normal -4.714403e-001 -1.583552e-003 -8.818965e-001
    outer loop
      vertex  1.315718e+001  2.640338e+001  8.140338e+001
      vertex  1.406857e+001  1.912729e+001  8.092924e+001
      vertex  1.379697e+001  1.893817e+001  8.107477e+001
    endloop
  endfacet
  facet normal -4.631084e-001 -6.755692e-004 -8.863013e-001
    outer loop
      vertex  1.315718e+001  2.640338e+001  8.140338e+001
      vertex  1.379697e+001  1.893817e+001  8.107477e+001
      vertex  1.355760e+001  1.869796e+001  8.120003e+001
    endloop
  endfacet
  facet normal -4.560173e-001 -2.102322e-004 -8.899709e-001
    outer loop
      vertex  1.315718e+001  2.640338e+001  8.140338e+001
      vertex  1.355760e+001  1.869796e+001  8.120003e+001
      vertex  1.336149e+001  1.841154e+001  8.130058e+001
    endloop
  endfacet
  facet normal -4.506899e-001 -3.918615e-005 -8.926805e-001
    outer loop
      vertex  1.315718e+001  2.640338e+001  8.140338e+001
      vertex  1.336149e+001  1.841154e+001  8.130058e+001
      vertex  1.323254e+001  1.812585e+001  8.136570e+001
    endloop
  endfacet
  facet normal -4.472025e-001  5.385447e-007 -8.944327e-001
    outer loop
      vertex  1.315718e+001  2.640338e+001  8.140338e+001
      vertex  1.323254e+001  1.812585e+001  8.136570e+001
      vertex  1.315227e+001  1.781862e+001  8.140583e+001
    endloop
  endfacet
  facet normal -4.453392e-001 -7.919399e-007 -8.953620e-001
    outer loop
      vertex  1.315718e+001  2.640338e+001  8.140338e+001
      vertex  1.315227e+001  1.781862e+001  8.140583e+001
      vertex  1.312500e+001  1.750000e+001  8.141940e+001
    endloop
  endfacet
  facet normal -4.275715e-001 -8.051596e-005 -9.039816e-001
    outer loop
      vertex  1.315718e+001  2.640338e+001  8.140338e+001
      vertex  1.312500e+001  1.750000e+001  8.141940e+001
      vertex  1.206215e+001  2.692127e+001  8.192127e+001
    endloop
  endfacet
  facet normal  4.642508e-001 -3.979352e-005 -8.857037e-001
    outer loop
      vertex -1.424582e+001  2.583228e+001  8.083228e+001
      vertex -1.313781e+001  2.641303e+001  8.141302e+001
      vertex -1.315227e+001  1.781862e+001  8.140583e+001
    endloop
  endfacet
  facet normal  4.277077e-001 -6.328468e-003 -9.038948e-001
    outer loop
      vertex -1.424582e+001  2.583228e+001  8.083228e+001
      vertex -1.315227e+001  1.781862e+001  8.140583e+001
      vertex -1.323254e+001  1.812585e+001  8.136570e+001
    endloop
  endfacet
  facet normal  4.444486e-001 -3.566785e-003 -8.957973e-001
    outer loop
      vertex -1.424582e+001  2.583228e+001  8.083228e+001
      vertex -1.323254e+001  1.812585e+001  8.136570e+001
      vertex -1.336149e+001  1.841154e+001  8.130058e+001
    endloop
  endfacet
  facet normal  4.537567e-001 -2.162548e-003 -8.911230e-001
    outer loop
      vertex -1.424582e+001  2.583228e+001  8.083228e+001
      vertex -1.336149e+001  1.841154e+001  8.130058e+001
      vertex -1.355760e+001  1.869796e+001  8.120003e+001
    endloop
  endfacet
  facet normal  4.628147e-001 -1.048120e-003 -8.864545e-001
    outer loop
      vertex -1.424582e+001  2.583228e+001  8.083228e+001
      vertex -1.355760e+001  1.869796e+001  8.120003e+001
      vertex -1.379697e+001  1.893817e+001  8.107477e+001
    endloop
  endfacet
  facet normal  4.721537e-001 -2.663925e-004 -8.815162e-001
    outer loop
      vertex -1.424582e+001  2.583228e+001  8.083228e+001
      vertex -1.379697e+001  1.893817e+001  8.107477e+001
      vertex -1.406857e+001  1.912729e+001  8.092924e+001
    endloop
  endfacet
  facet normal  4.816917e-001  6.059143e-005 -8.763406e-001
    outer loop
      vertex -1.424582e+001  2.583228e+001  8.083228e+001
      vertex -1.406857e+001  1.912729e+001  8.092924e+001
      vertex -1.434890e+001  1.925832e+001  8.077516e+001
    endloop
  endfacet
  facet normal  5.012509e-001 -3.420007e-004 -8.653018e-001
    outer loop
      vertex -1.531288e+001  2.521439e+001  8.021439e+001
      vertex -1.424582e+001  2.583228e+001  8.083228e+001
      vertex -1.434890e+001  1.925832e+001  8.077516e+001
    endloop
  endfacet
  facet normal  4.908084e-001 -2.593423e-003 -8.712637e-001
    outer loop
      vertex -1.531288e+001  2.521439e+001  8.021439e+001
      vertex -1.434890e+001  1.925832e+001  8.077516e+001
      vertex -1.464148e+001  1.934040e+001  8.061010e+001
    endloop
  endfacet
  facet normal  5.012913e-001 -9.919889e-004 -8.652780e-001
    outer loop
      vertex -1.531288e+001  2.521439e+001  8.021439e+001
      vertex -1.464148e+001  1.934040e+001  8.061010e+001
      vertex -1.493930e+001  1.937402e+001  8.043752e+001
    endloop
  endfacet
  facet normal  5.114700e-001 -1.125492e-004 -8.593011e-001
    outer loop
      vertex -1.531288e+001  2.521439e+001  8.021439e+001
      vertex -1.493930e+001  1.937402e+001  8.043752e+001
      vertex -1.523616e+001  1.936007e+001  8.026083e+001
    endloop
  endfacet
  facet normal  5.213118e-001  6.349613e-005 -8.533664e-001
    outer loop
      vertex -1.531288e+001  2.521439e+001  8.021439e+001
      vertex -1.523616e+001  1.936007e+001  8.026083e+001
      vertex -1.552130e+001  1.930107e+001  8.008663e+001
    endloop
  endfacet
  facet normal  5.368889e-001 -6.954081e-004 -8.436527e-001
    outer loop
      vertex -1.531288e+001  2.521439e+001  8.021439e+001
      vertex -1.552130e+001  1.930107e+001  8.008663e+001
      vertex -1.633838e+001  2.456231e+001  7.956232e+001
    endloop
  endfacet
  facet normal  5.313064e-001 -1.913663e-003 -8.471776e-001
    outer loop
      vertex -1.633838e+001  2.456231e+001  7.956232e+001
      vertex -1.552130e+001  1.930107e+001  8.008663e+001
      vertex -1.579538e+001  1.919794e+001  7.991498e+001
    endloop
  endfacet
  facet normal  5.400835e-001 -6.592566e-004 -8.416112e-001
    outer loop
      vertex -1.633838e+001  2.456231e+001  7.956232e+001
      vertex -1.579538e+001  1.919794e+001  7.991498e+001
      vertex -1.605308e+001  1.905133e+001  7.974972e+001
    endloop
  endfacet
  facet normal  5.482009e-001 -6.001427e-005 -8.363467e-001
    outer loop
      vertex -1.633838e+001  2.456231e+001  7.956232e+001
      vertex -1.605308e+001  1.905133e+001  7.974972e+001
      vertex -1.628856e+001  1.886207e+001  7.959538e+001
    endloop
  endfacet
  facet normal  5.553579e-001  3.001086e-005 -8.316114e-001
    outer loop
      vertex -1.633838e+001  2.456231e+001  7.956232e+001
      vertex -1.628856e+001  1.886207e+001  7.959538e+001
      vertex -1.647889e+001  1.865261e+001  7.946827e+001
    endloop
  endfacet
  facet normal  5.676995e-001 -3.967138e-004 -8.232359e-001
    outer loop
      vertex -1.633838e+001  2.456231e+001  7.956232e+001
      vertex -1.647889e+001  1.865261e+001  7.946827e+001
      vertex -1.714010e+001  2.400972e+001  7.900972e+001
    endloop
  endfacet
  facet normal  5.626783e-001 -1.310835e-003 -8.266749e-001
    outer loop
      vertex -1.714010e+001  2.400972e+001  7.900972e+001
      vertex -1.647889e+001  1.865261e+001  7.946827e+001
      vertex -1.663920e+001  1.841031e+001  7.935954e+001
    endloop
  endfacet
  facet normal  5.671318e-001 -7.219906e-004 -8.236266e-001
    outer loop
      vertex -1.714010e+001  2.400972e+001  7.900972e+001
      vertex -1.663920e+001  1.841031e+001  7.935954e+001
      vertex -1.675701e+001  1.815462e+001  7.927864e+001
    endloop
  endfacet
  facet normal  5.703411e-001 -4.101046e-004 -8.214079e-001
    outer loop
      vertex -1.714010e+001  2.400972e+001  7.900972e+001
      vertex -1.675701e+001  1.815462e+001  7.927864e+001
      vertex -1.683647e+001  1.787817e+001  7.922361e+001
    endloop
  endfacet
  facet normal  5.723181e-001 -2.641951e-004 -8.200317e-001
    outer loop
      vertex -1.714010e+001  2.400972e+001  7.900972e+001
      vertex -1.683647e+001  1.787817e+001  7.922361e+001
      vertex -1.686529e+001  1.769053e+001  7.920355e+001
    endloop
  endfacet
  facet normal  5.739782e-001 -1.563896e-004 -8.188706e-001
    outer loop
      vertex -1.714010e+001  2.400972e+001  7.900972e+001
      vertex -1.686529e+001  1.769053e+001  7.920355e+001
      vertex -1.687500e+001  1.750000e+001  7.919678e+001
    endloop
  endfacet
  facet normal  5.762748e-001 -1.646247e-005 -8.172560e-001
    outer loop
      vertex -1.714010e+001  2.400972e+001  7.900972e+001
      vertex -1.687500e+001  1.750000e+001  7.919678e+001
      vertex -1.712500e+001  1.750000e+001  7.902050e+001
    endloop
  endfacet
  facet normal  6.013278e-001  7.188803e-005 -7.990025e-001
    outer loop
      vertex -1.714010e+001  2.400972e+001  7.900972e+001
      vertex -1.712500e+001  1.750000e+001  7.902050e+001
      vertex -1.834141e+001  1.750000e+001  7.810503e+001
    endloop
  endfacet
  facet normal  5.930433e-001  2.457416e-003 -8.051669e-001
    outer loop
      vertex -1.714010e+001  2.400972e+001  7.900972e+001
      vertex -1.834141e+001  1.750000e+001  7.810503e+001
      vertex -1.791429e+001  2.343775e+001  7.843775e+001
    endloop
  endfacet
  facet normal -6.865386e-001  9.182979e-004 -7.270927e-001
    outer loop
      vertex  1.972983e+001 -1.269314e+002  7.693135e+001
      vertex  2.062458e+001 -1.225000e+002  7.609210e+001
      vertex  2.073766e+001 -1.259809e+002  7.598093e+001
    endloop
  endfacet
  facet normal -7.010553e-001  0.000000e+000 -7.131069e-001
    outer loop
      vertex  2.073766e+001 -1.259809e+002  7.598093e+001
      vertex  2.062458e+001 -1.225000e+002  7.609210e+001
      vertex  2.062458e+001  1.750000e+001  7.609210e+001
    endloop
  endfacet
  facet normal -7.192097e-001 -2.849891e-005 -6.947931e-001
    outer loop
      vertex  2.073766e+001 -1.259809e+002  7.598093e+001
      vertex  2.062458e+001  1.750000e+001  7.609210e+001
      vertex  2.168525e+001 -1.250000e+002  7.500000e+001
    endloop
  endfacet
  facet normal -7.040544e-001  2.019722e-004 -7.101460e-001
    outer loop
      vertex  2.168525e+001 -1.250000e+002  7.500000e+001
      vertex  2.062458e+001  1.750000e+001  7.609210e+001
      vertex  2.075728e+001  2.096152e+001  7.596152e+001
    endloop
  endfacet
  facet normal -7.195497e-001  0.000000e+000 -6.944410e-001
    outer loop
      vertex  2.168525e+001 -1.250000e+002  7.500000e+001
      vertex  2.075728e+001  2.096152e+001  7.596152e+001
      vertex  2.168525e+001  2.000000e+001  7.500000e+001
    endloop
  endfacet
  facet normal  6.876226e-001  1.028239e-003 -7.260675e-001
    outer loop
      vertex -1.977137e+001 -1.268939e+002  7.689391e+001
      vertex -2.075728e+001 -1.259615e+002  7.596152e+001
      vertex -2.062457e+001 -1.225000e+002  7.609210e+001
    endloop
  endfacet
  facet normal  7.188805e-001 -1.337163e-003 -6.951323e-001
    outer loop
      vertex -2.062457e+001 -1.225000e+002  7.609210e+001
      vertex -2.075728e+001 -1.259615e+002  7.596152e+001
      vertex -2.168525e+001 -1.250000e+002  7.500000e+001
    endloop
  endfacet
  facet normal  7.173531e-001  0.000000e+000 -6.967099e-001
    outer loop
      vertex -2.062457e+001 -1.225000e+002  7.609210e+001
      vertex -2.168525e+001 -1.250000e+002  7.500000e+001
      vertex -2.062457e+001  1.750000e+001  7.609210e+001
    endloop
  endfacet
  facet normal  7.173530e-001  0.000000e+000 -6.967098e-001
    outer loop
      vertex -2.062457e+001  1.750000e+001  7.609210e+001
      vertex -2.168525e+001 -1.250000e+002  7.500000e+001
      vertex -2.168525e+001  2.000000e+001  7.500000e+001
    endloop
  endfacet
  facet normal  7.186542e-001  1.138715e-003 -6.953667e-001
    outer loop
      vertex -2.062457e+001  1.750000e+001  7.609210e+001
      vertex -2.168525e+001  2.000000e+001  7.500000e+001
      vertex -2.073766e+001  2.098093e+001  7.598093e+001
    endloop
  endfacet
  facet normal -6.601387e-001  4.389423e-004 -7.511435e-001
    outer loop
      vertex  1.972983e+001 -1.269314e+002  7.693135e+001
      vertex  1.920308e+001 -1.273940e+002  7.739401e+001
      vertex  1.950897e+001 -1.225000e+002  7.712804e+001
    endloop
  endfacet
  facet normal -6.410013e-001 -1.648209e-003 -7.675379e-001
    outer loop
      vertex  1.950897e+001 -1.225000e+002  7.712804e+001
      vertex  1.920308e+001 -1.273940e+002  7.739401e+001
      vertex  1.866100e+001 -1.278477e+002  7.784769e+001
    endloop
  endfacet
  facet normal -6.417447e-001 -1.446781e-003 -7.669169e-001
    outer loop
      vertex  1.950897e+001 -1.225000e+002  7.712804e+001
      vertex  1.866100e+001 -1.278477e+002  7.784769e+001
      vertex  1.834141e+001 -1.225000e+002  7.810503e+001
    endloop
  endfacet
  facet normal -6.203247e-001  6.719809e-004 -7.843448e-001
    outer loop
      vertex  1.866100e+001 -1.278477e+002  7.784769e+001
      vertex  1.791429e+001 -1.284378e+002  7.843775e+001
      vertex  1.834141e+001 -1.225000e+002  7.810503e+001
    endloop
  endfacet
  facet normal -5.930434e-001 -2.457208e-003 -8.051668e-001
    outer loop
      vertex  1.834141e+001 -1.225000e+002  7.810503e+001
      vertex  1.791429e+001 -1.284378e+002  7.843775e+001
      vertex  1.714010e+001 -1.290097e+002  7.900972e+001
    endloop
  endfacet
  facet normal -6.013272e-001 -7.188593e-005 -7.990029e-001
    outer loop
      vertex  1.834141e+001 -1.225000e+002  7.810503e+001
      vertex  1.714010e+001 -1.290097e+002  7.900972e+001
      vertex  1.712500e+001 -1.225000e+002  7.902050e+001
    endloop
  endfacet
  facet normal -2.697678e-001  2.680034e-004 -9.629254e-001
    outer loop
      vertex  8.540482e+000 -1.332367e+002  8.323668e+001
      vertex  7.368082e+000 -1.335650e+002  8.356504e+001
      vertex  7.528665e+000 -1.225000e+002  8.352313e+001
    endloop
  endfacet
  facet normal -2.294598e-001 -3.563323e-004 -9.733180e-001
    outer loop
      vertex  7.528665e+000 -1.225000e+002  8.352313e+001
      vertex  7.368082e+000 -1.335650e+002  8.356504e+001
      vertex  6.171863e+000 -1.338472e+002  8.384715e+001
    endloop
  endfacet
  facet normal -2.301785e-001 -2.655580e-004 -9.731484e-001
    outer loop
      vertex  7.528665e+000 -1.225000e+002  8.352313e+001
      vertex  6.171863e+000 -1.338472e+002  8.384715e+001
      vertex  6.047135e+000 -1.225000e+002  8.387356e+001
    endloop
  endfacet
  facet normal -1.117120e-001  3.564784e-004 -9.937405e-001
    outer loop
      vertex  3.851083e+000 -1.342475e+002  8.424755e+001
      vertex  2.736363e+000 -1.343728e+002  8.437282e+001
      vertex  3.039748e+000 -1.225000e+002  8.434297e+001
    endloop
  endfacet
  facet normal -7.369974e-002 -6.237447e-004 -9.972803e-001
    outer loop
      vertex  3.039748e+000 -1.225000e+002  8.434297e+001
      vertex  2.736363e+000 -1.343728e+002  8.437282e+001
      vertex  1.613832e+000 -1.344558e+002  8.445583e+001
    endloop
  endfacet
  facet normal -7.734097e-002 -1.868697e-004 -9.970047e-001
    outer loop
      vertex  3.039748e+000 -1.225000e+002  8.434297e+001
      vertex  1.613832e+000 -1.344558e+002  8.445583e+001
      vertex  1.521901e+000 -1.225000e+002  8.446072e+001
    endloop
  endfacet
  facet normal  4.088500e-002  3.087783e-004 -9.991637e-001
    outer loop
      vertex -6.420805e-001 -1.344930e+002  8.449301e+001
      vertex -1.768960e+000 -1.344469e+002  8.444691e+001
      vertex -1.521900e+000 -1.225000e+002  8.446072e+001
    endloop
  endfacet
  facet normal  7.972640e-002 -4.971691e-004 -9.968166e-001
    outer loop
      vertex -1.521900e+000 -1.225000e+002  8.446072e+001
      vertex -1.768960e+000 -1.344469e+002  8.444691e+001
      vertex -2.936239e+000 -1.343535e+002  8.435351e+001
    endloop
  endfacet
  facet normal  7.734095e-002 -2.108426e-004 -9.970046e-001
    outer loop
      vertex -1.521900e+000 -1.225000e+002  8.446072e+001
      vertex -2.936239e+000 -1.343535e+002  8.435351e+001
      vertex -3.039747e+000 -1.225000e+002  8.434297e+001
    endloop
  endfacet
  facet normal  1.969000e-001  4.052958e-004 -9.804235e-001
    outer loop
      vertex -5.239988e+000 -1.340309e+002  8.403089e+001
      vertex -6.370021e+000 -1.338040e+002  8.380404e+001
      vertex -6.047133e+000 -1.225000e+002  8.387356e+001
    endloop
  endfacet
  facet normal  2.346507e-001 -7.243271e-004 -9.720795e-001
    outer loop
      vertex -6.047133e+000 -1.225000e+002  8.387356e+001
      vertex -6.370021e+000 -1.338040e+002  8.380404e+001
      vertex -7.481661e+000 -1.335355e+002  8.353550e+001
    endloop
  endfacet
  facet normal  2.301785e-001 -1.102320e-004 -9.731485e-001
    outer loop
      vertex -6.047133e+000 -1.225000e+002  8.387356e+001
      vertex -7.481661e+000 -1.335355e+002  8.353550e+001
      vertex -7.528663e+000 -1.225000e+002  8.352313e+001
    endloop
  endfacet
  facet normal  3.899623e-001  4.296087e-004 -9.208307e-001
    outer loop
      vertex -1.093183e+001 -1.323997e+002  8.239973e+001
      vertex -1.206215e+001 -1.319213e+002  8.192127e+001
      vertex -1.183744e+001 -1.225000e+002  8.202083e+001
    endloop
  endfacet
  facet normal  4.272939e-001 -6.374477e-004 -9.041126e-001
    outer loop
      vertex -1.183744e+001 -1.225000e+002  8.202083e+001
      vertex -1.206215e+001 -1.319213e+002  8.192127e+001
      vertex -1.315718e+001 -1.314034e+002  8.140338e+001
    endloop
  endfacet
  facet normal  4.232158e-001  9.994172e-005 -9.060290e-001
    outer loop
      vertex -1.183744e+001 -1.225000e+002  8.202083e+001
      vertex -1.315718e+001 -1.314034e+002  8.140338e+001
      vertex -1.312500e+001 -1.225000e+002  8.141940e+001
    endloop
  endfacet
  facet normal  5.762740e-001  1.564130e-003 -8.172550e-001
    outer loop
      vertex -1.687500e+001 -1.225000e+002  7.919678e+001
      vertex -1.762292e+001 -1.286576e+002  7.865762e+001
      vertex -1.712500e+001 -1.225000e+002  7.902050e+001
    endloop
  endfacet
  facet normal  6.058898e-001 -2.110045e-003 -7.955459e-001
    outer loop
      vertex -1.712500e+001 -1.225000e+002  7.902050e+001
      vertex -1.762292e+001 -1.286576e+002  7.865762e+001
      vertex -1.818227e+001 -1.282305e+002  7.823048e+001
    endloop
  endfacet
  facet normal  6.013276e-001 -7.918328e-004 -7.990022e-001
    outer loop
      vertex -1.712500e+001 -1.225000e+002  7.902050e+001
      vertex -1.818227e+001 -1.282305e+002  7.823048e+001
      vertex -1.834141e+001 -1.225000e+002  7.810503e+001
    endloop
  endfacet
  facet normal -2.580371e-002  -0.000000e+000 -9.996670e-001
    outer loop
      vertex  8.213739e-007 -1.225000e+002  8.450000e+001
      vertex  1.521901e+000  1.750000e+001  8.446072e+001
      vertex  1.521901e+000 -1.225000e+002  8.446072e+001
    endloop
  endfacet
  facet normal -7.734096e-002  0.000000e+000 -9.970047e-001
    outer loop
      vertex  1.521901e+000 -1.225000e+002  8.446072e+001
      vertex  1.521901e+000  1.750000e+001  8.446072e+001
      vertex  3.039748e+000  1.750000e+001  8.434297e+001
    endloop
  endfacet
  facet normal -7.734096e-002  -0.000000e+000 -9.970047e-001
    outer loop
      vertex  1.521901e+000 -1.225000e+002  8.446072e+001
      vertex  3.039748e+000  1.750000e+001  8.434297e+001
      vertex  3.039748e+000 -1.225000e+002  8.434297e+001
    endloop
  endfacet
  facet normal -1.286728e-001  0.000000e+000 -9.916872e-001
    outer loop
      vertex  3.039748e+000 -1.225000e+002  8.434297e+001
      vertex  3.039748e+000  1.750000e+001  8.434297e+001
      vertex  4.549500e+000  1.750000e+001  8.414708e+001
    endloop
  endfacet
  facet normal -1.286728e-001  -0.000000e+000 -9.916872e-001
    outer loop
      vertex  3.039748e+000 -1.225000e+002  8.434297e+001
      vertex  4.549500e+000  1.750000e+001  8.414708e+001
      vertex  4.549500e+000 -1.225000e+002  8.414708e+001
    endloop
  endfacet
  facet normal -1.796637e-001  0.000000e+000 -9.837280e-001
    outer loop
      vertex  4.549500e+000 -1.225000e+002  8.414708e+001
      vertex  4.549500e+000  1.750000e+001  8.414708e+001
      vertex  6.047135e+000  1.750000e+001  8.387356e+001
    endloop
  endfacet
  facet normal -1.796637e-001  -0.000000e+000 -9.837280e-001
    outer loop
      vertex  4.549500e+000 -1.225000e+002  8.414708e+001
      vertex  6.047135e+000  1.750000e+001  8.387356e+001
      vertex  6.047135e+000 -1.225000e+002  8.387356e+001
    endloop
  endfacet
  facet normal -2.301785e-001  0.000000e+000 -9.731485e-001
    outer loop
      vertex  6.047135e+000 -1.225000e+002  8.387356e+001
      vertex  6.047135e+000  1.750000e+001  8.387356e+001
      vertex  7.528665e+000  1.750000e+001  8.352313e+001
    endloop
  endfacet
  facet normal -2.301785e-001  -0.000000e+000 -9.731485e-001
    outer loop
      vertex  6.047135e+000 -1.225000e+002  8.387356e+001
      vertex  7.528665e+000  1.750000e+001  8.352313e+001
      vertex  7.528665e+000 -1.225000e+002  8.352313e+001
    endloop
  endfacet
  facet normal -2.800723e-001  0.000000e+000 -9.599789e-001
    outer loop
      vertex  7.528665e+000 -1.225000e+002  8.352313e+001
      vertex  7.528665e+000  1.750000e+001  8.352313e+001
      vertex  8.990143e+000  1.750000e+001  8.309675e+001
    endloop
  endfacet
  facet normal -2.800723e-001  -0.000000e+000 -9.599789e-001
    outer loop
      vertex  7.528665e+000 -1.225000e+002  8.352313e+001
      vertex  8.990143e+000  1.750000e+001  8.309675e+001
      vertex  8.990143e+000 -1.225000e+002  8.309675e+001
    endloop
  endfacet
  facet normal -3.292242e-001  0.000000e+000 -9.442518e-001
    outer loop
      vertex  8.990143e+000 -1.225000e+002  8.309675e+001
      vertex  8.990143e+000  1.750000e+001  8.309675e+001
      vertex  1.042768e+001  1.750000e+001  8.259554e+001
    endloop
  endfacet
  facet normal -3.292242e-001  -0.000000e+000 -9.442518e-001
    outer loop
      vertex  8.990143e+000 -1.225000e+002  8.309675e+001
      vertex  1.042768e+001  1.750000e+001  8.259554e+001
      vertex  1.042768e+001 -1.225000e+002  8.259554e+001
    endloop
  endfacet
  facet normal -3.774991e-001  0.000000e+000 -9.260100e-001
    outer loop
      vertex  1.042768e+001 -1.225000e+002  8.259554e+001
      vertex  1.042768e+001  1.750000e+001  8.259554e+001
      vertex  1.183744e+001  1.750000e+001  8.202083e+001
    endloop
  endfacet
  facet normal -3.774991e-001  -0.000000e+000 -9.260100e-001
    outer loop
      vertex  1.042768e+001 -1.225000e+002  8.259554e+001
      vertex  1.183744e+001  1.750000e+001  8.202083e+001
      vertex  1.183744e+001 -1.225000e+002  8.202083e+001
    endloop
  endfacet
  facet normal -4.232161e-001  0.000000e+000 -9.060288e-001
    outer loop
      vertex  1.183744e+001 -1.225000e+002  8.202083e+001
      vertex  1.183744e+001  1.750000e+001  8.202083e+001
      vertex  1.312500e+001  1.750000e+001  8.141940e+001
    endloop
  endfacet
  facet normal -4.232161e-001  -0.000000e+000 -9.060288e-001
    outer loop
      vertex  1.183744e+001 -1.225000e+002  8.202083e+001
      vertex  1.312500e+001  1.750000e+001  8.141940e+001
      vertex  1.312500e+001 -1.225000e+002  8.141940e+001
    endloop
  endfacet
  facet normal -4.453466e-001  0.000000e+000 -8.953583e-001
    outer loop
      vertex  1.312500e+001 -1.225000e+002  8.141940e+001
      vertex  1.312500e+001  1.750000e+001  8.141940e+001
      vertex  1.315227e+001  1.718138e+001  8.140583e+001
    endloop
  endfacet
  facet normal -4.453466e-001  -0.000000e+000 -8.953583e-001
    outer loop
      vertex  1.312500e+001 -1.225000e+002  8.141940e+001
      vertex  1.315227e+001  1.718138e+001  8.140583e+001
      vertex  1.315227e+001 -1.221814e+002  8.140583e+001
    endloop
  endfacet
  facet normal -4.472008e-001  0.000000e+000 -8.944336e-001
    outer loop
      vertex  1.315227e+001 -1.221814e+002  8.140583e+001
      vertex  1.315227e+001  1.718138e+001  8.140583e+001
      vertex  1.323254e+001  1.687415e+001  8.136570e+001
    endloop
  endfacet
  facet normal -4.472009e-001  -0.000000e+000 -8.944336e-001
    outer loop
      vertex  1.315227e+001 -1.221814e+002  8.140583e+001
      vertex  1.323254e+001  1.687415e+001  8.136570e+001
      vertex  1.323254e+001 -1.218741e+002  8.136570e+001
    endloop
  endfacet
  facet normal -4.507591e-001  0.000000e+000 -8.926456e-001
    outer loop
      vertex  1.323254e+001 -1.218741e+002  8.136570e+001
      vertex  1.323254e+001  1.687415e+001  8.136570e+001
      vertex  1.336149e+001  1.658846e+001  8.130058e+001
    endloop
  endfacet
  facet normal -4.507591e-001  -0.000000e+000 -8.926457e-001
    outer loop
      vertex  1.323254e+001 -1.218741e+002  8.136570e+001
      vertex  1.336149e+001  1.658846e+001  8.130058e+001
      vertex  1.336149e+001 -1.215885e+002  8.130058e+001
    endloop
  endfacet
  facet normal -4.562604e-001  0.000000e+000 -8.898463e-001
    outer loop
      vertex  1.336149e+001 -1.215885e+002  8.130058e+001
      vertex  1.336149e+001  1.658846e+001  8.130058e+001
      vertex  1.355760e+001  1.630204e+001  8.120003e+001
    endloop
  endfacet
  facet normal -4.562604e-001  -0.000000e+000 -8.898463e-001
    outer loop
      vertex  1.336149e+001 -1.215885e+002  8.130058e+001
      vertex  1.355760e+001  1.630204e+001  8.120003e+001
      vertex  1.355760e+001 -1.213020e+002  8.120003e+001
    endloop
  endfacet
  facet normal -4.636408e-001  0.000000e+000 -8.860232e-001
    outer loop
      vertex  1.355760e+001 -1.213020e+002  8.120003e+001
      vertex  1.355760e+001  1.630204e+001  8.120003e+001
      vertex  1.379697e+001  1.606183e+001  8.107477e+001
    endloop
  endfacet
  facet normal -4.636408e-001  -0.000000e+000 -8.860232e-001
    outer loop
      vertex  1.355760e+001 -1.213020e+002  8.120003e+001
      vertex  1.379697e+001  1.606183e+001  8.107477e+001
      vertex  1.379697e+001 -1.210618e+002  8.107477e+001
    endloop
  endfacet
  facet normal -4.722979e-001  0.000000e+000 -8.814391e-001
    outer loop
      vertex  1.379697e+001 -1.210618e+002  8.107477e+001
      vertex  1.379697e+001  1.606183e+001  8.107477e+001
      vertex  1.406857e+001  1.587271e+001  8.092924e+001
    endloop
  endfacet
  facet normal -4.722979e-001  -0.000000e+000 -8.814391e-001
    outer loop
      vertex  1.379697e+001 -1.210618e+002  8.107477e+001
      vertex  1.406857e+001  1.587271e+001  8.092924e+001
      vertex  1.406857e+001 -1.208727e+002  8.092924e+001
    endloop
  endfacet
  facet normal -4.816700e-001  0.000000e+000 -8.763527e-001
    outer loop
      vertex  1.406857e+001 -1.208727e+002  8.092924e+001
      vertex  1.406857e+001  1.587271e+001  8.092924e+001
      vertex  1.434890e+001  1.574168e+001  8.077516e+001
    endloop
  endfacet
  facet normal -4.816700e-001  -0.000000e+000 -8.763527e-001
    outer loop
      vertex  1.406857e+001 -1.208727e+002  8.092924e+001
      vertex  1.434890e+001  1.574168e+001  8.077516e+001
      vertex  1.434890e+001 -1.207417e+002  8.077516e+001
    endloop
  endfacet
  facet normal -4.913620e-001  0.000000e+000 -8.709555e-001
    outer loop
      vertex  1.434890e+001 -1.207417e+002  8.077516e+001
      vertex  1.434890e+001  1.574168e+001  8.077516e+001
      vertex  1.464148e+001  1.565960e+001  8.061010e+001
    endloop
  endfacet
  facet normal -4.913620e-001  -0.000000e+000 -8.709554e-001
    outer loop
      vertex  1.434890e+001 -1.207417e+002  8.077516e+001
      vertex  1.464148e+001  1.565960e+001  8.061010e+001
      vertex  1.464148e+001 -1.206596e+002  8.061010e+001
    endloop
  endfacet
  facet normal -5.013753e-001  0.000000e+000 -8.652298e-001
    outer loop
      vertex  1.464148e+001 -1.206596e+002  8.061010e+001
      vertex  1.464148e+001  1.565960e+001  8.061010e+001
      vertex  1.493930e+001  1.562599e+001  8.043752e+001
    endloop
  endfacet
  facet normal -5.013753e-001  -0.000000e+000 -8.652298e-001
    outer loop
      vertex  1.464148e+001 -1.206596e+002  8.061010e+001
      vertex  1.493930e+001  1.562599e+001  8.043752e+001
      vertex  1.493930e+001 -1.206260e+002  8.043752e+001
    endloop
  endfacet
  facet normal -5.114661e-001  0.000000e+000 -8.593034e-001
    outer loop
      vertex  1.493930e+001 -1.206260e+002  8.043752e+001
      vertex  1.493930e+001  1.562599e+001  8.043752e+001
      vertex  1.523616e+001  1.563993e+001  8.026083e+001
    endloop
  endfacet
  facet normal -5.114661e-001  -0.000000e+000 -8.593035e-001
    outer loop
      vertex  1.493930e+001 -1.206260e+002  8.043752e+001
      vertex  1.523616e+001  1.563993e+001  8.026083e+001
      vertex  1.523616e+001 -1.206399e+002  8.026083e+001
    endloop
  endfacet
  facet normal -5.213212e-001  0.000000e+000 -8.533605e-001
    outer loop
      vertex  1.523616e+001 -1.206399e+002  8.026083e+001
      vertex  1.523616e+001  1.563993e+001  8.026083e+001
      vertex  1.552130e+001  1.569893e+001  8.008663e+001
    endloop
  endfacet
  facet normal -5.213214e-001  -0.000000e+000 -8.533605e-001
    outer loop
      vertex  1.523616e+001 -1.206399e+002  8.026083e+001
      vertex  1.552130e+001  1.569893e+001  8.008663e+001
      vertex  1.552130e+001 -1.206989e+002  8.008663e+001
    endloop
  endfacet
  facet normal -5.307902e-001  0.000000e+000 -8.475032e-001
    outer loop
      vertex  1.552130e+001 -1.206989e+002  8.008663e+001
      vertex  1.552130e+001  1.569893e+001  8.008663e+001
      vertex  1.579538e+001  1.580206e+001  7.991498e+001
    endloop
  endfacet
  facet normal -5.307903e-001  -0.000000e+000 -8.475033e-001
    outer loop
      vertex  1.552130e+001 -1.206989e+002  8.008663e+001
      vertex  1.579538e+001  1.580206e+001  7.991498e+001
      vertex  1.579538e+001 -1.208021e+002  7.991498e+001
    endloop
  endfacet
  facet normal -5.398180e-001  0.000000e+000 -8.417819e-001
    outer loop
      vertex  1.579538e+001 -1.208021e+002  7.991498e+001
      vertex  1.579538e+001  1.580206e+001  7.991498e+001
      vertex  1.605308e+001  1.594867e+001  7.974972e+001
    endloop
  endfacet
  facet normal -5.398179e-001  -0.000000e+000 -8.417818e-001
    outer loop
      vertex  1.579538e+001 -1.208021e+002  7.991498e+001
      vertex  1.605308e+001  1.594867e+001  7.974972e+001
      vertex  1.605308e+001 -1.209487e+002  7.974972e+001
    endloop
  endfacet
  facet normal -5.481671e-001  0.000000e+000 -8.363688e-001
    outer loop
      vertex  1.605308e+001 -1.209487e+002  7.974972e+001
      vertex  1.605308e+001  1.594867e+001  7.974972e+001
      vertex  1.628856e+001  1.613793e+001  7.959538e+001
    endloop
  endfacet
  facet normal -5.481671e-001  -0.000000e+000 -8.363687e-001
    outer loop
      vertex  1.605308e+001 -1.209487e+002  7.974972e+001
      vertex  1.628856e+001  1.613793e+001  7.959538e+001
      vertex  1.628856e+001 -1.211379e+002  7.959538e+001
    endloop
  endfacet
  facet normal -5.553808e-001  0.000000e+000 -8.315961e-001
    outer loop
      vertex  1.628856e+001 -1.211379e+002  7.959538e+001
      vertex  1.628856e+001  1.613793e+001  7.959538e+001
      vertex  1.647889e+001  1.634739e+001  7.946827e+001
    endloop
  endfacet
  facet normal -5.553808e-001  -0.000000e+000 -8.315962e-001
    outer loop
      vertex  1.628856e+001 -1.211379e+002  7.959538e+001
      vertex  1.647889e+001  1.634739e+001  7.946827e+001
      vertex  1.647889e+001 -1.213474e+002  7.946827e+001
    endloop
  endfacet
  facet normal -5.613225e-001  0.000000e+000 -8.275972e-001
    outer loop
      vertex  1.647889e+001 -1.213474e+002  7.946827e+001
      vertex  1.647889e+001  1.634739e+001  7.946827e+001
      vertex  1.663920e+001  1.658969e+001  7.935954e+001
    endloop
  endfacet
  facet normal -5.613225e-001  -0.000000e+000 -8.275971e-001
    outer loop
      vertex  1.647889e+001 -1.213474e+002  7.946827e+001
      vertex  1.663920e+001  1.658969e+001  7.935954e+001
      vertex  1.663920e+001 -1.215897e+002  7.935954e+001
    endloop
  endfacet
  facet normal -5.660676e-001  0.000000e+000 -8.243587e-001
    outer loop
      vertex  1.663920e+001 -1.215897e+002  7.935954e+001
      vertex  1.663920e+001  1.658969e+001  7.935954e+001
      vertex  1.675701e+001  1.684538e+001  7.927864e+001
    endloop
  endfacet
  facet normal -5.660677e-001  -0.000000e+000 -8.243588e-001
    outer loop
      vertex  1.663920e+001 -1.215897e+002  7.935954e+001
      vertex  1.675701e+001  1.684538e+001  7.927864e+001
      vertex  1.675701e+001 -1.218454e+002  7.927864e+001
    endloop
  endfacet
  facet normal -5.693772e-001  0.000000e+000 -8.220764e-001
    outer loop
      vertex  1.675701e+001 -1.218454e+002  7.927864e+001
      vertex  1.675701e+001  1.684538e+001  7.927864e+001
      vertex  1.683647e+001  1.712183e+001  7.922361e+001
    endloop
  endfacet
  facet normal -5.693772e-001  -0.000000e+000 -8.220764e-001
    outer loop
      vertex  1.675701e+001 -1.218454e+002  7.927864e+001
      vertex  1.683647e+001  1.712183e+001  7.922361e+001
      vertex  1.683647e+001 -1.221218e+002  7.922361e+001
    endloop
  endfacet
  facet normal -5.711600e-001  0.000000e+000 -8.208387e-001
    outer loop
      vertex  1.683647e+001 -1.221218e+002  7.922361e+001
      vertex  1.683647e+001  1.712183e+001  7.922361e+001
      vertex  1.686529e+001  1.730947e+001  7.920355e+001
    endloop
  endfacet
  facet normal -5.711600e-001  -0.000000e+000 -8.208387e-001
    outer loop
      vertex  1.683647e+001 -1.221218e+002  7.922361e+001
      vertex  1.686529e+001  1.730947e+001  7.920355e+001
      vertex  1.686529e+001 -1.223095e+002  7.920355e+001
    endloop
  endfacet
  facet normal -5.719143e-001  0.000000e+000 -8.203134e-001
    outer loop
      vertex  1.686529e+001 -1.223095e+002  7.920355e+001
      vertex  1.686529e+001  1.730947e+001  7.920355e+001
      vertex  1.687500e+001  1.750000e+001  7.919678e+001
    endloop
  endfacet
  facet normal -5.719143e-001  -0.000000e+000 -8.203133e-001
    outer loop
      vertex  1.686529e+001 -1.223095e+002  7.920355e+001
      vertex  1.687500e+001  1.750000e+001  7.919678e+001
      vertex  1.687500e+001 -1.225000e+002  7.919678e+001
    endloop
  endfacet
  facet normal -5.762748e-001  0.000000e+000 -8.172560e-001
    outer loop
      vertex  1.687500e+001 -1.225000e+002  7.919678e+001
      vertex  1.687500e+001  1.750000e+001  7.919678e+001
      vertex  1.712500e+001  1.750000e+001  7.902050e+001
    endloop
  endfacet
  facet normal -5.762748e-001  -0.000000e+000 -8.172560e-001
    outer loop
      vertex  1.687500e+001 -1.225000e+002  7.919678e+001
      vertex  1.712500e+001  1.750000e+001  7.902050e+001
      vertex  1.712500e+001 -1.225000e+002  7.902050e+001
    endloop
  endfacet
  facet normal -6.013271e-001  0.000000e+000 -7.990028e-001
    outer loop
      vertex  1.712500e+001 -1.225000e+002  7.902050e+001
      vertex  1.712500e+001  1.750000e+001  7.902050e+001
      vertex  1.834141e+001  1.750000e+001  7.810503e+001
    endloop
  endfacet
  facet normal -6.013271e-001  -0.000000e+000 -7.990028e-001
    outer loop
      vertex  1.712500e+001 -1.225000e+002  7.902050e+001
      vertex  1.834141e+001  1.750000e+001  7.810503e+001
      vertex  1.834141e+001 -1.225000e+002  7.810503e+001
    endloop
  endfacet
  facet normal -6.417454e-001  0.000000e+000 -7.669177e-001
    outer loop
      vertex  1.834141e+001 -1.225000e+002  7.810503e+001
      vertex  1.834141e+001  1.750000e+001  7.810503e+001
      vertex  1.950897e+001  1.750000e+001  7.712804e+001
    endloop
  endfacet
  facet normal -6.417454e-001  -0.000000e+000 -7.669177e-001
    outer loop
      vertex  1.834141e+001 -1.225000e+002  7.810503e+001
      vertex  1.950897e+001  1.750000e+001  7.712804e+001
      vertex  1.950897e+001 -1.225000e+002  7.712804e+001
    endloop
  endfacet
  facet normal -6.804568e-001  0.000000e+000 -7.327882e-001
    outer loop
      vertex  1.950897e+001 -1.225000e+002  7.712804e+001
      vertex  1.950897e+001  1.750000e+001  7.712804e+001
      vertex  2.062458e+001  1.750000e+001  7.609210e+001
    endloop
  endfacet
  facet normal -6.804568e-001  -0.000000e+000 -7.327882e-001
    outer loop
      vertex  1.950897e+001 -1.225000e+002  7.712804e+001
      vertex  2.062458e+001  1.750000e+001  7.609210e+001
      vertex  2.062458e+001 -1.225000e+002  7.609210e+001
    endloop
  endfacet
  facet normal -2.580371e-002  0.000000e+000 -9.996670e-001
    outer loop
      vertex  1.521901e+000  1.750000e+001  8.446072e+001
      vertex  8.213739e-007 -1.225000e+002  8.450000e+001
      vertex  8.213739e-007  1.750000e+001  8.450000e+001
    endloop
  endfacet
  facet normal  2.580371e-002  0.000000e+000 -9.996670e-001
    outer loop
      vertex  8.213739e-007  1.750000e+001  8.450000e+001
      vertex  8.213739e-007 -1.225000e+002  8.450000e+001
      vertex -1.521900e+000 -1.225000e+002  8.446072e+001
    endloop
  endfacet
  facet normal  2.580371e-002  0.000000e+000 -9.996670e-001
    outer loop
      vertex  8.213739e-007  1.750000e+001  8.450000e+001
      vertex -1.521900e+000 -1.225000e+002  8.446072e+001
      vertex -1.521900e+000  1.750000e+001  8.446072e+001
    endloop
  endfacet
  facet normal  7.734096e-002  0.000000e+000 -9.970047e-001
    outer loop
      vertex -1.521900e+000  1.750000e+001  8.446072e+001
      vertex -1.521900e+000 -1.225000e+002  8.446072e+001
      vertex -3.039747e+000 -1.225000e+002  8.434297e+001
    endloop
  endfacet
  facet normal  7.734096e-002  0.000000e+000 -9.970047e-001
    outer loop
      vertex -1.521900e+000  1.750000e+001  8.446072e+001
      vertex -3.039747e+000 -1.225000e+002  8.434297e+001
      vertex -3.039747e+000  1.750000e+001  8.434297e+001
    endloop
  endfacet
  facet normal  1.286728e-001  0.000000e+000 -9.916872e-001
    outer loop
      vertex -3.039747e+000  1.750000e+001  8.434297e+001
      vertex -3.039747e+000 -1.225000e+002  8.434297e+001
      vertex -4.549498e+000 -1.225000e+002  8.414708e+001
    endloop
  endfacet
  facet normal  1.286728e-001  0.000000e+000 -9.916872e-001
    outer loop
      vertex -3.039747e+000  1.750000e+001  8.434297e+001
      vertex -4.549498e+000 -1.225000e+002  8.414708e+001
      vertex -4.549498e+000  1.750000e+001  8.414708e+001
    endloop
  endfacet
  facet normal  1.796637e-001  0.000000e+000 -9.837280e-001
    outer loop
      vertex -4.549498e+000  1.750000e+001  8.414708e+001
      vertex -4.549498e+000 -1.225000e+002  8.414708e+001
      vertex -6.047133e+000 -1.225000e+002  8.387356e+001
    endloop
  endfacet
  facet normal  1.796637e-001  0.000000e+000 -9.837280e-001
    outer loop
      vertex -4.549498e+000  1.750000e+001  8.414708e+001
      vertex -6.047133e+000 -1.225000e+002  8.387356e+001
      vertex -6.047133e+000  1.750000e+001  8.387356e+001
    endloop
  endfacet
  facet normal  2.301785e-001  0.000000e+000 -9.731485e-001
    outer loop
      vertex -6.047133e+000  1.750000e+001  8.387356e+001
      vertex -6.047133e+000 -1.225000e+002  8.387356e+001
      vertex -7.528663e+000 -1.225000e+002  8.352313e+001
    endloop
  endfacet
  facet normal  2.301785e-001  0.000000e+000 -9.731485e-001
    outer loop
      vertex -6.047133e+000  1.750000e+001  8.387356e+001
      vertex -7.528663e+000 -1.225000e+002  8.352313e+001
      vertex -7.528663e+000  1.750000e+001  8.352313e+001
    endloop
  endfacet
  facet normal  2.800722e-001  0.000000e+000 -9.599790e-001
    outer loop
      vertex -7.528663e+000  1.750000e+001  8.352313e+001
      vertex -7.528663e+000 -1.225000e+002  8.352313e+001
      vertex -8.990142e+000 -1.225000e+002  8.309675e+001
    endloop
  endfacet
  facet normal  2.800722e-001  0.000000e+000 -9.599790e-001
    outer loop
      vertex -7.528663e+000  1.750000e+001  8.352313e+001
      vertex -8.990142e+000 -1.225000e+002  8.309675e+001
      vertex -8.990142e+000  1.750000e+001  8.309675e+001
    endloop
  endfacet
  facet normal  3.292242e-001  0.000000e+000 -9.442518e-001
    outer loop
      vertex -8.990142e+000  1.750000e+001  8.309675e+001
      vertex -8.990142e+000 -1.225000e+002  8.309675e+001
      vertex -1.042768e+001 -1.225000e+002  8.259554e+001
    endloop
  endfacet
  facet normal  3.292242e-001  0.000000e+000 -9.442518e-001
    outer loop
      vertex -8.990142e+000  1.750000e+001  8.309675e+001
      vertex -1.042768e+001 -1.225000e+002  8.259554e+001
      vertex -1.042768e+001  1.750000e+001  8.259554e+001
    endloop
  endfacet
  facet normal  3.774991e-001  0.000000e+000 -9.260100e-001
    outer loop
      vertex -1.042768e+001  1.750000e+001  8.259554e+001
      vertex -1.042768e+001 -1.225000e+002  8.259554e+001
      vertex -1.183744e+001 -1.225000e+002  8.202083e+001
    endloop
  endfacet
  facet normal  3.774991e-001  0.000000e+000 -9.260100e-001
    outer loop
      vertex -1.042768e+001  1.750000e+001  8.259554e+001
      vertex -1.183744e+001 -1.225000e+002  8.202083e+001
      vertex -1.183744e+001  1.750000e+001  8.202083e+001
    endloop
  endfacet
  facet normal  4.232158e-001  0.000000e+000 -9.060289e-001
    outer loop
      vertex -1.183744e+001  1.750000e+001  8.202083e+001
      vertex -1.183744e+001 -1.225000e+002  8.202083e+001
      vertex -1.312500e+001 -1.225000e+002  8.141940e+001
    endloop
  endfacet
  facet normal  4.232158e-001  0.000000e+000 -9.060289e-001
    outer loop
      vertex -1.183744e+001  1.750000e+001  8.202083e+001
      vertex -1.312500e+001 -1.225000e+002  8.141940e+001
      vertex -1.312500e+001  1.750000e+001  8.141940e+001
    endloop
  endfacet
  facet normal  4.453466e-001  0.000000e+000 -8.953583e-001
    outer loop
      vertex -1.312500e+001  1.750000e+001  8.141940e+001
      vertex -1.312500e+001 -1.225000e+002  8.141940e+001
      vertex -1.315227e+001 -1.221814e+002  8.140583e+001
    endloop
  endfacet
  facet normal  4.453466e-001  0.000000e+000 -8.953583e-001
    outer loop
      vertex -1.312500e+001  1.750000e+001  8.141940e+001
      vertex -1.315227e+001 -1.221814e+002  8.140583e+001
      vertex -1.315227e+001  1.718138e+001  8.140583e+001
    endloop
  endfacet
  facet normal  4.472008e-001  0.000000e+000 -8.944336e-001
    outer loop
      vertex -1.315227e+001  1.718138e+001  8.140583e+001
      vertex -1.315227e+001 -1.221814e+002  8.140583e+001
      vertex -1.323254e+001 -1.218741e+002  8.136570e+001
    endloop
  endfacet
  facet normal  4.472009e-001  0.000000e+000 -8.944336e-001
    outer loop
      vertex -1.315227e+001  1.718138e+001  8.140583e+001
      vertex -1.323254e+001 -1.218741e+002  8.136570e+001
      vertex -1.323254e+001  1.687415e+001  8.136570e+001
    endloop
  endfacet
  facet normal  4.507591e-001  0.000000e+000 -8.926456e-001
    outer loop
      vertex -1.323254e+001  1.687415e+001  8.136570e+001
      vertex -1.323254e+001 -1.218741e+002  8.136570e+001
      vertex -1.336149e+001 -1.215885e+002  8.130058e+001
    endloop
  endfacet
  facet normal  4.507591e-001  0.000000e+000 -8.926457e-001
    outer loop
      vertex -1.323254e+001  1.687415e+001  8.136570e+001
      vertex -1.336149e+001 -1.215885e+002  8.130058e+001
      vertex -1.336149e+001  1.658846e+001  8.130058e+001
    endloop
  endfacet
  facet normal  4.562604e-001  0.000000e+000 -8.898463e-001
    outer loop
      vertex -1.336149e+001  1.658846e+001  8.130058e+001
      vertex -1.336149e+001 -1.215885e+002  8.130058e+001
      vertex -1.355760e+001 -1.213020e+002  8.120003e+001
    endloop
  endfacet
  facet normal  4.562604e-001  0.000000e+000 -8.898463e-001
    outer loop
      vertex -1.336149e+001  1.658846e+001  8.130058e+001
      vertex -1.355760e+001 -1.213020e+002  8.120003e+001
      vertex -1.355760e+001  1.630204e+001  8.120003e+001
    endloop
  endfacet
  facet normal  4.636408e-001  0.000000e+000 -8.860232e-001
    outer loop
      vertex -1.355760e+001  1.630204e+001  8.120003e+001
      vertex -1.355760e+001 -1.213020e+002  8.120003e+001
      vertex -1.379697e+001 -1.210618e+002  8.107477e+001
    endloop
  endfacet
  facet normal  4.636408e-001  0.000000e+000 -8.860232e-001
    outer loop
      vertex -1.355760e+001  1.630204e+001  8.120003e+001
      vertex -1.379697e+001 -1.210618e+002  8.107477e+001
      vertex -1.379697e+001  1.606183e+001  8.107477e+001
    endloop
  endfacet
  facet normal  4.722979e-001  0.000000e+000 -8.814391e-001
    outer loop
      vertex -1.379697e+001  1.606183e+001  8.107477e+001
      vertex -1.379697e+001 -1.210618e+002  8.107477e+001
      vertex -1.406857e+001 -1.208727e+002  8.092924e+001
    endloop
  endfacet
  facet normal  4.722979e-001  0.000000e+000 -8.814391e-001
    outer loop
      vertex -1.379697e+001  1.606183e+001  8.107477e+001
      vertex -1.406857e+001 -1.208727e+002  8.092924e+001
      vertex -1.406857e+001  1.587271e+001  8.092924e+001
    endloop
  endfacet
  facet normal  4.816700e-001  0.000000e+000 -8.763527e-001
    outer loop
      vertex -1.406857e+001  1.587271e+001  8.092924e+001
      vertex -1.406857e+001 -1.208727e+002  8.092924e+001
      vertex -1.434890e+001 -1.207417e+002  8.077516e+001
    endloop
  endfacet
  facet normal  4.816700e-001  0.000000e+000 -8.763527e-001
    outer loop
      vertex -1.406857e+001  1.587271e+001  8.092924e+001
      vertex -1.434890e+001 -1.207417e+002  8.077516e+001
      vertex -1.434890e+001  1.574168e+001  8.077516e+001
    endloop
  endfacet
  facet normal  4.913620e-001  0.000000e+000 -8.709555e-001
    outer loop
      vertex -1.434890e+001  1.574168e+001  8.077516e+001
      vertex -1.434890e+001 -1.207417e+002  8.077516e+001
      vertex -1.464148e+001 -1.206596e+002  8.061010e+001
    endloop
  endfacet
  facet normal  4.913620e-001  0.000000e+000 -8.709554e-001
    outer loop
      vertex -1.434890e+001  1.574168e+001  8.077516e+001
      vertex -1.464148e+001 -1.206596e+002  8.061010e+001
      vertex -1.464148e+001  1.565960e+001  8.061010e+001
    endloop
  endfacet
  facet normal  5.013753e-001  0.000000e+000 -8.652298e-001
    outer loop
      vertex -1.464148e+001  1.565960e+001  8.061010e+001
      vertex -1.464148e+001 -1.206596e+002  8.061010e+001
      vertex -1.493930e+001 -1.206260e+002  8.043752e+001
    endloop
  endfacet
  facet normal  5.013753e-001  0.000000e+000 -8.652298e-001
    outer loop
      vertex -1.464148e+001  1.565960e+001  8.061010e+001
      vertex -1.493930e+001 -1.206260e+002  8.043752e+001
      vertex -1.493930e+001  1.562599e+001  8.043752e+001
    endloop
  endfacet
  facet normal  5.114661e-001  0.000000e+000 -8.593034e-001
    outer loop
      vertex -1.493930e+001  1.562599e+001  8.043752e+001
      vertex -1.493930e+001 -1.206260e+002  8.043752e+001
      vertex -1.523616e+001 -1.206399e+002  8.026083e+001
    endloop
  endfacet
  facet normal  5.114661e-001  0.000000e+000 -8.593035e-001
    outer loop
      vertex -1.493930e+001  1.562599e+001  8.043752e+001
      vertex -1.523616e+001 -1.206399e+002  8.026083e+001
      vertex -1.523616e+001  1.563993e+001  8.026083e+001
    endloop
  endfacet
  facet normal  5.213212e-001  0.000000e+000 -8.533605e-001
    outer loop
      vertex -1.523616e+001  1.563993e+001  8.026083e+001
      vertex -1.523616e+001 -1.206399e+002  8.026083e+001
      vertex -1.552130e+001 -1.206989e+002  8.008663e+001
    endloop
  endfacet
  facet normal  5.213214e-001  0.000000e+000 -8.533605e-001
    outer loop
      vertex -1.523616e+001  1.563993e+001  8.026083e+001
      vertex -1.552130e+001 -1.206989e+002  8.008663e+001
      vertex -1.552130e+001  1.569893e+001  8.008663e+001
    endloop
  endfacet
  facet normal  5.307902e-001  0.000000e+000 -8.475032e-001
    outer loop
      vertex -1.552130e+001  1.569893e+001  8.008663e+001
      vertex -1.552130e+001 -1.206989e+002  8.008663e+001
      vertex -1.579538e+001 -1.208021e+002  7.991498e+001
    endloop
  endfacet
  facet normal  5.307903e-001  0.000000e+000 -8.475033e-001
    outer loop
      vertex -1.552130e+001  1.569893e+001  8.008663e+001
      vertex -1.579538e+001 -1.208021e+002  7.991498e+001
      vertex -1.579538e+001  1.580206e+001  7.991498e+001
    endloop
  endfacet
  facet normal  5.398180e-001  0.000000e+000 -8.417819e-001
    outer loop
      vertex -1.579538e+001  1.580206e+001  7.991498e+001
      vertex -1.579538e+001 -1.208021e+002  7.991498e+001
      vertex -1.605308e+001 -1.209487e+002  7.974972e+001
    endloop
  endfacet
  facet normal  5.398179e-001  0.000000e+000 -8.417818e-001
    outer loop
      vertex -1.579538e+001  1.580206e+001  7.991498e+001
      vertex -1.605308e+001 -1.209487e+002  7.974972e+001
      vertex -1.605308e+001  1.594867e+001  7.974972e+001
    endloop
  endfacet
  facet normal  5.481671e-001  0.000000e+000 -8.363688e-001
    outer loop
      vertex -1.605308e+001  1.594867e+001  7.974972e+001
      vertex -1.605308e+001 -1.209487e+002  7.974972e+001
      vertex -1.628856e+001 -1.211379e+002  7.959538e+001
    endloop
  endfacet
  facet normal  5.481671e-001  0.000000e+000 -8.363687e-001
    outer loop
      vertex -1.605308e+001  1.594867e+001  7.974972e+001
      vertex -1.628856e+001 -1.211379e+002  7.959538e+001
      vertex -1.628856e+001  1.613793e+001  7.959538e+001
    endloop
  endfacet
  facet normal  5.553808e-001  0.000000e+000 -8.315961e-001
    outer loop
      vertex -1.628856e+001  1.613793e+001  7.959538e+001
      vertex -1.628856e+001 -1.211379e+002  7.959538e+001
      vertex -1.647889e+001 -1.213474e+002  7.946827e+001
    endloop
  endfacet
  facet normal  5.553808e-001  0.000000e+000 -8.315962e-001
    outer loop
      vertex -1.628856e+001  1.613793e+001  7.959538e+001
      vertex -1.647889e+001 -1.213474e+002  7.946827e+001
      vertex -1.647889e+001  1.634739e+001  7.946827e+001
    endloop
  endfacet
  facet normal  5.613225e-001  0.000000e+000 -8.275972e-001
    outer loop
      vertex -1.647889e+001  1.634739e+001  7.946827e+001
      vertex -1.647889e+001 -1.213474e+002  7.946827e+001
      vertex -1.663920e+001 -1.215897e+002  7.935954e+001
    endloop
  endfacet
  facet normal  5.613225e-001  0.000000e+000 -8.275971e-001
    outer loop
      vertex -1.647889e+001  1.634739e+001  7.946827e+001
      vertex -1.663920e+001 -1.215897e+002  7.935954e+001
      vertex -1.663920e+001  1.658969e+001  7.935954e+001
    endloop
  endfacet
  facet normal  5.660676e-001  0.000000e+000 -8.243587e-001
    outer loop
      vertex -1.663920e+001  1.658969e+001  7.935954e+001
      vertex -1.663920e+001 -1.215897e+002  7.935954e+001
      vertex -1.675701e+001 -1.218454e+002  7.927864e+001
    endloop
  endfacet
  facet normal  5.660677e-001  0.000000e+000 -8.243588e-001
    outer loop
      vertex -1.663920e+001  1.658969e+001  7.935954e+001
      vertex -1.675701e+001 -1.218454e+002  7.927864e+001
      vertex -1.675701e+001  1.684538e+001  7.927864e+001
    endloop
  endfacet
  facet normal  5.693772e-001  0.000000e+000 -8.220764e-001
    outer loop
      vertex -1.675701e+001  1.684538e+001  7.927864e+001
      vertex -1.675701e+001 -1.218454e+002  7.927864e+001
      vertex -1.683647e+001 -1.221218e+002  7.922361e+001
    endloop
  endfacet
  facet normal  5.693772e-001  0.000000e+000 -8.220764e-001
    outer loop
      vertex -1.675701e+001  1.684538e+001  7.927864e+001
      vertex -1.683647e+001 -1.221218e+002  7.922361e+001
      vertex -1.683647e+001  1.712183e+001  7.922361e+001
    endloop
  endfacet
  facet normal  5.711600e-001  0.000000e+000 -8.208387e-001
    outer loop
      vertex -1.683647e+001  1.712183e+001  7.922361e+001
      vertex -1.683647e+001 -1.221218e+002  7.922361e+001
      vertex -1.686529e+001 -1.223095e+002  7.920355e+001
    endloop
  endfacet
  facet normal  5.711600e-001  0.000000e+000 -8.208387e-001
    outer loop
      vertex -1.683647e+001  1.712183e+001  7.922361e+001
      vertex -1.686529e+001 -1.223095e+002  7.920355e+001
      vertex -1.686529e+001  1.730947e+001  7.920355e+001
    endloop
  endfacet
  facet normal  5.719143e-001  0.000000e+000 -8.203134e-001
    outer loop
      vertex -1.686529e+001  1.730947e+001  7.920355e+001
      vertex -1.686529e+001 -1.223095e+002  7.920355e+001
      vertex -1.687500e+001 -1.225000e+002  7.919678e+001
    endloop
  endfacet
  facet normal  5.719143e-001  0.000000e+000 -8.203133e-001
    outer loop
      vertex -1.686529e+001  1.730947e+001  7.920355e+001
      vertex -1.687500e+001 -1.225000e+002  7.919678e+001
      vertex -1.687500e+001  1.750000e+001  7.919678e+001
    endloop
  endfacet
  facet normal  5.762748e-001  0.000000e+000 -8.172560e-001
    outer loop
      vertex -1.687500e+001  1.750000e+001  7.919678e+001
      vertex -1.687500e+001 -1.225000e+002  7.919678e+001
      vertex -1.712500e+001 -1.225000e+002  7.902050e+001
    endloop
  endfacet
  facet normal  5.762748e-001  0.000000e+000 -8.172560e-001
    outer loop
      vertex -1.687500e+001  1.750000e+001  7.919678e+001
      vertex -1.712500e+001 -1.225000e+002  7.902050e+001
      vertex -1.712500e+001  1.750000e+001  7.902050e+001
    endloop
  endfacet
  facet normal  6.013278e-001  0.000000e+000 -7.990024e-001
    outer loop
      vertex -1.712500e+001  1.750000e+001  7.902050e+001
      vertex -1.712500e+001 -1.225000e+002  7.902050e+001
      vertex -1.834141e+001 -1.225000e+002  7.810503e+001
    endloop
  endfacet
  facet normal  6.013278e-001  0.000000e+000 -7.990024e-001
    outer loop
      vertex -1.712500e+001  1.750000e+001  7.902050e+001
      vertex -1.834141e+001 -1.225000e+002  7.810503e+001
      vertex -1.834141e+001  1.750000e+001  7.810503e+001
    endloop
  endfacet
  facet normal  6.417448e-001  0.000000e+000 -7.669182e-001
    outer loop
      vertex -1.834141e+001  1.750000e+001  7.810503e+001
      vertex -1.834141e+001 -1.225000e+002  7.810503e+001
      vertex -1.950897e+001 -1.225000e+002  7.712804e+001
    endloop
  endfacet
  facet normal  6.417448e-001  0.000000e+000 -7.669182e-001
    outer loop
      vertex -1.834141e+001  1.750000e+001  7.810503e+001
      vertex -1.950897e+001 -1.225000e+002  7.712804e+001
      vertex -1.950897e+001  1.750000e+001  7.712804e+001
    endloop
  endfacet
  facet normal  6.804574e-001  0.000000e+000 -7.327877e-001
    outer loop
      vertex -1.950897e+001  1.750000e+001  7.712804e+001
      vertex -1.950897e+001 -1.225000e+002  7.712804e+001
      vertex -2.062457e+001 -1.225000e+002  7.609210e+001
    endloop
  endfacet
  facet normal  6.804574e-001  0.000000e+000 -7.327877e-001
    outer loop
      vertex -1.950897e+001  1.750000e+001  7.712804e+001
      vertex -2.062457e+001 -1.225000e+002  7.609210e+001
      vertex -2.062457e+001  1.750000e+001  7.609210e+001
    endloop
  endfacet
  facet normal -6.257675e-001 -3.028886e-004 -7.800095e-001
    outer loop
      vertex  1.872676e+001  2.279383e+001  7.779383e+001
      vertex  1.834141e+001  1.750000e+001  7.810503e+001
      vertex  1.818227e+001  2.323048e+001  7.823048e+001
    endloop
  endfacet
  facet normal -6.013270e-001  7.916600e-004 -7.990026e-001
    outer loop
      vertex  1.818227e+001  2.323048e+001  7.823048e+001
      vertex  1.834141e+001  1.750000e+001  7.810503e+001
      vertex  1.712500e+001  1.750000e+001  7.902050e+001
    endloop
  endfacet
  facet normal -6.058897e-001  2.110040e-003 -7.955458e-001
    outer loop
      vertex  1.818227e+001  2.323048e+001  7.823048e+001
      vertex  1.712500e+001  1.750000e+001  7.902050e+001
      vertex  1.762292e+001  2.365761e+001  7.865762e+001
    endloop
  endfacet
  facet normal -1.969000e-001 -4.053288e-004 -9.804235e-001
    outer loop
      vertex  5.239988e+000  2.903089e+001  8.403089e+001
      vertex  6.370021e+000  2.880404e+001  8.380404e+001
      vertex  6.047135e+000  1.750000e+001  8.387356e+001
    endloop
  endfacet
  facet normal -2.346507e-001  7.242871e-004 -9.720795e-001
    outer loop
      vertex  6.047135e+000  1.750000e+001  8.387356e+001
      vertex  6.370021e+000  2.880404e+001  8.380404e+001
      vertex  7.481661e+000  2.853550e+001  8.353550e+001
    endloop
  endfacet
  facet normal -2.301785e-001  1.101924e-004 -9.731483e-001
    outer loop
      vertex  6.047135e+000  1.750000e+001  8.387356e+001
      vertex  7.481661e+000  2.853550e+001  8.353550e+001
      vertex  7.528665e+000  1.750000e+001  8.352313e+001
    endloop
  endfacet
  facet normal -4.088500e-002 -3.087840e-004 -9.991637e-001
    outer loop
      vertex  6.420805e-001  2.949301e+001  8.449301e+001
      vertex  1.768960e+000  2.944691e+001  8.444691e+001
      vertex  1.521901e+000  1.750000e+001  8.446072e+001
    endloop
  endfacet
  facet normal -7.972641e-002  4.971579e-004 -9.968166e-001
    outer loop
      vertex  1.521901e+000  1.750000e+001  8.446072e+001
      vertex  1.768960e+000  2.944691e+001  8.444691e+001
      vertex  2.936239e+000  2.935351e+001  8.435351e+001
    endloop
  endfacet
  facet normal -7.734096e-002  2.108318e-004 -9.970047e-001
    outer loop
      vertex  1.521901e+000  1.750000e+001  8.446072e+001
      vertex  2.936239e+000  2.935351e+001  8.435351e+001
      vertex  3.039748e+000  1.750000e+001  8.434297e+001
    endloop
  endfacet
  facet normal  1.117120e-001 -3.564627e-004 -9.937406e-001
    outer loop
      vertex -3.851083e+000  2.924755e+001  8.424755e+001
      vertex -2.736363e+000  2.937282e+001  8.437282e+001
      vertex -3.039747e+000  1.750000e+001  8.434297e+001
    endloop
  endfacet
  facet normal  7.369973e-002  6.237553e-004 -9.972802e-001
    outer loop
      vertex -3.039747e+000  1.750000e+001  8.434297e+001
      vertex -2.736363e+000  2.937282e+001  8.437282e+001
      vertex -1.613832e+000  2.945582e+001  8.445583e+001
    endloop
  endfacet
  facet normal  7.734096e-002  1.868806e-004 -9.970047e-001
    outer loop
      vertex -3.039747e+000  1.750000e+001  8.434297e+001
      vertex -1.613832e+000  2.945582e+001  8.445583e+001
      vertex -1.521900e+000  1.750000e+001  8.446072e+001
    endloop
  endfacet
  facet normal  2.697678e-001 -2.679566e-004 -9.629254e-001
    outer loop
      vertex -8.540482e+000  2.823668e+001  8.323668e+001
      vertex -7.368082e+000  2.856504e+001  8.356504e+001
      vertex -7.528663e+000  1.750000e+001  8.352313e+001
    endloop
  endfacet
  facet normal  2.294598e-001  3.563721e-004 -9.733181e-001
    outer loop
      vertex -7.528663e+000  1.750000e+001  8.352313e+001
      vertex -7.368082e+000  2.856504e+001  8.356504e+001
      vertex -6.171863e+000  2.884715e+001  8.384715e+001
    endloop
  endfacet
  facet normal  2.301785e-001  2.655967e-004 -9.731484e-001
    outer loop
      vertex -7.528663e+000  1.750000e+001  8.352313e+001
      vertex -6.171863e+000  2.884715e+001  8.384715e+001
      vertex -6.047133e+000  1.750000e+001  8.387356e+001
    endloop
  endfacet
  facet normal  4.453475e-001  9.815631e-008 -8.953578e-001
    outer loop
      vertex -1.315227e+001  1.781862e+001  8.140583e+001
      vertex -1.313781e+001  2.641303e+001  8.141302e+001
      vertex -1.312500e+001  1.750000e+001  8.141940e+001
    endloop
  endfacet
  facet normal  4.260074e-001 -3.438857e-005 -9.047196e-001
    outer loop
      vertex -1.312500e+001  1.750000e+001  8.141940e+001
      vertex -1.313781e+001  2.641303e+001  8.141302e+001
      vertex -1.198985e+001  2.695354e+001  8.195354e+001
    endloop
  endfacet
  facet normal  4.232157e-001  3.748043e-004 -9.060288e-001
    outer loop
      vertex -1.312500e+001  1.750000e+001  8.141940e+001
      vertex -1.198985e+001  2.695354e+001  8.195354e+001
      vertex -1.183744e+001  1.750000e+001  8.202083e+001
    endloop
  endfacet
  facet normal  6.203247e-001 -6.717675e-004 -7.843449e-001
    outer loop
      vertex -1.791429e+001  2.343775e+001  7.843775e+001
      vertex -1.834141e+001  1.750000e+001  7.810503e+001
      vertex -1.866100e+001  2.284769e+001  7.784769e+001
    endloop
  endfacet
  facet normal  6.417441e-001  1.446949e-003 -7.669175e-001
    outer loop
      vertex -1.866100e+001  2.284769e+001  7.784769e+001
      vertex -1.834141e+001  1.750000e+001  7.810503e+001
      vertex -1.950897e+001  1.750000e+001  7.712804e+001
    endloop
  endfacet
  facet normal  6.410015e-001  1.648208e-003 -7.675379e-001
    outer loop
      vertex -1.866100e+001  2.284769e+001  7.784769e+001
      vertex -1.950897e+001  1.750000e+001  7.712804e+001
      vertex -1.920308e+001  2.239401e+001  7.739401e+001
    endloop
  endfacet
  facet normal -7.728871e-001  6.345365e-001 -2.992277e-003
    outer loop
      vertex -2.561737e+001  2.000000e+001  7.500000e+001
      vertex -2.470350e+001  2.111840e+001  7.611840e+001
      vertex -2.460539e+001  2.123264e+001  7.500000e+001
    endloop
  endfacet
  facet normal -7.464991e-001  6.653818e-001  2.473398e-003
    outer loop
      vertex -2.460539e+001  2.123264e+001  7.500000e+001
      vertex -2.470350e+001  2.111840e+001  7.611840e+001
      vertex -2.372696e+001  2.220994e+001  7.720995e+001
    endloop
  endfacet
  facet normal -7.408289e-001  6.716889e-001 -2.569572e-003
    outer loop
      vertex -2.460539e+001  2.123264e+001  7.500000e+001
      vertex -2.372696e+001  2.220994e+001  7.720995e+001
      vertex -2.353415e+001  2.241414e+001  7.500000e+001
    endloop
  endfacet
  facet normal -7.155127e-001  6.985965e-001  2.125479e-003
    outer loop
      vertex -2.353415e+001  2.241414e+001  7.500000e+001
      vertex -2.372696e+001  2.220994e+001  7.720995e+001
      vertex -2.270063e+001  2.325793e+001  7.825793e+001
    endloop
  endfacet
  facet normal -7.069865e-001  7.072234e-001 -2.290201e-003
    outer loop
      vertex -2.353415e+001  2.241414e+001  7.500000e+001
      vertex -2.270063e+001  2.325793e+001  7.825793e+001
      vertex -2.240624e+001  2.354168e+001  7.500000e+001
    endloop
  endfacet
  facet normal -6.160390e-001  7.877151e-001  9.065297e-004
    outer loop
      vertex -2.045759e+001  2.525345e+001  8.025346e+001
      vertex -1.955008e+001  2.596236e+001  8.096236e+001
      vertex -1.999140e+001  2.562409e+001  7.500000e+001
    endloop
  endfacet
  facet normal -5.955887e-001  8.032881e-001 -1.490664e-003
    outer loop
      vertex -1.871028e+001  2.657396e+001  7.500000e+001
      vertex -1.999140e+001  2.562409e+001  7.500000e+001
      vertex -1.955008e+001  2.596236e+001  8.096236e+001
    endloop
  endfacet
  facet normal -5.872598e-001  8.093985e-001  3.092520e-004
    outer loop
      vertex -1.955008e+001  2.596236e+001  8.096236e+001
      vertex -1.860611e+001  2.664700e+001  8.164700e+001
      vertex -1.871028e+001  2.657396e+001  7.500000e+001
    endloop
  endfacet
  facet normal -5.140025e-001  8.577879e-001 -1.208662e-003
    outer loop
      vertex -1.738411e+001  2.745984e+001  7.500000e+001
      vertex -1.660887e+001  2.793556e+001  8.293555e+001
      vertex -1.601607e+001  2.827959e+001  7.500000e+001
    endloop
  endfacet
  facet normal -4.944683e-001  8.691954e-001  7.451272e-004
    outer loop
      vertex -1.660887e+001  2.793556e+001  8.293555e+001
      vertex -1.550463e+001  2.856320e+001  8.356320e+001
      vertex -1.601607e+001  2.827959e+001  7.500000e+001
    endloop
  endfacet
  facet normal -4.713046e-001  8.819698e-001 -1.061410e-003
    outer loop
      vertex -1.460947e+001  2.903125e+001  7.500000e+001
      vertex -1.601607e+001  2.827959e+001  7.500000e+001
      vertex -1.550463e+001  2.856320e+001  8.356320e+001
    endloop
  endfacet
  facet normal -4.597602e-001  8.880429e-001  4.773390e-004
    outer loop
      vertex -1.550463e+001  2.856320e+001  8.356320e+001
      vertex -1.436128e+001  2.915482e+001  8.415482e+001
      vertex -1.460947e+001  2.903125e+001  7.500000e+001
    endloop
  endfacet
  facet normal -3.368203e-001  9.415687e-001 -8.231249e-004
    outer loop
      vertex -1.169420e+001  3.032319e+001  7.500000e+001
      vertex -1.070762e+001  3.068545e+001  8.568545e+001
      vertex -1.019255e+001  3.086036e+001  7.500000e+001
    endloop
  endfacet
  facet normal -3.113807e-001  9.502851e-001  5.458203e-004
    outer loop
      vertex -1.019255e+001  3.086036e+001  7.500000e+001
      vertex -1.070762e+001  3.068545e+001  8.568545e+001
      vertex -9.517903e+000  3.107506e+001  8.607507e+001
    endloop
  endfacet
  facet normal -2.902248e-001  9.569582e-001 -8.722699e-004
    outer loop
      vertex -1.019255e+001  3.086036e+001  7.500000e+001
      vertex -9.517903e+000  3.107506e+001  8.607507e+001
      vertex -8.666355e+000  3.132322e+001  7.500000e+001
    endloop
  endfacet
  facet normal -2.743239e-001  9.616372e-001  4.551813e-004
    outer loop
      vertex -9.517903e+000  3.107506e+001  8.607507e+001
      vertex -8.301935e+000  3.142177e+001  8.642178e+001
      vertex -8.666355e+000  3.132322e+001  7.500000e+001
    endloop
  endfacet
  facet normal -2.429287e-001  9.700440e-001 -6.190416e-004
    outer loop
      vertex -7.119291e+000  3.171066e+001  7.500000e+001
      vertex -8.666355e+000  3.132322e+001  7.500000e+001
      vertex -8.301935e+000  3.142177e+001  8.642178e+001
    endloop
  endfacet
  facet normal -2.364383e-001  9.716465e-001  9.352084e-005
    outer loop
      vertex -8.301935e+000  3.142177e+001  8.642178e+001
      vertex -7.062185e+000  3.172342e+001  8.672342e+001
      vertex -7.119291e+000  3.171066e+001  7.500000e+001
    endloop
  endfacet
  facet normal -1.466977e-001  9.891811e-001 -7.260138e-004
    outer loop
      vertex -5.555084e+000  3.202173e+001  7.500000e+001
      vertex -4.523103e+000  3.218372e+001  8.718372e+001
      vertex -3.977499e+000  3.225569e+001  7.500000e+001
    endloop
  endfacet
  facet normal -1.207266e-001  9.926857e-001  4.577120e-004
    outer loop
      vertex -3.977499e+000  3.225569e+001  7.500000e+001
      vertex -4.523103e+000  3.218372e+001  8.718372e+001
      vertex -3.319289e+000  3.233005e+001  8.733006e+001
    endloop
  endfacet
  facet normal -9.799615e-002  9.951864e-001 -7.707769e-004
    outer loop
      vertex -3.977499e+000  3.225569e+001  7.500000e+001
      vertex -3.319289e+000  3.233005e+001  8.733006e+001
      vertex -2.390337e+000  3.241198e+001  7.500000e+001
    endloop
  endfacet
  facet normal -8.351515e-002  9.965064e-001  3.289993e-004
    outer loop
      vertex -3.319289e+000  3.233005e+001  8.733006e+001
      vertex -2.106404e+000  3.243167e+001  8.743166e+001
      vertex -2.390337e+000  3.241198e+001  7.500000e+001
    endloop
  endfacet
  facet normal  0.000000e+000  9.999998e-001 -6.461458e-004
    outer loop
      vertex -7.974180e-001  3.249022e+001  7.500000e+001
      vertex  3.333993e-001  3.249829e+001  8.749828e+001
      vertex  7.974209e-001  3.249022e+001  7.500000e+001
    endloop
  endfacet
  facet normal  2.904902e-002  9.995778e-001  4.326247e-004
    outer loop
      vertex  7.974209e-001  3.249022e+001  7.500000e+001
      vertex  3.333993e-001  3.249829e+001  8.749828e+001
      vertex  1.553631e+000  3.246284e+001  8.746284e+001
    endloop
  endfacet
  facet normal  4.905788e-002  9.987956e-001 -7.831747e-004
    outer loop
      vertex  7.974209e-001  3.249022e+001  7.500000e+001
      vertex  1.553631e+000  3.246284e+001  8.746284e+001
      vertex  2.390339e+000  3.241198e+001  7.500000e+001
    endloop
  endfacet
  facet normal  6.654933e-002  9.977831e-001  3.952682e-004
    outer loop
      vertex  1.553631e+000  3.246284e+001  8.746284e+001
      vertex  2.769605e+000  3.238177e+001  8.738177e+001
      vertex  2.390339e+000  3.241198e+001  7.500000e+001
    endloop
  endfacet
  facet normal  1.950499e-001  9.807930e-001 -8.135734e-004
    outer loop
      vertex  5.555087e+000  3.202173e+001  7.500000e+001
      vertex  6.431314e+000  3.185731e+001  8.685731e+001
      vertex  7.119294e+000  3.171066e+001  7.500000e+001
    endloop
  endfacet
  facet normal  2.165106e-001  9.762802e-001  4.874272e-004
    outer loop
      vertex  6.431314e+000  3.185731e+001  8.685731e+001
      vertex  7.632694e+000  3.159101e+001  8.659101e+001
      vertex  7.119294e+000  3.171066e+001  7.500000e+001
    endloop
  endfacet
  facet normal  2.429298e-001  9.700436e-001 -7.471304e-004
    outer loop
      vertex  8.666358e+000  3.132322e+001  7.500000e+001
      vertex  7.119294e+000  3.171066e+001  7.500000e+001
      vertex  7.632694e+000  3.159101e+001  8.659101e+001
    endloop
  endfacet
  facet normal  2.531180e-001  9.674353e-001  2.217004e-004
    outer loop
      vertex  7.632694e+000  3.159101e+001  8.659101e+001
      vertex  8.813525e+000  3.128213e+001  8.628214e+001
      vertex  8.666358e+000  3.132322e+001  7.500000e+001
    endloop
  endfacet
  facet normal  3.368202e-001  9.415686e-001 -8.869365e-004
    outer loop
      vertex  1.019255e+001  3.086036e+001  7.500000e+001
      vertex  1.110436e+001  3.054412e+001  8.554412e+001
      vertex  1.169420e+001  3.032319e+001  7.500000e+001
    endloop
  endfacet
  facet normal  3.611468e-001  9.325088e-001  6.637338e-004
    outer loop
      vertex  1.169420e+001  3.032319e+001  7.500000e+001
      vertex  1.110436e+001  3.054412e+001  8.554412e+001
      vertex  1.235065e+001  3.006179e+001  8.506180e+001
    endloop
  endfacet
  facet normal  3.826061e-001  9.239111e-001 -9.596462e-004
    outer loop
      vertex  1.169420e+001  3.032319e+001  7.500000e+001
      vertex  1.235065e+001  3.006179e+001  8.506180e+001
      vertex  1.316769e+001  2.971299e+001  7.500000e+001
    endloop
  endfacet
  facet normal  3.989436e-001  9.169753e-001  6.074475e-004
    outer loop
      vertex  1.235065e+001  3.006179e+001  8.506180e+001
      vertex  1.356098e+001  2.953557e+001  8.453557e+001
      vertex  1.316769e+001  2.971299e+001  7.500000e+001
    endloop
  endfacet
  facet normal  4.274696e-001  9.040294e-001 -8.099559e-004
    outer loop
      vertex  1.460948e+001  2.903125e+001  7.500000e+001
      vertex  1.316769e+001  2.971299e+001  7.500000e+001
      vertex  1.356098e+001  2.953557e+001  8.453557e+001
    endloop
  endfacet
  facet normal  4.355008e-001  9.001883e-001  2.762691e-004
    outer loop
      vertex  1.356098e+001  2.953557e+001  8.453557e+001
      vertex  1.473378e+001  2.896836e+001  8.396836e+001
      vertex  1.460948e+001  2.903125e+001  7.500000e+001
    endloop
  endfacet
  facet normal  5.140034e-001  8.577874e-001 -1.086841e-003
    outer loop
      vertex  1.601608e+001  2.827959e+001  7.500000e+001
      vertex  1.696235e+001  2.772235e+001  8.272235e+001
      vertex  1.738411e+001  2.745984e+001  7.500000e+001
    endloop
  endfacet
  facet normal  6.193470e-001  7.851173e-001  2.963943e-004
    outer loop
      vertex  1.999140e+001  2.562409e+001  7.500000e+001
      vertex  1.983238e+001  2.574737e+001  8.074737e+001
      vertex  2.041316e+001  2.528938e+001  8.028938e+001
    endloop
  endfacet
  facet normal  6.342790e-001  7.731023e-001 -1.654550e-003
    outer loop
      vertex  1.999140e+001  2.562409e+001  7.500000e+001
      vertex  2.041316e+001  2.528938e+001  8.028938e+001
      vertex  2.122437e+001  2.461252e+001  7.500000e+001
    endloop
  endfacet
  facet normal  6.460100e-001  7.633276e-001  1.395428e-003
    outer loop
      vertex  2.041316e+001  2.528938e+001  8.028938e+001
      vertex  2.152236e+001  2.435237e+001  7.935237e+001
      vertex  2.122437e+001  2.461252e+001  7.500000e+001
    endloop
  endfacet
  facet normal  6.714417e-001  7.410554e-001 -1.676984e-003
    outer loop
      vertex  2.240624e+001  2.354167e+001  7.500000e+001
      vertex  2.122437e+001  2.461252e+001  7.500000e+001
      vertex  2.152236e+001  2.435237e+001  7.935237e+001
    endloop
  endfacet
  facet normal  6.791491e-001  7.339994e-001  1.202537e-003
    outer loop
      vertex  2.152236e+001  2.435237e+001  7.935237e+001
      vertex  2.257278e+001  2.338203e+001  7.838203e+001
      vertex  2.240624e+001  2.354167e+001  7.500000e+001
    endloop
  endfacet
  facet normal  7.069871e-001  7.072250e-001 -1.432116e-003
    outer loop
      vertex  2.353415e+001  2.241414e+001  7.500000e+001
      vertex  2.240624e+001  2.354167e+001  7.500000e+001
      vertex  2.257278e+001  2.338203e+001  7.838203e+001
    endloop
  endfacet
  facet normal  7.101759e-001  7.040243e-001  3.903284e-004
    outer loop
      vertex  2.257278e+001  2.338203e+001  7.838203e+001
      vertex  2.356508e+001  2.238162e+001  7.738161e+001
      vertex  2.353415e+001  2.241414e+001  7.500000e+001
    endloop
  endfacet
  facet normal  7.726731e-001  6.343608e-001 -2.371998e-002
    outer loop
      vertex  2.561738e+001  2.000000e+001  7.500000e+001
      vertex  2.460539e+001  2.123264e+001  7.500000e+001
      vertex  2.537867e+001  2.030204e+001  7.530204e+001
    endloop
  endfacet
  facet normal -6.721417e-001  7.404195e-001 -2.062227e-003
    outer loop
      vertex -2.159637e+001  2.428676e+001  7.928676e+001
      vertex -2.122437e+001  2.461252e+001  7.500000e+001
      vertex -2.215667e+001  2.377671e+001  7.877671e+001
    endloop
  endfacet
  facet normal -6.714409e-001  7.410560e-001 -1.748376e-003
    outer loop
      vertex -2.215667e+001  2.377671e+001  7.877671e+001
      vertex -2.122437e+001  2.461252e+001  7.500000e+001
      vertex -2.240624e+001  2.354168e+001  7.500000e+001
    endloop
  endfacet
  facet normal -6.904616e-001  7.233687e-001  6.092324e-004
    outer loop
      vertex -2.215667e+001  2.377671e+001  7.877671e+001
      vertex -2.240624e+001  2.354168e+001  7.500000e+001
      vertex -2.270063e+001  2.325793e+001  7.825793e+001
    endloop
  endfacet
  facet normal -6.373106e-001  7.706038e-001 -2.188372e-003
    outer loop
      vertex -2.045759e+001  2.525345e+001  8.025346e+001
      vertex -1.999140e+001  2.562409e+001  7.500000e+001
      vertex -2.103482e+001  2.477471e+001  7.977472e+001
    endloop
  endfacet
  facet normal -6.342795e-001  7.731031e-001 -1.081373e-003
    outer loop
      vertex -2.103482e+001  2.477471e+001  7.977472e+001
      vertex -1.999140e+001  2.562409e+001  7.500000e+001
      vertex -2.122437e+001  2.461252e+001  7.500000e+001
    endloop
  endfacet
  facet normal -6.561097e-001  7.546655e-001  4.115934e-004
    outer loop
      vertex -2.103482e+001  2.477471e+001  7.977472e+001
      vertex -2.122437e+001  2.461252e+001  7.500000e+001
      vertex -2.159637e+001  2.428676e+001  7.928676e+001
    endloop
  endfacet
  facet normal -5.554661e-001  8.315391e-001 -4.322766e-004
    outer loop
      vertex -1.871028e+001  2.657396e+001  7.500000e+001
      vertex -1.860611e+001  2.664700e+001  8.164700e+001
      vertex -1.738411e+001  2.745984e+001  7.500000e+001
    endloop
  endfacet
  facet normal -5.571020e-001  8.304437e-001 -8.669776e-004
    outer loop
      vertex -1.738411e+001  2.745984e+001  7.500000e+001
      vertex -1.860611e+001  2.664700e+001  8.164700e+001
      vertex -1.762568e+001  2.730541e+001  8.230541e+001
    endloop
  endfacet
  facet normal -5.270162e-001  8.498551e-001  5.382049e-004
    outer loop
      vertex -1.738411e+001  2.745984e+001  7.500000e+001
      vertex -1.762568e+001  2.730541e+001  8.230541e+001
      vertex -1.660887e+001  2.793556e+001  8.293555e+001
    endloop
  endfacet
  facet normal -4.274687e-001  9.040300e-001 -6.139092e-004
    outer loop
      vertex -1.460947e+001  2.903125e+001  7.500000e+001
      vertex -1.436128e+001  2.915482e+001  8.415482e+001
      vertex -1.316769e+001  2.971299e+001  7.500000e+001
    endloop
  endfacet
  facet normal -4.237826e-001  9.057639e-001 -2.760385e-005
    outer loop
      vertex -1.316769e+001  2.971299e+001  7.500000e+001
      vertex -1.436128e+001  2.915482e+001  8.415482e+001
      vertex -1.317972e+001  2.970766e+001  8.470766e+001
    endloop
  endfacet
  facet normal -3.826062e-001  9.239115e-001  3.339511e-005
    outer loop
      vertex -1.316769e+001  2.971299e+001  7.500000e+001
      vertex -1.317972e+001  2.970766e+001  8.470766e+001
      vertex -1.169420e+001  3.032319e+001  7.500000e+001
    endloop
  endfacet
  facet normal -3.866185e-001  9.222395e-001 -6.866126e-004
    outer loop
      vertex -1.169420e+001  3.032319e+001  7.500000e+001
      vertex -1.317972e+001  2.970766e+001  8.470766e+001
      vertex -1.196127e+001  3.021884e+001  8.521883e+001
    endloop
  endfacet
  facet normal -3.489730e-001  9.371326e-001  4.493266e-004
    outer loop
      vertex -1.169420e+001  3.032319e+001  7.500000e+001
      vertex -1.196127e+001  3.021884e+001  8.521883e+001
      vertex -1.070762e+001  3.068545e+001  8.568545e+001
    endloop
  endfacet
  facet normal -1.950500e-001  9.807933e-001 -1.180496e-004
    outer loop
      vertex -7.119291e+000  3.171066e+001  7.500000e+001
      vertex -7.062185e+000  3.172342e+001  8.672342e+001
      vertex -5.555084e+000  3.202173e+001  7.500000e+001
    endloop
  endfacet
  facet normal -1.978453e-001  9.802331e-001 -4.916532e-004
    outer loop
      vertex -5.555084e+000  3.202173e+001  7.500000e+001
      vertex -7.062185e+000  3.172342e+001  8.672342e+001
      vertex -5.801501e+000  3.197800e+001  8.697800e+001
    endloop
  endfacet
  facet normal -1.589250e-001  9.872905e-001  3.347975e-004
    outer loop
      vertex -5.555084e+000  3.202173e+001  7.500000e+001
      vertex -5.801501e+000  3.197800e+001  8.697800e+001
      vertex -4.523103e+000  3.218372e+001  8.718372e+001
    endloop
  endfacet
  facet normal -4.905789e-002  9.987958e-001 -4.616129e-004
    outer loop
      vertex -2.390337e+000  3.241198e+001  7.500000e+001
      vertex -2.106404e+000  3.243167e+001  8.743166e+001
      vertex -7.974180e-001  3.249022e+001  7.500000e+001
    endloop
  endfacet
  facet normal -4.606477e-002  9.989385e-001 -1.457812e-004
    outer loop
      vertex -7.974180e-001  3.249022e+001  7.500000e+001
      vertex -2.106404e+000  3.243167e+001  8.743166e+001
      vertex -8.877307e-001  3.248787e+001  8.748787e+001
    endloop
  endfacet
  facet normal -8.532154e-003  9.999636e-001  1.258483e-004
    outer loop
      vertex -7.974180e-001  3.249022e+001  7.500000e+001
      vertex -8.877307e-001  3.248787e+001  8.748787e+001
      vertex  3.333993e-001  3.249829e+001  8.749828e+001
    endloop
  endfacet
  facet normal  9.799617e-002  9.951866e-001 -5.743123e-004
    outer loop
      vertex  2.390339e+000  3.241198e+001  7.500000e+001
      vertex  2.769605e+000  3.238177e+001  8.738177e+001
      vertex  3.977502e+000  3.225569e+001  7.500000e+001
    endloop
  endfacet
  facet normal  1.038278e-001  9.945953e-001  6.080278e-007
    outer loop
      vertex  3.977502e+000  3.225569e+001  7.500000e+001
      vertex  2.769605e+000  3.238177e+001  8.738177e+001
      vertex  3.977978e+000  3.225563e+001  8.725563e+001
    endloop
  endfacet
  facet normal  1.466977e-001  9.891813e-001 -1.083548e-006
    outer loop
      vertex  3.977502e+000  3.225569e+001  7.500000e+001
      vertex  3.977978e+000  3.225563e+001  8.725563e+001
      vertex  5.555087e+000  3.202173e+001  7.500000e+001
    endloop
  endfacet
  facet normal  1.413135e-001  9.899646e-001 -7.089017e-004
    outer loop
      vertex  5.555087e+000  3.202173e+001  7.500000e+001
      vertex  3.977978e+000  3.225563e+001  8.725563e+001
      vertex  5.212075e+000  3.207934e+001  8.707935e+001
    endloop
  endfacet
  facet normal  1.792310e-001  9.838069e-001  3.971948e-004
    outer loop
      vertex  5.555087e+000  3.202173e+001  7.500000e+001
      vertex  5.212075e+000  3.207934e+001  8.707935e+001
      vertex  6.431314e+000  3.185731e+001  8.685731e+001
    endloop
  endfacet
  facet normal  2.902238e-001  9.569587e-001 -3.004736e-004
    outer loop
      vertex  8.666358e+000  3.132322e+001  7.500000e+001
      vertex  8.813525e+000  3.128213e+001  8.628214e+001
      vertex  1.019255e+001  3.086036e+001  7.500000e+001
    endloop
  endfacet
  facet normal  2.889174e-001  9.573539e-001 -4.749330e-004
    outer loop
      vertex  1.019255e+001  3.086036e+001  7.500000e+001
      vertex  8.813525e+000  3.128213e+001  8.628214e+001
      vertex  9.971432e+000  3.093252e+001  8.593252e+001
    endloop
  endfacet
  facet normal  3.243951e-001  9.459217e-001  3.180914e-004
    outer loop
      vertex  1.019255e+001  3.086036e+001  7.500000e+001
      vertex  9.971432e+000  3.093252e+001  8.593252e+001
      vertex  1.110436e+001  3.054412e+001  8.554412e+001
    endloop
  endfacet
  facet normal  4.713042e-001  8.819706e-001 -3.477432e-004
    outer loop
      vertex  1.460948e+001  2.903125e+001  7.500000e+001
      vertex  1.473378e+001  2.896836e+001  8.396836e+001
      vertex  1.601608e+001  2.827959e+001  7.500000e+001
    endloop
  endfacet
  facet normal  4.706947e-001  8.822960e-001 -4.598674e-004
    outer loop
      vertex  1.601608e+001  2.827959e+001  7.500000e+001
      vertex  1.473378e+001  2.896836e+001  8.396836e+001
      vertex  1.586785e+001  2.836303e+001  8.336303e+001
    endloop
  endfacet
  facet normal  5.053276e-001  8.629275e-001  3.471721e-004
    outer loop
      vertex  1.601608e+001  2.827959e+001  7.500000e+001
      vertex  1.586785e+001  2.836303e+001  8.336303e+001
      vertex  1.696235e+001  2.772235e+001  8.272235e+001
    endloop
  endfacet
  facet normal  5.638078e-001  8.259059e-001 -1.832981e-004
    outer loop
      vertex  1.863399e+001  2.662752e+001  8.162752e+001
      vertex  1.871028e+001  2.657396e+001  7.500000e+001
      vertex  1.801674e+001  2.704897e+001  8.204897e+001
    endloop
  endfacet
  facet normal  5.554647e-001  8.315389e-001 -1.383752e-003
    outer loop
      vertex  1.801674e+001  2.704897e+001  8.204897e+001
      vertex  1.871028e+001  2.657396e+001  7.500000e+001
      vertex  1.738411e+001  2.745984e+001  7.500000e+001
    endloop
  endfacet
  facet normal  5.385910e-001  8.425670e-001  7.734408e-004
    outer loop
      vertex  1.801674e+001  2.704897e+001  8.204897e+001
      vertex  1.738411e+001  2.745984e+001  7.500000e+001
      vertex  1.696235e+001  2.772235e+001  8.272235e+001
    endloop
  endfacet
  facet normal  6.008493e-001  7.993621e-001 -5.209492e-004
    outer loop
      vertex  1.983238e+001  2.574737e+001  8.074737e+001
      vertex  1.999140e+001  2.562409e+001  7.500000e+001
      vertex  1.923653e+001  2.619553e+001  8.119553e+001
    endloop
  endfacet
  facet normal  5.955895e-001  8.032875e-001 -1.523861e-003
    outer loop
      vertex  1.923653e+001  2.619553e+001  8.119553e+001
      vertex  1.999140e+001  2.562409e+001  7.500000e+001
      vertex  1.871028e+001  2.657396e+001  7.500000e+001
    endloop
  endfacet
  facet normal  5.827282e-001  8.126671e-001  1.414911e-004
    outer loop
      vertex  1.923653e+001  2.619553e+001  8.119553e+001
      vertex  1.871028e+001  2.657396e+001  7.500000e+001
      vertex  1.863399e+001  2.662752e+001  8.162752e+001
    endloop
  endfacet
  facet normal  7.408313e-001  6.716910e-001 -4.494415e-004
    outer loop
      vertex  2.353415e+001  2.241414e+001  7.500000e+001
      vertex  2.356508e+001  2.238162e+001  7.738161e+001
      vertex  2.460539e+001  2.123264e+001  7.500000e+001
    endloop
  endfacet
  facet normal  7.380816e-001  6.747044e-001 -3.104340e-003
    outer loop
      vertex  2.460539e+001  2.123264e+001  7.500000e+001
      vertex  2.356508e+001  2.238162e+001  7.738161e+001
      vertex  2.450007e+001  2.135407e+001  7.635407e+001
    endloop
  endfacet
  facet normal  7.687286e-001  6.395707e-001  2.430252e-003
    outer loop
      vertex  2.460539e+001  2.123264e+001  7.500000e+001
      vertex  2.450007e+001  2.135407e+001  7.635407e+001
      vertex  2.537867e+001  2.030204e+001  7.530204e+001
    endloop
  endfacet
  facet normal  7.173499e-001 -6.967030e-001  3.737689e-003
    outer loop
      vertex -2.062458e+001  2.109210e+001  7.500000e+001
      vertex -2.073766e+001  2.098093e+001  7.598093e+001
      vertex -2.168525e+001  2.000000e+001  7.500000e+001
    endloop
  endfacet
  facet normal  6.875841e-001 -7.260985e-001 -3.025477e-003
    outer loop
      vertex -1.972983e+001  2.193135e+001  7.693135e+001
      vertex -2.073766e+001  2.098093e+001  7.598093e+001
      vertex -2.062458e+001  2.109210e+001  7.500000e+001
    endloop
  endfacet
  facet normal  6.804526e-001 -7.327851e-001  3.183960e-003
    outer loop
      vertex -1.950897e+001  2.212804e+001  7.500000e+001
      vertex -1.972983e+001  2.193135e+001  7.693135e+001
      vertex -2.062458e+001  2.109210e+001  7.500000e+001
    endloop
  endfacet
  facet normal  5.675437e-001 -8.233432e-001 -7.480304e-005
    outer loop
      vertex -1.633838e+001  2.456231e+001  7.956232e+001
      vertex -1.714010e+001  2.400972e+001  7.900972e+001
      vertex -1.712500e+001  2.402050e+001  7.500000e+001
    endloop
  endfacet
  facet normal  5.593032e-001 -8.289608e-001  2.013150e-003
    outer loop
      vertex -1.586298e+001  2.487199e+001  7.500000e+001
      vertex -1.633838e+001  2.456231e+001  7.956232e+001
      vertex -1.712500e+001  2.402050e+001  7.500000e+001
    endloop
  endfacet
  facet normal  5.371556e-001 -8.434823e-001 -1.280314e-003
    outer loop
      vertex -1.531288e+001  2.521439e+001  8.021439e+001
      vertex -1.633838e+001  2.456231e+001  7.956232e+001
      vertex -1.586298e+001  2.487199e+001  7.500000e+001
    endloop
  endfacet
  facet normal  5.157936e-001 -8.567109e-001  1.841980e-003
    outer loop
      vertex -1.455872e+001  2.565724e+001  7.500000e+001
      vertex -1.531288e+001  2.521439e+001  8.021439e+001
      vertex -1.586298e+001  2.487199e+001  7.500000e+001
    endloop
  endfacet
  facet normal  5.015113e-001 -8.651506e-001 -9.404165e-004
    outer loop
      vertex -1.455872e+001  2.565724e+001  7.500000e+001
      vertex -1.424582e+001  2.583228e+001  8.083228e+001
      vertex -1.531288e+001  2.521439e+001  8.021439e+001
    endloop
  endfacet
  facet normal  4.709084e-001 -8.821812e-001  1.212546e-003
    outer loop
      vertex -1.424582e+001  2.583228e+001  8.083228e+001
      vertex -1.455872e+001  2.565724e+001  7.500000e+001
      vertex -1.321568e+001  2.637415e+001  7.500000e+001
    endloop
  endfacet
  facet normal  4.643452e-001 -8.856543e-001 -2.693776e-004
    outer loop
      vertex -1.321568e+001  2.637415e+001  7.500000e+001
      vertex -1.313781e+001  2.641303e+001  8.141302e+001
      vertex -1.424582e+001  2.583228e+001  8.083228e+001
    endloop
  endfacet
  facet normal  3.775010e-001 -9.260086e-001  1.025781e-003
    outer loop
      vertex -1.042768e+001  2.759554e+001  7.500000e+001
      vertex -1.080338e+001  2.745063e+001  8.245063e+001
      vertex -1.183744e+001  2.702082e+001  7.500000e+001
    endloop
  endfacet
  facet normal  3.475849e-001 -9.376482e-001 -7.091156e-004
    outer loop
      vertex -9.686339e+000  2.786440e+001  8.286440e+001
      vertex -1.080338e+001  2.745063e+001  8.245063e+001
      vertex -1.042768e+001  2.759554e+001  7.500000e+001
    endloop
  endfacet
  facet normal  3.292250e-001 -9.442506e-001  1.247298e-003
    outer loop
      vertex -8.990143e+000  2.809675e+001  7.500000e+001
      vertex -9.686339e+000  2.786440e+001  8.286440e+001
      vertex -1.042768e+001  2.759554e+001  7.500000e+001
    endloop
  endfacet
  facet normal  3.092059e-001 -9.509947e-001 -7.241436e-004
    outer loop
      vertex -8.990143e+000  2.809675e+001  7.500000e+001
      vertex -8.540482e+000  2.823668e+001  8.323668e+001
      vertex -9.686339e+000  2.786440e+001  8.286440e+001
    endloop
  endfacet
  facet normal  2.800721e-001 -9.599784e-001  1.018967e-003
    outer loop
      vertex -8.540482e+000  2.823668e+001  8.323668e+001
      vertex -8.990143e+000  2.809675e+001  7.500000e+001
      vertex -7.528664e+000  2.852313e+001  7.500000e+001
    endloop
  endfacet
  facet normal  2.697839e-001 -9.629208e-001 -3.471833e-004
    outer loop
      vertex -7.528664e+000  2.852313e+001  7.500000e+001
      vertex -7.368082e+000  2.856504e+001  8.356504e+001
      vertex -8.540482e+000  2.823668e+001  8.323668e+001
    endloop
  endfacet
  facet normal  1.796637e-001 -9.837277e-001  8.524741e-004
    outer loop
      vertex -4.549500e+000  2.914708e+001  7.500000e+001
      vertex -4.954976e+000  2.908089e+001  8.408089e+001
      vertex -6.047135e+000  2.887355e+001  7.500000e+001
    endloop
  endfacet
  facet normal  1.493610e-001 -9.887825e-001 -5.374283e-004
    outer loop
      vertex -3.851083e+000  2.924755e+001  8.424755e+001
      vertex -4.954976e+000  2.908089e+001  8.408089e+001
      vertex -4.549500e+000  2.914708e+001  7.500000e+001
    endloop
  endfacet
  facet normal  1.286739e-001 -9.916864e-001  1.056504e-003
    outer loop
      vertex -3.039748e+000  2.934297e+001  7.500000e+001
      vertex -3.851083e+000  2.924755e+001  8.424755e+001
      vertex -4.549500e+000  2.914708e+001  7.500000e+001
    endloop
  endfacet
  facet normal  1.117226e-001 -9.937394e-001 -4.519051e-004
    outer loop
      vertex -3.039748e+000  2.934297e+001  7.500000e+001
      vertex -2.736363e+000  2.937282e+001  8.437282e+001
      vertex -3.851083e+000  2.924755e+001  8.424755e+001
    endloop
  endfacet
  facet normal  2.580369e-002 -9.996666e-001  8.998161e-004
    outer loop
      vertex -6.504089e-007  2.950000e+001  7.500000e+001
      vertex -4.866118e-001  2.949599e+001  8.449599e+001
      vertex -1.521901e+000  2.946072e+001  7.500000e+001
    endloop
  endfacet
  facet normal -2.637665e-003 -9.999964e-001 -5.577687e-004
    outer loop
      vertex  6.420805e-001  2.949301e+001  8.449301e+001
      vertex -4.866118e-001  2.949599e+001  8.449599e+001
      vertex -6.504089e-007  2.950000e+001  7.500000e+001
    endloop
  endfacet
  facet normal -2.580369e-002 -9.996665e-001  1.009361e-003
    outer loop
      vertex  1.521900e+000  2.946072e+001  7.500000e+001
      vertex  6.420805e-001  2.949301e+001  8.449301e+001
      vertex -6.504089e-007  2.950000e+001  7.500000e+001
    endloop
  endfacet
  facet normal -4.088834e-002 -9.991636e-001 -3.904060e-004
    outer loop
      vertex  1.521900e+000  2.946072e+001  7.500000e+001
      vertex  1.768960e+000  2.944691e+001  8.444691e+001
      vertex  6.420805e-001  2.949301e+001  8.449301e+001
    endloop
  endfacet
  facet normal -1.286740e-001 -9.916866e-001  8.991670e-004
    outer loop
      vertex  4.549499e+000  2.914708e+001  7.500000e+001
      vertex  4.094366e+000  2.921449e+001  8.421449e+001
      vertex  3.039747e+000  2.934297e+001  7.500000e+001
    endloop
  endfacet
  facet normal -1.583326e-001 -9.873856e-001 -5.972310e-004
    outer loop
      vertex  5.239988e+000  2.903089e+001  8.403089e+001
      vertex  4.094366e+000  2.921449e+001  8.421449e+001
      vertex  4.549499e+000  2.914708e+001  7.500000e+001
    endloop
  endfacet
  facet normal -1.796636e-001 -9.837275e-001  1.080780e-003
    outer loop
      vertex  6.047133e+000  2.887355e+001  7.500000e+001
      vertex  5.239988e+000  2.903089e+001  8.403089e+001
      vertex  4.549499e+000  2.914708e+001  7.500000e+001
    endloop
  endfacet
  facet normal -1.969171e-001 -9.804200e-001 -5.188894e-004
    outer loop
      vertex  6.047133e+000  2.887355e+001  7.500000e+001
      vertex  6.370021e+000  2.880404e+001  8.380404e+001
      vertex  5.239988e+000  2.903089e+001  8.403089e+001
    endloop
  endfacet
  facet normal -2.800721e-001 -9.599785e-001  9.781324e-004
    outer loop
      vertex  8.990142e+000  2.809675e+001  7.500000e+001
      vertex  8.572405e+000  2.822701e+001  8.322701e+001
      vertex  7.528663e+000  2.852313e+001  7.500000e+001
    endloop
  endfacet
  facet normal -3.111461e-001 -9.503618e-001 -7.519487e-004
    outer loop
      vertex  9.767887e+000  2.783592e+001  8.283592e+001
      vertex  8.572405e+000  2.822701e+001  8.322701e+001
      vertex  8.990142e+000  2.809675e+001  7.500000e+001
    endloop
  endfacet
  facet normal -3.292250e-001 -9.442506e-001  1.245873e-003
    outer loop
      vertex  1.042768e+001  2.759554e+001  7.500000e+001
      vertex  9.767887e+000  2.783592e+001  8.283592e+001
      vertex  8.990142e+000  2.809675e+001  7.500000e+001
    endloop
  endfacet
  facet normal -3.511986e-001 -9.363006e-001 -8.482044e-004
    outer loop
      vertex  1.042768e+001  2.759554e+001  7.500000e+001
      vertex  1.093183e+001  2.739973e+001  8.239973e+001
      vertex  9.767887e+000  2.783592e+001  8.283592e+001
    endloop
  endfacet
  facet normal -3.775010e-001 -9.260083e-001  1.216150e-003
    outer loop
      vertex  1.093183e+001  2.739973e+001  8.239973e+001
      vertex  1.042768e+001  2.759554e+001  7.500000e+001
      vertex  1.183744e+001  2.702082e+001  7.500000e+001
    endloop
  endfacet
  facet normal -3.900225e-001 -9.208052e-001 -5.827157e-004
    outer loop
      vertex  1.183744e+001  2.702082e+001  7.500000e+001
      vertex  1.206215e+001  2.692127e+001  8.192127e+001
      vertex  1.093183e+001  2.739973e+001  8.239973e+001
    endloop
  endfacet
  facet normal -4.709084e-001 -8.821812e-001  1.286192e-003
    outer loop
      vertex  1.455872e+001  2.565724e+001  7.500000e+001
      vertex  1.421568e+001  2.584888e+001  8.084888e+001
      vertex  1.321568e+001  2.637415e+001  7.500000e+001
    endloop
  endfacet
  facet normal -4.996946e-001 -8.662011e-001 -9.256963e-004
    outer loop
      vertex  1.523681e+001  2.526044e+001  8.026044e+001
      vertex  1.421568e+001  2.584888e+001  8.084888e+001
      vertex  1.455872e+001  2.565724e+001  7.500000e+001
    endloop
  endfacet
  facet normal -5.157929e-001 -8.567112e-001  1.865272e-003
    outer loop
      vertex  1.586298e+001  2.487199e+001  7.500000e+001
      vertex  1.523681e+001  2.526044e+001  8.026044e+001
      vertex  1.455872e+001  2.565724e+001  7.500000e+001
    endloop
  endfacet
  facet normal -5.307704e-001 -8.475154e-001 -5.966136e-004
    outer loop
      vertex  1.586298e+001  2.487199e+001  7.500000e+001
      vertex  1.605860e+001  2.474614e+001  7.974614e+001
      vertex  1.523681e+001  2.526044e+001  8.026044e+001
    endloop
  endfacet
  facet normal -6.417431e-001 -7.669135e-001  3.086739e-003
    outer loop
      vertex  1.950897e+001  2.212804e+001  7.500000e+001
      vertex  1.872676e+001  2.279383e+001  7.779383e+001
      vertex  1.834141e+001  2.310504e+001  7.500000e+001
    endloop
  endfacet
  facet normal -6.541113e-001 -7.563928e-001 -2.883258e-003
    outer loop
      vertex  1.950897e+001  2.212804e+001  7.500000e+001
      vertex  1.977137e+001  2.189390e+001  7.689391e+001
      vertex  1.872676e+001  2.279383e+001  7.779383e+001
    endloop
  endfacet
  facet normal -6.804515e-001 -7.327840e-001  3.684822e-003
    outer loop
      vertex  1.977137e+001  2.189390e+001  7.689391e+001
      vertex  1.950897e+001  2.212804e+001  7.500000e+001
      vertex  2.062457e+001  2.109211e+001  7.500000e+001
    endloop
  endfacet
  facet normal -6.887959e-001 -7.249475e-001 -3.391973e-003
    outer loop
      vertex  2.062457e+001  2.109211e+001  7.500000e+001
      vertex  2.075728e+001  2.096152e+001  7.596152e+001
      vertex  1.977137e+001  2.189390e+001  7.689391e+001
    endloop
  endfacet
  facet normal -7.173474e-001 -6.967018e-001  4.384955e-003
    outer loop
      vertex  2.075728e+001  2.096152e+001  7.596152e+001
      vertex  2.062457e+001  2.109211e+001  7.500000e+001
      vertex  2.168525e+001  2.000000e+001  7.500000e+001
    endloop
  endfacet
  facet normal  6.603991e-001 -7.509141e-001 -9.554721e-004
    outer loop
      vertex -1.972983e+001  2.193135e+001  7.693135e+001
      vertex -1.950897e+001  2.212804e+001  7.500000e+001
      vertex -1.920308e+001  2.239401e+001  7.739401e+001
    endloop
  endfacet
  facet normal  6.417421e-001 -7.669138e-001  3.206023e-003
    outer loop
      vertex -1.920308e+001  2.239401e+001  7.739401e+001
      vertex -1.950897e+001  2.212804e+001  7.500000e+001
      vertex -1.834141e+001  2.310503e+001  7.500000e+001
    endloop
  endfacet
  facet normal  6.405785e-001 -7.678887e-001  2.497713e-003
    outer loop
      vertex -1.920308e+001  2.239401e+001  7.739401e+001
      vertex -1.834141e+001  2.310503e+001  7.500000e+001
      vertex -1.866100e+001  2.284769e+001  7.784769e+001
    endloop
  endfacet
  facet normal  6.205903e-001 -7.841341e-001 -1.213600e-003
    outer loop
      vertex -1.866100e+001  2.284769e+001  7.784769e+001
      vertex -1.834141e+001  2.310503e+001  7.500000e+001
      vertex -1.791429e+001  2.343775e+001  7.843775e+001
    endloop
  endfacet
  facet normal  6.013243e-001 -7.990008e-001  2.618952e-003
    outer loop
      vertex -1.791429e+001  2.343775e+001  7.843775e+001
      vertex -1.834141e+001  2.310503e+001  7.500000e+001
      vertex -1.712500e+001  2.402050e+001  7.500000e+001
    endloop
  endfacet
  facet normal  5.941848e-001 -8.043286e-001  7.663394e-005
    outer loop
      vertex -1.791429e+001  2.343775e+001  7.843775e+001
      vertex -1.712500e+001  2.402050e+001  7.500000e+001
      vertex -1.714010e+001  2.400972e+001  7.900972e+001
    endloop
  endfacet
  facet normal  3.865787e-001 -9.222563e-001 -4.505591e-004
    outer loop
      vertex -1.080338e+001  2.745063e+001  8.245063e+001
      vertex -1.198985e+001  2.695354e+001  8.195354e+001
      vertex -1.183744e+001  2.702082e+001  7.500000e+001
    endloop
  endfacet
  facet normal  4.257681e-001 -9.048322e-001  5.770223e-004
    outer loop
      vertex -1.183744e+001  2.702082e+001  7.500000e+001
      vertex -1.198985e+001  2.695354e+001  8.195354e+001
      vertex -1.313781e+001  2.641303e+001  8.141302e+001
    endloop
  endfacet
  facet normal  4.247703e-001 -9.053012e-001  3.302498e-004
    outer loop
      vertex -1.183744e+001  2.702082e+001  7.500000e+001
      vertex -1.313781e+001  2.641303e+001  8.141302e+001
      vertex -1.321568e+001  2.637415e+001  7.500000e+001
    endloop
  endfacet
  facet normal  1.886820e-001 -9.820382e-001 -2.707414e-004
    outer loop
      vertex -4.954976e+000  2.908089e+001  8.408089e+001
      vertex -6.171863e+000  2.884715e+001  8.384715e+001
      vertex -6.047135e+000  2.887355e+001  7.500000e+001
    endloop
  endfacet
  facet normal  2.294671e-001 -9.733164e-001  3.302785e-004
    outer loop
      vertex -6.047135e+000  2.887355e+001  7.500000e+001
      vertex -6.171863e+000  2.884715e+001  8.384715e+001
      vertex -7.368082e+000  2.856504e+001  8.356504e+001
    endloop
  endfacet
  facet normal  2.301750e-001 -9.731492e-001  4.454683e-004
    outer loop
      vertex -6.047135e+000  2.887355e+001  7.500000e+001
      vertex -7.368082e+000  2.856504e+001  8.356504e+001
      vertex -7.528664e+000  2.852313e+001  7.500000e+001
    endloop
  endfacet
  facet normal  3.561367e-002 -9.993656e-001 -1.708225e-004
    outer loop
      vertex -4.866118e-001  2.949599e+001  8.449599e+001
      vertex -1.613832e+000  2.945582e+001  8.445583e+001
      vertex -1.521901e+000  2.946072e+001  7.500000e+001
    endloop
  endfacet
  facet normal  7.373084e-002 -9.972782e-001  2.008362e-004
    outer loop
      vertex -1.521901e+000  2.946072e+001  7.500000e+001
      vertex -1.613832e+000  2.945582e+001  8.445583e+001
      vertex -2.736363e+000  2.937282e+001  8.437282e+001
    endloop
  endfacet
  facet normal  7.734220e-002 -9.970044e-001  6.713370e-004
    outer loop
      vertex -1.521901e+000  2.946072e+001  7.500000e+001
      vertex -2.736363e+000  2.937282e+001  8.437282e+001
      vertex -3.039748e+000  2.934297e+001  7.500000e+001
    endloop
  endfacet
  facet normal -1.192108e-001 -9.928690e-001 -2.004008e-004
    outer loop
      vertex  4.094366e+000  2.921449e+001  8.421449e+001
      vertex  2.936239e+000  2.935351e+001  8.435351e+001
      vertex  3.039747e+000  2.934297e+001  7.500000e+001
    endloop
  endfacet
  facet normal -7.974517e-002 -9.968153e-001  2.407823e-004
    outer loop
      vertex  3.039747e+000  2.934297e+001  7.500000e+001
      vertex  2.936239e+000  2.935351e+001  8.435351e+001
      vertex  1.768960e+000  2.944691e+001  8.444691e+001
    endloop
  endfacet
  facet normal -7.734220e-002 -9.970044e-001  5.661090e-004
    outer loop
      vertex  3.039747e+000  2.934297e+001  7.500000e+001
      vertex  1.768960e+000  2.944691e+001  8.444691e+001
      vertex  1.521900e+000  2.946072e+001  7.500000e+001
    endloop
  endfacet
  facet normal -2.721797e-001 -9.622464e-001 -1.047908e-004
    outer loop
      vertex  8.572405e+000  2.822701e+001  8.322701e+001
      vertex  7.481661e+000  2.853550e+001  8.353550e+001
      vertex  7.528663e+000  2.852313e+001  7.500000e+001
    endloop
  endfacet
  facet normal -2.347929e-001 -9.720454e-001  1.152804e-004
    outer loop
      vertex  7.528663e+000  2.852313e+001  7.500000e+001
      vertex  7.481661e+000  2.853550e+001  8.353550e+001
      vertex  6.370021e+000  2.880404e+001  8.380404e+001
    endloop
  endfacet
  facet normal -2.301749e-001 -9.731491e-001  7.582430e-004
    outer loop
      vertex  7.528663e+000  2.852313e+001  7.500000e+001
      vertex  6.370021e+000  2.880404e+001  8.380404e+001
      vertex  6.047133e+000  2.887355e+001  7.500000e+001
    endloop
  endfacet
  facet normal -4.641232e-001 -8.857706e-001 -1.962565e-004
    outer loop
      vertex  1.421568e+001  2.584888e+001  8.084888e+001
      vertex  1.315718e+001  2.640338e+001  8.140338e+001
      vertex  1.321568e+001  2.637415e+001  7.500000e+001
    endloop
  endfacet
  facet normal -4.274493e-001 -9.040393e-001  2.221671e-004
    outer loop
      vertex  1.321568e+001  2.637415e+001  7.500000e+001
      vertex  1.315718e+001  2.640338e+001  8.140338e+001
      vertex  1.206215e+001  2.692127e+001  8.192127e+001
    endloop
  endfacet
  facet normal -4.247701e-001 -9.053009e-001  7.684184e-004
    outer loop
      vertex  1.321568e+001  2.637415e+001  7.500000e+001
      vertex  1.206215e+001  2.692127e+001  8.192127e+001
      vertex  1.183744e+001  2.702082e+001  7.500000e+001
    endloop
  endfacet
  facet normal -5.848381e-001 -8.111496e-001 -8.616537e-004
    outer loop
      vertex  1.762292e+001  2.365761e+001  7.865762e+001
      vertex  1.685398e+001  2.421143e+001  7.921143e+001
      vertex  1.712500e+001  2.402050e+001  7.500000e+001
    endloop
  endfacet
  facet normal -5.570790e-001 -8.304576e-001  1.800074e-003
    outer loop
      vertex  1.712500e+001  2.402050e+001  7.500000e+001
      vertex  1.685398e+001  2.421143e+001  7.921143e+001
      vertex  1.605860e+001  2.474614e+001  7.974614e+001
    endloop
  endfacet
  facet normal -5.593042e-001 -8.289618e-001  1.071374e-003
    outer loop
      vertex  1.712500e+001  2.402050e+001  7.500000e+001
      vertex  1.605860e+001  2.474614e+001  7.974614e+001
      vertex  1.586298e+001  2.487199e+001  7.500000e+001
    endloop
  endfacet
  facet normal -6.258873e-001 -7.799134e-001 -5.482986e-004
    outer loop
      vertex  1.872676e+001  2.279383e+001  7.779383e+001
      vertex  1.818227e+001  2.323048e+001  7.823048e+001
      vertex  1.834141e+001  2.310504e+001  7.500000e+001
    endloop
  endfacet
  facet normal -6.064276e-001 -7.951381e-001  1.001556e-003
    outer loop
      vertex  1.834141e+001  2.310504e+001  7.500000e+001
      vertex  1.818227e+001  2.323048e+001  7.823048e+001
      vertex  1.762292e+001  2.365761e+001  7.865762e+001
    endloop
  endfacet
  facet normal -6.013236e-001 -7.990015e-001  2.587821e-003
    outer loop
      vertex  1.834141e+001  2.310504e+001  7.500000e+001
      vertex  1.762292e+001  2.365761e+001  7.865762e+001
      vertex  1.712500e+001  2.402050e+001  7.500000e+001
    endloop
  endfacet
  facet normal  7.728871e-001 -6.345365e-001 -2.993359e-003
    outer loop
      vertex  2.561737e+001 -1.250000e+002  7.500000e+001
      vertex  2.470350e+001 -1.261184e+002  7.611840e+001
      vertex  2.460539e+001 -1.262326e+002  7.500000e+001
    endloop
  endfacet
  facet normal  7.464996e-001 -6.653813e-001  2.472155e-003
    outer loop
      vertex  2.460539e+001 -1.262326e+002  7.500000e+001
      vertex  2.470350e+001 -1.261184e+002  7.611840e+001
      vertex  2.372696e+001 -1.272099e+002  7.720995e+001
    endloop
  endfacet
  facet normal  7.408299e-001 -6.716877e-001 -2.570354e-003
    outer loop
      vertex  2.460539e+001 -1.262326e+002  7.500000e+001
      vertex  2.372696e+001 -1.272099e+002  7.720995e+001
      vertex  2.353415e+001 -1.274141e+002  7.500000e+001
    endloop
  endfacet
  facet normal  7.155130e-001 -6.985961e-001  2.124816e-003
    outer loop
      vertex  2.353415e+001 -1.274141e+002  7.500000e+001
      vertex  2.372696e+001 -1.272099e+002  7.720995e+001
      vertex  2.270063e+001 -1.282579e+002  7.825793e+001
    endloop
  endfacet
  facet normal  7.069841e-001 -7.072257e-001 -2.292265e-003
    outer loop
      vertex  2.353415e+001 -1.274141e+002  7.500000e+001
      vertex  2.270063e+001 -1.282579e+002  7.825793e+001
      vertex  2.240624e+001 -1.285417e+002  7.500000e+001
    endloop
  endfacet
  facet normal  6.160378e-001 -7.877160e-001  9.084095e-004
    outer loop
      vertex  2.045759e+001 -1.302534e+002  8.025346e+001
      vertex  1.955008e+001 -1.309624e+002  8.096236e+001
      vertex  1.999140e+001 -1.306241e+002  7.500000e+001
    endloop
  endfacet
  facet normal  5.955849e-001 -8.032910e-001 -1.489056e-003
    outer loop
      vertex  1.871028e+001 -1.315740e+002  7.500000e+001
      vertex  1.999140e+001 -1.306241e+002  7.500000e+001
      vertex  1.955008e+001 -1.309624e+002  8.096236e+001
    endloop
  endfacet
  facet normal  5.872660e-001 -8.093940e-001  3.087010e-004
    outer loop
      vertex  1.955008e+001 -1.309624e+002  8.096236e+001
      vertex  1.860611e+001 -1.316470e+002  8.164700e+001
      vertex  1.871028e+001 -1.315740e+002  7.500000e+001
    endloop
  endfacet
  facet normal  5.140007e-001 -8.577889e-001 -1.209516e-003
    outer loop
      vertex  1.738411e+001 -1.324598e+002  7.500000e+001
      vertex  1.660887e+001 -1.329356e+002  8.293555e+001
      vertex  1.601607e+001 -1.332796e+002  7.500000e+001
    endloop
  endfacet
  facet normal  4.944667e-001 -8.691962e-001  7.442347e-004
    outer loop
      vertex  1.660887e+001 -1.329356e+002  8.293555e+001
      vertex  1.550463e+001 -1.335632e+002  8.356320e+001
      vertex  1.601607e+001 -1.332796e+002  7.500000e+001
    endloop
  endfacet
  facet normal  4.713083e-001 -8.819678e-001 -1.061909e-003
    outer loop
      vertex  1.460947e+001 -1.340313e+002  7.500000e+001
      vertex  1.601607e+001 -1.332796e+002  7.500000e+001
      vertex  1.550463e+001 -1.335632e+002  8.356320e+001
    endloop
  endfacet
  facet normal  4.597547e-001 -8.880458e-001  4.780753e-004
    outer loop
      vertex  1.550463e+001 -1.335632e+002  8.356320e+001
      vertex  1.436128e+001 -1.341548e+002  8.415482e+001
      vertex  1.460947e+001 -1.340313e+002  7.500000e+001
    endloop
  endfacet
  facet normal  3.368266e-001 -9.415663e-001 -8.234682e-004
    outer loop
      vertex  1.169420e+001 -1.353232e+002  7.500000e+001
      vertex  1.070762e+001 -1.356855e+002  8.568545e+001
      vertex  1.019255e+001 -1.358604e+002  7.500000e+001
    endloop
  endfacet
  facet normal  3.113739e-001 -9.502873e-001  5.461835e-004
    outer loop
      vertex  1.019255e+001 -1.358604e+002  7.500000e+001
      vertex  1.070762e+001 -1.356855e+002  8.568545e+001
      vertex  9.517903e+000 -1.360751e+002  8.607507e+001
    endloop
  endfacet
  facet normal  2.902237e-001 -9.569585e-001 -8.715194e-004
    outer loop
      vertex  1.019255e+001 -1.358604e+002  7.500000e+001
      vertex  9.517903e+000 -1.360751e+002  8.607507e+001
      vertex  8.666355e+000 -1.363232e+002  7.500000e+001
    endloop
  endfacet
  facet normal  2.743227e-001 -9.616376e-001  4.559427e-004
    outer loop
      vertex  9.517903e+000 -1.360751e+002  8.607507e+001
      vertex  8.301935e+000 -1.364218e+002  8.642178e+001
      vertex  8.666355e+000 -1.363232e+002  7.500000e+001
    endloop
  endfacet
  facet normal  2.429309e-001 -9.700434e-001 -6.181553e-004
    outer loop
      vertex  7.119291e+000 -1.367107e+002  7.500000e+001
      vertex  8.666355e+000 -1.363232e+002  7.500000e+001
      vertex  8.301935e+000 -1.364218e+002  8.642178e+001
    endloop
  endfacet
  facet normal  2.364400e-001 -9.716462e-001  9.447778e-005
    outer loop
      vertex  8.301935e+000 -1.364218e+002  8.642178e+001
      vertex  7.062185e+000 -1.367234e+002  8.672342e+001
      vertex  7.119291e+000 -1.367107e+002  7.500000e+001
    endloop
  endfacet
  facet normal  1.467000e-001 -9.891807e-001 -7.258107e-004
    outer loop
      vertex  5.555084e+000 -1.370217e+002  7.500000e+001
      vertex  4.523103e+000 -1.371837e+002  8.718372e+001
      vertex  3.977499e+000 -1.372557e+002  7.500000e+001
    endloop
  endfacet
  facet normal  1.207235e-001 -9.926862e-001  4.581611e-004
    outer loop
      vertex  3.977499e+000 -1.372557e+002  7.500000e+001
      vertex  4.523103e+000 -1.371837e+002  8.718372e+001
      vertex  3.319289e+000 -1.373300e+002  8.733006e+001
    endloop
  endfacet
  facet normal  9.799141e-002 -9.951869e-001 -7.704170e-004
    outer loop
      vertex  3.977499e+000 -1.372557e+002  7.500000e+001
      vertex  3.319289e+000 -1.373300e+002  8.733006e+001
      vertex  2.390337e+000 -1.374120e+002  7.500000e+001
    endloop
  endfacet
  facet normal  8.352134e-002 -9.965060e-001  3.285299e-004
    outer loop
      vertex  3.319289e+000 -1.373300e+002  8.733006e+001
      vertex  2.106404e+000 -1.374317e+002  8.743166e+001
      vertex  2.390337e+000 -1.374120e+002  7.500000e+001
    endloop
  endfacet
  facet normal  0.000000e+000 -9.999998e-001 -6.458405e-004
    outer loop
      vertex  7.974180e-001 -1.374902e+002  7.500000e+001
      vertex -3.333993e-001 -1.374983e+002  8.749828e+001
      vertex -7.974209e-001 -1.374902e+002  7.500000e+001
    endloop
  endfacet
  facet normal -2.904903e-002 -9.995778e-001  4.329301e-004
    outer loop
      vertex -7.974209e-001 -1.374902e+002  7.500000e+001
      vertex -3.333993e-001 -1.374983e+002  8.749828e+001
      vertex -1.553631e+000 -1.374628e+002  8.746284e+001
    endloop
  endfacet
  facet normal -4.906266e-002 -9.987954e-001 -7.831590e-004
    outer loop
      vertex -7.974209e-001 -1.374902e+002  7.500000e+001
      vertex -1.553631e+000 -1.374628e+002  8.746284e+001
      vertex -2.390339e+000 -1.374120e+002  7.500000e+001
    endloop
  endfacet
  facet normal -6.654931e-002 -9.977831e-001  3.949614e-004
    outer loop
      vertex -1.553631e+000 -1.374628e+002  8.746284e+001
      vertex -2.769605e+000 -1.373818e+002  8.738177e+001
      vertex -2.390339e+000 -1.374120e+002  7.500000e+001
    endloop
  endfacet
  facet normal -1.950545e-001 -9.807920e-001 -8.143992e-004
    outer loop
      vertex -5.555087e+000 -1.370217e+002  7.500000e+001
      vertex -6.431314e+000 -1.368573e+002  8.685731e+001
      vertex -7.119294e+000 -1.367106e+002  7.500000e+001
    endloop
  endfacet
  facet normal -2.165089e-001 -9.762806e-001  4.862232e-004
    outer loop
      vertex -6.431314e+000 -1.368573e+002  8.685731e+001
      vertex -7.632694e+000 -1.365910e+002  8.659101e+001
      vertex -7.119294e+000 -1.367106e+002  7.500000e+001
    endloop
  endfacet
  facet normal -2.429219e-001 -9.700456e-001 -7.480380e-004
    outer loop
      vertex -8.666358e+000 -1.363232e+002  7.500000e+001
      vertex -7.119294e+000 -1.367106e+002  7.500000e+001
      vertex -7.632694e+000 -1.365910e+002  8.659101e+001
    endloop
  endfacet
  facet normal -2.531210e-001 -9.674345e-001  2.218224e-004
    outer loop
      vertex -7.632694e+000 -1.365910e+002  8.659101e+001
      vertex -8.813525e+000 -1.362821e+002  8.628214e+001
      vertex -8.666358e+000 -1.363232e+002  7.500000e+001
    endloop
  endfacet
  facet normal -3.368266e-001 -9.415663e-001 -8.865330e-004
    outer loop
      vertex -1.019255e+001 -1.358604e+002  7.500000e+001
      vertex -1.110436e+001 -1.355441e+002  8.554412e+001
      vertex -1.169420e+001 -1.353232e+002  7.500000e+001
    endloop
  endfacet
  facet normal -3.611405e-001 -9.325112e-001  6.633271e-004
    outer loop
      vertex -1.169420e+001 -1.353232e+002  7.500000e+001
      vertex -1.110436e+001 -1.355441e+002  8.554412e+001
      vertex -1.235065e+001 -1.350618e+002  8.506180e+001
    endloop
  endfacet
  facet normal -3.825999e-001 -9.239137e-001 -9.600566e-004
    outer loop
      vertex -1.169420e+001 -1.353232e+002  7.500000e+001
      vertex -1.235065e+001 -1.350618e+002  8.506180e+001
      vertex -1.316769e+001 -1.347130e+002  7.500000e+001
    endloop
  endfacet
  facet normal -3.989475e-001 -9.169736e-001  6.079907e-004
    outer loop
      vertex -1.235065e+001 -1.350618e+002  8.506180e+001
      vertex -1.356098e+001 -1.345356e+002  8.453557e+001
      vertex -1.316769e+001 -1.347130e+002  7.500000e+001
    endloop
  endfacet
  facet normal -4.274706e-001 -9.040289e-001 -8.092812e-004
    outer loop
      vertex -1.460948e+001 -1.340313e+002  7.500000e+001
      vertex -1.316769e+001 -1.347130e+002  7.500000e+001
      vertex -1.356098e+001 -1.345356e+002  8.453557e+001
    endloop
  endfacet
  facet normal -4.355010e-001 -9.001882e-001  2.768391e-004
    outer loop
      vertex -1.356098e+001 -1.345356e+002  8.453557e+001
      vertex -1.473378e+001 -1.339684e+002  8.396836e+001
      vertex -1.460948e+001 -1.340313e+002  7.500000e+001
    endloop
  endfacet
  facet normal -5.140008e-001 -8.577890e-001 -1.086827e-003
    outer loop
      vertex -1.601608e+001 -1.332796e+002  7.500000e+001
      vertex -1.696235e+001 -1.327224e+002  8.272235e+001
      vertex -1.738411e+001 -1.324598e+002  7.500000e+001
    endloop
  endfacet
  facet normal -6.193389e-001 -7.851236e-001  2.960330e-004
    outer loop
      vertex -1.999140e+001 -1.306241e+002  7.500000e+001
      vertex -1.983238e+001 -1.307474e+002  8.074737e+001
      vertex -2.041316e+001 -1.302894e+002  8.028938e+001
    endloop
  endfacet
  facet normal -6.342761e-001 -7.731047e-001 -1.655569e-003
    outer loop
      vertex -1.999140e+001 -1.306241e+002  7.500000e+001
      vertex -2.041316e+001 -1.302894e+002  8.028938e+001
      vertex -2.122437e+001 -1.296125e+002  7.500000e+001
    endloop
  endfacet
  facet normal -6.460117e-001 -7.633262e-001  1.395573e-003
    outer loop
      vertex -2.041316e+001 -1.302894e+002  8.028938e+001
      vertex -2.152236e+001 -1.293524e+002  7.935237e+001
      vertex -2.122437e+001 -1.296125e+002  7.500000e+001
    endloop
  endfacet
  facet normal -6.714430e-001 -7.410543e-001 -1.676819e-003
    outer loop
      vertex -2.240624e+001 -1.285417e+002  7.500000e+001
      vertex -2.122437e+001 -1.296125e+002  7.500000e+001
      vertex -2.152236e+001 -1.293524e+002  7.935237e+001
    endloop
  endfacet
  facet normal -6.791489e-001 -7.339996e-001  1.202140e-003
    outer loop
      vertex -2.152236e+001 -1.293524e+002  7.935237e+001
      vertex -2.257278e+001 -1.283820e+002  7.838203e+001
      vertex -2.240624e+001 -1.285417e+002  7.500000e+001
    endloop
  endfacet
  facet normal -7.069876e-001 -7.072244e-001 -1.432574e-003
    outer loop
      vertex -2.353415e+001 -1.274141e+002  7.500000e+001
      vertex -2.240624e+001 -1.285417e+002  7.500000e+001
      vertex -2.257278e+001 -1.283820e+002  7.838203e+001
    endloop
  endfacet
  facet normal -7.101762e-001 -7.040238e-001  3.897542e-004
    outer loop
      vertex -2.257278e+001 -1.283820e+002  7.838203e+001
      vertex -2.356508e+001 -1.273816e+002  7.738161e+001
      vertex -2.353415e+001 -1.274141e+002  7.500000e+001
    endloop
  endfacet
  facet normal -7.726732e-001 -6.343609e-001 -2.371602e-002
    outer loop
      vertex -2.561738e+001 -1.250000e+002  7.500000e+001
      vertex -2.460539e+001 -1.262326e+002  7.500000e+001
      vertex -2.537867e+001 -1.253020e+002  7.530204e+001
    endloop
  endfacet
  facet normal  6.721458e-001 -7.404159e-001 -2.062515e-003
    outer loop
      vertex  2.159637e+001 -1.292868e+002  7.928676e+001
      vertex  2.122437e+001 -1.296125e+002  7.500000e+001
      vertex  2.215667e+001 -1.287767e+002  7.877671e+001
    endloop
  endfacet
  facet normal  6.714429e-001 -7.410542e-001 -1.747761e-003
    outer loop
      vertex  2.215667e+001 -1.287767e+002  7.877671e+001
      vertex  2.122437e+001 -1.296125e+002  7.500000e+001
      vertex  2.240624e+001 -1.285417e+002  7.500000e+001
    endloop
  endfacet
  facet normal  6.904519e-001 -7.233781e-001  6.083751e-004
    outer loop
      vertex  2.215667e+001 -1.287767e+002  7.877671e+001
      vertex  2.240624e+001 -1.285417e+002  7.500000e+001
      vertex  2.270063e+001 -1.282579e+002  7.825793e+001
    endloop
  endfacet
  facet normal  6.373044e-001 -7.706090e-001 -2.185770e-003
    outer loop
      vertex  2.045759e+001 -1.302534e+002  8.025346e+001
      vertex  1.999140e+001 -1.306241e+002  7.500000e+001
      vertex  2.103482e+001 -1.297747e+002  7.977472e+001
    endloop
  endfacet
  facet normal  6.342823e-001 -7.731007e-001 -1.082108e-003
    outer loop
      vertex  2.103482e+001 -1.297747e+002  7.977472e+001
      vertex  1.999140e+001 -1.306241e+002  7.500000e+001
      vertex  2.122437e+001 -1.296125e+002  7.500000e+001
    endloop
  endfacet
  facet normal  6.561152e-001 -7.546605e-001  4.110760e-004
    outer loop
      vertex  2.103482e+001 -1.297747e+002  7.977472e+001
      vertex  2.122437e+001 -1.296125e+002  7.500000e+001
      vertex  2.159637e+001 -1.292868e+002  7.928676e+001
    endloop
  endfacet
  facet normal  5.554661e-001 -8.315391e-001 -4.329928e-004
    outer loop
      vertex  1.871028e+001 -1.315740e+002  7.500000e+001
      vertex  1.860611e+001 -1.316470e+002  8.164700e+001
      vertex  1.738411e+001 -1.324598e+002  7.500000e+001
    endloop
  endfacet
  facet normal  5.571036e-001 -8.304425e-001 -8.681409e-004
    outer loop
      vertex  1.738411e+001 -1.324598e+002  7.500000e+001
      vertex  1.860611e+001 -1.316470e+002  8.164700e+001
      vertex  1.762568e+001 -1.323054e+002  8.230541e+001
    endloop
  endfacet
  facet normal  5.270134e-001 -8.498568e-001  5.372219e-004
    outer loop
      vertex  1.738411e+001 -1.324598e+002  7.500000e+001
      vertex  1.762568e+001 -1.323054e+002  8.230541e+001
      vertex  1.660887e+001 -1.329356e+002  8.293555e+001
    endloop
  endfacet
  facet normal  4.274707e-001 -9.040291e-001 -6.129023e-004
    outer loop
      vertex  1.460947e+001 -1.340313e+002  7.500000e+001
      vertex  1.436128e+001 -1.341548e+002  8.415482e+001
      vertex  1.316769e+001 -1.347130e+002  7.500000e+001
    endloop
  endfacet
  facet normal  4.237865e-001 -9.057621e-001 -2.689778e-005
    outer loop
      vertex  1.316769e+001 -1.347130e+002  7.500000e+001
      vertex  1.436128e+001 -1.341548e+002  8.415482e+001
      vertex  1.317972e+001 -1.347077e+002  8.470766e+001
    endloop
  endfacet
  facet normal  3.826001e-001 -9.239141e-001  3.413020e-005
    outer loop
      vertex  1.316769e+001 -1.347130e+002  7.500000e+001
      vertex  1.317972e+001 -1.347077e+002  8.470766e+001
      vertex  1.169420e+001 -1.353232e+002  7.500000e+001
    endloop
  endfacet
  facet normal  3.866230e-001 -9.222376e-001 -6.877826e-004
    outer loop
      vertex  1.169420e+001 -1.353232e+002  7.500000e+001
      vertex  1.317972e+001 -1.347077e+002  8.470766e+001
      vertex  1.196127e+001 -1.352188e+002  8.521883e+001
    endloop
  endfacet
  facet normal  3.489727e-001 -9.371328e-001  4.482871e-004
    outer loop
      vertex  1.169420e+001 -1.353232e+002  7.500000e+001
      vertex  1.196127e+001 -1.352188e+002  8.521883e+001
      vertex  1.070762e+001 -1.356855e+002  8.568545e+001
    endloop
  endfacet
  facet normal  1.950454e-001 -9.807943e-001 -1.171156e-004
    outer loop
      vertex  7.119291e+000 -1.367107e+002  7.500000e+001
      vertex  7.062185e+000 -1.367234e+002  8.672342e+001
      vertex  5.555084e+000 -1.370217e+002  7.500000e+001
    endloop
  endfacet
  facet normal  1.978453e-001 -9.802331e-001 -4.913425e-004
    outer loop
      vertex  5.555084e+000 -1.370217e+002  7.500000e+001
      vertex  7.062185e+000 -1.367234e+002  8.672342e+001
      vertex  5.801501e+000 -1.369780e+002  8.697800e+001
    endloop
  endfacet
  facet normal  1.589279e-001 -9.872901e-001  3.350503e-004
    outer loop
      vertex  5.555084e+000 -1.370217e+002  7.500000e+001
      vertex  5.801501e+000 -1.369780e+002  8.697800e+001
      vertex  4.523103e+000 -1.371837e+002  8.718372e+001
    endloop
  endfacet
  facet normal  4.906266e-002 -9.987955e-001 -4.621165e-004
    outer loop
      vertex  2.390337e+000 -1.374120e+002  7.500000e+001
      vertex  2.106404e+000 -1.374317e+002  8.743166e+001
      vertex  7.974180e-001 -1.374902e+002  7.500000e+001
    endloop
  endfacet
  facet normal  4.605855e-002 -9.989387e-001 -1.451259e-004
    outer loop
      vertex  7.974180e-001 -1.374902e+002  7.500000e+001
      vertex  2.106404e+000 -1.374317e+002  8.743166e+001
      vertex  8.877307e-001 -1.374879e+002  8.748787e+001
    endloop
  endfacet
  facet normal  8.535283e-003 -9.999636e-001  1.264366e-004
    outer loop
      vertex  7.974180e-001 -1.374902e+002  7.500000e+001
      vertex  8.877307e-001 -1.374879e+002  8.748787e+001
      vertex -3.333993e-001 -1.374983e+002  8.749828e+001
    endloop
  endfacet
  facet normal -9.799144e-002 -9.951872e-001 -5.744728e-004
    outer loop
      vertex -2.390339e+000 -1.374120e+002  7.500000e+001
      vertex -2.769605e+000 -1.373818e+002  8.738177e+001
      vertex -3.977502e+000 -1.372557e+002  7.500000e+001
    endloop
  endfacet
  facet normal -1.038278e-001 -9.945953e-001  9.176053e-007
    outer loop
      vertex -3.977502e+000 -1.372557e+002  7.500000e+001
      vertex -2.769605e+000 -1.373818e+002  8.738177e+001
      vertex -3.977978e+000 -1.372556e+002  8.725563e+001
    endloop
  endfacet
  facet normal -1.467001e-001 -9.891810e-001 -7.757478e-007
    outer loop
      vertex -3.977502e+000 -1.372557e+002  7.500000e+001
      vertex -3.977978e+000 -1.372556e+002  8.725563e+001
      vertex -5.555087e+000 -1.370217e+002  7.500000e+001
    endloop
  endfacet
  facet normal -1.413104e-001 -9.899651e-001 -7.093029e-004
    outer loop
      vertex -5.555087e+000 -1.370217e+002  7.500000e+001
      vertex -3.977978e+000 -1.372556e+002  8.725563e+001
      vertex -5.212075e+000 -1.370793e+002  8.707935e+001
    endloop
  endfacet
  facet normal -1.792295e-001 -9.838072e-001  3.968387e-004
    outer loop
      vertex -5.555087e+000 -1.370217e+002  7.500000e+001
      vertex -5.212075e+000 -1.370793e+002  8.707935e+001
      vertex -6.431314e+000 -1.368573e+002  8.685731e+001
    endloop
  endfacet
  facet normal -2.902238e-001 -9.569587e-001 -3.003117e-004
    outer loop
      vertex -8.666358e+000 -1.363232e+002  7.500000e+001
      vertex -8.813525e+000 -1.362821e+002  8.628214e+001
      vertex -1.019255e+001 -1.358604e+002  7.500000e+001
    endloop
  endfacet
  facet normal -2.889249e-001 -9.573516e-001 -4.737634e-004
    outer loop
      vertex -1.019255e+001 -1.358604e+002  7.500000e+001
      vertex -8.813525e+000 -1.362821e+002  8.628214e+001
      vertex -9.971432e+000 -1.359325e+002  8.593252e+001
    endloop
  endfacet
  facet normal -3.243954e-001 -9.459215e-001  3.190884e-004
    outer loop
      vertex -1.019255e+001 -1.358604e+002  7.500000e+001
      vertex -9.971432e+000 -1.359325e+002  8.593252e+001
      vertex -1.110436e+001 -1.355441e+002  8.554412e+001
    endloop
  endfacet
  facet normal -4.713088e-001 -8.819681e-001 -3.472619e-004
    outer loop
      vertex -1.460948e+001 -1.340313e+002  7.500000e+001
      vertex -1.473378e+001 -1.339684e+002  8.396836e+001
      vertex -1.601608e+001 -1.332796e+002  7.500000e+001
    endloop
  endfacet
  facet normal -4.706958e-001 -8.822954e-001 -4.600434e-004
    outer loop
      vertex -1.601608e+001 -1.332796e+002  7.500000e+001
      vertex -1.473378e+001 -1.339684e+002  8.396836e+001
      vertex -1.586785e+001 -1.333630e+002  8.336303e+001
    endloop
  endfacet
  facet normal -5.053264e-001 -8.629282e-001  3.469466e-004
    outer loop
      vertex -1.601608e+001 -1.332796e+002  7.500000e+001
      vertex -1.586785e+001 -1.333630e+002  8.336303e+001
      vertex -1.696235e+001 -1.327224e+002  8.272235e+001
    endloop
  endfacet
  facet normal -5.638006e-001 -8.259109e-001 -1.838965e-004
    outer loop
      vertex -1.863399e+001 -1.316275e+002  8.162752e+001
      vertex -1.871028e+001 -1.315740e+002  7.500000e+001
      vertex -1.801674e+001 -1.320490e+002  8.204897e+001
    endloop
  endfacet
  facet normal -5.554656e-001 -8.315384e-001 -1.383182e-003
    outer loop
      vertex -1.801674e+001 -1.320490e+002  8.204897e+001
      vertex -1.871028e+001 -1.315740e+002  7.500000e+001
      vertex -1.738411e+001 -1.324598e+002  7.500000e+001
    endloop
  endfacet
  facet normal -5.385934e-001 -8.425655e-001  7.738277e-004
    outer loop
      vertex -1.801674e+001 -1.320490e+002  8.204897e+001
      vertex -1.738411e+001 -1.324598e+002  7.500000e+001
      vertex -1.696235e+001 -1.327224e+002  8.272235e+001
    endloop
  endfacet
  facet normal -6.008476e-001 -7.993633e-001 -5.210228e-004
    outer loop
      vertex -1.983238e+001 -1.307474e+002  8.074737e+001
      vertex -1.999140e+001 -1.306241e+002  7.500000e+001
      vertex -1.923653e+001 -1.311955e+002  8.119553e+001
    endloop
  endfacet
  facet normal -5.955911e-001 -8.032863e-001 -1.523319e-003
    outer loop
      vertex -1.923653e+001 -1.311955e+002  8.119553e+001
      vertex -1.999140e+001 -1.306241e+002  7.500000e+001
      vertex -1.871028e+001 -1.315740e+002  7.500000e+001
    endloop
  endfacet
  facet normal -5.827366e-001 -8.126612e-001  1.411679e-004
    outer loop
      vertex -1.923653e+001 -1.311955e+002  8.119553e+001
      vertex -1.871028e+001 -1.315740e+002  7.500000e+001
      vertex -1.863399e+001 -1.316275e+002  8.162752e+001
    endloop
  endfacet
  facet normal -7.408302e-001 -6.716922e-001 -4.499484e-004
    outer loop
      vertex -2.353415e+001 -1.274141e+002  7.500000e+001
      vertex -2.356508e+001 -1.273816e+002  7.738161e+001
      vertex -2.460539e+001 -1.262326e+002  7.500000e+001
    endloop
  endfacet
  facet normal -7.380820e-001 -6.747038e-001 -3.103300e-003
    outer loop
      vertex -2.460539e+001 -1.262326e+002  7.500000e+001
      vertex -2.356508e+001 -1.273816e+002  7.738161e+001
      vertex -2.450007e+001 -1.263541e+002  7.635407e+001
    endloop
  endfacet
  facet normal -7.687290e-001 -6.395700e-001  2.431244e-003
    outer loop
      vertex -2.460539e+001 -1.262326e+002  7.500000e+001
      vertex -2.450007e+001 -1.263541e+002  7.635407e+001
      vertex -2.537867e+001 -1.253020e+002  7.530204e+001
    endloop
  endfacet
  facet normal -7.173486e-001  6.967042e-001  3.737407e-003
    outer loop
      vertex  2.062458e+001 -1.260921e+002  7.500000e+001
      vertex  2.073766e+001 -1.259809e+002  7.598093e+001
      vertex  2.168525e+001 -1.250000e+002  7.500000e+001
    endloop
  endfacet
  facet normal -6.875860e-001  7.260966e-001 -3.025040e-003
    outer loop
      vertex  1.972983e+001 -1.269314e+002  7.693135e+001
      vertex  2.073766e+001 -1.259809e+002  7.598093e+001
      vertex  2.062458e+001 -1.260921e+002  7.500000e+001
    endloop
  endfacet
  facet normal -6.804534e-001  7.327845e-001  3.185543e-003
    outer loop
      vertex  1.950897e+001 -1.271280e+002  7.500000e+001
      vertex  1.972983e+001 -1.269314e+002  7.693135e+001
      vertex  2.062458e+001 -1.260921e+002  7.500000e+001
    endloop
  endfacet
  facet normal -5.675488e-001  8.233396e-001 -7.438257e-005
    outer loop
      vertex  1.633838e+001 -1.295623e+002  7.956232e+001
      vertex  1.714010e+001 -1.290097e+002  7.900972e+001
      vertex  1.712500e+001 -1.290205e+002  7.500000e+001
    endloop
  endfacet
  facet normal -5.593092e-001  8.289568e-001  2.013359e-003
    outer loop
      vertex  1.586298e+001 -1.298720e+002  7.500000e+001
      vertex  1.633838e+001 -1.295623e+002  7.956232e+001
      vertex  1.712500e+001 -1.290205e+002  7.500000e+001
    endloop
  endfacet
  facet normal -5.371495e-001  8.434861e-001 -1.281907e-003
    outer loop
      vertex  1.531288e+001 -1.302144e+002  8.021439e+001
      vertex  1.633838e+001 -1.295623e+002  7.956232e+001
      vertex  1.586298e+001 -1.298720e+002  7.500000e+001
    endloop
  endfacet
  facet normal -5.157926e-001  8.567114e-001  1.839607e-003
    outer loop
      vertex  1.455872e+001 -1.306572e+002  7.500000e+001
      vertex  1.531288e+001 -1.302144e+002  8.021439e+001
      vertex  1.586298e+001 -1.298720e+002  7.500000e+001
    endloop
  endfacet
  facet normal -5.015154e-001  8.651481e-001 -9.418377e-004
    outer loop
      vertex  1.455872e+001 -1.306572e+002  7.500000e+001
      vertex  1.424582e+001 -1.308323e+002  8.083228e+001
      vertex  1.531288e+001 -1.302144e+002  8.021439e+001
    endloop
  endfacet
  facet normal -4.709026e-001  8.821844e-001  1.211800e-003
    outer loop
      vertex  1.424582e+001 -1.308323e+002  8.083228e+001
      vertex  1.455872e+001 -1.306572e+002  7.500000e+001
      vertex  1.321568e+001 -1.313741e+002  7.500000e+001
    endloop
  endfacet
  facet normal -4.643450e-001  8.856544e-001 -2.688472e-004
    outer loop
      vertex  1.321568e+001 -1.313741e+002  7.500000e+001
      vertex  1.313781e+001 -1.314130e+002  8.141302e+001
      vertex  1.424582e+001 -1.308323e+002  8.083228e+001
    endloop
  endfacet
  facet normal -3.774989e-001  9.260095e-001  1.024707e-003
    outer loop
      vertex  1.042768e+001 -1.325955e+002  7.500000e+001
      vertex  1.080338e+001 -1.324506e+002  8.245063e+001
      vertex  1.183744e+001 -1.320208e+002  7.500000e+001
    endloop
  endfacet
  facet normal -3.475866e-001  9.376476e-001 -7.099787e-004
    outer loop
      vertex  9.686339e+000 -1.328644e+002  8.286440e+001
      vertex  1.080338e+001 -1.324506e+002  8.245063e+001
      vertex  1.042768e+001 -1.325955e+002  7.500000e+001
    endloop
  endfacet
  facet normal -3.292284e-001  9.442496e-001  1.246255e-003
    outer loop
      vertex  8.990143e+000 -1.330968e+002  7.500000e+001
      vertex  9.686339e+000 -1.328644e+002  8.286440e+001
      vertex  1.042768e+001 -1.325955e+002  7.500000e+001
    endloop
  endfacet
  facet normal -3.092091e-001  9.509938e-001 -7.252144e-004
    outer loop
      vertex  8.990143e+000 -1.330968e+002  7.500000e+001
      vertex  8.540482e+000 -1.332367e+002  8.323668e+001
      vertex  9.686339e+000 -1.328644e+002  8.286440e+001
    endloop
  endfacet
  facet normal -2.800675e-001  9.599798e-001  1.018352e-003
    outer loop
      vertex  8.540482e+000 -1.332367e+002  8.323668e+001
      vertex  8.990143e+000 -1.330968e+002  7.500000e+001
      vertex  7.528664e+000 -1.335231e+002  7.500000e+001
    endloop
  endfacet
  facet normal -2.697826e-001  9.629212e-001 -3.473695e-004
    outer loop
      vertex  7.528664e+000 -1.335231e+002  7.500000e+001
      vertex  7.368082e+000 -1.335650e+002  8.356504e+001
      vertex  8.540482e+000 -1.332367e+002  8.323668e+001
    endloop
  endfacet
  facet normal -1.796686e-001  9.837269e-001  8.518703e-004
    outer loop
      vertex  4.549500e+000 -1.341471e+002  7.500000e+001
      vertex  4.954976e+000 -1.340809e+002  8.408089e+001
      vertex  6.047135e+000 -1.338736e+002  7.500000e+001
    endloop
  endfacet
  facet normal -1.493594e-001  9.887828e-001 -5.383300e-004
    outer loop
      vertex  3.851083e+000 -1.342475e+002  8.424755e+001
      vertex  4.954976e+000 -1.340809e+002  8.408089e+001
      vertex  4.549500e+000 -1.341471e+002  7.500000e+001
    endloop
  endfacet
  facet normal -1.286727e-001  9.916866e-001  1.055576e-003
    outer loop
      vertex  3.039748e+000 -1.343430e+002  7.500000e+001
      vertex  3.851083e+000 -1.342475e+002  8.424755e+001
      vertex  4.549500e+000 -1.341471e+002  7.500000e+001
    endloop
  endfacet
  facet normal -1.117293e-001  9.937385e-001 -4.521256e-004
    outer loop
      vertex  3.039748e+000 -1.343430e+002  7.500000e+001
      vertex  2.736363e+000 -1.343728e+002  8.437282e+001
      vertex  3.851083e+000 -1.342475e+002  8.424755e+001
    endloop
  endfacet
  facet normal -2.579869e-002  9.996667e-001  8.995594e-004
    outer loop
      vertex  6.504103e-007 -1.345000e+002  7.500000e+001
      vertex  4.866118e-001 -1.344960e+002  8.449599e+001
      vertex  1.521901e+000 -1.344607e+002  7.500000e+001
    endloop
  endfacet
  facet normal  2.637665e-003  9.999964e-001 -5.577687e-004
    outer loop
      vertex -6.420805e-001 -1.344930e+002  8.449301e+001
      vertex  4.866118e-001 -1.344960e+002  8.449599e+001
      vertex  6.504103e-007 -1.345000e+002  7.500000e+001
    endloop
  endfacet
  facet normal  2.579869e-002  9.996666e-001  1.009022e-003
    outer loop
      vertex -1.521900e+000 -1.344607e+002  7.500000e+001
      vertex -6.420805e-001 -1.344930e+002  8.449301e+001
      vertex  6.504103e-007 -1.345000e+002  7.500000e+001
    endloop
  endfacet
  facet normal  4.088837e-002  9.991636e-001 -3.912121e-004
    outer loop
      vertex -1.521900e+000 -1.344607e+002  7.500000e+001
      vertex -1.768960e+000 -1.344469e+002  8.444691e+001
      vertex -6.420805e-001 -1.344930e+002  8.449301e+001
    endloop
  endfacet
  facet normal  1.286727e-001  9.916867e-001  8.996395e-004
    outer loop
      vertex -4.549499e+000 -1.341471e+002  7.500000e+001
      vertex -4.094366e+000 -1.342145e+002  8.421449e+001
      vertex -3.039747e+000 -1.343430e+002  7.500000e+001
    endloop
  endfacet
  facet normal  1.583438e-001  9.873838e-001 -5.973901e-004
    outer loop
      vertex -5.239988e+000 -1.340309e+002  8.403089e+001
      vertex -4.094366e+000 -1.342145e+002  8.421449e+001
      vertex -4.549499e+000 -1.341471e+002  7.500000e+001
    endloop
  endfacet
  facet normal  1.796685e-001  9.837267e-001  1.080123e-003
    outer loop
      vertex -6.047133e+000 -1.338736e+002  7.500000e+001
      vertex -5.239988e+000 -1.340309e+002  8.403089e+001
      vertex -4.549499e+000 -1.341471e+002  7.500000e+001
    endloop
  endfacet
  facet normal  1.969090e-001  9.804215e-001 -5.183480e-004
    outer loop
      vertex -6.047133e+000 -1.338736e+002  7.500000e+001
      vertex -6.370021e+000 -1.338040e+002  8.380404e+001
      vertex -5.239988e+000 -1.340309e+002  8.403089e+001
    endloop
  endfacet
  facet normal  2.800675e-001  9.599798e-001  9.774972e-004
    outer loop
      vertex -8.990142e+000 -1.330968e+002  7.500000e+001
      vertex -8.572405e+000 -1.332270e+002  8.322701e+001
      vertex -7.528663e+000 -1.335231e+002  7.500000e+001
    endloop
  endfacet
  facet normal  3.111422e-001  9.503630e-001 -7.526115e-004
    outer loop
      vertex -9.767887e+000 -1.328359e+002  8.283592e+001
      vertex -8.572405e+000 -1.332270e+002  8.322701e+001
      vertex -8.990142e+000 -1.330968e+002  7.500000e+001
    endloop
  endfacet
  facet normal  3.292284e-001  9.442496e-001  1.246014e-003
    outer loop
      vertex -1.042768e+001 -1.325955e+002  7.500000e+001
      vertex -9.767887e+000 -1.328359e+002  8.283592e+001
      vertex -8.990142e+000 -1.330968e+002  7.500000e+001
    endloop
  endfacet
  facet normal  3.511971e-001  9.363011e-001 -8.476030e-004
    outer loop
      vertex -1.042768e+001 -1.325955e+002  7.500000e+001
      vertex -1.093183e+001 -1.323997e+002  8.239973e+001
      vertex -9.767887e+000 -1.328359e+002  8.283592e+001
    endloop
  endfacet
  facet normal  3.774989e-001  9.260093e-001  1.216693e-003
    outer loop
      vertex -1.093183e+001 -1.323997e+002  8.239973e+001
      vertex -1.042768e+001 -1.325955e+002  7.500000e+001
      vertex -1.183744e+001 -1.320208e+002  7.500000e+001
    endloop
  endfacet
  facet normal  3.900279e-001  9.208029e-001 -5.832662e-004
    outer loop
      vertex -1.183744e+001 -1.320208e+002  7.500000e+001
      vertex -1.206215e+001 -1.319213e+002  8.192127e+001
      vertex -1.093183e+001 -1.323997e+002  8.239973e+001
    endloop
  endfacet
  facet normal  4.709026e-001  8.821844e-001  1.286063e-003
    outer loop
      vertex -1.455872e+001 -1.306572e+002  7.500000e+001
      vertex -1.421568e+001 -1.308489e+002  8.084888e+001
      vertex -1.321568e+001 -1.313741e+002  7.500000e+001
    endloop
  endfacet
  facet normal  4.996949e-001  8.662010e-001 -9.262799e-004
    outer loop
      vertex -1.523681e+001 -1.302604e+002  8.026044e+001
      vertex -1.421568e+001 -1.308489e+002  8.084888e+001
      vertex -1.455872e+001 -1.306572e+002  7.500000e+001
    endloop
  endfacet
  facet normal  5.157929e-001  8.567112e-001  1.864649e-003
    outer loop
      vertex -1.586298e+001 -1.298720e+002  7.500000e+001
      vertex -1.523681e+001 -1.302604e+002  8.026044e+001
      vertex -1.455872e+001 -1.306572e+002  7.500000e+001
    endloop
  endfacet
  facet normal  5.307737e-001  8.475133e-001 -5.977831e-004
    outer loop
      vertex -1.586298e+001 -1.298720e+002  7.500000e+001
      vertex -1.605860e+001 -1.297461e+002  7.974614e+001
      vertex -1.523681e+001 -1.302604e+002  8.026044e+001
    endloop
  endfacet
  facet normal  6.417453e-001  7.669117e-001  3.084636e-003
    outer loop
      vertex -1.950897e+001 -1.271280e+002  7.500000e+001
      vertex -1.872676e+001 -1.277938e+002  7.779383e+001
      vertex -1.834141e+001 -1.281050e+002  7.500000e+001
    endloop
  endfacet
  facet normal  6.541109e-001  7.563931e-001 -2.884114e-003
    outer loop
      vertex -1.950897e+001 -1.271280e+002  7.500000e+001
      vertex -1.977137e+001 -1.268939e+002  7.689391e+001
      vertex -1.872676e+001 -1.277938e+002  7.779383e+001
    endloop
  endfacet
  facet normal  6.804527e-001  7.327826e-001  3.684423e-003
    outer loop
      vertex -1.977137e+001 -1.268939e+002  7.689391e+001
      vertex -1.950897e+001 -1.271280e+002  7.500000e+001
      vertex -2.062457e+001 -1.260921e+002  7.500000e+001
    endloop
  endfacet
  facet normal  6.887927e-001  7.249504e-001 -3.388510e-003
    outer loop
      vertex -2.062457e+001 -1.260921e+002  7.500000e+001
      vertex -2.075728e+001 -1.259615e+002  7.596152e+001
      vertex -1.977137e+001 -1.268939e+002  7.689391e+001
    endloop
  endfacet
  facet normal  7.173462e-001  6.967031e-001  4.388760e-003
    outer loop
      vertex -2.075728e+001 -1.259615e+002  7.596152e+001
      vertex -2.062457e+001 -1.260921e+002  7.500000e+001
      vertex -2.168525e+001 -1.250000e+002  7.500000e+001
    endloop
  endfacet
  facet normal -6.603943e-001  7.509184e-001 -9.549778e-004
    outer loop
      vertex  1.972983e+001 -1.269314e+002  7.693135e+001
      vertex  1.950897e+001 -1.271280e+002  7.500000e+001
      vertex  1.920308e+001 -1.273940e+002  7.739401e+001
    endloop
  endfacet
  facet normal -6.417450e-001  7.669113e-001  3.204766e-003
    outer loop
      vertex  1.920308e+001 -1.273940e+002  7.739401e+001
      vertex  1.950897e+001 -1.271280e+002  7.500000e+001
      vertex  1.834141e+001 -1.281050e+002  7.500000e+001
    endloop
  endfacet
  facet normal -6.405821e-001  7.678856e-001  2.496849e-003
    outer loop
      vertex  1.920308e+001 -1.273940e+002  7.739401e+001
      vertex  1.834141e+001 -1.281050e+002  7.500000e+001
      vertex  1.866100e+001 -1.278477e+002  7.784769e+001
    endloop
  endfacet
  facet normal -6.205932e-001  7.841318e-001 -1.214631e-003
    outer loop
      vertex  1.866100e+001 -1.278477e+002  7.784769e+001
      vertex  1.834141e+001 -1.281050e+002  7.500000e+001
      vertex  1.791429e+001 -1.284378e+002  7.843775e+001
    endloop
  endfacet
  facet normal -6.013187e-001  7.990050e-001  2.619610e-003
    outer loop
      vertex  1.791429e+001 -1.284378e+002  7.843775e+001
      vertex  1.834141e+001 -1.281050e+002  7.500000e+001
      vertex  1.712500e+001 -1.290205e+002  7.500000e+001
    endloop
  endfacet
  facet normal -5.941783e-001  8.043334e-001  7.697876e-005
    outer loop
      vertex  1.791429e+001 -1.284378e+002  7.843775e+001
      vertex  1.712500e+001 -1.290205e+002  7.500000e+001
      vertex  1.714010e+001 -1.290097e+002  7.900972e+001
    endloop
  endfacet
  facet normal -3.865766e-001  9.222571e-001 -4.516266e-004
    outer loop
      vertex  1.080338e+001 -1.324506e+002  8.245063e+001
      vertex  1.198985e+001 -1.319535e+002  8.195354e+001
      vertex  1.183744e+001 -1.320208e+002  7.500000e+001
    endloop
  endfacet
  facet normal -4.257672e-001  9.048325e-001  5.760076e-004
    outer loop
      vertex  1.183744e+001 -1.320208e+002  7.500000e+001
      vertex  1.198985e+001 -1.319535e+002  8.195354e+001
      vertex  1.313781e+001 -1.314130e+002  8.141302e+001
    endloop
  endfacet
  facet normal -4.247754e-001  9.052988e-001  3.307114e-004
    outer loop
      vertex  1.183744e+001 -1.320208e+002  7.500000e+001
      vertex  1.313781e+001 -1.314130e+002  8.141302e+001
      vertex  1.321568e+001 -1.313741e+002  7.500000e+001
    endloop
  endfacet
  facet normal -1.886775e-001  9.820391e-001 -2.701731e-004
    outer loop
      vertex  4.954976e+000 -1.340809e+002  8.408089e+001
      vertex  6.171863e+000 -1.338472e+002  8.384715e+001
      vertex  6.047135e+000 -1.338736e+002  7.500000e+001
    endloop
  endfacet
  facet normal -2.294714e-001  9.733153e-001  3.309710e-004
    outer loop
      vertex  6.047135e+000 -1.338736e+002  7.500000e+001
      vertex  6.171863e+000 -1.338472e+002  8.384715e+001
      vertex  7.368082e+000 -1.335650e+002  8.356504e+001
    endloop
  endfacet
  facet normal -2.301738e-001  9.731494e-001  4.452752e-004
    outer loop
      vertex  6.047135e+000 -1.338736e+002  7.500000e+001
      vertex  7.368082e+000 -1.335650e+002  8.356504e+001
      vertex  7.528664e+000 -1.335231e+002  7.500000e+001
    endloop
  endfacet
  facet normal -3.561201e-002  9.993657e-001 -1.714435e-004
    outer loop
      vertex  4.866118e-001 -1.344960e+002  8.449599e+001
      vertex  1.613832e+000 -1.344558e+002  8.445583e+001
      vertex  1.521901e+000 -1.344607e+002  7.500000e+001
    endloop
  endfacet
  facet normal -7.373089e-002  9.972782e-001  2.002331e-004
    outer loop
      vertex  1.521901e+000 -1.344607e+002  7.500000e+001
      vertex  1.613832e+000 -1.344558e+002  8.445583e+001
      vertex  2.736363e+000 -1.343728e+002  8.437282e+001
    endloop
  endfacet
  facet normal -7.734594e-002  9.970041e-001  6.712151e-004
    outer loop
      vertex  1.521901e+000 -1.344607e+002  7.500000e+001
      vertex  2.736363e+000 -1.343728e+002  8.437282e+001
      vertex  3.039748e+000 -1.343430e+002  7.500000e+001
    endloop
  endfacet
  facet normal  1.192091e-001  9.928691e-001 -1.999773e-004
    outer loop
      vertex -4.094366e+000 -1.342145e+002  8.421449e+001
      vertex -2.936239e+000 -1.343535e+002  8.435351e+001
      vertex -3.039747e+000 -1.343430e+002  7.500000e+001
    endloop
  endfacet
  facet normal  7.974029e-002  9.968156e-001  2.412434e-004
    outer loop
      vertex -3.039747e+000 -1.343430e+002  7.500000e+001
      vertex -2.936239e+000 -1.343535e+002  8.435351e+001
      vertex -1.768960e+000 -1.344469e+002  8.444691e+001
    endloop
  endfacet
  facet normal  7.734594e-002  9.970042e-001  5.654019e-004
    outer loop
      vertex -3.039747e+000 -1.343430e+002  7.500000e+001
      vertex -1.768960e+000 -1.344469e+002  8.444691e+001
      vertex -1.521900e+000 -1.344607e+002  7.500000e+001
    endloop
  endfacet
  facet normal  2.721873e-001  9.622443e-001 -1.037603e-004
    outer loop
      vertex -8.572405e+000 -1.332270e+002  8.322701e+001
      vertex -7.481661e+000 -1.335355e+002  8.353550e+001
      vertex -7.528663e+000 -1.335231e+002  7.500000e+001
    endloop
  endfacet
  facet normal  2.347895e-001  9.720463e-001  1.163864e-004
    outer loop
      vertex -7.528663e+000 -1.335231e+002  7.500000e+001
      vertex -7.481661e+000 -1.335355e+002  8.353550e+001
      vertex -6.370021e+000 -1.338040e+002  8.380404e+001
    endloop
  endfacet
  facet normal  2.301736e-001  9.731492e-001  7.590402e-004
    outer loop
      vertex -7.528663e+000 -1.335231e+002  7.500000e+001
      vertex -6.370021e+000 -1.338040e+002  8.380404e+001
      vertex -6.047133e+000 -1.338736e+002  7.500000e+001
    endloop
  endfacet
  facet normal  4.641204e-001  8.857720e-001 -1.956972e-004
    outer loop
      vertex -1.421568e+001 -1.308489e+002  8.084888e+001
      vertex -1.315718e+001 -1.314034e+002  8.140338e+001
      vertex -1.321568e+001 -1.313741e+002  7.500000e+001
    endloop
  endfacet
  facet normal  4.274491e-001  9.040393e-001  2.227078e-004
    outer loop
      vertex -1.321568e+001 -1.313741e+002  7.500000e+001
      vertex -1.315718e+001 -1.314034e+002  8.140338e+001
      vertex -1.206215e+001 -1.319213e+002  8.192127e+001
    endloop
  endfacet
  facet normal  4.247753e-001  9.052985e-001  7.678719e-004
    outer loop
      vertex -1.321568e+001 -1.313741e+002  7.500000e+001
      vertex -1.206215e+001 -1.319213e+002  8.192127e+001
      vertex -1.183744e+001 -1.320208e+002  7.500000e+001
    endloop
  endfacet
  facet normal  5.848405e-001  8.111478e-001 -8.611509e-004
    outer loop
      vertex -1.762292e+001 -1.286576e+002  7.865762e+001
      vertex -1.685398e+001 -1.292114e+002  7.921143e+001
      vertex -1.712500e+001 -1.290205e+002  7.500000e+001
    endloop
  endfacet
  facet normal  5.570786e-001  8.304578e-001  1.800859e-003
    outer loop
      vertex -1.712500e+001 -1.290205e+002  7.500000e+001
      vertex -1.685398e+001 -1.292114e+002  7.921143e+001
      vertex -1.605860e+001 -1.297461e+002  7.974614e+001
    endloop
  endfacet
  facet normal  5.593094e-001  8.289583e-001  1.070347e-003
    outer loop
      vertex -1.712500e+001 -1.290205e+002  7.500000e+001
      vertex -1.605860e+001 -1.297461e+002  7.974614e+001
      vertex -1.586298e+001 -1.298720e+002  7.500000e+001
    endloop
  endfacet
  facet normal  6.258944e-001  7.799077e-001 -5.493332e-004
    outer loop
      vertex -1.872676e+001 -1.277938e+002  7.779383e+001
      vertex -1.818227e+001 -1.282305e+002  7.823048e+001
      vertex -1.834141e+001 -1.281050e+002  7.500000e+001
    endloop
  endfacet
  facet normal  6.064189e-001  7.951447e-001  1.001769e-003
    outer loop
      vertex -1.834141e+001 -1.281050e+002  7.500000e+001
      vertex -1.818227e+001 -1.282305e+002  7.823048e+001
      vertex -1.762292e+001 -1.286576e+002  7.865762e+001
    endloop
  endfacet
  facet normal  6.013188e-001  7.990050e-001  2.586810e-003
    outer loop
      vertex -1.834141e+001 -1.281050e+002  7.500000e+001
      vertex -1.762292e+001 -1.286576e+002  7.865762e+001
      vertex -1.712500e+001 -1.290205e+002  7.500000e+001
    endloop
  endfacet
  facet normal  0.000000e+000  0.000000e+000 -1.000000e+000
    outer loop
      vertex -8.990143e+000  2.809675e+001  7.500000e+001
      vertex -1.601607e+001  2.827959e+001  7.500000e+001
      vertex -7.528664e+000  2.852313e+001  7.500000e+001
    endloop
  endfacet
  facet normal  0.000000e+000  0.000000e+000 -1.000000e+000
    outer loop
      vertex -4.549499e+000 -1.341471e+002  7.500000e+001
      vertex -1.460948e+001 -1.340313e+002  7.500000e+001
      vertex -6.047133e+000 -1.338736e+002  7.500000e+001
    endloop
  endfacet
  facet normal  0.000000e+000  0.000000e+000 -1.000000e+000
    outer loop
      vertex  1.601608e+001  2.827959e+001  7.500000e+001
      vertex  8.990142e+000  2.809675e+001  7.500000e+001
      vertex  7.528663e+000  2.852313e+001  7.500000e+001
    endloop
  endfacet
  facet normal  0.000000e+000  0.000000e+000 -1.000000e+000
    outer loop
      vertex  1.460947e+001 -1.340313e+002  7.500000e+001
      vertex  4.549500e+000 -1.341471e+002  7.500000e+001
      vertex  6.047135e+000 -1.338736e+002  7.500000e+001
    endloop
  endfacet
  facet normal  0.000000e+000  0.000000e+000 -1.000000e+000
    outer loop
      vertex -1.316769e+001 -1.347130e+002  7.500000e+001
      vertex -1.460948e+001 -1.340313e+002  7.500000e+001
      vertex -4.549499e+000 -1.341471e+002  7.500000e+001
    endloop
  endfacet
  facet normal  0.000000e+000  -0.000000e+000 -1.000000e+000
    outer loop
      vertex -1.316769e+001 -1.347130e+002  7.500000e+001
      vertex -4.549499e+000 -1.341471e+002  7.500000e+001
      vertex -3.039747e+000 -1.343430e+002  7.500000e+001
    endloop
  endfacet
  facet normal  0.000000e+000  -0.000000e+000 -9.999999e-001
    outer loop
      vertex -1.316769e+001 -1.347130e+002  7.500000e+001
      vertex -3.039747e+000 -1.343430e+002  7.500000e+001
      vertex -1.521900e+000 -1.344607e+002  7.500000e+001
    endloop
  endfacet
  facet normal  0.000000e+000  -0.000000e+000 -1.000000e+000
    outer loop
      vertex -1.316769e+001 -1.347130e+002  7.500000e+001
      vertex -1.521900e+000 -1.344607e+002  7.500000e+001
      vertex  6.504103e-007 -1.345000e+002  7.500000e+001
    endloop
  endfacet
  facet normal  0.000000e+000  -0.000000e+000 -1.000000e+000
    outer loop
      vertex -1.316769e+001 -1.347130e+002  7.500000e+001
      vertex  6.504103e-007 -1.345000e+002  7.500000e+001
      vertex  7.974180e-001 -1.374902e+002  7.500000e+001
    endloop
  endfacet
  facet normal  0.000000e+000  0.000000e+000 -1.000000e+000
    outer loop
      vertex -1.316769e+001 -1.347130e+002  7.500000e+001
      vertex  7.974180e-001 -1.374902e+002  7.500000e+001
      vertex -7.974209e-001 -1.374902e+002  7.500000e+001
    endloop
  endfacet
  facet normal  0.000000e+000  0.000000e+000 -1.000000e+000
    outer loop
      vertex -1.316769e+001 -1.347130e+002  7.500000e+001
      vertex -7.974209e-001 -1.374902e+002  7.500000e+001
      vertex -2.390339e+000 -1.374120e+002  7.500000e+001
    endloop
  endfacet
  facet normal  0.000000e+000  0.000000e+000 -1.000000e+000
    outer loop
      vertex -1.316769e+001 -1.347130e+002  7.500000e+001
      vertex -2.390339e+000 -1.374120e+002  7.500000e+001
      vertex -3.977502e+000 -1.372557e+002  7.500000e+001
    endloop
  endfacet
  facet normal  0.000000e+000  0.000000e+000 -1.000000e+000
    outer loop
      vertex -1.316769e+001 -1.347130e+002  7.500000e+001
      vertex -3.977502e+000 -1.372557e+002  7.500000e+001
      vertex -5.555087e+000 -1.370217e+002  7.500000e+001
    endloop
  endfacet
  facet normal  0.000000e+000  0.000000e+000 -1.000000e+000
    outer loop
      vertex -1.316769e+001 -1.347130e+002  7.500000e+001
      vertex -5.555087e+000 -1.370217e+002  7.500000e+001
      vertex -7.119294e+000 -1.367106e+002  7.500000e+001
    endloop
  endfacet
  facet normal  0.000000e+000  0.000000e+000 -1.000000e+000
    outer loop
      vertex -1.316769e+001 -1.347130e+002  7.500000e+001
      vertex -7.119294e+000 -1.367106e+002  7.500000e+001
      vertex -8.666358e+000 -1.363232e+002  7.500000e+001
    endloop
  endfacet
  facet normal  0.000000e+000  0.000000e+000 -1.000000e+000
    outer loop
      vertex -1.316769e+001 -1.347130e+002  7.500000e+001
      vertex -8.666358e+000 -1.363232e+002  7.500000e+001
      vertex -1.019255e+001 -1.358604e+002  7.500000e+001
    endloop
  endfacet
  facet normal  0.000000e+000  0.000000e+000 -1.000000e+000
    outer loop
      vertex -1.316769e+001 -1.347130e+002  7.500000e+001
      vertex -1.019255e+001 -1.358604e+002  7.500000e+001
      vertex -1.169420e+001 -1.353232e+002  7.500000e+001
    endloop
  endfacet
  facet normal  -0.000000e+000  0.000000e+000 -1.000000e+000
    outer loop
      vertex  6.504103e-007 -1.345000e+002  7.500000e+001
      vertex  1.316769e+001 -1.347130e+002  7.500000e+001
      vertex  1.169420e+001 -1.353232e+002  7.500000e+001
    endloop
  endfacet
  facet normal  -0.000000e+000  0.000000e+000 -1.000000e+000
    outer loop
      vertex  6.504103e-007 -1.345000e+002  7.500000e+001
      vertex  1.169420e+001 -1.353232e+002  7.500000e+001
      vertex  1.019255e+001 -1.358604e+002  7.500000e+001
    endloop
  endfacet
  facet normal  -0.000000e+000  0.000000e+000 -9.999999e-001
    outer loop
      vertex  6.504103e-007 -1.345000e+002  7.500000e+001
      vertex  1.019255e+001 -1.358604e+002  7.500000e+001
      vertex  8.666355e+000 -1.363232e+002  7.500000e+001
    endloop
  endfacet
  facet normal  -0.000000e+000  0.000000e+000 -1.000000e+000
    outer loop
      vertex  6.504103e-007 -1.345000e+002  7.500000e+001
      vertex  8.666355e+000 -1.363232e+002  7.500000e+001
      vertex  7.119291e+000 -1.367107e+002  7.500000e+001
    endloop
  endfacet
  facet normal  -0.000000e+000  0.000000e+000 -1.000000e+000
    outer loop
      vertex  6.504103e-007 -1.345000e+002  7.500000e+001
      vertex  7.119291e+000 -1.367107e+002  7.500000e+001
      vertex  5.555084e+000 -1.370217e+002  7.500000e+001
    endloop
  endfacet
  facet normal  -0.000000e+000  0.000000e+000 -9.999999e-001
    outer loop
      vertex  6.504103e-007 -1.345000e+002  7.500000e+001
      vertex  5.555084e+000 -1.370217e+002  7.500000e+001
      vertex  3.977499e+000 -1.372557e+002  7.500000e+001
    endloop
  endfacet
  facet normal  -0.000000e+000  0.000000e+000 -1.000000e+000
    outer loop
      vertex  6.504103e-007 -1.345000e+002  7.500000e+001
      vertex  3.977499e+000 -1.372557e+002  7.500000e+001
      vertex  2.390337e+000 -1.374120e+002  7.500000e+001
    endloop
  endfacet
  facet normal  -0.000000e+000  0.000000e+000 -1.000000e+000
    outer loop
      vertex  6.504103e-007 -1.345000e+002  7.500000e+001
      vertex  2.390337e+000 -1.374120e+002  7.500000e+001
      vertex  7.974180e-001 -1.374902e+002  7.500000e+001
    endloop
  endfacet
  facet normal  0.000000e+000  0.000000e+000 -1.000000e+000
    outer loop
      vertex -6.504089e-007  2.950000e+001  7.500000e+001
      vertex -1.521901e+000  2.946072e+001  7.500000e+001
      vertex -1.316769e+001  2.971299e+001  7.500000e+001
    endloop
  endfacet
  facet normal  0.000000e+000  0.000000e+000 -9.999999e-001
    outer loop
      vertex -6.504089e-007  2.950000e+001  7.500000e+001
      vertex -1.316769e+001  2.971299e+001  7.500000e+001
      vertex -1.169420e+001  3.032319e+001  7.500000e+001
    endloop
  endfacet
  facet normal  0.000000e+000  0.000000e+000 -1.000000e+000
    outer loop
      vertex -6.504089e-007  2.950000e+001  7.500000e+001
      vertex -1.169420e+001  3.032319e+001  7.500000e+001
      vertex -1.019255e+001  3.086036e+001  7.500000e+001
    endloop
  endfacet
  facet normal  0.000000e+000  0.000000e+000 -1.000000e+000
    outer loop
      vertex -6.504089e-007  2.950000e+001  7.500000e+001
      vertex -1.019255e+001  3.086036e+001  7.500000e+001
      vertex -8.666355e+000  3.132322e+001  7.500000e+001
    endloop
  endfacet
  facet normal  0.000000e+000  0.000000e+000 -1.000000e+000
    outer loop
      vertex -6.504089e-007  2.950000e+001  7.500000e+001
      vertex -8.666355e+000  3.132322e+001  7.500000e+001
      vertex -7.119291e+000  3.171066e+001  7.500000e+001
    endloop
  endfacet
  facet normal  0.000000e+000  0.000000e+000 -9.999999e-001
    outer loop
      vertex -6.504089e-007  2.950000e+001  7.500000e+001
      vertex -7.119291e+000  3.171066e+001  7.500000e+001
      vertex -5.555084e+000  3.202173e+001  7.500000e+001
    endloop
  endfacet
  facet normal  0.000000e+000  0.000000e+000 -1.000000e+000
    outer loop
      vertex -6.504089e-007  2.950000e+001  7.500000e+001
      vertex -5.555084e+000  3.202173e+001  7.500000e+001
      vertex -3.977499e+000  3.225569e+001  7.500000e+001
    endloop
  endfacet
  facet normal  0.000000e+000  0.000000e+000 -9.999999e-001
    outer loop
      vertex -6.504089e-007  2.950000e+001  7.500000e+001
      vertex -3.977499e+000  3.225569e+001  7.500000e+001
      vertex -2.390337e+000  3.241198e+001  7.500000e+001
    endloop
  endfacet
  facet normal  0.000000e+000  0.000000e+000 -1.000000e+000
    outer loop
      vertex -6.504089e-007  2.950000e+001  7.500000e+001
      vertex -2.390337e+000  3.241198e+001  7.500000e+001
      vertex -7.974180e-001  3.249022e+001  7.500000e+001
    endloop
  endfacet
  facet normal  0.000000e+000  0.000000e+000 -1.000000e+000
    outer loop
      vertex -6.504089e-007  2.950000e+001  7.500000e+001
      vertex -7.974180e-001  3.249022e+001  7.500000e+001
      vertex  7.974209e-001  3.249022e+001  7.500000e+001
    endloop
  endfacet
  facet normal  0.000000e+000  -0.000000e+000 -1.000000e+000
    outer loop
      vertex -6.504089e-007  2.950000e+001  7.500000e+001
      vertex  7.974209e-001  3.249022e+001  7.500000e+001
      vertex  2.390339e+000  3.241198e+001  7.500000e+001
    endloop
  endfacet
  facet normal  0.000000e+000  -0.000000e+000 -1.000000e+000
    outer loop
      vertex -6.504089e-007  2.950000e+001  7.500000e+001
      vertex  2.390339e+000  3.241198e+001  7.500000e+001
      vertex  3.977502e+000  3.225569e+001  7.500000e+001
    endloop
  endfacet
  facet normal  0.000000e+000  -0.000000e+000 -1.000000e+000
    outer loop
      vertex -6.504089e-007  2.950000e+001  7.500000e+001
      vertex  3.977502e+000  3.225569e+001  7.500000e+001
      vertex  5.555087e+000  3.202173e+001  7.500000e+001
    endloop
  endfacet
  facet normal  0.000000e+000  -0.000000e+000 -9.999999e-001
    outer loop
      vertex -6.504089e-007  2.950000e+001  7.500000e+001
      vertex  5.555087e+000  3.202173e+001  7.500000e+001
      vertex  7.119294e+000  3.171066e+001  7.500000e+001
    endloop
  endfacet
  facet normal  0.000000e+000  -0.000000e+000 -9.999999e-001
    outer loop
      vertex -6.504089e-007  2.950000e+001  7.500000e+001
      vertex  7.119294e+000  3.171066e+001  7.500000e+001
      vertex  8.666358e+000  3.132322e+001  7.500000e+001
    endloop
  endfacet
  facet normal  0.000000e+000  -0.000000e+000 -1.000000e+000
    outer loop
      vertex -6.504089e-007  2.950000e+001  7.500000e+001
      vertex  8.666358e+000  3.132322e+001  7.500000e+001
      vertex  1.019255e+001  3.086036e+001  7.500000e+001
    endloop
  endfacet
  facet normal  0.000000e+000  -0.000000e+000 -9.999999e-001
    outer loop
      vertex -6.504089e-007  2.950000e+001  7.500000e+001
      vertex  1.019255e+001  3.086036e+001  7.500000e+001
      vertex  1.169420e+001  3.032319e+001  7.500000e+001
    endloop
  endfacet
  facet normal  0.000000e+000  -0.000000e+000 -1.000000e+000
    outer loop
      vertex -6.504089e-007  2.950000e+001  7.500000e+001
      vertex  1.169420e+001  3.032319e+001  7.500000e+001
      vertex  1.316769e+001  2.971299e+001  7.500000e+001
    endloop
  endfacet
  facet normal  0.000000e+000  0.000000e+000 -1.000000e+000
    outer loop
      vertex -6.504089e-007  2.950000e+001  7.500000e+001
      vertex  1.316769e+001  2.971299e+001  7.500000e+001
      vertex  1.521900e+000  2.946072e+001  7.500000e+001
    endloop
  endfacet
  facet normal  0.000000e+000  0.000000e+000 -1.000000e+000
    outer loop
      vertex  1.316769e+001 -1.347130e+002  7.500000e+001
      vertex  6.504103e-007 -1.345000e+002  7.500000e+001
      vertex  1.521901e+000 -1.344607e+002  7.500000e+001
    endloop
  endfacet
  facet normal  0.000000e+000  0.000000e+000 -1.000000e+000
    outer loop
      vertex  1.316769e+001 -1.347130e+002  7.500000e+001
      vertex  1.521901e+000 -1.344607e+002  7.500000e+001
      vertex  3.039748e+000 -1.343430e+002  7.500000e+001
    endloop
  endfacet
  facet normal  0.000000e+000  0.000000e+000 -1.000000e+000
    outer loop
      vertex  1.316769e+001 -1.347130e+002  7.500000e+001
      vertex  3.039748e+000 -1.343430e+002  7.500000e+001
      vertex  4.549500e+000 -1.341471e+002  7.500000e+001
    endloop
  endfacet
  facet normal  0.000000e+000  0.000000e+000 -1.000000e+000
    outer loop
      vertex  1.316769e+001 -1.347130e+002  7.500000e+001
      vertex  4.549500e+000 -1.341471e+002  7.500000e+001
      vertex  1.460947e+001 -1.340313e+002  7.500000e+001
    endloop
  endfacet
  facet normal  0.000000e+000  0.000000e+000 -1.000000e+000
    outer loop
      vertex -4.549500e+000  2.914708e+001  7.500000e+001
      vertex -1.460947e+001  2.903125e+001  7.500000e+001
      vertex -3.039748e+000  2.934297e+001  7.500000e+001
    endloop
  endfacet
  facet normal  -0.000000e+000  0.000000e+000 -1.000000e+000
    outer loop
      vertex -3.039748e+000  2.934297e+001  7.500000e+001
      vertex -1.460947e+001  2.903125e+001  7.500000e+001
      vertex -1.316769e+001  2.971299e+001  7.500000e+001
    endloop
  endfacet
  facet normal  0.000000e+000  0.000000e+000 -9.999999e-001
    outer loop
      vertex -3.039748e+000  2.934297e+001  7.500000e+001
      vertex -1.316769e+001  2.971299e+001  7.500000e+001
      vertex -1.521901e+000  2.946072e+001  7.500000e+001
    endloop
  endfacet
  facet normal  0.000000e+000  0.000000e+000 -1.000000e+000
    outer loop
      vertex -7.528664e+000  2.852313e+001  7.500000e+001
      vertex -1.601607e+001  2.827959e+001  7.500000e+001
      vertex -6.047135e+000  2.887355e+001  7.500000e+001
    endloop
  endfacet
  facet normal  -0.000000e+000  0.000000e+000 -1.000000e+000
    outer loop
      vertex -6.047135e+000  2.887355e+001  7.500000e+001
      vertex -1.601607e+001  2.827959e+001  7.500000e+001
      vertex -1.460947e+001  2.903125e+001  7.500000e+001
    endloop
  endfacet
  facet normal  0.000000e+000  0.000000e+000 -9.999999e-001
    outer loop
      vertex -6.047135e+000  2.887355e+001  7.500000e+001
      vertex -1.460947e+001  2.903125e+001  7.500000e+001
      vertex -4.549500e+000  2.914708e+001  7.500000e+001
    endloop
  endfacet
  facet normal  0.000000e+000  0.000000e+000 -1.000000e+000
    outer loop
      vertex -1.321568e+001  2.637415e+001  7.500000e+001
      vertex -1.871028e+001  2.657396e+001  7.500000e+001
      vertex -1.183744e+001  2.702082e+001  7.500000e+001
    endloop
  endfacet
  facet normal  -0.000000e+000  0.000000e+000 -1.000000e+000
    outer loop
      vertex -1.183744e+001  2.702082e+001  7.500000e+001
      vertex -1.871028e+001  2.657396e+001  7.500000e+001
      vertex -1.738411e+001  2.745984e+001  7.500000e+001
    endloop
  endfacet
  facet normal  0.000000e+000  0.000000e+000 -1.000000e+000
    outer loop
      vertex -1.183744e+001  2.702082e+001  7.500000e+001
      vertex -1.738411e+001  2.745984e+001  7.500000e+001
      vertex -1.042768e+001  2.759554e+001  7.500000e+001
    endloop
  endfacet
  facet normal  -0.000000e+000  0.000000e+000 -1.000000e+000
    outer loop
      vertex -1.042768e+001  2.759554e+001  7.500000e+001
      vertex -1.738411e+001  2.745984e+001  7.500000e+001
      vertex -1.601607e+001  2.827959e+001  7.500000e+001
    endloop
  endfacet
  facet normal  0.000000e+000  0.000000e+000 -1.000000e+000
    outer loop
      vertex -1.042768e+001  2.759554e+001  7.500000e+001
      vertex -1.601607e+001  2.827959e+001  7.500000e+001
      vertex -8.990143e+000  2.809675e+001  7.500000e+001
    endloop
  endfacet
  facet normal  0.000000e+000  0.000000e+000 -1.000000e+000
    outer loop
      vertex -1.834141e+001  2.310503e+001  7.500000e+001
      vertex -2.240624e+001  2.354168e+001  7.500000e+001
      vertex -1.712500e+001  2.402050e+001  7.500000e+001
    endloop
  endfacet
  facet normal  -0.000000e+000  0.000000e+000 -1.000000e+000
    outer loop
      vertex -1.712500e+001  2.402050e+001  7.500000e+001
      vertex -2.240624e+001  2.354168e+001  7.500000e+001
      vertex -2.122437e+001  2.461252e+001  7.500000e+001
    endloop
  endfacet
  facet normal  0.000000e+000  0.000000e+000 -1.000000e+000
    outer loop
      vertex -1.712500e+001  2.402050e+001  7.500000e+001
      vertex -2.122437e+001  2.461252e+001  7.500000e+001
      vertex -1.586298e+001  2.487199e+001  7.500000e+001
    endloop
  endfacet
  facet normal  -0.000000e+000  0.000000e+000 -1.000000e+000
    outer loop
      vertex -1.586298e+001  2.487199e+001  7.500000e+001
      vertex -2.122437e+001  2.461252e+001  7.500000e+001
      vertex -1.999140e+001  2.562409e+001  7.500000e+001
    endloop
  endfacet
  facet normal  0.000000e+000  0.000000e+000 -1.000000e+000
    outer loop
      vertex -1.586298e+001  2.487199e+001  7.500000e+001
      vertex -1.999140e+001  2.562409e+001  7.500000e+001
      vertex -1.455872e+001  2.565724e+001  7.500000e+001
    endloop
  endfacet
  facet normal  -0.000000e+000  0.000000e+000 -1.000000e+000
    outer loop
      vertex -1.455872e+001  2.565724e+001  7.500000e+001
      vertex -1.999140e+001  2.562409e+001  7.500000e+001
      vertex -1.871028e+001  2.657396e+001  7.500000e+001
    endloop
  endfacet
  facet normal  0.000000e+000  0.000000e+000 -1.000000e+000
    outer loop
      vertex -1.455872e+001  2.565724e+001  7.500000e+001
      vertex -1.871028e+001  2.657396e+001  7.500000e+001
      vertex -1.321568e+001  2.637415e+001  7.500000e+001
    endloop
  endfacet
  facet normal  0.000000e+000  0.000000e+000 -1.000000e+000
    outer loop
      vertex -1.586298e+001 -1.298720e+002  7.500000e+001
      vertex -2.122437e+001 -1.296125e+002  7.500000e+001
      vertex -1.712500e+001 -1.290205e+002  7.500000e+001
    endloop
  endfacet
  facet normal  -0.000000e+000  0.000000e+000 -1.000000e+000
    outer loop
      vertex -1.712500e+001 -1.290205e+002  7.500000e+001
      vertex -2.122437e+001 -1.296125e+002  7.500000e+001
      vertex -2.240624e+001 -1.285417e+002  7.500000e+001
    endloop
  endfacet
  facet normal  0.000000e+000  0.000000e+000 -1.000000e+000
    outer loop
      vertex -1.712500e+001 -1.290205e+002  7.500000e+001
      vertex -2.240624e+001 -1.285417e+002  7.500000e+001
      vertex -1.834141e+001 -1.281050e+002  7.500000e+001
    endloop
  endfacet
  facet normal  -0.000000e+000  0.000000e+000 -1.000000e+000
    outer loop
      vertex -1.834141e+001 -1.281050e+002  7.500000e+001
      vertex -2.240624e+001 -1.285417e+002  7.500000e+001
      vertex -2.353415e+001 -1.274141e+002  7.500000e+001
    endloop
  endfacet
  facet normal  0.000000e+000  0.000000e+000 -1.000000e+000
    outer loop
      vertex -1.834141e+001 -1.281050e+002  7.500000e+001
      vertex -2.353415e+001 -1.274141e+002  7.500000e+001
      vertex -1.950897e+001 -1.271280e+002  7.500000e+001
    endloop
  endfacet
  facet normal  -0.000000e+000  0.000000e+000 -9.999999e-001
    outer loop
      vertex -1.950897e+001 -1.271280e+002  7.500000e+001
      vertex -2.353415e+001 -1.274141e+002  7.500000e+001
      vertex -2.460539e+001 -1.262326e+002  7.500000e+001
    endloop
  endfacet
  facet normal  0.000000e+000  0.000000e+000 -1.000000e+000
    outer loop
      vertex -1.950897e+001 -1.271280e+002  7.500000e+001
      vertex -2.460539e+001 -1.262326e+002  7.500000e+001
      vertex -2.062457e+001 -1.260921e+002  7.500000e+001
    endloop
  endfacet
  facet normal  -0.000000e+000  0.000000e+000 -1.000000e+000
    outer loop
      vertex -2.062457e+001 -1.260921e+002  7.500000e+001
      vertex -2.460539e+001 -1.262326e+002  7.500000e+001
      vertex -2.561738e+001 -1.250000e+002  7.500000e+001
    endloop
  endfacet
  facet normal  0.000000e+000  0.000000e+000 -1.000000e+000
    outer loop
      vertex -2.062457e+001 -1.260921e+002  7.500000e+001
      vertex -2.561738e+001 -1.250000e+002  7.500000e+001
      vertex -2.168525e+001 -1.250000e+002  7.500000e+001
    endloop
  endfacet
  facet normal  0.000000e+000  0.000000e+000 -1.000000e+000
    outer loop
      vertex -2.168525e+001 -1.250000e+002  7.500000e+001
      vertex -2.561738e+001 -1.250000e+002  7.500000e+001
      vertex -2.561737e+001  2.000000e+001  7.500000e+001
    endloop
  endfacet
  facet normal  0.000000e+000  0.000000e+000 -1.000000e+000
    outer loop
      vertex -2.168525e+001 -1.250000e+002  7.500000e+001
      vertex -2.561737e+001  2.000000e+001  7.500000e+001
      vertex -2.168525e+001  2.000000e+001  7.500000e+001
    endloop
  endfacet
  facet normal  0.000000e+000  0.000000e+000 -1.000000e+000
    outer loop
      vertex -2.168525e+001  2.000000e+001  7.500000e+001
      vertex -2.561737e+001  2.000000e+001  7.500000e+001
      vertex -2.460539e+001  2.123264e+001  7.500000e+001
    endloop
  endfacet
  facet normal  0.000000e+000  0.000000e+000 -1.000000e+000
    outer loop
      vertex -2.168525e+001  2.000000e+001  7.500000e+001
      vertex -2.460539e+001  2.123264e+001  7.500000e+001
      vertex -2.062458e+001  2.109210e+001  7.500000e+001
    endloop
  endfacet
  facet normal  0.000000e+000  0.000000e+000 -1.000000e+000
    outer loop
      vertex -2.062458e+001  2.109210e+001  7.500000e+001
      vertex -2.460539e+001  2.123264e+001  7.500000e+001
      vertex -2.353415e+001  2.241414e+001  7.500000e+001
    endloop
  endfacet
  facet normal  0.000000e+000  0.000000e+000 -1.000000e+000
    outer loop
      vertex -2.062458e+001  2.109210e+001  7.500000e+001
      vertex -2.353415e+001  2.241414e+001  7.500000e+001
      vertex -1.950897e+001  2.212804e+001  7.500000e+001
    endloop
  endfacet
  facet normal  0.000000e+000  0.000000e+000 -1.000000e+000
    outer loop
      vertex -1.950897e+001  2.212804e+001  7.500000e+001
      vertex -2.353415e+001  2.241414e+001  7.500000e+001
      vertex -2.240624e+001  2.354168e+001  7.500000e+001
    endloop
  endfacet
  facet normal  0.000000e+000  0.000000e+000 -1.000000e+000
    outer loop
      vertex -1.950897e+001  2.212804e+001  7.500000e+001
      vertex -2.240624e+001  2.354168e+001  7.500000e+001
      vertex -1.834141e+001  2.310503e+001  7.500000e+001
    endloop
  endfacet
  facet normal  0.000000e+000  0.000000e+000 -1.000000e+000
    outer loop
      vertex -1.042768e+001 -1.325955e+002  7.500000e+001
      vertex -1.738411e+001 -1.324598e+002  7.500000e+001
      vertex -1.183744e+001 -1.320208e+002  7.500000e+001
    endloop
  endfacet
  facet normal  -0.000000e+000  0.000000e+000 -1.000000e+000
    outer loop
      vertex -1.183744e+001 -1.320208e+002  7.500000e+001
      vertex -1.738411e+001 -1.324598e+002  7.500000e+001
      vertex -1.871028e+001 -1.315740e+002  7.500000e+001
    endloop
  endfacet
  facet normal  0.000000e+000  0.000000e+000 -9.999999e-001
    outer loop
      vertex -1.183744e+001 -1.320208e+002  7.500000e+001
      vertex -1.871028e+001 -1.315740e+002  7.500000e+001
      vertex -1.321568e+001 -1.313741e+002  7.500000e+001
    endloop
  endfacet
  facet normal  -0.000000e+000  0.000000e+000 -1.000000e+000
    outer loop
      vertex -1.321568e+001 -1.313741e+002  7.500000e+001
      vertex -1.871028e+001 -1.315740e+002  7.500000e+001
      vertex -1.999140e+001 -1.306241e+002  7.500000e+001
    endloop
  endfacet
  facet normal  0.000000e+000  0.000000e+000 -1.000000e+000
    outer loop
      vertex -1.321568e+001 -1.313741e+002  7.500000e+001
      vertex -1.999140e+001 -1.306241e+002  7.500000e+001
      vertex -1.455872e+001 -1.306572e+002  7.500000e+001
    endloop
  endfacet
  facet normal  0.000000e+000  0.000000e+000 -1.000000e+000
    outer loop
      vertex -1.455872e+001 -1.306572e+002  7.500000e+001
      vertex -1.999140e+001 -1.306241e+002  7.500000e+001
      vertex -2.122437e+001 -1.296125e+002  7.500000e+001
    endloop
  endfacet
  facet normal  0.000000e+000  0.000000e+000 -1.000000e+000
    outer loop
      vertex -1.455872e+001 -1.306572e+002  7.500000e+001
      vertex -2.122437e+001 -1.296125e+002  7.500000e+001
      vertex -1.586298e+001 -1.298720e+002  7.500000e+001
    endloop
  endfacet
  facet normal  0.000000e+000  0.000000e+000 -1.000000e+000
    outer loop
      vertex -6.047133e+000 -1.338736e+002  7.500000e+001
      vertex -1.460948e+001 -1.340313e+002  7.500000e+001
      vertex -7.528663e+000 -1.335231e+002  7.500000e+001
    endloop
  endfacet
  facet normal  -0.000000e+000  0.000000e+000 -1.000000e+000
    outer loop
      vertex -7.528663e+000 -1.335231e+002  7.500000e+001
      vertex -1.460948e+001 -1.340313e+002  7.500000e+001
      vertex -1.601608e+001 -1.332796e+002  7.500000e+001
    endloop
  endfacet
  facet normal  0.000000e+000  0.000000e+000 -1.000000e+000
    outer loop
      vertex -7.528663e+000 -1.335231e+002  7.500000e+001
      vertex -1.601608e+001 -1.332796e+002  7.500000e+001
      vertex -8.990142e+000 -1.330968e+002  7.500000e+001
    endloop
  endfacet
  facet normal  -0.000000e+000  0.000000e+000 -1.000000e+000
    outer loop
      vertex -8.990142e+000 -1.330968e+002  7.500000e+001
      vertex -1.601608e+001 -1.332796e+002  7.500000e+001
      vertex -1.738411e+001 -1.324598e+002  7.500000e+001
    endloop
  endfacet
  facet normal  0.000000e+000  0.000000e+000 -1.000000e+000
    outer loop
      vertex -8.990142e+000 -1.330968e+002  7.500000e+001
      vertex -1.738411e+001 -1.324598e+002  7.500000e+001
      vertex -1.042768e+001 -1.325955e+002  7.500000e+001
    endloop
  endfacet
  facet normal  0.000000e+000  0.000000e+000 -1.000000e+000
    outer loop
      vertex  4.549499e+000  2.914708e+001  7.500000e+001
      vertex  3.039747e+000  2.934297e+001  7.500000e+001
      vertex  1.460948e+001  2.903125e+001  7.500000e+001
    endloop
  endfacet
  facet normal  0.000000e+000  0.000000e+000 -1.000000e+000
    outer loop
      vertex  1.460948e+001  2.903125e+001  7.500000e+001
      vertex  3.039747e+000  2.934297e+001  7.500000e+001
      vertex  1.521900e+000  2.946072e+001  7.500000e+001
    endloop
  endfacet
  facet normal  0.000000e+000  0.000000e+000 -1.000000e+000
    outer loop
      vertex  1.460948e+001  2.903125e+001  7.500000e+001
      vertex  1.521900e+000  2.946072e+001  7.500000e+001
      vertex  1.316769e+001  2.971299e+001  7.500000e+001
    endloop
  endfacet
  facet normal  0.000000e+000  0.000000e+000 -1.000000e+000
    outer loop
      vertex  7.528663e+000  2.852313e+001  7.500000e+001
      vertex  6.047133e+000  2.887355e+001  7.500000e+001
      vertex  1.601608e+001  2.827959e+001  7.500000e+001
    endloop
  endfacet
  facet normal  0.000000e+000  0.000000e+000 -1.000000e+000
    outer loop
      vertex  1.601608e+001  2.827959e+001  7.500000e+001
      vertex  6.047133e+000  2.887355e+001  7.500000e+001
      vertex  4.549499e+000  2.914708e+001  7.500000e+001
    endloop
  endfacet
  facet normal  0.000000e+000  0.000000e+000 -1.000000e+000
    outer loop
      vertex  1.601608e+001  2.827959e+001  7.500000e+001
      vertex  4.549499e+000  2.914708e+001  7.500000e+001
      vertex  1.460948e+001  2.903125e+001  7.500000e+001
    endloop
  endfacet
  facet normal  0.000000e+000  0.000000e+000 -9.999999e-001
    outer loop
      vertex  1.321568e+001  2.637415e+001  7.500000e+001
      vertex  1.183744e+001  2.702082e+001  7.500000e+001
      vertex  1.871028e+001  2.657396e+001  7.500000e+001
    endloop
  endfacet
  facet normal  0.000000e+000  0.000000e+000 -1.000000e+000
    outer loop
      vertex  1.871028e+001  2.657396e+001  7.500000e+001
      vertex  1.183744e+001  2.702082e+001  7.500000e+001
      vertex  1.042768e+001  2.759554e+001  7.500000e+001
    endloop
  endfacet
  facet normal  0.000000e+000  0.000000e+000 -9.999999e-001
    outer loop
      vertex  1.871028e+001  2.657396e+001  7.500000e+001
      vertex  1.042768e+001  2.759554e+001  7.500000e+001
      vertex  1.738411e+001  2.745984e+001  7.500000e+001
    endloop
  endfacet
  facet normal  0.000000e+000  0.000000e+000 -1.000000e+000
    outer loop
      vertex  1.738411e+001  2.745984e+001  7.500000e+001
      vertex  1.042768e+001  2.759554e+001  7.500000e+001
      vertex  8.990142e+000  2.809675e+001  7.500000e+001
    endloop
  endfacet
  facet normal  0.000000e+000  0.000000e+000 -1.000000e+000
    outer loop
      vertex  1.738411e+001  2.745984e+001  7.500000e+001
      vertex  8.990142e+000  2.809675e+001  7.500000e+001
      vertex  1.601608e+001  2.827959e+001  7.500000e+001
    endloop
  endfacet
  facet normal  0.000000e+000  0.000000e+000 -1.000000e+000
    outer loop
      vertex  1.834141e+001  2.310504e+001  7.500000e+001
      vertex  1.712500e+001  2.402050e+001  7.500000e+001
      vertex  2.240624e+001  2.354167e+001  7.500000e+001
    endloop
  endfacet
  facet normal  0.000000e+000  0.000000e+000 -9.999999e-001
    outer loop
      vertex  2.240624e+001  2.354167e+001  7.500000e+001
      vertex  1.712500e+001  2.402050e+001  7.500000e+001
      vertex  1.586298e+001  2.487199e+001  7.500000e+001
    endloop
  endfacet
  facet normal  0.000000e+000  0.000000e+000 -1.000000e+000
    outer loop
      vertex  2.240624e+001  2.354167e+001  7.500000e+001
      vertex  1.586298e+001  2.487199e+001  7.500000e+001
      vertex  2.122437e+001  2.461252e+001  7.500000e+001
    endloop
  endfacet
  facet normal  0.000000e+000  0.000000e+000 -1.000000e+000
    outer loop
      vertex  2.122437e+001  2.461252e+001  7.500000e+001
      vertex  1.586298e+001  2.487199e+001  7.500000e+001
      vertex  1.455872e+001  2.565724e+001  7.500000e+001
    endloop
  endfacet
  facet normal  0.000000e+000  0.000000e+000 -1.000000e+000
    outer loop
      vertex  2.122437e+001  2.461252e+001  7.500000e+001
      vertex  1.455872e+001  2.565724e+001  7.500000e+001
      vertex  1.999140e+001  2.562409e+001  7.500000e+001
    endloop
  endfacet
  facet normal  0.000000e+000  0.000000e+000 -1.000000e+000
    outer loop
      vertex  1.999140e+001  2.562409e+001  7.500000e+001
      vertex  1.455872e+001  2.565724e+001  7.500000e+001
      vertex  1.321568e+001  2.637415e+001  7.500000e+001
    endloop
  endfacet
  facet normal  0.000000e+000  0.000000e+000 -9.999999e-001
    outer loop
      vertex  1.999140e+001  2.562409e+001  7.500000e+001
      vertex  1.321568e+001  2.637415e+001  7.500000e+001
      vertex  1.871028e+001  2.657396e+001  7.500000e+001
    endloop
  endfacet
  facet normal  0.000000e+000  -0.000000e+000 -1.000000e+000
    outer loop
      vertex  1.586298e+001 -1.298720e+002  7.500000e+001
      vertex  1.712500e+001 -1.290205e+002  7.500000e+001
      vertex  2.122437e+001 -1.296125e+002  7.500000e+001
    endloop
  endfacet
  facet normal  0.000000e+000  0.000000e+000 -1.000000e+000
    outer loop
      vertex  2.122437e+001 -1.296125e+002  7.500000e+001
      vertex  1.712500e+001 -1.290205e+002  7.500000e+001
      vertex  1.834141e+001 -1.281050e+002  7.500000e+001
    endloop
  endfacet
  facet normal  0.000000e+000  0.000000e+000 -1.000000e+000
    outer loop
      vertex  2.122437e+001 -1.296125e+002  7.500000e+001
      vertex  1.834141e+001 -1.281050e+002  7.500000e+001
      vertex  2.240624e+001 -1.285417e+002  7.500000e+001
    endloop
  endfacet
  facet normal  0.000000e+000  0.000000e+000 -1.000000e+000
    outer loop
      vertex  2.240624e+001 -1.285417e+002  7.500000e+001
      vertex  1.834141e+001 -1.281050e+002  7.500000e+001
      vertex  1.950897e+001 -1.271280e+002  7.500000e+001
    endloop
  endfacet
  facet normal  0.000000e+000  0.000000e+000 -1.000000e+000
    outer loop
      vertex  2.240624e+001 -1.285417e+002  7.500000e+001
      vertex  1.950897e+001 -1.271280e+002  7.500000e+001
      vertex  2.353415e+001 -1.274141e+002  7.500000e+001
    endloop
  endfacet
  facet normal  0.000000e+000  0.000000e+000 -1.000000e+000
    outer loop
      vertex  2.353415e+001 -1.274141e+002  7.500000e+001
      vertex  1.950897e+001 -1.271280e+002  7.500000e+001
      vertex  2.062458e+001 -1.260921e+002  7.500000e+001
    endloop
  endfacet
  facet normal  0.000000e+000  0.000000e+000 -1.000000e+000
    outer loop
      vertex  2.353415e+001 -1.274141e+002  7.500000e+001
      vertex  2.062458e+001 -1.260921e+002  7.500000e+001
      vertex  2.460539e+001 -1.262326e+002  7.500000e+001
    endloop
  endfacet
  facet normal  0.000000e+000  0.000000e+000 -1.000000e+000
    outer loop
      vertex  2.460539e+001 -1.262326e+002  7.500000e+001
      vertex  2.062458e+001 -1.260921e+002  7.500000e+001
      vertex  2.168525e+001 -1.250000e+002  7.500000e+001
    endloop
  endfacet
  facet normal  0.000000e+000  0.000000e+000 -9.999999e-001
    outer loop
      vertex  2.460539e+001 -1.262326e+002  7.500000e+001
      vertex  2.168525e+001 -1.250000e+002  7.500000e+001
      vertex  2.561737e+001 -1.250000e+002  7.500000e+001
    endloop
  endfacet
  facet normal  0.000000e+000  0.000000e+000 -1.000000e+000
    outer loop
      vertex  2.561737e+001 -1.250000e+002  7.500000e+001
      vertex  2.168525e+001 -1.250000e+002  7.500000e+001
      vertex  2.168525e+001  2.000000e+001  7.500000e+001
    endloop
  endfacet
  facet normal  0.000000e+000  0.000000e+000 -1.000000e+000
    outer loop
      vertex  2.561737e+001 -1.250000e+002  7.500000e+001
      vertex  2.168525e+001  2.000000e+001  7.500000e+001
      vertex  2.561738e+001  2.000000e+001  7.500000e+001
    endloop
  endfacet
  facet normal  0.000000e+000  0.000000e+000 -1.000000e+000
    outer loop
      vertex  2.561738e+001  2.000000e+001  7.500000e+001
      vertex  2.168525e+001  2.000000e+001  7.500000e+001
      vertex  2.062457e+001  2.109211e+001  7.500000e+001
    endloop
  endfacet
  facet normal  0.000000e+000  0.000000e+000 -1.000000e+000
    outer loop
      vertex  2.561738e+001  2.000000e+001  7.500000e+001
      vertex  2.062457e+001  2.109211e+001  7.500000e+001
      vertex  2.460539e+001  2.123264e+001  7.500000e+001
    endloop
  endfacet
  facet normal  -0.000000e+000  0.000000e+000 -1.000000e+000
    outer loop
      vertex  2.460539e+001  2.123264e+001  7.500000e+001
      vertex  2.062457e+001  2.109211e+001  7.500000e+001
      vertex  1.950897e+001  2.212804e+001  7.500000e+001
    endloop
  endfacet
  facet normal  0.000000e+000  0.000000e+000 -1.000000e+000
    outer loop
      vertex  2.460539e+001  2.123264e+001  7.500000e+001
      vertex  1.950897e+001  2.212804e+001  7.500000e+001
      vertex  2.353415e+001  2.241414e+001  7.500000e+001
    endloop
  endfacet
  facet normal  -0.000000e+000  0.000000e+000 -1.000000e+000
    outer loop
      vertex  2.353415e+001  2.241414e+001  7.500000e+001
      vertex  1.950897e+001  2.212804e+001  7.500000e+001
      vertex  1.834141e+001  2.310504e+001  7.500000e+001
    endloop
  endfacet
  facet normal  0.000000e+000  0.000000e+000 -9.999999e-001
    outer loop
      vertex  2.353415e+001  2.241414e+001  7.500000e+001
      vertex  1.834141e+001  2.310504e+001  7.500000e+001
      vertex  2.240624e+001  2.354167e+001  7.500000e+001
    endloop
  endfacet
  facet normal  0.000000e+000  -0.000000e+000 -1.000000e+000
    outer loop
      vertex  1.042768e+001 -1.325955e+002  7.500000e+001
      vertex  1.183744e+001 -1.320208e+002  7.500000e+001
      vertex  1.738411e+001 -1.324598e+002  7.500000e+001
    endloop
  endfacet
  facet normal  0.000000e+000  0.000000e+000 -1.000000e+000
    outer loop
      vertex  1.738411e+001 -1.324598e+002  7.500000e+001
      vertex  1.183744e+001 -1.320208e+002  7.500000e+001
      vertex  1.321568e+001 -1.313741e+002  7.500000e+001
    endloop
  endfacet
  facet normal  0.000000e+000  0.000000e+000 -1.000000e+000
    outer loop
      vertex  1.738411e+001 -1.324598e+002  7.500000e+001
      vertex  1.321568e+001 -1.313741e+002  7.500000e+001
      vertex  1.871028e+001 -1.315740e+002  7.500000e+001
    endloop
  endfacet
  facet normal  0.000000e+000  0.000000e+000 -1.000000e+000
    outer loop
      vertex  1.871028e+001 -1.315740e+002  7.500000e+001
      vertex  1.321568e+001 -1.313741e+002  7.500000e+001
      vertex  1.455872e+001 -1.306572e+002  7.500000e+001
    endloop
  endfacet
  facet normal  0.000000e+000  0.000000e+000 -1.000000e+000
    outer loop
      vertex  1.871028e+001 -1.315740e+002  7.500000e+001
      vertex  1.455872e+001 -1.306572e+002  7.500000e+001
      vertex  1.999140e+001 -1.306241e+002  7.500000e+001
    endloop
  endfacet
  facet normal  -0.000000e+000  0.000000e+000 -1.000000e+000
    outer loop
      vertex  1.999140e+001 -1.306241e+002  7.500000e+001
      vertex  1.455872e+001 -1.306572e+002  7.500000e+001
      vertex  1.586298e+001 -1.298720e+002  7.500000e+001
    endloop
  endfacet
  facet normal  0.000000e+000  0.000000e+000 -1.000000e+000
    outer loop
      vertex  1.999140e+001 -1.306241e+002  7.500000e+001
      vertex  1.586298e+001 -1.298720e+002  7.500000e+001
      vertex  2.122437e+001 -1.296125e+002  7.500000e+001
    endloop
  endfacet
  facet normal  0.000000e+000  -0.000000e+000 -1.000000e+000
    outer loop
      vertex  6.047135e+000 -1.338736e+002  7.500000e+001
      vertex  7.528664e+000 -1.335231e+002  7.500000e+001
      vertex  1.460947e+001 -1.340313e+002  7.500000e+001
    endloop
  endfacet
  facet normal  0.000000e+000  0.000000e+000 -9.999999e-001
    outer loop
      vertex  1.460947e+001 -1.340313e+002  7.500000e+001
      vertex  7.528664e+000 -1.335231e+002  7.500000e+001
      vertex  8.990143e+000 -1.330968e+002  7.500000e+001
    endloop
  endfacet
  facet normal  0.000000e+000  0.000000e+000 -1.000000e+000
    outer loop
      vertex  1.460947e+001 -1.340313e+002  7.500000e+001
      vertex  8.990143e+000 -1.330968e+002  7.500000e+001
      vertex  1.601607e+001 -1.332796e+002  7.500000e+001
    endloop
  endfacet
  facet normal  0.000000e+000  0.000000e+000 -1.000000e+000
    outer loop
      vertex  1.601607e+001 -1.332796e+002  7.500000e+001
      vertex  8.990143e+000 -1.330968e+002  7.500000e+001
      vertex  1.042768e+001 -1.325955e+002  7.500000e+001
    endloop
  endfacet
  facet normal  0.000000e+000  0.000000e+000 -1.000000e+000
    outer loop
      vertex  1.601607e+001 -1.332796e+002  7.500000e+001
      vertex  1.042768e+001 -1.325955e+002  7.500000e+001
      vertex  1.738411e+001 -1.324598e+002  7.500000e+001
    endloop
  endfacet
endsolid CATIA STL
