solid CATIA STL
  facet normal  7.456798e-001 -8.158670e-004  6.663041e-001
    outer loop
      vertex  2.372696e+001 -1.472099e+002  6.720995e+001
      vertex  2.470350e+001 -1.461184e+002  6.611840e+001
      vertex  2.460539e+001 -1.425000e+002  6.623264e+001
    endloop
  endfacet
  facet normal  7.408319e-001  1.205737e-003  6.716894e-001
    outer loop
      vertex  2.460539e+001 -1.425000e+002  6.623264e+001
      vertex  2.353415e+001 -1.425000e+002  6.741415e+001
      vertex  2.372696e+001 -1.472099e+002  6.720995e+001
    endloop
  endfacet
  facet normal  7.149718e-001 -1.043546e-003  6.991524e-001
    outer loop
      vertex  2.270063e+001 -1.482579e+002  6.825793e+001
      vertex  2.372696e+001 -1.472099e+002  6.720995e+001
      vertex  2.353415e+001 -1.425000e+002  6.741415e+001
    endloop
  endfacet
  facet normal  7.069877e-001  1.295132e-003  7.072245e-001
    outer loop
      vertex  2.353415e+001 -1.425000e+002  6.741415e+001
      vertex  2.240624e+001 -1.425000e+002  6.854168e+001
      vertex  2.270063e+001 -1.482579e+002  6.825793e+001
    endloop
  endfacet
  facet normal  6.159017e-001 -6.272505e-004  7.878228e-001
    outer loop
      vertex  2.045759e+001 -1.502534e+002  7.025346e+001
      vertex  1.999140e+001 -1.425000e+002  7.062409e+001
      vertex  1.955008e+001 -1.509624e+002  7.096236e+001
    endloop
  endfacet
  facet normal  5.955878e-001  1.050393e-003  8.032896e-001
    outer loop
      vertex  1.955008e+001 -1.509624e+002  7.096236e+001
      vertex  1.999140e+001 -1.425000e+002  7.062409e+001
      vertex  1.871028e+001 -1.425000e+002  7.157396e+001
    endloop
  endfacet
  facet normal  5.270841e-001 -5.769905e-004  8.498130e-001
    outer loop
      vertex  1.687500e+001 -1.425000e+002  7.277560e+001
      vertex  1.686467e+001 -1.426965e+002  7.278188e+001
      vertex  1.738411e+001 -1.425000e+002  7.245984e+001
    endloop
  endfacet
  facet normal  4.857306e-001  -0.000000e+000  8.741086e-001
    outer loop
      vertex  1.562050e+001 -1.442693e+002  7.350000e+001
      vertex  1.562050e+001 -1.459446e+002  7.350000e+001
      vertex  1.595145e+001 -1.441157e+002  7.331609e+001
    endloop
  endfacet
  facet normal  4.575335e-001 -4.589022e-004  8.891923e-001
    outer loop
      vertex  1.436128e+001 -1.541548e+002  7.415482e+001
      vertex  1.512212e+001 -1.459979e+002  7.376754e+001
      vertex  1.461720e+001 -1.459790e+002  7.402736e+001
    endloop
  endfacet
  facet normal  4.420674e-001  1.466642e-004  8.969818e-001
    outer loop
      vertex  1.461720e+001 -1.459790e+002  7.402736e+001
      vertex  1.411447e+001 -1.458861e+002  7.427511e+001
      vertex  1.436128e+001 -1.541548e+002  7.415482e+001
    endloop
  endfacet
  facet normal  2.902282e-001  7.119377e-004  9.569572e-001
    outer loop
      vertex  1.019255e+001 -1.425000e+002  7.586036e+001
      vertex  8.666351e+000 -1.425000e+002  7.632323e+001
      vertex  9.517903e+000 -1.560751e+002  7.607507e+001
    endloop
  endfacet
  facet normal  2.743008e-001 -3.728474e-004  9.616438e-001
    outer loop
      vertex  9.517903e+000 -1.560751e+002  7.607507e+001
      vertex  8.666351e+000 -1.425000e+002  7.632323e+001
      vertex  8.301935e+000 -1.564218e+002  7.642178e+001
    endloop
  endfacet
  facet normal  2.429263e-001  5.078776e-004  9.700446e-001
    outer loop
      vertex  8.301935e+000 -1.564218e+002  7.642178e+001
      vertex  8.666351e+000 -1.425000e+002  7.632323e+001
      vertex  7.119287e+000 -1.425000e+002  7.671066e+001
    endloop
  endfacet
  facet normal  1.589131e-001 -2.768779e-004  9.872925e-001
    outer loop
      vertex  4.523103e+000 -1.571837e+002  7.718372e+001
      vertex  5.801501e+000 -1.569780e+002  7.697800e+001
      vertex  5.555079e+000 -1.425000e+002  7.702173e+001
    endloop
  endfacet
  facet normal  1.467000e-001  6.022936e-004  9.891809e-001
    outer loop
      vertex  5.555079e+000 -1.425000e+002  7.702173e+001
      vertex  3.977493e+000 -1.425000e+002  7.725569e+001
      vertex  4.523103e+000 -1.571837e+002  7.718372e+001
    endloop
  endfacet
  facet normal  1.207204e-001 -3.802259e-004  9.926865e-001
    outer loop
      vertex  3.319289e+000 -1.573300e+002  7.733006e+001
      vertex  4.523103e+000 -1.571837e+002  7.718372e+001
      vertex  3.977493e+000 -1.425000e+002  7.725569e+001
    endloop
  endfacet
  facet normal  9.799614e-002  6.408831e-004  9.951866e-001
    outer loop
      vertex  3.977493e+000 -1.425000e+002  7.725569e+001
      vertex  2.390330e+000 -1.425000e+002  7.741198e+001
      vertex  3.319289e+000 -1.573300e+002  7.733006e+001
    endloop
  endfacet
  facet normal  8.528856e-003 -1.053814e-004  9.999636e-001
    outer loop
      vertex -3.333993e-001 -1.574983e+002  7.749828e+001
      vertex  8.877307e-001 -1.574879e+002  7.748787e+001
      vertex  7.974108e-001 -1.425000e+002  7.749022e+001
    endloop
  endfacet
  facet normal  -0.000000e+000  5.376792e-004  9.999999e-001
    outer loop
      vertex  7.974108e-001 -1.425000e+002  7.749022e+001
      vertex -7.974285e-001 -1.425000e+002  7.749022e+001
      vertex -3.333993e-001 -1.574983e+002  7.749828e+001
    endloop
  endfacet
  facet normal -2.904070e-002 -3.610321e-004  9.995781e-001
    outer loop
      vertex -1.553631e+000 -1.574628e+002  7.746284e+001
      vertex -3.333993e-001 -1.574983e+002  7.749828e+001
      vertex -7.974285e-001 -1.425000e+002  7.749022e+001
    endloop
  endfacet
  facet normal -4.905786e-002  6.520406e-004  9.987957e-001
    outer loop
      vertex -7.974285e-001 -1.425000e+002  7.749022e+001
      vertex -2.390348e+000 -1.425000e+002  7.741198e+001
      vertex -1.553631e+000 -1.574628e+002  7.746284e+001
    endloop
  endfacet
  facet normal -6.654496e-002 -3.292721e-004  9.977834e-001
    outer loop
      vertex -1.553631e+000 -1.574628e+002  7.746284e+001
      vertex -2.390348e+000 -1.425000e+002  7.741198e+001
      vertex -2.769605e+000 -1.573818e+002  7.738177e+001
    endloop
  endfacet
  facet normal -1.950499e-001  6.716509e-004  9.807931e-001
    outer loop
      vertex -5.555096e+000 -1.425000e+002  7.702173e+001
      vertex -7.119304e+000 -1.425000e+002  7.671066e+001
      vertex -6.431314e+000 -1.568573e+002  7.685731e+001
    endloop
  endfacet
  facet normal -2.164910e-001 -4.018449e-004  9.762845e-001
    outer loop
      vertex -6.431314e+000 -1.568573e+002  7.685731e+001
      vertex -7.119304e+000 -1.425000e+002  7.671066e+001
      vertex -7.632694e+000 -1.565910e+002  7.659101e+001
    endloop
  endfacet
  facet normal -2.429309e-001  6.144549e-004  9.700434e-001
    outer loop
      vertex -7.632694e+000 -1.565910e+002  7.659101e+001
      vertex -7.119304e+000 -1.425000e+002  7.671066e+001
      vertex -8.666368e+000 -1.425000e+002  7.632322e+001
    endloop
  endfacet
  facet normal -3.926620e-001 -1.202710e-003  9.196820e-001
    outer loop
      vertex -1.356098e+001 -1.545356e+002  7.453557e+001
      vertex -1.261802e+001 -1.450644e+002  7.495055e+001
      vertex -1.295826e+001 -1.453428e+002  7.480492e+001
    endloop
  endfacet
  facet normal -4.042119e-001 -2.984572e-004  9.146652e-001
    outer loop
      vertex -1.356098e+001 -1.545356e+002  7.453557e+001
      vertex -1.295826e+001 -1.453428e+002  7.480492e+001
      vertex -1.332554e+001 -1.455735e+002  7.464254e+001
    endloop
  endfacet
  facet normal -4.160228e-001  7.521806e-005  9.093542e-001
    outer loop
      vertex -1.332554e+001 -1.455735e+002  7.464254e+001
      vertex -1.371308e+001 -1.457548e+002  7.446526e+001
      vertex -1.356098e+001 -1.545356e+002  7.453557e+001
    endloop
  endfacet
  facet normal -6.342824e-001  1.123794e-003  7.731007e-001
    outer loop
      vertex -1.999141e+001 -1.425000e+002  7.062408e+001
      vertex -2.122438e+001 -1.425000e+002  6.961250e+001
      vertex -2.041316e+001 -1.502894e+002  7.028938e+001
    endloop
  endfacet
  facet normal -6.457699e-001 -9.041014e-004  7.635316e-001
    outer loop
      vertex -2.041316e+001 -1.502894e+002  7.028938e+001
      vertex -2.122438e+001 -1.425000e+002  6.961250e+001
      vertex -2.152236e+001 -1.493524e+002  6.935237e+001
    endloop
  endfacet
  facet normal -6.714410e-001  1.065379e-003  7.410573e-001
    outer loop
      vertex -2.152236e+001 -1.493524e+002  6.935237e+001
      vertex -2.122438e+001 -1.425000e+002  6.961250e+001
      vertex -2.240625e+001 -1.425000e+002  6.854166e+001
    endloop
  endfacet
  facet normal -6.789014e-001 -7.048042e-004  7.342290e-001
    outer loop
      vertex -2.152236e+001 -1.493524e+002  6.935237e+001
      vertex -2.240625e+001 -1.425000e+002  6.854166e+001
      vertex -2.257278e+001 -1.483820e+002  6.838203e+001
    endloop
  endfacet
  facet normal -7.069881e-001  8.232400e-004  7.072250e-001
    outer loop
      vertex -2.257278e+001 -1.483820e+002  6.838203e+001
      vertex -2.240625e+001 -1.425000e+002  6.854166e+001
      vertex -2.353416e+001 -1.425000e+002  6.741413e+001
    endloop
  endfacet
  facet normal  7.679307e-001  8.020401e-004  6.405324e-001
    outer loop
      vertex  2.537867e+001  2.030204e+001  6.530204e+001
      vertex  2.450007e+001  2.135407e+001  6.635407e+001
      vertex  2.460539e+001  1.750000e+001  6.623264e+001
    endloop
  endfacet
  facet normal  7.069881e-001 -8.227794e-004  7.072250e-001
    outer loop
      vertex  2.353415e+001  1.750000e+001  6.741415e+001
      vertex  2.257278e+001  2.338203e+001  6.838203e+001
      vertex  2.240624e+001  1.750000e+001  6.854168e+001
    endloop
  endfacet
  facet normal  6.789017e-001  7.053739e-004  7.342288e-001
    outer loop
      vertex  2.240624e+001  1.750000e+001  6.854168e+001
      vertex  2.257278e+001  2.338203e+001  6.838203e+001
      vertex  2.152236e+001  2.435237e+001  6.935237e+001
    endloop
  endfacet
  facet normal  6.714403e-001 -1.064992e-003  7.410578e-001
    outer loop
      vertex  2.240624e+001  1.750000e+001  6.854168e+001
      vertex  2.152236e+001  2.435237e+001  6.935237e+001
      vertex  2.122437e+001  1.750000e+001  6.961252e+001
    endloop
  endfacet
  facet normal  6.457701e-001  9.045272e-004  7.635314e-001
    outer loop
      vertex  2.122437e+001  1.750000e+001  6.961252e+001
      vertex  2.152236e+001  2.435237e+001  6.935237e+001
      vertex  2.041316e+001  2.528938e+001  7.028938e+001
    endloop
  endfacet
  facet normal  6.342795e-001 -1.123869e-003  7.731030e-001
    outer loop
      vertex  2.122437e+001  1.750000e+001  6.961252e+001
      vertex  2.041316e+001  2.528938e+001  7.028938e+001
      vertex  1.999140e+001  1.750000e+001  7.062409e+001
    endloop
  endfacet
  facet normal  5.827112e-001  1.019398e-004  8.126793e-001
    outer loop
      vertex  1.923653e+001  2.619553e+001  7.119553e+001
      vertex  1.863399e+001  2.662752e+001  7.162752e+001
      vertex  1.871028e+001  1.750000e+001  7.157396e+001
    endloop
  endfacet
  facet normal  4.730512e-001  8.500071e-004  8.810346e-001
    outer loop
      vertex  1.562050e+001  2.094456e+001  7.350000e+001
      vertex  1.473378e+001  2.896836e+001  7.396836e+001
      vertex  1.512212e+001  2.099787e+001  7.376754e+001
    endloop
  endfacet
  facet normal  4.575503e-001 -1.105533e-004  8.891837e-001
    outer loop
      vertex  1.512212e+001  2.099787e+001  7.376754e+001
      vertex  1.473378e+001  2.896836e+001  7.396836e+001
      vertex  1.461720e+001  2.097900e+001  7.402736e+001
    endloop
  endfacet
  facet normal  4.038083e-001  1.065872e-003  9.148430e-001
    outer loop
      vertex  1.332554e+001  2.057346e+001  7.464254e+001
      vertex  1.235065e+001  3.006179e+001  7.506180e+001
      vertex  1.295826e+001  2.034276e+001  7.480492e+001
    endloop
  endfacet
  facet normal  3.932951e-001  2.878360e-004  9.194123e-001
    outer loop
      vertex  1.261802e+001  2.006441e+001  7.495055e+001
      vertex  1.295826e+001  2.034276e+001  7.480492e+001
      vertex  1.235065e+001  3.006179e+001  7.506180e+001
    endloop
  endfacet
  facet normal  3.837449e-001 -1.238518e-005  9.234391e-001
    outer loop
      vertex  1.261802e+001  2.006441e+001  7.495055e+001
      vertex  1.235065e+001  3.006179e+001  7.506180e+001
      vertex  1.232507e+001  1.975715e+001  7.507229e+001
    endloop
  endfacet
  facet normal  2.429263e-001 -6.145719e-004  9.700446e-001
    outer loop
      vertex  8.666351e+000  1.750000e+001  7.632323e+001
      vertex  7.632694e+000  3.159101e+001  7.659101e+001
      vertex  7.119287e+000  1.750000e+001  7.671066e+001
    endloop
  endfacet
  facet normal  2.164910e-001  4.015829e-004  9.762846e-001
    outer loop
      vertex  7.119287e+000  1.750000e+001  7.671066e+001
      vertex  7.632694e+000  3.159101e+001  7.659101e+001
      vertex  6.431314e+000  3.185731e+001  7.685731e+001
    endloop
  endfacet
  facet normal  1.950499e-001 -6.718845e-004  9.807931e-001
    outer loop
      vertex  7.119287e+000  1.750000e+001  7.671066e+001
      vertex  6.431314e+000  3.185731e+001  7.685731e+001
      vertex  5.555079e+000  1.750000e+001  7.702173e+001
    endloop
  endfacet
  facet normal  1.792234e-001  3.285433e-004  9.838083e-001
    outer loop
      vertex  6.431314e+000  3.185731e+001  7.685731e+001
      vertex  5.212075e+000  3.207934e+001  7.707935e+001
      vertex  5.555079e+000  1.750000e+001  7.702173e+001
    endloop
  endfacet
  facet normal  4.905786e-002 -6.520986e-004  9.987957e-001
    outer loop
      vertex  2.390330e+000  1.750000e+001  7.741198e+001
      vertex  1.553631e+000  3.246284e+001  7.746284e+001
      vertex  7.974108e-001  1.750000e+001  7.749022e+001
    endloop
  endfacet
  facet normal  2.904070e-002  3.609979e-004  9.995782e-001
    outer loop
      vertex  1.553631e+000  3.246284e+001  7.746284e+001
      vertex  3.333993e-001  3.249829e+001  7.749828e+001
      vertex  7.974108e-001  1.750000e+001  7.749022e+001
    endloop
  endfacet
  facet normal  0.000000e+000 -5.376792e-004  9.999999e-001
    outer loop
      vertex -7.974285e-001  1.750000e+001  7.749022e+001
      vertex  7.974108e-001  1.750000e+001  7.749022e+001
      vertex  3.333993e-001  3.249829e+001  7.749828e+001
    endloop
  endfacet
  facet normal -8.528857e-003  1.053915e-004  9.999636e-001
    outer loop
      vertex  3.333993e-001  3.249829e+001  7.749828e+001
      vertex -8.877307e-001  3.248787e+001  7.748787e+001
      vertex -7.974285e-001  1.750000e+001  7.749022e+001
    endloop
  endfacet
  facet normal -9.799617e-002 -6.407675e-004  9.951867e-001
    outer loop
      vertex -2.390348e+000  1.750000e+001  7.741198e+001
      vertex -3.319289e+000  3.233005e+001  7.733006e+001
      vertex -3.977511e+000  1.750000e+001  7.725569e+001
    endloop
  endfacet
  facet normal -1.207204e-001  3.803680e-004  9.926865e-001
    outer loop
      vertex -3.319289e+000  3.233005e+001  7.733006e+001
      vertex -4.523103e+000  3.218372e+001  7.718372e+001
      vertex -3.977511e+000  1.750000e+001  7.725569e+001
    endloop
  endfacet
  facet normal -1.467000e-001 -6.021210e-004  9.891809e-001
    outer loop
      vertex -5.555096e+000  1.750000e+001  7.702173e+001
      vertex -3.977511e+000  1.750000e+001  7.725569e+001
      vertex -4.523103e+000  3.218372e+001  7.718372e+001
    endloop
  endfacet
  facet normal -1.589131e-001  2.770656e-004  9.872925e-001
    outer loop
      vertex -4.523103e+000  3.218372e+001  7.718372e+001
      vertex -5.801501e+000  3.197800e+001  7.697800e+001
      vertex -5.555096e+000  1.750000e+001  7.702173e+001
    endloop
  endfacet
  facet normal -2.429309e-001 -5.079966e-004  9.700435e-001
    outer loop
      vertex -7.119304e+000  1.750000e+001  7.671066e+001
      vertex -8.301935e+000  3.142177e+001  7.642178e+001
      vertex -8.666368e+000  1.750000e+001  7.632322e+001
    endloop
  endfacet
  facet normal -2.743007e-001  3.726385e-004  9.616439e-001
    outer loop
      vertex -8.666368e+000  1.750000e+001  7.632322e+001
      vertex -8.301935e+000  3.142177e+001  7.642178e+001
      vertex -9.517903e+000  3.107506e+001  7.607507e+001
    endloop
  endfacet
  facet normal -2.902236e-001 -7.118183e-004  9.569586e-001
    outer loop
      vertex -8.666368e+000  1.750000e+001  7.632322e+001
      vertex -9.517903e+000  3.107506e+001  7.607507e+001
      vertex -1.019256e+001  1.750000e+001  7.586036e+001
    endloop
  endfacet
  facet normal -4.575208e-001  8.844550e-004  8.891985e-001
    outer loop
      vertex -1.461720e+001  2.097900e+001  7.402736e+001
      vertex -1.550463e+001  2.856320e+001  7.356320e+001
      vertex -1.512212e+001  2.099787e+001  7.376754e+001
    endloop
  endfacet
  facet normal -4.729711e-001 -1.160597e-004  8.810780e-001
    outer loop
      vertex -1.562050e+001  2.094456e+001  7.350000e+001
      vertex -1.512212e+001  2.099787e+001  7.376754e+001
      vertex -1.550463e+001  2.856320e+001  7.356320e+001
    endloop
  endfacet
  facet normal -5.872213e-001  2.237432e-004  8.094263e-001
    outer loop
      vertex -1.871029e+001  1.750000e+001  7.157395e+001
      vertex -1.860611e+001  2.664700e+001  7.164700e+001
      vertex -1.955008e+001  2.596236e+001  7.096236e+001
    endloop
  endfacet
  facet normal -5.955884e-001 -1.050131e-003  8.032892e-001
    outer loop
      vertex -1.871029e+001  1.750000e+001  7.157395e+001
      vertex -1.955008e+001  2.596236e+001  7.096236e+001
      vertex -1.999141e+001  1.750000e+001  7.062408e+001
    endloop
  endfacet
  facet normal -6.903371e-001  3.571012e-004  7.234877e-001
    outer loop
      vertex -2.240625e+001  1.750000e+001  6.854166e+001
      vertex -2.215667e+001  2.377671e+001  6.877671e+001
      vertex -2.270063e+001  2.325793e+001  6.825793e+001
    endloop
  endfacet
  facet normal -7.069879e-001 -1.295601e-003  7.072246e-001
    outer loop
      vertex -2.240625e+001  1.750000e+001  6.854166e+001
      vertex -2.270063e+001  2.325793e+001  6.825793e+001
      vertex -2.353416e+001  1.750000e+001  6.741413e+001
    endloop
  endfacet
  facet normal -7.149716e-001  1.043041e-003  6.991528e-001
    outer loop
      vertex -2.270063e+001  2.325793e+001  6.825793e+001
      vertex -2.372696e+001  2.220994e+001  6.720995e+001
      vertex -2.353416e+001  1.750000e+001  6.741413e+001
    endloop
  endfacet
  facet normal -7.408320e-001 -1.206113e-003  6.716894e-001
    outer loop
      vertex -2.460540e+001  1.750000e+001  6.623262e+001
      vertex -2.353416e+001  1.750000e+001  6.741413e+001
      vertex -2.372696e+001  2.220994e+001  6.720995e+001
    endloop
  endfacet
  facet normal -7.456796e-001  8.154313e-004  6.663043e-001
    outer loop
      vertex -2.372696e+001  2.220994e+001  6.720995e+001
      vertex -2.470350e+001  2.111840e+001  6.611840e+001
      vertex -2.460540e+001  1.750000e+001  6.623262e+001
    endloop
  endfacet
  facet normal  7.845668e-001 -9.069348e-009  6.200444e-001
    outer loop
      vertex  2.561737e+001 -1.450000e+002  6.500000e+001
      vertex  2.561738e+001  2.000000e+001  6.500000e+001
      vertex  2.537867e+001  2.030204e+001  6.530204e+001
    endloop
  endfacet
  facet normal  7.692035e-001 -5.683710e-005  6.390040e-001
    outer loop
      vertex  2.561737e+001 -1.450000e+002  6.500000e+001
      vertex  2.537867e+001  2.030204e+001  6.530204e+001
      vertex  2.460539e+001  1.750000e+001  6.623264e+001
    endloop
  endfacet
  facet normal  7.728912e-001  0.000000e+000  6.345387e-001
    outer loop
      vertex  2.561737e+001 -1.450000e+002  6.500000e+001
      vertex  2.460539e+001  1.750000e+001  6.623264e+001
      vertex  2.460539e+001 -1.425000e+002  6.623264e+001
    endloop
  endfacet
  facet normal  7.738739e-001  9.893676e-004  6.333389e-001
    outer loop
      vertex  2.561737e+001 -1.450000e+002  6.500000e+001
      vertex  2.460539e+001 -1.425000e+002  6.623264e+001
      vertex  2.470350e+001 -1.461184e+002  6.611840e+001
    endloop
  endfacet
  facet normal  5.269532e-001 -4.028788e-004  8.498941e-001
    outer loop
      vertex  1.660887e+001 -1.529356e+002  7.293555e+001
      vertex  1.762568e+001 -1.523054e+002  7.230541e+001
      vertex  1.738411e+001 -1.425000e+002  7.245984e+001
    endloop
  endfacet
  facet normal  5.270389e-001 -4.116659e-004  8.498410e-001
    outer loop
      vertex  1.660887e+001 -1.529356e+002  7.293555e+001
      vertex  1.738411e+001 -1.425000e+002  7.245984e+001
      vertex  1.686467e+001 -1.426965e+002  7.278188e+001
    endloop
  endfacet
  facet normal  5.190871e-001 -1.397567e-004  8.547213e-001
    outer loop
      vertex  1.660887e+001 -1.529356e+002  7.293555e+001
      vertex  1.686467e+001 -1.426965e+002  7.278188e+001
      vertex  1.683397e+001 -1.428901e+002  7.280049e+001
    endloop
  endfacet
  facet normal  5.168546e-001 -7.155436e-005  8.560732e-001
    outer loop
      vertex  1.660887e+001 -1.529356e+002  7.293555e+001
      vertex  1.683397e+001 -1.428901e+002  7.280049e+001
      vertex  1.674930e+001 -1.431750e+002  7.285159e+001
    endloop
  endfacet
  facet normal  5.134427e-001 -4.823549e-006  8.581240e-001
    outer loop
      vertex  1.660887e+001 -1.529356e+002  7.293555e+001
      vertex  1.674930e+001 -1.431750e+002  7.285159e+001
      vertex  1.662329e+001 -1.434384e+002  7.292698e+001
    endloop
  endfacet
  facet normal  5.088717e-001  4.572501e-006  8.608423e-001
    outer loop
      vertex  1.660887e+001 -1.529356e+002  7.293555e+001
      vertex  1.662329e+001 -1.434384e+002  7.292698e+001
      vertex  1.645327e+001 -1.436848e+002  7.302749e+001
    endloop
  endfacet
  facet normal  4.942912e-001 -3.246991e-004  8.692964e-001
    outer loop
      vertex  1.660887e+001 -1.529356e+002  7.293555e+001
      vertex  1.645327e+001 -1.436848e+002  7.302749e+001
      vertex  1.550463e+001 -1.535632e+002  7.356320e+001
    endloop
  endfacet
  facet normal  5.043893e-001 -1.610134e-003  8.634747e-001
    outer loop
      vertex  1.550463e+001 -1.535632e+002  7.356320e+001
      vertex  1.645327e+001 -1.436848e+002  7.302749e+001
      vertex  1.625093e+001 -1.438967e+002  7.314529e+001
    endloop
  endfacet
  facet normal  4.958407e-001 -7.366426e-004  8.684132e-001
    outer loop
      vertex  1.550463e+001 -1.535632e+002  7.356320e+001
      vertex  1.625093e+001 -1.438967e+002  7.314529e+001
      vertex  1.595145e+001 -1.441157e+002  7.331609e+001
    endloop
  endfacet
  facet normal  4.863563e-001 -1.482094e-004  8.737606e-001
    outer loop
      vertex  1.550463e+001 -1.535632e+002  7.356320e+001
      vertex  1.595145e+001 -1.441157e+002  7.331609e+001
      vertex  1.562050e+001 -1.459446e+002  7.350000e+001
    endloop
  endfacet
  facet normal  4.729711e-001  1.160606e-004  8.810779e-001
    outer loop
      vertex  1.550463e+001 -1.535632e+002  7.356320e+001
      vertex  1.562050e+001 -1.459446e+002  7.350000e+001
      vertex  1.512212e+001 -1.459979e+002  7.376754e+001
    endloop
  endfacet
  facet normal  4.598635e-001 -7.333465e-004  8.879893e-001
    outer loop
      vertex  1.550463e+001 -1.535632e+002  7.356320e+001
      vertex  1.512212e+001 -1.459979e+002  7.376754e+001
      vertex  1.436128e+001 -1.541548e+002  7.415482e+001
    endloop
  endfacet
  facet normal  3.867206e-001  4.007569e-004  9.221967e-001
    outer loop
      vertex  1.196127e+001 -1.552188e+002  7.521883e+001
      vertex  1.317972e+001 -1.547077e+002  7.470766e+001
      vertex  1.332554e+001 -1.455735e+002  7.464254e+001
    endloop
  endfacet
  facet normal  4.031363e-001 -2.342937e-003  9.151369e-001
    outer loop
      vertex  1.196127e+001 -1.552188e+002  7.521883e+001
      vertex  1.332554e+001 -1.455735e+002  7.464254e+001
      vertex  1.295826e+001 -1.453428e+002  7.480492e+001
    endloop
  endfacet
  facet normal  3.927309e-001 -1.103257e-003  9.196527e-001
    outer loop
      vertex  1.196127e+001 -1.552188e+002  7.521883e+001
      vertex  1.295826e+001 -1.453428e+002  7.480492e+001
      vertex  1.261802e+001 -1.450644e+002  7.495055e+001
    endloop
  endfacet
  facet normal  3.833809e-001 -3.945043e-004  9.235902e-001
    outer loop
      vertex  1.196127e+001 -1.552188e+002  7.521883e+001
      vertex  1.261802e+001 -1.450644e+002  7.495055e+001
      vertex  1.232507e+001 -1.447572e+002  7.507229e+001
    endloop
  endfacet
  facet normal  3.752243e-001 -6.402130e-005  9.269341e-001
    outer loop
      vertex  1.196127e+001 -1.552188e+002  7.521883e+001
      vertex  1.232507e+001 -1.447572e+002  7.507229e+001
      vertex  1.206888e+001 -1.444127e+002  7.517602e+001
    endloop
  endfacet
  facet normal  3.680789e-001  1.847109e-005  9.297945e-001
    outer loop
      vertex  1.196127e+001 -1.552188e+002  7.521883e+001
      vertex  1.206888e+001 -1.444127e+002  7.517602e+001
      vertex  1.185496e+001 -1.440358e+002  7.526070e+001
    endloop
  endfacet
  facet normal  3.488888e-001 -1.915420e-004  9.371641e-001
    outer loop
      vertex  1.196127e+001 -1.552188e+002  7.521883e+001
      vertex  1.185496e+001 -1.440358e+002  7.526070e+001
      vertex  1.070762e+001 -1.556855e+002  7.568545e+001
    endloop
  endfacet
  facet normal  3.593608e-001 -1.367502e-003  9.331977e-001
    outer loop
      vertex  1.070762e+001 -1.556855e+002  7.568545e+001
      vertex  1.185496e+001 -1.440358e+002  7.526070e+001
      vertex  1.168815e+001 -1.436321e+002  7.532552e+001
    endloop
  endfacet
  facet normal  3.550250e-001 -9.652663e-004  9.348564e-001
    outer loop
      vertex  1.070762e+001 -1.556855e+002  7.568545e+001
      vertex  1.168815e+001 -1.436321e+002  7.532552e+001
      vertex  1.158428e+001 -1.432635e+002  7.536535e+001
    endloop
  endfacet
  facet normal  3.517719e-001 -7.040137e-004  9.360855e-001
    outer loop
      vertex  1.070762e+001 -1.556855e+002  7.568545e+001
      vertex  1.158428e+001 -1.432635e+002  7.536535e+001
      vertex  1.152117e+001 -1.428844e+002  7.538935e+001
    endloop
  endfacet
  facet normal  3.476847e-001 -4.089636e-004  9.376114e-001
    outer loop
      vertex  1.070762e+001 -1.556855e+002  7.568545e+001
      vertex  1.152117e+001 -1.428844e+002  7.538935e+001
      vertex  1.150000e+001 -1.425000e+002  7.539737e+001
    endloop
  endfacet
  facet normal  3.338043e-001  5.350967e-004  9.426423e-001
    outer loop
      vertex  1.070762e+001 -1.556855e+002  7.568545e+001
      vertex  1.150000e+001 -1.425000e+002  7.539737e+001
      vertex  1.019255e+001 -1.425000e+002  7.586036e+001
    endloop
  endfacet
  facet normal  3.113546e-001 -4.433777e-004  9.502938e-001
    outer loop
      vertex  1.070762e+001 -1.556855e+002  7.568545e+001
      vertex  1.019255e+001 -1.425000e+002  7.586036e+001
      vertex  9.517903e+000 -1.560751e+002  7.607507e+001
    endloop
  endfacet
  facet normal -3.610864e-001 -4.878887e-004  9.325322e-001
    outer loop
      vertex -1.235065e+001 -1.550618e+002  7.506180e+001
      vertex -1.110436e+001 -1.555441e+002  7.554412e+001
      vertex -1.152117e+001 -1.428844e+002  7.538935e+001
    endloop
  endfacet
  facet normal -3.471813e-001 -1.576654e-003  9.377967e-001
    outer loop
      vertex -1.235065e+001 -1.550618e+002  7.506180e+001
      vertex -1.152117e+001 -1.428844e+002  7.538935e+001
      vertex -1.158428e+001 -1.432635e+002  7.536535e+001
    endloop
  endfacet
  facet normal -3.549192e-001 -9.994241e-004  9.348965e-001
    outer loop
      vertex -1.235065e+001 -1.550618e+002  7.506180e+001
      vertex -1.158428e+001 -1.432635e+002  7.536535e+001
      vertex -1.168815e+001 -1.436321e+002  7.532552e+001
    endloop
  endfacet
  facet normal -3.609890e-001 -5.939150e-004  9.325699e-001
    outer loop
      vertex -1.235065e+001 -1.550618e+002  7.506180e+001
      vertex -1.168815e+001 -1.436321e+002  7.532552e+001
      vertex -1.185496e+001 -1.440358e+002  7.526070e+001
    endloop
  endfacet
  facet normal -3.676758e-001 -2.461114e-004  9.299540e-001
    outer loop
      vertex -1.235065e+001 -1.550618e+002  7.506180e+001
      vertex -1.185496e+001 -1.440358e+002  7.526070e+001
      vertex -1.206888e+001 -1.444127e+002  7.517602e+001
    endloop
  endfacet
  facet normal -3.752843e-001 -1.214797e-005  9.269097e-001
    outer loop
      vertex -1.235065e+001 -1.550618e+002  7.506180e+001
      vertex -1.206888e+001 -1.444127e+002  7.517602e+001
      vertex -1.232507e+001 -1.447572e+002  7.507229e+001
    endloop
  endfacet
  facet normal -3.837449e-001  1.238518e-005  9.234391e-001
    outer loop
      vertex -1.235065e+001 -1.550618e+002  7.506180e+001
      vertex -1.232507e+001 -1.447572e+002  7.507229e+001
      vertex -1.261802e+001 -1.450644e+002  7.495055e+001
    endloop
  endfacet
  facet normal -3.988950e-001 -4.644842e-004  9.169965e-001
    outer loop
      vertex -1.235065e+001 -1.550618e+002  7.506180e+001
      vertex -1.261802e+001 -1.450644e+002  7.495055e+001
      vertex -1.356098e+001 -1.545356e+002  7.453557e+001
    endloop
  endfacet
  facet normal -5.052614e-001 -1.876404e-004  8.629663e-001
    outer loop
      vertex -1.696235e+001 -1.527224e+002  7.272235e+001
      vertex -1.586785e+001 -1.533630e+002  7.336303e+001
      vertex -1.595145e+001 -1.441157e+002  7.331609e+001
    endloop
  endfacet
  facet normal -4.963139e-001 -1.595601e-003  8.681417e-001
    outer loop
      vertex -1.696235e+001 -1.527224e+002  7.272235e+001
      vertex -1.595145e+001 -1.441157e+002  7.331609e+001
      vertex -1.625093e+001 -1.438967e+002  7.314529e+001
    endloop
  endfacet
  facet normal -5.037491e-001 -7.905859e-004  8.638497e-001
    outer loop
      vertex -1.696235e+001 -1.527224e+002  7.272235e+001
      vertex -1.625093e+001 -1.438967e+002  7.314529e+001
      vertex -1.645327e+001 -1.436848e+002  7.302749e+001
    endloop
  endfacet
  facet normal -5.092738e-001 -3.698202e-004  8.606046e-001
    outer loop
      vertex -1.696235e+001 -1.527224e+002  7.272235e+001
      vertex -1.645327e+001 -1.436848e+002  7.302749e+001
      vertex -1.662329e+001 -1.434384e+002  7.292698e+001
    endloop
  endfacet
  facet normal -5.136686e-001 -1.516589e-004  8.579885e-001
    outer loop
      vertex -1.696235e+001 -1.527224e+002  7.272235e+001
      vertex -1.662329e+001 -1.434384e+002  7.292698e+001
      vertex -1.674930e+001 -1.431750e+002  7.285159e+001
    endloop
  endfacet
  facet normal -5.168158e-001 -5.582347e-005  8.560966e-001
    outer loop
      vertex -1.696235e+001 -1.527224e+002  7.272235e+001
      vertex -1.674930e+001 -1.431750e+002  7.285159e+001
      vertex -1.683397e+001 -1.428901e+002  7.280049e+001
    endloop
  endfacet
  facet normal -5.185569e-001 -2.471670e-005  8.550431e-001
    outer loop
      vertex -1.696235e+001 -1.527224e+002  7.272235e+001
      vertex -1.683397e+001 -1.428901e+002  7.280049e+001
      vertex -1.686467e+001 -1.426965e+002  7.278188e+001
    endloop
  endfacet
  facet normal -5.192924e-001 -1.490115e-005  8.545967e-001
    outer loop
      vertex -1.696235e+001 -1.527224e+002  7.272235e+001
      vertex -1.686467e+001 -1.426965e+002  7.278188e+001
      vertex -1.687500e+001 -1.425000e+002  7.277560e+001
    endloop
  endfacet
  facet normal  4.954346e-001  -0.000000e+000  8.686453e-001
    outer loop
      vertex  1.595145e+001 -1.408843e+002  7.331609e+001
      vertex  1.625093e+001 -1.411033e+002  7.314529e+001
      vertex  1.625093e+001  1.610329e+001  7.314529e+001
    endloop
  endfacet
  facet normal  4.954346e-001  0.000000e+000  8.686453e-001
    outer loop
      vertex  1.595145e+001 -1.408843e+002  7.331609e+001
      vertex  1.625093e+001  1.610329e+001  7.314529e+001
      vertex  1.595145e+001  1.588434e+001  7.331609e+001
    endloop
  endfacet
  facet normal  4.857306e-001  0.000000e+000  8.741086e-001
    outer loop
      vertex  1.595145e+001 -1.408843e+002  7.331609e+001
      vertex  1.595145e+001  1.588434e+001  7.331609e+001
      vertex  1.562050e+001  1.573065e+001  7.350000e+001
    endloop
  endfacet
  facet normal  4.857306e-001  0.000000e+000  8.741086e-001
    outer loop
      vertex  1.595145e+001 -1.408843e+002  7.331609e+001
      vertex  1.562050e+001  1.573065e+001  7.350000e+001
      vertex  1.562050e+001  1.405544e+001  7.350000e+001
    endloop
  endfacet
  facet normal  4.857306e-001  0.000000e+000  8.741085e-001
    outer loop
      vertex  1.595145e+001 -1.408843e+002  7.331609e+001
      vertex  1.562050e+001  1.405544e+001  7.350000e+001
      vertex  1.562050e+001 -1.390554e+002  7.350000e+001
    endloop
  endfacet
  facet normal  4.857306e-001  0.000000e+000  8.741086e-001
    outer loop
      vertex  1.595145e+001 -1.408843e+002  7.331609e+001
      vertex  1.562050e+001 -1.390554e+002  7.350000e+001
      vertex  1.562050e+001 -1.407307e+002  7.350000e+001
    endloop
  endfacet
  facet normal -4.954346e-001  0.000000e+000  8.686453e-001
    outer loop
      vertex -1.595145e+001  1.588434e+001  7.331609e+001
      vertex -1.625093e+001  1.610329e+001  7.314529e+001
      vertex -1.625093e+001 -1.411033e+002  7.314529e+001
    endloop
  endfacet
  facet normal -4.954346e-001  0.000000e+000  8.686453e-001
    outer loop
      vertex -1.595145e+001  1.588434e+001  7.331609e+001
      vertex -1.625093e+001 -1.411033e+002  7.314529e+001
      vertex -1.595145e+001 -1.408843e+002  7.331609e+001
    endloop
  endfacet
  facet normal -4.857306e-001  0.000000e+000  8.741086e-001
    outer loop
      vertex -1.595145e+001  1.588434e+001  7.331609e+001
      vertex -1.595145e+001 -1.408843e+002  7.331609e+001
      vertex -1.562050e+001 -1.407307e+002  7.350000e+001
    endloop
  endfacet
  facet normal -4.857306e-001  0.000000e+000  8.741086e-001
    outer loop
      vertex -1.595145e+001  1.588434e+001  7.331609e+001
      vertex -1.562050e+001 -1.407307e+002  7.350000e+001
      vertex -1.562050e+001 -1.390554e+002  7.350000e+001
    endloop
  endfacet
  facet normal -4.857306e-001  0.000000e+000  8.741085e-001
    outer loop
      vertex -1.595145e+001  1.588434e+001  7.331609e+001
      vertex -1.562050e+001 -1.390554e+002  7.350000e+001
      vertex -1.562050e+001  1.405544e+001  7.350000e+001
    endloop
  endfacet
  facet normal -4.857306e-001  0.000000e+000  8.741086e-001
    outer loop
      vertex -1.595145e+001  1.588434e+001  7.331609e+001
      vertex -1.562050e+001  1.405544e+001  7.350000e+001
      vertex -1.562050e+001  1.573065e+001  7.350000e+001
    endloop
  endfacet
  facet normal  4.711267e-001  5.771615e-004  8.820654e-001
    outer loop
      vertex  1.586785e+001  2.836303e+001  7.336303e+001
      vertex  1.473378e+001  2.896836e+001  7.396836e+001
      vertex  1.562050e+001  2.094456e+001  7.350000e+001
    endloop
  endfacet
  facet normal  4.844299e-001  0.000000e+000  8.748300e-001
    outer loop
      vertex  1.586785e+001  2.836303e+001  7.336303e+001
      vertex  1.562050e+001  2.094456e+001  7.350000e+001
      vertex  1.562050e+001  1.926935e+001  7.350000e+001
    endloop
  endfacet
  facet normal  4.857144e-001 -4.567062e-005  8.741176e-001
    outer loop
      vertex  1.586785e+001  2.836303e+001  7.336303e+001
      vertex  1.562050e+001  1.926935e+001  7.350000e+001
      vertex  1.595145e+001  1.911566e+001  7.331609e+001
    endloop
  endfacet
  facet normal  4.954734e-001  7.044200e-005  8.686231e-001
    outer loop
      vertex  1.586785e+001  2.836303e+001  7.336303e+001
      vertex  1.595145e+001  1.911566e+001  7.331609e+001
      vertex  1.625093e+001  1.889671e+001  7.314529e+001
    endloop
  endfacet
  facet normal  5.035242e-001  5.030144e-004  8.639809e-001
    outer loop
      vertex  1.586785e+001  2.836303e+001  7.336303e+001
      vertex  1.625093e+001  1.889671e+001  7.314529e+001
      vertex  1.645327e+001  1.868475e+001  7.302749e+001
    endloop
  endfacet
  facet normal  5.099764e-001  1.024800e-003  8.601878e-001
    outer loop
      vertex  1.586785e+001  2.836303e+001  7.336303e+001
      vertex  1.645327e+001  1.868475e+001  7.302749e+001
      vertex  1.662329e+001  1.843837e+001  7.292698e+001
    endloop
  endfacet
  facet normal  5.159516e-001  1.636527e-003  8.566162e-001
    outer loop
      vertex  1.586785e+001  2.836303e+001  7.336303e+001
      vertex  1.662329e+001  1.843837e+001  7.292698e+001
      vertex  1.674930e+001  1.817496e+001  7.285159e+001
    endloop
  endfacet
  facet normal  5.226269e-001  2.417783e-003  8.525580e-001
    outer loop
      vertex  1.586785e+001  2.836303e+001  7.336303e+001
      vertex  1.674930e+001  1.817496e+001  7.285159e+001
      vertex  1.683397e+001  1.789011e+001  7.280049e+001
    endloop
  endfacet
  facet normal  5.388545e-001  4.461078e-003  8.423870e-001
    outer loop
      vertex  1.586785e+001  2.836303e+001  7.336303e+001
      vertex  1.683397e+001  1.789011e+001  7.280049e+001
      vertex  1.686467e+001  1.769652e+001  7.278188e+001
    endloop
  endfacet
  facet normal  5.052673e-001  2.012041e-004  8.629628e-001
    outer loop
      vertex  1.586785e+001  2.836303e+001  7.336303e+001
      vertex  1.686467e+001  1.769652e+001  7.278188e+001
      vertex  1.696235e+001  2.772235e+001  7.272235e+001
    endloop
  endfacet
  facet normal  3.988955e-001  4.659481e-004  9.169962e-001
    outer loop
      vertex  1.356098e+001  2.953557e+001  7.453557e+001
      vertex  1.235065e+001  3.006179e+001  7.506180e+001
      vertex  1.332554e+001  2.057346e+001  7.464254e+001
    endloop
  endfacet
  facet normal  4.160228e-001 -7.521804e-005  9.093542e-001
    outer loop
      vertex  1.356098e+001  2.953557e+001  7.453557e+001
      vertex  1.332554e+001  2.057346e+001  7.464254e+001
      vertex  1.371308e+001  2.075482e+001  7.446526e+001
    endloop
  endfacet
  facet normal  4.280701e-001  1.783802e-004  9.037455e-001
    outer loop
      vertex  1.356098e+001  2.953557e+001  7.453557e+001
      vertex  1.371308e+001  2.075482e+001  7.446526e+001
      vertex  1.411447e+001  2.088612e+001  7.427511e+001
    endloop
  endfacet
  facet normal  4.418577e-001  1.261262e-003  8.970842e-001
    outer loop
      vertex  1.356098e+001  2.953557e+001  7.453557e+001
      vertex  1.411447e+001  2.088612e+001  7.427511e+001
      vertex  1.461720e+001  2.097900e+001  7.402736e+001
    endloop
  endfacet
  facet normal  4.355024e-001  2.924411e-004  9.001875e-001
    outer loop
      vertex  1.356098e+001  2.953557e+001  7.453557e+001
      vertex  1.461720e+001  2.097900e+001  7.402736e+001
      vertex  1.473378e+001  2.896836e+001  7.396836e+001
    endloop
  endfacet
  facet normal  3.243767e-001  2.581232e-004  9.459280e-001
    outer loop
      vertex  1.110436e+001  3.054412e+001  7.554412e+001
      vertex  9.971432e+000  3.093252e+001  7.593252e+001
      vertex  1.019255e+001  1.750000e+001  7.586036e+001
    endloop
  endfacet
  facet normal  3.338043e-001 -4.805432e-004  9.426423e-001
    outer loop
      vertex  1.110436e+001  3.054412e+001  7.554412e+001
      vertex  1.019255e+001  1.750000e+001  7.586036e+001
      vertex  1.150000e+001  1.750000e+001  7.539737e+001
    endloop
  endfacet
  facet normal  3.519138e-001  1.430954e-004  9.360324e-001
    outer loop
      vertex  1.110436e+001  3.054412e+001  7.554412e+001
      vertex  1.150000e+001  1.750000e+001  7.539737e+001
      vertex  1.152117e+001  1.788438e+001  7.538935e+001
    endloop
  endfacet
  facet normal  3.542564e-001  2.310321e-004  9.351483e-001
    outer loop
      vertex  1.110436e+001  3.054412e+001  7.554412e+001
      vertex  1.152117e+001  1.788438e+001  7.538935e+001
      vertex  1.158428e+001  1.826347e+001  7.536535e+001
    endloop
  endfacet
  facet normal  3.569296e-001  3.503041e-004  9.341313e-001
    outer loop
      vertex  1.110436e+001  3.054412e+001  7.554412e+001
      vertex  1.158428e+001  1.826347e+001  7.536535e+001
      vertex  1.168815e+001  1.863210e+001  7.532552e+001
    endloop
  endfacet
  facet normal  3.610192e-001  5.795957e-004  9.325582e-001
    outer loop
      vertex  1.110436e+001  3.054412e+001  7.554412e+001
      vertex  1.168815e+001  1.863210e+001  7.532552e+001
      vertex  1.185496e+001  1.903581e+001  7.526070e+001
    endloop
  endfacet
  facet normal  3.665380e-001  9.926389e-004  9.304026e-001
    outer loop
      vertex  1.110436e+001  3.054412e+001  7.554412e+001
      vertex  1.185496e+001  1.903581e+001  7.526070e+001
      vertex  1.206888e+001  1.941273e+001  7.517602e+001
    endloop
  endfacet
  facet normal  3.733634e-001  1.673960e-003  9.276836e-001
    outer loop
      vertex  1.110436e+001  3.054412e+001  7.554412e+001
      vertex  1.206888e+001  1.941273e+001  7.517602e+001
      vertex  1.232507e+001  1.975715e+001  7.507229e+001
    endloop
  endfacet
  facet normal  3.609403e-001  5.353170e-005  9.325889e-001
    outer loop
      vertex  1.110436e+001  3.054412e+001  7.554412e+001
      vertex  1.232507e+001  1.975715e+001  7.507229e+001
      vertex  1.235065e+001  3.006179e+001  7.506180e+001
    endloop
  endfacet
  facet normal -3.869348e-001  1.997648e-004  9.221070e-001
    outer loop
      vertex -1.196127e+001  3.021884e+001  7.521883e+001
      vertex -1.317972e+001  2.970766e+001  7.470766e+001
      vertex -1.206888e+001  1.941273e+001  7.517602e+001
    endloop
  endfacet
  facet normal -3.680789e-001 -1.847109e-005  9.297945e-001
    outer loop
      vertex -1.196127e+001  3.021884e+001  7.521883e+001
      vertex -1.206888e+001  1.941273e+001  7.517602e+001
      vertex -1.185496e+001  1.903581e+001  7.526070e+001
    endloop
  endfacet
  facet normal -3.621400e-001  4.670439e-005  9.321237e-001
    outer loop
      vertex -1.196127e+001  3.021884e+001  7.521883e+001
      vertex -1.185496e+001  1.903581e+001  7.526070e+001
      vertex -1.168815e+001  1.863210e+001  7.532552e+001
    endloop
  endfacet
  facet normal -3.574779e-001  1.731513e-004  9.339216e-001
    outer loop
      vertex -1.196127e+001  3.021884e+001  7.521883e+001
      vertex -1.168815e+001  1.863210e+001  7.532552e+001
      vertex -1.158428e+001  1.826347e+001  7.536535e+001
    endloop
  endfacet
  facet normal -3.538756e-001  3.035408e-004  9.352924e-001
    outer loop
      vertex -1.196127e+001  3.021884e+001  7.521883e+001
      vertex -1.158428e+001  1.826347e+001  7.536535e+001
      vertex -1.152117e+001  1.788438e+001  7.538935e+001
    endloop
  endfacet
  facet normal -3.489907e-001  5.031868e-004  9.371261e-001
    outer loop
      vertex -1.070762e+001  3.068545e+001  7.568545e+001
      vertex -1.196127e+001  3.021884e+001  7.521883e+001
      vertex -1.152117e+001  1.788438e+001  7.538935e+001
    endloop
  endfacet
  facet normal -3.476848e-001  4.089648e-004  9.376114e-001
    outer loop
      vertex -1.070762e+001  3.068545e+001  7.568545e+001
      vertex -1.152117e+001  1.788438e+001  7.538935e+001
      vertex -1.150000e+001  1.750000e+001  7.539737e+001
    endloop
  endfacet
  facet normal -3.338082e-001 -5.348327e-004  9.426408e-001
    outer loop
      vertex -1.070762e+001  3.068545e+001  7.568545e+001
      vertex -1.150000e+001  1.750000e+001  7.539737e+001
      vertex -1.019256e+001  1.750000e+001  7.586036e+001
    endloop
  endfacet
  facet normal -3.113547e-001  4.437781e-004  9.502937e-001
    outer loop
      vertex -1.070762e+001  3.068545e+001  7.568545e+001
      vertex -1.019256e+001  1.750000e+001  7.586036e+001
      vertex -9.517903e+000  3.107506e+001  7.607507e+001
    endloop
  endfacet
  facet normal -4.044024e-001 -6.419588e-005  9.145811e-001
    outer loop
      vertex -1.317972e+001  2.970766e+001  7.470766e+001
      vertex -1.332554e+001  2.057346e+001  7.464254e+001
      vertex -1.295826e+001  2.034276e+001  7.480492e+001
    endloop
  endfacet
  facet normal -3.933227e-001  2.478756e-004  9.194004e-001
    outer loop
      vertex -1.317972e+001  2.970766e+001  7.470766e+001
      vertex -1.295826e+001  2.034276e+001  7.480492e+001
      vertex -1.261802e+001  2.006441e+001  7.495055e+001
    endloop
  endfacet
  facet normal -3.828680e-001  9.677223e-004  9.238026e-001
    outer loop
      vertex -1.317972e+001  2.970766e+001  7.470766e+001
      vertex -1.261802e+001  2.006441e+001  7.495055e+001
      vertex -1.232507e+001  1.975715e+001  7.507229e+001
    endloop
  endfacet
  facet normal -3.730331e-001  1.959514e-003  9.278160e-001
    outer loop
      vertex -1.317972e+001  2.970766e+001  7.470766e+001
      vertex -1.232507e+001  1.975715e+001  7.507229e+001
      vertex -1.206888e+001  1.941273e+001  7.517602e+001
    endloop
  endfacet
  facet normal -4.597877e-001  5.476055e-004  8.880287e-001
    outer loop
      vertex -1.436128e+001  2.915482e+001  7.415482e+001
      vertex -1.550463e+001  2.856320e+001  7.356320e+001
      vertex -1.461720e+001  2.097900e+001  7.402736e+001
    endloop
  endfacet
  facet normal -4.420674e-001 -1.466632e-004  8.969819e-001
    outer loop
      vertex -1.436128e+001  2.915482e+001  7.415482e+001
      vertex -1.461720e+001  2.097900e+001  7.402736e+001
      vertex -1.411447e+001  2.088612e+001  7.427511e+001
    endloop
  endfacet
  facet normal -4.280185e-001  3.714233e-004  9.037699e-001
    outer loop
      vertex -1.436128e+001  2.915482e+001  7.415482e+001
      vertex -1.411447e+001  2.088612e+001  7.427511e+001
      vertex -1.371308e+001  2.075482e+001  7.446526e+001
    endloop
  endfacet
  facet normal -4.153882e-001  1.563093e-003  9.096429e-001
    outer loop
      vertex -1.436128e+001  2.915482e+001  7.415482e+001
      vertex -1.371308e+001  2.075482e+001  7.446526e+001
      vertex -1.332554e+001  2.057346e+001  7.464254e+001
    endloop
  endfacet
  facet normal -4.239112e-001  3.105215e-004  9.057037e-001
    outer loop
      vertex -1.436128e+001  2.915482e+001  7.415482e+001
      vertex -1.332554e+001  2.057346e+001  7.464254e+001
      vertex -1.317972e+001  2.970766e+001  7.470766e+001
    endloop
  endfacet
  facet normal -5.088717e-001 -4.572505e-006  8.608423e-001
    outer loop
      vertex -1.660887e+001  2.793556e+001  7.293555e+001
      vertex -1.662329e+001  1.843837e+001  7.292698e+001
      vertex -1.645327e+001  1.868475e+001  7.302749e+001
    endloop
  endfacet
  facet normal -5.032272e-001  1.232845e-004  8.641540e-001
    outer loop
      vertex -1.660887e+001  2.793556e+001  7.293555e+001
      vertex -1.645327e+001  1.868475e+001  7.302749e+001
      vertex -1.625093e+001  1.889671e+001  7.314529e+001
    endloop
  endfacet
  facet normal -4.957218e-001  5.209068e-004  8.684812e-001
    outer loop
      vertex -1.660887e+001  2.793556e+001  7.293555e+001
      vertex -1.625093e+001  1.889671e+001  7.314529e+001
      vertex -1.595145e+001  1.911566e+001  7.331609e+001
    endloop
  endfacet
  facet normal -4.862471e-001  1.457477e-003  8.738201e-001
    outer loop
      vertex -1.660887e+001  2.793556e+001  7.293555e+001
      vertex -1.595145e+001  1.911566e+001  7.331609e+001
      vertex -1.562050e+001  1.926935e+001  7.350000e+001
    endloop
  endfacet
  facet normal -4.959148e-001  0.000000e+000  8.683712e-001
    outer loop
      vertex -1.660887e+001  2.793556e+001  7.293555e+001
      vertex -1.562050e+001  1.926935e+001  7.350000e+001
      vertex -1.562050e+001  2.094456e+001  7.350000e+001
    endloop
  endfacet
  facet normal -4.942831e-001  3.057568e-004  8.693010e-001
    outer loop
      vertex -1.660887e+001  2.793556e+001  7.293555e+001
      vertex -1.562050e+001  2.094456e+001  7.350000e+001
      vertex -1.550463e+001  2.856320e+001  7.356320e+001
    endloop
  endfacet
  facet normal -5.573703e-001 -2.826596e-004  8.302639e-001
    outer loop
      vertex -1.762568e+001  2.730541e+001  7.230541e+001
      vertex -1.860611e+001  2.664700e+001  7.164700e+001
      vertex -1.871029e+001  1.750000e+001  7.157395e+001
    endloop
  endfacet
  facet normal -5.554659e-001 -5.884323e-004  8.315390e-001
    outer loop
      vertex -1.762568e+001  2.730541e+001  7.230541e+001
      vertex -1.871029e+001  1.750000e+001  7.157395e+001
      vertex -1.738412e+001  1.750000e+001  7.245983e+001
    endloop
  endfacet
  facet normal -5.270819e-001  3.986113e-004  8.498144e-001
    outer loop
      vertex -1.762568e+001  2.730541e+001  7.230541e+001
      vertex -1.738412e+001  1.750000e+001  7.245983e+001
      vertex -1.687500e+001  1.750000e+001  7.277560e+001
    endloop
  endfacet
  facet normal -5.260839e-001  5.046595e-004  8.504325e-001
    outer loop
      vertex -1.762568e+001  2.730541e+001  7.230541e+001
      vertex -1.687500e+001  1.750000e+001  7.277560e+001
      vertex -1.686467e+001  1.769652e+001  7.278188e+001
    endloop
  endfacet
  facet normal -5.225507e-001  8.923421e-004  8.526077e-001
    outer loop
      vertex -1.762568e+001  2.730541e+001  7.230541e+001
      vertex -1.686467e+001  1.769652e+001  7.278188e+001
      vertex -1.683397e+001  1.789011e+001  7.280049e+001
    endloop
  endfacet
  facet normal -5.196939e-001  1.224264e-003  8.543516e-001
    outer loop
      vertex -1.762568e+001  2.730541e+001  7.230541e+001
      vertex -1.683397e+001  1.789011e+001  7.280049e+001
      vertex -1.674930e+001  1.817496e+001  7.285159e+001
    endloop
  endfacet
  facet normal -5.160568e-001  1.705028e-003  8.565527e-001
    outer loop
      vertex -1.762568e+001  2.730541e+001  7.230541e+001
      vertex -1.674930e+001  1.817496e+001  7.285159e+001
      vertex -1.662329e+001  1.843837e+001  7.292698e+001
    endloop
  endfacet
  facet normal -5.267875e-001  3.242513e-005  8.499971e-001
    outer loop
      vertex -1.762568e+001  2.730541e+001  7.230541e+001
      vertex -1.662329e+001  1.843837e+001  7.292698e+001
      vertex -1.660887e+001  2.793556e+001  7.293555e+001
    endloop
  endfacet
  facet normal -3.338079e-001 -1.278191e-003  9.426403e-001
    outer loop
      vertex -1.150000e+001 -1.425000e+002  7.539737e+001
      vertex -1.152117e+001 -1.428844e+002  7.538935e+001
      vertex -1.019256e+001 -1.425000e+002  7.586036e+001
    endloop
  endfacet
  facet normal -3.342694e-001  5.166181e-004  9.424773e-001
    outer loop
      vertex -1.019256e+001 -1.425000e+002  7.586036e+001
      vertex -1.152117e+001 -1.428844e+002  7.538935e+001
      vertex -1.110436e+001 -1.555441e+002  7.554412e+001
    endloop
  endfacet
  facet normal -3.243768e-001 -2.585411e-004  9.459279e-001
    outer loop
      vertex -1.019256e+001 -1.425000e+002  7.586036e+001
      vertex -1.110436e+001 -1.555441e+002  7.554412e+001
      vertex -9.971432e+000 -1.559325e+002  7.593252e+001
    endloop
  endfacet
  facet normal -7.738738e-001 -9.895852e-004  6.333390e-001
    outer loop
      vertex -2.470350e+001  2.111840e+001  6.611840e+001
      vertex -2.561737e+001  2.000000e+001  6.500000e+001
      vertex -2.460540e+001  1.750000e+001  6.623262e+001
    endloop
  endfacet
  facet normal -7.728908e-001  9.060351e-009  6.345390e-001
    outer loop
      vertex -2.460540e+001  1.750000e+001  6.623262e+001
      vertex -2.561737e+001  2.000000e+001  6.500000e+001
      vertex -2.561738e+001 -1.450000e+002  6.500000e+001
    endloop
  endfacet
  facet normal -7.728902e-001  0.000000e+000  6.345397e-001
    outer loop
      vertex -2.460540e+001  1.750000e+001  6.623262e+001
      vertex -2.561738e+001 -1.450000e+002  6.500000e+001
      vertex -2.460540e+001 -1.425000e+002  6.623262e+001
    endloop
  endfacet
  facet normal -7.806776e-001  7.913010e-003  6.248839e-001
    outer loop
      vertex -2.460540e+001 -1.425000e+002  6.623262e+001
      vertex -2.561738e+001 -1.450000e+002  6.500000e+001
      vertex -2.537867e+001 -1.453020e+002  6.530204e+001
    endloop
  endfacet
  facet normal -7.679306e-001 -8.017740e-004  6.405326e-001
    outer loop
      vertex -2.460540e+001 -1.425000e+002  6.623262e+001
      vertex -2.537867e+001 -1.453020e+002  6.530204e+001
      vertex -2.450007e+001 -1.463541e+002  6.635407e+001
    endloop
  endfacet
  facet normal  6.714402e-001  1.233283e-003  7.410576e-001
    outer loop
      vertex  2.122437e+001 -1.425000e+002  6.961252e+001
      vertex  2.159637e+001 -1.492868e+002  6.928676e+001
      vertex  2.240624e+001 -1.425000e+002  6.854168e+001
    endloop
  endfacet
  facet normal  6.726910e-001  9.594432e-004  7.399229e-001
    outer loop
      vertex  2.240624e+001 -1.425000e+002  6.854168e+001
      vertex  2.159637e+001 -1.492868e+002  6.928676e+001
      vertex  2.215667e+001 -1.487767e+002  6.877671e+001
    endloop
  endfacet
  facet normal  6.903374e-001 -3.576224e-004  7.234875e-001
    outer loop
      vertex  2.240624e+001 -1.425000e+002  6.854168e+001
      vertex  2.215667e+001 -1.487767e+002  6.877671e+001
      vertex  2.270063e+001 -1.482579e+002  6.825793e+001
    endloop
  endfacet
  facet normal  6.342795e-001  1.181411e-003  7.731029e-001
    outer loop
      vertex  1.999140e+001 -1.425000e+002  7.062409e+001
      vertex  2.045759e+001 -1.502534e+002  7.025346e+001
      vertex  2.122437e+001 -1.425000e+002  6.961252e+001
    endloop
  endfacet
  facet normal  6.381214e-001  5.396321e-004  7.699357e-001
    outer loop
      vertex  2.122437e+001 -1.425000e+002  6.961252e+001
      vertex  2.045759e+001 -1.502534e+002  7.025346e+001
      vertex  2.103482e+001 -1.497747e+002  6.977472e+001
    endloop
  endfacet
  facet normal  6.560437e-001 -2.665566e-004  7.547228e-001
    outer loop
      vertex  2.122437e+001 -1.425000e+002  6.961252e+001
      vertex  2.103482e+001 -1.497747e+002  6.977472e+001
      vertex  2.159637e+001 -1.492868e+002  6.928676e+001
    endloop
  endfacet
  facet normal  5.554660e-001  5.886473e-004  8.315390e-001
    outer loop
      vertex  1.738411e+001 -1.425000e+002  7.245984e+001
      vertex  1.762568e+001 -1.523054e+002  7.230541e+001
      vertex  1.871028e+001 -1.425000e+002  7.157396e+001
    endloop
  endfacet
  facet normal  5.573702e-001  2.828983e-004  8.302640e-001
    outer loop
      vertex  1.871028e+001 -1.425000e+002  7.157396e+001
      vertex  1.762568e+001 -1.523054e+002  7.230541e+001
      vertex  1.860611e+001 -1.516470e+002  7.164700e+001
    endloop
  endfacet
  facet normal  5.872212e-001 -2.234366e-004  8.094265e-001
    outer loop
      vertex  1.871028e+001 -1.425000e+002  7.157396e+001
      vertex  1.860611e+001 -1.516470e+002  7.164700e+001
      vertex  1.955008e+001 -1.509624e+002  7.096236e+001
    endloop
  endfacet
  facet normal  4.239912e-001 -5.192150e-004  9.056661e-001
    outer loop
      vertex  1.436128e+001 -1.541548e+002  7.415482e+001
      vertex  1.411447e+001 -1.458861e+002  7.427511e+001
      vertex  1.317972e+001 -1.547077e+002  7.470766e+001
    endloop
  endfacet
  facet normal  4.278459e-001 -1.016653e-003  9.038511e-001
    outer loop
      vertex  1.317972e+001 -1.547077e+002  7.470766e+001
      vertex  1.411447e+001 -1.458861e+002  7.427511e+001
      vertex  1.371308e+001 -1.457548e+002  7.446526e+001
    endloop
  endfacet
  facet normal  4.159330e-001 -1.568432e-004  9.093952e-001
    outer loop
      vertex  1.317972e+001 -1.547077e+002  7.470766e+001
      vertex  1.371308e+001 -1.457548e+002  7.446526e+001
      vertex  1.332554e+001 -1.455735e+002  7.464254e+001
    endloop
  endfacet
  facet normal  1.950499e-001  3.578166e-004  9.807932e-001
    outer loop
      vertex  5.555079e+000 -1.425000e+002  7.702173e+001
      vertex  5.801501e+000 -1.569780e+002  7.697800e+001
      vertex  7.119287e+000 -1.425000e+002  7.671066e+001
    endloop
  endfacet
  facet normal  1.979299e-001  8.502306e-005  9.802162e-001
    outer loop
      vertex  7.119287e+000 -1.425000e+002  7.671066e+001
      vertex  5.801501e+000 -1.569780e+002  7.697800e+001
      vertex  7.062185e+000 -1.567234e+002  7.672342e+001
    endloop
  endfacet
  facet normal  2.364303e-001 -7.723055e-005  9.716485e-001
    outer loop
      vertex  7.119287e+000 -1.425000e+002  7.671066e+001
      vertex  7.062185e+000 -1.567234e+002  7.672342e+001
      vertex  8.301935e+000 -1.564218e+002  7.642178e+001
    endloop
  endfacet
  facet normal  4.905787e-002  1.390376e-004  9.987959e-001
    outer loop
      vertex  7.974108e-001 -1.425000e+002  7.749022e+001
      vertex  8.877307e-001 -1.574879e+002  7.748787e+001
      vertex  2.390330e+000 -1.425000e+002  7.741198e+001
    endloop
  endfacet
  facet normal  4.605117e-002  4.411976e-004  9.989390e-001
    outer loop
      vertex  2.390330e+000 -1.425000e+002  7.741198e+001
      vertex  8.877307e-001 -1.574879e+002  7.748787e+001
      vertex  2.106404e+000 -1.574317e+002  7.743166e+001
    endloop
  endfacet
  facet normal  8.350439e-002 -2.741820e-004  9.965073e-001
    outer loop
      vertex  2.390330e+000 -1.425000e+002  7.741198e+001
      vertex  2.106404e+000 -1.574317e+002  7.743166e+001
      vertex  3.319289e+000 -1.573300e+002  7.733006e+001
    endloop
  endfacet
  facet normal -1.037631e-001  6.256777e-004  9.946018e-001
    outer loop
      vertex -2.769605e+000 -1.573818e+002  7.738177e+001
      vertex -2.390348e+000 -1.425000e+002  7.741198e+001
      vertex -3.977978e+000 -1.572556e+002  7.725563e+001
    endloop
  endfacet
  facet normal -9.799618e-002 -1.009852e-006  9.951868e-001
    outer loop
      vertex -3.977978e+000 -1.572556e+002  7.725563e+001
      vertex -2.390348e+000 -1.425000e+002  7.741198e+001
      vertex -3.977511e+000 -1.425000e+002  7.725569e+001
    endloop
  endfacet
  facet normal -1.414097e-001  3.880838e-007  9.899511e-001
    outer loop
      vertex -3.977978e+000 -1.572556e+002  7.725563e+001
      vertex -3.977511e+000 -1.425000e+002  7.725569e+001
      vertex -5.212075e+000 -1.570793e+002  7.707935e+001
    endloop
  endfacet
  facet normal -1.467000e-001  4.576831e-004  9.891809e-001
    outer loop
      vertex -5.212075e+000 -1.570793e+002  7.707935e+001
      vertex -3.977511e+000 -1.425000e+002  7.725569e+001
      vertex -5.555096e+000 -1.425000e+002  7.702173e+001
    endloop
  endfacet
  facet normal -1.792234e-001 -3.287553e-004  9.838083e-001
    outer loop
      vertex -5.212075e+000 -1.570793e+002  7.707935e+001
      vertex -5.555096e+000 -1.425000e+002  7.702173e+001
      vertex -6.431314e+000 -1.568573e+002  7.685731e+001
    endloop
  endfacet
  facet normal -2.902237e-001  3.629604e-004  9.569587e-001
    outer loop
      vertex -1.019256e+001 -1.425000e+002  7.586036e+001
      vertex -9.971432e+000 -1.559325e+002  7.593252e+001
      vertex -8.666368e+000 -1.425000e+002  7.632322e+001
    endloop
  endfacet
  facet normal -2.889861e-001  2.318343e-004  9.573332e-001
    outer loop
      vertex -8.666368e+000 -1.425000e+002  7.632322e+001
      vertex -9.971432e+000 -1.559325e+002  7.593252e+001
      vertex -8.813525e+000 -1.562821e+002  7.628214e+001
    endloop
  endfacet
  facet normal -2.531053e-001 -1.814051e-004  9.674388e-001
    outer loop
      vertex -8.666368e+000 -1.425000e+002  7.632322e+001
      vertex -8.813525e+000 -1.562821e+002  7.628214e+001
      vertex -7.632694e+000 -1.565910e+002  7.659101e+001
    endloop
  endfacet
  facet normal -4.355194e-001 -3.359781e-004  9.001793e-001
    outer loop
      vertex -1.356098e+001 -1.545356e+002  7.453557e+001
      vertex -1.371308e+001 -1.457548e+002  7.446526e+001
      vertex -1.473378e+001 -1.539684e+002  7.396836e+001
    endloop
  endfacet
  facet normal -4.277077e-001 -1.532799e-003  9.039158e-001
    outer loop
      vertex -1.473378e+001 -1.539684e+002  7.396836e+001
      vertex -1.371308e+001 -1.457548e+002  7.446526e+001
      vertex -1.411447e+001 -1.458861e+002  7.427511e+001
    endloop
  endfacet
  facet normal -4.420197e-001 -1.738353e-004  8.970053e-001
    outer loop
      vertex -1.473378e+001 -1.539684e+002  7.396836e+001
      vertex -1.411447e+001 -1.458861e+002  7.427511e+001
      vertex -1.461720e+001 -1.459790e+002  7.402736e+001
    endloop
  endfacet
  facet normal -4.857306e-001  0.000000e+000  8.741086e-001
    outer loop
      vertex -1.562050e+001 -1.442693e+002  7.350000e+001
      vertex -1.595145e+001 -1.441157e+002  7.331609e+001
      vertex -1.562050e+001 -1.459446e+002  7.350000e+001
    endloop
  endfacet
  facet normal -4.855284e-001  4.787609e-005  8.742209e-001
    outer loop
      vertex -1.562050e+001 -1.459446e+002  7.350000e+001
      vertex -1.595145e+001 -1.441157e+002  7.331609e+001
      vertex -1.586785e+001 -1.533630e+002  7.336303e+001
    endloop
  endfacet
  facet normal -4.730218e-001 -4.952352e-004  8.810506e-001
    outer loop
      vertex -1.562050e+001 -1.459446e+002  7.350000e+001
      vertex -1.586785e+001 -1.533630e+002  7.336303e+001
      vertex -1.512212e+001 -1.459979e+002  7.376754e+001
    endloop
  endfacet
  facet normal -4.574713e-001 -2.518479e-003  8.892208e-001
    outer loop
      vertex -1.512212e+001 -1.459979e+002  7.376754e+001
      vertex -1.586785e+001 -1.533630e+002  7.336303e+001
      vertex -1.461720e+001 -1.459790e+002  7.402736e+001
    endloop
  endfacet
  facet normal -4.707399e-001  3.540618e-004  8.822720e-001
    outer loop
      vertex -1.461720e+001 -1.459790e+002  7.402736e+001
      vertex -1.586785e+001 -1.533630e+002  7.336303e+001
      vertex -1.473378e+001 -1.539684e+002  7.396836e+001
    endloop
  endfacet
  facet normal -5.381442e-001  2.073573e-004  8.428528e-001
    outer loop
      vertex -1.696235e+001 -1.527224e+002  7.272235e+001
      vertex -1.687500e+001 -1.425000e+002  7.277560e+001
      vertex -1.801674e+001 -1.520490e+002  7.204897e+001
    endloop
  endfacet
  facet normal -5.270813e-001 -1.645062e-003  8.498134e-001
    outer loop
      vertex -1.801674e+001 -1.520490e+002  7.204897e+001
      vertex -1.687500e+001 -1.425000e+002  7.277560e+001
      vertex -1.738412e+001 -1.425000e+002  7.245983e+001
    endloop
  endfacet
  facet normal -5.630785e-001  1.747091e-003  8.264015e-001
    outer loop
      vertex -1.801674e+001 -1.520490e+002  7.204897e+001
      vertex -1.738412e+001 -1.425000e+002  7.245983e+001
      vertex -1.863399e+001 -1.516275e+002  7.162752e+001
    endloop
  endfacet
  facet normal -5.554661e-001  2.362189e-004  8.315392e-001
    outer loop
      vertex -1.863399e+001 -1.516275e+002  7.162752e+001
      vertex -1.738412e+001 -1.425000e+002  7.245983e+001
      vertex -1.871029e+001 -1.425000e+002  7.157395e+001
    endloop
  endfacet
  facet normal -5.827113e-001 -1.022365e-004  8.126793e-001
    outer loop
      vertex -1.863399e+001 -1.516275e+002  7.162752e+001
      vertex -1.871029e+001 -1.425000e+002  7.157395e+001
      vertex -1.923653e+001 -1.511955e+002  7.119553e+001
    endloop
  endfacet
  facet normal -6.003623e-001  1.529637e-003  7.997267e-001
    outer loop
      vertex -1.923653e+001 -1.511955e+002  7.119553e+001
      vertex -1.871029e+001 -1.425000e+002  7.157395e+001
      vertex -1.983238e+001 -1.507474e+002  7.074737e+001
    endloop
  endfacet
  facet normal -5.955886e-001  5.230903e-004  8.032895e-001
    outer loop
      vertex -1.983238e+001 -1.507474e+002  7.074737e+001
      vertex -1.871029e+001 -1.425000e+002  7.157395e+001
      vertex -1.999141e+001 -1.425000e+002  7.062408e+001
    endloop
  endfacet
  facet normal -6.193011e-001 -2.052574e-004  7.851535e-001
    outer loop
      vertex -1.983238e+001 -1.507474e+002  7.074737e+001
      vertex -1.999141e+001 -1.425000e+002  7.062408e+001
      vertex -2.041316e+001 -1.502894e+002  7.028938e+001
    endloop
  endfacet
  facet normal -7.408321e-001  9.206333e-004  6.716897e-001
    outer loop
      vertex -2.460540e+001 -1.425000e+002  6.623262e+001
      vertex -2.450007e+001 -1.463541e+002  6.635407e+001
      vertex -2.353416e+001 -1.425000e+002  6.741413e+001
    endloop
  endfacet
  facet normal -7.395322e-001  2.010904e-004  6.731212e-001
    outer loop
      vertex -2.353416e+001 -1.425000e+002  6.741413e+001
      vertex -2.450007e+001 -1.463541e+002  6.635407e+001
      vertex -2.356508e+001 -1.473816e+002  6.738161e+001
    endloop
  endfacet
  facet normal -7.100774e-001 -1.920056e-004  7.041236e-001
    outer loop
      vertex -2.353416e+001 -1.425000e+002  6.741413e+001
      vertex -2.356508e+001 -1.473816e+002  6.738161e+001
      vertex -2.257278e+001 -1.483820e+002  6.838203e+001
    endloop
  endfacet
  facet normal  7.408324e-001  0.000000e+000  6.716899e-001
    outer loop
      vertex  2.460539e+001 -1.425000e+002  6.623264e+001
      vertex  2.460539e+001  1.750000e+001  6.623264e+001
      vertex  2.353415e+001 -1.425000e+002  6.741415e+001
    endloop
  endfacet
  facet normal  7.408324e-001  -0.000000e+000  6.716899e-001
    outer loop
      vertex  2.353415e+001 -1.425000e+002  6.741415e+001
      vertex  2.460539e+001  1.750000e+001  6.623264e+001
      vertex  2.353415e+001  1.750000e+001  6.741415e+001
    endloop
  endfacet
  facet normal  7.069884e-001  0.000000e+000  7.072252e-001
    outer loop
      vertex  2.353415e+001 -1.425000e+002  6.741415e+001
      vertex  2.353415e+001  1.750000e+001  6.741415e+001
      vertex  2.240624e+001 -1.425000e+002  6.854168e+001
    endloop
  endfacet
  facet normal  7.069884e-001  -0.000000e+000  7.072252e-001
    outer loop
      vertex  2.240624e+001 -1.425000e+002  6.854168e+001
      vertex  2.353415e+001  1.750000e+001  6.741415e+001
      vertex  2.240624e+001  1.750000e+001  6.854168e+001
    endloop
  endfacet
  facet normal  6.714407e-001  0.000000e+000  7.410582e-001
    outer loop
      vertex  2.240624e+001 -1.425000e+002  6.854168e+001
      vertex  2.240624e+001  1.750000e+001  6.854168e+001
      vertex  2.122437e+001 -1.425000e+002  6.961252e+001
    endloop
  endfacet
  facet normal  6.714407e-001  -0.000000e+000  7.410582e-001
    outer loop
      vertex  2.122437e+001 -1.425000e+002  6.961252e+001
      vertex  2.240624e+001  1.750000e+001  6.854168e+001
      vertex  2.122437e+001  1.750000e+001  6.961252e+001
    endloop
  endfacet
  facet normal  6.342798e-001  0.000000e+000  7.731035e-001
    outer loop
      vertex  2.122437e+001 -1.425000e+002  6.961252e+001
      vertex  2.122437e+001  1.750000e+001  6.961252e+001
      vertex  1.999140e+001 -1.425000e+002  7.062409e+001
    endloop
  endfacet
  facet normal  6.342798e-001  -0.000000e+000  7.731035e-001
    outer loop
      vertex  1.999140e+001 -1.425000e+002  7.062409e+001
      vertex  2.122437e+001  1.750000e+001  6.961252e+001
      vertex  1.999140e+001  1.750000e+001  7.062409e+001
    endloop
  endfacet
  facet normal  5.955881e-001  0.000000e+000  8.032900e-001
    outer loop
      vertex  1.999140e+001 -1.425000e+002  7.062409e+001
      vertex  1.999140e+001  1.750000e+001  7.062409e+001
      vertex  1.871028e+001 -1.425000e+002  7.157396e+001
    endloop
  endfacet
  facet normal  5.955881e-001  -0.000000e+000  8.032900e-001
    outer loop
      vertex  1.871028e+001 -1.425000e+002  7.157396e+001
      vertex  1.999140e+001  1.750000e+001  7.062409e+001
      vertex  1.871028e+001  1.750000e+001  7.157396e+001
    endloop
  endfacet
  facet normal  5.554661e-001  0.000000e+000  8.315392e-001
    outer loop
      vertex  1.871028e+001 -1.425000e+002  7.157396e+001
      vertex  1.871028e+001  1.750000e+001  7.157396e+001
      vertex  1.738411e+001 -1.425000e+002  7.245984e+001
    endloop
  endfacet
  facet normal  5.554661e-001  -0.000000e+000  8.315392e-001
    outer loop
      vertex  1.738411e+001 -1.425000e+002  7.245984e+001
      vertex  1.871028e+001  1.750000e+001  7.157396e+001
      vertex  1.738411e+001  1.750000e+001  7.245984e+001
    endloop
  endfacet
  facet normal  5.270842e-001  0.000000e+000  8.498130e-001
    outer loop
      vertex  1.738411e+001 -1.425000e+002  7.245984e+001
      vertex  1.738411e+001  1.750000e+001  7.245984e+001
      vertex  1.687500e+001 -1.425000e+002  7.277560e+001
    endloop
  endfacet
  facet normal  5.270842e-001  -0.000000e+000  8.498130e-001
    outer loop
      vertex  1.687500e+001 -1.425000e+002  7.277560e+001
      vertex  1.738411e+001  1.750000e+001  7.245984e+001
      vertex  1.687500e+001  1.750000e+001  7.277560e+001
    endloop
  endfacet
  facet normal  5.190852e-001  0.000000e+000  8.547224e-001
    outer loop
      vertex  1.687500e+001 -1.425000e+002  7.277560e+001
      vertex  1.687500e+001  1.750000e+001  7.277560e+001
      vertex  1.686467e+001 -1.423035e+002  7.278188e+001
    endloop
  endfacet
  facet normal  5.190852e-001  -0.000000e+000  8.547224e-001
    outer loop
      vertex  1.686467e+001 -1.423035e+002  7.278188e+001
      vertex  1.687500e+001  1.750000e+001  7.277560e+001
      vertex  1.686467e+001  1.730348e+001  7.278188e+001
    endloop
  endfacet
  facet normal  5.184429e-001  0.000000e+000  8.551121e-001
    outer loop
      vertex  1.686467e+001 -1.423035e+002  7.278188e+001
      vertex  1.686467e+001  1.730348e+001  7.278188e+001
      vertex  1.683397e+001 -1.421099e+002  7.280049e+001
    endloop
  endfacet
  facet normal  5.184430e-001  -0.000000e+000  8.551123e-001
    outer loop
      vertex  1.683397e+001 -1.421099e+002  7.280049e+001
      vertex  1.686467e+001  1.730348e+001  7.278188e+001
      vertex  1.683397e+001  1.710989e+001  7.280049e+001
    endloop
  endfacet
  facet normal  5.166781e-001  0.000000e+000  8.561797e-001
    outer loop
      vertex  1.683397e+001 -1.421099e+002  7.280049e+001
      vertex  1.683397e+001  1.710989e+001  7.280049e+001
      vertex  1.674930e+001 -1.418250e+002  7.285159e+001
    endloop
  endfacet
  facet normal  5.166781e-001  -0.000000e+000  8.561797e-001
    outer loop
      vertex  1.674930e+001 -1.418250e+002  7.285159e+001
      vertex  1.683397e+001  1.710989e+001  7.280049e+001
      vertex  1.674930e+001  1.682504e+001  7.285159e+001
    endloop
  endfacet
  facet normal  5.134352e-001  0.000000e+000  8.581284e-001
    outer loop
      vertex  1.674930e+001 -1.418250e+002  7.285159e+001
      vertex  1.674930e+001  1.682504e+001  7.285159e+001
      vertex  1.662329e+001 -1.415616e+002  7.292698e+001
    endloop
  endfacet
  facet normal  5.134352e-001  -0.000000e+000  8.581283e-001
    outer loop
      vertex  1.662329e+001 -1.415616e+002  7.292698e+001
      vertex  1.674930e+001  1.682504e+001  7.285159e+001
      vertex  1.662329e+001  1.656163e+001  7.292698e+001
    endloop
  endfacet
  facet normal  5.088767e-001  0.000000e+000  8.608394e-001
    outer loop
      vertex  1.662329e+001 -1.415616e+002  7.292698e+001
      vertex  1.662329e+001  1.656163e+001  7.292698e+001
      vertex  1.645327e+001 -1.413152e+002  7.302749e+001
    endloop
  endfacet
  facet normal  5.088767e-001  -0.000000e+000  8.608395e-001
    outer loop
      vertex  1.645327e+001 -1.413152e+002  7.302749e+001
      vertex  1.662329e+001  1.656163e+001  7.292698e+001
      vertex  1.645327e+001  1.631525e+001  7.302749e+001
    endloop
  endfacet
  facet normal  5.031308e-001  0.000000e+000  8.642103e-001
    outer loop
      vertex  1.645327e+001 -1.413152e+002  7.302749e+001
      vertex  1.645327e+001  1.631525e+001  7.302749e+001
      vertex  1.625093e+001 -1.411033e+002  7.314529e+001
    endloop
  endfacet
  facet normal  5.031308e-001  -0.000000e+000  8.642102e-001
    outer loop
      vertex  1.625093e+001 -1.411033e+002  7.314529e+001
      vertex  1.645327e+001  1.631525e+001  7.302749e+001
      vertex  1.625093e+001  1.610329e+001  7.314529e+001
    endloop
  endfacet
  facet normal  4.729807e-001  0.000000e+000  8.810728e-001
    outer loop
      vertex  1.562050e+001 -1.390554e+002  7.350000e+001
      vertex  1.562050e+001  1.405544e+001  7.350000e+001
      vertex  1.512212e+001 -1.390021e+002  7.376754e+001
    endloop
  endfacet
  facet normal  4.729807e-001  -0.000000e+000  8.810727e-001
    outer loop
      vertex  1.512212e+001 -1.390021e+002  7.376754e+001
      vertex  1.562050e+001  1.405544e+001  7.350000e+001
      vertex  1.512212e+001  1.400213e+001  7.376754e+001
    endloop
  endfacet
  facet normal  4.575471e-001  0.000000e+000  8.891854e-001
    outer loop
      vertex  1.512212e+001 -1.390021e+002  7.376754e+001
      vertex  1.512212e+001  1.400213e+001  7.376754e+001
      vertex  1.461720e+001 -1.390210e+002  7.402736e+001
    endloop
  endfacet
  facet normal  4.575471e-001  -0.000000e+000  8.891854e-001
    outer loop
      vertex  1.461720e+001 -1.390210e+002  7.402736e+001
      vertex  1.512212e+001  1.400213e+001  7.376754e+001
      vertex  1.461720e+001  1.402100e+001  7.402736e+001
    endloop
  endfacet
  facet normal  4.420455e-001  0.000000e+000  8.969926e-001
    outer loop
      vertex  1.461720e+001 -1.390210e+002  7.402736e+001
      vertex  1.461720e+001  1.402100e+001  7.402736e+001
      vertex  1.411447e+001 -1.391139e+002  7.427511e+001
    endloop
  endfacet
  facet normal  4.420456e-001  -0.000000e+000  8.969925e-001
    outer loop
      vertex  1.411447e+001 -1.391139e+002  7.427511e+001
      vertex  1.461720e+001  1.402100e+001  7.402736e+001
      vertex  1.411447e+001  1.411388e+001  7.427511e+001
    endloop
  endfacet
  facet normal  4.281177e-001  0.000000e+000  9.037229e-001
    outer loop
      vertex  1.411447e+001 -1.391139e+002  7.427511e+001
      vertex  1.411447e+001  1.411388e+001  7.427511e+001
      vertex  1.371308e+001 -1.392452e+002  7.446526e+001
    endloop
  endfacet
  facet normal  4.281177e-001  -0.000000e+000  9.037229e-001
    outer loop
      vertex  1.371308e+001 -1.392452e+002  7.446526e+001
      vertex  1.411447e+001  1.411388e+001  7.427511e+001
      vertex  1.371308e+001  1.424518e+001  7.446526e+001
    endloop
  endfacet
  facet normal  4.159938e-001  0.000000e+000  9.093676e-001
    outer loop
      vertex  1.371308e+001 -1.392452e+002  7.446526e+001
      vertex  1.371308e+001  1.424518e+001  7.446526e+001
      vertex  1.332554e+001 -1.394265e+002  7.464254e+001
    endloop
  endfacet
  facet normal  4.159937e-001  -0.000000e+000  9.093674e-001
    outer loop
      vertex  1.332554e+001 -1.394265e+002  7.464254e+001
      vertex  1.371308e+001  1.424518e+001  7.446526e+001
      vertex  1.332554e+001  1.442654e+001  7.464254e+001
    endloop
  endfacet
  facet normal  4.043688e-001  0.000000e+000  9.145960e-001
    outer loop
      vertex  1.332554e+001 -1.394265e+002  7.464254e+001
      vertex  1.332554e+001  1.442654e+001  7.464254e+001
      vertex  1.295826e+001 -1.396572e+002  7.480492e+001
    endloop
  endfacet
  facet normal  4.043688e-001  -0.000000e+000  9.145960e-001
    outer loop
      vertex  1.295826e+001 -1.396572e+002  7.480492e+001
      vertex  1.332554e+001  1.442654e+001  7.464254e+001
      vertex  1.295826e+001  1.465724e+001  7.480492e+001
    endloop
  endfacet
  facet normal  3.934941e-001  0.000000e+000  9.193271e-001
    outer loop
      vertex  1.295826e+001 -1.396572e+002  7.480492e+001
      vertex  1.295826e+001  1.465724e+001  7.480492e+001
      vertex  1.261802e+001 -1.399356e+002  7.495055e+001
    endloop
  endfacet
  facet normal  3.934941e-001  -0.000000e+000  9.193271e-001
    outer loop
      vertex  1.261802e+001 -1.399356e+002  7.495055e+001
      vertex  1.295826e+001  1.465724e+001  7.480492e+001
      vertex  1.261802e+001  1.493559e+001  7.495055e+001
    endloop
  endfacet
  facet normal  3.837339e-001  0.000000e+000  9.234437e-001
    outer loop
      vertex  1.261802e+001 -1.399356e+002  7.495055e+001
      vertex  1.261802e+001  1.493559e+001  7.495055e+001
      vertex  1.232507e+001 -1.402428e+002  7.507229e+001
    endloop
  endfacet
  facet normal  3.837338e-001  -0.000000e+000  9.234437e-001
    outer loop
      vertex  1.232507e+001 -1.402428e+002  7.507229e+001
      vertex  1.261802e+001  1.493559e+001  7.495055e+001
      vertex  1.232507e+001  1.524285e+001  7.507229e+001
    endloop
  endfacet
  facet normal  3.752983e-001  0.000000e+000  9.269041e-001
    outer loop
      vertex  1.232507e+001 -1.402428e+002  7.507229e+001
      vertex  1.232507e+001  1.524285e+001  7.507229e+001
      vertex  1.206888e+001 -1.405873e+002  7.517602e+001
    endloop
  endfacet
  facet normal  3.752983e-001  -0.000000e+000  9.269041e-001
    outer loop
      vertex  1.206888e+001 -1.405873e+002  7.517602e+001
      vertex  1.232507e+001  1.524285e+001  7.507229e+001
      vertex  1.206888e+001  1.558727e+001  7.517602e+001
    endloop
  endfacet
  facet normal  3.680508e-001  0.000000e+000  9.298056e-001
    outer loop
      vertex  1.206888e+001 -1.405873e+002  7.517602e+001
      vertex  1.206888e+001  1.558727e+001  7.517602e+001
      vertex  1.185496e+001 -1.409642e+002  7.526070e+001
    endloop
  endfacet
  facet normal  3.680508e-001  -0.000000e+000  9.298057e-001
    outer loop
      vertex  1.185496e+001 -1.409642e+002  7.526070e+001
      vertex  1.206888e+001  1.558727e+001  7.517602e+001
      vertex  1.185496e+001  1.596419e+001  7.526070e+001
    endloop
  endfacet
  facet normal  3.622382e-001  0.000000e+000  9.320856e-001
    outer loop
      vertex  1.185496e+001 -1.409642e+002  7.526070e+001
      vertex  1.185496e+001  1.596419e+001  7.526070e+001
      vertex  1.168815e+001 -1.413679e+002  7.532552e+001
    endloop
  endfacet
  facet normal  3.622382e-001  -0.000000e+000  9.320855e-001
    outer loop
      vertex  1.168815e+001 -1.413679e+002  7.532552e+001
      vertex  1.185496e+001  1.596419e+001  7.526070e+001
      vertex  1.168815e+001  1.636790e+001  7.532552e+001
    endloop
  endfacet
  facet normal  3.580137e-001  0.000000e+000  9.337162e-001
    outer loop
      vertex  1.168815e+001 -1.413679e+002  7.532552e+001
      vertex  1.168815e+001  1.636790e+001  7.532552e+001
      vertex  1.158428e+001 -1.417365e+002  7.536535e+001
    endloop
  endfacet
  facet normal  3.580138e-001  -0.000000e+000  9.337164e-001
    outer loop
      vertex  1.158428e+001 -1.417365e+002  7.536535e+001
      vertex  1.168815e+001  1.636790e+001  7.532552e+001
      vertex  1.158428e+001  1.673653e+001  7.536535e+001
    endloop
  endfacet
  facet normal  3.554690e-001  0.000000e+000  9.346881e-001
    outer loop
      vertex  1.158428e+001 -1.417365e+002  7.536535e+001
      vertex  1.158428e+001  1.673653e+001  7.536535e+001
      vertex  1.152117e+001 -1.421156e+002  7.538935e+001
    endloop
  endfacet
  facet normal  3.554690e-001  -0.000000e+000  9.346881e-001
    outer loop
      vertex  1.152117e+001 -1.421156e+002  7.538935e+001
      vertex  1.158428e+001  1.673653e+001  7.536535e+001
      vertex  1.152117e+001  1.711562e+001  7.538935e+001
    endloop
  endfacet
  facet normal  3.541869e-001  0.000000e+000  9.351746e-001
    outer loop
      vertex  1.152117e+001 -1.421156e+002  7.538935e+001
      vertex  1.152117e+001  1.711562e+001  7.538935e+001
      vertex  1.150000e+001 -1.425000e+002  7.539737e+001
    endloop
  endfacet
  facet normal  3.541869e-001  -0.000000e+000  9.351746e-001
    outer loop
      vertex  1.150000e+001 -1.425000e+002  7.539737e+001
      vertex  1.152117e+001  1.711562e+001  7.538935e+001
      vertex  1.150000e+001  1.750000e+001  7.539737e+001
    endloop
  endfacet
  facet normal  3.338043e-001  0.000000e+000  9.426425e-001
    outer loop
      vertex  1.150000e+001 -1.425000e+002  7.539737e+001
      vertex  1.150000e+001  1.750000e+001  7.539737e+001
      vertex  1.019255e+001 -1.425000e+002  7.586036e+001
    endloop
  endfacet
  facet normal  3.338043e-001  -0.000000e+000  9.426425e-001
    outer loop
      vertex  1.019255e+001 -1.425000e+002  7.586036e+001
      vertex  1.150000e+001  1.750000e+001  7.539737e+001
      vertex  1.019255e+001  1.750000e+001  7.586036e+001
    endloop
  endfacet
  facet normal  2.902282e-001  0.000000e+000  9.569575e-001
    outer loop
      vertex  1.019255e+001 -1.425000e+002  7.586036e+001
      vertex  1.019255e+001  1.750000e+001  7.586036e+001
      vertex  8.666351e+000 -1.425000e+002  7.632323e+001
    endloop
  endfacet
  facet normal  2.902282e-001  -0.000000e+000  9.569575e-001
    outer loop
      vertex  8.666351e+000 -1.425000e+002  7.632323e+001
      vertex  1.019255e+001  1.750000e+001  7.586036e+001
      vertex  8.666351e+000  1.750000e+001  7.632323e+001
    endloop
  endfacet
  facet normal  2.429263e-001  0.000000e+000  9.700447e-001
    outer loop
      vertex  8.666351e+000 -1.425000e+002  7.632323e+001
      vertex  8.666351e+000  1.750000e+001  7.632323e+001
      vertex  7.119287e+000 -1.425000e+002  7.671066e+001
    endloop
  endfacet
  facet normal  2.429263e-001  -0.000000e+000  9.700447e-001
    outer loop
      vertex  7.119287e+000 -1.425000e+002  7.671066e+001
      vertex  8.666351e+000  1.750000e+001  7.632323e+001
      vertex  7.119287e+000  1.750000e+001  7.671066e+001
    endloop
  endfacet
  facet normal  1.950499e-001  0.000000e+000  9.807934e-001
    outer loop
      vertex  7.119287e+000 -1.425000e+002  7.671066e+001
      vertex  7.119287e+000  1.750000e+001  7.671066e+001
      vertex  5.555079e+000 -1.425000e+002  7.702173e+001
    endloop
  endfacet
  facet normal  1.950499e-001  -0.000000e+000  9.807934e-001
    outer loop
      vertex  5.555079e+000 -1.425000e+002  7.702173e+001
      vertex  7.119287e+000  1.750000e+001  7.671066e+001
      vertex  5.555079e+000  1.750000e+001  7.702173e+001
    endloop
  endfacet
  facet normal  1.467000e-001  0.000000e+000  9.891810e-001
    outer loop
      vertex  5.555079e+000 -1.425000e+002  7.702173e+001
      vertex  5.555079e+000  1.750000e+001  7.702173e+001
      vertex  3.977493e+000 -1.425000e+002  7.725569e+001
    endloop
  endfacet
  facet normal  1.467000e-001  -0.000000e+000  9.891810e-001
    outer loop
      vertex  3.977493e+000 -1.425000e+002  7.725569e+001
      vertex  5.555079e+000  1.750000e+001  7.702173e+001
      vertex  3.977493e+000  1.750000e+001  7.725569e+001
    endloop
  endfacet
  facet normal  9.799617e-002  0.000000e+000  9.951868e-001
    outer loop
      vertex  3.977493e+000 -1.425000e+002  7.725569e+001
      vertex  3.977493e+000  1.750000e+001  7.725569e+001
      vertex  2.390330e+000 -1.425000e+002  7.741198e+001
    endloop
  endfacet
  facet normal  9.799617e-002  -0.000000e+000  9.951868e-001
    outer loop
      vertex  2.390330e+000 -1.425000e+002  7.741198e+001
      vertex  3.977493e+000  1.750000e+001  7.725569e+001
      vertex  2.390330e+000  1.750000e+001  7.741198e+001
    endloop
  endfacet
  facet normal  4.905787e-002  0.000000e+000  9.987959e-001
    outer loop
      vertex  2.390330e+000 -1.425000e+002  7.741198e+001
      vertex  2.390330e+000  1.750000e+001  7.741198e+001
      vertex  7.974108e-001 -1.425000e+002  7.749022e+001
    endloop
  endfacet
  facet normal  4.905787e-002  -0.000000e+000  9.987959e-001
    outer loop
      vertex  7.974108e-001 -1.425000e+002  7.749022e+001
      vertex  2.390330e+000  1.750000e+001  7.741198e+001
      vertex  7.974108e-001  1.750000e+001  7.749022e+001
    endloop
  endfacet
  facet normal  0.000000e+000  0.000000e+000  1.000000e+000
    outer loop
      vertex  7.974108e-001 -1.425000e+002  7.749022e+001
      vertex  7.974108e-001  1.750000e+001  7.749022e+001
      vertex -7.974285e-001 -1.425000e+002  7.749022e+001
    endloop
  endfacet
  facet normal  0.000000e+000  0.000000e+000  1.000000e+000
    outer loop
      vertex -7.974285e-001 -1.425000e+002  7.749022e+001
      vertex  7.974108e-001  1.750000e+001  7.749022e+001
      vertex -7.974285e-001  1.750000e+001  7.749022e+001
    endloop
  endfacet
  facet normal -4.905788e-002  0.000000e+000  9.987960e-001
    outer loop
      vertex -7.974285e-001 -1.425000e+002  7.749022e+001
      vertex -7.974285e-001  1.750000e+001  7.749022e+001
      vertex -2.390348e+000 -1.425000e+002  7.741198e+001
    endloop
  endfacet
  facet normal -4.905788e-002  0.000000e+000  9.987960e-001
    outer loop
      vertex -2.390348e+000 -1.425000e+002  7.741198e+001
      vertex -7.974285e-001  1.750000e+001  7.749022e+001
      vertex -2.390348e+000  1.750000e+001  7.741198e+001
    endloop
  endfacet
  facet normal -9.799618e-002  0.000000e+000  9.951868e-001
    outer loop
      vertex -2.390348e+000 -1.425000e+002  7.741198e+001
      vertex -2.390348e+000  1.750000e+001  7.741198e+001
      vertex -3.977511e+000 -1.425000e+002  7.725569e+001
    endloop
  endfacet
  facet normal -9.799618e-002  0.000000e+000  9.951868e-001
    outer loop
      vertex -3.977511e+000 -1.425000e+002  7.725569e+001
      vertex -2.390348e+000  1.750000e+001  7.741198e+001
      vertex -3.977511e+000  1.750000e+001  7.725569e+001
    endloop
  endfacet
  facet normal -1.467000e-001  0.000000e+000  9.891810e-001
    outer loop
      vertex -3.977511e+000 -1.425000e+002  7.725569e+001
      vertex -3.977511e+000  1.750000e+001  7.725569e+001
      vertex -5.555096e+000 -1.425000e+002  7.702173e+001
    endloop
  endfacet
  facet normal -1.467000e-001  0.000000e+000  9.891810e-001
    outer loop
      vertex -5.555096e+000 -1.425000e+002  7.702173e+001
      vertex -3.977511e+000  1.750000e+001  7.725569e+001
      vertex -5.555096e+000  1.750000e+001  7.702173e+001
    endloop
  endfacet
  facet normal -1.950499e-001  0.000000e+000  9.807934e-001
    outer loop
      vertex -5.555096e+000 -1.425000e+002  7.702173e+001
      vertex -5.555096e+000  1.750000e+001  7.702173e+001
      vertex -7.119304e+000 -1.425000e+002  7.671066e+001
    endloop
  endfacet
  facet normal -1.950499e-001  0.000000e+000  9.807934e-001
    outer loop
      vertex -7.119304e+000 -1.425000e+002  7.671066e+001
      vertex -5.555096e+000  1.750000e+001  7.702173e+001
      vertex -7.119304e+000  1.750000e+001  7.671066e+001
    endloop
  endfacet
  facet normal -2.429310e-001  0.000000e+000  9.700435e-001
    outer loop
      vertex -7.119304e+000 -1.425000e+002  7.671066e+001
      vertex -7.119304e+000  1.750000e+001  7.671066e+001
      vertex -8.666368e+000 -1.425000e+002  7.632322e+001
    endloop
  endfacet
  facet normal -2.429310e-001  0.000000e+000  9.700435e-001
    outer loop
      vertex -8.666368e+000 -1.425000e+002  7.632322e+001
      vertex -7.119304e+000  1.750000e+001  7.671066e+001
      vertex -8.666368e+000  1.750000e+001  7.632322e+001
    endloop
  endfacet
  facet normal -2.902237e-001  0.000000e+000  9.569589e-001
    outer loop
      vertex -8.666368e+000 -1.425000e+002  7.632322e+001
      vertex -8.666368e+000  1.750000e+001  7.632322e+001
      vertex -1.019256e+001 -1.425000e+002  7.586036e+001
    endloop
  endfacet
  facet normal -2.902237e-001  0.000000e+000  9.569589e-001
    outer loop
      vertex -1.019256e+001 -1.425000e+002  7.586036e+001
      vertex -8.666368e+000  1.750000e+001  7.632322e+001
      vertex -1.019256e+001  1.750000e+001  7.586036e+001
    endloop
  endfacet
  facet normal -3.338082e-001  0.000000e+000  9.426410e-001
    outer loop
      vertex -1.019256e+001 -1.425000e+002  7.586036e+001
      vertex -1.019256e+001  1.750000e+001  7.586036e+001
      vertex -1.150000e+001 -1.425000e+002  7.539737e+001
    endloop
  endfacet
  facet normal -3.338082e-001  0.000000e+000  9.426410e-001
    outer loop
      vertex -1.150000e+001 -1.425000e+002  7.539737e+001
      vertex -1.019256e+001  1.750000e+001  7.586036e+001
      vertex -1.150000e+001  1.750000e+001  7.539737e+001
    endloop
  endfacet
  facet normal -3.541869e-001  0.000000e+000  9.351746e-001
    outer loop
      vertex -1.150000e+001 -1.425000e+002  7.539737e+001
      vertex -1.150000e+001  1.750000e+001  7.539737e+001
      vertex -1.152117e+001 -1.421156e+002  7.538935e+001
    endloop
  endfacet
  facet normal -3.541869e-001  0.000000e+000  9.351746e-001
    outer loop
      vertex -1.152117e+001 -1.421156e+002  7.538935e+001
      vertex -1.150000e+001  1.750000e+001  7.539737e+001
      vertex -1.152117e+001  1.711562e+001  7.538935e+001
    endloop
  endfacet
  facet normal -3.554690e-001  0.000000e+000  9.346881e-001
    outer loop
      vertex -1.152117e+001 -1.421156e+002  7.538935e+001
      vertex -1.152117e+001  1.711562e+001  7.538935e+001
      vertex -1.158428e+001 -1.417365e+002  7.536535e+001
    endloop
  endfacet
  facet normal -3.554690e-001  0.000000e+000  9.346881e-001
    outer loop
      vertex -1.158428e+001 -1.417365e+002  7.536535e+001
      vertex -1.152117e+001  1.711562e+001  7.538935e+001
      vertex -1.158428e+001  1.673653e+001  7.536535e+001
    endloop
  endfacet
  facet normal -3.580138e-001  0.000000e+000  9.337164e-001
    outer loop
      vertex -1.158428e+001 -1.417365e+002  7.536535e+001
      vertex -1.158428e+001  1.673653e+001  7.536535e+001
      vertex -1.168815e+001 -1.413679e+002  7.532552e+001
    endloop
  endfacet
  facet normal -3.580137e-001  0.000000e+000  9.337162e-001
    outer loop
      vertex -1.168815e+001 -1.413679e+002  7.532552e+001
      vertex -1.158428e+001  1.673653e+001  7.536535e+001
      vertex -1.168815e+001  1.636790e+001  7.532552e+001
    endloop
  endfacet
  facet normal -3.622382e-001  0.000000e+000  9.320855e-001
    outer loop
      vertex -1.168815e+001 -1.413679e+002  7.532552e+001
      vertex -1.168815e+001  1.636790e+001  7.532552e+001
      vertex -1.185496e+001 -1.409642e+002  7.526070e+001
    endloop
  endfacet
  facet normal -3.622382e-001  0.000000e+000  9.320856e-001
    outer loop
      vertex -1.185496e+001 -1.409642e+002  7.526070e+001
      vertex -1.168815e+001  1.636790e+001  7.532552e+001
      vertex -1.185496e+001  1.596419e+001  7.526070e+001
    endloop
  endfacet
  facet normal -3.680508e-001  0.000000e+000  9.298057e-001
    outer loop
      vertex -1.185496e+001 -1.409642e+002  7.526070e+001
      vertex -1.185496e+001  1.596419e+001  7.526070e+001
      vertex -1.206888e+001 -1.405873e+002  7.517602e+001
    endloop
  endfacet
  facet normal -3.680508e-001  0.000000e+000  9.298056e-001
    outer loop
      vertex -1.206888e+001 -1.405873e+002  7.517602e+001
      vertex -1.185496e+001  1.596419e+001  7.526070e+001
      vertex -1.206888e+001  1.558727e+001  7.517602e+001
    endloop
  endfacet
  facet normal -3.752983e-001  0.000000e+000  9.269041e-001
    outer loop
      vertex -1.206888e+001 -1.405873e+002  7.517602e+001
      vertex -1.206888e+001  1.558727e+001  7.517602e+001
      vertex -1.232507e+001 -1.402428e+002  7.507229e+001
    endloop
  endfacet
  facet normal -3.752983e-001  0.000000e+000  9.269041e-001
    outer loop
      vertex -1.232507e+001 -1.402428e+002  7.507229e+001
      vertex -1.206888e+001  1.558727e+001  7.517602e+001
      vertex -1.232507e+001  1.524285e+001  7.507229e+001
    endloop
  endfacet
  facet normal -3.837338e-001  0.000000e+000  9.234437e-001
    outer loop
      vertex -1.232507e+001 -1.402428e+002  7.507229e+001
      vertex -1.232507e+001  1.524285e+001  7.507229e+001
      vertex -1.261802e+001 -1.399356e+002  7.495055e+001
    endloop
  endfacet
  facet normal -3.837339e-001  0.000000e+000  9.234437e-001
    outer loop
      vertex -1.261802e+001 -1.399356e+002  7.495055e+001
      vertex -1.232507e+001  1.524285e+001  7.507229e+001
      vertex -1.261802e+001  1.493559e+001  7.495055e+001
    endloop
  endfacet
  facet normal -3.934941e-001  0.000000e+000  9.193271e-001
    outer loop
      vertex -1.261802e+001 -1.399356e+002  7.495055e+001
      vertex -1.261802e+001  1.493559e+001  7.495055e+001
      vertex -1.295826e+001 -1.396572e+002  7.480492e+001
    endloop
  endfacet
  facet normal -3.934941e-001  0.000000e+000  9.193271e-001
    outer loop
      vertex -1.295826e+001 -1.396572e+002  7.480492e+001
      vertex -1.261802e+001  1.493559e+001  7.495055e+001
      vertex -1.295826e+001  1.465724e+001  7.480492e+001
    endloop
  endfacet
  facet normal -4.043688e-001  0.000000e+000  9.145960e-001
    outer loop
      vertex -1.295826e+001 -1.396572e+002  7.480492e+001
      vertex -1.295826e+001  1.465724e+001  7.480492e+001
      vertex -1.332554e+001 -1.394265e+002  7.464254e+001
    endloop
  endfacet
  facet normal -4.043688e-001  0.000000e+000  9.145960e-001
    outer loop
      vertex -1.332554e+001 -1.394265e+002  7.464254e+001
      vertex -1.295826e+001  1.465724e+001  7.480492e+001
      vertex -1.332554e+001  1.442654e+001  7.464254e+001
    endloop
  endfacet
  facet normal -4.159937e-001  0.000000e+000  9.093674e-001
    outer loop
      vertex -1.332554e+001 -1.394265e+002  7.464254e+001
      vertex -1.332554e+001  1.442654e+001  7.464254e+001
      vertex -1.371308e+001 -1.392452e+002  7.446526e+001
    endloop
  endfacet
  facet normal -4.159938e-001  0.000000e+000  9.093676e-001
    outer loop
      vertex -1.371308e+001 -1.392452e+002  7.446526e+001
      vertex -1.332554e+001  1.442654e+001  7.464254e+001
      vertex -1.371308e+001  1.424518e+001  7.446526e+001
    endloop
  endfacet
  facet normal -4.281177e-001  0.000000e+000  9.037229e-001
    outer loop
      vertex -1.371308e+001 -1.392452e+002  7.446526e+001
      vertex -1.371308e+001  1.424518e+001  7.446526e+001
      vertex -1.411447e+001 -1.391139e+002  7.427511e+001
    endloop
  endfacet
  facet normal -4.281177e-001  0.000000e+000  9.037229e-001
    outer loop
      vertex -1.411447e+001 -1.391139e+002  7.427511e+001
      vertex -1.371308e+001  1.424518e+001  7.446526e+001
      vertex -1.411447e+001  1.411388e+001  7.427511e+001
    endloop
  endfacet
  facet normal -4.420456e-001  0.000000e+000  8.969925e-001
    outer loop
      vertex -1.411447e+001 -1.391139e+002  7.427511e+001
      vertex -1.411447e+001  1.411388e+001  7.427511e+001
      vertex -1.461720e+001 -1.390210e+002  7.402736e+001
    endloop
  endfacet
  facet normal -4.420455e-001  0.000000e+000  8.969926e-001
    outer loop
      vertex -1.461720e+001 -1.390210e+002  7.402736e+001
      vertex -1.411447e+001  1.411388e+001  7.427511e+001
      vertex -1.461720e+001  1.402100e+001  7.402736e+001
    endloop
  endfacet
  facet normal -4.575471e-001  0.000000e+000  8.891854e-001
    outer loop
      vertex -1.461720e+001 -1.390210e+002  7.402736e+001
      vertex -1.461720e+001  1.402100e+001  7.402736e+001
      vertex -1.512212e+001 -1.390021e+002  7.376754e+001
    endloop
  endfacet
  facet normal -4.575471e-001  0.000000e+000  8.891854e-001
    outer loop
      vertex -1.512212e+001 -1.390021e+002  7.376754e+001
      vertex -1.461720e+001  1.402100e+001  7.402736e+001
      vertex -1.512212e+001  1.400213e+001  7.376754e+001
    endloop
  endfacet
  facet normal -4.729807e-001  0.000000e+000  8.810727e-001
    outer loop
      vertex -1.512212e+001 -1.390021e+002  7.376754e+001
      vertex -1.512212e+001  1.400213e+001  7.376754e+001
      vertex -1.562050e+001 -1.390554e+002  7.350000e+001
    endloop
  endfacet
  facet normal -4.729807e-001  0.000000e+000  8.810728e-001
    outer loop
      vertex -1.562050e+001 -1.390554e+002  7.350000e+001
      vertex -1.512212e+001  1.400213e+001  7.376754e+001
      vertex -1.562050e+001  1.405544e+001  7.350000e+001
    endloop
  endfacet
  facet normal -5.031308e-001  0.000000e+000  8.642102e-001
    outer loop
      vertex -1.625093e+001 -1.411033e+002  7.314529e+001
      vertex -1.625093e+001  1.610329e+001  7.314529e+001
      vertex -1.645327e+001 -1.413152e+002  7.302749e+001
    endloop
  endfacet
  facet normal -5.031308e-001  0.000000e+000  8.642103e-001
    outer loop
      vertex -1.645327e+001 -1.413152e+002  7.302749e+001
      vertex -1.625093e+001  1.610329e+001  7.314529e+001
      vertex -1.645327e+001  1.631525e+001  7.302749e+001
    endloop
  endfacet
  facet normal -5.088767e-001  0.000000e+000  8.608395e-001
    outer loop
      vertex -1.645327e+001 -1.413152e+002  7.302749e+001
      vertex -1.645327e+001  1.631525e+001  7.302749e+001
      vertex -1.662329e+001 -1.415616e+002  7.292698e+001
    endloop
  endfacet
  facet normal -5.088767e-001  0.000000e+000  8.608394e-001
    outer loop
      vertex -1.662329e+001 -1.415616e+002  7.292698e+001
      vertex -1.645327e+001  1.631525e+001  7.302749e+001
      vertex -1.662329e+001  1.656163e+001  7.292698e+001
    endloop
  endfacet
  facet normal -5.134352e-001  0.000000e+000  8.581283e-001
    outer loop
      vertex -1.662329e+001 -1.415616e+002  7.292698e+001
      vertex -1.662329e+001  1.656163e+001  7.292698e+001
      vertex -1.674930e+001 -1.418250e+002  7.285159e+001
    endloop
  endfacet
  facet normal -5.134352e-001  0.000000e+000  8.581284e-001
    outer loop
      vertex -1.674930e+001 -1.418250e+002  7.285159e+001
      vertex -1.662329e+001  1.656163e+001  7.292698e+001
      vertex -1.674930e+001  1.682504e+001  7.285159e+001
    endloop
  endfacet
  facet normal -5.166781e-001  0.000000e+000  8.561797e-001
    outer loop
      vertex -1.674930e+001 -1.418250e+002  7.285159e+001
      vertex -1.674930e+001  1.682504e+001  7.285159e+001
      vertex -1.683397e+001 -1.421099e+002  7.280049e+001
    endloop
  endfacet
  facet normal -5.166781e-001  0.000000e+000  8.561797e-001
    outer loop
      vertex -1.683397e+001 -1.421099e+002  7.280049e+001
      vertex -1.674930e+001  1.682504e+001  7.285159e+001
      vertex -1.683397e+001  1.710989e+001  7.280049e+001
    endloop
  endfacet
  facet normal -5.184430e-001  0.000000e+000  8.551123e-001
    outer loop
      vertex -1.683397e+001 -1.421099e+002  7.280049e+001
      vertex -1.683397e+001  1.710989e+001  7.280049e+001
      vertex -1.686467e+001 -1.423035e+002  7.278188e+001
    endloop
  endfacet
  facet normal -5.184429e-001  0.000000e+000  8.551121e-001
    outer loop
      vertex -1.686467e+001 -1.423035e+002  7.278188e+001
      vertex -1.683397e+001  1.710989e+001  7.280049e+001
      vertex -1.686467e+001  1.730348e+001  7.278188e+001
    endloop
  endfacet
  facet normal -5.190852e-001  0.000000e+000  8.547224e-001
    outer loop
      vertex -1.686467e+001 -1.423035e+002  7.278188e+001
      vertex -1.686467e+001  1.730348e+001  7.278188e+001
      vertex -1.687500e+001 -1.425000e+002  7.277560e+001
    endloop
  endfacet
  facet normal -5.190852e-001  0.000000e+000  8.547224e-001
    outer loop
      vertex -1.687500e+001 -1.425000e+002  7.277560e+001
      vertex -1.686467e+001  1.730348e+001  7.278188e+001
      vertex -1.687500e+001  1.750000e+001  7.277560e+001
    endloop
  endfacet
  facet normal -5.270820e-001  0.000000e+000  8.498145e-001
    outer loop
      vertex -1.687500e+001 -1.425000e+002  7.277560e+001
      vertex -1.687500e+001  1.750000e+001  7.277560e+001
      vertex -1.738412e+001 -1.425000e+002  7.245983e+001
    endloop
  endfacet
  facet normal -5.270820e-001  0.000000e+000  8.498145e-001
    outer loop
      vertex -1.738412e+001 -1.425000e+002  7.245983e+001
      vertex -1.687500e+001  1.750000e+001  7.277560e+001
      vertex -1.738412e+001  1.750000e+001  7.245983e+001
    endloop
  endfacet
  facet normal -5.554661e-001  0.000000e+000  8.315392e-001
    outer loop
      vertex -1.738412e+001 -1.425000e+002  7.245983e+001
      vertex -1.738412e+001  1.750000e+001  7.245983e+001
      vertex -1.871029e+001 -1.425000e+002  7.157395e+001
    endloop
  endfacet
  facet normal -5.554661e-001  0.000000e+000  8.315392e-001
    outer loop
      vertex -1.871029e+001 -1.425000e+002  7.157395e+001
      vertex -1.738412e+001  1.750000e+001  7.245983e+001
      vertex -1.871029e+001  1.750000e+001  7.157395e+001
    endloop
  endfacet
  facet normal -5.955887e-001  0.000000e+000  8.032896e-001
    outer loop
      vertex -1.871029e+001 -1.425000e+002  7.157395e+001
      vertex -1.871029e+001  1.750000e+001  7.157395e+001
      vertex -1.999141e+001 -1.425000e+002  7.062408e+001
    endloop
  endfacet
  facet normal -5.955887e-001  0.000000e+000  8.032896e-001
    outer loop
      vertex -1.999141e+001 -1.425000e+002  7.062408e+001
      vertex -1.871029e+001  1.750000e+001  7.157395e+001
      vertex -1.999141e+001  1.750000e+001  7.062408e+001
    endloop
  endfacet
  facet normal -6.342828e-001  0.000000e+000  7.731012e-001
    outer loop
      vertex -1.999141e+001 -1.425000e+002  7.062408e+001
      vertex -1.999141e+001  1.750000e+001  7.062408e+001
      vertex -2.122438e+001 -1.425000e+002  6.961250e+001
    endloop
  endfacet
  facet normal -6.342828e-001  0.000000e+000  7.731012e-001
    outer loop
      vertex -2.122438e+001 -1.425000e+002  6.961250e+001
      vertex -1.999141e+001  1.750000e+001  7.062408e+001
      vertex -2.122438e+001  1.750000e+001  6.961250e+001
    endloop
  endfacet
  facet normal -6.714413e-001  0.000000e+000  7.410578e-001
    outer loop
      vertex -2.122438e+001 -1.425000e+002  6.961250e+001
      vertex -2.122438e+001  1.750000e+001  6.961250e+001
      vertex -2.240625e+001 -1.425000e+002  6.854166e+001
    endloop
  endfacet
  facet normal -6.714413e-001  0.000000e+000  7.410578e-001
    outer loop
      vertex -2.240625e+001 -1.425000e+002  6.854166e+001
      vertex -2.122438e+001  1.750000e+001  6.961250e+001
      vertex -2.240625e+001  1.750000e+001  6.854166e+001
    endloop
  endfacet
  facet normal -7.069884e-001  0.000000e+000  7.072252e-001
    outer loop
      vertex -2.240625e+001 -1.425000e+002  6.854166e+001
      vertex -2.240625e+001  1.750000e+001  6.854166e+001
      vertex -2.353416e+001 -1.425000e+002  6.741413e+001
    endloop
  endfacet
  facet normal -7.069884e-001  0.000000e+000  7.072252e-001
    outer loop
      vertex -2.353416e+001 -1.425000e+002  6.741413e+001
      vertex -2.240625e+001  1.750000e+001  6.854166e+001
      vertex -2.353416e+001  1.750000e+001  6.741413e+001
    endloop
  endfacet
  facet normal -7.408324e-001  0.000000e+000  6.716899e-001
    outer loop
      vertex -2.353416e+001 -1.425000e+002  6.741413e+001
      vertex -2.353416e+001  1.750000e+001  6.741413e+001
      vertex -2.460540e+001 -1.425000e+002  6.623262e+001
    endloop
  endfacet
  facet normal -7.408324e-001  0.000000e+000  6.716899e-001
    outer loop
      vertex -2.460540e+001 -1.425000e+002  6.623262e+001
      vertex -2.353416e+001  1.750000e+001  6.741413e+001
      vertex -2.460540e+001  1.750000e+001  6.623262e+001
    endloop
  endfacet
  facet normal  7.408321e-001 -9.201751e-004  6.716896e-001
    outer loop
      vertex  2.460539e+001  1.750000e+001  6.623264e+001
      vertex  2.450007e+001  2.135407e+001  6.635407e+001
      vertex  2.353415e+001  1.750000e+001  6.741415e+001
    endloop
  endfacet
  facet normal  7.395324e-001 -2.007228e-004  6.731209e-001
    outer loop
      vertex  2.353415e+001  1.750000e+001  6.741415e+001
      vertex  2.450007e+001  2.135407e+001  6.635407e+001
      vertex  2.356508e+001  2.238162e+001  6.738161e+001
    endloop
  endfacet
  facet normal  7.100776e-001  1.925386e-004  7.041234e-001
    outer loop
      vertex  2.353415e+001  1.750000e+001  6.741415e+001
      vertex  2.356508e+001  2.238162e+001  6.738161e+001
      vertex  2.257278e+001  2.338203e+001  6.838203e+001
    endloop
  endfacet
  facet normal  6.003621e-001 -1.529972e-003  7.997268e-001
    outer loop
      vertex  1.923653e+001  2.619553e+001  7.119553e+001
      vertex  1.871028e+001  1.750000e+001  7.157396e+001
      vertex  1.983238e+001  2.574737e+001  7.074737e+001
    endloop
  endfacet
  facet normal  5.955881e-001 -5.233285e-004  8.032899e-001
    outer loop
      vertex  1.983238e+001  2.574737e+001  7.074737e+001
      vertex  1.871028e+001  1.750000e+001  7.157396e+001
      vertex  1.999140e+001  1.750000e+001  7.062409e+001
    endloop
  endfacet
  facet normal  6.193010e-001  2.049768e-004  7.851535e-001
    outer loop
      vertex  1.983238e+001  2.574737e+001  7.074737e+001
      vertex  1.999140e+001  1.750000e+001  7.062409e+001
      vertex  2.041316e+001  2.528938e+001  7.028938e+001
    endloop
  endfacet
  facet normal  5.554661e-001 -2.364523e-004  8.315392e-001
    outer loop
      vertex  1.871028e+001  1.750000e+001  7.157396e+001
      vertex  1.863399e+001  2.662752e+001  7.162752e+001
      vertex  1.738411e+001  1.750000e+001  7.245984e+001
    endloop
  endfacet
  facet normal  5.630784e-001 -1.747319e-003  8.264016e-001
    outer loop
      vertex  1.738411e+001  1.750000e+001  7.245984e+001
      vertex  1.863399e+001  2.662752e+001  7.162752e+001
      vertex  1.801674e+001  2.704897e+001  7.204897e+001
    endloop
  endfacet
  facet normal  5.270835e-001  1.644691e-003  8.498120e-001
    outer loop
      vertex  1.738411e+001  1.750000e+001  7.245984e+001
      vertex  1.801674e+001  2.704897e+001  7.204897e+001
      vertex  1.687500e+001  1.750000e+001  7.277560e+001
    endloop
  endfacet
  facet normal  5.381441e-001 -2.073572e-004  8.428528e-001
    outer loop
      vertex  1.687500e+001  1.750000e+001  7.277560e+001
      vertex  1.801674e+001  2.704897e+001  7.204897e+001
      vertex  1.696235e+001  2.772235e+001  7.272235e+001
    endloop
  endfacet
  facet normal  5.192924e-001  1.489994e-005  8.545967e-001
    outer loop
      vertex  1.687500e+001  1.750000e+001  7.277560e+001
      vertex  1.696235e+001  2.772235e+001  7.272235e+001
      vertex  1.686467e+001  1.769652e+001  7.278188e+001
    endloop
  endfacet
  facet normal  2.902282e-001 -3.632485e-004  9.569573e-001
    outer loop
      vertex  1.019255e+001  1.750000e+001  7.586036e+001
      vertex  9.971432e+000  3.093252e+001  7.593252e+001
      vertex  8.666351e+000  1.750000e+001  7.632323e+001
    endloop
  endfacet
  facet normal  2.889862e-001 -2.316449e-004  9.573333e-001
    outer loop
      vertex  8.666351e+000  1.750000e+001  7.632323e+001
      vertex  9.971432e+000  3.093252e+001  7.593252e+001
      vertex  8.813525e+000  3.128213e+001  7.628214e+001
    endloop
  endfacet
  facet normal  2.531053e-001  1.816423e-004  9.674387e-001
    outer loop
      vertex  8.666351e+000  1.750000e+001  7.632323e+001
      vertex  8.813525e+000  3.128213e+001  7.628214e+001
      vertex  7.632694e+000  3.159101e+001  7.659101e+001
    endloop
  endfacet
  facet normal  1.467000e-001 -4.578562e-004  9.891810e-001
    outer loop
      vertex  5.555079e+000  1.750000e+001  7.702173e+001
      vertex  5.212075e+000  3.207934e+001  7.707935e+001
      vertex  3.977493e+000  1.750000e+001  7.725569e+001
    endloop
  endfacet
  facet normal  1.414097e-001 -5.548787e-007  9.899511e-001
    outer loop
      vertex  3.977493e+000  1.750000e+001  7.725569e+001
      vertex  5.212075e+000  3.207934e+001  7.707935e+001
      vertex  3.977978e+000  3.225563e+001  7.725563e+001
    endloop
  endfacet
  facet normal  9.799616e-002  8.942638e-007  9.951868e-001
    outer loop
      vertex  3.977493e+000  1.750000e+001  7.725569e+001
      vertex  3.977978e+000  3.225563e+001  7.725563e+001
      vertex  2.390330e+000  1.750000e+001  7.741198e+001
    endloop
  endfacet
  facet normal  1.037631e-001 -6.258006e-004  9.946018e-001
    outer loop
      vertex  2.390330e+000  1.750000e+001  7.741198e+001
      vertex  3.977978e+000  3.225563e+001  7.725563e+001
      vertex  2.769605e+000  3.238177e+001  7.738177e+001
    endloop
  endfacet
  facet normal  6.654494e-002  3.291933e-004  9.977833e-001
    outer loop
      vertex  2.390330e+000  1.750000e+001  7.741198e+001
      vertex  2.769605e+000  3.238177e+001  7.738177e+001
      vertex  1.553631e+000  3.246284e+001  7.746284e+001
    endloop
  endfacet
  facet normal -4.905788e-002 -1.389796e-004  9.987959e-001
    outer loop
      vertex -7.974285e-001  1.750000e+001  7.749022e+001
      vertex -8.877307e-001  3.248787e+001  7.748787e+001
      vertex -2.390348e+000  1.750000e+001  7.741198e+001
    endloop
  endfacet
  facet normal -4.605117e-002 -4.411434e-004  9.989390e-001
    outer loop
      vertex -2.390348e+000  1.750000e+001  7.741198e+001
      vertex -8.877307e-001  3.248787e+001  7.748787e+001
      vertex -2.106404e+000  3.243167e+001  7.743166e+001
    endloop
  endfacet
  facet normal -8.350438e-002  2.742808e-004  9.965073e-001
    outer loop
      vertex -2.390348e+000  1.750000e+001  7.741198e+001
      vertex -2.106404e+000  3.243167e+001  7.743166e+001
      vertex -3.319289e+000  3.233005e+001  7.733006e+001
    endloop
  endfacet
  facet normal -1.950499e-001 -3.575853e-004  9.807932e-001
    outer loop
      vertex -5.555096e+000  1.750000e+001  7.702173e+001
      vertex -5.801501e+000  3.197800e+001  7.697800e+001
      vertex -7.119304e+000  1.750000e+001  7.671066e+001
    endloop
  endfacet
  facet normal -1.979299e-001 -8.478393e-005  9.802163e-001
    outer loop
      vertex -7.119304e+000  1.750000e+001  7.671066e+001
      vertex -5.801501e+000  3.197800e+001  7.697800e+001
      vertex -7.062185e+000  3.172342e+001  7.672342e+001
    endloop
  endfacet
  facet normal -2.364304e-001  7.751615e-005  9.716485e-001
    outer loop
      vertex -7.119304e+000  1.750000e+001  7.671066e+001
      vertex -7.062185e+000  3.172342e+001  7.672342e+001
      vertex -8.301935e+000  3.142177e+001  7.642178e+001
    endloop
  endfacet
  facet normal -6.381211e-001 -5.400861e-004  7.699358e-001
    outer loop
      vertex -2.103482e+001  2.477471e+001  6.977472e+001
      vertex -2.122438e+001  1.750000e+001  6.961250e+001
      vertex -2.045759e+001  2.525345e+001  7.025346e+001
    endloop
  endfacet
  facet normal -6.342824e-001 -1.181363e-003  7.731006e-001
    outer loop
      vertex -2.045759e+001  2.525345e+001  7.025346e+001
      vertex -2.122438e+001  1.750000e+001  6.961250e+001
      vertex -1.999141e+001  1.750000e+001  7.062408e+001
    endloop
  endfacet
  facet normal -6.159018e-001  6.275217e-004  7.878227e-001
    outer loop
      vertex -2.045759e+001  2.525345e+001  7.025346e+001
      vertex -1.999141e+001  1.750000e+001  7.062408e+001
      vertex -1.955008e+001  2.596236e+001  7.096236e+001
    endloop
  endfacet
  facet normal -6.726907e-001 -9.600355e-004  7.399231e-001
    outer loop
      vertex -2.215667e+001  2.377671e+001  6.877671e+001
      vertex -2.240625e+001  1.750000e+001  6.854166e+001
      vertex -2.159637e+001  2.428676e+001  6.928676e+001
    endloop
  endfacet
  facet normal -6.714408e-001 -1.233688e-003  7.410571e-001
    outer loop
      vertex -2.159637e+001  2.428676e+001  6.928676e+001
      vertex -2.240625e+001  1.750000e+001  6.854166e+001
      vertex -2.122438e+001  1.750000e+001  6.961250e+001
    endloop
  endfacet
  facet normal -6.560436e-001  2.661685e-004  7.547230e-001
    outer loop
      vertex -2.159637e+001  2.428676e+001  6.928676e+001
      vertex -2.122438e+001  1.750000e+001  6.961250e+001
      vertex -2.103482e+001  2.477471e+001  6.977472e+001
    endloop
  endfacet
  facet normal -5.910439e-001  8.066362e-001 -2.292566e-003
    outer loop
      vertex  1.605308e+001 -1.440513e+002  6.974972e+001
      vertex  1.595145e+001 -1.441157e+002  7.331609e+001
      vertex  1.625093e+001 -1.438967e+002  7.314529e+001
    endloop
  endfacet
  facet normal -4.936934e-001  8.696346e-001  1.617987e-003
    outer loop
      vertex  1.595145e+001 -1.441157e+002  7.331609e+001
      vertex  1.605308e+001 -1.440513e+002  6.974972e+001
      vertex  1.579538e+001 -1.441979e+002  6.991498e+001
    endloop
  endfacet
  facet normal -2.021306e-001  9.793583e-001  7.859514e-004
    outer loop
      vertex  1.523616e+001 -1.443601e+002  7.026083e+001
      vertex  1.527367e+001 -1.443549e+002  7.350000e+001
      vertex  1.552130e+001 -1.443011e+002  7.008663e+001
    endloop
  endfacet
  facet normal  3.245476e-001  9.458649e-001 -2.925272e-003
    outer loop
      vertex  1.434890e+001 -1.442583e+002  7.077516e+001
      vertex  1.422529e+001 -1.442075e+002  7.350000e+001
      vertex  1.456317e+001 -1.443234e+002  7.350000e+001
    endloop
  endfacet
  facet normal  4.245034e-001  9.054233e-001  2.363929e-003
    outer loop
      vertex  1.422529e+001 -1.442075e+002  7.350000e+001
      vertex  1.434890e+001 -1.442583e+002  7.077516e+001
      vertex  1.406857e+001 -1.441273e+002  7.092924e+001
    endloop
  endfacet
  facet normal  4.980521e-001  8.671408e-001 -3.313578e-003
    outer loop
      vertex  1.406857e+001 -1.441273e+002  7.092924e+001
      vertex  1.391552e+001 -1.440296e+002  7.350000e+001
      vertex  1.422529e+001 -1.442075e+002  7.350000e+001
    endloop
  endfacet
  facet normal  5.724746e-001  8.199173e-001  2.912603e-003
    outer loop
      vertex  1.379697e+001 -1.439382e+002  7.107477e+001
      vertex  1.391552e+001 -1.440296e+002  7.350000e+001
      vertex  1.406857e+001 -1.441273e+002  7.092924e+001
    endloop
  endfacet
  facet normal  6.534802e-001  7.569360e-001 -3.420147e-003
    outer loop
      vertex  1.364512e+001 -1.437961e+002  7.350000e+001
      vertex  1.391552e+001 -1.440296e+002  7.350000e+001
      vertex  1.379697e+001 -1.439382e+002  7.107477e+001
    endloop
  endfacet
  facet normal  7.091601e-001  7.050405e-001  3.106074e-003
    outer loop
      vertex  1.355760e+001 -1.436980e+002  7.120003e+001
      vertex  1.364512e+001 -1.437961e+002  7.350000e+001
      vertex  1.379697e+001 -1.439382e+002  7.107477e+001
    endloop
  endfacet
  facet normal  7.851534e-001  6.192918e-001 -3.445170e-003
    outer loop
      vertex  1.342389e+001 -1.435156e+002  7.350000e+001
      vertex  1.364512e+001 -1.437961e+002  7.350000e+001
      vertex  1.355760e+001 -1.436980e+002  7.120003e+001
    endloop
  endfacet
  facet normal  8.256364e-001  5.641932e-001  3.275790e-003
    outer loop
      vertex  1.336149e+001 -1.434115e+002  7.130058e+001
      vertex  1.342389e+001 -1.435156e+002  7.350000e+001
      vertex  1.355760e+001 -1.436980e+002  7.120003e+001
    endloop
  endfacet
  facet normal  8.883651e-001  4.591244e-001 -3.476842e-003
    outer loop
      vertex  1.325988e+001 -1.431983e+002  7.350000e+001
      vertex  1.342389e+001 -1.435156e+002  7.350000e+001
      vertex  1.336149e+001 -1.434115e+002  7.130058e+001
    endloop
  endfacet
  facet normal  9.116451e-001  4.109724e-001  2.267484e-003
    outer loop
      vertex  1.323254e+001 -1.431259e+002  7.136570e+001
      vertex  1.325988e+001 -1.431983e+002  7.350000e+001
      vertex  1.336149e+001 -1.434115e+002  7.130058e+001
    endloop
  endfacet
  facet normal  9.593141e-001  2.823282e-001 -2.709155e-003
    outer loop
      vertex  1.315903e+001 -1.428556e+002  7.350000e+001
      vertex  1.325988e+001 -1.431983e+002  7.350000e+001
      vertex  1.323254e+001 -1.431259e+002  7.136570e+001
    endloop
  endfacet
  facet normal -4.223402e-001  9.064339e-001 -2.546536e-003
    outer loop
      vertex  1.562050e+001 -1.442693e+002  7.350000e+001
      vertex  1.595145e+001 -1.441157e+002  7.331609e+001
      vertex  1.579538e+001 -1.441979e+002  6.991498e+001
    endloop
  endfacet
  facet normal -3.513587e-001  9.362397e-001  1.509703e-003
    outer loop
      vertex  1.562050e+001 -1.442693e+002  7.350000e+001
      vertex  1.579538e+001 -1.441979e+002  6.991498e+001
      vertex  1.552130e+001 -1.443011e+002  7.008663e+001
    endloop
  endfacet
  facet normal -2.395414e-001  9.708840e-001 -2.061810e-003
    outer loop
      vertex  1.562050e+001 -1.442693e+002  7.350000e+001
      vertex  1.552130e+001 -1.443011e+002  7.008663e+001
      vertex  1.527367e+001 -1.443549e+002  7.350000e+001
    endloop
  endfacet
  facet normal -6.260678e-001  7.797679e-001  9.715748e-004
    outer loop
      vertex  1.605308e+001 -1.440513e+002  6.974972e+001
      vertex  1.625093e+001 -1.438967e+002  7.314529e+001
      vertex  1.628856e+001 -1.438621e+002  6.959538e+001
    endloop
  endfacet
  facet normal -7.235945e-001  6.902246e-001 -9.359924e-004
    outer loop
      vertex  1.628856e+001 -1.438621e+002  6.959538e+001
      vertex  1.625093e+001 -1.438967e+002  7.314529e+001
      vertex  1.645327e+001 -1.436848e+002  7.302749e+001
    endloop
  endfacet
  facet normal -7.398845e-001  6.727335e-001  7.494455e-004
    outer loop
      vertex  1.628856e+001 -1.438621e+002  6.959538e+001
      vertex  1.645327e+001 -1.436848e+002  7.302749e+001
      vertex  1.647889e+001 -1.436526e+002  6.946827e+001
    endloop
  endfacet
  facet normal -8.231977e-001  5.677542e-001 -7.986995e-004
    outer loop
      vertex  1.647889e+001 -1.436526e+002  6.946827e+001
      vertex  1.645327e+001 -1.436848e+002  7.302749e+001
      vertex  1.662329e+001 -1.434384e+002  7.292698e+001
    endloop
  endfacet
  facet normal -8.338645e-001  5.519691e-001  6.243738e-004
    outer loop
      vertex  1.647889e+001 -1.436526e+002  6.946827e+001
      vertex  1.662329e+001 -1.434384e+002  7.292698e+001
      vertex  1.663920e+001 -1.434103e+002  6.935954e+001
    endloop
  endfacet
  facet normal -9.021653e-001  4.313901e-001 -6.285635e-004
    outer loop
      vertex  1.663920e+001 -1.434103e+002  6.935954e+001
      vertex  1.662329e+001 -1.434384e+002  7.292698e+001
      vertex  1.674930e+001 -1.431750e+002  7.285159e+001
    endloop
  endfacet
  facet normal -9.081712e-001  4.185987e-001  4.229013e-004
    outer loop
      vertex  1.663920e+001 -1.434103e+002  6.935954e+001
      vertex  1.674930e+001 -1.431750e+002  7.285159e+001
      vertex  1.675701e+001 -1.431546e+002  6.927864e+001
    endloop
  endfacet
  facet normal -9.585748e-001  2.848400e-001 -4.473417e-004
    outer loop
      vertex  1.675701e+001 -1.431546e+002  6.927864e+001
      vertex  1.674930e+001 -1.431750e+002  7.285159e+001
      vertex  1.683397e+001 -1.428901e+002  7.280049e+001
    endloop
  endfacet
  facet normal -9.610773e-001  2.762793e-001  2.503003e-004
    outer loop
      vertex  1.675701e+001 -1.431546e+002  6.927864e+001
      vertex  1.683397e+001 -1.428901e+002  7.280049e+001
      vertex  1.683647e+001 -1.428782e+002  6.922361e+001
    endloop
  endfacet
  facet normal -9.876568e-001  1.566334e-001 -1.674021e-004
    outer loop
      vertex  1.683647e+001 -1.428782e+002  6.922361e+001
      vertex  1.683397e+001 -1.428901e+002  7.280049e+001
      vertex  1.686467e+001 -1.426965e+002  7.278188e+001
    endloop
  endfacet
  facet normal -9.884033e-001  1.518521e-001  8.260732e-005
    outer loop
      vertex  1.683647e+001 -1.428782e+002  6.922361e+001
      vertex  1.686467e+001 -1.426965e+002  7.278188e+001
      vertex  1.686529e+001 -1.426905e+002  6.920355e+001
    endloop
  endfacet
  facet normal -9.986225e-001  5.247167e-002 -8.528517e-005
    outer loop
      vertex  1.686529e+001 -1.426905e+002  6.920355e+001
      vertex  1.686467e+001 -1.426965e+002  7.278188e+001
      vertex  1.687500e+001 -1.425000e+002  7.277560e+001
    endloop
  endfacet
  facet normal -9.987050e-001  5.087701e-002  0.000000e+000
    outer loop
      vertex  1.686529e+001 -1.426905e+002  6.920355e+001
      vertex  1.687500e+001 -1.425000e+002  7.277560e+001
      vertex  1.687500e+001 -1.425000e+002  6.919678e+001
    endloop
  endfacet
  facet normal  2.709850e-001  9.625821e-001  1.686045e-003
    outer loop
      vertex  1.434890e+001 -1.442583e+002  7.077516e+001
      vertex  1.456317e+001 -1.443234e+002  7.350000e+001
      vertex  1.464148e+001 -1.443404e+002  7.061010e+001
    endloop
  endfacet
  facet normal  1.392507e-001  9.902551e-001 -2.046164e-003
    outer loop
      vertex  1.464148e+001 -1.443404e+002  7.061010e+001
      vertex  1.456317e+001 -1.443234e+002  7.350000e+001
      vertex  1.491691e+001 -1.443732e+002  7.350000e+001
    endloop
  endfacet
  facet normal  1.124708e-001  9.936549e-001  5.447658e-004
    outer loop
      vertex  1.464148e+001 -1.443404e+002  7.061010e+001
      vertex  1.491691e+001 -1.443732e+002  7.350000e+001
      vertex  1.493930e+001 -1.443740e+002  7.043752e+001
    endloop
  endfacet
  facet normal -5.104447e-002  9.986962e-001 -6.517250e-004
    outer loop
      vertex  1.493930e+001 -1.443740e+002  7.043752e+001
      vertex  1.491691e+001 -1.443732e+002  7.350000e+001
      vertex  1.527367e+001 -1.443549e+002  7.350000e+001
    endloop
  endfacet
  facet normal -4.754246e-002  9.988687e-001 -1.035166e-003
    outer loop
      vertex  1.493930e+001 -1.443740e+002  7.043752e+001
      vertex  1.527367e+001 -1.443549e+002  7.350000e+001
      vertex  1.523616e+001 -1.443601e+002  7.026083e+001
    endloop
  endfacet
  facet normal  9.675702e-001  2.525989e-001  1.339571e-003
    outer loop
      vertex  1.323254e+001 -1.431259e+002  7.136570e+001
      vertex  1.315227e+001 -1.428186e+002  7.140583e+001
      vertex  1.315903e+001 -1.428556e+002  7.350000e+001
    endloop
  endfacet
  facet normal  9.963492e-001  8.535536e-002 -1.707145e-003
    outer loop
      vertex  1.315903e+001 -1.428556e+002  7.350000e+001
      vertex  1.315227e+001 -1.428186e+002  7.140583e+001
      vertex  1.312500e+001 -1.425000e+002  7.141940e+001
    endloop
  endfacet
  facet normal  9.954527e-001  9.525784e-002  -0.000000e+000
    outer loop
      vertex  1.315903e+001 -1.428556e+002  7.350000e+001
      vertex  1.312500e+001 -1.425000e+002  7.141940e+001
      vertex  1.312500e+001 -1.425000e+002  7.350000e+001
    endloop
  endfacet
  facet normal  9.593141e-001 -2.823282e-001 -2.709155e-003
    outer loop
      vertex  1.323254e+001 -1.418741e+002  7.136570e+001
      vertex  1.325988e+001 -1.418017e+002  7.350000e+001
      vertex  1.315903e+001 -1.421444e+002  7.350000e+001
    endloop
  endfacet
  facet normal  9.116451e-001 -4.109724e-001  2.267484e-003
    outer loop
      vertex  1.325988e+001 -1.418017e+002  7.350000e+001
      vertex  1.323254e+001 -1.418741e+002  7.136570e+001
      vertex  1.336149e+001 -1.415885e+002  7.130058e+001
    endloop
  endfacet
  facet normal  8.883651e-001 -4.591244e-001 -3.476842e-003
    outer loop
      vertex  1.336149e+001 -1.415885e+002  7.130058e+001
      vertex  1.342389e+001 -1.414844e+002  7.350000e+001
      vertex  1.325988e+001 -1.418017e+002  7.350000e+001
    endloop
  endfacet
  facet normal  8.256364e-001 -5.641931e-001  3.275790e-003
    outer loop
      vertex  1.342389e+001 -1.414844e+002  7.350000e+001
      vertex  1.336149e+001 -1.415885e+002  7.130058e+001
      vertex  1.355760e+001 -1.413020e+002  7.120003e+001
    endloop
  endfacet
  facet normal  7.851534e-001 -6.192918e-001 -3.445170e-003
    outer loop
      vertex  1.355760e+001 -1.413020e+002  7.120003e+001
      vertex  1.364512e+001 -1.412039e+002  7.350000e+001
      vertex  1.342389e+001 -1.414844e+002  7.350000e+001
    endloop
  endfacet
  facet normal  7.091601e-001 -7.050405e-001  3.106074e-003
    outer loop
      vertex  1.364512e+001 -1.412039e+002  7.350000e+001
      vertex  1.355760e+001 -1.413020e+002  7.120003e+001
      vertex  1.379697e+001 -1.410618e+002  7.107477e+001
    endloop
  endfacet
  facet normal  6.534802e-001 -7.569360e-001 -3.420147e-003
    outer loop
      vertex  1.379697e+001 -1.410618e+002  7.107477e+001
      vertex  1.391552e+001 -1.409704e+002  7.350000e+001
      vertex  1.364512e+001 -1.412039e+002  7.350000e+001
    endloop
  endfacet
  facet normal  5.724746e-001 -8.199173e-001  2.912603e-003
    outer loop
      vertex  1.391552e+001 -1.409704e+002  7.350000e+001
      vertex  1.379697e+001 -1.410618e+002  7.107477e+001
      vertex  1.406857e+001 -1.408727e+002  7.092924e+001
    endloop
  endfacet
  facet normal  4.980521e-001 -8.671408e-001 -3.313578e-003
    outer loop
      vertex  1.406857e+001 -1.408727e+002  7.092924e+001
      vertex  1.422529e+001 -1.407925e+002  7.350000e+001
      vertex  1.391552e+001 -1.409704e+002  7.350000e+001
    endloop
  endfacet
  facet normal  4.245035e-001 -9.054233e-001  2.363929e-003
    outer loop
      vertex  1.434890e+001 -1.407417e+002  7.077516e+001
      vertex  1.422529e+001 -1.407925e+002  7.350000e+001
      vertex  1.406857e+001 -1.408727e+002  7.092924e+001
    endloop
  endfacet
  facet normal  3.245476e-001 -9.458649e-001 -2.925272e-003
    outer loop
      vertex  1.456317e+001 -1.406766e+002  7.350000e+001
      vertex  1.422529e+001 -1.407925e+002  7.350000e+001
      vertex  1.434890e+001 -1.407417e+002  7.077516e+001
    endloop
  endfacet
  facet normal  2.709850e-001 -9.625821e-001  1.686045e-003
    outer loop
      vertex  1.464148e+001 -1.406596e+002  7.061010e+001
      vertex  1.456317e+001 -1.406766e+002  7.350000e+001
      vertex  1.434890e+001 -1.407417e+002  7.077516e+001
    endloop
  endfacet
  facet normal -4.936934e-001 -8.696346e-001  1.617987e-003
    outer loop
      vertex  1.605308e+001 -1.409487e+002  6.974972e+001
      vertex  1.595145e+001 -1.408843e+002  7.331609e+001
      vertex  1.579538e+001 -1.408021e+002  6.991498e+001
    endloop
  endfacet
  facet normal -5.910439e-001 -8.066362e-001 -2.292566e-003
    outer loop
      vertex  1.625093e+001 -1.411033e+002  7.314529e+001
      vertex  1.595145e+001 -1.408843e+002  7.331609e+001
      vertex  1.605308e+001 -1.409487e+002  6.974972e+001
    endloop
  endfacet
  facet normal -2.395415e-001 -9.708840e-001 -2.061811e-003
    outer loop
      vertex  1.562050e+001 -1.407307e+002  7.350000e+001
      vertex  1.527367e+001 -1.406451e+002  7.350000e+001
      vertex  1.552130e+001 -1.406989e+002  7.008663e+001
    endloop
  endfacet
  facet normal -3.513587e-001 -9.362397e-001  1.509703e-003
    outer loop
      vertex  1.562050e+001 -1.407307e+002  7.350000e+001
      vertex  1.552130e+001 -1.406989e+002  7.008663e+001
      vertex  1.579538e+001 -1.408021e+002  6.991498e+001
    endloop
  endfacet
  facet normal -4.223401e-001 -9.064338e-001 -2.546537e-003
    outer loop
      vertex  1.562050e+001 -1.407307e+002  7.350000e+001
      vertex  1.579538e+001 -1.408021e+002  6.991498e+001
      vertex  1.595145e+001 -1.408843e+002  7.331609e+001
    endloop
  endfacet
  facet normal  9.675702e-001 -2.525989e-001  1.339571e-003
    outer loop
      vertex  1.323254e+001 -1.418741e+002  7.136570e+001
      vertex  1.315903e+001 -1.421444e+002  7.350000e+001
      vertex  1.315227e+001 -1.421814e+002  7.140583e+001
    endloop
  endfacet
  facet normal  9.954515e-001 -9.525772e-002 -1.529352e-003
    outer loop
      vertex  1.315227e+001 -1.421814e+002  7.140583e+001
      vertex  1.315903e+001 -1.421444e+002  7.350000e+001
      vertex  1.312500e+001 -1.425000e+002  7.350000e+001
    endloop
  endfacet
  facet normal  9.963568e-001 -8.528331e-002  0.000000e+000
    outer loop
      vertex  1.315227e+001 -1.421814e+002  7.140583e+001
      vertex  1.312500e+001 -1.425000e+002  7.350000e+001
      vertex  1.312500e+001 -1.425000e+002  7.141940e+001
    endloop
  endfacet
  facet normal -2.021306e-001 -9.793583e-001  7.859514e-004
    outer loop
      vertex  1.552130e+001 -1.406989e+002  7.008663e+001
      vertex  1.527367e+001 -1.406451e+002  7.350000e+001
      vertex  1.523616e+001 -1.406399e+002  7.026083e+001
    endloop
  endfacet
  facet normal -5.104446e-002 -9.986960e-001 -9.943378e-004
    outer loop
      vertex  1.523616e+001 -1.406399e+002  7.026083e+001
      vertex  1.527367e+001 -1.406451e+002  7.350000e+001
      vertex  1.491691e+001 -1.406268e+002  7.350000e+001
    endloop
  endfacet
  facet normal -4.729852e-002 -9.988806e-001 -6.243985e-004
    outer loop
      vertex  1.523616e+001 -1.406399e+002  7.026083e+001
      vertex  1.491691e+001 -1.406268e+002  7.350000e+001
      vertex  1.493930e+001 -1.406260e+002  7.043752e+001
    endloop
  endfacet
  facet normal  1.392509e-001 -9.902568e-001  7.414424e-004
    outer loop
      vertex  1.493930e+001 -1.406260e+002  7.043752e+001
      vertex  1.491691e+001 -1.406268e+002  7.350000e+001
      vertex  1.456317e+001 -1.406766e+002  7.350000e+001
    endloop
  endfacet
  facet normal  1.105302e-001 -9.938687e-001 -2.845633e-003
    outer loop
      vertex  1.493930e+001 -1.406260e+002  7.043752e+001
      vertex  1.456317e+001 -1.406766e+002  7.350000e+001
      vertex  1.464148e+001 -1.406596e+002  7.061010e+001
    endloop
  endfacet
  facet normal -6.260678e-001 -7.797679e-001  9.715753e-004
    outer loop
      vertex  1.605308e+001 -1.409487e+002  6.974972e+001
      vertex  1.628856e+001 -1.411379e+002  6.959538e+001
      vertex  1.625093e+001 -1.411033e+002  7.314529e+001
    endloop
  endfacet
  facet normal -7.405007e-001 -6.720544e-001 -1.292505e-003
    outer loop
      vertex  1.625093e+001 -1.411033e+002  7.314529e+001
      vertex  1.628856e+001 -1.411379e+002  6.959538e+001
      vertex  1.647889e+001 -1.413474e+002  6.946827e+001
    endloop
  endfacet
  facet normal -7.230477e-001 -6.907973e-001  1.033844e-003
    outer loop
      vertex  1.625093e+001 -1.411033e+002  7.314529e+001
      vertex  1.647889e+001 -1.413474e+002  6.946827e+001
      vertex  1.645327e+001 -1.413152e+002  7.302749e+001
    endloop
  endfacet
  facet normal -8.342048e-001 -5.514539e-001 -1.025193e-003
    outer loop
      vertex  1.645327e+001 -1.413152e+002  7.302749e+001
      vertex  1.647889e+001 -1.413474e+002  6.946827e+001
      vertex  1.663920e+001 -1.415897e+002  6.935954e+001
    endloop
  endfacet
  facet normal -8.228926e-001 -5.681962e-001  8.009269e-004
    outer loop
      vertex  1.645327e+001 -1.413152e+002  7.302749e+001
      vertex  1.663920e+001 -1.415897e+002  6.935954e+001
      vertex  1.662329e+001 -1.415616e+002  7.292698e+001
    endloop
  endfacet
  facet normal -9.083132e-001 -4.182902e-001 -7.590125e-004
    outer loop
      vertex  1.662329e+001 -1.415616e+002  7.292698e+001
      vertex  1.663920e+001 -1.415897e+002  6.935954e+001
      vertex  1.675701e+001 -1.418454e+002  6.927864e+001
    endloop
  endfacet
  facet normal -9.020385e-001 -4.316555e-001  5.104666e-004
    outer loop
      vertex  1.662329e+001 -1.415616e+002  7.292698e+001
      vertex  1.675701e+001 -1.418454e+002  6.927864e+001
      vertex  1.674930e+001 -1.418250e+002  7.285159e+001
    endloop
  endfacet
  facet normal -9.611171e-001 -2.761409e-001 -5.023509e-004
    outer loop
      vertex  1.674930e+001 -1.418250e+002  7.285159e+001
      vertex  1.675701e+001 -1.418454e+002  6.927864e+001
      vertex  1.683647e+001 -1.421218e+002  6.922361e+001
    endloop
  endfacet
  facet normal -9.585392e-001 -2.849602e-001  2.810322e-004
    outer loop
      vertex  1.674930e+001 -1.418250e+002  7.285159e+001
      vertex  1.683647e+001 -1.421218e+002  6.922361e+001
      vertex  1.683397e+001 -1.421099e+002  7.280049e+001
    endloop
  endfacet
  facet normal -9.884074e-001 -1.518243e-001 -1.839695e-004
    outer loop
      vertex  1.683397e+001 -1.421099e+002  7.280049e+001
      vertex  1.683647e+001 -1.421218e+002  6.922361e+001
      vertex  1.686529e+001 -1.423095e+002  6.920355e+001
    endloop
  endfacet
  facet normal -9.876530e-001 -1.566576e-001  9.077005e-005
    outer loop
      vertex  1.683397e+001 -1.421099e+002  7.280049e+001
      vertex  1.686529e+001 -1.423095e+002  6.920355e+001
      vertex  1.686467e+001 -1.423035e+002  7.278188e+001
    endloop
  endfacet
  facet normal -9.987050e-001 -5.087389e-002 -8.797031e-005
    outer loop
      vertex  1.686467e+001 -1.423035e+002  7.278188e+001
      vertex  1.686529e+001 -1.423095e+002  6.920355e+001
      vertex  1.687500e+001 -1.425000e+002  6.919678e+001
    endloop
  endfacet
  facet normal -9.986223e-001 -5.247439e-002  0.000000e+000
    outer loop
      vertex  1.686467e+001 -1.423035e+002  7.278188e+001
      vertex  1.687500e+001 -1.425000e+002  6.919678e+001
      vertex  1.687500e+001 -1.425000e+002  7.277560e+001
    endloop
  endfacet
  facet normal  5.910444e-001 -8.066358e-001 -2.293881e-003
    outer loop
      vertex -1.605308e+001  1.905133e+001  6.974972e+001
      vertex -1.595145e+001  1.911566e+001  7.331609e+001
      vertex -1.625093e+001  1.889671e+001  7.314529e+001
    endloop
  endfacet
  facet normal  4.936792e-001 -8.696426e-001  1.617141e-003
    outer loop
      vertex -1.595145e+001  1.911566e+001  7.331609e+001
      vertex -1.605308e+001  1.905133e+001  6.974972e+001
      vertex -1.579538e+001  1.919794e+001  6.991498e+001
    endloop
  endfacet
  facet normal  2.021441e-001 -9.793555e-001  7.843820e-004
    outer loop
      vertex -1.523616e+001  1.936007e+001  7.026083e+001
      vertex -1.527367e+001  1.935492e+001  7.350000e+001
      vertex -1.552130e+001  1.930107e+001  7.008663e+001
    endloop
  endfacet
  facet normal -3.245524e-001 -9.458631e-001 -2.928996e-003
    outer loop
      vertex -1.434890e+001  1.925832e+001  7.077516e+001
      vertex -1.422529e+001  1.920747e+001  7.350000e+001
      vertex -1.456317e+001  1.932340e+001  7.350000e+001
    endloop
  endfacet
  facet normal -4.245069e-001 -9.054217e-001  2.360312e-003
    outer loop
      vertex -1.422529e+001  1.920747e+001  7.350000e+001
      vertex -1.434890e+001  1.925832e+001  7.077516e+001
      vertex -1.406857e+001  1.912729e+001  7.092924e+001
    endloop
  endfacet
  facet normal -4.980481e-001 -8.671431e-001 -3.316479e-003
    outer loop
      vertex -1.406857e+001  1.912729e+001  7.092924e+001
      vertex -1.391552e+001  1.902955e+001  7.350000e+001
      vertex -1.422529e+001  1.920747e+001  7.350000e+001
    endloop
  endfacet
  facet normal -5.724737e-001 -8.199179e-001  2.910092e-003
    outer loop
      vertex -1.379697e+001  1.893817e+001  7.107477e+001
      vertex -1.391552e+001  1.902955e+001  7.350000e+001
      vertex -1.406857e+001  1.912729e+001  7.092924e+001
    endloop
  endfacet
  facet normal -6.534618e-001 -7.569517e-001 -3.421033e-003
    outer loop
      vertex -1.364512e+001  1.879612e+001  7.350000e+001
      vertex -1.391552e+001  1.902955e+001  7.350000e+001
      vertex -1.379697e+001  1.893817e+001  7.107477e+001
    endloop
  endfacet
  facet normal -7.091518e-001 -7.050489e-001  3.106168e-003
    outer loop
      vertex -1.355760e+001  1.869796e+001  7.120003e+001
      vertex -1.364512e+001  1.879612e+001  7.350000e+001
      vertex -1.379697e+001  1.893817e+001  7.107477e+001
    endloop
  endfacet
  facet normal -7.851636e-001 -6.192787e-001 -3.446627e-003
    outer loop
      vertex -1.342389e+001  1.851564e+001  7.350000e+001
      vertex -1.364512e+001  1.879612e+001  7.350000e+001
      vertex -1.355760e+001  1.869796e+001  7.120003e+001
    endloop
  endfacet
  facet normal -8.256485e-001 -5.641754e-001  3.275096e-003
    outer loop
      vertex -1.336149e+001  1.841154e+001  7.130058e+001
      vertex -1.342389e+001  1.851564e+001  7.350000e+001
      vertex -1.355760e+001  1.869796e+001  7.120003e+001
    endloop
  endfacet
  facet normal -8.883607e-001 -4.591332e-001 -3.475903e-003
    outer loop
      vertex -1.325988e+001  1.819829e+001  7.350000e+001
      vertex -1.342389e+001  1.851564e+001  7.350000e+001
      vertex -1.336149e+001  1.841154e+001  7.130058e+001
    endloop
  endfacet
  facet normal -9.116430e-001 -4.109766e-001  2.268757e-003
    outer loop
      vertex -1.323254e+001  1.812585e+001  7.136570e+001
      vertex -1.325988e+001  1.819829e+001  7.350000e+001
      vertex -1.336149e+001  1.841154e+001  7.130058e+001
    endloop
  endfacet
  facet normal -9.593166e-001 -2.823195e-001 -2.708725e-003
    outer loop
      vertex -1.315903e+001  1.785560e+001  7.350000e+001
      vertex -1.325988e+001  1.819829e+001  7.350000e+001
      vertex -1.323254e+001  1.812585e+001  7.136570e+001
    endloop
  endfacet
  facet normal  4.223443e-001 -9.064319e-001 -2.546297e-003
    outer loop
      vertex -1.562050e+001  1.926935e+001  7.350000e+001
      vertex -1.595145e+001  1.911566e+001  7.331609e+001
      vertex -1.579538e+001  1.919794e+001  6.991498e+001
    endloop
  endfacet
  facet normal  3.513702e-001 -9.362353e-001  1.509555e-003
    outer loop
      vertex -1.562050e+001  1.926935e+001  7.350000e+001
      vertex -1.579538e+001  1.919794e+001  6.991498e+001
      vertex -1.552130e+001  1.930107e+001  7.008663e+001
    endloop
  endfacet
  facet normal  2.395414e-001 -9.708840e-001 -2.062352e-003
    outer loop
      vertex -1.562050e+001  1.926935e+001  7.350000e+001
      vertex -1.552130e+001  1.930107e+001  7.008663e+001
      vertex -1.527367e+001  1.935492e+001  7.350000e+001
    endloop
  endfacet
  facet normal  6.260868e-001 -7.797527e-001  9.720629e-004
    outer loop
      vertex -1.605308e+001  1.905133e+001  6.974972e+001
      vertex -1.625093e+001  1.889671e+001  7.314529e+001
      vertex -1.628856e+001  1.886207e+001  6.959538e+001
    endloop
  endfacet
  facet normal  7.235913e-001 -6.902281e-001 -9.351813e-004
    outer loop
      vertex -1.628856e+001  1.886207e+001  6.959538e+001
      vertex -1.625093e+001  1.889671e+001  7.314529e+001
      vertex -1.645327e+001  1.868475e+001  7.302749e+001
    endloop
  endfacet
  facet normal  7.398724e-001 -6.727469e-001  7.492931e-004
    outer loop
      vertex -1.628856e+001  1.886207e+001  6.959538e+001
      vertex -1.645327e+001  1.868475e+001  7.302749e+001
      vertex -1.647889e+001  1.865261e+001  6.946827e+001
    endloop
  endfacet
  facet normal  8.231937e-001 -5.677601e-001 -7.989215e-004
    outer loop
      vertex -1.647889e+001  1.865261e+001  6.946827e+001
      vertex -1.645327e+001  1.868475e+001  7.302749e+001
      vertex -1.662329e+001  1.843837e+001  7.292698e+001
    endloop
  endfacet
  facet normal  8.338662e-001 -5.519662e-001  6.249332e-004
    outer loop
      vertex -1.647889e+001  1.865261e+001  6.946827e+001
      vertex -1.662329e+001  1.843837e+001  7.292698e+001
      vertex -1.663920e+001  1.841031e+001  6.935954e+001
    endloop
  endfacet
  facet normal  9.021664e-001 -4.313877e-001 -6.281266e-004
    outer loop
      vertex -1.663920e+001  1.841031e+001  6.935954e+001
      vertex -1.662329e+001  1.843837e+001  7.292698e+001
      vertex -1.674930e+001  1.817496e+001  7.285159e+001
    endloop
  endfacet
  facet normal  9.081677e-001 -4.186064e-001  4.225053e-004
    outer loop
      vertex -1.663920e+001  1.841031e+001  6.935954e+001
      vertex -1.674930e+001  1.817496e+001  7.285159e+001
      vertex -1.675701e+001  1.815462e+001  6.927864e+001
    endloop
  endfacet
  facet normal  9.585755e-001 -2.848383e-001 -4.476572e-004
    outer loop
      vertex -1.675701e+001  1.815462e+001  6.927864e+001
      vertex -1.674930e+001  1.817496e+001  7.285159e+001
      vertex -1.683397e+001  1.789011e+001  7.280049e+001
    endloop
  endfacet
  facet normal  9.610794e-001 -2.762723e-001  2.504228e-004
    outer loop
      vertex -1.675701e+001  1.815462e+001  6.927864e+001
      vertex -1.683397e+001  1.789011e+001  7.280049e+001
      vertex -1.683647e+001  1.787817e+001  6.922361e+001
    endloop
  endfacet
  facet normal  9.876568e-001 -1.566334e-001 -1.673185e-004
    outer loop
      vertex -1.683647e+001  1.787817e+001  6.922361e+001
      vertex -1.683397e+001  1.789011e+001  7.280049e+001
      vertex -1.686467e+001  1.769652e+001  7.278188e+001
    endloop
  endfacet
  facet normal  9.884040e-001 -1.518477e-001  8.292344e-005
    outer loop
      vertex -1.683647e+001  1.787817e+001  6.922361e+001
      vertex -1.686467e+001  1.769652e+001  7.278188e+001
      vertex -1.686529e+001  1.769053e+001  6.920355e+001
    endloop
  endfacet
  facet normal  9.986225e-001 -5.247167e-002 -8.517329e-005
    outer loop
      vertex -1.686529e+001  1.769053e+001  6.920355e+001
      vertex -1.686467e+001  1.769652e+001  7.278188e+001
      vertex -1.687500e+001  1.750000e+001  7.277560e+001
    endloop
  endfacet
  facet normal  9.987048e-001 -5.087904e-002  0.000000e+000
    outer loop
      vertex -1.686529e+001  1.769053e+001  6.920355e+001
      vertex -1.687500e+001  1.750000e+001  7.277560e+001
      vertex -1.687500e+001  1.750000e+001  6.919678e+001
    endloop
  endfacet
  facet normal -2.709945e-001 -9.625795e-001  1.681869e-003
    outer loop
      vertex -1.434890e+001  1.925832e+001  7.077516e+001
      vertex -1.456317e+001  1.932340e+001  7.350000e+001
      vertex -1.464148e+001  1.934040e+001  7.061010e+001
    endloop
  endfacet
  facet normal -1.392769e-001 -9.902514e-001 -2.050007e-003
    outer loop
      vertex -1.464148e+001  1.934040e+001  7.061010e+001
      vertex -1.456317e+001  1.932340e+001  7.350000e+001
      vertex -1.491691e+001  1.937316e+001  7.350000e+001
    endloop
  endfacet
  facet normal -1.124700e-001 -9.936550e-001  5.435229e-004
    outer loop
      vertex -1.464148e+001  1.934040e+001  7.061010e+001
      vertex -1.491691e+001  1.937316e+001  7.350000e+001
      vertex -1.493930e+001  1.937402e+001  7.043752e+001
    endloop
  endfacet
  facet normal  5.105512e-002 -9.986957e-001 -6.530467e-004
    outer loop
      vertex -1.493930e+001  1.937402e+001  7.043752e+001
      vertex -1.491691e+001  1.937316e+001  7.350000e+001
      vertex -1.527367e+001  1.935492e+001  7.350000e+001
    endloop
  endfacet
  facet normal  4.754985e-002 -9.988683e-001 -1.036844e-003
    outer loop
      vertex -1.493930e+001  1.937402e+001  7.043752e+001
      vertex -1.527367e+001  1.935492e+001  7.350000e+001
      vertex -1.523616e+001  1.936007e+001  7.026083e+001
    endloop
  endfacet
  facet normal -9.675686e-001 -2.526049e-001  1.338073e-003
    outer loop
      vertex -1.323254e+001  1.812585e+001  7.136570e+001
      vertex -1.315227e+001  1.781862e+001  7.140583e+001
      vertex -1.315903e+001  1.785560e+001  7.350000e+001
    endloop
  endfacet
  facet normal -9.963492e-001 -8.535385e-002 -1.707716e-003
    outer loop
      vertex -1.315903e+001  1.785560e+001  7.350000e+001
      vertex -1.315227e+001  1.781862e+001  7.140583e+001
      vertex -1.312500e+001  1.750000e+001  7.141940e+001
    endloop
  endfacet
  facet normal -9.954525e-001 -9.525986e-002  0.000000e+000
    outer loop
      vertex -1.315903e+001  1.785560e+001  7.350000e+001
      vertex -1.312500e+001  1.750000e+001  7.141940e+001
      vertex -1.312500e+001  1.750000e+001  7.350000e+001
    endloop
  endfacet
  facet normal -9.593166e-001  2.823195e-001 -2.708725e-003
    outer loop
      vertex -1.323254e+001  1.687415e+001  7.136570e+001
      vertex -1.325988e+001  1.680171e+001  7.350000e+001
      vertex -1.315903e+001  1.714440e+001  7.350000e+001
    endloop
  endfacet
  facet normal -9.116430e-001  4.109767e-001  2.268758e-003
    outer loop
      vertex -1.325988e+001  1.680171e+001  7.350000e+001
      vertex -1.323254e+001  1.687415e+001  7.136570e+001
      vertex -1.336149e+001  1.658846e+001  7.130058e+001
    endloop
  endfacet
  facet normal -8.883607e-001  4.591332e-001 -3.475903e-003
    outer loop
      vertex -1.336149e+001  1.658846e+001  7.130058e+001
      vertex -1.342389e+001  1.648436e+001  7.350000e+001
      vertex -1.325988e+001  1.680171e+001  7.350000e+001
    endloop
  endfacet
  facet normal -8.256485e-001  5.641754e-001  3.275093e-003
    outer loop
      vertex -1.342389e+001  1.648436e+001  7.350000e+001
      vertex -1.336149e+001  1.658846e+001  7.130058e+001
      vertex -1.355760e+001  1.630204e+001  7.120003e+001
    endloop
  endfacet
  facet normal -7.851636e-001  6.192787e-001 -3.446627e-003
    outer loop
      vertex -1.355760e+001  1.630204e+001  7.120003e+001
      vertex -1.364512e+001  1.620388e+001  7.350000e+001
      vertex -1.342389e+001  1.648436e+001  7.350000e+001
    endloop
  endfacet
  facet normal -7.091518e-001  7.050489e-001  3.106168e-003
    outer loop
      vertex -1.364512e+001  1.620388e+001  7.350000e+001
      vertex -1.355760e+001  1.630204e+001  7.120003e+001
      vertex -1.379697e+001  1.606183e+001  7.107477e+001
    endloop
  endfacet
  facet normal -6.534633e-001  7.569504e-001 -3.420861e-003
    outer loop
      vertex -1.379697e+001  1.606183e+001  7.107477e+001
      vertex -1.391552e+001  1.597045e+001  7.350000e+001
      vertex -1.364512e+001  1.620388e+001  7.350000e+001
    endloop
  endfacet
  facet normal -5.724719e-001  8.199191e-001  2.910547e-003
    outer loop
      vertex -1.391552e+001  1.597045e+001  7.350000e+001
      vertex -1.379697e+001  1.606183e+001  7.107477e+001
      vertex -1.406857e+001  1.587271e+001  7.092924e+001
    endloop
  endfacet
  facet normal -4.980481e-001  8.671431e-001 -3.315835e-003
    outer loop
      vertex -1.406857e+001  1.587271e+001  7.092924e+001
      vertex -1.422529e+001  1.579253e+001  7.350000e+001
      vertex -1.391552e+001  1.597045e+001  7.350000e+001
    endloop
  endfacet
  facet normal -4.245121e-001  9.054193e-001  2.360592e-003
    outer loop
      vertex -1.434890e+001  1.574168e+001  7.077516e+001
      vertex -1.422529e+001  1.579253e+001  7.350000e+001
      vertex -1.406857e+001  1.587271e+001  7.092924e+001
    endloop
  endfacet
  facet normal -3.245524e-001  9.458631e-001 -2.928996e-003
    outer loop
      vertex -1.456317e+001  1.567659e+001  7.350000e+001
      vertex -1.422529e+001  1.579253e+001  7.350000e+001
      vertex -1.434890e+001  1.574168e+001  7.077516e+001
    endloop
  endfacet
  facet normal -2.709917e-001  9.625802e-001  1.682107e-003
    outer loop
      vertex -1.464148e+001  1.565960e+001  7.061010e+001
      vertex -1.456317e+001  1.567659e+001  7.350000e+001
      vertex -1.434890e+001  1.574168e+001  7.077516e+001
    endloop
  endfacet
  facet normal  4.936840e-001  8.696399e-001  1.617186e-003
    outer loop
      vertex -1.605308e+001  1.594867e+001  6.974972e+001
      vertex -1.595145e+001  1.588434e+001  7.331609e+001
      vertex -1.579538e+001  1.580206e+001  6.991498e+001
    endloop
  endfacet
  facet normal  5.910442e-001  8.066359e-001 -2.293662e-003
    outer loop
      vertex -1.625093e+001  1.610329e+001  7.314529e+001
      vertex -1.595145e+001  1.588434e+001  7.331609e+001
      vertex -1.605308e+001  1.594867e+001  6.974972e+001
    endloop
  endfacet
  facet normal  2.395415e-001  9.708840e-001 -2.062083e-003
    outer loop
      vertex -1.562050e+001  1.573065e+001  7.350000e+001
      vertex -1.527367e+001  1.564508e+001  7.350000e+001
      vertex -1.552130e+001  1.569893e+001  7.008663e+001
    endloop
  endfacet
  facet normal  3.513673e-001  9.362365e-001  1.509721e-003
    outer loop
      vertex -1.562050e+001  1.573065e+001  7.350000e+001
      vertex -1.552130e+001  1.569893e+001  7.008663e+001
      vertex -1.579538e+001  1.580206e+001  6.991498e+001
    endloop
  endfacet
  facet normal  4.223466e-001  9.064309e-001 -2.546425e-003
    outer loop
      vertex -1.562050e+001  1.573065e+001  7.350000e+001
      vertex -1.579538e+001  1.580206e+001  6.991498e+001
      vertex -1.595145e+001  1.588434e+001  7.331609e+001
    endloop
  endfacet
  facet normal -9.675686e-001  2.526049e-001  1.338073e-003
    outer loop
      vertex -1.323254e+001  1.687415e+001  7.136570e+001
      vertex -1.315903e+001  1.714440e+001  7.350000e+001
      vertex -1.315227e+001  1.718138e+001  7.140583e+001
    endloop
  endfacet
  facet normal -9.954513e-001  9.525974e-002 -1.529923e-003
    outer loop
      vertex -1.315227e+001  1.718138e+001  7.140583e+001
      vertex -1.315903e+001  1.714440e+001  7.350000e+001
      vertex -1.312500e+001  1.750000e+001  7.350000e+001
    endloop
  endfacet
  facet normal -9.963569e-001  8.528180e-002  0.000000e+000
    outer loop
      vertex -1.315227e+001  1.718138e+001  7.140583e+001
      vertex -1.312500e+001  1.750000e+001  7.350000e+001
      vertex -1.312500e+001  1.750000e+001  7.141940e+001
    endloop
  endfacet
  facet normal  2.021472e-001  9.793549e-001  7.844192e-004
    outer loop
      vertex -1.552130e+001  1.569893e+001  7.008663e+001
      vertex -1.527367e+001  1.564508e+001  7.350000e+001
      vertex -1.523616e+001  1.563993e+001  7.026083e+001
    endloop
  endfacet
  facet normal  5.105511e-002  9.986954e-001 -9.959779e-004
    outer loop
      vertex -1.523616e+001  1.563993e+001  7.026083e+001
      vertex -1.527367e+001  1.564508e+001  7.350000e+001
      vertex -1.491691e+001  1.562684e+001  7.350000e+001
    endloop
  endfacet
  facet normal  4.729889e-002  9.988806e-001 -6.250232e-004
    outer loop
      vertex -1.523616e+001  1.563993e+001  7.026083e+001
      vertex -1.491691e+001  1.562684e+001  7.350000e+001
      vertex -1.493930e+001  1.562599e+001  7.043752e+001
    endloop
  endfacet
  facet normal -1.392771e-001  9.902531e-001  7.410180e-004
    outer loop
      vertex -1.493930e+001  1.562599e+001  7.043752e+001
      vertex -1.491691e+001  1.562684e+001  7.350000e+001
      vertex -1.456317e+001  1.567659e+001  7.350000e+001
    endloop
  endfacet
  facet normal -1.105246e-001  9.938693e-001 -2.850054e-003
    outer loop
      vertex -1.493930e+001  1.562599e+001  7.043752e+001
      vertex -1.456317e+001  1.567659e+001  7.350000e+001
      vertex -1.464148e+001  1.565960e+001  7.061010e+001
    endloop
  endfacet
  facet normal  6.260849e-001  7.797543e-001  9.720981e-004
    outer loop
      vertex -1.605308e+001  1.594867e+001  6.974972e+001
      vertex -1.628856e+001  1.613793e+001  6.959538e+001
      vertex -1.625093e+001  1.610329e+001  7.314529e+001
    endloop
  endfacet
  facet normal  7.404882e-001  6.720681e-001 -1.291516e-003
    outer loop
      vertex -1.625093e+001  1.610329e+001  7.314529e+001
      vertex -1.628856e+001  1.613793e+001  6.959538e+001
      vertex -1.647889e+001  1.634739e+001  6.946827e+001
    endloop
  endfacet
  facet normal  7.230448e-001  6.908005e-001  1.033524e-003
    outer loop
      vertex -1.625093e+001  1.610329e+001  7.314529e+001
      vertex -1.647889e+001  1.634739e+001  6.946827e+001
      vertex -1.645327e+001  1.631525e+001  7.302749e+001
    endloop
  endfacet
  facet normal  8.342068e-001  5.514508e-001 -1.025532e-003
    outer loop
      vertex -1.645327e+001  1.631525e+001  7.302749e+001
      vertex -1.647889e+001  1.634739e+001  6.946827e+001
      vertex -1.663920e+001  1.658969e+001  6.935954e+001
    endloop
  endfacet
  facet normal  8.228884e-001  5.682024e-001  8.016021e-004
    outer loop
      vertex -1.645327e+001  1.631525e+001  7.302749e+001
      vertex -1.663920e+001  1.658969e+001  6.935954e+001
      vertex -1.662329e+001  1.656163e+001  7.292698e+001
    endloop
  endfacet
  facet normal  9.083095e-001  4.182980e-001 -7.584872e-004
    outer loop
      vertex -1.662329e+001  1.656163e+001  7.292698e+001
      vertex -1.663920e+001  1.658969e+001  6.935954e+001
      vertex -1.675701e+001  1.684538e+001  6.927864e+001
    endloop
  endfacet
  facet normal  9.020397e-001  4.316528e-001  5.099881e-004
    outer loop
      vertex -1.662329e+001  1.656163e+001  7.292698e+001
      vertex -1.675701e+001  1.684538e+001  6.927864e+001
      vertex -1.674930e+001  1.682504e+001  7.285159e+001
    endloop
  endfacet
  facet normal  9.611191e-001  2.761338e-001 -5.026903e-004
    outer loop
      vertex -1.674930e+001  1.682504e+001  7.285159e+001
      vertex -1.675701e+001  1.684538e+001  6.927864e+001
      vertex -1.683647e+001  1.712183e+001  6.922361e+001
    endloop
  endfacet
  facet normal  9.585398e-001  2.849585e-001  2.811780e-004
    outer loop
      vertex -1.674930e+001  1.682504e+001  7.285159e+001
      vertex -1.683647e+001  1.712183e+001  6.922361e+001
      vertex -1.683397e+001  1.710989e+001  7.280049e+001
    endloop
  endfacet
  facet normal  9.884082e-001  1.518198e-001 -1.839041e-004
    outer loop
      vertex -1.683397e+001  1.710989e+001  7.280049e+001
      vertex -1.683647e+001  1.712183e+001  6.922361e+001
      vertex -1.686529e+001  1.730947e+001  6.920355e+001
    endloop
  endfacet
  facet normal  9.876530e-001  1.566577e-001  9.110411e-005
    outer loop
      vertex -1.683397e+001  1.710989e+001  7.280049e+001
      vertex -1.686529e+001  1.730947e+001  6.920355e+001
      vertex -1.686467e+001  1.730348e+001  7.278188e+001
    endloop
  endfacet
  facet normal  9.987050e-001  5.087592e-002 -8.785841e-005
    outer loop
      vertex -1.686467e+001  1.730348e+001  7.278188e+001
      vertex -1.686529e+001  1.730947e+001  6.920355e+001
      vertex -1.687500e+001  1.750000e+001  6.919678e+001
    endloop
  endfacet
  facet normal  9.986223e-001  5.247439e-002  -0.000000e+000
    outer loop
      vertex -1.686467e+001  1.730348e+001  7.278188e+001
      vertex -1.687500e+001  1.750000e+001  6.919678e+001
      vertex -1.687500e+001  1.750000e+001  7.277560e+001
    endloop
  endfacet
  facet normal  5.910439e-001 -8.066362e-001 -2.292566e-003
    outer loop
      vertex -1.605308e+001 -1.409487e+002  6.974972e+001
      vertex -1.595145e+001 -1.408843e+002  7.331609e+001
      vertex -1.625093e+001 -1.411033e+002  7.314529e+001
    endloop
  endfacet
  facet normal  4.936934e-001 -8.696346e-001  1.617987e-003
    outer loop
      vertex -1.595145e+001 -1.408843e+002  7.331609e+001
      vertex -1.605308e+001 -1.409487e+002  6.974972e+001
      vertex -1.579538e+001 -1.408021e+002  6.991498e+001
    endloop
  endfacet
  facet normal  2.021306e-001 -9.793583e-001  7.859514e-004
    outer loop
      vertex -1.523616e+001 -1.406399e+002  7.026083e+001
      vertex -1.527367e+001 -1.406451e+002  7.350000e+001
      vertex -1.552130e+001 -1.406989e+002  7.008663e+001
    endloop
  endfacet
  facet normal -3.245476e-001 -9.458649e-001 -2.925272e-003
    outer loop
      vertex -1.434890e+001 -1.407417e+002  7.077516e+001
      vertex -1.422529e+001 -1.407925e+002  7.350000e+001
      vertex -1.456317e+001 -1.406766e+002  7.350000e+001
    endloop
  endfacet
  facet normal -4.245034e-001 -9.054233e-001  2.363929e-003
    outer loop
      vertex -1.422529e+001 -1.407925e+002  7.350000e+001
      vertex -1.434890e+001 -1.407417e+002  7.077516e+001
      vertex -1.406857e+001 -1.408727e+002  7.092924e+001
    endloop
  endfacet
  facet normal -4.980521e-001 -8.671408e-001 -3.313578e-003
    outer loop
      vertex -1.406857e+001 -1.408727e+002  7.092924e+001
      vertex -1.391552e+001 -1.409704e+002  7.350000e+001
      vertex -1.422529e+001 -1.407925e+002  7.350000e+001
    endloop
  endfacet
  facet normal -5.724746e-001 -8.199173e-001  2.912603e-003
    outer loop
      vertex -1.379697e+001 -1.410618e+002  7.107477e+001
      vertex -1.391552e+001 -1.409704e+002  7.350000e+001
      vertex -1.406857e+001 -1.408727e+002  7.092924e+001
    endloop
  endfacet
  facet normal -6.534802e-001 -7.569360e-001 -3.420147e-003
    outer loop
      vertex -1.364512e+001 -1.412039e+002  7.350000e+001
      vertex -1.391552e+001 -1.409704e+002  7.350000e+001
      vertex -1.379697e+001 -1.410618e+002  7.107477e+001
    endloop
  endfacet
  facet normal -7.091601e-001 -7.050405e-001  3.106074e-003
    outer loop
      vertex -1.355760e+001 -1.413020e+002  7.120003e+001
      vertex -1.364512e+001 -1.412039e+002  7.350000e+001
      vertex -1.379697e+001 -1.410618e+002  7.107477e+001
    endloop
  endfacet
  facet normal -7.851534e-001 -6.192918e-001 -3.445170e-003
    outer loop
      vertex -1.342389e+001 -1.414844e+002  7.350000e+001
      vertex -1.364512e+001 -1.412039e+002  7.350000e+001
      vertex -1.355760e+001 -1.413020e+002  7.120003e+001
    endloop
  endfacet
  facet normal -8.256364e-001 -5.641932e-001  3.275790e-003
    outer loop
      vertex -1.336149e+001 -1.415885e+002  7.130058e+001
      vertex -1.342389e+001 -1.414844e+002  7.350000e+001
      vertex -1.355760e+001 -1.413020e+002  7.120003e+001
    endloop
  endfacet
  facet normal -8.883651e-001 -4.591244e-001 -3.476842e-003
    outer loop
      vertex -1.325988e+001 -1.418017e+002  7.350000e+001
      vertex -1.342389e+001 -1.414844e+002  7.350000e+001
      vertex -1.336149e+001 -1.415885e+002  7.130058e+001
    endloop
  endfacet
  facet normal -9.116451e-001 -4.109724e-001  2.267484e-003
    outer loop
      vertex -1.323254e+001 -1.418741e+002  7.136570e+001
      vertex -1.325988e+001 -1.418017e+002  7.350000e+001
      vertex -1.336149e+001 -1.415885e+002  7.130058e+001
    endloop
  endfacet
  facet normal -9.593141e-001 -2.823282e-001 -2.709155e-003
    outer loop
      vertex -1.315903e+001 -1.421444e+002  7.350000e+001
      vertex -1.325988e+001 -1.418017e+002  7.350000e+001
      vertex -1.323254e+001 -1.418741e+002  7.136570e+001
    endloop
  endfacet
  facet normal  4.223402e-001 -9.064339e-001 -2.546536e-003
    outer loop
      vertex -1.562050e+001 -1.407307e+002  7.350000e+001
      vertex -1.595145e+001 -1.408843e+002  7.331609e+001
      vertex -1.579538e+001 -1.408021e+002  6.991498e+001
    endloop
  endfacet
  facet normal  3.513587e-001 -9.362397e-001  1.509703e-003
    outer loop
      vertex -1.562050e+001 -1.407307e+002  7.350000e+001
      vertex -1.579538e+001 -1.408021e+002  6.991498e+001
      vertex -1.552130e+001 -1.406989e+002  7.008663e+001
    endloop
  endfacet
  facet normal  2.395414e-001 -9.708840e-001 -2.061810e-003
    outer loop
      vertex -1.562050e+001 -1.407307e+002  7.350000e+001
      vertex -1.552130e+001 -1.406989e+002  7.008663e+001
      vertex -1.527367e+001 -1.406451e+002  7.350000e+001
    endloop
  endfacet
  facet normal  6.260678e-001 -7.797679e-001  9.715748e-004
    outer loop
      vertex -1.605308e+001 -1.409487e+002  6.974972e+001
      vertex -1.625093e+001 -1.411033e+002  7.314529e+001
      vertex -1.628856e+001 -1.411379e+002  6.959538e+001
    endloop
  endfacet
  facet normal  7.235945e-001 -6.902246e-001 -9.359924e-004
    outer loop
      vertex -1.628856e+001 -1.411379e+002  6.959538e+001
      vertex -1.625093e+001 -1.411033e+002  7.314529e+001
      vertex -1.645327e+001 -1.413152e+002  7.302749e+001
    endloop
  endfacet
  facet normal  7.398845e-001 -6.727335e-001  7.494455e-004
    outer loop
      vertex -1.628856e+001 -1.411379e+002  6.959538e+001
      vertex -1.645327e+001 -1.413152e+002  7.302749e+001
      vertex -1.647889e+001 -1.413474e+002  6.946827e+001
    endloop
  endfacet
  facet normal  8.231977e-001 -5.677542e-001 -7.986995e-004
    outer loop
      vertex -1.647889e+001 -1.413474e+002  6.946827e+001
      vertex -1.645327e+001 -1.413152e+002  7.302749e+001
      vertex -1.662329e+001 -1.415616e+002  7.292698e+001
    endloop
  endfacet
  facet normal  8.338645e-001 -5.519691e-001  6.243738e-004
    outer loop
      vertex -1.647889e+001 -1.413474e+002  6.946827e+001
      vertex -1.662329e+001 -1.415616e+002  7.292698e+001
      vertex -1.663920e+001 -1.415897e+002  6.935954e+001
    endloop
  endfacet
  facet normal  9.021653e-001 -4.313901e-001 -6.285635e-004
    outer loop
      vertex -1.663920e+001 -1.415897e+002  6.935954e+001
      vertex -1.662329e+001 -1.415616e+002  7.292698e+001
      vertex -1.674930e+001 -1.418250e+002  7.285159e+001
    endloop
  endfacet
  facet normal  9.081712e-001 -4.185987e-001  4.229013e-004
    outer loop
      vertex -1.663920e+001 -1.415897e+002  6.935954e+001
      vertex -1.674930e+001 -1.418250e+002  7.285159e+001
      vertex -1.675701e+001 -1.418454e+002  6.927864e+001
    endloop
  endfacet
  facet normal  9.585748e-001 -2.848400e-001 -4.473417e-004
    outer loop
      vertex -1.675701e+001 -1.418454e+002  6.927864e+001
      vertex -1.674930e+001 -1.418250e+002  7.285159e+001
      vertex -1.683397e+001 -1.421099e+002  7.280049e+001
    endloop
  endfacet
  facet normal  9.610773e-001 -2.762793e-001  2.503003e-004
    outer loop
      vertex -1.675701e+001 -1.418454e+002  6.927864e+001
      vertex -1.683397e+001 -1.421099e+002  7.280049e+001
      vertex -1.683647e+001 -1.421218e+002  6.922361e+001
    endloop
  endfacet
  facet normal  9.876568e-001 -1.566334e-001 -1.674021e-004
    outer loop
      vertex -1.683647e+001 -1.421218e+002  6.922361e+001
      vertex -1.683397e+001 -1.421099e+002  7.280049e+001
      vertex -1.686467e+001 -1.423035e+002  7.278188e+001
    endloop
  endfacet
  facet normal  9.884033e-001 -1.518521e-001  8.260732e-005
    outer loop
      vertex -1.683647e+001 -1.421218e+002  6.922361e+001
      vertex -1.686467e+001 -1.423035e+002  7.278188e+001
      vertex -1.686529e+001 -1.423095e+002  6.920355e+001
    endloop
  endfacet
  facet normal  9.986225e-001 -5.247167e-002 -8.528517e-005
    outer loop
      vertex -1.686529e+001 -1.423095e+002  6.920355e+001
      vertex -1.686467e+001 -1.423035e+002  7.278188e+001
      vertex -1.687500e+001 -1.425000e+002  7.277560e+001
    endloop
  endfacet
  facet normal  9.987050e-001 -5.087701e-002  0.000000e+000
    outer loop
      vertex -1.686529e+001 -1.423095e+002  6.920355e+001
      vertex -1.687500e+001 -1.425000e+002  7.277560e+001
      vertex -1.687500e+001 -1.425000e+002  6.919678e+001
    endloop
  endfacet
  facet normal -2.709850e-001 -9.625821e-001  1.686045e-003
    outer loop
      vertex -1.434890e+001 -1.407417e+002  7.077516e+001
      vertex -1.456317e+001 -1.406766e+002  7.350000e+001
      vertex -1.464148e+001 -1.406596e+002  7.061010e+001
    endloop
  endfacet
  facet normal -1.392507e-001 -9.902551e-001 -2.046164e-003
    outer loop
      vertex -1.464148e+001 -1.406596e+002  7.061010e+001
      vertex -1.456317e+001 -1.406766e+002  7.350000e+001
      vertex -1.491691e+001 -1.406268e+002  7.350000e+001
    endloop
  endfacet
  facet normal -1.124708e-001 -9.936549e-001  5.447658e-004
    outer loop
      vertex -1.464148e+001 -1.406596e+002  7.061010e+001
      vertex -1.491691e+001 -1.406268e+002  7.350000e+001
      vertex -1.493930e+001 -1.406260e+002  7.043752e+001
    endloop
  endfacet
  facet normal  5.104447e-002 -9.986962e-001 -6.517250e-004
    outer loop
      vertex -1.493930e+001 -1.406260e+002  7.043752e+001
      vertex -1.491691e+001 -1.406268e+002  7.350000e+001
      vertex -1.527367e+001 -1.406451e+002  7.350000e+001
    endloop
  endfacet
  facet normal  4.754246e-002 -9.988687e-001 -1.035166e-003
    outer loop
      vertex -1.493930e+001 -1.406260e+002  7.043752e+001
      vertex -1.527367e+001 -1.406451e+002  7.350000e+001
      vertex -1.523616e+001 -1.406399e+002  7.026083e+001
    endloop
  endfacet
  facet normal -9.675702e-001 -2.525989e-001  1.339571e-003
    outer loop
      vertex -1.323254e+001 -1.418741e+002  7.136570e+001
      vertex -1.315227e+001 -1.421814e+002  7.140583e+001
      vertex -1.315903e+001 -1.421444e+002  7.350000e+001
    endloop
  endfacet
  facet normal -9.963492e-001 -8.535536e-002 -1.707145e-003
    outer loop
      vertex -1.315903e+001 -1.421444e+002  7.350000e+001
      vertex -1.315227e+001 -1.421814e+002  7.140583e+001
      vertex -1.312500e+001 -1.425000e+002  7.141940e+001
    endloop
  endfacet
  facet normal -9.954527e-001 -9.525784e-002  0.000000e+000
    outer loop
      vertex -1.315903e+001 -1.421444e+002  7.350000e+001
      vertex -1.312500e+001 -1.425000e+002  7.141940e+001
      vertex -1.312500e+001 -1.425000e+002  7.350000e+001
    endloop
  endfacet
  facet normal -9.593141e-001  2.823282e-001 -2.709155e-003
    outer loop
      vertex -1.323254e+001 -1.431259e+002  7.136570e+001
      vertex -1.325988e+001 -1.431983e+002  7.350000e+001
      vertex -1.315903e+001 -1.428556e+002  7.350000e+001
    endloop
  endfacet
  facet normal -9.116451e-001  4.109724e-001  2.267484e-003
    outer loop
      vertex -1.325988e+001 -1.431983e+002  7.350000e+001
      vertex -1.323254e+001 -1.431259e+002  7.136570e+001
      vertex -1.336149e+001 -1.434115e+002  7.130058e+001
    endloop
  endfacet
  facet normal -8.883651e-001  4.591244e-001 -3.476842e-003
    outer loop
      vertex -1.336149e+001 -1.434115e+002  7.130058e+001
      vertex -1.342389e+001 -1.435156e+002  7.350000e+001
      vertex -1.325988e+001 -1.431983e+002  7.350000e+001
    endloop
  endfacet
  facet normal -8.256364e-001  5.641931e-001  3.275790e-003
    outer loop
      vertex -1.342389e+001 -1.435156e+002  7.350000e+001
      vertex -1.336149e+001 -1.434115e+002  7.130058e+001
      vertex -1.355760e+001 -1.436980e+002  7.120003e+001
    endloop
  endfacet
  facet normal -7.851534e-001  6.192918e-001 -3.445170e-003
    outer loop
      vertex -1.355760e+001 -1.436980e+002  7.120003e+001
      vertex -1.364512e+001 -1.437961e+002  7.350000e+001
      vertex -1.342389e+001 -1.435156e+002  7.350000e+001
    endloop
  endfacet
  facet normal -7.091601e-001  7.050405e-001  3.106074e-003
    outer loop
      vertex -1.364512e+001 -1.437961e+002  7.350000e+001
      vertex -1.355760e+001 -1.436980e+002  7.120003e+001
      vertex -1.379697e+001 -1.439382e+002  7.107477e+001
    endloop
  endfacet
  facet normal -6.534802e-001  7.569360e-001 -3.420147e-003
    outer loop
      vertex -1.379697e+001 -1.439382e+002  7.107477e+001
      vertex -1.391552e+001 -1.440296e+002  7.350000e+001
      vertex -1.364512e+001 -1.437961e+002  7.350000e+001
    endloop
  endfacet
  facet normal -5.724746e-001  8.199173e-001  2.912603e-003
    outer loop
      vertex -1.391552e+001 -1.440296e+002  7.350000e+001
      vertex -1.379697e+001 -1.439382e+002  7.107477e+001
      vertex -1.406857e+001 -1.441273e+002  7.092924e+001
    endloop
  endfacet
  facet normal -4.980521e-001  8.671408e-001 -3.313578e-003
    outer loop
      vertex -1.406857e+001 -1.441273e+002  7.092924e+001
      vertex -1.422529e+001 -1.442075e+002  7.350000e+001
      vertex -1.391552e+001 -1.440296e+002  7.350000e+001
    endloop
  endfacet
  facet normal -4.245035e-001  9.054233e-001  2.363929e-003
    outer loop
      vertex -1.434890e+001 -1.442583e+002  7.077516e+001
      vertex -1.422529e+001 -1.442075e+002  7.350000e+001
      vertex -1.406857e+001 -1.441273e+002  7.092924e+001
    endloop
  endfacet
  facet normal -3.245476e-001  9.458649e-001 -2.925272e-003
    outer loop
      vertex -1.456317e+001 -1.443234e+002  7.350000e+001
      vertex -1.422529e+001 -1.442075e+002  7.350000e+001
      vertex -1.434890e+001 -1.442583e+002  7.077516e+001
    endloop
  endfacet
  facet normal -2.709850e-001  9.625821e-001  1.686045e-003
    outer loop
      vertex -1.464148e+001 -1.443404e+002  7.061010e+001
      vertex -1.456317e+001 -1.443234e+002  7.350000e+001
      vertex -1.434890e+001 -1.442583e+002  7.077516e+001
    endloop
  endfacet
  facet normal  4.936934e-001  8.696346e-001  1.617987e-003
    outer loop
      vertex -1.605308e+001 -1.440513e+002  6.974972e+001
      vertex -1.595145e+001 -1.441157e+002  7.331609e+001
      vertex -1.579538e+001 -1.441979e+002  6.991498e+001
    endloop
  endfacet
  facet normal  5.910439e-001  8.066362e-001 -2.292566e-003
    outer loop
      vertex -1.625093e+001 -1.438967e+002  7.314529e+001
      vertex -1.595145e+001 -1.441157e+002  7.331609e+001
      vertex -1.605308e+001 -1.440513e+002  6.974972e+001
    endloop
  endfacet
  facet normal  2.395415e-001  9.708840e-001 -2.061811e-003
    outer loop
      vertex -1.562050e+001 -1.442693e+002  7.350000e+001
      vertex -1.527367e+001 -1.443549e+002  7.350000e+001
      vertex -1.552130e+001 -1.443011e+002  7.008663e+001
    endloop
  endfacet
  facet normal  3.513587e-001  9.362397e-001  1.509703e-003
    outer loop
      vertex -1.562050e+001 -1.442693e+002  7.350000e+001
      vertex -1.552130e+001 -1.443011e+002  7.008663e+001
      vertex -1.579538e+001 -1.441979e+002  6.991498e+001
    endloop
  endfacet
  facet normal  4.223401e-001  9.064338e-001 -2.546537e-003
    outer loop
      vertex -1.562050e+001 -1.442693e+002  7.350000e+001
      vertex -1.579538e+001 -1.441979e+002  6.991498e+001
      vertex -1.595145e+001 -1.441157e+002  7.331609e+001
    endloop
  endfacet
  facet normal -9.675702e-001  2.525989e-001  1.339571e-003
    outer loop
      vertex -1.323254e+001 -1.431259e+002  7.136570e+001
      vertex -1.315903e+001 -1.428556e+002  7.350000e+001
      vertex -1.315227e+001 -1.428186e+002  7.140583e+001
    endloop
  endfacet
  facet normal -9.954515e-001  9.525772e-002 -1.529352e-003
    outer loop
      vertex -1.315227e+001 -1.428186e+002  7.140583e+001
      vertex -1.315903e+001 -1.428556e+002  7.350000e+001
      vertex -1.312500e+001 -1.425000e+002  7.350000e+001
    endloop
  endfacet
  facet normal -9.963568e-001  8.528331e-002  0.000000e+000
    outer loop
      vertex -1.315227e+001 -1.428186e+002  7.140583e+001
      vertex -1.312500e+001 -1.425000e+002  7.350000e+001
      vertex -1.312500e+001 -1.425000e+002  7.141940e+001
    endloop
  endfacet
  facet normal  2.021306e-001  9.793583e-001  7.859514e-004
    outer loop
      vertex -1.552130e+001 -1.443011e+002  7.008663e+001
      vertex -1.527367e+001 -1.443549e+002  7.350000e+001
      vertex -1.523616e+001 -1.443601e+002  7.026083e+001
    endloop
  endfacet
  facet normal  5.104446e-002  9.986960e-001 -9.943378e-004
    outer loop
      vertex -1.523616e+001 -1.443601e+002  7.026083e+001
      vertex -1.527367e+001 -1.443549e+002  7.350000e+001
      vertex -1.491691e+001 -1.443732e+002  7.350000e+001
    endloop
  endfacet
  facet normal  4.729852e-002  9.988806e-001 -6.243985e-004
    outer loop
      vertex -1.523616e+001 -1.443601e+002  7.026083e+001
      vertex -1.491691e+001 -1.443732e+002  7.350000e+001
      vertex -1.493930e+001 -1.443740e+002  7.043752e+001
    endloop
  endfacet
  facet normal -1.392509e-001  9.902568e-001  7.414424e-004
    outer loop
      vertex -1.493930e+001 -1.443740e+002  7.043752e+001
      vertex -1.491691e+001 -1.443732e+002  7.350000e+001
      vertex -1.456317e+001 -1.443234e+002  7.350000e+001
    endloop
  endfacet
  facet normal -1.105302e-001  9.938687e-001 -2.845633e-003
    outer loop
      vertex -1.493930e+001 -1.443740e+002  7.043752e+001
      vertex -1.456317e+001 -1.443234e+002  7.350000e+001
      vertex -1.464148e+001 -1.443404e+002  7.061010e+001
    endloop
  endfacet
  facet normal  6.260678e-001  7.797679e-001  9.715753e-004
    outer loop
      vertex -1.605308e+001 -1.440513e+002  6.974972e+001
      vertex -1.628856e+001 -1.438621e+002  6.959538e+001
      vertex -1.625093e+001 -1.438967e+002  7.314529e+001
    endloop
  endfacet
  facet normal  7.405007e-001  6.720544e-001 -1.292505e-003
    outer loop
      vertex -1.625093e+001 -1.438967e+002  7.314529e+001
      vertex -1.628856e+001 -1.438621e+002  6.959538e+001
      vertex -1.647889e+001 -1.436526e+002  6.946827e+001
    endloop
  endfacet
  facet normal  7.230477e-001  6.907973e-001  1.033844e-003
    outer loop
      vertex -1.625093e+001 -1.438967e+002  7.314529e+001
      vertex -1.647889e+001 -1.436526e+002  6.946827e+001
      vertex -1.645327e+001 -1.436848e+002  7.302749e+001
    endloop
  endfacet
  facet normal  8.342048e-001  5.514539e-001 -1.025193e-003
    outer loop
      vertex -1.645327e+001 -1.436848e+002  7.302749e+001
      vertex -1.647889e+001 -1.436526e+002  6.946827e+001
      vertex -1.663920e+001 -1.434103e+002  6.935954e+001
    endloop
  endfacet
  facet normal  8.228926e-001  5.681962e-001  8.009269e-004
    outer loop
      vertex -1.645327e+001 -1.436848e+002  7.302749e+001
      vertex -1.663920e+001 -1.434103e+002  6.935954e+001
      vertex -1.662329e+001 -1.434384e+002  7.292698e+001
    endloop
  endfacet
  facet normal  9.083132e-001  4.182902e-001 -7.590125e-004
    outer loop
      vertex -1.662329e+001 -1.434384e+002  7.292698e+001
      vertex -1.663920e+001 -1.434103e+002  6.935954e+001
      vertex -1.675701e+001 -1.431546e+002  6.927864e+001
    endloop
  endfacet
  facet normal  9.020385e-001  4.316555e-001  5.104666e-004
    outer loop
      vertex -1.662329e+001 -1.434384e+002  7.292698e+001
      vertex -1.675701e+001 -1.431546e+002  6.927864e+001
      vertex -1.674930e+001 -1.431750e+002  7.285159e+001
    endloop
  endfacet
  facet normal  9.611171e-001  2.761409e-001 -5.023509e-004
    outer loop
      vertex -1.674930e+001 -1.431750e+002  7.285159e+001
      vertex -1.675701e+001 -1.431546e+002  6.927864e+001
      vertex -1.683647e+001 -1.428782e+002  6.922361e+001
    endloop
  endfacet
  facet normal  9.585392e-001  2.849602e-001  2.810322e-004
    outer loop
      vertex -1.674930e+001 -1.431750e+002  7.285159e+001
      vertex -1.683647e+001 -1.428782e+002  6.922361e+001
      vertex -1.683397e+001 -1.428901e+002  7.280049e+001
    endloop
  endfacet
  facet normal  9.884074e-001  1.518243e-001 -1.839695e-004
    outer loop
      vertex -1.683397e+001 -1.428901e+002  7.280049e+001
      vertex -1.683647e+001 -1.428782e+002  6.922361e+001
      vertex -1.686529e+001 -1.426905e+002  6.920355e+001
    endloop
  endfacet
  facet normal  9.876530e-001  1.566576e-001  9.077005e-005
    outer loop
      vertex -1.683397e+001 -1.428901e+002  7.280049e+001
      vertex -1.686529e+001 -1.426905e+002  6.920355e+001
      vertex -1.686467e+001 -1.426965e+002  7.278188e+001
    endloop
  endfacet
  facet normal  9.987050e-001  5.087389e-002 -8.797031e-005
    outer loop
      vertex -1.686467e+001 -1.426965e+002  7.278188e+001
      vertex -1.686529e+001 -1.426905e+002  6.920355e+001
      vertex -1.687500e+001 -1.425000e+002  6.919678e+001
    endloop
  endfacet
  facet normal  9.986223e-001  5.247439e-002  -0.000000e+000
    outer loop
      vertex -1.686467e+001 -1.426965e+002  7.278188e+001
      vertex -1.687500e+001 -1.425000e+002  6.919678e+001
      vertex -1.687500e+001 -1.425000e+002  7.277560e+001
    endloop
  endfacet
  facet normal -5.910442e-001  8.066359e-001 -2.293662e-003
    outer loop
      vertex  1.605308e+001  1.594867e+001  6.974972e+001
      vertex  1.595145e+001  1.588434e+001  7.331609e+001
      vertex  1.625093e+001  1.610329e+001  7.314529e+001
    endloop
  endfacet
  facet normal -4.936840e-001  8.696399e-001  1.617185e-003
    outer loop
      vertex  1.595145e+001  1.588434e+001  7.331609e+001
      vertex  1.605308e+001  1.594867e+001  6.974972e+001
      vertex  1.579538e+001  1.580206e+001  6.991498e+001
    endloop
  endfacet
  facet normal -2.021472e-001  9.793549e-001  7.844192e-004
    outer loop
      vertex  1.523616e+001  1.563993e+001  7.026083e+001
      vertex  1.527367e+001  1.564508e+001  7.350000e+001
      vertex  1.552130e+001  1.569893e+001  7.008663e+001
    endloop
  endfacet
  facet normal  3.245524e-001  9.458631e-001 -2.928996e-003
    outer loop
      vertex  1.434890e+001  1.574168e+001  7.077516e+001
      vertex  1.422529e+001  1.579253e+001  7.350000e+001
      vertex  1.456317e+001  1.567659e+001  7.350000e+001
    endloop
  endfacet
  facet normal  4.245121e-001  9.054193e-001  2.360591e-003
    outer loop
      vertex  1.422529e+001  1.579253e+001  7.350000e+001
      vertex  1.434890e+001  1.574168e+001  7.077516e+001
      vertex  1.406857e+001  1.587271e+001  7.092924e+001
    endloop
  endfacet
  facet normal  4.980481e-001  8.671431e-001 -3.315835e-003
    outer loop
      vertex  1.406857e+001  1.587271e+001  7.092924e+001
      vertex  1.391552e+001  1.597045e+001  7.350000e+001
      vertex  1.422529e+001  1.579253e+001  7.350000e+001
    endloop
  endfacet
  facet normal  5.724719e-001  8.199191e-001  2.910547e-003
    outer loop
      vertex  1.379697e+001  1.606183e+001  7.107477e+001
      vertex  1.391552e+001  1.597045e+001  7.350000e+001
      vertex  1.406857e+001  1.587271e+001  7.092924e+001
    endloop
  endfacet
  facet normal  6.534633e-001  7.569504e-001 -3.420861e-003
    outer loop
      vertex  1.364512e+001  1.620388e+001  7.350000e+001
      vertex  1.391552e+001  1.597045e+001  7.350000e+001
      vertex  1.379697e+001  1.606183e+001  7.107477e+001
    endloop
  endfacet
  facet normal  7.091518e-001  7.050489e-001  3.106168e-003
    outer loop
      vertex  1.355760e+001  1.630204e+001  7.120003e+001
      vertex  1.364512e+001  1.620388e+001  7.350000e+001
      vertex  1.379697e+001  1.606183e+001  7.107477e+001
    endloop
  endfacet
  facet normal  7.851636e-001  6.192787e-001 -3.446627e-003
    outer loop
      vertex  1.342389e+001  1.648436e+001  7.350000e+001
      vertex  1.364512e+001  1.620388e+001  7.350000e+001
      vertex  1.355760e+001  1.630204e+001  7.120003e+001
    endloop
  endfacet
  facet normal  8.256485e-001  5.641754e-001  3.275096e-003
    outer loop
      vertex  1.336149e+001  1.658846e+001  7.130058e+001
      vertex  1.342389e+001  1.648436e+001  7.350000e+001
      vertex  1.355760e+001  1.630204e+001  7.120003e+001
    endloop
  endfacet
  facet normal  8.883607e-001  4.591332e-001 -3.475903e-003
    outer loop
      vertex  1.325988e+001  1.680171e+001  7.350000e+001
      vertex  1.342389e+001  1.648436e+001  7.350000e+001
      vertex  1.336149e+001  1.658846e+001  7.130058e+001
    endloop
  endfacet
  facet normal  9.116430e-001  4.109766e-001  2.268757e-003
    outer loop
      vertex  1.323254e+001  1.687415e+001  7.136570e+001
      vertex  1.325988e+001  1.680171e+001  7.350000e+001
      vertex  1.336149e+001  1.658846e+001  7.130058e+001
    endloop
  endfacet
  facet normal  9.593166e-001  2.823195e-001 -2.708725e-003
    outer loop
      vertex  1.315903e+001  1.714440e+001  7.350000e+001
      vertex  1.325988e+001  1.680171e+001  7.350000e+001
      vertex  1.323254e+001  1.687415e+001  7.136570e+001
    endloop
  endfacet
  facet normal -4.223465e-001  9.064309e-001 -2.546424e-003
    outer loop
      vertex  1.562050e+001  1.573065e+001  7.350000e+001
      vertex  1.595145e+001  1.588434e+001  7.331609e+001
      vertex  1.579538e+001  1.580206e+001  6.991498e+001
    endloop
  endfacet
  facet normal -3.513673e-001  9.362365e-001  1.509722e-003
    outer loop
      vertex  1.562050e+001  1.573065e+001  7.350000e+001
      vertex  1.579538e+001  1.580206e+001  6.991498e+001
      vertex  1.552130e+001  1.569893e+001  7.008663e+001
    endloop
  endfacet
  facet normal -2.395415e-001  9.708840e-001 -2.062081e-003
    outer loop
      vertex  1.562050e+001  1.573065e+001  7.350000e+001
      vertex  1.552130e+001  1.569893e+001  7.008663e+001
      vertex  1.527367e+001  1.564508e+001  7.350000e+001
    endloop
  endfacet
  facet normal -6.260849e-001  7.797543e-001  9.720985e-004
    outer loop
      vertex  1.605308e+001  1.594867e+001  6.974972e+001
      vertex  1.625093e+001  1.610329e+001  7.314529e+001
      vertex  1.628856e+001  1.613793e+001  6.959538e+001
    endloop
  endfacet
  facet normal -7.235913e-001  6.902281e-001 -9.351813e-004
    outer loop
      vertex  1.628856e+001  1.613793e+001  6.959538e+001
      vertex  1.625093e+001  1.610329e+001  7.314529e+001
      vertex  1.645327e+001  1.631525e+001  7.302749e+001
    endloop
  endfacet
  facet normal -7.398724e-001  6.727469e-001  7.492931e-004
    outer loop
      vertex  1.628856e+001  1.613793e+001  6.959538e+001
      vertex  1.645327e+001  1.631525e+001  7.302749e+001
      vertex  1.647889e+001  1.634739e+001  6.946827e+001
    endloop
  endfacet
  facet normal -8.231937e-001  5.677601e-001 -7.989215e-004
    outer loop
      vertex  1.647889e+001  1.634739e+001  6.946827e+001
      vertex  1.645327e+001  1.631525e+001  7.302749e+001
      vertex  1.662329e+001  1.656163e+001  7.292698e+001
    endloop
  endfacet
  facet normal -8.338662e-001  5.519662e-001  6.249332e-004
    outer loop
      vertex  1.647889e+001  1.634739e+001  6.946827e+001
      vertex  1.662329e+001  1.656163e+001  7.292698e+001
      vertex  1.663920e+001  1.658969e+001  6.935954e+001
    endloop
  endfacet
  facet normal -9.021664e-001  4.313877e-001 -6.281266e-004
    outer loop
      vertex  1.663920e+001  1.658969e+001  6.935954e+001
      vertex  1.662329e+001  1.656163e+001  7.292698e+001
      vertex  1.674930e+001  1.682504e+001  7.285159e+001
    endloop
  endfacet
  facet normal -9.081677e-001  4.186064e-001  4.225053e-004
    outer loop
      vertex  1.663920e+001  1.658969e+001  6.935954e+001
      vertex  1.674930e+001  1.682504e+001  7.285159e+001
      vertex  1.675701e+001  1.684538e+001  6.927864e+001
    endloop
  endfacet
  facet normal -9.585755e-001  2.848383e-001 -4.476572e-004
    outer loop
      vertex  1.675701e+001  1.684538e+001  6.927864e+001
      vertex  1.674930e+001  1.682504e+001  7.285159e+001
      vertex  1.683397e+001  1.710989e+001  7.280049e+001
    endloop
  endfacet
  facet normal -9.610794e-001  2.762723e-001  2.504228e-004
    outer loop
      vertex  1.675701e+001  1.684538e+001  6.927864e+001
      vertex  1.683397e+001  1.710989e+001  7.280049e+001
      vertex  1.683647e+001  1.712183e+001  6.922361e+001
    endloop
  endfacet
  facet normal -9.876568e-001  1.566334e-001 -1.673185e-004
    outer loop
      vertex  1.683647e+001  1.712183e+001  6.922361e+001
      vertex  1.683397e+001  1.710989e+001  7.280049e+001
      vertex  1.686467e+001  1.730348e+001  7.278188e+001
    endloop
  endfacet
  facet normal -9.884040e-001  1.518477e-001  8.292344e-005
    outer loop
      vertex  1.683647e+001  1.712183e+001  6.922361e+001
      vertex  1.686467e+001  1.730348e+001  7.278188e+001
      vertex  1.686529e+001  1.730947e+001  6.920355e+001
    endloop
  endfacet
  facet normal -9.986225e-001  5.247167e-002 -8.517329e-005
    outer loop
      vertex  1.686529e+001  1.730947e+001  6.920355e+001
      vertex  1.686467e+001  1.730348e+001  7.278188e+001
      vertex  1.687500e+001  1.750000e+001  7.277560e+001
    endloop
  endfacet
  facet normal -9.987048e-001  5.087904e-002  0.000000e+000
    outer loop
      vertex  1.686529e+001  1.730947e+001  6.920355e+001
      vertex  1.687500e+001  1.750000e+001  7.277560e+001
      vertex  1.687500e+001  1.750000e+001  6.919678e+001
    endloop
  endfacet
  facet normal  2.709917e-001  9.625802e-001  1.682107e-003
    outer loop
      vertex  1.434890e+001  1.574168e+001  7.077516e+001
      vertex  1.456317e+001  1.567659e+001  7.350000e+001
      vertex  1.464148e+001  1.565960e+001  7.061010e+001
    endloop
  endfacet
  facet normal  1.392769e-001  9.902514e-001 -2.049681e-003
    outer loop
      vertex  1.464148e+001  1.565960e+001  7.061010e+001
      vertex  1.456317e+001  1.567659e+001  7.350000e+001
      vertex  1.491691e+001  1.562684e+001  7.350000e+001
    endloop
  endfacet
  facet normal  1.124672e-001  9.936553e-001  5.441211e-004
    outer loop
      vertex  1.464148e+001  1.565960e+001  7.061010e+001
      vertex  1.491691e+001  1.562684e+001  7.350000e+001
      vertex  1.493930e+001  1.562599e+001  7.043752e+001
    endloop
  endfacet
  facet normal -5.105512e-002  9.986957e-001 -6.524248e-004
    outer loop
      vertex  1.493930e+001  1.562599e+001  7.043752e+001
      vertex  1.491691e+001  1.562684e+001  7.350000e+001
      vertex  1.527367e+001  1.564508e+001  7.350000e+001
    endloop
  endfacet
  facet normal -4.754349e-002  9.988686e-001 -1.036918e-003
    outer loop
      vertex  1.493930e+001  1.562599e+001  7.043752e+001
      vertex  1.527367e+001  1.564508e+001  7.350000e+001
      vertex  1.523616e+001  1.563993e+001  7.026083e+001
    endloop
  endfacet
  facet normal  9.675686e-001  2.526049e-001  1.338073e-003
    outer loop
      vertex  1.323254e+001  1.687415e+001  7.136570e+001
      vertex  1.315227e+001  1.718138e+001  7.140583e+001
      vertex  1.315903e+001  1.714440e+001  7.350000e+001
    endloop
  endfacet
  facet normal  9.963492e-001  8.535385e-002 -1.707716e-003
    outer loop
      vertex  1.315903e+001  1.714440e+001  7.350000e+001
      vertex  1.315227e+001  1.718138e+001  7.140583e+001
      vertex  1.312500e+001  1.750000e+001  7.141940e+001
    endloop
  endfacet
  facet normal  9.954525e-001  9.525986e-002  -0.000000e+000
    outer loop
      vertex  1.315903e+001  1.714440e+001  7.350000e+001
      vertex  1.312500e+001  1.750000e+001  7.141940e+001
      vertex  1.312500e+001  1.750000e+001  7.350000e+001
    endloop
  endfacet
  facet normal  9.593166e-001 -2.823195e-001 -2.708725e-003
    outer loop
      vertex  1.323254e+001  1.812585e+001  7.136570e+001
      vertex  1.325988e+001  1.819829e+001  7.350000e+001
      vertex  1.315903e+001  1.785560e+001  7.350000e+001
    endloop
  endfacet
  facet normal  9.116430e-001 -4.109767e-001  2.268758e-003
    outer loop
      vertex  1.325988e+001  1.819829e+001  7.350000e+001
      vertex  1.323254e+001  1.812585e+001  7.136570e+001
      vertex  1.336149e+001  1.841154e+001  7.130058e+001
    endloop
  endfacet
  facet normal  8.883607e-001 -4.591332e-001 -3.475903e-003
    outer loop
      vertex  1.336149e+001  1.841154e+001  7.130058e+001
      vertex  1.342389e+001  1.851564e+001  7.350000e+001
      vertex  1.325988e+001  1.819829e+001  7.350000e+001
    endloop
  endfacet
  facet normal  8.256485e-001 -5.641754e-001  3.275093e-003
    outer loop
      vertex  1.342389e+001  1.851564e+001  7.350000e+001
      vertex  1.336149e+001  1.841154e+001  7.130058e+001
      vertex  1.355760e+001  1.869796e+001  7.120003e+001
    endloop
  endfacet
  facet normal  7.851636e-001 -6.192787e-001 -3.446627e-003
    outer loop
      vertex  1.355760e+001  1.869796e+001  7.120003e+001
      vertex  1.364512e+001  1.879612e+001  7.350000e+001
      vertex  1.342389e+001  1.851564e+001  7.350000e+001
    endloop
  endfacet
  facet normal  7.091518e-001 -7.050489e-001  3.106168e-003
    outer loop
      vertex  1.364512e+001  1.879612e+001  7.350000e+001
      vertex  1.355760e+001  1.869796e+001  7.120003e+001
      vertex  1.379697e+001  1.893817e+001  7.107477e+001
    endloop
  endfacet
  facet normal  6.534618e-001 -7.569517e-001 -3.421033e-003
    outer loop
      vertex  1.379697e+001  1.893817e+001  7.107477e+001
      vertex  1.391552e+001  1.902955e+001  7.350000e+001
      vertex  1.364512e+001  1.879612e+001  7.350000e+001
    endloop
  endfacet
  facet normal  5.724737e-001 -8.199179e-001  2.910093e-003
    outer loop
      vertex  1.391552e+001  1.902955e+001  7.350000e+001
      vertex  1.379697e+001  1.893817e+001  7.107477e+001
      vertex  1.406857e+001  1.912729e+001  7.092924e+001
    endloop
  endfacet
  facet normal  4.980481e-001 -8.671431e-001 -3.316479e-003
    outer loop
      vertex  1.406857e+001  1.912729e+001  7.092924e+001
      vertex  1.422529e+001  1.920747e+001  7.350000e+001
      vertex  1.391552e+001  1.902955e+001  7.350000e+001
    endloop
  endfacet
  facet normal  4.245069e-001 -9.054217e-001  2.360311e-003
    outer loop
      vertex  1.434890e+001  1.925832e+001  7.077516e+001
      vertex  1.422529e+001  1.920747e+001  7.350000e+001
      vertex  1.406857e+001  1.912729e+001  7.092924e+001
    endloop
  endfacet
  facet normal  3.245524e-001 -9.458631e-001 -2.928996e-003
    outer loop
      vertex  1.456317e+001  1.932340e+001  7.350000e+001
      vertex  1.422529e+001  1.920747e+001  7.350000e+001
      vertex  1.434890e+001  1.925832e+001  7.077516e+001
    endloop
  endfacet
  facet normal  2.709945e-001 -9.625795e-001  1.681869e-003
    outer loop
      vertex  1.464148e+001  1.934040e+001  7.061010e+001
      vertex  1.456317e+001  1.932340e+001  7.350000e+001
      vertex  1.434890e+001  1.925832e+001  7.077516e+001
    endloop
  endfacet
  facet normal -4.936792e-001 -8.696426e-001  1.617141e-003
    outer loop
      vertex  1.605308e+001  1.905133e+001  6.974972e+001
      vertex  1.595145e+001  1.911566e+001  7.331609e+001
      vertex  1.579538e+001  1.919794e+001  6.991498e+001
    endloop
  endfacet
  facet normal -5.910444e-001 -8.066358e-001 -2.293881e-003
    outer loop
      vertex  1.625093e+001  1.889671e+001  7.314529e+001
      vertex  1.595145e+001  1.911566e+001  7.331609e+001
      vertex  1.605308e+001  1.905133e+001  6.974972e+001
    endloop
  endfacet
  facet normal -2.395415e-001 -9.708840e-001 -2.062353e-003
    outer loop
      vertex  1.562050e+001  1.926935e+001  7.350000e+001
      vertex  1.527367e+001  1.935492e+001  7.350000e+001
      vertex  1.552130e+001  1.930107e+001  7.008663e+001
    endloop
  endfacet
  facet normal -3.513702e-001 -9.362353e-001  1.509554e-003
    outer loop
      vertex  1.562050e+001  1.926935e+001  7.350000e+001
      vertex  1.552130e+001  1.930107e+001  7.008663e+001
      vertex  1.579538e+001  1.919794e+001  6.991498e+001
    endloop
  endfacet
  facet normal -4.223443e-001 -9.064319e-001 -2.546297e-003
    outer loop
      vertex  1.562050e+001  1.926935e+001  7.350000e+001
      vertex  1.579538e+001  1.919794e+001  6.991498e+001
      vertex  1.595145e+001  1.911566e+001  7.331609e+001
    endloop
  endfacet
  facet normal  9.675686e-001 -2.526049e-001  1.338073e-003
    outer loop
      vertex  1.323254e+001  1.812585e+001  7.136570e+001
      vertex  1.315903e+001  1.785560e+001  7.350000e+001
      vertex  1.315227e+001  1.781862e+001  7.140583e+001
    endloop
  endfacet
  facet normal  9.954513e-001 -9.525974e-002 -1.529923e-003
    outer loop
      vertex  1.315227e+001  1.781862e+001  7.140583e+001
      vertex  1.315903e+001  1.785560e+001  7.350000e+001
      vertex  1.312500e+001  1.750000e+001  7.350000e+001
    endloop
  endfacet
  facet normal  9.963569e-001 -8.528180e-002  0.000000e+000
    outer loop
      vertex  1.315227e+001  1.781862e+001  7.140583e+001
      vertex  1.312500e+001  1.750000e+001  7.350000e+001
      vertex  1.312500e+001  1.750000e+001  7.141940e+001
    endloop
  endfacet
  facet normal -2.021441e-001 -9.793555e-001  7.843820e-004
    outer loop
      vertex  1.552130e+001  1.930107e+001  7.008663e+001
      vertex  1.527367e+001  1.935492e+001  7.350000e+001
      vertex  1.523616e+001  1.936007e+001  7.026083e+001
    endloop
  endfacet
  facet normal -5.105511e-002 -9.986954e-001 -9.959779e-004
    outer loop
      vertex  1.523616e+001  1.936007e+001  7.026083e+001
      vertex  1.527367e+001  1.935492e+001  7.350000e+001
      vertex  1.491691e+001  1.937316e+001  7.350000e+001
    endloop
  endfacet
  facet normal -4.730570e-002 -9.988803e-001 -6.256950e-004
    outer loop
      vertex  1.523616e+001  1.936007e+001  7.026083e+001
      vertex  1.491691e+001  1.937316e+001  7.350000e+001
      vertex  1.493930e+001  1.937402e+001  7.043752e+001
    endloop
  endfacet
  facet normal  1.392771e-001 -9.902531e-001  7.404013e-004
    outer loop
      vertex  1.493930e+001  1.937402e+001  7.043752e+001
      vertex  1.491691e+001  1.937316e+001  7.350000e+001
      vertex  1.456317e+001  1.932340e+001  7.350000e+001
    endloop
  endfacet
  facet normal  1.105276e-001 -9.938689e-001 -2.850298e-003
    outer loop
      vertex  1.493930e+001  1.937402e+001  7.043752e+001
      vertex  1.456317e+001  1.932340e+001  7.350000e+001
      vertex  1.464148e+001  1.934040e+001  7.061010e+001
    endloop
  endfacet
  facet normal -6.260868e-001 -7.797527e-001  9.720624e-004
    outer loop
      vertex  1.605308e+001  1.905133e+001  6.974972e+001
      vertex  1.628856e+001  1.886207e+001  6.959538e+001
      vertex  1.625093e+001  1.889671e+001  7.314529e+001
    endloop
  endfacet
  facet normal -7.404882e-001 -6.720681e-001 -1.291516e-003
    outer loop
      vertex  1.625093e+001  1.889671e+001  7.314529e+001
      vertex  1.628856e+001  1.886207e+001  6.959538e+001
      vertex  1.647889e+001  1.865261e+001  6.946827e+001
    endloop
  endfacet
  facet normal -7.230448e-001 -6.908005e-001  1.033524e-003
    outer loop
      vertex  1.625093e+001  1.889671e+001  7.314529e+001
      vertex  1.647889e+001  1.865261e+001  6.946827e+001
      vertex  1.645327e+001  1.868475e+001  7.302749e+001
    endloop
  endfacet
  facet normal -8.342068e-001 -5.514508e-001 -1.025532e-003
    outer loop
      vertex  1.645327e+001  1.868475e+001  7.302749e+001
      vertex  1.647889e+001  1.865261e+001  6.946827e+001
      vertex  1.663920e+001  1.841031e+001  6.935954e+001
    endloop
  endfacet
  facet normal -8.228884e-001 -5.682024e-001  8.016021e-004
    outer loop
      vertex  1.645327e+001  1.868475e+001  7.302749e+001
      vertex  1.663920e+001  1.841031e+001  6.935954e+001
      vertex  1.662329e+001  1.843837e+001  7.292698e+001
    endloop
  endfacet
  facet normal -9.083095e-001 -4.182980e-001 -7.584872e-004
    outer loop
      vertex  1.662329e+001  1.843837e+001  7.292698e+001
      vertex  1.663920e+001  1.841031e+001  6.935954e+001
      vertex  1.675701e+001  1.815462e+001  6.927864e+001
    endloop
  endfacet
  facet normal -9.020397e-001 -4.316528e-001  5.099881e-004
    outer loop
      vertex  1.662329e+001  1.843837e+001  7.292698e+001
      vertex  1.675701e+001  1.815462e+001  6.927864e+001
      vertex  1.674930e+001  1.817496e+001  7.285159e+001
    endloop
  endfacet
  facet normal -9.611191e-001 -2.761338e-001 -5.026903e-004
    outer loop
      vertex  1.674930e+001  1.817496e+001  7.285159e+001
      vertex  1.675701e+001  1.815462e+001  6.927864e+001
      vertex  1.683647e+001  1.787817e+001  6.922361e+001
    endloop
  endfacet
  facet normal -9.585398e-001 -2.849585e-001  2.811780e-004
    outer loop
      vertex  1.674930e+001  1.817496e+001  7.285159e+001
      vertex  1.683647e+001  1.787817e+001  6.922361e+001
      vertex  1.683397e+001  1.789011e+001  7.280049e+001
    endloop
  endfacet
  facet normal -9.884082e-001 -1.518198e-001 -1.839041e-004
    outer loop
      vertex  1.683397e+001  1.789011e+001  7.280049e+001
      vertex  1.683647e+001  1.787817e+001  6.922361e+001
      vertex  1.686529e+001  1.769053e+001  6.920355e+001
    endloop
  endfacet
  facet normal -9.876530e-001 -1.566577e-001  9.110411e-005
    outer loop
      vertex  1.683397e+001  1.789011e+001  7.280049e+001
      vertex  1.686529e+001  1.769053e+001  6.920355e+001
      vertex  1.686467e+001  1.769652e+001  7.278188e+001
    endloop
  endfacet
  facet normal -9.987050e-001 -5.087592e-002 -8.785841e-005
    outer loop
      vertex  1.686467e+001  1.769652e+001  7.278188e+001
      vertex  1.686529e+001  1.769053e+001  6.920355e+001
      vertex  1.687500e+001  1.750000e+001  6.919678e+001
    endloop
  endfacet
  facet normal -9.986223e-001 -5.247439e-002  0.000000e+000
    outer loop
      vertex  1.686467e+001  1.769652e+001  7.278188e+001
      vertex  1.687500e+001  1.750000e+001  6.919678e+001
      vertex  1.687500e+001  1.750000e+001  7.277560e+001
    endloop
  endfacet
  facet normal -9.761833e-001  2.168903e-001  4.977399e-003
    outer loop
      vertex -1.164766e+001 -1.435059e+002  7.350000e+001
      vertex -1.158428e+001 -1.432635e+002  7.536535e+001
      vertex -1.153711e+001 -1.430083e+002  7.350000e+001
    endloop
  endfacet
  facet normal -9.624472e-001  2.714563e-001 -2.580528e-003
    outer loop
      vertex -1.164766e+001 -1.435059e+002  7.350000e+001
      vertex -1.168815e+001 -1.436321e+002  7.532552e+001
      vertex -1.158428e+001 -1.432635e+002  7.536535e+001
    endloop
  endfacet
  facet normal -9.343362e-001  3.563712e-001  3.914247e-003
    outer loop
      vertex -1.168815e+001 -1.436321e+002  7.532552e+001
      vertex -1.164766e+001 -1.435059e+002  7.350000e+001
      vertex -1.182929e+001 -1.439821e+002  7.350000e+001
    endloop
  endfacet
  facet normal -9.241124e-001  3.821165e-001 -1.812115e-003
    outer loop
      vertex -1.182929e+001 -1.439821e+002  7.350000e+001
      vertex -1.185496e+001 -1.440358e+002  7.526070e+001
      vertex -1.168815e+001 -1.436321e+002  7.532552e+001
    endloop
  endfacet
  facet normal -6.955126e-001  7.184898e-001  5.892843e-003
    outer loop
      vertex -1.275520e+001 -1.451853e+002  7.350000e+001
      vertex -1.261802e+001 -1.450644e+002  7.495055e+001
      vertex -1.238900e+001 -1.448308e+002  7.350000e+001
    endloop
  endfacet
  facet normal -6.319574e-001  7.749881e-001 -4.826395e-003
    outer loop
      vertex -1.295826e+001 -1.453428e+002  7.480492e+001
      vertex -1.261802e+001 -1.450644e+002  7.495055e+001
      vertex -1.275520e+001 -1.451853e+002  7.350000e+001
    endloop
  endfacet
  facet normal -5.838006e-001  8.118658e-001  7.117036e-003
    outer loop
      vertex -1.316901e+001 -1.454829e+002  7.350000e+001
      vertex -1.295826e+001 -1.453428e+002  7.480492e+001
      vertex -1.275520e+001 -1.451853e+002  7.350000e+001
    endloop
  endfacet
  facet normal -5.301788e-001  8.478687e-001 -5.408513e-003
    outer loop
      vertex -1.316901e+001 -1.454829e+002  7.350000e+001
      vertex -1.332554e+001 -1.455735e+002  7.464254e+001
      vertex -1.295826e+001 -1.453428e+002  7.480492e+001
    endloop
  endfacet
  facet normal -4.596846e-001  8.880512e-001  7.435389e-003
    outer loop
      vertex -1.332554e+001 -1.455735e+002  7.464254e+001
      vertex -1.316901e+001 -1.454829e+002  7.350000e+001
      vertex -1.362164e+001 -1.457172e+002  7.350000e+001
    endloop
  endfacet
  facet normal -4.221269e-001  9.065250e-001 -4.621803e-003
    outer loop
      vertex -1.362164e+001 -1.457172e+002  7.350000e+001
      vertex -1.371308e+001 -1.457548e+002  7.446526e+001
      vertex -1.332554e+001 -1.455735e+002  7.464254e+001
    endloop
  endfacet
  facet normal -9.863939e-001  1.643812e-001 -2.462584e-003
    outer loop
      vertex -1.158428e+001 -1.432635e+002  7.536535e+001
      vertex -1.152117e+001 -1.428844e+002  7.538935e+001
      vertex -1.153711e+001 -1.430083e+002  7.350000e+001
    endloop
  endfacet
  facet normal -9.984804e-001  5.489491e-002  4.822012e-003
    outer loop
      vertex -1.153711e+001 -1.430083e+002  7.350000e+001
      vertex -1.152117e+001 -1.428844e+002  7.538935e+001
      vertex -1.150000e+001 -1.425000e+002  7.539737e+001
    endloop
  endfacet
  facet normal -9.973459e-001  7.281046e-002  0.000000e+000
    outer loop
      vertex -1.153711e+001 -1.430083e+002  7.350000e+001
      vertex -1.150000e+001 -1.425000e+002  7.539737e+001
      vertex -1.150000e+001 -1.425000e+002  7.350000e+001
    endloop
  endfacet
  facet normal -7.231613e-001  6.906729e-001 -2.952148e-003
    outer loop
      vertex -1.261802e+001 -1.450644e+002  7.495055e+001
      vertex -1.232507e+001 -1.447572e+002  7.507229e+001
      vertex -1.238900e+001 -1.448308e+002  7.350000e+001
    endloop
  endfacet
  facet normal -8.030463e-001  5.958977e-001  4.735608e-003
    outer loop
      vertex -1.238900e+001 -1.448308e+002  7.350000e+001
      vertex -1.232507e+001 -1.447572e+002  7.507229e+001
      vertex -1.206888e+001 -1.444127e+002  7.517602e+001
    endloop
  endfacet
  facet normal -7.925118e-001  6.098561e-001 -7.582993e-004
    outer loop
      vertex -1.238900e+001 -1.448308e+002  7.350000e+001
      vertex -1.206888e+001 -1.444127e+002  7.517602e+001
      vertex -1.207816e+001 -1.444269e+002  7.350000e+001
    endloop
  endfacet
  facet normal -8.697541e-001  4.934849e-001  6.515633e-004
    outer loop
      vertex -1.207816e+001 -1.444269e+002  7.350000e+001
      vertex -1.206888e+001 -1.444127e+002  7.517602e+001
      vertex -1.185496e+001 -1.440358e+002  7.526070e+001
    endloop
  endfacet
  facet normal -8.726809e-001  4.882860e-001  2.177346e-003
    outer loop
      vertex -1.207816e+001 -1.444269e+002  7.350000e+001
      vertex -1.185496e+001 -1.440358e+002  7.526070e+001
      vertex -1.182929e+001 -1.439821e+002  7.350000e+001
    endloop
  endfacet
  facet normal  1.051419e-001  9.944547e-001  2.254621e-003
    outer loop
      vertex -1.562050e+001 -1.459446e+002  7.350000e+001
      vertex -1.512212e+001 -1.459979e+002  7.376754e+001
      vertex -1.511364e+001 -1.459982e+002  7.350000e+001
    endloop
  endfacet
  facet normal -3.617994e-002  9.993428e-001 -2.229575e-003
    outer loop
      vertex -1.511364e+001 -1.459982e+002  7.350000e+001
      vertex -1.512212e+001 -1.459979e+002  7.376754e+001
      vertex -1.461720e+001 -1.459790e+002  7.402736e+001
    endloop
  endfacet
  facet normal -4.038621e-002  9.991826e-001  1.735952e-003
    outer loop
      vertex -1.511364e+001 -1.459982e+002  7.350000e+001
      vertex -1.461720e+001 -1.459790e+002  7.402736e+001
      vertex -1.460438e+001 -1.459776e+002  7.350000e+001
    endloop
  endfacet
  facet normal -1.808569e-001  9.835079e-001 -1.721054e-003
    outer loop
      vertex -1.460438e+001 -1.459776e+002  7.350000e+001
      vertex -1.461720e+001 -1.459790e+002  7.402736e+001
      vertex -1.411447e+001 -1.458861e+002  7.427511e+001
    endloop
  endfacet
  facet normal -1.850766e-001  9.827236e-001  1.038579e-003
    outer loop
      vertex -1.460438e+001 -1.459776e+002  7.350000e+001
      vertex -1.411447e+001 -1.458861e+002  7.427511e+001
      vertex -1.410351e+001 -1.458832e+002  7.350000e+001
    endloop
  endfacet
  facet normal -3.105424e-001  9.505591e-001 -8.557327e-004
    outer loop
      vertex -1.410351e+001 -1.458832e+002  7.350000e+001
      vertex -1.411447e+001 -1.458861e+002  7.427511e+001
      vertex -1.371308e+001 -1.457548e+002  7.446526e+001
    endloop
  endfacet
  facet normal -3.258387e-001  9.454063e-001  6.016748e-003
    outer loop
      vertex -1.410351e+001 -1.458832e+002  7.350000e+001
      vertex -1.371308e+001 -1.457548e+002  7.446526e+001
      vertex -1.362164e+001 -1.457172e+002  7.350000e+001
    endloop
  endfacet
  facet normal  1.051419e-001 -9.944547e-001  2.254621e-003
    outer loop
      vertex -1.511364e+001 -1.390018e+002  7.350000e+001
      vertex -1.512212e+001 -1.390021e+002  7.376754e+001
      vertex -1.562050e+001 -1.390554e+002  7.350000e+001
    endloop
  endfacet
  facet normal -4.596846e-001 -8.880512e-001  7.435386e-003
    outer loop
      vertex -1.316901e+001 -1.395171e+002  7.350000e+001
      vertex -1.332554e+001 -1.394265e+002  7.464254e+001
      vertex -1.362164e+001 -1.392828e+002  7.350000e+001
    endloop
  endfacet
  facet normal -5.301788e-001 -8.478687e-001 -5.408513e-003
    outer loop
      vertex -1.295826e+001 -1.396572e+002  7.480492e+001
      vertex -1.332554e+001 -1.394265e+002  7.464254e+001
      vertex -1.316901e+001 -1.395171e+002  7.350000e+001
    endloop
  endfacet
  facet normal -5.838006e-001 -8.118658e-001  7.117036e-003
    outer loop
      vertex -1.275520e+001 -1.398147e+002  7.350000e+001
      vertex -1.295826e+001 -1.396572e+002  7.480492e+001
      vertex -1.316901e+001 -1.395171e+002  7.350000e+001
    endloop
  endfacet
  facet normal -6.319574e-001 -7.749881e-001 -4.826395e-003
    outer loop
      vertex -1.275520e+001 -1.398147e+002  7.350000e+001
      vertex -1.261802e+001 -1.399356e+002  7.495055e+001
      vertex -1.295826e+001 -1.396572e+002  7.480492e+001
    endloop
  endfacet
  facet normal -6.955127e-001 -7.184898e-001  5.892843e-003
    outer loop
      vertex -1.261802e+001 -1.399356e+002  7.495055e+001
      vertex -1.275520e+001 -1.398147e+002  7.350000e+001
      vertex -1.238900e+001 -1.401692e+002  7.350000e+001
    endloop
  endfacet
  facet normal -7.231613e-001 -6.906729e-001 -2.952148e-003
    outer loop
      vertex -1.238900e+001 -1.401692e+002  7.350000e+001
      vertex -1.232507e+001 -1.402428e+002  7.507229e+001
      vertex -1.261802e+001 -1.399356e+002  7.495055e+001
    endloop
  endfacet
  facet normal -9.343362e-001 -3.563712e-001  3.914249e-003
    outer loop
      vertex -1.164766e+001 -1.414941e+002  7.350000e+001
      vertex -1.168815e+001 -1.413679e+002  7.532552e+001
      vertex -1.182929e+001 -1.410179e+002  7.350000e+001
    endloop
  endfacet
  facet normal -9.624472e-001 -2.714563e-001 -2.580528e-003
    outer loop
      vertex -1.158428e+001 -1.417365e+002  7.536535e+001
      vertex -1.168815e+001 -1.413679e+002  7.532552e+001
      vertex -1.164766e+001 -1.414941e+002  7.350000e+001
    endloop
  endfacet
  facet normal -9.761833e-001 -2.168903e-001  4.977399e-003
    outer loop
      vertex -1.153711e+001 -1.419917e+002  7.350000e+001
      vertex -1.158428e+001 -1.417365e+002  7.536535e+001
      vertex -1.164766e+001 -1.414941e+002  7.350000e+001
    endloop
  endfacet
  facet normal -4.221269e-001 -9.065250e-001 -4.621803e-003
    outer loop
      vertex -1.332554e+001 -1.394265e+002  7.464254e+001
      vertex -1.371308e+001 -1.392452e+002  7.446526e+001
      vertex -1.362164e+001 -1.392828e+002  7.350000e+001
    endloop
  endfacet
  facet normal -3.140193e-001 -9.493886e-001  7.291797e-003
    outer loop
      vertex -1.362164e+001 -1.392828e+002  7.350000e+001
      vertex -1.371308e+001 -1.392452e+002  7.446526e+001
      vertex -1.411447e+001 -1.391139e+002  7.427511e+001
    endloop
  endfacet
  facet normal -3.258444e-001 -9.454228e-001 -1.091280e-003
    outer loop
      vertex -1.362164e+001 -1.392828e+002  7.350000e+001
      vertex -1.411447e+001 -1.391139e+002  7.427511e+001
      vertex -1.410351e+001 -1.391168e+002  7.350000e+001
    endloop
  endfacet
  facet normal -1.821926e-001 -9.832623e-001  1.081377e-003
    outer loop
      vertex -1.410351e+001 -1.391168e+002  7.350000e+001
      vertex -1.411447e+001 -1.391139e+002  7.427511e+001
      vertex -1.461720e+001 -1.390210e+002  7.402736e+001
    endloop
  endfacet
  facet normal -1.850764e-001 -9.827224e-001 -1.825752e-003
    outer loop
      vertex -1.410351e+001 -1.391168e+002  7.350000e+001
      vertex -1.461720e+001 -1.390210e+002  7.402736e+001
      vertex -1.460438e+001 -1.390224e+002  7.350000e+001
    endloop
  endfacet
  facet normal -3.824454e-002 -9.992668e-001  1.788237e-003
    outer loop
      vertex -1.460438e+001 -1.390224e+002  7.350000e+001
      vertex -1.461720e+001 -1.390210e+002  7.402736e+001
      vertex -1.512212e+001 -1.390021e+002  7.376754e+001
    endloop
  endfacet
  facet normal -4.038617e-002 -9.991814e-001 -2.362708e-003
    outer loop
      vertex -1.460438e+001 -1.390224e+002  7.350000e+001
      vertex -1.512212e+001 -1.390021e+002  7.376754e+001
      vertex -1.511364e+001 -1.390018e+002  7.350000e+001
    endloop
  endfacet
  facet normal -9.241124e-001 -3.821165e-001 -1.812115e-003
    outer loop
      vertex -1.168815e+001 -1.413679e+002  7.532552e+001
      vertex -1.185496e+001 -1.409642e+002  7.526070e+001
      vertex -1.182929e+001 -1.410179e+002  7.350000e+001
    endloop
  endfacet
  facet normal -8.699173e-001 -4.931920e-001  2.367343e-003
    outer loop
      vertex -1.182929e+001 -1.410179e+002  7.350000e+001
      vertex -1.185496e+001 -1.409642e+002  7.526070e+001
      vertex -1.206888e+001 -1.405873e+002  7.517602e+001
    endloop
  endfacet
  facet normal -8.726829e-001 -4.882870e-001  7.116501e-004
    outer loop
      vertex -1.182929e+001 -1.410179e+002  7.350000e+001
      vertex -1.206888e+001 -1.405873e+002  7.517602e+001
      vertex -1.207816e+001 -1.405731e+002  7.350000e+001
    endloop
  endfacet
  facet normal -8.022869e-001 -5.969383e-001 -5.951487e-004
    outer loop
      vertex -1.207816e+001 -1.405731e+002  7.350000e+001
      vertex -1.206888e+001 -1.405873e+002  7.517602e+001
      vertex -1.232507e+001 -1.402428e+002  7.507229e+001
    endloop
  endfacet
  facet normal -7.925068e-001 -6.098522e-001  3.653390e-003
    outer loop
      vertex -1.207816e+001 -1.405731e+002  7.350000e+001
      vertex -1.232507e+001 -1.402428e+002  7.507229e+001
      vertex -1.238900e+001 -1.401692e+002  7.350000e+001
    endloop
  endfacet
  facet normal -9.863939e-001 -1.643812e-001 -2.462584e-003
    outer loop
      vertex -1.158428e+001 -1.417365e+002  7.536535e+001
      vertex -1.153711e+001 -1.419917e+002  7.350000e+001
      vertex -1.152117e+001 -1.421156e+002  7.538935e+001
    endloop
  endfacet
  facet normal -9.973392e-001 -7.280996e-002  3.637102e-003
    outer loop
      vertex -1.152117e+001 -1.421156e+002  7.538935e+001
      vertex -1.153711e+001 -1.419917e+002  7.350000e+001
      vertex -1.150000e+001 -1.425000e+002  7.350000e+001
    endloop
  endfacet
  facet normal -9.984865e-001 -5.499583e-002  0.000000e+000
    outer loop
      vertex -1.152117e+001 -1.421156e+002  7.538935e+001
      vertex -1.150000e+001 -1.425000e+002  7.350000e+001
      vertex -1.150000e+001 -1.425000e+002  7.539737e+001
    endloop
  endfacet
  facet normal  0.000000e+000  -0.000000e+000  1.000000e+000
    outer loop
      vertex -1.562050e+001 -1.459446e+002  7.350000e+001
      vertex -1.511364e+001 -1.459982e+002  7.350000e+001
      vertex -1.460438e+001 -1.459776e+002  7.350000e+001
    endloop
  endfacet
  facet normal  0.000000e+000  -0.000000e+000  1.000000e+000
    outer loop
      vertex -1.562050e+001 -1.459446e+002  7.350000e+001
      vertex -1.460438e+001 -1.459776e+002  7.350000e+001
      vertex -1.410351e+001 -1.458832e+002  7.350000e+001
    endloop
  endfacet
  facet normal  0.000000e+000  -0.000000e+000  1.000000e+000
    outer loop
      vertex -1.562050e+001 -1.459446e+002  7.350000e+001
      vertex -1.410351e+001 -1.458832e+002  7.350000e+001
      vertex -1.362164e+001 -1.457172e+002  7.350000e+001
    endloop
  endfacet
  facet normal  0.000000e+000  -0.000000e+000  1.000000e+000
    outer loop
      vertex -1.562050e+001 -1.459446e+002  7.350000e+001
      vertex -1.362164e+001 -1.457172e+002  7.350000e+001
      vertex -1.316901e+001 -1.454829e+002  7.350000e+001
    endloop
  endfacet
  facet normal  0.000000e+000  -0.000000e+000  1.000000e+000
    outer loop
      vertex -1.562050e+001 -1.459446e+002  7.350000e+001
      vertex -1.316901e+001 -1.454829e+002  7.350000e+001
      vertex -1.275520e+001 -1.451853e+002  7.350000e+001
    endloop
  endfacet
  facet normal  0.000000e+000  -0.000000e+000  1.000000e+000
    outer loop
      vertex -1.562050e+001 -1.459446e+002  7.350000e+001
      vertex -1.275520e+001 -1.451853e+002  7.350000e+001
      vertex -1.238900e+001 -1.448308e+002  7.350000e+001
    endloop
  endfacet
  facet normal  0.000000e+000  -0.000000e+000  9.999999e-001
    outer loop
      vertex -1.562050e+001 -1.459446e+002  7.350000e+001
      vertex -1.238900e+001 -1.448308e+002  7.350000e+001
      vertex -1.207816e+001 -1.444269e+002  7.350000e+001
    endloop
  endfacet
  facet normal  0.000000e+000  0.000000e+000  1.000000e+000
    outer loop
      vertex -1.562050e+001 -1.459446e+002  7.350000e+001
      vertex -1.207816e+001 -1.444269e+002  7.350000e+001
      vertex -1.491691e+001 -1.443732e+002  7.350000e+001
    endloop
  endfacet
  facet normal  0.000000e+000  0.000000e+000  1.000000e+000
    outer loop
      vertex -1.562050e+001 -1.459446e+002  7.350000e+001
      vertex -1.491691e+001 -1.443732e+002  7.350000e+001
      vertex -1.527367e+001 -1.443549e+002  7.350000e+001
    endloop
  endfacet
  facet normal  0.000000e+000  0.000000e+000  1.000000e+000
    outer loop
      vertex -1.562050e+001 -1.459446e+002  7.350000e+001
      vertex -1.527367e+001 -1.443549e+002  7.350000e+001
      vertex -1.562050e+001 -1.442693e+002  7.350000e+001
    endloop
  endfacet
  facet normal  0.000000e+000  0.000000e+000  1.000000e+000
    outer loop
      vertex -1.562050e+001 -1.390554e+002  7.350000e+001
      vertex -1.562050e+001 -1.407307e+002  7.350000e+001
      vertex -1.527367e+001 -1.406451e+002  7.350000e+001
    endloop
  endfacet
  facet normal  0.000000e+000  -0.000000e+000  1.000000e+000
    outer loop
      vertex -1.562050e+001 -1.390554e+002  7.350000e+001
      vertex -1.527367e+001 -1.406451e+002  7.350000e+001
      vertex -1.491691e+001 -1.406268e+002  7.350000e+001
    endloop
  endfacet
  facet normal  0.000000e+000  -0.000000e+000  1.000000e+000
    outer loop
      vertex -1.562050e+001 -1.390554e+002  7.350000e+001
      vertex -1.491691e+001 -1.406268e+002  7.350000e+001
      vertex -1.410351e+001 -1.391168e+002  7.350000e+001
    endloop
  endfacet
  facet normal  0.000000e+000  0.000000e+000  1.000000e+000
    outer loop
      vertex -1.562050e+001 -1.390554e+002  7.350000e+001
      vertex -1.410351e+001 -1.391168e+002  7.350000e+001
      vertex -1.460438e+001 -1.390224e+002  7.350000e+001
    endloop
  endfacet
  facet normal  0.000000e+000  0.000000e+000  1.000000e+000
    outer loop
      vertex -1.562050e+001 -1.390554e+002  7.350000e+001
      vertex -1.460438e+001 -1.390224e+002  7.350000e+001
      vertex -1.511364e+001 -1.390018e+002  7.350000e+001
    endloop
  endfacet
  facet normal  0.000000e+000  -0.000000e+000  1.000000e+000
    outer loop
      vertex -1.491691e+001 -1.406268e+002  7.350000e+001
      vertex -1.456317e+001 -1.406766e+002  7.350000e+001
      vertex -1.207816e+001 -1.405731e+002  7.350000e+001
    endloop
  endfacet
  facet normal  0.000000e+000  0.000000e+000  1.000000e+000
    outer loop
      vertex -1.491691e+001 -1.406268e+002  7.350000e+001
      vertex -1.207816e+001 -1.405731e+002  7.350000e+001
      vertex -1.238900e+001 -1.401692e+002  7.350000e+001
    endloop
  endfacet
  facet normal  0.000000e+000  0.000000e+000  1.000000e+000
    outer loop
      vertex -1.491691e+001 -1.406268e+002  7.350000e+001
      vertex -1.238900e+001 -1.401692e+002  7.350000e+001
      vertex -1.275520e+001 -1.398147e+002  7.350000e+001
    endloop
  endfacet
  facet normal  0.000000e+000  0.000000e+000  1.000000e+000
    outer loop
      vertex -1.491691e+001 -1.406268e+002  7.350000e+001
      vertex -1.275520e+001 -1.398147e+002  7.350000e+001
      vertex -1.316901e+001 -1.395171e+002  7.350000e+001
    endloop
  endfacet
  facet normal  0.000000e+000  0.000000e+000  9.999999e-001
    outer loop
      vertex -1.491691e+001 -1.406268e+002  7.350000e+001
      vertex -1.316901e+001 -1.395171e+002  7.350000e+001
      vertex -1.362164e+001 -1.392828e+002  7.350000e+001
    endloop
  endfacet
  facet normal  0.000000e+000  0.000000e+000  1.000000e+000
    outer loop
      vertex -1.491691e+001 -1.406268e+002  7.350000e+001
      vertex -1.362164e+001 -1.392828e+002  7.350000e+001
      vertex -1.410351e+001 -1.391168e+002  7.350000e+001
    endloop
  endfacet
  facet normal  0.000000e+000  0.000000e+000  1.000000e+000
    outer loop
      vertex -1.207816e+001 -1.444269e+002  7.350000e+001
      vertex -1.182929e+001 -1.439821e+002  7.350000e+001
      vertex -1.391552e+001 -1.440296e+002  7.350000e+001
    endloop
  endfacet
  facet normal  0.000000e+000  0.000000e+000  1.000000e+000
    outer loop
      vertex -1.207816e+001 -1.444269e+002  7.350000e+001
      vertex -1.391552e+001 -1.440296e+002  7.350000e+001
      vertex -1.422529e+001 -1.442075e+002  7.350000e+001
    endloop
  endfacet
  facet normal  0.000000e+000  0.000000e+000  9.999999e-001
    outer loop
      vertex -1.207816e+001 -1.444269e+002  7.350000e+001
      vertex -1.422529e+001 -1.442075e+002  7.350000e+001
      vertex -1.456317e+001 -1.443234e+002  7.350000e+001
    endloop
  endfacet
  facet normal  0.000000e+000  0.000000e+000  1.000000e+000
    outer loop
      vertex -1.207816e+001 -1.444269e+002  7.350000e+001
      vertex -1.456317e+001 -1.443234e+002  7.350000e+001
      vertex -1.491691e+001 -1.443732e+002  7.350000e+001
    endloop
  endfacet
  facet normal  -0.000000e+000  0.000000e+000  1.000000e+000
    outer loop
      vertex -1.207816e+001 -1.405731e+002  7.350000e+001
      vertex -1.456317e+001 -1.406766e+002  7.350000e+001
      vertex -1.182929e+001 -1.410179e+002  7.350000e+001
    endloop
  endfacet
  facet normal  0.000000e+000  0.000000e+000  1.000000e+000
    outer loop
      vertex -1.182929e+001 -1.410179e+002  7.350000e+001
      vertex -1.456317e+001 -1.406766e+002  7.350000e+001
      vertex -1.422529e+001 -1.407925e+002  7.350000e+001
    endloop
  endfacet
  facet normal  0.000000e+000  0.000000e+000  1.000000e+000
    outer loop
      vertex -1.182929e+001 -1.410179e+002  7.350000e+001
      vertex -1.422529e+001 -1.407925e+002  7.350000e+001
      vertex -1.391552e+001 -1.409704e+002  7.350000e+001
    endloop
  endfacet
  facet normal  0.000000e+000  0.000000e+000  1.000000e+000
    outer loop
      vertex -1.182929e+001 -1.410179e+002  7.350000e+001
      vertex -1.391552e+001 -1.409704e+002  7.350000e+001
      vertex -1.164766e+001 -1.414941e+002  7.350000e+001
    endloop
  endfacet
  facet normal  0.000000e+000  0.000000e+000  1.000000e+000
    outer loop
      vertex -1.164766e+001 -1.414941e+002  7.350000e+001
      vertex -1.391552e+001 -1.409704e+002  7.350000e+001
      vertex -1.364512e+001 -1.412039e+002  7.350000e+001
    endloop
  endfacet
  facet normal  0.000000e+000  0.000000e+000  1.000000e+000
    outer loop
      vertex -1.164766e+001 -1.414941e+002  7.350000e+001
      vertex -1.364512e+001 -1.412039e+002  7.350000e+001
      vertex -1.342389e+001 -1.414844e+002  7.350000e+001
    endloop
  endfacet
  facet normal  0.000000e+000  0.000000e+000  1.000000e+000
    outer loop
      vertex -1.164766e+001 -1.414941e+002  7.350000e+001
      vertex -1.342389e+001 -1.414844e+002  7.350000e+001
      vertex -1.153711e+001 -1.419917e+002  7.350000e+001
    endloop
  endfacet
  facet normal  0.000000e+000  0.000000e+000  1.000000e+000
    outer loop
      vertex -1.153711e+001 -1.419917e+002  7.350000e+001
      vertex -1.342389e+001 -1.414844e+002  7.350000e+001
      vertex -1.325988e+001 -1.418017e+002  7.350000e+001
    endloop
  endfacet
  facet normal  0.000000e+000  0.000000e+000  9.999999e-001
    outer loop
      vertex -1.153711e+001 -1.419917e+002  7.350000e+001
      vertex -1.325988e+001 -1.418017e+002  7.350000e+001
      vertex -1.315903e+001 -1.421444e+002  7.350000e+001
    endloop
  endfacet
  facet normal  -0.000000e+000  0.000000e+000  1.000000e+000
    outer loop
      vertex -1.153711e+001 -1.419917e+002  7.350000e+001
      vertex -1.315903e+001 -1.421444e+002  7.350000e+001
      vertex -1.150000e+001 -1.425000e+002  7.350000e+001
    endloop
  endfacet
  facet normal  0.000000e+000  0.000000e+000  1.000000e+000
    outer loop
      vertex -1.150000e+001 -1.425000e+002  7.350000e+001
      vertex -1.315903e+001 -1.421444e+002  7.350000e+001
      vertex -1.312500e+001 -1.425000e+002  7.350000e+001
    endloop
  endfacet
  facet normal  -0.000000e+000  0.000000e+000  1.000000e+000
    outer loop
      vertex -1.150000e+001 -1.425000e+002  7.350000e+001
      vertex -1.312500e+001 -1.425000e+002  7.350000e+001
      vertex -1.153711e+001 -1.430083e+002  7.350000e+001
    endloop
  endfacet
  facet normal  0.000000e+000  0.000000e+000  1.000000e+000
    outer loop
      vertex -1.153711e+001 -1.430083e+002  7.350000e+001
      vertex -1.312500e+001 -1.425000e+002  7.350000e+001
      vertex -1.315903e+001 -1.428556e+002  7.350000e+001
    endloop
  endfacet
  facet normal  0.000000e+000  0.000000e+000  9.999999e-001
    outer loop
      vertex -1.153711e+001 -1.430083e+002  7.350000e+001
      vertex -1.315903e+001 -1.428556e+002  7.350000e+001
      vertex -1.164766e+001 -1.435059e+002  7.350000e+001
    endloop
  endfacet
  facet normal  0.000000e+000  0.000000e+000  1.000000e+000
    outer loop
      vertex -1.164766e+001 -1.435059e+002  7.350000e+001
      vertex -1.315903e+001 -1.428556e+002  7.350000e+001
      vertex -1.325988e+001 -1.431983e+002  7.350000e+001
    endloop
  endfacet
  facet normal  0.000000e+000  0.000000e+000  1.000000e+000
    outer loop
      vertex -1.164766e+001 -1.435059e+002  7.350000e+001
      vertex -1.325988e+001 -1.431983e+002  7.350000e+001
      vertex -1.342389e+001 -1.435156e+002  7.350000e+001
    endloop
  endfacet
  facet normal  -0.000000e+000  0.000000e+000  1.000000e+000
    outer loop
      vertex -1.164766e+001 -1.435059e+002  7.350000e+001
      vertex -1.342389e+001 -1.435156e+002  7.350000e+001
      vertex -1.182929e+001 -1.439821e+002  7.350000e+001
    endloop
  endfacet
  facet normal  0.000000e+000  0.000000e+000  1.000000e+000
    outer loop
      vertex -1.182929e+001 -1.439821e+002  7.350000e+001
      vertex -1.342389e+001 -1.435156e+002  7.350000e+001
      vertex -1.364512e+001 -1.437961e+002  7.350000e+001
    endloop
  endfacet
  facet normal  0.000000e+000  0.000000e+000  9.999999e-001
    outer loop
      vertex -1.182929e+001 -1.439821e+002  7.350000e+001
      vertex -1.364512e+001 -1.437961e+002  7.350000e+001
      vertex -1.391552e+001 -1.440296e+002  7.350000e+001
    endloop
  endfacet
  facet normal  9.761833e-001 -2.168903e-001  4.977399e-003
    outer loop
      vertex  1.164766e+001 -1.414941e+002  7.350000e+001
      vertex  1.158428e+001 -1.417365e+002  7.536535e+001
      vertex  1.153711e+001 -1.419917e+002  7.350000e+001
    endloop
  endfacet
  facet normal  9.624472e-001 -2.714563e-001 -2.580528e-003
    outer loop
      vertex  1.164766e+001 -1.414941e+002  7.350000e+001
      vertex  1.168815e+001 -1.413679e+002  7.532552e+001
      vertex  1.158428e+001 -1.417365e+002  7.536535e+001
    endloop
  endfacet
  facet normal  9.343362e-001 -3.563712e-001  3.914247e-003
    outer loop
      vertex  1.168815e+001 -1.413679e+002  7.532552e+001
      vertex  1.164766e+001 -1.414941e+002  7.350000e+001
      vertex  1.182929e+001 -1.410179e+002  7.350000e+001
    endloop
  endfacet
  facet normal  9.241124e-001 -3.821165e-001 -1.812115e-003
    outer loop
      vertex  1.182929e+001 -1.410179e+002  7.350000e+001
      vertex  1.185496e+001 -1.409642e+002  7.526070e+001
      vertex  1.168815e+001 -1.413679e+002  7.532552e+001
    endloop
  endfacet
  facet normal  6.955126e-001 -7.184898e-001  5.892843e-003
    outer loop
      vertex  1.275520e+001 -1.398147e+002  7.350000e+001
      vertex  1.261802e+001 -1.399356e+002  7.495055e+001
      vertex  1.238900e+001 -1.401692e+002  7.350000e+001
    endloop
  endfacet
  facet normal  6.319574e-001 -7.749881e-001 -4.826395e-003
    outer loop
      vertex  1.295826e+001 -1.396572e+002  7.480492e+001
      vertex  1.261802e+001 -1.399356e+002  7.495055e+001
      vertex  1.275520e+001 -1.398147e+002  7.350000e+001
    endloop
  endfacet
  facet normal  5.838006e-001 -8.118658e-001  7.117036e-003
    outer loop
      vertex  1.316901e+001 -1.395171e+002  7.350000e+001
      vertex  1.295826e+001 -1.396572e+002  7.480492e+001
      vertex  1.275520e+001 -1.398147e+002  7.350000e+001
    endloop
  endfacet
  facet normal  5.301788e-001 -8.478687e-001 -5.408513e-003
    outer loop
      vertex  1.316901e+001 -1.395171e+002  7.350000e+001
      vertex  1.332554e+001 -1.394265e+002  7.464254e+001
      vertex  1.295826e+001 -1.396572e+002  7.480492e+001
    endloop
  endfacet
  facet normal  4.596846e-001 -8.880512e-001  7.435389e-003
    outer loop
      vertex  1.332554e+001 -1.394265e+002  7.464254e+001
      vertex  1.316901e+001 -1.395171e+002  7.350000e+001
      vertex  1.362164e+001 -1.392828e+002  7.350000e+001
    endloop
  endfacet
  facet normal  4.221269e-001 -9.065250e-001 -4.621803e-003
    outer loop
      vertex  1.362164e+001 -1.392828e+002  7.350000e+001
      vertex  1.371308e+001 -1.392452e+002  7.446526e+001
      vertex  1.332554e+001 -1.394265e+002  7.464254e+001
    endloop
  endfacet
  facet normal  9.863939e-001 -1.643812e-001 -2.462584e-003
    outer loop
      vertex  1.158428e+001 -1.417365e+002  7.536535e+001
      vertex  1.152117e+001 -1.421156e+002  7.538935e+001
      vertex  1.153711e+001 -1.419917e+002  7.350000e+001
    endloop
  endfacet
  facet normal  9.984804e-001 -5.489491e-002  4.822012e-003
    outer loop
      vertex  1.153711e+001 -1.419917e+002  7.350000e+001
      vertex  1.152117e+001 -1.421156e+002  7.538935e+001
      vertex  1.150000e+001 -1.425000e+002  7.539737e+001
    endloop
  endfacet
  facet normal  9.973459e-001 -7.281046e-002  0.000000e+000
    outer loop
      vertex  1.153711e+001 -1.419917e+002  7.350000e+001
      vertex  1.150000e+001 -1.425000e+002  7.539737e+001
      vertex  1.150000e+001 -1.425000e+002  7.350000e+001
    endloop
  endfacet
  facet normal  7.231613e-001 -6.906729e-001 -2.952148e-003
    outer loop
      vertex  1.261802e+001 -1.399356e+002  7.495055e+001
      vertex  1.232507e+001 -1.402428e+002  7.507229e+001
      vertex  1.238900e+001 -1.401692e+002  7.350000e+001
    endloop
  endfacet
  facet normal  8.030463e-001 -5.958977e-001  4.735608e-003
    outer loop
      vertex  1.238900e+001 -1.401692e+002  7.350000e+001
      vertex  1.232507e+001 -1.402428e+002  7.507229e+001
      vertex  1.206888e+001 -1.405873e+002  7.517602e+001
    endloop
  endfacet
  facet normal  7.925118e-001 -6.098561e-001 -7.582993e-004
    outer loop
      vertex  1.238900e+001 -1.401692e+002  7.350000e+001
      vertex  1.206888e+001 -1.405873e+002  7.517602e+001
      vertex  1.207816e+001 -1.405731e+002  7.350000e+001
    endloop
  endfacet
  facet normal  8.697541e-001 -4.934849e-001  6.515633e-004
    outer loop
      vertex  1.207816e+001 -1.405731e+002  7.350000e+001
      vertex  1.206888e+001 -1.405873e+002  7.517602e+001
      vertex  1.185496e+001 -1.409642e+002  7.526070e+001
    endloop
  endfacet
  facet normal  8.726809e-001 -4.882860e-001  2.177346e-003
    outer loop
      vertex  1.207816e+001 -1.405731e+002  7.350000e+001
      vertex  1.185496e+001 -1.409642e+002  7.526070e+001
      vertex  1.182929e+001 -1.410179e+002  7.350000e+001
    endloop
  endfacet
  facet normal -1.051419e-001 -9.944547e-001  2.254621e-003
    outer loop
      vertex  1.562050e+001 -1.390554e+002  7.350000e+001
      vertex  1.512212e+001 -1.390021e+002  7.376754e+001
      vertex  1.511364e+001 -1.390018e+002  7.350000e+001
    endloop
  endfacet
  facet normal  3.617994e-002 -9.993428e-001 -2.229575e-003
    outer loop
      vertex  1.511364e+001 -1.390018e+002  7.350000e+001
      vertex  1.512212e+001 -1.390021e+002  7.376754e+001
      vertex  1.461720e+001 -1.390210e+002  7.402736e+001
    endloop
  endfacet
  facet normal  4.038621e-002 -9.991826e-001  1.735952e-003
    outer loop
      vertex  1.511364e+001 -1.390018e+002  7.350000e+001
      vertex  1.461720e+001 -1.390210e+002  7.402736e+001
      vertex  1.460438e+001 -1.390224e+002  7.350000e+001
    endloop
  endfacet
  facet normal  1.808569e-001 -9.835079e-001 -1.721054e-003
    outer loop
      vertex  1.460438e+001 -1.390224e+002  7.350000e+001
      vertex  1.461720e+001 -1.390210e+002  7.402736e+001
      vertex  1.411447e+001 -1.391139e+002  7.427511e+001
    endloop
  endfacet
  facet normal  1.850766e-001 -9.827236e-001  1.038579e-003
    outer loop
      vertex  1.460438e+001 -1.390224e+002  7.350000e+001
      vertex  1.411447e+001 -1.391139e+002  7.427511e+001
      vertex  1.410351e+001 -1.391168e+002  7.350000e+001
    endloop
  endfacet
  facet normal  3.105424e-001 -9.505591e-001 -8.557327e-004
    outer loop
      vertex  1.410351e+001 -1.391168e+002  7.350000e+001
      vertex  1.411447e+001 -1.391139e+002  7.427511e+001
      vertex  1.371308e+001 -1.392452e+002  7.446526e+001
    endloop
  endfacet
  facet normal  3.258387e-001 -9.454063e-001  6.016748e-003
    outer loop
      vertex  1.410351e+001 -1.391168e+002  7.350000e+001
      vertex  1.371308e+001 -1.392452e+002  7.446526e+001
      vertex  1.362164e+001 -1.392828e+002  7.350000e+001
    endloop
  endfacet
  facet normal -1.051419e-001  9.944547e-001  2.254621e-003
    outer loop
      vertex  1.511364e+001 -1.459982e+002  7.350000e+001
      vertex  1.512212e+001 -1.459979e+002  7.376754e+001
      vertex  1.562050e+001 -1.459446e+002  7.350000e+001
    endloop
  endfacet
  facet normal  4.596846e-001  8.880512e-001  7.435386e-003
    outer loop
      vertex  1.316901e+001 -1.454829e+002  7.350000e+001
      vertex  1.332554e+001 -1.455735e+002  7.464254e+001
      vertex  1.362164e+001 -1.457172e+002  7.350000e+001
    endloop
  endfacet
  facet normal  5.301788e-001  8.478687e-001 -5.408513e-003
    outer loop
      vertex  1.295826e+001 -1.453428e+002  7.480492e+001
      vertex  1.332554e+001 -1.455735e+002  7.464254e+001
      vertex  1.316901e+001 -1.454829e+002  7.350000e+001
    endloop
  endfacet
  facet normal  5.838006e-001  8.118658e-001  7.117036e-003
    outer loop
      vertex  1.275520e+001 -1.451853e+002  7.350000e+001
      vertex  1.295826e+001 -1.453428e+002  7.480492e+001
      vertex  1.316901e+001 -1.454829e+002  7.350000e+001
    endloop
  endfacet
  facet normal  6.319574e-001  7.749881e-001 -4.826395e-003
    outer loop
      vertex  1.275520e+001 -1.451853e+002  7.350000e+001
      vertex  1.261802e+001 -1.450644e+002  7.495055e+001
      vertex  1.295826e+001 -1.453428e+002  7.480492e+001
    endloop
  endfacet
  facet normal  6.955127e-001  7.184898e-001  5.892843e-003
    outer loop
      vertex  1.261802e+001 -1.450644e+002  7.495055e+001
      vertex  1.275520e+001 -1.451853e+002  7.350000e+001
      vertex  1.238900e+001 -1.448308e+002  7.350000e+001
    endloop
  endfacet
  facet normal  7.231613e-001  6.906729e-001 -2.952148e-003
    outer loop
      vertex  1.238900e+001 -1.448308e+002  7.350000e+001
      vertex  1.232507e+001 -1.447572e+002  7.507229e+001
      vertex  1.261802e+001 -1.450644e+002  7.495055e+001
    endloop
  endfacet
  facet normal  9.343362e-001  3.563712e-001  3.914249e-003
    outer loop
      vertex  1.164766e+001 -1.435059e+002  7.350000e+001
      vertex  1.168815e+001 -1.436321e+002  7.532552e+001
      vertex  1.182929e+001 -1.439821e+002  7.350000e+001
    endloop
  endfacet
  facet normal  9.624472e-001  2.714563e-001 -2.580528e-003
    outer loop
      vertex  1.158428e+001 -1.432635e+002  7.536535e+001
      vertex  1.168815e+001 -1.436321e+002  7.532552e+001
      vertex  1.164766e+001 -1.435059e+002  7.350000e+001
    endloop
  endfacet
  facet normal  9.761833e-001  2.168903e-001  4.977399e-003
    outer loop
      vertex  1.153711e+001 -1.430083e+002  7.350000e+001
      vertex  1.158428e+001 -1.432635e+002  7.536535e+001
      vertex  1.164766e+001 -1.435059e+002  7.350000e+001
    endloop
  endfacet
  facet normal  4.221269e-001  9.065250e-001 -4.621803e-003
    outer loop
      vertex  1.332554e+001 -1.455735e+002  7.464254e+001
      vertex  1.371308e+001 -1.457548e+002  7.446526e+001
      vertex  1.362164e+001 -1.457172e+002  7.350000e+001
    endloop
  endfacet
  facet normal  3.140193e-001  9.493886e-001  7.291797e-003
    outer loop
      vertex  1.362164e+001 -1.457172e+002  7.350000e+001
      vertex  1.371308e+001 -1.457548e+002  7.446526e+001
      vertex  1.411447e+001 -1.458861e+002  7.427511e+001
    endloop
  endfacet
  facet normal  3.258444e-001  9.454228e-001 -1.091280e-003
    outer loop
      vertex  1.362164e+001 -1.457172e+002  7.350000e+001
      vertex  1.411447e+001 -1.458861e+002  7.427511e+001
      vertex  1.410351e+001 -1.458832e+002  7.350000e+001
    endloop
  endfacet
  facet normal  1.821926e-001  9.832623e-001  1.081377e-003
    outer loop
      vertex  1.410351e+001 -1.458832e+002  7.350000e+001
      vertex  1.411447e+001 -1.458861e+002  7.427511e+001
      vertex  1.461720e+001 -1.459790e+002  7.402736e+001
    endloop
  endfacet
  facet normal  1.850764e-001  9.827224e-001 -1.825752e-003
    outer loop
      vertex  1.410351e+001 -1.458832e+002  7.350000e+001
      vertex  1.461720e+001 -1.459790e+002  7.402736e+001
      vertex  1.460438e+001 -1.459776e+002  7.350000e+001
    endloop
  endfacet
  facet normal  3.824454e-002  9.992668e-001  1.788237e-003
    outer loop
      vertex  1.460438e+001 -1.459776e+002  7.350000e+001
      vertex  1.461720e+001 -1.459790e+002  7.402736e+001
      vertex  1.512212e+001 -1.459979e+002  7.376754e+001
    endloop
  endfacet
  facet normal  4.038617e-002  9.991814e-001 -2.362708e-003
    outer loop
      vertex  1.460438e+001 -1.459776e+002  7.350000e+001
      vertex  1.512212e+001 -1.459979e+002  7.376754e+001
      vertex  1.511364e+001 -1.459982e+002  7.350000e+001
    endloop
  endfacet
  facet normal  9.241124e-001  3.821165e-001 -1.812115e-003
    outer loop
      vertex  1.168815e+001 -1.436321e+002  7.532552e+001
      vertex  1.185496e+001 -1.440358e+002  7.526070e+001
      vertex  1.182929e+001 -1.439821e+002  7.350000e+001
    endloop
  endfacet
  facet normal  8.699173e-001  4.931920e-001  2.367343e-003
    outer loop
      vertex  1.182929e+001 -1.439821e+002  7.350000e+001
      vertex  1.185496e+001 -1.440358e+002  7.526070e+001
      vertex  1.206888e+001 -1.444127e+002  7.517602e+001
    endloop
  endfacet
  facet normal  8.726829e-001  4.882870e-001  7.116501e-004
    outer loop
      vertex  1.182929e+001 -1.439821e+002  7.350000e+001
      vertex  1.206888e+001 -1.444127e+002  7.517602e+001
      vertex  1.207816e+001 -1.444269e+002  7.350000e+001
    endloop
  endfacet
  facet normal  8.022869e-001  5.969383e-001 -5.951487e-004
    outer loop
      vertex  1.207816e+001 -1.444269e+002  7.350000e+001
      vertex  1.206888e+001 -1.444127e+002  7.517602e+001
      vertex  1.232507e+001 -1.447572e+002  7.507229e+001
    endloop
  endfacet
  facet normal  7.925068e-001  6.098522e-001  3.653390e-003
    outer loop
      vertex  1.207816e+001 -1.444269e+002  7.350000e+001
      vertex  1.232507e+001 -1.447572e+002  7.507229e+001
      vertex  1.238900e+001 -1.448308e+002  7.350000e+001
    endloop
  endfacet
  facet normal  9.863939e-001  1.643812e-001 -2.462584e-003
    outer loop
      vertex  1.158428e+001 -1.432635e+002  7.536535e+001
      vertex  1.153711e+001 -1.430083e+002  7.350000e+001
      vertex  1.152117e+001 -1.428844e+002  7.538935e+001
    endloop
  endfacet
  facet normal  9.973392e-001  7.280996e-002  3.637102e-003
    outer loop
      vertex  1.152117e+001 -1.428844e+002  7.538935e+001
      vertex  1.153711e+001 -1.430083e+002  7.350000e+001
      vertex  1.150000e+001 -1.425000e+002  7.350000e+001
    endloop
  endfacet
  facet normal  9.984865e-001  5.499583e-002  -0.000000e+000
    outer loop
      vertex  1.152117e+001 -1.428844e+002  7.538935e+001
      vertex  1.150000e+001 -1.425000e+002  7.350000e+001
      vertex  1.150000e+001 -1.425000e+002  7.539737e+001
    endloop
  endfacet
  facet normal  0.000000e+000  0.000000e+000  1.000000e+000
    outer loop
      vertex  1.562050e+001 -1.390554e+002  7.350000e+001
      vertex  1.511364e+001 -1.390018e+002  7.350000e+001
      vertex  1.460438e+001 -1.390224e+002  7.350000e+001
    endloop
  endfacet
  facet normal  0.000000e+000  0.000000e+000  1.000000e+000
    outer loop
      vertex  1.562050e+001 -1.390554e+002  7.350000e+001
      vertex  1.460438e+001 -1.390224e+002  7.350000e+001
      vertex  1.410351e+001 -1.391168e+002  7.350000e+001
    endloop
  endfacet
  facet normal  -0.000000e+000  0.000000e+000  1.000000e+000
    outer loop
      vertex  1.562050e+001 -1.390554e+002  7.350000e+001
      vertex  1.410351e+001 -1.391168e+002  7.350000e+001
      vertex  1.491691e+001 -1.406268e+002  7.350000e+001
    endloop
  endfacet
  facet normal  -0.000000e+000  0.000000e+000  1.000000e+000
    outer loop
      vertex  1.562050e+001 -1.390554e+002  7.350000e+001
      vertex  1.491691e+001 -1.406268e+002  7.350000e+001
      vertex  1.527367e+001 -1.406451e+002  7.350000e+001
    endloop
  endfacet
  facet normal  -0.000000e+000  0.000000e+000  1.000000e+000
    outer loop
      vertex  1.562050e+001 -1.390554e+002  7.350000e+001
      vertex  1.527367e+001 -1.406451e+002  7.350000e+001
      vertex  1.562050e+001 -1.407307e+002  7.350000e+001
    endloop
  endfacet
  facet normal  0.000000e+000  0.000000e+000  1.000000e+000
    outer loop
      vertex  1.562050e+001 -1.459446e+002  7.350000e+001
      vertex  1.562050e+001 -1.442693e+002  7.350000e+001
      vertex  1.527367e+001 -1.443549e+002  7.350000e+001
    endloop
  endfacet
  facet normal  0.000000e+000  0.000000e+000  1.000000e+000
    outer loop
      vertex  1.562050e+001 -1.459446e+002  7.350000e+001
      vertex  1.527367e+001 -1.443549e+002  7.350000e+001
      vertex  1.491691e+001 -1.443732e+002  7.350000e+001
    endloop
  endfacet
  facet normal  0.000000e+000  0.000000e+000  1.000000e+000
    outer loop
      vertex  1.562050e+001 -1.459446e+002  7.350000e+001
      vertex  1.491691e+001 -1.443732e+002  7.350000e+001
      vertex  1.207816e+001 -1.444269e+002  7.350000e+001
    endloop
  endfacet
  facet normal  0.000000e+000  0.000000e+000  9.999999e-001
    outer loop
      vertex  1.562050e+001 -1.459446e+002  7.350000e+001
      vertex  1.207816e+001 -1.444269e+002  7.350000e+001
      vertex  1.238900e+001 -1.448308e+002  7.350000e+001
    endloop
  endfacet
  facet normal  0.000000e+000  0.000000e+000  1.000000e+000
    outer loop
      vertex  1.562050e+001 -1.459446e+002  7.350000e+001
      vertex  1.238900e+001 -1.448308e+002  7.350000e+001
      vertex  1.275520e+001 -1.451853e+002  7.350000e+001
    endloop
  endfacet
  facet normal  0.000000e+000  0.000000e+000  1.000000e+000
    outer loop
      vertex  1.562050e+001 -1.459446e+002  7.350000e+001
      vertex  1.275520e+001 -1.451853e+002  7.350000e+001
      vertex  1.316901e+001 -1.454829e+002  7.350000e+001
    endloop
  endfacet
  facet normal  0.000000e+000  0.000000e+000  1.000000e+000
    outer loop
      vertex  1.562050e+001 -1.459446e+002  7.350000e+001
      vertex  1.316901e+001 -1.454829e+002  7.350000e+001
      vertex  1.362164e+001 -1.457172e+002  7.350000e+001
    endloop
  endfacet
  facet normal  0.000000e+000  0.000000e+000  1.000000e+000
    outer loop
      vertex  1.562050e+001 -1.459446e+002  7.350000e+001
      vertex  1.362164e+001 -1.457172e+002  7.350000e+001
      vertex  1.410351e+001 -1.458832e+002  7.350000e+001
    endloop
  endfacet
  facet normal  0.000000e+000  0.000000e+000  1.000000e+000
    outer loop
      vertex  1.562050e+001 -1.459446e+002  7.350000e+001
      vertex  1.410351e+001 -1.458832e+002  7.350000e+001
      vertex  1.460438e+001 -1.459776e+002  7.350000e+001
    endloop
  endfacet
  facet normal  -0.000000e+000  0.000000e+000  1.000000e+000
    outer loop
      vertex  1.562050e+001 -1.459446e+002  7.350000e+001
      vertex  1.460438e+001 -1.459776e+002  7.350000e+001
      vertex  1.511364e+001 -1.459982e+002  7.350000e+001
    endloop
  endfacet
  facet normal  0.000000e+000  0.000000e+000  1.000000e+000
    outer loop
      vertex  1.491691e+001 -1.406268e+002  7.350000e+001
      vertex  1.410351e+001 -1.391168e+002  7.350000e+001
      vertex  1.362164e+001 -1.392828e+002  7.350000e+001
    endloop
  endfacet
  facet normal  0.000000e+000  0.000000e+000  9.999999e-001
    outer loop
      vertex  1.491691e+001 -1.406268e+002  7.350000e+001
      vertex  1.362164e+001 -1.392828e+002  7.350000e+001
      vertex  1.316901e+001 -1.395171e+002  7.350000e+001
    endloop
  endfacet
  facet normal  0.000000e+000  0.000000e+000  1.000000e+000
    outer loop
      vertex  1.491691e+001 -1.406268e+002  7.350000e+001
      vertex  1.316901e+001 -1.395171e+002  7.350000e+001
      vertex  1.275520e+001 -1.398147e+002  7.350000e+001
    endloop
  endfacet
  facet normal  0.000000e+000  0.000000e+000  1.000000e+000
    outer loop
      vertex  1.491691e+001 -1.406268e+002  7.350000e+001
      vertex  1.275520e+001 -1.398147e+002  7.350000e+001
      vertex  1.238900e+001 -1.401692e+002  7.350000e+001
    endloop
  endfacet
  facet normal  0.000000e+000  0.000000e+000  1.000000e+000
    outer loop
      vertex  1.491691e+001 -1.406268e+002  7.350000e+001
      vertex  1.238900e+001 -1.401692e+002  7.350000e+001
      vertex  1.207816e+001 -1.405731e+002  7.350000e+001
    endloop
  endfacet
  facet normal  0.000000e+000  0.000000e+000  1.000000e+000
    outer loop
      vertex  1.491691e+001 -1.406268e+002  7.350000e+001
      vertex  1.207816e+001 -1.405731e+002  7.350000e+001
      vertex  1.456317e+001 -1.406766e+002  7.350000e+001
    endloop
  endfacet
  facet normal  0.000000e+000  0.000000e+000  1.000000e+000
    outer loop
      vertex  1.207816e+001 -1.444269e+002  7.350000e+001
      vertex  1.491691e+001 -1.443732e+002  7.350000e+001
      vertex  1.456317e+001 -1.443234e+002  7.350000e+001
    endloop
  endfacet
  facet normal  0.000000e+000  0.000000e+000  9.999999e-001
    outer loop
      vertex  1.207816e+001 -1.444269e+002  7.350000e+001
      vertex  1.456317e+001 -1.443234e+002  7.350000e+001
      vertex  1.422529e+001 -1.442075e+002  7.350000e+001
    endloop
  endfacet
  facet normal  0.000000e+000  0.000000e+000  1.000000e+000
    outer loop
      vertex  1.207816e+001 -1.444269e+002  7.350000e+001
      vertex  1.422529e+001 -1.442075e+002  7.350000e+001
      vertex  1.391552e+001 -1.440296e+002  7.350000e+001
    endloop
  endfacet
  facet normal  0.000000e+000  0.000000e+000  1.000000e+000
    outer loop
      vertex  1.207816e+001 -1.444269e+002  7.350000e+001
      vertex  1.391552e+001 -1.440296e+002  7.350000e+001
      vertex  1.182929e+001 -1.439821e+002  7.350000e+001
    endloop
  endfacet
  facet normal  0.000000e+000  0.000000e+000  9.999999e-001
    outer loop
      vertex  1.456317e+001 -1.406766e+002  7.350000e+001
      vertex  1.207816e+001 -1.405731e+002  7.350000e+001
      vertex  1.422529e+001 -1.407925e+002  7.350000e+001
    endloop
  endfacet
  facet normal  0.000000e+000  0.000000e+000  1.000000e+000
    outer loop
      vertex  1.422529e+001 -1.407925e+002  7.350000e+001
      vertex  1.207816e+001 -1.405731e+002  7.350000e+001
      vertex  1.182929e+001 -1.410179e+002  7.350000e+001
    endloop
  endfacet
  facet normal  0.000000e+000  0.000000e+000  1.000000e+000
    outer loop
      vertex  1.422529e+001 -1.407925e+002  7.350000e+001
      vertex  1.182929e+001 -1.410179e+002  7.350000e+001
      vertex  1.391552e+001 -1.409704e+002  7.350000e+001
    endloop
  endfacet
  facet normal  -0.000000e+000  0.000000e+000  9.999999e-001
    outer loop
      vertex  1.391552e+001 -1.409704e+002  7.350000e+001
      vertex  1.182929e+001 -1.410179e+002  7.350000e+001
      vertex  1.364512e+001 -1.412039e+002  7.350000e+001
    endloop
  endfacet
  facet normal  0.000000e+000  0.000000e+000  1.000000e+000
    outer loop
      vertex  1.364512e+001 -1.412039e+002  7.350000e+001
      vertex  1.182929e+001 -1.410179e+002  7.350000e+001
      vertex  1.164766e+001 -1.414941e+002  7.350000e+001
    endloop
  endfacet
  facet normal  0.000000e+000  0.000000e+000  1.000000e+000
    outer loop
      vertex  1.364512e+001 -1.412039e+002  7.350000e+001
      vertex  1.164766e+001 -1.414941e+002  7.350000e+001
      vertex  1.342389e+001 -1.414844e+002  7.350000e+001
    endloop
  endfacet
  facet normal  -0.000000e+000  0.000000e+000  1.000000e+000
    outer loop
      vertex  1.342389e+001 -1.414844e+002  7.350000e+001
      vertex  1.164766e+001 -1.414941e+002  7.350000e+001
      vertex  1.325988e+001 -1.418017e+002  7.350000e+001
    endloop
  endfacet
  facet normal  0.000000e+000  0.000000e+000  1.000000e+000
    outer loop
      vertex  1.325988e+001 -1.418017e+002  7.350000e+001
      vertex  1.164766e+001 -1.414941e+002  7.350000e+001
      vertex  1.153711e+001 -1.419917e+002  7.350000e+001
    endloop
  endfacet
  facet normal  -0.000000e+000  0.000000e+000  9.999999e-001
    outer loop
      vertex  1.325988e+001 -1.418017e+002  7.350000e+001
      vertex  1.153711e+001 -1.419917e+002  7.350000e+001
      vertex  1.315903e+001 -1.421444e+002  7.350000e+001
    endloop
  endfacet
  facet normal  0.000000e+000  0.000000e+000  1.000000e+000
    outer loop
      vertex  1.315903e+001 -1.421444e+002  7.350000e+001
      vertex  1.153711e+001 -1.419917e+002  7.350000e+001
      vertex  1.312500e+001 -1.425000e+002  7.350000e+001
    endloop
  endfacet
  facet normal  0.000000e+000  0.000000e+000  1.000000e+000
    outer loop
      vertex  1.312500e+001 -1.425000e+002  7.350000e+001
      vertex  1.153711e+001 -1.419917e+002  7.350000e+001
      vertex  1.150000e+001 -1.425000e+002  7.350000e+001
    endloop
  endfacet
  facet normal  -0.000000e+000  0.000000e+000  1.000000e+000
    outer loop
      vertex  1.312500e+001 -1.425000e+002  7.350000e+001
      vertex  1.150000e+001 -1.425000e+002  7.350000e+001
      vertex  1.315903e+001 -1.428556e+002  7.350000e+001
    endloop
  endfacet
  facet normal  0.000000e+000  0.000000e+000  1.000000e+000
    outer loop
      vertex  1.315903e+001 -1.428556e+002  7.350000e+001
      vertex  1.150000e+001 -1.425000e+002  7.350000e+001
      vertex  1.153711e+001 -1.430083e+002  7.350000e+001
    endloop
  endfacet
  facet normal  -0.000000e+000  0.000000e+000  9.999999e-001
    outer loop
      vertex  1.315903e+001 -1.428556e+002  7.350000e+001
      vertex  1.153711e+001 -1.430083e+002  7.350000e+001
      vertex  1.325988e+001 -1.431983e+002  7.350000e+001
    endloop
  endfacet
  facet normal  0.000000e+000  0.000000e+000  1.000000e+000
    outer loop
      vertex  1.325988e+001 -1.431983e+002  7.350000e+001
      vertex  1.153711e+001 -1.430083e+002  7.350000e+001
      vertex  1.164766e+001 -1.435059e+002  7.350000e+001
    endloop
  endfacet
  facet normal  -0.000000e+000  0.000000e+000  1.000000e+000
    outer loop
      vertex  1.325988e+001 -1.431983e+002  7.350000e+001
      vertex  1.164766e+001 -1.435059e+002  7.350000e+001
      vertex  1.342389e+001 -1.435156e+002  7.350000e+001
    endloop
  endfacet
  facet normal  0.000000e+000  0.000000e+000  1.000000e+000
    outer loop
      vertex  1.342389e+001 -1.435156e+002  7.350000e+001
      vertex  1.164766e+001 -1.435059e+002  7.350000e+001
      vertex  1.364512e+001 -1.437961e+002  7.350000e+001
    endloop
  endfacet
  facet normal  0.000000e+000  0.000000e+000  1.000000e+000
    outer loop
      vertex  1.364512e+001 -1.437961e+002  7.350000e+001
      vertex  1.164766e+001 -1.435059e+002  7.350000e+001
      vertex  1.182929e+001 -1.439821e+002  7.350000e+001
    endloop
  endfacet
  facet normal  -0.000000e+000  0.000000e+000  9.999999e-001
    outer loop
      vertex  1.364512e+001 -1.437961e+002  7.350000e+001
      vertex  1.182929e+001 -1.439821e+002  7.350000e+001
      vertex  1.391552e+001 -1.440296e+002  7.350000e+001
    endloop
  endfacet
  facet normal -9.761838e-001  2.168880e-001  4.978391e-003
    outer loop
      vertex -1.164766e+001  1.649412e+001  7.350000e+001
      vertex -1.158428e+001  1.673653e+001  7.536535e+001
      vertex -1.153711e+001  1.699167e+001  7.350000e+001
    endloop
  endfacet
  facet normal -9.624469e-001  2.714576e-001 -2.579869e-003
    outer loop
      vertex -1.164766e+001  1.649412e+001  7.350000e+001
      vertex -1.168815e+001  1.636790e+001  7.532552e+001
      vertex -1.158428e+001  1.673653e+001  7.536535e+001
    endloop
  endfacet
  facet normal -9.343377e-001  3.563675e-001  3.914701e-003
    outer loop
      vertex -1.168815e+001  1.636790e+001  7.532552e+001
      vertex -1.164766e+001  1.649412e+001  7.350000e+001
      vertex -1.182929e+001  1.601791e+001  7.350000e+001
    endloop
  endfacet
  facet normal -9.241091e-001  3.821245e-001 -1.814306e-003
    outer loop
      vertex -1.182929e+001  1.601791e+001  7.350000e+001
      vertex -1.185496e+001  1.596419e+001  7.526070e+001
      vertex -1.168815e+001  1.636790e+001  7.532552e+001
    endloop
  endfacet
  facet normal -6.955203e-001  7.184823e-001  5.890889e-003
    outer loop
      vertex -1.275520e+001  1.481469e+001  7.350000e+001
      vertex -1.261802e+001  1.493559e+001  7.495055e+001
      vertex -1.238900e+001  1.516919e+001  7.350000e+001
    endloop
  endfacet
  facet normal -6.319633e-001  7.749832e-001 -4.829017e-003
    outer loop
      vertex -1.295826e+001  1.465724e+001  7.480492e+001
      vertex -1.261802e+001  1.493559e+001  7.495055e+001
      vertex -1.275520e+001  1.481469e+001  7.350000e+001
    endloop
  endfacet
  facet normal -5.837907e-001  8.118730e-001  7.118241e-003
    outer loop
      vertex -1.316901e+001  1.451714e+001  7.350000e+001
      vertex -1.295826e+001  1.465724e+001  7.480492e+001
      vertex -1.275520e+001  1.481469e+001  7.350000e+001
    endloop
  endfacet
  facet normal -5.301834e-001  8.478658e-001 -5.403726e-003
    outer loop
      vertex -1.316901e+001  1.451714e+001  7.350000e+001
      vertex -1.332554e+001  1.442654e+001  7.464254e+001
      vertex -1.295826e+001  1.465724e+001  7.480492e+001
    endloop
  endfacet
  facet normal -4.596860e-001  8.880503e-001  7.441056e-003
    outer loop
      vertex -1.332554e+001  1.442654e+001  7.464254e+001
      vertex -1.316901e+001  1.451714e+001  7.350000e+001
      vertex -1.362164e+001  1.428284e+001  7.350000e+001
    endloop
  endfacet
  facet normal -4.221083e-001  9.065335e-001 -4.622398e-003
    outer loop
      vertex -1.362164e+001  1.428284e+001  7.350000e+001
      vertex -1.371308e+001  1.424518e+001  7.446526e+001
      vertex -1.332554e+001  1.442654e+001  7.464254e+001
    endloop
  endfacet
  facet normal -9.863945e-001  1.643771e-001 -2.462147e-003
    outer loop
      vertex -1.158428e+001  1.673653e+001  7.536535e+001
      vertex -1.152117e+001  1.711562e+001  7.538935e+001
      vertex -1.153711e+001  1.699167e+001  7.350000e+001
    endloop
  endfacet
  facet normal -9.984804e-001  5.489518e-002  4.822048e-003
    outer loop
      vertex -1.153711e+001  1.699167e+001  7.350000e+001
      vertex -1.152117e+001  1.711562e+001  7.538935e+001
      vertex -1.150000e+001  1.750000e+001  7.539737e+001
    endloop
  endfacet
  facet normal -9.973458e-001  7.281100e-002  0.000000e+000
    outer loop
      vertex -1.153711e+001  1.699167e+001  7.350000e+001
      vertex -1.150000e+001  1.750000e+001  7.539737e+001
      vertex -1.150000e+001  1.750000e+001  7.350000e+001
    endloop
  endfacet
  facet normal -7.231624e-001  6.906718e-001 -2.952052e-003
    outer loop
      vertex -1.261802e+001  1.493559e+001  7.495055e+001
      vertex -1.232507e+001  1.524285e+001  7.507229e+001
      vertex -1.238900e+001  1.516919e+001  7.350000e+001
    endloop
  endfacet
  facet normal -8.030496e-001  5.958934e-001  4.735941e-003
    outer loop
      vertex -1.238900e+001  1.516919e+001  7.350000e+001
      vertex -1.232507e+001  1.524285e+001  7.507229e+001
      vertex -1.206888e+001  1.558727e+001  7.517602e+001
    endloop
  endfacet
  facet normal -7.925090e-001  6.098596e-001 -7.611216e-004
    outer loop
      vertex -1.238900e+001  1.516919e+001  7.350000e+001
      vertex -1.206888e+001  1.558727e+001  7.517602e+001
      vertex -1.207816e+001  1.557312e+001  7.350000e+001
    endloop
  endfacet
  facet normal -8.697522e-001  4.934881e-001  6.492796e-004
    outer loop
      vertex -1.207816e+001  1.557312e+001  7.350000e+001
      vertex -1.206888e+001  1.558727e+001  7.517602e+001
      vertex -1.185496e+001  1.596419e+001  7.526070e+001
    endloop
  endfacet
  facet normal -8.726778e-001  4.882916e-001  2.174389e-003
    outer loop
      vertex -1.207816e+001  1.557312e+001  7.350000e+001
      vertex -1.185496e+001  1.596419e+001  7.526070e+001
      vertex -1.182929e+001  1.601791e+001  7.350000e+001
    endloop
  endfacet
  facet normal  1.051567e-001  9.944531e-001  2.269272e-003
    outer loop
      vertex -1.562050e+001  1.405544e+001  7.350000e+001
      vertex -1.512212e+001  1.400213e+001  7.376754e+001
      vertex -1.511364e+001  1.400185e+001  7.350000e+001
    endloop
  endfacet
  facet normal -3.619828e-002  9.993421e-001 -2.215907e-003
    outer loop
      vertex -1.511364e+001  1.400185e+001  7.350000e+001
      vertex -1.512212e+001  1.400213e+001  7.376754e+001
      vertex -1.461720e+001  1.402100e+001  7.402736e+001
    endloop
  endfacet
  facet normal -4.038995e-002  9.991825e-001  1.735860e-003
    outer loop
      vertex -1.511364e+001  1.400185e+001  7.350000e+001
      vertex -1.461720e+001  1.402100e+001  7.402736e+001
      vertex -1.460438e+001  1.402243e+001  7.350000e+001
    endloop
  endfacet
  facet normal -1.808551e-001  9.835082e-001 -1.721009e-003
    outer loop
      vertex -1.460438e+001  1.402243e+001  7.350000e+001
      vertex -1.461720e+001  1.402100e+001  7.402736e+001
      vertex -1.411447e+001  1.411388e+001  7.427511e+001
    endloop
  endfacet
  facet normal -1.850784e-001  9.827232e-001  1.040971e-003
    outer loop
      vertex -1.460438e+001  1.402243e+001  7.350000e+001
      vertex -1.411447e+001  1.411388e+001  7.427511e+001
      vertex -1.410351e+001  1.411676e+001  7.350000e+001
    endloop
  endfacet
  facet normal -3.105536e-001  9.505555e-001 -8.535648e-004
    outer loop
      vertex -1.410351e+001  1.411676e+001  7.350000e+001
      vertex -1.411447e+001  1.411388e+001  7.427511e+001
      vertex -1.371308e+001  1.424518e+001  7.446526e+001
    endloop
  endfacet
  facet normal -3.258387e-001  9.454063e-001  6.013944e-003
    outer loop
      vertex -1.410351e+001  1.411676e+001  7.350000e+001
      vertex -1.371308e+001  1.424518e+001  7.446526e+001
      vertex -1.362164e+001  1.428284e+001  7.350000e+001
    endloop
  endfacet
  facet normal  1.051567e-001 -9.944531e-001  2.269272e-003
    outer loop
      vertex -1.511364e+001  2.099815e+001  7.350000e+001
      vertex -1.512212e+001  2.099787e+001  7.376754e+001
      vertex -1.562050e+001  2.094456e+001  7.350000e+001
    endloop
  endfacet
  facet normal -4.596874e-001 -8.880495e-001  7.440791e-003
    outer loop
      vertex -1.316901e+001  2.048286e+001  7.350000e+001
      vertex -1.332554e+001  2.057346e+001  7.464254e+001
      vertex -1.362164e+001  2.071716e+001  7.350000e+001
    endloop
  endfacet
  facet normal -5.301834e-001 -8.478658e-001 -5.403726e-003
    outer loop
      vertex -1.295826e+001  2.034276e+001  7.480492e+001
      vertex -1.332554e+001  2.057346e+001  7.464254e+001
      vertex -1.316901e+001  2.048286e+001  7.350000e+001
    endloop
  endfacet
  facet normal -5.837907e-001 -8.118730e-001  7.118241e-003
    outer loop
      vertex -1.275520e+001  2.018531e+001  7.350000e+001
      vertex -1.295826e+001  2.034276e+001  7.480492e+001
      vertex -1.316901e+001  2.048286e+001  7.350000e+001
    endloop
  endfacet
  facet normal -6.319621e-001 -7.749843e-001 -4.828706e-003
    outer loop
      vertex -1.275520e+001  2.018531e+001  7.350000e+001
      vertex -1.261802e+001  2.006441e+001  7.495055e+001
      vertex -1.295826e+001  2.034276e+001  7.480492e+001
    endloop
  endfacet
  facet normal -6.955184e-001 -7.184841e-001  5.891023e-003
    outer loop
      vertex -1.261802e+001  2.006441e+001  7.495055e+001
      vertex -1.275520e+001  2.018531e+001  7.350000e+001
      vertex -1.238900e+001  1.983081e+001  7.350000e+001
    endloop
  endfacet
  facet normal -7.231632e-001 -6.906707e-001 -2.952806e-003
    outer loop
      vertex -1.238900e+001  1.983081e+001  7.350000e+001
      vertex -1.232507e+001  1.975715e+001  7.507229e+001
      vertex -1.261802e+001  2.006441e+001  7.495055e+001
    endloop
  endfacet
  facet normal -9.343377e-001 -3.563675e-001  3.914703e-003
    outer loop
      vertex -1.164766e+001  1.850588e+001  7.350000e+001
      vertex -1.168815e+001  1.863210e+001  7.532552e+001
      vertex -1.182929e+001  1.898209e+001  7.350000e+001
    endloop
  endfacet
  facet normal -9.624469e-001 -2.714576e-001 -2.579869e-003
    outer loop
      vertex -1.158428e+001  1.826347e+001  7.536535e+001
      vertex -1.168815e+001  1.863210e+001  7.532552e+001
      vertex -1.164766e+001  1.850588e+001  7.350000e+001
    endloop
  endfacet
  facet normal -9.761838e-001 -2.168880e-001  4.978391e-003
    outer loop
      vertex -1.153711e+001  1.800833e+001  7.350000e+001
      vertex -1.158428e+001  1.826347e+001  7.536535e+001
      vertex -1.164766e+001  1.850588e+001  7.350000e+001
    endloop
  endfacet
  facet normal -4.221122e-001 -9.065319e-001 -4.621937e-003
    outer loop
      vertex -1.332554e+001  2.057346e+001  7.464254e+001
      vertex -1.371308e+001  2.075482e+001  7.446526e+001
      vertex -1.362164e+001  2.071716e+001  7.350000e+001
    endloop
  endfacet
  facet normal -3.140263e-001 -9.493863e-001  7.289165e-003
    outer loop
      vertex -1.362164e+001  2.071716e+001  7.350000e+001
      vertex -1.371308e+001  2.075482e+001  7.446526e+001
      vertex -1.411447e+001  2.088612e+001  7.427511e+001
    endloop
  endfacet
  facet normal -3.258443e-001 -9.454228e-001 -1.088953e-003
    outer loop
      vertex -1.362164e+001  2.071716e+001  7.350000e+001
      vertex -1.411447e+001  2.088612e+001  7.427511e+001
      vertex -1.410351e+001  2.088324e+001  7.350000e+001
    endloop
  endfacet
  facet normal -1.821901e-001 -9.832627e-001  1.083832e-003
    outer loop
      vertex -1.410351e+001  2.088324e+001  7.350000e+001
      vertex -1.411447e+001  2.088612e+001  7.427511e+001
      vertex -1.461720e+001  2.097900e+001  7.402736e+001
    endloop
  endfacet
  facet normal -1.850800e-001 -9.827218e-001 -1.829396e-003
    outer loop
      vertex -1.410351e+001  2.088324e+001  7.350000e+001
      vertex -1.461720e+001  2.097900e+001  7.402736e+001
      vertex -1.460438e+001  2.097757e+001  7.350000e+001
    endloop
  endfacet
  facet normal -3.825388e-002 -9.992664e-001  1.784396e-003
    outer loop
      vertex -1.460438e+001  2.097757e+001  7.350000e+001
      vertex -1.461720e+001  2.097900e+001  7.402736e+001
      vertex -1.512212e+001  2.099787e+001  7.376754e+001
    endloop
  endfacet
  facet normal -4.038617e-002 -9.991814e-001 -2.348461e-003
    outer loop
      vertex -1.460438e+001  2.097757e+001  7.350000e+001
      vertex -1.512212e+001  2.099787e+001  7.376754e+001
      vertex -1.511364e+001  2.099815e+001  7.350000e+001
    endloop
  endfacet
  facet normal -9.241091e-001 -3.821245e-001 -1.814306e-003
    outer loop
      vertex -1.168815e+001  1.863210e+001  7.532552e+001
      vertex -1.185496e+001  1.903581e+001  7.526070e+001
      vertex -1.182929e+001  1.898209e+001  7.350000e+001
    endloop
  endfacet
  facet normal -8.699148e-001 -4.931963e-001  2.364303e-003
    outer loop
      vertex -1.182929e+001  1.898209e+001  7.350000e+001
      vertex -1.185496e+001  1.903581e+001  7.526070e+001
      vertex -1.206888e+001  1.941273e+001  7.517602e+001
    endloop
  endfacet
  facet normal -8.726802e-001 -4.882918e-001  7.088165e-004
    outer loop
      vertex -1.182929e+001  1.898209e+001  7.350000e+001
      vertex -1.206888e+001  1.941273e+001  7.517602e+001
      vertex -1.207816e+001  1.942688e+001  7.350000e+001
    endloop
  endfacet
  facet normal -8.022895e-001 -5.969346e-001 -5.984998e-004
    outer loop
      vertex -1.207816e+001  1.942688e+001  7.350000e+001
      vertex -1.206888e+001  1.941273e+001  7.517602e+001
      vertex -1.232507e+001  1.975715e+001  7.507229e+001
    endloop
  endfacet
  facet normal -7.925040e-001 -6.098558e-001  3.652368e-003
    outer loop
      vertex -1.207816e+001  1.942688e+001  7.350000e+001
      vertex -1.232507e+001  1.975715e+001  7.507229e+001
      vertex -1.238900e+001  1.983081e+001  7.350000e+001
    endloop
  endfacet
  facet normal -9.863945e-001 -1.643771e-001 -2.462147e-003
    outer loop
      vertex -1.158428e+001  1.826347e+001  7.536535e+001
      vertex -1.153711e+001  1.800833e+001  7.350000e+001
      vertex -1.152117e+001  1.788438e+001  7.538935e+001
    endloop
  endfacet
  facet normal -9.973392e-001 -7.281052e-002  3.637140e-003
    outer loop
      vertex -1.152117e+001  1.788438e+001  7.538935e+001
      vertex -1.153711e+001  1.800833e+001  7.350000e+001
      vertex -1.150000e+001  1.750000e+001  7.350000e+001
    endloop
  endfacet
  facet normal -9.984865e-001 -5.499611e-002  0.000000e+000
    outer loop
      vertex -1.152117e+001  1.788438e+001  7.538935e+001
      vertex -1.150000e+001  1.750000e+001  7.350000e+001
      vertex -1.150000e+001  1.750000e+001  7.539737e+001
    endloop
  endfacet
  facet normal  0.000000e+000  -0.000000e+000  1.000000e+000
    outer loop
      vertex -1.562050e+001  1.405544e+001  7.350000e+001
      vertex -1.511364e+001  1.400185e+001  7.350000e+001
      vertex -1.460438e+001  1.402243e+001  7.350000e+001
    endloop
  endfacet
  facet normal  0.000000e+000  -0.000000e+000  1.000000e+000
    outer loop
      vertex -1.562050e+001  1.405544e+001  7.350000e+001
      vertex -1.460438e+001  1.402243e+001  7.350000e+001
      vertex -1.410351e+001  1.411676e+001  7.350000e+001
    endloop
  endfacet
  facet normal  0.000000e+000  -0.000000e+000  1.000000e+000
    outer loop
      vertex -1.562050e+001  1.405544e+001  7.350000e+001
      vertex -1.410351e+001  1.411676e+001  7.350000e+001
      vertex -1.362164e+001  1.428284e+001  7.350000e+001
    endloop
  endfacet
  facet normal  0.000000e+000  -0.000000e+000  1.000000e+000
    outer loop
      vertex -1.562050e+001  1.405544e+001  7.350000e+001
      vertex -1.362164e+001  1.428284e+001  7.350000e+001
      vertex -1.316901e+001  1.451714e+001  7.350000e+001
    endloop
  endfacet
  facet normal  0.000000e+000  -0.000000e+000  1.000000e+000
    outer loop
      vertex -1.562050e+001  1.405544e+001  7.350000e+001
      vertex -1.316901e+001  1.451714e+001  7.350000e+001
      vertex -1.275520e+001  1.481469e+001  7.350000e+001
    endloop
  endfacet
  facet normal  0.000000e+000  -0.000000e+000  1.000000e+000
    outer loop
      vertex -1.562050e+001  1.405544e+001  7.350000e+001
      vertex -1.275520e+001  1.481469e+001  7.350000e+001
      vertex -1.238900e+001  1.516919e+001  7.350000e+001
    endloop
  endfacet
  facet normal  0.000000e+000  -0.000000e+000  1.000000e+000
    outer loop
      vertex -1.562050e+001  1.405544e+001  7.350000e+001
      vertex -1.238900e+001  1.516919e+001  7.350000e+001
      vertex -1.207816e+001  1.557312e+001  7.350000e+001
    endloop
  endfacet
  facet normal  0.000000e+000  0.000000e+000  1.000000e+000
    outer loop
      vertex -1.562050e+001  1.405544e+001  7.350000e+001
      vertex -1.207816e+001  1.557312e+001  7.350000e+001
      vertex -1.491691e+001  1.562684e+001  7.350000e+001
    endloop
  endfacet
  facet normal  0.000000e+000  0.000000e+000  1.000000e+000
    outer loop
      vertex -1.562050e+001  1.405544e+001  7.350000e+001
      vertex -1.491691e+001  1.562684e+001  7.350000e+001
      vertex -1.527367e+001  1.564508e+001  7.350000e+001
    endloop
  endfacet
  facet normal  0.000000e+000  0.000000e+000  1.000000e+000
    outer loop
      vertex -1.562050e+001  1.405544e+001  7.350000e+001
      vertex -1.527367e+001  1.564508e+001  7.350000e+001
      vertex -1.562050e+001  1.573065e+001  7.350000e+001
    endloop
  endfacet
  facet normal  0.000000e+000  0.000000e+000  1.000000e+000
    outer loop
      vertex -1.562050e+001  2.094456e+001  7.350000e+001
      vertex -1.562050e+001  1.926935e+001  7.350000e+001
      vertex -1.527367e+001  1.935492e+001  7.350000e+001
    endloop
  endfacet
  facet normal  0.000000e+000  -0.000000e+000  1.000000e+000
    outer loop
      vertex -1.562050e+001  2.094456e+001  7.350000e+001
      vertex -1.527367e+001  1.935492e+001  7.350000e+001
      vertex -1.491691e+001  1.937316e+001  7.350000e+001
    endloop
  endfacet
  facet normal  0.000000e+000  -0.000000e+000  1.000000e+000
    outer loop
      vertex -1.562050e+001  2.094456e+001  7.350000e+001
      vertex -1.491691e+001  1.937316e+001  7.350000e+001
      vertex -1.410351e+001  2.088324e+001  7.350000e+001
    endloop
  endfacet
  facet normal  0.000000e+000  0.000000e+000  9.999999e-001
    outer loop
      vertex -1.562050e+001  2.094456e+001  7.350000e+001
      vertex -1.410351e+001  2.088324e+001  7.350000e+001
      vertex -1.460438e+001  2.097757e+001  7.350000e+001
    endloop
  endfacet
  facet normal  0.000000e+000  0.000000e+000  1.000000e+000
    outer loop
      vertex -1.562050e+001  2.094456e+001  7.350000e+001
      vertex -1.460438e+001  2.097757e+001  7.350000e+001
      vertex -1.511364e+001  2.099815e+001  7.350000e+001
    endloop
  endfacet
  facet normal  0.000000e+000  -0.000000e+000  9.999999e-001
    outer loop
      vertex -1.491691e+001  1.937316e+001  7.350000e+001
      vertex -1.456317e+001  1.932340e+001  7.350000e+001
      vertex -1.207816e+001  1.942688e+001  7.350000e+001
    endloop
  endfacet
  facet normal  0.000000e+000  0.000000e+000  1.000000e+000
    outer loop
      vertex -1.491691e+001  1.937316e+001  7.350000e+001
      vertex -1.207816e+001  1.942688e+001  7.350000e+001
      vertex -1.238900e+001  1.983081e+001  7.350000e+001
    endloop
  endfacet
  facet normal  0.000000e+000  0.000000e+000  1.000000e+000
    outer loop
      vertex -1.491691e+001  1.937316e+001  7.350000e+001
      vertex -1.238900e+001  1.983081e+001  7.350000e+001
      vertex -1.275520e+001  2.018531e+001  7.350000e+001
    endloop
  endfacet
  facet normal  0.000000e+000  0.000000e+000  1.000000e+000
    outer loop
      vertex -1.491691e+001  1.937316e+001  7.350000e+001
      vertex -1.275520e+001  2.018531e+001  7.350000e+001
      vertex -1.316901e+001  2.048286e+001  7.350000e+001
    endloop
  endfacet
  facet normal  0.000000e+000  0.000000e+000  1.000000e+000
    outer loop
      vertex -1.491691e+001  1.937316e+001  7.350000e+001
      vertex -1.316901e+001  2.048286e+001  7.350000e+001
      vertex -1.362164e+001  2.071716e+001  7.350000e+001
    endloop
  endfacet
  facet normal  0.000000e+000  0.000000e+000  9.999999e-001
    outer loop
      vertex -1.491691e+001  1.937316e+001  7.350000e+001
      vertex -1.362164e+001  2.071716e+001  7.350000e+001
      vertex -1.410351e+001  2.088324e+001  7.350000e+001
    endloop
  endfacet
  facet normal  0.000000e+000  0.000000e+000  1.000000e+000
    outer loop
      vertex -1.207816e+001  1.557312e+001  7.350000e+001
      vertex -1.182929e+001  1.601791e+001  7.350000e+001
      vertex -1.391552e+001  1.597045e+001  7.350000e+001
    endloop
  endfacet
  facet normal  0.000000e+000  0.000000e+000  9.999999e-001
    outer loop
      vertex -1.207816e+001  1.557312e+001  7.350000e+001
      vertex -1.391552e+001  1.597045e+001  7.350000e+001
      vertex -1.422529e+001  1.579253e+001  7.350000e+001
    endloop
  endfacet
  facet normal  0.000000e+000  0.000000e+000  1.000000e+000
    outer loop
      vertex -1.207816e+001  1.557312e+001  7.350000e+001
      vertex -1.422529e+001  1.579253e+001  7.350000e+001
      vertex -1.456317e+001  1.567659e+001  7.350000e+001
    endloop
  endfacet
  facet normal  0.000000e+000  0.000000e+000  1.000000e+000
    outer loop
      vertex -1.207816e+001  1.557312e+001  7.350000e+001
      vertex -1.456317e+001  1.567659e+001  7.350000e+001
      vertex -1.491691e+001  1.562684e+001  7.350000e+001
    endloop
  endfacet
  facet normal  -0.000000e+000  0.000000e+000  1.000000e+000
    outer loop
      vertex -1.207816e+001  1.942688e+001  7.350000e+001
      vertex -1.456317e+001  1.932340e+001  7.350000e+001
      vertex -1.182929e+001  1.898209e+001  7.350000e+001
    endloop
  endfacet
  facet normal  0.000000e+000  0.000000e+000  1.000000e+000
    outer loop
      vertex -1.182929e+001  1.898209e+001  7.350000e+001
      vertex -1.456317e+001  1.932340e+001  7.350000e+001
      vertex -1.422529e+001  1.920747e+001  7.350000e+001
    endloop
  endfacet
  facet normal  0.000000e+000  0.000000e+000  1.000000e+000
    outer loop
      vertex -1.182929e+001  1.898209e+001  7.350000e+001
      vertex -1.422529e+001  1.920747e+001  7.350000e+001
      vertex -1.391552e+001  1.902955e+001  7.350000e+001
    endloop
  endfacet
  facet normal  0.000000e+000  0.000000e+000  1.000000e+000
    outer loop
      vertex -1.182929e+001  1.898209e+001  7.350000e+001
      vertex -1.391552e+001  1.902955e+001  7.350000e+001
      vertex -1.164766e+001  1.850588e+001  7.350000e+001
    endloop
  endfacet
  facet normal  0.000000e+000  0.000000e+000  1.000000e+000
    outer loop
      vertex -1.164766e+001  1.850588e+001  7.350000e+001
      vertex -1.391552e+001  1.902955e+001  7.350000e+001
      vertex -1.364512e+001  1.879612e+001  7.350000e+001
    endloop
  endfacet
  facet normal  0.000000e+000  0.000000e+000  1.000000e+000
    outer loop
      vertex -1.164766e+001  1.850588e+001  7.350000e+001
      vertex -1.364512e+001  1.879612e+001  7.350000e+001
      vertex -1.342389e+001  1.851564e+001  7.350000e+001
    endloop
  endfacet
  facet normal  0.000000e+000  0.000000e+000  9.999999e-001
    outer loop
      vertex -1.164766e+001  1.850588e+001  7.350000e+001
      vertex -1.342389e+001  1.851564e+001  7.350000e+001
      vertex -1.153711e+001  1.800833e+001  7.350000e+001
    endloop
  endfacet
  facet normal  0.000000e+000  0.000000e+000  1.000000e+000
    outer loop
      vertex -1.153711e+001  1.800833e+001  7.350000e+001
      vertex -1.342389e+001  1.851564e+001  7.350000e+001
      vertex -1.325988e+001  1.819829e+001  7.350000e+001
    endloop
  endfacet
  facet normal  0.000000e+000  0.000000e+000  1.000000e+000
    outer loop
      vertex -1.153711e+001  1.800833e+001  7.350000e+001
      vertex -1.325988e+001  1.819829e+001  7.350000e+001
      vertex -1.315903e+001  1.785560e+001  7.350000e+001
    endloop
  endfacet
  facet normal  -0.000000e+000  0.000000e+000  1.000000e+000
    outer loop
      vertex -1.153711e+001  1.800833e+001  7.350000e+001
      vertex -1.315903e+001  1.785560e+001  7.350000e+001
      vertex -1.150000e+001  1.750000e+001  7.350000e+001
    endloop
  endfacet
  facet normal  0.000000e+000  0.000000e+000  1.000000e+000
    outer loop
      vertex -1.150000e+001  1.750000e+001  7.350000e+001
      vertex -1.315903e+001  1.785560e+001  7.350000e+001
      vertex -1.312500e+001  1.750000e+001  7.350000e+001
    endloop
  endfacet
  facet normal  -0.000000e+000  0.000000e+000  9.999999e-001
    outer loop
      vertex -1.150000e+001  1.750000e+001  7.350000e+001
      vertex -1.312500e+001  1.750000e+001  7.350000e+001
      vertex -1.153711e+001  1.699167e+001  7.350000e+001
    endloop
  endfacet
  facet normal  0.000000e+000  0.000000e+000  1.000000e+000
    outer loop
      vertex -1.153711e+001  1.699167e+001  7.350000e+001
      vertex -1.312500e+001  1.750000e+001  7.350000e+001
      vertex -1.315903e+001  1.714440e+001  7.350000e+001
    endloop
  endfacet
  facet normal  0.000000e+000  0.000000e+000  9.999999e-001
    outer loop
      vertex -1.153711e+001  1.699167e+001  7.350000e+001
      vertex -1.315903e+001  1.714440e+001  7.350000e+001
      vertex -1.164766e+001  1.649412e+001  7.350000e+001
    endloop
  endfacet
  facet normal  0.000000e+000  0.000000e+000  1.000000e+000
    outer loop
      vertex -1.164766e+001  1.649412e+001  7.350000e+001
      vertex -1.315903e+001  1.714440e+001  7.350000e+001
      vertex -1.325988e+001  1.680171e+001  7.350000e+001
    endloop
  endfacet
  facet normal  0.000000e+000  0.000000e+000  1.000000e+000
    outer loop
      vertex -1.164766e+001  1.649412e+001  7.350000e+001
      vertex -1.325988e+001  1.680171e+001  7.350000e+001
      vertex -1.342389e+001  1.648436e+001  7.350000e+001
    endloop
  endfacet
  facet normal  -0.000000e+000  0.000000e+000  9.999999e-001
    outer loop
      vertex -1.164766e+001  1.649412e+001  7.350000e+001
      vertex -1.342389e+001  1.648436e+001  7.350000e+001
      vertex -1.182929e+001  1.601791e+001  7.350000e+001
    endloop
  endfacet
  facet normal  0.000000e+000  0.000000e+000  9.999999e-001
    outer loop
      vertex -1.182929e+001  1.601791e+001  7.350000e+001
      vertex -1.342389e+001  1.648436e+001  7.350000e+001
      vertex -1.364512e+001  1.620388e+001  7.350000e+001
    endloop
  endfacet
  facet normal  0.000000e+000  0.000000e+000  1.000000e+000
    outer loop
      vertex -1.182929e+001  1.601791e+001  7.350000e+001
      vertex -1.364512e+001  1.620388e+001  7.350000e+001
      vertex -1.391552e+001  1.597045e+001  7.350000e+001
    endloop
  endfacet
  facet normal  9.761838e-001 -2.168880e-001  4.978391e-003
    outer loop
      vertex  1.164766e+001  1.850588e+001  7.350000e+001
      vertex  1.158428e+001  1.826347e+001  7.536535e+001
      vertex  1.153711e+001  1.800833e+001  7.350000e+001
    endloop
  endfacet
  facet normal  9.624469e-001 -2.714576e-001 -2.579869e-003
    outer loop
      vertex  1.164766e+001  1.850588e+001  7.350000e+001
      vertex  1.168815e+001  1.863210e+001  7.532552e+001
      vertex  1.158428e+001  1.826347e+001  7.536535e+001
    endloop
  endfacet
  facet normal  9.343377e-001 -3.563675e-001  3.914701e-003
    outer loop
      vertex  1.168815e+001  1.863210e+001  7.532552e+001
      vertex  1.164766e+001  1.850588e+001  7.350000e+001
      vertex  1.182929e+001  1.898209e+001  7.350000e+001
    endloop
  endfacet
  facet normal  9.241091e-001 -3.821245e-001 -1.814306e-003
    outer loop
      vertex  1.182929e+001  1.898209e+001  7.350000e+001
      vertex  1.185496e+001  1.903581e+001  7.526070e+001
      vertex  1.168815e+001  1.863210e+001  7.532552e+001
    endloop
  endfacet
  facet normal  6.955184e-001 -7.184842e-001  5.891025e-003
    outer loop
      vertex  1.275520e+001  2.018531e+001  7.350000e+001
      vertex  1.261802e+001  2.006441e+001  7.495055e+001
      vertex  1.238900e+001  1.983081e+001  7.350000e+001
    endloop
  endfacet
  facet normal  6.319621e-001 -7.749843e-001 -4.828706e-003
    outer loop
      vertex  1.295826e+001  2.034276e+001  7.480492e+001
      vertex  1.261802e+001  2.006441e+001  7.495055e+001
      vertex  1.275520e+001  2.018531e+001  7.350000e+001
    endloop
  endfacet
  facet normal  5.837907e-001 -8.118730e-001  7.118241e-003
    outer loop
      vertex  1.316901e+001  2.048286e+001  7.350000e+001
      vertex  1.295826e+001  2.034276e+001  7.480492e+001
      vertex  1.275520e+001  2.018531e+001  7.350000e+001
    endloop
  endfacet
  facet normal  5.301834e-001 -8.478658e-001 -5.403726e-003
    outer loop
      vertex  1.316901e+001  2.048286e+001  7.350000e+001
      vertex  1.332554e+001  2.057346e+001  7.464254e+001
      vertex  1.295826e+001  2.034276e+001  7.480492e+001
    endloop
  endfacet
  facet normal  4.596874e-001 -8.880495e-001  7.440794e-003
    outer loop
      vertex  1.332554e+001  2.057346e+001  7.464254e+001
      vertex  1.316901e+001  2.048286e+001  7.350000e+001
      vertex  1.362164e+001  2.071716e+001  7.350000e+001
    endloop
  endfacet
  facet normal  4.221122e-001 -9.065319e-001 -4.621937e-003
    outer loop
      vertex  1.362164e+001  2.071716e+001  7.350000e+001
      vertex  1.371308e+001  2.075482e+001  7.446526e+001
      vertex  1.332554e+001  2.057346e+001  7.464254e+001
    endloop
  endfacet
  facet normal  9.863945e-001 -1.643771e-001 -2.462147e-003
    outer loop
      vertex  1.158428e+001  1.826347e+001  7.536535e+001
      vertex  1.152117e+001  1.788438e+001  7.538935e+001
      vertex  1.153711e+001  1.800833e+001  7.350000e+001
    endloop
  endfacet
  facet normal  9.984804e-001 -5.489518e-002  4.822048e-003
    outer loop
      vertex  1.153711e+001  1.800833e+001  7.350000e+001
      vertex  1.152117e+001  1.788438e+001  7.538935e+001
      vertex  1.150000e+001  1.750000e+001  7.539737e+001
    endloop
  endfacet
  facet normal  9.973458e-001 -7.281100e-002  0.000000e+000
    outer loop
      vertex  1.153711e+001  1.800833e+001  7.350000e+001
      vertex  1.150000e+001  1.750000e+001  7.539737e+001
      vertex  1.150000e+001  1.750000e+001  7.350000e+001
    endloop
  endfacet
  facet normal  7.231632e-001 -6.906707e-001 -2.952806e-003
    outer loop
      vertex  1.261802e+001  2.006441e+001  7.495055e+001
      vertex  1.232507e+001  1.975715e+001  7.507229e+001
      vertex  1.238900e+001  1.983081e+001  7.350000e+001
    endloop
  endfacet
  facet normal  8.030494e-001 -5.958936e-001  4.735205e-003
    outer loop
      vertex  1.238900e+001  1.983081e+001  7.350000e+001
      vertex  1.232507e+001  1.975715e+001  7.507229e+001
      vertex  1.206888e+001  1.941273e+001  7.517602e+001
    endloop
  endfacet
  facet normal  7.925090e-001 -6.098596e-001 -7.618155e-004
    outer loop
      vertex  1.238900e+001  1.983081e+001  7.350000e+001
      vertex  1.206888e+001  1.941273e+001  7.517602e+001
      vertex  1.207816e+001  1.942688e+001  7.350000e+001
    endloop
  endfacet
  facet normal  8.697516e-001 -4.934892e-001  6.487057e-004
    outer loop
      vertex  1.207816e+001  1.942688e+001  7.350000e+001
      vertex  1.206888e+001  1.941273e+001  7.517602e+001
      vertex  1.185496e+001  1.903581e+001  7.526070e+001
    endloop
  endfacet
  facet normal  8.726783e-001 -4.882908e-001  2.174357e-003
    outer loop
      vertex  1.207816e+001  1.942688e+001  7.350000e+001
      vertex  1.185496e+001  1.903581e+001  7.526070e+001
      vertex  1.182929e+001  1.898209e+001  7.350000e+001
    endloop
  endfacet
  facet normal -1.051567e-001 -9.944531e-001  2.269272e-003
    outer loop
      vertex  1.562050e+001  2.094456e+001  7.350000e+001
      vertex  1.512212e+001  2.099787e+001  7.376754e+001
      vertex  1.511364e+001  2.099815e+001  7.350000e+001
    endloop
  endfacet
  facet normal  3.619828e-002 -9.993421e-001 -2.215907e-003
    outer loop
      vertex  1.511364e+001  2.099815e+001  7.350000e+001
      vertex  1.512212e+001  2.099787e+001  7.376754e+001
      vertex  1.461720e+001  2.097900e+001  7.402736e+001
    endloop
  endfacet
  facet normal  4.038621e-002 -9.991826e-001  1.732338e-003
    outer loop
      vertex  1.511364e+001  2.099815e+001  7.350000e+001
      vertex  1.461720e+001  2.097900e+001  7.402736e+001
      vertex  1.460438e+001  2.097757e+001  7.350000e+001
    endloop
  endfacet
  facet normal  1.808516e-001 -9.835088e-001 -1.724481e-003
    outer loop
      vertex  1.460438e+001  2.097757e+001  7.350000e+001
      vertex  1.461720e+001  2.097900e+001  7.402736e+001
      vertex  1.411447e+001  2.088612e+001  7.427511e+001
    endloop
  endfacet
  facet normal  1.850802e-001 -9.827229e-001  1.040944e-003
    outer loop
      vertex  1.460438e+001  2.097757e+001  7.350000e+001
      vertex  1.411447e+001  2.088612e+001  7.427511e+001
      vertex  1.410351e+001  2.088324e+001  7.350000e+001
    endloop
  endfacet
  facet normal  3.105516e-001 -9.505561e-001 -8.535339e-004
    outer loop
      vertex  1.410351e+001  2.088324e+001  7.350000e+001
      vertex  1.411447e+001  2.088612e+001  7.427511e+001
      vertex  1.371308e+001  2.075482e+001  7.446526e+001
    endloop
  endfacet
  facet normal  3.258387e-001 -9.454063e-001  6.014877e-003
    outer loop
      vertex  1.410351e+001  2.088324e+001  7.350000e+001
      vertex  1.371308e+001  2.075482e+001  7.446526e+001
      vertex  1.362164e+001  2.071716e+001  7.350000e+001
    endloop
  endfacet
  facet normal -1.051567e-001  9.944531e-001  2.269272e-003
    outer loop
      vertex  1.511364e+001  1.400185e+001  7.350000e+001
      vertex  1.512212e+001  1.400213e+001  7.376754e+001
      vertex  1.562050e+001  1.405544e+001  7.350000e+001
    endloop
  endfacet
  facet normal  4.596860e-001  8.880503e-001  7.441053e-003
    outer loop
      vertex  1.316901e+001  1.451714e+001  7.350000e+001
      vertex  1.332554e+001  1.442654e+001  7.464254e+001
      vertex  1.362164e+001  1.428284e+001  7.350000e+001
    endloop
  endfacet
  facet normal  5.301834e-001  8.478658e-001 -5.403726e-003
    outer loop
      vertex  1.295826e+001  1.465724e+001  7.480492e+001
      vertex  1.332554e+001  1.442654e+001  7.464254e+001
      vertex  1.316901e+001  1.451714e+001  7.350000e+001
    endloop
  endfacet
  facet normal  5.837907e-001  8.118730e-001  7.118241e-003
    outer loop
      vertex  1.275520e+001  1.481469e+001  7.350000e+001
      vertex  1.295826e+001  1.465724e+001  7.480492e+001
      vertex  1.316901e+001  1.451714e+001  7.350000e+001
    endloop
  endfacet
  facet normal  6.319633e-001  7.749832e-001 -4.829017e-003
    outer loop
      vertex  1.275520e+001  1.481469e+001  7.350000e+001
      vertex  1.261802e+001  1.493559e+001  7.495055e+001
      vertex  1.295826e+001  1.465724e+001  7.480492e+001
    endloop
  endfacet
  facet normal  6.955203e-001  7.184823e-001  5.890886e-003
    outer loop
      vertex  1.261802e+001  1.493559e+001  7.495055e+001
      vertex  1.275520e+001  1.481469e+001  7.350000e+001
      vertex  1.238900e+001  1.516919e+001  7.350000e+001
    endloop
  endfacet
  facet normal  7.231624e-001  6.906718e-001 -2.952052e-003
    outer loop
      vertex  1.238900e+001  1.516919e+001  7.350000e+001
      vertex  1.232507e+001  1.524285e+001  7.507229e+001
      vertex  1.261802e+001  1.493559e+001  7.495055e+001
    endloop
  endfacet
  facet normal  9.343377e-001  3.563675e-001  3.914703e-003
    outer loop
      vertex  1.164766e+001  1.649412e+001  7.350000e+001
      vertex  1.168815e+001  1.636790e+001  7.532552e+001
      vertex  1.182929e+001  1.601791e+001  7.350000e+001
    endloop
  endfacet
  facet normal  9.624469e-001  2.714576e-001 -2.579869e-003
    outer loop
      vertex  1.158428e+001  1.673653e+001  7.536535e+001
      vertex  1.168815e+001  1.636790e+001  7.532552e+001
      vertex  1.164766e+001  1.649412e+001  7.350000e+001
    endloop
  endfacet
  facet normal  9.761838e-001  2.168880e-001  4.978391e-003
    outer loop
      vertex  1.153711e+001  1.699167e+001  7.350000e+001
      vertex  1.158428e+001  1.673653e+001  7.536535e+001
      vertex  1.164766e+001  1.649412e+001  7.350000e+001
    endloop
  endfacet
  facet normal  4.221083e-001  9.065335e-001 -4.622398e-003
    outer loop
      vertex  1.332554e+001  1.442654e+001  7.464254e+001
      vertex  1.371308e+001  1.424518e+001  7.446526e+001
      vertex  1.362164e+001  1.428284e+001  7.350000e+001
    endloop
  endfacet
  facet normal  3.140279e-001  9.493858e-001  7.288060e-003
    outer loop
      vertex  1.362164e+001  1.428284e+001  7.350000e+001
      vertex  1.371308e+001  1.424518e+001  7.446526e+001
      vertex  1.411447e+001  1.411388e+001  7.427511e+001
    endloop
  endfacet
  facet normal  3.258443e-001  9.454228e-001 -1.088953e-003
    outer loop
      vertex  1.362164e+001  1.428284e+001  7.350000e+001
      vertex  1.411447e+001  1.411388e+001  7.427511e+001
      vertex  1.410351e+001  1.411676e+001  7.350000e+001
    endloop
  endfacet
  facet normal  1.821919e-001  9.832624e-001  1.083806e-003
    outer loop
      vertex  1.410351e+001  1.411676e+001  7.350000e+001
      vertex  1.411447e+001  1.411388e+001  7.427511e+001
      vertex  1.461720e+001  1.402100e+001  7.402736e+001
    endloop
  endfacet
  facet normal  1.850782e-001  9.827221e-001 -1.825797e-003
    outer loop
      vertex  1.410351e+001  1.411676e+001  7.350000e+001
      vertex  1.461720e+001  1.402100e+001  7.402736e+001
      vertex  1.460438e+001  1.402243e+001  7.350000e+001
    endloop
  endfacet
  facet normal  3.825571e-002  9.992663e-001  1.787965e-003
    outer loop
      vertex  1.460438e+001  1.402243e+001  7.350000e+001
      vertex  1.461720e+001  1.402100e+001  7.402736e+001
      vertex  1.512212e+001  1.400213e+001  7.376754e+001
    endloop
  endfacet
  facet normal  4.038990e-002  9.991813e-001 -2.348579e-003
    outer loop
      vertex  1.460438e+001  1.402243e+001  7.350000e+001
      vertex  1.512212e+001  1.400213e+001  7.376754e+001
      vertex  1.511364e+001  1.400185e+001  7.350000e+001
    endloop
  endfacet
  facet normal  9.241091e-001  3.821245e-001 -1.814306e-003
    outer loop
      vertex  1.168815e+001  1.636790e+001  7.532552e+001
      vertex  1.185496e+001  1.596419e+001  7.526070e+001
      vertex  1.182929e+001  1.601791e+001  7.350000e+001
    endloop
  endfacet
  facet normal  8.699154e-001  4.931954e-001  2.364267e-003
    outer loop
      vertex  1.182929e+001  1.601791e+001  7.350000e+001
      vertex  1.185496e+001  1.596419e+001  7.526070e+001
      vertex  1.206888e+001  1.558727e+001  7.517602e+001
    endloop
  endfacet
  facet normal  8.726797e-001  4.882925e-001  7.093630e-004
    outer loop
      vertex  1.182929e+001  1.601791e+001  7.350000e+001
      vertex  1.206888e+001  1.558727e+001  7.517602e+001
      vertex  1.207816e+001  1.557312e+001  7.350000e+001
    endloop
  endfacet
  facet normal  8.022897e-001  5.969346e-001 -5.978189e-004
    outer loop
      vertex  1.207816e+001  1.557312e+001  7.350000e+001
      vertex  1.206888e+001  1.558727e+001  7.517602e+001
      vertex  1.232507e+001  1.524285e+001  7.507229e+001
    endloop
  endfacet
  facet normal  7.925040e-001  6.098557e-001  3.653107e-003
    outer loop
      vertex  1.207816e+001  1.557312e+001  7.350000e+001
      vertex  1.232507e+001  1.524285e+001  7.507229e+001
      vertex  1.238900e+001  1.516919e+001  7.350000e+001
    endloop
  endfacet
  facet normal  9.863945e-001  1.643771e-001 -2.462147e-003
    outer loop
      vertex  1.158428e+001  1.673653e+001  7.536535e+001
      vertex  1.153711e+001  1.699167e+001  7.350000e+001
      vertex  1.152117e+001  1.711562e+001  7.538935e+001
    endloop
  endfacet
  facet normal  9.973392e-001  7.281052e-002  3.637140e-003
    outer loop
      vertex  1.152117e+001  1.711562e+001  7.538935e+001
      vertex  1.153711e+001  1.699167e+001  7.350000e+001
      vertex  1.150000e+001  1.750000e+001  7.350000e+001
    endloop
  endfacet
  facet normal  9.984865e-001  5.499611e-002  -0.000000e+000
    outer loop
      vertex  1.152117e+001  1.711562e+001  7.538935e+001
      vertex  1.150000e+001  1.750000e+001  7.350000e+001
      vertex  1.150000e+001  1.750000e+001  7.539737e+001
    endloop
  endfacet
  facet normal  0.000000e+000  0.000000e+000  1.000000e+000
    outer loop
      vertex  1.562050e+001  2.094456e+001  7.350000e+001
      vertex  1.511364e+001  2.099815e+001  7.350000e+001
      vertex  1.460438e+001  2.097757e+001  7.350000e+001
    endloop
  endfacet
  facet normal  0.000000e+000  0.000000e+000  1.000000e+000
    outer loop
      vertex  1.562050e+001  2.094456e+001  7.350000e+001
      vertex  1.460438e+001  2.097757e+001  7.350000e+001
      vertex  1.410351e+001  2.088324e+001  7.350000e+001
    endloop
  endfacet
  facet normal  -0.000000e+000  0.000000e+000  1.000000e+000
    outer loop
      vertex  1.562050e+001  2.094456e+001  7.350000e+001
      vertex  1.410351e+001  2.088324e+001  7.350000e+001
      vertex  1.491691e+001  1.937316e+001  7.350000e+001
    endloop
  endfacet
  facet normal  -0.000000e+000  0.000000e+000  1.000000e+000
    outer loop
      vertex  1.562050e+001  2.094456e+001  7.350000e+001
      vertex  1.491691e+001  1.937316e+001  7.350000e+001
      vertex  1.527367e+001  1.935492e+001  7.350000e+001
    endloop
  endfacet
  facet normal  -0.000000e+000  0.000000e+000  1.000000e+000
    outer loop
      vertex  1.562050e+001  2.094456e+001  7.350000e+001
      vertex  1.527367e+001  1.935492e+001  7.350000e+001
      vertex  1.562050e+001  1.926935e+001  7.350000e+001
    endloop
  endfacet
  facet normal  0.000000e+000  0.000000e+000  1.000000e+000
    outer loop
      vertex  1.562050e+001  1.405544e+001  7.350000e+001
      vertex  1.562050e+001  1.573065e+001  7.350000e+001
      vertex  1.527367e+001  1.564508e+001  7.350000e+001
    endloop
  endfacet
  facet normal  0.000000e+000  0.000000e+000  1.000000e+000
    outer loop
      vertex  1.562050e+001  1.405544e+001  7.350000e+001
      vertex  1.527367e+001  1.564508e+001  7.350000e+001
      vertex  1.491691e+001  1.562684e+001  7.350000e+001
    endloop
  endfacet
  facet normal  0.000000e+000  0.000000e+000  1.000000e+000
    outer loop
      vertex  1.562050e+001  1.405544e+001  7.350000e+001
      vertex  1.491691e+001  1.562684e+001  7.350000e+001
      vertex  1.207816e+001  1.557312e+001  7.350000e+001
    endloop
  endfacet
  facet normal  0.000000e+000  0.000000e+000  1.000000e+000
    outer loop
      vertex  1.562050e+001  1.405544e+001  7.350000e+001
      vertex  1.207816e+001  1.557312e+001  7.350000e+001
      vertex  1.238900e+001  1.516919e+001  7.350000e+001
    endloop
  endfacet
  facet normal  0.000000e+000  0.000000e+000  1.000000e+000
    outer loop
      vertex  1.562050e+001  1.405544e+001  7.350000e+001
      vertex  1.238900e+001  1.516919e+001  7.350000e+001
      vertex  1.275520e+001  1.481469e+001  7.350000e+001
    endloop
  endfacet
  facet normal  0.000000e+000  0.000000e+000  1.000000e+000
    outer loop
      vertex  1.562050e+001  1.405544e+001  7.350000e+001
      vertex  1.275520e+001  1.481469e+001  7.350000e+001
      vertex  1.316901e+001  1.451714e+001  7.350000e+001
    endloop
  endfacet
  facet normal  0.000000e+000  0.000000e+000  1.000000e+000
    outer loop
      vertex  1.562050e+001  1.405544e+001  7.350000e+001
      vertex  1.316901e+001  1.451714e+001  7.350000e+001
      vertex  1.362164e+001  1.428284e+001  7.350000e+001
    endloop
  endfacet
  facet normal  0.000000e+000  0.000000e+000  1.000000e+000
    outer loop
      vertex  1.562050e+001  1.405544e+001  7.350000e+001
      vertex  1.362164e+001  1.428284e+001  7.350000e+001
      vertex  1.410351e+001  1.411676e+001  7.350000e+001
    endloop
  endfacet
  facet normal  0.000000e+000  0.000000e+000  1.000000e+000
    outer loop
      vertex  1.562050e+001  1.405544e+001  7.350000e+001
      vertex  1.410351e+001  1.411676e+001  7.350000e+001
      vertex  1.460438e+001  1.402243e+001  7.350000e+001
    endloop
  endfacet
  facet normal  -0.000000e+000  0.000000e+000  1.000000e+000
    outer loop
      vertex  1.562050e+001  1.405544e+001  7.350000e+001
      vertex  1.460438e+001  1.402243e+001  7.350000e+001
      vertex  1.511364e+001  1.400185e+001  7.350000e+001
    endloop
  endfacet
  facet normal  0.000000e+000  0.000000e+000  9.999999e-001
    outer loop
      vertex  1.491691e+001  1.937316e+001  7.350000e+001
      vertex  1.410351e+001  2.088324e+001  7.350000e+001
      vertex  1.362164e+001  2.071716e+001  7.350000e+001
    endloop
  endfacet
  facet normal  0.000000e+000  0.000000e+000  1.000000e+000
    outer loop
      vertex  1.491691e+001  1.937316e+001  7.350000e+001
      vertex  1.362164e+001  2.071716e+001  7.350000e+001
      vertex  1.316901e+001  2.048286e+001  7.350000e+001
    endloop
  endfacet
  facet normal  0.000000e+000  0.000000e+000  1.000000e+000
    outer loop
      vertex  1.491691e+001  1.937316e+001  7.350000e+001
      vertex  1.316901e+001  2.048286e+001  7.350000e+001
      vertex  1.275520e+001  2.018531e+001  7.350000e+001
    endloop
  endfacet
  facet normal  0.000000e+000  0.000000e+000  1.000000e+000
    outer loop
      vertex  1.491691e+001  1.937316e+001  7.350000e+001
      vertex  1.275520e+001  2.018531e+001  7.350000e+001
      vertex  1.238900e+001  1.983081e+001  7.350000e+001
    endloop
  endfacet
  facet normal  0.000000e+000  0.000000e+000  1.000000e+000
    outer loop
      vertex  1.491691e+001  1.937316e+001  7.350000e+001
      vertex  1.238900e+001  1.983081e+001  7.350000e+001
      vertex  1.207816e+001  1.942688e+001  7.350000e+001
    endloop
  endfacet
  facet normal  0.000000e+000  0.000000e+000  1.000000e+000
    outer loop
      vertex  1.491691e+001  1.937316e+001  7.350000e+001
      vertex  1.207816e+001  1.942688e+001  7.350000e+001
      vertex  1.456317e+001  1.932340e+001  7.350000e+001
    endloop
  endfacet
  facet normal  0.000000e+000  0.000000e+000  1.000000e+000
    outer loop
      vertex  1.207816e+001  1.557312e+001  7.350000e+001
      vertex  1.491691e+001  1.562684e+001  7.350000e+001
      vertex  1.456317e+001  1.567659e+001  7.350000e+001
    endloop
  endfacet
  facet normal  0.000000e+000  0.000000e+000  1.000000e+000
    outer loop
      vertex  1.207816e+001  1.557312e+001  7.350000e+001
      vertex  1.456317e+001  1.567659e+001  7.350000e+001
      vertex  1.422529e+001  1.579253e+001  7.350000e+001
    endloop
  endfacet
  facet normal  0.000000e+000  0.000000e+000  1.000000e+000
    outer loop
      vertex  1.207816e+001  1.557312e+001  7.350000e+001
      vertex  1.422529e+001  1.579253e+001  7.350000e+001
      vertex  1.391552e+001  1.597045e+001  7.350000e+001
    endloop
  endfacet
  facet normal  0.000000e+000  0.000000e+000  1.000000e+000
    outer loop
      vertex  1.207816e+001  1.557312e+001  7.350000e+001
      vertex  1.391552e+001  1.597045e+001  7.350000e+001
      vertex  1.182929e+001  1.601791e+001  7.350000e+001
    endloop
  endfacet
  facet normal  0.000000e+000  0.000000e+000  1.000000e+000
    outer loop
      vertex  1.456317e+001  1.932340e+001  7.350000e+001
      vertex  1.207816e+001  1.942688e+001  7.350000e+001
      vertex  1.422529e+001  1.920747e+001  7.350000e+001
    endloop
  endfacet
  facet normal  0.000000e+000  0.000000e+000  1.000000e+000
    outer loop
      vertex  1.422529e+001  1.920747e+001  7.350000e+001
      vertex  1.207816e+001  1.942688e+001  7.350000e+001
      vertex  1.182929e+001  1.898209e+001  7.350000e+001
    endloop
  endfacet
  facet normal  0.000000e+000  0.000000e+000  1.000000e+000
    outer loop
      vertex  1.422529e+001  1.920747e+001  7.350000e+001
      vertex  1.182929e+001  1.898209e+001  7.350000e+001
      vertex  1.391552e+001  1.902955e+001  7.350000e+001
    endloop
  endfacet
  facet normal  -0.000000e+000  0.000000e+000  1.000000e+000
    outer loop
      vertex  1.391552e+001  1.902955e+001  7.350000e+001
      vertex  1.182929e+001  1.898209e+001  7.350000e+001
      vertex  1.364512e+001  1.879612e+001  7.350000e+001
    endloop
  endfacet
  facet normal  0.000000e+000  0.000000e+000  1.000000e+000
    outer loop
      vertex  1.364512e+001  1.879612e+001  7.350000e+001
      vertex  1.182929e+001  1.898209e+001  7.350000e+001
      vertex  1.164766e+001  1.850588e+001  7.350000e+001
    endloop
  endfacet
  facet normal  0.000000e+000  0.000000e+000  1.000000e+000
    outer loop
      vertex  1.364512e+001  1.879612e+001  7.350000e+001
      vertex  1.164766e+001  1.850588e+001  7.350000e+001
      vertex  1.342389e+001  1.851564e+001  7.350000e+001
    endloop
  endfacet
  facet normal  -0.000000e+000  0.000000e+000  1.000000e+000
    outer loop
      vertex  1.342389e+001  1.851564e+001  7.350000e+001
      vertex  1.164766e+001  1.850588e+001  7.350000e+001
      vertex  1.325988e+001  1.819829e+001  7.350000e+001
    endloop
  endfacet
  facet normal  0.000000e+000  0.000000e+000  1.000000e+000
    outer loop
      vertex  1.325988e+001  1.819829e+001  7.350000e+001
      vertex  1.164766e+001  1.850588e+001  7.350000e+001
      vertex  1.153711e+001  1.800833e+001  7.350000e+001
    endloop
  endfacet
  facet normal  -0.000000e+000  0.000000e+000  1.000000e+000
    outer loop
      vertex  1.325988e+001  1.819829e+001  7.350000e+001
      vertex  1.153711e+001  1.800833e+001  7.350000e+001
      vertex  1.315903e+001  1.785560e+001  7.350000e+001
    endloop
  endfacet
  facet normal  0.000000e+000  0.000000e+000  1.000000e+000
    outer loop
      vertex  1.315903e+001  1.785560e+001  7.350000e+001
      vertex  1.153711e+001  1.800833e+001  7.350000e+001
      vertex  1.312500e+001  1.750000e+001  7.350000e+001
    endloop
  endfacet
  facet normal  0.000000e+000  0.000000e+000  9.999999e-001
    outer loop
      vertex  1.312500e+001  1.750000e+001  7.350000e+001
      vertex  1.153711e+001  1.800833e+001  7.350000e+001
      vertex  1.150000e+001  1.750000e+001  7.350000e+001
    endloop
  endfacet
  facet normal  -0.000000e+000  0.000000e+000  1.000000e+000
    outer loop
      vertex  1.312500e+001  1.750000e+001  7.350000e+001
      vertex  1.150000e+001  1.750000e+001  7.350000e+001
      vertex  1.315903e+001  1.714440e+001  7.350000e+001
    endloop
  endfacet
  facet normal  0.000000e+000  0.000000e+000  1.000000e+000
    outer loop
      vertex  1.315903e+001  1.714440e+001  7.350000e+001
      vertex  1.150000e+001  1.750000e+001  7.350000e+001
      vertex  1.153711e+001  1.699167e+001  7.350000e+001
    endloop
  endfacet
  facet normal  -0.000000e+000  0.000000e+000  1.000000e+000
    outer loop
      vertex  1.315903e+001  1.714440e+001  7.350000e+001
      vertex  1.153711e+001  1.699167e+001  7.350000e+001
      vertex  1.325988e+001  1.680171e+001  7.350000e+001
    endloop
  endfacet
  facet normal  0.000000e+000  0.000000e+000  1.000000e+000
    outer loop
      vertex  1.325988e+001  1.680171e+001  7.350000e+001
      vertex  1.153711e+001  1.699167e+001  7.350000e+001
      vertex  1.164766e+001  1.649412e+001  7.350000e+001
    endloop
  endfacet
  facet normal  -0.000000e+000  0.000000e+000  1.000000e+000
    outer loop
      vertex  1.325988e+001  1.680171e+001  7.350000e+001
      vertex  1.164766e+001  1.649412e+001  7.350000e+001
      vertex  1.342389e+001  1.648436e+001  7.350000e+001
    endloop
  endfacet
  facet normal  0.000000e+000  0.000000e+000  1.000000e+000
    outer loop
      vertex  1.342389e+001  1.648436e+001  7.350000e+001
      vertex  1.164766e+001  1.649412e+001  7.350000e+001
      vertex  1.364512e+001  1.620388e+001  7.350000e+001
    endloop
  endfacet
  facet normal  0.000000e+000  0.000000e+000  1.000000e+000
    outer loop
      vertex  1.364512e+001  1.620388e+001  7.350000e+001
      vertex  1.164766e+001  1.649412e+001  7.350000e+001
      vertex  1.182929e+001  1.601791e+001  7.350000e+001
    endloop
  endfacet
  facet normal  -0.000000e+000  0.000000e+000  1.000000e+000
    outer loop
      vertex  1.364512e+001  1.620388e+001  7.350000e+001
      vertex  1.182929e+001  1.601791e+001  7.350000e+001
      vertex  1.391552e+001  1.597045e+001  7.350000e+001
    endloop
  endfacet
  facet normal -6.865385e-001  9.179335e-004 -7.270929e-001
    outer loop
      vertex  2.062457e+001 -1.425000e+002  6.609210e+001
      vertex  2.073766e+001 -1.459809e+002  6.598093e+001
      vertex  1.972983e+001 -1.469314e+002  6.693135e+001
    endloop
  endfacet
  facet normal -6.804568e-001 -1.388443e-003 -7.327870e-001
    outer loop
      vertex  1.972983e+001 -1.469314e+002  6.693135e+001
      vertex  1.950897e+001 -1.425000e+002  6.712804e+001
      vertex  2.062457e+001 -1.425000e+002  6.609210e+001
    endloop
  endfacet
  facet normal -5.762748e-001  3.307255e-004 -8.172560e-001
    outer loop
      vertex  1.712500e+001 -1.425000e+002  6.902050e+001
      vertex  1.686529e+001 -1.426905e+002  6.920355e+001
      vertex  1.687500e+001 -1.425000e+002  6.919678e+001
    endloop
  endfacet
  facet normal -3.865341e-001  3.322239e-004 -9.222751e-001
    outer loop
      vertex  1.183744e+001 -1.425000e+002  7.202083e+001
      vertex  1.198985e+001 -1.519535e+002  7.195354e+001
      vertex  1.080338e+001 -1.524506e+002  7.245063e+001
    endloop
  endfacet
  facet normal -3.774990e-001 -7.680068e-004 -9.260097e-001
    outer loop
      vertex  1.080338e+001 -1.524506e+002  7.245063e+001
      vertex  1.042768e+001 -1.425000e+002  7.259554e+001
      vertex  1.183744e+001 -1.425000e+002  7.202083e+001
    endloop
  endfacet
  facet normal -3.475291e-001  5.333349e-004 -9.376691e-001
    outer loop
      vertex  1.042768e+001 -1.425000e+002  7.259554e+001
      vertex  1.080338e+001 -1.524506e+002  7.245063e+001
      vertex  9.686339e+000 -1.528644e+002  7.286440e+001
    endloop
  endfacet
  facet normal -3.292240e-001 -9.467319e-004 -9.442514e-001
    outer loop
      vertex  9.686339e+000 -1.528644e+002  7.286440e+001
      vertex  8.990142e+000 -1.425000e+002  7.309675e+001
      vertex  1.042768e+001 -1.425000e+002  7.259554e+001
    endloop
  endfacet
  facet normal -3.091528e-001  5.530512e-004 -9.510122e-001
    outer loop
      vertex  8.540482e+000 -1.532367e+002  7.323668e+001
      vertex  8.990142e+000 -1.425000e+002  7.309675e+001
      vertex  9.686339e+000 -1.528644e+002  7.286440e+001
    endloop
  endfacet
  facet normal -2.800722e-001 -7.817283e-004 -9.599786e-001
    outer loop
      vertex  7.528663e+000 -1.425000e+002  7.352313e+001
      vertex  8.990142e+000 -1.425000e+002  7.309675e+001
      vertex  8.540482e+000 -1.532367e+002  7.323668e+001
    endloop
  endfacet
  facet normal -1.886725e-001  2.113498e-004 -9.820400e-001
    outer loop
      vertex  6.047134e+000 -1.425000e+002  7.387356e+001
      vertex  6.171863e+000 -1.538472e+002  7.384715e+001
      vertex  4.954976e+000 -1.540809e+002  7.408089e+001
    endloop
  endfacet
  facet normal -1.796637e-001 -6.684634e-004 -9.837278e-001
    outer loop
      vertex  4.954976e+000 -1.540809e+002  7.408089e+001
      vertex  4.549499e+000 -1.425000e+002  7.414708e+001
      vertex  6.047134e+000 -1.425000e+002  7.387356e+001
    endloop
  endfacet
  facet normal -1.493423e-001  4.220707e-004 -9.887854e-001
    outer loop
      vertex  4.549499e+000 -1.425000e+002  7.414708e+001
      vertex  4.954976e+000 -1.540809e+002  7.408089e+001
      vertex  3.851083e+000 -1.542475e+002  7.424755e+001
    endloop
  endfacet
  facet normal -1.286727e-001 -8.315924e-004 -9.916868e-001
    outer loop
      vertex  3.851083e+000 -1.542475e+002  7.424755e+001
      vertex  3.039747e+000 -1.425000e+002  7.434297e+001
      vertex  4.549499e+000 -1.425000e+002  7.414708e+001
    endloop
  endfacet
  facet normal -3.561070e-002  1.349643e-004 -9.993657e-001
    outer loop
      vertex  1.521900e+000 -1.425000e+002  7.446072e+001
      vertex  1.613832e+000 -1.544558e+002  7.445583e+001
      vertex  4.866118e-001 -1.544960e+002  7.449599e+001
    endloop
  endfacet
  facet normal -2.580370e-002 -7.122935e-004 -9.996668e-001
    outer loop
      vertex  4.866118e-001 -1.544960e+002  7.449599e+001
      vertex  4.743962e-015 -1.425000e+002  7.450000e+001
      vertex  1.521900e+000 -1.425000e+002  7.446072e+001
    endloop
  endfacet
  facet normal  2.637359e-003  4.415157e-004 -9.999964e-001
    outer loop
      vertex  4.743962e-015 -1.425000e+002  7.450000e+001
      vertex  4.866118e-001 -1.544960e+002  7.449599e+001
      vertex -6.420806e-001 -1.544930e+002  7.449301e+001
    endloop
  endfacet
  facet normal  2.580370e-002 -7.989535e-004 -9.996668e-001
    outer loop
      vertex -6.420806e-001 -1.544930e+002  7.449301e+001
      vertex -1.521900e+000 -1.425000e+002  7.446072e+001
      vertex  4.743962e-015 -1.425000e+002  7.450000e+001
    endloop
  endfacet
  facet normal  1.192042e-001  1.584007e-004 -9.928697e-001
    outer loop
      vertex -3.039747e+000 -1.425000e+002  7.434297e+001
      vertex -2.936239e+000 -1.543535e+002  7.435351e+001
      vertex -4.094366e+000 -1.542145e+002  7.421449e+001
    endloop
  endfacet
  facet normal  1.286727e-001 -7.069951e-004 -9.916869e-001
    outer loop
      vertex -4.094366e+000 -1.542145e+002  7.421449e+001
      vertex -4.549499e+000 -1.425000e+002  7.414708e+001
      vertex -3.039747e+000 -1.425000e+002  7.434297e+001
    endloop
  endfacet
  facet normal  1.583110e-001  4.692437e-004 -9.873892e-001
    outer loop
      vertex -4.549499e+000 -1.425000e+002  7.414708e+001
      vertex -4.094366e+000 -1.542145e+002  7.421449e+001
      vertex -5.239988e+000 -1.540309e+002  7.403089e+001
    endloop
  endfacet
  facet normal  1.796637e-001 -8.462879e-004 -9.837278e-001
    outer loop
      vertex -5.239988e+000 -1.540309e+002  7.403089e+001
      vertex -6.047134e+000 -1.425000e+002  7.387356e+001
      vertex -4.549499e+000 -1.425000e+002  7.414708e+001
    endloop
  endfacet
  facet normal  2.721750e-001  8.086341e-005 -9.622478e-001
    outer loop
      vertex -7.528663e+000 -1.425000e+002  7.352313e+001
      vertex -7.481661e+000 -1.535355e+002  7.353550e+001
      vertex -8.572405e+000 -1.532270e+002  7.322701e+001
    endloop
  endfacet
  facet normal  2.800722e-001 -7.501718e-004 -9.599787e-001
    outer loop
      vertex -8.572405e+000 -1.532270e+002  7.322701e+001
      vertex -8.990142e+000 -1.425000e+002  7.309675e+001
      vertex -7.528663e+000 -1.425000e+002  7.352313e+001
    endloop
  endfacet
  facet normal  3.110895e-001  5.742730e-004 -9.503804e-001
    outer loop
      vertex -8.990142e+000 -1.425000e+002  7.309675e+001
      vertex -8.572405e+000 -1.532270e+002  7.322701e+001
      vertex -9.767887e+000 -1.528359e+002  7.283592e+001
    endloop
  endfacet
  facet normal  3.292241e-001 -9.449574e-004 -9.442514e-001
    outer loop
      vertex -9.767887e+000 -1.528359e+002  7.283592e+001
      vertex -1.042768e+001 -1.425000e+002  7.259554e+001
      vertex -8.990142e+000 -1.425000e+002  7.309675e+001
    endloop
  endfacet
  facet normal  3.511336e-001  6.379809e-004 -9.363251e-001
    outer loop
      vertex -1.093183e+001 -1.523997e+002  7.239973e+001
      vertex -1.042768e+001 -1.425000e+002  7.259554e+001
      vertex -9.767887e+000 -1.528359e+002  7.283592e+001
    endloop
  endfacet
  facet normal  3.774990e-001 -9.087267e-004 -9.260095e-001
    outer loop
      vertex -1.183744e+001 -1.425000e+002  7.202083e+001
      vertex -1.042768e+001 -1.425000e+002  7.259554e+001
      vertex -1.093183e+001 -1.523997e+002  7.239973e+001
    endloop
  endfacet
  facet normal  4.453392e-001  7.919394e-007 -8.953619e-001
    outer loop
      vertex -1.315718e+001 -1.514034e+002  7.140338e+001
      vertex -1.315227e+001 -1.428186e+002  7.140583e+001
      vertex -1.312500e+001 -1.425000e+002  7.141940e+001
    endloop
  endfacet
  facet normal  5.309518e-001  5.982170e-004 -8.474019e-001
    outer loop
      vertex -1.579538e+001 -1.441979e+002  6.991498e+001
      vertex -1.552130e+001 -1.443011e+002  7.008663e+001
      vertex -1.605860e+001 -1.497461e+002  6.974614e+001
    endloop
  endfacet
  facet normal  5.398205e-001  6.398255e-006 -8.417801e-001
    outer loop
      vertex -1.605308e+001 -1.440513e+002  6.974972e+001
      vertex -1.579538e+001 -1.441979e+002  6.991498e+001
      vertex -1.605860e+001 -1.497461e+002  6.974614e+001
    endloop
  endfacet
  facet normal  6.257675e-001  3.026752e-004 -7.800097e-001
    outer loop
      vertex -1.834141e+001 -1.425000e+002  6.810503e+001
      vertex -1.818227e+001 -1.482305e+002  6.823048e+001
      vertex -1.872676e+001 -1.477938e+002  6.779383e+001
    endloop
  endfacet
  facet normal  6.417439e-001 -1.629937e-003 -7.669172e-001
    outer loop
      vertex -1.872676e+001 -1.477938e+002  6.779383e+001
      vertex -1.950897e+001 -1.425000e+002  6.712804e+001
      vertex -1.834141e+001 -1.425000e+002  6.810503e+001
    endloop
  endfacet
  facet normal  6.533422e-001  1.323352e-003 -7.570615e-001
    outer loop
      vertex -1.977137e+001 -1.468939e+002  6.689391e+001
      vertex -1.950897e+001 -1.425000e+002  6.712804e+001
      vertex -1.872676e+001 -1.477938e+002  6.779383e+001
    endloop
  endfacet
  facet normal  6.804565e-001 -1.589380e-003 -7.327867e-001
    outer loop
      vertex -2.062457e+001 -1.425000e+002  6.609210e+001
      vertex -1.950897e+001 -1.425000e+002  6.712804e+001
      vertex -1.977137e+001 -1.468939e+002  6.689391e+001
    endloop
  endfacet
  facet normal -6.876226e-001 -1.028239e-003 -7.260676e-001
    outer loop
      vertex  1.977137e+001  2.189390e+001  6.689391e+001
      vertex  2.075728e+001  2.096152e+001  6.596152e+001
      vertex  2.062457e+001  1.750000e+001  6.609210e+001
    endloop
  endfacet
  facet normal -6.804565e-001  1.589382e-003 -7.327867e-001
    outer loop
      vertex  1.950897e+001  1.750000e+001  6.712804e+001
      vertex  1.977137e+001  2.189390e+001  6.689391e+001
      vertex  2.062457e+001  1.750000e+001  6.609210e+001
    endloop
  endfacet
  facet normal -6.533422e-001 -1.323353e-003 -7.570615e-001
    outer loop
      vertex  1.872676e+001  2.279383e+001  6.779383e+001
      vertex  1.977137e+001  2.189390e+001  6.689391e+001
      vertex  1.950897e+001  1.750000e+001  6.712804e+001
    endloop
  endfacet
  facet normal -6.417440e-001  1.629936e-003 -7.669173e-001
    outer loop
      vertex  1.834141e+001  1.750000e+001  6.810503e+001
      vertex  1.872676e+001  2.279383e+001  6.779383e+001
      vertex  1.950897e+001  1.750000e+001  6.712804e+001
    endloop
  endfacet
  facet normal -4.232157e-001  5.199309e-004 -9.060287e-001
    outer loop
      vertex  1.183744e+001  1.750000e+001  7.202083e+001
      vertex  1.206215e+001  2.692127e+001  7.192127e+001
      vertex  1.312500e+001  1.750000e+001  7.141940e+001
    endloop
  endfacet
  facet normal -3.899622e-001 -4.296087e-004 -9.208307e-001
    outer loop
      vertex  1.093183e+001  2.739973e+001  7.239973e+001
      vertex  1.206215e+001  2.692127e+001  7.192127e+001
      vertex  1.183744e+001  1.750000e+001  7.202083e+001
    endloop
  endfacet
  facet normal -3.774990e-001  9.087274e-004 -9.260096e-001
    outer loop
      vertex  1.042768e+001  1.750000e+001  7.259554e+001
      vertex  1.093183e+001  2.739973e+001  7.239973e+001
      vertex  1.183744e+001  1.750000e+001  7.202083e+001
    endloop
  endfacet
  facet normal -3.511336e-001 -6.379801e-004 -9.363251e-001
    outer loop
      vertex  9.767887e+000  2.783592e+001  7.283592e+001
      vertex  1.093183e+001  2.739973e+001  7.239973e+001
      vertex  1.042768e+001  1.750000e+001  7.259554e+001
    endloop
  endfacet
  facet normal -3.292240e-001  9.449567e-004 -9.442513e-001
    outer loop
      vertex  8.990142e+000  1.750000e+001  7.309675e+001
      vertex  9.767887e+000  2.783592e+001  7.283592e+001
      vertex  1.042768e+001  1.750000e+001  7.259554e+001
    endloop
  endfacet
  facet normal -3.110895e-001 -5.742730e-004 -9.503804e-001
    outer loop
      vertex  8.990142e+000  1.750000e+001  7.309675e+001
      vertex  8.572405e+000  2.822701e+001  7.322701e+001
      vertex  9.767887e+000  2.783592e+001  7.283592e+001
    endloop
  endfacet
  facet normal -2.800722e-001  7.501717e-004 -9.599786e-001
    outer loop
      vertex  8.572405e+000  2.822701e+001  7.322701e+001
      vertex  8.990142e+000  1.750000e+001  7.309675e+001
      vertex  7.528663e+000  1.750000e+001  7.352313e+001
    endloop
  endfacet
  facet normal -2.721750e-001 -8.086346e-005 -9.622477e-001
    outer loop
      vertex  7.528663e+000  1.750000e+001  7.352313e+001
      vertex  7.481661e+000  2.853550e+001  7.353550e+001
      vertex  8.572405e+000  2.822701e+001  7.322701e+001
    endloop
  endfacet
  facet normal -1.796637e-001  8.462876e-004 -9.837278e-001
    outer loop
      vertex  4.549499e+000  1.750000e+001  7.414708e+001
      vertex  5.239988e+000  2.903089e+001  7.403089e+001
      vertex  6.047134e+000  1.750000e+001  7.387356e+001
    endloop
  endfacet
  facet normal -1.583110e-001 -4.692438e-004 -9.873892e-001
    outer loop
      vertex  4.549499e+000  1.750000e+001  7.414708e+001
      vertex  4.094366e+000  2.921449e+001  7.421449e+001
      vertex  5.239988e+000  2.903089e+001  7.403089e+001
    endloop
  endfacet
  facet normal -1.286727e-001  7.069955e-004 -9.916868e-001
    outer loop
      vertex  4.094366e+000  2.921449e+001  7.421449e+001
      vertex  4.549499e+000  1.750000e+001  7.414708e+001
      vertex  3.039747e+000  1.750000e+001  7.434297e+001
    endloop
  endfacet
  facet normal -1.192042e-001 -1.584007e-004 -9.928697e-001
    outer loop
      vertex  3.039747e+000  1.750000e+001  7.434297e+001
      vertex  2.936239e+000  2.935351e+001  7.435351e+001
      vertex  4.094366e+000  2.921449e+001  7.421449e+001
    endloop
  endfacet
  facet normal -2.580370e-002  7.989533e-004 -9.996668e-001
    outer loop
      vertex  4.743962e-015  1.750000e+001  7.450000e+001
      vertex  6.420805e-001  2.949301e+001  7.449301e+001
      vertex  1.521900e+000  1.750000e+001  7.446072e+001
    endloop
  endfacet
  facet normal -2.637359e-003 -4.415157e-004 -9.999964e-001
    outer loop
      vertex  4.743962e-015  1.750000e+001  7.450000e+001
      vertex -4.866118e-001  2.949599e+001  7.449599e+001
      vertex  6.420805e-001  2.949301e+001  7.449301e+001
    endloop
  endfacet
  facet normal  2.580370e-002  7.122935e-004 -9.996668e-001
    outer loop
      vertex -4.866118e-001  2.949599e+001  7.449599e+001
      vertex  4.743962e-015  1.750000e+001  7.450000e+001
      vertex -1.521900e+000  1.750000e+001  7.446072e+001
    endloop
  endfacet
  facet normal  3.561070e-002 -1.349643e-004 -9.993658e-001
    outer loop
      vertex -1.521900e+000  1.750000e+001  7.446072e+001
      vertex -1.613832e+000  2.945582e+001  7.445583e+001
      vertex -4.866118e-001  2.949599e+001  7.449599e+001
    endloop
  endfacet
  facet normal  1.286727e-001  8.315923e-004 -9.916868e-001
    outer loop
      vertex -4.549499e+000  1.750000e+001  7.414708e+001
      vertex -3.851083e+000  2.924755e+001  7.424755e+001
      vertex -3.039747e+000  1.750000e+001  7.434297e+001
    endloop
  endfacet
  facet normal  1.493423e-001 -4.220705e-004 -9.887854e-001
    outer loop
      vertex -4.549499e+000  1.750000e+001  7.414708e+001
      vertex -4.954976e+000  2.908089e+001  7.408089e+001
      vertex -3.851083e+000  2.924755e+001  7.424755e+001
    endloop
  endfacet
  facet normal  1.796637e-001  6.684632e-004 -9.837278e-001
    outer loop
      vertex -4.954976e+000  2.908089e+001  7.408089e+001
      vertex -4.549499e+000  1.750000e+001  7.414708e+001
      vertex -6.047134e+000  1.750000e+001  7.387356e+001
    endloop
  endfacet
  facet normal  1.886726e-001 -2.113499e-004 -9.820400e-001
    outer loop
      vertex -6.047134e+000  1.750000e+001  7.387356e+001
      vertex -6.171863e+000  2.884715e+001  7.384715e+001
      vertex -4.954976e+000  2.908089e+001  7.408089e+001
    endloop
  endfacet
  facet normal  2.800722e-001  7.817291e-004 -9.599786e-001
    outer loop
      vertex -8.990142e+000  1.750000e+001  7.309675e+001
      vertex -8.540482e+000  2.823668e+001  7.323668e+001
      vertex -7.528663e+000  1.750000e+001  7.352313e+001
    endloop
  endfacet
  facet normal  3.091528e-001 -5.530510e-004 -9.510122e-001
    outer loop
      vertex -9.686339e+000  2.786440e+001  7.286440e+001
      vertex -8.540482e+000  2.823668e+001  7.323668e+001
      vertex -8.990142e+000  1.750000e+001  7.309675e+001
    endloop
  endfacet
  facet normal  3.292240e-001  9.467315e-004 -9.442514e-001
    outer loop
      vertex -1.042768e+001  1.750000e+001  7.259554e+001
      vertex -9.686339e+000  2.786440e+001  7.286440e+001
      vertex -8.990142e+000  1.750000e+001  7.309675e+001
    endloop
  endfacet
  facet normal  3.475291e-001 -5.333346e-004 -9.376690e-001
    outer loop
      vertex -1.042768e+001  1.750000e+001  7.259554e+001
      vertex -1.080338e+001  2.745063e+001  7.245063e+001
      vertex -9.686339e+000  2.786440e+001  7.286440e+001
    endloop
  endfacet
  facet normal  3.774990e-001  7.680063e-004 -9.260097e-001
    outer loop
      vertex -1.080338e+001  2.745063e+001  7.245063e+001
      vertex -1.042768e+001  1.750000e+001  7.259554e+001
      vertex -1.183744e+001  1.750000e+001  7.202083e+001
    endloop
  endfacet
  facet normal  3.865341e-001 -3.322237e-004 -9.222752e-001
    outer loop
      vertex -1.183744e+001  1.750000e+001  7.202083e+001
      vertex -1.198985e+001  2.695354e+001  7.195354e+001
      vertex -1.080338e+001  2.745063e+001  7.245063e+001
    endloop
  endfacet
  facet normal  6.601387e-001 -4.389425e-004 -7.511435e-001
    outer loop
      vertex -1.950897e+001  1.750000e+001  6.712804e+001
      vertex -1.972983e+001  2.193135e+001  6.693135e+001
      vertex -1.920308e+001  2.239401e+001  6.739401e+001
    endloop
  endfacet
  facet normal  6.804567e-001  1.388444e-003 -7.327870e-001
    outer loop
      vertex -1.972983e+001  2.193135e+001  6.693135e+001
      vertex -1.950897e+001  1.750000e+001  6.712804e+001
      vertex -2.062457e+001  1.750000e+001  6.609210e+001
    endloop
  endfacet
  facet normal  6.865385e-001 -9.179331e-004 -7.270929e-001
    outer loop
      vertex -2.062457e+001  1.750000e+001  6.609210e+001
      vertex -2.073766e+001  2.098093e+001  6.598093e+001
      vertex -1.972983e+001  2.193135e+001  6.693135e+001
    endloop
  endfacet
  facet normal -7.186542e-001 -1.138728e-003 -6.953667e-001
    outer loop
      vertex  2.168525e+001 -1.450000e+002  6.500000e+001
      vertex  2.073766e+001 -1.459809e+002  6.598093e+001
      vertex  2.062457e+001 -1.425000e+002  6.609210e+001
    endloop
  endfacet
  facet normal -7.173530e-001  0.000000e+000 -6.967098e-001
    outer loop
      vertex  2.168525e+001 -1.450000e+002  6.500000e+001
      vertex  2.062457e+001 -1.425000e+002  6.609210e+001
      vertex  2.062457e+001  1.750000e+001  6.609210e+001
    endloop
  endfacet
  facet normal -7.037703e-001  1.808499e-004 -7.104276e-001
    outer loop
      vertex  2.168525e+001 -1.450000e+002  6.500000e+001
      vertex  2.062457e+001  1.750000e+001  6.609210e+001
      vertex  2.075728e+001  2.096152e+001  6.596152e+001
    endloop
  endfacet
  facet normal -7.195497e-001  0.000000e+000 -6.944410e-001
    outer loop
      vertex  2.168525e+001 -1.450000e+002  6.500000e+001
      vertex  2.075728e+001  2.096152e+001  6.596152e+001
      vertex  2.168525e+001  2.000000e+001  6.500000e+001
    endloop
  endfacet
  facet normal -5.366666e-001  2.040225e-004 -8.437944e-001
    outer loop
      vertex  1.633838e+001 -1.495623e+002  6.956232e+001
      vertex  1.531288e+001 -1.502144e+002  7.021439e+001
      vertex  1.628856e+001 -1.438621e+002  6.959538e+001
    endloop
  endfacet
  facet normal -5.553579e-001 -3.001086e-005 -8.316114e-001
    outer loop
      vertex  1.633838e+001 -1.495623e+002  6.956232e+001
      vertex  1.628856e+001 -1.438621e+002  6.959538e+001
      vertex  1.647889e+001 -1.436526e+002  6.946827e+001
    endloop
  endfacet
  facet normal -5.615110e-001  1.822071e-004 -8.274692e-001
    outer loop
      vertex  1.633838e+001 -1.495623e+002  6.956232e+001
      vertex  1.647889e+001 -1.436526e+002  6.946827e+001
      vertex  1.663920e+001 -1.434103e+002  6.935954e+001
    endloop
  endfacet
  facet normal -5.669041e-001  5.673878e-004 -8.237836e-001
    outer loop
      vertex  1.633838e+001 -1.495623e+002  6.956232e+001
      vertex  1.663920e+001 -1.434103e+002  6.935954e+001
      vertex  1.675701e+001 -1.431546e+002  6.927864e+001
    endloop
  endfacet
  facet normal -5.718176e-001  1.039074e-003 -8.203801e-001
    outer loop
      vertex  1.633838e+001 -1.495623e+002  6.956232e+001
      vertex  1.675701e+001 -1.431546e+002  6.927864e+001
      vertex  1.683647e+001 -1.428782e+002  6.922361e+001
    endloop
  endfacet
  facet normal -5.793078e-001  1.864448e-003 -8.151067e-001
    outer loop
      vertex  1.633838e+001 -1.495623e+002  6.956232e+001
      vertex  1.683647e+001 -1.428782e+002  6.922361e+001
      vertex  1.686529e+001 -1.426905e+002  6.920355e+001
    endloop
  endfacet
  facet normal -5.768909e-001  1.589690e-003 -8.168197e-001
    outer loop
      vertex  1.633838e+001 -1.495623e+002  6.956232e+001
      vertex  1.686529e+001 -1.426905e+002  6.920355e+001
      vertex  1.712500e+001 -1.425000e+002  6.902050e+001
    endloop
  endfacet
  facet normal -5.675360e-001  4.682618e-005 -8.233485e-001
    outer loop
      vertex  1.633838e+001 -1.495623e+002  6.956232e+001
      vertex  1.712500e+001 -1.425000e+002  6.902050e+001
      vertex  1.714010e+001 -1.490097e+002  6.900972e+001
    endloop
  endfacet
  facet normal -5.012304e-001  2.944325e-004 -8.653139e-001
    outer loop
      vertex  1.531288e+001 -1.502144e+002  7.021439e+001
      vertex  1.424582e+001 -1.508323e+002  7.083228e+001
      vertex  1.523616e+001 -1.443601e+002  7.026083e+001
    endloop
  endfacet
  facet normal -5.213118e-001 -6.349617e-005 -8.533664e-001
    outer loop
      vertex  1.531288e+001 -1.502144e+002  7.021439e+001
      vertex  1.523616e+001 -1.443601e+002  7.026083e+001
      vertex  1.552130e+001 -1.443011e+002  7.008663e+001
    endloop
  endfacet
  facet normal -5.308990e-001  4.025660e-004 -8.474349e-001
    outer loop
      vertex  1.531288e+001 -1.502144e+002  7.021439e+001
      vertex  1.552130e+001 -1.443011e+002  7.008663e+001
      vertex  1.579538e+001 -1.441979e+002  6.991498e+001
    endloop
  endfacet
  facet normal -5.404080e-001  1.465399e-003 -8.414018e-001
    outer loop
      vertex  1.531288e+001 -1.502144e+002  7.021439e+001
      vertex  1.579538e+001 -1.441979e+002  6.991498e+001
      vertex  1.605308e+001 -1.440513e+002  6.974972e+001
    endloop
  endfacet
  facet normal -5.498889e-001  3.069275e-003 -8.352321e-001
    outer loop
      vertex  1.531288e+001 -1.502144e+002  7.021439e+001
      vertex  1.605308e+001 -1.440513e+002  6.974972e+001
      vertex  1.628856e+001 -1.438621e+002  6.959538e+001
    endloop
  endfacet
  facet normal -4.644519e-001  5.290185e-004 -8.855982e-001
    outer loop
      vertex  1.424582e+001 -1.508323e+002  7.083228e+001
      vertex  1.313781e+001 -1.514130e+002  7.141302e+001
      vertex  1.406857e+001 -1.441273e+002  7.092924e+001
    endloop
  endfacet
  facet normal -4.816918e-001 -6.059143e-005 -8.763407e-001
    outer loop
      vertex  1.424582e+001 -1.508323e+002  7.083228e+001
      vertex  1.406857e+001 -1.441273e+002  7.092924e+001
      vertex  1.434890e+001 -1.442583e+002  7.077516e+001
    endloop
  endfacet
  facet normal -4.913328e-001  1.372241e-004 -8.709719e-001
    outer loop
      vertex  1.424582e+001 -1.508323e+002  7.083228e+001
      vertex  1.434890e+001 -1.442583e+002  7.077516e+001
      vertex  1.464148e+001 -1.443404e+002  7.061010e+001
    endloop
  endfacet
  facet normal -5.012957e-001  9.393780e-004 -8.652755e-001
    outer loop
      vertex  1.424582e+001 -1.508323e+002  7.083228e+001
      vertex  1.464148e+001 -1.443404e+002  7.061010e+001
      vertex  1.493930e+001 -1.443740e+002  7.043752e+001
    endloop
  endfacet
  facet normal -5.115482e-001  2.408494e-003 -8.592512e-001
    outer loop
      vertex  1.424582e+001 -1.508323e+002  7.083228e+001
      vertex  1.493930e+001 -1.443740e+002  7.043752e+001
      vertex  1.523616e+001 -1.443601e+002  7.026083e+001
    endloop
  endfacet
  facet normal -4.258301e-001 -4.256797e-004 -9.048030e-001
    outer loop
      vertex  1.313781e+001 -1.514130e+002  7.141302e+001
      vertex  1.198985e+001 -1.519535e+002  7.195354e+001
      vertex  1.183744e+001 -1.425000e+002  7.202083e+001
    endloop
  endfacet
  facet normal -4.232158e-001  3.934015e-005 -9.060289e-001
    outer loop
      vertex  1.313781e+001 -1.514130e+002  7.141302e+001
      vertex  1.183744e+001 -1.425000e+002  7.202083e+001
      vertex  1.312500e+001 -1.425000e+002  7.141940e+001
    endloop
  endfacet
  facet normal -4.453475e-001 -9.812905e-008 -8.953578e-001
    outer loop
      vertex  1.313781e+001 -1.514130e+002  7.141302e+001
      vertex  1.312500e+001 -1.425000e+002  7.141940e+001
      vertex  1.315227e+001 -1.428186e+002  7.140583e+001
    endloop
  endfacet
  facet normal -4.471893e-001  3.770065e-006 -8.944394e-001
    outer loop
      vertex  1.313781e+001 -1.514130e+002  7.141302e+001
      vertex  1.315227e+001 -1.428186e+002  7.140583e+001
      vertex  1.323254e+001 -1.431259e+002  7.136570e+001
    endloop
  endfacet
  facet normal -4.506647e-001  5.346708e-005 -8.926932e-001
    outer loop
      vertex  1.313781e+001 -1.514130e+002  7.141302e+001
      vertex  1.323254e+001 -1.431259e+002  7.136570e+001
      vertex  1.336149e+001 -1.434115e+002  7.130058e+001
    endloop
  endfacet
  facet normal -4.559827e-001  2.401368e-004 -8.899886e-001
    outer loop
      vertex  1.313781e+001 -1.514130e+002  7.141302e+001
      vertex  1.336149e+001 -1.434115e+002  7.130058e+001
      vertex  1.355760e+001 -1.436980e+002  7.120003e+001
    endloop
  endfacet
  facet normal -4.630679e-001  7.268732e-004 -8.863224e-001
    outer loop
      vertex  1.313781e+001 -1.514130e+002  7.141302e+001
      vertex  1.355760e+001 -1.436980e+002  7.120003e+001
      vertex  1.379697e+001 -1.439382e+002  7.107477e+001
    endloop
  endfacet
  facet normal -4.713984e-001  1.660779e-003 -8.819188e-001
    outer loop
      vertex  1.313781e+001 -1.514130e+002  7.141302e+001
      vertex  1.379697e+001 -1.439382e+002  7.107477e+001
      vertex  1.406857e+001 -1.441273e+002  7.092924e+001
    endloop
  endfacet
  facet normal  4.994701e-001  4.060395e-004 -8.663311e-001
    outer loop
      vertex -1.421568e+001 -1.508489e+002  7.084888e+001
      vertex -1.523681e+001 -1.502604e+002  7.026044e+001
      vertex -1.434890e+001 -1.442583e+002  7.077516e+001
    endloop
  endfacet
  facet normal  4.816934e-001 -6.522729e-005 -8.763397e-001
    outer loop
      vertex -1.421568e+001 -1.508489e+002  7.084888e+001
      vertex -1.434890e+001 -1.442583e+002  7.077516e+001
      vertex -1.406857e+001 -1.441273e+002  7.092924e+001
    endloop
  endfacet
  facet normal  4.721872e-001  2.045001e-004 -8.814983e-001
    outer loop
      vertex -1.421568e+001 -1.508489e+002  7.084888e+001
      vertex -1.406857e+001 -1.441273e+002  7.092924e+001
      vertex -1.379697e+001 -1.439382e+002  7.107477e+001
    endloop
  endfacet
  facet normal  4.629101e-001  9.269583e-004 -8.864047e-001
    outer loop
      vertex -1.421568e+001 -1.508489e+002  7.084888e+001
      vertex -1.379697e+001 -1.439382e+002  7.107477e+001
      vertex -1.355760e+001 -1.436980e+002  7.120003e+001
    endloop
  endfacet
  facet normal  4.539734e-001  1.975693e-003 -8.910131e-001
    outer loop
      vertex -1.421568e+001 -1.508489e+002  7.084888e+001
      vertex -1.355760e+001 -1.436980e+002  7.120003e+001
      vertex -1.336149e+001 -1.434115e+002  7.130058e+001
    endloop
  endfacet
  facet normal  4.449413e-001  3.288818e-003 -8.955538e-001
    outer loop
      vertex -1.421568e+001 -1.508489e+002  7.084888e+001
      vertex -1.336149e+001 -1.434115e+002  7.130058e+001
      vertex -1.323254e+001 -1.431259e+002  7.136570e+001
    endloop
  endfacet
  facet normal  4.294603e-001  5.762374e-003 -9.030674e-001
    outer loop
      vertex -1.421568e+001 -1.508489e+002  7.084888e+001
      vertex -1.323254e+001 -1.431259e+002  7.136570e+001
      vertex -1.315227e+001 -1.428186e+002  7.140583e+001
    endloop
  endfacet
  facet normal  4.640349e-001 -1.262081e-005 -8.858169e-001
    outer loop
      vertex -1.421568e+001 -1.508489e+002  7.084888e+001
      vertex -1.315227e+001 -1.428186e+002  7.140583e+001
      vertex -1.315718e+001 -1.514034e+002  7.140338e+001
    endloop
  endfacet
  facet normal  5.307844e-001  6.212984e-004 -8.475066e-001
    outer loop
      vertex -1.523681e+001 -1.502604e+002  7.026044e+001
      vertex -1.605860e+001 -1.497461e+002  6.974614e+001
      vertex -1.552130e+001 -1.443011e+002  7.008663e+001
    endloop
  endfacet
  facet normal  5.213211e-001 -1.192261e-006 -8.533606e-001
    outer loop
      vertex -1.523681e+001 -1.502604e+002  7.026044e+001
      vertex -1.552130e+001 -1.443011e+002  7.008663e+001
      vertex -1.523616e+001 -1.443601e+002  7.026083e+001
    endloop
  endfacet
  facet normal  5.114661e-001  2.870342e-007 -8.593034e-001
    outer loop
      vertex -1.523681e+001 -1.502604e+002  7.026044e+001
      vertex -1.523616e+001 -1.443601e+002  7.026083e+001
      vertex -1.493930e+001 -1.443740e+002  7.043752e+001
    endloop
  endfacet
  facet normal  5.013167e-001  6.925686e-004 -8.652636e-001
    outer loop
      vertex -1.523681e+001 -1.502604e+002  7.026044e+001
      vertex -1.493930e+001 -1.443740e+002  7.043752e+001
      vertex -1.464148e+001 -1.443404e+002  7.061010e+001
    endloop
  endfacet
  facet normal  4.909163e-001  2.089340e-003 -8.712043e-001
    outer loop
      vertex -1.523681e+001 -1.502604e+002  7.026044e+001
      vertex -1.464148e+001 -1.443404e+002  7.061010e+001
      vertex -1.434890e+001 -1.442583e+002  7.077516e+001
    endloop
  endfacet
  facet normal  5.844555e-001  5.997431e-005 -8.114257e-001
    outer loop
      vertex -1.685398e+001 -1.492114e+002  6.921143e+001
      vertex -1.762292e+001 -1.486576e+002  6.865762e+001
      vertex -1.687500e+001 -1.425000e+002  6.919678e+001
    endloop
  endfacet
  facet normal  5.719328e-001  1.400837e-006 -8.203004e-001
    outer loop
      vertex -1.685398e+001 -1.492114e+002  6.921143e+001
      vertex -1.687500e+001 -1.425000e+002  6.919678e+001
      vertex -1.686529e+001 -1.426905e+002  6.920355e+001
    endloop
  endfacet
  facet normal  5.711573e-001 -5.961229e-007 -8.208407e-001
    outer loop
      vertex -1.685398e+001 -1.492114e+002  6.921143e+001
      vertex -1.686529e+001 -1.426905e+002  6.920355e+001
      vertex -1.683647e+001 -1.428782e+002  6.922361e+001
    endloop
  endfacet
  facet normal  5.693928e-001  6.640900e-006 -8.220655e-001
    outer loop
      vertex -1.685398e+001 -1.492114e+002  6.921143e+001
      vertex -1.683647e+001 -1.428782e+002  6.922361e+001
      vertex -1.675701e+001 -1.431546e+002  6.927864e+001
    endloop
  endfacet
  facet normal  5.661893e-001  8.245357e-005 -8.242753e-001
    outer loop
      vertex -1.685398e+001 -1.492114e+002  6.921143e+001
      vertex -1.675701e+001 -1.431546e+002  6.927864e+001
      vertex -1.663920e+001 -1.434103e+002  6.935954e+001
    endloop
  endfacet
  facet normal  5.616630e-001  3.289590e-004 -8.273661e-001
    outer loop
      vertex -1.685398e+001 -1.492114e+002  6.921143e+001
      vertex -1.663920e+001 -1.434103e+002  6.935954e+001
      vertex -1.647889e+001 -1.436526e+002  6.946827e+001
    endloop
  endfacet
  facet normal  5.560519e-001  8.822753e-004 -8.311471e-001
    outer loop
      vertex -1.685398e+001 -1.492114e+002  6.921143e+001
      vertex -1.647889e+001 -1.436526e+002  6.946827e+001
      vertex -1.628856e+001 -1.438621e+002  6.959538e+001
    endloop
  endfacet
  facet normal  5.492480e-001  1.925163e-003 -8.356572e-001
    outer loop
      vertex -1.685398e+001 -1.492114e+002  6.921143e+001
      vertex -1.628856e+001 -1.438621e+002  6.959538e+001
      vertex -1.605308e+001 -1.440513e+002  6.974972e+001
    endloop
  endfacet
  facet normal  5.579050e-001 -1.856970e-005 -8.299048e-001
    outer loop
      vertex -1.685398e+001 -1.492114e+002  6.921143e+001
      vertex -1.605308e+001 -1.440513e+002  6.974972e+001
      vertex -1.605860e+001 -1.497461e+002  6.974614e+001
    endloop
  endfacet
  facet normal -5.846791e-001 -5.314556e-004 -8.112646e-001
    outer loop
      vertex  1.685398e+001  2.421143e+001  6.921143e+001
      vertex  1.762292e+001  2.365761e+001  6.865762e+001
      vertex  1.712500e+001  1.750000e+001  6.902050e+001
    endloop
  endfacet
  facet normal -5.762748e-001 -2.163806e-005 -8.172559e-001
    outer loop
      vertex  1.685398e+001  2.421143e+001  6.921143e+001
      vertex  1.712500e+001  1.750000e+001  6.902050e+001
      vertex  1.687500e+001  1.750000e+001  6.919678e+001
    endloop
  endfacet
  facet normal -5.719327e-001 -1.400833e-006 -8.203005e-001
    outer loop
      vertex  1.685398e+001  2.421143e+001  6.921143e+001
      vertex  1.687500e+001  1.750000e+001  6.919678e+001
      vertex  1.686529e+001  1.769053e+001  6.920355e+001
    endloop
  endfacet
  facet normal -5.711574e-001  5.961223e-007 -8.208406e-001
    outer loop
      vertex  1.685398e+001  2.421143e+001  6.921143e+001
      vertex  1.686529e+001  1.769053e+001  6.920355e+001
      vertex  1.683647e+001  1.787817e+001  6.922361e+001
    endloop
  endfacet
  facet normal -5.579383e-001 -5.336128e-005 -8.298824e-001
    outer loop
      vertex  1.685398e+001  2.421143e+001  6.921143e+001
      vertex  1.683647e+001  1.787817e+001  6.922361e+001
      vertex  1.605860e+001  2.474614e+001  6.974614e+001
    endloop
  endfacet
  facet normal -5.768423e-001 -3.186037e-003 -8.168493e-001
    outer loop
      vertex  1.605860e+001  2.474614e+001  6.974614e+001
      vertex  1.683647e+001  1.787817e+001  6.922361e+001
      vertex  1.675701e+001  1.815462e+001  6.927864e+001
    endloop
  endfacet
  facet normal -5.689514e-001 -1.958483e-003 -8.223687e-001
    outer loop
      vertex  1.605860e+001  2.474614e+001  6.974614e+001
      vertex  1.675701e+001  1.815462e+001  6.927864e+001
      vertex  1.663920e+001  1.841031e+001  6.935954e+001
    endloop
  endfacet
  facet normal -5.624506e-001 -1.090537e-003 -8.268301e-001
    outer loop
      vertex  1.605860e+001  2.474614e+001  6.974614e+001
      vertex  1.663920e+001  1.841031e+001  6.935954e+001
      vertex  1.647889e+001  1.865261e+001  6.946827e+001
    endloop
  endfacet
  facet normal -5.556982e-001 -4.171306e-004 -8.313840e-001
    outer loop
      vertex  1.605860e+001  2.474614e+001  6.974614e+001
      vertex  1.647889e+001  1.865261e+001  6.946827e+001
      vertex  1.628856e+001  1.886207e+001  6.959538e+001
    endloop
  endfacet
  facet normal -5.481643e-001  5.077403e-006 -8.363707e-001
    outer loop
      vertex  1.605860e+001  2.474614e+001  6.974614e+001
      vertex  1.628856e+001  1.886207e+001  6.959538e+001
      vertex  1.605308e+001  1.905133e+001  6.974972e+001
    endloop
  endfacet
  facet normal -5.305137e-001 -1.910979e-005 -8.476765e-001
    outer loop
      vertex  1.523681e+001  2.526044e+001  7.026044e+001
      vertex  1.605860e+001  2.474614e+001  6.974614e+001
      vertex  1.605308e+001  1.905133e+001  6.974972e+001
    endloop
  endfacet
  facet normal -5.405688e-001 -1.865667e-003 -8.412978e-001
    outer loop
      vertex  1.523681e+001  2.526044e+001  7.026044e+001
      vertex  1.605308e+001  1.905133e+001  6.974972e+001
      vertex  1.579538e+001  1.919794e+001  6.991498e+001
    endloop
  endfacet
  facet normal -5.309612e-001 -6.329733e-004 -8.473958e-001
    outer loop
      vertex  1.523681e+001  2.526044e+001  7.026044e+001
      vertex  1.579538e+001  1.919794e+001  6.991498e+001
      vertex  1.552130e+001  1.930107e+001  7.008663e+001
    endloop
  endfacet
  facet normal -5.213211e-001  1.192263e-006 -8.533607e-001
    outer loop
      vertex  1.523681e+001  2.526044e+001  7.026044e+001
      vertex  1.552130e+001  1.930107e+001  7.008663e+001
      vertex  1.523616e+001  1.936007e+001  7.026083e+001
    endloop
  endfacet
  facet normal -4.992954e-001 -2.098722e-006 -8.664319e-001
    outer loop
      vertex  1.421568e+001  2.584888e+001  7.084888e+001
      vertex  1.523681e+001  2.526044e+001  7.026044e+001
      vertex  1.523616e+001  1.936007e+001  7.026083e+001
    endloop
  endfacet
  facet normal -5.115540e-001 -2.581083e-003 -8.592473e-001
    outer loop
      vertex  1.421568e+001  2.584888e+001  7.084888e+001
      vertex  1.523616e+001  1.936007e+001  7.026083e+001
      vertex  1.493930e+001  1.937402e+001  7.043752e+001
    endloop
  endfacet
  facet normal -5.012863e-001 -1.050278e-003 -8.652807e-001
    outer loop
      vertex  1.421568e+001  2.584888e+001  7.084888e+001
      vertex  1.493930e+001  1.937402e+001  7.043752e+001
      vertex  1.464148e+001  1.934040e+001  7.061010e+001
    endloop
  endfacet
  facet normal -4.913218e-001 -1.893629e-004 -8.709782e-001
    outer loop
      vertex  1.421568e+001  2.584888e+001  7.084888e+001
      vertex  1.464148e+001  1.934040e+001  7.061010e+001
      vertex  1.434890e+001  1.925832e+001  7.077516e+001
    endloop
  endfacet
  facet normal -4.816934e-001  6.522733e-005 -8.763397e-001
    outer loop
      vertex  1.421568e+001  2.584888e+001  7.084888e+001
      vertex  1.434890e+001  1.925832e+001  7.077516e+001
      vertex  1.406857e+001  1.912729e+001  7.092924e+001
    endloop
  endfacet
  facet normal -4.642166e-001 -4.294389e-004 -8.857216e-001
    outer loop
      vertex  1.421568e+001  2.584888e+001  7.084888e+001
      vertex  1.406857e+001  1.912729e+001  7.092924e+001
      vertex  1.315718e+001  2.640338e+001  7.140338e+001
    endloop
  endfacet
  facet normal -4.714403e-001 -1.583552e-003 -8.818965e-001
    outer loop
      vertex  1.315718e+001  2.640338e+001  7.140338e+001
      vertex  1.406857e+001  1.912729e+001  7.092924e+001
      vertex  1.379697e+001  1.893817e+001  7.107477e+001
    endloop
  endfacet
  facet normal -4.631084e-001 -6.755692e-004 -8.863013e-001
    outer loop
      vertex  1.315718e+001  2.640338e+001  7.140338e+001
      vertex  1.379697e+001  1.893817e+001  7.107477e+001
      vertex  1.355760e+001  1.869796e+001  7.120003e+001
    endloop
  endfacet
  facet normal -4.560173e-001 -2.102322e-004 -8.899709e-001
    outer loop
      vertex  1.315718e+001  2.640338e+001  7.140338e+001
      vertex  1.355760e+001  1.869796e+001  7.120003e+001
      vertex  1.336149e+001  1.841154e+001  7.130058e+001
    endloop
  endfacet
  facet normal -4.506899e-001 -3.918615e-005 -8.926805e-001
    outer loop
      vertex  1.315718e+001  2.640338e+001  7.140338e+001
      vertex  1.336149e+001  1.841154e+001  7.130058e+001
      vertex  1.323254e+001  1.812585e+001  7.136570e+001
    endloop
  endfacet
  facet normal -4.472025e-001  5.385447e-007 -8.944327e-001
    outer loop
      vertex  1.315718e+001  2.640338e+001  7.140338e+001
      vertex  1.323254e+001  1.812585e+001  7.136570e+001
      vertex  1.315227e+001  1.781862e+001  7.140583e+001
    endloop
  endfacet
  facet normal -4.453392e-001 -7.919399e-007 -8.953620e-001
    outer loop
      vertex  1.315718e+001  2.640338e+001  7.140338e+001
      vertex  1.315227e+001  1.781862e+001  7.140583e+001
      vertex  1.312500e+001  1.750000e+001  7.141940e+001
    endloop
  endfacet
  facet normal -4.275715e-001 -8.051596e-005 -9.039816e-001
    outer loop
      vertex  1.315718e+001  2.640338e+001  7.140338e+001
      vertex  1.312500e+001  1.750000e+001  7.141940e+001
      vertex  1.206215e+001  2.692127e+001  7.192127e+001
    endloop
  endfacet
  facet normal  4.642508e-001 -3.979352e-005 -8.857037e-001
    outer loop
      vertex -1.424582e+001  2.583228e+001  7.083228e+001
      vertex -1.313781e+001  2.641303e+001  7.141302e+001
      vertex -1.315227e+001  1.781862e+001  7.140583e+001
    endloop
  endfacet
  facet normal  4.277077e-001 -6.328468e-003 -9.038948e-001
    outer loop
      vertex -1.424582e+001  2.583228e+001  7.083228e+001
      vertex -1.315227e+001  1.781862e+001  7.140583e+001
      vertex -1.323254e+001  1.812585e+001  7.136570e+001
    endloop
  endfacet
  facet normal  4.444486e-001 -3.566785e-003 -8.957973e-001
    outer loop
      vertex -1.424582e+001  2.583228e+001  7.083228e+001
      vertex -1.323254e+001  1.812585e+001  7.136570e+001
      vertex -1.336149e+001  1.841154e+001  7.130058e+001
    endloop
  endfacet
  facet normal  4.537567e-001 -2.162548e-003 -8.911230e-001
    outer loop
      vertex -1.424582e+001  2.583228e+001  7.083228e+001
      vertex -1.336149e+001  1.841154e+001  7.130058e+001
      vertex -1.355760e+001  1.869796e+001  7.120003e+001
    endloop
  endfacet
  facet normal  4.628147e-001 -1.048120e-003 -8.864545e-001
    outer loop
      vertex -1.424582e+001  2.583228e+001  7.083228e+001
      vertex -1.355760e+001  1.869796e+001  7.120003e+001
      vertex -1.379697e+001  1.893817e+001  7.107477e+001
    endloop
  endfacet
  facet normal  4.721537e-001 -2.663925e-004 -8.815162e-001
    outer loop
      vertex -1.424582e+001  2.583228e+001  7.083228e+001
      vertex -1.379697e+001  1.893817e+001  7.107477e+001
      vertex -1.406857e+001  1.912729e+001  7.092924e+001
    endloop
  endfacet
  facet normal  4.816917e-001  6.059143e-005 -8.763406e-001
    outer loop
      vertex -1.424582e+001  2.583228e+001  7.083228e+001
      vertex -1.406857e+001  1.912729e+001  7.092924e+001
      vertex -1.434890e+001  1.925832e+001  7.077516e+001
    endloop
  endfacet
  facet normal  5.012509e-001 -3.420007e-004 -8.653018e-001
    outer loop
      vertex -1.531288e+001  2.521439e+001  7.021439e+001
      vertex -1.424582e+001  2.583228e+001  7.083228e+001
      vertex -1.434890e+001  1.925832e+001  7.077516e+001
    endloop
  endfacet
  facet normal  4.908084e-001 -2.593423e-003 -8.712637e-001
    outer loop
      vertex -1.531288e+001  2.521439e+001  7.021439e+001
      vertex -1.434890e+001  1.925832e+001  7.077516e+001
      vertex -1.464148e+001  1.934040e+001  7.061010e+001
    endloop
  endfacet
  facet normal  5.012913e-001 -9.919889e-004 -8.652780e-001
    outer loop
      vertex -1.531288e+001  2.521439e+001  7.021439e+001
      vertex -1.464148e+001  1.934040e+001  7.061010e+001
      vertex -1.493930e+001  1.937402e+001  7.043752e+001
    endloop
  endfacet
  facet normal  5.114700e-001 -1.125492e-004 -8.593011e-001
    outer loop
      vertex -1.531288e+001  2.521439e+001  7.021439e+001
      vertex -1.493930e+001  1.937402e+001  7.043752e+001
      vertex -1.523616e+001  1.936007e+001  7.026083e+001
    endloop
  endfacet
  facet normal  5.213118e-001  6.349613e-005 -8.533664e-001
    outer loop
      vertex -1.531288e+001  2.521439e+001  7.021439e+001
      vertex -1.523616e+001  1.936007e+001  7.026083e+001
      vertex -1.552130e+001  1.930107e+001  7.008663e+001
    endloop
  endfacet
  facet normal  5.368889e-001 -6.954081e-004 -8.436527e-001
    outer loop
      vertex -1.531288e+001  2.521439e+001  7.021439e+001
      vertex -1.552130e+001  1.930107e+001  7.008663e+001
      vertex -1.633838e+001  2.456231e+001  6.956232e+001
    endloop
  endfacet
  facet normal  5.313064e-001 -1.913663e-003 -8.471776e-001
    outer loop
      vertex -1.633838e+001  2.456231e+001  6.956232e+001
      vertex -1.552130e+001  1.930107e+001  7.008663e+001
      vertex -1.579538e+001  1.919794e+001  6.991498e+001
    endloop
  endfacet
  facet normal  5.400835e-001 -6.592566e-004 -8.416112e-001
    outer loop
      vertex -1.633838e+001  2.456231e+001  6.956232e+001
      vertex -1.579538e+001  1.919794e+001  6.991498e+001
      vertex -1.605308e+001  1.905133e+001  6.974972e+001
    endloop
  endfacet
  facet normal  5.482009e-001 -6.001427e-005 -8.363467e-001
    outer loop
      vertex -1.633838e+001  2.456231e+001  6.956232e+001
      vertex -1.605308e+001  1.905133e+001  6.974972e+001
      vertex -1.628856e+001  1.886207e+001  6.959538e+001
    endloop
  endfacet
  facet normal  5.553579e-001  3.001086e-005 -8.316114e-001
    outer loop
      vertex -1.633838e+001  2.456231e+001  6.956232e+001
      vertex -1.628856e+001  1.886207e+001  6.959538e+001
      vertex -1.647889e+001  1.865261e+001  6.946827e+001
    endloop
  endfacet
  facet normal  5.676995e-001 -3.967138e-004 -8.232359e-001
    outer loop
      vertex -1.633838e+001  2.456231e+001  6.956232e+001
      vertex -1.647889e+001  1.865261e+001  6.946827e+001
      vertex -1.714010e+001  2.400972e+001  6.900972e+001
    endloop
  endfacet
  facet normal  5.626783e-001 -1.310835e-003 -8.266749e-001
    outer loop
      vertex -1.714010e+001  2.400972e+001  6.900972e+001
      vertex -1.647889e+001  1.865261e+001  6.946827e+001
      vertex -1.663920e+001  1.841031e+001  6.935954e+001
    endloop
  endfacet
  facet normal  5.671318e-001 -7.219906e-004 -8.236266e-001
    outer loop
      vertex -1.714010e+001  2.400972e+001  6.900972e+001
      vertex -1.663920e+001  1.841031e+001  6.935954e+001
      vertex -1.675701e+001  1.815462e+001  6.927864e+001
    endloop
  endfacet
  facet normal  5.703411e-001 -4.101046e-004 -8.214079e-001
    outer loop
      vertex -1.714010e+001  2.400972e+001  6.900972e+001
      vertex -1.675701e+001  1.815462e+001  6.927864e+001
      vertex -1.683647e+001  1.787817e+001  6.922361e+001
    endloop
  endfacet
  facet normal  5.723181e-001 -2.641951e-004 -8.200317e-001
    outer loop
      vertex -1.714010e+001  2.400972e+001  6.900972e+001
      vertex -1.683647e+001  1.787817e+001  6.922361e+001
      vertex -1.686529e+001  1.769053e+001  6.920355e+001
    endloop
  endfacet
  facet normal  5.739782e-001 -1.563896e-004 -8.188706e-001
    outer loop
      vertex -1.714010e+001  2.400972e+001  6.900972e+001
      vertex -1.686529e+001  1.769053e+001  6.920355e+001
      vertex -1.687500e+001  1.750000e+001  6.919678e+001
    endloop
  endfacet
  facet normal  5.762748e-001 -1.646247e-005 -8.172560e-001
    outer loop
      vertex -1.714010e+001  2.400972e+001  6.900972e+001
      vertex -1.687500e+001  1.750000e+001  6.919678e+001
      vertex -1.712500e+001  1.750000e+001  6.902050e+001
    endloop
  endfacet
  facet normal  6.013278e-001  7.188803e-005 -7.990025e-001
    outer loop
      vertex -1.714010e+001  2.400972e+001  6.900972e+001
      vertex -1.712500e+001  1.750000e+001  6.902050e+001
      vertex -1.834141e+001  1.750000e+001  6.810503e+001
    endloop
  endfacet
  facet normal  5.930433e-001  2.457416e-003 -8.051669e-001
    outer loop
      vertex -1.714010e+001  2.400972e+001  6.900972e+001
      vertex -1.834141e+001  1.750000e+001  6.810503e+001
      vertex -1.791429e+001  2.343775e+001  6.843775e+001
    endloop
  endfacet
  facet normal  6.876226e-001  1.028239e-003 -7.260676e-001
    outer loop
      vertex -1.977137e+001 -1.468939e+002  6.689391e+001
      vertex -2.075728e+001 -1.459615e+002  6.596152e+001
      vertex -2.062457e+001 -1.425000e+002  6.609210e+001
    endloop
  endfacet
  facet normal  7.188805e-001 -1.337163e-003 -6.951323e-001
    outer loop
      vertex -2.062457e+001 -1.425000e+002  6.609210e+001
      vertex -2.075728e+001 -1.459615e+002  6.596152e+001
      vertex -2.168525e+001 -1.450000e+002  6.500000e+001
    endloop
  endfacet
  facet normal  7.173530e-001  0.000000e+000 -6.967098e-001
    outer loop
      vertex -2.062457e+001 -1.425000e+002  6.609210e+001
      vertex -2.168525e+001 -1.450000e+002  6.500000e+001
      vertex -2.062457e+001  1.750000e+001  6.609210e+001
    endloop
  endfacet
  facet normal  7.173530e-001  0.000000e+000 -6.967098e-001
    outer loop
      vertex -2.062457e+001  1.750000e+001  6.609210e+001
      vertex -2.168525e+001 -1.450000e+002  6.500000e+001
      vertex -2.168525e+001  2.000000e+001  6.500000e+001
    endloop
  endfacet
  facet normal  7.186542e-001  1.138715e-003 -6.953667e-001
    outer loop
      vertex -2.062457e+001  1.750000e+001  6.609210e+001
      vertex -2.168525e+001  2.000000e+001  6.500000e+001
      vertex -2.073766e+001  2.098093e+001  6.598093e+001
    endloop
  endfacet
  facet normal -6.601387e-001  4.389423e-004 -7.511435e-001
    outer loop
      vertex  1.972983e+001 -1.469314e+002  6.693135e+001
      vertex  1.920308e+001 -1.473940e+002  6.739401e+001
      vertex  1.950897e+001 -1.425000e+002  6.712804e+001
    endloop
  endfacet
  facet normal -6.410014e-001 -1.648208e-003 -7.675380e-001
    outer loop
      vertex  1.950897e+001 -1.425000e+002  6.712804e+001
      vertex  1.920308e+001 -1.473940e+002  6.739401e+001
      vertex  1.866100e+001 -1.478477e+002  6.784769e+001
    endloop
  endfacet
  facet normal -6.417441e-001 -1.446950e-003 -7.669175e-001
    outer loop
      vertex  1.950897e+001 -1.425000e+002  6.712804e+001
      vertex  1.866100e+001 -1.478477e+002  6.784769e+001
      vertex  1.834141e+001 -1.425000e+002  6.810503e+001
    endloop
  endfacet
  facet normal -6.203247e-001  6.717689e-004 -7.843449e-001
    outer loop
      vertex  1.866100e+001 -1.478477e+002  6.784769e+001
      vertex  1.791429e+001 -1.484378e+002  6.843775e+001
      vertex  1.834141e+001 -1.425000e+002  6.810503e+001
    endloop
  endfacet
  facet normal -5.930433e-001 -2.457411e-003 -8.051670e-001
    outer loop
      vertex  1.834141e+001 -1.425000e+002  6.810503e+001
      vertex  1.791429e+001 -1.484378e+002  6.843775e+001
      vertex  1.714010e+001 -1.490097e+002  6.900972e+001
    endloop
  endfacet
  facet normal -6.013278e-001 -7.188816e-005 -7.990025e-001
    outer loop
      vertex  1.834141e+001 -1.425000e+002  6.810503e+001
      vertex  1.714010e+001 -1.490097e+002  6.900972e+001
      vertex  1.712500e+001 -1.425000e+002  6.902050e+001
    endloop
  endfacet
  facet normal -2.697678e-001  2.679684e-004 -9.629254e-001
    outer loop
      vertex  8.540482e+000 -1.532367e+002  7.323668e+001
      vertex  7.368082e+000 -1.535650e+002  7.356504e+001
      vertex  7.528663e+000 -1.425000e+002  7.352313e+001
    endloop
  endfacet
  facet normal -2.294598e-001 -3.563620e-004 -9.733180e-001
    outer loop
      vertex  7.528663e+000 -1.425000e+002  7.352313e+001
      vertex  7.368082e+000 -1.535650e+002  7.356504e+001
      vertex  6.171863e+000 -1.538472e+002  7.384715e+001
    endloop
  endfacet
  facet normal -2.301785e-001 -2.655782e-004 -9.731484e-001
    outer loop
      vertex  7.528663e+000 -1.425000e+002  7.352313e+001
      vertex  6.171863e+000 -1.538472e+002  7.384715e+001
      vertex  6.047134e+000 -1.425000e+002  7.387356e+001
    endloop
  endfacet
  facet normal -1.117120e-001  3.564694e-004 -9.937405e-001
    outer loop
      vertex  3.851083e+000 -1.542475e+002  7.424755e+001
      vertex  2.736363e+000 -1.543728e+002  7.437282e+001
      vertex  3.039747e+000 -1.425000e+002  7.434297e+001
    endloop
  endfacet
  facet normal -7.369974e-002 -6.237506e-004 -9.972803e-001
    outer loop
      vertex  3.039747e+000 -1.425000e+002  7.434297e+001
      vertex  2.736363e+000 -1.543728e+002  7.437282e+001
      vertex  1.613832e+000 -1.544558e+002  7.445583e+001
    endloop
  endfacet
  facet normal -7.734098e-002 -1.868752e-004 -9.970047e-001
    outer loop
      vertex  3.039747e+000 -1.425000e+002  7.434297e+001
      vertex  1.613832e+000 -1.544558e+002  7.445583e+001
      vertex  1.521900e+000 -1.425000e+002  7.446072e+001
    endloop
  endfacet
  facet normal  4.088500e-002  3.087811e-004 -9.991637e-001
    outer loop
      vertex -6.420806e-001 -1.544930e+002  7.449301e+001
      vertex -1.768960e+000 -1.544469e+002  7.444691e+001
      vertex -1.521900e+000 -1.425000e+002  7.446072e+001
    endloop
  endfacet
  facet normal  7.972639e-002 -4.971634e-004 -9.968166e-001
    outer loop
      vertex -1.521900e+000 -1.425000e+002  7.446072e+001
      vertex -1.768960e+000 -1.544469e+002  7.444691e+001
      vertex -2.936239e+000 -1.543535e+002  7.435351e+001
    endloop
  endfacet
  facet normal  7.734097e-002 -2.108379e-004 -9.970047e-001
    outer loop
      vertex -1.521900e+000 -1.425000e+002  7.446072e+001
      vertex -2.936239e+000 -1.543535e+002  7.435351e+001
      vertex -3.039747e+000 -1.425000e+002  7.434297e+001
    endloop
  endfacet
  facet normal  1.969000e-001  4.053123e-004 -9.804235e-001
    outer loop
      vertex -5.239988e+000 -1.540309e+002  7.403089e+001
      vertex -6.370021e+000 -1.538040e+002  7.380404e+001
      vertex -6.047134e+000 -1.425000e+002  7.387356e+001
    endloop
  endfacet
  facet normal  2.346507e-001 -7.243064e-004 -9.720795e-001
    outer loop
      vertex -6.047134e+000 -1.425000e+002  7.387356e+001
      vertex -6.370021e+000 -1.538040e+002  7.380404e+001
      vertex -7.481661e+000 -1.535355e+002  7.353550e+001
    endloop
  endfacet
  facet normal  2.301785e-001 -1.102219e-004 -9.731485e-001
    outer loop
      vertex -6.047134e+000 -1.425000e+002  7.387356e+001
      vertex -7.481661e+000 -1.535355e+002  7.353550e+001
      vertex -7.528663e+000 -1.425000e+002  7.352313e+001
    endloop
  endfacet
  facet normal  3.899623e-001  4.296087e-004 -9.208307e-001
    outer loop
      vertex -1.093183e+001 -1.523997e+002  7.239973e+001
      vertex -1.206215e+001 -1.519213e+002  7.192127e+001
      vertex -1.183744e+001 -1.425000e+002  7.202083e+001
    endloop
  endfacet
  facet normal  4.272939e-001 -6.374477e-004 -9.041126e-001
    outer loop
      vertex -1.183744e+001 -1.425000e+002  7.202083e+001
      vertex -1.206215e+001 -1.519213e+002  7.192127e+001
      vertex -1.315718e+001 -1.514034e+002  7.140338e+001
    endloop
  endfacet
  facet normal  4.232158e-001  9.994172e-005 -9.060290e-001
    outer loop
      vertex -1.183744e+001 -1.425000e+002  7.202083e+001
      vertex -1.315718e+001 -1.514034e+002  7.140338e+001
      vertex -1.312500e+001 -1.425000e+002  7.141940e+001
    endloop
  endfacet
  facet normal  5.762740e-001  1.564130e-003 -8.172550e-001
    outer loop
      vertex -1.687500e+001 -1.425000e+002  6.919678e+001
      vertex -1.762292e+001 -1.486576e+002  6.865762e+001
      vertex -1.712500e+001 -1.425000e+002  6.902050e+001
    endloop
  endfacet
  facet normal  6.058898e-001 -2.110045e-003 -7.955459e-001
    outer loop
      vertex -1.712500e+001 -1.425000e+002  6.902050e+001
      vertex -1.762292e+001 -1.486576e+002  6.865762e+001
      vertex -1.818227e+001 -1.482305e+002  6.823048e+001
    endloop
  endfacet
  facet normal  6.013276e-001 -7.918328e-004 -7.990022e-001
    outer loop
      vertex -1.712500e+001 -1.425000e+002  6.902050e+001
      vertex -1.818227e+001 -1.482305e+002  6.823048e+001
      vertex -1.834141e+001 -1.425000e+002  6.810503e+001
    endloop
  endfacet
  facet normal -2.580371e-002  -0.000000e+000 -9.996670e-001
    outer loop
      vertex  4.743962e-015 -1.425000e+002  7.450000e+001
      vertex  1.521900e+000  1.750000e+001  7.446072e+001
      vertex  1.521900e+000 -1.425000e+002  7.446072e+001
    endloop
  endfacet
  facet normal -7.734097e-002  0.000000e+000 -9.970047e-001
    outer loop
      vertex  1.521900e+000 -1.425000e+002  7.446072e+001
      vertex  1.521900e+000  1.750000e+001  7.446072e+001
      vertex  3.039747e+000  1.750000e+001  7.434297e+001
    endloop
  endfacet
  facet normal -7.734097e-002  -0.000000e+000 -9.970047e-001
    outer loop
      vertex  1.521900e+000 -1.425000e+002  7.446072e+001
      vertex  3.039747e+000  1.750000e+001  7.434297e+001
      vertex  3.039747e+000 -1.425000e+002  7.434297e+001
    endloop
  endfacet
  facet normal -1.286728e-001  0.000000e+000 -9.916871e-001
    outer loop
      vertex  3.039747e+000 -1.425000e+002  7.434297e+001
      vertex  3.039747e+000  1.750000e+001  7.434297e+001
      vertex  4.549499e+000  1.750000e+001  7.414708e+001
    endloop
  endfacet
  facet normal -1.286728e-001  -0.000000e+000 -9.916871e-001
    outer loop
      vertex  3.039747e+000 -1.425000e+002  7.434297e+001
      vertex  4.549499e+000  1.750000e+001  7.414708e+001
      vertex  4.549499e+000 -1.425000e+002  7.414708e+001
    endloop
  endfacet
  facet normal -1.796637e-001  0.000000e+000 -9.837280e-001
    outer loop
      vertex  4.549499e+000 -1.425000e+002  7.414708e+001
      vertex  4.549499e+000  1.750000e+001  7.414708e+001
      vertex  6.047134e+000  1.750000e+001  7.387356e+001
    endloop
  endfacet
  facet normal -1.796637e-001  -0.000000e+000 -9.837280e-001
    outer loop
      vertex  4.549499e+000 -1.425000e+002  7.414708e+001
      vertex  6.047134e+000  1.750000e+001  7.387356e+001
      vertex  6.047134e+000 -1.425000e+002  7.387356e+001
    endloop
  endfacet
  facet normal -2.301785e-001  0.000000e+000 -9.731484e-001
    outer loop
      vertex  6.047134e+000 -1.425000e+002  7.387356e+001
      vertex  6.047134e+000  1.750000e+001  7.387356e+001
      vertex  7.528663e+000  1.750000e+001  7.352313e+001
    endloop
  endfacet
  facet normal -2.301785e-001  -0.000000e+000 -9.731484e-001
    outer loop
      vertex  6.047134e+000 -1.425000e+002  7.387356e+001
      vertex  7.528663e+000  1.750000e+001  7.352313e+001
      vertex  7.528663e+000 -1.425000e+002  7.352313e+001
    endloop
  endfacet
  facet normal -2.800723e-001  0.000000e+000 -9.599790e-001
    outer loop
      vertex  7.528663e+000 -1.425000e+002  7.352313e+001
      vertex  7.528663e+000  1.750000e+001  7.352313e+001
      vertex  8.990142e+000  1.750000e+001  7.309675e+001
    endloop
  endfacet
  facet normal -2.800723e-001  -0.000000e+000 -9.599790e-001
    outer loop
      vertex  7.528663e+000 -1.425000e+002  7.352313e+001
      vertex  8.990142e+000  1.750000e+001  7.309675e+001
      vertex  8.990142e+000 -1.425000e+002  7.309675e+001
    endloop
  endfacet
  facet normal -3.292241e-001  0.000000e+000 -9.442518e-001
    outer loop
      vertex  8.990142e+000 -1.425000e+002  7.309675e+001
      vertex  8.990142e+000  1.750000e+001  7.309675e+001
      vertex  1.042768e+001  1.750000e+001  7.259554e+001
    endloop
  endfacet
  facet normal -3.292241e-001  -0.000000e+000 -9.442518e-001
    outer loop
      vertex  8.990142e+000 -1.425000e+002  7.309675e+001
      vertex  1.042768e+001  1.750000e+001  7.259554e+001
      vertex  1.042768e+001 -1.425000e+002  7.259554e+001
    endloop
  endfacet
  facet normal -3.774991e-001  0.000000e+000 -9.260100e-001
    outer loop
      vertex  1.042768e+001 -1.425000e+002  7.259554e+001
      vertex  1.042768e+001  1.750000e+001  7.259554e+001
      vertex  1.183744e+001  1.750000e+001  7.202083e+001
    endloop
  endfacet
  facet normal -3.774991e-001  -0.000000e+000 -9.260100e-001
    outer loop
      vertex  1.042768e+001 -1.425000e+002  7.259554e+001
      vertex  1.183744e+001  1.750000e+001  7.202083e+001
      vertex  1.183744e+001 -1.425000e+002  7.202083e+001
    endloop
  endfacet
  facet normal -4.232158e-001  0.000000e+000 -9.060289e-001
    outer loop
      vertex  1.183744e+001 -1.425000e+002  7.202083e+001
      vertex  1.183744e+001  1.750000e+001  7.202083e+001
      vertex  1.312500e+001  1.750000e+001  7.141940e+001
    endloop
  endfacet
  facet normal -4.232158e-001  -0.000000e+000 -9.060289e-001
    outer loop
      vertex  1.183744e+001 -1.425000e+002  7.202083e+001
      vertex  1.312500e+001  1.750000e+001  7.141940e+001
      vertex  1.312500e+001 -1.425000e+002  7.141940e+001
    endloop
  endfacet
  facet normal -4.453466e-001  0.000000e+000 -8.953583e-001
    outer loop
      vertex  1.312500e+001 -1.425000e+002  7.141940e+001
      vertex  1.312500e+001  1.750000e+001  7.141940e+001
      vertex  1.315227e+001  1.718138e+001  7.140583e+001
    endloop
  endfacet
  facet normal -4.453466e-001  -0.000000e+000 -8.953583e-001
    outer loop
      vertex  1.312500e+001 -1.425000e+002  7.141940e+001
      vertex  1.315227e+001  1.718138e+001  7.140583e+001
      vertex  1.315227e+001 -1.421814e+002  7.140583e+001
    endloop
  endfacet
  facet normal -4.472008e-001  0.000000e+000 -8.944336e-001
    outer loop
      vertex  1.315227e+001 -1.421814e+002  7.140583e+001
      vertex  1.315227e+001  1.718138e+001  7.140583e+001
      vertex  1.323254e+001  1.687415e+001  7.136570e+001
    endloop
  endfacet
  facet normal -4.472008e-001  -0.000000e+000 -8.944335e-001
    outer loop
      vertex  1.315227e+001 -1.421814e+002  7.140583e+001
      vertex  1.323254e+001  1.687415e+001  7.136570e+001
      vertex  1.323254e+001 -1.418741e+002  7.136570e+001
    endloop
  endfacet
  facet normal -4.507591e-001  0.000000e+000 -8.926456e-001
    outer loop
      vertex  1.323254e+001 -1.418741e+002  7.136570e+001
      vertex  1.323254e+001  1.687415e+001  7.136570e+001
      vertex  1.336149e+001  1.658846e+001  7.130058e+001
    endloop
  endfacet
  facet normal -4.507591e-001  -0.000000e+000 -8.926456e-001
    outer loop
      vertex  1.323254e+001 -1.418741e+002  7.136570e+001
      vertex  1.336149e+001  1.658846e+001  7.130058e+001
      vertex  1.336149e+001 -1.415885e+002  7.130058e+001
    endloop
  endfacet
  facet normal -4.562604e-001  0.000000e+000 -8.898462e-001
    outer loop
      vertex  1.336149e+001 -1.415885e+002  7.130058e+001
      vertex  1.336149e+001  1.658846e+001  7.130058e+001
      vertex  1.355760e+001  1.630204e+001  7.120003e+001
    endloop
  endfacet
  facet normal -4.562605e-001  -0.000000e+000 -8.898464e-001
    outer loop
      vertex  1.336149e+001 -1.415885e+002  7.130058e+001
      vertex  1.355760e+001  1.630204e+001  7.120003e+001
      vertex  1.355760e+001 -1.413020e+002  7.120003e+001
    endloop
  endfacet
  facet normal -4.636408e-001  0.000000e+000 -8.860233e-001
    outer loop
      vertex  1.355760e+001 -1.413020e+002  7.120003e+001
      vertex  1.355760e+001  1.630204e+001  7.120003e+001
      vertex  1.379697e+001  1.606183e+001  7.107477e+001
    endloop
  endfacet
  facet normal -4.636408e-001  -0.000000e+000 -8.860233e-001
    outer loop
      vertex  1.355760e+001 -1.413020e+002  7.120003e+001
      vertex  1.379697e+001  1.606183e+001  7.107477e+001
      vertex  1.379697e+001 -1.410618e+002  7.107477e+001
    endloop
  endfacet
  facet normal -4.722978e-001  0.000000e+000 -8.814390e-001
    outer loop
      vertex  1.379697e+001 -1.410618e+002  7.107477e+001
      vertex  1.379697e+001  1.606183e+001  7.107477e+001
      vertex  1.406857e+001  1.587271e+001  7.092924e+001
    endloop
  endfacet
  facet normal -4.722978e-001  -0.000000e+000 -8.814390e-001
    outer loop
      vertex  1.379697e+001 -1.410618e+002  7.107477e+001
      vertex  1.406857e+001  1.587271e+001  7.092924e+001
      vertex  1.406857e+001 -1.408727e+002  7.092924e+001
    endloop
  endfacet
  facet normal -4.816701e-001  0.000000e+000 -8.763527e-001
    outer loop
      vertex  1.406857e+001 -1.408727e+002  7.092924e+001
      vertex  1.406857e+001  1.587271e+001  7.092924e+001
      vertex  1.434890e+001  1.574168e+001  7.077516e+001
    endloop
  endfacet
  facet normal -4.816700e-001  -0.000000e+000 -8.763527e-001
    outer loop
      vertex  1.406857e+001 -1.408727e+002  7.092924e+001
      vertex  1.434890e+001  1.574168e+001  7.077516e+001
      vertex  1.434890e+001 -1.407417e+002  7.077516e+001
    endloop
  endfacet
  facet normal -4.913620e-001  0.000000e+000 -8.709553e-001
    outer loop
      vertex  1.434890e+001 -1.407417e+002  7.077516e+001
      vertex  1.434890e+001  1.574168e+001  7.077516e+001
      vertex  1.464148e+001  1.565960e+001  7.061010e+001
    endloop
  endfacet
  facet normal -4.913621e-001  -0.000000e+000 -8.709555e-001
    outer loop
      vertex  1.434890e+001 -1.407417e+002  7.077516e+001
      vertex  1.464148e+001  1.565960e+001  7.061010e+001
      vertex  1.464148e+001 -1.406596e+002  7.061010e+001
    endloop
  endfacet
  facet normal -5.013753e-001  0.000000e+000 -8.652298e-001
    outer loop
      vertex  1.464148e+001 -1.406596e+002  7.061010e+001
      vertex  1.464148e+001  1.565960e+001  7.061010e+001
      vertex  1.493930e+001  1.562599e+001  7.043752e+001
    endloop
  endfacet
  facet normal -5.013753e-001  -0.000000e+000 -8.652298e-001
    outer loop
      vertex  1.464148e+001 -1.406596e+002  7.061010e+001
      vertex  1.493930e+001  1.562599e+001  7.043752e+001
      vertex  1.493930e+001 -1.406260e+002  7.043752e+001
    endloop
  endfacet
  facet normal -5.114661e-001  0.000000e+000 -8.593035e-001
    outer loop
      vertex  1.493930e+001 -1.406260e+002  7.043752e+001
      vertex  1.493930e+001  1.562599e+001  7.043752e+001
      vertex  1.523616e+001  1.563993e+001  7.026083e+001
    endloop
  endfacet
  facet normal -5.114661e-001  -0.000000e+000 -8.593034e-001
    outer loop
      vertex  1.493930e+001 -1.406260e+002  7.043752e+001
      vertex  1.523616e+001  1.563993e+001  7.026083e+001
      vertex  1.523616e+001 -1.406399e+002  7.026083e+001
    endloop
  endfacet
  facet normal -5.213214e-001  0.000000e+000 -8.533605e-001
    outer loop
      vertex  1.523616e+001 -1.406399e+002  7.026083e+001
      vertex  1.523616e+001  1.563993e+001  7.026083e+001
      vertex  1.552130e+001  1.569893e+001  7.008663e+001
    endloop
  endfacet
  facet normal -5.213213e-001  -0.000000e+000 -8.533605e-001
    outer loop
      vertex  1.523616e+001 -1.406399e+002  7.026083e+001
      vertex  1.552130e+001  1.569893e+001  7.008663e+001
      vertex  1.552130e+001 -1.406989e+002  7.008663e+001
    endloop
  endfacet
  facet normal -5.307903e-001  0.000000e+000 -8.475032e-001
    outer loop
      vertex  1.552130e+001 -1.406989e+002  7.008663e+001
      vertex  1.552130e+001  1.569893e+001  7.008663e+001
      vertex  1.579538e+001  1.580206e+001  6.991498e+001
    endloop
  endfacet
  facet normal -5.307902e-001  -0.000000e+000 -8.475032e-001
    outer loop
      vertex  1.552130e+001 -1.406989e+002  7.008663e+001
      vertex  1.579538e+001  1.580206e+001  6.991498e+001
      vertex  1.579538e+001 -1.408021e+002  6.991498e+001
    endloop
  endfacet
  facet normal -5.398180e-001  0.000000e+000 -8.417818e-001
    outer loop
      vertex  1.579538e+001 -1.408021e+002  6.991498e+001
      vertex  1.579538e+001  1.580206e+001  6.991498e+001
      vertex  1.605308e+001  1.594867e+001  6.974972e+001
    endloop
  endfacet
  facet normal -5.398180e-001  -0.000000e+000 -8.417819e-001
    outer loop
      vertex  1.579538e+001 -1.408021e+002  6.991498e+001
      vertex  1.605308e+001  1.594867e+001  6.974972e+001
      vertex  1.605308e+001 -1.409487e+002  6.974972e+001
    endloop
  endfacet
  facet normal -5.481670e-001  0.000000e+000 -8.363687e-001
    outer loop
      vertex  1.605308e+001 -1.409487e+002  6.974972e+001
      vertex  1.605308e+001  1.594867e+001  6.974972e+001
      vertex  1.628856e+001  1.613793e+001  6.959538e+001
    endloop
  endfacet
  facet normal -5.481671e-001  -0.000000e+000 -8.363687e-001
    outer loop
      vertex  1.605308e+001 -1.409487e+002  6.974972e+001
      vertex  1.628856e+001  1.613793e+001  6.959538e+001
      vertex  1.628856e+001 -1.411379e+002  6.959538e+001
    endloop
  endfacet
  facet normal -5.553808e-001  0.000000e+000 -8.315962e-001
    outer loop
      vertex  1.628856e+001 -1.411379e+002  6.959538e+001
      vertex  1.628856e+001  1.613793e+001  6.959538e+001
      vertex  1.647889e+001  1.634739e+001  6.946827e+001
    endloop
  endfacet
  facet normal -5.553808e-001  -0.000000e+000 -8.315962e-001
    outer loop
      vertex  1.628856e+001 -1.411379e+002  6.959538e+001
      vertex  1.647889e+001  1.634739e+001  6.946827e+001
      vertex  1.647889e+001 -1.413474e+002  6.946827e+001
    endloop
  endfacet
  facet normal -5.613225e-001  0.000000e+000 -8.275971e-001
    outer loop
      vertex  1.647889e+001 -1.413474e+002  6.946827e+001
      vertex  1.647889e+001  1.634739e+001  6.946827e+001
      vertex  1.663920e+001  1.658969e+001  6.935954e+001
    endloop
  endfacet
  facet normal -5.613225e-001  -0.000000e+000 -8.275971e-001
    outer loop
      vertex  1.647889e+001 -1.413474e+002  6.946827e+001
      vertex  1.663920e+001  1.658969e+001  6.935954e+001
      vertex  1.663920e+001 -1.415897e+002  6.935954e+001
    endloop
  endfacet
  facet normal -5.660677e-001  0.000000e+000 -8.243587e-001
    outer loop
      vertex  1.663920e+001 -1.415897e+002  6.935954e+001
      vertex  1.663920e+001  1.658969e+001  6.935954e+001
      vertex  1.675701e+001  1.684538e+001  6.927864e+001
    endloop
  endfacet
  facet normal -5.660676e-001  -0.000000e+000 -8.243588e-001
    outer loop
      vertex  1.663920e+001 -1.415897e+002  6.935954e+001
      vertex  1.675701e+001  1.684538e+001  6.927864e+001
      vertex  1.675701e+001 -1.418454e+002  6.927864e+001
    endloop
  endfacet
  facet normal -5.693772e-001  0.000000e+000 -8.220763e-001
    outer loop
      vertex  1.675701e+001 -1.418454e+002  6.927864e+001
      vertex  1.675701e+001  1.684538e+001  6.927864e+001
      vertex  1.683647e+001  1.712183e+001  6.922361e+001
    endloop
  endfacet
  facet normal -5.693772e-001  -0.000000e+000 -8.220764e-001
    outer loop
      vertex  1.675701e+001 -1.418454e+002  6.927864e+001
      vertex  1.683647e+001  1.712183e+001  6.922361e+001
      vertex  1.683647e+001 -1.421218e+002  6.922361e+001
    endloop
  endfacet
  facet normal -5.711600e-001  0.000000e+000 -8.208388e-001
    outer loop
      vertex  1.683647e+001 -1.421218e+002  6.922361e+001
      vertex  1.683647e+001  1.712183e+001  6.922361e+001
      vertex  1.686529e+001  1.730947e+001  6.920355e+001
    endloop
  endfacet
  facet normal -5.711600e-001  -0.000000e+000 -8.208388e-001
    outer loop
      vertex  1.683647e+001 -1.421218e+002  6.922361e+001
      vertex  1.686529e+001  1.730947e+001  6.920355e+001
      vertex  1.686529e+001 -1.423095e+002  6.920355e+001
    endloop
  endfacet
  facet normal -5.719143e-001  0.000000e+000 -8.203134e-001
    outer loop
      vertex  1.686529e+001 -1.423095e+002  6.920355e+001
      vertex  1.686529e+001  1.730947e+001  6.920355e+001
      vertex  1.687500e+001  1.750000e+001  6.919678e+001
    endloop
  endfacet
  facet normal -5.719143e-001  -0.000000e+000 -8.203134e-001
    outer loop
      vertex  1.686529e+001 -1.423095e+002  6.920355e+001
      vertex  1.687500e+001  1.750000e+001  6.919678e+001
      vertex  1.687500e+001 -1.425000e+002  6.919678e+001
    endloop
  endfacet
  facet normal -5.762748e-001  0.000000e+000 -8.172560e-001
    outer loop
      vertex  1.687500e+001 -1.425000e+002  6.919678e+001
      vertex  1.687500e+001  1.750000e+001  6.919678e+001
      vertex  1.712500e+001  1.750000e+001  6.902050e+001
    endloop
  endfacet
  facet normal -5.762748e-001  -0.000000e+000 -8.172560e-001
    outer loop
      vertex  1.687500e+001 -1.425000e+002  6.919678e+001
      vertex  1.712500e+001  1.750000e+001  6.902050e+001
      vertex  1.712500e+001 -1.425000e+002  6.902050e+001
    endloop
  endfacet
  facet normal -6.013278e-001  0.000000e+000 -7.990024e-001
    outer loop
      vertex  1.712500e+001 -1.425000e+002  6.902050e+001
      vertex  1.712500e+001  1.750000e+001  6.902050e+001
      vertex  1.834141e+001  1.750000e+001  6.810503e+001
    endloop
  endfacet
  facet normal -6.013278e-001  -0.000000e+000 -7.990024e-001
    outer loop
      vertex  1.712500e+001 -1.425000e+002  6.902050e+001
      vertex  1.834141e+001  1.750000e+001  6.810503e+001
      vertex  1.834141e+001 -1.425000e+002  6.810503e+001
    endloop
  endfacet
  facet normal -6.417448e-001  0.000000e+000 -7.669182e-001
    outer loop
      vertex  1.834141e+001 -1.425000e+002  6.810503e+001
      vertex  1.834141e+001  1.750000e+001  6.810503e+001
      vertex  1.950897e+001  1.750000e+001  6.712804e+001
    endloop
  endfacet
  facet normal -6.417448e-001  -0.000000e+000 -7.669182e-001
    outer loop
      vertex  1.834141e+001 -1.425000e+002  6.810503e+001
      vertex  1.950897e+001  1.750000e+001  6.712804e+001
      vertex  1.950897e+001 -1.425000e+002  6.712804e+001
    endloop
  endfacet
  facet normal -6.804574e-001  0.000000e+000 -7.327876e-001
    outer loop
      vertex  1.950897e+001 -1.425000e+002  6.712804e+001
      vertex  1.950897e+001  1.750000e+001  6.712804e+001
      vertex  2.062457e+001  1.750000e+001  6.609210e+001
    endloop
  endfacet
  facet normal -6.804574e-001  -0.000000e+000 -7.327876e-001
    outer loop
      vertex  1.950897e+001 -1.425000e+002  6.712804e+001
      vertex  2.062457e+001  1.750000e+001  6.609210e+001
      vertex  2.062457e+001 -1.425000e+002  6.609210e+001
    endloop
  endfacet
  facet normal -2.580371e-002  0.000000e+000 -9.996670e-001
    outer loop
      vertex  1.521900e+000  1.750000e+001  7.446072e+001
      vertex  4.743962e-015 -1.425000e+002  7.450000e+001
      vertex  4.743962e-015  1.750000e+001  7.450000e+001
    endloop
  endfacet
  facet normal  2.580371e-002  0.000000e+000 -9.996670e-001
    outer loop
      vertex  4.743962e-015  1.750000e+001  7.450000e+001
      vertex  4.743962e-015 -1.425000e+002  7.450000e+001
      vertex -1.521900e+000 -1.425000e+002  7.446072e+001
    endloop
  endfacet
  facet normal  2.580371e-002  0.000000e+000 -9.996670e-001
    outer loop
      vertex  4.743962e-015  1.750000e+001  7.450000e+001
      vertex -1.521900e+000 -1.425000e+002  7.446072e+001
      vertex -1.521900e+000  1.750000e+001  7.446072e+001
    endloop
  endfacet
  facet normal  7.734097e-002  0.000000e+000 -9.970047e-001
    outer loop
      vertex -1.521900e+000  1.750000e+001  7.446072e+001
      vertex -1.521900e+000 -1.425000e+002  7.446072e+001
      vertex -3.039747e+000 -1.425000e+002  7.434297e+001
    endloop
  endfacet
  facet normal  7.734097e-002  0.000000e+000 -9.970047e-001
    outer loop
      vertex -1.521900e+000  1.750000e+001  7.446072e+001
      vertex -3.039747e+000 -1.425000e+002  7.434297e+001
      vertex -3.039747e+000  1.750000e+001  7.434297e+001
    endloop
  endfacet
  facet normal  1.286728e-001  0.000000e+000 -9.916871e-001
    outer loop
      vertex -3.039747e+000  1.750000e+001  7.434297e+001
      vertex -3.039747e+000 -1.425000e+002  7.434297e+001
      vertex -4.549499e+000 -1.425000e+002  7.414708e+001
    endloop
  endfacet
  facet normal  1.286728e-001  0.000000e+000 -9.916871e-001
    outer loop
      vertex -3.039747e+000  1.750000e+001  7.434297e+001
      vertex -4.549499e+000 -1.425000e+002  7.414708e+001
      vertex -4.549499e+000  1.750000e+001  7.414708e+001
    endloop
  endfacet
  facet normal  1.796637e-001  0.000000e+000 -9.837280e-001
    outer loop
      vertex -4.549499e+000  1.750000e+001  7.414708e+001
      vertex -4.549499e+000 -1.425000e+002  7.414708e+001
      vertex -6.047134e+000 -1.425000e+002  7.387356e+001
    endloop
  endfacet
  facet normal  1.796637e-001  0.000000e+000 -9.837280e-001
    outer loop
      vertex -4.549499e+000  1.750000e+001  7.414708e+001
      vertex -6.047134e+000 -1.425000e+002  7.387356e+001
      vertex -6.047134e+000  1.750000e+001  7.387356e+001
    endloop
  endfacet
  facet normal  2.301785e-001  0.000000e+000 -9.731484e-001
    outer loop
      vertex -6.047134e+000  1.750000e+001  7.387356e+001
      vertex -6.047134e+000 -1.425000e+002  7.387356e+001
      vertex -7.528663e+000 -1.425000e+002  7.352313e+001
    endloop
  endfacet
  facet normal  2.301785e-001  0.000000e+000 -9.731484e-001
    outer loop
      vertex -6.047134e+000  1.750000e+001  7.387356e+001
      vertex -7.528663e+000 -1.425000e+002  7.352313e+001
      vertex -7.528663e+000  1.750000e+001  7.352313e+001
    endloop
  endfacet
  facet normal  2.800723e-001  0.000000e+000 -9.599790e-001
    outer loop
      vertex -7.528663e+000  1.750000e+001  7.352313e+001
      vertex -7.528663e+000 -1.425000e+002  7.352313e+001
      vertex -8.990142e+000 -1.425000e+002  7.309675e+001
    endloop
  endfacet
  facet normal  2.800723e-001  0.000000e+000 -9.599790e-001
    outer loop
      vertex -7.528663e+000  1.750000e+001  7.352313e+001
      vertex -8.990142e+000 -1.425000e+002  7.309675e+001
      vertex -8.990142e+000  1.750000e+001  7.309675e+001
    endloop
  endfacet
  facet normal  3.292241e-001  0.000000e+000 -9.442518e-001
    outer loop
      vertex -8.990142e+000  1.750000e+001  7.309675e+001
      vertex -8.990142e+000 -1.425000e+002  7.309675e+001
      vertex -1.042768e+001 -1.425000e+002  7.259554e+001
    endloop
  endfacet
  facet normal  3.292241e-001  0.000000e+000 -9.442518e-001
    outer loop
      vertex -8.990142e+000  1.750000e+001  7.309675e+001
      vertex -1.042768e+001 -1.425000e+002  7.259554e+001
      vertex -1.042768e+001  1.750000e+001  7.259554e+001
    endloop
  endfacet
  facet normal  3.774991e-001  0.000000e+000 -9.260100e-001
    outer loop
      vertex -1.042768e+001  1.750000e+001  7.259554e+001
      vertex -1.042768e+001 -1.425000e+002  7.259554e+001
      vertex -1.183744e+001 -1.425000e+002  7.202083e+001
    endloop
  endfacet
  facet normal  3.774991e-001  0.000000e+000 -9.260100e-001
    outer loop
      vertex -1.042768e+001  1.750000e+001  7.259554e+001
      vertex -1.183744e+001 -1.425000e+002  7.202083e+001
      vertex -1.183744e+001  1.750000e+001  7.202083e+001
    endloop
  endfacet
  facet normal  4.232158e-001  0.000000e+000 -9.060289e-001
    outer loop
      vertex -1.183744e+001  1.750000e+001  7.202083e+001
      vertex -1.183744e+001 -1.425000e+002  7.202083e+001
      vertex -1.312500e+001 -1.425000e+002  7.141940e+001
    endloop
  endfacet
  facet normal  4.232158e-001  0.000000e+000 -9.060289e-001
    outer loop
      vertex -1.183744e+001  1.750000e+001  7.202083e+001
      vertex -1.312500e+001 -1.425000e+002  7.141940e+001
      vertex -1.312500e+001  1.750000e+001  7.141940e+001
    endloop
  endfacet
  facet normal  4.453466e-001  0.000000e+000 -8.953583e-001
    outer loop
      vertex -1.312500e+001  1.750000e+001  7.141940e+001
      vertex -1.312500e+001 -1.425000e+002  7.141940e+001
      vertex -1.315227e+001 -1.421814e+002  7.140583e+001
    endloop
  endfacet
  facet normal  4.453466e-001  0.000000e+000 -8.953583e-001
    outer loop
      vertex -1.312500e+001  1.750000e+001  7.141940e+001
      vertex -1.315227e+001 -1.421814e+002  7.140583e+001
      vertex -1.315227e+001  1.718138e+001  7.140583e+001
    endloop
  endfacet
  facet normal  4.472008e-001  0.000000e+000 -8.944336e-001
    outer loop
      vertex -1.315227e+001  1.718138e+001  7.140583e+001
      vertex -1.315227e+001 -1.421814e+002  7.140583e+001
      vertex -1.323254e+001 -1.418741e+002  7.136570e+001
    endloop
  endfacet
  facet normal  4.472008e-001  0.000000e+000 -8.944335e-001
    outer loop
      vertex -1.315227e+001  1.718138e+001  7.140583e+001
      vertex -1.323254e+001 -1.418741e+002  7.136570e+001
      vertex -1.323254e+001  1.687415e+001  7.136570e+001
    endloop
  endfacet
  facet normal  4.507591e-001  0.000000e+000 -8.926456e-001
    outer loop
      vertex -1.323254e+001  1.687415e+001  7.136570e+001
      vertex -1.323254e+001 -1.418741e+002  7.136570e+001
      vertex -1.336149e+001 -1.415885e+002  7.130058e+001
    endloop
  endfacet
  facet normal  4.507591e-001  0.000000e+000 -8.926456e-001
    outer loop
      vertex -1.323254e+001  1.687415e+001  7.136570e+001
      vertex -1.336149e+001 -1.415885e+002  7.130058e+001
      vertex -1.336149e+001  1.658846e+001  7.130058e+001
    endloop
  endfacet
  facet normal  4.562604e-001  0.000000e+000 -8.898462e-001
    outer loop
      vertex -1.336149e+001  1.658846e+001  7.130058e+001
      vertex -1.336149e+001 -1.415885e+002  7.130058e+001
      vertex -1.355760e+001 -1.413020e+002  7.120003e+001
    endloop
  endfacet
  facet normal  4.562605e-001  0.000000e+000 -8.898464e-001
    outer loop
      vertex -1.336149e+001  1.658846e+001  7.130058e+001
      vertex -1.355760e+001 -1.413020e+002  7.120003e+001
      vertex -1.355760e+001  1.630204e+001  7.120003e+001
    endloop
  endfacet
  facet normal  4.636408e-001  0.000000e+000 -8.860233e-001
    outer loop
      vertex -1.355760e+001  1.630204e+001  7.120003e+001
      vertex -1.355760e+001 -1.413020e+002  7.120003e+001
      vertex -1.379697e+001 -1.410618e+002  7.107477e+001
    endloop
  endfacet
  facet normal  4.636408e-001  0.000000e+000 -8.860233e-001
    outer loop
      vertex -1.355760e+001  1.630204e+001  7.120003e+001
      vertex -1.379697e+001 -1.410618e+002  7.107477e+001
      vertex -1.379697e+001  1.606183e+001  7.107477e+001
    endloop
  endfacet
  facet normal  4.722978e-001  0.000000e+000 -8.814390e-001
    outer loop
      vertex -1.379697e+001  1.606183e+001  7.107477e+001
      vertex -1.379697e+001 -1.410618e+002  7.107477e+001
      vertex -1.406857e+001 -1.408727e+002  7.092924e+001
    endloop
  endfacet
  facet normal  4.722978e-001  0.000000e+000 -8.814390e-001
    outer loop
      vertex -1.379697e+001  1.606183e+001  7.107477e+001
      vertex -1.406857e+001 -1.408727e+002  7.092924e+001
      vertex -1.406857e+001  1.587271e+001  7.092924e+001
    endloop
  endfacet
  facet normal  4.816701e-001  0.000000e+000 -8.763527e-001
    outer loop
      vertex -1.406857e+001  1.587271e+001  7.092924e+001
      vertex -1.406857e+001 -1.408727e+002  7.092924e+001
      vertex -1.434890e+001 -1.407417e+002  7.077516e+001
    endloop
  endfacet
  facet normal  4.816700e-001  0.000000e+000 -8.763527e-001
    outer loop
      vertex -1.406857e+001  1.587271e+001  7.092924e+001
      vertex -1.434890e+001 -1.407417e+002  7.077516e+001
      vertex -1.434890e+001  1.574168e+001  7.077516e+001
    endloop
  endfacet
  facet normal  4.913620e-001  0.000000e+000 -8.709553e-001
    outer loop
      vertex -1.434890e+001  1.574168e+001  7.077516e+001
      vertex -1.434890e+001 -1.407417e+002  7.077516e+001
      vertex -1.464148e+001 -1.406596e+002  7.061010e+001
    endloop
  endfacet
  facet normal  4.913621e-001  0.000000e+000 -8.709555e-001
    outer loop
      vertex -1.434890e+001  1.574168e+001  7.077516e+001
      vertex -1.464148e+001 -1.406596e+002  7.061010e+001
      vertex -1.464148e+001  1.565960e+001  7.061010e+001
    endloop
  endfacet
  facet normal  5.013753e-001  0.000000e+000 -8.652298e-001
    outer loop
      vertex -1.464148e+001  1.565960e+001  7.061010e+001
      vertex -1.464148e+001 -1.406596e+002  7.061010e+001
      vertex -1.493930e+001 -1.406260e+002  7.043752e+001
    endloop
  endfacet
  facet normal  5.013753e-001  0.000000e+000 -8.652298e-001
    outer loop
      vertex -1.464148e+001  1.565960e+001  7.061010e+001
      vertex -1.493930e+001 -1.406260e+002  7.043752e+001
      vertex -1.493930e+001  1.562599e+001  7.043752e+001
    endloop
  endfacet
  facet normal  5.114661e-001  0.000000e+000 -8.593035e-001
    outer loop
      vertex -1.493930e+001  1.562599e+001  7.043752e+001
      vertex -1.493930e+001 -1.406260e+002  7.043752e+001
      vertex -1.523616e+001 -1.406399e+002  7.026083e+001
    endloop
  endfacet
  facet normal  5.114661e-001  0.000000e+000 -8.593034e-001
    outer loop
      vertex -1.493930e+001  1.562599e+001  7.043752e+001
      vertex -1.523616e+001 -1.406399e+002  7.026083e+001
      vertex -1.523616e+001  1.563993e+001  7.026083e+001
    endloop
  endfacet
  facet normal  5.213214e-001  0.000000e+000 -8.533605e-001
    outer loop
      vertex -1.523616e+001  1.563993e+001  7.026083e+001
      vertex -1.523616e+001 -1.406399e+002  7.026083e+001
      vertex -1.552130e+001 -1.406989e+002  7.008663e+001
    endloop
  endfacet
  facet normal  5.213213e-001  0.000000e+000 -8.533605e-001
    outer loop
      vertex -1.523616e+001  1.563993e+001  7.026083e+001
      vertex -1.552130e+001 -1.406989e+002  7.008663e+001
      vertex -1.552130e+001  1.569893e+001  7.008663e+001
    endloop
  endfacet
  facet normal  5.307903e-001  0.000000e+000 -8.475032e-001
    outer loop
      vertex -1.552130e+001  1.569893e+001  7.008663e+001
      vertex -1.552130e+001 -1.406989e+002  7.008663e+001
      vertex -1.579538e+001 -1.408021e+002  6.991498e+001
    endloop
  endfacet
  facet normal  5.307902e-001  0.000000e+000 -8.475032e-001
    outer loop
      vertex -1.552130e+001  1.569893e+001  7.008663e+001
      vertex -1.579538e+001 -1.408021e+002  6.991498e+001
      vertex -1.579538e+001  1.580206e+001  6.991498e+001
    endloop
  endfacet
  facet normal  5.398180e-001  0.000000e+000 -8.417818e-001
    outer loop
      vertex -1.579538e+001  1.580206e+001  6.991498e+001
      vertex -1.579538e+001 -1.408021e+002  6.991498e+001
      vertex -1.605308e+001 -1.409487e+002  6.974972e+001
    endloop
  endfacet
  facet normal  5.398180e-001  0.000000e+000 -8.417819e-001
    outer loop
      vertex -1.579538e+001  1.580206e+001  6.991498e+001
      vertex -1.605308e+001 -1.409487e+002  6.974972e+001
      vertex -1.605308e+001  1.594867e+001  6.974972e+001
    endloop
  endfacet
  facet normal  5.481670e-001  0.000000e+000 -8.363687e-001
    outer loop
      vertex -1.605308e+001  1.594867e+001  6.974972e+001
      vertex -1.605308e+001 -1.409487e+002  6.974972e+001
      vertex -1.628856e+001 -1.411379e+002  6.959538e+001
    endloop
  endfacet
  facet normal  5.481671e-001  0.000000e+000 -8.363687e-001
    outer loop
      vertex -1.605308e+001  1.594867e+001  6.974972e+001
      vertex -1.628856e+001 -1.411379e+002  6.959538e+001
      vertex -1.628856e+001  1.613793e+001  6.959538e+001
    endloop
  endfacet
  facet normal  5.553808e-001  0.000000e+000 -8.315962e-001
    outer loop
      vertex -1.628856e+001  1.613793e+001  6.959538e+001
      vertex -1.628856e+001 -1.411379e+002  6.959538e+001
      vertex -1.647889e+001 -1.413474e+002  6.946827e+001
    endloop
  endfacet
  facet normal  5.553808e-001  0.000000e+000 -8.315962e-001
    outer loop
      vertex -1.628856e+001  1.613793e+001  6.959538e+001
      vertex -1.647889e+001 -1.413474e+002  6.946827e+001
      vertex -1.647889e+001  1.634739e+001  6.946827e+001
    endloop
  endfacet
  facet normal  5.613225e-001  0.000000e+000 -8.275971e-001
    outer loop
      vertex -1.647889e+001  1.634739e+001  6.946827e+001
      vertex -1.647889e+001 -1.413474e+002  6.946827e+001
      vertex -1.663920e+001 -1.415897e+002  6.935954e+001
    endloop
  endfacet
  facet normal  5.613225e-001  0.000000e+000 -8.275971e-001
    outer loop
      vertex -1.647889e+001  1.634739e+001  6.946827e+001
      vertex -1.663920e+001 -1.415897e+002  6.935954e+001
      vertex -1.663920e+001  1.658969e+001  6.935954e+001
    endloop
  endfacet
  facet normal  5.660677e-001  0.000000e+000 -8.243587e-001
    outer loop
      vertex -1.663920e+001  1.658969e+001  6.935954e+001
      vertex -1.663920e+001 -1.415897e+002  6.935954e+001
      vertex -1.675701e+001 -1.418454e+002  6.927864e+001
    endloop
  endfacet
  facet normal  5.660676e-001  0.000000e+000 -8.243588e-001
    outer loop
      vertex -1.663920e+001  1.658969e+001  6.935954e+001
      vertex -1.675701e+001 -1.418454e+002  6.927864e+001
      vertex -1.675701e+001  1.684538e+001  6.927864e+001
    endloop
  endfacet
  facet normal  5.693772e-001  0.000000e+000 -8.220763e-001
    outer loop
      vertex -1.675701e+001  1.684538e+001  6.927864e+001
      vertex -1.675701e+001 -1.418454e+002  6.927864e+001
      vertex -1.683647e+001 -1.421218e+002  6.922361e+001
    endloop
  endfacet
  facet normal  5.693772e-001  0.000000e+000 -8.220764e-001
    outer loop
      vertex -1.675701e+001  1.684538e+001  6.927864e+001
      vertex -1.683647e+001 -1.421218e+002  6.922361e+001
      vertex -1.683647e+001  1.712183e+001  6.922361e+001
    endloop
  endfacet
  facet normal  5.711600e-001  0.000000e+000 -8.208388e-001
    outer loop
      vertex -1.683647e+001  1.712183e+001  6.922361e+001
      vertex -1.683647e+001 -1.421218e+002  6.922361e+001
      vertex -1.686529e+001 -1.423095e+002  6.920355e+001
    endloop
  endfacet
  facet normal  5.711600e-001  0.000000e+000 -8.208388e-001
    outer loop
      vertex -1.683647e+001  1.712183e+001  6.922361e+001
      vertex -1.686529e+001 -1.423095e+002  6.920355e+001
      vertex -1.686529e+001  1.730947e+001  6.920355e+001
    endloop
  endfacet
  facet normal  5.719143e-001  0.000000e+000 -8.203134e-001
    outer loop
      vertex -1.686529e+001  1.730947e+001  6.920355e+001
      vertex -1.686529e+001 -1.423095e+002  6.920355e+001
      vertex -1.687500e+001 -1.425000e+002  6.919678e+001
    endloop
  endfacet
  facet normal  5.719143e-001  0.000000e+000 -8.203134e-001
    outer loop
      vertex -1.686529e+001  1.730947e+001  6.920355e+001
      vertex -1.687500e+001 -1.425000e+002  6.919678e+001
      vertex -1.687500e+001  1.750000e+001  6.919678e+001
    endloop
  endfacet
  facet normal  5.762748e-001  0.000000e+000 -8.172560e-001
    outer loop
      vertex -1.687500e+001  1.750000e+001  6.919678e+001
      vertex -1.687500e+001 -1.425000e+002  6.919678e+001
      vertex -1.712500e+001 -1.425000e+002  6.902050e+001
    endloop
  endfacet
  facet normal  5.762748e-001  0.000000e+000 -8.172560e-001
    outer loop
      vertex -1.687500e+001  1.750000e+001  6.919678e+001
      vertex -1.712500e+001 -1.425000e+002  6.902050e+001
      vertex -1.712500e+001  1.750000e+001  6.902050e+001
    endloop
  endfacet
  facet normal  6.013278e-001  0.000000e+000 -7.990024e-001
    outer loop
      vertex -1.712500e+001  1.750000e+001  6.902050e+001
      vertex -1.712500e+001 -1.425000e+002  6.902050e+001
      vertex -1.834141e+001 -1.425000e+002  6.810503e+001
    endloop
  endfacet
  facet normal  6.013278e-001  0.000000e+000 -7.990024e-001
    outer loop
      vertex -1.712500e+001  1.750000e+001  6.902050e+001
      vertex -1.834141e+001 -1.425000e+002  6.810503e+001
      vertex -1.834141e+001  1.750000e+001  6.810503e+001
    endloop
  endfacet
  facet normal  6.417448e-001  0.000000e+000 -7.669182e-001
    outer loop
      vertex -1.834141e+001  1.750000e+001  6.810503e+001
      vertex -1.834141e+001 -1.425000e+002  6.810503e+001
      vertex -1.950897e+001 -1.425000e+002  6.712804e+001
    endloop
  endfacet
  facet normal  6.417448e-001  0.000000e+000 -7.669182e-001
    outer loop
      vertex -1.834141e+001  1.750000e+001  6.810503e+001
      vertex -1.950897e+001 -1.425000e+002  6.712804e+001
      vertex -1.950897e+001  1.750000e+001  6.712804e+001
    endloop
  endfacet
  facet normal  6.804574e-001  0.000000e+000 -7.327876e-001
    outer loop
      vertex -1.950897e+001  1.750000e+001  6.712804e+001
      vertex -1.950897e+001 -1.425000e+002  6.712804e+001
      vertex -2.062457e+001 -1.425000e+002  6.609210e+001
    endloop
  endfacet
  facet normal  6.804574e-001  0.000000e+000 -7.327876e-001
    outer loop
      vertex -1.950897e+001  1.750000e+001  6.712804e+001
      vertex -2.062457e+001 -1.425000e+002  6.609210e+001
      vertex -2.062457e+001  1.750000e+001  6.609210e+001
    endloop
  endfacet
  facet normal -6.257674e-001 -3.026752e-004 -7.800097e-001
    outer loop
      vertex  1.872676e+001  2.279383e+001  6.779383e+001
      vertex  1.834141e+001  1.750000e+001  6.810503e+001
      vertex  1.818227e+001  2.323048e+001  6.823048e+001
    endloop
  endfacet
  facet normal -6.013276e-001  7.918333e-004 -7.990021e-001
    outer loop
      vertex  1.818227e+001  2.323048e+001  6.823048e+001
      vertex  1.834141e+001  1.750000e+001  6.810503e+001
      vertex  1.712500e+001  1.750000e+001  6.902050e+001
    endloop
  endfacet
  facet normal -6.058897e-001  2.110040e-003 -7.955458e-001
    outer loop
      vertex  1.818227e+001  2.323048e+001  6.823048e+001
      vertex  1.712500e+001  1.750000e+001  6.902050e+001
      vertex  1.762292e+001  2.365761e+001  6.865762e+001
    endloop
  endfacet
  facet normal -1.969000e-001 -4.053123e-004 -9.804235e-001
    outer loop
      vertex  5.239988e+000  2.903089e+001  7.403089e+001
      vertex  6.370021e+000  2.880404e+001  7.380404e+001
      vertex  6.047134e+000  1.750000e+001  7.387356e+001
    endloop
  endfacet
  facet normal -2.346507e-001  7.243066e-004 -9.720795e-001
    outer loop
      vertex  6.047134e+000  1.750000e+001  7.387356e+001
      vertex  6.370021e+000  2.880404e+001  7.380404e+001
      vertex  7.481661e+000  2.853550e+001  7.353550e+001
    endloop
  endfacet
  facet normal -2.301785e-001  1.102219e-004 -9.731483e-001
    outer loop
      vertex  6.047134e+000  1.750000e+001  7.387356e+001
      vertex  7.481661e+000  2.853550e+001  7.353550e+001
      vertex  7.528663e+000  1.750000e+001  7.352313e+001
    endloop
  endfacet
  facet normal -4.088500e-002 -3.087811e-004 -9.991637e-001
    outer loop
      vertex  6.420805e-001  2.949301e+001  7.449301e+001
      vertex  1.768960e+000  2.944691e+001  7.444691e+001
      vertex  1.521900e+000  1.750000e+001  7.446072e+001
    endloop
  endfacet
  facet normal -7.972640e-002  4.971634e-004 -9.968167e-001
    outer loop
      vertex  1.521900e+000  1.750000e+001  7.446072e+001
      vertex  1.768960e+000  2.944691e+001  7.444691e+001
      vertex  2.936239e+000  2.935351e+001  7.435351e+001
    endloop
  endfacet
  facet normal -7.734098e-002  2.108380e-004 -9.970047e-001
    outer loop
      vertex  1.521900e+000  1.750000e+001  7.446072e+001
      vertex  2.936239e+000  2.935351e+001  7.435351e+001
      vertex  3.039747e+000  1.750000e+001  7.434297e+001
    endloop
  endfacet
  facet normal  1.117120e-001 -3.564694e-004 -9.937406e-001
    outer loop
      vertex -3.851083e+000  2.924755e+001  7.424755e+001
      vertex -2.736363e+000  2.937282e+001  7.437282e+001
      vertex -3.039747e+000  1.750000e+001  7.434297e+001
    endloop
  endfacet
  facet normal  7.369973e-002  6.237506e-004 -9.972802e-001
    outer loop
      vertex -3.039747e+000  1.750000e+001  7.434297e+001
      vertex -2.736363e+000  2.937282e+001  7.437282e+001
      vertex -1.613832e+000  2.945582e+001  7.445583e+001
    endloop
  endfacet
  facet normal  7.734098e-002  1.868752e-004 -9.970047e-001
    outer loop
      vertex -3.039747e+000  1.750000e+001  7.434297e+001
      vertex -1.613832e+000  2.945582e+001  7.445583e+001
      vertex -1.521900e+000  1.750000e+001  7.446072e+001
    endloop
  endfacet
  facet normal  2.697678e-001 -2.679683e-004 -9.629254e-001
    outer loop
      vertex -8.540482e+000  2.823668e+001  7.323668e+001
      vertex -7.368082e+000  2.856504e+001  7.356504e+001
      vertex -7.528663e+000  1.750000e+001  7.352313e+001
    endloop
  endfacet
  facet normal  2.294598e-001  3.563619e-004 -9.733180e-001
    outer loop
      vertex -7.528663e+000  1.750000e+001  7.352313e+001
      vertex -7.368082e+000  2.856504e+001  7.356504e+001
      vertex -6.171863e+000  2.884715e+001  7.384715e+001
    endloop
  endfacet
  facet normal  2.301785e-001  2.655782e-004 -9.731484e-001
    outer loop
      vertex -7.528663e+000  1.750000e+001  7.352313e+001
      vertex -6.171863e+000  2.884715e+001  7.384715e+001
      vertex -6.047134e+000  1.750000e+001  7.387356e+001
    endloop
  endfacet
  facet normal  4.453475e-001  9.815631e-008 -8.953578e-001
    outer loop
      vertex -1.315227e+001  1.781862e+001  7.140583e+001
      vertex -1.313781e+001  2.641303e+001  7.141302e+001
      vertex -1.312500e+001  1.750000e+001  7.141940e+001
    endloop
  endfacet
  facet normal  4.260074e-001 -3.438857e-005 -9.047196e-001
    outer loop
      vertex -1.312500e+001  1.750000e+001  7.141940e+001
      vertex -1.313781e+001  2.641303e+001  7.141302e+001
      vertex -1.198985e+001  2.695354e+001  7.195354e+001
    endloop
  endfacet
  facet normal  4.232157e-001  3.748043e-004 -9.060288e-001
    outer loop
      vertex -1.312500e+001  1.750000e+001  7.141940e+001
      vertex -1.198985e+001  2.695354e+001  7.195354e+001
      vertex -1.183744e+001  1.750000e+001  7.202083e+001
    endloop
  endfacet
  facet normal  6.203247e-001 -6.717675e-004 -7.843449e-001
    outer loop
      vertex -1.791429e+001  2.343775e+001  6.843775e+001
      vertex -1.834141e+001  1.750000e+001  6.810503e+001
      vertex -1.866100e+001  2.284769e+001  6.784769e+001
    endloop
  endfacet
  facet normal  6.417441e-001  1.446949e-003 -7.669175e-001
    outer loop
      vertex -1.866100e+001  2.284769e+001  6.784769e+001
      vertex -1.834141e+001  1.750000e+001  6.810503e+001
      vertex -1.950897e+001  1.750000e+001  6.712804e+001
    endloop
  endfacet
  facet normal  6.410015e-001  1.648208e-003 -7.675379e-001
    outer loop
      vertex -1.866100e+001  2.284769e+001  6.784769e+001
      vertex -1.950897e+001  1.750000e+001  6.712804e+001
      vertex -1.920308e+001  2.239401e+001  6.739401e+001
    endloop
  endfacet
  facet normal -7.728871e-001  6.345365e-001 -2.992277e-003
    outer loop
      vertex -2.561737e+001  2.000000e+001  6.500000e+001
      vertex -2.470350e+001  2.111840e+001  6.611840e+001
      vertex -2.460539e+001  2.123264e+001  6.500000e+001
    endloop
  endfacet
  facet normal -7.464991e-001  6.653818e-001  2.473398e-003
    outer loop
      vertex -2.460539e+001  2.123264e+001  6.500000e+001
      vertex -2.470350e+001  2.111840e+001  6.611840e+001
      vertex -2.372696e+001  2.220994e+001  6.720995e+001
    endloop
  endfacet
  facet normal -7.408289e-001  6.716889e-001 -2.569572e-003
    outer loop
      vertex -2.460539e+001  2.123264e+001  6.500000e+001
      vertex -2.372696e+001  2.220994e+001  6.720995e+001
      vertex -2.353415e+001  2.241414e+001  6.500000e+001
    endloop
  endfacet
  facet normal -7.155127e-001  6.985965e-001  2.125479e-003
    outer loop
      vertex -2.353415e+001  2.241414e+001  6.500000e+001
      vertex -2.372696e+001  2.220994e+001  6.720995e+001
      vertex -2.270063e+001  2.325793e+001  6.825793e+001
    endloop
  endfacet
  facet normal -7.069865e-001  7.072234e-001 -2.290201e-003
    outer loop
      vertex -2.353415e+001  2.241414e+001  6.500000e+001
      vertex -2.270063e+001  2.325793e+001  6.825793e+001
      vertex -2.240624e+001  2.354168e+001  6.500000e+001
    endloop
  endfacet
  facet normal -6.160390e-001  7.877151e-001  9.065297e-004
    outer loop
      vertex -2.045759e+001  2.525345e+001  7.025346e+001
      vertex -1.955008e+001  2.596236e+001  7.096236e+001
      vertex -1.999140e+001  2.562409e+001  6.500000e+001
    endloop
  endfacet
  facet normal -5.955887e-001  8.032881e-001 -1.490664e-003
    outer loop
      vertex -1.871028e+001  2.657396e+001  6.500000e+001
      vertex -1.999140e+001  2.562409e+001  6.500000e+001
      vertex -1.955008e+001  2.596236e+001  7.096236e+001
    endloop
  endfacet
  facet normal -5.872598e-001  8.093985e-001  3.092520e-004
    outer loop
      vertex -1.955008e+001  2.596236e+001  7.096236e+001
      vertex -1.860611e+001  2.664700e+001  7.164700e+001
      vertex -1.871028e+001  2.657396e+001  6.500000e+001
    endloop
  endfacet
  facet normal -5.140025e-001  8.577879e-001 -1.208662e-003
    outer loop
      vertex -1.738411e+001  2.745984e+001  6.500000e+001
      vertex -1.660887e+001  2.793556e+001  7.293555e+001
      vertex -1.601607e+001  2.827959e+001  6.500000e+001
    endloop
  endfacet
  facet normal -4.944683e-001  8.691954e-001  7.451272e-004
    outer loop
      vertex -1.660887e+001  2.793556e+001  7.293555e+001
      vertex -1.550463e+001  2.856320e+001  7.356320e+001
      vertex -1.601607e+001  2.827959e+001  6.500000e+001
    endloop
  endfacet
  facet normal -4.713046e-001  8.819698e-001 -1.061410e-003
    outer loop
      vertex -1.460947e+001  2.903125e+001  6.500000e+001
      vertex -1.601607e+001  2.827959e+001  6.500000e+001
      vertex -1.550463e+001  2.856320e+001  7.356320e+001
    endloop
  endfacet
  facet normal -4.597602e-001  8.880429e-001  4.773390e-004
    outer loop
      vertex -1.550463e+001  2.856320e+001  7.356320e+001
      vertex -1.436128e+001  2.915482e+001  7.415482e+001
      vertex -1.460947e+001  2.903125e+001  6.500000e+001
    endloop
  endfacet
  facet normal -3.368203e-001  9.415687e-001 -8.231249e-004
    outer loop
      vertex -1.169420e+001  3.032319e+001  6.500000e+001
      vertex -1.070762e+001  3.068545e+001  7.568545e+001
      vertex -1.019255e+001  3.086036e+001  6.500000e+001
    endloop
  endfacet
  facet normal -3.113807e-001  9.502851e-001  5.458203e-004
    outer loop
      vertex -1.019255e+001  3.086036e+001  6.500000e+001
      vertex -1.070762e+001  3.068545e+001  7.568545e+001
      vertex -9.517903e+000  3.107506e+001  7.607507e+001
    endloop
  endfacet
  facet normal -2.902248e-001  9.569582e-001 -8.722699e-004
    outer loop
      vertex -1.019255e+001  3.086036e+001  6.500000e+001
      vertex -9.517903e+000  3.107506e+001  7.607507e+001
      vertex -8.666355e+000  3.132322e+001  6.500000e+001
    endloop
  endfacet
  facet normal -2.743239e-001  9.616372e-001  4.551813e-004
    outer loop
      vertex -9.517903e+000  3.107506e+001  7.607507e+001
      vertex -8.301935e+000  3.142177e+001  7.642178e+001
      vertex -8.666355e+000  3.132322e+001  6.500000e+001
    endloop
  endfacet
  facet normal -2.429287e-001  9.700440e-001 -6.190416e-004
    outer loop
      vertex -7.119291e+000  3.171066e+001  6.500000e+001
      vertex -8.666355e+000  3.132322e+001  6.500000e+001
      vertex -8.301935e+000  3.142177e+001  7.642178e+001
    endloop
  endfacet
  facet normal -2.364383e-001  9.716465e-001  9.352084e-005
    outer loop
      vertex -8.301935e+000  3.142177e+001  7.642178e+001
      vertex -7.062185e+000  3.172342e+001  7.672342e+001
      vertex -7.119291e+000  3.171066e+001  6.500000e+001
    endloop
  endfacet
  facet normal -1.466977e-001  9.891811e-001 -7.260138e-004
    outer loop
      vertex -5.555084e+000  3.202173e+001  6.500000e+001
      vertex -4.523103e+000  3.218372e+001  7.718372e+001
      vertex -3.977499e+000  3.225569e+001  6.500000e+001
    endloop
  endfacet
  facet normal -1.207266e-001  9.926857e-001  4.577120e-004
    outer loop
      vertex -3.977499e+000  3.225569e+001  6.500000e+001
      vertex -4.523103e+000  3.218372e+001  7.718372e+001
      vertex -3.319289e+000  3.233005e+001  7.733006e+001
    endloop
  endfacet
  facet normal -9.799615e-002  9.951864e-001 -7.707769e-004
    outer loop
      vertex -3.977499e+000  3.225569e+001  6.500000e+001
      vertex -3.319289e+000  3.233005e+001  7.733006e+001
      vertex -2.390337e+000  3.241198e+001  6.500000e+001
    endloop
  endfacet
  facet normal -8.351515e-002  9.965064e-001  3.289993e-004
    outer loop
      vertex -3.319289e+000  3.233005e+001  7.733006e+001
      vertex -2.106404e+000  3.243167e+001  7.743166e+001
      vertex -2.390337e+000  3.241198e+001  6.500000e+001
    endloop
  endfacet
  facet normal  0.000000e+000  9.999998e-001 -6.461458e-004
    outer loop
      vertex -7.974180e-001  3.249022e+001  6.500000e+001
      vertex  3.333993e-001  3.249829e+001  7.749828e+001
      vertex  7.974209e-001  3.249022e+001  6.500000e+001
    endloop
  endfacet
  facet normal  2.904902e-002  9.995778e-001  4.326247e-004
    outer loop
      vertex  7.974209e-001  3.249022e+001  6.500000e+001
      vertex  3.333993e-001  3.249829e+001  7.749828e+001
      vertex  1.553631e+000  3.246284e+001  7.746284e+001
    endloop
  endfacet
  facet normal  4.905788e-002  9.987956e-001 -7.831747e-004
    outer loop
      vertex  7.974209e-001  3.249022e+001  6.500000e+001
      vertex  1.553631e+000  3.246284e+001  7.746284e+001
      vertex  2.390339e+000  3.241198e+001  6.500000e+001
    endloop
  endfacet
  facet normal  6.654933e-002  9.977831e-001  3.952682e-004
    outer loop
      vertex  1.553631e+000  3.246284e+001  7.746284e+001
      vertex  2.769605e+000  3.238177e+001  7.738177e+001
      vertex  2.390339e+000  3.241198e+001  6.500000e+001
    endloop
  endfacet
  facet normal  1.950499e-001  9.807930e-001 -8.135734e-004
    outer loop
      vertex  5.555087e+000  3.202173e+001  6.500000e+001
      vertex  6.431314e+000  3.185731e+001  7.685731e+001
      vertex  7.119294e+000  3.171066e+001  6.500000e+001
    endloop
  endfacet
  facet normal  2.165106e-001  9.762802e-001  4.874272e-004
    outer loop
      vertex  6.431314e+000  3.185731e+001  7.685731e+001
      vertex  7.632694e+000  3.159101e+001  7.659101e+001
      vertex  7.119294e+000  3.171066e+001  6.500000e+001
    endloop
  endfacet
  facet normal  2.429298e-001  9.700436e-001 -7.471304e-004
    outer loop
      vertex  8.666358e+000  3.132322e+001  6.500000e+001
      vertex  7.119294e+000  3.171066e+001  6.500000e+001
      vertex  7.632694e+000  3.159101e+001  7.659101e+001
    endloop
  endfacet
  facet normal  2.531180e-001  9.674353e-001  2.217004e-004
    outer loop
      vertex  7.632694e+000  3.159101e+001  7.659101e+001
      vertex  8.813525e+000  3.128213e+001  7.628214e+001
      vertex  8.666358e+000  3.132322e+001  6.500000e+001
    endloop
  endfacet
  facet normal  3.368202e-001  9.415686e-001 -8.869365e-004
    outer loop
      vertex  1.019255e+001  3.086036e+001  6.500000e+001
      vertex  1.110436e+001  3.054412e+001  7.554412e+001
      vertex  1.169420e+001  3.032319e+001  6.500000e+001
    endloop
  endfacet
  facet normal  3.611468e-001  9.325088e-001  6.637338e-004
    outer loop
      vertex  1.169420e+001  3.032319e+001  6.500000e+001
      vertex  1.110436e+001  3.054412e+001  7.554412e+001
      vertex  1.235065e+001  3.006179e+001  7.506180e+001
    endloop
  endfacet
  facet normal  3.826061e-001  9.239111e-001 -9.596462e-004
    outer loop
      vertex  1.169420e+001  3.032319e+001  6.500000e+001
      vertex  1.235065e+001  3.006179e+001  7.506180e+001
      vertex  1.316769e+001  2.971299e+001  6.500000e+001
    endloop
  endfacet
  facet normal  3.989436e-001  9.169753e-001  6.074475e-004
    outer loop
      vertex  1.235065e+001  3.006179e+001  7.506180e+001
      vertex  1.356098e+001  2.953557e+001  7.453557e+001
      vertex  1.316769e+001  2.971299e+001  6.500000e+001
    endloop
  endfacet
  facet normal  4.274696e-001  9.040294e-001 -8.099559e-004
    outer loop
      vertex  1.460948e+001  2.903125e+001  6.500000e+001
      vertex  1.316769e+001  2.971299e+001  6.500000e+001
      vertex  1.356098e+001  2.953557e+001  7.453557e+001
    endloop
  endfacet
  facet normal  4.355008e-001  9.001883e-001  2.762691e-004
    outer loop
      vertex  1.356098e+001  2.953557e+001  7.453557e+001
      vertex  1.473378e+001  2.896836e+001  7.396836e+001
      vertex  1.460948e+001  2.903125e+001  6.500000e+001
    endloop
  endfacet
  facet normal  5.140034e-001  8.577874e-001 -1.086841e-003
    outer loop
      vertex  1.601608e+001  2.827959e+001  6.500000e+001
      vertex  1.696235e+001  2.772235e+001  7.272235e+001
      vertex  1.738411e+001  2.745984e+001  6.500000e+001
    endloop
  endfacet
  facet normal  6.193470e-001  7.851173e-001  2.963943e-004
    outer loop
      vertex  1.999140e+001  2.562409e+001  6.500000e+001
      vertex  1.983238e+001  2.574737e+001  7.074737e+001
      vertex  2.041316e+001  2.528938e+001  7.028938e+001
    endloop
  endfacet
  facet normal  6.342790e-001  7.731023e-001 -1.654550e-003
    outer loop
      vertex  1.999140e+001  2.562409e+001  6.500000e+001
      vertex  2.041316e+001  2.528938e+001  7.028938e+001
      vertex  2.122437e+001  2.461252e+001  6.500000e+001
    endloop
  endfacet
  facet normal  6.460100e-001  7.633276e-001  1.395428e-003
    outer loop
      vertex  2.041316e+001  2.528938e+001  7.028938e+001
      vertex  2.152236e+001  2.435237e+001  6.935237e+001
      vertex  2.122437e+001  2.461252e+001  6.500000e+001
    endloop
  endfacet
  facet normal  6.714417e-001  7.410554e-001 -1.676984e-003
    outer loop
      vertex  2.240624e+001  2.354167e+001  6.500000e+001
      vertex  2.122437e+001  2.461252e+001  6.500000e+001
      vertex  2.152236e+001  2.435237e+001  6.935237e+001
    endloop
  endfacet
  facet normal  6.791491e-001  7.339994e-001  1.202537e-003
    outer loop
      vertex  2.152236e+001  2.435237e+001  6.935237e+001
      vertex  2.257278e+001  2.338203e+001  6.838203e+001
      vertex  2.240624e+001  2.354167e+001  6.500000e+001
    endloop
  endfacet
  facet normal  7.069871e-001  7.072250e-001 -1.432116e-003
    outer loop
      vertex  2.353415e+001  2.241414e+001  6.500000e+001
      vertex  2.240624e+001  2.354167e+001  6.500000e+001
      vertex  2.257278e+001  2.338203e+001  6.838203e+001
    endloop
  endfacet
  facet normal  7.101759e-001  7.040243e-001  3.903284e-004
    outer loop
      vertex  2.257278e+001  2.338203e+001  6.838203e+001
      vertex  2.356508e+001  2.238162e+001  6.738161e+001
      vertex  2.353415e+001  2.241414e+001  6.500000e+001
    endloop
  endfacet
  facet normal  7.726731e-001  6.343608e-001 -2.371998e-002
    outer loop
      vertex  2.561738e+001  2.000000e+001  6.500000e+001
      vertex  2.460539e+001  2.123264e+001  6.500000e+001
      vertex  2.537867e+001  2.030204e+001  6.530204e+001
    endloop
  endfacet
  facet normal -6.721417e-001  7.404195e-001 -2.062227e-003
    outer loop
      vertex -2.159637e+001  2.428676e+001  6.928676e+001
      vertex -2.122437e+001  2.461252e+001  6.500000e+001
      vertex -2.215667e+001  2.377671e+001  6.877671e+001
    endloop
  endfacet
  facet normal -6.714409e-001  7.410560e-001 -1.748376e-003
    outer loop
      vertex -2.215667e+001  2.377671e+001  6.877671e+001
      vertex -2.122437e+001  2.461252e+001  6.500000e+001
      vertex -2.240624e+001  2.354168e+001  6.500000e+001
    endloop
  endfacet
  facet normal -6.904616e-001  7.233687e-001  6.092324e-004
    outer loop
      vertex -2.215667e+001  2.377671e+001  6.877671e+001
      vertex -2.240624e+001  2.354168e+001  6.500000e+001
      vertex -2.270063e+001  2.325793e+001  6.825793e+001
    endloop
  endfacet
  facet normal -6.373106e-001  7.706038e-001 -2.188372e-003
    outer loop
      vertex -2.045759e+001  2.525345e+001  7.025346e+001
      vertex -1.999140e+001  2.562409e+001  6.500000e+001
      vertex -2.103482e+001  2.477471e+001  6.977472e+001
    endloop
  endfacet
  facet normal -6.342795e-001  7.731031e-001 -1.081373e-003
    outer loop
      vertex -2.103482e+001  2.477471e+001  6.977472e+001
      vertex -1.999140e+001  2.562409e+001  6.500000e+001
      vertex -2.122437e+001  2.461252e+001  6.500000e+001
    endloop
  endfacet
  facet normal -6.561097e-001  7.546655e-001  4.115934e-004
    outer loop
      vertex -2.103482e+001  2.477471e+001  6.977472e+001
      vertex -2.122437e+001  2.461252e+001  6.500000e+001
      vertex -2.159637e+001  2.428676e+001  6.928676e+001
    endloop
  endfacet
  facet normal -5.554661e-001  8.315391e-001 -4.322766e-004
    outer loop
      vertex -1.871028e+001  2.657396e+001  6.500000e+001
      vertex -1.860611e+001  2.664700e+001  7.164700e+001
      vertex -1.738411e+001  2.745984e+001  6.500000e+001
    endloop
  endfacet
  facet normal -5.571020e-001  8.304437e-001 -8.669776e-004
    outer loop
      vertex -1.738411e+001  2.745984e+001  6.500000e+001
      vertex -1.860611e+001  2.664700e+001  7.164700e+001
      vertex -1.762568e+001  2.730541e+001  7.230541e+001
    endloop
  endfacet
  facet normal -5.270162e-001  8.498551e-001  5.382049e-004
    outer loop
      vertex -1.738411e+001  2.745984e+001  6.500000e+001
      vertex -1.762568e+001  2.730541e+001  7.230541e+001
      vertex -1.660887e+001  2.793556e+001  7.293555e+001
    endloop
  endfacet
  facet normal -4.274687e-001  9.040300e-001 -6.139092e-004
    outer loop
      vertex -1.460947e+001  2.903125e+001  6.500000e+001
      vertex -1.436128e+001  2.915482e+001  7.415482e+001
      vertex -1.316769e+001  2.971299e+001  6.500000e+001
    endloop
  endfacet
  facet normal -4.237826e-001  9.057639e-001 -2.760385e-005
    outer loop
      vertex -1.316769e+001  2.971299e+001  6.500000e+001
      vertex -1.436128e+001  2.915482e+001  7.415482e+001
      vertex -1.317972e+001  2.970766e+001  7.470766e+001
    endloop
  endfacet
  facet normal -3.826062e-001  9.239115e-001  3.339511e-005
    outer loop
      vertex -1.316769e+001  2.971299e+001  6.500000e+001
      vertex -1.317972e+001  2.970766e+001  7.470766e+001
      vertex -1.169420e+001  3.032319e+001  6.500000e+001
    endloop
  endfacet
  facet normal -3.866185e-001  9.222395e-001 -6.866126e-004
    outer loop
      vertex -1.169420e+001  3.032319e+001  6.500000e+001
      vertex -1.317972e+001  2.970766e+001  7.470766e+001
      vertex -1.196127e+001  3.021884e+001  7.521883e+001
    endloop
  endfacet
  facet normal -3.489730e-001  9.371326e-001  4.493266e-004
    outer loop
      vertex -1.169420e+001  3.032319e+001  6.500000e+001
      vertex -1.196127e+001  3.021884e+001  7.521883e+001
      vertex -1.070762e+001  3.068545e+001  7.568545e+001
    endloop
  endfacet
  facet normal -1.950500e-001  9.807933e-001 -1.180496e-004
    outer loop
      vertex -7.119291e+000  3.171066e+001  6.500000e+001
      vertex -7.062185e+000  3.172342e+001  7.672342e+001
      vertex -5.555084e+000  3.202173e+001  6.500000e+001
    endloop
  endfacet
  facet normal -1.978453e-001  9.802331e-001 -4.916532e-004
    outer loop
      vertex -5.555084e+000  3.202173e+001  6.500000e+001
      vertex -7.062185e+000  3.172342e+001  7.672342e+001
      vertex -5.801501e+000  3.197800e+001  7.697800e+001
    endloop
  endfacet
  facet normal -1.589250e-001  9.872905e-001  3.347975e-004
    outer loop
      vertex -5.555084e+000  3.202173e+001  6.500000e+001
      vertex -5.801501e+000  3.197800e+001  7.697800e+001
      vertex -4.523103e+000  3.218372e+001  7.718372e+001
    endloop
  endfacet
  facet normal -4.905789e-002  9.987958e-001 -4.616129e-004
    outer loop
      vertex -2.390337e+000  3.241198e+001  6.500000e+001
      vertex -2.106404e+000  3.243167e+001  7.743166e+001
      vertex -7.974180e-001  3.249022e+001  6.500000e+001
    endloop
  endfacet
  facet normal -4.606477e-002  9.989385e-001 -1.457812e-004
    outer loop
      vertex -7.974180e-001  3.249022e+001  6.500000e+001
      vertex -2.106404e+000  3.243167e+001  7.743166e+001
      vertex -8.877307e-001  3.248787e+001  7.748787e+001
    endloop
  endfacet
  facet normal -8.532154e-003  9.999636e-001  1.258483e-004
    outer loop
      vertex -7.974180e-001  3.249022e+001  6.500000e+001
      vertex -8.877307e-001  3.248787e+001  7.748787e+001
      vertex  3.333993e-001  3.249829e+001  7.749828e+001
    endloop
  endfacet
  facet normal  9.799617e-002  9.951866e-001 -5.743123e-004
    outer loop
      vertex  2.390339e+000  3.241198e+001  6.500000e+001
      vertex  2.769605e+000  3.238177e+001  7.738177e+001
      vertex  3.977502e+000  3.225569e+001  6.500000e+001
    endloop
  endfacet
  facet normal  1.038278e-001  9.945953e-001  6.080278e-007
    outer loop
      vertex  3.977502e+000  3.225569e+001  6.500000e+001
      vertex  2.769605e+000  3.238177e+001  7.738177e+001
      vertex  3.977978e+000  3.225563e+001  7.725563e+001
    endloop
  endfacet
  facet normal  1.466977e-001  9.891813e-001 -1.083548e-006
    outer loop
      vertex  3.977502e+000  3.225569e+001  6.500000e+001
      vertex  3.977978e+000  3.225563e+001  7.725563e+001
      vertex  5.555087e+000  3.202173e+001  6.500000e+001
    endloop
  endfacet
  facet normal  1.413135e-001  9.899646e-001 -7.089017e-004
    outer loop
      vertex  5.555087e+000  3.202173e+001  6.500000e+001
      vertex  3.977978e+000  3.225563e+001  7.725563e+001
      vertex  5.212075e+000  3.207934e+001  7.707935e+001
    endloop
  endfacet
  facet normal  1.792310e-001  9.838069e-001  3.971948e-004
    outer loop
      vertex  5.555087e+000  3.202173e+001  6.500000e+001
      vertex  5.212075e+000  3.207934e+001  7.707935e+001
      vertex  6.431314e+000  3.185731e+001  7.685731e+001
    endloop
  endfacet
  facet normal  2.902238e-001  9.569587e-001 -3.004736e-004
    outer loop
      vertex  8.666358e+000  3.132322e+001  6.500000e+001
      vertex  8.813525e+000  3.128213e+001  7.628214e+001
      vertex  1.019255e+001  3.086036e+001  6.500000e+001
    endloop
  endfacet
  facet normal  2.889174e-001  9.573539e-001 -4.749330e-004
    outer loop
      vertex  1.019255e+001  3.086036e+001  6.500000e+001
      vertex  8.813525e+000  3.128213e+001  7.628214e+001
      vertex  9.971432e+000  3.093252e+001  7.593252e+001
    endloop
  endfacet
  facet normal  3.243951e-001  9.459217e-001  3.180914e-004
    outer loop
      vertex  1.019255e+001  3.086036e+001  6.500000e+001
      vertex  9.971432e+000  3.093252e+001  7.593252e+001
      vertex  1.110436e+001  3.054412e+001  7.554412e+001
    endloop
  endfacet
  facet normal  4.713042e-001  8.819706e-001 -3.477432e-004
    outer loop
      vertex  1.460948e+001  2.903125e+001  6.500000e+001
      vertex  1.473378e+001  2.896836e+001  7.396836e+001
      vertex  1.601608e+001  2.827959e+001  6.500000e+001
    endloop
  endfacet
  facet normal  4.706947e-001  8.822960e-001 -4.598674e-004
    outer loop
      vertex  1.601608e+001  2.827959e+001  6.500000e+001
      vertex  1.473378e+001  2.896836e+001  7.396836e+001
      vertex  1.586785e+001  2.836303e+001  7.336303e+001
    endloop
  endfacet
  facet normal  5.053276e-001  8.629275e-001  3.471721e-004
    outer loop
      vertex  1.601608e+001  2.827959e+001  6.500000e+001
      vertex  1.586785e+001  2.836303e+001  7.336303e+001
      vertex  1.696235e+001  2.772235e+001  7.272235e+001
    endloop
  endfacet
  facet normal  5.638078e-001  8.259059e-001 -1.832981e-004
    outer loop
      vertex  1.863399e+001  2.662752e+001  7.162752e+001
      vertex  1.871028e+001  2.657396e+001  6.500000e+001
      vertex  1.801674e+001  2.704897e+001  7.204897e+001
    endloop
  endfacet
  facet normal  5.554647e-001  8.315389e-001 -1.383752e-003
    outer loop
      vertex  1.801674e+001  2.704897e+001  7.204897e+001
      vertex  1.871028e+001  2.657396e+001  6.500000e+001
      vertex  1.738411e+001  2.745984e+001  6.500000e+001
    endloop
  endfacet
  facet normal  5.385910e-001  8.425670e-001  7.734408e-004
    outer loop
      vertex  1.801674e+001  2.704897e+001  7.204897e+001
      vertex  1.738411e+001  2.745984e+001  6.500000e+001
      vertex  1.696235e+001  2.772235e+001  7.272235e+001
    endloop
  endfacet
  facet normal  6.008493e-001  7.993621e-001 -5.209492e-004
    outer loop
      vertex  1.983238e+001  2.574737e+001  7.074737e+001
      vertex  1.999140e+001  2.562409e+001  6.500000e+001
      vertex  1.923653e+001  2.619553e+001  7.119553e+001
    endloop
  endfacet
  facet normal  5.955895e-001  8.032875e-001 -1.523861e-003
    outer loop
      vertex  1.923653e+001  2.619553e+001  7.119553e+001
      vertex  1.999140e+001  2.562409e+001  6.500000e+001
      vertex  1.871028e+001  2.657396e+001  6.500000e+001
    endloop
  endfacet
  facet normal  5.827282e-001  8.126671e-001  1.414911e-004
    outer loop
      vertex  1.923653e+001  2.619553e+001  7.119553e+001
      vertex  1.871028e+001  2.657396e+001  6.500000e+001
      vertex  1.863399e+001  2.662752e+001  7.162752e+001
    endloop
  endfacet
  facet normal  7.408313e-001  6.716910e-001 -4.494415e-004
    outer loop
      vertex  2.353415e+001  2.241414e+001  6.500000e+001
      vertex  2.356508e+001  2.238162e+001  6.738161e+001
      vertex  2.460539e+001  2.123264e+001  6.500000e+001
    endloop
  endfacet
  facet normal  7.380816e-001  6.747044e-001 -3.104340e-003
    outer loop
      vertex  2.460539e+001  2.123264e+001  6.500000e+001
      vertex  2.356508e+001  2.238162e+001  6.738161e+001
      vertex  2.450007e+001  2.135407e+001  6.635407e+001
    endloop
  endfacet
  facet normal  7.687286e-001  6.395707e-001  2.430252e-003
    outer loop
      vertex  2.460539e+001  2.123264e+001  6.500000e+001
      vertex  2.450007e+001  2.135407e+001  6.635407e+001
      vertex  2.537867e+001  2.030204e+001  6.530204e+001
    endloop
  endfacet
  facet normal  7.173499e-001 -6.967030e-001  3.737689e-003
    outer loop
      vertex -2.062458e+001  2.109210e+001  6.500000e+001
      vertex -2.073766e+001  2.098093e+001  6.598093e+001
      vertex -2.168525e+001  2.000000e+001  6.500000e+001
    endloop
  endfacet
  facet normal  6.875841e-001 -7.260985e-001 -3.025477e-003
    outer loop
      vertex -1.972983e+001  2.193135e+001  6.693135e+001
      vertex -2.073766e+001  2.098093e+001  6.598093e+001
      vertex -2.062458e+001  2.109210e+001  6.500000e+001
    endloop
  endfacet
  facet normal  6.804526e-001 -7.327851e-001  3.183960e-003
    outer loop
      vertex -1.950897e+001  2.212804e+001  6.500000e+001
      vertex -1.972983e+001  2.193135e+001  6.693135e+001
      vertex -2.062458e+001  2.109210e+001  6.500000e+001
    endloop
  endfacet
  facet normal  5.675437e-001 -8.233432e-001 -7.480304e-005
    outer loop
      vertex -1.633838e+001  2.456231e+001  6.956232e+001
      vertex -1.714010e+001  2.400972e+001  6.900972e+001
      vertex -1.712500e+001  2.402050e+001  6.500000e+001
    endloop
  endfacet
  facet normal  5.593032e-001 -8.289608e-001  2.013150e-003
    outer loop
      vertex -1.586298e+001  2.487199e+001  6.500000e+001
      vertex -1.633838e+001  2.456231e+001  6.956232e+001
      vertex -1.712500e+001  2.402050e+001  6.500000e+001
    endloop
  endfacet
  facet normal  5.371556e-001 -8.434823e-001 -1.280314e-003
    outer loop
      vertex -1.531288e+001  2.521439e+001  7.021439e+001
      vertex -1.633838e+001  2.456231e+001  6.956232e+001
      vertex -1.586298e+001  2.487199e+001  6.500000e+001
    endloop
  endfacet
  facet normal  5.157936e-001 -8.567109e-001  1.841980e-003
    outer loop
      vertex -1.455872e+001  2.565724e+001  6.500000e+001
      vertex -1.531288e+001  2.521439e+001  7.021439e+001
      vertex -1.586298e+001  2.487199e+001  6.500000e+001
    endloop
  endfacet
  facet normal  5.015113e-001 -8.651506e-001 -9.404165e-004
    outer loop
      vertex -1.455872e+001  2.565724e+001  6.500000e+001
      vertex -1.424582e+001  2.583228e+001  7.083228e+001
      vertex -1.531288e+001  2.521439e+001  7.021439e+001
    endloop
  endfacet
  facet normal  4.709084e-001 -8.821812e-001  1.212546e-003
    outer loop
      vertex -1.424582e+001  2.583228e+001  7.083228e+001
      vertex -1.455872e+001  2.565724e+001  6.500000e+001
      vertex -1.321568e+001  2.637415e+001  6.500000e+001
    endloop
  endfacet
  facet normal  4.643452e-001 -8.856543e-001 -2.693776e-004
    outer loop
      vertex -1.321568e+001  2.637415e+001  6.500000e+001
      vertex -1.313781e+001  2.641303e+001  7.141302e+001
      vertex -1.424582e+001  2.583228e+001  7.083228e+001
    endloop
  endfacet
  facet normal  3.775010e-001 -9.260086e-001  1.025781e-003
    outer loop
      vertex -1.042768e+001  2.759554e+001  6.500000e+001
      vertex -1.080338e+001  2.745063e+001  7.245063e+001
      vertex -1.183744e+001  2.702082e+001  6.500000e+001
    endloop
  endfacet
  facet normal  3.475849e-001 -9.376482e-001 -7.091156e-004
    outer loop
      vertex -9.686339e+000  2.786440e+001  7.286440e+001
      vertex -1.080338e+001  2.745063e+001  7.245063e+001
      vertex -1.042768e+001  2.759554e+001  6.500000e+001
    endloop
  endfacet
  facet normal  3.292250e-001 -9.442506e-001  1.247298e-003
    outer loop
      vertex -8.990143e+000  2.809675e+001  6.500000e+001
      vertex -9.686339e+000  2.786440e+001  7.286440e+001
      vertex -1.042768e+001  2.759554e+001  6.500000e+001
    endloop
  endfacet
  facet normal  3.092059e-001 -9.509947e-001 -7.241436e-004
    outer loop
      vertex -8.990143e+000  2.809675e+001  6.500000e+001
      vertex -8.540482e+000  2.823668e+001  7.323668e+001
      vertex -9.686339e+000  2.786440e+001  7.286440e+001
    endloop
  endfacet
  facet normal  2.800721e-001 -9.599784e-001  1.018967e-003
    outer loop
      vertex -8.540482e+000  2.823668e+001  7.323668e+001
      vertex -8.990143e+000  2.809675e+001  6.500000e+001
      vertex -7.528664e+000  2.852313e+001  6.500000e+001
    endloop
  endfacet
  facet normal  2.697839e-001 -9.629208e-001 -3.471833e-004
    outer loop
      vertex -7.528664e+000  2.852313e+001  6.500000e+001
      vertex -7.368082e+000  2.856504e+001  7.356504e+001
      vertex -8.540482e+000  2.823668e+001  7.323668e+001
    endloop
  endfacet
  facet normal  1.796637e-001 -9.837277e-001  8.524741e-004
    outer loop
      vertex -4.549500e+000  2.914708e+001  6.500000e+001
      vertex -4.954976e+000  2.908089e+001  7.408089e+001
      vertex -6.047135e+000  2.887355e+001  6.500000e+001
    endloop
  endfacet
  facet normal  1.493610e-001 -9.887825e-001 -5.374283e-004
    outer loop
      vertex -3.851083e+000  2.924755e+001  7.424755e+001
      vertex -4.954976e+000  2.908089e+001  7.408089e+001
      vertex -4.549500e+000  2.914708e+001  6.500000e+001
    endloop
  endfacet
  facet normal  1.286739e-001 -9.916864e-001  1.056504e-003
    outer loop
      vertex -3.039748e+000  2.934297e+001  6.500000e+001
      vertex -3.851083e+000  2.924755e+001  7.424755e+001
      vertex -4.549500e+000  2.914708e+001  6.500000e+001
    endloop
  endfacet
  facet normal  1.117226e-001 -9.937394e-001 -4.519051e-004
    outer loop
      vertex -3.039748e+000  2.934297e+001  6.500000e+001
      vertex -2.736363e+000  2.937282e+001  7.437282e+001
      vertex -3.851083e+000  2.924755e+001  7.424755e+001
    endloop
  endfacet
  facet normal  2.580369e-002 -9.996666e-001  8.998161e-004
    outer loop
      vertex -6.504100e-007  2.950000e+001  6.500000e+001
      vertex -4.866118e-001  2.949599e+001  7.449599e+001
      vertex -1.521901e+000  2.946072e+001  6.500000e+001
    endloop
  endfacet
  facet normal -2.637665e-003 -9.999964e-001 -5.577687e-004
    outer loop
      vertex  6.420805e-001  2.949301e+001  7.449301e+001
      vertex -4.866118e-001  2.949599e+001  7.449599e+001
      vertex -6.504100e-007  2.950000e+001  6.500000e+001
    endloop
  endfacet
  facet normal -2.580369e-002 -9.996665e-001  1.009361e-003
    outer loop
      vertex  1.521900e+000  2.946072e+001  6.500000e+001
      vertex  6.420805e-001  2.949301e+001  7.449301e+001
      vertex -6.504100e-007  2.950000e+001  6.500000e+001
    endloop
  endfacet
  facet normal -4.088834e-002 -9.991636e-001 -3.904060e-004
    outer loop
      vertex  1.521900e+000  2.946072e+001  6.500000e+001
      vertex  1.768960e+000  2.944691e+001  7.444691e+001
      vertex  6.420805e-001  2.949301e+001  7.449301e+001
    endloop
  endfacet
  facet normal -1.286740e-001 -9.916866e-001  8.991670e-004
    outer loop
      vertex  4.549499e+000  2.914708e+001  6.500000e+001
      vertex  4.094366e+000  2.921449e+001  7.421449e+001
      vertex  3.039747e+000  2.934297e+001  6.500000e+001
    endloop
  endfacet
  facet normal -1.583326e-001 -9.873856e-001 -5.972310e-004
    outer loop
      vertex  5.239988e+000  2.903089e+001  7.403089e+001
      vertex  4.094366e+000  2.921449e+001  7.421449e+001
      vertex  4.549499e+000  2.914708e+001  6.500000e+001
    endloop
  endfacet
  facet normal -1.796636e-001 -9.837275e-001  1.080780e-003
    outer loop
      vertex  6.047133e+000  2.887355e+001  6.500000e+001
      vertex  5.239988e+000  2.903089e+001  7.403089e+001
      vertex  4.549499e+000  2.914708e+001  6.500000e+001
    endloop
  endfacet
  facet normal -1.969171e-001 -9.804200e-001 -5.188894e-004
    outer loop
      vertex  6.047133e+000  2.887355e+001  6.500000e+001
      vertex  6.370021e+000  2.880404e+001  7.380404e+001
      vertex  5.239988e+000  2.903089e+001  7.403089e+001
    endloop
  endfacet
  facet normal -2.800721e-001 -9.599785e-001  9.781324e-004
    outer loop
      vertex  8.990142e+000  2.809675e+001  6.500000e+001
      vertex  8.572405e+000  2.822701e+001  7.322701e+001
      vertex  7.528663e+000  2.852313e+001  6.500000e+001
    endloop
  endfacet
  facet normal -3.111461e-001 -9.503618e-001 -7.519487e-004
    outer loop
      vertex  9.767887e+000  2.783592e+001  7.283592e+001
      vertex  8.572405e+000  2.822701e+001  7.322701e+001
      vertex  8.990142e+000  2.809675e+001  6.500000e+001
    endloop
  endfacet
  facet normal -3.292250e-001 -9.442506e-001  1.245873e-003
    outer loop
      vertex  1.042768e+001  2.759554e+001  6.500000e+001
      vertex  9.767887e+000  2.783592e+001  7.283592e+001
      vertex  8.990142e+000  2.809675e+001  6.500000e+001
    endloop
  endfacet
  facet normal -3.511986e-001 -9.363006e-001 -8.482044e-004
    outer loop
      vertex  1.042768e+001  2.759554e+001  6.500000e+001
      vertex  1.093183e+001  2.739973e+001  7.239973e+001
      vertex  9.767887e+000  2.783592e+001  7.283592e+001
    endloop
  endfacet
  facet normal -3.775010e-001 -9.260083e-001  1.216150e-003
    outer loop
      vertex  1.093183e+001  2.739973e+001  7.239973e+001
      vertex  1.042768e+001  2.759554e+001  6.500000e+001
      vertex  1.183744e+001  2.702082e+001  6.500000e+001
    endloop
  endfacet
  facet normal -3.900225e-001 -9.208052e-001 -5.827157e-004
    outer loop
      vertex  1.183744e+001  2.702082e+001  6.500000e+001
      vertex  1.206215e+001  2.692127e+001  7.192127e+001
      vertex  1.093183e+001  2.739973e+001  7.239973e+001
    endloop
  endfacet
  facet normal -4.709084e-001 -8.821812e-001  1.286192e-003
    outer loop
      vertex  1.455872e+001  2.565724e+001  6.500000e+001
      vertex  1.421568e+001  2.584888e+001  7.084888e+001
      vertex  1.321568e+001  2.637415e+001  6.500000e+001
    endloop
  endfacet
  facet normal -4.996946e-001 -8.662011e-001 -9.256963e-004
    outer loop
      vertex  1.523681e+001  2.526044e+001  7.026044e+001
      vertex  1.421568e+001  2.584888e+001  7.084888e+001
      vertex  1.455872e+001  2.565724e+001  6.500000e+001
    endloop
  endfacet
  facet normal -5.157929e-001 -8.567112e-001  1.865272e-003
    outer loop
      vertex  1.586298e+001  2.487199e+001  6.500000e+001
      vertex  1.523681e+001  2.526044e+001  7.026044e+001
      vertex  1.455872e+001  2.565724e+001  6.500000e+001
    endloop
  endfacet
  facet normal -5.307704e-001 -8.475154e-001 -5.966136e-004
    outer loop
      vertex  1.586298e+001  2.487199e+001  6.500000e+001
      vertex  1.605860e+001  2.474614e+001  6.974614e+001
      vertex  1.523681e+001  2.526044e+001  7.026044e+001
    endloop
  endfacet
  facet normal -6.417431e-001 -7.669135e-001  3.086739e-003
    outer loop
      vertex  1.950897e+001  2.212804e+001  6.500000e+001
      vertex  1.872676e+001  2.279383e+001  6.779383e+001
      vertex  1.834141e+001  2.310504e+001  6.500000e+001
    endloop
  endfacet
  facet normal -6.541113e-001 -7.563928e-001 -2.883258e-003
    outer loop
      vertex  1.950897e+001  2.212804e+001  6.500000e+001
      vertex  1.977137e+001  2.189390e+001  6.689391e+001
      vertex  1.872676e+001  2.279383e+001  6.779383e+001
    endloop
  endfacet
  facet normal -6.804515e-001 -7.327840e-001  3.684822e-003
    outer loop
      vertex  1.977137e+001  2.189390e+001  6.689391e+001
      vertex  1.950897e+001  2.212804e+001  6.500000e+001
      vertex  2.062457e+001  2.109211e+001  6.500000e+001
    endloop
  endfacet
  facet normal -6.887959e-001 -7.249475e-001 -3.391973e-003
    outer loop
      vertex  2.062457e+001  2.109211e+001  6.500000e+001
      vertex  2.075728e+001  2.096152e+001  6.596152e+001
      vertex  1.977137e+001  2.189390e+001  6.689391e+001
    endloop
  endfacet
  facet normal -7.173474e-001 -6.967018e-001  4.384955e-003
    outer loop
      vertex  2.075728e+001  2.096152e+001  6.596152e+001
      vertex  2.062457e+001  2.109211e+001  6.500000e+001
      vertex  2.168525e+001  2.000000e+001  6.500000e+001
    endloop
  endfacet
  facet normal  6.603991e-001 -7.509141e-001 -9.554721e-004
    outer loop
      vertex -1.972983e+001  2.193135e+001  6.693135e+001
      vertex -1.950897e+001  2.212804e+001  6.500000e+001
      vertex -1.920308e+001  2.239401e+001  6.739401e+001
    endloop
  endfacet
  facet normal  6.417421e-001 -7.669138e-001  3.206023e-003
    outer loop
      vertex -1.920308e+001  2.239401e+001  6.739401e+001
      vertex -1.950897e+001  2.212804e+001  6.500000e+001
      vertex -1.834141e+001  2.310503e+001  6.500000e+001
    endloop
  endfacet
  facet normal  6.405785e-001 -7.678887e-001  2.497713e-003
    outer loop
      vertex -1.920308e+001  2.239401e+001  6.739401e+001
      vertex -1.834141e+001  2.310503e+001  6.500000e+001
      vertex -1.866100e+001  2.284769e+001  6.784769e+001
    endloop
  endfacet
  facet normal  6.205903e-001 -7.841341e-001 -1.213600e-003
    outer loop
      vertex -1.866100e+001  2.284769e+001  6.784769e+001
      vertex -1.834141e+001  2.310503e+001  6.500000e+001
      vertex -1.791429e+001  2.343775e+001  6.843775e+001
    endloop
  endfacet
  facet normal  6.013243e-001 -7.990008e-001  2.618952e-003
    outer loop
      vertex -1.791429e+001  2.343775e+001  6.843775e+001
      vertex -1.834141e+001  2.310503e+001  6.500000e+001
      vertex -1.712500e+001  2.402050e+001  6.500000e+001
    endloop
  endfacet
  facet normal  5.941848e-001 -8.043286e-001  7.663394e-005
    outer loop
      vertex -1.791429e+001  2.343775e+001  6.843775e+001
      vertex -1.712500e+001  2.402050e+001  6.500000e+001
      vertex -1.714010e+001  2.400972e+001  6.900972e+001
    endloop
  endfacet
  facet normal  3.865787e-001 -9.222563e-001 -4.505591e-004
    outer loop
      vertex -1.080338e+001  2.745063e+001  7.245063e+001
      vertex -1.198985e+001  2.695354e+001  7.195354e+001
      vertex -1.183744e+001  2.702082e+001  6.500000e+001
    endloop
  endfacet
  facet normal  4.257681e-001 -9.048322e-001  5.770223e-004
    outer loop
      vertex -1.183744e+001  2.702082e+001  6.500000e+001
      vertex -1.198985e+001  2.695354e+001  7.195354e+001
      vertex -1.313781e+001  2.641303e+001  7.141302e+001
    endloop
  endfacet
  facet normal  4.247703e-001 -9.053012e-001  3.302498e-004
    outer loop
      vertex -1.183744e+001  2.702082e+001  6.500000e+001
      vertex -1.313781e+001  2.641303e+001  7.141302e+001
      vertex -1.321568e+001  2.637415e+001  6.500000e+001
    endloop
  endfacet
  facet normal  1.886820e-001 -9.820382e-001 -2.707414e-004
    outer loop
      vertex -4.954976e+000  2.908089e+001  7.408089e+001
      vertex -6.171863e+000  2.884715e+001  7.384715e+001
      vertex -6.047135e+000  2.887355e+001  6.500000e+001
    endloop
  endfacet
  facet normal  2.294671e-001 -9.733164e-001  3.302785e-004
    outer loop
      vertex -6.047135e+000  2.887355e+001  6.500000e+001
      vertex -6.171863e+000  2.884715e+001  7.384715e+001
      vertex -7.368082e+000  2.856504e+001  7.356504e+001
    endloop
  endfacet
  facet normal  2.301750e-001 -9.731492e-001  4.454683e-004
    outer loop
      vertex -6.047135e+000  2.887355e+001  6.500000e+001
      vertex -7.368082e+000  2.856504e+001  7.356504e+001
      vertex -7.528664e+000  2.852313e+001  6.500000e+001
    endloop
  endfacet
  facet normal  3.561367e-002 -9.993656e-001 -1.708225e-004
    outer loop
      vertex -4.866118e-001  2.949599e+001  7.449599e+001
      vertex -1.613832e+000  2.945582e+001  7.445583e+001
      vertex -1.521901e+000  2.946072e+001  6.500000e+001
    endloop
  endfacet
  facet normal  7.373084e-002 -9.972782e-001  2.008362e-004
    outer loop
      vertex -1.521901e+000  2.946072e+001  6.500000e+001
      vertex -1.613832e+000  2.945582e+001  7.445583e+001
      vertex -2.736363e+000  2.937282e+001  7.437282e+001
    endloop
  endfacet
  facet normal  7.734220e-002 -9.970044e-001  6.713370e-004
    outer loop
      vertex -1.521901e+000  2.946072e+001  6.500000e+001
      vertex -2.736363e+000  2.937282e+001  7.437282e+001
      vertex -3.039748e+000  2.934297e+001  6.500000e+001
    endloop
  endfacet
  facet normal -1.192108e-001 -9.928690e-001 -2.004008e-004
    outer loop
      vertex  4.094366e+000  2.921449e+001  7.421449e+001
      vertex  2.936239e+000  2.935351e+001  7.435351e+001
      vertex  3.039747e+000  2.934297e+001  6.500000e+001
    endloop
  endfacet
  facet normal -7.974517e-002 -9.968153e-001  2.407823e-004
    outer loop
      vertex  3.039747e+000  2.934297e+001  6.500000e+001
      vertex  2.936239e+000  2.935351e+001  7.435351e+001
      vertex  1.768960e+000  2.944691e+001  7.444691e+001
    endloop
  endfacet
  facet normal -7.734220e-002 -9.970044e-001  5.661090e-004
    outer loop
      vertex  3.039747e+000  2.934297e+001  6.500000e+001
      vertex  1.768960e+000  2.944691e+001  7.444691e+001
      vertex  1.521900e+000  2.946072e+001  6.500000e+001
    endloop
  endfacet
  facet normal -2.721797e-001 -9.622464e-001 -1.047908e-004
    outer loop
      vertex  8.572405e+000  2.822701e+001  7.322701e+001
      vertex  7.481661e+000  2.853550e+001  7.353550e+001
      vertex  7.528663e+000  2.852313e+001  6.500000e+001
    endloop
  endfacet
  facet normal -2.347929e-001 -9.720454e-001  1.152804e-004
    outer loop
      vertex  7.528663e+000  2.852313e+001  6.500000e+001
      vertex  7.481661e+000  2.853550e+001  7.353550e+001
      vertex  6.370021e+000  2.880404e+001  7.380404e+001
    endloop
  endfacet
  facet normal -2.301749e-001 -9.731491e-001  7.582430e-004
    outer loop
      vertex  7.528663e+000  2.852313e+001  6.500000e+001
      vertex  6.370021e+000  2.880404e+001  7.380404e+001
      vertex  6.047133e+000  2.887355e+001  6.500000e+001
    endloop
  endfacet
  facet normal -4.641232e-001 -8.857706e-001 -1.962565e-004
    outer loop
      vertex  1.421568e+001  2.584888e+001  7.084888e+001
      vertex  1.315718e+001  2.640338e+001  7.140338e+001
      vertex  1.321568e+001  2.637415e+001  6.500000e+001
    endloop
  endfacet
  facet normal -4.274493e-001 -9.040393e-001  2.221671e-004
    outer loop
      vertex  1.321568e+001  2.637415e+001  6.500000e+001
      vertex  1.315718e+001  2.640338e+001  7.140338e+001
      vertex  1.206215e+001  2.692127e+001  7.192127e+001
    endloop
  endfacet
  facet normal -4.247701e-001 -9.053009e-001  7.684184e-004
    outer loop
      vertex  1.321568e+001  2.637415e+001  6.500000e+001
      vertex  1.206215e+001  2.692127e+001  7.192127e+001
      vertex  1.183744e+001  2.702082e+001  6.500000e+001
    endloop
  endfacet
  facet normal -5.848381e-001 -8.111496e-001 -8.616537e-004
    outer loop
      vertex  1.762292e+001  2.365761e+001  6.865762e+001
      vertex  1.685398e+001  2.421143e+001  6.921143e+001
      vertex  1.712500e+001  2.402050e+001  6.500000e+001
    endloop
  endfacet
  facet normal -5.570790e-001 -8.304576e-001  1.800074e-003
    outer loop
      vertex  1.712500e+001  2.402050e+001  6.500000e+001
      vertex  1.685398e+001  2.421143e+001  6.921143e+001
      vertex  1.605860e+001  2.474614e+001  6.974614e+001
    endloop
  endfacet
  facet normal -5.593042e-001 -8.289618e-001  1.071374e-003
    outer loop
      vertex  1.712500e+001  2.402050e+001  6.500000e+001
      vertex  1.605860e+001  2.474614e+001  6.974614e+001
      vertex  1.586298e+001  2.487199e+001  6.500000e+001
    endloop
  endfacet
  facet normal -6.258873e-001 -7.799134e-001 -5.482986e-004
    outer loop
      vertex  1.872676e+001  2.279383e+001  6.779383e+001
      vertex  1.818227e+001  2.323048e+001  6.823048e+001
      vertex  1.834141e+001  2.310504e+001  6.500000e+001
    endloop
  endfacet
  facet normal -6.064276e-001 -7.951381e-001  1.001556e-003
    outer loop
      vertex  1.834141e+001  2.310504e+001  6.500000e+001
      vertex  1.818227e+001  2.323048e+001  6.823048e+001
      vertex  1.762292e+001  2.365761e+001  6.865762e+001
    endloop
  endfacet
  facet normal -6.013236e-001 -7.990015e-001  2.587821e-003
    outer loop
      vertex  1.834141e+001  2.310504e+001  6.500000e+001
      vertex  1.762292e+001  2.365761e+001  6.865762e+001
      vertex  1.712500e+001  2.402050e+001  6.500000e+001
    endloop
  endfacet
  facet normal  7.728871e-001 -6.345365e-001 -2.997687e-003
    outer loop
      vertex  2.561737e+001 -1.450000e+002  6.500000e+001
      vertex  2.470350e+001 -1.461184e+002  6.611840e+001
      vertex  2.460539e+001 -1.462326e+002  6.500000e+001
    endloop
  endfacet
  facet normal  7.464955e-001 -6.653860e-001  2.468453e-003
    outer loop
      vertex  2.460539e+001 -1.462326e+002  6.500000e+001
      vertex  2.470350e+001 -1.461184e+002  6.611840e+001
      vertex  2.372696e+001 -1.472099e+002  6.720995e+001
    endloop
  endfacet
  facet normal  7.408279e-001 -6.716900e-001 -2.572265e-003
    outer loop
      vertex  2.460539e+001 -1.462326e+002  6.500000e+001
      vertex  2.372696e+001 -1.472099e+002  6.720995e+001
      vertex  2.353415e+001 -1.474141e+002  6.500000e+001
    endloop
  endfacet
  facet normal  7.155119e-001 -6.985973e-001  2.122607e-003
    outer loop
      vertex  2.353415e+001 -1.474141e+002  6.500000e+001
      vertex  2.372696e+001 -1.472099e+002  6.720995e+001
      vertex  2.270063e+001 -1.482579e+002  6.825793e+001
    endloop
  endfacet
  facet normal  7.069865e-001 -7.072234e-001 -2.292688e-003
    outer loop
      vertex  2.353415e+001 -1.474141e+002  6.500000e+001
      vertex  2.270063e+001 -1.482579e+002  6.825793e+001
      vertex  2.240624e+001 -1.485417e+002  6.500000e+001
    endloop
  endfacet
  facet normal  6.160378e-001 -7.877160e-001  9.084095e-004
    outer loop
      vertex  2.045759e+001 -1.502534e+002  7.025346e+001
      vertex  1.955008e+001 -1.509624e+002  7.096236e+001
      vertex  1.999140e+001 -1.506241e+002  6.500000e+001
    endloop
  endfacet
  facet normal  5.955849e-001 -8.032910e-001 -1.489056e-003
    outer loop
      vertex  1.871028e+001 -1.515740e+002  6.500000e+001
      vertex  1.999140e+001 -1.506241e+002  6.500000e+001
      vertex  1.955008e+001 -1.509624e+002  7.096236e+001
    endloop
  endfacet
  facet normal  5.872660e-001 -8.093940e-001  3.087010e-004
    outer loop
      vertex  1.955008e+001 -1.509624e+002  7.096236e+001
      vertex  1.860611e+001 -1.516470e+002  7.164700e+001
      vertex  1.871028e+001 -1.515740e+002  6.500000e+001
    endloop
  endfacet
  facet normal  5.140007e-001 -8.577889e-001 -1.209516e-003
    outer loop
      vertex  1.738411e+001 -1.524598e+002  6.500000e+001
      vertex  1.660887e+001 -1.529356e+002  7.293555e+001
      vertex  1.601607e+001 -1.532796e+002  6.500000e+001
    endloop
  endfacet
  facet normal  4.944667e-001 -8.691962e-001  7.442347e-004
    outer loop
      vertex  1.660887e+001 -1.529356e+002  7.293555e+001
      vertex  1.550463e+001 -1.535632e+002  7.356320e+001
      vertex  1.601607e+001 -1.532796e+002  6.500000e+001
    endloop
  endfacet
  facet normal  4.713083e-001 -8.819678e-001 -1.061909e-003
    outer loop
      vertex  1.460947e+001 -1.540313e+002  6.500000e+001
      vertex  1.601607e+001 -1.532796e+002  6.500000e+001
      vertex  1.550463e+001 -1.535632e+002  7.356320e+001
    endloop
  endfacet
  facet normal  4.597547e-001 -8.880458e-001  4.780753e-004
    outer loop
      vertex  1.550463e+001 -1.535632e+002  7.356320e+001
      vertex  1.436128e+001 -1.541548e+002  7.415482e+001
      vertex  1.460947e+001 -1.540313e+002  6.500000e+001
    endloop
  endfacet
  facet normal  3.368266e-001 -9.415663e-001 -8.234682e-004
    outer loop
      vertex  1.169420e+001 -1.553232e+002  6.500000e+001
      vertex  1.070762e+001 -1.556855e+002  7.568545e+001
      vertex  1.019255e+001 -1.558604e+002  6.500000e+001
    endloop
  endfacet
  facet normal  3.113739e-001 -9.502873e-001  5.461835e-004
    outer loop
      vertex  1.019255e+001 -1.558604e+002  6.500000e+001
      vertex  1.070762e+001 -1.556855e+002  7.568545e+001
      vertex  9.517903e+000 -1.560751e+002  7.607507e+001
    endloop
  endfacet
  facet normal  2.902237e-001 -9.569585e-001 -8.715194e-004
    outer loop
      vertex  1.019255e+001 -1.558604e+002  6.500000e+001
      vertex  9.517903e+000 -1.560751e+002  7.607507e+001
      vertex  8.666355e+000 -1.563232e+002  6.500000e+001
    endloop
  endfacet
  facet normal  2.743227e-001 -9.616376e-001  4.559427e-004
    outer loop
      vertex  9.517903e+000 -1.560751e+002  7.607507e+001
      vertex  8.301935e+000 -1.564218e+002  7.642178e+001
      vertex  8.666355e+000 -1.563232e+002  6.500000e+001
    endloop
  endfacet
  facet normal  2.429309e-001 -9.700434e-001 -6.181553e-004
    outer loop
      vertex  7.119291e+000 -1.567107e+002  6.500000e+001
      vertex  8.666355e+000 -1.563232e+002  6.500000e+001
      vertex  8.301935e+000 -1.564218e+002  7.642178e+001
    endloop
  endfacet
  facet normal  2.364400e-001 -9.716462e-001  9.447778e-005
    outer loop
      vertex  8.301935e+000 -1.564218e+002  7.642178e+001
      vertex  7.062185e+000 -1.567234e+002  7.672342e+001
      vertex  7.119291e+000 -1.567107e+002  6.500000e+001
    endloop
  endfacet
  facet normal  1.467000e-001 -9.891807e-001 -7.258107e-004
    outer loop
      vertex  5.555084e+000 -1.570217e+002  6.500000e+001
      vertex  4.523103e+000 -1.571837e+002  7.718372e+001
      vertex  3.977499e+000 -1.572557e+002  6.500000e+001
    endloop
  endfacet
  facet normal  1.207235e-001 -9.926862e-001  4.581611e-004
    outer loop
      vertex  3.977499e+000 -1.572557e+002  6.500000e+001
      vertex  4.523103e+000 -1.571837e+002  7.718372e+001
      vertex  3.319289e+000 -1.573300e+002  7.733006e+001
    endloop
  endfacet
  facet normal  9.799141e-002 -9.951869e-001 -7.704170e-004
    outer loop
      vertex  3.977499e+000 -1.572557e+002  6.500000e+001
      vertex  3.319289e+000 -1.573300e+002  7.733006e+001
      vertex  2.390337e+000 -1.574120e+002  6.500000e+001
    endloop
  endfacet
  facet normal  8.352134e-002 -9.965060e-001  3.285299e-004
    outer loop
      vertex  3.319289e+000 -1.573300e+002  7.733006e+001
      vertex  2.106404e+000 -1.574317e+002  7.743166e+001
      vertex  2.390337e+000 -1.574120e+002  6.500000e+001
    endloop
  endfacet
  facet normal  0.000000e+000 -9.999998e-001 -6.458405e-004
    outer loop
      vertex  7.974180e-001 -1.574902e+002  6.500000e+001
      vertex -3.333993e-001 -1.574983e+002  7.749828e+001
      vertex -7.974209e-001 -1.574902e+002  6.500000e+001
    endloop
  endfacet
  facet normal -2.904903e-002 -9.995778e-001  4.329301e-004
    outer loop
      vertex -7.974209e-001 -1.574902e+002  6.500000e+001
      vertex -3.333993e-001 -1.574983e+002  7.749828e+001
      vertex -1.553631e+000 -1.574628e+002  7.746284e+001
    endloop
  endfacet
  facet normal -4.906266e-002 -9.987954e-001 -7.831590e-004
    outer loop
      vertex -7.974209e-001 -1.574902e+002  6.500000e+001
      vertex -1.553631e+000 -1.574628e+002  7.746284e+001
      vertex -2.390339e+000 -1.574120e+002  6.500000e+001
    endloop
  endfacet
  facet normal -6.654931e-002 -9.977831e-001  3.949614e-004
    outer loop
      vertex -1.553631e+000 -1.574628e+002  7.746284e+001
      vertex -2.769605e+000 -1.573818e+002  7.738177e+001
      vertex -2.390339e+000 -1.574120e+002  6.500000e+001
    endloop
  endfacet
  facet normal -1.950545e-001 -9.807920e-001 -8.143992e-004
    outer loop
      vertex -5.555087e+000 -1.570217e+002  6.500000e+001
      vertex -6.431314e+000 -1.568573e+002  7.685731e+001
      vertex -7.119294e+000 -1.567106e+002  6.500000e+001
    endloop
  endfacet
  facet normal -2.165089e-001 -9.762806e-001  4.862232e-004
    outer loop
      vertex -6.431314e+000 -1.568573e+002  7.685731e+001
      vertex -7.632694e+000 -1.565910e+002  7.659101e+001
      vertex -7.119294e+000 -1.567106e+002  6.500000e+001
    endloop
  endfacet
  facet normal -2.429219e-001 -9.700456e-001 -7.480380e-004
    outer loop
      vertex -8.666358e+000 -1.563232e+002  6.500000e+001
      vertex -7.119294e+000 -1.567106e+002  6.500000e+001
      vertex -7.632694e+000 -1.565910e+002  7.659101e+001
    endloop
  endfacet
  facet normal -2.531210e-001 -9.674345e-001  2.218224e-004
    outer loop
      vertex -7.632694e+000 -1.565910e+002  7.659101e+001
      vertex -8.813525e+000 -1.562821e+002  7.628214e+001
      vertex -8.666358e+000 -1.563232e+002  6.500000e+001
    endloop
  endfacet
  facet normal -3.368266e-001 -9.415663e-001 -8.865330e-004
    outer loop
      vertex -1.019255e+001 -1.558604e+002  6.500000e+001
      vertex -1.110436e+001 -1.555441e+002  7.554412e+001
      vertex -1.169420e+001 -1.553232e+002  6.500000e+001
    endloop
  endfacet
  facet normal -3.611405e-001 -9.325112e-001  6.633271e-004
    outer loop
      vertex -1.169420e+001 -1.553232e+002  6.500000e+001
      vertex -1.110436e+001 -1.555441e+002  7.554412e+001
      vertex -1.235065e+001 -1.550618e+002  7.506180e+001
    endloop
  endfacet
  facet normal -3.825999e-001 -9.239137e-001 -9.600566e-004
    outer loop
      vertex -1.169420e+001 -1.553232e+002  6.500000e+001
      vertex -1.235065e+001 -1.550618e+002  7.506180e+001
      vertex -1.316769e+001 -1.547130e+002  6.500000e+001
    endloop
  endfacet
  facet normal -3.989475e-001 -9.169736e-001  6.079907e-004
    outer loop
      vertex -1.235065e+001 -1.550618e+002  7.506180e+001
      vertex -1.356098e+001 -1.545356e+002  7.453557e+001
      vertex -1.316769e+001 -1.547130e+002  6.500000e+001
    endloop
  endfacet
  facet normal -4.274706e-001 -9.040289e-001 -8.092812e-004
    outer loop
      vertex -1.460948e+001 -1.540313e+002  6.500000e+001
      vertex -1.316769e+001 -1.547130e+002  6.500000e+001
      vertex -1.356098e+001 -1.545356e+002  7.453557e+001
    endloop
  endfacet
  facet normal -4.355010e-001 -9.001882e-001  2.768391e-004
    outer loop
      vertex -1.356098e+001 -1.545356e+002  7.453557e+001
      vertex -1.473378e+001 -1.539684e+002  7.396836e+001
      vertex -1.460948e+001 -1.540313e+002  6.500000e+001
    endloop
  endfacet
  facet normal -5.140008e-001 -8.577890e-001 -1.086827e-003
    outer loop
      vertex -1.601608e+001 -1.532796e+002  6.500000e+001
      vertex -1.696235e+001 -1.527224e+002  7.272235e+001
      vertex -1.738411e+001 -1.524598e+002  6.500000e+001
    endloop
  endfacet
  facet normal -6.193389e-001 -7.851236e-001  2.960330e-004
    outer loop
      vertex -1.999140e+001 -1.506241e+002  6.500000e+001
      vertex -1.983238e+001 -1.507474e+002  7.074737e+001
      vertex -2.041316e+001 -1.502894e+002  7.028938e+001
    endloop
  endfacet
  facet normal -6.342761e-001 -7.731047e-001 -1.655569e-003
    outer loop
      vertex -1.999140e+001 -1.506241e+002  6.500000e+001
      vertex -2.041316e+001 -1.502894e+002  7.028938e+001
      vertex -2.122437e+001 -1.496125e+002  6.500000e+001
    endloop
  endfacet
  facet normal -6.460117e-001 -7.633262e-001  1.395573e-003
    outer loop
      vertex -2.041316e+001 -1.502894e+002  7.028938e+001
      vertex -2.152236e+001 -1.493524e+002  6.935237e+001
      vertex -2.122437e+001 -1.496125e+002  6.500000e+001
    endloop
  endfacet
  facet normal -6.714430e-001 -7.410543e-001 -1.676819e-003
    outer loop
      vertex -2.240624e+001 -1.485417e+002  6.500000e+001
      vertex -2.122437e+001 -1.496125e+002  6.500000e+001
      vertex -2.152236e+001 -1.493524e+002  6.935237e+001
    endloop
  endfacet
  facet normal -6.791489e-001 -7.339996e-001  1.202140e-003
    outer loop
      vertex -2.152236e+001 -1.493524e+002  6.935237e+001
      vertex -2.257278e+001 -1.483820e+002  6.838203e+001
      vertex -2.240624e+001 -1.485417e+002  6.500000e+001
    endloop
  endfacet
  facet normal -7.069876e-001 -7.072244e-001 -1.432574e-003
    outer loop
      vertex -2.353415e+001 -1.474141e+002  6.500000e+001
      vertex -2.240624e+001 -1.485417e+002  6.500000e+001
      vertex -2.257278e+001 -1.483820e+002  6.838203e+001
    endloop
  endfacet
  facet normal -7.101725e-001 -7.040277e-001  3.876000e-004
    outer loop
      vertex -2.257278e+001 -1.483820e+002  6.838203e+001
      vertex -2.356508e+001 -1.473816e+002  6.738161e+001
      vertex -2.353415e+001 -1.474141e+002  6.500000e+001
    endloop
  endfacet
  facet normal -7.726729e-001 -6.343607e-001 -2.373197e-002
    outer loop
      vertex -2.561738e+001 -1.450000e+002  6.500000e+001
      vertex -2.460539e+001 -1.462326e+002  6.500000e+001
      vertex -2.537867e+001 -1.453020e+002  6.530204e+001
    endloop
  endfacet
  facet normal  6.721458e-001 -7.404159e-001 -2.062515e-003
    outer loop
      vertex  2.159637e+001 -1.492868e+002  6.928676e+001
      vertex  2.122437e+001 -1.496125e+002  6.500000e+001
      vertex  2.215667e+001 -1.487767e+002  6.877671e+001
    endloop
  endfacet
  facet normal  6.714429e-001 -7.410542e-001 -1.747761e-003
    outer loop
      vertex  2.215667e+001 -1.487767e+002  6.877671e+001
      vertex  2.122437e+001 -1.496125e+002  6.500000e+001
      vertex  2.240624e+001 -1.485417e+002  6.500000e+001
    endloop
  endfacet
  facet normal  6.904519e-001 -7.233781e-001  6.083751e-004
    outer loop
      vertex  2.215667e+001 -1.487767e+002  6.877671e+001
      vertex  2.240624e+001 -1.485417e+002  6.500000e+001
      vertex  2.270063e+001 -1.482579e+002  6.825793e+001
    endloop
  endfacet
  facet normal  6.373044e-001 -7.706090e-001 -2.185770e-003
    outer loop
      vertex  2.045759e+001 -1.502534e+002  7.025346e+001
      vertex  1.999140e+001 -1.506241e+002  6.500000e+001
      vertex  2.103482e+001 -1.497747e+002  6.977472e+001
    endloop
  endfacet
  facet normal  6.342823e-001 -7.731007e-001 -1.082108e-003
    outer loop
      vertex  2.103482e+001 -1.497747e+002  6.977472e+001
      vertex  1.999140e+001 -1.506241e+002  6.500000e+001
      vertex  2.122437e+001 -1.496125e+002  6.500000e+001
    endloop
  endfacet
  facet normal  6.561152e-001 -7.546605e-001  4.110760e-004
    outer loop
      vertex  2.103482e+001 -1.497747e+002  6.977472e+001
      vertex  2.122437e+001 -1.496125e+002  6.500000e+001
      vertex  2.159637e+001 -1.492868e+002  6.928676e+001
    endloop
  endfacet
  facet normal  5.554661e-001 -8.315391e-001 -4.329928e-004
    outer loop
      vertex  1.871028e+001 -1.515740e+002  6.500000e+001
      vertex  1.860611e+001 -1.516470e+002  7.164700e+001
      vertex  1.738411e+001 -1.524598e+002  6.500000e+001
    endloop
  endfacet
  facet normal  5.571036e-001 -8.304425e-001 -8.681409e-004
    outer loop
      vertex  1.738411e+001 -1.524598e+002  6.500000e+001
      vertex  1.860611e+001 -1.516470e+002  7.164700e+001
      vertex  1.762568e+001 -1.523054e+002  7.230541e+001
    endloop
  endfacet
  facet normal  5.270134e-001 -8.498568e-001  5.372219e-004
    outer loop
      vertex  1.738411e+001 -1.524598e+002  6.500000e+001
      vertex  1.762568e+001 -1.523054e+002  7.230541e+001
      vertex  1.660887e+001 -1.529356e+002  7.293555e+001
    endloop
  endfacet
  facet normal  4.274707e-001 -9.040291e-001 -6.129023e-004
    outer loop
      vertex  1.460947e+001 -1.540313e+002  6.500000e+001
      vertex  1.436128e+001 -1.541548e+002  7.415482e+001
      vertex  1.316769e+001 -1.547130e+002  6.500000e+001
    endloop
  endfacet
  facet normal  4.237865e-001 -9.057621e-001 -2.689778e-005
    outer loop
      vertex  1.316769e+001 -1.547130e+002  6.500000e+001
      vertex  1.436128e+001 -1.541548e+002  7.415482e+001
      vertex  1.317972e+001 -1.547077e+002  7.470766e+001
    endloop
  endfacet
  facet normal  3.826001e-001 -9.239141e-001  3.413020e-005
    outer loop
      vertex  1.316769e+001 -1.547130e+002  6.500000e+001
      vertex  1.317972e+001 -1.547077e+002  7.470766e+001
      vertex  1.169420e+001 -1.553232e+002  6.500000e+001
    endloop
  endfacet
  facet normal  3.866230e-001 -9.222376e-001 -6.877826e-004
    outer loop
      vertex  1.169420e+001 -1.553232e+002  6.500000e+001
      vertex  1.317972e+001 -1.547077e+002  7.470766e+001
      vertex  1.196127e+001 -1.552188e+002  7.521883e+001
    endloop
  endfacet
  facet normal  3.489727e-001 -9.371328e-001  4.482871e-004
    outer loop
      vertex  1.169420e+001 -1.553232e+002  6.500000e+001
      vertex  1.196127e+001 -1.552188e+002  7.521883e+001
      vertex  1.070762e+001 -1.556855e+002  7.568545e+001
    endloop
  endfacet
  facet normal  1.950454e-001 -9.807943e-001 -1.171156e-004
    outer loop
      vertex  7.119291e+000 -1.567107e+002  6.500000e+001
      vertex  7.062185e+000 -1.567234e+002  7.672342e+001
      vertex  5.555084e+000 -1.570217e+002  6.500000e+001
    endloop
  endfacet
  facet normal  1.978453e-001 -9.802331e-001 -4.913425e-004
    outer loop
      vertex  5.555084e+000 -1.570217e+002  6.500000e+001
      vertex  7.062185e+000 -1.567234e+002  7.672342e+001
      vertex  5.801501e+000 -1.569780e+002  7.697800e+001
    endloop
  endfacet
  facet normal  1.589279e-001 -9.872901e-001  3.350503e-004
    outer loop
      vertex  5.555084e+000 -1.570217e+002  6.500000e+001
      vertex  5.801501e+000 -1.569780e+002  7.697800e+001
      vertex  4.523103e+000 -1.571837e+002  7.718372e+001
    endloop
  endfacet
  facet normal  4.906266e-002 -9.987955e-001 -4.621165e-004
    outer loop
      vertex  2.390337e+000 -1.574120e+002  6.500000e+001
      vertex  2.106404e+000 -1.574317e+002  7.743166e+001
      vertex  7.974180e-001 -1.574902e+002  6.500000e+001
    endloop
  endfacet
  facet normal  4.605855e-002 -9.989387e-001 -1.451259e-004
    outer loop
      vertex  7.974180e-001 -1.574902e+002  6.500000e+001
      vertex  2.106404e+000 -1.574317e+002  7.743166e+001
      vertex  8.877307e-001 -1.574879e+002  7.748787e+001
    endloop
  endfacet
  facet normal  8.535283e-003 -9.999636e-001  1.264366e-004
    outer loop
      vertex  7.974180e-001 -1.574902e+002  6.500000e+001
      vertex  8.877307e-001 -1.574879e+002  7.748787e+001
      vertex -3.333993e-001 -1.574983e+002  7.749828e+001
    endloop
  endfacet
  facet normal -9.799144e-002 -9.951872e-001 -5.744728e-004
    outer loop
      vertex -2.390339e+000 -1.574120e+002  6.500000e+001
      vertex -2.769605e+000 -1.573818e+002  7.738177e+001
      vertex -3.977502e+000 -1.572557e+002  6.500000e+001
    endloop
  endfacet
  facet normal -1.038278e-001 -9.945953e-001  9.176053e-007
    outer loop
      vertex -3.977502e+000 -1.572557e+002  6.500000e+001
      vertex -2.769605e+000 -1.573818e+002  7.738177e+001
      vertex -3.977978e+000 -1.572556e+002  7.725563e+001
    endloop
  endfacet
  facet normal -1.467001e-001 -9.891810e-001 -7.757478e-007
    outer loop
      vertex -3.977502e+000 -1.572557e+002  6.500000e+001
      vertex -3.977978e+000 -1.572556e+002  7.725563e+001
      vertex -5.555087e+000 -1.570217e+002  6.500000e+001
    endloop
  endfacet
  facet normal -1.413104e-001 -9.899651e-001 -7.093029e-004
    outer loop
      vertex -5.555087e+000 -1.570217e+002  6.500000e+001
      vertex -3.977978e+000 -1.572556e+002  7.725563e+001
      vertex -5.212075e+000 -1.570793e+002  7.707935e+001
    endloop
  endfacet
  facet normal -1.792295e-001 -9.838072e-001  3.968387e-004
    outer loop
      vertex -5.555087e+000 -1.570217e+002  6.500000e+001
      vertex -5.212075e+000 -1.570793e+002  7.707935e+001
      vertex -6.431314e+000 -1.568573e+002  7.685731e+001
    endloop
  endfacet
  facet normal -2.902238e-001 -9.569587e-001 -3.003117e-004
    outer loop
      vertex -8.666358e+000 -1.563232e+002  6.500000e+001
      vertex -8.813525e+000 -1.562821e+002  7.628214e+001
      vertex -1.019255e+001 -1.558604e+002  6.500000e+001
    endloop
  endfacet
  facet normal -2.889249e-001 -9.573516e-001 -4.737634e-004
    outer loop
      vertex -1.019255e+001 -1.558604e+002  6.500000e+001
      vertex -8.813525e+000 -1.562821e+002  7.628214e+001
      vertex -9.971432e+000 -1.559325e+002  7.593252e+001
    endloop
  endfacet
  facet normal -3.243954e-001 -9.459215e-001  3.190884e-004
    outer loop
      vertex -1.019255e+001 -1.558604e+002  6.500000e+001
      vertex -9.971432e+000 -1.559325e+002  7.593252e+001
      vertex -1.110436e+001 -1.555441e+002  7.554412e+001
    endloop
  endfacet
  facet normal -4.713088e-001 -8.819681e-001 -3.472619e-004
    outer loop
      vertex -1.460948e+001 -1.540313e+002  6.500000e+001
      vertex -1.473378e+001 -1.539684e+002  7.396836e+001
      vertex -1.601608e+001 -1.532796e+002  6.500000e+001
    endloop
  endfacet
  facet normal -4.706958e-001 -8.822954e-001 -4.600434e-004
    outer loop
      vertex -1.601608e+001 -1.532796e+002  6.500000e+001
      vertex -1.473378e+001 -1.539684e+002  7.396836e+001
      vertex -1.586785e+001 -1.533630e+002  7.336303e+001
    endloop
  endfacet
  facet normal -5.053264e-001 -8.629282e-001  3.469466e-004
    outer loop
      vertex -1.601608e+001 -1.532796e+002  6.500000e+001
      vertex -1.586785e+001 -1.533630e+002  7.336303e+001
      vertex -1.696235e+001 -1.527224e+002  7.272235e+001
    endloop
  endfacet
  facet normal -5.638006e-001 -8.259109e-001 -1.838965e-004
    outer loop
      vertex -1.863399e+001 -1.516275e+002  7.162752e+001
      vertex -1.871028e+001 -1.515740e+002  6.500000e+001
      vertex -1.801674e+001 -1.520490e+002  7.204897e+001
    endloop
  endfacet
  facet normal -5.554656e-001 -8.315384e-001 -1.383182e-003
    outer loop
      vertex -1.801674e+001 -1.520490e+002  7.204897e+001
      vertex -1.871028e+001 -1.515740e+002  6.500000e+001
      vertex -1.738411e+001 -1.524598e+002  6.500000e+001
    endloop
  endfacet
  facet normal -5.385934e-001 -8.425655e-001  7.738277e-004
    outer loop
      vertex -1.801674e+001 -1.520490e+002  7.204897e+001
      vertex -1.738411e+001 -1.524598e+002  6.500000e+001
      vertex -1.696235e+001 -1.527224e+002  7.272235e+001
    endloop
  endfacet
  facet normal -6.008476e-001 -7.993633e-001 -5.210228e-004
    outer loop
      vertex -1.983238e+001 -1.507474e+002  7.074737e+001
      vertex -1.999140e+001 -1.506241e+002  6.500000e+001
      vertex -1.923653e+001 -1.511955e+002  7.119553e+001
    endloop
  endfacet
  facet normal -5.955911e-001 -8.032863e-001 -1.523319e-003
    outer loop
      vertex -1.923653e+001 -1.511955e+002  7.119553e+001
      vertex -1.999140e+001 -1.506241e+002  6.500000e+001
      vertex -1.871028e+001 -1.515740e+002  6.500000e+001
    endloop
  endfacet
  facet normal -5.827366e-001 -8.126612e-001  1.411679e-004
    outer loop
      vertex -1.923653e+001 -1.511955e+002  7.119553e+001
      vertex -1.871028e+001 -1.515740e+002  6.500000e+001
      vertex -1.863399e+001 -1.516275e+002  7.162752e+001
    endloop
  endfacet
  facet normal -7.408302e-001 -6.716922e-001 -4.521012e-004
    outer loop
      vertex -2.353415e+001 -1.474141e+002  6.500000e+001
      vertex -2.356508e+001 -1.473816e+002  6.738161e+001
      vertex -2.460539e+001 -1.462326e+002  6.500000e+001
    endloop
  endfacet
  facet normal -7.380800e-001 -6.747062e-001 -3.107470e-003
    outer loop
      vertex -2.460539e+001 -1.462326e+002  6.500000e+001
      vertex -2.356508e+001 -1.473816e+002  6.738161e+001
      vertex -2.450007e+001 -1.463541e+002  6.635407e+001
    endloop
  endfacet
  facet normal -7.687271e-001 -6.395724e-001  2.427278e-003
    outer loop
      vertex -2.460539e+001 -1.462326e+002  6.500000e+001
      vertex -2.450007e+001 -1.463541e+002  6.635407e+001
      vertex -2.537867e+001 -1.453020e+002  6.530204e+001
    endloop
  endfacet
  facet normal -7.173486e-001  6.967042e-001  3.737407e-003
    outer loop
      vertex  2.062458e+001 -1.460921e+002  6.500000e+001
      vertex  2.073766e+001 -1.459809e+002  6.598093e+001
      vertex  2.168525e+001 -1.450000e+002  6.500000e+001
    endloop
  endfacet
  facet normal -6.875860e-001  7.260966e-001 -3.025040e-003
    outer loop
      vertex  1.972983e+001 -1.469314e+002  6.693135e+001
      vertex  2.073766e+001 -1.459809e+002  6.598093e+001
      vertex  2.062458e+001 -1.460921e+002  6.500000e+001
    endloop
  endfacet
  facet normal -6.804534e-001  7.327845e-001  3.185543e-003
    outer loop
      vertex  1.950897e+001 -1.471280e+002  6.500000e+001
      vertex  1.972983e+001 -1.469314e+002  6.693135e+001
      vertex  2.062458e+001 -1.460921e+002  6.500000e+001
    endloop
  endfacet
  facet normal -5.675488e-001  8.233396e-001 -7.438257e-005
    outer loop
      vertex  1.633838e+001 -1.495623e+002  6.956232e+001
      vertex  1.714010e+001 -1.490097e+002  6.900972e+001
      vertex  1.712500e+001 -1.490205e+002  6.500000e+001
    endloop
  endfacet
  facet normal -5.593092e-001  8.289568e-001  2.013359e-003
    outer loop
      vertex  1.586298e+001 -1.498720e+002  6.500000e+001
      vertex  1.633838e+001 -1.495623e+002  6.956232e+001
      vertex  1.712500e+001 -1.490205e+002  6.500000e+001
    endloop
  endfacet
  facet normal -5.371495e-001  8.434861e-001 -1.281907e-003
    outer loop
      vertex  1.531288e+001 -1.502144e+002  7.021439e+001
      vertex  1.633838e+001 -1.495623e+002  6.956232e+001
      vertex  1.586298e+001 -1.498720e+002  6.500000e+001
    endloop
  endfacet
  facet normal -5.157926e-001  8.567114e-001  1.839607e-003
    outer loop
      vertex  1.455872e+001 -1.506572e+002  6.500000e+001
      vertex  1.531288e+001 -1.502144e+002  7.021439e+001
      vertex  1.586298e+001 -1.498720e+002  6.500000e+001
    endloop
  endfacet
  facet normal -5.015154e-001  8.651481e-001 -9.418377e-004
    outer loop
      vertex  1.455872e+001 -1.506572e+002  6.500000e+001
      vertex  1.424582e+001 -1.508323e+002  7.083228e+001
      vertex  1.531288e+001 -1.502144e+002  7.021439e+001
    endloop
  endfacet
  facet normal -4.709026e-001  8.821844e-001  1.211800e-003
    outer loop
      vertex  1.424582e+001 -1.508323e+002  7.083228e+001
      vertex  1.455872e+001 -1.506572e+002  6.500000e+001
      vertex  1.321568e+001 -1.513741e+002  6.500000e+001
    endloop
  endfacet
  facet normal -4.643450e-001  8.856544e-001 -2.688472e-004
    outer loop
      vertex  1.321568e+001 -1.513741e+002  6.500000e+001
      vertex  1.313781e+001 -1.514130e+002  7.141302e+001
      vertex  1.424582e+001 -1.508323e+002  7.083228e+001
    endloop
  endfacet
  facet normal -3.774989e-001  9.260095e-001  1.024707e-003
    outer loop
      vertex  1.042768e+001 -1.525955e+002  6.500000e+001
      vertex  1.080338e+001 -1.524506e+002  7.245063e+001
      vertex  1.183744e+001 -1.520208e+002  6.500000e+001
    endloop
  endfacet
  facet normal -3.475866e-001  9.376476e-001 -7.099787e-004
    outer loop
      vertex  9.686339e+000 -1.528644e+002  7.286440e+001
      vertex  1.080338e+001 -1.524506e+002  7.245063e+001
      vertex  1.042768e+001 -1.525955e+002  6.500000e+001
    endloop
  endfacet
  facet normal -3.292284e-001  9.442496e-001  1.246255e-003
    outer loop
      vertex  8.990143e+000 -1.530968e+002  6.500000e+001
      vertex  9.686339e+000 -1.528644e+002  7.286440e+001
      vertex  1.042768e+001 -1.525955e+002  6.500000e+001
    endloop
  endfacet
  facet normal -3.092091e-001  9.509938e-001 -7.252144e-004
    outer loop
      vertex  8.990143e+000 -1.530968e+002  6.500000e+001
      vertex  8.540482e+000 -1.532367e+002  7.323668e+001
      vertex  9.686339e+000 -1.528644e+002  7.286440e+001
    endloop
  endfacet
  facet normal -2.800675e-001  9.599798e-001  1.018352e-003
    outer loop
      vertex  8.540482e+000 -1.532367e+002  7.323668e+001
      vertex  8.990143e+000 -1.530968e+002  6.500000e+001
      vertex  7.528664e+000 -1.535231e+002  6.500000e+001
    endloop
  endfacet
  facet normal -2.697826e-001  9.629212e-001 -3.473695e-004
    outer loop
      vertex  7.528664e+000 -1.535231e+002  6.500000e+001
      vertex  7.368082e+000 -1.535650e+002  7.356504e+001
      vertex  8.540482e+000 -1.532367e+002  7.323668e+001
    endloop
  endfacet
  facet normal -1.796686e-001  9.837269e-001  8.518703e-004
    outer loop
      vertex  4.549500e+000 -1.541471e+002  6.500000e+001
      vertex  4.954976e+000 -1.540809e+002  7.408089e+001
      vertex  6.047135e+000 -1.538736e+002  6.500000e+001
    endloop
  endfacet
  facet normal -1.493594e-001  9.887828e-001 -5.383300e-004
    outer loop
      vertex  3.851083e+000 -1.542475e+002  7.424755e+001
      vertex  4.954976e+000 -1.540809e+002  7.408089e+001
      vertex  4.549500e+000 -1.541471e+002  6.500000e+001
    endloop
  endfacet
  facet normal -1.286727e-001  9.916866e-001  1.055576e-003
    outer loop
      vertex  3.039748e+000 -1.543430e+002  6.500000e+001
      vertex  3.851083e+000 -1.542475e+002  7.424755e+001
      vertex  4.549500e+000 -1.541471e+002  6.500000e+001
    endloop
  endfacet
  facet normal -1.117293e-001  9.937385e-001 -4.521256e-004
    outer loop
      vertex  3.039748e+000 -1.543430e+002  6.500000e+001
      vertex  2.736363e+000 -1.543728e+002  7.437282e+001
      vertex  3.851083e+000 -1.542475e+002  7.424755e+001
    endloop
  endfacet
  facet normal -2.579869e-002  9.996667e-001  8.995594e-004
    outer loop
      vertex  6.504087e-007 -1.545000e+002  6.500000e+001
      vertex  4.866118e-001 -1.544960e+002  7.449599e+001
      vertex  1.521901e+000 -1.544607e+002  6.500000e+001
    endloop
  endfacet
  facet normal  2.637665e-003  9.999964e-001 -5.577687e-004
    outer loop
      vertex -6.420806e-001 -1.544930e+002  7.449301e+001
      vertex  4.866118e-001 -1.544960e+002  7.449599e+001
      vertex  6.504087e-007 -1.545000e+002  6.500000e+001
    endloop
  endfacet
  facet normal  2.579869e-002  9.996666e-001  1.009022e-003
    outer loop
      vertex -1.521900e+000 -1.544607e+002  6.500000e+001
      vertex -6.420806e-001 -1.544930e+002  7.449301e+001
      vertex  6.504087e-007 -1.545000e+002  6.500000e+001
    endloop
  endfacet
  facet normal  4.088837e-002  9.991636e-001 -3.912121e-004
    outer loop
      vertex -1.521900e+000 -1.544607e+002  6.500000e+001
      vertex -1.768960e+000 -1.544469e+002  7.444691e+001
      vertex -6.420806e-001 -1.544930e+002  7.449301e+001
    endloop
  endfacet
  facet normal  1.286727e-001  9.916867e-001  8.996395e-004
    outer loop
      vertex -4.549499e+000 -1.541471e+002  6.500000e+001
      vertex -4.094366e+000 -1.542145e+002  7.421449e+001
      vertex -3.039747e+000 -1.543430e+002  6.500000e+001
    endloop
  endfacet
  facet normal  1.583438e-001  9.873838e-001 -5.973901e-004
    outer loop
      vertex -5.239988e+000 -1.540309e+002  7.403089e+001
      vertex -4.094366e+000 -1.542145e+002  7.421449e+001
      vertex -4.549499e+000 -1.541471e+002  6.500000e+001
    endloop
  endfacet
  facet normal  1.796685e-001  9.837267e-001  1.080123e-003
    outer loop
      vertex -6.047133e+000 -1.538736e+002  6.500000e+001
      vertex -5.239988e+000 -1.540309e+002  7.403089e+001
      vertex -4.549499e+000 -1.541471e+002  6.500000e+001
    endloop
  endfacet
  facet normal  1.969090e-001  9.804215e-001 -5.183480e-004
    outer loop
      vertex -6.047133e+000 -1.538736e+002  6.500000e+001
      vertex -6.370021e+000 -1.538040e+002  7.380404e+001
      vertex -5.239988e+000 -1.540309e+002  7.403089e+001
    endloop
  endfacet
  facet normal  2.800675e-001  9.599798e-001  9.774972e-004
    outer loop
      vertex -8.990142e+000 -1.530968e+002  6.500000e+001
      vertex -8.572405e+000 -1.532270e+002  7.322701e+001
      vertex -7.528663e+000 -1.535231e+002  6.500000e+001
    endloop
  endfacet
  facet normal  3.111422e-001  9.503630e-001 -7.526115e-004
    outer loop
      vertex -9.767887e+000 -1.528359e+002  7.283592e+001
      vertex -8.572405e+000 -1.532270e+002  7.322701e+001
      vertex -8.990142e+000 -1.530968e+002  6.500000e+001
    endloop
  endfacet
  facet normal  3.292284e-001  9.442496e-001  1.246014e-003
    outer loop
      vertex -1.042768e+001 -1.525955e+002  6.500000e+001
      vertex -9.767887e+000 -1.528359e+002  7.283592e+001
      vertex -8.990142e+000 -1.530968e+002  6.500000e+001
    endloop
  endfacet
  facet normal  3.511971e-001  9.363011e-001 -8.476030e-004
    outer loop
      vertex -1.042768e+001 -1.525955e+002  6.500000e+001
      vertex -1.093183e+001 -1.523997e+002  7.239973e+001
      vertex -9.767887e+000 -1.528359e+002  7.283592e+001
    endloop
  endfacet
  facet normal  3.774989e-001  9.260093e-001  1.216693e-003
    outer loop
      vertex -1.093183e+001 -1.523997e+002  7.239973e+001
      vertex -1.042768e+001 -1.525955e+002  6.500000e+001
      vertex -1.183744e+001 -1.520208e+002  6.500000e+001
    endloop
  endfacet
  facet normal  3.900279e-001  9.208029e-001 -5.832662e-004
    outer loop
      vertex -1.183744e+001 -1.520208e+002  6.500000e+001
      vertex -1.206215e+001 -1.519213e+002  7.192127e+001
      vertex -1.093183e+001 -1.523997e+002  7.239973e+001
    endloop
  endfacet
  facet normal  4.709026e-001  8.821844e-001  1.286063e-003
    outer loop
      vertex -1.455872e+001 -1.506572e+002  6.500000e+001
      vertex -1.421568e+001 -1.508489e+002  7.084888e+001
      vertex -1.321568e+001 -1.513741e+002  6.500000e+001
    endloop
  endfacet
  facet normal  4.996949e-001  8.662010e-001 -9.262799e-004
    outer loop
      vertex -1.523681e+001 -1.502604e+002  7.026044e+001
      vertex -1.421568e+001 -1.508489e+002  7.084888e+001
      vertex -1.455872e+001 -1.506572e+002  6.500000e+001
    endloop
  endfacet
  facet normal  5.157929e-001  8.567112e-001  1.864649e-003
    outer loop
      vertex -1.586298e+001 -1.498720e+002  6.500000e+001
      vertex -1.523681e+001 -1.502604e+002  7.026044e+001
      vertex -1.455872e+001 -1.506572e+002  6.500000e+001
    endloop
  endfacet
  facet normal  5.307737e-001  8.475133e-001 -5.977831e-004
    outer loop
      vertex -1.586298e+001 -1.498720e+002  6.500000e+001
      vertex -1.605860e+001 -1.497461e+002  6.974614e+001
      vertex -1.523681e+001 -1.502604e+002  7.026044e+001
    endloop
  endfacet
  facet normal  6.417453e-001  7.669117e-001  3.084636e-003
    outer loop
      vertex -1.950897e+001 -1.471280e+002  6.500000e+001
      vertex -1.872676e+001 -1.477938e+002  6.779383e+001
      vertex -1.834141e+001 -1.481050e+002  6.500000e+001
    endloop
  endfacet
  facet normal  6.541067e-001  7.563967e-001 -2.882086e-003
    outer loop
      vertex -1.950897e+001 -1.471280e+002  6.500000e+001
      vertex -1.977137e+001 -1.468939e+002  6.689391e+001
      vertex -1.872676e+001 -1.477938e+002  6.779383e+001
    endloop
  endfacet
  facet normal  6.804527e-001  7.327826e-001  3.687379e-003
    outer loop
      vertex -1.977137e+001 -1.468939e+002  6.689391e+001
      vertex -1.950897e+001 -1.471280e+002  6.500000e+001
      vertex -2.062457e+001 -1.460921e+002  6.500000e+001
    endloop
  endfacet
  facet normal  6.887953e-001  7.249480e-001 -3.387813e-003
    outer loop
      vertex -2.062457e+001 -1.460921e+002  6.500000e+001
      vertex -2.075728e+001 -1.459615e+002  6.596152e+001
      vertex -1.977137e+001 -1.468939e+002  6.689391e+001
    endloop
  endfacet
  facet normal  7.173462e-001  6.967031e-001  4.388760e-003
    outer loop
      vertex -2.075728e+001 -1.459615e+002  6.596152e+001
      vertex -2.062457e+001 -1.460921e+002  6.500000e+001
      vertex -2.168525e+001 -1.450000e+002  6.500000e+001
    endloop
  endfacet
  facet normal -6.603943e-001  7.509184e-001 -9.549778e-004
    outer loop
      vertex  1.972983e+001 -1.469314e+002  6.693135e+001
      vertex  1.950897e+001 -1.471280e+002  6.500000e+001
      vertex  1.920308e+001 -1.473940e+002  6.739401e+001
    endloop
  endfacet
  facet normal -6.417450e-001  7.669113e-001  3.204766e-003
    outer loop
      vertex  1.920308e+001 -1.473940e+002  6.739401e+001
      vertex  1.950897e+001 -1.471280e+002  6.500000e+001
      vertex  1.834141e+001 -1.481050e+002  6.500000e+001
    endloop
  endfacet
  facet normal -6.405773e-001  7.678897e-001  2.493874e-003
    outer loop
      vertex  1.920308e+001 -1.473940e+002  6.739401e+001
      vertex  1.834141e+001 -1.481050e+002  6.500000e+001
      vertex  1.866100e+001 -1.478477e+002  6.784769e+001
    endloop
  endfacet
  facet normal -6.205986e-001  7.841274e-001 -1.215730e-003
    outer loop
      vertex  1.866100e+001 -1.478477e+002  6.784769e+001
      vertex  1.834141e+001 -1.481050e+002  6.500000e+001
      vertex  1.791429e+001 -1.484378e+002  6.843775e+001
    endloop
  endfacet
  facet normal -6.013187e-001  7.990050e-001  2.619610e-003
    outer loop
      vertex  1.791429e+001 -1.484378e+002  6.843775e+001
      vertex  1.834141e+001 -1.481050e+002  6.500000e+001
      vertex  1.712500e+001 -1.490205e+002  6.500000e+001
    endloop
  endfacet
  facet normal -5.941783e-001  8.043334e-001  7.697876e-005
    outer loop
      vertex  1.791429e+001 -1.484378e+002  6.843775e+001
      vertex  1.712500e+001 -1.490205e+002  6.500000e+001
      vertex  1.714010e+001 -1.490097e+002  6.900972e+001
    endloop
  endfacet
  facet normal -3.865766e-001  9.222571e-001 -4.516266e-004
    outer loop
      vertex  1.080338e+001 -1.524506e+002  7.245063e+001
      vertex  1.198985e+001 -1.519535e+002  7.195354e+001
      vertex  1.183744e+001 -1.520208e+002  6.500000e+001
    endloop
  endfacet
  facet normal -4.257672e-001  9.048325e-001  5.760076e-004
    outer loop
      vertex  1.183744e+001 -1.520208e+002  6.500000e+001
      vertex  1.198985e+001 -1.519535e+002  7.195354e+001
      vertex  1.313781e+001 -1.514130e+002  7.141302e+001
    endloop
  endfacet
  facet normal -4.247754e-001  9.052988e-001  3.307114e-004
    outer loop
      vertex  1.183744e+001 -1.520208e+002  6.500000e+001
      vertex  1.313781e+001 -1.514130e+002  7.141302e+001
      vertex  1.321568e+001 -1.513741e+002  6.500000e+001
    endloop
  endfacet
  facet normal -1.886775e-001  9.820391e-001 -2.701731e-004
    outer loop
      vertex  4.954976e+000 -1.540809e+002  7.408089e+001
      vertex  6.171863e+000 -1.538472e+002  7.384715e+001
      vertex  6.047135e+000 -1.538736e+002  6.500000e+001
    endloop
  endfacet
  facet normal -2.294714e-001  9.733153e-001  3.309710e-004
    outer loop
      vertex  6.047135e+000 -1.538736e+002  6.500000e+001
      vertex  6.171863e+000 -1.538472e+002  7.384715e+001
      vertex  7.368082e+000 -1.535650e+002  7.356504e+001
    endloop
  endfacet
  facet normal -2.301738e-001  9.731494e-001  4.452752e-004
    outer loop
      vertex  6.047135e+000 -1.538736e+002  6.500000e+001
      vertex  7.368082e+000 -1.535650e+002  7.356504e+001
      vertex  7.528664e+000 -1.535231e+002  6.500000e+001
    endloop
  endfacet
  facet normal -3.561201e-002  9.993657e-001 -1.714435e-004
    outer loop
      vertex  4.866118e-001 -1.544960e+002  7.449599e+001
      vertex  1.613832e+000 -1.544558e+002  7.445583e+001
      vertex  1.521901e+000 -1.544607e+002  6.500000e+001
    endloop
  endfacet
  facet normal -7.373089e-002  9.972782e-001  2.002331e-004
    outer loop
      vertex  1.521901e+000 -1.544607e+002  6.500000e+001
      vertex  1.613832e+000 -1.544558e+002  7.445583e+001
      vertex  2.736363e+000 -1.543728e+002  7.437282e+001
    endloop
  endfacet
  facet normal -7.734594e-002  9.970041e-001  6.712151e-004
    outer loop
      vertex  1.521901e+000 -1.544607e+002  6.500000e+001
      vertex  2.736363e+000 -1.543728e+002  7.437282e+001
      vertex  3.039748e+000 -1.543430e+002  6.500000e+001
    endloop
  endfacet
  facet normal  1.192091e-001  9.928691e-001 -1.999773e-004
    outer loop
      vertex -4.094366e+000 -1.542145e+002  7.421449e+001
      vertex -2.936239e+000 -1.543535e+002  7.435351e+001
      vertex -3.039747e+000 -1.543430e+002  6.500000e+001
    endloop
  endfacet
  facet normal  7.974029e-002  9.968156e-001  2.412434e-004
    outer loop
      vertex -3.039747e+000 -1.543430e+002  6.500000e+001
      vertex -2.936239e+000 -1.543535e+002  7.435351e+001
      vertex -1.768960e+000 -1.544469e+002  7.444691e+001
    endloop
  endfacet
  facet normal  7.734594e-002  9.970042e-001  5.654019e-004
    outer loop
      vertex -3.039747e+000 -1.543430e+002  6.500000e+001
      vertex -1.768960e+000 -1.544469e+002  7.444691e+001
      vertex -1.521900e+000 -1.544607e+002  6.500000e+001
    endloop
  endfacet
  facet normal  2.721873e-001  9.622443e-001 -1.037603e-004
    outer loop
      vertex -8.572405e+000 -1.532270e+002  7.322701e+001
      vertex -7.481661e+000 -1.535355e+002  7.353550e+001
      vertex -7.528663e+000 -1.535231e+002  6.500000e+001
    endloop
  endfacet
  facet normal  2.347895e-001  9.720463e-001  1.163864e-004
    outer loop
      vertex -7.528663e+000 -1.535231e+002  6.500000e+001
      vertex -7.481661e+000 -1.535355e+002  7.353550e+001
      vertex -6.370021e+000 -1.538040e+002  7.380404e+001
    endloop
  endfacet
  facet normal  2.301736e-001  9.731492e-001  7.590402e-004
    outer loop
      vertex -7.528663e+000 -1.535231e+002  6.500000e+001
      vertex -6.370021e+000 -1.538040e+002  7.380404e+001
      vertex -6.047133e+000 -1.538736e+002  6.500000e+001
    endloop
  endfacet
  facet normal  4.641204e-001  8.857720e-001 -1.956972e-004
    outer loop
      vertex -1.421568e+001 -1.508489e+002  7.084888e+001
      vertex -1.315718e+001 -1.514034e+002  7.140338e+001
      vertex -1.321568e+001 -1.513741e+002  6.500000e+001
    endloop
  endfacet
  facet normal  4.274491e-001  9.040393e-001  2.227078e-004
    outer loop
      vertex -1.321568e+001 -1.513741e+002  6.500000e+001
      vertex -1.315718e+001 -1.514034e+002  7.140338e+001
      vertex -1.206215e+001 -1.519213e+002  7.192127e+001
    endloop
  endfacet
  facet normal  4.247753e-001  9.052985e-001  7.678719e-004
    outer loop
      vertex -1.321568e+001 -1.513741e+002  6.500000e+001
      vertex -1.206215e+001 -1.519213e+002  7.192127e+001
      vertex -1.183744e+001 -1.520208e+002  6.500000e+001
    endloop
  endfacet
  facet normal  5.848405e-001  8.111478e-001 -8.611509e-004
    outer loop
      vertex -1.762292e+001 -1.486576e+002  6.865762e+001
      vertex -1.685398e+001 -1.492114e+002  6.921143e+001
      vertex -1.712500e+001 -1.490205e+002  6.500000e+001
    endloop
  endfacet
  facet normal  5.570786e-001  8.304578e-001  1.800859e-003
    outer loop
      vertex -1.712500e+001 -1.490205e+002  6.500000e+001
      vertex -1.685398e+001 -1.492114e+002  6.921143e+001
      vertex -1.605860e+001 -1.497461e+002  6.974614e+001
    endloop
  endfacet
  facet normal  5.593094e-001  8.289583e-001  1.070347e-003
    outer loop
      vertex -1.712500e+001 -1.490205e+002  6.500000e+001
      vertex -1.605860e+001 -1.497461e+002  6.974614e+001
      vertex -1.586298e+001 -1.498720e+002  6.500000e+001
    endloop
  endfacet
  facet normal  6.258944e-001  7.799077e-001 -5.493332e-004
    outer loop
      vertex -1.872676e+001 -1.477938e+002  6.779383e+001
      vertex -1.818227e+001 -1.482305e+002  6.823048e+001
      vertex -1.834141e+001 -1.481050e+002  6.500000e+001
    endloop
  endfacet
  facet normal  6.064189e-001  7.951447e-001  1.001769e-003
    outer loop
      vertex -1.834141e+001 -1.481050e+002  6.500000e+001
      vertex -1.818227e+001 -1.482305e+002  6.823048e+001
      vertex -1.762292e+001 -1.486576e+002  6.865762e+001
    endloop
  endfacet
  facet normal  6.013188e-001  7.990050e-001  2.586810e-003
    outer loop
      vertex -1.834141e+001 -1.481050e+002  6.500000e+001
      vertex -1.762292e+001 -1.486576e+002  6.865762e+001
      vertex -1.712500e+001 -1.490205e+002  6.500000e+001
    endloop
  endfacet
  facet normal  0.000000e+000  0.000000e+000 -1.000000e+000
    outer loop
      vertex -8.990143e+000  2.809675e+001  6.500000e+001
      vertex -1.601607e+001  2.827959e+001  6.500000e+001
      vertex -7.528664e+000  2.852313e+001  6.500000e+001
    endloop
  endfacet
  facet normal  0.000000e+000  0.000000e+000 -1.000000e+000
    outer loop
      vertex -4.549499e+000 -1.541471e+002  6.500000e+001
      vertex -1.460948e+001 -1.540313e+002  6.500000e+001
      vertex -6.047133e+000 -1.538736e+002  6.500000e+001
    endloop
  endfacet
  facet normal  0.000000e+000  0.000000e+000 -1.000000e+000
    outer loop
      vertex  1.601608e+001  2.827959e+001  6.500000e+001
      vertex  8.990142e+000  2.809675e+001  6.500000e+001
      vertex  7.528663e+000  2.852313e+001  6.500000e+001
    endloop
  endfacet
  facet normal  0.000000e+000  0.000000e+000 -1.000000e+000
    outer loop
      vertex  1.460947e+001 -1.540313e+002  6.500000e+001
      vertex  4.549500e+000 -1.541471e+002  6.500000e+001
      vertex  6.047135e+000 -1.538736e+002  6.500000e+001
    endloop
  endfacet
  facet normal  0.000000e+000  0.000000e+000 -1.000000e+000
    outer loop
      vertex -1.316769e+001 -1.547130e+002  6.500000e+001
      vertex -1.460948e+001 -1.540313e+002  6.500000e+001
      vertex -4.549499e+000 -1.541471e+002  6.500000e+001
    endloop
  endfacet
  facet normal  0.000000e+000  -0.000000e+000 -1.000000e+000
    outer loop
      vertex -1.316769e+001 -1.547130e+002  6.500000e+001
      vertex -4.549499e+000 -1.541471e+002  6.500000e+001
      vertex -3.039747e+000 -1.543430e+002  6.500000e+001
    endloop
  endfacet
  facet normal  0.000000e+000  -0.000000e+000 -9.999999e-001
    outer loop
      vertex -1.316769e+001 -1.547130e+002  6.500000e+001
      vertex -3.039747e+000 -1.543430e+002  6.500000e+001
      vertex -1.521900e+000 -1.544607e+002  6.500000e+001
    endloop
  endfacet
  facet normal  0.000000e+000  -0.000000e+000 -1.000000e+000
    outer loop
      vertex -1.316769e+001 -1.547130e+002  6.500000e+001
      vertex -1.521900e+000 -1.544607e+002  6.500000e+001
      vertex  6.504087e-007 -1.545000e+002  6.500000e+001
    endloop
  endfacet
  facet normal  0.000000e+000  -0.000000e+000 -1.000000e+000
    outer loop
      vertex -1.316769e+001 -1.547130e+002  6.500000e+001
      vertex  6.504087e-007 -1.545000e+002  6.500000e+001
      vertex  7.974180e-001 -1.574902e+002  6.500000e+001
    endloop
  endfacet
  facet normal  0.000000e+000  0.000000e+000 -1.000000e+000
    outer loop
      vertex -1.316769e+001 -1.547130e+002  6.500000e+001
      vertex  7.974180e-001 -1.574902e+002  6.500000e+001
      vertex -7.974209e-001 -1.574902e+002  6.500000e+001
    endloop
  endfacet
  facet normal  0.000000e+000  0.000000e+000 -1.000000e+000
    outer loop
      vertex -1.316769e+001 -1.547130e+002  6.500000e+001
      vertex -7.974209e-001 -1.574902e+002  6.500000e+001
      vertex -2.390339e+000 -1.574120e+002  6.500000e+001
    endloop
  endfacet
  facet normal  0.000000e+000  0.000000e+000 -1.000000e+000
    outer loop
      vertex -1.316769e+001 -1.547130e+002  6.500000e+001
      vertex -2.390339e+000 -1.574120e+002  6.500000e+001
      vertex -3.977502e+000 -1.572557e+002  6.500000e+001
    endloop
  endfacet
  facet normal  0.000000e+000  0.000000e+000 -1.000000e+000
    outer loop
      vertex -1.316769e+001 -1.547130e+002  6.500000e+001
      vertex -3.977502e+000 -1.572557e+002  6.500000e+001
      vertex -5.555087e+000 -1.570217e+002  6.500000e+001
    endloop
  endfacet
  facet normal  0.000000e+000  0.000000e+000 -1.000000e+000
    outer loop
      vertex -1.316769e+001 -1.547130e+002  6.500000e+001
      vertex -5.555087e+000 -1.570217e+002  6.500000e+001
      vertex -7.119294e+000 -1.567106e+002  6.500000e+001
    endloop
  endfacet
  facet normal  0.000000e+000  0.000000e+000 -1.000000e+000
    outer loop
      vertex -1.316769e+001 -1.547130e+002  6.500000e+001
      vertex -7.119294e+000 -1.567106e+002  6.500000e+001
      vertex -8.666358e+000 -1.563232e+002  6.500000e+001
    endloop
  endfacet
  facet normal  0.000000e+000  0.000000e+000 -1.000000e+000
    outer loop
      vertex -1.316769e+001 -1.547130e+002  6.500000e+001
      vertex -8.666358e+000 -1.563232e+002  6.500000e+001
      vertex -1.019255e+001 -1.558604e+002  6.500000e+001
    endloop
  endfacet
  facet normal  0.000000e+000  0.000000e+000 -1.000000e+000
    outer loop
      vertex -1.316769e+001 -1.547130e+002  6.500000e+001
      vertex -1.019255e+001 -1.558604e+002  6.500000e+001
      vertex -1.169420e+001 -1.553232e+002  6.500000e+001
    endloop
  endfacet
  facet normal  -0.000000e+000  0.000000e+000 -1.000000e+000
    outer loop
      vertex  6.504087e-007 -1.545000e+002  6.500000e+001
      vertex  1.316769e+001 -1.547130e+002  6.500000e+001
      vertex  1.169420e+001 -1.553232e+002  6.500000e+001
    endloop
  endfacet
  facet normal  -0.000000e+000  0.000000e+000 -1.000000e+000
    outer loop
      vertex  6.504087e-007 -1.545000e+002  6.500000e+001
      vertex  1.169420e+001 -1.553232e+002  6.500000e+001
      vertex  1.019255e+001 -1.558604e+002  6.500000e+001
    endloop
  endfacet
  facet normal  -0.000000e+000  0.000000e+000 -9.999999e-001
    outer loop
      vertex  6.504087e-007 -1.545000e+002  6.500000e+001
      vertex  1.019255e+001 -1.558604e+002  6.500000e+001
      vertex  8.666355e+000 -1.563232e+002  6.500000e+001
    endloop
  endfacet
  facet normal  -0.000000e+000  0.000000e+000 -1.000000e+000
    outer loop
      vertex  6.504087e-007 -1.545000e+002  6.500000e+001
      vertex  8.666355e+000 -1.563232e+002  6.500000e+001
      vertex  7.119291e+000 -1.567107e+002  6.500000e+001
    endloop
  endfacet
  facet normal  -0.000000e+000  0.000000e+000 -1.000000e+000
    outer loop
      vertex  6.504087e-007 -1.545000e+002  6.500000e+001
      vertex  7.119291e+000 -1.567107e+002  6.500000e+001
      vertex  5.555084e+000 -1.570217e+002  6.500000e+001
    endloop
  endfacet
  facet normal  -0.000000e+000  0.000000e+000 -9.999999e-001
    outer loop
      vertex  6.504087e-007 -1.545000e+002  6.500000e+001
      vertex  5.555084e+000 -1.570217e+002  6.500000e+001
      vertex  3.977499e+000 -1.572557e+002  6.500000e+001
    endloop
  endfacet
  facet normal  -0.000000e+000  0.000000e+000 -1.000000e+000
    outer loop
      vertex  6.504087e-007 -1.545000e+002  6.500000e+001
      vertex  3.977499e+000 -1.572557e+002  6.500000e+001
      vertex  2.390337e+000 -1.574120e+002  6.500000e+001
    endloop
  endfacet
  facet normal  -0.000000e+000  0.000000e+000 -1.000000e+000
    outer loop
      vertex  6.504087e-007 -1.545000e+002  6.500000e+001
      vertex  2.390337e+000 -1.574120e+002  6.500000e+001
      vertex  7.974180e-001 -1.574902e+002  6.500000e+001
    endloop
  endfacet
  facet normal  0.000000e+000  0.000000e+000 -1.000000e+000
    outer loop
      vertex -6.504100e-007  2.950000e+001  6.500000e+001
      vertex -1.521901e+000  2.946072e+001  6.500000e+001
      vertex -1.316769e+001  2.971299e+001  6.500000e+001
    endloop
  endfacet
  facet normal  0.000000e+000  0.000000e+000 -9.999999e-001
    outer loop
      vertex -6.504100e-007  2.950000e+001  6.500000e+001
      vertex -1.316769e+001  2.971299e+001  6.500000e+001
      vertex -1.169420e+001  3.032319e+001  6.500000e+001
    endloop
  endfacet
  facet normal  0.000000e+000  0.000000e+000 -1.000000e+000
    outer loop
      vertex -6.504100e-007  2.950000e+001  6.500000e+001
      vertex -1.169420e+001  3.032319e+001  6.500000e+001
      vertex -1.019255e+001  3.086036e+001  6.500000e+001
    endloop
  endfacet
  facet normal  0.000000e+000  0.000000e+000 -1.000000e+000
    outer loop
      vertex -6.504100e-007  2.950000e+001  6.500000e+001
      vertex -1.019255e+001  3.086036e+001  6.500000e+001
      vertex -8.666355e+000  3.132322e+001  6.500000e+001
    endloop
  endfacet
  facet normal  0.000000e+000  0.000000e+000 -1.000000e+000
    outer loop
      vertex -6.504100e-007  2.950000e+001  6.500000e+001
      vertex -8.666355e+000  3.132322e+001  6.500000e+001
      vertex -7.119291e+000  3.171066e+001  6.500000e+001
    endloop
  endfacet
  facet normal  0.000000e+000  0.000000e+000 -9.999999e-001
    outer loop
      vertex -6.504100e-007  2.950000e+001  6.500000e+001
      vertex -7.119291e+000  3.171066e+001  6.500000e+001
      vertex -5.555084e+000  3.202173e+001  6.500000e+001
    endloop
  endfacet
  facet normal  0.000000e+000  0.000000e+000 -1.000000e+000
    outer loop
      vertex -6.504100e-007  2.950000e+001  6.500000e+001
      vertex -5.555084e+000  3.202173e+001  6.500000e+001
      vertex -3.977499e+000  3.225569e+001  6.500000e+001
    endloop
  endfacet
  facet normal  0.000000e+000  0.000000e+000 -9.999999e-001
    outer loop
      vertex -6.504100e-007  2.950000e+001  6.500000e+001
      vertex -3.977499e+000  3.225569e+001  6.500000e+001
      vertex -2.390337e+000  3.241198e+001  6.500000e+001
    endloop
  endfacet
  facet normal  0.000000e+000  0.000000e+000 -1.000000e+000
    outer loop
      vertex -6.504100e-007  2.950000e+001  6.500000e+001
      vertex -2.390337e+000  3.241198e+001  6.500000e+001
      vertex -7.974180e-001  3.249022e+001  6.500000e+001
    endloop
  endfacet
  facet normal  0.000000e+000  0.000000e+000 -1.000000e+000
    outer loop
      vertex -6.504100e-007  2.950000e+001  6.500000e+001
      vertex -7.974180e-001  3.249022e+001  6.500000e+001
      vertex  7.974209e-001  3.249022e+001  6.500000e+001
    endloop
  endfacet
  facet normal  0.000000e+000  -0.000000e+000 -1.000000e+000
    outer loop
      vertex -6.504100e-007  2.950000e+001  6.500000e+001
      vertex  7.974209e-001  3.249022e+001  6.500000e+001
      vertex  2.390339e+000  3.241198e+001  6.500000e+001
    endloop
  endfacet
  facet normal  0.000000e+000  -0.000000e+000 -1.000000e+000
    outer loop
      vertex -6.504100e-007  2.950000e+001  6.500000e+001
      vertex  2.390339e+000  3.241198e+001  6.500000e+001
      vertex  3.977502e+000  3.225569e+001  6.500000e+001
    endloop
  endfacet
  facet normal  0.000000e+000  -0.000000e+000 -1.000000e+000
    outer loop
      vertex -6.504100e-007  2.950000e+001  6.500000e+001
      vertex  3.977502e+000  3.225569e+001  6.500000e+001
      vertex  5.555087e+000  3.202173e+001  6.500000e+001
    endloop
  endfacet
  facet normal  0.000000e+000  -0.000000e+000 -9.999999e-001
    outer loop
      vertex -6.504100e-007  2.950000e+001  6.500000e+001
      vertex  5.555087e+000  3.202173e+001  6.500000e+001
      vertex  7.119294e+000  3.171066e+001  6.500000e+001
    endloop
  endfacet
  facet normal  0.000000e+000  -0.000000e+000 -9.999999e-001
    outer loop
      vertex -6.504100e-007  2.950000e+001  6.500000e+001
      vertex  7.119294e+000  3.171066e+001  6.500000e+001
      vertex  8.666358e+000  3.132322e+001  6.500000e+001
    endloop
  endfacet
  facet normal  0.000000e+000  -0.000000e+000 -1.000000e+000
    outer loop
      vertex -6.504100e-007  2.950000e+001  6.500000e+001
      vertex  8.666358e+000  3.132322e+001  6.500000e+001
      vertex  1.019255e+001  3.086036e+001  6.500000e+001
    endloop
  endfacet
  facet normal  0.000000e+000  -0.000000e+000 -9.999999e-001
    outer loop
      vertex -6.504100e-007  2.950000e+001  6.500000e+001
      vertex  1.019255e+001  3.086036e+001  6.500000e+001
      vertex  1.169420e+001  3.032319e+001  6.500000e+001
    endloop
  endfacet
  facet normal  0.000000e+000  -0.000000e+000 -1.000000e+000
    outer loop
      vertex -6.504100e-007  2.950000e+001  6.500000e+001
      vertex  1.169420e+001  3.032319e+001  6.500000e+001
      vertex  1.316769e+001  2.971299e+001  6.500000e+001
    endloop
  endfacet
  facet normal  0.000000e+000  0.000000e+000 -1.000000e+000
    outer loop
      vertex -6.504100e-007  2.950000e+001  6.500000e+001
      vertex  1.316769e+001  2.971299e+001  6.500000e+001
      vertex  1.521900e+000  2.946072e+001  6.500000e+001
    endloop
  endfacet
  facet normal  0.000000e+000  0.000000e+000 -1.000000e+000
    outer loop
      vertex  1.316769e+001 -1.547130e+002  6.500000e+001
      vertex  6.504087e-007 -1.545000e+002  6.500000e+001
      vertex  1.521901e+000 -1.544607e+002  6.500000e+001
    endloop
  endfacet
  facet normal  0.000000e+000  0.000000e+000 -1.000000e+000
    outer loop
      vertex  1.316769e+001 -1.547130e+002  6.500000e+001
      vertex  1.521901e+000 -1.544607e+002  6.500000e+001
      vertex  3.039748e+000 -1.543430e+002  6.500000e+001
    endloop
  endfacet
  facet normal  0.000000e+000  0.000000e+000 -1.000000e+000
    outer loop
      vertex  1.316769e+001 -1.547130e+002  6.500000e+001
      vertex  3.039748e+000 -1.543430e+002  6.500000e+001
      vertex  4.549500e+000 -1.541471e+002  6.500000e+001
    endloop
  endfacet
  facet normal  0.000000e+000  0.000000e+000 -1.000000e+000
    outer loop
      vertex  1.316769e+001 -1.547130e+002  6.500000e+001
      vertex  4.549500e+000 -1.541471e+002  6.500000e+001
      vertex  1.460947e+001 -1.540313e+002  6.500000e+001
    endloop
  endfacet
  facet normal  0.000000e+000  0.000000e+000 -1.000000e+000
    outer loop
      vertex -4.549500e+000  2.914708e+001  6.500000e+001
      vertex -1.460947e+001  2.903125e+001  6.500000e+001
      vertex -3.039748e+000  2.934297e+001  6.500000e+001
    endloop
  endfacet
  facet normal  -0.000000e+000  0.000000e+000 -1.000000e+000
    outer loop
      vertex -3.039748e+000  2.934297e+001  6.500000e+001
      vertex -1.460947e+001  2.903125e+001  6.500000e+001
      vertex -1.316769e+001  2.971299e+001  6.500000e+001
    endloop
  endfacet
  facet normal  0.000000e+000  0.000000e+000 -9.999999e-001
    outer loop
      vertex -3.039748e+000  2.934297e+001  6.500000e+001
      vertex -1.316769e+001  2.971299e+001  6.500000e+001
      vertex -1.521901e+000  2.946072e+001  6.500000e+001
    endloop
  endfacet
  facet normal  0.000000e+000  0.000000e+000 -1.000000e+000
    outer loop
      vertex -7.528664e+000  2.852313e+001  6.500000e+001
      vertex -1.601607e+001  2.827959e+001  6.500000e+001
      vertex -6.047135e+000  2.887355e+001  6.500000e+001
    endloop
  endfacet
  facet normal  -0.000000e+000  0.000000e+000 -1.000000e+000
    outer loop
      vertex -6.047135e+000  2.887355e+001  6.500000e+001
      vertex -1.601607e+001  2.827959e+001  6.500000e+001
      vertex -1.460947e+001  2.903125e+001  6.500000e+001
    endloop
  endfacet
  facet normal  0.000000e+000  0.000000e+000 -9.999999e-001
    outer loop
      vertex -6.047135e+000  2.887355e+001  6.500000e+001
      vertex -1.460947e+001  2.903125e+001  6.500000e+001
      vertex -4.549500e+000  2.914708e+001  6.500000e+001
    endloop
  endfacet
  facet normal  0.000000e+000  0.000000e+000 -1.000000e+000
    outer loop
      vertex -1.321568e+001  2.637415e+001  6.500000e+001
      vertex -1.871028e+001  2.657396e+001  6.500000e+001
      vertex -1.183744e+001  2.702082e+001  6.500000e+001
    endloop
  endfacet
  facet normal  -0.000000e+000  0.000000e+000 -1.000000e+000
    outer loop
      vertex -1.183744e+001  2.702082e+001  6.500000e+001
      vertex -1.871028e+001  2.657396e+001  6.500000e+001
      vertex -1.738411e+001  2.745984e+001  6.500000e+001
    endloop
  endfacet
  facet normal  0.000000e+000  0.000000e+000 -1.000000e+000
    outer loop
      vertex -1.183744e+001  2.702082e+001  6.500000e+001
      vertex -1.738411e+001  2.745984e+001  6.500000e+001
      vertex -1.042768e+001  2.759554e+001  6.500000e+001
    endloop
  endfacet
  facet normal  -0.000000e+000  0.000000e+000 -1.000000e+000
    outer loop
      vertex -1.042768e+001  2.759554e+001  6.500000e+001
      vertex -1.738411e+001  2.745984e+001  6.500000e+001
      vertex -1.601607e+001  2.827959e+001  6.500000e+001
    endloop
  endfacet
  facet normal  0.000000e+000  0.000000e+000 -1.000000e+000
    outer loop
      vertex -1.042768e+001  2.759554e+001  6.500000e+001
      vertex -1.601607e+001  2.827959e+001  6.500000e+001
      vertex -8.990143e+000  2.809675e+001  6.500000e+001
    endloop
  endfacet
  facet normal  0.000000e+000  0.000000e+000 -1.000000e+000
    outer loop
      vertex -1.834141e+001  2.310503e+001  6.500000e+001
      vertex -2.240624e+001  2.354168e+001  6.500000e+001
      vertex -1.712500e+001  2.402050e+001  6.500000e+001
    endloop
  endfacet
  facet normal  -0.000000e+000  0.000000e+000 -1.000000e+000
    outer loop
      vertex -1.712500e+001  2.402050e+001  6.500000e+001
      vertex -2.240624e+001  2.354168e+001  6.500000e+001
      vertex -2.122437e+001  2.461252e+001  6.500000e+001
    endloop
  endfacet
  facet normal  0.000000e+000  0.000000e+000 -1.000000e+000
    outer loop
      vertex -1.712500e+001  2.402050e+001  6.500000e+001
      vertex -2.122437e+001  2.461252e+001  6.500000e+001
      vertex -1.586298e+001  2.487199e+001  6.500000e+001
    endloop
  endfacet
  facet normal  -0.000000e+000  0.000000e+000 -1.000000e+000
    outer loop
      vertex -1.586298e+001  2.487199e+001  6.500000e+001
      vertex -2.122437e+001  2.461252e+001  6.500000e+001
      vertex -1.999140e+001  2.562409e+001  6.500000e+001
    endloop
  endfacet
  facet normal  0.000000e+000  0.000000e+000 -1.000000e+000
    outer loop
      vertex -1.586298e+001  2.487199e+001  6.500000e+001
      vertex -1.999140e+001  2.562409e+001  6.500000e+001
      vertex -1.455872e+001  2.565724e+001  6.500000e+001
    endloop
  endfacet
  facet normal  -0.000000e+000  0.000000e+000 -1.000000e+000
    outer loop
      vertex -1.455872e+001  2.565724e+001  6.500000e+001
      vertex -1.999140e+001  2.562409e+001  6.500000e+001
      vertex -1.871028e+001  2.657396e+001  6.500000e+001
    endloop
  endfacet
  facet normal  0.000000e+000  0.000000e+000 -1.000000e+000
    outer loop
      vertex -1.455872e+001  2.565724e+001  6.500000e+001
      vertex -1.871028e+001  2.657396e+001  6.500000e+001
      vertex -1.321568e+001  2.637415e+001  6.500000e+001
    endloop
  endfacet
  facet normal  0.000000e+000  0.000000e+000 -1.000000e+000
    outer loop
      vertex -1.586298e+001 -1.498720e+002  6.500000e+001
      vertex -2.122437e+001 -1.496125e+002  6.500000e+001
      vertex -1.712500e+001 -1.490205e+002  6.500000e+001
    endloop
  endfacet
  facet normal  -0.000000e+000  0.000000e+000 -1.000000e+000
    outer loop
      vertex -1.712500e+001 -1.490205e+002  6.500000e+001
      vertex -2.122437e+001 -1.496125e+002  6.500000e+001
      vertex -2.240624e+001 -1.485417e+002  6.500000e+001
    endloop
  endfacet
  facet normal  0.000000e+000  0.000000e+000 -1.000000e+000
    outer loop
      vertex -1.712500e+001 -1.490205e+002  6.500000e+001
      vertex -2.240624e+001 -1.485417e+002  6.500000e+001
      vertex -1.834141e+001 -1.481050e+002  6.500000e+001
    endloop
  endfacet
  facet normal  -0.000000e+000  0.000000e+000 -1.000000e+000
    outer loop
      vertex -1.834141e+001 -1.481050e+002  6.500000e+001
      vertex -2.240624e+001 -1.485417e+002  6.500000e+001
      vertex -2.353415e+001 -1.474141e+002  6.500000e+001
    endloop
  endfacet
  facet normal  0.000000e+000  0.000000e+000 -1.000000e+000
    outer loop
      vertex -1.834141e+001 -1.481050e+002  6.500000e+001
      vertex -2.353415e+001 -1.474141e+002  6.500000e+001
      vertex -1.950897e+001 -1.471280e+002  6.500000e+001
    endloop
  endfacet
  facet normal  -0.000000e+000  0.000000e+000 -9.999999e-001
    outer loop
      vertex -1.950897e+001 -1.471280e+002  6.500000e+001
      vertex -2.353415e+001 -1.474141e+002  6.500000e+001
      vertex -2.460539e+001 -1.462326e+002  6.500000e+001
    endloop
  endfacet
  facet normal  0.000000e+000  0.000000e+000 -1.000000e+000
    outer loop
      vertex -1.950897e+001 -1.471280e+002  6.500000e+001
      vertex -2.460539e+001 -1.462326e+002  6.500000e+001
      vertex -2.062457e+001 -1.460921e+002  6.500000e+001
    endloop
  endfacet
  facet normal  -0.000000e+000  0.000000e+000 -1.000000e+000
    outer loop
      vertex -2.062457e+001 -1.460921e+002  6.500000e+001
      vertex -2.460539e+001 -1.462326e+002  6.500000e+001
      vertex -2.561738e+001 -1.450000e+002  6.500000e+001
    endloop
  endfacet
  facet normal  0.000000e+000  0.000000e+000 -1.000000e+000
    outer loop
      vertex -2.062457e+001 -1.460921e+002  6.500000e+001
      vertex -2.561738e+001 -1.450000e+002  6.500000e+001
      vertex -2.168525e+001 -1.450000e+002  6.500000e+001
    endloop
  endfacet
  facet normal  0.000000e+000  0.000000e+000 -1.000000e+000
    outer loop
      vertex -2.168525e+001 -1.450000e+002  6.500000e+001
      vertex -2.561738e+001 -1.450000e+002  6.500000e+001
      vertex -2.561737e+001  2.000000e+001  6.500000e+001
    endloop
  endfacet
  facet normal  0.000000e+000  0.000000e+000 -1.000000e+000
    outer loop
      vertex -2.168525e+001 -1.450000e+002  6.500000e+001
      vertex -2.561737e+001  2.000000e+001  6.500000e+001
      vertex -2.168525e+001  2.000000e+001  6.500000e+001
    endloop
  endfacet
  facet normal  0.000000e+000  0.000000e+000 -1.000000e+000
    outer loop
      vertex -2.168525e+001  2.000000e+001  6.500000e+001
      vertex -2.561737e+001  2.000000e+001  6.500000e+001
      vertex -2.460539e+001  2.123264e+001  6.500000e+001
    endloop
  endfacet
  facet normal  0.000000e+000  0.000000e+000 -1.000000e+000
    outer loop
      vertex -2.168525e+001  2.000000e+001  6.500000e+001
      vertex -2.460539e+001  2.123264e+001  6.500000e+001
      vertex -2.062458e+001  2.109210e+001  6.500000e+001
    endloop
  endfacet
  facet normal  0.000000e+000  0.000000e+000 -1.000000e+000
    outer loop
      vertex -2.062458e+001  2.109210e+001  6.500000e+001
      vertex -2.460539e+001  2.123264e+001  6.500000e+001
      vertex -2.353415e+001  2.241414e+001  6.500000e+001
    endloop
  endfacet
  facet normal  0.000000e+000  0.000000e+000 -1.000000e+000
    outer loop
      vertex -2.062458e+001  2.109210e+001  6.500000e+001
      vertex -2.353415e+001  2.241414e+001  6.500000e+001
      vertex -1.950897e+001  2.212804e+001  6.500000e+001
    endloop
  endfacet
  facet normal  0.000000e+000  0.000000e+000 -1.000000e+000
    outer loop
      vertex -1.950897e+001  2.212804e+001  6.500000e+001
      vertex -2.353415e+001  2.241414e+001  6.500000e+001
      vertex -2.240624e+001  2.354168e+001  6.500000e+001
    endloop
  endfacet
  facet normal  0.000000e+000  0.000000e+000 -1.000000e+000
    outer loop
      vertex -1.950897e+001  2.212804e+001  6.500000e+001
      vertex -2.240624e+001  2.354168e+001  6.500000e+001
      vertex -1.834141e+001  2.310503e+001  6.500000e+001
    endloop
  endfacet
  facet normal  0.000000e+000  0.000000e+000 -1.000000e+000
    outer loop
      vertex -1.042768e+001 -1.525955e+002  6.500000e+001
      vertex -1.738411e+001 -1.524598e+002  6.500000e+001
      vertex -1.183744e+001 -1.520208e+002  6.500000e+001
    endloop
  endfacet
  facet normal  -0.000000e+000  0.000000e+000 -1.000000e+000
    outer loop
      vertex -1.183744e+001 -1.520208e+002  6.500000e+001
      vertex -1.738411e+001 -1.524598e+002  6.500000e+001
      vertex -1.871028e+001 -1.515740e+002  6.500000e+001
    endloop
  endfacet
  facet normal  0.000000e+000  0.000000e+000 -9.999999e-001
    outer loop
      vertex -1.183744e+001 -1.520208e+002  6.500000e+001
      vertex -1.871028e+001 -1.515740e+002  6.500000e+001
      vertex -1.321568e+001 -1.513741e+002  6.500000e+001
    endloop
  endfacet
  facet normal  -0.000000e+000  0.000000e+000 -1.000000e+000
    outer loop
      vertex -1.321568e+001 -1.513741e+002  6.500000e+001
      vertex -1.871028e+001 -1.515740e+002  6.500000e+001
      vertex -1.999140e+001 -1.506241e+002  6.500000e+001
    endloop
  endfacet
  facet normal  0.000000e+000  0.000000e+000 -1.000000e+000
    outer loop
      vertex -1.321568e+001 -1.513741e+002  6.500000e+001
      vertex -1.999140e+001 -1.506241e+002  6.500000e+001
      vertex -1.455872e+001 -1.506572e+002  6.500000e+001
    endloop
  endfacet
  facet normal  0.000000e+000  0.000000e+000 -1.000000e+000
    outer loop
      vertex -1.455872e+001 -1.506572e+002  6.500000e+001
      vertex -1.999140e+001 -1.506241e+002  6.500000e+001
      vertex -2.122437e+001 -1.496125e+002  6.500000e+001
    endloop
  endfacet
  facet normal  0.000000e+000  0.000000e+000 -1.000000e+000
    outer loop
      vertex -1.455872e+001 -1.506572e+002  6.500000e+001
      vertex -2.122437e+001 -1.496125e+002  6.500000e+001
      vertex -1.586298e+001 -1.498720e+002  6.500000e+001
    endloop
  endfacet
  facet normal  0.000000e+000  0.000000e+000 -1.000000e+000
    outer loop
      vertex -6.047133e+000 -1.538736e+002  6.500000e+001
      vertex -1.460948e+001 -1.540313e+002  6.500000e+001
      vertex -7.528663e+000 -1.535231e+002  6.500000e+001
    endloop
  endfacet
  facet normal  -0.000000e+000  0.000000e+000 -1.000000e+000
    outer loop
      vertex -7.528663e+000 -1.535231e+002  6.500000e+001
      vertex -1.460948e+001 -1.540313e+002  6.500000e+001
      vertex -1.601608e+001 -1.532796e+002  6.500000e+001
    endloop
  endfacet
  facet normal  0.000000e+000  0.000000e+000 -1.000000e+000
    outer loop
      vertex -7.528663e+000 -1.535231e+002  6.500000e+001
      vertex -1.601608e+001 -1.532796e+002  6.500000e+001
      vertex -8.990142e+000 -1.530968e+002  6.500000e+001
    endloop
  endfacet
  facet normal  -0.000000e+000  0.000000e+000 -1.000000e+000
    outer loop
      vertex -8.990142e+000 -1.530968e+002  6.500000e+001
      vertex -1.601608e+001 -1.532796e+002  6.500000e+001
      vertex -1.738411e+001 -1.524598e+002  6.500000e+001
    endloop
  endfacet
  facet normal  0.000000e+000  0.000000e+000 -1.000000e+000
    outer loop
      vertex -8.990142e+000 -1.530968e+002  6.500000e+001
      vertex -1.738411e+001 -1.524598e+002  6.500000e+001
      vertex -1.042768e+001 -1.525955e+002  6.500000e+001
    endloop
  endfacet
  facet normal  0.000000e+000  0.000000e+000 -1.000000e+000
    outer loop
      vertex  4.549499e+000  2.914708e+001  6.500000e+001
      vertex  3.039747e+000  2.934297e+001  6.500000e+001
      vertex  1.460948e+001  2.903125e+001  6.500000e+001
    endloop
  endfacet
  facet normal  0.000000e+000  0.000000e+000 -1.000000e+000
    outer loop
      vertex  1.460948e+001  2.903125e+001  6.500000e+001
      vertex  3.039747e+000  2.934297e+001  6.500000e+001
      vertex  1.521900e+000  2.946072e+001  6.500000e+001
    endloop
  endfacet
  facet normal  0.000000e+000  0.000000e+000 -1.000000e+000
    outer loop
      vertex  1.460948e+001  2.903125e+001  6.500000e+001
      vertex  1.521900e+000  2.946072e+001  6.500000e+001
      vertex  1.316769e+001  2.971299e+001  6.500000e+001
    endloop
  endfacet
  facet normal  0.000000e+000  0.000000e+000 -1.000000e+000
    outer loop
      vertex  7.528663e+000  2.852313e+001  6.500000e+001
      vertex  6.047133e+000  2.887355e+001  6.500000e+001
      vertex  1.601608e+001  2.827959e+001  6.500000e+001
    endloop
  endfacet
  facet normal  0.000000e+000  0.000000e+000 -1.000000e+000
    outer loop
      vertex  1.601608e+001  2.827959e+001  6.500000e+001
      vertex  6.047133e+000  2.887355e+001  6.500000e+001
      vertex  4.549499e+000  2.914708e+001  6.500000e+001
    endloop
  endfacet
  facet normal  0.000000e+000  0.000000e+000 -1.000000e+000
    outer loop
      vertex  1.601608e+001  2.827959e+001  6.500000e+001
      vertex  4.549499e+000  2.914708e+001  6.500000e+001
      vertex  1.460948e+001  2.903125e+001  6.500000e+001
    endloop
  endfacet
  facet normal  0.000000e+000  0.000000e+000 -9.999999e-001
    outer loop
      vertex  1.321568e+001  2.637415e+001  6.500000e+001
      vertex  1.183744e+001  2.702082e+001  6.500000e+001
      vertex  1.871028e+001  2.657396e+001  6.500000e+001
    endloop
  endfacet
  facet normal  0.000000e+000  0.000000e+000 -1.000000e+000
    outer loop
      vertex  1.871028e+001  2.657396e+001  6.500000e+001
      vertex  1.183744e+001  2.702082e+001  6.500000e+001
      vertex  1.042768e+001  2.759554e+001  6.500000e+001
    endloop
  endfacet
  facet normal  0.000000e+000  0.000000e+000 -9.999999e-001
    outer loop
      vertex  1.871028e+001  2.657396e+001  6.500000e+001
      vertex  1.042768e+001  2.759554e+001  6.500000e+001
      vertex  1.738411e+001  2.745984e+001  6.500000e+001
    endloop
  endfacet
  facet normal  0.000000e+000  0.000000e+000 -1.000000e+000
    outer loop
      vertex  1.738411e+001  2.745984e+001  6.500000e+001
      vertex  1.042768e+001  2.759554e+001  6.500000e+001
      vertex  8.990142e+000  2.809675e+001  6.500000e+001
    endloop
  endfacet
  facet normal  0.000000e+000  0.000000e+000 -1.000000e+000
    outer loop
      vertex  1.738411e+001  2.745984e+001  6.500000e+001
      vertex  8.990142e+000  2.809675e+001  6.500000e+001
      vertex  1.601608e+001  2.827959e+001  6.500000e+001
    endloop
  endfacet
  facet normal  0.000000e+000  0.000000e+000 -1.000000e+000
    outer loop
      vertex  1.834141e+001  2.310504e+001  6.500000e+001
      vertex  1.712500e+001  2.402050e+001  6.500000e+001
      vertex  2.240624e+001  2.354167e+001  6.500000e+001
    endloop
  endfacet
  facet normal  0.000000e+000  0.000000e+000 -9.999999e-001
    outer loop
      vertex  2.240624e+001  2.354167e+001  6.500000e+001
      vertex  1.712500e+001  2.402050e+001  6.500000e+001
      vertex  1.586298e+001  2.487199e+001  6.500000e+001
    endloop
  endfacet
  facet normal  0.000000e+000  0.000000e+000 -1.000000e+000
    outer loop
      vertex  2.240624e+001  2.354167e+001  6.500000e+001
      vertex  1.586298e+001  2.487199e+001  6.500000e+001
      vertex  2.122437e+001  2.461252e+001  6.500000e+001
    endloop
  endfacet
  facet normal  0.000000e+000  0.000000e+000 -1.000000e+000
    outer loop
      vertex  2.122437e+001  2.461252e+001  6.500000e+001
      vertex  1.586298e+001  2.487199e+001  6.500000e+001
      vertex  1.455872e+001  2.565724e+001  6.500000e+001
    endloop
  endfacet
  facet normal  0.000000e+000  0.000000e+000 -1.000000e+000
    outer loop
      vertex  2.122437e+001  2.461252e+001  6.500000e+001
      vertex  1.455872e+001  2.565724e+001  6.500000e+001
      vertex  1.999140e+001  2.562409e+001  6.500000e+001
    endloop
  endfacet
  facet normal  0.000000e+000  0.000000e+000 -1.000000e+000
    outer loop
      vertex  1.999140e+001  2.562409e+001  6.500000e+001
      vertex  1.455872e+001  2.565724e+001  6.500000e+001
      vertex  1.321568e+001  2.637415e+001  6.500000e+001
    endloop
  endfacet
  facet normal  0.000000e+000  0.000000e+000 -9.999999e-001
    outer loop
      vertex  1.999140e+001  2.562409e+001  6.500000e+001
      vertex  1.321568e+001  2.637415e+001  6.500000e+001
      vertex  1.871028e+001  2.657396e+001  6.500000e+001
    endloop
  endfacet
  facet normal  0.000000e+000  -0.000000e+000 -1.000000e+000
    outer loop
      vertex  1.586298e+001 -1.498720e+002  6.500000e+001
      vertex  1.712500e+001 -1.490205e+002  6.500000e+001
      vertex  2.122437e+001 -1.496125e+002  6.500000e+001
    endloop
  endfacet
  facet normal  0.000000e+000  0.000000e+000 -1.000000e+000
    outer loop
      vertex  2.122437e+001 -1.496125e+002  6.500000e+001
      vertex  1.712500e+001 -1.490205e+002  6.500000e+001
      vertex  1.834141e+001 -1.481050e+002  6.500000e+001
    endloop
  endfacet
  facet normal  0.000000e+000  0.000000e+000 -1.000000e+000
    outer loop
      vertex  2.122437e+001 -1.496125e+002  6.500000e+001
      vertex  1.834141e+001 -1.481050e+002  6.500000e+001
      vertex  2.240624e+001 -1.485417e+002  6.500000e+001
    endloop
  endfacet
  facet normal  0.000000e+000  0.000000e+000 -1.000000e+000
    outer loop
      vertex  2.240624e+001 -1.485417e+002  6.500000e+001
      vertex  1.834141e+001 -1.481050e+002  6.500000e+001
      vertex  1.950897e+001 -1.471280e+002  6.500000e+001
    endloop
  endfacet
  facet normal  0.000000e+000  0.000000e+000 -1.000000e+000
    outer loop
      vertex  2.240624e+001 -1.485417e+002  6.500000e+001
      vertex  1.950897e+001 -1.471280e+002  6.500000e+001
      vertex  2.353415e+001 -1.474141e+002  6.500000e+001
    endloop
  endfacet
  facet normal  0.000000e+000  0.000000e+000 -1.000000e+000
    outer loop
      vertex  2.353415e+001 -1.474141e+002  6.500000e+001
      vertex  1.950897e+001 -1.471280e+002  6.500000e+001
      vertex  2.062458e+001 -1.460921e+002  6.500000e+001
    endloop
  endfacet
  facet normal  0.000000e+000  0.000000e+000 -1.000000e+000
    outer loop
      vertex  2.353415e+001 -1.474141e+002  6.500000e+001
      vertex  2.062458e+001 -1.460921e+002  6.500000e+001
      vertex  2.460539e+001 -1.462326e+002  6.500000e+001
    endloop
  endfacet
  facet normal  0.000000e+000  0.000000e+000 -1.000000e+000
    outer loop
      vertex  2.460539e+001 -1.462326e+002  6.500000e+001
      vertex  2.062458e+001 -1.460921e+002  6.500000e+001
      vertex  2.168525e+001 -1.450000e+002  6.500000e+001
    endloop
  endfacet
  facet normal  0.000000e+000  0.000000e+000 -9.999999e-001
    outer loop
      vertex  2.460539e+001 -1.462326e+002  6.500000e+001
      vertex  2.168525e+001 -1.450000e+002  6.500000e+001
      vertex  2.561737e+001 -1.450000e+002  6.500000e+001
    endloop
  endfacet
  facet normal  0.000000e+000  0.000000e+000 -1.000000e+000
    outer loop
      vertex  2.561737e+001 -1.450000e+002  6.500000e+001
      vertex  2.168525e+001 -1.450000e+002  6.500000e+001
      vertex  2.168525e+001  2.000000e+001  6.500000e+001
    endloop
  endfacet
  facet normal  0.000000e+000  0.000000e+000 -1.000000e+000
    outer loop
      vertex  2.561737e+001 -1.450000e+002  6.500000e+001
      vertex  2.168525e+001  2.000000e+001  6.500000e+001
      vertex  2.561738e+001  2.000000e+001  6.500000e+001
    endloop
  endfacet
  facet normal  0.000000e+000  0.000000e+000 -1.000000e+000
    outer loop
      vertex  2.561738e+001  2.000000e+001  6.500000e+001
      vertex  2.168525e+001  2.000000e+001  6.500000e+001
      vertex  2.062457e+001  2.109211e+001  6.500000e+001
    endloop
  endfacet
  facet normal  0.000000e+000  0.000000e+000 -1.000000e+000
    outer loop
      vertex  2.561738e+001  2.000000e+001  6.500000e+001
      vertex  2.062457e+001  2.109211e+001  6.500000e+001
      vertex  2.460539e+001  2.123264e+001  6.500000e+001
    endloop
  endfacet
  facet normal  -0.000000e+000  0.000000e+000 -1.000000e+000
    outer loop
      vertex  2.460539e+001  2.123264e+001  6.500000e+001
      vertex  2.062457e+001  2.109211e+001  6.500000e+001
      vertex  1.950897e+001  2.212804e+001  6.500000e+001
    endloop
  endfacet
  facet normal  0.000000e+000  0.000000e+000 -1.000000e+000
    outer loop
      vertex  2.460539e+001  2.123264e+001  6.500000e+001
      vertex  1.950897e+001  2.212804e+001  6.500000e+001
      vertex  2.353415e+001  2.241414e+001  6.500000e+001
    endloop
  endfacet
  facet normal  -0.000000e+000  0.000000e+000 -1.000000e+000
    outer loop
      vertex  2.353415e+001  2.241414e+001  6.500000e+001
      vertex  1.950897e+001  2.212804e+001  6.500000e+001
      vertex  1.834141e+001  2.310504e+001  6.500000e+001
    endloop
  endfacet
  facet normal  0.000000e+000  0.000000e+000 -9.999999e-001
    outer loop
      vertex  2.353415e+001  2.241414e+001  6.500000e+001
      vertex  1.834141e+001  2.310504e+001  6.500000e+001
      vertex  2.240624e+001  2.354167e+001  6.500000e+001
    endloop
  endfacet
  facet normal  0.000000e+000  -0.000000e+000 -1.000000e+000
    outer loop
      vertex  1.042768e+001 -1.525955e+002  6.500000e+001
      vertex  1.183744e+001 -1.520208e+002  6.500000e+001
      vertex  1.738411e+001 -1.524598e+002  6.500000e+001
    endloop
  endfacet
  facet normal  0.000000e+000  0.000000e+000 -1.000000e+000
    outer loop
      vertex  1.738411e+001 -1.524598e+002  6.500000e+001
      vertex  1.183744e+001 -1.520208e+002  6.500000e+001
      vertex  1.321568e+001 -1.513741e+002  6.500000e+001
    endloop
  endfacet
  facet normal  0.000000e+000  0.000000e+000 -1.000000e+000
    outer loop
      vertex  1.738411e+001 -1.524598e+002  6.500000e+001
      vertex  1.321568e+001 -1.513741e+002  6.500000e+001
      vertex  1.871028e+001 -1.515740e+002  6.500000e+001
    endloop
  endfacet
  facet normal  0.000000e+000  0.000000e+000 -1.000000e+000
    outer loop
      vertex  1.871028e+001 -1.515740e+002  6.500000e+001
      vertex  1.321568e+001 -1.513741e+002  6.500000e+001
      vertex  1.455872e+001 -1.506572e+002  6.500000e+001
    endloop
  endfacet
  facet normal  0.000000e+000  0.000000e+000 -1.000000e+000
    outer loop
      vertex  1.871028e+001 -1.515740e+002  6.500000e+001
      vertex  1.455872e+001 -1.506572e+002  6.500000e+001
      vertex  1.999140e+001 -1.506241e+002  6.500000e+001
    endloop
  endfacet
  facet normal  -0.000000e+000  0.000000e+000 -1.000000e+000
    outer loop
      vertex  1.999140e+001 -1.506241e+002  6.500000e+001
      vertex  1.455872e+001 -1.506572e+002  6.500000e+001
      vertex  1.586298e+001 -1.498720e+002  6.500000e+001
    endloop
  endfacet
  facet normal  0.000000e+000  0.000000e+000 -1.000000e+000
    outer loop
      vertex  1.999140e+001 -1.506241e+002  6.500000e+001
      vertex  1.586298e+001 -1.498720e+002  6.500000e+001
      vertex  2.122437e+001 -1.496125e+002  6.500000e+001
    endloop
  endfacet
  facet normal  0.000000e+000  -0.000000e+000 -1.000000e+000
    outer loop
      vertex  6.047135e+000 -1.538736e+002  6.500000e+001
      vertex  7.528664e+000 -1.535231e+002  6.500000e+001
      vertex  1.460947e+001 -1.540313e+002  6.500000e+001
    endloop
  endfacet
  facet normal  0.000000e+000  0.000000e+000 -9.999999e-001
    outer loop
      vertex  1.460947e+001 -1.540313e+002  6.500000e+001
      vertex  7.528664e+000 -1.535231e+002  6.500000e+001
      vertex  8.990143e+000 -1.530968e+002  6.500000e+001
    endloop
  endfacet
  facet normal  0.000000e+000  0.000000e+000 -1.000000e+000
    outer loop
      vertex  1.460947e+001 -1.540313e+002  6.500000e+001
      vertex  8.990143e+000 -1.530968e+002  6.500000e+001
      vertex  1.601607e+001 -1.532796e+002  6.500000e+001
    endloop
  endfacet
  facet normal  0.000000e+000  0.000000e+000 -1.000000e+000
    outer loop
      vertex  1.601607e+001 -1.532796e+002  6.500000e+001
      vertex  8.990143e+000 -1.530968e+002  6.500000e+001
      vertex  1.042768e+001 -1.525955e+002  6.500000e+001
    endloop
  endfacet
  facet normal  0.000000e+000  0.000000e+000 -1.000000e+000
    outer loop
      vertex  1.601607e+001 -1.532796e+002  6.500000e+001
      vertex  1.042768e+001 -1.525955e+002  6.500000e+001
      vertex  1.738411e+001 -1.524598e+002  6.500000e+001
    endloop
  endfacet
endsolid CATIA STL
