solid CATIA STL
  facet normal  9.870911e-001  1.601600e-001  0.000000e+000
    outer loop
      vertex  7.388436e+000  1.427109e+000  0.000000e+000
      vertex  7.388436e+000  1.427109e+000  4.000000e+000
      vertex  7.460623e+000  9.822096e-001  0.000000e+000
    endloop
  endfacet
  facet normal  9.870911e-001  1.601600e-001  -0.000000e+000
    outer loop
      vertex  7.460623e+000  9.822096e-001  0.000000e+000
      vertex  7.388436e+000  1.427109e+000  4.000000e+000
      vertex  7.460623e+000  9.822096e-001  4.000000e+000
    endloop
  endfacet
  facet normal  9.949092e-001  1.007751e-001  0.000000e+000
    outer loop
      vertex  7.460623e+000  9.822096e-001  0.000000e+000
      vertex  7.460623e+000  9.822096e-001  4.000000e+000
      vertex  7.506044e+000  5.337864e-001  0.000000e+000
    endloop
  endfacet
  facet normal  9.949092e-001  1.007751e-001  -0.000000e+000
    outer loop
      vertex  7.506044e+000  5.337864e-001  0.000000e+000
      vertex  7.460623e+000  9.822096e-001  4.000000e+000
      vertex  7.506044e+000  5.337864e-001  4.000000e+000
    endloop
  endfacet
  facet normal  4.089672e-001 -9.125491e-001  0.000000e+000
    outer loop
      vertex  9.094672e+000 -3.113467e-001  0.000000e+000
      vertex  9.094672e+000 -3.113467e-001  4.000000e+000
      vertex  9.022551e+000 -3.436687e-001  0.000000e+000
    endloop
  endfacet
  facet normal  4.089672e-001 -9.125491e-001  0.000000e+000
    outer loop
      vertex  9.022551e+000 -3.436687e-001  0.000000e+000
      vertex  9.094672e+000 -3.113467e-001  4.000000e+000
      vertex  9.022551e+000 -3.436687e-001  4.000000e+000
    endloop
  endfacet
  facet normal  3.442614e-001 -9.388738e-001  0.000000e+000
    outer loop
      vertex  9.022551e+000 -3.436687e-001  0.000000e+000
      vertex  9.022551e+000 -3.436687e-001  4.000000e+000
      vertex  8.617823e+000 -4.920723e-001  0.000000e+000
    endloop
  endfacet
  facet normal  3.442614e-001 -9.388738e-001  0.000000e+000
    outer loop
      vertex  8.617823e+000 -4.920723e-001  0.000000e+000
      vertex  9.022551e+000 -3.436687e-001  4.000000e+000
      vertex  8.617823e+000 -4.920723e-001  4.000000e+000
    endloop
  endfacet
  facet normal  2.150590e-001 -9.766011e-001  0.000000e+000
    outer loop
      vertex  8.617823e+000 -4.920723e-001  0.000000e+000
      vertex  8.617823e+000 -4.920723e-001  4.000000e+000
      vertex  8.285721e+000 -5.652050e-001  0.000000e+000
    endloop
  endfacet
  facet normal  2.150590e-001 -9.766011e-001  0.000000e+000
    outer loop
      vertex  8.285721e+000 -5.652050e-001  0.000000e+000
      vertex  8.617823e+000 -4.920723e-001  4.000000e+000
      vertex  8.285721e+000 -5.652050e-001  4.000000e+000
    endloop
  endfacet
  facet normal  6.700924e-002 -9.977523e-001  0.000000e+000
    outer loop
      vertex  8.285721e+000 -5.652050e-001  0.000000e+000
      vertex  8.285721e+000 -5.652050e-001  4.000000e+000
      vertex  8.111954e+000 -5.768752e-001  0.000000e+000
    endloop
  endfacet
  facet normal  6.700924e-002 -9.977523e-001  0.000000e+000
    outer loop
      vertex  8.111954e+000 -5.768752e-001  0.000000e+000
      vertex  8.285721e+000 -5.652050e-001  4.000000e+000
      vertex  8.111954e+000 -5.768752e-001  4.000000e+000
    endloop
  endfacet
  facet normal  9.999999e-001  0.000000e+000  0.000000e+000
    outer loop
      vertex  9.094672e+000 -3.113467e-001  4.000000e+000
      vertex  9.094672e+000 -3.113467e-001  0.000000e+000
      vertex  9.094672e+000  3.113467e-001  4.000000e+000
    endloop
  endfacet
  facet normal  9.999999e-001  0.000000e+000  0.000000e+000
    outer loop
      vertex  9.094672e+000  3.113467e-001  4.000000e+000
      vertex  9.094672e+000 -3.113467e-001  0.000000e+000
      vertex  9.094672e+000  3.113467e-001  0.000000e+000
    endloop
  endfacet
  facet normal  6.733005e-002  9.977307e-001 -1.809666e-004
    outer loop
      vertex  8.112380e+000  5.769026e-001  0.000000e+000
      vertex  8.119020e+000  5.771800e-001  4.000000e+000
      vertex  8.285721e+000  5.652050e-001  0.000000e+000
    endloop
  endfacet
  facet normal -4.175292e-002  9.991280e-001  0.000000e+000
    outer loop
      vertex  8.112380e+000  5.769026e-001  0.000000e+000
      vertex  8.112380e+000  5.769026e-001  4.000000e+000
      vertex  8.119020e+000  5.771800e-001  4.000000e+000
    endloop
  endfacet
  facet normal  8.772127e-002  9.961449e-001  6.735919e-004
    outer loop
      vertex  8.119020e+000  5.771800e-001  4.000000e+000
      vertex  8.330435e+000  5.585626e-001  4.000000e+000
      vertex  8.285721e+000  5.652050e-001  0.000000e+000
    endloop
  endfacet
  facet normal  2.150590e-001  9.766008e-001 -7.823063e-004
    outer loop
      vertex  8.617823e+000  4.920723e-001  0.000000e+000
      vertex  8.285721e+000  5.652050e-001  0.000000e+000
      vertex  8.330435e+000  5.585626e-001  4.000000e+000
    endloop
  endfacet
  facet normal  2.371538e-001  9.714717e-001  8.904019e-004
    outer loop
      vertex  8.330435e+000  5.585626e-001  4.000000e+000
      vertex  8.677718e+000  4.737845e-001  4.000000e+000
      vertex  8.617823e+000  4.920723e-001  0.000000e+000
    endloop
  endfacet
  facet normal  3.630071e-001  9.317864e-001  -0.000000e+000
    outer loop
      vertex  9.094672e+000  3.113467e-001  4.000000e+000
      vertex  9.094672e+000  3.113467e-001  0.000000e+000
      vertex  8.677718e+000  4.737845e-001  4.000000e+000
    endloop
  endfacet
  facet normal  4.089608e-001  9.125350e-001  5.571931e-003
    outer loop
      vertex  8.677718e+000  4.737845e-001  4.000000e+000
      vertex  9.094672e+000  3.113467e-001  0.000000e+000
      vertex  9.022551e+000  3.436687e-001  0.000000e+000
    endloop
  endfacet
  facet normal  3.442613e-001  9.388735e-001 -8.624491e-004
    outer loop
      vertex  8.677718e+000  4.737845e-001  4.000000e+000
      vertex  9.022551e+000  3.436687e-001  0.000000e+000
      vertex  8.617823e+000  4.920723e-001  0.000000e+000
    endloop
  endfacet
  facet normal -7.093516e-002 -9.974809e-001  0.000000e+000
    outer loop
      vertex  7.506044e+000 -5.337864e-001  0.000000e+000
      vertex  8.111954e+000 -5.768752e-001  0.000000e+000
      vertex  7.506044e+000 -5.337864e-001  4.000000e+000
    endloop
  endfacet
  facet normal -7.093516e-002 -9.974809e-001  0.000000e+000
    outer loop
      vertex  7.506044e+000 -5.337864e-001  4.000000e+000
      vertex  8.111954e+000 -5.768752e-001  0.000000e+000
      vertex  8.111954e+000 -5.768752e-001  4.000000e+000
    endloop
  endfacet
  facet normal -7.093032e-002  9.974812e-001  0.000000e+000
    outer loop
      vertex  8.112380e+000  5.769026e-001  0.000000e+000
      vertex  7.506044e+000  5.337864e-001  0.000000e+000
      vertex  8.112380e+000  5.769026e-001  4.000000e+000
    endloop
  endfacet
  facet normal -7.093032e-002  9.974812e-001  0.000000e+000
    outer loop
      vertex  8.112380e+000  5.769026e-001  4.000000e+000
      vertex  7.506044e+000  5.337864e-001  0.000000e+000
      vertex  7.506044e+000  5.337864e-001  4.000000e+000
    endloop
  endfacet
  facet normal  6.312193e-001 -7.756044e-001  0.000000e+000
    outer loop
      vertex  8.865361e+000  2.053137e+000  0.000000e+000
      vertex  8.865361e+000  2.053137e+000  4.000000e+000
      vertex  8.804063e+000  2.003249e+000  0.000000e+000
    endloop
  endfacet
  facet normal  6.312193e-001 -7.756044e-001  0.000000e+000
    outer loop
      vertex  8.804063e+000  2.003249e+000  0.000000e+000
      vertex  8.865361e+000  2.053137e+000  4.000000e+000
      vertex  8.804063e+000  2.003249e+000  4.000000e+000
    endloop
  endfacet
  facet normal  5.755292e-001 -8.177813e-001  0.000000e+000
    outer loop
      vertex  8.804063e+000  2.003249e+000  0.000000e+000
      vertex  8.804063e+000  2.003249e+000  4.000000e+000
      vertex  8.451535e+000  1.755151e+000  0.000000e+000
    endloop
  endfacet
  facet normal  5.755292e-001 -8.177813e-001  0.000000e+000
    outer loop
      vertex  8.451535e+000  1.755151e+000  0.000000e+000
      vertex  8.804063e+000  2.003249e+000  4.000000e+000
      vertex  8.451535e+000  1.755151e+000  4.000000e+000
    endloop
  endfacet
  facet normal  4.604948e-001 -8.876624e-001  0.000000e+000
    outer loop
      vertex  8.451535e+000  1.755151e+000  0.000000e+000
      vertex  8.451535e+000  1.755151e+000  4.000000e+000
      vertex  8.149678e+000  1.598556e+000  0.000000e+000
    endloop
  endfacet
  facet normal  4.604948e-001 -8.876624e-001  0.000000e+000
    outer loop
      vertex  8.149678e+000  1.598556e+000  0.000000e+000
      vertex  8.451535e+000  1.755151e+000  4.000000e+000
      vertex  8.149678e+000  1.598556e+000  4.000000e+000
    endloop
  endfacet
  facet normal  3.229625e-001 -9.464117e-001  0.000000e+000
    outer loop
      vertex  8.149678e+000  1.598556e+000  0.000000e+000
      vertex  8.149678e+000  1.598556e+000  4.000000e+000
      vertex  7.984852e+000  1.542310e+000  0.000000e+000
    endloop
  endfacet
  facet normal  3.229625e-001 -9.464117e-001  0.000000e+000
    outer loop
      vertex  7.984852e+000  1.542310e+000  0.000000e+000
      vertex  8.149678e+000  1.598556e+000  4.000000e+000
      vertex  7.984852e+000  1.542310e+000  4.000000e+000
    endloop
  endfacet
  facet normal  9.659256e-001  2.588195e-001  -0.000000e+000
    outer loop
      vertex  8.865361e+000  2.053137e+000  4.000000e+000
      vertex  8.865361e+000  2.053137e+000  0.000000e+000
      vertex  8.704196e+000  2.654612e+000  4.000000e+000
    endloop
  endfacet
  facet normal  9.659256e-001  2.588195e-001  0.000000e+000
    outer loop
      vertex  8.704196e+000  2.654612e+000  4.000000e+000
      vertex  8.865361e+000  2.053137e+000  0.000000e+000
      vertex  8.704196e+000  2.654612e+000  0.000000e+000
    endloop
  endfacet
  facet normal -1.931965e-001  9.811600e-001 -1.809827e-004
    outer loop
      vertex  7.686644e+000  2.656883e+000  0.000000e+000
      vertex  7.692986e+000  2.658870e+000  4.000000e+000
      vertex  7.857106e+000  2.690449e+000  0.000000e+000
    endloop
  endfacet
  facet normal -2.989327e-001  9.542742e-001  0.000000e+000
    outer loop
      vertex  7.686644e+000  2.656883e+000  0.000000e+000
      vertex  7.686644e+000  2.656883e+000  4.000000e+000
      vertex  7.692986e+000  2.658870e+000  4.000000e+000
    endloop
  endfacet
  facet normal -1.730894e-001  9.849060e-001  6.735876e-004
    outer loop
      vertex  7.692986e+000  2.658870e+000  4.000000e+000
      vertex  7.902015e+000  2.695605e+000  4.000000e+000
      vertex  7.857106e+000  2.690449e+000  0.000000e+000
    endloop
  endfacet
  facet normal -4.503154e-002  9.989853e-001 -7.823003e-004
    outer loop
      vertex  8.196820e+000  2.705762e+000  0.000000e+000
      vertex  7.857106e+000  2.690449e+000  0.000000e+000
      vertex  7.902015e+000  2.695605e+000  4.000000e+000
    endloop
  endfacet
  facet normal -2.236183e-002  9.997496e-001  8.904272e-004
    outer loop
      vertex  7.902015e+000  2.695605e+000  4.000000e+000
      vertex  8.259407e+000  2.703599e+000  4.000000e+000
      vertex  8.196820e+000  2.705762e+000  0.000000e+000
    endloop
  endfacet
  facet normal  1.094732e-001  9.939898e-001  -0.000000e+000
    outer loop
      vertex  8.704196e+000  2.654612e+000  4.000000e+000
      vertex  8.704196e+000  2.654612e+000  0.000000e+000
      vertex  8.259407e+000  2.703599e+000  4.000000e+000
    endloop
  endfacet
  facet normal  1.588464e-001  9.872876e-001  5.572242e-003
    outer loop
      vertex  8.259407e+000  2.703599e+000  4.000000e+000
      vertex  8.704196e+000  2.654612e+000  0.000000e+000
      vertex  8.626167e+000  2.667166e+000  0.000000e+000
    endloop
  endfacet
  facet normal  8.953229e-002  9.959835e-001 -8.623828e-004
    outer loop
      vertex  8.259407e+000  2.703599e+000  4.000000e+000
      vertex  8.626167e+000  2.667166e+000  0.000000e+000
      vertex  8.196820e+000  2.705762e+000  0.000000e+000
    endloop
  endfacet
  facet normal -3.266806e-001  9.451348e-001  0.000000e+000
    outer loop
      vertex  7.686644e+000  2.656883e+000  0.000000e+000
      vertex  7.112128e+000  2.458305e+000  0.000000e+000
      vertex  7.686644e+000  2.656883e+000  4.000000e+000
    endloop
  endfacet
  facet normal -3.266806e-001  9.451348e-001  0.000000e+000
    outer loop
      vertex  7.686644e+000  2.656883e+000  4.000000e+000
      vertex  7.112128e+000  2.458305e+000  0.000000e+000
      vertex  7.112128e+000  2.458305e+000  4.000000e+000
    endloop
  endfacet
  facet normal  1.896489e-001 -9.818519e-001  0.000000e+000
    outer loop
      vertex  7.388436e+000  1.427109e+000  0.000000e+000
      vertex  7.984852e+000  1.542310e+000  0.000000e+000
      vertex  7.388436e+000  1.427109e+000  4.000000e+000
    endloop
  endfacet
  facet normal  1.896489e-001 -9.818519e-001  0.000000e+000
    outer loop
      vertex  7.388436e+000  1.427109e+000  4.000000e+000
      vertex  7.984852e+000  1.542310e+000  0.000000e+000
      vertex  7.984852e+000  1.542310e+000  4.000000e+000
    endloop
  endfacet
  facet normal  9.120045e-001  4.101801e-001  0.000000e+000
    outer loop
      vertex  6.767318e+000  3.290750e+000  0.000000e+000
      vertex  6.767318e+000  3.290750e+000  4.000000e+000
      vertex  6.952193e+000  2.879693e+000  0.000000e+000
    endloop
  endfacet
  facet normal  9.120045e-001  4.101801e-001  -0.000000e+000
    outer loop
      vertex  6.952193e+000  2.879693e+000  0.000000e+000
      vertex  6.767318e+000  3.290750e+000  4.000000e+000
      vertex  6.952193e+000  2.879693e+000  4.000000e+000
    endloop
  endfacet
  facet normal  9.349256e-001  3.548440e-001  0.000000e+000
    outer loop
      vertex  6.952193e+000  2.879693e+000  0.000000e+000
      vertex  6.952193e+000  2.879693e+000  4.000000e+000
      vertex  7.112128e+000  2.458305e+000  0.000000e+000
    endloop
  endfacet
  facet normal  9.349256e-001  3.548440e-001  -0.000000e+000
    outer loop
      vertex  7.112128e+000  2.458305e+000  0.000000e+000
      vertex  6.952193e+000  2.879693e+000  4.000000e+000
      vertex  7.112128e+000  2.458305e+000  4.000000e+000
    endloop
  endfacet
  facet normal  5.847283e-001  8.112292e-001  0.000000e+000
    outer loop
      vertex  4.215294e+000  6.233531e+000  0.000000e+000
      vertex  4.215294e+000  6.233531e+000  4.000000e+000
      vertex  4.580930e+000  5.969984e+000  0.000000e+000
    endloop
  endfacet
  facet normal  5.847283e-001  8.112292e-001  -0.000000e+000
    outer loop
      vertex  4.580930e+000  5.969984e+000  0.000000e+000
      vertex  4.215294e+000  6.233531e+000  4.000000e+000
      vertex  4.580930e+000  5.969984e+000  4.000000e+000
    endloop
  endfacet
  facet normal  6.322483e-001  7.747659e-001  0.000000e+000
    outer loop
      vertex  4.580930e+000  5.969984e+000  0.000000e+000
      vertex  4.580930e+000  5.969984e+000  4.000000e+000
      vertex  4.930130e+000  5.685019e+000  0.000000e+000
    endloop
  endfacet
  facet normal  6.322483e-001  7.747659e-001  -0.000000e+000
    outer loop
      vertex  4.930130e+000  5.685019e+000  0.000000e+000
      vertex  4.580930e+000  5.969984e+000  4.000000e+000
      vertex  4.930130e+000  5.685019e+000  4.000000e+000
    endloop
  endfacet
  facet normal  4.373086e-001 -8.993115e-001  0.000000e+000
    outer loop
      vertex  6.767318e+000  3.290750e+000  0.000000e+000
      vertex  7.313596e+000  3.556388e+000  0.000000e+000
      vertex  6.767318e+000  3.290750e+000  4.000000e+000
    endloop
  endfacet
  facet normal  4.373086e-001 -8.993115e-001  0.000000e+000
    outer loop
      vertex  6.767318e+000  3.290750e+000  4.000000e+000
      vertex  7.313596e+000  3.556388e+000  0.000000e+000
      vertex  7.313596e+000  3.556388e+000  4.000000e+000
    endloop
  endfacet
  facet normal  8.104470e-001 -5.858119e-001  0.000000e+000
    outer loop
      vertex  8.031891e+000  4.277702e+000  0.000000e+000
      vertex  8.031891e+000  4.277702e+000  4.000000e+000
      vertex  7.985592e+000  4.213650e+000  0.000000e+000
    endloop
  endfacet
  facet normal  8.104470e-001 -5.858119e-001  0.000000e+000
    outer loop
      vertex  7.985592e+000  4.213650e+000  0.000000e+000
      vertex  8.031891e+000  4.277702e+000  4.000000e+000
      vertex  7.985592e+000  4.213650e+000  4.000000e+000
    endloop
  endfacet
  facet normal  7.675763e-001 -6.409575e-001  0.000000e+000
    outer loop
      vertex  7.985592e+000  4.213650e+000  0.000000e+000
      vertex  7.985592e+000  4.213650e+000  4.000000e+000
      vertex  7.709290e+000  3.882764e+000  0.000000e+000
    endloop
  endfacet
  facet normal  7.675763e-001 -6.409575e-001  0.000000e+000
    outer loop
      vertex  7.709290e+000  3.882764e+000  0.000000e+000
      vertex  7.985592e+000  4.213650e+000  4.000000e+000
      vertex  7.709290e+000  3.882764e+000  4.000000e+000
    endloop
  endfacet
  facet normal  6.745475e-001 -7.382315e-001  0.000000e+000
    outer loop
      vertex  7.709290e+000  3.882764e+000  0.000000e+000
      vertex  7.709290e+000  3.882764e+000  4.000000e+000
      vertex  7.458248e+000  3.653379e+000  0.000000e+000
    endloop
  endfacet
  facet normal  6.745475e-001 -7.382315e-001  0.000000e+000
    outer loop
      vertex  7.458248e+000  3.653379e+000  0.000000e+000
      vertex  7.709290e+000  3.882764e+000  4.000000e+000
      vertex  7.458248e+000  3.653379e+000  4.000000e+000
    endloop
  endfacet
  facet normal  5.569074e-001 -8.305746e-001  0.000000e+000
    outer loop
      vertex  7.458248e+000  3.653379e+000  0.000000e+000
      vertex  7.458248e+000  3.653379e+000  4.000000e+000
      vertex  7.313596e+000  3.556388e+000  0.000000e+000
    endloop
  endfacet
  facet normal  5.569074e-001 -8.305746e-001  0.000000e+000
    outer loop
      vertex  7.313596e+000  3.556388e+000  0.000000e+000
      vertex  7.458248e+000  3.653379e+000  4.000000e+000
      vertex  7.313596e+000  3.556388e+000  4.000000e+000
    endloop
  endfacet
  facet normal  8.660253e-001  5.000002e-001  -0.000000e+000
    outer loop
      vertex  8.031891e+000  4.277702e+000  4.000000e+000
      vertex  8.031891e+000  4.277702e+000  0.000000e+000
      vertex  7.720544e+000  4.816970e+000  4.000000e+000
    endloop
  endfacet
  facet normal  8.660253e-001  5.000002e-001  0.000000e+000
    outer loop
      vertex  7.720544e+000  4.816970e+000  4.000000e+000
      vertex  8.031891e+000  4.277702e+000  0.000000e+000
      vertex  7.720544e+000  4.816970e+000  0.000000e+000
    endloop
  endfacet
  facet normal -4.405549e-001  8.977256e-001 -1.809562e-004
    outer loop
      vertex  6.737076e+000  4.555802e+000  0.000000e+000
      vertex  6.742687e+000  4.559362e+000  4.000000e+000
      vertex  6.893043e+000  4.632342e+000  0.000000e+000
    endloop
  endfacet
  facet normal -5.357143e-001  8.443993e-001  0.000000e+000
    outer loop
      vertex  6.737076e+000  4.555802e+000  0.000000e+000
      vertex  6.737076e+000  4.555802e+000  4.000000e+000
      vertex  6.742687e+000  4.559362e+000  4.000000e+000
    endloop
  endfacet
  facet normal -4.221033e-001  9.065475e-001  6.735706e-004
    outer loop
      vertex  6.742687e+000  4.559362e+000  4.000000e+000
      vertex  6.935087e+000  4.648947e+000  4.000000e+000
      vertex  6.893043e+000  4.632342e+000  0.000000e+000
    endloop
  endfacet
  facet normal -3.020535e-001  9.532906e-001 -7.823133e-004
    outer loop
      vertex  7.217217e+000  4.735058e+000  0.000000e+000
      vertex  6.893043e+000  4.632342e+000  0.000000e+000
      vertex  6.935087e+000  4.648947e+000  4.000000e+000
    endloop
  endfacet
  facet normal -2.803545e-001  9.598961e-001  8.903787e-004
    outer loop
      vertex  6.935087e+000  4.648947e+000  4.000000e+000
      vertex  7.278232e+000  4.749168e+000  4.000000e+000
      vertex  7.217217e+000  4.735058e+000  0.000000e+000
    endloop
  endfacet
  facet normal -1.515201e-001  9.884542e-001  0.000000e+000
    outer loop
      vertex  7.720544e+000  4.816970e+000  4.000000e+000
      vertex  7.720544e+000  4.816970e+000  0.000000e+000
      vertex  7.278232e+000  4.749168e+000  4.000000e+000
    endloop
  endfacet
  facet normal -1.020956e-001  9.947590e-001  5.572133e-003
    outer loop
      vertex  7.278232e+000  4.749168e+000  4.000000e+000
      vertex  7.720544e+000  4.816970e+000  0.000000e+000
      vertex  7.641924e+000  4.808901e+000  0.000000e+000
    endloop
  endfacet
  facet normal -1.712984e-001  9.852189e-001 -8.624534e-004
    outer loop
      vertex  7.278232e+000  4.749168e+000  4.000000e+000
      vertex  7.641924e+000  4.808901e+000  0.000000e+000
      vertex  7.217217e+000  4.735058e+000  0.000000e+000
    endloop
  endfacet
  facet normal -5.601683e-001  8.283788e-001  0.000000e+000
    outer loop
      vertex  6.737076e+000  4.555802e+000  0.000000e+000
      vertex  6.233531e+000  4.215294e+000  0.000000e+000
      vertex  6.737076e+000  4.555802e+000  4.000000e+000
    endloop
  endfacet
  facet normal -5.601683e-001  8.283788e-001  0.000000e+000
    outer loop
      vertex  6.737076e+000  4.555802e+000  4.000000e+000
      vertex  6.233531e+000  4.215294e+000  0.000000e+000
      vertex  6.233531e+000  4.215294e+000  4.000000e+000
    endloop
  endfacet
  facet normal  7.747659e-001  6.322483e-001  0.000000e+000
    outer loop
      vertex  5.685019e+000  4.930130e+000  0.000000e+000
      vertex  5.685019e+000  4.930130e+000  4.000000e+000
      vertex  5.969984e+000  4.580930e+000  0.000000e+000
    endloop
  endfacet
  facet normal  7.747659e-001  6.322483e-001  -0.000000e+000
    outer loop
      vertex  5.969984e+000  4.580930e+000  0.000000e+000
      vertex  5.685019e+000  4.930130e+000  4.000000e+000
      vertex  5.969984e+000  4.580930e+000  4.000000e+000
    endloop
  endfacet
  facet normal  8.112292e-001  5.847283e-001  0.000000e+000
    outer loop
      vertex  5.969984e+000  4.580930e+000  0.000000e+000
      vertex  5.969984e+000  4.580930e+000  4.000000e+000
      vertex  6.233531e+000  4.215294e+000  0.000000e+000
    endloop
  endfacet
  facet normal  8.112292e-001  5.847283e-001  -0.000000e+000
    outer loop
      vertex  6.233531e+000  4.215294e+000  0.000000e+000
      vertex  5.969984e+000  4.580930e+000  4.000000e+000
      vertex  6.233531e+000  4.215294e+000  4.000000e+000
    endloop
  endfacet
  facet normal  9.344534e-001 -3.560854e-001  0.000000e+000
    outer loop
      vertex  6.651060e+000  6.210749e+000  0.000000e+000
      vertex  6.651060e+000  6.210749e+000  4.000000e+000
      vertex  6.622917e+000  6.136897e+000  0.000000e+000
    endloop
  endfacet
  facet normal  9.344534e-001 -3.560854e-001  0.000000e+000
    outer loop
      vertex  6.622917e+000  6.136897e+000  0.000000e+000
      vertex  6.651060e+000  6.210749e+000  4.000000e+000
      vertex  6.622917e+000  6.136897e+000  4.000000e+000
    endloop
  endfacet
  facet normal  9.073138e-001 -4.204541e-001  0.000000e+000
    outer loop
      vertex  6.622917e+000  6.136897e+000  0.000000e+000
      vertex  6.622917e+000  6.136897e+000  4.000000e+000
      vertex  6.441669e+000  5.745773e+000  0.000000e+000
    endloop
  endfacet
  facet normal  9.073138e-001 -4.204541e-001  0.000000e+000
    outer loop
      vertex  6.441669e+000  5.745773e+000  0.000000e+000
      vertex  6.622917e+000  6.136897e+000  4.000000e+000
      vertex  6.441669e+000  5.745773e+000  4.000000e+000
    endloop
  endfacet
  facet normal  8.426306e-001 -5.384918e-001  0.000000e+000
    outer loop
      vertex  6.441669e+000  5.745773e+000  0.000000e+000
      vertex  6.441669e+000  5.745773e+000  4.000000e+000
      vertex  6.258550e+000  5.459229e+000  0.000000e+000
    endloop
  endfacet
  facet normal  8.426306e-001 -5.384918e-001  0.000000e+000
    outer loop
      vertex  6.258550e+000  5.459229e+000  0.000000e+000
      vertex  6.441669e+000  5.745773e+000  4.000000e+000
      vertex  6.258550e+000  5.459229e+000  4.000000e+000
    endloop
  endfacet
  facet normal  7.529004e-001 -6.581345e-001  0.000000e+000
    outer loop
      vertex  6.258550e+000  5.459229e+000  0.000000e+000
      vertex  6.258550e+000  5.459229e+000  4.000000e+000
      vertex  6.143930e+000  5.328105e+000  0.000000e+000
    endloop
  endfacet
  facet normal  7.529004e-001 -6.581345e-001  0.000000e+000
    outer loop
      vertex  6.143930e+000  5.328105e+000  0.000000e+000
      vertex  6.258550e+000  5.459229e+000  4.000000e+000
      vertex  6.143930e+000  5.328105e+000  4.000000e+000
    endloop
  endfacet
  facet normal  7.071068e-001  7.071068e-001  -0.000000e+000
    outer loop
      vertex  6.651060e+000  6.210749e+000  4.000000e+000
      vertex  6.651060e+000  6.210749e+000  0.000000e+000
      vertex  6.210749e+000  6.651060e+000  4.000000e+000
    endloop
  endfacet
  facet normal  7.071068e-001  7.071068e-001  0.000000e+000
    outer loop
      vertex  6.210749e+000  6.651060e+000  4.000000e+000
      vertex  6.651060e+000  6.210749e+000  0.000000e+000
      vertex  6.210749e+000  6.651060e+000  0.000000e+000
    endloop
  endfacet
  facet normal -6.578912e-001  7.531130e-001 -1.809758e-004
    outer loop
      vertex  5.328387e+000  6.144251e+000  0.000000e+000
      vertex  5.332886e+000  6.149142e+000  4.000000e+000
      vertex  5.459229e+000  6.258550e+000  0.000000e+000
    endloop
  endfacet
  facet normal -7.360182e-001  6.769617e-001  0.000000e+000
    outer loop
      vertex  5.328387e+000  6.144251e+000  0.000000e+000
      vertex  5.328387e+000  6.144251e+000  4.000000e+000
      vertex  5.332886e+000  6.149142e+000  4.000000e+000
    endloop
  endfacet
  facet normal -6.423523e-001  7.664093e-001  6.735104e-004
    outer loop
      vertex  5.332886e+000  6.149142e+000  4.000000e+000
      vertex  5.495543e+000  6.285470e+000  4.000000e+000
      vertex  5.459229e+000  6.258550e+000  0.000000e+000
    endloop
  endfacet
  facet normal -5.384917e-001  8.426304e-001 -7.823720e-004
    outer loop
      vertex  5.745773e+000  6.441669e+000  0.000000e+000
      vertex  5.459229e+000  6.258550e+000  0.000000e+000
      vertex  5.495543e+000  6.285470e+000  4.000000e+000
    endloop
  endfacet
  facet normal -5.192408e-001  8.546275e-001  8.904000e-004
    outer loop
      vertex  5.495543e+000  6.285470e+000  4.000000e+000
      vertex  5.801057e+000  6.471089e+000  4.000000e+000
      vertex  5.745773e+000  6.441669e+000  0.000000e+000
    endloop
  endfacet
  facet normal -4.021874e-001  9.155573e-001  0.000000e+000
    outer loop
      vertex  6.210749e+000  6.651060e+000  4.000000e+000
      vertex  6.210749e+000  6.651060e+000  0.000000e+000
      vertex  5.801057e+000  6.471089e+000  4.000000e+000
    endloop
  endfacet
  facet normal -3.560799e-001  9.344390e-001  5.572009e-003
    outer loop
      vertex  5.801057e+000  6.471089e+000  4.000000e+000
      vertex  6.210749e+000  6.651060e+000  0.000000e+000
      vertex  6.136897e+000  6.622917e+000  0.000000e+000
    endloop
  endfacet
  facet normal -4.204540e-001  9.073134e-001 -8.624378e-004
    outer loop
      vertex  5.801057e+000  6.471089e+000  4.000000e+000
      vertex  6.136897e+000  6.622917e+000  0.000000e+000
      vertex  5.745773e+000  6.441669e+000  0.000000e+000
    endloop
  endfacet
  facet normal  6.551672e-001 -7.554839e-001  0.000000e+000
    outer loop
      vertex  5.685019e+000  4.930130e+000  0.000000e+000
      vertex  6.143930e+000  5.328105e+000  0.000000e+000
      vertex  5.685019e+000  4.930130e+000  4.000000e+000
    endloop
  endfacet
  facet normal  6.551672e-001 -7.554839e-001  0.000000e+000
    outer loop
      vertex  5.685019e+000  4.930130e+000  4.000000e+000
      vertex  6.143930e+000  5.328105e+000  0.000000e+000
      vertex  6.143930e+000  5.328105e+000  4.000000e+000
    endloop
  endfacet
  facet normal -7.554811e-001  6.551704e-001  0.000000e+000
    outer loop
      vertex  5.328387e+000  6.144251e+000  0.000000e+000
      vertex  4.930130e+000  5.685019e+000  0.000000e+000
      vertex  5.328387e+000  6.144251e+000  4.000000e+000
    endloop
  endfacet
  facet normal -7.554811e-001  6.551704e-001  0.000000e+000
    outer loop
      vertex  5.328387e+000  6.144251e+000  4.000000e+000
      vertex  4.930130e+000  5.685019e+000  0.000000e+000
      vertex  4.930130e+000  5.685019e+000  4.000000e+000
    endloop
  endfacet
  facet normal  9.947744e-001 -1.020971e-001  0.000000e+000
    outer loop
      vertex  4.816970e+000  7.720544e+000  0.000000e+000
      vertex  4.816970e+000  7.720544e+000  4.000000e+000
      vertex  4.808901e+000  7.641924e+000  0.000000e+000
    endloop
  endfacet
  facet normal  9.947744e-001 -1.020971e-001  0.000000e+000
    outer loop
      vertex  4.808901e+000  7.641924e+000  0.000000e+000
      vertex  4.816970e+000  7.720544e+000  4.000000e+000
      vertex  4.808901e+000  7.641924e+000  4.000000e+000
    endloop
  endfacet
  facet normal  9.852192e-001 -1.712984e-001  0.000000e+000
    outer loop
      vertex  4.808901e+000  7.641924e+000  0.000000e+000
      vertex  4.808901e+000  7.641924e+000  4.000000e+000
      vertex  4.735058e+000  7.217217e+000  0.000000e+000
    endloop
  endfacet
  facet normal  9.852192e-001 -1.712984e-001  0.000000e+000
    outer loop
      vertex  4.735058e+000  7.217217e+000  0.000000e+000
      vertex  4.808901e+000  7.641924e+000  4.000000e+000
      vertex  4.735058e+000  7.217217e+000  4.000000e+000
    endloop
  endfacet
  facet normal  9.532909e-001 -3.020536e-001  0.000000e+000
    outer loop
      vertex  4.735058e+000  7.217217e+000  0.000000e+000
      vertex  4.735058e+000  7.217217e+000  4.000000e+000
      vertex  4.632342e+000  6.893043e+000  0.000000e+000
    endloop
  endfacet
  facet normal  9.532909e-001 -3.020536e-001  0.000000e+000
    outer loop
      vertex  4.632342e+000  6.893043e+000  0.000000e+000
      vertex  4.735058e+000  7.217217e+000  4.000000e+000
      vertex  4.632342e+000  6.893043e+000  4.000000e+000
    endloop
  endfacet
  facet normal  8.975834e-001 -4.408448e-001  0.000000e+000
    outer loop
      vertex  4.632342e+000  6.893043e+000  0.000000e+000
      vertex  4.632342e+000  6.893043e+000  4.000000e+000
      vertex  4.555565e+000  6.736721e+000  0.000000e+000
    endloop
  endfacet
  facet normal  8.975834e-001 -4.408448e-001  0.000000e+000
    outer loop
      vertex  4.555565e+000  6.736721e+000  0.000000e+000
      vertex  4.632342e+000  6.893043e+000  4.000000e+000
      vertex  4.555565e+000  6.736721e+000  4.000000e+000
    endloop
  endfacet
  facet normal  5.000002e-001  8.660253e-001  -0.000000e+000
    outer loop
      vertex  4.816970e+000  7.720544e+000  4.000000e+000
      vertex  4.816970e+000  7.720544e+000  0.000000e+000
      vertex  4.277702e+000  8.031891e+000  4.000000e+000
    endloop
  endfacet
  facet normal  5.000002e-001  8.660253e-001  0.000000e+000
    outer loop
      vertex  4.277702e+000  8.031891e+000  4.000000e+000
      vertex  4.816970e+000  7.720544e+000  0.000000e+000
      vertex  4.277702e+000  8.031891e+000  0.000000e+000
    endloop
  endfacet
  facet normal -8.303950e-001  5.571752e-001 -1.808942e-004
    outer loop
      vertex  3.556578e+000  7.313979e+000  0.000000e+000
      vertex  3.559657e+000  7.319867e+000  4.000000e+000
      vertex  3.653379e+000  7.458248e+000  0.000000e+000
    endloop
  endfacet
  facet normal -8.861270e-001  4.634425e-001  0.000000e+000
    outer loop
      vertex  3.556578e+000  7.313979e+000  0.000000e+000
      vertex  3.556578e+000  7.313979e+000  4.000000e+000
      vertex  3.559657e+000  7.319867e+000  4.000000e+000
    endloop
  endfacet
  facet normal -8.188269e-001  5.740402e-001  6.735988e-004
    outer loop
      vertex  3.559657e+000  7.319867e+000  4.000000e+000
      vertex  3.681488e+000  7.493649e+000  4.000000e+000
      vertex  3.653379e+000  7.458248e+000  0.000000e+000
    endloop
  endfacet
  facet normal -7.382313e-001  6.745473e-001 -7.823015e-004
    outer loop
      vertex  3.882764e+000  7.709290e+000  0.000000e+000
      vertex  3.653379e+000  7.458248e+000  0.000000e+000
      vertex  3.681488e+000  7.493649e+000  4.000000e+000
    endloop
  endfacet
  facet normal -7.227421e-001  6.911172e-001  8.903809e-004
    outer loop
      vertex  3.681488e+000  7.493649e+000  4.000000e+000
      vertex  3.928550e+000  7.752017e+000  4.000000e+000
      vertex  3.882764e+000  7.709290e+000  0.000000e+000
    endloop
  endfacet
  facet normal -6.254476e-001  7.802662e-001  0.000000e+000
    outer loop
      vertex  4.277702e+000  8.031891e+000  4.000000e+000
      vertex  4.277702e+000  8.031891e+000  0.000000e+000
      vertex  3.928550e+000  7.752017e+000  4.000000e+000
    endloop
  endfacet
  facet normal -5.858029e-001  8.104345e-001  5.571348e-003
    outer loop
      vertex  3.928550e+000  7.752017e+000  4.000000e+000
      vertex  4.277702e+000  8.031891e+000  0.000000e+000
      vertex  4.213650e+000  7.985592e+000  0.000000e+000
    endloop
  endfacet
  facet normal -6.409573e-001  7.675760e-001 -8.624640e-004
    outer loop
      vertex  3.928550e+000  7.752017e+000  4.000000e+000
      vertex  4.213650e+000  7.985592e+000  0.000000e+000
      vertex  3.882764e+000  7.709290e+000  0.000000e+000
    endloop
  endfacet
  facet normal -8.993095e-001  4.373127e-001  0.000000e+000
    outer loop
      vertex  3.556578e+000  7.313979e+000  0.000000e+000
      vertex  3.290750e+000  6.767318e+000  0.000000e+000
      vertex  3.556578e+000  7.313979e+000  4.000000e+000
    endloop
  endfacet
  facet normal -8.993095e-001  4.373127e-001  0.000000e+000
    outer loop
      vertex  3.556578e+000  7.313979e+000  4.000000e+000
      vertex  3.290750e+000  6.767318e+000  0.000000e+000
      vertex  3.290750e+000  6.767318e+000  4.000000e+000
    endloop
  endfacet
  facet normal  8.283764e-001 -5.601720e-001  0.000000e+000
    outer loop
      vertex  4.215294e+000  6.233531e+000  0.000000e+000
      vertex  4.555565e+000  6.736721e+000  0.000000e+000
      vertex  4.215294e+000  6.233531e+000  4.000000e+000
    endloop
  endfacet
  facet normal  8.283764e-001 -5.601720e-001  0.000000e+000
    outer loop
      vertex  4.215294e+000  6.233531e+000  4.000000e+000
      vertex  4.555565e+000  6.736721e+000  0.000000e+000
      vertex  4.555565e+000  6.736721e+000  4.000000e+000
    endloop
  endfacet
  facet normal  3.548440e-001  9.349256e-001  0.000000e+000
    outer loop
      vertex  2.458305e+000  7.112128e+000  0.000000e+000
      vertex  2.458305e+000  7.112128e+000  4.000000e+000
      vertex  2.879693e+000  6.952193e+000  0.000000e+000
    endloop
  endfacet
  facet normal  3.548440e-001  9.349256e-001  -0.000000e+000
    outer loop
      vertex  2.879693e+000  6.952193e+000  0.000000e+000
      vertex  2.458305e+000  7.112128e+000  4.000000e+000
      vertex  2.879693e+000  6.952193e+000  4.000000e+000
    endloop
  endfacet
  facet normal  4.101801e-001  9.120045e-001  0.000000e+000
    outer loop
      vertex  2.879693e+000  6.952193e+000  0.000000e+000
      vertex  2.879693e+000  6.952193e+000  4.000000e+000
      vertex  3.290750e+000  6.767318e+000  0.000000e+000
    endloop
  endfacet
  facet normal  4.101801e-001  9.120045e-001  -0.000000e+000
    outer loop
      vertex  3.290750e+000  6.767318e+000  0.000000e+000
      vertex  2.879693e+000  6.952193e+000  4.000000e+000
      vertex  3.290750e+000  6.767318e+000  4.000000e+000
    endloop
  endfacet
  facet normal -1.601600e-001  9.870911e-001  0.000000e+000
    outer loop
      vertex -1.427109e+000  7.388436e+000  0.000000e+000
      vertex -1.427109e+000  7.388436e+000  4.000000e+000
      vertex -9.822096e-001  7.460623e+000  0.000000e+000
    endloop
  endfacet
  facet normal -1.601600e-001  9.870911e-001  0.000000e+000
    outer loop
      vertex -9.822096e-001  7.460623e+000  0.000000e+000
      vertex -1.427109e+000  7.388436e+000  4.000000e+000
      vertex -9.822096e-001  7.460623e+000  4.000000e+000
    endloop
  endfacet
  facet normal -1.007751e-001  9.949092e-001  0.000000e+000
    outer loop
      vertex -9.822096e-001  7.460623e+000  0.000000e+000
      vertex -9.822096e-001  7.460623e+000  4.000000e+000
      vertex -5.337864e-001  7.506044e+000  0.000000e+000
    endloop
  endfacet
  facet normal -1.007751e-001  9.949092e-001  0.000000e+000
    outer loop
      vertex -5.337864e-001  7.506044e+000  0.000000e+000
      vertex -9.822096e-001  7.460623e+000  4.000000e+000
      vertex -5.337864e-001  7.506044e+000  4.000000e+000
    endloop
  endfacet
  facet normal  9.451332e-001 -3.266852e-001  0.000000e+000
    outer loop
      vertex  2.458305e+000  7.112128e+000  0.000000e+000
      vertex  2.656747e+000  7.686240e+000  0.000000e+000
      vertex  2.458305e+000  7.112128e+000  4.000000e+000
    endloop
  endfacet
  facet normal  9.451332e-001 -3.266852e-001  0.000000e+000
    outer loop
      vertex  2.458305e+000  7.112128e+000  4.000000e+000
      vertex  2.656747e+000  7.686240e+000  0.000000e+000
      vertex  2.656747e+000  7.686240e+000  4.000000e+000
    endloop
  endfacet
  facet normal  9.873029e-001  1.588489e-001  0.000000e+000
    outer loop
      vertex  2.654612e+000  8.704196e+000  0.000000e+000
      vertex  2.654612e+000  8.704196e+000  4.000000e+000
      vertex  2.667166e+000  8.626167e+000  0.000000e+000
    endloop
  endfacet
  facet normal  9.873029e-001  1.588489e-001  -0.000000e+000
    outer loop
      vertex  2.667166e+000  8.626167e+000  0.000000e+000
      vertex  2.654612e+000  8.704196e+000  4.000000e+000
      vertex  2.667166e+000  8.626167e+000  4.000000e+000
    endloop
  endfacet
  facet normal  9.959840e-001  8.953232e-002  0.000000e+000
    outer loop
      vertex  2.667166e+000  8.626167e+000  0.000000e+000
      vertex  2.667166e+000  8.626167e+000  4.000000e+000
      vertex  2.705762e+000  8.196820e+000  0.000000e+000
    endloop
  endfacet
  facet normal  9.959840e-001  8.953232e-002  -0.000000e+000
    outer loop
      vertex  2.705762e+000  8.196820e+000  0.000000e+000
      vertex  2.667166e+000  8.626167e+000  4.000000e+000
      vertex  2.705762e+000  8.196820e+000  4.000000e+000
    endloop
  endfacet
  facet normal  9.989855e-001 -4.503155e-002  0.000000e+000
    outer loop
      vertex  2.705762e+000  8.196820e+000  0.000000e+000
      vertex  2.705762e+000  8.196820e+000  4.000000e+000
      vertex  2.690449e+000  7.857106e+000  0.000000e+000
    endloop
  endfacet
  facet normal  9.989855e-001 -4.503155e-002  0.000000e+000
    outer loop
      vertex  2.690449e+000  7.857106e+000  0.000000e+000
      vertex  2.705762e+000  8.196820e+000  4.000000e+000
      vertex  2.690449e+000  7.857106e+000  4.000000e+000
    endloop
  endfacet
  facet normal  9.810981e-001 -1.935115e-001  0.000000e+000
    outer loop
      vertex  2.690449e+000  7.857106e+000  0.000000e+000
      vertex  2.690449e+000  7.857106e+000  4.000000e+000
      vertex  2.656747e+000  7.686240e+000  0.000000e+000
    endloop
  endfacet
  facet normal  9.810981e-001 -1.935115e-001  0.000000e+000
    outer loop
      vertex  2.656747e+000  7.686240e+000  0.000000e+000
      vertex  2.690449e+000  7.857106e+000  4.000000e+000
      vertex  2.656747e+000  7.686240e+000  4.000000e+000
    endloop
  endfacet
  facet normal  2.588195e-001  9.659256e-001  -0.000000e+000
    outer loop
      vertex  2.654612e+000  8.704196e+000  4.000000e+000
      vertex  2.654612e+000  8.704196e+000  0.000000e+000
      vertex  2.053137e+000  8.865361e+000  4.000000e+000
    endloop
  endfacet
  facet normal  2.588195e-001  9.659256e-001  0.000000e+000
    outer loop
      vertex  2.053137e+000  8.865361e+000  4.000000e+000
      vertex  2.654612e+000  8.704196e+000  0.000000e+000
      vertex  2.053137e+000  8.865361e+000  0.000000e+000
    endloop
  endfacet
  facet normal -9.463080e-001  3.232664e-001 -1.809586e-004
    outer loop
      vertex  1.542393e+000  7.985271e+000  0.000000e+000
      vertex  1.543844e+000  7.991756e+000  4.000000e+000
      vertex  1.598556e+000  8.149678e+000  0.000000e+000
    endloop
  endfacet
  facet normal -9.758894e-001  2.182656e-001  0.000000e+000
    outer loop
      vertex  1.542393e+000  7.985271e+000  0.000000e+000
      vertex  1.542393e+000  7.985271e+000  4.000000e+000
      vertex  1.543844e+000  7.991756e+000  4.000000e+000
    endloop
  endfacet
  facet normal -9.394981e-001  3.425533e-001  6.736449e-004
    outer loop
      vertex  1.543844e+000  7.991756e+000  4.000000e+000
      vertex  1.616545e+000  8.191149e+000  4.000000e+000
      vertex  1.598556e+000  8.149678e+000  0.000000e+000
    endloop
  endfacet
  facet normal -8.876621e-001  4.604947e-001 -7.822453e-004
    outer loop
      vertex  1.755151e+000  8.451535e+000  0.000000e+000
      vertex  1.598556e+000  8.149678e+000  0.000000e+000
      vertex  1.616545e+000  8.191149e+000  4.000000e+000
    endloop
  endfacet
  facet normal -8.769892e-001  4.805092e-001  8.904624e-004
    outer loop
      vertex  1.616545e+000  8.191149e+000  4.000000e+000
      vertex  1.788318e+000  8.504656e+000  4.000000e+000
      vertex  1.755151e+000  8.451535e+000  0.000000e+000
    endloop
  endfacet
  facet normal -8.060838e-001  5.918013e-001  0.000000e+000
    outer loop
      vertex  2.053137e+000  8.865361e+000  4.000000e+000
      vertex  2.053137e+000  8.865361e+000  0.000000e+000
      vertex  1.788318e+000  8.504656e+000  4.000000e+000
    endloop
  endfacet
  facet normal -7.755923e-001  6.312095e-001  5.572362e-003
    outer loop
      vertex  1.788318e+000  8.504656e+000  4.000000e+000
      vertex  2.053137e+000  8.865361e+000  0.000000e+000
      vertex  2.003249e+000  8.804063e+000  0.000000e+000
    endloop
  endfacet
  facet normal -8.177810e-001  5.755289e-001 -8.623519e-004
    outer loop
      vertex  1.788318e+000  8.504656e+000  4.000000e+000
      vertex  2.003249e+000  8.804063e+000  0.000000e+000
      vertex  1.755151e+000  8.451535e+000  0.000000e+000
    endloop
  endfacet
  facet normal -9.818510e-001  1.896538e-001  0.000000e+000
    outer loop
      vertex  1.542393e+000  7.985271e+000  0.000000e+000
      vertex  1.427109e+000  7.388436e+000  0.000000e+000
      vertex  1.542393e+000  7.985271e+000  4.000000e+000
    endloop
  endfacet
  facet normal -9.818510e-001  1.896538e-001  0.000000e+000
    outer loop
      vertex  1.542393e+000  7.985271e+000  4.000000e+000
      vertex  1.427109e+000  7.388436e+000  0.000000e+000
      vertex  1.427109e+000  7.388436e+000  4.000000e+000
    endloop
  endfacet
  facet normal  1.007751e-001  9.949092e-001  0.000000e+000
    outer loop
      vertex  5.337864e-001  7.506044e+000  0.000000e+000
      vertex  5.337864e-001  7.506044e+000  4.000000e+000
      vertex  9.822096e-001  7.460623e+000  0.000000e+000
    endloop
  endfacet
  facet normal  1.007751e-001  9.949092e-001  -0.000000e+000
    outer loop
      vertex  9.822096e-001  7.460623e+000  0.000000e+000
      vertex  5.337864e-001  7.506044e+000  4.000000e+000
      vertex  9.822096e-001  7.460623e+000  4.000000e+000
    endloop
  endfacet
  facet normal  1.601600e-001  9.870911e-001  0.000000e+000
    outer loop
      vertex  9.822096e-001  7.460623e+000  0.000000e+000
      vertex  9.822096e-001  7.460623e+000  4.000000e+000
      vertex  1.427109e+000  7.388436e+000  0.000000e+000
    endloop
  endfacet
  facet normal  1.601600e-001  9.870911e-001  -0.000000e+000
    outer loop
      vertex  1.427109e+000  7.388436e+000  0.000000e+000
      vertex  9.822096e-001  7.460623e+000  4.000000e+000
      vertex  1.427109e+000  7.388436e+000  4.000000e+000
    endloop
  endfacet
  facet normal  9.125491e-001  4.089672e-001  0.000000e+000
    outer loop
      vertex  3.113467e-001  9.094672e+000  0.000000e+000
      vertex  3.113467e-001  9.094672e+000  4.000000e+000
      vertex  3.436687e-001  9.022551e+000  0.000000e+000
    endloop
  endfacet
  facet normal  9.125491e-001  4.089672e-001  -0.000000e+000
    outer loop
      vertex  3.436687e-001  9.022551e+000  0.000000e+000
      vertex  3.113467e-001  9.094672e+000  4.000000e+000
      vertex  3.436687e-001  9.022551e+000  4.000000e+000
    endloop
  endfacet
  facet normal  9.388738e-001  3.442614e-001  0.000000e+000
    outer loop
      vertex  3.436687e-001  9.022551e+000  0.000000e+000
      vertex  3.436687e-001  9.022551e+000  4.000000e+000
      vertex  4.920723e-001  8.617823e+000  0.000000e+000
    endloop
  endfacet
  facet normal  9.388738e-001  3.442614e-001  -0.000000e+000
    outer loop
      vertex  4.920723e-001  8.617823e+000  0.000000e+000
      vertex  3.436687e-001  9.022551e+000  4.000000e+000
      vertex  4.920723e-001  8.617823e+000  4.000000e+000
    endloop
  endfacet
  facet normal  9.766011e-001  2.150590e-001  0.000000e+000
    outer loop
      vertex  4.920723e-001  8.617823e+000  0.000000e+000
      vertex  4.920723e-001  8.617823e+000  4.000000e+000
      vertex  5.652050e-001  8.285721e+000  0.000000e+000
    endloop
  endfacet
  facet normal  9.766011e-001  2.150590e-001  -0.000000e+000
    outer loop
      vertex  5.652050e-001  8.285721e+000  0.000000e+000
      vertex  4.920723e-001  8.617823e+000  4.000000e+000
      vertex  5.652050e-001  8.285721e+000  4.000000e+000
    endloop
  endfacet
  facet normal  9.977523e-001  6.700924e-002  0.000000e+000
    outer loop
      vertex  5.652050e-001  8.285721e+000  0.000000e+000
      vertex  5.652050e-001  8.285721e+000  4.000000e+000
      vertex  5.768752e-001  8.111954e+000  0.000000e+000
    endloop
  endfacet
  facet normal  9.977523e-001  6.700924e-002  -0.000000e+000
    outer loop
      vertex  5.768752e-001  8.111954e+000  0.000000e+000
      vertex  5.652050e-001  8.285721e+000  4.000000e+000
      vertex  5.768752e-001  8.111954e+000  4.000000e+000
    endloop
  endfacet
  facet normal  0.000000e+000  9.999999e-001  -0.000000e+000
    outer loop
      vertex  3.113467e-001  9.094672e+000  4.000000e+000
      vertex  3.113467e-001  9.094672e+000  0.000000e+000
      vertex -3.113467e-001  9.094672e+000  4.000000e+000
    endloop
  endfacet
  facet normal  0.000000e+000  9.999999e-001  0.000000e+000
    outer loop
      vertex -3.113467e-001  9.094672e+000  4.000000e+000
      vertex  3.113467e-001  9.094672e+000  0.000000e+000
      vertex -3.113467e-001  9.094672e+000  0.000000e+000
    endloop
  endfacet
  facet normal -9.977307e-001  6.733005e-002 -1.809666e-004
    outer loop
      vertex -5.769026e-001  8.112380e+000  0.000000e+000
      vertex -5.771800e-001  8.119020e+000  4.000000e+000
      vertex -5.652050e-001  8.285721e+000  0.000000e+000
    endloop
  endfacet
  facet normal -9.991280e-001 -4.175292e-002  -0.000000e+000
    outer loop
      vertex -5.769026e-001  8.112380e+000  0.000000e+000
      vertex -5.769026e-001  8.112380e+000  4.000000e+000
      vertex -5.771800e-001  8.119020e+000  4.000000e+000
    endloop
  endfacet
  facet normal -9.961449e-001  8.772127e-002  6.735919e-004
    outer loop
      vertex -5.771800e-001  8.119020e+000  4.000000e+000
      vertex -5.585626e-001  8.330435e+000  4.000000e+000
      vertex -5.652050e-001  8.285721e+000  0.000000e+000
    endloop
  endfacet
  facet normal -9.766008e-001  2.150590e-001 -7.823063e-004
    outer loop
      vertex -4.920723e-001  8.617823e+000  0.000000e+000
      vertex -5.652050e-001  8.285721e+000  0.000000e+000
      vertex -5.585626e-001  8.330435e+000  4.000000e+000
    endloop
  endfacet
  facet normal -9.714717e-001  2.371538e-001  8.904019e-004
    outer loop
      vertex -5.585626e-001  8.330435e+000  4.000000e+000
      vertex -4.737845e-001  8.677718e+000  4.000000e+000
      vertex -4.920723e-001  8.617823e+000  0.000000e+000
    endloop
  endfacet
  facet normal -9.317864e-001  3.630071e-001  0.000000e+000
    outer loop
      vertex -3.113467e-001  9.094672e+000  4.000000e+000
      vertex -3.113467e-001  9.094672e+000  0.000000e+000
      vertex -4.737845e-001  8.677718e+000  4.000000e+000
    endloop
  endfacet
  facet normal -9.125350e-001  4.089608e-001  5.571931e-003
    outer loop
      vertex -4.737845e-001  8.677718e+000  4.000000e+000
      vertex -3.113467e-001  9.094672e+000  0.000000e+000
      vertex -3.436687e-001  9.022551e+000  0.000000e+000
    endloop
  endfacet
  facet normal -9.388735e-001  3.442613e-001 -8.624491e-004
    outer loop
      vertex -4.737845e-001  8.677718e+000  4.000000e+000
      vertex -3.436687e-001  9.022551e+000  0.000000e+000
      vertex -4.920723e-001  8.617823e+000  0.000000e+000
    endloop
  endfacet
  facet normal  9.974809e-001 -7.093516e-002  0.000000e+000
    outer loop
      vertex  5.337864e-001  7.506044e+000  0.000000e+000
      vertex  5.768752e-001  8.111954e+000  0.000000e+000
      vertex  5.337864e-001  7.506044e+000  4.000000e+000
    endloop
  endfacet
  facet normal  9.974809e-001 -7.093516e-002  0.000000e+000
    outer loop
      vertex  5.337864e-001  7.506044e+000  4.000000e+000
      vertex  5.768752e-001  8.111954e+000  0.000000e+000
      vertex  5.768752e-001  8.111954e+000  4.000000e+000
    endloop
  endfacet
  facet normal -9.974812e-001 -7.093032e-002  0.000000e+000
    outer loop
      vertex -5.769026e-001  8.112380e+000  0.000000e+000
      vertex -5.337864e-001  7.506044e+000  0.000000e+000
      vertex -5.769026e-001  8.112380e+000  4.000000e+000
    endloop
  endfacet
  facet normal -9.974812e-001 -7.093032e-002  0.000000e+000
    outer loop
      vertex -5.769026e-001  8.112380e+000  4.000000e+000
      vertex -5.337864e-001  7.506044e+000  0.000000e+000
      vertex -5.337864e-001  7.506044e+000  4.000000e+000
    endloop
  endfacet
  facet normal  7.756044e-001  6.312193e-001  0.000000e+000
    outer loop
      vertex -2.053137e+000  8.865361e+000  0.000000e+000
      vertex -2.053137e+000  8.865361e+000  4.000000e+000
      vertex -2.003249e+000  8.804063e+000  0.000000e+000
    endloop
  endfacet
  facet normal  7.756044e-001  6.312193e-001  -0.000000e+000
    outer loop
      vertex -2.003249e+000  8.804063e+000  0.000000e+000
      vertex -2.053137e+000  8.865361e+000  4.000000e+000
      vertex -2.003249e+000  8.804063e+000  4.000000e+000
    endloop
  endfacet
  facet normal  8.177813e-001  5.755292e-001  0.000000e+000
    outer loop
      vertex -2.003249e+000  8.804063e+000  0.000000e+000
      vertex -2.003249e+000  8.804063e+000  4.000000e+000
      vertex -1.755151e+000  8.451535e+000  0.000000e+000
    endloop
  endfacet
  facet normal  8.177813e-001  5.755292e-001  -0.000000e+000
    outer loop
      vertex -1.755151e+000  8.451535e+000  0.000000e+000
      vertex -2.003249e+000  8.804063e+000  4.000000e+000
      vertex -1.755151e+000  8.451535e+000  4.000000e+000
    endloop
  endfacet
  facet normal  8.876624e-001  4.604948e-001  0.000000e+000
    outer loop
      vertex -1.755151e+000  8.451535e+000  0.000000e+000
      vertex -1.755151e+000  8.451535e+000  4.000000e+000
      vertex -1.598556e+000  8.149678e+000  0.000000e+000
    endloop
  endfacet
  facet normal  8.876624e-001  4.604948e-001  -0.000000e+000
    outer loop
      vertex -1.598556e+000  8.149678e+000  0.000000e+000
      vertex -1.755151e+000  8.451535e+000  4.000000e+000
      vertex -1.598556e+000  8.149678e+000  4.000000e+000
    endloop
  endfacet
  facet normal  9.464117e-001  3.229625e-001  0.000000e+000
    outer loop
      vertex -1.598556e+000  8.149678e+000  0.000000e+000
      vertex -1.598556e+000  8.149678e+000  4.000000e+000
      vertex -1.542310e+000  7.984852e+000  0.000000e+000
    endloop
  endfacet
  facet normal  9.464117e-001  3.229625e-001  -0.000000e+000
    outer loop
      vertex -1.542310e+000  7.984852e+000  0.000000e+000
      vertex -1.598556e+000  8.149678e+000  4.000000e+000
      vertex -1.542310e+000  7.984852e+000  4.000000e+000
    endloop
  endfacet
  facet normal -2.588195e-001  9.659256e-001  0.000000e+000
    outer loop
      vertex -2.053137e+000  8.865361e+000  4.000000e+000
      vertex -2.053137e+000  8.865361e+000  0.000000e+000
      vertex -2.654612e+000  8.704196e+000  4.000000e+000
    endloop
  endfacet
  facet normal -2.588195e-001  9.659256e-001  0.000000e+000
    outer loop
      vertex -2.654612e+000  8.704196e+000  4.000000e+000
      vertex -2.053137e+000  8.865361e+000  0.000000e+000
      vertex -2.654612e+000  8.704196e+000  0.000000e+000
    endloop
  endfacet
  facet normal -9.811600e-001 -1.931965e-001 -1.809827e-004
    outer loop
      vertex -2.656883e+000  7.686644e+000  0.000000e+000
      vertex -2.658870e+000  7.692986e+000  4.000000e+000
      vertex -2.690449e+000  7.857106e+000  0.000000e+000
    endloop
  endfacet
  facet normal -9.542742e-001 -2.989327e-001  -0.000000e+000
    outer loop
      vertex -2.656883e+000  7.686644e+000  0.000000e+000
      vertex -2.656883e+000  7.686644e+000  4.000000e+000
      vertex -2.658870e+000  7.692986e+000  4.000000e+000
    endloop
  endfacet
  facet normal -9.849060e-001 -1.730894e-001  6.735876e-004
    outer loop
      vertex -2.658870e+000  7.692986e+000  4.000000e+000
      vertex -2.695605e+000  7.902015e+000  4.000000e+000
      vertex -2.690449e+000  7.857106e+000  0.000000e+000
    endloop
  endfacet
  facet normal -9.989853e-001 -4.503154e-002 -7.823003e-004
    outer loop
      vertex -2.705762e+000  8.196820e+000  0.000000e+000
      vertex -2.690449e+000  7.857106e+000  0.000000e+000
      vertex -2.695605e+000  7.902015e+000  4.000000e+000
    endloop
  endfacet
  facet normal -9.997496e-001 -2.236183e-002  8.904272e-004
    outer loop
      vertex -2.695605e+000  7.902015e+000  4.000000e+000
      vertex -2.703599e+000  8.259407e+000  4.000000e+000
      vertex -2.705762e+000  8.196820e+000  0.000000e+000
    endloop
  endfacet
  facet normal -9.939898e-001  1.094732e-001  0.000000e+000
    outer loop
      vertex -2.654612e+000  8.704196e+000  4.000000e+000
      vertex -2.654612e+000  8.704196e+000  0.000000e+000
      vertex -2.703599e+000  8.259407e+000  4.000000e+000
    endloop
  endfacet
  facet normal -9.872876e-001  1.588464e-001  5.572242e-003
    outer loop
      vertex -2.703599e+000  8.259407e+000  4.000000e+000
      vertex -2.654612e+000  8.704196e+000  0.000000e+000
      vertex -2.667166e+000  8.626167e+000  0.000000e+000
    endloop
  endfacet
  facet normal -9.959835e-001  8.953229e-002 -8.623828e-004
    outer loop
      vertex -2.703599e+000  8.259407e+000  4.000000e+000
      vertex -2.667166e+000  8.626167e+000  0.000000e+000
      vertex -2.705762e+000  8.196820e+000  0.000000e+000
    endloop
  endfacet
  facet normal -9.451348e-001 -3.266806e-001  0.000000e+000
    outer loop
      vertex -2.656883e+000  7.686644e+000  0.000000e+000
      vertex -2.458305e+000  7.112128e+000  0.000000e+000
      vertex -2.656883e+000  7.686644e+000  4.000000e+000
    endloop
  endfacet
  facet normal -9.451348e-001 -3.266806e-001  0.000000e+000
    outer loop
      vertex -2.656883e+000  7.686644e+000  4.000000e+000
      vertex -2.458305e+000  7.112128e+000  0.000000e+000
      vertex -2.458305e+000  7.112128e+000  4.000000e+000
    endloop
  endfacet
  facet normal  9.818519e-001  1.896489e-001  0.000000e+000
    outer loop
      vertex -1.427109e+000  7.388436e+000  0.000000e+000
      vertex -1.542310e+000  7.984852e+000  0.000000e+000
      vertex -1.427109e+000  7.388436e+000  4.000000e+000
    endloop
  endfacet
  facet normal  9.818519e-001  1.896489e-001  0.000000e+000
    outer loop
      vertex -1.427109e+000  7.388436e+000  4.000000e+000
      vertex -1.542310e+000  7.984852e+000  0.000000e+000
      vertex -1.542310e+000  7.984852e+000  4.000000e+000
    endloop
  endfacet
  facet normal -4.101801e-001  9.120045e-001  0.000000e+000
    outer loop
      vertex -3.290750e+000  6.767318e+000  0.000000e+000
      vertex -3.290750e+000  6.767318e+000  4.000000e+000
      vertex -2.879693e+000  6.952193e+000  0.000000e+000
    endloop
  endfacet
  facet normal -4.101801e-001  9.120045e-001  0.000000e+000
    outer loop
      vertex -2.879693e+000  6.952193e+000  0.000000e+000
      vertex -3.290750e+000  6.767318e+000  4.000000e+000
      vertex -2.879693e+000  6.952193e+000  4.000000e+000
    endloop
  endfacet
  facet normal -3.548440e-001  9.349256e-001  0.000000e+000
    outer loop
      vertex -2.879693e+000  6.952193e+000  0.000000e+000
      vertex -2.879693e+000  6.952193e+000  4.000000e+000
      vertex -2.458305e+000  7.112128e+000  0.000000e+000
    endloop
  endfacet
  facet normal -3.548440e-001  9.349256e-001  0.000000e+000
    outer loop
      vertex -2.458305e+000  7.112128e+000  0.000000e+000
      vertex -2.879693e+000  6.952193e+000  4.000000e+000
      vertex -2.458305e+000  7.112128e+000  4.000000e+000
    endloop
  endfacet
  facet normal -8.112292e-001  5.847283e-001  0.000000e+000
    outer loop
      vertex -6.233531e+000  4.215294e+000  0.000000e+000
      vertex -6.233531e+000  4.215294e+000  4.000000e+000
      vertex -5.969984e+000  4.580930e+000  0.000000e+000
    endloop
  endfacet
  facet normal -8.112292e-001  5.847283e-001  0.000000e+000
    outer loop
      vertex -5.969984e+000  4.580930e+000  0.000000e+000
      vertex -6.233531e+000  4.215294e+000  4.000000e+000
      vertex -5.969984e+000  4.580930e+000  4.000000e+000
    endloop
  endfacet
  facet normal -7.747659e-001  6.322483e-001  0.000000e+000
    outer loop
      vertex -5.969984e+000  4.580930e+000  0.000000e+000
      vertex -5.969984e+000  4.580930e+000  4.000000e+000
      vertex -5.685019e+000  4.930130e+000  0.000000e+000
    endloop
  endfacet
  facet normal -7.747659e-001  6.322483e-001  0.000000e+000
    outer loop
      vertex -5.685019e+000  4.930130e+000  0.000000e+000
      vertex -5.969984e+000  4.580930e+000  4.000000e+000
      vertex -5.685019e+000  4.930130e+000  4.000000e+000
    endloop
  endfacet
  facet normal  8.993115e-001  4.373086e-001  0.000000e+000
    outer loop
      vertex -3.290750e+000  6.767318e+000  0.000000e+000
      vertex -3.556388e+000  7.313596e+000  0.000000e+000
      vertex -3.290750e+000  6.767318e+000  4.000000e+000
    endloop
  endfacet
  facet normal  8.993115e-001  4.373086e-001  0.000000e+000
    outer loop
      vertex -3.290750e+000  6.767318e+000  4.000000e+000
      vertex -3.556388e+000  7.313596e+000  0.000000e+000
      vertex -3.556388e+000  7.313596e+000  4.000000e+000
    endloop
  endfacet
  facet normal  5.858119e-001  8.104470e-001  0.000000e+000
    outer loop
      vertex -4.277702e+000  8.031891e+000  0.000000e+000
      vertex -4.277702e+000  8.031891e+000  4.000000e+000
      vertex -4.213650e+000  7.985592e+000  0.000000e+000
    endloop
  endfacet
  facet normal  5.858119e-001  8.104470e-001  -0.000000e+000
    outer loop
      vertex -4.213650e+000  7.985592e+000  0.000000e+000
      vertex -4.277702e+000  8.031891e+000  4.000000e+000
      vertex -4.213650e+000  7.985592e+000  4.000000e+000
    endloop
  endfacet
  facet normal  6.409575e-001  7.675763e-001  0.000000e+000
    outer loop
      vertex -4.213650e+000  7.985592e+000  0.000000e+000
      vertex -4.213650e+000  7.985592e+000  4.000000e+000
      vertex -3.882764e+000  7.709290e+000  0.000000e+000
    endloop
  endfacet
  facet normal  6.409575e-001  7.675763e-001  -0.000000e+000
    outer loop
      vertex -3.882764e+000  7.709290e+000  0.000000e+000
      vertex -4.213650e+000  7.985592e+000  4.000000e+000
      vertex -3.882764e+000  7.709290e+000  4.000000e+000
    endloop
  endfacet
  facet normal  7.382315e-001  6.745475e-001  0.000000e+000
    outer loop
      vertex -3.882764e+000  7.709290e+000  0.000000e+000
      vertex -3.882764e+000  7.709290e+000  4.000000e+000
      vertex -3.653379e+000  7.458248e+000  0.000000e+000
    endloop
  endfacet
  facet normal  7.382315e-001  6.745475e-001  -0.000000e+000
    outer loop
      vertex -3.653379e+000  7.458248e+000  0.000000e+000
      vertex -3.882764e+000  7.709290e+000  4.000000e+000
      vertex -3.653379e+000  7.458248e+000  4.000000e+000
    endloop
  endfacet
  facet normal  8.305746e-001  5.569074e-001  0.000000e+000
    outer loop
      vertex -3.653379e+000  7.458248e+000  0.000000e+000
      vertex -3.653379e+000  7.458248e+000  4.000000e+000
      vertex -3.556388e+000  7.313596e+000  0.000000e+000
    endloop
  endfacet
  facet normal  8.305746e-001  5.569074e-001  -0.000000e+000
    outer loop
      vertex -3.556388e+000  7.313596e+000  0.000000e+000
      vertex -3.653379e+000  7.458248e+000  4.000000e+000
      vertex -3.556388e+000  7.313596e+000  4.000000e+000
    endloop
  endfacet
  facet normal -5.000002e-001  8.660253e-001  0.000000e+000
    outer loop
      vertex -4.277702e+000  8.031891e+000  4.000000e+000
      vertex -4.277702e+000  8.031891e+000  0.000000e+000
      vertex -4.816970e+000  7.720544e+000  4.000000e+000
    endloop
  endfacet
  facet normal -5.000002e-001  8.660253e-001  0.000000e+000
    outer loop
      vertex -4.816970e+000  7.720544e+000  4.000000e+000
      vertex -4.277702e+000  8.031891e+000  0.000000e+000
      vertex -4.816970e+000  7.720544e+000  0.000000e+000
    endloop
  endfacet
  facet normal -8.977256e-001 -4.405549e-001 -1.809562e-004
    outer loop
      vertex -4.555802e+000  6.737076e+000  0.000000e+000
      vertex -4.559362e+000  6.742687e+000  4.000000e+000
      vertex -4.632342e+000  6.893043e+000  0.000000e+000
    endloop
  endfacet
  facet normal -8.443993e-001 -5.357143e-001  -0.000000e+000
    outer loop
      vertex -4.555802e+000  6.737076e+000  0.000000e+000
      vertex -4.555802e+000  6.737076e+000  4.000000e+000
      vertex -4.559362e+000  6.742687e+000  4.000000e+000
    endloop
  endfacet
  facet normal -9.065475e-001 -4.221033e-001  6.735706e-004
    outer loop
      vertex -4.559362e+000  6.742687e+000  4.000000e+000
      vertex -4.648947e+000  6.935087e+000  4.000000e+000
      vertex -4.632342e+000  6.893043e+000  0.000000e+000
    endloop
  endfacet
  facet normal -9.532906e-001 -3.020535e-001 -7.823133e-004
    outer loop
      vertex -4.735058e+000  7.217217e+000  0.000000e+000
      vertex -4.632342e+000  6.893043e+000  0.000000e+000
      vertex -4.648947e+000  6.935087e+000  4.000000e+000
    endloop
  endfacet
  facet normal -9.598961e-001 -2.803545e-001  8.903787e-004
    outer loop
      vertex -4.648947e+000  6.935087e+000  4.000000e+000
      vertex -4.749168e+000  7.278232e+000  4.000000e+000
      vertex -4.735058e+000  7.217217e+000  0.000000e+000
    endloop
  endfacet
  facet normal -9.884542e-001 -1.515201e-001  0.000000e+000
    outer loop
      vertex -4.816970e+000  7.720544e+000  4.000000e+000
      vertex -4.816970e+000  7.720544e+000  0.000000e+000
      vertex -4.749168e+000  7.278232e+000  4.000000e+000
    endloop
  endfacet
  facet normal -9.947590e-001 -1.020956e-001  5.572133e-003
    outer loop
      vertex -4.749168e+000  7.278232e+000  4.000000e+000
      vertex -4.816970e+000  7.720544e+000  0.000000e+000
      vertex -4.808901e+000  7.641924e+000  0.000000e+000
    endloop
  endfacet
  facet normal -9.852189e-001 -1.712984e-001 -8.624534e-004
    outer loop
      vertex -4.749168e+000  7.278232e+000  4.000000e+000
      vertex -4.808901e+000  7.641924e+000  0.000000e+000
      vertex -4.735058e+000  7.217217e+000  0.000000e+000
    endloop
  endfacet
  facet normal -8.283788e-001 -5.601683e-001  0.000000e+000
    outer loop
      vertex -4.555802e+000  6.737076e+000  0.000000e+000
      vertex -4.215294e+000  6.233531e+000  0.000000e+000
      vertex -4.555802e+000  6.737076e+000  4.000000e+000
    endloop
  endfacet
  facet normal -8.283788e-001 -5.601683e-001  0.000000e+000
    outer loop
      vertex -4.555802e+000  6.737076e+000  4.000000e+000
      vertex -4.215294e+000  6.233531e+000  0.000000e+000
      vertex -4.215294e+000  6.233531e+000  4.000000e+000
    endloop
  endfacet
  facet normal -6.322483e-001  7.747659e-001  0.000000e+000
    outer loop
      vertex -4.930130e+000  5.685019e+000  0.000000e+000
      vertex -4.930130e+000  5.685019e+000  4.000000e+000
      vertex -4.580930e+000  5.969984e+000  0.000000e+000
    endloop
  endfacet
  facet normal -6.322483e-001  7.747659e-001  0.000000e+000
    outer loop
      vertex -4.580930e+000  5.969984e+000  0.000000e+000
      vertex -4.930130e+000  5.685019e+000  4.000000e+000
      vertex -4.580930e+000  5.969984e+000  4.000000e+000
    endloop
  endfacet
  facet normal -5.847283e-001  8.112292e-001  0.000000e+000
    outer loop
      vertex -4.580930e+000  5.969984e+000  0.000000e+000
      vertex -4.580930e+000  5.969984e+000  4.000000e+000
      vertex -4.215294e+000  6.233531e+000  0.000000e+000
    endloop
  endfacet
  facet normal -5.847283e-001  8.112292e-001  0.000000e+000
    outer loop
      vertex -4.215294e+000  6.233531e+000  0.000000e+000
      vertex -4.580930e+000  5.969984e+000  4.000000e+000
      vertex -4.215294e+000  6.233531e+000  4.000000e+000
    endloop
  endfacet
  facet normal  3.560854e-001  9.344534e-001  0.000000e+000
    outer loop
      vertex -6.210749e+000  6.651060e+000  0.000000e+000
      vertex -6.210749e+000  6.651060e+000  4.000000e+000
      vertex -6.136897e+000  6.622917e+000  0.000000e+000
    endloop
  endfacet
  facet normal  3.560854e-001  9.344534e-001  -0.000000e+000
    outer loop
      vertex -6.136897e+000  6.622917e+000  0.000000e+000
      vertex -6.210749e+000  6.651060e+000  4.000000e+000
      vertex -6.136897e+000  6.622917e+000  4.000000e+000
    endloop
  endfacet
  facet normal  4.204541e-001  9.073138e-001  0.000000e+000
    outer loop
      vertex -6.136897e+000  6.622917e+000  0.000000e+000
      vertex -6.136897e+000  6.622917e+000  4.000000e+000
      vertex -5.745773e+000  6.441669e+000  0.000000e+000
    endloop
  endfacet
  facet normal  4.204541e-001  9.073138e-001  -0.000000e+000
    outer loop
      vertex -5.745773e+000  6.441669e+000  0.000000e+000
      vertex -6.136897e+000  6.622917e+000  4.000000e+000
      vertex -5.745773e+000  6.441669e+000  4.000000e+000
    endloop
  endfacet
  facet normal  5.384918e-001  8.426306e-001  0.000000e+000
    outer loop
      vertex -5.745773e+000  6.441669e+000  0.000000e+000
      vertex -5.745773e+000  6.441669e+000  4.000000e+000
      vertex -5.459229e+000  6.258550e+000  0.000000e+000
    endloop
  endfacet
  facet normal  5.384918e-001  8.426306e-001  -0.000000e+000
    outer loop
      vertex -5.459229e+000  6.258550e+000  0.000000e+000
      vertex -5.745773e+000  6.441669e+000  4.000000e+000
      vertex -5.459229e+000  6.258550e+000  4.000000e+000
    endloop
  endfacet
  facet normal  6.581345e-001  7.529004e-001  0.000000e+000
    outer loop
      vertex -5.459229e+000  6.258550e+000  0.000000e+000
      vertex -5.459229e+000  6.258550e+000  4.000000e+000
      vertex -5.328105e+000  6.143930e+000  0.000000e+000
    endloop
  endfacet
  facet normal  6.581345e-001  7.529004e-001  -0.000000e+000
    outer loop
      vertex -5.328105e+000  6.143930e+000  0.000000e+000
      vertex -5.459229e+000  6.258550e+000  4.000000e+000
      vertex -5.328105e+000  6.143930e+000  4.000000e+000
    endloop
  endfacet
  facet normal -7.071068e-001  7.071068e-001  0.000000e+000
    outer loop
      vertex -6.210749e+000  6.651060e+000  4.000000e+000
      vertex -6.210749e+000  6.651060e+000  0.000000e+000
      vertex -6.651060e+000  6.210749e+000  4.000000e+000
    endloop
  endfacet
  facet normal -7.071068e-001  7.071068e-001  0.000000e+000
    outer loop
      vertex -6.651060e+000  6.210749e+000  4.000000e+000
      vertex -6.210749e+000  6.651060e+000  0.000000e+000
      vertex -6.651060e+000  6.210749e+000  0.000000e+000
    endloop
  endfacet
  facet normal -7.531130e-001 -6.578912e-001 -1.809758e-004
    outer loop
      vertex -6.144251e+000  5.328387e+000  0.000000e+000
      vertex -6.149142e+000  5.332886e+000  4.000000e+000
      vertex -6.258550e+000  5.459229e+000  0.000000e+000
    endloop
  endfacet
  facet normal -6.769617e-001 -7.360182e-001  -0.000000e+000
    outer loop
      vertex -6.144251e+000  5.328387e+000  0.000000e+000
      vertex -6.144251e+000  5.328387e+000  4.000000e+000
      vertex -6.149142e+000  5.332886e+000  4.000000e+000
    endloop
  endfacet
  facet normal -7.664093e-001 -6.423523e-001  6.735104e-004
    outer loop
      vertex -6.149142e+000  5.332886e+000  4.000000e+000
      vertex -6.285470e+000  5.495543e+000  4.000000e+000
      vertex -6.258550e+000  5.459229e+000  0.000000e+000
    endloop
  endfacet
  facet normal -8.426304e-001 -5.384917e-001 -7.823720e-004
    outer loop
      vertex -6.441669e+000  5.745773e+000  0.000000e+000
      vertex -6.258550e+000  5.459229e+000  0.000000e+000
      vertex -6.285470e+000  5.495543e+000  4.000000e+000
    endloop
  endfacet
  facet normal -8.546275e-001 -5.192408e-001  8.904000e-004
    outer loop
      vertex -6.285470e+000  5.495543e+000  4.000000e+000
      vertex -6.471089e+000  5.801057e+000  4.000000e+000
      vertex -6.441669e+000  5.745773e+000  0.000000e+000
    endloop
  endfacet
  facet normal -9.155573e-001 -4.021874e-001  0.000000e+000
    outer loop
      vertex -6.651060e+000  6.210749e+000  4.000000e+000
      vertex -6.651060e+000  6.210749e+000  0.000000e+000
      vertex -6.471089e+000  5.801057e+000  4.000000e+000
    endloop
  endfacet
  facet normal -9.344390e-001 -3.560799e-001  5.572009e-003
    outer loop
      vertex -6.471089e+000  5.801057e+000  4.000000e+000
      vertex -6.651060e+000  6.210749e+000  0.000000e+000
      vertex -6.622917e+000  6.136897e+000  0.000000e+000
    endloop
  endfacet
  facet normal -9.073134e-001 -4.204540e-001 -8.624378e-004
    outer loop
      vertex -6.471089e+000  5.801057e+000  4.000000e+000
      vertex -6.622917e+000  6.136897e+000  0.000000e+000
      vertex -6.441669e+000  5.745773e+000  0.000000e+000
    endloop
  endfacet
  facet normal  7.554839e-001  6.551672e-001  0.000000e+000
    outer loop
      vertex -4.930130e+000  5.685019e+000  0.000000e+000
      vertex -5.328105e+000  6.143930e+000  0.000000e+000
      vertex -4.930130e+000  5.685019e+000  4.000000e+000
    endloop
  endfacet
  facet normal  7.554839e-001  6.551672e-001  0.000000e+000
    outer loop
      vertex -4.930130e+000  5.685019e+000  4.000000e+000
      vertex -5.328105e+000  6.143930e+000  0.000000e+000
      vertex -5.328105e+000  6.143930e+000  4.000000e+000
    endloop
  endfacet
  facet normal -6.551704e-001 -7.554811e-001  0.000000e+000
    outer loop
      vertex -6.144251e+000  5.328387e+000  0.000000e+000
      vertex -5.685019e+000  4.930130e+000  0.000000e+000
      vertex -6.144251e+000  5.328387e+000  4.000000e+000
    endloop
  endfacet
  facet normal -6.551704e-001 -7.554811e-001  0.000000e+000
    outer loop
      vertex -6.144251e+000  5.328387e+000  4.000000e+000
      vertex -5.685019e+000  4.930130e+000  0.000000e+000
      vertex -5.685019e+000  4.930130e+000  4.000000e+000
    endloop
  endfacet
  facet normal  1.020971e-001  9.947744e-001  0.000000e+000
    outer loop
      vertex -7.720544e+000  4.816970e+000  0.000000e+000
      vertex -7.720544e+000  4.816970e+000  4.000000e+000
      vertex -7.641924e+000  4.808901e+000  0.000000e+000
    endloop
  endfacet
  facet normal  1.020971e-001  9.947744e-001  -0.000000e+000
    outer loop
      vertex -7.641924e+000  4.808901e+000  0.000000e+000
      vertex -7.720544e+000  4.816970e+000  4.000000e+000
      vertex -7.641924e+000  4.808901e+000  4.000000e+000
    endloop
  endfacet
  facet normal  1.712984e-001  9.852192e-001  0.000000e+000
    outer loop
      vertex -7.641924e+000  4.808901e+000  0.000000e+000
      vertex -7.641924e+000  4.808901e+000  4.000000e+000
      vertex -7.217217e+000  4.735058e+000  0.000000e+000
    endloop
  endfacet
  facet normal  1.712984e-001  9.852192e-001  -0.000000e+000
    outer loop
      vertex -7.217217e+000  4.735058e+000  0.000000e+000
      vertex -7.641924e+000  4.808901e+000  4.000000e+000
      vertex -7.217217e+000  4.735058e+000  4.000000e+000
    endloop
  endfacet
  facet normal  3.020536e-001  9.532909e-001  0.000000e+000
    outer loop
      vertex -7.217217e+000  4.735058e+000  0.000000e+000
      vertex -7.217217e+000  4.735058e+000  4.000000e+000
      vertex -6.893043e+000  4.632342e+000  0.000000e+000
    endloop
  endfacet
  facet normal  3.020536e-001  9.532909e-001  -0.000000e+000
    outer loop
      vertex -6.893043e+000  4.632342e+000  0.000000e+000
      vertex -7.217217e+000  4.735058e+000  4.000000e+000
      vertex -6.893043e+000  4.632342e+000  4.000000e+000
    endloop
  endfacet
  facet normal  4.408448e-001  8.975834e-001  0.000000e+000
    outer loop
      vertex -6.893043e+000  4.632342e+000  0.000000e+000
      vertex -6.893043e+000  4.632342e+000  4.000000e+000
      vertex -6.736721e+000  4.555565e+000  0.000000e+000
    endloop
  endfacet
  facet normal  4.408448e-001  8.975834e-001  -0.000000e+000
    outer loop
      vertex -6.736721e+000  4.555565e+000  0.000000e+000
      vertex -6.893043e+000  4.632342e+000  4.000000e+000
      vertex -6.736721e+000  4.555565e+000  4.000000e+000
    endloop
  endfacet
  facet normal -8.660253e-001  5.000002e-001  0.000000e+000
    outer loop
      vertex -7.720544e+000  4.816970e+000  4.000000e+000
      vertex -7.720544e+000  4.816970e+000  0.000000e+000
      vertex -8.031891e+000  4.277702e+000  4.000000e+000
    endloop
  endfacet
  facet normal -8.660253e-001  5.000002e-001  0.000000e+000
    outer loop
      vertex -8.031891e+000  4.277702e+000  4.000000e+000
      vertex -7.720544e+000  4.816970e+000  0.000000e+000
      vertex -8.031891e+000  4.277702e+000  0.000000e+000
    endloop
  endfacet
  facet normal -5.571752e-001 -8.303950e-001 -1.808942e-004
    outer loop
      vertex -7.313979e+000  3.556578e+000  0.000000e+000
      vertex -7.319867e+000  3.559657e+000  4.000000e+000
      vertex -7.458248e+000  3.653379e+000  0.000000e+000
    endloop
  endfacet
  facet normal -4.634425e-001 -8.861270e-001  -0.000000e+000
    outer loop
      vertex -7.313979e+000  3.556578e+000  0.000000e+000
      vertex -7.313979e+000  3.556578e+000  4.000000e+000
      vertex -7.319867e+000  3.559657e+000  4.000000e+000
    endloop
  endfacet
  facet normal -5.740402e-001 -8.188269e-001  6.735988e-004
    outer loop
      vertex -7.319867e+000  3.559657e+000  4.000000e+000
      vertex -7.493649e+000  3.681488e+000  4.000000e+000
      vertex -7.458248e+000  3.653379e+000  0.000000e+000
    endloop
  endfacet
  facet normal -6.745473e-001 -7.382313e-001 -7.823015e-004
    outer loop
      vertex -7.709290e+000  3.882764e+000  0.000000e+000
      vertex -7.458248e+000  3.653379e+000  0.000000e+000
      vertex -7.493649e+000  3.681488e+000  4.000000e+000
    endloop
  endfacet
  facet normal -6.911172e-001 -7.227421e-001  8.903809e-004
    outer loop
      vertex -7.493649e+000  3.681488e+000  4.000000e+000
      vertex -7.752017e+000  3.928550e+000  4.000000e+000
      vertex -7.709290e+000  3.882764e+000  0.000000e+000
    endloop
  endfacet
  facet normal -7.802662e-001 -6.254476e-001  0.000000e+000
    outer loop
      vertex -8.031891e+000  4.277702e+000  4.000000e+000
      vertex -8.031891e+000  4.277702e+000  0.000000e+000
      vertex -7.752017e+000  3.928550e+000  4.000000e+000
    endloop
  endfacet
  facet normal -8.104345e-001 -5.858029e-001  5.571348e-003
    outer loop
      vertex -7.752017e+000  3.928550e+000  4.000000e+000
      vertex -8.031891e+000  4.277702e+000  0.000000e+000
      vertex -7.985592e+000  4.213650e+000  0.000000e+000
    endloop
  endfacet
  facet normal -7.675760e-001 -6.409573e-001 -8.624640e-004
    outer loop
      vertex -7.752017e+000  3.928550e+000  4.000000e+000
      vertex -7.985592e+000  4.213650e+000  0.000000e+000
      vertex -7.709290e+000  3.882764e+000  0.000000e+000
    endloop
  endfacet
  facet normal -4.373127e-001 -8.993095e-001  0.000000e+000
    outer loop
      vertex -7.313979e+000  3.556578e+000  0.000000e+000
      vertex -6.767318e+000  3.290750e+000  0.000000e+000
      vertex -7.313979e+000  3.556578e+000  4.000000e+000
    endloop
  endfacet
  facet normal -4.373127e-001 -8.993095e-001  0.000000e+000
    outer loop
      vertex -7.313979e+000  3.556578e+000  4.000000e+000
      vertex -6.767318e+000  3.290750e+000  0.000000e+000
      vertex -6.767318e+000  3.290750e+000  4.000000e+000
    endloop
  endfacet
  facet normal  5.601720e-001  8.283764e-001  0.000000e+000
    outer loop
      vertex -6.233531e+000  4.215294e+000  0.000000e+000
      vertex -6.736721e+000  4.555565e+000  0.000000e+000
      vertex -6.233531e+000  4.215294e+000  4.000000e+000
    endloop
  endfacet
  facet normal  5.601720e-001  8.283764e-001  0.000000e+000
    outer loop
      vertex -6.233531e+000  4.215294e+000  4.000000e+000
      vertex -6.736721e+000  4.555565e+000  0.000000e+000
      vertex -6.736721e+000  4.555565e+000  4.000000e+000
    endloop
  endfacet
  facet normal -9.349256e-001  3.548440e-001  0.000000e+000
    outer loop
      vertex -7.112128e+000  2.458305e+000  0.000000e+000
      vertex -7.112128e+000  2.458305e+000  4.000000e+000
      vertex -6.952193e+000  2.879693e+000  0.000000e+000
    endloop
  endfacet
  facet normal -9.349256e-001  3.548440e-001  0.000000e+000
    outer loop
      vertex -6.952193e+000  2.879693e+000  0.000000e+000
      vertex -7.112128e+000  2.458305e+000  4.000000e+000
      vertex -6.952193e+000  2.879693e+000  4.000000e+000
    endloop
  endfacet
  facet normal -9.120045e-001  4.101801e-001  0.000000e+000
    outer loop
      vertex -6.952193e+000  2.879693e+000  0.000000e+000
      vertex -6.952193e+000  2.879693e+000  4.000000e+000
      vertex -6.767318e+000  3.290750e+000  0.000000e+000
    endloop
  endfacet
  facet normal -9.120045e-001  4.101801e-001  0.000000e+000
    outer loop
      vertex -6.767318e+000  3.290750e+000  0.000000e+000
      vertex -6.952193e+000  2.879693e+000  4.000000e+000
      vertex -6.767318e+000  3.290750e+000  4.000000e+000
    endloop
  endfacet
  facet normal -9.870911e-001 -1.601600e-001  -0.000000e+000
    outer loop
      vertex -7.388436e+000 -1.427109e+000  0.000000e+000
      vertex -7.388436e+000 -1.427109e+000  4.000000e+000
      vertex -7.460623e+000 -9.822096e-001  0.000000e+000
    endloop
  endfacet
  facet normal -9.870911e-001 -1.601600e-001  0.000000e+000
    outer loop
      vertex -7.460623e+000 -9.822096e-001  0.000000e+000
      vertex -7.388436e+000 -1.427109e+000  4.000000e+000
      vertex -7.460623e+000 -9.822096e-001  4.000000e+000
    endloop
  endfacet
  facet normal -9.949092e-001 -1.007751e-001  -0.000000e+000
    outer loop
      vertex -7.460623e+000 -9.822096e-001  0.000000e+000
      vertex -7.460623e+000 -9.822096e-001  4.000000e+000
      vertex -7.506044e+000 -5.337864e-001  0.000000e+000
    endloop
  endfacet
  facet normal -9.949092e-001 -1.007751e-001  0.000000e+000
    outer loop
      vertex -7.506044e+000 -5.337864e-001  0.000000e+000
      vertex -7.460623e+000 -9.822096e-001  4.000000e+000
      vertex -7.506044e+000 -5.337864e-001  4.000000e+000
    endloop
  endfacet
  facet normal  3.266852e-001  9.451332e-001  0.000000e+000
    outer loop
      vertex -7.112128e+000  2.458305e+000  0.000000e+000
      vertex -7.686240e+000  2.656747e+000  0.000000e+000
      vertex -7.112128e+000  2.458305e+000  4.000000e+000
    endloop
  endfacet
  facet normal  3.266852e-001  9.451332e-001  0.000000e+000
    outer loop
      vertex -7.112128e+000  2.458305e+000  4.000000e+000
      vertex -7.686240e+000  2.656747e+000  0.000000e+000
      vertex -7.686240e+000  2.656747e+000  4.000000e+000
    endloop
  endfacet
  facet normal -1.588489e-001  9.873029e-001  0.000000e+000
    outer loop
      vertex -8.704196e+000  2.654612e+000  0.000000e+000
      vertex -8.704196e+000  2.654612e+000  4.000000e+000
      vertex -8.626167e+000  2.667166e+000  0.000000e+000
    endloop
  endfacet
  facet normal -1.588489e-001  9.873029e-001  0.000000e+000
    outer loop
      vertex -8.626167e+000  2.667166e+000  0.000000e+000
      vertex -8.704196e+000  2.654612e+000  4.000000e+000
      vertex -8.626167e+000  2.667166e+000  4.000000e+000
    endloop
  endfacet
  facet normal -8.953232e-002  9.959840e-001  0.000000e+000
    outer loop
      vertex -8.626167e+000  2.667166e+000  0.000000e+000
      vertex -8.626167e+000  2.667166e+000  4.000000e+000
      vertex -8.196820e+000  2.705762e+000  0.000000e+000
    endloop
  endfacet
  facet normal -8.953232e-002  9.959840e-001  0.000000e+000
    outer loop
      vertex -8.196820e+000  2.705762e+000  0.000000e+000
      vertex -8.626167e+000  2.667166e+000  4.000000e+000
      vertex -8.196820e+000  2.705762e+000  4.000000e+000
    endloop
  endfacet
  facet normal  4.503155e-002  9.989855e-001  0.000000e+000
    outer loop
      vertex -8.196820e+000  2.705762e+000  0.000000e+000
      vertex -8.196820e+000  2.705762e+000  4.000000e+000
      vertex -7.857106e+000  2.690449e+000  0.000000e+000
    endloop
  endfacet
  facet normal  4.503155e-002  9.989855e-001  -0.000000e+000
    outer loop
      vertex -7.857106e+000  2.690449e+000  0.000000e+000
      vertex -8.196820e+000  2.705762e+000  4.000000e+000
      vertex -7.857106e+000  2.690449e+000  4.000000e+000
    endloop
  endfacet
  facet normal  1.935115e-001  9.810981e-001  0.000000e+000
    outer loop
      vertex -7.857106e+000  2.690449e+000  0.000000e+000
      vertex -7.857106e+000  2.690449e+000  4.000000e+000
      vertex -7.686240e+000  2.656747e+000  0.000000e+000
    endloop
  endfacet
  facet normal  1.935115e-001  9.810981e-001  -0.000000e+000
    outer loop
      vertex -7.686240e+000  2.656747e+000  0.000000e+000
      vertex -7.857106e+000  2.690449e+000  4.000000e+000
      vertex -7.686240e+000  2.656747e+000  4.000000e+000
    endloop
  endfacet
  facet normal -9.659256e-001  2.588195e-001  0.000000e+000
    outer loop
      vertex -8.704196e+000  2.654612e+000  4.000000e+000
      vertex -8.704196e+000  2.654612e+000  0.000000e+000
      vertex -8.865361e+000  2.053137e+000  4.000000e+000
    endloop
  endfacet
  facet normal -9.659256e-001  2.588195e-001  0.000000e+000
    outer loop
      vertex -8.865361e+000  2.053137e+000  4.000000e+000
      vertex -8.704196e+000  2.654612e+000  0.000000e+000
      vertex -8.865361e+000  2.053137e+000  0.000000e+000
    endloop
  endfacet
  facet normal -3.232664e-001 -9.463080e-001 -1.809586e-004
    outer loop
      vertex -7.985271e+000  1.542393e+000  0.000000e+000
      vertex -7.991756e+000  1.543844e+000  4.000000e+000
      vertex -8.149678e+000  1.598556e+000  0.000000e+000
    endloop
  endfacet
  facet normal -2.182656e-001 -9.758894e-001  -0.000000e+000
    outer loop
      vertex -7.985271e+000  1.542393e+000  0.000000e+000
      vertex -7.985271e+000  1.542393e+000  4.000000e+000
      vertex -7.991756e+000  1.543844e+000  4.000000e+000
    endloop
  endfacet
  facet normal -3.425533e-001 -9.394981e-001  6.736449e-004
    outer loop
      vertex -7.991756e+000  1.543844e+000  4.000000e+000
      vertex -8.191149e+000  1.616545e+000  4.000000e+000
      vertex -8.149678e+000  1.598556e+000  0.000000e+000
    endloop
  endfacet
  facet normal -4.604947e-001 -8.876621e-001 -7.822453e-004
    outer loop
      vertex -8.451535e+000  1.755151e+000  0.000000e+000
      vertex -8.149678e+000  1.598556e+000  0.000000e+000
      vertex -8.191149e+000  1.616545e+000  4.000000e+000
    endloop
  endfacet
  facet normal -4.805092e-001 -8.769892e-001  8.904624e-004
    outer loop
      vertex -8.191149e+000  1.616545e+000  4.000000e+000
      vertex -8.504656e+000  1.788318e+000  4.000000e+000
      vertex -8.451535e+000  1.755151e+000  0.000000e+000
    endloop
  endfacet
  facet normal -5.918013e-001 -8.060838e-001  0.000000e+000
    outer loop
      vertex -8.865361e+000  2.053137e+000  4.000000e+000
      vertex -8.865361e+000  2.053137e+000  0.000000e+000
      vertex -8.504656e+000  1.788318e+000  4.000000e+000
    endloop
  endfacet
  facet normal -6.312095e-001 -7.755923e-001  5.572362e-003
    outer loop
      vertex -8.504656e+000  1.788318e+000  4.000000e+000
      vertex -8.865361e+000  2.053137e+000  0.000000e+000
      vertex -8.804063e+000  2.003249e+000  0.000000e+000
    endloop
  endfacet
  facet normal -5.755289e-001 -8.177810e-001 -8.623519e-004
    outer loop
      vertex -8.504656e+000  1.788318e+000  4.000000e+000
      vertex -8.804063e+000  2.003249e+000  0.000000e+000
      vertex -8.451535e+000  1.755151e+000  0.000000e+000
    endloop
  endfacet
  facet normal -1.896538e-001 -9.818510e-001  0.000000e+000
    outer loop
      vertex -7.985271e+000  1.542393e+000  0.000000e+000
      vertex -7.388436e+000  1.427109e+000  0.000000e+000
      vertex -7.985271e+000  1.542393e+000  4.000000e+000
    endloop
  endfacet
  facet normal -1.896538e-001 -9.818510e-001  0.000000e+000
    outer loop
      vertex -7.985271e+000  1.542393e+000  4.000000e+000
      vertex -7.388436e+000  1.427109e+000  0.000000e+000
      vertex -7.388436e+000  1.427109e+000  4.000000e+000
    endloop
  endfacet
  facet normal -9.949092e-001  1.007751e-001  0.000000e+000
    outer loop
      vertex -7.506044e+000  5.337864e-001  0.000000e+000
      vertex -7.506044e+000  5.337864e-001  4.000000e+000
      vertex -7.460623e+000  9.822096e-001  0.000000e+000
    endloop
  endfacet
  facet normal -9.949092e-001  1.007751e-001  0.000000e+000
    outer loop
      vertex -7.460623e+000  9.822096e-001  0.000000e+000
      vertex -7.506044e+000  5.337864e-001  4.000000e+000
      vertex -7.460623e+000  9.822096e-001  4.000000e+000
    endloop
  endfacet
  facet normal -9.870911e-001  1.601600e-001  0.000000e+000
    outer loop
      vertex -7.460623e+000  9.822096e-001  0.000000e+000
      vertex -7.460623e+000  9.822096e-001  4.000000e+000
      vertex -7.388436e+000  1.427109e+000  0.000000e+000
    endloop
  endfacet
  facet normal -9.870911e-001  1.601600e-001  0.000000e+000
    outer loop
      vertex -7.388436e+000  1.427109e+000  0.000000e+000
      vertex -7.460623e+000  9.822096e-001  4.000000e+000
      vertex -7.388436e+000  1.427109e+000  4.000000e+000
    endloop
  endfacet
  facet normal -4.089672e-001  9.125491e-001  0.000000e+000
    outer loop
      vertex -9.094672e+000  3.113467e-001  0.000000e+000
      vertex -9.094672e+000  3.113467e-001  4.000000e+000
      vertex -9.022551e+000  3.436687e-001  0.000000e+000
    endloop
  endfacet
  facet normal -4.089672e-001  9.125491e-001  0.000000e+000
    outer loop
      vertex -9.022551e+000  3.436687e-001  0.000000e+000
      vertex -9.094672e+000  3.113467e-001  4.000000e+000
      vertex -9.022551e+000  3.436687e-001  4.000000e+000
    endloop
  endfacet
  facet normal -3.442614e-001  9.388738e-001  0.000000e+000
    outer loop
      vertex -9.022551e+000  3.436687e-001  0.000000e+000
      vertex -9.022551e+000  3.436687e-001  4.000000e+000
      vertex -8.617823e+000  4.920723e-001  0.000000e+000
    endloop
  endfacet
  facet normal -3.442614e-001  9.388738e-001  0.000000e+000
    outer loop
      vertex -8.617823e+000  4.920723e-001  0.000000e+000
      vertex -9.022551e+000  3.436687e-001  4.000000e+000
      vertex -8.617823e+000  4.920723e-001  4.000000e+000
    endloop
  endfacet
  facet normal -2.150590e-001  9.766011e-001  0.000000e+000
    outer loop
      vertex -8.617823e+000  4.920723e-001  0.000000e+000
      vertex -8.617823e+000  4.920723e-001  4.000000e+000
      vertex -8.285721e+000  5.652050e-001  0.000000e+000
    endloop
  endfacet
  facet normal -2.150590e-001  9.766011e-001  0.000000e+000
    outer loop
      vertex -8.285721e+000  5.652050e-001  0.000000e+000
      vertex -8.617823e+000  4.920723e-001  4.000000e+000
      vertex -8.285721e+000  5.652050e-001  4.000000e+000
    endloop
  endfacet
  facet normal -6.700924e-002  9.977523e-001  0.000000e+000
    outer loop
      vertex -8.285721e+000  5.652050e-001  0.000000e+000
      vertex -8.285721e+000  5.652050e-001  4.000000e+000
      vertex -8.111954e+000  5.768752e-001  0.000000e+000
    endloop
  endfacet
  facet normal -6.700924e-002  9.977523e-001  0.000000e+000
    outer loop
      vertex -8.111954e+000  5.768752e-001  0.000000e+000
      vertex -8.285721e+000  5.652050e-001  4.000000e+000
      vertex -8.111954e+000  5.768752e-001  4.000000e+000
    endloop
  endfacet
  facet normal -9.999999e-001  0.000000e+000  0.000000e+000
    outer loop
      vertex -9.094672e+000  3.113467e-001  4.000000e+000
      vertex -9.094672e+000  3.113467e-001  0.000000e+000
      vertex -9.094672e+000 -3.113467e-001  4.000000e+000
    endloop
  endfacet
  facet normal -9.999999e-001  0.000000e+000  0.000000e+000
    outer loop
      vertex -9.094672e+000 -3.113467e-001  4.000000e+000
      vertex -9.094672e+000  3.113467e-001  0.000000e+000
      vertex -9.094672e+000 -3.113467e-001  0.000000e+000
    endloop
  endfacet
  facet normal -6.733005e-002 -9.977307e-001 -1.809666e-004
    outer loop
      vertex -8.112380e+000 -5.769026e-001  0.000000e+000
      vertex -8.119020e+000 -5.771800e-001  4.000000e+000
      vertex -8.285721e+000 -5.652050e-001  0.000000e+000
    endloop
  endfacet
  facet normal  4.175292e-002 -9.991280e-001  0.000000e+000
    outer loop
      vertex -8.112380e+000 -5.769026e-001  0.000000e+000
      vertex -8.112380e+000 -5.769026e-001  4.000000e+000
      vertex -8.119020e+000 -5.771800e-001  4.000000e+000
    endloop
  endfacet
  facet normal -8.772127e-002 -9.961449e-001  6.735919e-004
    outer loop
      vertex -8.119020e+000 -5.771800e-001  4.000000e+000
      vertex -8.330435e+000 -5.585626e-001  4.000000e+000
      vertex -8.285721e+000 -5.652050e-001  0.000000e+000
    endloop
  endfacet
  facet normal -2.150590e-001 -9.766008e-001 -7.823063e-004
    outer loop
      vertex -8.617823e+000 -4.920723e-001  0.000000e+000
      vertex -8.285721e+000 -5.652050e-001  0.000000e+000
      vertex -8.330435e+000 -5.585626e-001  4.000000e+000
    endloop
  endfacet
  facet normal -2.371538e-001 -9.714717e-001  8.904019e-004
    outer loop
      vertex -8.330435e+000 -5.585626e-001  4.000000e+000
      vertex -8.677718e+000 -4.737845e-001  4.000000e+000
      vertex -8.617823e+000 -4.920723e-001  0.000000e+000
    endloop
  endfacet
  facet normal -3.630071e-001 -9.317864e-001  0.000000e+000
    outer loop
      vertex -9.094672e+000 -3.113467e-001  4.000000e+000
      vertex -9.094672e+000 -3.113467e-001  0.000000e+000
      vertex -8.677718e+000 -4.737845e-001  4.000000e+000
    endloop
  endfacet
  facet normal -4.089608e-001 -9.125350e-001  5.571931e-003
    outer loop
      vertex -8.677718e+000 -4.737845e-001  4.000000e+000
      vertex -9.094672e+000 -3.113467e-001  0.000000e+000
      vertex -9.022551e+000 -3.436687e-001  0.000000e+000
    endloop
  endfacet
  facet normal -3.442613e-001 -9.388735e-001 -8.624491e-004
    outer loop
      vertex -8.677718e+000 -4.737845e-001  4.000000e+000
      vertex -9.022551e+000 -3.436687e-001  0.000000e+000
      vertex -8.617823e+000 -4.920723e-001  0.000000e+000
    endloop
  endfacet
  facet normal  7.093516e-002  9.974809e-001  0.000000e+000
    outer loop
      vertex -7.506044e+000  5.337864e-001  0.000000e+000
      vertex -8.111954e+000  5.768752e-001  0.000000e+000
      vertex -7.506044e+000  5.337864e-001  4.000000e+000
    endloop
  endfacet
  facet normal  7.093516e-002  9.974809e-001  0.000000e+000
    outer loop
      vertex -7.506044e+000  5.337864e-001  4.000000e+000
      vertex -8.111954e+000  5.768752e-001  0.000000e+000
      vertex -8.111954e+000  5.768752e-001  4.000000e+000
    endloop
  endfacet
  facet normal  7.093032e-002 -9.974812e-001  0.000000e+000
    outer loop
      vertex -8.112380e+000 -5.769026e-001  0.000000e+000
      vertex -7.506044e+000 -5.337864e-001  0.000000e+000
      vertex -8.112380e+000 -5.769026e-001  4.000000e+000
    endloop
  endfacet
  facet normal  7.093032e-002 -9.974812e-001  0.000000e+000
    outer loop
      vertex -8.112380e+000 -5.769026e-001  4.000000e+000
      vertex -7.506044e+000 -5.337864e-001  0.000000e+000
      vertex -7.506044e+000 -5.337864e-001  4.000000e+000
    endloop
  endfacet
  facet normal -6.312193e-001  7.756044e-001  0.000000e+000
    outer loop
      vertex -8.865361e+000 -2.053137e+000  0.000000e+000
      vertex -8.865361e+000 -2.053137e+000  4.000000e+000
      vertex -8.804063e+000 -2.003249e+000  0.000000e+000
    endloop
  endfacet
  facet normal -6.312193e-001  7.756044e-001  0.000000e+000
    outer loop
      vertex -8.804063e+000 -2.003249e+000  0.000000e+000
      vertex -8.865361e+000 -2.053137e+000  4.000000e+000
      vertex -8.804063e+000 -2.003249e+000  4.000000e+000
    endloop
  endfacet
  facet normal -5.755292e-001  8.177813e-001  0.000000e+000
    outer loop
      vertex -8.804063e+000 -2.003249e+000  0.000000e+000
      vertex -8.804063e+000 -2.003249e+000  4.000000e+000
      vertex -8.451535e+000 -1.755151e+000  0.000000e+000
    endloop
  endfacet
  facet normal -5.755292e-001  8.177813e-001  0.000000e+000
    outer loop
      vertex -8.451535e+000 -1.755151e+000  0.000000e+000
      vertex -8.804063e+000 -2.003249e+000  4.000000e+000
      vertex -8.451535e+000 -1.755151e+000  4.000000e+000
    endloop
  endfacet
  facet normal -4.604948e-001  8.876624e-001  0.000000e+000
    outer loop
      vertex -8.451535e+000 -1.755151e+000  0.000000e+000
      vertex -8.451535e+000 -1.755151e+000  4.000000e+000
      vertex -8.149678e+000 -1.598556e+000  0.000000e+000
    endloop
  endfacet
  facet normal -4.604948e-001  8.876624e-001  0.000000e+000
    outer loop
      vertex -8.149678e+000 -1.598556e+000  0.000000e+000
      vertex -8.451535e+000 -1.755151e+000  4.000000e+000
      vertex -8.149678e+000 -1.598556e+000  4.000000e+000
    endloop
  endfacet
  facet normal -3.229625e-001  9.464117e-001  0.000000e+000
    outer loop
      vertex -8.149678e+000 -1.598556e+000  0.000000e+000
      vertex -8.149678e+000 -1.598556e+000  4.000000e+000
      vertex -7.984852e+000 -1.542310e+000  0.000000e+000
    endloop
  endfacet
  facet normal -3.229625e-001  9.464117e-001  0.000000e+000
    outer loop
      vertex -7.984852e+000 -1.542310e+000  0.000000e+000
      vertex -8.149678e+000 -1.598556e+000  4.000000e+000
      vertex -7.984852e+000 -1.542310e+000  4.000000e+000
    endloop
  endfacet
  facet normal -9.659256e-001 -2.588195e-001  0.000000e+000
    outer loop
      vertex -8.865361e+000 -2.053137e+000  4.000000e+000
      vertex -8.865361e+000 -2.053137e+000  0.000000e+000
      vertex -8.704196e+000 -2.654612e+000  4.000000e+000
    endloop
  endfacet
  facet normal -9.659256e-001 -2.588195e-001  -0.000000e+000
    outer loop
      vertex -8.704196e+000 -2.654612e+000  4.000000e+000
      vertex -8.865361e+000 -2.053137e+000  0.000000e+000
      vertex -8.704196e+000 -2.654612e+000  0.000000e+000
    endloop
  endfacet
  facet normal  1.931965e-001 -9.811600e-001 -1.809827e-004
    outer loop
      vertex -7.686644e+000 -2.656883e+000  0.000000e+000
      vertex -7.692986e+000 -2.658870e+000  4.000000e+000
      vertex -7.857106e+000 -2.690449e+000  0.000000e+000
    endloop
  endfacet
  facet normal  2.989327e-001 -9.542742e-001  0.000000e+000
    outer loop
      vertex -7.686644e+000 -2.656883e+000  0.000000e+000
      vertex -7.686644e+000 -2.656883e+000  4.000000e+000
      vertex -7.692986e+000 -2.658870e+000  4.000000e+000
    endloop
  endfacet
  facet normal  1.730894e-001 -9.849060e-001  6.735876e-004
    outer loop
      vertex -7.692986e+000 -2.658870e+000  4.000000e+000
      vertex -7.902015e+000 -2.695605e+000  4.000000e+000
      vertex -7.857106e+000 -2.690449e+000  0.000000e+000
    endloop
  endfacet
  facet normal  4.503154e-002 -9.989853e-001 -7.823003e-004
    outer loop
      vertex -8.196820e+000 -2.705762e+000  0.000000e+000
      vertex -7.857106e+000 -2.690449e+000  0.000000e+000
      vertex -7.902015e+000 -2.695605e+000  4.000000e+000
    endloop
  endfacet
  facet normal  2.236183e-002 -9.997496e-001  8.904272e-004
    outer loop
      vertex -7.902015e+000 -2.695605e+000  4.000000e+000
      vertex -8.259407e+000 -2.703599e+000  4.000000e+000
      vertex -8.196820e+000 -2.705762e+000  0.000000e+000
    endloop
  endfacet
  facet normal -1.094732e-001 -9.939898e-001  0.000000e+000
    outer loop
      vertex -8.704196e+000 -2.654612e+000  4.000000e+000
      vertex -8.704196e+000 -2.654612e+000  0.000000e+000
      vertex -8.259407e+000 -2.703599e+000  4.000000e+000
    endloop
  endfacet
  facet normal -1.588464e-001 -9.872876e-001  5.572242e-003
    outer loop
      vertex -8.259407e+000 -2.703599e+000  4.000000e+000
      vertex -8.704196e+000 -2.654612e+000  0.000000e+000
      vertex -8.626167e+000 -2.667166e+000  0.000000e+000
    endloop
  endfacet
  facet normal -8.953229e-002 -9.959835e-001 -8.623828e-004
    outer loop
      vertex -8.259407e+000 -2.703599e+000  4.000000e+000
      vertex -8.626167e+000 -2.667166e+000  0.000000e+000
      vertex -8.196820e+000 -2.705762e+000  0.000000e+000
    endloop
  endfacet
  facet normal  3.266806e-001 -9.451348e-001  0.000000e+000
    outer loop
      vertex -7.686644e+000 -2.656883e+000  0.000000e+000
      vertex -7.112128e+000 -2.458305e+000  0.000000e+000
      vertex -7.686644e+000 -2.656883e+000  4.000000e+000
    endloop
  endfacet
  facet normal  3.266806e-001 -9.451348e-001  0.000000e+000
    outer loop
      vertex -7.686644e+000 -2.656883e+000  4.000000e+000
      vertex -7.112128e+000 -2.458305e+000  0.000000e+000
      vertex -7.112128e+000 -2.458305e+000  4.000000e+000
    endloop
  endfacet
  facet normal -1.896489e-001  9.818519e-001  0.000000e+000
    outer loop
      vertex -7.388436e+000 -1.427109e+000  0.000000e+000
      vertex -7.984852e+000 -1.542310e+000  0.000000e+000
      vertex -7.388436e+000 -1.427109e+000  4.000000e+000
    endloop
  endfacet
  facet normal -1.896489e-001  9.818519e-001  0.000000e+000
    outer loop
      vertex -7.388436e+000 -1.427109e+000  4.000000e+000
      vertex -7.984852e+000 -1.542310e+000  0.000000e+000
      vertex -7.984852e+000 -1.542310e+000  4.000000e+000
    endloop
  endfacet
  facet normal -9.120045e-001 -4.101801e-001  -0.000000e+000
    outer loop
      vertex -6.767318e+000 -3.290750e+000  0.000000e+000
      vertex -6.767318e+000 -3.290750e+000  4.000000e+000
      vertex -6.952193e+000 -2.879693e+000  0.000000e+000
    endloop
  endfacet
  facet normal -9.120045e-001 -4.101801e-001  0.000000e+000
    outer loop
      vertex -6.952193e+000 -2.879693e+000  0.000000e+000
      vertex -6.767318e+000 -3.290750e+000  4.000000e+000
      vertex -6.952193e+000 -2.879693e+000  4.000000e+000
    endloop
  endfacet
  facet normal -9.349256e-001 -3.548440e-001  -0.000000e+000
    outer loop
      vertex -6.952193e+000 -2.879693e+000  0.000000e+000
      vertex -6.952193e+000 -2.879693e+000  4.000000e+000
      vertex -7.112128e+000 -2.458305e+000  0.000000e+000
    endloop
  endfacet
  facet normal -9.349256e-001 -3.548440e-001  0.000000e+000
    outer loop
      vertex -7.112128e+000 -2.458305e+000  0.000000e+000
      vertex -6.952193e+000 -2.879693e+000  4.000000e+000
      vertex -7.112128e+000 -2.458305e+000  4.000000e+000
    endloop
  endfacet
  facet normal -5.847283e-001 -8.112292e-001  -0.000000e+000
    outer loop
      vertex -4.215294e+000 -6.233531e+000  0.000000e+000
      vertex -4.215294e+000 -6.233531e+000  4.000000e+000
      vertex -4.580930e+000 -5.969984e+000  0.000000e+000
    endloop
  endfacet
  facet normal -5.847283e-001 -8.112292e-001  0.000000e+000
    outer loop
      vertex -4.580930e+000 -5.969984e+000  0.000000e+000
      vertex -4.215294e+000 -6.233531e+000  4.000000e+000
      vertex -4.580930e+000 -5.969984e+000  4.000000e+000
    endloop
  endfacet
  facet normal -6.322483e-001 -7.747659e-001  -0.000000e+000
    outer loop
      vertex -4.580930e+000 -5.969984e+000  0.000000e+000
      vertex -4.580930e+000 -5.969984e+000  4.000000e+000
      vertex -4.930130e+000 -5.685019e+000  0.000000e+000
    endloop
  endfacet
  facet normal -6.322483e-001 -7.747659e-001  0.000000e+000
    outer loop
      vertex -4.930130e+000 -5.685019e+000  0.000000e+000
      vertex -4.580930e+000 -5.969984e+000  4.000000e+000
      vertex -4.930130e+000 -5.685019e+000  4.000000e+000
    endloop
  endfacet
  facet normal -4.373086e-001  8.993115e-001  0.000000e+000
    outer loop
      vertex -6.767318e+000 -3.290750e+000  0.000000e+000
      vertex -7.313596e+000 -3.556388e+000  0.000000e+000
      vertex -6.767318e+000 -3.290750e+000  4.000000e+000
    endloop
  endfacet
  facet normal -4.373086e-001  8.993115e-001  0.000000e+000
    outer loop
      vertex -6.767318e+000 -3.290750e+000  4.000000e+000
      vertex -7.313596e+000 -3.556388e+000  0.000000e+000
      vertex -7.313596e+000 -3.556388e+000  4.000000e+000
    endloop
  endfacet
  facet normal -8.104470e-001  5.858119e-001  0.000000e+000
    outer loop
      vertex -8.031891e+000 -4.277702e+000  0.000000e+000
      vertex -8.031891e+000 -4.277702e+000  4.000000e+000
      vertex -7.985592e+000 -4.213650e+000  0.000000e+000
    endloop
  endfacet
  facet normal -8.104470e-001  5.858119e-001  0.000000e+000
    outer loop
      vertex -7.985592e+000 -4.213650e+000  0.000000e+000
      vertex -8.031891e+000 -4.277702e+000  4.000000e+000
      vertex -7.985592e+000 -4.213650e+000  4.000000e+000
    endloop
  endfacet
  facet normal -7.675763e-001  6.409575e-001  0.000000e+000
    outer loop
      vertex -7.985592e+000 -4.213650e+000  0.000000e+000
      vertex -7.985592e+000 -4.213650e+000  4.000000e+000
      vertex -7.709290e+000 -3.882764e+000  0.000000e+000
    endloop
  endfacet
  facet normal -7.675763e-001  6.409575e-001  0.000000e+000
    outer loop
      vertex -7.709290e+000 -3.882764e+000  0.000000e+000
      vertex -7.985592e+000 -4.213650e+000  4.000000e+000
      vertex -7.709290e+000 -3.882764e+000  4.000000e+000
    endloop
  endfacet
  facet normal -6.745475e-001  7.382315e-001  0.000000e+000
    outer loop
      vertex -7.709290e+000 -3.882764e+000  0.000000e+000
      vertex -7.709290e+000 -3.882764e+000  4.000000e+000
      vertex -7.458248e+000 -3.653379e+000  0.000000e+000
    endloop
  endfacet
  facet normal -6.745475e-001  7.382315e-001  0.000000e+000
    outer loop
      vertex -7.458248e+000 -3.653379e+000  0.000000e+000
      vertex -7.709290e+000 -3.882764e+000  4.000000e+000
      vertex -7.458248e+000 -3.653379e+000  4.000000e+000
    endloop
  endfacet
  facet normal -5.569074e-001  8.305746e-001  0.000000e+000
    outer loop
      vertex -7.458248e+000 -3.653379e+000  0.000000e+000
      vertex -7.458248e+000 -3.653379e+000  4.000000e+000
      vertex -7.313596e+000 -3.556388e+000  0.000000e+000
    endloop
  endfacet
  facet normal -5.569074e-001  8.305746e-001  0.000000e+000
    outer loop
      vertex -7.313596e+000 -3.556388e+000  0.000000e+000
      vertex -7.458248e+000 -3.653379e+000  4.000000e+000
      vertex -7.313596e+000 -3.556388e+000  4.000000e+000
    endloop
  endfacet
  facet normal -8.660253e-001 -5.000002e-001  0.000000e+000
    outer loop
      vertex -8.031891e+000 -4.277702e+000  4.000000e+000
      vertex -8.031891e+000 -4.277702e+000  0.000000e+000
      vertex -7.720544e+000 -4.816970e+000  4.000000e+000
    endloop
  endfacet
  facet normal -8.660253e-001 -5.000002e-001  -0.000000e+000
    outer loop
      vertex -7.720544e+000 -4.816970e+000  4.000000e+000
      vertex -8.031891e+000 -4.277702e+000  0.000000e+000
      vertex -7.720544e+000 -4.816970e+000  0.000000e+000
    endloop
  endfacet
  facet normal  4.405549e-001 -8.977256e-001 -1.809562e-004
    outer loop
      vertex -6.737076e+000 -4.555802e+000  0.000000e+000
      vertex -6.742687e+000 -4.559362e+000  4.000000e+000
      vertex -6.893043e+000 -4.632342e+000  0.000000e+000
    endloop
  endfacet
  facet normal  5.357143e-001 -8.443993e-001  0.000000e+000
    outer loop
      vertex -6.737076e+000 -4.555802e+000  0.000000e+000
      vertex -6.737076e+000 -4.555802e+000  4.000000e+000
      vertex -6.742687e+000 -4.559362e+000  4.000000e+000
    endloop
  endfacet
  facet normal  4.221033e-001 -9.065475e-001  6.735706e-004
    outer loop
      vertex -6.742687e+000 -4.559362e+000  4.000000e+000
      vertex -6.935087e+000 -4.648947e+000  4.000000e+000
      vertex -6.893043e+000 -4.632342e+000  0.000000e+000
    endloop
  endfacet
  facet normal  3.020535e-001 -9.532906e-001 -7.823133e-004
    outer loop
      vertex -7.217217e+000 -4.735058e+000  0.000000e+000
      vertex -6.893043e+000 -4.632342e+000  0.000000e+000
      vertex -6.935087e+000 -4.648947e+000  4.000000e+000
    endloop
  endfacet
  facet normal  2.803545e-001 -9.598961e-001  8.903787e-004
    outer loop
      vertex -6.935087e+000 -4.648947e+000  4.000000e+000
      vertex -7.278232e+000 -4.749168e+000  4.000000e+000
      vertex -7.217217e+000 -4.735058e+000  0.000000e+000
    endloop
  endfacet
  facet normal  1.515201e-001 -9.884542e-001  0.000000e+000
    outer loop
      vertex -7.720544e+000 -4.816970e+000  4.000000e+000
      vertex -7.720544e+000 -4.816970e+000  0.000000e+000
      vertex -7.278232e+000 -4.749168e+000  4.000000e+000
    endloop
  endfacet
  facet normal  1.020956e-001 -9.947590e-001  5.572133e-003
    outer loop
      vertex -7.278232e+000 -4.749168e+000  4.000000e+000
      vertex -7.720544e+000 -4.816970e+000  0.000000e+000
      vertex -7.641924e+000 -4.808901e+000  0.000000e+000
    endloop
  endfacet
  facet normal  1.712984e-001 -9.852189e-001 -8.624534e-004
    outer loop
      vertex -7.278232e+000 -4.749168e+000  4.000000e+000
      vertex -7.641924e+000 -4.808901e+000  0.000000e+000
      vertex -7.217217e+000 -4.735058e+000  0.000000e+000
    endloop
  endfacet
  facet normal  5.601683e-001 -8.283788e-001  0.000000e+000
    outer loop
      vertex -6.737076e+000 -4.555802e+000  0.000000e+000
      vertex -6.233531e+000 -4.215294e+000  0.000000e+000
      vertex -6.737076e+000 -4.555802e+000  4.000000e+000
    endloop
  endfacet
  facet normal  5.601683e-001 -8.283788e-001  0.000000e+000
    outer loop
      vertex -6.737076e+000 -4.555802e+000  4.000000e+000
      vertex -6.233531e+000 -4.215294e+000  0.000000e+000
      vertex -6.233531e+000 -4.215294e+000  4.000000e+000
    endloop
  endfacet
  facet normal -7.747659e-001 -6.322483e-001  -0.000000e+000
    outer loop
      vertex -5.685019e+000 -4.930130e+000  0.000000e+000
      vertex -5.685019e+000 -4.930130e+000  4.000000e+000
      vertex -5.969984e+000 -4.580930e+000  0.000000e+000
    endloop
  endfacet
  facet normal -7.747659e-001 -6.322483e-001  0.000000e+000
    outer loop
      vertex -5.969984e+000 -4.580930e+000  0.000000e+000
      vertex -5.685019e+000 -4.930130e+000  4.000000e+000
      vertex -5.969984e+000 -4.580930e+000  4.000000e+000
    endloop
  endfacet
  facet normal -8.112292e-001 -5.847283e-001  -0.000000e+000
    outer loop
      vertex -5.969984e+000 -4.580930e+000  0.000000e+000
      vertex -5.969984e+000 -4.580930e+000  4.000000e+000
      vertex -6.233531e+000 -4.215294e+000  0.000000e+000
    endloop
  endfacet
  facet normal -8.112292e-001 -5.847283e-001  0.000000e+000
    outer loop
      vertex -6.233531e+000 -4.215294e+000  0.000000e+000
      vertex -5.969984e+000 -4.580930e+000  4.000000e+000
      vertex -6.233531e+000 -4.215294e+000  4.000000e+000
    endloop
  endfacet
  facet normal -9.344534e-001  3.560854e-001  0.000000e+000
    outer loop
      vertex -6.651060e+000 -6.210749e+000  0.000000e+000
      vertex -6.651060e+000 -6.210749e+000  4.000000e+000
      vertex -6.622917e+000 -6.136897e+000  0.000000e+000
    endloop
  endfacet
  facet normal -9.344534e-001  3.560854e-001  0.000000e+000
    outer loop
      vertex -6.622917e+000 -6.136897e+000  0.000000e+000
      vertex -6.651060e+000 -6.210749e+000  4.000000e+000
      vertex -6.622917e+000 -6.136897e+000  4.000000e+000
    endloop
  endfacet
  facet normal -9.073138e-001  4.204541e-001  0.000000e+000
    outer loop
      vertex -6.622917e+000 -6.136897e+000  0.000000e+000
      vertex -6.622917e+000 -6.136897e+000  4.000000e+000
      vertex -6.441669e+000 -5.745773e+000  0.000000e+000
    endloop
  endfacet
  facet normal -9.073138e-001  4.204541e-001  0.000000e+000
    outer loop
      vertex -6.441669e+000 -5.745773e+000  0.000000e+000
      vertex -6.622917e+000 -6.136897e+000  4.000000e+000
      vertex -6.441669e+000 -5.745773e+000  4.000000e+000
    endloop
  endfacet
  facet normal -8.426306e-001  5.384918e-001  0.000000e+000
    outer loop
      vertex -6.441669e+000 -5.745773e+000  0.000000e+000
      vertex -6.441669e+000 -5.745773e+000  4.000000e+000
      vertex -6.258550e+000 -5.459229e+000  0.000000e+000
    endloop
  endfacet
  facet normal -8.426306e-001  5.384918e-001  0.000000e+000
    outer loop
      vertex -6.258550e+000 -5.459229e+000  0.000000e+000
      vertex -6.441669e+000 -5.745773e+000  4.000000e+000
      vertex -6.258550e+000 -5.459229e+000  4.000000e+000
    endloop
  endfacet
  facet normal -7.529004e-001  6.581345e-001  0.000000e+000
    outer loop
      vertex -6.258550e+000 -5.459229e+000  0.000000e+000
      vertex -6.258550e+000 -5.459229e+000  4.000000e+000
      vertex -6.143930e+000 -5.328105e+000  0.000000e+000
    endloop
  endfacet
  facet normal -7.529004e-001  6.581345e-001  0.000000e+000
    outer loop
      vertex -6.143930e+000 -5.328105e+000  0.000000e+000
      vertex -6.258550e+000 -5.459229e+000  4.000000e+000
      vertex -6.143930e+000 -5.328105e+000  4.000000e+000
    endloop
  endfacet
  facet normal -7.071068e-001 -7.071068e-001  0.000000e+000
    outer loop
      vertex -6.651060e+000 -6.210749e+000  4.000000e+000
      vertex -6.651060e+000 -6.210749e+000  0.000000e+000
      vertex -6.210749e+000 -6.651060e+000  4.000000e+000
    endloop
  endfacet
  facet normal -7.071068e-001 -7.071068e-001  -0.000000e+000
    outer loop
      vertex -6.210749e+000 -6.651060e+000  4.000000e+000
      vertex -6.651060e+000 -6.210749e+000  0.000000e+000
      vertex -6.210749e+000 -6.651060e+000  0.000000e+000
    endloop
  endfacet
  facet normal  6.578912e-001 -7.531130e-001 -1.809758e-004
    outer loop
      vertex -5.328387e+000 -6.144251e+000  0.000000e+000
      vertex -5.332886e+000 -6.149142e+000  4.000000e+000
      vertex -5.459229e+000 -6.258550e+000  0.000000e+000
    endloop
  endfacet
  facet normal  7.360182e-001 -6.769617e-001  0.000000e+000
    outer loop
      vertex -5.328387e+000 -6.144251e+000  0.000000e+000
      vertex -5.328387e+000 -6.144251e+000  4.000000e+000
      vertex -5.332886e+000 -6.149142e+000  4.000000e+000
    endloop
  endfacet
  facet normal  6.423523e-001 -7.664093e-001  6.735104e-004
    outer loop
      vertex -5.332886e+000 -6.149142e+000  4.000000e+000
      vertex -5.495543e+000 -6.285470e+000  4.000000e+000
      vertex -5.459229e+000 -6.258550e+000  0.000000e+000
    endloop
  endfacet
  facet normal  5.384917e-001 -8.426304e-001 -7.823720e-004
    outer loop
      vertex -5.745773e+000 -6.441669e+000  0.000000e+000
      vertex -5.459229e+000 -6.258550e+000  0.000000e+000
      vertex -5.495543e+000 -6.285470e+000  4.000000e+000
    endloop
  endfacet
  facet normal  5.192408e-001 -8.546275e-001  8.904000e-004
    outer loop
      vertex -5.495543e+000 -6.285470e+000  4.000000e+000
      vertex -5.801057e+000 -6.471089e+000  4.000000e+000
      vertex -5.745773e+000 -6.441669e+000  0.000000e+000
    endloop
  endfacet
  facet normal  4.021874e-001 -9.155573e-001  0.000000e+000
    outer loop
      vertex -6.210749e+000 -6.651060e+000  4.000000e+000
      vertex -6.210749e+000 -6.651060e+000  0.000000e+000
      vertex -5.801057e+000 -6.471089e+000  4.000000e+000
    endloop
  endfacet
  facet normal  3.560799e-001 -9.344390e-001  5.572009e-003
    outer loop
      vertex -5.801057e+000 -6.471089e+000  4.000000e+000
      vertex -6.210749e+000 -6.651060e+000  0.000000e+000
      vertex -6.136897e+000 -6.622917e+000  0.000000e+000
    endloop
  endfacet
  facet normal  4.204540e-001 -9.073134e-001 -8.624378e-004
    outer loop
      vertex -5.801057e+000 -6.471089e+000  4.000000e+000
      vertex -6.136897e+000 -6.622917e+000  0.000000e+000
      vertex -5.745773e+000 -6.441669e+000  0.000000e+000
    endloop
  endfacet
  facet normal -6.551672e-001  7.554839e-001  0.000000e+000
    outer loop
      vertex -5.685019e+000 -4.930130e+000  0.000000e+000
      vertex -6.143930e+000 -5.328105e+000  0.000000e+000
      vertex -5.685019e+000 -4.930130e+000  4.000000e+000
    endloop
  endfacet
  facet normal -6.551672e-001  7.554839e-001  0.000000e+000
    outer loop
      vertex -5.685019e+000 -4.930130e+000  4.000000e+000
      vertex -6.143930e+000 -5.328105e+000  0.000000e+000
      vertex -6.143930e+000 -5.328105e+000  4.000000e+000
    endloop
  endfacet
  facet normal  7.554811e-001 -6.551704e-001  0.000000e+000
    outer loop
      vertex -5.328387e+000 -6.144251e+000  0.000000e+000
      vertex -4.930130e+000 -5.685019e+000  0.000000e+000
      vertex -5.328387e+000 -6.144251e+000  4.000000e+000
    endloop
  endfacet
  facet normal  7.554811e-001 -6.551704e-001  0.000000e+000
    outer loop
      vertex -5.328387e+000 -6.144251e+000  4.000000e+000
      vertex -4.930130e+000 -5.685019e+000  0.000000e+000
      vertex -4.930130e+000 -5.685019e+000  4.000000e+000
    endloop
  endfacet
  facet normal -9.947744e-001  1.020971e-001  0.000000e+000
    outer loop
      vertex -4.816970e+000 -7.720544e+000  0.000000e+000
      vertex -4.816970e+000 -7.720544e+000  4.000000e+000
      vertex -4.808901e+000 -7.641924e+000  0.000000e+000
    endloop
  endfacet
  facet normal -9.947744e-001  1.020971e-001  0.000000e+000
    outer loop
      vertex -4.808901e+000 -7.641924e+000  0.000000e+000
      vertex -4.816970e+000 -7.720544e+000  4.000000e+000
      vertex -4.808901e+000 -7.641924e+000  4.000000e+000
    endloop
  endfacet
  facet normal -9.852192e-001  1.712984e-001  0.000000e+000
    outer loop
      vertex -4.808901e+000 -7.641924e+000  0.000000e+000
      vertex -4.808901e+000 -7.641924e+000  4.000000e+000
      vertex -4.735058e+000 -7.217217e+000  0.000000e+000
    endloop
  endfacet
  facet normal -9.852192e-001  1.712984e-001  0.000000e+000
    outer loop
      vertex -4.735058e+000 -7.217217e+000  0.000000e+000
      vertex -4.808901e+000 -7.641924e+000  4.000000e+000
      vertex -4.735058e+000 -7.217217e+000  4.000000e+000
    endloop
  endfacet
  facet normal -9.532909e-001  3.020536e-001  0.000000e+000
    outer loop
      vertex -4.735058e+000 -7.217217e+000  0.000000e+000
      vertex -4.735058e+000 -7.217217e+000  4.000000e+000
      vertex -4.632342e+000 -6.893043e+000  0.000000e+000
    endloop
  endfacet
  facet normal -9.532909e-001  3.020536e-001  0.000000e+000
    outer loop
      vertex -4.632342e+000 -6.893043e+000  0.000000e+000
      vertex -4.735058e+000 -7.217217e+000  4.000000e+000
      vertex -4.632342e+000 -6.893043e+000  4.000000e+000
    endloop
  endfacet
  facet normal -8.975834e-001  4.408448e-001  0.000000e+000
    outer loop
      vertex -4.632342e+000 -6.893043e+000  0.000000e+000
      vertex -4.632342e+000 -6.893043e+000  4.000000e+000
      vertex -4.555565e+000 -6.736721e+000  0.000000e+000
    endloop
  endfacet
  facet normal -8.975834e-001  4.408448e-001  0.000000e+000
    outer loop
      vertex -4.555565e+000 -6.736721e+000  0.000000e+000
      vertex -4.632342e+000 -6.893043e+000  4.000000e+000
      vertex -4.555565e+000 -6.736721e+000  4.000000e+000
    endloop
  endfacet
  facet normal -5.000002e-001 -8.660253e-001  0.000000e+000
    outer loop
      vertex -4.816970e+000 -7.720544e+000  4.000000e+000
      vertex -4.816970e+000 -7.720544e+000  0.000000e+000
      vertex -4.277702e+000 -8.031891e+000  4.000000e+000
    endloop
  endfacet
  facet normal -5.000002e-001 -8.660253e-001  -0.000000e+000
    outer loop
      vertex -4.277702e+000 -8.031891e+000  4.000000e+000
      vertex -4.816970e+000 -7.720544e+000  0.000000e+000
      vertex -4.277702e+000 -8.031891e+000  0.000000e+000
    endloop
  endfacet
  facet normal  8.303950e-001 -5.571752e-001 -1.808942e-004
    outer loop
      vertex -3.556578e+000 -7.313979e+000  0.000000e+000
      vertex -3.559657e+000 -7.319867e+000  4.000000e+000
      vertex -3.653379e+000 -7.458248e+000  0.000000e+000
    endloop
  endfacet
  facet normal  8.861270e-001 -4.634425e-001  0.000000e+000
    outer loop
      vertex -3.556578e+000 -7.313979e+000  0.000000e+000
      vertex -3.556578e+000 -7.313979e+000  4.000000e+000
      vertex -3.559657e+000 -7.319867e+000  4.000000e+000
    endloop
  endfacet
  facet normal  8.188269e-001 -5.740402e-001  6.735988e-004
    outer loop
      vertex -3.559657e+000 -7.319867e+000  4.000000e+000
      vertex -3.681488e+000 -7.493649e+000  4.000000e+000
      vertex -3.653379e+000 -7.458248e+000  0.000000e+000
    endloop
  endfacet
  facet normal  7.382313e-001 -6.745473e-001 -7.823015e-004
    outer loop
      vertex -3.882764e+000 -7.709290e+000  0.000000e+000
      vertex -3.653379e+000 -7.458248e+000  0.000000e+000
      vertex -3.681488e+000 -7.493649e+000  4.000000e+000
    endloop
  endfacet
  facet normal  7.227421e-001 -6.911172e-001  8.903809e-004
    outer loop
      vertex -3.681488e+000 -7.493649e+000  4.000000e+000
      vertex -3.928550e+000 -7.752017e+000  4.000000e+000
      vertex -3.882764e+000 -7.709290e+000  0.000000e+000
    endloop
  endfacet
  facet normal  6.254476e-001 -7.802662e-001  0.000000e+000
    outer loop
      vertex -4.277702e+000 -8.031891e+000  4.000000e+000
      vertex -4.277702e+000 -8.031891e+000  0.000000e+000
      vertex -3.928550e+000 -7.752017e+000  4.000000e+000
    endloop
  endfacet
  facet normal  5.858029e-001 -8.104345e-001  5.571348e-003
    outer loop
      vertex -3.928550e+000 -7.752017e+000  4.000000e+000
      vertex -4.277702e+000 -8.031891e+000  0.000000e+000
      vertex -4.213650e+000 -7.985592e+000  0.000000e+000
    endloop
  endfacet
  facet normal  6.409573e-001 -7.675760e-001 -8.624640e-004
    outer loop
      vertex -3.928550e+000 -7.752017e+000  4.000000e+000
      vertex -4.213650e+000 -7.985592e+000  0.000000e+000
      vertex -3.882764e+000 -7.709290e+000  0.000000e+000
    endloop
  endfacet
  facet normal  8.993095e-001 -4.373127e-001  0.000000e+000
    outer loop
      vertex -3.556578e+000 -7.313979e+000  0.000000e+000
      vertex -3.290750e+000 -6.767318e+000  0.000000e+000
      vertex -3.556578e+000 -7.313979e+000  4.000000e+000
    endloop
  endfacet
  facet normal  8.993095e-001 -4.373127e-001  0.000000e+000
    outer loop
      vertex -3.556578e+000 -7.313979e+000  4.000000e+000
      vertex -3.290750e+000 -6.767318e+000  0.000000e+000
      vertex -3.290750e+000 -6.767318e+000  4.000000e+000
    endloop
  endfacet
  facet normal -8.283764e-001  5.601720e-001  0.000000e+000
    outer loop
      vertex -4.215294e+000 -6.233531e+000  0.000000e+000
      vertex -4.555565e+000 -6.736721e+000  0.000000e+000
      vertex -4.215294e+000 -6.233531e+000  4.000000e+000
    endloop
  endfacet
  facet normal -8.283764e-001  5.601720e-001  0.000000e+000
    outer loop
      vertex -4.215294e+000 -6.233531e+000  4.000000e+000
      vertex -4.555565e+000 -6.736721e+000  0.000000e+000
      vertex -4.555565e+000 -6.736721e+000  4.000000e+000
    endloop
  endfacet
  facet normal -3.548440e-001 -9.349256e-001  -0.000000e+000
    outer loop
      vertex -2.458305e+000 -7.112128e+000  0.000000e+000
      vertex -2.458305e+000 -7.112128e+000  4.000000e+000
      vertex -2.879693e+000 -6.952193e+000  0.000000e+000
    endloop
  endfacet
  facet normal -3.548440e-001 -9.349256e-001  0.000000e+000
    outer loop
      vertex -2.879693e+000 -6.952193e+000  0.000000e+000
      vertex -2.458305e+000 -7.112128e+000  4.000000e+000
      vertex -2.879693e+000 -6.952193e+000  4.000000e+000
    endloop
  endfacet
  facet normal -4.101801e-001 -9.120045e-001  -0.000000e+000
    outer loop
      vertex -2.879693e+000 -6.952193e+000  0.000000e+000
      vertex -2.879693e+000 -6.952193e+000  4.000000e+000
      vertex -3.290750e+000 -6.767318e+000  0.000000e+000
    endloop
  endfacet
  facet normal -4.101801e-001 -9.120045e-001  0.000000e+000
    outer loop
      vertex -3.290750e+000 -6.767318e+000  0.000000e+000
      vertex -2.879693e+000 -6.952193e+000  4.000000e+000
      vertex -3.290750e+000 -6.767318e+000  4.000000e+000
    endloop
  endfacet
  facet normal  1.601600e-001 -9.870911e-001  0.000000e+000
    outer loop
      vertex  1.427109e+000 -7.388436e+000  0.000000e+000
      vertex  1.427109e+000 -7.388436e+000  4.000000e+000
      vertex  9.822096e-001 -7.460623e+000  0.000000e+000
    endloop
  endfacet
  facet normal  1.601600e-001 -9.870911e-001  0.000000e+000
    outer loop
      vertex  9.822096e-001 -7.460623e+000  0.000000e+000
      vertex  1.427109e+000 -7.388436e+000  4.000000e+000
      vertex  9.822096e-001 -7.460623e+000  4.000000e+000
    endloop
  endfacet
  facet normal  1.007751e-001 -9.949092e-001  0.000000e+000
    outer loop
      vertex  9.822096e-001 -7.460623e+000  0.000000e+000
      vertex  9.822096e-001 -7.460623e+000  4.000000e+000
      vertex  5.337864e-001 -7.506044e+000  0.000000e+000
    endloop
  endfacet
  facet normal  1.007751e-001 -9.949092e-001  0.000000e+000
    outer loop
      vertex  5.337864e-001 -7.506044e+000  0.000000e+000
      vertex  9.822096e-001 -7.460623e+000  4.000000e+000
      vertex  5.337864e-001 -7.506044e+000  4.000000e+000
    endloop
  endfacet
  facet normal -9.451332e-001  3.266852e-001  0.000000e+000
    outer loop
      vertex -2.458305e+000 -7.112128e+000  0.000000e+000
      vertex -2.656747e+000 -7.686240e+000  0.000000e+000
      vertex -2.458305e+000 -7.112128e+000  4.000000e+000
    endloop
  endfacet
  facet normal -9.451332e-001  3.266852e-001  0.000000e+000
    outer loop
      vertex -2.458305e+000 -7.112128e+000  4.000000e+000
      vertex -2.656747e+000 -7.686240e+000  0.000000e+000
      vertex -2.656747e+000 -7.686240e+000  4.000000e+000
    endloop
  endfacet
  facet normal -9.873029e-001 -1.588489e-001  -0.000000e+000
    outer loop
      vertex -2.654612e+000 -8.704196e+000  0.000000e+000
      vertex -2.654612e+000 -8.704196e+000  4.000000e+000
      vertex -2.667166e+000 -8.626167e+000  0.000000e+000
    endloop
  endfacet
  facet normal -9.873029e-001 -1.588489e-001  0.000000e+000
    outer loop
      vertex -2.667166e+000 -8.626167e+000  0.000000e+000
      vertex -2.654612e+000 -8.704196e+000  4.000000e+000
      vertex -2.667166e+000 -8.626167e+000  4.000000e+000
    endloop
  endfacet
  facet normal -9.959840e-001 -8.953232e-002  -0.000000e+000
    outer loop
      vertex -2.667166e+000 -8.626167e+000  0.000000e+000
      vertex -2.667166e+000 -8.626167e+000  4.000000e+000
      vertex -2.705762e+000 -8.196820e+000  0.000000e+000
    endloop
  endfacet
  facet normal -9.959840e-001 -8.953232e-002  0.000000e+000
    outer loop
      vertex -2.705762e+000 -8.196820e+000  0.000000e+000
      vertex -2.667166e+000 -8.626167e+000  4.000000e+000
      vertex -2.705762e+000 -8.196820e+000  4.000000e+000
    endloop
  endfacet
  facet normal -9.989855e-001  4.503155e-002  0.000000e+000
    outer loop
      vertex -2.705762e+000 -8.196820e+000  0.000000e+000
      vertex -2.705762e+000 -8.196820e+000  4.000000e+000
      vertex -2.690449e+000 -7.857106e+000  0.000000e+000
    endloop
  endfacet
  facet normal -9.989855e-001  4.503155e-002  0.000000e+000
    outer loop
      vertex -2.690449e+000 -7.857106e+000  0.000000e+000
      vertex -2.705762e+000 -8.196820e+000  4.000000e+000
      vertex -2.690449e+000 -7.857106e+000  4.000000e+000
    endloop
  endfacet
  facet normal -9.810981e-001  1.935115e-001  0.000000e+000
    outer loop
      vertex -2.690449e+000 -7.857106e+000  0.000000e+000
      vertex -2.690449e+000 -7.857106e+000  4.000000e+000
      vertex -2.656747e+000 -7.686240e+000  0.000000e+000
    endloop
  endfacet
  facet normal -9.810981e-001  1.935115e-001  0.000000e+000
    outer loop
      vertex -2.656747e+000 -7.686240e+000  0.000000e+000
      vertex -2.690449e+000 -7.857106e+000  4.000000e+000
      vertex -2.656747e+000 -7.686240e+000  4.000000e+000
    endloop
  endfacet
  facet normal -2.588195e-001 -9.659256e-001  0.000000e+000
    outer loop
      vertex -2.654612e+000 -8.704196e+000  4.000000e+000
      vertex -2.654612e+000 -8.704196e+000  0.000000e+000
      vertex -2.053137e+000 -8.865361e+000  4.000000e+000
    endloop
  endfacet
  facet normal -2.588195e-001 -9.659256e-001  -0.000000e+000
    outer loop
      vertex -2.053137e+000 -8.865361e+000  4.000000e+000
      vertex -2.654612e+000 -8.704196e+000  0.000000e+000
      vertex -2.053137e+000 -8.865361e+000  0.000000e+000
    endloop
  endfacet
  facet normal  9.463080e-001 -3.232664e-001 -1.809586e-004
    outer loop
      vertex -1.542393e+000 -7.985271e+000  0.000000e+000
      vertex -1.543844e+000 -7.991756e+000  4.000000e+000
      vertex -1.598556e+000 -8.149678e+000  0.000000e+000
    endloop
  endfacet
  facet normal  9.758894e-001 -2.182656e-001  0.000000e+000
    outer loop
      vertex -1.542393e+000 -7.985271e+000  0.000000e+000
      vertex -1.542393e+000 -7.985271e+000  4.000000e+000
      vertex -1.543844e+000 -7.991756e+000  4.000000e+000
    endloop
  endfacet
  facet normal  9.394981e-001 -3.425533e-001  6.736449e-004
    outer loop
      vertex -1.543844e+000 -7.991756e+000  4.000000e+000
      vertex -1.616545e+000 -8.191149e+000  4.000000e+000
      vertex -1.598556e+000 -8.149678e+000  0.000000e+000
    endloop
  endfacet
  facet normal  8.876621e-001 -4.604947e-001 -7.822453e-004
    outer loop
      vertex -1.755151e+000 -8.451535e+000  0.000000e+000
      vertex -1.598556e+000 -8.149678e+000  0.000000e+000
      vertex -1.616545e+000 -8.191149e+000  4.000000e+000
    endloop
  endfacet
  facet normal  8.769892e-001 -4.805092e-001  8.904624e-004
    outer loop
      vertex -1.616545e+000 -8.191149e+000  4.000000e+000
      vertex -1.788318e+000 -8.504656e+000  4.000000e+000
      vertex -1.755151e+000 -8.451535e+000  0.000000e+000
    endloop
  endfacet
  facet normal  8.060838e-001 -5.918013e-001  0.000000e+000
    outer loop
      vertex -2.053137e+000 -8.865361e+000  4.000000e+000
      vertex -2.053137e+000 -8.865361e+000  0.000000e+000
      vertex -1.788318e+000 -8.504656e+000  4.000000e+000
    endloop
  endfacet
  facet normal  7.755923e-001 -6.312095e-001  5.572362e-003
    outer loop
      vertex -1.788318e+000 -8.504656e+000  4.000000e+000
      vertex -2.053137e+000 -8.865361e+000  0.000000e+000
      vertex -2.003249e+000 -8.804063e+000  0.000000e+000
    endloop
  endfacet
  facet normal  8.177810e-001 -5.755289e-001 -8.623519e-004
    outer loop
      vertex -1.788318e+000 -8.504656e+000  4.000000e+000
      vertex -2.003249e+000 -8.804063e+000  0.000000e+000
      vertex -1.755151e+000 -8.451535e+000  0.000000e+000
    endloop
  endfacet
  facet normal  9.818510e-001 -1.896538e-001  0.000000e+000
    outer loop
      vertex -1.542393e+000 -7.985271e+000  0.000000e+000
      vertex -1.427109e+000 -7.388436e+000  0.000000e+000
      vertex -1.542393e+000 -7.985271e+000  4.000000e+000
    endloop
  endfacet
  facet normal  9.818510e-001 -1.896538e-001  0.000000e+000
    outer loop
      vertex -1.542393e+000 -7.985271e+000  4.000000e+000
      vertex -1.427109e+000 -7.388436e+000  0.000000e+000
      vertex -1.427109e+000 -7.388436e+000  4.000000e+000
    endloop
  endfacet
  facet normal -1.007751e-001 -9.949092e-001  -0.000000e+000
    outer loop
      vertex -5.337864e-001 -7.506044e+000  0.000000e+000
      vertex -5.337864e-001 -7.506044e+000  4.000000e+000
      vertex -9.822096e-001 -7.460623e+000  0.000000e+000
    endloop
  endfacet
  facet normal -1.007751e-001 -9.949092e-001  0.000000e+000
    outer loop
      vertex -9.822096e-001 -7.460623e+000  0.000000e+000
      vertex -5.337864e-001 -7.506044e+000  4.000000e+000
      vertex -9.822096e-001 -7.460623e+000  4.000000e+000
    endloop
  endfacet
  facet normal -1.601600e-001 -9.870911e-001  -0.000000e+000
    outer loop
      vertex -9.822096e-001 -7.460623e+000  0.000000e+000
      vertex -9.822096e-001 -7.460623e+000  4.000000e+000
      vertex -1.427109e+000 -7.388436e+000  0.000000e+000
    endloop
  endfacet
  facet normal -1.601600e-001 -9.870911e-001  0.000000e+000
    outer loop
      vertex -1.427109e+000 -7.388436e+000  0.000000e+000
      vertex -9.822096e-001 -7.460623e+000  4.000000e+000
      vertex -1.427109e+000 -7.388436e+000  4.000000e+000
    endloop
  endfacet
  facet normal -9.125491e-001 -4.089672e-001  -0.000000e+000
    outer loop
      vertex -3.113467e-001 -9.094672e+000  0.000000e+000
      vertex -3.113467e-001 -9.094672e+000  4.000000e+000
      vertex -3.436687e-001 -9.022551e+000  0.000000e+000
    endloop
  endfacet
  facet normal -9.125491e-001 -4.089672e-001  0.000000e+000
    outer loop
      vertex -3.436687e-001 -9.022551e+000  0.000000e+000
      vertex -3.113467e-001 -9.094672e+000  4.000000e+000
      vertex -3.436687e-001 -9.022551e+000  4.000000e+000
    endloop
  endfacet
  facet normal -9.388738e-001 -3.442614e-001  -0.000000e+000
    outer loop
      vertex -3.436687e-001 -9.022551e+000  0.000000e+000
      vertex -3.436687e-001 -9.022551e+000  4.000000e+000
      vertex -4.920723e-001 -8.617823e+000  0.000000e+000
    endloop
  endfacet
  facet normal -9.388738e-001 -3.442614e-001  0.000000e+000
    outer loop
      vertex -4.920723e-001 -8.617823e+000  0.000000e+000
      vertex -3.436687e-001 -9.022551e+000  4.000000e+000
      vertex -4.920723e-001 -8.617823e+000  4.000000e+000
    endloop
  endfacet
  facet normal -9.766011e-001 -2.150590e-001  -0.000000e+000
    outer loop
      vertex -4.920723e-001 -8.617823e+000  0.000000e+000
      vertex -4.920723e-001 -8.617823e+000  4.000000e+000
      vertex -5.652050e-001 -8.285721e+000  0.000000e+000
    endloop
  endfacet
  facet normal -9.766011e-001 -2.150590e-001  0.000000e+000
    outer loop
      vertex -5.652050e-001 -8.285721e+000  0.000000e+000
      vertex -4.920723e-001 -8.617823e+000  4.000000e+000
      vertex -5.652050e-001 -8.285721e+000  4.000000e+000
    endloop
  endfacet
  facet normal -9.977523e-001 -6.700924e-002  -0.000000e+000
    outer loop
      vertex -5.652050e-001 -8.285721e+000  0.000000e+000
      vertex -5.652050e-001 -8.285721e+000  4.000000e+000
      vertex -5.768752e-001 -8.111954e+000  0.000000e+000
    endloop
  endfacet
  facet normal -9.977523e-001 -6.700924e-002  0.000000e+000
    outer loop
      vertex -5.768752e-001 -8.111954e+000  0.000000e+000
      vertex -5.652050e-001 -8.285721e+000  4.000000e+000
      vertex -5.768752e-001 -8.111954e+000  4.000000e+000
    endloop
  endfacet
  facet normal  0.000000e+000 -9.999999e-001  0.000000e+000
    outer loop
      vertex -3.113467e-001 -9.094672e+000  4.000000e+000
      vertex -3.113467e-001 -9.094672e+000  0.000000e+000
      vertex  3.113467e-001 -9.094672e+000  4.000000e+000
    endloop
  endfacet
  facet normal  0.000000e+000 -9.999999e-001  -0.000000e+000
    outer loop
      vertex  3.113467e-001 -9.094672e+000  4.000000e+000
      vertex -3.113467e-001 -9.094672e+000  0.000000e+000
      vertex  3.113467e-001 -9.094672e+000  0.000000e+000
    endloop
  endfacet
  facet normal  9.977307e-001 -6.733005e-002 -1.809666e-004
    outer loop
      vertex  5.769026e-001 -8.112380e+000  0.000000e+000
      vertex  5.771800e-001 -8.119020e+000  4.000000e+000
      vertex  5.652050e-001 -8.285721e+000  0.000000e+000
    endloop
  endfacet
  facet normal  9.991280e-001  4.175292e-002  0.000000e+000
    outer loop
      vertex  5.769026e-001 -8.112380e+000  0.000000e+000
      vertex  5.769026e-001 -8.112380e+000  4.000000e+000
      vertex  5.771800e-001 -8.119020e+000  4.000000e+000
    endloop
  endfacet
  facet normal  9.961449e-001 -8.772127e-002  6.735919e-004
    outer loop
      vertex  5.771800e-001 -8.119020e+000  4.000000e+000
      vertex  5.585626e-001 -8.330435e+000  4.000000e+000
      vertex  5.652050e-001 -8.285721e+000  0.000000e+000
    endloop
  endfacet
  facet normal  9.766008e-001 -2.150590e-001 -7.823063e-004
    outer loop
      vertex  4.920723e-001 -8.617823e+000  0.000000e+000
      vertex  5.652050e-001 -8.285721e+000  0.000000e+000
      vertex  5.585626e-001 -8.330435e+000  4.000000e+000
    endloop
  endfacet
  facet normal  9.714717e-001 -2.371538e-001  8.904019e-004
    outer loop
      vertex  5.585626e-001 -8.330435e+000  4.000000e+000
      vertex  4.737845e-001 -8.677718e+000  4.000000e+000
      vertex  4.920723e-001 -8.617823e+000  0.000000e+000
    endloop
  endfacet
  facet normal  9.317864e-001 -3.630071e-001  0.000000e+000
    outer loop
      vertex  3.113467e-001 -9.094672e+000  4.000000e+000
      vertex  3.113467e-001 -9.094672e+000  0.000000e+000
      vertex  4.737845e-001 -8.677718e+000  4.000000e+000
    endloop
  endfacet
  facet normal  9.125350e-001 -4.089608e-001  5.571931e-003
    outer loop
      vertex  4.737845e-001 -8.677718e+000  4.000000e+000
      vertex  3.113467e-001 -9.094672e+000  0.000000e+000
      vertex  3.436687e-001 -9.022551e+000  0.000000e+000
    endloop
  endfacet
  facet normal  9.388735e-001 -3.442613e-001 -8.624491e-004
    outer loop
      vertex  4.737845e-001 -8.677718e+000  4.000000e+000
      vertex  3.436687e-001 -9.022551e+000  0.000000e+000
      vertex  4.920723e-001 -8.617823e+000  0.000000e+000
    endloop
  endfacet
  facet normal -9.974809e-001  7.093516e-002  0.000000e+000
    outer loop
      vertex -5.337864e-001 -7.506044e+000  0.000000e+000
      vertex -5.768752e-001 -8.111954e+000  0.000000e+000
      vertex -5.337864e-001 -7.506044e+000  4.000000e+000
    endloop
  endfacet
  facet normal -9.974809e-001  7.093516e-002  0.000000e+000
    outer loop
      vertex -5.337864e-001 -7.506044e+000  4.000000e+000
      vertex -5.768752e-001 -8.111954e+000  0.000000e+000
      vertex -5.768752e-001 -8.111954e+000  4.000000e+000
    endloop
  endfacet
  facet normal  9.974812e-001  7.093032e-002  0.000000e+000
    outer loop
      vertex  5.769026e-001 -8.112380e+000  0.000000e+000
      vertex  5.337864e-001 -7.506044e+000  0.000000e+000
      vertex  5.769026e-001 -8.112380e+000  4.000000e+000
    endloop
  endfacet
  facet normal  9.974812e-001  7.093032e-002  0.000000e+000
    outer loop
      vertex  5.769026e-001 -8.112380e+000  4.000000e+000
      vertex  5.337864e-001 -7.506044e+000  0.000000e+000
      vertex  5.337864e-001 -7.506044e+000  4.000000e+000
    endloop
  endfacet
  facet normal -7.756044e-001 -6.312193e-001  -0.000000e+000
    outer loop
      vertex  2.053137e+000 -8.865361e+000  0.000000e+000
      vertex  2.053137e+000 -8.865361e+000  4.000000e+000
      vertex  2.003249e+000 -8.804063e+000  0.000000e+000
    endloop
  endfacet
  facet normal -7.756044e-001 -6.312193e-001  0.000000e+000
    outer loop
      vertex  2.003249e+000 -8.804063e+000  0.000000e+000
      vertex  2.053137e+000 -8.865361e+000  4.000000e+000
      vertex  2.003249e+000 -8.804063e+000  4.000000e+000
    endloop
  endfacet
  facet normal -8.177813e-001 -5.755292e-001  -0.000000e+000
    outer loop
      vertex  2.003249e+000 -8.804063e+000  0.000000e+000
      vertex  2.003249e+000 -8.804063e+000  4.000000e+000
      vertex  1.755151e+000 -8.451535e+000  0.000000e+000
    endloop
  endfacet
  facet normal -8.177813e-001 -5.755292e-001  0.000000e+000
    outer loop
      vertex  1.755151e+000 -8.451535e+000  0.000000e+000
      vertex  2.003249e+000 -8.804063e+000  4.000000e+000
      vertex  1.755151e+000 -8.451535e+000  4.000000e+000
    endloop
  endfacet
  facet normal -8.876624e-001 -4.604948e-001  -0.000000e+000
    outer loop
      vertex  1.755151e+000 -8.451535e+000  0.000000e+000
      vertex  1.755151e+000 -8.451535e+000  4.000000e+000
      vertex  1.598556e+000 -8.149678e+000  0.000000e+000
    endloop
  endfacet
  facet normal -8.876624e-001 -4.604948e-001  0.000000e+000
    outer loop
      vertex  1.598556e+000 -8.149678e+000  0.000000e+000
      vertex  1.755151e+000 -8.451535e+000  4.000000e+000
      vertex  1.598556e+000 -8.149678e+000  4.000000e+000
    endloop
  endfacet
  facet normal -9.464117e-001 -3.229625e-001  -0.000000e+000
    outer loop
      vertex  1.598556e+000 -8.149678e+000  0.000000e+000
      vertex  1.598556e+000 -8.149678e+000  4.000000e+000
      vertex  1.542310e+000 -7.984852e+000  0.000000e+000
    endloop
  endfacet
  facet normal -9.464117e-001 -3.229625e-001  0.000000e+000
    outer loop
      vertex  1.542310e+000 -7.984852e+000  0.000000e+000
      vertex  1.598556e+000 -8.149678e+000  4.000000e+000
      vertex  1.542310e+000 -7.984852e+000  4.000000e+000
    endloop
  endfacet
  facet normal  2.588195e-001 -9.659256e-001  0.000000e+000
    outer loop
      vertex  2.053137e+000 -8.865361e+000  4.000000e+000
      vertex  2.053137e+000 -8.865361e+000  0.000000e+000
      vertex  2.654612e+000 -8.704196e+000  4.000000e+000
    endloop
  endfacet
  facet normal  2.588195e-001 -9.659256e-001  0.000000e+000
    outer loop
      vertex  2.654612e+000 -8.704196e+000  4.000000e+000
      vertex  2.053137e+000 -8.865361e+000  0.000000e+000
      vertex  2.654612e+000 -8.704196e+000  0.000000e+000
    endloop
  endfacet
  facet normal  9.811600e-001  1.931965e-001 -1.809827e-004
    outer loop
      vertex  2.656883e+000 -7.686644e+000  0.000000e+000
      vertex  2.658870e+000 -7.692986e+000  4.000000e+000
      vertex  2.690449e+000 -7.857106e+000  0.000000e+000
    endloop
  endfacet
  facet normal  9.542742e-001  2.989327e-001  0.000000e+000
    outer loop
      vertex  2.656883e+000 -7.686644e+000  0.000000e+000
      vertex  2.656883e+000 -7.686644e+000  4.000000e+000
      vertex  2.658870e+000 -7.692986e+000  4.000000e+000
    endloop
  endfacet
  facet normal  9.849060e-001  1.730894e-001  6.735876e-004
    outer loop
      vertex  2.658870e+000 -7.692986e+000  4.000000e+000
      vertex  2.695605e+000 -7.902015e+000  4.000000e+000
      vertex  2.690449e+000 -7.857106e+000  0.000000e+000
    endloop
  endfacet
  facet normal  9.989853e-001  4.503154e-002 -7.823003e-004
    outer loop
      vertex  2.705762e+000 -8.196820e+000  0.000000e+000
      vertex  2.690449e+000 -7.857106e+000  0.000000e+000
      vertex  2.695605e+000 -7.902015e+000  4.000000e+000
    endloop
  endfacet
  facet normal  9.997496e-001  2.236183e-002  8.904272e-004
    outer loop
      vertex  2.695605e+000 -7.902015e+000  4.000000e+000
      vertex  2.703599e+000 -8.259407e+000  4.000000e+000
      vertex  2.705762e+000 -8.196820e+000  0.000000e+000
    endloop
  endfacet
  facet normal  9.939898e-001 -1.094732e-001  0.000000e+000
    outer loop
      vertex  2.654612e+000 -8.704196e+000  4.000000e+000
      vertex  2.654612e+000 -8.704196e+000  0.000000e+000
      vertex  2.703599e+000 -8.259407e+000  4.000000e+000
    endloop
  endfacet
  facet normal  9.872876e-001 -1.588464e-001  5.572242e-003
    outer loop
      vertex  2.703599e+000 -8.259407e+000  4.000000e+000
      vertex  2.654612e+000 -8.704196e+000  0.000000e+000
      vertex  2.667166e+000 -8.626167e+000  0.000000e+000
    endloop
  endfacet
  facet normal  9.959835e-001 -8.953229e-002 -8.623828e-004
    outer loop
      vertex  2.703599e+000 -8.259407e+000  4.000000e+000
      vertex  2.667166e+000 -8.626167e+000  0.000000e+000
      vertex  2.705762e+000 -8.196820e+000  0.000000e+000
    endloop
  endfacet
  facet normal  9.451348e-001  3.266806e-001  0.000000e+000
    outer loop
      vertex  2.656883e+000 -7.686644e+000  0.000000e+000
      vertex  2.458305e+000 -7.112128e+000  0.000000e+000
      vertex  2.656883e+000 -7.686644e+000  4.000000e+000
    endloop
  endfacet
  facet normal  9.451348e-001  3.266806e-001  0.000000e+000
    outer loop
      vertex  2.656883e+000 -7.686644e+000  4.000000e+000
      vertex  2.458305e+000 -7.112128e+000  0.000000e+000
      vertex  2.458305e+000 -7.112128e+000  4.000000e+000
    endloop
  endfacet
  facet normal -9.818519e-001 -1.896489e-001  0.000000e+000
    outer loop
      vertex  1.427109e+000 -7.388436e+000  0.000000e+000
      vertex  1.542310e+000 -7.984852e+000  0.000000e+000
      vertex  1.427109e+000 -7.388436e+000  4.000000e+000
    endloop
  endfacet
  facet normal -9.818519e-001 -1.896489e-001  0.000000e+000
    outer loop
      vertex  1.427109e+000 -7.388436e+000  4.000000e+000
      vertex  1.542310e+000 -7.984852e+000  0.000000e+000
      vertex  1.542310e+000 -7.984852e+000  4.000000e+000
    endloop
  endfacet
  facet normal  4.101801e-001 -9.120045e-001  0.000000e+000
    outer loop
      vertex  3.290750e+000 -6.767318e+000  0.000000e+000
      vertex  3.290750e+000 -6.767318e+000  4.000000e+000
      vertex  2.879693e+000 -6.952193e+000  0.000000e+000
    endloop
  endfacet
  facet normal  4.101801e-001 -9.120045e-001  0.000000e+000
    outer loop
      vertex  2.879693e+000 -6.952193e+000  0.000000e+000
      vertex  3.290750e+000 -6.767318e+000  4.000000e+000
      vertex  2.879693e+000 -6.952193e+000  4.000000e+000
    endloop
  endfacet
  facet normal  3.548440e-001 -9.349256e-001  0.000000e+000
    outer loop
      vertex  2.879693e+000 -6.952193e+000  0.000000e+000
      vertex  2.879693e+000 -6.952193e+000  4.000000e+000
      vertex  2.458305e+000 -7.112128e+000  0.000000e+000
    endloop
  endfacet
  facet normal  3.548440e-001 -9.349256e-001  0.000000e+000
    outer loop
      vertex  2.458305e+000 -7.112128e+000  0.000000e+000
      vertex  2.879693e+000 -6.952193e+000  4.000000e+000
      vertex  2.458305e+000 -7.112128e+000  4.000000e+000
    endloop
  endfacet
  facet normal  8.112292e-001 -5.847283e-001  0.000000e+000
    outer loop
      vertex  6.233531e+000 -4.215294e+000  0.000000e+000
      vertex  6.233531e+000 -4.215294e+000  4.000000e+000
      vertex  5.969984e+000 -4.580930e+000  0.000000e+000
    endloop
  endfacet
  facet normal  8.112292e-001 -5.847283e-001  0.000000e+000
    outer loop
      vertex  5.969984e+000 -4.580930e+000  0.000000e+000
      vertex  6.233531e+000 -4.215294e+000  4.000000e+000
      vertex  5.969984e+000 -4.580930e+000  4.000000e+000
    endloop
  endfacet
  facet normal  7.747659e-001 -6.322483e-001  0.000000e+000
    outer loop
      vertex  5.969984e+000 -4.580930e+000  0.000000e+000
      vertex  5.969984e+000 -4.580930e+000  4.000000e+000
      vertex  5.685019e+000 -4.930130e+000  0.000000e+000
    endloop
  endfacet
  facet normal  7.747659e-001 -6.322483e-001  0.000000e+000
    outer loop
      vertex  5.685019e+000 -4.930130e+000  0.000000e+000
      vertex  5.969984e+000 -4.580930e+000  4.000000e+000
      vertex  5.685019e+000 -4.930130e+000  4.000000e+000
    endloop
  endfacet
  facet normal -8.993115e-001 -4.373086e-001  0.000000e+000
    outer loop
      vertex  3.290750e+000 -6.767318e+000  0.000000e+000
      vertex  3.556388e+000 -7.313596e+000  0.000000e+000
      vertex  3.290750e+000 -6.767318e+000  4.000000e+000
    endloop
  endfacet
  facet normal -8.993115e-001 -4.373086e-001  0.000000e+000
    outer loop
      vertex  3.290750e+000 -6.767318e+000  4.000000e+000
      vertex  3.556388e+000 -7.313596e+000  0.000000e+000
      vertex  3.556388e+000 -7.313596e+000  4.000000e+000
    endloop
  endfacet
  facet normal -5.858119e-001 -8.104470e-001  -0.000000e+000
    outer loop
      vertex  4.277702e+000 -8.031891e+000  0.000000e+000
      vertex  4.277702e+000 -8.031891e+000  4.000000e+000
      vertex  4.213650e+000 -7.985592e+000  0.000000e+000
    endloop
  endfacet
  facet normal -5.858119e-001 -8.104470e-001  0.000000e+000
    outer loop
      vertex  4.213650e+000 -7.985592e+000  0.000000e+000
      vertex  4.277702e+000 -8.031891e+000  4.000000e+000
      vertex  4.213650e+000 -7.985592e+000  4.000000e+000
    endloop
  endfacet
  facet normal -6.409575e-001 -7.675763e-001  -0.000000e+000
    outer loop
      vertex  4.213650e+000 -7.985592e+000  0.000000e+000
      vertex  4.213650e+000 -7.985592e+000  4.000000e+000
      vertex  3.882764e+000 -7.709290e+000  0.000000e+000
    endloop
  endfacet
  facet normal -6.409575e-001 -7.675763e-001  0.000000e+000
    outer loop
      vertex  3.882764e+000 -7.709290e+000  0.000000e+000
      vertex  4.213650e+000 -7.985592e+000  4.000000e+000
      vertex  3.882764e+000 -7.709290e+000  4.000000e+000
    endloop
  endfacet
  facet normal -7.382315e-001 -6.745475e-001  -0.000000e+000
    outer loop
      vertex  3.882764e+000 -7.709290e+000  0.000000e+000
      vertex  3.882764e+000 -7.709290e+000  4.000000e+000
      vertex  3.653379e+000 -7.458248e+000  0.000000e+000
    endloop
  endfacet
  facet normal -7.382315e-001 -6.745475e-001  0.000000e+000
    outer loop
      vertex  3.653379e+000 -7.458248e+000  0.000000e+000
      vertex  3.882764e+000 -7.709290e+000  4.000000e+000
      vertex  3.653379e+000 -7.458248e+000  4.000000e+000
    endloop
  endfacet
  facet normal -8.305746e-001 -5.569074e-001  -0.000000e+000
    outer loop
      vertex  3.653379e+000 -7.458248e+000  0.000000e+000
      vertex  3.653379e+000 -7.458248e+000  4.000000e+000
      vertex  3.556388e+000 -7.313596e+000  0.000000e+000
    endloop
  endfacet
  facet normal -8.305746e-001 -5.569074e-001  0.000000e+000
    outer loop
      vertex  3.556388e+000 -7.313596e+000  0.000000e+000
      vertex  3.653379e+000 -7.458248e+000  4.000000e+000
      vertex  3.556388e+000 -7.313596e+000  4.000000e+000
    endloop
  endfacet
  facet normal  5.000002e-001 -8.660253e-001  0.000000e+000
    outer loop
      vertex  4.277702e+000 -8.031891e+000  4.000000e+000
      vertex  4.277702e+000 -8.031891e+000  0.000000e+000
      vertex  4.816970e+000 -7.720544e+000  4.000000e+000
    endloop
  endfacet
  facet normal  5.000002e-001 -8.660253e-001  0.000000e+000
    outer loop
      vertex  4.816970e+000 -7.720544e+000  4.000000e+000
      vertex  4.277702e+000 -8.031891e+000  0.000000e+000
      vertex  4.816970e+000 -7.720544e+000  0.000000e+000
    endloop
  endfacet
  facet normal  8.977256e-001  4.405549e-001 -1.809562e-004
    outer loop
      vertex  4.555802e+000 -6.737076e+000  0.000000e+000
      vertex  4.559362e+000 -6.742687e+000  4.000000e+000
      vertex  4.632342e+000 -6.893043e+000  0.000000e+000
    endloop
  endfacet
  facet normal  8.443993e-001  5.357143e-001  0.000000e+000
    outer loop
      vertex  4.555802e+000 -6.737076e+000  0.000000e+000
      vertex  4.555802e+000 -6.737076e+000  4.000000e+000
      vertex  4.559362e+000 -6.742687e+000  4.000000e+000
    endloop
  endfacet
  facet normal  9.065475e-001  4.221033e-001  6.735706e-004
    outer loop
      vertex  4.559362e+000 -6.742687e+000  4.000000e+000
      vertex  4.648947e+000 -6.935087e+000  4.000000e+000
      vertex  4.632342e+000 -6.893043e+000  0.000000e+000
    endloop
  endfacet
  facet normal  9.532906e-001  3.020535e-001 -7.823133e-004
    outer loop
      vertex  4.735058e+000 -7.217217e+000  0.000000e+000
      vertex  4.632342e+000 -6.893043e+000  0.000000e+000
      vertex  4.648947e+000 -6.935087e+000  4.000000e+000
    endloop
  endfacet
  facet normal  9.598961e-001  2.803545e-001  8.903787e-004
    outer loop
      vertex  4.648947e+000 -6.935087e+000  4.000000e+000
      vertex  4.749168e+000 -7.278232e+000  4.000000e+000
      vertex  4.735058e+000 -7.217217e+000  0.000000e+000
    endloop
  endfacet
  facet normal  9.884542e-001  1.515201e-001  -0.000000e+000
    outer loop
      vertex  4.816970e+000 -7.720544e+000  4.000000e+000
      vertex  4.816970e+000 -7.720544e+000  0.000000e+000
      vertex  4.749168e+000 -7.278232e+000  4.000000e+000
    endloop
  endfacet
  facet normal  9.947590e-001  1.020956e-001  5.572133e-003
    outer loop
      vertex  4.749168e+000 -7.278232e+000  4.000000e+000
      vertex  4.816970e+000 -7.720544e+000  0.000000e+000
      vertex  4.808901e+000 -7.641924e+000  0.000000e+000
    endloop
  endfacet
  facet normal  9.852189e-001  1.712984e-001 -8.624534e-004
    outer loop
      vertex  4.749168e+000 -7.278232e+000  4.000000e+000
      vertex  4.808901e+000 -7.641924e+000  0.000000e+000
      vertex  4.735058e+000 -7.217217e+000  0.000000e+000
    endloop
  endfacet
  facet normal  8.283788e-001  5.601683e-001  0.000000e+000
    outer loop
      vertex  4.555802e+000 -6.737076e+000  0.000000e+000
      vertex  4.215294e+000 -6.233531e+000  0.000000e+000
      vertex  4.555802e+000 -6.737076e+000  4.000000e+000
    endloop
  endfacet
  facet normal  8.283788e-001  5.601683e-001  0.000000e+000
    outer loop
      vertex  4.555802e+000 -6.737076e+000  4.000000e+000
      vertex  4.215294e+000 -6.233531e+000  0.000000e+000
      vertex  4.215294e+000 -6.233531e+000  4.000000e+000
    endloop
  endfacet
  facet normal  6.322483e-001 -7.747659e-001  0.000000e+000
    outer loop
      vertex  4.930130e+000 -5.685019e+000  0.000000e+000
      vertex  4.930130e+000 -5.685019e+000  4.000000e+000
      vertex  4.580930e+000 -5.969984e+000  0.000000e+000
    endloop
  endfacet
  facet normal  6.322483e-001 -7.747659e-001  0.000000e+000
    outer loop
      vertex  4.580930e+000 -5.969984e+000  0.000000e+000
      vertex  4.930130e+000 -5.685019e+000  4.000000e+000
      vertex  4.580930e+000 -5.969984e+000  4.000000e+000
    endloop
  endfacet
  facet normal  5.847283e-001 -8.112292e-001  0.000000e+000
    outer loop
      vertex  4.580930e+000 -5.969984e+000  0.000000e+000
      vertex  4.580930e+000 -5.969984e+000  4.000000e+000
      vertex  4.215294e+000 -6.233531e+000  0.000000e+000
    endloop
  endfacet
  facet normal  5.847283e-001 -8.112292e-001  0.000000e+000
    outer loop
      vertex  4.215294e+000 -6.233531e+000  0.000000e+000
      vertex  4.580930e+000 -5.969984e+000  4.000000e+000
      vertex  4.215294e+000 -6.233531e+000  4.000000e+000
    endloop
  endfacet
  facet normal  -0.000000e+000  0.000000e+000 -1.000000e+000
    outer loop
      vertex -4.277702e+000  8.031891e+000  0.000000e+000
      vertex -4.213650e+000  7.985592e+000  0.000000e+000
      vertex -4.816970e+000  7.720544e+000  0.000000e+000
    endloop
  endfacet
  facet normal  0.000000e+000  0.000000e+000 -1.000000e+000
    outer loop
      vertex -4.213650e+000  7.985592e+000  0.000000e+000
      vertex -3.882764e+000  7.709290e+000  0.000000e+000
      vertex -4.816970e+000  7.720544e+000  0.000000e+000
    endloop
  endfacet
  facet normal  -0.000000e+000  0.000000e+000 -1.000000e+000
    outer loop
      vertex -5.459229e+000 -6.258550e+000  0.000000e+000
      vertex -5.745773e+000 -6.441669e+000  0.000000e+000
      vertex -6.136897e+000 -6.622917e+000  0.000000e+000
    endloop
  endfacet
  facet normal  0.000000e+000  0.000000e+000 -1.000000e+000
    outer loop
      vertex -6.893043e+000 -4.632342e+000  0.000000e+000
      vertex -7.641924e+000 -4.808901e+000  0.000000e+000
      vertex -6.737076e+000 -4.555802e+000  0.000000e+000
    endloop
  endfacet
  facet normal  -0.000000e+000  0.000000e+000 -1.000000e+000
    outer loop
      vertex -6.893043e+000 -4.632342e+000  0.000000e+000
      vertex -7.217217e+000 -4.735058e+000  0.000000e+000
      vertex -7.641924e+000 -4.808901e+000  0.000000e+000
    endloop
  endfacet
  facet normal  0.000000e+000  -0.000000e+000 -9.999999e-001
    outer loop
      vertex -5.769026e-001  8.112380e+000  0.000000e+000
      vertex -5.652050e-001  8.285721e+000  0.000000e+000
      vertex -5.337864e-001  7.506044e+000  0.000000e+000
    endloop
  endfacet
  facet normal  0.000000e+000  0.000000e+000 -1.000000e+000
    outer loop
      vertex -8.617823e+000 -4.920723e-001  0.000000e+000
      vertex -9.022551e+000 -3.436687e-001  0.000000e+000
      vertex -8.660254e-001 -5.000000e-001  0.000000e+000
    endloop
  endfacet
  facet normal  -0.000000e+000  0.000000e+000 -9.999999e-001
    outer loop
      vertex -2.053137e+000  8.865361e+000  0.000000e+000
      vertex -2.003249e+000  8.804063e+000  0.000000e+000
      vertex -2.654612e+000  8.704196e+000  0.000000e+000
    endloop
  endfacet
  facet normal  0.000000e+000  0.000000e+000 -1.000000e+000
    outer loop
      vertex  6.651060e+000  6.210749e+000  0.000000e+000
      vertex  6.136897e+000  6.622917e+000  0.000000e+000
      vertex  6.210749e+000  6.651060e+000  0.000000e+000
    endloop
  endfacet
  facet normal  0.000000e+000  0.000000e+000 -1.000000e+000
    outer loop
      vertex  2.656747e+000  7.686240e+000  0.000000e+000
      vertex  2.458305e+000  7.112128e+000  0.000000e+000
      vertex  1.427109e+000  7.388436e+000  0.000000e+000
    endloop
  endfacet
  facet normal  0.000000e+000  -0.000000e+000 -1.000000e+000
    outer loop
      vertex  5.337864e-001  7.506044e+000  0.000000e+000
      vertex  5.652050e-001  8.285721e+000  0.000000e+000
      vertex  5.768752e-001  8.111954e+000  0.000000e+000
    endloop
  endfacet
  facet normal  0.000000e+000  0.000000e+000 -1.000000e+000
    outer loop
      vertex  9.094672e+000 -3.113467e-001  0.000000e+000
      vertex  9.659258e-001 -2.588190e-001  0.000000e+000
      vertex  1.000000e+000  1.224647e-016  0.000000e+000
    endloop
  endfacet
  facet normal  0.000000e+000  0.000000e+000 -1.000000e+000
    outer loop
      vertex  7.460623e+000 -9.822096e-001  0.000000e+000
      vertex  7.071068e-001 -7.071068e-001  0.000000e+000
      vertex  7.506044e+000 -5.337864e-001  0.000000e+000
    endloop
  endfacet
  facet normal  0.000000e+000  -0.000000e+000 -1.000000e+000
    outer loop
      vertex  5.000000e-001 -8.660254e-001  0.000000e+000
      vertex  7.071068e-001 -7.071068e-001  0.000000e+000
      vertex  7.460623e+000 -9.822096e-001  0.000000e+000
    endloop
  endfacet
  facet normal  0.000000e+000  0.000000e+000 -1.000000e+000
    outer loop
      vertex  7.648947e+000 -4.809685e+000  0.000000e+000
      vertex  6.896091e+000 -4.633581e+000  0.000000e+000
      vertex  6.736721e+000 -4.555565e+000  0.000000e+000
    endloop
  endfacet
  facet normal  0.000000e+000  0.000000e+000 -9.999999e-001
    outer loop
      vertex  7.222476e+000 -4.736248e+000  0.000000e+000
      vertex  6.896091e+000 -4.633581e+000  0.000000e+000
      vertex  7.648947e+000 -4.809685e+000  0.000000e+000
    endloop
  endfacet
  facet normal  0.000000e+000  0.000000e+000 -1.000000e+000
    outer loop
      vertex  5.750545e+000 -6.444179e+000  0.000000e+000
      vertex  5.461853e+000 -6.260535e+000  0.000000e+000
      vertex  6.143477e+000 -6.625492e+000  0.000000e+000
    endloop
  endfacet
  facet normal  0.000000e+000  0.000000e+000 -1.000000e+000
    outer loop
      vertex  6.651060e+000 -6.210749e+000  0.000000e+000
      vertex  6.210749e+000 -6.651060e+000  0.000000e+000
      vertex  6.143477e+000 -6.625492e+000  0.000000e+000
    endloop
  endfacet
  facet normal  0.000000e+000  0.000000e+000 -9.999999e-001
    outer loop
      vertex  6.651060e+000 -6.210749e+000  0.000000e+000
      vertex  6.143477e+000 -6.625492e+000  0.000000e+000
      vertex  5.461853e+000 -6.260535e+000  0.000000e+000
    endloop
  endfacet
  facet normal  0.000000e+000  0.000000e+000 -9.999999e-001
    outer loop
      vertex  6.651060e+000 -6.210749e+000  0.000000e+000
      vertex  5.461853e+000 -6.260535e+000  0.000000e+000
      vertex  5.328105e+000 -6.143930e+000  0.000000e+000
    endloop
  endfacet
  facet normal  0.000000e+000  0.000000e+000 -1.000000e+000
    outer loop
      vertex  6.651060e+000 -6.210749e+000  0.000000e+000
      vertex  5.328105e+000 -6.143930e+000  0.000000e+000
      vertex  6.625492e+000 -6.143477e+000  0.000000e+000
    endloop
  endfacet
  facet normal  0.000000e+000  0.000000e+000 -1.000000e+000
    outer loop
      vertex  4.816970e+000 -7.720544e+000  0.000000e+000
      vertex  4.277702e+000 -8.031891e+000  0.000000e+000
      vertex  4.213650e+000 -7.985592e+000  0.000000e+000
    endloop
  endfacet
  facet normal  0.000000e+000  0.000000e+000 -1.000000e+000
    outer loop
      vertex  4.816970e+000 -7.720544e+000  0.000000e+000
      vertex  4.213650e+000 -7.985592e+000  0.000000e+000
      vertex  3.882764e+000 -7.709290e+000  0.000000e+000
    endloop
  endfacet
  facet normal  0.000000e+000  0.000000e+000 -9.999999e-001
    outer loop
      vertex  4.816970e+000 -7.720544e+000  0.000000e+000
      vertex  3.882764e+000 -7.709290e+000  0.000000e+000
      vertex  3.653379e+000 -7.458248e+000  0.000000e+000
    endloop
  endfacet
  facet normal  0.000000e+000  0.000000e+000 -1.000000e+000
    outer loop
      vertex  4.816970e+000 -7.720544e+000  0.000000e+000
      vertex  3.653379e+000 -7.458248e+000  0.000000e+000
      vertex  4.808901e+000 -7.641924e+000  0.000000e+000
    endloop
  endfacet
  facet normal  0.000000e+000  0.000000e+000 -1.000000e+000
    outer loop
      vertex -5.337864e-001 -7.506044e+000  0.000000e+000
      vertex -9.822096e-001 -7.460623e+000  0.000000e+000
      vertex -1.427109e+000 -7.388436e+000  0.000000e+000
    endloop
  endfacet
  facet normal  0.000000e+000  0.000000e+000 -1.000000e+000
    outer loop
      vertex -5.337864e-001 -7.506044e+000  0.000000e+000
      vertex -1.427109e+000 -7.388436e+000  0.000000e+000
      vertex -2.458305e+000 -7.112128e+000  0.000000e+000
    endloop
  endfacet
  facet normal  0.000000e+000  0.000000e+000 -1.000000e+000
    outer loop
      vertex -5.337864e-001 -7.506044e+000  0.000000e+000
      vertex -2.458305e+000 -7.112128e+000  0.000000e+000
      vertex -2.879693e+000 -6.952193e+000  0.000000e+000
    endloop
  endfacet
  facet normal  0.000000e+000  0.000000e+000 -1.000000e+000
    outer loop
      vertex -5.337864e-001 -7.506044e+000  0.000000e+000
      vertex -2.879693e+000 -6.952193e+000  0.000000e+000
      vertex -3.290750e+000 -6.767318e+000  0.000000e+000
    endloop
  endfacet
  facet normal  0.000000e+000  0.000000e+000 -1.000000e+000
    outer loop
      vertex -5.337864e-001 -7.506044e+000  0.000000e+000
      vertex -3.290750e+000 -6.767318e+000  0.000000e+000
      vertex -4.215294e+000 -6.233531e+000  0.000000e+000
    endloop
  endfacet
  facet normal  0.000000e+000  0.000000e+000 -1.000000e+000
    outer loop
      vertex -5.337864e-001 -7.506044e+000  0.000000e+000
      vertex -4.215294e+000 -6.233531e+000  0.000000e+000
      vertex -4.580930e+000 -5.969984e+000  0.000000e+000
    endloop
  endfacet
  facet normal  0.000000e+000  0.000000e+000 -1.000000e+000
    outer loop
      vertex -5.337864e-001 -7.506044e+000  0.000000e+000
      vertex -4.580930e+000 -5.969984e+000  0.000000e+000
      vertex -4.930130e+000 -5.685019e+000  0.000000e+000
    endloop
  endfacet
  facet normal  0.000000e+000  0.000000e+000 -1.000000e+000
    outer loop
      vertex -5.337864e-001 -7.506044e+000  0.000000e+000
      vertex -4.930130e+000 -5.685019e+000  0.000000e+000
      vertex -5.685019e+000 -4.930130e+000  0.000000e+000
    endloop
  endfacet
  facet normal  0.000000e+000  0.000000e+000 -1.000000e+000
    outer loop
      vertex -5.337864e-001 -7.506044e+000  0.000000e+000
      vertex -5.685019e+000 -4.930130e+000  0.000000e+000
      vertex -5.969984e+000 -4.580930e+000  0.000000e+000
    endloop
  endfacet
  facet normal  0.000000e+000  0.000000e+000 -1.000000e+000
    outer loop
      vertex -5.337864e-001 -7.506044e+000  0.000000e+000
      vertex -5.969984e+000 -4.580930e+000  0.000000e+000
      vertex -6.233531e+000 -4.215294e+000  0.000000e+000
    endloop
  endfacet
  facet normal  0.000000e+000  0.000000e+000 -1.000000e+000
    outer loop
      vertex -5.337864e-001 -7.506044e+000  0.000000e+000
      vertex -6.233531e+000 -4.215294e+000  0.000000e+000
      vertex -7.313596e+000 -3.556388e+000  0.000000e+000
    endloop
  endfacet
  facet normal  0.000000e+000  0.000000e+000 -9.999999e-001
    outer loop
      vertex -5.337864e-001 -7.506044e+000  0.000000e+000
      vertex -7.313596e+000 -3.556388e+000  0.000000e+000
      vertex -6.767318e+000 -3.290750e+000  0.000000e+000
    endloop
  endfacet
  facet normal  0.000000e+000  0.000000e+000 -1.000000e+000
    outer loop
      vertex -5.337864e-001 -7.506044e+000  0.000000e+000
      vertex -6.767318e+000 -3.290750e+000  0.000000e+000
      vertex -6.952193e+000 -2.879693e+000  0.000000e+000
    endloop
  endfacet
  facet normal  0.000000e+000  0.000000e+000 -9.999999e-001
    outer loop
      vertex -5.337864e-001 -7.506044e+000  0.000000e+000
      vertex -6.952193e+000 -2.879693e+000  0.000000e+000
      vertex -7.112128e+000 -2.458305e+000  0.000000e+000
    endloop
  endfacet
  facet normal  0.000000e+000  0.000000e+000 -1.000000e+000
    outer loop
      vertex -5.337864e-001 -7.506044e+000  0.000000e+000
      vertex -7.112128e+000 -2.458305e+000  0.000000e+000
      vertex -8.149678e+000 -1.598556e+000  0.000000e+000
    endloop
  endfacet
  facet normal  0.000000e+000  0.000000e+000 -1.000000e+000
    outer loop
      vertex -5.337864e-001 -7.506044e+000  0.000000e+000
      vertex -8.149678e+000 -1.598556e+000  0.000000e+000
      vertex -7.984852e+000 -1.542310e+000  0.000000e+000
    endloop
  endfacet
  facet normal  0.000000e+000  0.000000e+000 -1.000000e+000
    outer loop
      vertex -5.337864e-001 -7.506044e+000  0.000000e+000
      vertex -7.984852e+000 -1.542310e+000  0.000000e+000
      vertex -7.388436e+000 -1.427109e+000  0.000000e+000
    endloop
  endfacet
  facet normal  0.000000e+000  0.000000e+000 -9.999999e-001
    outer loop
      vertex -5.337864e-001 -7.506044e+000  0.000000e+000
      vertex -7.388436e+000 -1.427109e+000  0.000000e+000
      vertex  1.836970e-016 -1.000000e+000  0.000000e+000
    endloop
  endfacet
  facet normal  0.000000e+000  0.000000e+000 -1.000000e+000
    outer loop
      vertex -5.337864e-001 -7.506044e+000  0.000000e+000
      vertex  1.836970e-016 -1.000000e+000  0.000000e+000
      vertex -3.113467e-001 -9.094672e+000  0.000000e+000
    endloop
  endfacet
  facet normal  0.000000e+000  0.000000e+000 -1.000000e+000
    outer loop
      vertex -5.337864e-001 -7.506044e+000  0.000000e+000
      vertex -3.113467e-001 -9.094672e+000  0.000000e+000
      vertex -3.436687e-001 -9.022551e+000  0.000000e+000
    endloop
  endfacet
  facet normal  0.000000e+000  0.000000e+000 -1.000000e+000
    outer loop
      vertex -5.337864e-001 -7.506044e+000  0.000000e+000
      vertex -3.436687e-001 -9.022551e+000  0.000000e+000
      vertex -4.920723e-001 -8.617823e+000  0.000000e+000
    endloop
  endfacet
  facet normal  0.000000e+000  0.000000e+000 -1.000000e+000
    outer loop
      vertex -5.337864e-001 -7.506044e+000  0.000000e+000
      vertex -4.920723e-001 -8.617823e+000  0.000000e+000
      vertex -5.652050e-001 -8.285721e+000  0.000000e+000
    endloop
  endfacet
  facet normal  0.000000e+000  0.000000e+000 -1.000000e+000
    outer loop
      vertex -5.337864e-001 -7.506044e+000  0.000000e+000
      vertex -5.652050e-001 -8.285721e+000  0.000000e+000
      vertex -5.768752e-001 -8.111954e+000  0.000000e+000
    endloop
  endfacet
  facet normal  0.000000e+000  -0.000000e+000 -1.000000e+000
    outer loop
      vertex -4.816970e+000 -7.720544e+000  0.000000e+000
      vertex -4.808901e+000 -7.641924e+000  0.000000e+000
      vertex -3.653379e+000 -7.458248e+000  0.000000e+000
    endloop
  endfacet
  facet normal  0.000000e+000  0.000000e+000 -9.999999e-001
    outer loop
      vertex -4.816970e+000 -7.720544e+000  0.000000e+000
      vertex -3.653379e+000 -7.458248e+000  0.000000e+000
      vertex -3.882764e+000 -7.709290e+000  0.000000e+000
    endloop
  endfacet
  facet normal  0.000000e+000  0.000000e+000 -1.000000e+000
    outer loop
      vertex -4.816970e+000 -7.720544e+000  0.000000e+000
      vertex -3.882764e+000 -7.709290e+000  0.000000e+000
      vertex -4.213650e+000 -7.985592e+000  0.000000e+000
    endloop
  endfacet
  facet normal  -0.000000e+000  0.000000e+000 -1.000000e+000
    outer loop
      vertex -4.816970e+000 -7.720544e+000  0.000000e+000
      vertex -4.213650e+000 -7.985592e+000  0.000000e+000
      vertex -4.277702e+000 -8.031891e+000  0.000000e+000
    endloop
  endfacet
  facet normal  0.000000e+000  -0.000000e+000 -1.000000e+000
    outer loop
      vertex -6.651060e+000 -6.210749e+000  0.000000e+000
      vertex -6.622917e+000 -6.136897e+000  0.000000e+000
      vertex -5.328387e+000 -6.144251e+000  0.000000e+000
    endloop
  endfacet
  facet normal  0.000000e+000  0.000000e+000 -1.000000e+000
    outer loop
      vertex -6.651060e+000 -6.210749e+000  0.000000e+000
      vertex -5.328387e+000 -6.144251e+000  0.000000e+000
      vertex -5.459229e+000 -6.258550e+000  0.000000e+000
    endloop
  endfacet
  facet normal  -0.000000e+000  0.000000e+000 -1.000000e+000
    outer loop
      vertex -6.651060e+000 -6.210749e+000  0.000000e+000
      vertex -5.459229e+000 -6.258550e+000  0.000000e+000
      vertex -6.136897e+000 -6.622917e+000  0.000000e+000
    endloop
  endfacet
  facet normal  -0.000000e+000  0.000000e+000 -1.000000e+000
    outer loop
      vertex -6.651060e+000 -6.210749e+000  0.000000e+000
      vertex -6.136897e+000 -6.622917e+000  0.000000e+000
      vertex -6.210749e+000 -6.651060e+000  0.000000e+000
    endloop
  endfacet
  facet normal  -0.000000e+000  0.000000e+000 -1.000000e+000
    outer loop
      vertex  4.816970e+000  7.720544e+000  0.000000e+000
      vertex  4.808901e+000  7.641924e+000  0.000000e+000
      vertex  3.653379e+000  7.458248e+000  0.000000e+000
    endloop
  endfacet
  facet normal  0.000000e+000  0.000000e+000 -9.999999e-001
    outer loop
      vertex  4.816970e+000  7.720544e+000  0.000000e+000
      vertex  3.653379e+000  7.458248e+000  0.000000e+000
      vertex  3.882764e+000  7.709290e+000  0.000000e+000
    endloop
  endfacet
  facet normal  0.000000e+000  0.000000e+000 -1.000000e+000
    outer loop
      vertex  4.816970e+000  7.720544e+000  0.000000e+000
      vertex  3.882764e+000  7.709290e+000  0.000000e+000
      vertex  4.213650e+000  7.985592e+000  0.000000e+000
    endloop
  endfacet
  facet normal  0.000000e+000  0.000000e+000 -1.000000e+000
    outer loop
      vertex  4.816970e+000  7.720544e+000  0.000000e+000
      vertex  4.213650e+000  7.985592e+000  0.000000e+000
      vertex  4.277702e+000  8.031891e+000  0.000000e+000
    endloop
  endfacet
  facet normal  0.000000e+000  0.000000e+000 -9.999999e-001
    outer loop
      vertex -6.123234e-017  1.000000e+000  0.000000e+000
      vertex -2.588190e-001  9.659258e-001  0.000000e+000
      vertex -7.460623e+000  9.822096e-001  0.000000e+000
    endloop
  endfacet
  facet normal  0.000000e+000  0.000000e+000 -9.999999e-001
    outer loop
      vertex -6.123234e-017  1.000000e+000  0.000000e+000
      vertex -7.460623e+000  9.822096e-001  0.000000e+000
      vertex -7.388436e+000  1.427109e+000  0.000000e+000
    endloop
  endfacet
  facet normal  0.000000e+000  0.000000e+000 -1.000000e+000
    outer loop
      vertex -6.123234e-017  1.000000e+000  0.000000e+000
      vertex -7.388436e+000  1.427109e+000  0.000000e+000
      vertex -7.985271e+000  1.542393e+000  0.000000e+000
    endloop
  endfacet
  facet normal  0.000000e+000  0.000000e+000 -1.000000e+000
    outer loop
      vertex -6.123234e-017  1.000000e+000  0.000000e+000
      vertex -7.985271e+000  1.542393e+000  0.000000e+000
      vertex -8.149678e+000  1.598556e+000  0.000000e+000
    endloop
  endfacet
  facet normal  0.000000e+000  0.000000e+000 -1.000000e+000
    outer loop
      vertex -6.123234e-017  1.000000e+000  0.000000e+000
      vertex -8.149678e+000  1.598556e+000  0.000000e+000
      vertex -8.451535e+000  1.755151e+000  0.000000e+000
    endloop
  endfacet
  facet normal  0.000000e+000  0.000000e+000 -1.000000e+000
    outer loop
      vertex -6.123234e-017  1.000000e+000  0.000000e+000
      vertex -8.451535e+000  1.755151e+000  0.000000e+000
      vertex -8.804063e+000  2.003249e+000  0.000000e+000
    endloop
  endfacet
  facet normal  0.000000e+000  0.000000e+000 -1.000000e+000
    outer loop
      vertex -6.123234e-017  1.000000e+000  0.000000e+000
      vertex -8.804063e+000  2.003249e+000  0.000000e+000
      vertex -8.865361e+000  2.053137e+000  0.000000e+000
    endloop
  endfacet
  facet normal  0.000000e+000  0.000000e+000 -1.000000e+000
    outer loop
      vertex -6.123234e-017  1.000000e+000  0.000000e+000
      vertex -8.865361e+000  2.053137e+000  0.000000e+000
      vertex -7.112128e+000  2.458305e+000  0.000000e+000
    endloop
  endfacet
  facet normal  0.000000e+000  0.000000e+000 -1.000000e+000
    outer loop
      vertex -6.123234e-017  1.000000e+000  0.000000e+000
      vertex -7.112128e+000  2.458305e+000  0.000000e+000
      vertex -6.952193e+000  2.879693e+000  0.000000e+000
    endloop
  endfacet
  facet normal  0.000000e+000  0.000000e+000 -1.000000e+000
    outer loop
      vertex -6.123234e-017  1.000000e+000  0.000000e+000
      vertex -6.952193e+000  2.879693e+000  0.000000e+000
      vertex -6.767318e+000  3.290750e+000  0.000000e+000
    endloop
  endfacet
  facet normal  0.000000e+000  0.000000e+000 -1.000000e+000
    outer loop
      vertex -6.123234e-017  1.000000e+000  0.000000e+000
      vertex -6.767318e+000  3.290750e+000  0.000000e+000
      vertex -7.313979e+000  3.556578e+000  0.000000e+000
    endloop
  endfacet
  facet normal  0.000000e+000  0.000000e+000 -9.999999e-001
    outer loop
      vertex -6.123234e-017  1.000000e+000  0.000000e+000
      vertex -7.313979e+000  3.556578e+000  0.000000e+000
      vertex -7.458248e+000  3.653379e+000  0.000000e+000
    endloop
  endfacet
  facet normal  0.000000e+000  0.000000e+000 -1.000000e+000
    outer loop
      vertex -6.123234e-017  1.000000e+000  0.000000e+000
      vertex -7.458248e+000  3.653379e+000  0.000000e+000
      vertex -7.709290e+000  3.882764e+000  0.000000e+000
    endloop
  endfacet
  facet normal  0.000000e+000  0.000000e+000 -9.999999e-001
    outer loop
      vertex -6.123234e-017  1.000000e+000  0.000000e+000
      vertex -7.709290e+000  3.882764e+000  0.000000e+000
      vertex -7.985592e+000  4.213650e+000  0.000000e+000
    endloop
  endfacet
  facet normal  0.000000e+000  0.000000e+000 -1.000000e+000
    outer loop
      vertex -6.123234e-017  1.000000e+000  0.000000e+000
      vertex -7.985592e+000  4.213650e+000  0.000000e+000
      vertex -6.233531e+000  4.215294e+000  0.000000e+000
    endloop
  endfacet
  facet normal  0.000000e+000  0.000000e+000 -1.000000e+000
    outer loop
      vertex -6.123234e-017  1.000000e+000  0.000000e+000
      vertex -6.233531e+000  4.215294e+000  0.000000e+000
      vertex -5.969984e+000  4.580930e+000  0.000000e+000
    endloop
  endfacet
  facet normal  0.000000e+000  0.000000e+000 -1.000000e+000
    outer loop
      vertex -6.123234e-017  1.000000e+000  0.000000e+000
      vertex -5.969984e+000  4.580930e+000  0.000000e+000
      vertex -5.685019e+000  4.930130e+000  0.000000e+000
    endloop
  endfacet
  facet normal  0.000000e+000  0.000000e+000 -1.000000e+000
    outer loop
      vertex -6.123234e-017  1.000000e+000  0.000000e+000
      vertex -5.685019e+000  4.930130e+000  0.000000e+000
      vertex -6.144251e+000  5.328387e+000  0.000000e+000
    endloop
  endfacet
  facet normal  0.000000e+000  0.000000e+000 -1.000000e+000
    outer loop
      vertex -6.123234e-017  1.000000e+000  0.000000e+000
      vertex -6.144251e+000  5.328387e+000  0.000000e+000
      vertex -6.258550e+000  5.459229e+000  0.000000e+000
    endloop
  endfacet
  facet normal  0.000000e+000  0.000000e+000 -1.000000e+000
    outer loop
      vertex -6.123234e-017  1.000000e+000  0.000000e+000
      vertex -6.258550e+000  5.459229e+000  0.000000e+000
      vertex -4.930130e+000  5.685019e+000  0.000000e+000
    endloop
  endfacet
  facet normal  0.000000e+000  0.000000e+000 -1.000000e+000
    outer loop
      vertex -6.123234e-017  1.000000e+000  0.000000e+000
      vertex -4.930130e+000  5.685019e+000  0.000000e+000
      vertex -4.580930e+000  5.969984e+000  0.000000e+000
    endloop
  endfacet
  facet normal  0.000000e+000  0.000000e+000 -9.999999e-001
    outer loop
      vertex -6.123234e-017  1.000000e+000  0.000000e+000
      vertex -4.580930e+000  5.969984e+000  0.000000e+000
      vertex -4.215294e+000  6.233531e+000  0.000000e+000
    endloop
  endfacet
  facet normal  0.000000e+000  0.000000e+000 -1.000000e+000
    outer loop
      vertex -6.123234e-017  1.000000e+000  0.000000e+000
      vertex -4.215294e+000  6.233531e+000  0.000000e+000
      vertex -4.555802e+000  6.737076e+000  0.000000e+000
    endloop
  endfacet
  facet normal  0.000000e+000  0.000000e+000 -1.000000e+000
    outer loop
      vertex -6.123234e-017  1.000000e+000  0.000000e+000
      vertex -4.555802e+000  6.737076e+000  0.000000e+000
      vertex -3.290750e+000  6.767318e+000  0.000000e+000
    endloop
  endfacet
  facet normal  0.000000e+000  0.000000e+000 -9.999999e-001
    outer loop
      vertex -6.123234e-017  1.000000e+000  0.000000e+000
      vertex -3.290750e+000  6.767318e+000  0.000000e+000
      vertex -2.879693e+000  6.952193e+000  0.000000e+000
    endloop
  endfacet
  facet normal  0.000000e+000  0.000000e+000 -1.000000e+000
    outer loop
      vertex -6.123234e-017  1.000000e+000  0.000000e+000
      vertex -2.879693e+000  6.952193e+000  0.000000e+000
      vertex -2.458305e+000  7.112128e+000  0.000000e+000
    endloop
  endfacet
  facet normal  0.000000e+000  0.000000e+000 -9.999999e-001
    outer loop
      vertex -6.123234e-017  1.000000e+000  0.000000e+000
      vertex -2.458305e+000  7.112128e+000  0.000000e+000
      vertex -1.427109e+000  7.388436e+000  0.000000e+000
    endloop
  endfacet
  facet normal  0.000000e+000  0.000000e+000 -1.000000e+000
    outer loop
      vertex -6.123234e-017  1.000000e+000  0.000000e+000
      vertex -1.427109e+000  7.388436e+000  0.000000e+000
      vertex -9.822096e-001  7.460623e+000  0.000000e+000
    endloop
  endfacet
  facet normal  0.000000e+000  0.000000e+000 -1.000000e+000
    outer loop
      vertex -6.123234e-017  1.000000e+000  0.000000e+000
      vertex -9.822096e-001  7.460623e+000  0.000000e+000
      vertex -5.337864e-001  7.506044e+000  0.000000e+000
    endloop
  endfacet
  facet normal  0.000000e+000  0.000000e+000 -1.000000e+000
    outer loop
      vertex -6.123234e-017  1.000000e+000  0.000000e+000
      vertex -5.337864e-001  7.506044e+000  0.000000e+000
      vertex -5.652050e-001  8.285721e+000  0.000000e+000
    endloop
  endfacet
  facet normal  0.000000e+000  0.000000e+000 -1.000000e+000
    outer loop
      vertex -6.123234e-017  1.000000e+000  0.000000e+000
      vertex -5.652050e-001  8.285721e+000  0.000000e+000
      vertex -4.920723e-001  8.617823e+000  0.000000e+000
    endloop
  endfacet
  facet normal  0.000000e+000  0.000000e+000 -1.000000e+000
    outer loop
      vertex -6.123234e-017  1.000000e+000  0.000000e+000
      vertex -4.920723e-001  8.617823e+000  0.000000e+000
      vertex -3.436687e-001  9.022551e+000  0.000000e+000
    endloop
  endfacet
  facet normal  0.000000e+000  0.000000e+000 -1.000000e+000
    outer loop
      vertex -6.123234e-017  1.000000e+000  0.000000e+000
      vertex -3.436687e-001  9.022551e+000  0.000000e+000
      vertex -3.113467e-001  9.094672e+000  0.000000e+000
    endloop
  endfacet
  facet normal  0.000000e+000  0.000000e+000 -1.000000e+000
    outer loop
      vertex -6.123234e-017  1.000000e+000  0.000000e+000
      vertex -3.113467e-001  9.094672e+000  0.000000e+000
      vertex  3.113467e-001  9.094672e+000  0.000000e+000
    endloop
  endfacet
  facet normal  0.000000e+000  -0.000000e+000 -1.000000e+000
    outer loop
      vertex -6.123234e-017  1.000000e+000  0.000000e+000
      vertex  3.113467e-001  9.094672e+000  0.000000e+000
      vertex  3.436687e-001  9.022551e+000  0.000000e+000
    endloop
  endfacet
  facet normal  0.000000e+000  -0.000000e+000 -1.000000e+000
    outer loop
      vertex -6.123234e-017  1.000000e+000  0.000000e+000
      vertex  3.436687e-001  9.022551e+000  0.000000e+000
      vertex  4.920723e-001  8.617823e+000  0.000000e+000
    endloop
  endfacet
  facet normal  0.000000e+000  -0.000000e+000 -1.000000e+000
    outer loop
      vertex -6.123234e-017  1.000000e+000  0.000000e+000
      vertex  4.920723e-001  8.617823e+000  0.000000e+000
      vertex  5.652050e-001  8.285721e+000  0.000000e+000
    endloop
  endfacet
  facet normal  0.000000e+000  0.000000e+000 -1.000000e+000
    outer loop
      vertex -6.123234e-017  1.000000e+000  0.000000e+000
      vertex  5.652050e-001  8.285721e+000  0.000000e+000
      vertex  5.337864e-001  7.506044e+000  0.000000e+000
    endloop
  endfacet
  facet normal  0.000000e+000  -0.000000e+000 -1.000000e+000
    outer loop
      vertex -6.123234e-017  1.000000e+000  0.000000e+000
      vertex  5.337864e-001  7.506044e+000  0.000000e+000
      vertex  9.822096e-001  7.460623e+000  0.000000e+000
    endloop
  endfacet
  facet normal  0.000000e+000  -0.000000e+000 -1.000000e+000
    outer loop
      vertex -6.123234e-017  1.000000e+000  0.000000e+000
      vertex  9.822096e-001  7.460623e+000  0.000000e+000
      vertex  1.427109e+000  7.388436e+000  0.000000e+000
    endloop
  endfacet
  facet normal  0.000000e+000  -0.000000e+000 -1.000000e+000
    outer loop
      vertex -6.123234e-017  1.000000e+000  0.000000e+000
      vertex  1.427109e+000  7.388436e+000  0.000000e+000
      vertex  2.458305e+000  7.112128e+000  0.000000e+000
    endloop
  endfacet
  facet normal  0.000000e+000  -0.000000e+000 -1.000000e+000
    outer loop
      vertex -6.123234e-017  1.000000e+000  0.000000e+000
      vertex  2.458305e+000  7.112128e+000  0.000000e+000
      vertex  2.879693e+000  6.952193e+000  0.000000e+000
    endloop
  endfacet
  facet normal  0.000000e+000  -0.000000e+000 -9.999999e-001
    outer loop
      vertex -6.123234e-017  1.000000e+000  0.000000e+000
      vertex  2.879693e+000  6.952193e+000  0.000000e+000
      vertex  3.290750e+000  6.767318e+000  0.000000e+000
    endloop
  endfacet
  facet normal  0.000000e+000  -0.000000e+000 -1.000000e+000
    outer loop
      vertex -6.123234e-017  1.000000e+000  0.000000e+000
      vertex  3.290750e+000  6.767318e+000  0.000000e+000
      vertex  4.555565e+000  6.736721e+000  0.000000e+000
    endloop
  endfacet
  facet normal  0.000000e+000  0.000000e+000 -1.000000e+000
    outer loop
      vertex -6.123234e-017  1.000000e+000  0.000000e+000
      vertex  4.555565e+000  6.736721e+000  0.000000e+000
      vertex  4.215294e+000  6.233531e+000  0.000000e+000
    endloop
  endfacet
  facet normal  0.000000e+000  -0.000000e+000 -9.999999e-001
    outer loop
      vertex -6.123234e-017  1.000000e+000  0.000000e+000
      vertex  4.215294e+000  6.233531e+000  0.000000e+000
      vertex  4.580930e+000  5.969984e+000  0.000000e+000
    endloop
  endfacet
  facet normal  0.000000e+000  -0.000000e+000 -1.000000e+000
    outer loop
      vertex -6.123234e-017  1.000000e+000  0.000000e+000
      vertex  4.580930e+000  5.969984e+000  0.000000e+000
      vertex  4.930130e+000  5.685019e+000  0.000000e+000
    endloop
  endfacet
  facet normal  0.000000e+000  -0.000000e+000 -1.000000e+000
    outer loop
      vertex -6.123234e-017  1.000000e+000  0.000000e+000
      vertex  4.930130e+000  5.685019e+000  0.000000e+000
      vertex  6.258550e+000  5.459229e+000  0.000000e+000
    endloop
  endfacet
  facet normal  0.000000e+000  0.000000e+000 -1.000000e+000
    outer loop
      vertex -6.123234e-017  1.000000e+000  0.000000e+000
      vertex  6.258550e+000  5.459229e+000  0.000000e+000
      vertex  6.143930e+000  5.328105e+000  0.000000e+000
    endloop
  endfacet
  facet normal  0.000000e+000  0.000000e+000 -1.000000e+000
    outer loop
      vertex -6.123234e-017  1.000000e+000  0.000000e+000
      vertex  6.143930e+000  5.328105e+000  0.000000e+000
      vertex  5.685019e+000  4.930130e+000  0.000000e+000
    endloop
  endfacet
  facet normal  0.000000e+000  -0.000000e+000 -9.999999e-001
    outer loop
      vertex -6.123234e-017  1.000000e+000  0.000000e+000
      vertex  5.685019e+000  4.930130e+000  0.000000e+000
      vertex  5.969984e+000  4.580930e+000  0.000000e+000
    endloop
  endfacet
  facet normal  0.000000e+000  -0.000000e+000 -1.000000e+000
    outer loop
      vertex -6.123234e-017  1.000000e+000  0.000000e+000
      vertex  5.969984e+000  4.580930e+000  0.000000e+000
      vertex  6.233531e+000  4.215294e+000  0.000000e+000
    endloop
  endfacet
  facet normal  0.000000e+000  -0.000000e+000 -1.000000e+000
    outer loop
      vertex -6.123234e-017  1.000000e+000  0.000000e+000
      vertex  6.233531e+000  4.215294e+000  0.000000e+000
      vertex  7.985592e+000  4.213650e+000  0.000000e+000
    endloop
  endfacet
  facet normal  0.000000e+000  0.000000e+000 -1.000000e+000
    outer loop
      vertex -6.123234e-017  1.000000e+000  0.000000e+000
      vertex  7.985592e+000  4.213650e+000  0.000000e+000
      vertex  7.709290e+000  3.882764e+000  0.000000e+000
    endloop
  endfacet
  facet normal  0.000000e+000  0.000000e+000 -1.000000e+000
    outer loop
      vertex -6.123234e-017  1.000000e+000  0.000000e+000
      vertex  7.709290e+000  3.882764e+000  0.000000e+000
      vertex  7.458248e+000  3.653379e+000  0.000000e+000
    endloop
  endfacet
  facet normal  0.000000e+000  0.000000e+000 -1.000000e+000
    outer loop
      vertex -6.123234e-017  1.000000e+000  0.000000e+000
      vertex  7.458248e+000  3.653379e+000  0.000000e+000
      vertex  7.313596e+000  3.556388e+000  0.000000e+000
    endloop
  endfacet
  facet normal  0.000000e+000  0.000000e+000 -1.000000e+000
    outer loop
      vertex -6.123234e-017  1.000000e+000  0.000000e+000
      vertex  7.313596e+000  3.556388e+000  0.000000e+000
      vertex  6.767318e+000  3.290750e+000  0.000000e+000
    endloop
  endfacet
  facet normal  0.000000e+000  -0.000000e+000 -1.000000e+000
    outer loop
      vertex -6.123234e-017  1.000000e+000  0.000000e+000
      vertex  6.767318e+000  3.290750e+000  0.000000e+000
      vertex  6.952193e+000  2.879693e+000  0.000000e+000
    endloop
  endfacet
  facet normal  0.000000e+000  -0.000000e+000 -1.000000e+000
    outer loop
      vertex -6.123234e-017  1.000000e+000  0.000000e+000
      vertex  6.952193e+000  2.879693e+000  0.000000e+000
      vertex  7.112128e+000  2.458305e+000  0.000000e+000
    endloop
  endfacet
  facet normal  0.000000e+000  -0.000000e+000 -1.000000e+000
    outer loop
      vertex -6.123234e-017  1.000000e+000  0.000000e+000
      vertex  7.112128e+000  2.458305e+000  0.000000e+000
      vertex  8.865361e+000  2.053137e+000  0.000000e+000
    endloop
  endfacet
  facet normal  0.000000e+000  0.000000e+000 -1.000000e+000
    outer loop
      vertex -6.123234e-017  1.000000e+000  0.000000e+000
      vertex  8.865361e+000  2.053137e+000  0.000000e+000
      vertex  8.804063e+000  2.003249e+000  0.000000e+000
    endloop
  endfacet
  facet normal  0.000000e+000  0.000000e+000 -1.000000e+000
    outer loop
      vertex -6.123234e-017  1.000000e+000  0.000000e+000
      vertex  8.804063e+000  2.003249e+000  0.000000e+000
      vertex  8.451535e+000  1.755151e+000  0.000000e+000
    endloop
  endfacet
  facet normal  0.000000e+000  0.000000e+000 -1.000000e+000
    outer loop
      vertex -6.123234e-017  1.000000e+000  0.000000e+000
      vertex  8.451535e+000  1.755151e+000  0.000000e+000
      vertex  8.149678e+000  1.598556e+000  0.000000e+000
    endloop
  endfacet
  facet normal  0.000000e+000  0.000000e+000 -1.000000e+000
    outer loop
      vertex -6.123234e-017  1.000000e+000  0.000000e+000
      vertex  8.149678e+000  1.598556e+000  0.000000e+000
      vertex  7.984852e+000  1.542310e+000  0.000000e+000
    endloop
  endfacet
  facet normal  0.000000e+000  0.000000e+000 -1.000000e+000
    outer loop
      vertex -6.123234e-017  1.000000e+000  0.000000e+000
      vertex  7.984852e+000  1.542310e+000  0.000000e+000
      vertex  7.388436e+000  1.427109e+000  0.000000e+000
    endloop
  endfacet
  facet normal  0.000000e+000  -0.000000e+000 -9.999999e-001
    outer loop
      vertex -6.123234e-017  1.000000e+000  0.000000e+000
      vertex  7.388436e+000  1.427109e+000  0.000000e+000
      vertex  7.460623e+000  9.822096e-001  0.000000e+000
    endloop
  endfacet
  facet normal  -0.000000e+000  0.000000e+000 -1.000000e+000
    outer loop
      vertex -6.123234e-017  1.000000e+000  0.000000e+000
      vertex  7.460623e+000  9.822096e-001  0.000000e+000
      vertex  2.588190e-001  9.659258e-001  0.000000e+000
    endloop
  endfacet
  facet normal  0.000000e+000  -0.000000e+000 -1.000000e+000
    outer loop
      vertex -7.506044e+000  5.337864e-001  0.000000e+000
      vertex -7.460623e+000  9.822096e-001  0.000000e+000
      vertex -2.588190e-001  9.659258e-001  0.000000e+000
    endloop
  endfacet
  facet normal  0.000000e+000  0.000000e+000 -1.000000e+000
    outer loop
      vertex -7.506044e+000  5.337864e-001  0.000000e+000
      vertex -2.588190e-001  9.659258e-001  0.000000e+000
      vertex -5.000000e-001  8.660254e-001  0.000000e+000
    endloop
  endfacet
  facet normal  0.000000e+000  0.000000e+000 -1.000000e+000
    outer loop
      vertex -7.506044e+000  5.337864e-001  0.000000e+000
      vertex -5.000000e-001  8.660254e-001  0.000000e+000
      vertex -7.071068e-001  7.071068e-001  0.000000e+000
    endloop
  endfacet
  facet normal  0.000000e+000  0.000000e+000 -1.000000e+000
    outer loop
      vertex -7.506044e+000  5.337864e-001  0.000000e+000
      vertex -7.071068e-001  7.071068e-001  0.000000e+000
      vertex -8.660254e-001  5.000000e-001  0.000000e+000
    endloop
  endfacet
  facet normal  -0.000000e+000  0.000000e+000 -1.000000e+000
    outer loop
      vertex -7.506044e+000  5.337864e-001  0.000000e+000
      vertex -8.660254e-001  5.000000e-001  0.000000e+000
      vertex -8.617823e+000  4.920723e-001  0.000000e+000
    endloop
  endfacet
  facet normal  0.000000e+000  0.000000e+000 -1.000000e+000
    outer loop
      vertex -7.506044e+000  5.337864e-001  0.000000e+000
      vertex -8.617823e+000  4.920723e-001  0.000000e+000
      vertex -8.285721e+000  5.652050e-001  0.000000e+000
    endloop
  endfacet
  facet normal  0.000000e+000  0.000000e+000 -1.000000e+000
    outer loop
      vertex -7.506044e+000  5.337864e-001  0.000000e+000
      vertex -8.285721e+000  5.652050e-001  0.000000e+000
      vertex -8.111954e+000  5.768752e-001  0.000000e+000
    endloop
  endfacet
  facet normal  0.000000e+000  0.000000e+000 -9.999999e-001
    outer loop
      vertex -9.094672e+000 -3.113467e-001  0.000000e+000
      vertex -9.094672e+000  3.113467e-001  0.000000e+000
      vertex -9.659258e-001  2.588190e-001  0.000000e+000
    endloop
  endfacet
  facet normal  0.000000e+000  0.000000e+000 -1.000000e+000
    outer loop
      vertex -9.094672e+000 -3.113467e-001  0.000000e+000
      vertex -9.659258e-001  2.588190e-001  0.000000e+000
      vertex -1.000000e+000  0.000000e+000  0.000000e+000
    endloop
  endfacet
  facet normal  0.000000e+000  -0.000000e+000 -1.000000e+000
    outer loop
      vertex -9.094672e+000 -3.113467e-001  0.000000e+000
      vertex -1.000000e+000  0.000000e+000  0.000000e+000
      vertex -9.659258e-001 -2.588190e-001  0.000000e+000
    endloop
  endfacet
  facet normal  0.000000e+000  -0.000000e+000 -1.000000e+000
    outer loop
      vertex -9.094672e+000 -3.113467e-001  0.000000e+000
      vertex -9.659258e-001 -2.588190e-001  0.000000e+000
      vertex -8.660254e-001 -5.000000e-001  0.000000e+000
    endloop
  endfacet
  facet normal  0.000000e+000  0.000000e+000 -1.000000e+000
    outer loop
      vertex -9.094672e+000 -3.113467e-001  0.000000e+000
      vertex -8.660254e-001 -5.000000e-001  0.000000e+000
      vertex -9.022551e+000 -3.436687e-001  0.000000e+000
    endloop
  endfacet
  facet normal  0.000000e+000  0.000000e+000 -1.000000e+000
    outer loop
      vertex -6.233531e+000 -4.215294e+000  0.000000e+000
      vertex -7.985592e+000 -4.213650e+000  0.000000e+000
      vertex -7.709290e+000 -3.882764e+000  0.000000e+000
    endloop
  endfacet
  facet normal  0.000000e+000  0.000000e+000 -1.000000e+000
    outer loop
      vertex -6.233531e+000 -4.215294e+000  0.000000e+000
      vertex -7.709290e+000 -3.882764e+000  0.000000e+000
      vertex -7.458248e+000 -3.653379e+000  0.000000e+000
    endloop
  endfacet
  facet normal  0.000000e+000  0.000000e+000 -1.000000e+000
    outer loop
      vertex -6.233531e+000 -4.215294e+000  0.000000e+000
      vertex -7.458248e+000 -3.653379e+000  0.000000e+000
      vertex -7.313596e+000 -3.556388e+000  0.000000e+000
    endloop
  endfacet
  facet normal  0.000000e+000  0.000000e+000 -1.000000e+000
    outer loop
      vertex -7.112128e+000 -2.458305e+000  0.000000e+000
      vertex -7.686644e+000 -2.656883e+000  0.000000e+000
      vertex -8.704196e+000 -2.654612e+000  0.000000e+000
    endloop
  endfacet
  facet normal  0.000000e+000  0.000000e+000 -1.000000e+000
    outer loop
      vertex -7.112128e+000 -2.458305e+000  0.000000e+000
      vertex -8.704196e+000 -2.654612e+000  0.000000e+000
      vertex -8.865361e+000 -2.053137e+000  0.000000e+000
    endloop
  endfacet
  facet normal  0.000000e+000  0.000000e+000 -1.000000e+000
    outer loop
      vertex -7.112128e+000 -2.458305e+000  0.000000e+000
      vertex -8.865361e+000 -2.053137e+000  0.000000e+000
      vertex -8.804063e+000 -2.003249e+000  0.000000e+000
    endloop
  endfacet
  facet normal  0.000000e+000  0.000000e+000 -1.000000e+000
    outer loop
      vertex -7.112128e+000 -2.458305e+000  0.000000e+000
      vertex -8.804063e+000 -2.003249e+000  0.000000e+000
      vertex -8.451535e+000 -1.755151e+000  0.000000e+000
    endloop
  endfacet
  facet normal  0.000000e+000  0.000000e+000 -1.000000e+000
    outer loop
      vertex -7.112128e+000 -2.458305e+000  0.000000e+000
      vertex -8.451535e+000 -1.755151e+000  0.000000e+000
      vertex -8.149678e+000 -1.598556e+000  0.000000e+000
    endloop
  endfacet
  facet normal  0.000000e+000  -0.000000e+000 -1.000000e+000
    outer loop
      vertex -6.651060e+000  6.210749e+000  0.000000e+000
      vertex -6.210749e+000  6.651060e+000  0.000000e+000
      vertex -6.136897e+000  6.622917e+000  0.000000e+000
    endloop
  endfacet
  facet normal  0.000000e+000  -0.000000e+000 -1.000000e+000
    outer loop
      vertex -6.651060e+000  6.210749e+000  0.000000e+000
      vertex -6.136897e+000  6.622917e+000  0.000000e+000
      vertex -5.745773e+000  6.441669e+000  0.000000e+000
    endloop
  endfacet
  facet normal  0.000000e+000  -0.000000e+000 -1.000000e+000
    outer loop
      vertex -6.651060e+000  6.210749e+000  0.000000e+000
      vertex -5.745773e+000  6.441669e+000  0.000000e+000
      vertex -5.459229e+000  6.258550e+000  0.000000e+000
    endloop
  endfacet
  facet normal  0.000000e+000  -0.000000e+000 -1.000000e+000
    outer loop
      vertex -6.651060e+000  6.210749e+000  0.000000e+000
      vertex -5.459229e+000  6.258550e+000  0.000000e+000
      vertex -5.328105e+000  6.143930e+000  0.000000e+000
    endloop
  endfacet
  facet normal  -0.000000e+000  0.000000e+000 -1.000000e+000
    outer loop
      vertex -6.651060e+000  6.210749e+000  0.000000e+000
      vertex -5.328105e+000  6.143930e+000  0.000000e+000
      vertex -6.622917e+000  6.136897e+000  0.000000e+000
    endloop
  endfacet
  facet normal  0.000000e+000  -0.000000e+000 -1.000000e+000
    outer loop
      vertex -8.031891e+000  4.277702e+000  0.000000e+000
      vertex -7.720544e+000  4.816970e+000  0.000000e+000
      vertex -7.641924e+000  4.808901e+000  0.000000e+000
    endloop
  endfacet
  facet normal  0.000000e+000  -0.000000e+000 -1.000000e+000
    outer loop
      vertex -8.031891e+000  4.277702e+000  0.000000e+000
      vertex -7.641924e+000  4.808901e+000  0.000000e+000
      vertex -7.217217e+000  4.735058e+000  0.000000e+000
    endloop
  endfacet
  facet normal  0.000000e+000  -0.000000e+000 -1.000000e+000
    outer loop
      vertex -8.031891e+000  4.277702e+000  0.000000e+000
      vertex -7.217217e+000  4.735058e+000  0.000000e+000
      vertex -6.893043e+000  4.632342e+000  0.000000e+000
    endloop
  endfacet
  facet normal  0.000000e+000  -0.000000e+000 -1.000000e+000
    outer loop
      vertex -8.031891e+000  4.277702e+000  0.000000e+000
      vertex -6.893043e+000  4.632342e+000  0.000000e+000
      vertex -6.736721e+000  4.555565e+000  0.000000e+000
    endloop
  endfacet
  facet normal  0.000000e+000  -0.000000e+000 -1.000000e+000
    outer loop
      vertex -8.031891e+000  4.277702e+000  0.000000e+000
      vertex -6.736721e+000  4.555565e+000  0.000000e+000
      vertex -6.233531e+000  4.215294e+000  0.000000e+000
    endloop
  endfacet
  facet normal  -0.000000e+000  0.000000e+000 -1.000000e+000
    outer loop
      vertex -8.031891e+000  4.277702e+000  0.000000e+000
      vertex -6.233531e+000  4.215294e+000  0.000000e+000
      vertex -7.985592e+000  4.213650e+000  0.000000e+000
    endloop
  endfacet
  facet normal  0.000000e+000  0.000000e+000 -1.000000e+000
    outer loop
      vertex  8.031891e+000  4.277702e+000  0.000000e+000
      vertex  7.985592e+000  4.213650e+000  0.000000e+000
      vertex  6.233531e+000  4.215294e+000  0.000000e+000
    endloop
  endfacet
  facet normal  0.000000e+000  0.000000e+000 -1.000000e+000
    outer loop
      vertex  8.031891e+000  4.277702e+000  0.000000e+000
      vertex  6.233531e+000  4.215294e+000  0.000000e+000
      vertex  6.737076e+000  4.555802e+000  0.000000e+000
    endloop
  endfacet
  facet normal  0.000000e+000  0.000000e+000 -1.000000e+000
    outer loop
      vertex  8.031891e+000  4.277702e+000  0.000000e+000
      vertex  6.737076e+000  4.555802e+000  0.000000e+000
      vertex  6.893043e+000  4.632342e+000  0.000000e+000
    endloop
  endfacet
  facet normal  0.000000e+000  0.000000e+000 -9.999999e-001
    outer loop
      vertex  8.031891e+000  4.277702e+000  0.000000e+000
      vertex  6.893043e+000  4.632342e+000  0.000000e+000
      vertex  7.217217e+000  4.735058e+000  0.000000e+000
    endloop
  endfacet
  facet normal  0.000000e+000  0.000000e+000 -1.000000e+000
    outer loop
      vertex  8.031891e+000  4.277702e+000  0.000000e+000
      vertex  7.217217e+000  4.735058e+000  0.000000e+000
      vertex  7.641924e+000  4.808901e+000  0.000000e+000
    endloop
  endfacet
  facet normal  0.000000e+000  0.000000e+000 -1.000000e+000
    outer loop
      vertex  8.031891e+000  4.277702e+000  0.000000e+000
      vertex  7.641924e+000  4.808901e+000  0.000000e+000
      vertex  7.720544e+000  4.816970e+000  0.000000e+000
    endloop
  endfacet
  facet normal  0.000000e+000  0.000000e+000 -1.000000e+000
    outer loop
      vertex  9.659258e-001  2.588190e-001  0.000000e+000
      vertex  8.660254e-001  5.000000e-001  0.000000e+000
      vertex  8.617823e+000  4.920723e-001  0.000000e+000
    endloop
  endfacet
  facet normal  0.000000e+000  -0.000000e+000 -1.000000e+000
    outer loop
      vertex  9.659258e-001  2.588190e-001  0.000000e+000
      vertex  8.617823e+000  4.920723e-001  0.000000e+000
      vertex  9.022551e+000  3.436687e-001  0.000000e+000
    endloop
  endfacet
  facet normal  0.000000e+000  -0.000000e+000 -1.000000e+000
    outer loop
      vertex  9.659258e-001  2.588190e-001  0.000000e+000
      vertex  9.022551e+000  3.436687e-001  0.000000e+000
      vertex  9.094672e+000  3.113467e-001  0.000000e+000
    endloop
  endfacet
  facet normal  0.000000e+000  -0.000000e+000 -9.999999e-001
    outer loop
      vertex  9.659258e-001  2.588190e-001  0.000000e+000
      vertex  9.094672e+000  3.113467e-001  0.000000e+000
      vertex  9.094672e+000 -3.113467e-001  0.000000e+000
    endloop
  endfacet
  facet normal  0.000000e+000  0.000000e+000 -1.000000e+000
    outer loop
      vertex  9.659258e-001  2.588190e-001  0.000000e+000
      vertex  9.094672e+000 -3.113467e-001  0.000000e+000
      vertex  1.000000e+000  1.224647e-016  0.000000e+000
    endloop
  endfacet
  facet normal  0.000000e+000  -0.000000e+000 -1.000000e+000
    outer loop
      vertex  8.660254e-001 -5.000000e-001  0.000000e+000
      vertex  9.659258e-001 -2.588190e-001  0.000000e+000
      vertex  9.094672e+000 -3.113467e-001  0.000000e+000
    endloop
  endfacet
  facet normal  0.000000e+000  0.000000e+000 -1.000000e+000
    outer loop
      vertex  8.660254e-001 -5.000000e-001  0.000000e+000
      vertex  9.094672e+000 -3.113467e-001  0.000000e+000
      vertex  9.022551e+000 -3.436687e-001  0.000000e+000
    endloop
  endfacet
  facet normal  0.000000e+000  0.000000e+000 -1.000000e+000
    outer loop
      vertex  8.660254e-001 -5.000000e-001  0.000000e+000
      vertex  9.022551e+000 -3.436687e-001  0.000000e+000
      vertex  8.617823e+000 -4.920723e-001  0.000000e+000
    endloop
  endfacet
  facet normal  0.000000e+000  0.000000e+000 -1.000000e+000
    outer loop
      vertex  8.660254e-001 -5.000000e-001  0.000000e+000
      vertex  8.617823e+000 -4.920723e-001  0.000000e+000
      vertex  7.506044e+000 -5.337864e-001  0.000000e+000
    endloop
  endfacet
  facet normal  -0.000000e+000  0.000000e+000 -1.000000e+000
    outer loop
      vertex  8.660254e-001 -5.000000e-001  0.000000e+000
      vertex  7.506044e+000 -5.337864e-001  0.000000e+000
      vertex  7.071068e-001 -7.071068e-001  0.000000e+000
    endloop
  endfacet
  facet normal  0.000000e+000  0.000000e+000 -9.999999e-001
    outer loop
      vertex  5.337864e-001 -7.506044e+000  0.000000e+000
      vertex  1.836970e-016 -1.000000e+000  0.000000e+000
      vertex  7.388436e+000 -1.427109e+000  0.000000e+000
    endloop
  endfacet
  facet normal  0.000000e+000  -0.000000e+000 -1.000000e+000
    outer loop
      vertex  5.337864e-001 -7.506044e+000  0.000000e+000
      vertex  7.388436e+000 -1.427109e+000  0.000000e+000
      vertex  7.985062e+000 -1.542350e+000  0.000000e+000
    endloop
  endfacet
  facet normal  0.000000e+000  -0.000000e+000 -9.999999e-001
    outer loop
      vertex  5.337864e-001 -7.506044e+000  0.000000e+000
      vertex  7.985062e+000 -1.542350e+000  0.000000e+000
      vertex  8.152709e+000 -1.599836e+000  0.000000e+000
    endloop
  endfacet
  facet normal  0.000000e+000  0.000000e+000 -1.000000e+000
    outer loop
      vertex  5.337864e-001 -7.506044e+000  0.000000e+000
      vertex  8.152709e+000 -1.599836e+000  0.000000e+000
      vertex  7.112128e+000 -2.458305e+000  0.000000e+000
    endloop
  endfacet
  facet normal  0.000000e+000  0.000000e+000 -9.999999e-001
    outer loop
      vertex  5.337864e-001 -7.506044e+000  0.000000e+000
      vertex  7.112128e+000 -2.458305e+000  0.000000e+000
      vertex  6.952193e+000 -2.879693e+000  0.000000e+000
    endloop
  endfacet
  facet normal  0.000000e+000  0.000000e+000 -9.999999e-001
    outer loop
      vertex  5.337864e-001 -7.506044e+000  0.000000e+000
      vertex  6.952193e+000 -2.879693e+000  0.000000e+000
      vertex  6.767318e+000 -3.290750e+000  0.000000e+000
    endloop
  endfacet
  facet normal  0.000000e+000  -0.000000e+000 -1.000000e+000
    outer loop
      vertex  5.337864e-001 -7.506044e+000  0.000000e+000
      vertex  6.767318e+000 -3.290750e+000  0.000000e+000
      vertex  7.313788e+000 -3.556482e+000  0.000000e+000
    endloop
  endfacet
  facet normal  0.000000e+000  0.000000e+000 -1.000000e+000
    outer loop
      vertex  5.337864e-001 -7.506044e+000  0.000000e+000
      vertex  7.313788e+000 -3.556482e+000  0.000000e+000
      vertex  6.233531e+000 -4.215294e+000  0.000000e+000
    endloop
  endfacet
  facet normal  0.000000e+000  0.000000e+000 -1.000000e+000
    outer loop
      vertex  5.337864e-001 -7.506044e+000  0.000000e+000
      vertex  6.233531e+000 -4.215294e+000  0.000000e+000
      vertex  5.969984e+000 -4.580930e+000  0.000000e+000
    endloop
  endfacet
  facet normal  0.000000e+000  0.000000e+000 -1.000000e+000
    outer loop
      vertex  5.337864e-001 -7.506044e+000  0.000000e+000
      vertex  5.969984e+000 -4.580930e+000  0.000000e+000
      vertex  5.685019e+000 -4.930130e+000  0.000000e+000
    endloop
  endfacet
  facet normal  0.000000e+000  0.000000e+000 -1.000000e+000
    outer loop
      vertex  5.337864e-001 -7.506044e+000  0.000000e+000
      vertex  5.685019e+000 -4.930130e+000  0.000000e+000
      vertex  4.930130e+000 -5.685019e+000  0.000000e+000
    endloop
  endfacet
  facet normal  0.000000e+000  0.000000e+000 -1.000000e+000
    outer loop
      vertex  5.337864e-001 -7.506044e+000  0.000000e+000
      vertex  4.930130e+000 -5.685019e+000  0.000000e+000
      vertex  4.580930e+000 -5.969984e+000  0.000000e+000
    endloop
  endfacet
  facet normal  0.000000e+000  0.000000e+000 -1.000000e+000
    outer loop
      vertex  5.337864e-001 -7.506044e+000  0.000000e+000
      vertex  4.580930e+000 -5.969984e+000  0.000000e+000
      vertex  4.215294e+000 -6.233531e+000  0.000000e+000
    endloop
  endfacet
  facet normal  0.000000e+000  0.000000e+000 -1.000000e+000
    outer loop
      vertex  5.337864e-001 -7.506044e+000  0.000000e+000
      vertex  4.215294e+000 -6.233531e+000  0.000000e+000
      vertex  3.290750e+000 -6.767318e+000  0.000000e+000
    endloop
  endfacet
  facet normal  0.000000e+000  0.000000e+000 -1.000000e+000
    outer loop
      vertex  5.337864e-001 -7.506044e+000  0.000000e+000
      vertex  3.290750e+000 -6.767318e+000  0.000000e+000
      vertex  2.879693e+000 -6.952193e+000  0.000000e+000
    endloop
  endfacet
  facet normal  0.000000e+000  0.000000e+000 -1.000000e+000
    outer loop
      vertex  5.337864e-001 -7.506044e+000  0.000000e+000
      vertex  2.879693e+000 -6.952193e+000  0.000000e+000
      vertex  2.458305e+000 -7.112128e+000  0.000000e+000
    endloop
  endfacet
  facet normal  0.000000e+000  0.000000e+000 -1.000000e+000
    outer loop
      vertex  5.337864e-001 -7.506044e+000  0.000000e+000
      vertex  2.458305e+000 -7.112128e+000  0.000000e+000
      vertex  1.427109e+000 -7.388436e+000  0.000000e+000
    endloop
  endfacet
  facet normal  0.000000e+000  0.000000e+000 -1.000000e+000
    outer loop
      vertex  5.337864e-001 -7.506044e+000  0.000000e+000
      vertex  1.427109e+000 -7.388436e+000  0.000000e+000
      vertex  9.822096e-001 -7.460623e+000  0.000000e+000
    endloop
  endfacet
  facet normal  0.000000e+000  -0.000000e+000 -1.000000e+000
    outer loop
      vertex  7.112128e+000 -2.458305e+000  0.000000e+000
      vertex  8.152709e+000 -1.599836e+000  0.000000e+000
      vertex  8.456096e+000 -1.758028e+000  0.000000e+000
    endloop
  endfacet
  facet normal  0.000000e+000  -0.000000e+000 -1.000000e+000
    outer loop
      vertex  7.112128e+000 -2.458305e+000  0.000000e+000
      vertex  8.456096e+000 -1.758028e+000  0.000000e+000
      vertex  8.809583e+000 -2.007662e+000  0.000000e+000
    endloop
  endfacet
  facet normal  0.000000e+000  -0.000000e+000 -1.000000e+000
    outer loop
      vertex  7.112128e+000 -2.458305e+000  0.000000e+000
      vertex  8.809583e+000 -2.007662e+000  0.000000e+000
      vertex  8.865361e+000 -2.053137e+000  0.000000e+000
    endloop
  endfacet
  facet normal  0.000000e+000  0.000000e+000 -9.999999e-001
    outer loop
      vertex  7.112128e+000 -2.458305e+000  0.000000e+000
      vertex  8.865361e+000 -2.053137e+000  0.000000e+000
      vertex  8.704196e+000 -2.654612e+000  0.000000e+000
    endloop
  endfacet
  facet normal  -0.000000e+000  0.000000e+000 -1.000000e+000
    outer loop
      vertex  7.112128e+000 -2.458305e+000  0.000000e+000
      vertex  8.704196e+000 -2.654612e+000  0.000000e+000
      vertex  7.686240e+000 -2.656747e+000  0.000000e+000
    endloop
  endfacet
  facet normal  0.000000e+000  0.000000e+000 -1.000000e+000
    outer loop
      vertex  4.920723e-001 -8.617823e+000  0.000000e+000
      vertex  5.769026e-001 -8.112380e+000  0.000000e+000
      vertex  5.652050e-001 -8.285721e+000  0.000000e+000
    endloop
  endfacet
  facet normal  0.000000e+000  0.000000e+000 -1.000000e+000
    outer loop
      vertex  5.769026e-001 -8.112380e+000  0.000000e+000
      vertex  4.920723e-001 -8.617823e+000  0.000000e+000
      vertex  5.337864e-001 -7.506044e+000  0.000000e+000
    endloop
  endfacet
  facet normal  0.000000e+000  0.000000e+000 -1.000000e+000
    outer loop
      vertex  5.337864e-001 -7.506044e+000  0.000000e+000
      vertex  4.920723e-001 -8.617823e+000  0.000000e+000
      vertex  3.436687e-001 -9.022551e+000  0.000000e+000
    endloop
  endfacet
  facet normal  0.000000e+000  0.000000e+000 -1.000000e+000
    outer loop
      vertex  5.337864e-001 -7.506044e+000  0.000000e+000
      vertex  3.436687e-001 -9.022551e+000  0.000000e+000
      vertex  1.836970e-016 -1.000000e+000  0.000000e+000
    endloop
  endfacet
  facet normal  0.000000e+000  0.000000e+000 -1.000000e+000
    outer loop
      vertex  1.836970e-016 -1.000000e+000  0.000000e+000
      vertex  3.436687e-001 -9.022551e+000  0.000000e+000
      vertex  3.113467e-001 -9.094672e+000  0.000000e+000
    endloop
  endfacet
  facet normal  0.000000e+000  0.000000e+000 -1.000000e+000
    outer loop
      vertex  1.836970e-016 -1.000000e+000  0.000000e+000
      vertex  3.113467e-001 -9.094672e+000  0.000000e+000
      vertex -3.113467e-001 -9.094672e+000  0.000000e+000
    endloop
  endfacet
  facet normal  0.000000e+000  -0.000000e+000 -1.000000e+000
    outer loop
      vertex -2.690449e+000 -7.857106e+000  0.000000e+000
      vertex -2.656747e+000 -7.686240e+000  0.000000e+000
      vertex -1.542393e+000 -7.985271e+000  0.000000e+000
    endloop
  endfacet
  facet normal  0.000000e+000  0.000000e+000 -9.999999e-001
    outer loop
      vertex -1.542393e+000 -7.985271e+000  0.000000e+000
      vertex -2.656747e+000 -7.686240e+000  0.000000e+000
      vertex -2.458305e+000 -7.112128e+000  0.000000e+000
    endloop
  endfacet
  facet normal  0.000000e+000  0.000000e+000 -1.000000e+000
    outer loop
      vertex -1.542393e+000 -7.985271e+000  0.000000e+000
      vertex -2.458305e+000 -7.112128e+000  0.000000e+000
      vertex -1.427109e+000 -7.388436e+000  0.000000e+000
    endloop
  endfacet
  facet normal  0.000000e+000  0.000000e+000 -9.999999e-001
    outer loop
      vertex -2.053137e+000 -8.865361e+000  0.000000e+000
      vertex -2.654612e+000 -8.704196e+000  0.000000e+000
      vertex -2.003249e+000 -8.804063e+000  0.000000e+000
    endloop
  endfacet
  facet normal  0.000000e+000  0.000000e+000 -1.000000e+000
    outer loop
      vertex -2.003249e+000 -8.804063e+000  0.000000e+000
      vertex -2.654612e+000 -8.704196e+000  0.000000e+000
      vertex -2.667166e+000 -8.626167e+000  0.000000e+000
    endloop
  endfacet
  facet normal  0.000000e+000  0.000000e+000 -1.000000e+000
    outer loop
      vertex -2.003249e+000 -8.804063e+000  0.000000e+000
      vertex -2.667166e+000 -8.626167e+000  0.000000e+000
      vertex -1.755151e+000 -8.451535e+000  0.000000e+000
    endloop
  endfacet
  facet normal  -0.000000e+000  0.000000e+000 -1.000000e+000
    outer loop
      vertex -1.755151e+000 -8.451535e+000  0.000000e+000
      vertex -2.667166e+000 -8.626167e+000  0.000000e+000
      vertex -2.705762e+000 -8.196820e+000  0.000000e+000
    endloop
  endfacet
  facet normal  0.000000e+000  0.000000e+000 -1.000000e+000
    outer loop
      vertex -1.755151e+000 -8.451535e+000  0.000000e+000
      vertex -2.705762e+000 -8.196820e+000  0.000000e+000
      vertex -1.598556e+000 -8.149678e+000  0.000000e+000
    endloop
  endfacet
  facet normal  -0.000000e+000  0.000000e+000 -1.000000e+000
    outer loop
      vertex -1.598556e+000 -8.149678e+000  0.000000e+000
      vertex -2.705762e+000 -8.196820e+000  0.000000e+000
      vertex -2.690449e+000 -7.857106e+000  0.000000e+000
    endloop
  endfacet
  facet normal  0.000000e+000  0.000000e+000 -1.000000e+000
    outer loop
      vertex -1.598556e+000 -8.149678e+000  0.000000e+000
      vertex -2.690449e+000 -7.857106e+000  0.000000e+000
      vertex -1.542393e+000 -7.985271e+000  0.000000e+000
    endloop
  endfacet
  facet normal  0.000000e+000  0.000000e+000 -9.999999e-001
    outer loop
      vertex -4.215294e+000 -6.233531e+000  0.000000e+000
      vertex -3.290750e+000 -6.767318e+000  0.000000e+000
      vertex -4.555565e+000 -6.736721e+000  0.000000e+000
    endloop
  endfacet
  facet normal  0.000000e+000  0.000000e+000 -1.000000e+000
    outer loop
      vertex -4.555565e+000 -6.736721e+000  0.000000e+000
      vertex -3.290750e+000 -6.767318e+000  0.000000e+000
      vertex -3.556578e+000 -7.313979e+000  0.000000e+000
    endloop
  endfacet
  facet normal  0.000000e+000  0.000000e+000 -1.000000e+000
    outer loop
      vertex -4.555565e+000 -6.736721e+000  0.000000e+000
      vertex -3.556578e+000 -7.313979e+000  0.000000e+000
      vertex -4.632342e+000 -6.893043e+000  0.000000e+000
    endloop
  endfacet
  facet normal  0.000000e+000  0.000000e+000 -1.000000e+000
    outer loop
      vertex -4.632342e+000 -6.893043e+000  0.000000e+000
      vertex -3.556578e+000 -7.313979e+000  0.000000e+000
      vertex -4.735058e+000 -7.217217e+000  0.000000e+000
    endloop
  endfacet
  facet normal  0.000000e+000  0.000000e+000 -1.000000e+000
    outer loop
      vertex -4.735058e+000 -7.217217e+000  0.000000e+000
      vertex -3.556578e+000 -7.313979e+000  0.000000e+000
      vertex -3.653379e+000 -7.458248e+000  0.000000e+000
    endloop
  endfacet
  facet normal  -0.000000e+000  0.000000e+000 -1.000000e+000
    outer loop
      vertex -4.735058e+000 -7.217217e+000  0.000000e+000
      vertex -3.653379e+000 -7.458248e+000  0.000000e+000
      vertex -4.808901e+000 -7.641924e+000  0.000000e+000
    endloop
  endfacet
  facet normal  -0.000000e+000  0.000000e+000 -1.000000e+000
    outer loop
      vertex -6.258550e+000 -5.459229e+000  0.000000e+000
      vertex -4.930130e+000 -5.685019e+000  0.000000e+000
      vertex -6.441669e+000 -5.745773e+000  0.000000e+000
    endloop
  endfacet
  facet normal  0.000000e+000  0.000000e+000 -1.000000e+000
    outer loop
      vertex -6.441669e+000 -5.745773e+000  0.000000e+000
      vertex -4.930130e+000 -5.685019e+000  0.000000e+000
      vertex -5.328387e+000 -6.144251e+000  0.000000e+000
    endloop
  endfacet
  facet normal  0.000000e+000  0.000000e+000 -1.000000e+000
    outer loop
      vertex -6.441669e+000 -5.745773e+000  0.000000e+000
      vertex -5.328387e+000 -6.144251e+000  0.000000e+000
      vertex -6.622917e+000 -6.136897e+000  0.000000e+000
    endloop
  endfacet
  facet normal  0.000000e+000  0.000000e+000 -9.999999e-001
    outer loop
      vertex -6.233531e+000 -4.215294e+000  0.000000e+000
      vertex -6.737076e+000 -4.555802e+000  0.000000e+000
      vertex -7.985592e+000 -4.213650e+000  0.000000e+000
    endloop
  endfacet
  facet normal  0.000000e+000  -0.000000e+000 -1.000000e+000
    outer loop
      vertex -7.985592e+000 -4.213650e+000  0.000000e+000
      vertex -6.737076e+000 -4.555802e+000  0.000000e+000
      vertex -8.031891e+000 -4.277702e+000  0.000000e+000
    endloop
  endfacet
  facet normal  0.000000e+000  0.000000e+000 -1.000000e+000
    outer loop
      vertex -6.737076e+000 -4.555802e+000  0.000000e+000
      vertex -7.641924e+000 -4.808901e+000  0.000000e+000
      vertex -8.031891e+000 -4.277702e+000  0.000000e+000
    endloop
  endfacet
  facet normal  0.000000e+000  0.000000e+000 -1.000000e+000
    outer loop
      vertex -8.031891e+000 -4.277702e+000  0.000000e+000
      vertex -7.641924e+000 -4.808901e+000  0.000000e+000
      vertex -7.720544e+000 -4.816970e+000  0.000000e+000
    endloop
  endfacet
  facet normal  -0.000000e+000  0.000000e+000 -9.999999e-001
    outer loop
      vertex -8.704196e+000 -2.654612e+000  0.000000e+000
      vertex -7.686644e+000 -2.656883e+000  0.000000e+000
      vertex -8.626167e+000 -2.667166e+000  0.000000e+000
    endloop
  endfacet
  facet normal  0.000000e+000  0.000000e+000 -9.999999e-001
    outer loop
      vertex -8.626167e+000 -2.667166e+000  0.000000e+000
      vertex -7.686644e+000 -2.656883e+000  0.000000e+000
      vertex -7.857106e+000 -2.690449e+000  0.000000e+000
    endloop
  endfacet
  facet normal  -0.000000e+000  0.000000e+000 -9.999999e-001
    outer loop
      vertex -8.626167e+000 -2.667166e+000  0.000000e+000
      vertex -7.857106e+000 -2.690449e+000  0.000000e+000
      vertex -8.196820e+000 -2.705762e+000  0.000000e+000
    endloop
  endfacet
  facet normal  0.000000e+000  0.000000e+000 -1.000000e+000
    outer loop
      vertex -8.285721e+000 -5.652050e-001  0.000000e+000
      vertex -8.617823e+000 -4.920723e-001  0.000000e+000
      vertex -8.112380e+000 -5.769026e-001  0.000000e+000
    endloop
  endfacet
  facet normal  0.000000e+000  0.000000e+000 -1.000000e+000
    outer loop
      vertex -8.112380e+000 -5.769026e-001  0.000000e+000
      vertex -8.617823e+000 -4.920723e-001  0.000000e+000
      vertex -7.506044e+000 -5.337864e-001  0.000000e+000
    endloop
  endfacet
  facet normal  0.000000e+000  -0.000000e+000 -1.000000e+000
    outer loop
      vertex -9.094672e+000  3.113467e-001  0.000000e+000
      vertex -9.022551e+000  3.436687e-001  0.000000e+000
      vertex -9.659258e-001  2.588190e-001  0.000000e+000
    endloop
  endfacet
  facet normal  0.000000e+000  0.000000e+000 -1.000000e+000
    outer loop
      vertex -9.659258e-001  2.588190e-001  0.000000e+000
      vertex -9.022551e+000  3.436687e-001  0.000000e+000
      vertex -8.617823e+000  4.920723e-001  0.000000e+000
    endloop
  endfacet
  facet normal  0.000000e+000  0.000000e+000 -1.000000e+000
    outer loop
      vertex -9.659258e-001  2.588190e-001  0.000000e+000
      vertex -8.617823e+000  4.920723e-001  0.000000e+000
      vertex -8.660254e-001  5.000000e-001  0.000000e+000
    endloop
  endfacet
  facet normal  0.000000e+000  0.000000e+000 -1.000000e+000
    outer loop
      vertex -2.588190e-001 -9.659258e-001  0.000000e+000
      vertex -7.460623e+000 -9.822096e-001  0.000000e+000
      vertex -5.000000e-001 -8.660254e-001  0.000000e+000
    endloop
  endfacet
  facet normal  -0.000000e+000  0.000000e+000 -1.000000e+000
    outer loop
      vertex -5.000000e-001 -8.660254e-001  0.000000e+000
      vertex -7.460623e+000 -9.822096e-001  0.000000e+000
      vertex -7.506044e+000 -5.337864e-001  0.000000e+000
    endloop
  endfacet
  facet normal  0.000000e+000  0.000000e+000 -1.000000e+000
    outer loop
      vertex -5.000000e-001 -8.660254e-001  0.000000e+000
      vertex -7.506044e+000 -5.337864e-001  0.000000e+000
      vertex -7.071068e-001 -7.071068e-001  0.000000e+000
    endloop
  endfacet
  facet normal  0.000000e+000  0.000000e+000 -1.000000e+000
    outer loop
      vertex -7.071068e-001 -7.071068e-001  0.000000e+000
      vertex -7.506044e+000 -5.337864e-001  0.000000e+000
      vertex -8.617823e+000 -4.920723e-001  0.000000e+000
    endloop
  endfacet
  facet normal  0.000000e+000  0.000000e+000 -1.000000e+000
    outer loop
      vertex -7.071068e-001 -7.071068e-001  0.000000e+000
      vertex -8.617823e+000 -4.920723e-001  0.000000e+000
      vertex -8.660254e-001 -5.000000e-001  0.000000e+000
    endloop
  endfacet
  facet normal  0.000000e+000  0.000000e+000 -1.000000e+000
    outer loop
      vertex -6.143930e+000 -5.328105e+000  0.000000e+000
      vertex -5.685019e+000 -4.930130e+000  0.000000e+000
      vertex -6.258550e+000 -5.459229e+000  0.000000e+000
    endloop
  endfacet
  facet normal  0.000000e+000  0.000000e+000 -1.000000e+000
    outer loop
      vertex -6.258550e+000 -5.459229e+000  0.000000e+000
      vertex -5.685019e+000 -4.930130e+000  0.000000e+000
      vertex -4.930130e+000 -5.685019e+000  0.000000e+000
    endloop
  endfacet
  facet normal  0.000000e+000  0.000000e+000 -1.000000e+000
    outer loop
      vertex -7.460623e+000 -9.822096e-001  0.000000e+000
      vertex -2.588190e-001 -9.659258e-001  0.000000e+000
      vertex -7.388436e+000 -1.427109e+000  0.000000e+000
    endloop
  endfacet
  facet normal  0.000000e+000  0.000000e+000 -1.000000e+000
    outer loop
      vertex -7.388436e+000 -1.427109e+000  0.000000e+000
      vertex -2.588190e-001 -9.659258e-001  0.000000e+000
      vertex  1.836970e-016 -1.000000e+000  0.000000e+000
    endloop
  endfacet
  facet normal  0.000000e+000  0.000000e+000 -1.000000e+000
    outer loop
      vertex -2.458305e+000  7.112128e+000  0.000000e+000
      vertex -2.656883e+000  7.686644e+000  0.000000e+000
      vertex -1.427109e+000  7.388436e+000  0.000000e+000
    endloop
  endfacet
  facet normal  0.000000e+000  0.000000e+000 -1.000000e+000
    outer loop
      vertex -1.427109e+000  7.388436e+000  0.000000e+000
      vertex -2.656883e+000  7.686644e+000  0.000000e+000
      vertex -2.690449e+000  7.857106e+000  0.000000e+000
    endloop
  endfacet
  facet normal  0.000000e+000  0.000000e+000 -1.000000e+000
    outer loop
      vertex -1.427109e+000  7.388436e+000  0.000000e+000
      vertex -2.690449e+000  7.857106e+000  0.000000e+000
      vertex -1.542310e+000  7.984852e+000  0.000000e+000
    endloop
  endfacet
  facet normal  -0.000000e+000  0.000000e+000 -9.999999e-001
    outer loop
      vertex -1.542310e+000  7.984852e+000  0.000000e+000
      vertex -2.690449e+000  7.857106e+000  0.000000e+000
      vertex -2.705762e+000  8.196820e+000  0.000000e+000
    endloop
  endfacet
  facet normal  0.000000e+000  0.000000e+000 -9.999999e-001
    outer loop
      vertex -1.542310e+000  7.984852e+000  0.000000e+000
      vertex -2.705762e+000  8.196820e+000  0.000000e+000
      vertex -1.598556e+000  8.149678e+000  0.000000e+000
    endloop
  endfacet
  facet normal  0.000000e+000  0.000000e+000 -1.000000e+000
    outer loop
      vertex -1.598556e+000  8.149678e+000  0.000000e+000
      vertex -2.705762e+000  8.196820e+000  0.000000e+000
      vertex -2.667166e+000  8.626167e+000  0.000000e+000
    endloop
  endfacet
  facet normal  0.000000e+000  0.000000e+000 -1.000000e+000
    outer loop
      vertex -1.598556e+000  8.149678e+000  0.000000e+000
      vertex -2.667166e+000  8.626167e+000  0.000000e+000
      vertex -1.755151e+000  8.451535e+000  0.000000e+000
    endloop
  endfacet
  facet normal  0.000000e+000  0.000000e+000 -1.000000e+000
    outer loop
      vertex -1.755151e+000  8.451535e+000  0.000000e+000
      vertex -2.667166e+000  8.626167e+000  0.000000e+000
      vertex -2.654612e+000  8.704196e+000  0.000000e+000
    endloop
  endfacet
  facet normal  0.000000e+000  0.000000e+000 -1.000000e+000
    outer loop
      vertex -1.755151e+000  8.451535e+000  0.000000e+000
      vertex -2.654612e+000  8.704196e+000  0.000000e+000
      vertex -2.003249e+000  8.804063e+000  0.000000e+000
    endloop
  endfacet
  facet normal  0.000000e+000  0.000000e+000 -9.999999e-001
    outer loop
      vertex -4.555802e+000  6.737076e+000  0.000000e+000
      vertex -4.632342e+000  6.893043e+000  0.000000e+000
      vertex -3.290750e+000  6.767318e+000  0.000000e+000
    endloop
  endfacet
  facet normal  0.000000e+000  0.000000e+000 -9.999999e-001
    outer loop
      vertex -3.290750e+000  6.767318e+000  0.000000e+000
      vertex -4.632342e+000  6.893043e+000  0.000000e+000
      vertex -4.735058e+000  7.217217e+000  0.000000e+000
    endloop
  endfacet
  facet normal  0.000000e+000  0.000000e+000 -9.999999e-001
    outer loop
      vertex -3.290750e+000  6.767318e+000  0.000000e+000
      vertex -4.735058e+000  7.217217e+000  0.000000e+000
      vertex -3.556388e+000  7.313596e+000  0.000000e+000
    endloop
  endfacet
  facet normal  -0.000000e+000  0.000000e+000 -1.000000e+000
    outer loop
      vertex -3.556388e+000  7.313596e+000  0.000000e+000
      vertex -4.735058e+000  7.217217e+000  0.000000e+000
      vertex -4.808901e+000  7.641924e+000  0.000000e+000
    endloop
  endfacet
  facet normal  0.000000e+000  0.000000e+000 -1.000000e+000
    outer loop
      vertex -3.556388e+000  7.313596e+000  0.000000e+000
      vertex -4.808901e+000  7.641924e+000  0.000000e+000
      vertex -3.653379e+000  7.458248e+000  0.000000e+000
    endloop
  endfacet
  facet normal  0.000000e+000  0.000000e+000 -1.000000e+000
    outer loop
      vertex -3.653379e+000  7.458248e+000  0.000000e+000
      vertex -4.808901e+000  7.641924e+000  0.000000e+000
      vertex -4.816970e+000  7.720544e+000  0.000000e+000
    endloop
  endfacet
  facet normal  0.000000e+000  0.000000e+000 -9.999999e-001
    outer loop
      vertex -3.653379e+000  7.458248e+000  0.000000e+000
      vertex -4.816970e+000  7.720544e+000  0.000000e+000
      vertex -3.882764e+000  7.709290e+000  0.000000e+000
    endloop
  endfacet
  facet normal  0.000000e+000  0.000000e+000 -1.000000e+000
    outer loop
      vertex -6.258550e+000  5.459229e+000  0.000000e+000
      vertex -6.441669e+000  5.745773e+000  0.000000e+000
      vertex -4.930130e+000  5.685019e+000  0.000000e+000
    endloop
  endfacet
  facet normal  0.000000e+000  0.000000e+000 -1.000000e+000
    outer loop
      vertex -4.930130e+000  5.685019e+000  0.000000e+000
      vertex -6.441669e+000  5.745773e+000  0.000000e+000
      vertex -6.622917e+000  6.136897e+000  0.000000e+000
    endloop
  endfacet
  facet normal  0.000000e+000  0.000000e+000 -9.999999e-001
    outer loop
      vertex -4.930130e+000  5.685019e+000  0.000000e+000
      vertex -6.622917e+000  6.136897e+000  0.000000e+000
      vertex -5.328105e+000  6.143930e+000  0.000000e+000
    endloop
  endfacet
  facet normal  0.000000e+000  -0.000000e+000 -1.000000e+000
    outer loop
      vertex -8.704196e+000  2.654612e+000  0.000000e+000
      vertex -8.626167e+000  2.667166e+000  0.000000e+000
      vertex -7.686240e+000  2.656747e+000  0.000000e+000
    endloop
  endfacet
  facet normal  0.000000e+000  0.000000e+000 -1.000000e+000
    outer loop
      vertex -7.686240e+000  2.656747e+000  0.000000e+000
      vertex -8.626167e+000  2.667166e+000  0.000000e+000
      vertex -8.196820e+000  2.705762e+000  0.000000e+000
    endloop
  endfacet
  facet normal  0.000000e+000  0.000000e+000 -1.000000e+000
    outer loop
      vertex -7.686240e+000  2.656747e+000  0.000000e+000
      vertex -8.196820e+000  2.705762e+000  0.000000e+000
      vertex -7.857106e+000  2.690449e+000  0.000000e+000
    endloop
  endfacet
  facet normal  0.000000e+000  0.000000e+000 -1.000000e+000
    outer loop
      vertex -8.704196e+000  2.654612e+000  0.000000e+000
      vertex -7.686240e+000  2.656747e+000  0.000000e+000
      vertex -8.865361e+000  2.053137e+000  0.000000e+000
    endloop
  endfacet
  facet normal  0.000000e+000  0.000000e+000 -1.000000e+000
    outer loop
      vertex -8.865361e+000  2.053137e+000  0.000000e+000
      vertex -7.686240e+000  2.656747e+000  0.000000e+000
      vertex -7.112128e+000  2.458305e+000  0.000000e+000
    endloop
  endfacet
  facet normal  0.000000e+000  0.000000e+000 -1.000000e+000
    outer loop
      vertex  8.285721e+000  5.652050e-001  0.000000e+000
      vertex  8.617823e+000  4.920723e-001  0.000000e+000
      vertex  8.112380e+000  5.769026e-001  0.000000e+000
    endloop
  endfacet
  facet normal  0.000000e+000  -0.000000e+000 -1.000000e+000
    outer loop
      vertex  8.112380e+000  5.769026e-001  0.000000e+000
      vertex  8.617823e+000  4.920723e-001  0.000000e+000
      vertex  7.506044e+000  5.337864e-001  0.000000e+000
    endloop
  endfacet
  facet normal  0.000000e+000  0.000000e+000 -1.000000e+000
    outer loop
      vertex  8.617823e+000  4.920723e-001  0.000000e+000
      vertex  8.660254e-001  5.000000e-001  0.000000e+000
      vertex  7.506044e+000  5.337864e-001  0.000000e+000
    endloop
  endfacet
  facet normal  -0.000000e+000  0.000000e+000 -1.000000e+000
    outer loop
      vertex  7.506044e+000  5.337864e-001  0.000000e+000
      vertex  8.660254e-001  5.000000e-001  0.000000e+000
      vertex  7.071068e-001  7.071068e-001  0.000000e+000
    endloop
  endfacet
  facet normal  0.000000e+000  0.000000e+000 -9.999999e-001
    outer loop
      vertex  8.704196e+000  2.654612e+000  0.000000e+000
      vertex  7.686644e+000  2.656883e+000  0.000000e+000
      vertex  8.626167e+000  2.667166e+000  0.000000e+000
    endloop
  endfacet
  facet normal  -0.000000e+000  0.000000e+000 -9.999999e-001
    outer loop
      vertex  8.626167e+000  2.667166e+000  0.000000e+000
      vertex  7.686644e+000  2.656883e+000  0.000000e+000
      vertex  7.857106e+000  2.690449e+000  0.000000e+000
    endloop
  endfacet
  facet normal  0.000000e+000  0.000000e+000 -9.999999e-001
    outer loop
      vertex  8.626167e+000  2.667166e+000  0.000000e+000
      vertex  7.857106e+000  2.690449e+000  0.000000e+000
      vertex  8.196820e+000  2.705762e+000  0.000000e+000
    endloop
  endfacet
  facet normal  0.000000e+000  -0.000000e+000 -1.000000e+000
    outer loop
      vertex  7.112128e+000  2.458305e+000  0.000000e+000
      vertex  7.686644e+000  2.656883e+000  0.000000e+000
      vertex  8.865361e+000  2.053137e+000  0.000000e+000
    endloop
  endfacet
  facet normal  0.000000e+000  0.000000e+000 -1.000000e+000
    outer loop
      vertex  8.865361e+000  2.053137e+000  0.000000e+000
      vertex  7.686644e+000  2.656883e+000  0.000000e+000
      vertex  8.704196e+000  2.654612e+000  0.000000e+000
    endloop
  endfacet
  facet normal  0.000000e+000  0.000000e+000 -1.000000e+000
    outer loop
      vertex  6.258550e+000  5.459229e+000  0.000000e+000
      vertex  4.930130e+000  5.685019e+000  0.000000e+000
      vertex  6.441669e+000  5.745773e+000  0.000000e+000
    endloop
  endfacet
  facet normal  -0.000000e+000  0.000000e+000 -1.000000e+000
    outer loop
      vertex  6.441669e+000  5.745773e+000  0.000000e+000
      vertex  4.930130e+000  5.685019e+000  0.000000e+000
      vertex  5.328387e+000  6.144251e+000  0.000000e+000
    endloop
  endfacet
  facet normal  0.000000e+000  0.000000e+000 -1.000000e+000
    outer loop
      vertex  6.441669e+000  5.745773e+000  0.000000e+000
      vertex  5.328387e+000  6.144251e+000  0.000000e+000
      vertex  6.622917e+000  6.136897e+000  0.000000e+000
    endloop
  endfacet
  facet normal  0.000000e+000  0.000000e+000 -1.000000e+000
    outer loop
      vertex  6.622917e+000  6.136897e+000  0.000000e+000
      vertex  5.328387e+000  6.144251e+000  0.000000e+000
      vertex  5.459229e+000  6.258550e+000  0.000000e+000
    endloop
  endfacet
  facet normal  0.000000e+000  0.000000e+000 -1.000000e+000
    outer loop
      vertex  6.622917e+000  6.136897e+000  0.000000e+000
      vertex  5.459229e+000  6.258550e+000  0.000000e+000
      vertex  6.651060e+000  6.210749e+000  0.000000e+000
    endloop
  endfacet
  facet normal  0.000000e+000  0.000000e+000 -1.000000e+000
    outer loop
      vertex  6.651060e+000  6.210749e+000  0.000000e+000
      vertex  5.459229e+000  6.258550e+000  0.000000e+000
      vertex  5.745773e+000  6.441669e+000  0.000000e+000
    endloop
  endfacet
  facet normal  0.000000e+000  0.000000e+000 -1.000000e+000
    outer loop
      vertex  6.651060e+000  6.210749e+000  0.000000e+000
      vertex  5.745773e+000  6.441669e+000  0.000000e+000
      vertex  6.136897e+000  6.622917e+000  0.000000e+000
    endloop
  endfacet
  facet normal  0.000000e+000  0.000000e+000 -1.000000e+000
    outer loop
      vertex  4.555565e+000  6.736721e+000  0.000000e+000
      vertex  3.290750e+000  6.767318e+000  0.000000e+000
      vertex  4.632342e+000  6.893043e+000  0.000000e+000
    endloop
  endfacet
  facet normal  -0.000000e+000  0.000000e+000 -9.999999e-001
    outer loop
      vertex  4.632342e+000  6.893043e+000  0.000000e+000
      vertex  3.290750e+000  6.767318e+000  0.000000e+000
      vertex  3.556578e+000  7.313979e+000  0.000000e+000
    endloop
  endfacet
  facet normal  0.000000e+000  0.000000e+000 -1.000000e+000
    outer loop
      vertex  4.632342e+000  6.893043e+000  0.000000e+000
      vertex  3.556578e+000  7.313979e+000  0.000000e+000
      vertex  4.735058e+000  7.217217e+000  0.000000e+000
    endloop
  endfacet
  facet normal  0.000000e+000  0.000000e+000 -1.000000e+000
    outer loop
      vertex  4.735058e+000  7.217217e+000  0.000000e+000
      vertex  3.556578e+000  7.313979e+000  0.000000e+000
      vertex  3.653379e+000  7.458248e+000  0.000000e+000
    endloop
  endfacet
  facet normal  0.000000e+000  0.000000e+000 -1.000000e+000
    outer loop
      vertex  4.735058e+000  7.217217e+000  0.000000e+000
      vertex  3.653379e+000  7.458248e+000  0.000000e+000
      vertex  4.808901e+000  7.641924e+000  0.000000e+000
    endloop
  endfacet
  facet normal  0.000000e+000  0.000000e+000 -9.999999e-001
    outer loop
      vertex  2.053137e+000  8.865361e+000  0.000000e+000
      vertex  2.654612e+000  8.704196e+000  0.000000e+000
      vertex  2.003249e+000  8.804063e+000  0.000000e+000
    endloop
  endfacet
  facet normal  0.000000e+000  0.000000e+000 -1.000000e+000
    outer loop
      vertex  2.003249e+000  8.804063e+000  0.000000e+000
      vertex  2.654612e+000  8.704196e+000  0.000000e+000
      vertex  2.667166e+000  8.626167e+000  0.000000e+000
    endloop
  endfacet
  facet normal  -0.000000e+000  0.000000e+000 -1.000000e+000
    outer loop
      vertex  2.003249e+000  8.804063e+000  0.000000e+000
      vertex  2.667166e+000  8.626167e+000  0.000000e+000
      vertex  1.755151e+000  8.451535e+000  0.000000e+000
    endloop
  endfacet
  facet normal  0.000000e+000  0.000000e+000 -1.000000e+000
    outer loop
      vertex  1.755151e+000  8.451535e+000  0.000000e+000
      vertex  2.667166e+000  8.626167e+000  0.000000e+000
      vertex  2.705762e+000  8.196820e+000  0.000000e+000
    endloop
  endfacet
  facet normal  -0.000000e+000  0.000000e+000 -1.000000e+000
    outer loop
      vertex  1.755151e+000  8.451535e+000  0.000000e+000
      vertex  2.705762e+000  8.196820e+000  0.000000e+000
      vertex  1.598556e+000  8.149678e+000  0.000000e+000
    endloop
  endfacet
  facet normal  0.000000e+000  0.000000e+000 -1.000000e+000
    outer loop
      vertex  1.598556e+000  8.149678e+000  0.000000e+000
      vertex  2.705762e+000  8.196820e+000  0.000000e+000
      vertex  2.690449e+000  7.857106e+000  0.000000e+000
    endloop
  endfacet
  facet normal  0.000000e+000  0.000000e+000 -1.000000e+000
    outer loop
      vertex  1.598556e+000  8.149678e+000  0.000000e+000
      vertex  2.690449e+000  7.857106e+000  0.000000e+000
      vertex  1.542393e+000  7.985271e+000  0.000000e+000
    endloop
  endfacet
  facet normal  0.000000e+000  0.000000e+000 -1.000000e+000
    outer loop
      vertex  1.542393e+000  7.985271e+000  0.000000e+000
      vertex  2.690449e+000  7.857106e+000  0.000000e+000
      vertex  2.656747e+000  7.686240e+000  0.000000e+000
    endloop
  endfacet
  facet normal  -0.000000e+000  0.000000e+000 -1.000000e+000
    outer loop
      vertex  1.542393e+000  7.985271e+000  0.000000e+000
      vertex  2.656747e+000  7.686240e+000  0.000000e+000
      vertex  1.427109e+000  7.388436e+000  0.000000e+000
    endloop
  endfacet
  facet normal  0.000000e+000  0.000000e+000 -1.000000e+000
    outer loop
      vertex  7.071068e-001  7.071068e-001  0.000000e+000
      vertex  5.000000e-001  8.660254e-001  0.000000e+000
      vertex  7.506044e+000  5.337864e-001  0.000000e+000
    endloop
  endfacet
  facet normal  0.000000e+000  0.000000e+000 -1.000000e+000
    outer loop
      vertex  7.506044e+000  5.337864e-001  0.000000e+000
      vertex  5.000000e-001  8.660254e-001  0.000000e+000
      vertex  2.588190e-001  9.659258e-001  0.000000e+000
    endloop
  endfacet
  facet normal  0.000000e+000  0.000000e+000 -1.000000e+000
    outer loop
      vertex  7.506044e+000  5.337864e-001  0.000000e+000
      vertex  2.588190e-001  9.659258e-001  0.000000e+000
      vertex  7.460623e+000  9.822096e-001  0.000000e+000
    endloop
  endfacet
  facet normal  0.000000e+000  0.000000e+000 -9.999999e-001
    outer loop
      vertex  6.444179e+000 -5.750545e+000  0.000000e+000
      vertex  4.930130e+000 -5.685019e+000  0.000000e+000
      vertex  6.260535e+000 -5.461853e+000  0.000000e+000
    endloop
  endfacet
  facet normal  -0.000000e+000  0.000000e+000 -1.000000e+000
    outer loop
      vertex  6.260535e+000 -5.461853e+000  0.000000e+000
      vertex  4.930130e+000 -5.685019e+000  0.000000e+000
      vertex  5.685019e+000 -4.930130e+000  0.000000e+000
    endloop
  endfacet
  facet normal  0.000000e+000  0.000000e+000 -1.000000e+000
    outer loop
      vertex  6.260535e+000 -5.461853e+000  0.000000e+000
      vertex  5.685019e+000 -4.930130e+000  0.000000e+000
      vertex  6.144091e+000 -5.328245e+000  0.000000e+000
    endloop
  endfacet
  facet normal  0.000000e+000  0.000000e+000 -1.000000e+000
    outer loop
      vertex  7.989783e+000 -4.219340e+000  0.000000e+000
      vertex  6.233531e+000 -4.215294e+000  0.000000e+000
      vertex  7.712950e+000 -3.886723e+000  0.000000e+000
    endloop
  endfacet
  facet normal  -0.000000e+000  0.000000e+000 -1.000000e+000
    outer loop
      vertex  7.712950e+000 -3.886723e+000  0.000000e+000
      vertex  6.233531e+000 -4.215294e+000  0.000000e+000
      vertex  7.313788e+000 -3.556482e+000  0.000000e+000
    endloop
  endfacet
  facet normal  0.000000e+000  0.000000e+000 -1.000000e+000
    outer loop
      vertex  7.712950e+000 -3.886723e+000  0.000000e+000
      vertex  7.313788e+000 -3.556482e+000  0.000000e+000
      vertex  7.460845e+000 -3.655399e+000  0.000000e+000
    endloop
  endfacet
  facet normal  0.000000e+000  0.000000e+000 -1.000000e+000
    outer loop
      vertex  5.000000e-001 -8.660254e-001  0.000000e+000
      vertex  7.460623e+000 -9.822096e-001  0.000000e+000
      vertex  2.588190e-001 -9.659258e-001  0.000000e+000
    endloop
  endfacet
  facet normal  0.000000e+000  0.000000e+000 -1.000000e+000
    outer loop
      vertex  2.588190e-001 -9.659258e-001  0.000000e+000
      vertex  7.460623e+000 -9.822096e-001  0.000000e+000
      vertex  7.388436e+000 -1.427109e+000  0.000000e+000
    endloop
  endfacet
  facet normal  0.000000e+000  0.000000e+000 -1.000000e+000
    outer loop
      vertex  2.588190e-001 -9.659258e-001  0.000000e+000
      vertex  7.388436e+000 -1.427109e+000  0.000000e+000
      vertex  1.836970e-016 -1.000000e+000  0.000000e+000
    endloop
  endfacet
  facet normal  0.000000e+000  0.000000e+000 -1.000000e+000
    outer loop
      vertex  7.506044e+000 -5.337864e-001  0.000000e+000
      vertex  8.617823e+000 -4.920723e-001  0.000000e+000
      vertex  8.111954e+000 -5.768752e-001  0.000000e+000
    endloop
  endfacet
  facet normal  0.000000e+000  0.000000e+000 -1.000000e+000
    outer loop
      vertex  8.111954e+000 -5.768752e-001  0.000000e+000
      vertex  8.617823e+000 -4.920723e-001  0.000000e+000
      vertex  8.285721e+000 -5.652050e-001  0.000000e+000
    endloop
  endfacet
  facet normal  0.000000e+000  0.000000e+000 -9.999999e-001
    outer loop
      vertex  8.704196e+000 -2.654612e+000  0.000000e+000
      vertex  8.633154e+000 -2.666106e+000  0.000000e+000
      vertex  7.686240e+000 -2.656747e+000  0.000000e+000
    endloop
  endfacet
  facet normal  0.000000e+000  0.000000e+000 -1.000000e+000
    outer loop
      vertex  7.686240e+000 -2.656747e+000  0.000000e+000
      vertex  8.633154e+000 -2.666106e+000  0.000000e+000
      vertex  8.202208e+000 -2.705550e+000  0.000000e+000
    endloop
  endfacet
  facet normal  0.000000e+000  0.000000e+000 -1.000000e+000
    outer loop
      vertex  7.686240e+000 -2.656747e+000  0.000000e+000
      vertex  8.202208e+000 -2.705550e+000  0.000000e+000
      vertex  7.860371e+000 -2.690856e+000  0.000000e+000
    endloop
  endfacet
  facet normal  0.000000e+000  0.000000e+000 -1.000000e+000
    outer loop
      vertex  7.989783e+000 -4.219340e+000  0.000000e+000
      vertex  8.031891e+000 -4.277702e+000  0.000000e+000
      vertex  6.233531e+000 -4.215294e+000  0.000000e+000
    endloop
  endfacet
  facet normal  0.000000e+000  0.000000e+000 -1.000000e+000
    outer loop
      vertex  6.233531e+000 -4.215294e+000  0.000000e+000
      vertex  8.031891e+000 -4.277702e+000  0.000000e+000
      vertex  6.736721e+000 -4.555565e+000  0.000000e+000
    endloop
  endfacet
  facet normal  0.000000e+000  0.000000e+000 -1.000000e+000
    outer loop
      vertex  8.031891e+000 -4.277702e+000  0.000000e+000
      vertex  7.720544e+000 -4.816970e+000  0.000000e+000
      vertex  6.736721e+000 -4.555565e+000  0.000000e+000
    endloop
  endfacet
  facet normal  0.000000e+000  0.000000e+000 -1.000000e+000
    outer loop
      vertex  6.736721e+000 -4.555565e+000  0.000000e+000
      vertex  7.720544e+000 -4.816970e+000  0.000000e+000
      vertex  7.648947e+000 -4.809685e+000  0.000000e+000
    endloop
  endfacet
  facet normal  0.000000e+000  0.000000e+000 -1.000000e+000
    outer loop
      vertex  5.328105e+000 -6.143930e+000  0.000000e+000
      vertex  4.930130e+000 -5.685019e+000  0.000000e+000
      vertex  6.625492e+000 -6.143477e+000  0.000000e+000
    endloop
  endfacet
  facet normal  0.000000e+000  0.000000e+000 -1.000000e+000
    outer loop
      vertex  6.625492e+000 -6.143477e+000  0.000000e+000
      vertex  4.930130e+000 -5.685019e+000  0.000000e+000
      vertex  6.444179e+000 -5.750545e+000  0.000000e+000
    endloop
  endfacet
  facet normal  -0.000000e+000  0.000000e+000 -1.000000e+000
    outer loop
      vertex  4.215294e+000 -6.233531e+000  0.000000e+000
      vertex  4.555802e+000 -6.737076e+000  0.000000e+000
      vertex  3.290750e+000 -6.767318e+000  0.000000e+000
    endloop
  endfacet
  facet normal  0.000000e+000  0.000000e+000 -9.999999e-001
    outer loop
      vertex  3.290750e+000 -6.767318e+000  0.000000e+000
      vertex  4.555802e+000 -6.737076e+000  0.000000e+000
      vertex  4.632342e+000 -6.893043e+000  0.000000e+000
    endloop
  endfacet
  facet normal  -0.000000e+000  0.000000e+000 -1.000000e+000
    outer loop
      vertex  3.290750e+000 -6.767318e+000  0.000000e+000
      vertex  4.632342e+000 -6.893043e+000  0.000000e+000
      vertex  3.556388e+000 -7.313596e+000  0.000000e+000
    endloop
  endfacet
  facet normal  -0.000000e+000  0.000000e+000 -1.000000e+000
    outer loop
      vertex  4.632342e+000 -6.893043e+000  0.000000e+000
      vertex  4.735058e+000 -7.217217e+000  0.000000e+000
      vertex  3.556388e+000 -7.313596e+000  0.000000e+000
    endloop
  endfacet
  facet normal  0.000000e+000  0.000000e+000 -1.000000e+000
    outer loop
      vertex  3.556388e+000 -7.313596e+000  0.000000e+000
      vertex  4.735058e+000 -7.217217e+000  0.000000e+000
      vertex  4.808901e+000 -7.641924e+000  0.000000e+000
    endloop
  endfacet
  facet normal  0.000000e+000  0.000000e+000 -1.000000e+000
    outer loop
      vertex  3.556388e+000 -7.313596e+000  0.000000e+000
      vertex  4.808901e+000 -7.641924e+000  0.000000e+000
      vertex  3.653379e+000 -7.458248e+000  0.000000e+000
    endloop
  endfacet
  facet normal  0.000000e+000  0.000000e+000 -1.000000e+000
    outer loop
      vertex  2.690449e+000 -7.857106e+000  0.000000e+000
      vertex  1.542310e+000 -7.984852e+000  0.000000e+000
      vertex  2.656883e+000 -7.686644e+000  0.000000e+000
    endloop
  endfacet
  facet normal  -0.000000e+000  0.000000e+000 -9.999999e-001
    outer loop
      vertex  2.656883e+000 -7.686644e+000  0.000000e+000
      vertex  1.542310e+000 -7.984852e+000  0.000000e+000
      vertex  1.427109e+000 -7.388436e+000  0.000000e+000
    endloop
  endfacet
  facet normal  0.000000e+000  0.000000e+000 -1.000000e+000
    outer loop
      vertex  2.656883e+000 -7.686644e+000  0.000000e+000
      vertex  1.427109e+000 -7.388436e+000  0.000000e+000
      vertex  2.458305e+000 -7.112128e+000  0.000000e+000
    endloop
  endfacet
  facet normal  0.000000e+000  0.000000e+000 -9.999999e-001
    outer loop
      vertex  2.053137e+000 -8.865361e+000  0.000000e+000
      vertex  2.003249e+000 -8.804063e+000  0.000000e+000
      vertex  2.654612e+000 -8.704196e+000  0.000000e+000
    endloop
  endfacet
  facet normal  -0.000000e+000  0.000000e+000 -1.000000e+000
    outer loop
      vertex  2.654612e+000 -8.704196e+000  0.000000e+000
      vertex  2.003249e+000 -8.804063e+000  0.000000e+000
      vertex  1.755151e+000 -8.451535e+000  0.000000e+000
    endloop
  endfacet
  facet normal  0.000000e+000  0.000000e+000 -1.000000e+000
    outer loop
      vertex  2.654612e+000 -8.704196e+000  0.000000e+000
      vertex  1.755151e+000 -8.451535e+000  0.000000e+000
      vertex  2.667166e+000 -8.626167e+000  0.000000e+000
    endloop
  endfacet
  facet normal  0.000000e+000  0.000000e+000 -1.000000e+000
    outer loop
      vertex  2.667166e+000 -8.626167e+000  0.000000e+000
      vertex  1.755151e+000 -8.451535e+000  0.000000e+000
      vertex  1.598556e+000 -8.149678e+000  0.000000e+000
    endloop
  endfacet
  facet normal  0.000000e+000  0.000000e+000 -1.000000e+000
    outer loop
      vertex  2.667166e+000 -8.626167e+000  0.000000e+000
      vertex  1.598556e+000 -8.149678e+000  0.000000e+000
      vertex  2.705762e+000 -8.196820e+000  0.000000e+000
    endloop
  endfacet
  facet normal  0.000000e+000  0.000000e+000 -9.999999e-001
    outer loop
      vertex  2.705762e+000 -8.196820e+000  0.000000e+000
      vertex  1.598556e+000 -8.149678e+000  0.000000e+000
      vertex  1.542310e+000 -7.984852e+000  0.000000e+000
    endloop
  endfacet
  facet normal  0.000000e+000  0.000000e+000 -9.999999e-001
    outer loop
      vertex  2.705762e+000 -8.196820e+000  0.000000e+000
      vertex  1.542310e+000 -7.984852e+000  0.000000e+000
      vertex  2.690449e+000 -7.857106e+000  0.000000e+000
    endloop
  endfacet
  facet normal -4.204541e-001 -9.073138e-001  6.794250e-005
    outer loop
      vertex  6.136897e+000 -6.622917e+000  4.000000e+000
      vertex  5.745773e+000 -6.441669e+000  4.000000e+000
      vertex  5.750545e+000 -6.444179e+000  0.000000e+000
    endloop
  endfacet
  facet normal -5.367320e-001 -8.437527e-001 -1.106479e-004
    outer loop
      vertex  5.461853e+000 -6.260535e+000  0.000000e+000
      vertex  5.750545e+000 -6.444179e+000  0.000000e+000
      vertex  5.745773e+000 -6.441669e+000  4.000000e+000
    endloop
  endfacet
  facet normal -3.552698e-001 -9.347638e-001  -0.000000e+000
    outer loop
      vertex  6.210749e+000 -6.651060e+000  0.000000e+000
      vertex  6.210749e+000 -6.651060e+000  4.000000e+000
      vertex  6.143477e+000 -6.625492e+000  0.000000e+000
    endloop
  endfacet
  facet normal -3.560854e-001 -9.344534e-001  1.570152e-005
    outer loop
      vertex  6.143477e+000 -6.625492e+000  0.000000e+000
      vertex  6.210749e+000 -6.651060e+000  4.000000e+000
      vertex  6.136897e+000 -6.622917e+000  4.000000e+000
    endloop
  endfacet
  facet normal -4.189808e-001 -9.079950e-001 -1.048065e-004
    outer loop
      vertex  6.143477e+000 -6.625492e+000  0.000000e+000
      vertex  6.136897e+000 -6.622917e+000  4.000000e+000
      vertex  5.750545e+000 -6.444179e+000  0.000000e+000
    endloop
  endfacet
  facet normal -6.581345e-001 -7.529004e-001  0.000000e+000
    outer loop
      vertex  5.328105e+000 -6.143930e+000  4.000000e+000
      vertex  5.328105e+000 -6.143930e+000  0.000000e+000
      vertex  5.459229e+000 -6.258550e+000  4.000000e+000
    endloop
  endfacet
  facet normal -6.571506e-001 -7.537592e-001 -5.686156e-005
    outer loop
      vertex  5.459229e+000 -6.258550e+000  4.000000e+000
      vertex  5.328105e+000 -6.143930e+000  0.000000e+000
      vertex  5.461853e+000 -6.260535e+000  0.000000e+000
    endloop
  endfacet
  facet normal -5.384918e-001 -8.426306e-001  6.508015e-005
    outer loop
      vertex  5.459229e+000 -6.258550e+000  4.000000e+000
      vertex  5.461853e+000 -6.260535e+000  0.000000e+000
      vertex  5.745773e+000 -6.441669e+000  4.000000e+000
    endloop
  endfacet
  facet normal  7.071068e-001 -7.071068e-001  0.000000e+000
    outer loop
      vertex  6.210749e+000 -6.651060e+000  4.000000e+000
      vertex  6.210749e+000 -6.651060e+000  0.000000e+000
      vertex  6.651060e+000 -6.210749e+000  4.000000e+000
    endloop
  endfacet
  facet normal  7.071068e-001 -7.071068e-001  0.000000e+000
    outer loop
      vertex  6.651060e+000 -6.210749e+000  4.000000e+000
      vertex  6.210749e+000 -6.651060e+000  0.000000e+000
      vertex  6.651060e+000 -6.210749e+000  0.000000e+000
    endloop
  endfacet
  facet normal  7.538692e-001  6.570244e-001 -1.896407e-004
    outer loop
      vertex  6.144091e+000 -5.328245e+000  0.000000e+000
      vertex  6.149142e+000 -5.332886e+000  4.000000e+000
      vertex  6.260535e+000 -5.461853e+000  0.000000e+000
    endloop
  endfacet
  facet normal  6.769617e-001  7.360182e-001 -8.879580e-007
    outer loop
      vertex  6.144091e+000 -5.328245e+000  0.000000e+000
      vertex  6.144251e+000 -5.328387e+000  4.000000e+000
      vertex  6.149142e+000 -5.332886e+000  4.000000e+000
    endloop
  endfacet
  facet normal  7.664093e-001  6.423523e-001  6.326343e-004
    outer loop
      vertex  6.149142e+000 -5.332886e+000  4.000000e+000
      vertex  6.285470e+000 -5.495543e+000  4.000000e+000
      vertex  6.260535e+000 -5.461853e+000  0.000000e+000
    endloop
  endfacet
  facet normal  8.437526e-001  5.367319e-001 -7.391096e-004
    outer loop
      vertex  6.444179e+000 -5.750545e+000  0.000000e+000
      vertex  6.260535e+000 -5.461853e+000  0.000000e+000
      vertex  6.285470e+000 -5.495543e+000  4.000000e+000
    endloop
  endfacet
  facet normal  8.546275e-001  5.192408e-001  8.074409e-004
    outer loop
      vertex  6.285470e+000 -5.495543e+000  4.000000e+000
      vertex  6.471089e+000 -5.801057e+000  4.000000e+000
      vertex  6.444179e+000 -5.750545e+000  0.000000e+000
    endloop
  endfacet
  facet normal  9.155573e-001  4.021874e-001  -0.000000e+000
    outer loop
      vertex  6.651060e+000 -6.210749e+000  4.000000e+000
      vertex  6.651060e+000 -6.210749e+000  0.000000e+000
      vertex  6.471089e+000 -5.801057e+000  4.000000e+000
    endloop
  endfacet
  facet normal  9.347488e-001  3.552640e-001  5.669526e-003
    outer loop
      vertex  6.471089e+000 -5.801057e+000  4.000000e+000
      vertex  6.651060e+000 -6.210749e+000  0.000000e+000
      vertex  6.625492e+000 -6.143477e+000  0.000000e+000
    endloop
  endfacet
  facet normal  9.079948e-001  4.189807e-001 -8.176825e-004
    outer loop
      vertex  6.471089e+000 -5.801057e+000  4.000000e+000
      vertex  6.625492e+000 -6.143477e+000  0.000000e+000
      vertex  6.444179e+000 -5.750545e+000  0.000000e+000
    endloop
  endfacet
  facet normal -7.554839e-001 -6.551672e-001  0.000000e+000
    outer loop
      vertex  4.930130e+000 -5.685019e+000  0.000000e+000
      vertex  5.328105e+000 -6.143930e+000  0.000000e+000
      vertex  4.930130e+000 -5.685019e+000  4.000000e+000
    endloop
  endfacet
  facet normal -7.554839e-001 -6.551672e-001  0.000000e+000
    outer loop
      vertex  4.930130e+000 -5.685019e+000  4.000000e+000
      vertex  5.328105e+000 -6.143930e+000  0.000000e+000
      vertex  5.328105e+000 -6.143930e+000  4.000000e+000
    endloop
  endfacet
  facet normal  6.551671e-001  7.554840e-001  6.743676e-007
    outer loop
      vertex  6.144091e+000 -5.328245e+000  0.000000e+000
      vertex  5.685019e+000 -4.930130e+000  0.000000e+000
      vertex  6.144251e+000 -5.328387e+000  4.000000e+000
    endloop
  endfacet
  facet normal  6.551704e-001  7.554811e-001  0.000000e+000
    outer loop
      vertex  6.144251e+000 -5.328387e+000  4.000000e+000
      vertex  5.685019e+000 -4.930130e+000  0.000000e+000
      vertex  5.685019e+000 -4.930130e+000  4.000000e+000
    endloop
  endfacet
  facet normal -1.712984e-001 -9.852192e-001  6.795267e-005
    outer loop
      vertex  7.641924e+000 -4.808901e+000  4.000000e+000
      vertex  7.217217e+000 -4.735058e+000  4.000000e+000
      vertex  7.222476e+000 -4.736248e+000  0.000000e+000
    endloop
  endfacet
  facet normal -3.000634e-001 -9.539192e-001 -1.106401e-004
    outer loop
      vertex  6.896091e+000 -4.633581e+000  0.000000e+000
      vertex  7.222476e+000 -4.736248e+000  0.000000e+000
      vertex  7.217217e+000 -4.735058e+000  4.000000e+000
    endloop
  endfacet
  facet normal -1.012361e-001 -9.948624e-001  -0.000000e+000
    outer loop
      vertex  7.720544e+000 -4.816970e+000  0.000000e+000
      vertex  7.720544e+000 -4.816970e+000  4.000000e+000
      vertex  7.648947e+000 -4.809685e+000  0.000000e+000
    endloop
  endfacet
  facet normal -1.020971e-001 -9.947744e-001  1.557178e-005
    outer loop
      vertex  7.648947e+000 -4.809685e+000  0.000000e+000
      vertex  7.720544e+000 -4.816970e+000  4.000000e+000
      vertex  7.641924e+000 -4.808901e+000  4.000000e+000
    endloop
  endfacet
  facet normal -1.696976e-001 -9.854962e-001 -1.049407e-004
    outer loop
      vertex  7.648947e+000 -4.809685e+000  0.000000e+000
      vertex  7.641924e+000 -4.808901e+000  4.000000e+000
      vertex  7.222476e+000 -4.736248e+000  0.000000e+000
    endloop
  endfacet
  facet normal -4.408448e-001 -8.975834e-001  0.000000e+000
    outer loop
      vertex  6.736721e+000 -4.555565e+000  4.000000e+000
      vertex  6.736721e+000 -4.555565e+000  0.000000e+000
      vertex  6.893043e+000 -4.632342e+000  4.000000e+000
    endloop
  endfacet
  facet normal -4.396722e-001 -8.981583e-001 -5.685921e-005
    outer loop
      vertex  6.893043e+000 -4.632342e+000  4.000000e+000
      vertex  6.736721e+000 -4.555565e+000  0.000000e+000
      vertex  6.896091e+000 -4.633581e+000  0.000000e+000
    endloop
  endfacet
  facet normal -3.020536e-001 -9.532909e-001  6.507909e-005
    outer loop
      vertex  6.893043e+000 -4.632342e+000  4.000000e+000
      vertex  6.896091e+000 -4.633581e+000  0.000000e+000
      vertex  7.217217e+000 -4.735058e+000  4.000000e+000
    endloop
  endfacet
  facet normal  8.660253e-001 -5.000002e-001  0.000000e+000
    outer loop
      vertex  7.720544e+000 -4.816970e+000  4.000000e+000
      vertex  7.720544e+000 -4.816970e+000  0.000000e+000
      vertex  8.031891e+000 -4.277702e+000  4.000000e+000
    endloop
  endfacet
  facet normal  8.660253e-001 -5.000002e-001  0.000000e+000
    outer loop
      vertex  8.031891e+000 -4.277702e+000  4.000000e+000
      vertex  7.720544e+000 -4.816970e+000  0.000000e+000
      vertex  8.031891e+000 -4.277702e+000  0.000000e+000
    endloop
  endfacet
  facet normal  5.581312e-001  8.297528e-001 -1.895280e-004
    outer loop
      vertex  7.313788e+000 -3.556482e+000  0.000000e+000
      vertex  7.319867e+000 -3.559657e+000  4.000000e+000
      vertex  7.460845e+000 -3.655399e+000  0.000000e+000
    endloop
  endfacet
  facet normal  4.634425e-001  8.861270e-001 -8.661111e-007
    outer loop
      vertex  7.313788e+000 -3.556482e+000  0.000000e+000
      vertex  7.313979e+000 -3.556578e+000  4.000000e+000
      vertex  7.319867e+000 -3.559657e+000  4.000000e+000
    endloop
  endfacet
  facet normal  5.740402e-001  8.188269e-001  6.326925e-004
    outer loop
      vertex  7.319867e+000 -3.559657e+000  4.000000e+000
      vertex  7.493649e+000 -3.681488e+000  4.000000e+000
      vertex  7.460845e+000 -3.655399e+000  0.000000e+000
    endloop
  endfacet
  facet normal  6.760861e-001  7.368224e-001 -7.390583e-004
    outer loop
      vertex  7.712950e+000 -3.886723e+000  0.000000e+000
      vertex  7.460845e+000 -3.655399e+000  0.000000e+000
      vertex  7.493649e+000 -3.681488e+000  4.000000e+000
    endloop
  endfacet
  facet normal  6.911172e-001  7.227421e-001  8.074655e-004
    outer loop
      vertex  7.493649e+000 -3.681488e+000  4.000000e+000
      vertex  7.752017e+000 -3.928550e+000  4.000000e+000
      vertex  7.712950e+000 -3.886723e+000  0.000000e+000
    endloop
  endfacet
  facet normal  7.802662e-001  6.254476e-001  -0.000000e+000
    outer loop
      vertex  8.031891e+000 -4.277702e+000  4.000000e+000
      vertex  8.031891e+000 -4.277702e+000  0.000000e+000
      vertex  7.752017e+000 -3.928550e+000  4.000000e+000
    endloop
  endfacet
  facet normal  8.109427e-001  5.850981e-001  5.668414e-003
    outer loop
      vertex  7.752017e+000 -3.928550e+000  4.000000e+000
      vertex  8.031891e+000 -4.277702e+000  0.000000e+000
      vertex  7.989783e+000 -4.219340e+000  0.000000e+000
    endloop
  endfacet
  facet normal  7.686162e-001  6.397098e-001 -8.176783e-004
    outer loop
      vertex  7.752017e+000 -3.928550e+000  4.000000e+000
      vertex  7.989783e+000 -4.219340e+000  0.000000e+000
      vertex  7.712950e+000 -3.886723e+000  0.000000e+000
    endloop
  endfacet
  facet normal  4.373086e-001  8.993115e-001  6.988898e-007
    outer loop
      vertex  7.313788e+000 -3.556482e+000  0.000000e+000
      vertex  6.767318e+000 -3.290750e+000  0.000000e+000
      vertex  7.313979e+000 -3.556578e+000  4.000000e+000
    endloop
  endfacet
  facet normal  4.373127e-001  8.993095e-001  0.000000e+000
    outer loop
      vertex  7.313979e+000 -3.556578e+000  4.000000e+000
      vertex  6.767318e+000 -3.290750e+000  0.000000e+000
      vertex  6.767318e+000 -3.290750e+000  4.000000e+000
    endloop
  endfacet
  facet normal -5.601720e-001 -8.283764e-001  0.000000e+000
    outer loop
      vertex  6.233531e+000 -4.215294e+000  0.000000e+000
      vertex  6.736721e+000 -4.555565e+000  0.000000e+000
      vertex  6.233531e+000 -4.215294e+000  4.000000e+000
    endloop
  endfacet
  facet normal -5.601720e-001 -8.283764e-001  0.000000e+000
    outer loop
      vertex  6.233531e+000 -4.215294e+000  4.000000e+000
      vertex  6.736721e+000 -4.555565e+000  0.000000e+000
      vertex  6.736721e+000 -4.555565e+000  4.000000e+000
    endloop
  endfacet
  facet normal  0.000000e+000  0.000000e+000  1.000000e+000
    outer loop
      vertex -4.816970e+000  7.720544e+000  4.000000e+000
      vertex -4.213650e+000  7.985592e+000  4.000000e+000
      vertex -4.277702e+000  8.031891e+000  4.000000e+000
    endloop
  endfacet
  facet normal  0.000000e+000  0.000000e+000  1.000000e+000
    outer loop
      vertex -4.816970e+000  7.720544e+000  4.000000e+000
      vertex -3.882764e+000  7.709290e+000  4.000000e+000
      vertex -4.213650e+000  7.985592e+000  4.000000e+000
    endloop
  endfacet
  facet normal  0.000000e+000  -0.000000e+000  1.000000e+000
    outer loop
      vertex -5.768752e-001 -8.111954e+000  4.000000e+000
      vertex -5.652050e-001 -8.285721e+000  4.000000e+000
      vertex -5.337864e-001 -7.506044e+000  4.000000e+000
    endloop
  endfacet
  facet normal  0.000000e+000  -0.000000e+000  1.000000e+000
    outer loop
      vertex -7.720544e+000 -4.816970e+000  4.000000e+000
      vertex -7.278232e+000 -4.749168e+000  4.000000e+000
      vertex -6.935087e+000 -4.648947e+000  4.000000e+000
    endloop
  endfacet
  facet normal  0.000000e+000  0.000000e+000  1.000000e+000
    outer loop
      vertex -5.771800e-001  8.119020e+000  4.000000e+000
      vertex -4.737845e-001  8.677718e+000  4.000000e+000
      vertex -5.585626e-001  8.330435e+000  4.000000e+000
    endloop
  endfacet
  facet normal  0.000000e+000  -0.000000e+000  1.000000e+000
    outer loop
      vertex -8.865361e+000  2.053137e+000  4.000000e+000
      vertex -1.250000e+000  2.165064e+000  4.000000e+000
      vertex -8.550504e-001  2.349231e+000  4.000000e+000
    endloop
  endfacet
  facet normal  0.000000e+000  0.000000e+000  1.000000e+000
    outer loop
      vertex -7.985271e+000  1.542393e+000  4.000000e+000
      vertex -1.915111e+000  1.606969e+000  4.000000e+000
      vertex -7.991756e+000  1.543844e+000  4.000000e+000
    endloop
  endfacet
  facet normal  0.000000e+000  0.000000e+000  9.999999e-001
    outer loop
      vertex -3.290750e+000 -6.767318e+000  4.000000e+000
      vertex -4.215294e+000 -6.233531e+000  4.000000e+000
      vertex -4.555565e+000 -6.736721e+000  4.000000e+000
    endloop
  endfacet
  facet normal  -0.000000e+000  0.000000e+000  1.000000e+000
    outer loop
      vertex -1.755151e+000  8.451535e+000  4.000000e+000
      vertex -2.703599e+000  8.259407e+000  4.000000e+000
      vertex -1.598556e+000  8.149678e+000  4.000000e+000
    endloop
  endfacet
  facet normal  0.000000e+000  0.000000e+000  1.000000e+000
    outer loop
      vertex -3.290750e+000  6.767318e+000  4.000000e+000
      vertex -4.648947e+000  6.935087e+000  4.000000e+000
      vertex -4.559362e+000  6.742687e+000  4.000000e+000
    endloop
  endfacet
  facet normal  0.000000e+000  -0.000000e+000  1.000000e+000
    outer loop
      vertex  4.930130e+000  5.685019e+000  4.000000e+000
      vertex  6.258550e+000  5.459229e+000  4.000000e+000
      vertex  6.441669e+000  5.745773e+000  4.000000e+000
    endloop
  endfacet
  facet normal  -0.000000e+000  0.000000e+000  1.000000e+000
    outer loop
      vertex  4.277702e+000  8.031891e+000  4.000000e+000
      vertex  3.928550e+000  7.752017e+000  4.000000e+000
      vertex  4.816970e+000  7.720544e+000  4.000000e+000
    endloop
  endfacet
  facet normal  0.000000e+000  0.000000e+000  9.999999e-001
    outer loop
      vertex  8.865361e+000  2.053137e+000  4.000000e+000
      vertex  8.550504e-001  2.349231e+000  4.000000e+000
      vertex  1.250000e+000  2.165064e+000  4.000000e+000
    endloop
  endfacet
  facet normal  0.000000e+000  0.000000e+000  9.999999e-001
    outer loop
      vertex  6.136897e+000 -6.622917e+000  4.000000e+000
      vertex  5.459229e+000 -6.258550e+000  4.000000e+000
      vertex  5.745773e+000 -6.441669e+000  4.000000e+000
    endloop
  endfacet
  facet normal  0.000000e+000  0.000000e+000  1.000000e+000
    outer loop
      vertex  3.556388e+000 -7.313596e+000  4.000000e+000
      vertex  4.749168e+000 -7.278232e+000  4.000000e+000
      vertex  4.648947e+000 -6.935087e+000  4.000000e+000
    endloop
  endfacet
  facet normal  0.000000e+000  0.000000e+000  9.999999e-001
    outer loop
      vertex  6.651060e+000 -6.210749e+000  4.000000e+000
      vertex  6.471089e+000 -5.801057e+000  4.000000e+000
      vertex  4.930130e+000 -5.685019e+000  4.000000e+000
    endloop
  endfacet
  facet normal  0.000000e+000  0.000000e+000  1.000000e+000
    outer loop
      vertex  6.651060e+000 -6.210749e+000  4.000000e+000
      vertex  4.930130e+000 -5.685019e+000  4.000000e+000
      vertex  5.328105e+000 -6.143930e+000  4.000000e+000
    endloop
  endfacet
  facet normal  0.000000e+000  0.000000e+000  1.000000e+000
    outer loop
      vertex  6.651060e+000 -6.210749e+000  4.000000e+000
      vertex  5.328105e+000 -6.143930e+000  4.000000e+000
      vertex  5.459229e+000 -6.258550e+000  4.000000e+000
    endloop
  endfacet
  facet normal  -0.000000e+000  0.000000e+000  1.000000e+000
    outer loop
      vertex  6.651060e+000 -6.210749e+000  4.000000e+000
      vertex  5.459229e+000 -6.258550e+000  4.000000e+000
      vertex  6.136897e+000 -6.622917e+000  4.000000e+000
    endloop
  endfacet
  facet normal  -0.000000e+000  0.000000e+000  1.000000e+000
    outer loop
      vertex  6.651060e+000 -6.210749e+000  4.000000e+000
      vertex  6.136897e+000 -6.622917e+000  4.000000e+000
      vertex  6.210749e+000 -6.651060e+000  4.000000e+000
    endloop
  endfacet
  facet normal  0.000000e+000  0.000000e+000  1.000000e+000
    outer loop
      vertex  4.816970e+000 -7.720544e+000  4.000000e+000
      vertex  4.749168e+000 -7.278232e+000  4.000000e+000
      vertex  3.556388e+000 -7.313596e+000  4.000000e+000
    endloop
  endfacet
  facet normal  0.000000e+000  0.000000e+000  1.000000e+000
    outer loop
      vertex  4.816970e+000 -7.720544e+000  4.000000e+000
      vertex  3.556388e+000 -7.313596e+000  4.000000e+000
      vertex  3.653379e+000 -7.458248e+000  4.000000e+000
    endloop
  endfacet
  facet normal  0.000000e+000  0.000000e+000  9.999999e-001
    outer loop
      vertex  4.816970e+000 -7.720544e+000  4.000000e+000
      vertex  3.653379e+000 -7.458248e+000  4.000000e+000
      vertex  3.882764e+000 -7.709290e+000  4.000000e+000
    endloop
  endfacet
  facet normal  0.000000e+000  0.000000e+000  1.000000e+000
    outer loop
      vertex  4.816970e+000 -7.720544e+000  4.000000e+000
      vertex  3.882764e+000 -7.709290e+000  4.000000e+000
      vertex  4.213650e+000 -7.985592e+000  4.000000e+000
    endloop
  endfacet
  facet normal  -0.000000e+000  0.000000e+000  1.000000e+000
    outer loop
      vertex  4.816970e+000 -7.720544e+000  4.000000e+000
      vertex  4.213650e+000 -7.985592e+000  4.000000e+000
      vertex  4.277702e+000 -8.031891e+000  4.000000e+000
    endloop
  endfacet
  facet normal  0.000000e+000  -0.000000e+000  1.000000e+000
    outer loop
      vertex  3.290750e+000 -6.767318e+000  4.000000e+000
      vertex  3.556388e+000 -7.313596e+000  4.000000e+000
      vertex  4.648947e+000 -6.935087e+000  4.000000e+000
    endloop
  endfacet
  facet normal  0.000000e+000  0.000000e+000  1.000000e+000
    outer loop
      vertex  3.290750e+000 -6.767318e+000  4.000000e+000
      vertex  4.648947e+000 -6.935087e+000  4.000000e+000
      vertex  4.559362e+000 -6.742687e+000  4.000000e+000
    endloop
  endfacet
  facet normal  0.000000e+000  0.000000e+000  1.000000e+000
    outer loop
      vertex  3.290750e+000 -6.767318e+000  4.000000e+000
      vertex  4.559362e+000 -6.742687e+000  4.000000e+000
      vertex  4.555802e+000 -6.737076e+000  4.000000e+000
    endloop
  endfacet
  facet normal  0.000000e+000  0.000000e+000  1.000000e+000
    outer loop
      vertex  3.290750e+000 -6.767318e+000  4.000000e+000
      vertex  4.555802e+000 -6.737076e+000  4.000000e+000
      vertex  4.215294e+000 -6.233531e+000  4.000000e+000
    endloop
  endfacet
  facet normal  0.000000e+000  0.000000e+000  9.999999e-001
    outer loop
      vertex  2.654612e+000 -8.704196e+000  4.000000e+000
      vertex  2.703599e+000 -8.259407e+000  4.000000e+000
      vertex  1.598556e+000 -8.149678e+000  4.000000e+000
    endloop
  endfacet
  facet normal  0.000000e+000  0.000000e+000  1.000000e+000
    outer loop
      vertex  2.654612e+000 -8.704196e+000  4.000000e+000
      vertex  1.598556e+000 -8.149678e+000  4.000000e+000
      vertex  1.755151e+000 -8.451535e+000  4.000000e+000
    endloop
  endfacet
  facet normal  0.000000e+000  0.000000e+000  1.000000e+000
    outer loop
      vertex  2.654612e+000 -8.704196e+000  4.000000e+000
      vertex  1.755151e+000 -8.451535e+000  4.000000e+000
      vertex  2.003249e+000 -8.804063e+000  4.000000e+000
    endloop
  endfacet
  facet normal  -0.000000e+000  0.000000e+000  9.999999e-001
    outer loop
      vertex  2.654612e+000 -8.704196e+000  4.000000e+000
      vertex  2.003249e+000 -8.804063e+000  4.000000e+000
      vertex  2.053137e+000 -8.865361e+000  4.000000e+000
    endloop
  endfacet
  facet normal  -0.000000e+000  -0.000000e+000  1.000000e+000
    outer loop
      vertex  1.542310e+000 -7.984852e+000  4.000000e+000
      vertex  1.598556e+000 -8.149678e+000  4.000000e+000
      vertex  2.703599e+000 -8.259407e+000  4.000000e+000
    endloop
  endfacet
  facet normal  0.000000e+000  0.000000e+000  1.000000e+000
    outer loop
      vertex  1.542310e+000 -7.984852e+000  4.000000e+000
      vertex  2.703599e+000 -8.259407e+000  4.000000e+000
      vertex  2.695605e+000 -7.902015e+000  4.000000e+000
    endloop
  endfacet
  facet normal  0.000000e+000  0.000000e+000  1.000000e+000
    outer loop
      vertex  1.542310e+000 -7.984852e+000  4.000000e+000
      vertex  2.695605e+000 -7.902015e+000  4.000000e+000
      vertex  2.658870e+000 -7.692986e+000  4.000000e+000
    endloop
  endfacet
  facet normal  0.000000e+000  0.000000e+000  1.000000e+000
    outer loop
      vertex  1.542310e+000 -7.984852e+000  4.000000e+000
      vertex  2.658870e+000 -7.692986e+000  4.000000e+000
      vertex  2.656883e+000 -7.686644e+000  4.000000e+000
    endloop
  endfacet
  facet normal  0.000000e+000  0.000000e+000  1.000000e+000
    outer loop
      vertex  1.542310e+000 -7.984852e+000  4.000000e+000
      vertex  2.656883e+000 -7.686644e+000  4.000000e+000
      vertex  2.458305e+000 -7.112128e+000  4.000000e+000
    endloop
  endfacet
  facet normal  0.000000e+000  0.000000e+000  1.000000e+000
    outer loop
      vertex  1.542310e+000 -7.984852e+000  4.000000e+000
      vertex  2.458305e+000 -7.112128e+000  4.000000e+000
      vertex  1.427109e+000 -7.388436e+000  4.000000e+000
    endloop
  endfacet
  facet normal  0.000000e+000  0.000000e+000  1.000000e+000
    outer loop
      vertex -1.542393e+000 -7.985271e+000  4.000000e+000
      vertex -1.427109e+000 -7.388436e+000  4.000000e+000
      vertex -2.458305e+000 -7.112128e+000  4.000000e+000
    endloop
  endfacet
  facet normal  0.000000e+000  0.000000e+000  9.999999e-001
    outer loop
      vertex -1.542393e+000 -7.985271e+000  4.000000e+000
      vertex -2.458305e+000 -7.112128e+000  4.000000e+000
      vertex -2.656747e+000 -7.686240e+000  4.000000e+000
    endloop
  endfacet
  facet normal  0.000000e+000  0.000000e+000  1.000000e+000
    outer loop
      vertex -1.542393e+000 -7.985271e+000  4.000000e+000
      vertex -2.656747e+000 -7.686240e+000  4.000000e+000
      vertex -2.690449e+000 -7.857106e+000  4.000000e+000
    endloop
  endfacet
  facet normal  0.000000e+000  0.000000e+000  9.999999e-001
    outer loop
      vertex -1.542393e+000 -7.985271e+000  4.000000e+000
      vertex -2.690449e+000 -7.857106e+000  4.000000e+000
      vertex -1.543844e+000 -7.991756e+000  4.000000e+000
    endloop
  endfacet
  facet normal  0.000000e+000  0.000000e+000  1.000000e+000
    outer loop
      vertex -3.556578e+000 -7.313979e+000  4.000000e+000
      vertex -3.290750e+000 -6.767318e+000  4.000000e+000
      vertex -4.555565e+000 -6.736721e+000  4.000000e+000
    endloop
  endfacet
  facet normal  0.000000e+000  0.000000e+000  1.000000e+000
    outer loop
      vertex -3.556578e+000 -7.313979e+000  4.000000e+000
      vertex -4.555565e+000 -6.736721e+000  4.000000e+000
      vertex -4.632342e+000 -6.893043e+000  4.000000e+000
    endloop
  endfacet
  facet normal  0.000000e+000  0.000000e+000  1.000000e+000
    outer loop
      vertex -3.556578e+000 -7.313979e+000  4.000000e+000
      vertex -4.632342e+000 -6.893043e+000  4.000000e+000
      vertex -4.735058e+000 -7.217217e+000  4.000000e+000
    endloop
  endfacet
  facet normal  0.000000e+000  0.000000e+000  1.000000e+000
    outer loop
      vertex -3.556578e+000 -7.313979e+000  4.000000e+000
      vertex -4.735058e+000 -7.217217e+000  4.000000e+000
      vertex -3.559657e+000 -7.319867e+000  4.000000e+000
    endloop
  endfacet
  facet normal  0.000000e+000  0.000000e+000  1.000000e+000
    outer loop
      vertex -1.542310e+000  7.984852e+000  4.000000e+000
      vertex -1.598556e+000  8.149678e+000  4.000000e+000
      vertex -2.703599e+000  8.259407e+000  4.000000e+000
    endloop
  endfacet
  facet normal  0.000000e+000  0.000000e+000  1.000000e+000
    outer loop
      vertex -1.542310e+000  7.984852e+000  4.000000e+000
      vertex -2.703599e+000  8.259407e+000  4.000000e+000
      vertex -2.695605e+000  7.902015e+000  4.000000e+000
    endloop
  endfacet
  facet normal  -0.000000e+000  0.000000e+000  1.000000e+000
    outer loop
      vertex -1.542310e+000  7.984852e+000  4.000000e+000
      vertex -2.695605e+000  7.902015e+000  4.000000e+000
      vertex -2.658870e+000  7.692986e+000  4.000000e+000
    endloop
  endfacet
  facet normal  -0.000000e+000  0.000000e+000  1.000000e+000
    outer loop
      vertex -1.542310e+000  7.984852e+000  4.000000e+000
      vertex -2.658870e+000  7.692986e+000  4.000000e+000
      vertex -2.656883e+000  7.686644e+000  4.000000e+000
    endloop
  endfacet
  facet normal  -0.000000e+000  0.000000e+000  1.000000e+000
    outer loop
      vertex -1.542310e+000  7.984852e+000  4.000000e+000
      vertex -2.656883e+000  7.686644e+000  4.000000e+000
      vertex -2.458305e+000  7.112128e+000  4.000000e+000
    endloop
  endfacet
  facet normal  0.000000e+000  0.000000e+000  1.000000e+000
    outer loop
      vertex -1.542310e+000  7.984852e+000  4.000000e+000
      vertex -2.458305e+000  7.112128e+000  4.000000e+000
      vertex -1.427109e+000  7.388436e+000  4.000000e+000
    endloop
  endfacet
  facet normal  0.000000e+000  -0.000000e+000  1.000000e+000
    outer loop
      vertex -5.769026e-001  8.112380e+000  4.000000e+000
      vertex -1.530808e-016  2.500000e+000  4.000000e+000
      vertex  3.113467e-001  9.094672e+000  4.000000e+000
    endloop
  endfacet
  facet normal  0.000000e+000  0.000000e+000  1.000000e+000
    outer loop
      vertex -5.769026e-001  8.112380e+000  4.000000e+000
      vertex  3.113467e-001  9.094672e+000  4.000000e+000
      vertex -3.113467e-001  9.094672e+000  4.000000e+000
    endloop
  endfacet
  facet normal  0.000000e+000  0.000000e+000  1.000000e+000
    outer loop
      vertex -5.769026e-001  8.112380e+000  4.000000e+000
      vertex -3.113467e-001  9.094672e+000  4.000000e+000
      vertex -4.737845e-001  8.677718e+000  4.000000e+000
    endloop
  endfacet
  facet normal  0.000000e+000  0.000000e+000  1.000000e+000
    outer loop
      vertex -5.769026e-001  8.112380e+000  4.000000e+000
      vertex -4.737845e-001  8.677718e+000  4.000000e+000
      vertex -5.771800e-001  8.119020e+000  4.000000e+000
    endloop
  endfacet
  facet normal  0.000000e+000  0.000000e+000  1.000000e+000
    outer loop
      vertex  6.651060e+000  6.210749e+000  4.000000e+000
      vertex  6.210749e+000  6.651060e+000  4.000000e+000
      vertex  5.801057e+000  6.471089e+000  4.000000e+000
    endloop
  endfacet
  facet normal  0.000000e+000  0.000000e+000  1.000000e+000
    outer loop
      vertex  6.651060e+000  6.210749e+000  4.000000e+000
      vertex  5.801057e+000  6.471089e+000  4.000000e+000
      vertex  5.495543e+000  6.285470e+000  4.000000e+000
    endloop
  endfacet
  facet normal  0.000000e+000  0.000000e+000  1.000000e+000
    outer loop
      vertex  6.651060e+000  6.210749e+000  4.000000e+000
      vertex  5.495543e+000  6.285470e+000  4.000000e+000
      vertex  5.332886e+000  6.149142e+000  4.000000e+000
    endloop
  endfacet
  facet normal  -0.000000e+000  0.000000e+000  1.000000e+000
    outer loop
      vertex  6.651060e+000  6.210749e+000  4.000000e+000
      vertex  5.332886e+000  6.149142e+000  4.000000e+000
      vertex  6.622917e+000  6.136897e+000  4.000000e+000
    endloop
  endfacet
  facet normal  0.000000e+000  0.000000e+000  9.999999e-001
    outer loop
      vertex -1.530808e-016  2.500000e+000  4.000000e+000
      vertex -5.769026e-001  8.112380e+000  4.000000e+000
      vertex -5.337864e-001  7.506044e+000  4.000000e+000
    endloop
  endfacet
  facet normal  0.000000e+000  0.000000e+000  1.000000e+000
    outer loop
      vertex -1.530808e-016  2.500000e+000  4.000000e+000
      vertex -5.337864e-001  7.506044e+000  4.000000e+000
      vertex -9.822096e-001  7.460623e+000  4.000000e+000
    endloop
  endfacet
  facet normal  0.000000e+000  0.000000e+000  1.000000e+000
    outer loop
      vertex -1.530808e-016  2.500000e+000  4.000000e+000
      vertex -9.822096e-001  7.460623e+000  4.000000e+000
      vertex -1.427109e+000  7.388436e+000  4.000000e+000
    endloop
  endfacet
  facet normal  0.000000e+000  0.000000e+000  1.000000e+000
    outer loop
      vertex -1.530808e-016  2.500000e+000  4.000000e+000
      vertex -1.427109e+000  7.388436e+000  4.000000e+000
      vertex -2.458305e+000  7.112128e+000  4.000000e+000
    endloop
  endfacet
  facet normal  0.000000e+000  0.000000e+000  9.999999e-001
    outer loop
      vertex -1.530808e-016  2.500000e+000  4.000000e+000
      vertex -2.458305e+000  7.112128e+000  4.000000e+000
      vertex -2.879693e+000  6.952193e+000  4.000000e+000
    endloop
  endfacet
  facet normal  0.000000e+000  0.000000e+000  1.000000e+000
    outer loop
      vertex -1.530808e-016  2.500000e+000  4.000000e+000
      vertex -2.879693e+000  6.952193e+000  4.000000e+000
      vertex -3.290750e+000  6.767318e+000  4.000000e+000
    endloop
  endfacet
  facet normal  0.000000e+000  0.000000e+000  1.000000e+000
    outer loop
      vertex -1.530808e-016  2.500000e+000  4.000000e+000
      vertex -3.290750e+000  6.767318e+000  4.000000e+000
      vertex -4.559362e+000  6.742687e+000  4.000000e+000
    endloop
  endfacet
  facet normal  0.000000e+000  0.000000e+000  1.000000e+000
    outer loop
      vertex -1.530808e-016  2.500000e+000  4.000000e+000
      vertex -4.559362e+000  6.742687e+000  4.000000e+000
      vertex -4.555802e+000  6.737076e+000  4.000000e+000
    endloop
  endfacet
  facet normal  0.000000e+000  0.000000e+000  9.999999e-001
    outer loop
      vertex -1.530808e-016  2.500000e+000  4.000000e+000
      vertex -4.555802e+000  6.737076e+000  4.000000e+000
      vertex -4.215294e+000  6.233531e+000  4.000000e+000
    endloop
  endfacet
  facet normal  0.000000e+000  0.000000e+000  1.000000e+000
    outer loop
      vertex -1.530808e-016  2.500000e+000  4.000000e+000
      vertex -4.215294e+000  6.233531e+000  4.000000e+000
      vertex -4.580930e+000  5.969984e+000  4.000000e+000
    endloop
  endfacet
  facet normal  0.000000e+000  0.000000e+000  1.000000e+000
    outer loop
      vertex -1.530808e-016  2.500000e+000  4.000000e+000
      vertex -4.580930e+000  5.969984e+000  4.000000e+000
      vertex -4.930130e+000  5.685019e+000  4.000000e+000
    endloop
  endfacet
  facet normal  0.000000e+000  0.000000e+000  1.000000e+000
    outer loop
      vertex -1.530808e-016  2.500000e+000  4.000000e+000
      vertex -4.930130e+000  5.685019e+000  4.000000e+000
      vertex -6.285470e+000  5.495543e+000  4.000000e+000
    endloop
  endfacet
  facet normal  0.000000e+000  0.000000e+000  1.000000e+000
    outer loop
      vertex -1.530808e-016  2.500000e+000  4.000000e+000
      vertex -6.285470e+000  5.495543e+000  4.000000e+000
      vertex -6.149142e+000  5.332886e+000  4.000000e+000
    endloop
  endfacet
  facet normal  0.000000e+000  0.000000e+000  1.000000e+000
    outer loop
      vertex -1.530808e-016  2.500000e+000  4.000000e+000
      vertex -6.149142e+000  5.332886e+000  4.000000e+000
      vertex -6.144251e+000  5.328387e+000  4.000000e+000
    endloop
  endfacet
  facet normal  0.000000e+000  0.000000e+000  1.000000e+000
    outer loop
      vertex -1.530808e-016  2.500000e+000  4.000000e+000
      vertex -6.144251e+000  5.328387e+000  4.000000e+000
      vertex -5.685019e+000  4.930130e+000  4.000000e+000
    endloop
  endfacet
  facet normal  0.000000e+000  0.000000e+000  1.000000e+000
    outer loop
      vertex -1.530808e-016  2.500000e+000  4.000000e+000
      vertex -5.685019e+000  4.930130e+000  4.000000e+000
      vertex -5.969984e+000  4.580930e+000  4.000000e+000
    endloop
  endfacet
  facet normal  0.000000e+000  0.000000e+000  1.000000e+000
    outer loop
      vertex -1.530808e-016  2.500000e+000  4.000000e+000
      vertex -5.969984e+000  4.580930e+000  4.000000e+000
      vertex -6.233531e+000  4.215294e+000  4.000000e+000
    endloop
  endfacet
  facet normal  0.000000e+000  0.000000e+000  1.000000e+000
    outer loop
      vertex -1.530808e-016  2.500000e+000  4.000000e+000
      vertex -6.233531e+000  4.215294e+000  4.000000e+000
      vertex -7.752017e+000  3.928550e+000  4.000000e+000
    endloop
  endfacet
  facet normal  0.000000e+000  0.000000e+000  1.000000e+000
    outer loop
      vertex -1.530808e-016  2.500000e+000  4.000000e+000
      vertex -7.752017e+000  3.928550e+000  4.000000e+000
      vertex -7.493649e+000  3.681488e+000  4.000000e+000
    endloop
  endfacet
  facet normal  0.000000e+000  0.000000e+000  1.000000e+000
    outer loop
      vertex -1.530808e-016  2.500000e+000  4.000000e+000
      vertex -7.493649e+000  3.681488e+000  4.000000e+000
      vertex -7.319867e+000  3.559657e+000  4.000000e+000
    endloop
  endfacet
  facet normal  0.000000e+000  0.000000e+000  1.000000e+000
    outer loop
      vertex -1.530808e-016  2.500000e+000  4.000000e+000
      vertex -7.319867e+000  3.559657e+000  4.000000e+000
      vertex -7.313979e+000  3.556578e+000  4.000000e+000
    endloop
  endfacet
  facet normal  0.000000e+000  0.000000e+000  1.000000e+000
    outer loop
      vertex -1.530808e-016  2.500000e+000  4.000000e+000
      vertex -7.313979e+000  3.556578e+000  4.000000e+000
      vertex -6.767318e+000  3.290750e+000  4.000000e+000
    endloop
  endfacet
  facet normal  0.000000e+000  0.000000e+000  1.000000e+000
    outer loop
      vertex -1.530808e-016  2.500000e+000  4.000000e+000
      vertex -6.767318e+000  3.290750e+000  4.000000e+000
      vertex -6.952193e+000  2.879693e+000  4.000000e+000
    endloop
  endfacet
  facet normal  0.000000e+000  0.000000e+000  1.000000e+000
    outer loop
      vertex -1.530808e-016  2.500000e+000  4.000000e+000
      vertex -6.952193e+000  2.879693e+000  4.000000e+000
      vertex -7.112128e+000  2.458305e+000  4.000000e+000
    endloop
  endfacet
  facet normal  0.000000e+000  0.000000e+000  1.000000e+000
    outer loop
      vertex -1.530808e-016  2.500000e+000  4.000000e+000
      vertex -7.112128e+000  2.458305e+000  4.000000e+000
      vertex -4.341204e-001  2.462019e+000  4.000000e+000
    endloop
  endfacet
  facet normal  0.000000e+000  0.000000e+000  1.000000e+000
    outer loop
      vertex -5.337864e-001 -7.506044e+000  4.000000e+000
      vertex  4.592425e-016 -2.500000e+000  4.000000e+000
      vertex -6.952193e+000 -2.879693e+000  4.000000e+000
    endloop
  endfacet
  facet normal  0.000000e+000  0.000000e+000  9.999999e-001
    outer loop
      vertex -5.337864e-001 -7.506044e+000  4.000000e+000
      vertex -6.952193e+000 -2.879693e+000  4.000000e+000
      vertex -6.767318e+000 -3.290750e+000  4.000000e+000
    endloop
  endfacet
  facet normal  0.000000e+000  0.000000e+000  9.999999e-001
    outer loop
      vertex -5.337864e-001 -7.506044e+000  4.000000e+000
      vertex -6.767318e+000 -3.290750e+000  4.000000e+000
      vertex -7.313596e+000 -3.556388e+000  4.000000e+000
    endloop
  endfacet
  facet normal  0.000000e+000  0.000000e+000  1.000000e+000
    outer loop
      vertex -5.337864e-001 -7.506044e+000  4.000000e+000
      vertex -7.313596e+000 -3.556388e+000  4.000000e+000
      vertex -6.233531e+000 -4.215294e+000  4.000000e+000
    endloop
  endfacet
  facet normal  0.000000e+000  0.000000e+000  1.000000e+000
    outer loop
      vertex -5.337864e-001 -7.506044e+000  4.000000e+000
      vertex -6.233531e+000 -4.215294e+000  4.000000e+000
      vertex -5.969984e+000 -4.580930e+000  4.000000e+000
    endloop
  endfacet
  facet normal  0.000000e+000  0.000000e+000  1.000000e+000
    outer loop
      vertex -5.337864e-001 -7.506044e+000  4.000000e+000
      vertex -5.969984e+000 -4.580930e+000  4.000000e+000
      vertex -5.685019e+000 -4.930130e+000  4.000000e+000
    endloop
  endfacet
  facet normal  0.000000e+000  0.000000e+000  1.000000e+000
    outer loop
      vertex -5.337864e-001 -7.506044e+000  4.000000e+000
      vertex -5.685019e+000 -4.930130e+000  4.000000e+000
      vertex -4.930130e+000 -5.685019e+000  4.000000e+000
    endloop
  endfacet
  facet normal  0.000000e+000  0.000000e+000  1.000000e+000
    outer loop
      vertex -5.337864e-001 -7.506044e+000  4.000000e+000
      vertex -4.930130e+000 -5.685019e+000  4.000000e+000
      vertex -4.580930e+000 -5.969984e+000  4.000000e+000
    endloop
  endfacet
  facet normal  0.000000e+000  0.000000e+000  1.000000e+000
    outer loop
      vertex -5.337864e-001 -7.506044e+000  4.000000e+000
      vertex -4.580930e+000 -5.969984e+000  4.000000e+000
      vertex -4.215294e+000 -6.233531e+000  4.000000e+000
    endloop
  endfacet
  facet normal  0.000000e+000  0.000000e+000  1.000000e+000
    outer loop
      vertex -5.337864e-001 -7.506044e+000  4.000000e+000
      vertex -4.215294e+000 -6.233531e+000  4.000000e+000
      vertex -3.290750e+000 -6.767318e+000  4.000000e+000
    endloop
  endfacet
  facet normal  0.000000e+000  0.000000e+000  1.000000e+000
    outer loop
      vertex -5.337864e-001 -7.506044e+000  4.000000e+000
      vertex -3.290750e+000 -6.767318e+000  4.000000e+000
      vertex -2.879693e+000 -6.952193e+000  4.000000e+000
    endloop
  endfacet
  facet normal  0.000000e+000  0.000000e+000  1.000000e+000
    outer loop
      vertex -5.337864e-001 -7.506044e+000  4.000000e+000
      vertex -2.879693e+000 -6.952193e+000  4.000000e+000
      vertex -2.458305e+000 -7.112128e+000  4.000000e+000
    endloop
  endfacet
  facet normal  0.000000e+000  0.000000e+000  1.000000e+000
    outer loop
      vertex -5.337864e-001 -7.506044e+000  4.000000e+000
      vertex -2.458305e+000 -7.112128e+000  4.000000e+000
      vertex -1.427109e+000 -7.388436e+000  4.000000e+000
    endloop
  endfacet
  facet normal  0.000000e+000  0.000000e+000  1.000000e+000
    outer loop
      vertex -5.337864e-001 -7.506044e+000  4.000000e+000
      vertex -1.427109e+000 -7.388436e+000  4.000000e+000
      vertex -9.822096e-001 -7.460623e+000  4.000000e+000
    endloop
  endfacet
  facet normal  0.000000e+000  0.000000e+000  1.000000e+000
    outer loop
      vertex -6.233531e+000 -4.215294e+000  4.000000e+000
      vertex -7.313596e+000 -3.556388e+000  4.000000e+000
      vertex -7.458248e+000 -3.653379e+000  4.000000e+000
    endloop
  endfacet
  facet normal  0.000000e+000  0.000000e+000  1.000000e+000
    outer loop
      vertex -6.233531e+000 -4.215294e+000  4.000000e+000
      vertex -7.458248e+000 -3.653379e+000  4.000000e+000
      vertex -7.709290e+000 -3.882764e+000  4.000000e+000
    endloop
  endfacet
  facet normal  0.000000e+000  0.000000e+000  1.000000e+000
    outer loop
      vertex -6.233531e+000 -4.215294e+000  4.000000e+000
      vertex -7.709290e+000 -3.882764e+000  4.000000e+000
      vertex -7.985592e+000 -4.213650e+000  4.000000e+000
    endloop
  endfacet
  facet normal  0.000000e+000  0.000000e+000  1.000000e+000
    outer loop
      vertex -6.233531e+000 -4.215294e+000  4.000000e+000
      vertex -7.985592e+000 -4.213650e+000  4.000000e+000
      vertex -8.031891e+000 -4.277702e+000  4.000000e+000
    endloop
  endfacet
  facet normal  -0.000000e+000  0.000000e+000  1.000000e+000
    outer loop
      vertex -6.233531e+000 -4.215294e+000  4.000000e+000
      vertex -8.031891e+000 -4.277702e+000  4.000000e+000
      vertex -6.737076e+000 -4.555802e+000  4.000000e+000
    endloop
  endfacet
  facet normal  -0.000000e+000  -0.000000e+000  1.000000e+000
    outer loop
      vertex -4.749168e+000  7.278232e+000  4.000000e+000
      vertex -4.648947e+000  6.935087e+000  4.000000e+000
      vertex -3.290750e+000  6.767318e+000  4.000000e+000
    endloop
  endfacet
  facet normal  0.000000e+000  0.000000e+000  1.000000e+000
    outer loop
      vertex -4.749168e+000  7.278232e+000  4.000000e+000
      vertex -3.290750e+000  6.767318e+000  4.000000e+000
      vertex -3.556388e+000  7.313596e+000  4.000000e+000
    endloop
  endfacet
  facet normal  0.000000e+000  0.000000e+000  1.000000e+000
    outer loop
      vertex -4.749168e+000  7.278232e+000  4.000000e+000
      vertex -3.556388e+000  7.313596e+000  4.000000e+000
      vertex -3.653379e+000  7.458248e+000  4.000000e+000
    endloop
  endfacet
  facet normal  0.000000e+000  0.000000e+000  1.000000e+000
    outer loop
      vertex -4.749168e+000  7.278232e+000  4.000000e+000
      vertex -3.653379e+000  7.458248e+000  4.000000e+000
      vertex -3.882764e+000  7.709290e+000  4.000000e+000
    endloop
  endfacet
  facet normal  0.000000e+000  0.000000e+000  1.000000e+000
    outer loop
      vertex -4.749168e+000  7.278232e+000  4.000000e+000
      vertex -3.882764e+000  7.709290e+000  4.000000e+000
      vertex -4.816970e+000  7.720544e+000  4.000000e+000
    endloop
  endfacet
  facet normal  0.000000e+000  -0.000000e+000  1.000000e+000
    outer loop
      vertex -6.651060e+000  6.210749e+000  4.000000e+000
      vertex -6.471089e+000  5.801057e+000  4.000000e+000
      vertex -5.328105e+000  6.143930e+000  4.000000e+000
    endloop
  endfacet
  facet normal  0.000000e+000  0.000000e+000  1.000000e+000
    outer loop
      vertex -6.651060e+000  6.210749e+000  4.000000e+000
      vertex -5.328105e+000  6.143930e+000  4.000000e+000
      vertex -5.459229e+000  6.258550e+000  4.000000e+000
    endloop
  endfacet
  facet normal  0.000000e+000  0.000000e+000  1.000000e+000
    outer loop
      vertex -6.651060e+000  6.210749e+000  4.000000e+000
      vertex -5.459229e+000  6.258550e+000  4.000000e+000
      vertex -5.745773e+000  6.441669e+000  4.000000e+000
    endloop
  endfacet
  facet normal  0.000000e+000  0.000000e+000  1.000000e+000
    outer loop
      vertex -6.651060e+000  6.210749e+000  4.000000e+000
      vertex -5.745773e+000  6.441669e+000  4.000000e+000
      vertex -6.136897e+000  6.622917e+000  4.000000e+000
    endloop
  endfacet
  facet normal  0.000000e+000  0.000000e+000  1.000000e+000
    outer loop
      vertex -6.651060e+000  6.210749e+000  4.000000e+000
      vertex -6.136897e+000  6.622917e+000  4.000000e+000
      vertex -6.210749e+000  6.651060e+000  4.000000e+000
    endloop
  endfacet
  facet normal  0.000000e+000  -0.000000e+000  1.000000e+000
    outer loop
      vertex -8.031891e+000  4.277702e+000  4.000000e+000
      vertex -7.752017e+000  3.928550e+000  4.000000e+000
      vertex -6.233531e+000  4.215294e+000  4.000000e+000
    endloop
  endfacet
  facet normal  0.000000e+000  0.000000e+000  1.000000e+000
    outer loop
      vertex -8.031891e+000  4.277702e+000  4.000000e+000
      vertex -6.233531e+000  4.215294e+000  4.000000e+000
      vertex -6.736721e+000  4.555565e+000  4.000000e+000
    endloop
  endfacet
  facet normal  0.000000e+000  0.000000e+000  1.000000e+000
    outer loop
      vertex -8.031891e+000  4.277702e+000  4.000000e+000
      vertex -6.736721e+000  4.555565e+000  4.000000e+000
      vertex -6.893043e+000  4.632342e+000  4.000000e+000
    endloop
  endfacet
  facet normal  0.000000e+000  0.000000e+000  9.999999e-001
    outer loop
      vertex -8.031891e+000  4.277702e+000  4.000000e+000
      vertex -6.893043e+000  4.632342e+000  4.000000e+000
      vertex -7.217217e+000  4.735058e+000  4.000000e+000
    endloop
  endfacet
  facet normal  0.000000e+000  0.000000e+000  1.000000e+000
    outer loop
      vertex -8.031891e+000  4.277702e+000  4.000000e+000
      vertex -7.217217e+000  4.735058e+000  4.000000e+000
      vertex -7.641924e+000  4.808901e+000  4.000000e+000
    endloop
  endfacet
  facet normal  0.000000e+000  0.000000e+000  1.000000e+000
    outer loop
      vertex -8.031891e+000  4.277702e+000  4.000000e+000
      vertex -7.641924e+000  4.808901e+000  4.000000e+000
      vertex -7.720544e+000  4.816970e+000  4.000000e+000
    endloop
  endfacet
  facet normal  0.000000e+000  0.000000e+000  1.000000e+000
    outer loop
      vertex  8.031891e+000  4.277702e+000  4.000000e+000
      vertex  7.720544e+000  4.816970e+000  4.000000e+000
      vertex  7.278232e+000  4.749168e+000  4.000000e+000
    endloop
  endfacet
  facet normal  0.000000e+000  0.000000e+000  1.000000e+000
    outer loop
      vertex  8.031891e+000  4.277702e+000  4.000000e+000
      vertex  7.278232e+000  4.749168e+000  4.000000e+000
      vertex  6.935087e+000  4.648947e+000  4.000000e+000
    endloop
  endfacet
  facet normal  0.000000e+000  0.000000e+000  1.000000e+000
    outer loop
      vertex  8.031891e+000  4.277702e+000  4.000000e+000
      vertex  6.935087e+000  4.648947e+000  4.000000e+000
      vertex  6.742687e+000  4.559362e+000  4.000000e+000
    endloop
  endfacet
  facet normal  0.000000e+000  0.000000e+000  1.000000e+000
    outer loop
      vertex  8.031891e+000  4.277702e+000  4.000000e+000
      vertex  6.742687e+000  4.559362e+000  4.000000e+000
      vertex  6.737076e+000  4.555802e+000  4.000000e+000
    endloop
  endfacet
  facet normal  0.000000e+000  0.000000e+000  1.000000e+000
    outer loop
      vertex  8.031891e+000  4.277702e+000  4.000000e+000
      vertex  6.737076e+000  4.555802e+000  4.000000e+000
      vertex  6.233531e+000  4.215294e+000  4.000000e+000
    endloop
  endfacet
  facet normal  -0.000000e+000  0.000000e+000  1.000000e+000
    outer loop
      vertex  8.031891e+000  4.277702e+000  4.000000e+000
      vertex  6.233531e+000  4.215294e+000  4.000000e+000
      vertex  7.985592e+000  4.213650e+000  4.000000e+000
    endloop
  endfacet
  facet normal  -0.000000e+000  -0.000000e+000  1.000000e+000
    outer loop
      vertex -1.530808e-016  2.500000e+000  4.000000e+000
      vertex  4.341204e-001  2.462019e+000  4.000000e+000
      vertex  7.112128e+000  2.458305e+000  4.000000e+000
    endloop
  endfacet
  facet normal  0.000000e+000  0.000000e+000  1.000000e+000
    outer loop
      vertex -1.530808e-016  2.500000e+000  4.000000e+000
      vertex  7.112128e+000  2.458305e+000  4.000000e+000
      vertex  6.952193e+000  2.879693e+000  4.000000e+000
    endloop
  endfacet
  facet normal  0.000000e+000  0.000000e+000  1.000000e+000
    outer loop
      vertex -1.530808e-016  2.500000e+000  4.000000e+000
      vertex  6.952193e+000  2.879693e+000  4.000000e+000
      vertex  6.767318e+000  3.290750e+000  4.000000e+000
    endloop
  endfacet
  facet normal  0.000000e+000  -0.000000e+000  1.000000e+000
    outer loop
      vertex -1.530808e-016  2.500000e+000  4.000000e+000
      vertex  6.767318e+000  3.290750e+000  4.000000e+000
      vertex  7.313596e+000  3.556388e+000  4.000000e+000
    endloop
  endfacet
  facet normal  0.000000e+000  -0.000000e+000  1.000000e+000
    outer loop
      vertex -1.530808e-016  2.500000e+000  4.000000e+000
      vertex  7.313596e+000  3.556388e+000  4.000000e+000
      vertex  7.458248e+000  3.653379e+000  4.000000e+000
    endloop
  endfacet
  facet normal  0.000000e+000  -0.000000e+000  1.000000e+000
    outer loop
      vertex -1.530808e-016  2.500000e+000  4.000000e+000
      vertex  7.458248e+000  3.653379e+000  4.000000e+000
      vertex  7.709290e+000  3.882764e+000  4.000000e+000
    endloop
  endfacet
  facet normal  0.000000e+000  -0.000000e+000  1.000000e+000
    outer loop
      vertex -1.530808e-016  2.500000e+000  4.000000e+000
      vertex  7.709290e+000  3.882764e+000  4.000000e+000
      vertex  7.985592e+000  4.213650e+000  4.000000e+000
    endloop
  endfacet
  facet normal  0.000000e+000  0.000000e+000  9.999999e-001
    outer loop
      vertex -1.530808e-016  2.500000e+000  4.000000e+000
      vertex  7.985592e+000  4.213650e+000  4.000000e+000
      vertex  6.233531e+000  4.215294e+000  4.000000e+000
    endloop
  endfacet
  facet normal  0.000000e+000  0.000000e+000  1.000000e+000
    outer loop
      vertex -1.530808e-016  2.500000e+000  4.000000e+000
      vertex  6.233531e+000  4.215294e+000  4.000000e+000
      vertex  5.969984e+000  4.580930e+000  4.000000e+000
    endloop
  endfacet
  facet normal  0.000000e+000  0.000000e+000  1.000000e+000
    outer loop
      vertex -1.530808e-016  2.500000e+000  4.000000e+000
      vertex  5.969984e+000  4.580930e+000  4.000000e+000
      vertex  5.685019e+000  4.930130e+000  4.000000e+000
    endloop
  endfacet
  facet normal  0.000000e+000  -0.000000e+000  1.000000e+000
    outer loop
      vertex -1.530808e-016  2.500000e+000  4.000000e+000
      vertex  5.685019e+000  4.930130e+000  4.000000e+000
      vertex  6.143930e+000  5.328105e+000  4.000000e+000
    endloop
  endfacet
  facet normal  0.000000e+000  -0.000000e+000  1.000000e+000
    outer loop
      vertex -1.530808e-016  2.500000e+000  4.000000e+000
      vertex  6.143930e+000  5.328105e+000  4.000000e+000
      vertex  6.258550e+000  5.459229e+000  4.000000e+000
    endloop
  endfacet
  facet normal  0.000000e+000  0.000000e+000  1.000000e+000
    outer loop
      vertex -1.530808e-016  2.500000e+000  4.000000e+000
      vertex  6.258550e+000  5.459229e+000  4.000000e+000
      vertex  4.930130e+000  5.685019e+000  4.000000e+000
    endloop
  endfacet
  facet normal  0.000000e+000  0.000000e+000  1.000000e+000
    outer loop
      vertex -1.530808e-016  2.500000e+000  4.000000e+000
      vertex  4.930130e+000  5.685019e+000  4.000000e+000
      vertex  4.580930e+000  5.969984e+000  4.000000e+000
    endloop
  endfacet
  facet normal  0.000000e+000  0.000000e+000  1.000000e+000
    outer loop
      vertex -1.530808e-016  2.500000e+000  4.000000e+000
      vertex  4.580930e+000  5.969984e+000  4.000000e+000
      vertex  4.215294e+000  6.233531e+000  4.000000e+000
    endloop
  endfacet
  facet normal  0.000000e+000  -0.000000e+000  1.000000e+000
    outer loop
      vertex -1.530808e-016  2.500000e+000  4.000000e+000
      vertex  4.215294e+000  6.233531e+000  4.000000e+000
      vertex  4.555565e+000  6.736721e+000  4.000000e+000
    endloop
  endfacet
  facet normal  0.000000e+000  0.000000e+000  1.000000e+000
    outer loop
      vertex -1.530808e-016  2.500000e+000  4.000000e+000
      vertex  4.555565e+000  6.736721e+000  4.000000e+000
      vertex  3.290750e+000  6.767318e+000  4.000000e+000
    endloop
  endfacet
  facet normal  0.000000e+000  0.000000e+000  1.000000e+000
    outer loop
      vertex -1.530808e-016  2.500000e+000  4.000000e+000
      vertex  3.290750e+000  6.767318e+000  4.000000e+000
      vertex  2.879693e+000  6.952193e+000  4.000000e+000
    endloop
  endfacet
  facet normal  0.000000e+000  0.000000e+000  1.000000e+000
    outer loop
      vertex -1.530808e-016  2.500000e+000  4.000000e+000
      vertex  2.879693e+000  6.952193e+000  4.000000e+000
      vertex  2.458305e+000  7.112128e+000  4.000000e+000
    endloop
  endfacet
  facet normal  0.000000e+000  0.000000e+000  1.000000e+000
    outer loop
      vertex -1.530808e-016  2.500000e+000  4.000000e+000
      vertex  2.458305e+000  7.112128e+000  4.000000e+000
      vertex  1.427109e+000  7.388436e+000  4.000000e+000
    endloop
  endfacet
  facet normal  0.000000e+000  0.000000e+000  1.000000e+000
    outer loop
      vertex -1.530808e-016  2.500000e+000  4.000000e+000
      vertex  1.427109e+000  7.388436e+000  4.000000e+000
      vertex  9.822096e-001  7.460623e+000  4.000000e+000
    endloop
  endfacet
  facet normal  0.000000e+000  0.000000e+000  1.000000e+000
    outer loop
      vertex -1.530808e-016  2.500000e+000  4.000000e+000
      vertex  9.822096e-001  7.460623e+000  4.000000e+000
      vertex  5.337864e-001  7.506044e+000  4.000000e+000
    endloop
  endfacet
  facet normal  0.000000e+000  -0.000000e+000  9.999999e-001
    outer loop
      vertex -1.530808e-016  2.500000e+000  4.000000e+000
      vertex  5.337864e-001  7.506044e+000  4.000000e+000
      vertex  5.768752e-001  8.111954e+000  4.000000e+000
    endloop
  endfacet
  facet normal  0.000000e+000  0.000000e+000  1.000000e+000
    outer loop
      vertex -1.530808e-016  2.500000e+000  4.000000e+000
      vertex  5.768752e-001  8.111954e+000  4.000000e+000
      vertex  5.652050e-001  8.285721e+000  4.000000e+000
    endloop
  endfacet
  facet normal  0.000000e+000  0.000000e+000  1.000000e+000
    outer loop
      vertex -1.530808e-016  2.500000e+000  4.000000e+000
      vertex  5.652050e-001  8.285721e+000  4.000000e+000
      vertex  4.920723e-001  8.617823e+000  4.000000e+000
    endloop
  endfacet
  facet normal  0.000000e+000  0.000000e+000  1.000000e+000
    outer loop
      vertex -1.530808e-016  2.500000e+000  4.000000e+000
      vertex  4.920723e-001  8.617823e+000  4.000000e+000
      vertex  3.436687e-001  9.022551e+000  4.000000e+000
    endloop
  endfacet
  facet normal  0.000000e+000  0.000000e+000  9.999999e-001
    outer loop
      vertex -1.530808e-016  2.500000e+000  4.000000e+000
      vertex  3.436687e-001  9.022551e+000  4.000000e+000
      vertex  3.113467e-001  9.094672e+000  4.000000e+000
    endloop
  endfacet
  facet normal  0.000000e+000  -0.000000e+000  9.999999e-001
    outer loop
      vertex  2.165064e+000  1.250000e+000  4.000000e+000
      vertex  2.349231e+000  8.550504e-001  4.000000e+000
      vertex  7.460623e+000  9.822096e-001  4.000000e+000
    endloop
  endfacet
  facet normal  0.000000e+000  0.000000e+000  1.000000e+000
    outer loop
      vertex  2.165064e+000  1.250000e+000  4.000000e+000
      vertex  7.460623e+000  9.822096e-001  4.000000e+000
      vertex  7.388436e+000  1.427109e+000  4.000000e+000
    endloop
  endfacet
  facet normal  0.000000e+000  -0.000000e+000  9.999999e-001
    outer loop
      vertex  2.165064e+000  1.250000e+000  4.000000e+000
      vertex  7.388436e+000  1.427109e+000  4.000000e+000
      vertex  7.984852e+000  1.542310e+000  4.000000e+000
    endloop
  endfacet
  facet normal  0.000000e+000  -0.000000e+000  1.000000e+000
    outer loop
      vertex  2.165064e+000  1.250000e+000  4.000000e+000
      vertex  7.984852e+000  1.542310e+000  4.000000e+000
      vertex  8.149678e+000  1.598556e+000  4.000000e+000
    endloop
  endfacet
  facet normal  0.000000e+000  0.000000e+000  1.000000e+000
    outer loop
      vertex  2.165064e+000  1.250000e+000  4.000000e+000
      vertex  8.149678e+000  1.598556e+000  4.000000e+000
      vertex  1.915111e+000  1.606969e+000  4.000000e+000
    endloop
  endfacet
  facet normal  0.000000e+000  0.000000e+000  1.000000e+000
    outer loop
      vertex  1.915111e+000 -1.606969e+000  4.000000e+000
      vertex  1.606969e+000 -1.915111e+000  4.000000e+000
      vertex  8.504574e+000 -1.788294e+000  4.000000e+000
    endloop
  endfacet
  facet normal  0.000000e+000  0.000000e+000  1.000000e+000
    outer loop
      vertex  1.915111e+000 -1.606969e+000  4.000000e+000
      vertex  8.504574e+000 -1.788294e+000  4.000000e+000
      vertex  8.190458e+000 -1.616310e+000  4.000000e+000
    endloop
  endfacet
  facet normal  0.000000e+000  0.000000e+000  1.000000e+000
    outer loop
      vertex  1.915111e+000 -1.606969e+000  4.000000e+000
      vertex  8.190458e+000 -1.616310e+000  4.000000e+000
      vertex  7.991736e+000 -1.543839e+000  4.000000e+000
    endloop
  endfacet
  facet normal  0.000000e+000  0.000000e+000  1.000000e+000
    outer loop
      vertex  1.915111e+000 -1.606969e+000  4.000000e+000
      vertex  7.991736e+000 -1.543839e+000  4.000000e+000
      vertex  7.985062e+000 -1.542350e+000  4.000000e+000
    endloop
  endfacet
  facet normal  0.000000e+000  0.000000e+000  1.000000e+000
    outer loop
      vertex  1.915111e+000 -1.606969e+000  4.000000e+000
      vertex  7.985062e+000 -1.542350e+000  4.000000e+000
      vertex  7.388436e+000 -1.427109e+000  4.000000e+000
    endloop
  endfacet
  facet normal  0.000000e+000  0.000000e+000  9.999999e-001
    outer loop
      vertex  1.915111e+000 -1.606969e+000  4.000000e+000
      vertex  7.388436e+000 -1.427109e+000  4.000000e+000
      vertex  2.165064e+000 -1.250000e+000  4.000000e+000
    endloop
  endfacet
  facet normal  0.000000e+000  -0.000000e+000  1.000000e+000
    outer loop
      vertex  5.337864e-001 -7.506044e+000  4.000000e+000
      vertex  9.822096e-001 -7.460623e+000  4.000000e+000
      vertex  1.427109e+000 -7.388436e+000  4.000000e+000
    endloop
  endfacet
  facet normal  0.000000e+000  -0.000000e+000  1.000000e+000
    outer loop
      vertex  5.337864e-001 -7.506044e+000  4.000000e+000
      vertex  1.427109e+000 -7.388436e+000  4.000000e+000
      vertex  2.458305e+000 -7.112128e+000  4.000000e+000
    endloop
  endfacet
  facet normal  0.000000e+000  -0.000000e+000  1.000000e+000
    outer loop
      vertex  5.337864e-001 -7.506044e+000  4.000000e+000
      vertex  2.458305e+000 -7.112128e+000  4.000000e+000
      vertex  2.879693e+000 -6.952193e+000  4.000000e+000
    endloop
  endfacet
  facet normal  0.000000e+000  -0.000000e+000  1.000000e+000
    outer loop
      vertex  5.337864e-001 -7.506044e+000  4.000000e+000
      vertex  2.879693e+000 -6.952193e+000  4.000000e+000
      vertex  3.290750e+000 -6.767318e+000  4.000000e+000
    endloop
  endfacet
  facet normal  0.000000e+000  -0.000000e+000  1.000000e+000
    outer loop
      vertex  5.337864e-001 -7.506044e+000  4.000000e+000
      vertex  3.290750e+000 -6.767318e+000  4.000000e+000
      vertex  4.215294e+000 -6.233531e+000  4.000000e+000
    endloop
  endfacet
  facet normal  0.000000e+000  -0.000000e+000  1.000000e+000
    outer loop
      vertex  5.337864e-001 -7.506044e+000  4.000000e+000
      vertex  4.215294e+000 -6.233531e+000  4.000000e+000
      vertex  4.580930e+000 -5.969984e+000  4.000000e+000
    endloop
  endfacet
  facet normal  0.000000e+000  -0.000000e+000  1.000000e+000
    outer loop
      vertex  5.337864e-001 -7.506044e+000  4.000000e+000
      vertex  4.580930e+000 -5.969984e+000  4.000000e+000
      vertex  4.930130e+000 -5.685019e+000  4.000000e+000
    endloop
  endfacet
  facet normal  0.000000e+000  -0.000000e+000  1.000000e+000
    outer loop
      vertex  5.337864e-001 -7.506044e+000  4.000000e+000
      vertex  4.930130e+000 -5.685019e+000  4.000000e+000
      vertex  5.685019e+000 -4.930130e+000  4.000000e+000
    endloop
  endfacet
  facet normal  0.000000e+000  -0.000000e+000  1.000000e+000
    outer loop
      vertex  5.337864e-001 -7.506044e+000  4.000000e+000
      vertex  5.685019e+000 -4.930130e+000  4.000000e+000
      vertex  5.969984e+000 -4.580930e+000  4.000000e+000
    endloop
  endfacet
  facet normal  0.000000e+000  -0.000000e+000  1.000000e+000
    outer loop
      vertex  5.337864e-001 -7.506044e+000  4.000000e+000
      vertex  5.969984e+000 -4.580930e+000  4.000000e+000
      vertex  6.233531e+000 -4.215294e+000  4.000000e+000
    endloop
  endfacet
  facet normal  0.000000e+000  -0.000000e+000  1.000000e+000
    outer loop
      vertex  5.337864e-001 -7.506044e+000  4.000000e+000
      vertex  6.233531e+000 -4.215294e+000  4.000000e+000
      vertex  7.319867e+000 -3.559657e+000  4.000000e+000
    endloop
  endfacet
  facet normal  0.000000e+000  0.000000e+000  1.000000e+000
    outer loop
      vertex  5.337864e-001 -7.506044e+000  4.000000e+000
      vertex  7.319867e+000 -3.559657e+000  4.000000e+000
      vertex  7.313979e+000 -3.556578e+000  4.000000e+000
    endloop
  endfacet
  facet normal  0.000000e+000  0.000000e+000  9.999999e-001
    outer loop
      vertex  5.337864e-001 -7.506044e+000  4.000000e+000
      vertex  7.313979e+000 -3.556578e+000  4.000000e+000
      vertex  6.767318e+000 -3.290750e+000  4.000000e+000
    endloop
  endfacet
  facet normal  0.000000e+000  -0.000000e+000  1.000000e+000
    outer loop
      vertex  5.337864e-001 -7.506044e+000  4.000000e+000
      vertex  6.767318e+000 -3.290750e+000  4.000000e+000
      vertex  6.952193e+000 -2.879693e+000  4.000000e+000
    endloop
  endfacet
  facet normal  0.000000e+000  0.000000e+000  1.000000e+000
    outer loop
      vertex  5.337864e-001 -7.506044e+000  4.000000e+000
      vertex  6.952193e+000 -2.879693e+000  4.000000e+000
      vertex  4.592425e-016 -2.500000e+000  4.000000e+000
    endloop
  endfacet
  facet normal  0.000000e+000  0.000000e+000  1.000000e+000
    outer loop
      vertex  4.930130e+000 -5.685019e+000  4.000000e+000
      vertex  6.471089e+000 -5.801057e+000  4.000000e+000
      vertex  6.285470e+000 -5.495543e+000  4.000000e+000
    endloop
  endfacet
  facet normal  0.000000e+000  0.000000e+000  1.000000e+000
    outer loop
      vertex  4.930130e+000 -5.685019e+000  4.000000e+000
      vertex  6.285470e+000 -5.495543e+000  4.000000e+000
      vertex  6.149142e+000 -5.332886e+000  4.000000e+000
    endloop
  endfacet
  facet normal  0.000000e+000  0.000000e+000  1.000000e+000
    outer loop
      vertex  4.930130e+000 -5.685019e+000  4.000000e+000
      vertex  6.149142e+000 -5.332886e+000  4.000000e+000
      vertex  6.144251e+000 -5.328387e+000  4.000000e+000
    endloop
  endfacet
  facet normal  0.000000e+000  0.000000e+000  1.000000e+000
    outer loop
      vertex  4.930130e+000 -5.685019e+000  4.000000e+000
      vertex  6.144251e+000 -5.328387e+000  4.000000e+000
      vertex  5.685019e+000 -4.930130e+000  4.000000e+000
    endloop
  endfacet
  facet normal  0.000000e+000  0.000000e+000  1.000000e+000
    outer loop
      vertex -6.285470e+000  5.495543e+000  4.000000e+000
      vertex -4.930130e+000  5.685019e+000  4.000000e+000
      vertex -6.471089e+000  5.801057e+000  4.000000e+000
    endloop
  endfacet
  facet normal  -0.000000e+000  0.000000e+000  1.000000e+000
    outer loop
      vertex -6.471089e+000  5.801057e+000  4.000000e+000
      vertex -4.930130e+000  5.685019e+000  4.000000e+000
      vertex -5.328105e+000  6.143930e+000  4.000000e+000
    endloop
  endfacet
  facet normal  -0.000000e+000  0.000000e+000  9.999999e-001
    outer loop
      vertex -2.500000e+000 -6.123234e-016  4.000000e+000
      vertex -9.094672e+000 -3.113467e-001  4.000000e+000
      vertex -2.462019e+000 -4.341204e-001  4.000000e+000
    endloop
  endfacet
  facet normal  0.000000e+000  0.000000e+000  1.000000e+000
    outer loop
      vertex -2.462019e+000 -4.341204e-001  4.000000e+000
      vertex -9.094672e+000 -3.113467e-001  4.000000e+000
      vertex -8.677718e+000 -4.737845e-001  4.000000e+000
    endloop
  endfacet
  facet normal  -0.000000e+000  0.000000e+000  1.000000e+000
    outer loop
      vertex -2.462019e+000 -4.341204e-001  4.000000e+000
      vertex -8.677718e+000 -4.737845e-001  4.000000e+000
      vertex -7.506044e+000 -5.337864e-001  4.000000e+000
    endloop
  endfacet
  facet normal  0.000000e+000  0.000000e+000  1.000000e+000
    outer loop
      vertex -5.652050e-001 -8.285721e+000  4.000000e+000
      vertex -4.920723e-001 -8.617823e+000  4.000000e+000
      vertex -5.337864e-001 -7.506044e+000  4.000000e+000
    endloop
  endfacet
  facet normal  0.000000e+000  0.000000e+000  1.000000e+000
    outer loop
      vertex -5.337864e-001 -7.506044e+000  4.000000e+000
      vertex -4.920723e-001 -8.617823e+000  4.000000e+000
      vertex -3.436687e-001 -9.022551e+000  4.000000e+000
    endloop
  endfacet
  facet normal  -0.000000e+000  -0.000000e+000  1.000000e+000
    outer loop
      vertex -5.337864e-001 -7.506044e+000  4.000000e+000
      vertex -3.436687e-001 -9.022551e+000  4.000000e+000
      vertex -3.113467e-001 -9.094672e+000  4.000000e+000
    endloop
  endfacet
  facet normal  0.000000e+000  -0.000000e+000  1.000000e+000
    outer loop
      vertex -5.337864e-001 -7.506044e+000  4.000000e+000
      vertex -3.113467e-001 -9.094672e+000  4.000000e+000
      vertex  4.592425e-016 -2.500000e+000  4.000000e+000
    endloop
  endfacet
  facet normal  0.000000e+000  0.000000e+000  1.000000e+000
    outer loop
      vertex  4.592425e-016 -2.500000e+000  4.000000e+000
      vertex -3.113467e-001 -9.094672e+000  4.000000e+000
      vertex  3.113467e-001 -9.094672e+000  4.000000e+000
    endloop
  endfacet
  facet normal  0.000000e+000  -0.000000e+000  1.000000e+000
    outer loop
      vertex  4.592425e-016 -2.500000e+000  4.000000e+000
      vertex  3.113467e-001 -9.094672e+000  4.000000e+000
      vertex  5.337864e-001 -7.506044e+000  4.000000e+000
    endloop
  endfacet
  facet normal  0.000000e+000  0.000000e+000  1.000000e+000
    outer loop
      vertex  5.337864e-001 -7.506044e+000  4.000000e+000
      vertex  3.113467e-001 -9.094672e+000  4.000000e+000
      vertex  4.737845e-001 -8.677718e+000  4.000000e+000
    endloop
  endfacet
  facet normal  0.000000e+000  0.000000e+000  1.000000e+000
    outer loop
      vertex  5.337864e-001 -7.506044e+000  4.000000e+000
      vertex  4.737845e-001 -8.677718e+000  4.000000e+000
      vertex  5.769026e-001 -8.112380e+000  4.000000e+000
    endloop
  endfacet
  facet normal  0.000000e+000  0.000000e+000  1.000000e+000
    outer loop
      vertex  5.769026e-001 -8.112380e+000  4.000000e+000
      vertex  4.737845e-001 -8.677718e+000  4.000000e+000
      vertex  5.585626e-001 -8.330435e+000  4.000000e+000
    endloop
  endfacet
  facet normal  0.000000e+000  0.000000e+000  1.000000e+000
    outer loop
      vertex  5.769026e-001 -8.112380e+000  4.000000e+000
      vertex  5.585626e-001 -8.330435e+000  4.000000e+000
      vertex  5.771800e-001 -8.119020e+000  4.000000e+000
    endloop
  endfacet
  facet normal  0.000000e+000  0.000000e+000  1.000000e+000
    outer loop
      vertex -2.654612e+000 -8.704196e+000  4.000000e+000
      vertex -2.053137e+000 -8.865361e+000  4.000000e+000
      vertex -2.667166e+000 -8.626167e+000  4.000000e+000
    endloop
  endfacet
  facet normal  -0.000000e+000  0.000000e+000  1.000000e+000
    outer loop
      vertex -2.667166e+000 -8.626167e+000  4.000000e+000
      vertex -2.053137e+000 -8.865361e+000  4.000000e+000
      vertex -1.788318e+000 -8.504656e+000  4.000000e+000
    endloop
  endfacet
  facet normal  0.000000e+000  0.000000e+000  1.000000e+000
    outer loop
      vertex -2.667166e+000 -8.626167e+000  4.000000e+000
      vertex -1.788318e+000 -8.504656e+000  4.000000e+000
      vertex -2.705762e+000 -8.196820e+000  4.000000e+000
    endloop
  endfacet
  facet normal  -0.000000e+000  0.000000e+000  1.000000e+000
    outer loop
      vertex -2.705762e+000 -8.196820e+000  4.000000e+000
      vertex -1.788318e+000 -8.504656e+000  4.000000e+000
      vertex -1.616545e+000 -8.191149e+000  4.000000e+000
    endloop
  endfacet
  facet normal  0.000000e+000  0.000000e+000  1.000000e+000
    outer loop
      vertex -2.705762e+000 -8.196820e+000  4.000000e+000
      vertex -1.616545e+000 -8.191149e+000  4.000000e+000
      vertex -2.690449e+000 -7.857106e+000  4.000000e+000
    endloop
  endfacet
  facet normal  0.000000e+000  0.000000e+000  1.000000e+000
    outer loop
      vertex -2.690449e+000 -7.857106e+000  4.000000e+000
      vertex -1.616545e+000 -8.191149e+000  4.000000e+000
      vertex -1.543844e+000 -7.991756e+000  4.000000e+000
    endloop
  endfacet
  facet normal  0.000000e+000  0.000000e+000  1.000000e+000
    outer loop
      vertex -3.559657e+000 -7.319867e+000  4.000000e+000
      vertex -4.735058e+000 -7.217217e+000  4.000000e+000
      vertex -3.681488e+000 -7.493649e+000  4.000000e+000
    endloop
  endfacet
  facet normal  0.000000e+000  0.000000e+000  9.999999e-001
    outer loop
      vertex -3.681488e+000 -7.493649e+000  4.000000e+000
      vertex -4.735058e+000 -7.217217e+000  4.000000e+000
      vertex -4.808901e+000 -7.641924e+000  4.000000e+000
    endloop
  endfacet
  facet normal  -0.000000e+000  0.000000e+000  1.000000e+000
    outer loop
      vertex -3.681488e+000 -7.493649e+000  4.000000e+000
      vertex -4.808901e+000 -7.641924e+000  4.000000e+000
      vertex -3.928550e+000 -7.752017e+000  4.000000e+000
    endloop
  endfacet
  facet normal  0.000000e+000  0.000000e+000  9.999999e-001
    outer loop
      vertex -3.928550e+000 -7.752017e+000  4.000000e+000
      vertex -4.808901e+000 -7.641924e+000  4.000000e+000
      vertex -4.816970e+000 -7.720544e+000  4.000000e+000
    endloop
  endfacet
  facet normal  0.000000e+000  0.000000e+000  1.000000e+000
    outer loop
      vertex -3.928550e+000 -7.752017e+000  4.000000e+000
      vertex -4.816970e+000 -7.720544e+000  4.000000e+000
      vertex -4.277702e+000 -8.031891e+000  4.000000e+000
    endloop
  endfacet
  facet normal  0.000000e+000  0.000000e+000  1.000000e+000
    outer loop
      vertex -6.622917e+000 -6.136897e+000  4.000000e+000
      vertex -5.328387e+000 -6.144251e+000  4.000000e+000
      vertex -6.441669e+000 -5.745773e+000  4.000000e+000
    endloop
  endfacet
  facet normal  -0.000000e+000  0.000000e+000  1.000000e+000
    outer loop
      vertex -6.441669e+000 -5.745773e+000  4.000000e+000
      vertex -5.328387e+000 -6.144251e+000  4.000000e+000
      vertex -4.930130e+000 -5.685019e+000  4.000000e+000
    endloop
  endfacet
  facet normal  0.000000e+000  0.000000e+000  1.000000e+000
    outer loop
      vertex -6.441669e+000 -5.745773e+000  4.000000e+000
      vertex -4.930130e+000 -5.685019e+000  4.000000e+000
      vertex -6.258550e+000 -5.459229e+000  4.000000e+000
    endloop
  endfacet
  facet normal  0.000000e+000  0.000000e+000  1.000000e+000
    outer loop
      vertex -6.210749e+000 -6.651060e+000  4.000000e+000
      vertex -5.801057e+000 -6.471089e+000  4.000000e+000
      vertex -6.651060e+000 -6.210749e+000  4.000000e+000
    endloop
  endfacet
  facet normal  0.000000e+000  0.000000e+000  1.000000e+000
    outer loop
      vertex -6.651060e+000 -6.210749e+000  4.000000e+000
      vertex -5.801057e+000 -6.471089e+000  4.000000e+000
      vertex -5.495543e+000 -6.285470e+000  4.000000e+000
    endloop
  endfacet
  facet normal  0.000000e+000  0.000000e+000  1.000000e+000
    outer loop
      vertex -6.651060e+000 -6.210749e+000  4.000000e+000
      vertex -5.495543e+000 -6.285470e+000  4.000000e+000
      vertex -6.622917e+000 -6.136897e+000  4.000000e+000
    endloop
  endfacet
  facet normal  0.000000e+000  0.000000e+000  1.000000e+000
    outer loop
      vertex -6.622917e+000 -6.136897e+000  4.000000e+000
      vertex -5.495543e+000 -6.285470e+000  4.000000e+000
      vertex -5.332886e+000 -6.149142e+000  4.000000e+000
    endloop
  endfacet
  facet normal  0.000000e+000  -0.000000e+000  1.000000e+000
    outer loop
      vertex -6.622917e+000 -6.136897e+000  4.000000e+000
      vertex -5.332886e+000 -6.149142e+000  4.000000e+000
      vertex -5.328387e+000 -6.144251e+000  4.000000e+000
    endloop
  endfacet
  facet normal  0.000000e+000  0.000000e+000  1.000000e+000
    outer loop
      vertex -7.720544e+000 -4.816970e+000  4.000000e+000
      vertex -6.935087e+000 -4.648947e+000  4.000000e+000
      vertex -8.031891e+000 -4.277702e+000  4.000000e+000
    endloop
  endfacet
  facet normal  0.000000e+000  0.000000e+000  1.000000e+000
    outer loop
      vertex -8.031891e+000 -4.277702e+000  4.000000e+000
      vertex -6.935087e+000 -4.648947e+000  4.000000e+000
      vertex -6.742687e+000 -4.559362e+000  4.000000e+000
    endloop
  endfacet
  facet normal  0.000000e+000  -0.000000e+000  1.000000e+000
    outer loop
      vertex -8.031891e+000 -4.277702e+000  4.000000e+000
      vertex -6.742687e+000 -4.559362e+000  4.000000e+000
      vertex -6.737076e+000 -4.555802e+000  4.000000e+000
    endloop
  endfacet
  facet normal  0.000000e+000  0.000000e+000  1.000000e+000
    outer loop
      vertex -8.550504e-001 -2.349231e+000  4.000000e+000
      vertex -1.250000e+000 -2.165064e+000  4.000000e+000
      vertex -7.112128e+000 -2.458305e+000  4.000000e+000
    endloop
  endfacet
  facet normal  0.000000e+000  -0.000000e+000  9.999999e-001
    outer loop
      vertex -7.112128e+000 -2.458305e+000  4.000000e+000
      vertex -1.250000e+000 -2.165064e+000  4.000000e+000
      vertex -8.865361e+000 -2.053137e+000  4.000000e+000
    endloop
  endfacet
  facet normal  0.000000e+000  0.000000e+000  1.000000e+000
    outer loop
      vertex -7.112128e+000 -2.458305e+000  4.000000e+000
      vertex -8.865361e+000 -2.053137e+000  4.000000e+000
      vertex -7.686644e+000 -2.656883e+000  4.000000e+000
    endloop
  endfacet
  facet normal  0.000000e+000  0.000000e+000  1.000000e+000
    outer loop
      vertex -7.686644e+000 -2.656883e+000  4.000000e+000
      vertex -8.865361e+000 -2.053137e+000  4.000000e+000
      vertex -8.704196e+000 -2.654612e+000  4.000000e+000
    endloop
  endfacet
  facet normal  0.000000e+000  0.000000e+000  1.000000e+000
    outer loop
      vertex -7.686644e+000 -2.656883e+000  4.000000e+000
      vertex -8.704196e+000 -2.654612e+000  4.000000e+000
      vertex -7.692986e+000 -2.658870e+000  4.000000e+000
    endloop
  endfacet
  facet normal  0.000000e+000  0.000000e+000  1.000000e+000
    outer loop
      vertex -7.902015e+000 -2.695605e+000  4.000000e+000
      vertex -7.692986e+000 -2.658870e+000  4.000000e+000
      vertex -8.259407e+000 -2.703599e+000  4.000000e+000
    endloop
  endfacet
  facet normal  0.000000e+000  -0.000000e+000  1.000000e+000
    outer loop
      vertex -8.259407e+000 -2.703599e+000  4.000000e+000
      vertex -7.692986e+000 -2.658870e+000  4.000000e+000
      vertex -8.704196e+000 -2.654612e+000  4.000000e+000
    endloop
  endfacet
  facet normal  0.000000e+000  0.000000e+000  1.000000e+000
    outer loop
      vertex -7.506044e+000 -5.337864e-001  4.000000e+000
      vertex -8.677718e+000 -4.737845e-001  4.000000e+000
      vertex -8.112380e+000 -5.769026e-001  4.000000e+000
    endloop
  endfacet
  facet normal  0.000000e+000  0.000000e+000  1.000000e+000
    outer loop
      vertex -8.112380e+000 -5.769026e-001  4.000000e+000
      vertex -8.677718e+000 -4.737845e-001  4.000000e+000
      vertex -8.330435e+000 -5.585626e-001  4.000000e+000
    endloop
  endfacet
  facet normal  0.000000e+000  0.000000e+000  1.000000e+000
    outer loop
      vertex -8.112380e+000 -5.769026e-001  4.000000e+000
      vertex -8.330435e+000 -5.585626e-001  4.000000e+000
      vertex -8.119020e+000 -5.771800e-001  4.000000e+000
    endloop
  endfacet
  facet normal  0.000000e+000  0.000000e+000  1.000000e+000
    outer loop
      vertex -8.550504e-001  2.349231e+000  4.000000e+000
      vertex -4.341204e-001  2.462019e+000  4.000000e+000
      vertex -8.865361e+000  2.053137e+000  4.000000e+000
    endloop
  endfacet
  facet normal  0.000000e+000  0.000000e+000  9.999999e-001
    outer loop
      vertex -8.865361e+000  2.053137e+000  4.000000e+000
      vertex -4.341204e-001  2.462019e+000  4.000000e+000
      vertex -7.112128e+000  2.458305e+000  4.000000e+000
    endloop
  endfacet
  facet normal  0.000000e+000  0.000000e+000  1.000000e+000
    outer loop
      vertex -8.865361e+000  2.053137e+000  4.000000e+000
      vertex -7.112128e+000  2.458305e+000  4.000000e+000
      vertex -8.704196e+000  2.654612e+000  4.000000e+000
    endloop
  endfacet
  facet normal  -0.000000e+000  0.000000e+000  1.000000e+000
    outer loop
      vertex -8.704196e+000  2.654612e+000  4.000000e+000
      vertex -7.112128e+000  2.458305e+000  4.000000e+000
      vertex -7.686240e+000  2.656747e+000  4.000000e+000
    endloop
  endfacet
  facet normal  0.000000e+000  0.000000e+000  1.000000e+000
    outer loop
      vertex -8.704196e+000  2.654612e+000  4.000000e+000
      vertex -7.686240e+000  2.656747e+000  4.000000e+000
      vertex -8.626167e+000  2.667166e+000  4.000000e+000
    endloop
  endfacet
  facet normal  -0.000000e+000  0.000000e+000  9.999999e-001
    outer loop
      vertex -1.250000e+000  2.165064e+000  4.000000e+000
      vertex -8.865361e+000  2.053137e+000  4.000000e+000
      vertex -1.606969e+000  1.915111e+000  4.000000e+000
    endloop
  endfacet
  facet normal  0.000000e+000  0.000000e+000  9.999999e-001
    outer loop
      vertex -1.606969e+000  1.915111e+000  4.000000e+000
      vertex -8.865361e+000  2.053137e+000  4.000000e+000
      vertex -8.504656e+000  1.788318e+000  4.000000e+000
    endloop
  endfacet
  facet normal  -0.000000e+000  0.000000e+000  1.000000e+000
    outer loop
      vertex -1.606969e+000  1.915111e+000  4.000000e+000
      vertex -8.504656e+000  1.788318e+000  4.000000e+000
      vertex -1.915111e+000  1.606969e+000  4.000000e+000
    endloop
  endfacet
  facet normal  0.000000e+000  0.000000e+000  1.000000e+000
    outer loop
      vertex -1.915111e+000  1.606969e+000  4.000000e+000
      vertex -8.504656e+000  1.788318e+000  4.000000e+000
      vertex -8.191149e+000  1.616545e+000  4.000000e+000
    endloop
  endfacet
  facet normal  0.000000e+000  0.000000e+000  1.000000e+000
    outer loop
      vertex -1.915111e+000  1.606969e+000  4.000000e+000
      vertex -8.191149e+000  1.616545e+000  4.000000e+000
      vertex -7.991756e+000  1.543844e+000  4.000000e+000
    endloop
  endfacet
  facet normal  -0.000000e+000  0.000000e+000  1.000000e+000
    outer loop
      vertex -1.915111e+000  1.606969e+000  4.000000e+000
      vertex -7.985271e+000  1.542393e+000  4.000000e+000
      vertex -2.165064e+000  1.250000e+000  4.000000e+000
    endloop
  endfacet
  facet normal  0.000000e+000  0.000000e+000  1.000000e+000
    outer loop
      vertex -2.165064e+000  1.250000e+000  4.000000e+000
      vertex -7.985271e+000  1.542393e+000  4.000000e+000
      vertex -7.388436e+000  1.427109e+000  4.000000e+000
    endloop
  endfacet
  facet normal  0.000000e+000  0.000000e+000  1.000000e+000
    outer loop
      vertex -2.165064e+000  1.250000e+000  4.000000e+000
      vertex -7.388436e+000  1.427109e+000  4.000000e+000
      vertex -2.349231e+000  8.550504e-001  4.000000e+000
    endloop
  endfacet
  facet normal  0.000000e+000  0.000000e+000  1.000000e+000
    outer loop
      vertex -2.349231e+000  8.550504e-001  4.000000e+000
      vertex -7.388436e+000  1.427109e+000  4.000000e+000
      vertex -7.460623e+000  9.822096e-001  4.000000e+000
    endloop
  endfacet
  facet normal  0.000000e+000  0.000000e+000  1.000000e+000
    outer loop
      vertex -2.349231e+000  8.550504e-001  4.000000e+000
      vertex -7.460623e+000  9.822096e-001  4.000000e+000
      vertex -2.462019e+000  4.341204e-001  4.000000e+000
    endloop
  endfacet
  facet normal  0.000000e+000  0.000000e+000  1.000000e+000
    outer loop
      vertex -2.462019e+000  4.341204e-001  4.000000e+000
      vertex -7.460623e+000  9.822096e-001  4.000000e+000
      vertex -7.506044e+000  5.337864e-001  4.000000e+000
    endloop
  endfacet
  facet normal  0.000000e+000  0.000000e+000  1.000000e+000
    outer loop
      vertex -2.462019e+000  4.341204e-001  4.000000e+000
      vertex -7.506044e+000  5.337864e-001  4.000000e+000
      vertex -8.617823e+000  4.920723e-001  4.000000e+000
    endloop
  endfacet
  facet normal  0.000000e+000  0.000000e+000  1.000000e+000
    outer loop
      vertex -2.462019e+000  4.341204e-001  4.000000e+000
      vertex -8.617823e+000  4.920723e-001  4.000000e+000
      vertex -2.500000e+000 -6.123234e-016  4.000000e+000
    endloop
  endfacet
  facet normal  0.000000e+000  0.000000e+000  1.000000e+000
    outer loop
      vertex -2.500000e+000 -6.123234e-016  4.000000e+000
      vertex -8.617823e+000  4.920723e-001  4.000000e+000
      vertex -9.022551e+000  3.436687e-001  4.000000e+000
    endloop
  endfacet
  facet normal  0.000000e+000  0.000000e+000  1.000000e+000
    outer loop
      vertex -2.500000e+000 -6.123234e-016  4.000000e+000
      vertex -9.022551e+000  3.436687e-001  4.000000e+000
      vertex -9.094672e+000 -3.113467e-001  4.000000e+000
    endloop
  endfacet
  facet normal  0.000000e+000  0.000000e+000  1.000000e+000
    outer loop
      vertex -9.094672e+000 -3.113467e-001  4.000000e+000
      vertex -9.022551e+000  3.436687e-001  4.000000e+000
      vertex -9.094672e+000  3.113467e-001  4.000000e+000
    endloop
  endfacet
  facet normal  -0.000000e+000  0.000000e+000  1.000000e+000
    outer loop
      vertex -2.462019e+000 -4.341204e-001  4.000000e+000
      vertex -7.506044e+000 -5.337864e-001  4.000000e+000
      vertex -2.349231e+000 -8.550504e-001  4.000000e+000
    endloop
  endfacet
  facet normal  0.000000e+000  0.000000e+000  1.000000e+000
    outer loop
      vertex -2.349231e+000 -8.550504e-001  4.000000e+000
      vertex -7.506044e+000 -5.337864e-001  4.000000e+000
      vertex -7.460623e+000 -9.822096e-001  4.000000e+000
    endloop
  endfacet
  facet normal  -0.000000e+000  0.000000e+000  9.999999e-001
    outer loop
      vertex -2.349231e+000 -8.550504e-001  4.000000e+000
      vertex -7.460623e+000 -9.822096e-001  4.000000e+000
      vertex -2.165064e+000 -1.250000e+000  4.000000e+000
    endloop
  endfacet
  facet normal  0.000000e+000  0.000000e+000  1.000000e+000
    outer loop
      vertex -2.165064e+000 -1.250000e+000  4.000000e+000
      vertex -7.460623e+000 -9.822096e-001  4.000000e+000
      vertex -7.388436e+000 -1.427109e+000  4.000000e+000
    endloop
  endfacet
  facet normal  -0.000000e+000  0.000000e+000  9.999999e-001
    outer loop
      vertex -2.165064e+000 -1.250000e+000  4.000000e+000
      vertex -7.388436e+000 -1.427109e+000  4.000000e+000
      vertex -1.915111e+000 -1.606969e+000  4.000000e+000
    endloop
  endfacet
  facet normal  0.000000e+000  0.000000e+000  1.000000e+000
    outer loop
      vertex -1.915111e+000 -1.606969e+000  4.000000e+000
      vertex -7.388436e+000 -1.427109e+000  4.000000e+000
      vertex -7.984852e+000 -1.542310e+000  4.000000e+000
    endloop
  endfacet
  facet normal  0.000000e+000  0.000000e+000  1.000000e+000
    outer loop
      vertex -1.915111e+000 -1.606969e+000  4.000000e+000
      vertex -7.984852e+000 -1.542310e+000  4.000000e+000
      vertex -8.149678e+000 -1.598556e+000  4.000000e+000
    endloop
  endfacet
  facet normal  0.000000e+000  0.000000e+000  1.000000e+000
    outer loop
      vertex -1.915111e+000 -1.606969e+000  4.000000e+000
      vertex -8.149678e+000 -1.598556e+000  4.000000e+000
      vertex -1.606969e+000 -1.915111e+000  4.000000e+000
    endloop
  endfacet
  facet normal  0.000000e+000  0.000000e+000  1.000000e+000
    outer loop
      vertex -1.606969e+000 -1.915111e+000  4.000000e+000
      vertex -8.149678e+000 -1.598556e+000  4.000000e+000
      vertex -8.451535e+000 -1.755151e+000  4.000000e+000
    endloop
  endfacet
  facet normal  0.000000e+000  0.000000e+000  1.000000e+000
    outer loop
      vertex -1.606969e+000 -1.915111e+000  4.000000e+000
      vertex -8.451535e+000 -1.755151e+000  4.000000e+000
      vertex -8.804063e+000 -2.003249e+000  4.000000e+000
    endloop
  endfacet
  facet normal  0.000000e+000  0.000000e+000  1.000000e+000
    outer loop
      vertex -8.804063e+000 -2.003249e+000  4.000000e+000
      vertex -8.865361e+000 -2.053137e+000  4.000000e+000
      vertex -1.606969e+000 -1.915111e+000  4.000000e+000
    endloop
  endfacet
  facet normal  0.000000e+000  0.000000e+000  1.000000e+000
    outer loop
      vertex -1.606969e+000 -1.915111e+000  4.000000e+000
      vertex -8.865361e+000 -2.053137e+000  4.000000e+000
      vertex -1.250000e+000 -2.165064e+000  4.000000e+000
    endloop
  endfacet
  facet normal  0.000000e+000  0.000000e+000  1.000000e+000
    outer loop
      vertex -6.143930e+000 -5.328105e+000  4.000000e+000
      vertex -6.258550e+000 -5.459229e+000  4.000000e+000
      vertex -5.685019e+000 -4.930130e+000  4.000000e+000
    endloop
  endfacet
  facet normal  0.000000e+000  0.000000e+000  1.000000e+000
    outer loop
      vertex -5.685019e+000 -4.930130e+000  4.000000e+000
      vertex -6.258550e+000 -5.459229e+000  4.000000e+000
      vertex -4.930130e+000 -5.685019e+000  4.000000e+000
    endloop
  endfacet
  facet normal  0.000000e+000  0.000000e+000  1.000000e+000
    outer loop
      vertex -6.952193e+000 -2.879693e+000  4.000000e+000
      vertex  4.592425e-016 -2.500000e+000  4.000000e+000
      vertex -7.112128e+000 -2.458305e+000  4.000000e+000
    endloop
  endfacet
  facet normal  0.000000e+000  0.000000e+000  1.000000e+000
    outer loop
      vertex -7.112128e+000 -2.458305e+000  4.000000e+000
      vertex  4.592425e-016 -2.500000e+000  4.000000e+000
      vertex -4.341204e-001 -2.462019e+000  4.000000e+000
    endloop
  endfacet
  facet normal  0.000000e+000  0.000000e+000  1.000000e+000
    outer loop
      vertex -7.112128e+000 -2.458305e+000  4.000000e+000
      vertex -4.341204e-001 -2.462019e+000  4.000000e+000
      vertex -8.550504e-001 -2.349231e+000  4.000000e+000
    endloop
  endfacet
  facet normal  0.000000e+000  0.000000e+000  1.000000e+000
    outer loop
      vertex -2.703599e+000  8.259407e+000  4.000000e+000
      vertex -1.755151e+000  8.451535e+000  4.000000e+000
      vertex -2.654612e+000  8.704196e+000  4.000000e+000
    endloop
  endfacet
  facet normal  -0.000000e+000  0.000000e+000  1.000000e+000
    outer loop
      vertex -2.654612e+000  8.704196e+000  4.000000e+000
      vertex -1.755151e+000  8.451535e+000  4.000000e+000
      vertex -2.003249e+000  8.804063e+000  4.000000e+000
    endloop
  endfacet
  facet normal  0.000000e+000  0.000000e+000  9.999999e-001
    outer loop
      vertex -2.654612e+000  8.704196e+000  4.000000e+000
      vertex -2.003249e+000  8.804063e+000  4.000000e+000
      vertex -2.053137e+000  8.865361e+000  4.000000e+000
    endloop
  endfacet
  facet normal  0.000000e+000  0.000000e+000  1.000000e+000
    outer loop
      vertex -8.626167e+000  2.667166e+000  4.000000e+000
      vertex -7.686240e+000  2.656747e+000  4.000000e+000
      vertex -8.196820e+000  2.705762e+000  4.000000e+000
    endloop
  endfacet
  facet normal  0.000000e+000  0.000000e+000  1.000000e+000
    outer loop
      vertex -8.196820e+000  2.705762e+000  4.000000e+000
      vertex -7.686240e+000  2.656747e+000  4.000000e+000
      vertex -7.857106e+000  2.690449e+000  4.000000e+000
    endloop
  endfacet
  facet normal  0.000000e+000  0.000000e+000  1.000000e+000
    outer loop
      vertex -8.285721e+000  5.652050e-001  4.000000e+000
      vertex -8.617823e+000  4.920723e-001  4.000000e+000
      vertex -8.111954e+000  5.768752e-001  4.000000e+000
    endloop
  endfacet
  facet normal  0.000000e+000  0.000000e+000  1.000000e+000
    outer loop
      vertex -8.111954e+000  5.768752e-001  4.000000e+000
      vertex -8.617823e+000  4.920723e-001  4.000000e+000
      vertex -7.506044e+000  5.337864e-001  4.000000e+000
    endloop
  endfacet
  facet normal  0.000000e+000  0.000000e+000  1.000000e+000
    outer loop
      vertex  7.506044e+000  5.337864e-001  4.000000e+000
      vertex  8.677718e+000  4.737845e-001  4.000000e+000
      vertex  8.112380e+000  5.769026e-001  4.000000e+000
    endloop
  endfacet
  facet normal  0.000000e+000  0.000000e+000  1.000000e+000
    outer loop
      vertex  8.112380e+000  5.769026e-001  4.000000e+000
      vertex  8.677718e+000  4.737845e-001  4.000000e+000
      vertex  8.330435e+000  5.585626e-001  4.000000e+000
    endloop
  endfacet
  facet normal  0.000000e+000  0.000000e+000  1.000000e+000
    outer loop
      vertex  8.112380e+000  5.769026e-001  4.000000e+000
      vertex  8.330435e+000  5.585626e-001  4.000000e+000
      vertex  8.119020e+000  5.771800e-001  4.000000e+000
    endloop
  endfacet
  facet normal  -0.000000e+000  0.000000e+000  1.000000e+000
    outer loop
      vertex  8.259407e+000  2.703599e+000  4.000000e+000
      vertex  7.902015e+000  2.695605e+000  4.000000e+000
      vertex  8.704196e+000  2.654612e+000  4.000000e+000
    endloop
  endfacet
  facet normal  0.000000e+000  0.000000e+000  1.000000e+000
    outer loop
      vertex  8.704196e+000  2.654612e+000  4.000000e+000
      vertex  7.902015e+000  2.695605e+000  4.000000e+000
      vertex  7.692986e+000  2.658870e+000  4.000000e+000
    endloop
  endfacet
  facet normal  0.000000e+000  0.000000e+000  1.000000e+000
    outer loop
      vertex  8.704196e+000  2.654612e+000  4.000000e+000
      vertex  7.692986e+000  2.658870e+000  4.000000e+000
      vertex  7.686644e+000  2.656883e+000  4.000000e+000
    endloop
  endfacet
  facet normal  0.000000e+000  0.000000e+000  1.000000e+000
    outer loop
      vertex  8.704196e+000  2.654612e+000  4.000000e+000
      vertex  7.686644e+000  2.656883e+000  4.000000e+000
      vertex  8.865361e+000  2.053137e+000  4.000000e+000
    endloop
  endfacet
  facet normal  0.000000e+000  0.000000e+000  1.000000e+000
    outer loop
      vertex  8.865361e+000  2.053137e+000  4.000000e+000
      vertex  7.686644e+000  2.656883e+000  4.000000e+000
      vertex  7.112128e+000  2.458305e+000  4.000000e+000
    endloop
  endfacet
  facet normal  0.000000e+000  0.000000e+000  1.000000e+000
    outer loop
      vertex  8.865361e+000  2.053137e+000  4.000000e+000
      vertex  7.112128e+000  2.458305e+000  4.000000e+000
      vertex  8.550504e-001  2.349231e+000  4.000000e+000
    endloop
  endfacet
  facet normal  0.000000e+000  -0.000000e+000  1.000000e+000
    outer loop
      vertex  8.550504e-001  2.349231e+000  4.000000e+000
      vertex  7.112128e+000  2.458305e+000  4.000000e+000
      vertex  4.341204e-001  2.462019e+000  4.000000e+000
    endloop
  endfacet
  facet normal  0.000000e+000  0.000000e+000  1.000000e+000
    outer loop
      vertex  4.930130e+000  5.685019e+000  4.000000e+000
      vertex  6.441669e+000  5.745773e+000  4.000000e+000
      vertex  5.328387e+000  6.144251e+000  4.000000e+000
    endloop
  endfacet
  facet normal  0.000000e+000  0.000000e+000  1.000000e+000
    outer loop
      vertex  5.328387e+000  6.144251e+000  4.000000e+000
      vertex  6.441669e+000  5.745773e+000  4.000000e+000
      vertex  6.622917e+000  6.136897e+000  4.000000e+000
    endloop
  endfacet
  facet normal  0.000000e+000  0.000000e+000  1.000000e+000
    outer loop
      vertex  5.328387e+000  6.144251e+000  4.000000e+000
      vertex  6.622917e+000  6.136897e+000  4.000000e+000
      vertex  5.332886e+000  6.149142e+000  4.000000e+000
    endloop
  endfacet
  facet normal  0.000000e+000  0.000000e+000  9.999999e-001
    outer loop
      vertex  4.816970e+000  7.720544e+000  4.000000e+000
      vertex  3.928550e+000  7.752017e+000  4.000000e+000
      vertex  4.808901e+000  7.641924e+000  4.000000e+000
    endloop
  endfacet
  facet normal  0.000000e+000  0.000000e+000  1.000000e+000
    outer loop
      vertex  4.808901e+000  7.641924e+000  4.000000e+000
      vertex  3.928550e+000  7.752017e+000  4.000000e+000
      vertex  3.681488e+000  7.493649e+000  4.000000e+000
    endloop
  endfacet
  facet normal  -0.000000e+000  0.000000e+000  9.999999e-001
    outer loop
      vertex  4.808901e+000  7.641924e+000  4.000000e+000
      vertex  3.681488e+000  7.493649e+000  4.000000e+000
      vertex  4.735058e+000  7.217217e+000  4.000000e+000
    endloop
  endfacet
  facet normal  0.000000e+000  0.000000e+000  1.000000e+000
    outer loop
      vertex  4.735058e+000  7.217217e+000  4.000000e+000
      vertex  3.681488e+000  7.493649e+000  4.000000e+000
      vertex  3.559657e+000  7.319867e+000  4.000000e+000
    endloop
  endfacet
  facet normal  0.000000e+000  0.000000e+000  1.000000e+000
    outer loop
      vertex  4.735058e+000  7.217217e+000  4.000000e+000
      vertex  3.559657e+000  7.319867e+000  4.000000e+000
      vertex  3.556578e+000  7.313979e+000  4.000000e+000
    endloop
  endfacet
  facet normal  0.000000e+000  0.000000e+000  1.000000e+000
    outer loop
      vertex  4.735058e+000  7.217217e+000  4.000000e+000
      vertex  3.556578e+000  7.313979e+000  4.000000e+000
      vertex  4.632342e+000  6.893043e+000  4.000000e+000
    endloop
  endfacet
  facet normal  0.000000e+000  0.000000e+000  9.999999e-001
    outer loop
      vertex  4.632342e+000  6.893043e+000  4.000000e+000
      vertex  3.556578e+000  7.313979e+000  4.000000e+000
      vertex  3.290750e+000  6.767318e+000  4.000000e+000
    endloop
  endfacet
  facet normal  -0.000000e+000  0.000000e+000  1.000000e+000
    outer loop
      vertex  4.632342e+000  6.893043e+000  4.000000e+000
      vertex  3.290750e+000  6.767318e+000  4.000000e+000
      vertex  4.555565e+000  6.736721e+000  4.000000e+000
    endloop
  endfacet
  facet normal  0.000000e+000  0.000000e+000  1.000000e+000
    outer loop
      vertex  2.654612e+000  8.704196e+000  4.000000e+000
      vertex  2.053137e+000  8.865361e+000  4.000000e+000
      vertex  2.667166e+000  8.626167e+000  4.000000e+000
    endloop
  endfacet
  facet normal  0.000000e+000  0.000000e+000  1.000000e+000
    outer loop
      vertex  2.667166e+000  8.626167e+000  4.000000e+000
      vertex  2.053137e+000  8.865361e+000  4.000000e+000
      vertex  1.788318e+000  8.504656e+000  4.000000e+000
    endloop
  endfacet
  facet normal  -0.000000e+000  0.000000e+000  1.000000e+000
    outer loop
      vertex  2.667166e+000  8.626167e+000  4.000000e+000
      vertex  1.788318e+000  8.504656e+000  4.000000e+000
      vertex  2.705762e+000  8.196820e+000  4.000000e+000
    endloop
  endfacet
  facet normal  0.000000e+000  0.000000e+000  1.000000e+000
    outer loop
      vertex  2.705762e+000  8.196820e+000  4.000000e+000
      vertex  1.788318e+000  8.504656e+000  4.000000e+000
      vertex  1.616545e+000  8.191149e+000  4.000000e+000
    endloop
  endfacet
  facet normal  -0.000000e+000  0.000000e+000  1.000000e+000
    outer loop
      vertex  2.705762e+000  8.196820e+000  4.000000e+000
      vertex  1.616545e+000  8.191149e+000  4.000000e+000
      vertex  2.690449e+000  7.857106e+000  4.000000e+000
    endloop
  endfacet
  facet normal  0.000000e+000  0.000000e+000  1.000000e+000
    outer loop
      vertex  2.690449e+000  7.857106e+000  4.000000e+000
      vertex  1.616545e+000  8.191149e+000  4.000000e+000
      vertex  1.543844e+000  7.991756e+000  4.000000e+000
    endloop
  endfacet
  facet normal  0.000000e+000  0.000000e+000  1.000000e+000
    outer loop
      vertex  2.690449e+000  7.857106e+000  4.000000e+000
      vertex  1.543844e+000  7.991756e+000  4.000000e+000
      vertex  1.542393e+000  7.985271e+000  4.000000e+000
    endloop
  endfacet
  facet normal  0.000000e+000  0.000000e+000  1.000000e+000
    outer loop
      vertex  2.690449e+000  7.857106e+000  4.000000e+000
      vertex  1.542393e+000  7.985271e+000  4.000000e+000
      vertex  2.656747e+000  7.686240e+000  4.000000e+000
    endloop
  endfacet
  facet normal  0.000000e+000  0.000000e+000  1.000000e+000
    outer loop
      vertex  2.656747e+000  7.686240e+000  4.000000e+000
      vertex  1.542393e+000  7.985271e+000  4.000000e+000
      vertex  1.427109e+000  7.388436e+000  4.000000e+000
    endloop
  endfacet
  facet normal  -0.000000e+000  0.000000e+000  1.000000e+000
    outer loop
      vertex  2.656747e+000  7.686240e+000  4.000000e+000
      vertex  1.427109e+000  7.388436e+000  4.000000e+000
      vertex  2.458305e+000  7.112128e+000  4.000000e+000
    endloop
  endfacet
  facet normal  0.000000e+000  0.000000e+000  1.000000e+000
    outer loop
      vertex  8.865361e+000  2.053137e+000  4.000000e+000
      vertex  1.250000e+000  2.165064e+000  4.000000e+000
      vertex  8.804063e+000  2.003249e+000  4.000000e+000
    endloop
  endfacet
  facet normal  0.000000e+000  0.000000e+000  9.999999e-001
    outer loop
      vertex  8.804063e+000  2.003249e+000  4.000000e+000
      vertex  1.250000e+000  2.165064e+000  4.000000e+000
      vertex  1.606969e+000  1.915111e+000  4.000000e+000
    endloop
  endfacet
  facet normal  -0.000000e+000  0.000000e+000  1.000000e+000
    outer loop
      vertex  8.804063e+000  2.003249e+000  4.000000e+000
      vertex  1.606969e+000  1.915111e+000  4.000000e+000
      vertex  8.451535e+000  1.755151e+000  4.000000e+000
    endloop
  endfacet
  facet normal  0.000000e+000  0.000000e+000  1.000000e+000
    outer loop
      vertex  8.451535e+000  1.755151e+000  4.000000e+000
      vertex  1.606969e+000  1.915111e+000  4.000000e+000
      vertex  1.915111e+000  1.606969e+000  4.000000e+000
    endloop
  endfacet
  facet normal  -0.000000e+000  0.000000e+000  1.000000e+000
    outer loop
      vertex  8.451535e+000  1.755151e+000  4.000000e+000
      vertex  1.915111e+000  1.606969e+000  4.000000e+000
      vertex  8.149678e+000  1.598556e+000  4.000000e+000
    endloop
  endfacet
  facet normal  -0.000000e+000  0.000000e+000  1.000000e+000
    outer loop
      vertex  7.460623e+000  9.822096e-001  4.000000e+000
      vertex  2.349231e+000  8.550504e-001  4.000000e+000
      vertex  7.506044e+000  5.337864e-001  4.000000e+000
    endloop
  endfacet
  facet normal  0.000000e+000  0.000000e+000  1.000000e+000
    outer loop
      vertex  7.506044e+000  5.337864e-001  4.000000e+000
      vertex  2.349231e+000  8.550504e-001  4.000000e+000
      vertex  2.462019e+000  4.341204e-001  4.000000e+000
    endloop
  endfacet
  facet normal  0.000000e+000  0.000000e+000  1.000000e+000
    outer loop
      vertex  7.506044e+000  5.337864e-001  4.000000e+000
      vertex  2.462019e+000  4.341204e-001  4.000000e+000
      vertex  8.677718e+000  4.737845e-001  4.000000e+000
    endloop
  endfacet
  facet normal  -0.000000e+000  0.000000e+000  1.000000e+000
    outer loop
      vertex  8.677718e+000  4.737845e-001  4.000000e+000
      vertex  2.462019e+000  4.341204e-001  4.000000e+000
      vertex  9.094672e+000  3.113467e-001  4.000000e+000
    endloop
  endfacet
  facet normal  0.000000e+000  0.000000e+000  9.999999e-001
    outer loop
      vertex  9.094672e+000  3.113467e-001  4.000000e+000
      vertex  2.462019e+000  4.341204e-001  4.000000e+000
      vertex  2.500000e+000  3.061617e-016  4.000000e+000
    endloop
  endfacet
  facet normal  -0.000000e+000  0.000000e+000  1.000000e+000
    outer loop
      vertex  9.094672e+000  3.113467e-001  4.000000e+000
      vertex  2.500000e+000  3.061617e-016  4.000000e+000
      vertex  9.094672e+000 -3.113467e-001  4.000000e+000
    endloop
  endfacet
  facet normal  0.000000e+000  0.000000e+000  1.000000e+000
    outer loop
      vertex  7.506044e+000 -5.337864e-001  4.000000e+000
      vertex  8.617823e+000 -4.920723e-001  4.000000e+000
      vertex  2.462019e+000 -4.341204e-001  4.000000e+000
    endloop
  endfacet
  facet normal  -0.000000e+000  0.000000e+000  1.000000e+000
    outer loop
      vertex  2.462019e+000 -4.341204e-001  4.000000e+000
      vertex  8.617823e+000 -4.920723e-001  4.000000e+000
      vertex  9.022551e+000 -3.436687e-001  4.000000e+000
    endloop
  endfacet
  facet normal  0.000000e+000  0.000000e+000  1.000000e+000
    outer loop
      vertex  2.462019e+000 -4.341204e-001  4.000000e+000
      vertex  9.022551e+000 -3.436687e-001  4.000000e+000
      vertex  2.500000e+000  3.061617e-016  4.000000e+000
    endloop
  endfacet
  facet normal  0.000000e+000  0.000000e+000  1.000000e+000
    outer loop
      vertex  2.500000e+000  3.061617e-016  4.000000e+000
      vertex  9.022551e+000 -3.436687e-001  4.000000e+000
      vertex  9.094672e+000 -3.113467e-001  4.000000e+000
    endloop
  endfacet
  facet normal  0.000000e+000  0.000000e+000  1.000000e+000
    outer loop
      vertex  2.165064e+000 -1.250000e+000  4.000000e+000
      vertex  7.388436e+000 -1.427109e+000  4.000000e+000
      vertex  2.349231e+000 -8.550504e-001  4.000000e+000
    endloop
  endfacet
  facet normal  0.000000e+000  0.000000e+000  1.000000e+000
    outer loop
      vertex  2.349231e+000 -8.550504e-001  4.000000e+000
      vertex  7.388436e+000 -1.427109e+000  4.000000e+000
      vertex  7.460623e+000 -9.822096e-001  4.000000e+000
    endloop
  endfacet
  facet normal  0.000000e+000  0.000000e+000  1.000000e+000
    outer loop
      vertex  2.349231e+000 -8.550504e-001  4.000000e+000
      vertex  7.460623e+000 -9.822096e-001  4.000000e+000
      vertex  2.462019e+000 -4.341204e-001  4.000000e+000
    endloop
  endfacet
  facet normal  0.000000e+000  0.000000e+000  1.000000e+000
    outer loop
      vertex  2.462019e+000 -4.341204e-001  4.000000e+000
      vertex  7.460623e+000 -9.822096e-001  4.000000e+000
      vertex  7.506044e+000 -5.337864e-001  4.000000e+000
    endloop
  endfacet
  facet normal  -0.000000e+000  0.000000e+000  1.000000e+000
    outer loop
      vertex  8.504574e+000 -1.788294e+000  4.000000e+000
      vertex  1.606969e+000 -1.915111e+000  4.000000e+000
      vertex  8.865361e+000 -2.053137e+000  4.000000e+000
    endloop
  endfacet
  facet normal  0.000000e+000  0.000000e+000  9.999999e-001
    outer loop
      vertex  8.865361e+000 -2.053137e+000  4.000000e+000
      vertex  1.606969e+000 -1.915111e+000  4.000000e+000
      vertex  1.250000e+000 -2.165064e+000  4.000000e+000
    endloop
  endfacet
  facet normal  -0.000000e+000  0.000000e+000  9.999999e-001
    outer loop
      vertex  8.865361e+000 -2.053137e+000  4.000000e+000
      vertex  1.250000e+000 -2.165064e+000  4.000000e+000
      vertex  7.112128e+000 -2.458305e+000  4.000000e+000
    endloop
  endfacet
  facet normal  0.000000e+000  0.000000e+000  1.000000e+000
    outer loop
      vertex  7.112128e+000 -2.458305e+000  4.000000e+000
      vertex  1.250000e+000 -2.165064e+000  4.000000e+000
      vertex  8.550504e-001 -2.349231e+000  4.000000e+000
    endloop
  endfacet
  facet normal  0.000000e+000  0.000000e+000  1.000000e+000
    outer loop
      vertex  7.112128e+000 -2.458305e+000  4.000000e+000
      vertex  8.550504e-001 -2.349231e+000  4.000000e+000
      vertex  4.341204e-001 -2.462019e+000  4.000000e+000
    endloop
  endfacet
  facet normal  0.000000e+000  0.000000e+000  1.000000e+000
    outer loop
      vertex  7.493649e+000 -3.681488e+000  4.000000e+000
      vertex  7.319867e+000 -3.559657e+000  4.000000e+000
      vertex  7.752017e+000 -3.928550e+000  4.000000e+000
    endloop
  endfacet
  facet normal  0.000000e+000  0.000000e+000  9.999999e-001
    outer loop
      vertex  7.752017e+000 -3.928550e+000  4.000000e+000
      vertex  7.319867e+000 -3.559657e+000  4.000000e+000
      vertex  6.233531e+000 -4.215294e+000  4.000000e+000
    endloop
  endfacet
  facet normal  -0.000000e+000  0.000000e+000  1.000000e+000
    outer loop
      vertex  7.752017e+000 -3.928550e+000  4.000000e+000
      vertex  6.233531e+000 -4.215294e+000  4.000000e+000
      vertex  8.031891e+000 -4.277702e+000  4.000000e+000
    endloop
  endfacet
  facet normal  0.000000e+000  0.000000e+000  1.000000e+000
    outer loop
      vertex  4.592425e-016 -2.500000e+000  4.000000e+000
      vertex  6.952193e+000 -2.879693e+000  4.000000e+000
      vertex  4.341204e-001 -2.462019e+000  4.000000e+000
    endloop
  endfacet
  facet normal  -0.000000e+000  0.000000e+000  9.999999e-001
    outer loop
      vertex  4.341204e-001 -2.462019e+000  4.000000e+000
      vertex  6.952193e+000 -2.879693e+000  4.000000e+000
      vertex  7.112128e+000 -2.458305e+000  4.000000e+000
    endloop
  endfacet
  facet normal  0.000000e+000  -0.000000e+000  1.000000e+000
    outer loop
      vertex  7.506044e+000 -5.337864e-001  4.000000e+000
      vertex  8.111954e+000 -5.768752e-001  4.000000e+000
      vertex  8.617823e+000 -4.920723e-001  4.000000e+000
    endloop
  endfacet
  facet normal  0.000000e+000  0.000000e+000  1.000000e+000
    outer loop
      vertex  8.617823e+000 -4.920723e-001  4.000000e+000
      vertex  8.111954e+000 -5.768752e-001  4.000000e+000
      vertex  8.285721e+000 -5.652050e-001  4.000000e+000
    endloop
  endfacet
  facet normal  -0.000000e+000  0.000000e+000  1.000000e+000
    outer loop
      vertex  8.865361e+000 -2.053137e+000  4.000000e+000
      vertex  7.112128e+000 -2.458305e+000  4.000000e+000
      vertex  8.704196e+000 -2.654612e+000  4.000000e+000
    endloop
  endfacet
  facet normal  0.000000e+000  0.000000e+000  1.000000e+000
    outer loop
      vertex  8.704196e+000 -2.654612e+000  4.000000e+000
      vertex  7.112128e+000 -2.458305e+000  4.000000e+000
      vertex  7.686644e+000 -2.656883e+000  4.000000e+000
    endloop
  endfacet
  facet normal  -0.000000e+000  0.000000e+000  1.000000e+000
    outer loop
      vertex  8.704196e+000 -2.654612e+000  4.000000e+000
      vertex  7.686644e+000 -2.656883e+000  4.000000e+000
      vertex  8.633154e+000 -2.666106e+000  4.000000e+000
    endloop
  endfacet
  facet normal  0.000000e+000  0.000000e+000  1.000000e+000
    outer loop
      vertex  8.202208e+000 -2.705550e+000  4.000000e+000
      vertex  8.633154e+000 -2.666106e+000  4.000000e+000
      vertex  7.860371e+000 -2.690856e+000  4.000000e+000
    endloop
  endfacet
  facet normal  0.000000e+000  -0.000000e+000  1.000000e+000
    outer loop
      vertex  7.860371e+000 -2.690856e+000  4.000000e+000
      vertex  8.633154e+000 -2.666106e+000  4.000000e+000
      vertex  7.686644e+000 -2.656883e+000  4.000000e+000
    endloop
  endfacet
  facet normal  0.000000e+000  0.000000e+000  1.000000e+000
    outer loop
      vertex  6.893043e+000 -4.632342e+000  4.000000e+000
      vertex  7.217217e+000 -4.735058e+000  4.000000e+000
      vertex  6.736721e+000 -4.555565e+000  4.000000e+000
    endloop
  endfacet
  facet normal  0.000000e+000  0.000000e+000  1.000000e+000
    outer loop
      vertex  6.736721e+000 -4.555565e+000  4.000000e+000
      vertex  7.217217e+000 -4.735058e+000  4.000000e+000
      vertex  7.641924e+000 -4.808901e+000  4.000000e+000
    endloop
  endfacet
  facet normal  -0.000000e+000  -0.000000e+000  1.000000e+000
    outer loop
      vertex  6.736721e+000 -4.555565e+000  4.000000e+000
      vertex  7.641924e+000 -4.808901e+000  4.000000e+000
      vertex  7.720544e+000 -4.816970e+000  4.000000e+000
    endloop
  endfacet
  facet normal  0.000000e+000  0.000000e+000  1.000000e+000
    outer loop
      vertex  6.736721e+000 -4.555565e+000  4.000000e+000
      vertex  7.720544e+000 -4.816970e+000  4.000000e+000
      vertex  6.233531e+000 -4.215294e+000  4.000000e+000
    endloop
  endfacet
  facet normal  0.000000e+000  0.000000e+000  1.000000e+000
    outer loop
      vertex  6.233531e+000 -4.215294e+000  4.000000e+000
      vertex  7.720544e+000 -4.816970e+000  4.000000e+000
      vertex  8.031891e+000 -4.277702e+000  4.000000e+000
    endloop
  endfacet
  facet normal  9.349256e-001 -3.548440e-001  0.000000e+000
    outer loop
      vertex  7.112128e+000 -2.458305e+000  0.000000e+000
      vertex  7.112128e+000 -2.458305e+000  4.000000e+000
      vertex  6.952193e+000 -2.879693e+000  0.000000e+000
    endloop
  endfacet
  facet normal  9.349256e-001 -3.548440e-001  0.000000e+000
    outer loop
      vertex  6.952193e+000 -2.879693e+000  0.000000e+000
      vertex  7.112128e+000 -2.458305e+000  4.000000e+000
      vertex  6.952193e+000 -2.879693e+000  4.000000e+000
    endloop
  endfacet
  facet normal  9.120045e-001 -4.101801e-001  0.000000e+000
    outer loop
      vertex  6.952193e+000 -2.879693e+000  0.000000e+000
      vertex  6.952193e+000 -2.879693e+000  4.000000e+000
      vertex  6.767318e+000 -3.290750e+000  0.000000e+000
    endloop
  endfacet
  facet normal  9.120045e-001 -4.101801e-001  0.000000e+000
    outer loop
      vertex  6.767318e+000 -3.290750e+000  0.000000e+000
      vertex  6.952193e+000 -2.879693e+000  4.000000e+000
      vertex  6.767318e+000 -3.290750e+000  4.000000e+000
    endloop
  endfacet
  facet normal  9.949092e-001 -1.007751e-001  0.000000e+000
    outer loop
      vertex  7.506044e+000 -5.337864e-001  0.000000e+000
      vertex  7.506044e+000 -5.337864e-001  4.000000e+000
      vertex  7.460623e+000 -9.822096e-001  0.000000e+000
    endloop
  endfacet
  facet normal  9.949092e-001 -1.007751e-001  0.000000e+000
    outer loop
      vertex  7.460623e+000 -9.822096e-001  0.000000e+000
      vertex  7.506044e+000 -5.337864e-001  4.000000e+000
      vertex  7.460623e+000 -9.822096e-001  4.000000e+000
    endloop
  endfacet
  facet normal  9.870911e-001 -1.601600e-001  0.000000e+000
    outer loop
      vertex  7.460623e+000 -9.822096e-001  0.000000e+000
      vertex  7.460623e+000 -9.822096e-001  4.000000e+000
      vertex  7.388436e+000 -1.427109e+000  0.000000e+000
    endloop
  endfacet
  facet normal  9.870911e-001 -1.601600e-001  0.000000e+000
    outer loop
      vertex  7.388436e+000 -1.427109e+000  0.000000e+000
      vertex  7.460623e+000 -9.822096e-001  4.000000e+000
      vertex  7.388436e+000 -1.427109e+000  4.000000e+000
    endloop
  endfacet
  facet normal -3.266852e-001 -9.451332e-001  0.000000e+000
    outer loop
      vertex  7.112128e+000 -2.458305e+000  0.000000e+000
      vertex  7.686240e+000 -2.656747e+000  0.000000e+000
      vertex  7.112128e+000 -2.458305e+000  4.000000e+000
    endloop
  endfacet
  facet normal -3.266806e-001 -9.451348e-001  7.446081e-007
    outer loop
      vertex  7.112128e+000 -2.458305e+000  4.000000e+000
      vertex  7.686240e+000 -2.656747e+000  0.000000e+000
      vertex  7.686644e+000 -2.656883e+000  4.000000e+000
    endloop
  endfacet
  facet normal  1.597039e-001 -9.871650e-001  0.000000e+000
    outer loop
      vertex  8.704196e+000 -2.654612e+000  0.000000e+000
      vertex  8.704196e+000 -2.654612e+000  4.000000e+000
      vertex  8.633154e+000 -2.666106e+000  0.000000e+000
    endloop
  endfacet
  facet normal  1.597039e-001 -9.871650e-001  0.000000e+000
    outer loop
      vertex  8.633154e+000 -2.666106e+000  0.000000e+000
      vertex  8.704196e+000 -2.654612e+000  4.000000e+000
      vertex  8.633154e+000 -2.666106e+000  4.000000e+000
    endloop
  endfacet
  facet normal  9.114990e-002 -9.958372e-001  0.000000e+000
    outer loop
      vertex  8.633154e+000 -2.666106e+000  0.000000e+000
      vertex  8.633154e+000 -2.666106e+000  4.000000e+000
      vertex  8.202208e+000 -2.705550e+000  0.000000e+000
    endloop
  endfacet
  facet normal  9.114990e-002 -9.958372e-001  0.000000e+000
    outer loop
      vertex  8.202208e+000 -2.705550e+000  0.000000e+000
      vertex  8.633154e+000 -2.666106e+000  4.000000e+000
      vertex  8.202208e+000 -2.705550e+000  4.000000e+000
    endloop
  endfacet
  facet normal -4.294644e-002 -9.990774e-001  -0.000000e+000
    outer loop
      vertex  8.202208e+000 -2.705550e+000  0.000000e+000
      vertex  8.202208e+000 -2.705550e+000  4.000000e+000
      vertex  7.860371e+000 -2.690856e+000  0.000000e+000
    endloop
  endfacet
  facet normal -4.294644e-002 -9.990774e-001  0.000000e+000
    outer loop
      vertex  7.860371e+000 -2.690856e+000  0.000000e+000
      vertex  8.202208e+000 -2.705550e+000  4.000000e+000
      vertex  7.860371e+000 -2.690856e+000  4.000000e+000
    endloop
  endfacet
  facet normal -1.922296e-001 -9.813500e-001  -0.000000e+000
    outer loop
      vertex  7.860371e+000 -2.690856e+000  0.000000e+000
      vertex  7.860371e+000 -2.690856e+000  4.000000e+000
      vertex  7.686240e+000 -2.656747e+000  0.000000e+000
    endloop
  endfacet
  facet normal -1.919173e-001 -9.814112e-001 -1.411777e-005
    outer loop
      vertex  7.686240e+000 -2.656747e+000  0.000000e+000
      vertex  7.860371e+000 -2.690856e+000  4.000000e+000
      vertex  7.686644e+000 -2.656883e+000  4.000000e+000
    endloop
  endfacet
  facet normal  9.659256e-001 -2.588195e-001  0.000000e+000
    outer loop
      vertex  8.704196e+000 -2.654612e+000  4.000000e+000
      vertex  8.704196e+000 -2.654612e+000  0.000000e+000
      vertex  8.865361e+000 -2.053137e+000  4.000000e+000
    endloop
  endfacet
  facet normal  9.659256e-001 -2.588195e-001  0.000000e+000
    outer loop
      vertex  8.865361e+000 -2.053137e+000  4.000000e+000
      vertex  8.704196e+000 -2.654612e+000  0.000000e+000
      vertex  8.865361e+000 -2.053137e+000  0.000000e+000
    endloop
  endfacet
  facet normal  3.243577e-001  9.459345e-001 -1.892208e-004
    outer loop
      vertex  7.985062e+000 -1.542350e+000  0.000000e+000
      vertex  7.991736e+000 -1.543839e+000  4.000000e+000
      vertex  8.152709e+000 -1.599836e+000  0.000000e+000
    endloop
  endfacet
  facet normal  2.176650e-001  9.760235e-001  0.000000e+000
    outer loop
      vertex  7.985062e+000 -1.542350e+000  0.000000e+000
      vertex  7.985062e+000 -1.542350e+000  4.000000e+000
      vertex  7.991736e+000 -1.543839e+000  4.000000e+000
    endloop
  endfacet
  facet normal  3.426168e-001  9.394751e-001  6.360130e-004
    outer loop
      vertex  7.991736e+000 -1.543839e+000  4.000000e+000
      vertex  8.190458e+000 -1.616310e+000  4.000000e+000
      vertex  8.152709e+000 -1.599836e+000  0.000000e+000
    endloop
  endfacet
  facet normal  4.623449e-001  8.866999e-001 -7.112641e-004
    outer loop
      vertex  8.456096e+000 -1.758028e+000  0.000000e+000
      vertex  8.152709e+000 -1.599836e+000  0.000000e+000
      vertex  8.190458e+000 -1.616310e+000  4.000000e+000
    endloop
  endfacet
  facet normal  4.802459e-001  8.771335e-001  8.164599e-004
    outer loop
      vertex  8.190458e+000 -1.616310e+000  4.000000e+000
      vertex  8.504574e+000 -1.788294e+000  4.000000e+000
      vertex  8.456096e+000 -1.758028e+000  0.000000e+000
    endloop
  endfacet
  facet normal  5.917486e-001  8.061225e-001  -0.000000e+000
    outer loop
      vertex  8.865361e+000 -2.053137e+000  4.000000e+000
      vertex  8.865361e+000 -2.053137e+000  0.000000e+000
      vertex  8.504574e+000 -1.788294e+000  4.000000e+000
    endloop
  endfacet
  facet normal  6.318787e-001  7.750466e-001  5.677180e-003
    outer loop
      vertex  8.504574e+000 -1.788294e+000  4.000000e+000
      vertex  8.865361e+000 -2.053137e+000  0.000000e+000
      vertex  8.809583e+000 -2.007662e+000  0.000000e+000
    endloop
  endfacet
  facet normal  5.768574e-001  8.168445e-001 -8.105995e-004
    outer loop
      vertex  8.504574e+000 -1.788294e+000  4.000000e+000
      vertex  8.809583e+000 -2.007662e+000  0.000000e+000
      vertex  8.456096e+000 -1.758028e+000  0.000000e+000
    endloop
  endfacet
  facet normal  1.896491e-001  9.818519e-001  0.000000e+000
    outer loop
      vertex  7.985062e+000 -1.542350e+000  0.000000e+000
      vertex  7.388436e+000 -1.427109e+000  0.000000e+000
      vertex  7.985062e+000 -1.542350e+000  4.000000e+000
    endloop
  endfacet
  facet normal  1.896491e-001  9.818519e-001  0.000000e+000
    outer loop
      vertex  7.985062e+000 -1.542350e+000  4.000000e+000
      vertex  7.388436e+000 -1.427109e+000  0.000000e+000
      vertex  7.388436e+000 -1.427109e+000  4.000000e+000
    endloop
  endfacet
  facet normal  -0.000000e+000  0.000000e+000  1.000000e+000
    outer loop
      vertex  2.462019e+000 -4.341204e-001  1.000000e+000
      vertex  8.660254e-001 -5.000000e-001  1.000000e+000
      vertex  7.071068e-001 -7.071068e-001  1.000000e+000
    endloop
  endfacet
  facet normal  0.000000e+000  0.000000e+000  1.000000e+000
    outer loop
      vertex -7.071068e-001  7.071068e-001  1.000000e+000
      vertex -5.000000e-001  8.660254e-001  1.000000e+000
      vertex -2.349231e+000  8.550504e-001  1.000000e+000
    endloop
  endfacet
  facet normal  0.000000e+000  0.000000e+000  9.999999e-001
    outer loop
      vertex  1.836970e-016 -1.000000e+000  1.000000e+000
      vertex -2.588190e-001 -9.659258e-001  1.000000e+000
      vertex -2.349231e+000 -8.550504e-001  1.000000e+000
    endloop
  endfacet
  facet normal  0.000000e+000  0.000000e+000  1.000000e+000
    outer loop
      vertex  1.836970e-016 -1.000000e+000  1.000000e+000
      vertex -2.349231e+000 -8.550504e-001  1.000000e+000
      vertex -2.165064e+000 -1.250000e+000  1.000000e+000
    endloop
  endfacet
  facet normal  -0.000000e+000  0.000000e+000  1.000000e+000
    outer loop
      vertex  1.836970e-016 -1.000000e+000  1.000000e+000
      vertex -2.165064e+000 -1.250000e+000  1.000000e+000
      vertex -1.915111e+000 -1.606969e+000  1.000000e+000
    endloop
  endfacet
  facet normal  -0.000000e+000  0.000000e+000  1.000000e+000
    outer loop
      vertex  1.836970e-016 -1.000000e+000  1.000000e+000
      vertex -1.915111e+000 -1.606969e+000  1.000000e+000
      vertex -1.606969e+000 -1.915111e+000  1.000000e+000
    endloop
  endfacet
  facet normal  -0.000000e+000  0.000000e+000  1.000000e+000
    outer loop
      vertex  1.836970e-016 -1.000000e+000  1.000000e+000
      vertex -1.606969e+000 -1.915111e+000  1.000000e+000
      vertex -1.250000e+000 -2.165064e+000  1.000000e+000
    endloop
  endfacet
  facet normal  -0.000000e+000  0.000000e+000  1.000000e+000
    outer loop
      vertex  1.836970e-016 -1.000000e+000  1.000000e+000
      vertex -1.250000e+000 -2.165064e+000  1.000000e+000
      vertex -8.550504e-001 -2.349231e+000  1.000000e+000
    endloop
  endfacet
  facet normal  -0.000000e+000  0.000000e+000  1.000000e+000
    outer loop
      vertex  1.836970e-016 -1.000000e+000  1.000000e+000
      vertex -8.550504e-001 -2.349231e+000  1.000000e+000
      vertex -4.341204e-001 -2.462019e+000  1.000000e+000
    endloop
  endfacet
  facet normal  -0.000000e+000  0.000000e+000  1.000000e+000
    outer loop
      vertex  1.836970e-016 -1.000000e+000  1.000000e+000
      vertex -4.341204e-001 -2.462019e+000  1.000000e+000
      vertex  4.592425e-016 -2.500000e+000  1.000000e+000
    endloop
  endfacet
  facet normal  0.000000e+000  -0.000000e+000  1.000000e+000
    outer loop
      vertex  1.836970e-016 -1.000000e+000  1.000000e+000
      vertex  4.592425e-016 -2.500000e+000  1.000000e+000
      vertex  4.341204e-001 -2.462019e+000  1.000000e+000
    endloop
  endfacet
  facet normal  0.000000e+000  -0.000000e+000  1.000000e+000
    outer loop
      vertex  1.836970e-016 -1.000000e+000  1.000000e+000
      vertex  4.341204e-001 -2.462019e+000  1.000000e+000
      vertex  8.550504e-001 -2.349231e+000  1.000000e+000
    endloop
  endfacet
  facet normal  0.000000e+000  -0.000000e+000  1.000000e+000
    outer loop
      vertex  1.836970e-016 -1.000000e+000  1.000000e+000
      vertex  8.550504e-001 -2.349231e+000  1.000000e+000
      vertex  1.250000e+000 -2.165064e+000  1.000000e+000
    endloop
  endfacet
  facet normal  0.000000e+000  -0.000000e+000  1.000000e+000
    outer loop
      vertex  1.836970e-016 -1.000000e+000  1.000000e+000
      vertex  1.250000e+000 -2.165064e+000  1.000000e+000
      vertex  1.606969e+000 -1.915111e+000  1.000000e+000
    endloop
  endfacet
  facet normal  0.000000e+000  -0.000000e+000  1.000000e+000
    outer loop
      vertex  1.836970e-016 -1.000000e+000  1.000000e+000
      vertex  1.606969e+000 -1.915111e+000  1.000000e+000
      vertex  1.915111e+000 -1.606969e+000  1.000000e+000
    endloop
  endfacet
  facet normal  0.000000e+000  -0.000000e+000  1.000000e+000
    outer loop
      vertex  1.836970e-016 -1.000000e+000  1.000000e+000
      vertex  1.915111e+000 -1.606969e+000  1.000000e+000
      vertex  2.165064e+000 -1.250000e+000  1.000000e+000
    endloop
  endfacet
  facet normal  0.000000e+000  0.000000e+000  1.000000e+000
    outer loop
      vertex  2.349231e+000 -8.550504e-001  1.000000e+000
      vertex  2.462019e+000 -4.341204e-001  1.000000e+000
      vertex  7.071068e-001 -7.071068e-001  1.000000e+000
    endloop
  endfacet
  facet normal  0.000000e+000  0.000000e+000  1.000000e+000
    outer loop
      vertex  2.349231e+000 -8.550504e-001  1.000000e+000
      vertex  7.071068e-001 -7.071068e-001  1.000000e+000
      vertex  5.000000e-001 -8.660254e-001  1.000000e+000
    endloop
  endfacet
  facet normal  -0.000000e+000  0.000000e+000  1.000000e+000
    outer loop
      vertex  2.349231e+000 -8.550504e-001  1.000000e+000
      vertex  5.000000e-001 -8.660254e-001  1.000000e+000
      vertex  2.588190e-001 -9.659258e-001  1.000000e+000
    endloop
  endfacet
  facet normal  -0.000000e+000  0.000000e+000  9.999999e-001
    outer loop
      vertex  2.349231e+000 -8.550504e-001  1.000000e+000
      vertex  2.588190e-001 -9.659258e-001  1.000000e+000
      vertex  1.836970e-016 -1.000000e+000  1.000000e+000
    endloop
  endfacet
  facet normal  -0.000000e+000  0.000000e+000  1.000000e+000
    outer loop
      vertex  2.349231e+000 -8.550504e-001  1.000000e+000
      vertex  1.836970e-016 -1.000000e+000  1.000000e+000
      vertex  2.165064e+000 -1.250000e+000  1.000000e+000
    endloop
  endfacet
  facet normal  -0.000000e+000  0.000000e+000  1.000000e+000
    outer loop
      vertex -1.530808e-016  2.500000e+000  1.000000e+000
      vertex -4.341204e-001  2.462019e+000  1.000000e+000
      vertex -8.550504e-001  2.349231e+000  1.000000e+000
    endloop
  endfacet
  facet normal  -0.000000e+000  0.000000e+000  1.000000e+000
    outer loop
      vertex -1.530808e-016  2.500000e+000  1.000000e+000
      vertex -8.550504e-001  2.349231e+000  1.000000e+000
      vertex -1.250000e+000  2.165064e+000  1.000000e+000
    endloop
  endfacet
  facet normal  -0.000000e+000  0.000000e+000  9.999999e-001
    outer loop
      vertex -1.530808e-016  2.500000e+000  1.000000e+000
      vertex -1.250000e+000  2.165064e+000  1.000000e+000
      vertex -1.606969e+000  1.915111e+000  1.000000e+000
    endloop
  endfacet
  facet normal  -0.000000e+000  0.000000e+000  1.000000e+000
    outer loop
      vertex -1.530808e-016  2.500000e+000  1.000000e+000
      vertex -1.606969e+000  1.915111e+000  1.000000e+000
      vertex -1.915111e+000  1.606969e+000  1.000000e+000
    endloop
  endfacet
  facet normal  -0.000000e+000  0.000000e+000  1.000000e+000
    outer loop
      vertex -1.530808e-016  2.500000e+000  1.000000e+000
      vertex -1.915111e+000  1.606969e+000  1.000000e+000
      vertex -2.165064e+000  1.250000e+000  1.000000e+000
    endloop
  endfacet
  facet normal  -0.000000e+000  0.000000e+000  1.000000e+000
    outer loop
      vertex -1.530808e-016  2.500000e+000  1.000000e+000
      vertex -2.165064e+000  1.250000e+000  1.000000e+000
      vertex -2.832769e-016  1.000000e+000  1.000000e+000
    endloop
  endfacet
  facet normal  0.000000e+000  0.000000e+000  9.999999e-001
    outer loop
      vertex -1.530808e-016  2.500000e+000  1.000000e+000
      vertex -2.832769e-016  1.000000e+000  1.000000e+000
      vertex  2.165064e+000  1.250000e+000  1.000000e+000
    endloop
  endfacet
  facet normal  0.000000e+000  0.000000e+000  1.000000e+000
    outer loop
      vertex -1.530808e-016  2.500000e+000  1.000000e+000
      vertex  2.165064e+000  1.250000e+000  1.000000e+000
      vertex  1.915111e+000  1.606969e+000  1.000000e+000
    endloop
  endfacet
  facet normal  0.000000e+000  0.000000e+000  1.000000e+000
    outer loop
      vertex -1.530808e-016  2.500000e+000  1.000000e+000
      vertex  1.915111e+000  1.606969e+000  1.000000e+000
      vertex  1.606969e+000  1.915111e+000  1.000000e+000
    endloop
  endfacet
  facet normal  0.000000e+000  0.000000e+000  1.000000e+000
    outer loop
      vertex -1.530808e-016  2.500000e+000  1.000000e+000
      vertex  1.606969e+000  1.915111e+000  1.000000e+000
      vertex  1.250000e+000  2.165064e+000  1.000000e+000
    endloop
  endfacet
  facet normal  0.000000e+000  0.000000e+000  1.000000e+000
    outer loop
      vertex -1.530808e-016  2.500000e+000  1.000000e+000
      vertex  1.250000e+000  2.165064e+000  1.000000e+000
      vertex  8.550504e-001  2.349231e+000  1.000000e+000
    endloop
  endfacet
  facet normal  0.000000e+000  0.000000e+000  1.000000e+000
    outer loop
      vertex -1.530808e-016  2.500000e+000  1.000000e+000
      vertex  8.550504e-001  2.349231e+000  1.000000e+000
      vertex  4.341204e-001  2.462019e+000  1.000000e+000
    endloop
  endfacet
  facet normal  -0.000000e+000  0.000000e+000  1.000000e+000
    outer loop
      vertex  2.165064e+000  1.250000e+000  1.000000e+000
      vertex -2.832769e-016  1.000000e+000  1.000000e+000
      vertex  2.588190e-001  9.659258e-001  1.000000e+000
    endloop
  endfacet
  facet normal  -0.000000e+000  0.000000e+000  1.000000e+000
    outer loop
      vertex  2.165064e+000  1.250000e+000  1.000000e+000
      vertex  2.588190e-001  9.659258e-001  1.000000e+000
      vertex  5.000000e-001  8.660254e-001  1.000000e+000
    endloop
  endfacet
  facet normal  -0.000000e+000  0.000000e+000  1.000000e+000
    outer loop
      vertex  2.165064e+000  1.250000e+000  1.000000e+000
      vertex  5.000000e-001  8.660254e-001  1.000000e+000
      vertex  2.349231e+000  8.550504e-001  1.000000e+000
    endloop
  endfacet
  facet normal  0.000000e+000  0.000000e+000  1.000000e+000
    outer loop
      vertex  8.660254e-001 -5.000000e-001  1.000000e+000
      vertex  2.462019e+000 -4.341204e-001  1.000000e+000
      vertex  9.659258e-001 -2.588190e-001  1.000000e+000
    endloop
  endfacet
  facet normal  -0.000000e+000  0.000000e+000  9.999999e-001
    outer loop
      vertex  9.659258e-001 -2.588190e-001  1.000000e+000
      vertex  2.462019e+000 -4.341204e-001  1.000000e+000
      vertex  2.500000e+000  3.061617e-016  1.000000e+000
    endloop
  endfacet
  facet normal  0.000000e+000  0.000000e+000  1.000000e+000
    outer loop
      vertex  9.659258e-001 -2.588190e-001  1.000000e+000
      vertex  2.500000e+000  3.061617e-016  1.000000e+000
      vertex  1.000000e+000  5.665539e-016  1.000000e+000
    endloop
  endfacet
  facet normal  0.000000e+000  0.000000e+000  1.000000e+000
    outer loop
      vertex  1.000000e+000  5.665539e-016  1.000000e+000
      vertex  2.500000e+000  3.061617e-016  1.000000e+000
      vertex  9.659258e-001  2.588190e-001  1.000000e+000
    endloop
  endfacet
  facet normal  -0.000000e+000  0.000000e+000  9.999999e-001
    outer loop
      vertex  9.659258e-001  2.588190e-001  1.000000e+000
      vertex  2.500000e+000  3.061617e-016  1.000000e+000
      vertex  2.462019e+000  4.341204e-001  1.000000e+000
    endloop
  endfacet
  facet normal  0.000000e+000  0.000000e+000  1.000000e+000
    outer loop
      vertex  9.659258e-001  2.588190e-001  1.000000e+000
      vertex  2.462019e+000  4.341204e-001  1.000000e+000
      vertex  8.660254e-001  5.000000e-001  1.000000e+000
    endloop
  endfacet
  facet normal  0.000000e+000  0.000000e+000  1.000000e+000
    outer loop
      vertex  8.660254e-001  5.000000e-001  1.000000e+000
      vertex  2.462019e+000  4.341204e-001  1.000000e+000
      vertex  7.071068e-001  7.071068e-001  1.000000e+000
    endloop
  endfacet
  facet normal  -0.000000e+000  0.000000e+000  1.000000e+000
    outer loop
      vertex  7.071068e-001  7.071068e-001  1.000000e+000
      vertex  2.462019e+000  4.341204e-001  1.000000e+000
      vertex  2.349231e+000  8.550504e-001  1.000000e+000
    endloop
  endfacet
  facet normal  0.000000e+000  0.000000e+000  1.000000e+000
    outer loop
      vertex  7.071068e-001  7.071068e-001  1.000000e+000
      vertex  2.349231e+000  8.550504e-001  1.000000e+000
      vertex  5.000000e-001  8.660254e-001  1.000000e+000
    endloop
  endfacet
  facet normal  0.000000e+000  0.000000e+000  1.000000e+000
    outer loop
      vertex -7.071068e-001 -7.071068e-001  1.000000e+000
      vertex -2.462019e+000 -4.341204e-001  1.000000e+000
      vertex -5.000000e-001 -8.660254e-001  1.000000e+000
    endloop
  endfacet
  facet normal  0.000000e+000  0.000000e+000  1.000000e+000
    outer loop
      vertex -5.000000e-001 -8.660254e-001  1.000000e+000
      vertex -2.462019e+000 -4.341204e-001  1.000000e+000
      vertex -2.349231e+000 -8.550504e-001  1.000000e+000
    endloop
  endfacet
  facet normal  0.000000e+000  0.000000e+000  1.000000e+000
    outer loop
      vertex -5.000000e-001 -8.660254e-001  1.000000e+000
      vertex -2.349231e+000 -8.550504e-001  1.000000e+000
      vertex -2.588190e-001 -9.659258e-001  1.000000e+000
    endloop
  endfacet
  facet normal  0.000000e+000  0.000000e+000  1.000000e+000
    outer loop
      vertex -9.659258e-001 -2.588190e-001  1.000000e+000
      vertex -2.500000e+000 -6.123234e-016  1.000000e+000
      vertex -8.660254e-001 -5.000000e-001  1.000000e+000
    endloop
  endfacet
  facet normal  0.000000e+000  0.000000e+000  1.000000e+000
    outer loop
      vertex -8.660254e-001 -5.000000e-001  1.000000e+000
      vertex -2.500000e+000 -6.123234e-016  1.000000e+000
      vertex -2.462019e+000 -4.341204e-001  1.000000e+000
    endloop
  endfacet
  facet normal  0.000000e+000  0.000000e+000  1.000000e+000
    outer loop
      vertex -8.660254e-001 -5.000000e-001  1.000000e+000
      vertex -2.462019e+000 -4.341204e-001  1.000000e+000
      vertex -7.071068e-001 -7.071068e-001  1.000000e+000
    endloop
  endfacet
  facet normal  0.000000e+000  0.000000e+000  1.000000e+000
    outer loop
      vertex -9.659258e-001  2.588190e-001  1.000000e+000
      vertex -2.462019e+000  4.341204e-001  1.000000e+000
      vertex -1.000000e+000 -2.449294e-016  1.000000e+000
    endloop
  endfacet
  facet normal  0.000000e+000  0.000000e+000  1.000000e+000
    outer loop
      vertex -1.000000e+000 -2.449294e-016  1.000000e+000
      vertex -2.462019e+000  4.341204e-001  1.000000e+000
      vertex -2.500000e+000 -6.123234e-016  1.000000e+000
    endloop
  endfacet
  facet normal  -0.000000e+000  0.000000e+000  1.000000e+000
    outer loop
      vertex -1.000000e+000 -2.449294e-016  1.000000e+000
      vertex -2.500000e+000 -6.123234e-016  1.000000e+000
      vertex -9.659258e-001 -2.588190e-001  1.000000e+000
    endloop
  endfacet
  facet normal  0.000000e+000  0.000000e+000  1.000000e+000
    outer loop
      vertex -7.071068e-001  7.071068e-001  1.000000e+000
      vertex -2.349231e+000  8.550504e-001  1.000000e+000
      vertex -8.660254e-001  5.000000e-001  1.000000e+000
    endloop
  endfacet
  facet normal  0.000000e+000  0.000000e+000  1.000000e+000
    outer loop
      vertex -8.660254e-001  5.000000e-001  1.000000e+000
      vertex -2.349231e+000  8.550504e-001  1.000000e+000
      vertex -2.462019e+000  4.341204e-001  1.000000e+000
    endloop
  endfacet
  facet normal  -0.000000e+000  0.000000e+000  1.000000e+000
    outer loop
      vertex -8.660254e-001  5.000000e-001  1.000000e+000
      vertex -2.462019e+000  4.341204e-001  1.000000e+000
      vertex -9.659258e-001  2.588190e-001  1.000000e+000
    endloop
  endfacet
  facet normal  0.000000e+000  0.000000e+000  1.000000e+000
    outer loop
      vertex -2.349231e+000  8.550504e-001  1.000000e+000
      vertex -5.000000e-001  8.660254e-001  1.000000e+000
      vertex -2.165064e+000  1.250000e+000  1.000000e+000
    endloop
  endfacet
  facet normal  0.000000e+000  0.000000e+000  1.000000e+000
    outer loop
      vertex -2.165064e+000  1.250000e+000  1.000000e+000
      vertex -5.000000e-001  8.660254e-001  1.000000e+000
      vertex -2.588190e-001  9.659258e-001  1.000000e+000
    endloop
  endfacet
  facet normal  0.000000e+000  -0.000000e+000  1.000000e+000
    outer loop
      vertex -2.165064e+000  1.250000e+000  1.000000e+000
      vertex -2.588190e-001  9.659258e-001  1.000000e+000
      vertex -2.832769e-016  1.000000e+000  1.000000e+000
    endloop
  endfacet
  facet normal  8.715560e-002  9.961947e-001  -0.000000e+000
    outer loop
      vertex  4.592425e-016 -2.500000e+000  4.000000e+000
      vertex -4.341204e-001 -2.462019e+000  1.000000e+000
      vertex -4.341204e-001 -2.462019e+000  4.000000e+000
    endloop
  endfacet
  facet normal  2.588193e-001  9.659258e-001  0.000000e+000
    outer loop
      vertex -4.341204e-001 -2.462019e+000  4.000000e+000
      vertex -4.341204e-001 -2.462019e+000  1.000000e+000
      vertex -8.550504e-001 -2.349231e+000  1.000000e+000
    endloop
  endfacet
  facet normal  2.588193e-001  9.659258e-001  -0.000000e+000
    outer loop
      vertex -4.341204e-001 -2.462019e+000  4.000000e+000
      vertex -8.550504e-001 -2.349231e+000  1.000000e+000
      vertex -8.550504e-001 -2.349231e+000  4.000000e+000
    endloop
  endfacet
  facet normal  4.226180e-001  9.063079e-001  0.000000e+000
    outer loop
      vertex -8.550504e-001 -2.349231e+000  4.000000e+000
      vertex -8.550504e-001 -2.349231e+000  1.000000e+000
      vertex -1.250000e+000 -2.165064e+000  1.000000e+000
    endloop
  endfacet
  facet normal  4.226180e-001  9.063079e-001  -0.000000e+000
    outer loop
      vertex -8.550504e-001 -2.349231e+000  4.000000e+000
      vertex -1.250000e+000 -2.165064e+000  1.000000e+000
      vertex -1.250000e+000 -2.165064e+000  4.000000e+000
    endloop
  endfacet
  facet normal  5.735767e-001  8.191519e-001  0.000000e+000
    outer loop
      vertex -1.250000e+000 -2.165064e+000  4.000000e+000
      vertex -1.250000e+000 -2.165064e+000  1.000000e+000
      vertex -1.606969e+000 -1.915111e+000  1.000000e+000
    endloop
  endfacet
  facet normal  5.735767e-001  8.191519e-001  -0.000000e+000
    outer loop
      vertex -1.250000e+000 -2.165064e+000  4.000000e+000
      vertex -1.606969e+000 -1.915111e+000  1.000000e+000
      vertex -1.606969e+000 -1.915111e+000  4.000000e+000
    endloop
  endfacet
  facet normal  7.071068e-001  7.071068e-001  0.000000e+000
    outer loop
      vertex -1.606969e+000 -1.915111e+000  4.000000e+000
      vertex -1.606969e+000 -1.915111e+000  1.000000e+000
      vertex -1.915111e+000 -1.606969e+000  1.000000e+000
    endloop
  endfacet
  facet normal  7.071068e-001  7.071068e-001  -0.000000e+000
    outer loop
      vertex -1.606969e+000 -1.915111e+000  4.000000e+000
      vertex -1.915111e+000 -1.606969e+000  1.000000e+000
      vertex -1.915111e+000 -1.606969e+000  4.000000e+000
    endloop
  endfacet
  facet normal  8.191519e-001  5.735767e-001  0.000000e+000
    outer loop
      vertex -1.915111e+000 -1.606969e+000  4.000000e+000
      vertex -1.915111e+000 -1.606969e+000  1.000000e+000
      vertex -2.165064e+000 -1.250000e+000  1.000000e+000
    endloop
  endfacet
  facet normal  8.191519e-001  5.735767e-001  -0.000000e+000
    outer loop
      vertex -1.915111e+000 -1.606969e+000  4.000000e+000
      vertex -2.165064e+000 -1.250000e+000  1.000000e+000
      vertex -2.165064e+000 -1.250000e+000  4.000000e+000
    endloop
  endfacet
  facet normal  9.063079e-001  4.226180e-001  0.000000e+000
    outer loop
      vertex -2.165064e+000 -1.250000e+000  4.000000e+000
      vertex -2.165064e+000 -1.250000e+000  1.000000e+000
      vertex -2.349231e+000 -8.550504e-001  1.000000e+000
    endloop
  endfacet
  facet normal  9.063079e-001  4.226180e-001  -0.000000e+000
    outer loop
      vertex -2.165064e+000 -1.250000e+000  4.000000e+000
      vertex -2.349231e+000 -8.550504e-001  1.000000e+000
      vertex -2.349231e+000 -8.550504e-001  4.000000e+000
    endloop
  endfacet
  facet normal  9.659258e-001  2.588193e-001  0.000000e+000
    outer loop
      vertex -2.349231e+000 -8.550504e-001  4.000000e+000
      vertex -2.349231e+000 -8.550504e-001  1.000000e+000
      vertex -2.462019e+000 -4.341204e-001  1.000000e+000
    endloop
  endfacet
  facet normal  9.659258e-001  2.588193e-001  -0.000000e+000
    outer loop
      vertex -2.349231e+000 -8.550504e-001  4.000000e+000
      vertex -2.462019e+000 -4.341204e-001  1.000000e+000
      vertex -2.462019e+000 -4.341204e-001  4.000000e+000
    endloop
  endfacet
  facet normal  9.961947e-001  8.715560e-002  0.000000e+000
    outer loop
      vertex -2.462019e+000 -4.341204e-001  4.000000e+000
      vertex -2.462019e+000 -4.341204e-001  1.000000e+000
      vertex -2.500000e+000 -6.123234e-016  1.000000e+000
    endloop
  endfacet
  facet normal  9.961947e-001  8.715560e-002  -0.000000e+000
    outer loop
      vertex -2.462019e+000 -4.341204e-001  4.000000e+000
      vertex -2.500000e+000 -6.123234e-016  1.000000e+000
      vertex -2.500000e+000 -6.123234e-016  4.000000e+000
    endloop
  endfacet
  facet normal  8.715560e-002  9.961947e-001  0.000000e+000
    outer loop
      vertex -4.341204e-001 -2.462019e+000  1.000000e+000
      vertex  4.592425e-016 -2.500000e+000  4.000000e+000
      vertex  4.592425e-016 -2.500000e+000  1.000000e+000
    endloop
  endfacet
  facet normal -8.715560e-002  9.961947e-001  0.000000e+000
    outer loop
      vertex  4.592425e-016 -2.500000e+000  1.000000e+000
      vertex  4.592425e-016 -2.500000e+000  4.000000e+000
      vertex  4.341204e-001 -2.462019e+000  4.000000e+000
    endloop
  endfacet
  facet normal -8.715560e-002  9.961947e-001  0.000000e+000
    outer loop
      vertex  4.592425e-016 -2.500000e+000  1.000000e+000
      vertex  4.341204e-001 -2.462019e+000  4.000000e+000
      vertex  4.341204e-001 -2.462019e+000  1.000000e+000
    endloop
  endfacet
  facet normal -2.588193e-001  9.659258e-001  0.000000e+000
    outer loop
      vertex  4.341204e-001 -2.462019e+000  1.000000e+000
      vertex  4.341204e-001 -2.462019e+000  4.000000e+000
      vertex  8.550504e-001 -2.349231e+000  4.000000e+000
    endloop
  endfacet
  facet normal -2.588193e-001  9.659258e-001  0.000000e+000
    outer loop
      vertex  4.341204e-001 -2.462019e+000  1.000000e+000
      vertex  8.550504e-001 -2.349231e+000  4.000000e+000
      vertex  8.550504e-001 -2.349231e+000  1.000000e+000
    endloop
  endfacet
  facet normal -4.226180e-001  9.063079e-001  0.000000e+000
    outer loop
      vertex  8.550504e-001 -2.349231e+000  1.000000e+000
      vertex  8.550504e-001 -2.349231e+000  4.000000e+000
      vertex  1.250000e+000 -2.165064e+000  4.000000e+000
    endloop
  endfacet
  facet normal -4.226180e-001  9.063079e-001  0.000000e+000
    outer loop
      vertex  8.550504e-001 -2.349231e+000  1.000000e+000
      vertex  1.250000e+000 -2.165064e+000  4.000000e+000
      vertex  1.250000e+000 -2.165064e+000  1.000000e+000
    endloop
  endfacet
  facet normal -5.735767e-001  8.191519e-001  0.000000e+000
    outer loop
      vertex  1.250000e+000 -2.165064e+000  1.000000e+000
      vertex  1.250000e+000 -2.165064e+000  4.000000e+000
      vertex  1.606969e+000 -1.915111e+000  4.000000e+000
    endloop
  endfacet
  facet normal -5.735767e-001  8.191519e-001  0.000000e+000
    outer loop
      vertex  1.250000e+000 -2.165064e+000  1.000000e+000
      vertex  1.606969e+000 -1.915111e+000  4.000000e+000
      vertex  1.606969e+000 -1.915111e+000  1.000000e+000
    endloop
  endfacet
  facet normal -7.071068e-001  7.071068e-001  0.000000e+000
    outer loop
      vertex  1.606969e+000 -1.915111e+000  1.000000e+000
      vertex  1.606969e+000 -1.915111e+000  4.000000e+000
      vertex  1.915111e+000 -1.606969e+000  4.000000e+000
    endloop
  endfacet
  facet normal -7.071068e-001  7.071068e-001  0.000000e+000
    outer loop
      vertex  1.606969e+000 -1.915111e+000  1.000000e+000
      vertex  1.915111e+000 -1.606969e+000  4.000000e+000
      vertex  1.915111e+000 -1.606969e+000  1.000000e+000
    endloop
  endfacet
  facet normal -8.191519e-001  5.735767e-001  0.000000e+000
    outer loop
      vertex  1.915111e+000 -1.606969e+000  1.000000e+000
      vertex  1.915111e+000 -1.606969e+000  4.000000e+000
      vertex  2.165064e+000 -1.250000e+000  4.000000e+000
    endloop
  endfacet
  facet normal -8.191519e-001  5.735767e-001  0.000000e+000
    outer loop
      vertex  1.915111e+000 -1.606969e+000  1.000000e+000
      vertex  2.165064e+000 -1.250000e+000  4.000000e+000
      vertex  2.165064e+000 -1.250000e+000  1.000000e+000
    endloop
  endfacet
  facet normal -9.063079e-001  4.226180e-001  0.000000e+000
    outer loop
      vertex  2.165064e+000 -1.250000e+000  1.000000e+000
      vertex  2.165064e+000 -1.250000e+000  4.000000e+000
      vertex  2.349231e+000 -8.550504e-001  4.000000e+000
    endloop
  endfacet
  facet normal -9.063079e-001  4.226180e-001  0.000000e+000
    outer loop
      vertex  2.165064e+000 -1.250000e+000  1.000000e+000
      vertex  2.349231e+000 -8.550504e-001  4.000000e+000
      vertex  2.349231e+000 -8.550504e-001  1.000000e+000
    endloop
  endfacet
  facet normal -9.659258e-001  2.588193e-001  0.000000e+000
    outer loop
      vertex  2.349231e+000 -8.550504e-001  1.000000e+000
      vertex  2.349231e+000 -8.550504e-001  4.000000e+000
      vertex  2.462019e+000 -4.341204e-001  4.000000e+000
    endloop
  endfacet
  facet normal -9.659258e-001  2.588193e-001  0.000000e+000
    outer loop
      vertex  2.349231e+000 -8.550504e-001  1.000000e+000
      vertex  2.462019e+000 -4.341204e-001  4.000000e+000
      vertex  2.462019e+000 -4.341204e-001  1.000000e+000
    endloop
  endfacet
  facet normal -9.961947e-001  8.715560e-002  0.000000e+000
    outer loop
      vertex  2.462019e+000 -4.341204e-001  1.000000e+000
      vertex  2.462019e+000 -4.341204e-001  4.000000e+000
      vertex  2.500000e+000  3.061617e-016  4.000000e+000
    endloop
  endfacet
  facet normal -9.961947e-001  8.715560e-002  0.000000e+000
    outer loop
      vertex  2.462019e+000 -4.341204e-001  1.000000e+000
      vertex  2.500000e+000  3.061617e-016  4.000000e+000
      vertex  2.500000e+000  3.061617e-016  1.000000e+000
    endloop
  endfacet
  facet normal -8.715560e-002 -9.961947e-001  0.000000e+000
    outer loop
      vertex -1.530808e-016  2.500000e+000  4.000000e+000
      vertex  4.341204e-001  2.462019e+000  1.000000e+000
      vertex  4.341204e-001  2.462019e+000  4.000000e+000
    endloop
  endfacet
  facet normal -2.588193e-001 -9.659258e-001  -0.000000e+000
    outer loop
      vertex  4.341204e-001  2.462019e+000  4.000000e+000
      vertex  4.341204e-001  2.462019e+000  1.000000e+000
      vertex  8.550504e-001  2.349231e+000  1.000000e+000
    endloop
  endfacet
  facet normal -2.588193e-001 -9.659258e-001  0.000000e+000
    outer loop
      vertex  4.341204e-001  2.462019e+000  4.000000e+000
      vertex  8.550504e-001  2.349231e+000  1.000000e+000
      vertex  8.550504e-001  2.349231e+000  4.000000e+000
    endloop
  endfacet
  facet normal -4.226180e-001 -9.063079e-001  -0.000000e+000
    outer loop
      vertex  8.550504e-001  2.349231e+000  4.000000e+000
      vertex  8.550504e-001  2.349231e+000  1.000000e+000
      vertex  1.250000e+000  2.165064e+000  1.000000e+000
    endloop
  endfacet
  facet normal -4.226180e-001 -9.063079e-001  0.000000e+000
    outer loop
      vertex  8.550504e-001  2.349231e+000  4.000000e+000
      vertex  1.250000e+000  2.165064e+000  1.000000e+000
      vertex  1.250000e+000  2.165064e+000  4.000000e+000
    endloop
  endfacet
  facet normal -5.735767e-001 -8.191519e-001  -0.000000e+000
    outer loop
      vertex  1.250000e+000  2.165064e+000  4.000000e+000
      vertex  1.250000e+000  2.165064e+000  1.000000e+000
      vertex  1.606969e+000  1.915111e+000  1.000000e+000
    endloop
  endfacet
  facet normal -5.735767e-001 -8.191519e-001  0.000000e+000
    outer loop
      vertex  1.250000e+000  2.165064e+000  4.000000e+000
      vertex  1.606969e+000  1.915111e+000  1.000000e+000
      vertex  1.606969e+000  1.915111e+000  4.000000e+000
    endloop
  endfacet
  facet normal -7.071068e-001 -7.071068e-001  -0.000000e+000
    outer loop
      vertex  1.606969e+000  1.915111e+000  4.000000e+000
      vertex  1.606969e+000  1.915111e+000  1.000000e+000
      vertex  1.915111e+000  1.606969e+000  1.000000e+000
    endloop
  endfacet
  facet normal -7.071068e-001 -7.071068e-001  0.000000e+000
    outer loop
      vertex  1.606969e+000  1.915111e+000  4.000000e+000
      vertex  1.915111e+000  1.606969e+000  1.000000e+000
      vertex  1.915111e+000  1.606969e+000  4.000000e+000
    endloop
  endfacet
  facet normal -8.191519e-001 -5.735767e-001  -0.000000e+000
    outer loop
      vertex  1.915111e+000  1.606969e+000  4.000000e+000
      vertex  1.915111e+000  1.606969e+000  1.000000e+000
      vertex  2.165064e+000  1.250000e+000  1.000000e+000
    endloop
  endfacet
  facet normal -8.191519e-001 -5.735767e-001  0.000000e+000
    outer loop
      vertex  1.915111e+000  1.606969e+000  4.000000e+000
      vertex  2.165064e+000  1.250000e+000  1.000000e+000
      vertex  2.165064e+000  1.250000e+000  4.000000e+000
    endloop
  endfacet
  facet normal -9.063079e-001 -4.226180e-001  -0.000000e+000
    outer loop
      vertex  2.165064e+000  1.250000e+000  4.000000e+000
      vertex  2.165064e+000  1.250000e+000  1.000000e+000
      vertex  2.349231e+000  8.550504e-001  1.000000e+000
    endloop
  endfacet
  facet normal -9.063079e-001 -4.226180e-001  0.000000e+000
    outer loop
      vertex  2.165064e+000  1.250000e+000  4.000000e+000
      vertex  2.349231e+000  8.550504e-001  1.000000e+000
      vertex  2.349231e+000  8.550504e-001  4.000000e+000
    endloop
  endfacet
  facet normal -9.659258e-001 -2.588193e-001  -0.000000e+000
    outer loop
      vertex  2.349231e+000  8.550504e-001  4.000000e+000
      vertex  2.349231e+000  8.550504e-001  1.000000e+000
      vertex  2.462019e+000  4.341204e-001  1.000000e+000
    endloop
  endfacet
  facet normal -9.659258e-001 -2.588193e-001  0.000000e+000
    outer loop
      vertex  2.349231e+000  8.550504e-001  4.000000e+000
      vertex  2.462019e+000  4.341204e-001  1.000000e+000
      vertex  2.462019e+000  4.341204e-001  4.000000e+000
    endloop
  endfacet
  facet normal -9.961947e-001 -8.715560e-002  -0.000000e+000
    outer loop
      vertex  2.462019e+000  4.341204e-001  4.000000e+000
      vertex  2.462019e+000  4.341204e-001  1.000000e+000
      vertex  2.500000e+000  3.061617e-016  1.000000e+000
    endloop
  endfacet
  facet normal -9.961947e-001 -8.715560e-002  0.000000e+000
    outer loop
      vertex  2.462019e+000  4.341204e-001  4.000000e+000
      vertex  2.500000e+000  3.061617e-016  1.000000e+000
      vertex  2.500000e+000  3.061617e-016  4.000000e+000
    endloop
  endfacet
  facet normal -8.715560e-002 -9.961947e-001  -0.000000e+000
    outer loop
      vertex  4.341204e-001  2.462019e+000  1.000000e+000
      vertex -1.530808e-016  2.500000e+000  4.000000e+000
      vertex -1.530808e-016  2.500000e+000  1.000000e+000
    endloop
  endfacet
  facet normal  8.715560e-002 -9.961947e-001  0.000000e+000
    outer loop
      vertex -1.530808e-016  2.500000e+000  1.000000e+000
      vertex -1.530808e-016  2.500000e+000  4.000000e+000
      vertex -4.341204e-001  2.462019e+000  4.000000e+000
    endloop
  endfacet
  facet normal  8.715560e-002 -9.961947e-001  0.000000e+000
    outer loop
      vertex -1.530808e-016  2.500000e+000  1.000000e+000
      vertex -4.341204e-001  2.462019e+000  4.000000e+000
      vertex -4.341204e-001  2.462019e+000  1.000000e+000
    endloop
  endfacet
  facet normal  2.588193e-001 -9.659258e-001  0.000000e+000
    outer loop
      vertex -4.341204e-001  2.462019e+000  1.000000e+000
      vertex -4.341204e-001  2.462019e+000  4.000000e+000
      vertex -8.550504e-001  2.349231e+000  4.000000e+000
    endloop
  endfacet
  facet normal  2.588193e-001 -9.659258e-001  0.000000e+000
    outer loop
      vertex -4.341204e-001  2.462019e+000  1.000000e+000
      vertex -8.550504e-001  2.349231e+000  4.000000e+000
      vertex -8.550504e-001  2.349231e+000  1.000000e+000
    endloop
  endfacet
  facet normal  4.226180e-001 -9.063079e-001  0.000000e+000
    outer loop
      vertex -8.550504e-001  2.349231e+000  1.000000e+000
      vertex -8.550504e-001  2.349231e+000  4.000000e+000
      vertex -1.250000e+000  2.165064e+000  4.000000e+000
    endloop
  endfacet
  facet normal  4.226180e-001 -9.063079e-001  0.000000e+000
    outer loop
      vertex -8.550504e-001  2.349231e+000  1.000000e+000
      vertex -1.250000e+000  2.165064e+000  4.000000e+000
      vertex -1.250000e+000  2.165064e+000  1.000000e+000
    endloop
  endfacet
  facet normal  5.735767e-001 -8.191519e-001  0.000000e+000
    outer loop
      vertex -1.250000e+000  2.165064e+000  1.000000e+000
      vertex -1.250000e+000  2.165064e+000  4.000000e+000
      vertex -1.606969e+000  1.915111e+000  4.000000e+000
    endloop
  endfacet
  facet normal  5.735767e-001 -8.191519e-001  0.000000e+000
    outer loop
      vertex -1.250000e+000  2.165064e+000  1.000000e+000
      vertex -1.606969e+000  1.915111e+000  4.000000e+000
      vertex -1.606969e+000  1.915111e+000  1.000000e+000
    endloop
  endfacet
  facet normal  7.071068e-001 -7.071068e-001  0.000000e+000
    outer loop
      vertex -1.606969e+000  1.915111e+000  1.000000e+000
      vertex -1.606969e+000  1.915111e+000  4.000000e+000
      vertex -1.915111e+000  1.606969e+000  4.000000e+000
    endloop
  endfacet
  facet normal  7.071068e-001 -7.071068e-001  0.000000e+000
    outer loop
      vertex -1.606969e+000  1.915111e+000  1.000000e+000
      vertex -1.915111e+000  1.606969e+000  4.000000e+000
      vertex -1.915111e+000  1.606969e+000  1.000000e+000
    endloop
  endfacet
  facet normal  8.191519e-001 -5.735767e-001  0.000000e+000
    outer loop
      vertex -1.915111e+000  1.606969e+000  1.000000e+000
      vertex -1.915111e+000  1.606969e+000  4.000000e+000
      vertex -2.165064e+000  1.250000e+000  4.000000e+000
    endloop
  endfacet
  facet normal  8.191519e-001 -5.735767e-001  0.000000e+000
    outer loop
      vertex -1.915111e+000  1.606969e+000  1.000000e+000
      vertex -2.165064e+000  1.250000e+000  4.000000e+000
      vertex -2.165064e+000  1.250000e+000  1.000000e+000
    endloop
  endfacet
  facet normal  9.063079e-001 -4.226180e-001  0.000000e+000
    outer loop
      vertex -2.165064e+000  1.250000e+000  1.000000e+000
      vertex -2.165064e+000  1.250000e+000  4.000000e+000
      vertex -2.349231e+000  8.550504e-001  4.000000e+000
    endloop
  endfacet
  facet normal  9.063079e-001 -4.226180e-001  0.000000e+000
    outer loop
      vertex -2.165064e+000  1.250000e+000  1.000000e+000
      vertex -2.349231e+000  8.550504e-001  4.000000e+000
      vertex -2.349231e+000  8.550504e-001  1.000000e+000
    endloop
  endfacet
  facet normal  9.659258e-001 -2.588193e-001  0.000000e+000
    outer loop
      vertex -2.349231e+000  8.550504e-001  1.000000e+000
      vertex -2.349231e+000  8.550504e-001  4.000000e+000
      vertex -2.462019e+000  4.341204e-001  4.000000e+000
    endloop
  endfacet
  facet normal  9.659258e-001 -2.588193e-001  0.000000e+000
    outer loop
      vertex -2.349231e+000  8.550504e-001  1.000000e+000
      vertex -2.462019e+000  4.341204e-001  4.000000e+000
      vertex -2.462019e+000  4.341204e-001  1.000000e+000
    endloop
  endfacet
  facet normal  9.961947e-001 -8.715560e-002  0.000000e+000
    outer loop
      vertex -2.462019e+000  4.341204e-001  1.000000e+000
      vertex -2.462019e+000  4.341204e-001  4.000000e+000
      vertex -2.500000e+000 -6.123234e-016  4.000000e+000
    endloop
  endfacet
  facet normal  9.961947e-001 -8.715560e-002  0.000000e+000
    outer loop
      vertex -2.462019e+000  4.341204e-001  1.000000e+000
      vertex -2.500000e+000 -6.123234e-016  4.000000e+000
      vertex -2.500000e+000 -6.123234e-016  1.000000e+000
    endloop
  endfacet
  facet normal  1.305262e-001  9.914448e-001  -0.000000e+000
    outer loop
      vertex  1.836970e-016 -1.000000e+000  1.000000e+000
      vertex -2.588190e-001 -9.659258e-001  0.000000e+000
      vertex -2.588190e-001 -9.659258e-001  1.000000e+000
    endloop
  endfacet
  facet normal  3.826834e-001  9.238795e-001  0.000000e+000
    outer loop
      vertex -2.588190e-001 -9.659258e-001  1.000000e+000
      vertex -2.588190e-001 -9.659258e-001  0.000000e+000
      vertex -5.000000e-001 -8.660254e-001  0.000000e+000
    endloop
  endfacet
  facet normal  3.826834e-001  9.238795e-001  -0.000000e+000
    outer loop
      vertex -2.588190e-001 -9.659258e-001  1.000000e+000
      vertex -5.000000e-001 -8.660254e-001  0.000000e+000
      vertex -5.000000e-001 -8.660254e-001  1.000000e+000
    endloop
  endfacet
  facet normal  6.087614e-001  7.933533e-001  0.000000e+000
    outer loop
      vertex -5.000000e-001 -8.660254e-001  1.000000e+000
      vertex -5.000000e-001 -8.660254e-001  0.000000e+000
      vertex -7.071068e-001 -7.071068e-001  0.000000e+000
    endloop
  endfacet
  facet normal  6.087614e-001  7.933533e-001  -0.000000e+000
    outer loop
      vertex -5.000000e-001 -8.660254e-001  1.000000e+000
      vertex -7.071068e-001 -7.071068e-001  0.000000e+000
      vertex -7.071068e-001 -7.071068e-001  1.000000e+000
    endloop
  endfacet
  facet normal  7.933533e-001  6.087614e-001  0.000000e+000
    outer loop
      vertex -7.071068e-001 -7.071068e-001  1.000000e+000
      vertex -7.071068e-001 -7.071068e-001  0.000000e+000
      vertex -8.660254e-001 -5.000000e-001  0.000000e+000
    endloop
  endfacet
  facet normal  7.933533e-001  6.087614e-001  -0.000000e+000
    outer loop
      vertex -7.071068e-001 -7.071068e-001  1.000000e+000
      vertex -8.660254e-001 -5.000000e-001  0.000000e+000
      vertex -8.660254e-001 -5.000000e-001  1.000000e+000
    endloop
  endfacet
  facet normal  9.238795e-001  3.826834e-001  0.000000e+000
    outer loop
      vertex -8.660254e-001 -5.000000e-001  1.000000e+000
      vertex -8.660254e-001 -5.000000e-001  0.000000e+000
      vertex -9.659258e-001 -2.588190e-001  0.000000e+000
    endloop
  endfacet
  facet normal  9.238795e-001  3.826834e-001  -0.000000e+000
    outer loop
      vertex -8.660254e-001 -5.000000e-001  1.000000e+000
      vertex -9.659258e-001 -2.588190e-001  0.000000e+000
      vertex -9.659258e-001 -2.588190e-001  1.000000e+000
    endloop
  endfacet
  facet normal  9.914448e-001  1.305262e-001  0.000000e+000
    outer loop
      vertex -9.659258e-001 -2.588190e-001  1.000000e+000
      vertex -9.659258e-001 -2.588190e-001  0.000000e+000
      vertex -1.000000e+000  0.000000e+000  0.000000e+000
    endloop
  endfacet
  facet normal  9.914448e-001  1.305262e-001  3.196971e-017
    outer loop
      vertex -9.659258e-001 -2.588190e-001  1.000000e+000
      vertex -1.000000e+000  0.000000e+000  0.000000e+000
      vertex -1.000000e+000 -2.449294e-016  1.000000e+000
    endloop
  endfacet
  facet normal  1.305262e-001  9.914448e-001  0.000000e+000
    outer loop
      vertex -2.588190e-001 -9.659258e-001  0.000000e+000
      vertex  1.836970e-016 -1.000000e+000  1.000000e+000
      vertex  1.836970e-016 -1.000000e+000  0.000000e+000
    endloop
  endfacet
  facet normal -1.305262e-001  9.914448e-001  0.000000e+000
    outer loop
      vertex  1.836970e-016 -1.000000e+000  0.000000e+000
      vertex  1.836970e-016 -1.000000e+000  1.000000e+000
      vertex  2.588190e-001 -9.659258e-001  1.000000e+000
    endloop
  endfacet
  facet normal -1.305262e-001  9.914448e-001  0.000000e+000
    outer loop
      vertex  1.836970e-016 -1.000000e+000  0.000000e+000
      vertex  2.588190e-001 -9.659258e-001  1.000000e+000
      vertex  2.588190e-001 -9.659258e-001  0.000000e+000
    endloop
  endfacet
  facet normal -3.826834e-001  9.238795e-001  0.000000e+000
    outer loop
      vertex  2.588190e-001 -9.659258e-001  0.000000e+000
      vertex  2.588190e-001 -9.659258e-001  1.000000e+000
      vertex  5.000000e-001 -8.660254e-001  1.000000e+000
    endloop
  endfacet
  facet normal -3.826834e-001  9.238795e-001  0.000000e+000
    outer loop
      vertex  2.588190e-001 -9.659258e-001  0.000000e+000
      vertex  5.000000e-001 -8.660254e-001  1.000000e+000
      vertex  5.000000e-001 -8.660254e-001  0.000000e+000
    endloop
  endfacet
  facet normal -6.087614e-001  7.933533e-001  0.000000e+000
    outer loop
      vertex  5.000000e-001 -8.660254e-001  0.000000e+000
      vertex  5.000000e-001 -8.660254e-001  1.000000e+000
      vertex  7.071068e-001 -7.071068e-001  1.000000e+000
    endloop
  endfacet
  facet normal -6.087614e-001  7.933533e-001  0.000000e+000
    outer loop
      vertex  5.000000e-001 -8.660254e-001  0.000000e+000
      vertex  7.071068e-001 -7.071068e-001  1.000000e+000
      vertex  7.071068e-001 -7.071068e-001  0.000000e+000
    endloop
  endfacet
  facet normal -7.933533e-001  6.087614e-001  0.000000e+000
    outer loop
      vertex  7.071068e-001 -7.071068e-001  0.000000e+000
      vertex  7.071068e-001 -7.071068e-001  1.000000e+000
      vertex  8.660254e-001 -5.000000e-001  1.000000e+000
    endloop
  endfacet
  facet normal -7.933533e-001  6.087614e-001  0.000000e+000
    outer loop
      vertex  7.071068e-001 -7.071068e-001  0.000000e+000
      vertex  8.660254e-001 -5.000000e-001  1.000000e+000
      vertex  8.660254e-001 -5.000000e-001  0.000000e+000
    endloop
  endfacet
  facet normal -9.238795e-001  3.826834e-001  0.000000e+000
    outer loop
      vertex  8.660254e-001 -5.000000e-001  0.000000e+000
      vertex  8.660254e-001 -5.000000e-001  1.000000e+000
      vertex  9.659258e-001 -2.588190e-001  1.000000e+000
    endloop
  endfacet
  facet normal -9.238795e-001  3.826834e-001  0.000000e+000
    outer loop
      vertex  8.660254e-001 -5.000000e-001  0.000000e+000
      vertex  9.659258e-001 -2.588190e-001  1.000000e+000
      vertex  9.659258e-001 -2.588190e-001  0.000000e+000
    endloop
  endfacet
  facet normal -9.914448e-001  1.305262e-001  0.000000e+000
    outer loop
      vertex  9.659258e-001 -2.588190e-001  0.000000e+000
      vertex  9.659258e-001 -2.588190e-001  1.000000e+000
      vertex  1.000000e+000  5.665539e-016  1.000000e+000
    endloop
  endfacet
  facet normal -9.914448e-001  1.305262e-001 -5.796529e-017
    outer loop
      vertex  9.659258e-001 -2.588190e-001  0.000000e+000
      vertex  1.000000e+000  5.665539e-016  1.000000e+000
      vertex  1.000000e+000  1.224647e-016  0.000000e+000
    endloop
  endfacet
  facet normal -1.305262e-001 -9.914448e-001  0.000000e+000
    outer loop
      vertex -2.832769e-016  1.000000e+000  1.000000e+000
      vertex  2.588190e-001  9.659258e-001  0.000000e+000
      vertex  2.588190e-001  9.659258e-001  1.000000e+000
    endloop
  endfacet
  facet normal -3.826834e-001 -9.238795e-001  -0.000000e+000
    outer loop
      vertex  2.588190e-001  9.659258e-001  1.000000e+000
      vertex  2.588190e-001  9.659258e-001  0.000000e+000
      vertex  5.000000e-001  8.660254e-001  0.000000e+000
    endloop
  endfacet
  facet normal -3.826834e-001 -9.238795e-001  0.000000e+000
    outer loop
      vertex  2.588190e-001  9.659258e-001  1.000000e+000
      vertex  5.000000e-001  8.660254e-001  0.000000e+000
      vertex  5.000000e-001  8.660254e-001  1.000000e+000
    endloop
  endfacet
  facet normal -6.087614e-001 -7.933533e-001  -0.000000e+000
    outer loop
      vertex  5.000000e-001  8.660254e-001  1.000000e+000
      vertex  5.000000e-001  8.660254e-001  0.000000e+000
      vertex  7.071068e-001  7.071068e-001  0.000000e+000
    endloop
  endfacet
  facet normal -6.087614e-001 -7.933533e-001  0.000000e+000
    outer loop
      vertex  5.000000e-001  8.660254e-001  1.000000e+000
      vertex  7.071068e-001  7.071068e-001  0.000000e+000
      vertex  7.071068e-001  7.071068e-001  1.000000e+000
    endloop
  endfacet
  facet normal -7.933533e-001 -6.087614e-001  -0.000000e+000
    outer loop
      vertex  7.071068e-001  7.071068e-001  1.000000e+000
      vertex  7.071068e-001  7.071068e-001  0.000000e+000
      vertex  8.660254e-001  5.000000e-001  0.000000e+000
    endloop
  endfacet
  facet normal -7.933533e-001 -6.087614e-001  0.000000e+000
    outer loop
      vertex  7.071068e-001  7.071068e-001  1.000000e+000
      vertex  8.660254e-001  5.000000e-001  0.000000e+000
      vertex  8.660254e-001  5.000000e-001  1.000000e+000
    endloop
  endfacet
  facet normal -9.238795e-001 -3.826834e-001  -0.000000e+000
    outer loop
      vertex  8.660254e-001  5.000000e-001  1.000000e+000
      vertex  8.660254e-001  5.000000e-001  0.000000e+000
      vertex  9.659258e-001  2.588190e-001  0.000000e+000
    endloop
  endfacet
  facet normal -9.238795e-001 -3.826834e-001  0.000000e+000
    outer loop
      vertex  8.660254e-001  5.000000e-001  1.000000e+000
      vertex  9.659258e-001  2.588190e-001  0.000000e+000
      vertex  9.659258e-001  2.588190e-001  1.000000e+000
    endloop
  endfacet
  facet normal -9.914448e-001 -1.305262e-001  -0.000000e+000
    outer loop
      vertex  9.659258e-001  2.588190e-001  1.000000e+000
      vertex  9.659258e-001  2.588190e-001  0.000000e+000
      vertex  1.000000e+000  1.224647e-016  0.000000e+000
    endloop
  endfacet
  facet normal -9.914448e-001 -1.305262e-001  5.796529e-017
    outer loop
      vertex  9.659258e-001  2.588190e-001  1.000000e+000
      vertex  1.000000e+000  1.224647e-016  0.000000e+000
      vertex  1.000000e+000  5.665539e-016  1.000000e+000
    endloop
  endfacet
  facet normal -1.305262e-001 -9.914448e-001 -2.898265e-017
    outer loop
      vertex  2.588190e-001  9.659258e-001  0.000000e+000
      vertex -2.832769e-016  1.000000e+000  1.000000e+000
      vertex -6.123234e-017  1.000000e+000  0.000000e+000
    endloop
  endfacet
  facet normal  1.305262e-001 -9.914448e-001  2.898265e-017
    outer loop
      vertex -6.123234e-017  1.000000e+000  0.000000e+000
      vertex -2.832769e-016  1.000000e+000  1.000000e+000
      vertex -2.588190e-001  9.659258e-001  1.000000e+000
    endloop
  endfacet
  facet normal  1.305262e-001 -9.914448e-001  0.000000e+000
    outer loop
      vertex -6.123234e-017  1.000000e+000  0.000000e+000
      vertex -2.588190e-001  9.659258e-001  1.000000e+000
      vertex -2.588190e-001  9.659258e-001  0.000000e+000
    endloop
  endfacet
  facet normal  3.826834e-001 -9.238795e-001  0.000000e+000
    outer loop
      vertex -2.588190e-001  9.659258e-001  0.000000e+000
      vertex -2.588190e-001  9.659258e-001  1.000000e+000
      vertex -5.000000e-001  8.660254e-001  1.000000e+000
    endloop
  endfacet
  facet normal  3.826834e-001 -9.238795e-001  0.000000e+000
    outer loop
      vertex -2.588190e-001  9.659258e-001  0.000000e+000
      vertex -5.000000e-001  8.660254e-001  1.000000e+000
      vertex -5.000000e-001  8.660254e-001  0.000000e+000
    endloop
  endfacet
  facet normal  6.087614e-001 -7.933533e-001  0.000000e+000
    outer loop
      vertex -5.000000e-001  8.660254e-001  0.000000e+000
      vertex -5.000000e-001  8.660254e-001  1.000000e+000
      vertex -7.071068e-001  7.071068e-001  1.000000e+000
    endloop
  endfacet
  facet normal  6.087614e-001 -7.933533e-001  0.000000e+000
    outer loop
      vertex -5.000000e-001  8.660254e-001  0.000000e+000
      vertex -7.071068e-001  7.071068e-001  1.000000e+000
      vertex -7.071068e-001  7.071068e-001  0.000000e+000
    endloop
  endfacet
  facet normal  7.933533e-001 -6.087614e-001  0.000000e+000
    outer loop
      vertex -7.071068e-001  7.071068e-001  0.000000e+000
      vertex -7.071068e-001  7.071068e-001  1.000000e+000
      vertex -8.660254e-001  5.000000e-001  1.000000e+000
    endloop
  endfacet
  facet normal  7.933533e-001 -6.087614e-001  0.000000e+000
    outer loop
      vertex -7.071068e-001  7.071068e-001  0.000000e+000
      vertex -8.660254e-001  5.000000e-001  1.000000e+000
      vertex -8.660254e-001  5.000000e-001  0.000000e+000
    endloop
  endfacet
  facet normal  9.238795e-001 -3.826834e-001  0.000000e+000
    outer loop
      vertex -8.660254e-001  5.000000e-001  0.000000e+000
      vertex -8.660254e-001  5.000000e-001  1.000000e+000
      vertex -9.659258e-001  2.588190e-001  1.000000e+000
    endloop
  endfacet
  facet normal  9.238795e-001 -3.826834e-001  0.000000e+000
    outer loop
      vertex -8.660254e-001  5.000000e-001  0.000000e+000
      vertex -9.659258e-001  2.588190e-001  1.000000e+000
      vertex -9.659258e-001  2.588190e-001  0.000000e+000
    endloop
  endfacet
  facet normal  9.914448e-001 -1.305262e-001  0.000000e+000
    outer loop
      vertex -9.659258e-001  2.588190e-001  0.000000e+000
      vertex -9.659258e-001  2.588190e-001  1.000000e+000
      vertex -1.000000e+000 -2.449294e-016  1.000000e+000
    endloop
  endfacet
  facet normal  9.914448e-001 -1.305262e-001 -3.196971e-017
    outer loop
      vertex -9.659258e-001  2.588190e-001  0.000000e+000
      vertex -1.000000e+000 -2.449294e-016  1.000000e+000
      vertex -1.000000e+000  0.000000e+000  0.000000e+000
    endloop
  endfacet
endsolid CATIA STL
