solid CATIA STL
  facet normal  -0.000000e+000  1.000000e+000  0.000000e+000
    outer loop
      vertex  9.300618e-001  1.000000e+001 -2.852190e+000
      vertex  1.224647e-016  1.000000e+001 -2.000000e+000
      vertex  3.901806e-001  1.000000e+001 -1.961571e+000
    endloop
  endfacet
  facet normal  -0.000000e+000  1.000000e+000  0.000000e+000
    outer loop
      vertex  9.300618e-001  1.000000e+001 -2.852190e+000
      vertex  3.901806e-001  1.000000e+001 -1.961571e+000
      vertex  7.653669e-001  1.000000e+001 -1.847759e+000
    endloop
  endfacet
  facet normal  -0.000000e+000  1.000000e+000  0.000000e+000
    outer loop
      vertex  9.300618e-001  1.000000e+001 -2.852190e+000
      vertex  7.653669e-001  1.000000e+001 -1.847759e+000
      vertex  1.111140e+000  1.000000e+001 -1.662939e+000
    endloop
  endfacet
  facet normal  -0.000000e+000  1.000000e+000  0.000000e+000
    outer loop
      vertex  9.300618e-001  1.000000e+001 -2.852190e+000
      vertex  1.111140e+000  1.000000e+001 -1.662939e+000
      vertex  1.414214e+000  1.000000e+001 -1.414214e+000
    endloop
  endfacet
  facet normal  0.000000e+000  1.000000e+000  0.000000e+000
    outer loop
      vertex  9.300618e-001  1.000000e+001 -2.852190e+000
      vertex  1.414214e+000  1.000000e+001 -1.414214e+000
      vertex  1.364792e+000  1.000000e+001 -2.671581e+000
    endloop
  endfacet
  facet normal  0.000000e+000  9.999999e-001  0.000000e+000
    outer loop
      vertex -9.300618e-001  1.000000e+001  2.852190e+000
      vertex -4.724305e-001  1.000000e+001  2.962568e+000
      vertex -3.901806e-001  1.000000e+001  1.961571e+000
    endloop
  endfacet
  facet normal  0.000000e+000  1.000000e+000  0.000000e+000
    outer loop
      vertex -9.300618e-001  1.000000e+001  2.852190e+000
      vertex -3.901806e-001  1.000000e+001  1.961571e+000
      vertex -7.653669e-001  1.000000e+001  1.847759e+000
    endloop
  endfacet
  facet normal  0.000000e+000  1.000000e+000  0.000000e+000
    outer loop
      vertex -9.300618e-001  1.000000e+001  2.852190e+000
      vertex -7.653669e-001  1.000000e+001  1.847759e+000
      vertex -1.111140e+000  1.000000e+001  1.662939e+000
    endloop
  endfacet
  facet normal  0.000000e+000  1.000000e+000  -0.000000e+000
    outer loop
      vertex -9.300618e-001  1.000000e+001  2.852190e+000
      vertex -1.111140e+000  1.000000e+001  1.662939e+000
      vertex -2.347678e+001  1.000000e+001 -4.500000e+000
    endloop
  endfacet
  facet normal  0.000000e+000  1.000000e+000  0.000000e+000
    outer loop
      vertex  9.300618e-001  1.000000e+001 -2.852190e+000
      vertex -2.206994e+001  1.000000e+001 -1.035219e+001
      vertex -2.115224e+001  1.000000e+001 -8.265367e+000
    endloop
  endfacet
  facet normal  0.000000e+000  1.000000e+000  0.000000e+000
    outer loop
      vertex  9.300618e-001  1.000000e+001 -2.852190e+000
      vertex -2.115224e+001  1.000000e+001 -8.265367e+000
      vertex -2.103843e+001  1.000000e+001 -7.890181e+000
    endloop
  endfacet
  facet normal  0.000000e+000  1.000000e+000  0.000000e+000
    outer loop
      vertex  9.300618e-001  1.000000e+001 -2.852190e+000
      vertex -2.103843e+001  1.000000e+001 -7.890181e+000
      vertex -2.100000e+001  1.000000e+001 -7.500000e+000
    endloop
  endfacet
  facet normal  0.000000e+000  1.000000e+000  -0.000000e+000
    outer loop
      vertex  9.300618e-001  1.000000e+001 -2.852190e+000
      vertex -2.100000e+001  1.000000e+001 -7.500000e+000
      vertex -2.103843e+001  1.000000e+001 -7.109819e+000
    endloop
  endfacet
  facet normal  0.000000e+000  1.000000e+000  -0.000000e+000
    outer loop
      vertex  9.300618e-001  1.000000e+001 -2.852190e+000
      vertex -2.103843e+001  1.000000e+001 -7.109819e+000
      vertex -2.115224e+001  1.000000e+001 -6.734633e+000
    endloop
  endfacet
  facet normal  0.000000e+000  1.000000e+000  -0.000000e+000
    outer loop
      vertex  9.300618e-001  1.000000e+001 -2.852190e+000
      vertex -2.115224e+001  1.000000e+001 -6.734633e+000
      vertex -2.133706e+001  1.000000e+001 -6.388860e+000
    endloop
  endfacet
  facet normal  0.000000e+000  1.000000e+000  -0.000000e+000
    outer loop
      vertex  9.300618e-001  1.000000e+001 -2.852190e+000
      vertex -2.133706e+001  1.000000e+001 -6.388860e+000
      vertex -2.158579e+001  1.000000e+001 -6.085786e+000
    endloop
  endfacet
  facet normal  0.000000e+000  1.000000e+000  -0.000000e+000
    outer loop
      vertex  9.300618e-001  1.000000e+001 -2.852190e+000
      vertex -2.158579e+001  1.000000e+001 -6.085786e+000
      vertex -2.188886e+001  1.000000e+001 -5.837061e+000
    endloop
  endfacet
  facet normal  0.000000e+000  1.000000e+000  -0.000000e+000
    outer loop
      vertex  9.300618e-001  1.000000e+001 -2.852190e+000
      vertex -2.188886e+001  1.000000e+001 -5.837061e+000
      vertex -2.347678e+001  1.000000e+001 -4.500000e+000
    endloop
  endfacet
  facet normal  0.000000e+000  1.000000e+000  0.000000e+000
    outer loop
      vertex -2.347678e+001  1.000000e+001 -4.500000e+000
      vertex -1.111140e+000  1.000000e+001  1.662939e+000
      vertex -1.414214e+000  1.000000e+001  1.414214e+000
    endloop
  endfacet
  facet normal  0.000000e+000  1.000000e+000  0.000000e+000
    outer loop
      vertex -2.347678e+001  1.000000e+001 -4.500000e+000
      vertex -1.414214e+000  1.000000e+001  1.414214e+000
      vertex -1.662939e+000  1.000000e+001  1.111140e+000
    endloop
  endfacet
  facet normal  0.000000e+000  9.999999e-001  0.000000e+000
    outer loop
      vertex -2.347678e+001  1.000000e+001 -4.500000e+000
      vertex -1.662939e+000  1.000000e+001  1.111140e+000
      vertex -1.847759e+000  1.000000e+001  7.653669e-001
    endloop
  endfacet
  facet normal  0.000000e+000  9.999999e-001  0.000000e+000
    outer loop
      vertex -2.347678e+001  1.000000e+001 -4.500000e+000
      vertex -1.847759e+000  1.000000e+001  7.653669e-001
      vertex -1.961571e+000  1.000000e+001  3.901806e-001
    endloop
  endfacet
  facet normal  0.000000e+000  1.000000e+000  0.000000e+000
    outer loop
      vertex -2.347678e+001  1.000000e+001 -4.500000e+000
      vertex -1.961571e+000  1.000000e+001  3.901806e-001
      vertex -2.000000e+000  1.000000e+001 -2.449294e-016
    endloop
  endfacet
  facet normal  0.000000e+000  1.000000e+000  0.000000e+000
    outer loop
      vertex -2.347678e+001  1.000000e+001 -4.500000e+000
      vertex -2.000000e+000  1.000000e+001 -2.449294e-016
      vertex -1.961571e+000  1.000000e+001 -3.901806e-001
    endloop
  endfacet
  facet normal  0.000000e+000  1.000000e+000  0.000000e+000
    outer loop
      vertex -2.347678e+001  1.000000e+001 -4.500000e+000
      vertex -1.961571e+000  1.000000e+001 -3.901806e-001
      vertex -1.847759e+000  1.000000e+001 -7.653669e-001
    endloop
  endfacet
  facet normal  0.000000e+000  1.000000e+000  0.000000e+000
    outer loop
      vertex -2.347678e+001  1.000000e+001 -4.500000e+000
      vertex -1.847759e+000  1.000000e+001 -7.653669e-001
      vertex -1.662939e+000  1.000000e+001 -1.111140e+000
    endloop
  endfacet
  facet normal  0.000000e+000  1.000000e+000  0.000000e+000
    outer loop
      vertex -2.347678e+001  1.000000e+001 -4.500000e+000
      vertex -1.662939e+000  1.000000e+001 -1.111140e+000
      vertex -1.414214e+000  1.000000e+001 -1.414214e+000
    endloop
  endfacet
  facet normal  0.000000e+000  1.000000e+000  0.000000e+000
    outer loop
      vertex -2.347678e+001  1.000000e+001 -4.500000e+000
      vertex -1.414214e+000  1.000000e+001 -1.414214e+000
      vertex -1.111140e+000  1.000000e+001 -1.662939e+000
    endloop
  endfacet
  facet normal  0.000000e+000  1.000000e+000  0.000000e+000
    outer loop
      vertex -2.347678e+001  1.000000e+001 -4.500000e+000
      vertex -1.111140e+000  1.000000e+001 -1.662939e+000
      vertex -7.653669e-001  1.000000e+001 -1.847759e+000
    endloop
  endfacet
  facet normal  0.000000e+000  1.000000e+000  0.000000e+000
    outer loop
      vertex -2.347678e+001  1.000000e+001 -4.500000e+000
      vertex -7.653669e-001  1.000000e+001 -1.847759e+000
      vertex -3.901806e-001  1.000000e+001 -1.961571e+000
    endloop
  endfacet
  facet normal  0.000000e+000  1.000000e+000  0.000000e+000
    outer loop
      vertex -2.347678e+001  1.000000e+001 -4.500000e+000
      vertex -3.901806e-001  1.000000e+001 -1.961571e+000
      vertex  1.224647e-016  1.000000e+001 -2.000000e+000
    endloop
  endfacet
  facet normal  0.000000e+000  1.000000e+000  0.000000e+000
    outer loop
      vertex -2.347678e+001  1.000000e+001 -4.500000e+000
      vertex  1.224647e-016  1.000000e+001 -2.000000e+000
      vertex  9.300618e-001  1.000000e+001 -2.852190e+000
    endloop
  endfacet
  facet normal  0.000000e+000  1.000000e+000  -0.000000e+000
    outer loop
      vertex -2.206994e+001  1.000000e+001 -1.035219e+001
      vertex -2.252913e+001  1.000000e+001 -1.046282e+001
      vertex -2.260982e+001  1.000000e+001 -9.461571e+000
    endloop
  endfacet
  facet normal  -0.000000e+000  1.000000e+000  0.000000e+000
    outer loop
      vertex -2.206994e+001  1.000000e+001 -1.035219e+001
      vertex -2.260982e+001  1.000000e+001 -9.461571e+000
      vertex -2.223463e+001  1.000000e+001 -9.347759e+000
    endloop
  endfacet
  facet normal  -0.000000e+000  1.000000e+000  0.000000e+000
    outer loop
      vertex -2.206994e+001  1.000000e+001 -1.035219e+001
      vertex -2.223463e+001  1.000000e+001 -9.347759e+000
      vertex -2.188886e+001  1.000000e+001 -9.162939e+000
    endloop
  endfacet
  facet normal  -0.000000e+000  1.000000e+000  0.000000e+000
    outer loop
      vertex -2.206994e+001  1.000000e+001 -1.035219e+001
      vertex -2.188886e+001  1.000000e+001 -9.162939e+000
      vertex -2.158579e+001  1.000000e+001 -8.914213e+000
    endloop
  endfacet
  facet normal  -0.000000e+000  1.000000e+000  0.000000e+000
    outer loop
      vertex -2.206994e+001  1.000000e+001 -1.035219e+001
      vertex -2.158579e+001  1.000000e+001 -8.914213e+000
      vertex -2.133706e+001  1.000000e+001 -8.611140e+000
    endloop
  endfacet
  facet normal  -0.000000e+000  1.000000e+000  0.000000e+000
    outer loop
      vertex -2.206994e+001  1.000000e+001 -1.035219e+001
      vertex -2.133706e+001  1.000000e+001 -8.611140e+000
      vertex -2.115224e+001  1.000000e+001 -8.265367e+000
    endloop
  endfacet
  facet normal  0.000000e+000  1.000000e+000  0.000000e+000
    outer loop
      vertex -3.300000e+001  1.000000e+001 -1.050000e+001
      vertex -3.300000e+001  1.000000e+001 -4.500000e+000
      vertex -2.500000e+001  1.000000e+001 -7.500000e+000
    endloop
  endfacet
  facet normal  0.000000e+000  1.000000e+000  0.000000e+000
    outer loop
      vertex -3.300000e+001  1.000000e+001 -1.050000e+001
      vertex -2.500000e+001  1.000000e+001 -7.500000e+000
      vertex -2.496157e+001  1.000000e+001 -7.890181e+000
    endloop
  endfacet
  facet normal  0.000000e+000  1.000000e+000  0.000000e+000
    outer loop
      vertex -3.300000e+001  1.000000e+001 -1.050000e+001
      vertex -2.496157e+001  1.000000e+001 -7.890181e+000
      vertex -2.484776e+001  1.000000e+001 -8.265367e+000
    endloop
  endfacet
  facet normal  0.000000e+000  1.000000e+000  0.000000e+000
    outer loop
      vertex -3.300000e+001  1.000000e+001 -1.050000e+001
      vertex -2.484776e+001  1.000000e+001 -8.265367e+000
      vertex -2.466294e+001  1.000000e+001 -8.611140e+000
    endloop
  endfacet
  facet normal  0.000000e+000  1.000000e+000  0.000000e+000
    outer loop
      vertex -3.300000e+001  1.000000e+001 -1.050000e+001
      vertex -2.466294e+001  1.000000e+001 -8.611140e+000
      vertex -2.441421e+001  1.000000e+001 -8.914213e+000
    endloop
  endfacet
  facet normal  0.000000e+000  9.999999e-001  0.000000e+000
    outer loop
      vertex -3.300000e+001  1.000000e+001 -1.050000e+001
      vertex -2.441421e+001  1.000000e+001 -8.914213e+000
      vertex -2.411114e+001  1.000000e+001 -9.162939e+000
    endloop
  endfacet
  facet normal  0.000000e+000  1.000000e+000  0.000000e+000
    outer loop
      vertex -3.300000e+001  1.000000e+001 -1.050000e+001
      vertex -2.411114e+001  1.000000e+001 -9.162939e+000
      vertex -2.376537e+001  1.000000e+001 -9.347759e+000
    endloop
  endfacet
  facet normal  0.000000e+000  1.000000e+000  0.000000e+000
    outer loop
      vertex -3.300000e+001  1.000000e+001 -1.050000e+001
      vertex -2.376537e+001  1.000000e+001 -9.347759e+000
      vertex -2.339018e+001  1.000000e+001 -9.461571e+000
    endloop
  endfacet
  facet normal  0.000000e+000  1.000000e+000  0.000000e+000
    outer loop
      vertex -3.300000e+001  1.000000e+001 -1.050000e+001
      vertex -2.339018e+001  1.000000e+001 -9.461571e+000
      vertex -2.300000e+001  1.000000e+001 -9.500000e+000
    endloop
  endfacet
  facet normal  0.000000e+000  1.000000e+000  0.000000e+000
    outer loop
      vertex -3.300000e+001  1.000000e+001 -1.050000e+001
      vertex -2.300000e+001  1.000000e+001 -9.500000e+000
      vertex -2.300000e+001  1.000000e+001 -1.050000e+001
    endloop
  endfacet
  facet normal  -0.000000e+000  1.000000e+000  0.000000e+000
    outer loop
      vertex  2.000000e+000  1.000000e+001  0.000000e+000
      vertex  1.961571e+000  1.000000e+001  3.901806e-001
      vertex  2.119080e+000  1.000000e+001  2.123558e+000
    endloop
  endfacet
  facet normal  0.000000e+000  1.000000e+000  0.000000e+000
    outer loop
      vertex  2.000000e+000  1.000000e+001  0.000000e+000
      vertex  2.119080e+000  1.000000e+001  2.123558e+000
      vertex  2.425189e+000  1.000000e+001  1.765916e+000
    endloop
  endfacet
  facet normal  0.000000e+000  1.000000e+000  0.000000e+000
    outer loop
      vertex  2.000000e+000  1.000000e+001  0.000000e+000
      vertex  2.425189e+000  1.000000e+001  1.765916e+000
      vertex  2.671581e+000  1.000000e+001  1.364792e+000
    endloop
  endfacet
  facet normal  0.000000e+000  1.000000e+000  0.000000e+000
    outer loop
      vertex  2.000000e+000  1.000000e+001  0.000000e+000
      vertex  2.671581e+000  1.000000e+001  1.364792e+000
      vertex  2.852190e+000  1.000000e+001  9.300618e-001
    endloop
  endfacet
  facet normal  0.000000e+000  1.000000e+000  0.000000e+000
    outer loop
      vertex  2.000000e+000  1.000000e+001  0.000000e+000
      vertex  2.852190e+000  1.000000e+001  9.300618e-001
      vertex  2.962568e+000  1.000000e+001  4.724305e-001
    endloop
  endfacet
  facet normal  0.000000e+000  1.000000e+000  0.000000e+000
    outer loop
      vertex  2.000000e+000  1.000000e+001  0.000000e+000
      vertex  2.962568e+000  1.000000e+001  4.724305e-001
      vertex  2.999998e+000  1.000000e+001  3.166303e-003
    endloop
  endfacet
  facet normal  0.000000e+000  1.000000e+000  0.000000e+000
    outer loop
      vertex  2.000000e+000  1.000000e+001  0.000000e+000
      vertex  2.999998e+000  1.000000e+001  3.166303e-003
      vertex  2.963559e+000  1.000000e+001 -4.661758e-001
    endloop
  endfacet
  facet normal  0.000000e+000  1.000000e+000  0.000000e+000
    outer loop
      vertex  2.000000e+000  1.000000e+001  0.000000e+000
      vertex  2.963559e+000  1.000000e+001 -4.661758e-001
      vertex  2.854146e+000  1.000000e+001 -9.240391e-001
    endloop
  endfacet
  facet normal  0.000000e+000  1.000000e+000  0.000000e+000
    outer loop
      vertex  2.000000e+000  1.000000e+001  0.000000e+000
      vertex  2.854146e+000  1.000000e+001 -9.240391e-001
      vertex  2.674456e+000  1.000000e+001 -1.359150e+000
    endloop
  endfacet
  facet normal  0.000000e+000  9.999999e-001  0.000000e+000
    outer loop
      vertex  2.000000e+000  1.000000e+001  0.000000e+000
      vertex  2.674456e+000  1.000000e+001 -1.359150e+000
      vertex  2.428911e+000  1.000000e+001 -1.760793e+000
    endloop
  endfacet
  facet normal  0.000000e+000  1.000000e+000  0.000000e+000
    outer loop
      vertex  2.000000e+000  1.000000e+001  0.000000e+000
      vertex  2.428911e+000  1.000000e+001 -1.760793e+000
      vertex  2.123558e+000  1.000000e+001 -2.119080e+000
    endloop
  endfacet
  facet normal  0.000000e+000  1.000000e+000  0.000000e+000
    outer loop
      vertex  2.000000e+000  1.000000e+001  0.000000e+000
      vertex  2.123558e+000  1.000000e+001 -2.119080e+000
      vertex  1.961571e+000  1.000000e+001 -3.901806e-001
    endloop
  endfacet
  facet normal  0.000000e+000  1.000000e+000  0.000000e+000
    outer loop
      vertex -2.347678e+001  1.000000e+001 -4.500000e+000
      vertex -2.188886e+001  1.000000e+001 -5.837061e+000
      vertex -2.223463e+001  1.000000e+001 -5.652241e+000
    endloop
  endfacet
  facet normal  0.000000e+000  1.000000e+000  0.000000e+000
    outer loop
      vertex -2.347678e+001  1.000000e+001 -4.500000e+000
      vertex -2.223463e+001  1.000000e+001 -5.652241e+000
      vertex -2.260982e+001  1.000000e+001 -5.538429e+000
    endloop
  endfacet
  facet normal  0.000000e+000  1.000000e+000  0.000000e+000
    outer loop
      vertex -2.347678e+001  1.000000e+001 -4.500000e+000
      vertex -2.260982e+001  1.000000e+001 -5.538429e+000
      vertex -2.300000e+001  1.000000e+001 -5.500000e+000
    endloop
  endfacet
  facet normal  0.000000e+000  9.999999e-001  0.000000e+000
    outer loop
      vertex -2.347678e+001  1.000000e+001 -4.500000e+000
      vertex -2.300000e+001  1.000000e+001 -5.500000e+000
      vertex -2.339018e+001  1.000000e+001 -5.538429e+000
    endloop
  endfacet
  facet normal  0.000000e+000  1.000000e+000  0.000000e+000
    outer loop
      vertex -2.347678e+001  1.000000e+001 -4.500000e+000
      vertex -2.339018e+001  1.000000e+001 -5.538429e+000
      vertex -2.376537e+001  1.000000e+001 -5.652241e+000
    endloop
  endfacet
  facet normal  0.000000e+000  1.000000e+000  -0.000000e+000
    outer loop
      vertex -2.347678e+001  1.000000e+001 -4.500000e+000
      vertex -2.376537e+001  1.000000e+001 -5.652241e+000
      vertex -3.300000e+001  1.000000e+001 -4.500000e+000
    endloop
  endfacet
  facet normal  0.000000e+000  1.000000e+000  0.000000e+000
    outer loop
      vertex -3.300000e+001  1.000000e+001 -4.500000e+000
      vertex -2.376537e+001  1.000000e+001 -5.652241e+000
      vertex -2.411114e+001  1.000000e+001 -5.837061e+000
    endloop
  endfacet
  facet normal  0.000000e+000  9.999999e-001  0.000000e+000
    outer loop
      vertex -3.300000e+001  1.000000e+001 -4.500000e+000
      vertex -2.411114e+001  1.000000e+001 -5.837061e+000
      vertex -2.441421e+001  1.000000e+001 -6.085786e+000
    endloop
  endfacet
  facet normal  0.000000e+000  1.000000e+000  0.000000e+000
    outer loop
      vertex -3.300000e+001  1.000000e+001 -4.500000e+000
      vertex -2.441421e+001  1.000000e+001 -6.085786e+000
      vertex -2.466294e+001  1.000000e+001 -6.388860e+000
    endloop
  endfacet
  facet normal  0.000000e+000  1.000000e+000  0.000000e+000
    outer loop
      vertex -3.300000e+001  1.000000e+001 -4.500000e+000
      vertex -2.466294e+001  1.000000e+001 -6.388860e+000
      vertex -2.484776e+001  1.000000e+001 -6.734633e+000
    endloop
  endfacet
  facet normal  0.000000e+000  1.000000e+000  0.000000e+000
    outer loop
      vertex -3.300000e+001  1.000000e+001 -4.500000e+000
      vertex -2.484776e+001  1.000000e+001 -6.734633e+000
      vertex -2.496157e+001  1.000000e+001 -7.109819e+000
    endloop
  endfacet
  facet normal  0.000000e+000  1.000000e+000  0.000000e+000
    outer loop
      vertex -3.300000e+001  1.000000e+001 -4.500000e+000
      vertex -2.496157e+001  1.000000e+001 -7.109819e+000
      vertex -2.500000e+001  1.000000e+001 -7.500000e+000
    endloop
  endfacet
  facet normal  0.000000e+000  9.999999e-001  0.000000e+000
    outer loop
      vertex -2.300000e+001  1.000000e+001 -1.050000e+001
      vertex -2.300000e+001  1.000000e+001 -9.500000e+000
      vertex -2.252913e+001  1.000000e+001 -1.046282e+001
    endloop
  endfacet
  facet normal  0.000000e+000  1.000000e+000  0.000000e+000
    outer loop
      vertex -2.252913e+001  1.000000e+001 -1.046282e+001
      vertex -2.300000e+001  1.000000e+001 -9.500000e+000
      vertex -2.260982e+001  1.000000e+001 -9.461571e+000
    endloop
  endfacet
  facet normal  0.000000e+000  1.000000e+000  0.000000e+000
    outer loop
      vertex  1.961571e+000  1.000000e+001 -3.901806e-001
      vertex  2.123558e+000  1.000000e+001 -2.119080e+000
      vertex  1.847759e+000  1.000000e+001 -7.653669e-001
    endloop
  endfacet
  facet normal  0.000000e+000  1.000000e+000  0.000000e+000
    outer loop
      vertex  1.847759e+000  1.000000e+001 -7.653669e-001
      vertex  2.123558e+000  1.000000e+001 -2.119080e+000
      vertex  1.765916e+000  1.000000e+001 -2.425189e+000
    endloop
  endfacet
  facet normal  0.000000e+000  1.000000e+000  -0.000000e+000
    outer loop
      vertex  1.847759e+000  1.000000e+001 -7.653669e-001
      vertex  1.765916e+000  1.000000e+001 -2.425189e+000
      vertex  1.662939e+000  1.000000e+001 -1.111140e+000
    endloop
  endfacet
  facet normal  0.000000e+000  1.000000e+000  0.000000e+000
    outer loop
      vertex  1.662939e+000  1.000000e+001 -1.111140e+000
      vertex  1.765916e+000  1.000000e+001 -2.425189e+000
      vertex  1.364792e+000  1.000000e+001 -2.671581e+000
    endloop
  endfacet
  facet normal  0.000000e+000  1.000000e+000  0.000000e+000
    outer loop
      vertex  1.662939e+000  1.000000e+001 -1.111140e+000
      vertex  1.364792e+000  1.000000e+001 -2.671581e+000
      vertex  1.414214e+000  1.000000e+001 -1.414214e+000
    endloop
  endfacet
  facet normal  0.000000e+000  1.000000e+000  -0.000000e+000
    outer loop
      vertex  2.119080e+000  1.000000e+001  2.123558e+000
      vertex  1.961571e+000  1.000000e+001  3.901806e-001
      vertex  1.760793e+000  1.000000e+001  2.428911e+000
    endloop
  endfacet
  facet normal  0.000000e+000  1.000000e+000  0.000000e+000
    outer loop
      vertex  1.760793e+000  1.000000e+001  2.428911e+000
      vertex  1.961571e+000  1.000000e+001  3.901806e-001
      vertex  1.847759e+000  1.000000e+001  7.653669e-001
    endloop
  endfacet
  facet normal  0.000000e+000  1.000000e+000  0.000000e+000
    outer loop
      vertex  1.760793e+000  1.000000e+001  2.428911e+000
      vertex  1.847759e+000  1.000000e+001  7.653669e-001
      vertex  1.359150e+000  1.000000e+001  2.674456e+000
    endloop
  endfacet
  facet normal  0.000000e+000  1.000000e+000  0.000000e+000
    outer loop
      vertex  1.359150e+000  1.000000e+001  2.674456e+000
      vertex  1.847759e+000  1.000000e+001  7.653669e-001
      vertex  1.662939e+000  1.000000e+001  1.111140e+000
    endloop
  endfacet
  facet normal  0.000000e+000  1.000000e+000  0.000000e+000
    outer loop
      vertex  1.359150e+000  1.000000e+001  2.674456e+000
      vertex  1.662939e+000  1.000000e+001  1.111140e+000
      vertex  1.414214e+000  1.000000e+001  1.414214e+000
    endloop
  endfacet
  facet normal  0.000000e+000  1.000000e+000  0.000000e+000
    outer loop
      vertex  1.359150e+000  1.000000e+001  2.674456e+000
      vertex  1.414214e+000  1.000000e+001  1.414214e+000
      vertex  9.240391e-001  1.000000e+001  2.854146e+000
    endloop
  endfacet
  facet normal  0.000000e+000  1.000000e+000  0.000000e+000
    outer loop
      vertex  9.240391e-001  1.000000e+001  2.854146e+000
      vertex  1.414214e+000  1.000000e+001  1.414214e+000
      vertex  1.111140e+000  1.000000e+001  1.662939e+000
    endloop
  endfacet
  facet normal  0.000000e+000  1.000000e+000  0.000000e+000
    outer loop
      vertex  9.240391e-001  1.000000e+001  2.854146e+000
      vertex  1.111140e+000  1.000000e+001  1.662939e+000
      vertex  7.653669e-001  1.000000e+001  1.847759e+000
    endloop
  endfacet
  facet normal  0.000000e+000  1.000000e+000  -0.000000e+000
    outer loop
      vertex  9.240391e-001  1.000000e+001  2.854146e+000
      vertex  7.653669e-001  1.000000e+001  1.847759e+000
      vertex  4.661758e-001  1.000000e+001  2.963559e+000
    endloop
  endfacet
  facet normal  0.000000e+000  1.000000e+000  0.000000e+000
    outer loop
      vertex  4.661758e-001  1.000000e+001  2.963559e+000
      vertex  7.653669e-001  1.000000e+001  1.847759e+000
      vertex  3.901806e-001  1.000000e+001  1.961571e+000
    endloop
  endfacet
  facet normal  0.000000e+000  9.999999e-001  -0.000000e+000
    outer loop
      vertex  4.661758e-001  1.000000e+001  2.963559e+000
      vertex  3.901806e-001  1.000000e+001  1.961571e+000
      vertex -3.166303e-003  1.000000e+001  2.999998e+000
    endloop
  endfacet
  facet normal  0.000000e+000  1.000000e+000  0.000000e+000
    outer loop
      vertex -3.166303e-003  1.000000e+001  2.999998e+000
      vertex  3.901806e-001  1.000000e+001  1.961571e+000
      vertex -3.673940e-016  1.000000e+001  2.000000e+000
    endloop
  endfacet
  facet normal  0.000000e+000  1.000000e+000  0.000000e+000
    outer loop
      vertex -3.166303e-003  1.000000e+001  2.999998e+000
      vertex -3.673940e-016  1.000000e+001  2.000000e+000
      vertex -4.724305e-001  1.000000e+001  2.962568e+000
    endloop
  endfacet
  facet normal  0.000000e+000  1.000000e+000  0.000000e+000
    outer loop
      vertex -4.724305e-001  1.000000e+001  2.962568e+000
      vertex -3.673940e-016  1.000000e+001  2.000000e+000
      vertex -3.901806e-001  1.000000e+001  1.961571e+000
    endloop
  endfacet
  facet normal  3.100206e-001  0.000000e+000 -9.507299e-001
    outer loop
      vertex -2.206994e+001  1.000000e+001 -1.035219e+001
      vertex  9.300618e-001  1.000000e+001 -2.852190e+000
      vertex  9.300618e-001  6.500000e+000 -2.852190e+000
    endloop
  endfacet
  facet normal  3.100206e-001  4.359654e-007 -9.507298e-001
    outer loop
      vertex -2.206994e+001  1.000000e+001 -1.035219e+001
      vertex  9.300618e-001  6.500000e+000 -2.852190e+000
      vertex -3.823587e+000  6.500000e+000 -4.402293e+000
    endloop
  endfacet
  facet normal  3.100206e-001  1.557019e-007 -9.507298e-001
    outer loop
      vertex -2.206994e+001  1.000000e+001 -1.035219e+001
      vertex -3.823587e+000  6.500000e+000 -4.402293e+000
      vertex -1.047870e+001  6.500000e+000 -6.572437e+000
    endloop
  endfacet
  facet normal  3.100205e-001  0.000000e+000 -9.507298e-001
    outer loop
      vertex -2.206994e+001  1.000000e+001 -1.035219e+001
      vertex -1.047870e+001  6.500000e+000 -6.572437e+000
      vertex -2.206994e+001  6.500000e+000 -1.035219e+001
    endloop
  endfacet
  facet normal  3.100206e-001  0.000000e+000 -9.507299e-001
    outer loop
      vertex  9.300618e-001  0.000000e+000 -2.852190e+000
      vertex -2.206994e+001  0.000000e+000 -1.035219e+001
      vertex -2.206994e+001  3.000000e+000 -1.035219e+001
    endloop
  endfacet
  facet normal  3.100205e-001 -4.171824e-007 -9.507298e-001
    outer loop
      vertex  9.300618e-001  0.000000e+000 -2.852190e+000
      vertex -2.206994e+001  3.000000e+000 -1.035219e+001
      vertex -1.047870e+001  3.000000e+000 -6.572437e+000
    endloop
  endfacet
  facet normal  3.100206e-001  0.000000e+000 -9.507299e-001
    outer loop
      vertex  9.300618e-001  0.000000e+000 -2.852190e+000
      vertex -1.047870e+001  3.000000e+000 -6.572437e+000
      vertex -3.823587e+000  3.000000e+000 -4.402293e+000
    endloop
  endfacet
  facet normal  3.100206e-001  0.000000e+000 -9.507298e-001
    outer loop
      vertex  9.300618e-001  0.000000e+000 -2.852190e+000
      vertex -3.823587e+000  3.000000e+000 -4.402293e+000
      vertex  9.300618e-001  3.000000e+000 -2.852190e+000
    endloop
  endfacet
  facet normal  3.100206e-001  0.000000e+000 -9.507298e-001
    outer loop
      vertex -3.823587e+000  3.000000e+000 -4.402293e+000
      vertex -1.047870e+001  3.000000e+000 -6.572437e+000
      vertex -3.823587e+000  6.500000e+000 -4.402293e+000
    endloop
  endfacet
  facet normal  3.100206e-001  0.000000e+000 -9.507298e-001
    outer loop
      vertex -3.823587e+000  6.500000e+000 -4.402293e+000
      vertex -1.047870e+001  3.000000e+000 -6.572437e+000
      vertex -1.047870e+001  6.500000e+000 -6.572437e+000
    endloop
  endfacet
  facet normal  3.836584e-001  0.000000e+000 -9.234750e-001
    outer loop
      vertex  9.300618e-001  0.000000e+000 -2.852190e+000
      vertex  9.300618e-001  3.000000e+000 -2.852190e+000
      vertex  1.364792e+000  0.000000e+000 -2.671581e+000
    endloop
  endfacet
  facet normal  3.836584e-001  0.000000e+000 -9.234750e-001
    outer loop
      vertex  1.364792e+000  0.000000e+000 -2.671581e+000
      vertex  9.300618e-001  3.000000e+000 -2.852190e+000
      vertex  1.364792e+000  3.000000e+000 -2.671581e+000
    endloop
  endfacet
  facet normal  5.233982e-001  0.000000e+000 -8.520883e-001
    outer loop
      vertex  1.364792e+000  0.000000e+000 -2.671581e+000
      vertex  1.364792e+000  3.000000e+000 -2.671581e+000
      vertex  1.765916e+000  0.000000e+000 -2.425189e+000
    endloop
  endfacet
  facet normal  5.233982e-001  0.000000e+000 -8.520883e-001
    outer loop
      vertex  1.765916e+000  0.000000e+000 -2.425189e+000
      vertex  1.364792e+000  3.000000e+000 -2.671581e+000
      vertex  1.765916e+000  3.000000e+000 -2.425189e+000
    endloop
  endfacet
  facet normal  6.502502e-001  0.000000e+000 -7.597201e-001
    outer loop
      vertex  1.765916e+000  0.000000e+000 -2.425189e+000
      vertex  1.765916e+000  3.000000e+000 -2.425189e+000
      vertex  2.123558e+000  0.000000e+000 -2.119080e+000
    endloop
  endfacet
  facet normal  6.502502e-001  0.000000e+000 -7.597201e-001
    outer loop
      vertex  2.123558e+000  0.000000e+000 -2.119080e+000
      vertex  1.765916e+000  3.000000e+000 -2.425189e+000
      vertex  2.123558e+000  3.000000e+000 -2.119080e+000
    endloop
  endfacet
  facet normal  7.610910e-001  0.000000e+000 -6.486451e-001
    outer loop
      vertex  2.123558e+000  0.000000e+000 -2.119080e+000
      vertex  2.123558e+000  3.000000e+000 -2.119080e+000
      vertex  2.428911e+000  0.000000e+000 -1.760793e+000
    endloop
  endfacet
  facet normal  7.610910e-001  0.000000e+000 -6.486451e-001
    outer loop
      vertex  2.428911e+000  0.000000e+000 -1.760793e+000
      vertex  2.123558e+000  3.000000e+000 -2.119080e+000
      vertex  2.428911e+000  3.000000e+000 -1.760793e+000
    endloop
  endfacet
  facet normal  8.531911e-001  0.000000e+000 -5.215985e-001
    outer loop
      vertex  2.428911e+000  0.000000e+000 -1.760793e+000
      vertex  2.428911e+000  3.000000e+000 -1.760793e+000
      vertex  2.674456e+000  0.000000e+000 -1.359150e+000
    endloop
  endfacet
  facet normal  8.531911e-001  0.000000e+000 -5.215985e-001
    outer loop
      vertex  2.674456e+000  0.000000e+000 -1.359150e+000
      vertex  2.428911e+000  3.000000e+000 -1.760793e+000
      vertex  2.674456e+000  3.000000e+000 -1.359150e+000
    endloop
  endfacet
  facet normal  9.242829e-001  0.000000e+000 -3.817081e-001
    outer loop
      vertex  2.674456e+000  0.000000e+000 -1.359150e+000
      vertex  2.674456e+000  3.000000e+000 -1.359150e+000
      vertex  2.854146e+000  0.000000e+000 -9.240391e-001
    endloop
  endfacet
  facet normal  9.242829e-001  0.000000e+000 -3.817081e-001
    outer loop
      vertex  2.854146e+000  0.000000e+000 -9.240391e-001
      vertex  2.674456e+000  3.000000e+000 -1.359150e+000
      vertex  2.854146e+000  3.000000e+000 -9.240391e-001
    endloop
  endfacet
  facet normal  9.726158e-001  0.000000e+000 -2.324188e-001
    outer loop
      vertex  2.854146e+000  0.000000e+000 -9.240391e-001
      vertex  2.854146e+000  3.000000e+000 -9.240391e-001
      vertex  2.963559e+000  0.000000e+000 -4.661758e-001
    endloop
  endfacet
  facet normal  9.726158e-001  0.000000e+000 -2.324188e-001
    outer loop
      vertex  2.963559e+000  0.000000e+000 -4.661758e-001
      vertex  2.854146e+000  3.000000e+000 -9.240391e-001
      vertex  2.963559e+000  3.000000e+000 -4.661758e-001
    endloop
  endfacet
  facet normal  9.969996e-001  0.000000e+000 -7.740691e-002
    outer loop
      vertex  2.963559e+000  0.000000e+000 -4.661758e-001
      vertex  2.963559e+000  3.000000e+000 -4.661758e-001
      vertex  2.999998e+000  0.000000e+000  3.166304e-003
    endloop
  endfacet
  facet normal  9.969996e-001 -2.403027e-011 -7.740691e-002
    outer loop
      vertex  2.999998e+000  0.000000e+000  3.166304e-003
      vertex  2.963559e+000  3.000000e+000 -4.661758e-001
      vertex  2.999998e+000  3.000000e+000  3.166303e-003
    endloop
  endfacet
  facet normal  9.968339e-001  2.468354e-011  7.951125e-002
    outer loop
      vertex  2.999998e+000  0.000000e+000  3.166304e-003
      vertex  2.999998e+000  3.000000e+000  3.166303e-003
      vertex  2.962568e+000  0.000000e+000  4.724305e-001
    endloop
  endfacet
  facet normal  9.968339e-001  -0.000000e+000  7.951125e-002
    outer loop
      vertex  2.962568e+000  0.000000e+000  4.724305e-001
      vertex  2.999998e+000  3.000000e+000  3.166303e-003
      vertex  2.962568e+000  3.000000e+000  4.724305e-001
    endloop
  endfacet
  facet normal  9.721230e-001  0.000000e+000  2.344714e-001
    outer loop
      vertex  2.962568e+000  0.000000e+000  4.724305e-001
      vertex  2.962568e+000  3.000000e+000  4.724305e-001
      vertex  2.852190e+000  0.000000e+000  9.300618e-001
    endloop
  endfacet
  facet normal  9.721230e-001  -0.000000e+000  2.344714e-001
    outer loop
      vertex  2.852190e+000  0.000000e+000  9.300618e-001
      vertex  2.962568e+000  3.000000e+000  4.724305e-001
      vertex  2.852190e+000  3.000000e+000  9.300618e-001
    endloop
  endfacet
  facet normal  9.234750e-001  0.000000e+000  3.836584e-001
    outer loop
      vertex  2.852190e+000  0.000000e+000  9.300618e-001
      vertex  2.852190e+000  3.000000e+000  9.300618e-001
      vertex  2.671581e+000  0.000000e+000  1.364792e+000
    endloop
  endfacet
  facet normal  9.234750e-001  -0.000000e+000  3.836584e-001
    outer loop
      vertex  2.671581e+000  0.000000e+000  1.364792e+000
      vertex  2.852190e+000  3.000000e+000  9.300618e-001
      vertex  2.671581e+000  3.000000e+000  1.364792e+000
    endloop
  endfacet
  facet normal  8.520883e-001  0.000000e+000  5.233982e-001
    outer loop
      vertex  2.671581e+000  0.000000e+000  1.364792e+000
      vertex  2.671581e+000  3.000000e+000  1.364792e+000
      vertex  2.425189e+000  0.000000e+000  1.765916e+000
    endloop
  endfacet
  facet normal  8.520883e-001  -0.000000e+000  5.233982e-001
    outer loop
      vertex  2.425189e+000  0.000000e+000  1.765916e+000
      vertex  2.671581e+000  3.000000e+000  1.364792e+000
      vertex  2.425189e+000  3.000000e+000  1.765916e+000
    endloop
  endfacet
  facet normal  7.597201e-001  0.000000e+000  6.502502e-001
    outer loop
      vertex  2.425189e+000  0.000000e+000  1.765916e+000
      vertex  2.425189e+000  3.000000e+000  1.765916e+000
      vertex  2.119080e+000  0.000000e+000  2.123558e+000
    endloop
  endfacet
  facet normal  7.597201e-001  -0.000000e+000  6.502502e-001
    outer loop
      vertex  2.119080e+000  0.000000e+000  2.123558e+000
      vertex  2.425189e+000  3.000000e+000  1.765916e+000
      vertex  2.119080e+000  3.000000e+000  2.123558e+000
    endloop
  endfacet
  facet normal  6.486451e-001  0.000000e+000  7.610910e-001
    outer loop
      vertex  2.119080e+000  0.000000e+000  2.123558e+000
      vertex  2.119080e+000  3.000000e+000  2.123558e+000
      vertex  1.760793e+000  0.000000e+000  2.428911e+000
    endloop
  endfacet
  facet normal  6.486451e-001  -0.000000e+000  7.610910e-001
    outer loop
      vertex  1.760793e+000  0.000000e+000  2.428911e+000
      vertex  2.119080e+000  3.000000e+000  2.123558e+000
      vertex  1.760793e+000  3.000000e+000  2.428911e+000
    endloop
  endfacet
  facet normal  5.215985e-001  0.000000e+000  8.531911e-001
    outer loop
      vertex  1.760793e+000  0.000000e+000  2.428911e+000
      vertex  1.760793e+000  3.000000e+000  2.428911e+000
      vertex  1.359150e+000  0.000000e+000  2.674456e+000
    endloop
  endfacet
  facet normal  5.215985e-001  -0.000000e+000  8.531911e-001
    outer loop
      vertex  1.359150e+000  0.000000e+000  2.674456e+000
      vertex  1.760793e+000  3.000000e+000  2.428911e+000
      vertex  1.359150e+000  3.000000e+000  2.674456e+000
    endloop
  endfacet
  facet normal  3.817081e-001  0.000000e+000  9.242829e-001
    outer loop
      vertex  1.359150e+000  0.000000e+000  2.674456e+000
      vertex  1.359150e+000  3.000000e+000  2.674456e+000
      vertex  9.240391e-001  0.000000e+000  2.854146e+000
    endloop
  endfacet
  facet normal  3.817081e-001  -0.000000e+000  9.242829e-001
    outer loop
      vertex  9.240391e-001  0.000000e+000  2.854146e+000
      vertex  1.359150e+000  3.000000e+000  2.674456e+000
      vertex  9.240391e-001  3.000000e+000  2.854146e+000
    endloop
  endfacet
  facet normal  2.324188e-001  0.000000e+000  9.726158e-001
    outer loop
      vertex  9.240391e-001  0.000000e+000  2.854146e+000
      vertex  9.240391e-001  3.000000e+000  2.854146e+000
      vertex  4.661758e-001  0.000000e+000  2.963559e+000
    endloop
  endfacet
  facet normal  2.324188e-001  -0.000000e+000  9.726158e-001
    outer loop
      vertex  4.661758e-001  0.000000e+000  2.963559e+000
      vertex  9.240391e-001  3.000000e+000  2.854146e+000
      vertex  4.661758e-001  3.000000e+000  2.963559e+000
    endloop
  endfacet
  facet normal  7.740691e-002  0.000000e+000  9.969996e-001
    outer loop
      vertex  4.661758e-001  0.000000e+000  2.963559e+000
      vertex  4.661758e-001  3.000000e+000  2.963559e+000
      vertex -3.166304e-003  0.000000e+000  2.999998e+000
    endloop
  endfacet
  facet normal  7.740691e-002 -2.403027e-011  9.969996e-001
    outer loop
      vertex -3.166304e-003  0.000000e+000  2.999998e+000
      vertex  4.661758e-001  3.000000e+000  2.963559e+000
      vertex -3.166303e-003  3.000000e+000  2.999998e+000
    endloop
  endfacet
  facet normal -7.951125e-002  2.468354e-011  9.968339e-001
    outer loop
      vertex -3.166304e-003  0.000000e+000  2.999998e+000
      vertex -3.166303e-003  3.000000e+000  2.999998e+000
      vertex -4.724305e-001  0.000000e+000  2.962568e+000
    endloop
  endfacet
  facet normal -7.951125e-002  0.000000e+000  9.968339e-001
    outer loop
      vertex -4.724305e-001  0.000000e+000  2.962568e+000
      vertex -3.166303e-003  3.000000e+000  2.999998e+000
      vertex -4.724305e-001  3.000000e+000  2.962568e+000
    endloop
  endfacet
  facet normal -2.344714e-001  0.000000e+000  9.721230e-001
    outer loop
      vertex -4.724305e-001  0.000000e+000  2.962568e+000
      vertex -4.724305e-001  3.000000e+000  2.962568e+000
      vertex -9.300618e-001  0.000000e+000  2.852190e+000
    endloop
  endfacet
  facet normal -2.344714e-001  0.000000e+000  9.721230e-001
    outer loop
      vertex -9.300618e-001  0.000000e+000  2.852190e+000
      vertex -4.724305e-001  3.000000e+000  2.962568e+000
      vertex -9.300618e-001  3.000000e+000  2.852190e+000
    endloop
  endfacet
  facet normal -9.801729e-002  -0.000000e+000 -9.951848e-001
    outer loop
      vertex -3.673940e-016  0.000000e+000  2.000000e+000
      vertex  3.901806e-001  3.000000e+000  1.961571e+000
      vertex  3.901806e-001  0.000000e+000  1.961571e+000
    endloop
  endfacet
  facet normal -2.902847e-001  0.000000e+000 -9.569404e-001
    outer loop
      vertex  3.901806e-001  0.000000e+000  1.961571e+000
      vertex  3.901806e-001  3.000000e+000  1.961571e+000
      vertex  7.653669e-001  3.000000e+000  1.847759e+000
    endloop
  endfacet
  facet normal -2.902847e-001  -0.000000e+000 -9.569404e-001
    outer loop
      vertex  3.901806e-001  0.000000e+000  1.961571e+000
      vertex  7.653669e-001  3.000000e+000  1.847759e+000
      vertex  7.653669e-001  0.000000e+000  1.847759e+000
    endloop
  endfacet
  facet normal -4.713967e-001  0.000000e+000 -8.819214e-001
    outer loop
      vertex  7.653669e-001  0.000000e+000  1.847759e+000
      vertex  7.653669e-001  3.000000e+000  1.847759e+000
      vertex  1.111140e+000  3.000000e+000  1.662939e+000
    endloop
  endfacet
  facet normal -4.713967e-001  -0.000000e+000 -8.819214e-001
    outer loop
      vertex  7.653669e-001  0.000000e+000  1.847759e+000
      vertex  1.111140e+000  3.000000e+000  1.662939e+000
      vertex  1.111140e+000  0.000000e+000  1.662939e+000
    endloop
  endfacet
  facet normal -6.343933e-001  0.000000e+000 -7.730104e-001
    outer loop
      vertex  1.111140e+000  0.000000e+000  1.662939e+000
      vertex  1.111140e+000  3.000000e+000  1.662939e+000
      vertex  1.414214e+000  3.000000e+000  1.414214e+000
    endloop
  endfacet
  facet normal -6.343933e-001  -0.000000e+000 -7.730104e-001
    outer loop
      vertex  1.111140e+000  0.000000e+000  1.662939e+000
      vertex  1.414214e+000  3.000000e+000  1.414214e+000
      vertex  1.414214e+000  0.000000e+000  1.414214e+000
    endloop
  endfacet
  facet normal -7.730104e-001  0.000000e+000 -6.343933e-001
    outer loop
      vertex  1.414214e+000  0.000000e+000  1.414214e+000
      vertex  1.414214e+000  3.000000e+000  1.414214e+000
      vertex  1.662939e+000  3.000000e+000  1.111140e+000
    endloop
  endfacet
  facet normal -7.730104e-001  -0.000000e+000 -6.343933e-001
    outer loop
      vertex  1.414214e+000  0.000000e+000  1.414214e+000
      vertex  1.662939e+000  3.000000e+000  1.111140e+000
      vertex  1.662939e+000  0.000000e+000  1.111140e+000
    endloop
  endfacet
  facet normal -8.819214e-001  0.000000e+000 -4.713967e-001
    outer loop
      vertex  1.662939e+000  0.000000e+000  1.111140e+000
      vertex  1.662939e+000  3.000000e+000  1.111140e+000
      vertex  1.847759e+000  3.000000e+000  7.653669e-001
    endloop
  endfacet
  facet normal -8.819214e-001  -0.000000e+000 -4.713967e-001
    outer loop
      vertex  1.662939e+000  0.000000e+000  1.111140e+000
      vertex  1.847759e+000  3.000000e+000  7.653669e-001
      vertex  1.847759e+000  0.000000e+000  7.653669e-001
    endloop
  endfacet
  facet normal -9.569404e-001  0.000000e+000 -2.902847e-001
    outer loop
      vertex  1.847759e+000  0.000000e+000  7.653669e-001
      vertex  1.847759e+000  3.000000e+000  7.653669e-001
      vertex  1.961571e+000  3.000000e+000  3.901806e-001
    endloop
  endfacet
  facet normal -9.569404e-001  -0.000000e+000 -2.902847e-001
    outer loop
      vertex  1.847759e+000  0.000000e+000  7.653669e-001
      vertex  1.961571e+000  3.000000e+000  3.901806e-001
      vertex  1.961571e+000  0.000000e+000  3.901806e-001
    endloop
  endfacet
  facet normal -9.951848e-001  0.000000e+000 -9.801729e-002
    outer loop
      vertex  1.961571e+000  0.000000e+000  3.901806e-001
      vertex  1.961571e+000  3.000000e+000  3.901806e-001
      vertex  2.000000e+000  3.000000e+000 -3.451266e-031
    endloop
  endfacet
  facet normal -9.951848e-001 -7.404277e-017 -9.801729e-002
    outer loop
      vertex  1.961571e+000  0.000000e+000  3.901806e-001
      vertex  2.000000e+000  3.000000e+000 -3.451266e-031
      vertex  2.000000e+000  0.000000e+000  2.266215e-015
    endloop
  endfacet
  facet normal -9.801729e-002  0.000000e+000 -9.951848e-001
    outer loop
      vertex  3.901806e-001  3.000000e+000  1.961571e+000
      vertex -3.673940e-016  0.000000e+000  2.000000e+000
      vertex -3.673940e-016  3.000000e+000  2.000000e+000
    endloop
  endfacet
  facet normal  9.801729e-002  0.000000e+000 -9.951848e-001
    outer loop
      vertex -3.673940e-016  3.000000e+000  2.000000e+000
      vertex -3.673940e-016  0.000000e+000  2.000000e+000
      vertex -3.901806e-001  0.000000e+000  1.961571e+000
    endloop
  endfacet
  facet normal  9.801729e-002  0.000000e+000 -9.951848e-001
    outer loop
      vertex -3.673940e-016  3.000000e+000  2.000000e+000
      vertex -3.901806e-001  0.000000e+000  1.961571e+000
      vertex -3.901806e-001  3.000000e+000  1.961571e+000
    endloop
  endfacet
  facet normal  2.902847e-001  0.000000e+000 -9.569404e-001
    outer loop
      vertex -3.901806e-001  3.000000e+000  1.961571e+000
      vertex -3.901806e-001  0.000000e+000  1.961571e+000
      vertex -7.653669e-001  0.000000e+000  1.847759e+000
    endloop
  endfacet
  facet normal  2.902847e-001  0.000000e+000 -9.569404e-001
    outer loop
      vertex -3.901806e-001  3.000000e+000  1.961571e+000
      vertex -7.653669e-001  0.000000e+000  1.847759e+000
      vertex -7.653669e-001  3.000000e+000  1.847759e+000
    endloop
  endfacet
  facet normal  4.713967e-001  0.000000e+000 -8.819214e-001
    outer loop
      vertex -7.653669e-001  3.000000e+000  1.847759e+000
      vertex -7.653669e-001  0.000000e+000  1.847759e+000
      vertex -1.111140e+000  0.000000e+000  1.662939e+000
    endloop
  endfacet
  facet normal  4.713967e-001  0.000000e+000 -8.819214e-001
    outer loop
      vertex -7.653669e-001  3.000000e+000  1.847759e+000
      vertex -1.111140e+000  0.000000e+000  1.662939e+000
      vertex -1.111140e+000  3.000000e+000  1.662939e+000
    endloop
  endfacet
  facet normal  6.343933e-001  0.000000e+000 -7.730104e-001
    outer loop
      vertex -1.111140e+000  3.000000e+000  1.662939e+000
      vertex -1.111140e+000  0.000000e+000  1.662939e+000
      vertex -1.414214e+000  0.000000e+000  1.414214e+000
    endloop
  endfacet
  facet normal  6.343933e-001  0.000000e+000 -7.730104e-001
    outer loop
      vertex -1.111140e+000  3.000000e+000  1.662939e+000
      vertex -1.414214e+000  0.000000e+000  1.414214e+000
      vertex -1.414214e+000  3.000000e+000  1.414214e+000
    endloop
  endfacet
  facet normal  7.730104e-001  0.000000e+000 -6.343933e-001
    outer loop
      vertex -1.414214e+000  3.000000e+000  1.414214e+000
      vertex -1.414214e+000  0.000000e+000  1.414214e+000
      vertex -1.662939e+000  0.000000e+000  1.111140e+000
    endloop
  endfacet
  facet normal  7.730104e-001  0.000000e+000 -6.343933e-001
    outer loop
      vertex -1.414214e+000  3.000000e+000  1.414214e+000
      vertex -1.662939e+000  0.000000e+000  1.111140e+000
      vertex -1.662939e+000  3.000000e+000  1.111140e+000
    endloop
  endfacet
  facet normal  8.819214e-001  0.000000e+000 -4.713967e-001
    outer loop
      vertex -1.662939e+000  3.000000e+000  1.111140e+000
      vertex -1.662939e+000  0.000000e+000  1.111140e+000
      vertex -1.847759e+000  0.000000e+000  7.653669e-001
    endloop
  endfacet
  facet normal  8.819214e-001  0.000000e+000 -4.713967e-001
    outer loop
      vertex -1.662939e+000  3.000000e+000  1.111140e+000
      vertex -1.847759e+000  0.000000e+000  7.653669e-001
      vertex -1.847759e+000  3.000000e+000  7.653669e-001
    endloop
  endfacet
  facet normal  9.569404e-001  0.000000e+000 -2.902847e-001
    outer loop
      vertex -1.847759e+000  3.000000e+000  7.653669e-001
      vertex -1.847759e+000  0.000000e+000  7.653669e-001
      vertex -1.961571e+000  0.000000e+000  3.901806e-001
    endloop
  endfacet
  facet normal  9.569404e-001  0.000000e+000 -2.902847e-001
    outer loop
      vertex -1.847759e+000  3.000000e+000  7.653669e-001
      vertex -1.961571e+000  0.000000e+000  3.901806e-001
      vertex -1.961571e+000  3.000000e+000  3.901806e-001
    endloop
  endfacet
  facet normal  9.951848e-001  0.000000e+000 -9.801729e-002
    outer loop
      vertex -1.961571e+000  3.000000e+000  3.901806e-001
      vertex -1.961571e+000  0.000000e+000  3.901806e-001
      vertex -2.000000e+000  0.000000e+000 -2.449294e-016
    endloop
  endfacet
  facet normal  9.951848e-001  0.000000e+000 -9.801729e-002
    outer loop
      vertex -1.961571e+000  3.000000e+000  3.901806e-001
      vertex -2.000000e+000  0.000000e+000 -2.449294e-016
      vertex -2.000000e+000  3.000000e+000 -2.449294e-016
    endloop
  endfacet
  facet normal  9.801729e-002  0.000000e+000  9.951848e-001
    outer loop
      vertex -3.216245e-016  0.000000e+000 -2.000000e+000
      vertex -3.901806e-001  3.000000e+000 -1.961571e+000
      vertex -3.901806e-001  0.000000e+000 -1.961571e+000
    endloop
  endfacet
  facet normal  2.902847e-001  -0.000000e+000  9.569404e-001
    outer loop
      vertex -3.901806e-001  0.000000e+000 -1.961571e+000
      vertex -3.901806e-001  3.000000e+000 -1.961571e+000
      vertex -7.653669e-001  3.000000e+000 -1.847759e+000
    endloop
  endfacet
  facet normal  2.902847e-001  0.000000e+000  9.569404e-001
    outer loop
      vertex -3.901806e-001  0.000000e+000 -1.961571e+000
      vertex -7.653669e-001  3.000000e+000 -1.847759e+000
      vertex -7.653669e-001  0.000000e+000 -1.847759e+000
    endloop
  endfacet
  facet normal  4.713967e-001  -0.000000e+000  8.819214e-001
    outer loop
      vertex -7.653669e-001  0.000000e+000 -1.847759e+000
      vertex -7.653669e-001  3.000000e+000 -1.847759e+000
      vertex -1.111140e+000  3.000000e+000 -1.662939e+000
    endloop
  endfacet
  facet normal  4.713967e-001  0.000000e+000  8.819214e-001
    outer loop
      vertex -7.653669e-001  0.000000e+000 -1.847759e+000
      vertex -1.111140e+000  3.000000e+000 -1.662939e+000
      vertex -1.111140e+000  0.000000e+000 -1.662939e+000
    endloop
  endfacet
  facet normal  6.343933e-001  -0.000000e+000  7.730104e-001
    outer loop
      vertex -1.111140e+000  0.000000e+000 -1.662939e+000
      vertex -1.111140e+000  3.000000e+000 -1.662939e+000
      vertex -1.414214e+000  3.000000e+000 -1.414214e+000
    endloop
  endfacet
  facet normal  6.343933e-001  0.000000e+000  7.730104e-001
    outer loop
      vertex -1.111140e+000  0.000000e+000 -1.662939e+000
      vertex -1.414214e+000  3.000000e+000 -1.414214e+000
      vertex -1.414214e+000  0.000000e+000 -1.414214e+000
    endloop
  endfacet
  facet normal  7.730104e-001  -0.000000e+000  6.343933e-001
    outer loop
      vertex -1.414214e+000  0.000000e+000 -1.414214e+000
      vertex -1.414214e+000  3.000000e+000 -1.414214e+000
      vertex -1.662939e+000  3.000000e+000 -1.111140e+000
    endloop
  endfacet
  facet normal  7.730104e-001  0.000000e+000  6.343933e-001
    outer loop
      vertex -1.414214e+000  0.000000e+000 -1.414214e+000
      vertex -1.662939e+000  3.000000e+000 -1.111140e+000
      vertex -1.662939e+000  0.000000e+000 -1.111140e+000
    endloop
  endfacet
  facet normal  8.819214e-001  -0.000000e+000  4.713967e-001
    outer loop
      vertex -1.662939e+000  0.000000e+000 -1.111140e+000
      vertex -1.662939e+000  3.000000e+000 -1.111140e+000
      vertex -1.847759e+000  3.000000e+000 -7.653669e-001
    endloop
  endfacet
  facet normal  8.819214e-001  0.000000e+000  4.713967e-001
    outer loop
      vertex -1.662939e+000  0.000000e+000 -1.111140e+000
      vertex -1.847759e+000  3.000000e+000 -7.653669e-001
      vertex -1.847759e+000  0.000000e+000 -7.653669e-001
    endloop
  endfacet
  facet normal  9.569404e-001  -0.000000e+000  2.902847e-001
    outer loop
      vertex -1.847759e+000  0.000000e+000 -7.653669e-001
      vertex -1.847759e+000  3.000000e+000 -7.653669e-001
      vertex -1.961571e+000  3.000000e+000 -3.901806e-001
    endloop
  endfacet
  facet normal  9.569404e-001  0.000000e+000  2.902847e-001
    outer loop
      vertex -1.847759e+000  0.000000e+000 -7.653669e-001
      vertex -1.961571e+000  3.000000e+000 -3.901806e-001
      vertex -1.961571e+000  0.000000e+000 -3.901806e-001
    endloop
  endfacet
  facet normal  9.951848e-001  -0.000000e+000  9.801729e-002
    outer loop
      vertex -1.961571e+000  0.000000e+000 -3.901806e-001
      vertex -1.961571e+000  3.000000e+000 -3.901806e-001
      vertex -2.000000e+000  3.000000e+000 -2.449294e-016
    endloop
  endfacet
  facet normal  9.951848e-001  0.000000e+000  9.801729e-002
    outer loop
      vertex -1.961571e+000  0.000000e+000 -3.901806e-001
      vertex -2.000000e+000  3.000000e+000 -2.449294e-016
      vertex -2.000000e+000  0.000000e+000 -2.449294e-016
    endloop
  endfacet
  facet normal  9.801729e-002 -1.450947e-017  9.951848e-001
    outer loop
      vertex -3.901806e-001  3.000000e+000 -1.961571e+000
      vertex -3.216245e-016  0.000000e+000 -2.000000e+000
      vertex  1.224647e-016  3.000000e+000 -2.000000e+000
    endloop
  endfacet
  facet normal -9.801729e-002  1.450947e-017  9.951848e-001
    outer loop
      vertex  1.224647e-016  3.000000e+000 -2.000000e+000
      vertex -3.216245e-016  0.000000e+000 -2.000000e+000
      vertex  3.901806e-001  0.000000e+000 -1.961571e+000
    endloop
  endfacet
  facet normal -9.801729e-002  0.000000e+000  9.951848e-001
    outer loop
      vertex  1.224647e-016  3.000000e+000 -2.000000e+000
      vertex  3.901806e-001  0.000000e+000 -1.961571e+000
      vertex  3.901806e-001  3.000000e+000 -1.961571e+000
    endloop
  endfacet
  facet normal -2.902847e-001  0.000000e+000  9.569404e-001
    outer loop
      vertex  3.901806e-001  3.000000e+000 -1.961571e+000
      vertex  3.901806e-001  0.000000e+000 -1.961571e+000
      vertex  7.653669e-001  0.000000e+000 -1.847759e+000
    endloop
  endfacet
  facet normal -2.902847e-001  0.000000e+000  9.569404e-001
    outer loop
      vertex  3.901806e-001  3.000000e+000 -1.961571e+000
      vertex  7.653669e-001  0.000000e+000 -1.847759e+000
      vertex  7.653669e-001  3.000000e+000 -1.847759e+000
    endloop
  endfacet
  facet normal -4.713967e-001  0.000000e+000  8.819214e-001
    outer loop
      vertex  7.653669e-001  3.000000e+000 -1.847759e+000
      vertex  7.653669e-001  0.000000e+000 -1.847759e+000
      vertex  1.111140e+000  0.000000e+000 -1.662939e+000
    endloop
  endfacet
  facet normal -4.713967e-001  0.000000e+000  8.819214e-001
    outer loop
      vertex  7.653669e-001  3.000000e+000 -1.847759e+000
      vertex  1.111140e+000  0.000000e+000 -1.662939e+000
      vertex  1.111140e+000  3.000000e+000 -1.662939e+000
    endloop
  endfacet
  facet normal -6.343933e-001  0.000000e+000  7.730104e-001
    outer loop
      vertex  1.111140e+000  3.000000e+000 -1.662939e+000
      vertex  1.111140e+000  0.000000e+000 -1.662939e+000
      vertex  1.414214e+000  0.000000e+000 -1.414214e+000
    endloop
  endfacet
  facet normal -6.343933e-001  0.000000e+000  7.730104e-001
    outer loop
      vertex  1.111140e+000  3.000000e+000 -1.662939e+000
      vertex  1.414214e+000  0.000000e+000 -1.414214e+000
      vertex  1.414214e+000  3.000000e+000 -1.414214e+000
    endloop
  endfacet
  facet normal -7.730104e-001  0.000000e+000  6.343933e-001
    outer loop
      vertex  1.414214e+000  3.000000e+000 -1.414214e+000
      vertex  1.414214e+000  0.000000e+000 -1.414214e+000
      vertex  1.662939e+000  0.000000e+000 -1.111140e+000
    endloop
  endfacet
  facet normal -7.730104e-001  0.000000e+000  6.343933e-001
    outer loop
      vertex  1.414214e+000  3.000000e+000 -1.414214e+000
      vertex  1.662939e+000  0.000000e+000 -1.111140e+000
      vertex  1.662939e+000  3.000000e+000 -1.111140e+000
    endloop
  endfacet
  facet normal -8.819214e-001  0.000000e+000  4.713967e-001
    outer loop
      vertex  1.662939e+000  3.000000e+000 -1.111140e+000
      vertex  1.662939e+000  0.000000e+000 -1.111140e+000
      vertex  1.847759e+000  0.000000e+000 -7.653669e-001
    endloop
  endfacet
  facet normal -8.819214e-001  0.000000e+000  4.713967e-001
    outer loop
      vertex  1.662939e+000  3.000000e+000 -1.111140e+000
      vertex  1.847759e+000  0.000000e+000 -7.653669e-001
      vertex  1.847759e+000  3.000000e+000 -7.653669e-001
    endloop
  endfacet
  facet normal -9.569404e-001  0.000000e+000  2.902847e-001
    outer loop
      vertex  1.847759e+000  3.000000e+000 -7.653669e-001
      vertex  1.847759e+000  0.000000e+000 -7.653669e-001
      vertex  1.961571e+000  0.000000e+000 -3.901806e-001
    endloop
  endfacet
  facet normal -9.569404e-001  0.000000e+000  2.902847e-001
    outer loop
      vertex  1.847759e+000  3.000000e+000 -7.653669e-001
      vertex  1.961571e+000  0.000000e+000 -3.901806e-001
      vertex  1.961571e+000  3.000000e+000 -3.901806e-001
    endloop
  endfacet
  facet normal -9.951848e-001  0.000000e+000  9.801729e-002
    outer loop
      vertex  1.961571e+000  3.000000e+000 -3.901806e-001
      vertex  1.961571e+000  0.000000e+000 -3.901806e-001
      vertex  2.000000e+000  0.000000e+000  2.266215e-015
    endloop
  endfacet
  facet normal -9.951848e-001  7.404277e-017  9.801729e-002
    outer loop
      vertex  1.961571e+000  3.000000e+000 -3.901806e-001
      vertex  2.000000e+000  0.000000e+000  2.266215e-015
      vertex  2.000000e+000  3.000000e+000 -3.451266e-031
    endloop
  endfacet
  facet normal -9.801671e-002  -0.000000e+000 -9.951848e-001
    outer loop
      vertex -2.300000e+001  0.000000e+000 -5.500000e+000
      vertex -2.260982e+001  3.000000e+000 -5.538429e+000
      vertex -2.260982e+001  0.000000e+000 -5.538429e+000
    endloop
  endfacet
  facet normal -2.902842e-001  0.000000e+000 -9.569405e-001
    outer loop
      vertex -2.260982e+001  0.000000e+000 -5.538429e+000
      vertex -2.260982e+001  3.000000e+000 -5.538429e+000
      vertex -2.223463e+001  3.000000e+000 -5.652241e+000
    endloop
  endfacet
  facet normal -2.902842e-001  -0.000000e+000 -9.569405e-001
    outer loop
      vertex -2.260982e+001  0.000000e+000 -5.538429e+000
      vertex -2.223463e+001  3.000000e+000 -5.652241e+000
      vertex -2.223463e+001  0.000000e+000 -5.652241e+000
    endloop
  endfacet
  facet normal -4.713973e-001  0.000000e+000 -8.819210e-001
    outer loop
      vertex -2.223463e+001  0.000000e+000 -5.652241e+000
      vertex -2.223463e+001  3.000000e+000 -5.652241e+000
      vertex -2.188886e+001  3.000000e+000 -5.837061e+000
    endloop
  endfacet
  facet normal -4.713973e-001  -0.000000e+000 -8.819210e-001
    outer loop
      vertex -2.223463e+001  0.000000e+000 -5.652241e+000
      vertex -2.188886e+001  3.000000e+000 -5.837061e+000
      vertex -2.188886e+001  0.000000e+000 -5.837061e+000
    endloop
  endfacet
  facet normal -6.343943e-001  0.000000e+000 -7.730096e-001
    outer loop
      vertex -2.188886e+001  0.000000e+000 -5.837061e+000
      vertex -2.188886e+001  3.000000e+000 -5.837061e+000
      vertex -2.158579e+001  3.000000e+000 -6.085786e+000
    endloop
  endfacet
  facet normal -6.343943e-001  -0.000000e+000 -7.730096e-001
    outer loop
      vertex -2.188886e+001  0.000000e+000 -5.837061e+000
      vertex -2.158579e+001  3.000000e+000 -6.085786e+000
      vertex -2.158579e+001  0.000000e+000 -6.085786e+000
    endloop
  endfacet
  facet normal -7.730105e-001  0.000000e+000 -6.343933e-001
    outer loop
      vertex -2.158579e+001  0.000000e+000 -6.085786e+000
      vertex -2.158579e+001  3.000000e+000 -6.085786e+000
      vertex -2.133706e+001  3.000000e+000 -6.388860e+000
    endloop
  endfacet
  facet normal -7.730105e-001  -0.000000e+000 -6.343933e-001
    outer loop
      vertex -2.158579e+001  0.000000e+000 -6.085786e+000
      vertex -2.133706e+001  3.000000e+000 -6.388860e+000
      vertex -2.133706e+001  0.000000e+000 -6.388860e+000
    endloop
  endfacet
  facet normal -8.819207e-001  0.000000e+000 -4.713978e-001
    outer loop
      vertex -2.133706e+001  0.000000e+000 -6.388860e+000
      vertex -2.133706e+001  3.000000e+000 -6.388860e+000
      vertex -2.115224e+001  3.000000e+000 -6.734633e+000
    endloop
  endfacet
  facet normal -8.819207e-001  -0.000000e+000 -4.713978e-001
    outer loop
      vertex -2.133706e+001  0.000000e+000 -6.388860e+000
      vertex -2.115224e+001  3.000000e+000 -6.734633e+000
      vertex -2.115224e+001  0.000000e+000 -6.734633e+000
    endloop
  endfacet
  facet normal -9.569404e-001  0.000000e+000 -2.902845e-001
    outer loop
      vertex -2.115224e+001  0.000000e+000 -6.734633e+000
      vertex -2.115224e+001  3.000000e+000 -6.734633e+000
      vertex -2.103843e+001  3.000000e+000 -7.109819e+000
    endloop
  endfacet
  facet normal -9.569404e-001  -0.000000e+000 -2.902845e-001
    outer loop
      vertex -2.115224e+001  0.000000e+000 -6.734633e+000
      vertex -2.103843e+001  3.000000e+000 -7.109819e+000
      vertex -2.103843e+001  0.000000e+000 -7.109819e+000
    endloop
  endfacet
  facet normal -9.951848e-001  0.000000e+000 -9.801671e-002
    outer loop
      vertex -2.103843e+001  0.000000e+000 -7.109819e+000
      vertex -2.103843e+001  3.000000e+000 -7.109819e+000
      vertex -2.100000e+001  3.000000e+000 -7.500000e+000
    endloop
  endfacet
  facet normal -9.951848e-001  -0.000000e+000 -9.801671e-002
    outer loop
      vertex -2.103843e+001  0.000000e+000 -7.109819e+000
      vertex -2.100000e+001  3.000000e+000 -7.500000e+000
      vertex -2.100000e+001  0.000000e+000 -7.500000e+000
    endloop
  endfacet
  facet normal -9.801671e-002  0.000000e+000 -9.951848e-001
    outer loop
      vertex -2.260982e+001  3.000000e+000 -5.538429e+000
      vertex -2.300000e+001  0.000000e+000 -5.500000e+000
      vertex -2.300000e+001  3.000000e+000 -5.500000e+000
    endloop
  endfacet
  facet normal  9.801671e-002  0.000000e+000 -9.951848e-001
    outer loop
      vertex -2.300000e+001  3.000000e+000 -5.500000e+000
      vertex -2.300000e+001  0.000000e+000 -5.500000e+000
      vertex -2.339018e+001  0.000000e+000 -5.538429e+000
    endloop
  endfacet
  facet normal  9.801671e-002  0.000000e+000 -9.951848e-001
    outer loop
      vertex -2.300000e+001  3.000000e+000 -5.500000e+000
      vertex -2.339018e+001  0.000000e+000 -5.538429e+000
      vertex -2.339018e+001  3.000000e+000 -5.538429e+000
    endloop
  endfacet
  facet normal  2.902842e-001  0.000000e+000 -9.569405e-001
    outer loop
      vertex -2.339018e+001  3.000000e+000 -5.538429e+000
      vertex -2.339018e+001  0.000000e+000 -5.538429e+000
      vertex -2.376537e+001  0.000000e+000 -5.652241e+000
    endloop
  endfacet
  facet normal  2.902842e-001  0.000000e+000 -9.569405e-001
    outer loop
      vertex -2.339018e+001  3.000000e+000 -5.538429e+000
      vertex -2.376537e+001  0.000000e+000 -5.652241e+000
      vertex -2.376537e+001  3.000000e+000 -5.652241e+000
    endloop
  endfacet
  facet normal  4.713973e-001  0.000000e+000 -8.819210e-001
    outer loop
      vertex -2.376537e+001  3.000000e+000 -5.652241e+000
      vertex -2.376537e+001  0.000000e+000 -5.652241e+000
      vertex -2.411114e+001  0.000000e+000 -5.837061e+000
    endloop
  endfacet
  facet normal  4.713973e-001  0.000000e+000 -8.819210e-001
    outer loop
      vertex -2.376537e+001  3.000000e+000 -5.652241e+000
      vertex -2.411114e+001  0.000000e+000 -5.837061e+000
      vertex -2.411114e+001  3.000000e+000 -5.837061e+000
    endloop
  endfacet
  facet normal  6.343943e-001  0.000000e+000 -7.730096e-001
    outer loop
      vertex -2.411114e+001  3.000000e+000 -5.837061e+000
      vertex -2.411114e+001  0.000000e+000 -5.837061e+000
      vertex -2.441421e+001  0.000000e+000 -6.085786e+000
    endloop
  endfacet
  facet normal  6.343943e-001  0.000000e+000 -7.730096e-001
    outer loop
      vertex -2.411114e+001  3.000000e+000 -5.837061e+000
      vertex -2.441421e+001  0.000000e+000 -6.085786e+000
      vertex -2.441421e+001  3.000000e+000 -6.085786e+000
    endloop
  endfacet
  facet normal  7.730105e-001  0.000000e+000 -6.343933e-001
    outer loop
      vertex -2.441421e+001  3.000000e+000 -6.085786e+000
      vertex -2.441421e+001  0.000000e+000 -6.085786e+000
      vertex -2.466294e+001  0.000000e+000 -6.388860e+000
    endloop
  endfacet
  facet normal  7.730105e-001  0.000000e+000 -6.343933e-001
    outer loop
      vertex -2.441421e+001  3.000000e+000 -6.085786e+000
      vertex -2.466294e+001  0.000000e+000 -6.388860e+000
      vertex -2.466294e+001  3.000000e+000 -6.388860e+000
    endloop
  endfacet
  facet normal  8.819207e-001  0.000000e+000 -4.713978e-001
    outer loop
      vertex -2.466294e+001  3.000000e+000 -6.388860e+000
      vertex -2.466294e+001  0.000000e+000 -6.388860e+000
      vertex -2.484776e+001  0.000000e+000 -6.734633e+000
    endloop
  endfacet
  facet normal  8.819207e-001  0.000000e+000 -4.713978e-001
    outer loop
      vertex -2.466294e+001  3.000000e+000 -6.388860e+000
      vertex -2.484776e+001  0.000000e+000 -6.734633e+000
      vertex -2.484776e+001  3.000000e+000 -6.734633e+000
    endloop
  endfacet
  facet normal  9.569404e-001  0.000000e+000 -2.902845e-001
    outer loop
      vertex -2.484776e+001  3.000000e+000 -6.734633e+000
      vertex -2.484776e+001  0.000000e+000 -6.734633e+000
      vertex -2.496157e+001  0.000000e+000 -7.109819e+000
    endloop
  endfacet
  facet normal  9.569404e-001  0.000000e+000 -2.902845e-001
    outer loop
      vertex -2.484776e+001  3.000000e+000 -6.734633e+000
      vertex -2.496157e+001  0.000000e+000 -7.109819e+000
      vertex -2.496157e+001  3.000000e+000 -7.109819e+000
    endloop
  endfacet
  facet normal  9.951848e-001  0.000000e+000 -9.801671e-002
    outer loop
      vertex -2.496157e+001  3.000000e+000 -7.109819e+000
      vertex -2.496157e+001  0.000000e+000 -7.109819e+000
      vertex -2.500000e+001  0.000000e+000 -7.500000e+000
    endloop
  endfacet
  facet normal  9.951848e-001  0.000000e+000 -9.801671e-002
    outer loop
      vertex -2.496157e+001  3.000000e+000 -7.109819e+000
      vertex -2.500000e+001  0.000000e+000 -7.500000e+000
      vertex -2.500000e+001  3.000000e+000 -7.500000e+000
    endloop
  endfacet
  facet normal  9.801671e-002  0.000000e+000  9.951848e-001
    outer loop
      vertex -2.300000e+001  0.000000e+000 -9.500000e+000
      vertex -2.339018e+001  3.000000e+000 -9.461571e+000
      vertex -2.339018e+001  0.000000e+000 -9.461571e+000
    endloop
  endfacet
  facet normal  2.902842e-001  -0.000000e+000  9.569405e-001
    outer loop
      vertex -2.339018e+001  0.000000e+000 -9.461571e+000
      vertex -2.339018e+001  3.000000e+000 -9.461571e+000
      vertex -2.376537e+001  3.000000e+000 -9.347759e+000
    endloop
  endfacet
  facet normal  2.902842e-001  0.000000e+000  9.569405e-001
    outer loop
      vertex -2.339018e+001  0.000000e+000 -9.461571e+000
      vertex -2.376537e+001  3.000000e+000 -9.347759e+000
      vertex -2.376537e+001  0.000000e+000 -9.347759e+000
    endloop
  endfacet
  facet normal  4.713973e-001  -0.000000e+000  8.819210e-001
    outer loop
      vertex -2.376537e+001  0.000000e+000 -9.347759e+000
      vertex -2.376537e+001  3.000000e+000 -9.347759e+000
      vertex -2.411114e+001  3.000000e+000 -9.162939e+000
    endloop
  endfacet
  facet normal  4.713973e-001  0.000000e+000  8.819210e-001
    outer loop
      vertex -2.376537e+001  0.000000e+000 -9.347759e+000
      vertex -2.411114e+001  3.000000e+000 -9.162939e+000
      vertex -2.411114e+001  0.000000e+000 -9.162939e+000
    endloop
  endfacet
  facet normal  6.343950e-001  -0.000000e+000  7.730090e-001
    outer loop
      vertex -2.411114e+001  0.000000e+000 -9.162939e+000
      vertex -2.411114e+001  3.000000e+000 -9.162939e+000
      vertex -2.441421e+001  3.000000e+000 -8.914213e+000
    endloop
  endfacet
  facet normal  6.343950e-001  0.000000e+000  7.730090e-001
    outer loop
      vertex -2.411114e+001  0.000000e+000 -9.162939e+000
      vertex -2.441421e+001  3.000000e+000 -8.914213e+000
      vertex -2.441421e+001  0.000000e+000 -8.914213e+000
    endloop
  endfacet
  facet normal  7.730100e-001  -0.000000e+000  6.343939e-001
    outer loop
      vertex -2.441421e+001  0.000000e+000 -8.914213e+000
      vertex -2.441421e+001  3.000000e+000 -8.914213e+000
      vertex -2.466294e+001  3.000000e+000 -8.611140e+000
    endloop
  endfacet
  facet normal  7.730100e-001  0.000000e+000  6.343939e-001
    outer loop
      vertex -2.441421e+001  0.000000e+000 -8.914213e+000
      vertex -2.466294e+001  3.000000e+000 -8.611140e+000
      vertex -2.466294e+001  0.000000e+000 -8.611140e+000
    endloop
  endfacet
  facet normal  8.819210e-001  -0.000000e+000  4.713973e-001
    outer loop
      vertex -2.466294e+001  0.000000e+000 -8.611140e+000
      vertex -2.466294e+001  3.000000e+000 -8.611140e+000
      vertex -2.484776e+001  3.000000e+000 -8.265367e+000
    endloop
  endfacet
  facet normal  8.819210e-001  0.000000e+000  4.713973e-001
    outer loop
      vertex -2.466294e+001  0.000000e+000 -8.611140e+000
      vertex -2.484776e+001  3.000000e+000 -8.265367e+000
      vertex -2.484776e+001  0.000000e+000 -8.265367e+000
    endloop
  endfacet
  facet normal  9.569404e-001  -0.000000e+000  2.902849e-001
    outer loop
      vertex -2.484776e+001  0.000000e+000 -8.265367e+000
      vertex -2.484776e+001  3.000000e+000 -8.265367e+000
      vertex -2.496157e+001  3.000000e+000 -7.890181e+000
    endloop
  endfacet
  facet normal  9.569404e-001  0.000000e+000  2.902849e-001
    outer loop
      vertex -2.484776e+001  0.000000e+000 -8.265367e+000
      vertex -2.496157e+001  3.000000e+000 -7.890181e+000
      vertex -2.496157e+001  0.000000e+000 -7.890181e+000
    endloop
  endfacet
  facet normal  9.951848e-001  -0.000000e+000  9.801671e-002
    outer loop
      vertex -2.496157e+001  0.000000e+000 -7.890181e+000
      vertex -2.496157e+001  3.000000e+000 -7.890181e+000
      vertex -2.500000e+001  3.000000e+000 -7.500000e+000
    endloop
  endfacet
  facet normal  9.951848e-001  0.000000e+000  9.801671e-002
    outer loop
      vertex -2.496157e+001  0.000000e+000 -7.890181e+000
      vertex -2.500000e+001  3.000000e+000 -7.500000e+000
      vertex -2.500000e+001  0.000000e+000 -7.500000e+000
    endloop
  endfacet
  facet normal  9.801671e-002  -0.000000e+000  9.951848e-001
    outer loop
      vertex -2.339018e+001  3.000000e+000 -9.461571e+000
      vertex -2.300000e+001  0.000000e+000 -9.500000e+000
      vertex -2.300000e+001  3.000000e+000 -9.500000e+000
    endloop
  endfacet
  facet normal -9.801671e-002  0.000000e+000  9.951848e-001
    outer loop
      vertex -2.300000e+001  3.000000e+000 -9.500000e+000
      vertex -2.300000e+001  0.000000e+000 -9.500000e+000
      vertex -2.260982e+001  0.000000e+000 -9.461571e+000
    endloop
  endfacet
  facet normal -9.801671e-002  0.000000e+000  9.951848e-001
    outer loop
      vertex -2.300000e+001  3.000000e+000 -9.500000e+000
      vertex -2.260982e+001  0.000000e+000 -9.461571e+000
      vertex -2.260982e+001  3.000000e+000 -9.461571e+000
    endloop
  endfacet
  facet normal -2.902842e-001  0.000000e+000  9.569405e-001
    outer loop
      vertex -2.260982e+001  3.000000e+000 -9.461571e+000
      vertex -2.260982e+001  0.000000e+000 -9.461571e+000
      vertex -2.223463e+001  0.000000e+000 -9.347759e+000
    endloop
  endfacet
  facet normal -2.902842e-001  0.000000e+000  9.569405e-001
    outer loop
      vertex -2.260982e+001  3.000000e+000 -9.461571e+000
      vertex -2.223463e+001  0.000000e+000 -9.347759e+000
      vertex -2.223463e+001  3.000000e+000 -9.347759e+000
    endloop
  endfacet
  facet normal -4.713973e-001  0.000000e+000  8.819210e-001
    outer loop
      vertex -2.223463e+001  3.000000e+000 -9.347759e+000
      vertex -2.223463e+001  0.000000e+000 -9.347759e+000
      vertex -2.188886e+001  0.000000e+000 -9.162939e+000
    endloop
  endfacet
  facet normal -4.713973e-001  0.000000e+000  8.819210e-001
    outer loop
      vertex -2.223463e+001  3.000000e+000 -9.347759e+000
      vertex -2.188886e+001  0.000000e+000 -9.162939e+000
      vertex -2.188886e+001  3.000000e+000 -9.162939e+000
    endloop
  endfacet
  facet normal -6.343950e-001  0.000000e+000  7.730090e-001
    outer loop
      vertex -2.188886e+001  3.000000e+000 -9.162939e+000
      vertex -2.188886e+001  0.000000e+000 -9.162939e+000
      vertex -2.158579e+001  0.000000e+000 -8.914213e+000
    endloop
  endfacet
  facet normal -6.343950e-001  0.000000e+000  7.730090e-001
    outer loop
      vertex -2.188886e+001  3.000000e+000 -9.162939e+000
      vertex -2.158579e+001  0.000000e+000 -8.914213e+000
      vertex -2.158579e+001  3.000000e+000 -8.914213e+000
    endloop
  endfacet
  facet normal -7.730100e-001  0.000000e+000  6.343939e-001
    outer loop
      vertex -2.158579e+001  3.000000e+000 -8.914213e+000
      vertex -2.158579e+001  0.000000e+000 -8.914213e+000
      vertex -2.133706e+001  0.000000e+000 -8.611140e+000
    endloop
  endfacet
  facet normal -7.730100e-001  0.000000e+000  6.343939e-001
    outer loop
      vertex -2.158579e+001  3.000000e+000 -8.914213e+000
      vertex -2.133706e+001  0.000000e+000 -8.611140e+000
      vertex -2.133706e+001  3.000000e+000 -8.611140e+000
    endloop
  endfacet
  facet normal -8.819210e-001  0.000000e+000  4.713973e-001
    outer loop
      vertex -2.133706e+001  3.000000e+000 -8.611140e+000
      vertex -2.133706e+001  0.000000e+000 -8.611140e+000
      vertex -2.115224e+001  0.000000e+000 -8.265367e+000
    endloop
  endfacet
  facet normal -8.819210e-001  0.000000e+000  4.713973e-001
    outer loop
      vertex -2.133706e+001  3.000000e+000 -8.611140e+000
      vertex -2.115224e+001  0.000000e+000 -8.265367e+000
      vertex -2.115224e+001  3.000000e+000 -8.265367e+000
    endloop
  endfacet
  facet normal -9.569404e-001  0.000000e+000  2.902849e-001
    outer loop
      vertex -2.115224e+001  3.000000e+000 -8.265367e+000
      vertex -2.115224e+001  0.000000e+000 -8.265367e+000
      vertex -2.103843e+001  0.000000e+000 -7.890181e+000
    endloop
  endfacet
  facet normal -9.569404e-001  0.000000e+000  2.902849e-001
    outer loop
      vertex -2.115224e+001  3.000000e+000 -8.265367e+000
      vertex -2.103843e+001  0.000000e+000 -7.890181e+000
      vertex -2.103843e+001  3.000000e+000 -7.890181e+000
    endloop
  endfacet
  facet normal -9.951848e-001  0.000000e+000  9.801671e-002
    outer loop
      vertex -2.103843e+001  3.000000e+000 -7.890181e+000
      vertex -2.103843e+001  0.000000e+000 -7.890181e+000
      vertex -2.100000e+001  0.000000e+000 -7.500000e+000
    endloop
  endfacet
  facet normal -9.951848e-001  0.000000e+000  9.801671e-002
    outer loop
      vertex -2.103843e+001  3.000000e+000 -7.890181e+000
      vertex -2.100000e+001  0.000000e+000 -7.500000e+000
      vertex -2.100000e+001  3.000000e+000 -7.500000e+000
    endloop
  endfacet
  facet normal -1.000000e+000  0.000000e+000  0.000000e+000
    outer loop
      vertex -6.800000e+001 -6.000000e+000 -1.850000e+001
      vertex -6.800000e+001 -6.000000e+000 -1.150000e+001
      vertex -6.800000e+001  1.600000e+001 -1.850000e+001
    endloop
  endfacet
  facet normal -1.000000e+000  0.000000e+000  0.000000e+000
    outer loop
      vertex -6.800000e+001  1.600000e+001 -1.850000e+001
      vertex -6.800000e+001 -6.000000e+000 -1.150000e+001
      vertex -6.800000e+001  1.600000e+001 -1.150000e+001
    endloop
  endfacet
  facet normal -2.696299e-001  0.000000e+000  9.629641e-001
    outer loop
      vertex -6.800000e+001 -6.000000e+000 -1.150000e+001
      vertex -4.300000e+001 -6.000000e+000 -4.500000e+000
      vertex -6.800000e+001  1.600000e+001 -1.150000e+001
    endloop
  endfacet
  facet normal -2.696299e-001  0.000000e+000  9.629641e-001
    outer loop
      vertex -6.800000e+001  1.600000e+001 -1.150000e+001
      vertex -4.300000e+001 -6.000000e+000 -4.500000e+000
      vertex -4.300000e+001  1.600000e+001 -4.500000e+000
    endloop
  endfacet
  facet normal  7.071068e-001  0.000000e+000 -7.071068e-001
    outer loop
      vertex -3.600000e+001 -6.000000e+000 -1.350000e+001
      vertex -3.600000e+001  1.600000e+001 -1.350000e+001
      vertex -3.500000e+001  1.600000e+001 -1.250000e+001
    endloop
  endfacet
  facet normal  7.071068e-001  0.000000e+000 -7.071068e-001
    outer loop
      vertex -3.600000e+001 -6.000000e+000 -1.350000e+001
      vertex -3.500000e+001  1.600000e+001 -1.250000e+001
      vertex -3.300000e+001  1.400000e+001 -1.050000e+001
    endloop
  endfacet
  facet normal  7.071068e-001  0.000000e+000 -7.071068e-001
    outer loop
      vertex -3.600000e+001 -6.000000e+000 -1.350000e+001
      vertex -3.300000e+001  1.400000e+001 -1.050000e+001
      vertex -3.300000e+001  1.000000e+001 -1.050000e+001
    endloop
  endfacet
  facet normal  7.071068e-001  0.000000e+000 -7.071068e-001
    outer loop
      vertex -3.600000e+001 -6.000000e+000 -1.350000e+001
      vertex -3.300000e+001  1.000000e+001 -1.050000e+001
      vertex -3.300000e+001  0.000000e+000 -1.050000e+001
    endloop
  endfacet
  facet normal  7.071068e-001  0.000000e+000 -7.071068e-001
    outer loop
      vertex -3.600000e+001 -6.000000e+000 -1.350000e+001
      vertex -3.300000e+001  0.000000e+000 -1.050000e+001
      vertex -3.300000e+001 -4.000000e+000 -1.050000e+001
    endloop
  endfacet
  facet normal  7.071068e-001  0.000000e+000 -7.071068e-001
    outer loop
      vertex -3.600000e+001 -6.000000e+000 -1.350000e+001
      vertex -3.300000e+001 -4.000000e+000 -1.050000e+001
      vertex -3.500000e+001 -6.000000e+000 -1.250000e+001
    endloop
  endfacet
  facet normal  -0.000000e+000 -9.999999e-001  0.000000e+000
    outer loop
      vertex  9.300618e-001  0.000000e+000 -2.852190e+000
      vertex  1.364792e+000  0.000000e+000 -2.671581e+000
      vertex  1.414214e+000  0.000000e+000 -1.414214e+000
    endloop
  endfacet
  facet normal  0.000000e+000 -1.000000e+000  0.000000e+000
    outer loop
      vertex  9.300618e-001  0.000000e+000 -2.852190e+000
      vertex  1.414214e+000  0.000000e+000 -1.414214e+000
      vertex  1.111140e+000  0.000000e+000 -1.662939e+000
    endloop
  endfacet
  facet normal  0.000000e+000 -1.000000e+000  0.000000e+000
    outer loop
      vertex  9.300618e-001  0.000000e+000 -2.852190e+000
      vertex  1.111140e+000  0.000000e+000 -1.662939e+000
      vertex  7.653669e-001  0.000000e+000 -1.847759e+000
    endloop
  endfacet
  facet normal  0.000000e+000 -1.000000e+000  -0.000000e+000
    outer loop
      vertex  9.300618e-001  0.000000e+000 -2.852190e+000
      vertex  7.653669e-001  0.000000e+000 -1.847759e+000
      vertex  3.901806e-001  0.000000e+000 -1.961571e+000
    endloop
  endfacet
  facet normal  0.000000e+000 -1.000000e+000  -0.000000e+000
    outer loop
      vertex  9.300618e-001  0.000000e+000 -2.852190e+000
      vertex  3.901806e-001  0.000000e+000 -1.961571e+000
      vertex -3.216245e-016  0.000000e+000 -2.000000e+000
    endloop
  endfacet
  facet normal  0.000000e+000 -9.999999e-001  0.000000e+000
    outer loop
      vertex -9.300618e-001  0.000000e+000  2.852190e+000
      vertex -2.347678e+001  0.000000e+000 -4.500000e+000
      vertex -1.111140e+000  0.000000e+000  1.662939e+000
    endloop
  endfacet
  facet normal  0.000000e+000 -1.000000e+000  0.000000e+000
    outer loop
      vertex -9.300618e-001  0.000000e+000  2.852190e+000
      vertex -1.111140e+000  0.000000e+000  1.662939e+000
      vertex -7.653669e-001  0.000000e+000  1.847759e+000
    endloop
  endfacet
  facet normal  0.000000e+000 -1.000000e+000  0.000000e+000
    outer loop
      vertex -9.300618e-001  0.000000e+000  2.852190e+000
      vertex -7.653669e-001  0.000000e+000  1.847759e+000
      vertex -3.901806e-001  0.000000e+000  1.961571e+000
    endloop
  endfacet
  facet normal  0.000000e+000 -9.999999e-001  0.000000e+000
    outer loop
      vertex -9.300618e-001  0.000000e+000  2.852190e+000
      vertex -3.901806e-001  0.000000e+000  1.961571e+000
      vertex -4.724305e-001  0.000000e+000  2.962568e+000
    endloop
  endfacet
  facet normal  -0.000000e+000 -1.000000e+000  0.000000e+000
    outer loop
      vertex -2.347678e+001  0.000000e+000 -4.500000e+000
      vertex  9.300618e-001  0.000000e+000 -2.852190e+000
      vertex -3.216245e-016  0.000000e+000 -2.000000e+000
    endloop
  endfacet
  facet normal  -0.000000e+000 -1.000000e+000  0.000000e+000
    outer loop
      vertex -2.347678e+001  0.000000e+000 -4.500000e+000
      vertex -3.216245e-016  0.000000e+000 -2.000000e+000
      vertex -3.901806e-001  0.000000e+000 -1.961571e+000
    endloop
  endfacet
  facet normal  -0.000000e+000 -1.000000e+000  0.000000e+000
    outer loop
      vertex -2.347678e+001  0.000000e+000 -4.500000e+000
      vertex -3.901806e-001  0.000000e+000 -1.961571e+000
      vertex -7.653669e-001  0.000000e+000 -1.847759e+000
    endloop
  endfacet
  facet normal  -0.000000e+000 -1.000000e+000  0.000000e+000
    outer loop
      vertex -2.347678e+001  0.000000e+000 -4.500000e+000
      vertex -7.653669e-001  0.000000e+000 -1.847759e+000
      vertex -1.111140e+000  0.000000e+000 -1.662939e+000
    endloop
  endfacet
  facet normal  -0.000000e+000 -1.000000e+000  0.000000e+000
    outer loop
      vertex -2.347678e+001  0.000000e+000 -4.500000e+000
      vertex -1.111140e+000  0.000000e+000 -1.662939e+000
      vertex -1.414214e+000  0.000000e+000 -1.414214e+000
    endloop
  endfacet
  facet normal  -0.000000e+000 -1.000000e+000  0.000000e+000
    outer loop
      vertex -2.347678e+001  0.000000e+000 -4.500000e+000
      vertex -1.414214e+000  0.000000e+000 -1.414214e+000
      vertex -1.662939e+000  0.000000e+000 -1.111140e+000
    endloop
  endfacet
  facet normal  -0.000000e+000 -1.000000e+000  0.000000e+000
    outer loop
      vertex -2.347678e+001  0.000000e+000 -4.500000e+000
      vertex -1.662939e+000  0.000000e+000 -1.111140e+000
      vertex -1.847759e+000  0.000000e+000 -7.653669e-001
    endloop
  endfacet
  facet normal  -0.000000e+000 -1.000000e+000  0.000000e+000
    outer loop
      vertex -2.347678e+001  0.000000e+000 -4.500000e+000
      vertex -1.847759e+000  0.000000e+000 -7.653669e-001
      vertex -1.961571e+000  0.000000e+000 -3.901806e-001
    endloop
  endfacet
  facet normal  -0.000000e+000 -1.000000e+000  0.000000e+000
    outer loop
      vertex -2.347678e+001  0.000000e+000 -4.500000e+000
      vertex -1.961571e+000  0.000000e+000 -3.901806e-001
      vertex -2.000000e+000  0.000000e+000 -2.449294e-016
    endloop
  endfacet
  facet normal  -0.000000e+000 -1.000000e+000  0.000000e+000
    outer loop
      vertex -2.347678e+001  0.000000e+000 -4.500000e+000
      vertex -2.000000e+000  0.000000e+000 -2.449294e-016
      vertex -1.961571e+000  0.000000e+000  3.901806e-001
    endloop
  endfacet
  facet normal  -0.000000e+000 -9.999999e-001  0.000000e+000
    outer loop
      vertex -2.347678e+001  0.000000e+000 -4.500000e+000
      vertex -1.961571e+000  0.000000e+000  3.901806e-001
      vertex -1.847759e+000  0.000000e+000  7.653669e-001
    endloop
  endfacet
  facet normal  -0.000000e+000 -9.999999e-001  0.000000e+000
    outer loop
      vertex -2.347678e+001  0.000000e+000 -4.500000e+000
      vertex -1.847759e+000  0.000000e+000  7.653669e-001
      vertex -1.662939e+000  0.000000e+000  1.111140e+000
    endloop
  endfacet
  facet normal  -0.000000e+000 -1.000000e+000  0.000000e+000
    outer loop
      vertex -2.347678e+001  0.000000e+000 -4.500000e+000
      vertex -1.662939e+000  0.000000e+000  1.111140e+000
      vertex -1.414214e+000  0.000000e+000  1.414214e+000
    endloop
  endfacet
  facet normal  -0.000000e+000 -1.000000e+000  0.000000e+000
    outer loop
      vertex -2.347678e+001  0.000000e+000 -4.500000e+000
      vertex -1.414214e+000  0.000000e+000  1.414214e+000
      vertex -1.111140e+000  0.000000e+000  1.662939e+000
    endloop
  endfacet
  facet normal  0.000000e+000 -1.000000e+000  0.000000e+000
    outer loop
      vertex  9.300618e-001  0.000000e+000 -2.852190e+000
      vertex -2.347678e+001  0.000000e+000 -4.500000e+000
      vertex -2.188886e+001  0.000000e+000 -5.837061e+000
    endloop
  endfacet
  facet normal  0.000000e+000 -1.000000e+000  0.000000e+000
    outer loop
      vertex  9.300618e-001  0.000000e+000 -2.852190e+000
      vertex -2.188886e+001  0.000000e+000 -5.837061e+000
      vertex -2.158579e+001  0.000000e+000 -6.085786e+000
    endloop
  endfacet
  facet normal  0.000000e+000 -9.999999e-001  0.000000e+000
    outer loop
      vertex  9.300618e-001  0.000000e+000 -2.852190e+000
      vertex -2.158579e+001  0.000000e+000 -6.085786e+000
      vertex -2.133706e+001  0.000000e+000 -6.388860e+000
    endloop
  endfacet
  facet normal  0.000000e+000 -1.000000e+000  0.000000e+000
    outer loop
      vertex  9.300618e-001  0.000000e+000 -2.852190e+000
      vertex -2.133706e+001  0.000000e+000 -6.388860e+000
      vertex -2.115224e+001  0.000000e+000 -6.734633e+000
    endloop
  endfacet
  facet normal  0.000000e+000 -1.000000e+000  0.000000e+000
    outer loop
      vertex  9.300618e-001  0.000000e+000 -2.852190e+000
      vertex -2.115224e+001  0.000000e+000 -6.734633e+000
      vertex -2.103843e+001  0.000000e+000 -7.109819e+000
    endloop
  endfacet
  facet normal  0.000000e+000 -1.000000e+000  0.000000e+000
    outer loop
      vertex  9.300618e-001  0.000000e+000 -2.852190e+000
      vertex -2.103843e+001  0.000000e+000 -7.109819e+000
      vertex -2.100000e+001  0.000000e+000 -7.500000e+000
    endloop
  endfacet
  facet normal  0.000000e+000 -1.000000e+000  -0.000000e+000
    outer loop
      vertex  9.300618e-001  0.000000e+000 -2.852190e+000
      vertex -2.100000e+001  0.000000e+000 -7.500000e+000
      vertex -2.103843e+001  0.000000e+000 -7.890181e+000
    endloop
  endfacet
  facet normal  0.000000e+000 -1.000000e+000  -0.000000e+000
    outer loop
      vertex  9.300618e-001  0.000000e+000 -2.852190e+000
      vertex -2.103843e+001  0.000000e+000 -7.890181e+000
      vertex -2.115224e+001  0.000000e+000 -8.265367e+000
    endloop
  endfacet
  facet normal  0.000000e+000 -1.000000e+000  -0.000000e+000
    outer loop
      vertex  9.300618e-001  0.000000e+000 -2.852190e+000
      vertex -2.115224e+001  0.000000e+000 -8.265367e+000
      vertex -2.206994e+001  0.000000e+000 -1.035219e+001
    endloop
  endfacet
  facet normal  0.000000e+000 -1.000000e+000  0.000000e+000
    outer loop
      vertex -2.206994e+001  0.000000e+000 -1.035219e+001
      vertex -2.115224e+001  0.000000e+000 -8.265367e+000
      vertex -2.133706e+001  0.000000e+000 -8.611140e+000
    endloop
  endfacet
  facet normal  0.000000e+000 -1.000000e+000  0.000000e+000
    outer loop
      vertex -2.206994e+001  0.000000e+000 -1.035219e+001
      vertex -2.133706e+001  0.000000e+000 -8.611140e+000
      vertex -2.158579e+001  0.000000e+000 -8.914213e+000
    endloop
  endfacet
  facet normal  0.000000e+000 -1.000000e+000  0.000000e+000
    outer loop
      vertex -2.206994e+001  0.000000e+000 -1.035219e+001
      vertex -2.158579e+001  0.000000e+000 -8.914213e+000
      vertex -2.188886e+001  0.000000e+000 -9.162939e+000
    endloop
  endfacet
  facet normal  0.000000e+000 -1.000000e+000  0.000000e+000
    outer loop
      vertex -2.206994e+001  0.000000e+000 -1.035219e+001
      vertex -2.188886e+001  0.000000e+000 -9.162939e+000
      vertex -2.223463e+001  0.000000e+000 -9.347759e+000
    endloop
  endfacet
  facet normal  0.000000e+000 -1.000000e+000  -0.000000e+000
    outer loop
      vertex -2.206994e+001  0.000000e+000 -1.035219e+001
      vertex -2.223463e+001  0.000000e+000 -9.347759e+000
      vertex -2.260982e+001  0.000000e+000 -9.461571e+000
    endloop
  endfacet
  facet normal  0.000000e+000 -1.000000e+000  0.000000e+000
    outer loop
      vertex -2.206994e+001  0.000000e+000 -1.035219e+001
      vertex -2.260982e+001  0.000000e+000 -9.461571e+000
      vertex -2.252913e+001  0.000000e+000 -1.046282e+001
    endloop
  endfacet
  facet normal  0.000000e+000 -1.000000e+000  0.000000e+000
    outer loop
      vertex -3.300000e+001  0.000000e+000 -1.050000e+001
      vertex -2.300000e+001  0.000000e+000 -1.050000e+001
      vertex -2.300000e+001  0.000000e+000 -9.500000e+000
    endloop
  endfacet
  facet normal  -0.000000e+000 -1.000000e+000  0.000000e+000
    outer loop
      vertex -3.300000e+001  0.000000e+000 -1.050000e+001
      vertex -2.300000e+001  0.000000e+000 -9.500000e+000
      vertex -2.339018e+001  0.000000e+000 -9.461571e+000
    endloop
  endfacet
  facet normal  -0.000000e+000 -1.000000e+000  0.000000e+000
    outer loop
      vertex -3.300000e+001  0.000000e+000 -1.050000e+001
      vertex -2.339018e+001  0.000000e+000 -9.461571e+000
      vertex -2.376537e+001  0.000000e+000 -9.347759e+000
    endloop
  endfacet
  facet normal  -0.000000e+000 -1.000000e+000  0.000000e+000
    outer loop
      vertex -3.300000e+001  0.000000e+000 -1.050000e+001
      vertex -2.376537e+001  0.000000e+000 -9.347759e+000
      vertex -2.411114e+001  0.000000e+000 -9.162939e+000
    endloop
  endfacet
  facet normal  -0.000000e+000 -9.999999e-001  0.000000e+000
    outer loop
      vertex -3.300000e+001  0.000000e+000 -1.050000e+001
      vertex -2.411114e+001  0.000000e+000 -9.162939e+000
      vertex -2.441421e+001  0.000000e+000 -8.914213e+000
    endloop
  endfacet
  facet normal  -0.000000e+000 -1.000000e+000  0.000000e+000
    outer loop
      vertex -3.300000e+001  0.000000e+000 -1.050000e+001
      vertex -2.441421e+001  0.000000e+000 -8.914213e+000
      vertex -2.466294e+001  0.000000e+000 -8.611140e+000
    endloop
  endfacet
  facet normal  -0.000000e+000 -1.000000e+000  0.000000e+000
    outer loop
      vertex -3.300000e+001  0.000000e+000 -1.050000e+001
      vertex -2.466294e+001  0.000000e+000 -8.611140e+000
      vertex -2.484776e+001  0.000000e+000 -8.265367e+000
    endloop
  endfacet
  facet normal  -0.000000e+000 -1.000000e+000  0.000000e+000
    outer loop
      vertex -3.300000e+001  0.000000e+000 -1.050000e+001
      vertex -2.484776e+001  0.000000e+000 -8.265367e+000
      vertex -2.496157e+001  0.000000e+000 -7.890181e+000
    endloop
  endfacet
  facet normal  -0.000000e+000 -1.000000e+000  0.000000e+000
    outer loop
      vertex -3.300000e+001  0.000000e+000 -1.050000e+001
      vertex -2.496157e+001  0.000000e+000 -7.890181e+000
      vertex -2.500000e+001  0.000000e+000 -7.500000e+000
    endloop
  endfacet
  facet normal  -0.000000e+000 -1.000000e+000  0.000000e+000
    outer loop
      vertex -3.300000e+001  0.000000e+000 -1.050000e+001
      vertex -2.500000e+001  0.000000e+000 -7.500000e+000
      vertex -3.300000e+001  0.000000e+000 -4.500000e+000
    endloop
  endfacet
  facet normal  0.000000e+000 -9.999999e-001  0.000000e+000
    outer loop
      vertex  2.000000e+000  0.000000e+000  2.266215e-015
      vertex  1.961571e+000  0.000000e+000 -3.901806e-001
      vertex  2.123558e+000  0.000000e+000 -2.119080e+000
    endloop
  endfacet
  facet normal  0.000000e+000 -1.000000e+000  0.000000e+000
    outer loop
      vertex  2.000000e+000  0.000000e+000  2.266215e-015
      vertex  2.123558e+000  0.000000e+000 -2.119080e+000
      vertex  2.428911e+000  0.000000e+000 -1.760793e+000
    endloop
  endfacet
  facet normal  0.000000e+000 -9.999999e-001  0.000000e+000
    outer loop
      vertex  2.000000e+000  0.000000e+000  2.266215e-015
      vertex  2.428911e+000  0.000000e+000 -1.760793e+000
      vertex  2.674456e+000  0.000000e+000 -1.359150e+000
    endloop
  endfacet
  facet normal  0.000000e+000 -1.000000e+000  0.000000e+000
    outer loop
      vertex  2.000000e+000  0.000000e+000  2.266215e-015
      vertex  2.674456e+000  0.000000e+000 -1.359150e+000
      vertex  2.854146e+000  0.000000e+000 -9.240391e-001
    endloop
  endfacet
  facet normal  0.000000e+000 -1.000000e+000  0.000000e+000
    outer loop
      vertex  2.000000e+000  0.000000e+000  2.266215e-015
      vertex  2.854146e+000  0.000000e+000 -9.240391e-001
      vertex  2.963559e+000  0.000000e+000 -4.661758e-001
    endloop
  endfacet
  facet normal  0.000000e+000 -1.000000e+000  0.000000e+000
    outer loop
      vertex  2.000000e+000  0.000000e+000  2.266215e-015
      vertex  2.963559e+000  0.000000e+000 -4.661758e-001
      vertex  2.999998e+000  0.000000e+000  3.166304e-003
    endloop
  endfacet
  facet normal  -0.000000e+000 -1.000000e+000  0.000000e+000
    outer loop
      vertex  2.000000e+000  0.000000e+000  2.266215e-015
      vertex  2.999998e+000  0.000000e+000  3.166304e-003
      vertex  2.962568e+000  0.000000e+000  4.724305e-001
    endloop
  endfacet
  facet normal  -0.000000e+000 -1.000000e+000  0.000000e+000
    outer loop
      vertex  2.000000e+000  0.000000e+000  2.266215e-015
      vertex  2.962568e+000  0.000000e+000  4.724305e-001
      vertex  2.852190e+000  0.000000e+000  9.300618e-001
    endloop
  endfacet
  facet normal  -0.000000e+000 -9.999999e-001  0.000000e+000
    outer loop
      vertex  2.000000e+000  0.000000e+000  2.266215e-015
      vertex  2.852190e+000  0.000000e+000  9.300618e-001
      vertex  2.671581e+000  0.000000e+000  1.364792e+000
    endloop
  endfacet
  facet normal  -0.000000e+000 -1.000000e+000  0.000000e+000
    outer loop
      vertex  2.000000e+000  0.000000e+000  2.266215e-015
      vertex  2.671581e+000  0.000000e+000  1.364792e+000
      vertex  2.425189e+000  0.000000e+000  1.765916e+000
    endloop
  endfacet
  facet normal  -0.000000e+000 -1.000000e+000  0.000000e+000
    outer loop
      vertex  2.000000e+000  0.000000e+000  2.266215e-015
      vertex  2.425189e+000  0.000000e+000  1.765916e+000
      vertex  2.119080e+000  0.000000e+000  2.123558e+000
    endloop
  endfacet
  facet normal  0.000000e+000 -1.000000e+000  0.000000e+000
    outer loop
      vertex  2.000000e+000  0.000000e+000  2.266215e-015
      vertex  2.119080e+000  0.000000e+000  2.123558e+000
      vertex  1.961571e+000  0.000000e+000  3.901806e-001
    endloop
  endfacet
  facet normal  0.000000e+000 -1.000000e+000  0.000000e+000
    outer loop
      vertex -2.347678e+001  0.000000e+000 -4.500000e+000
      vertex -3.300000e+001  0.000000e+000 -4.500000e+000
      vertex -2.376537e+001  0.000000e+000 -5.652241e+000
    endloop
  endfacet
  facet normal  0.000000e+000 -1.000000e+000  0.000000e+000
    outer loop
      vertex -2.347678e+001  0.000000e+000 -4.500000e+000
      vertex -2.376537e+001  0.000000e+000 -5.652241e+000
      vertex -2.339018e+001  0.000000e+000 -5.538429e+000
    endloop
  endfacet
  facet normal  0.000000e+000 -1.000000e+000  0.000000e+000
    outer loop
      vertex -2.347678e+001  0.000000e+000 -4.500000e+000
      vertex -2.339018e+001  0.000000e+000 -5.538429e+000
      vertex -2.300000e+001  0.000000e+000 -5.500000e+000
    endloop
  endfacet
  facet normal  0.000000e+000 -1.000000e+000  0.000000e+000
    outer loop
      vertex -2.347678e+001  0.000000e+000 -4.500000e+000
      vertex -2.300000e+001  0.000000e+000 -5.500000e+000
      vertex -2.260982e+001  0.000000e+000 -5.538429e+000
    endloop
  endfacet
  facet normal  0.000000e+000 -1.000000e+000  0.000000e+000
    outer loop
      vertex -2.347678e+001  0.000000e+000 -4.500000e+000
      vertex -2.260982e+001  0.000000e+000 -5.538429e+000
      vertex -2.223463e+001  0.000000e+000 -5.652241e+000
    endloop
  endfacet
  facet normal  0.000000e+000 -1.000000e+000  0.000000e+000
    outer loop
      vertex -2.347678e+001  0.000000e+000 -4.500000e+000
      vertex -2.223463e+001  0.000000e+000 -5.652241e+000
      vertex -2.188886e+001  0.000000e+000 -5.837061e+000
    endloop
  endfacet
  facet normal  0.000000e+000 -1.000000e+000  0.000000e+000
    outer loop
      vertex -3.300000e+001  0.000000e+000 -4.500000e+000
      vertex -2.500000e+001  0.000000e+000 -7.500000e+000
      vertex -2.496157e+001  0.000000e+000 -7.109819e+000
    endloop
  endfacet
  facet normal  0.000000e+000 -1.000000e+000  0.000000e+000
    outer loop
      vertex -3.300000e+001  0.000000e+000 -4.500000e+000
      vertex -2.496157e+001  0.000000e+000 -7.109819e+000
      vertex -2.484776e+001  0.000000e+000 -6.734633e+000
    endloop
  endfacet
  facet normal  0.000000e+000 -1.000000e+000  0.000000e+000
    outer loop
      vertex -3.300000e+001  0.000000e+000 -4.500000e+000
      vertex -2.484776e+001  0.000000e+000 -6.734633e+000
      vertex -2.466294e+001  0.000000e+000 -6.388860e+000
    endloop
  endfacet
  facet normal  0.000000e+000 -1.000000e+000  0.000000e+000
    outer loop
      vertex -3.300000e+001  0.000000e+000 -4.500000e+000
      vertex -2.466294e+001  0.000000e+000 -6.388860e+000
      vertex -2.441421e+001  0.000000e+000 -6.085786e+000
    endloop
  endfacet
  facet normal  0.000000e+000 -9.999999e-001  0.000000e+000
    outer loop
      vertex -3.300000e+001  0.000000e+000 -4.500000e+000
      vertex -2.441421e+001  0.000000e+000 -6.085786e+000
      vertex -2.411114e+001  0.000000e+000 -5.837061e+000
    endloop
  endfacet
  facet normal  0.000000e+000 -1.000000e+000  0.000000e+000
    outer loop
      vertex -3.300000e+001  0.000000e+000 -4.500000e+000
      vertex -2.411114e+001  0.000000e+000 -5.837061e+000
      vertex -2.376537e+001  0.000000e+000 -5.652241e+000
    endloop
  endfacet
  facet normal  -0.000000e+000 -9.999999e-001  0.000000e+000
    outer loop
      vertex -2.300000e+001  0.000000e+000 -1.050000e+001
      vertex -2.252913e+001  0.000000e+000 -1.046282e+001
      vertex -2.300000e+001  0.000000e+000 -9.500000e+000
    endloop
  endfacet
  facet normal  0.000000e+000 -1.000000e+000  0.000000e+000
    outer loop
      vertex -2.300000e+001  0.000000e+000 -9.500000e+000
      vertex -2.252913e+001  0.000000e+000 -1.046282e+001
      vertex -2.260982e+001  0.000000e+000 -9.461571e+000
    endloop
  endfacet
  facet normal  0.000000e+000 -1.000000e+000  0.000000e+000
    outer loop
      vertex  1.414214e+000  0.000000e+000 -1.414214e+000
      vertex  1.364792e+000  0.000000e+000 -2.671581e+000
      vertex  1.662939e+000  0.000000e+000 -1.111140e+000
    endloop
  endfacet
  facet normal  0.000000e+000 -1.000000e+000  -0.000000e+000
    outer loop
      vertex  1.662939e+000  0.000000e+000 -1.111140e+000
      vertex  1.364792e+000  0.000000e+000 -2.671581e+000
      vertex  1.765916e+000  0.000000e+000 -2.425189e+000
    endloop
  endfacet
  facet normal  0.000000e+000 -1.000000e+000  0.000000e+000
    outer loop
      vertex  1.662939e+000  0.000000e+000 -1.111140e+000
      vertex  1.765916e+000  0.000000e+000 -2.425189e+000
      vertex  1.847759e+000  0.000000e+000 -7.653669e-001
    endloop
  endfacet
  facet normal  0.000000e+000 -1.000000e+000  -0.000000e+000
    outer loop
      vertex  1.847759e+000  0.000000e+000 -7.653669e-001
      vertex  1.765916e+000  0.000000e+000 -2.425189e+000
      vertex  2.123558e+000  0.000000e+000 -2.119080e+000
    endloop
  endfacet
  facet normal  0.000000e+000 -1.000000e+000  0.000000e+000
    outer loop
      vertex  1.847759e+000  0.000000e+000 -7.653669e-001
      vertex  2.123558e+000  0.000000e+000 -2.119080e+000
      vertex  1.961571e+000  0.000000e+000 -3.901806e-001
    endloop
  endfacet
  facet normal  0.000000e+000 -1.000000e+000  0.000000e+000
    outer loop
      vertex  1.414214e+000  0.000000e+000  1.414214e+000
      vertex  1.662939e+000  0.000000e+000  1.111140e+000
      vertex  1.359150e+000  0.000000e+000  2.674456e+000
    endloop
  endfacet
  facet normal  0.000000e+000 -1.000000e+000  0.000000e+000
    outer loop
      vertex  1.359150e+000  0.000000e+000  2.674456e+000
      vertex  1.662939e+000  0.000000e+000  1.111140e+000
      vertex  1.847759e+000  0.000000e+000  7.653669e-001
    endloop
  endfacet
  facet normal  0.000000e+000 -1.000000e+000  0.000000e+000
    outer loop
      vertex  1.359150e+000  0.000000e+000  2.674456e+000
      vertex  1.847759e+000  0.000000e+000  7.653669e-001
      vertex  1.760793e+000  0.000000e+000  2.428911e+000
    endloop
  endfacet
  facet normal  0.000000e+000 -1.000000e+000  0.000000e+000
    outer loop
      vertex  1.760793e+000  0.000000e+000  2.428911e+000
      vertex  1.847759e+000  0.000000e+000  7.653669e-001
      vertex  1.961571e+000  0.000000e+000  3.901806e-001
    endloop
  endfacet
  facet normal  0.000000e+000 -1.000000e+000  0.000000e+000
    outer loop
      vertex  1.760793e+000  0.000000e+000  2.428911e+000
      vertex  1.961571e+000  0.000000e+000  3.901806e-001
      vertex  2.119080e+000  0.000000e+000  2.123558e+000
    endloop
  endfacet
  facet normal  0.000000e+000 -1.000000e+000  0.000000e+000
    outer loop
      vertex  7.653669e-001  0.000000e+000  1.847759e+000
      vertex  1.111140e+000  0.000000e+000  1.662939e+000
      vertex  9.240391e-001  0.000000e+000  2.854146e+000
    endloop
  endfacet
  facet normal  0.000000e+000 -1.000000e+000  0.000000e+000
    outer loop
      vertex  9.240391e-001  0.000000e+000  2.854146e+000
      vertex  1.111140e+000  0.000000e+000  1.662939e+000
      vertex  1.414214e+000  0.000000e+000  1.414214e+000
    endloop
  endfacet
  facet normal  0.000000e+000 -1.000000e+000  0.000000e+000
    outer loop
      vertex  9.240391e-001  0.000000e+000  2.854146e+000
      vertex  1.414214e+000  0.000000e+000  1.414214e+000
      vertex  1.359150e+000  0.000000e+000  2.674456e+000
    endloop
  endfacet
  facet normal  0.000000e+000 -1.000000e+000  0.000000e+000
    outer loop
      vertex  4.661758e-001  0.000000e+000  2.963559e+000
      vertex  7.653669e-001  0.000000e+000  1.847759e+000
      vertex  9.240391e-001  0.000000e+000  2.854146e+000
    endloop
  endfacet
  facet normal  0.000000e+000 -1.000000e+000  -0.000000e+000
    outer loop
      vertex  7.653669e-001  0.000000e+000  1.847759e+000
      vertex  4.661758e-001  0.000000e+000  2.963559e+000
      vertex  3.901806e-001  0.000000e+000  1.961571e+000
    endloop
  endfacet
  facet normal  0.000000e+000 -1.000000e+000  0.000000e+000
    outer loop
      vertex  3.901806e-001  0.000000e+000  1.961571e+000
      vertex  4.661758e-001  0.000000e+000  2.963559e+000
      vertex -3.166304e-003  0.000000e+000  2.999998e+000
    endloop
  endfacet
  facet normal  0.000000e+000 -1.000000e+000  0.000000e+000
    outer loop
      vertex  3.901806e-001  0.000000e+000  1.961571e+000
      vertex -3.166304e-003  0.000000e+000  2.999998e+000
      vertex -3.673940e-016  0.000000e+000  2.000000e+000
    endloop
  endfacet
  facet normal  0.000000e+000 -1.000000e+000  0.000000e+000
    outer loop
      vertex -3.673940e-016  0.000000e+000  2.000000e+000
      vertex -3.166304e-003  0.000000e+000  2.999998e+000
      vertex -4.724305e-001  0.000000e+000  2.962568e+000
    endloop
  endfacet
  facet normal  0.000000e+000 -1.000000e+000  0.000000e+000
    outer loop
      vertex -3.673940e-016  0.000000e+000  2.000000e+000
      vertex -4.724305e-001  0.000000e+000  2.962568e+000
      vertex -3.901806e-001  0.000000e+000  1.961571e+000
    endloop
  endfacet
  facet normal  1.000000e+000  0.000000e+000  0.000000e+000
    outer loop
      vertex -3.300000e+001  1.000000e+001 -4.500000e+000
      vertex -3.300000e+001  1.000000e+001 -1.050000e+001
      vertex -3.300000e+001  1.400000e+001 -4.500000e+000
    endloop
  endfacet
  facet normal  1.000000e+000  0.000000e+000  0.000000e+000
    outer loop
      vertex -3.300000e+001  1.400000e+001 -4.500000e+000
      vertex -3.300000e+001  1.000000e+001 -1.050000e+001
      vertex -3.300000e+001  1.400000e+001 -1.050000e+001
    endloop
  endfacet
  facet normal  1.000000e+000  0.000000e+000  0.000000e+000
    outer loop
      vertex -3.300000e+001 -4.000000e+000 -4.500000e+000
      vertex -3.300000e+001 -4.000000e+000 -1.050000e+001
      vertex -3.300000e+001  0.000000e+000 -4.500000e+000
    endloop
  endfacet
  facet normal  1.000000e+000  0.000000e+000  0.000000e+000
    outer loop
      vertex -3.300000e+001  0.000000e+000 -4.500000e+000
      vertex -3.300000e+001 -4.000000e+000 -1.050000e+001
      vertex -3.300000e+001  0.000000e+000 -1.050000e+001
    endloop
  endfacet
  facet normal -9.801728e-002  -0.000000e+000 -9.951847e-001
    outer loop
      vertex -3.673940e-016  6.500000e+000  2.000000e+000
      vertex  3.901806e-001  1.000000e+001  1.961571e+000
      vertex  3.901806e-001  6.500000e+000  1.961571e+000
    endloop
  endfacet
  facet normal -2.902847e-001  0.000000e+000 -9.569403e-001
    outer loop
      vertex  3.901806e-001  6.500000e+000  1.961571e+000
      vertex  3.901806e-001  1.000000e+001  1.961571e+000
      vertex  7.653669e-001  1.000000e+001  1.847759e+000
    endloop
  endfacet
  facet normal -2.902847e-001  -0.000000e+000 -9.569403e-001
    outer loop
      vertex  3.901806e-001  6.500000e+000  1.961571e+000
      vertex  7.653669e-001  1.000000e+001  1.847759e+000
      vertex  7.653669e-001  6.500000e+000  1.847759e+000
    endloop
  endfacet
  facet normal -4.713966e-001  0.000000e+000 -8.819212e-001
    outer loop
      vertex  7.653669e-001  6.500000e+000  1.847759e+000
      vertex  7.653669e-001  1.000000e+001  1.847759e+000
      vertex  1.111140e+000  1.000000e+001  1.662939e+000
    endloop
  endfacet
  facet normal -4.713966e-001  -0.000000e+000 -8.819212e-001
    outer loop
      vertex  7.653669e-001  6.500000e+000  1.847759e+000
      vertex  1.111140e+000  1.000000e+001  1.662939e+000
      vertex  1.111140e+000  6.500000e+000  1.662939e+000
    endloop
  endfacet
  facet normal -6.343933e-001  0.000000e+000 -7.730104e-001
    outer loop
      vertex  1.111140e+000  6.500000e+000  1.662939e+000
      vertex  1.111140e+000  1.000000e+001  1.662939e+000
      vertex  1.414214e+000  1.000000e+001  1.414214e+000
    endloop
  endfacet
  facet normal -6.343933e-001  -0.000000e+000 -7.730104e-001
    outer loop
      vertex  1.111140e+000  6.500000e+000  1.662939e+000
      vertex  1.414214e+000  1.000000e+001  1.414214e+000
      vertex  1.414214e+000  6.500000e+000  1.414214e+000
    endloop
  endfacet
  facet normal -7.730104e-001  0.000000e+000 -6.343933e-001
    outer loop
      vertex  1.414214e+000  6.500000e+000  1.414214e+000
      vertex  1.414214e+000  1.000000e+001  1.414214e+000
      vertex  1.662939e+000  1.000000e+001  1.111140e+000
    endloop
  endfacet
  facet normal -7.730104e-001  -0.000000e+000 -6.343933e-001
    outer loop
      vertex  1.414214e+000  6.500000e+000  1.414214e+000
      vertex  1.662939e+000  1.000000e+001  1.111140e+000
      vertex  1.662939e+000  6.500000e+000  1.111140e+000
    endloop
  endfacet
  facet normal -8.819212e-001  0.000000e+000 -4.713966e-001
    outer loop
      vertex  1.662939e+000  6.500000e+000  1.111140e+000
      vertex  1.662939e+000  1.000000e+001  1.111140e+000
      vertex  1.847759e+000  1.000000e+001  7.653669e-001
    endloop
  endfacet
  facet normal -8.819212e-001  -0.000000e+000 -4.713966e-001
    outer loop
      vertex  1.662939e+000  6.500000e+000  1.111140e+000
      vertex  1.847759e+000  1.000000e+001  7.653669e-001
      vertex  1.847759e+000  6.500000e+000  7.653669e-001
    endloop
  endfacet
  facet normal -9.569403e-001  0.000000e+000 -2.902847e-001
    outer loop
      vertex  1.847759e+000  6.500000e+000  7.653669e-001
      vertex  1.847759e+000  1.000000e+001  7.653669e-001
      vertex  1.961571e+000  1.000000e+001  3.901806e-001
    endloop
  endfacet
  facet normal -9.569403e-001  -0.000000e+000 -2.902847e-001
    outer loop
      vertex  1.847759e+000  6.500000e+000  7.653669e-001
      vertex  1.961571e+000  1.000000e+001  3.901806e-001
      vertex  1.961571e+000  6.500000e+000  3.901806e-001
    endloop
  endfacet
  facet normal -9.951847e-001  0.000000e+000 -9.801728e-002
    outer loop
      vertex  1.961571e+000  6.500000e+000  3.901806e-001
      vertex  1.961571e+000  1.000000e+001  3.901806e-001
      vertex  2.000000e+000  1.000000e+001  0.000000e+000
    endloop
  endfacet
  facet normal -9.951847e-001 -1.371846e-017 -9.801728e-002
    outer loop
      vertex  1.961571e+000  6.500000e+000  3.901806e-001
      vertex  2.000000e+000  1.000000e+001  0.000000e+000
      vertex  2.000000e+000  6.500000e+000  4.898587e-016
    endloop
  endfacet
  facet normal -9.801728e-002  0.000000e+000 -9.951847e-001
    outer loop
      vertex  3.901806e-001  1.000000e+001  1.961571e+000
      vertex -3.673940e-016  6.500000e+000  2.000000e+000
      vertex -3.673940e-016  1.000000e+001  2.000000e+000
    endloop
  endfacet
  facet normal  9.801728e-002  0.000000e+000 -9.951847e-001
    outer loop
      vertex -3.673940e-016  1.000000e+001  2.000000e+000
      vertex -3.673940e-016  6.500000e+000  2.000000e+000
      vertex -3.901806e-001  6.500000e+000  1.961571e+000
    endloop
  endfacet
  facet normal  9.801728e-002  0.000000e+000 -9.951847e-001
    outer loop
      vertex -3.673940e-016  1.000000e+001  2.000000e+000
      vertex -3.901806e-001  6.500000e+000  1.961571e+000
      vertex -3.901806e-001  1.000000e+001  1.961571e+000
    endloop
  endfacet
  facet normal  2.902847e-001  0.000000e+000 -9.569403e-001
    outer loop
      vertex -3.901806e-001  1.000000e+001  1.961571e+000
      vertex -3.901806e-001  6.500000e+000  1.961571e+000
      vertex -7.653669e-001  6.500000e+000  1.847759e+000
    endloop
  endfacet
  facet normal  2.902847e-001  0.000000e+000 -9.569403e-001
    outer loop
      vertex -3.901806e-001  1.000000e+001  1.961571e+000
      vertex -7.653669e-001  6.500000e+000  1.847759e+000
      vertex -7.653669e-001  1.000000e+001  1.847759e+000
    endloop
  endfacet
  facet normal  4.713966e-001  0.000000e+000 -8.819212e-001
    outer loop
      vertex -7.653669e-001  1.000000e+001  1.847759e+000
      vertex -7.653669e-001  6.500000e+000  1.847759e+000
      vertex -1.111140e+000  6.500000e+000  1.662939e+000
    endloop
  endfacet
  facet normal  4.713966e-001  0.000000e+000 -8.819212e-001
    outer loop
      vertex -7.653669e-001  1.000000e+001  1.847759e+000
      vertex -1.111140e+000  6.500000e+000  1.662939e+000
      vertex -1.111140e+000  1.000000e+001  1.662939e+000
    endloop
  endfacet
  facet normal  6.343933e-001  0.000000e+000 -7.730104e-001
    outer loop
      vertex -1.111140e+000  1.000000e+001  1.662939e+000
      vertex -1.111140e+000  6.500000e+000  1.662939e+000
      vertex -1.414214e+000  6.500000e+000  1.414214e+000
    endloop
  endfacet
  facet normal  6.343933e-001  0.000000e+000 -7.730104e-001
    outer loop
      vertex -1.111140e+000  1.000000e+001  1.662939e+000
      vertex -1.414214e+000  6.500000e+000  1.414214e+000
      vertex -1.414214e+000  1.000000e+001  1.414214e+000
    endloop
  endfacet
  facet normal  7.730104e-001  0.000000e+000 -6.343933e-001
    outer loop
      vertex -1.414214e+000  1.000000e+001  1.414214e+000
      vertex -1.414214e+000  6.500000e+000  1.414214e+000
      vertex -1.662939e+000  6.500000e+000  1.111140e+000
    endloop
  endfacet
  facet normal  7.730104e-001  0.000000e+000 -6.343933e-001
    outer loop
      vertex -1.414214e+000  1.000000e+001  1.414214e+000
      vertex -1.662939e+000  6.500000e+000  1.111140e+000
      vertex -1.662939e+000  1.000000e+001  1.111140e+000
    endloop
  endfacet
  facet normal  8.819212e-001  0.000000e+000 -4.713966e-001
    outer loop
      vertex -1.662939e+000  1.000000e+001  1.111140e+000
      vertex -1.662939e+000  6.500000e+000  1.111140e+000
      vertex -1.847759e+000  6.500000e+000  7.653669e-001
    endloop
  endfacet
  facet normal  8.819212e-001  0.000000e+000 -4.713966e-001
    outer loop
      vertex -1.662939e+000  1.000000e+001  1.111140e+000
      vertex -1.847759e+000  6.500000e+000  7.653669e-001
      vertex -1.847759e+000  1.000000e+001  7.653669e-001
    endloop
  endfacet
  facet normal  9.569403e-001  0.000000e+000 -2.902847e-001
    outer loop
      vertex -1.847759e+000  1.000000e+001  7.653669e-001
      vertex -1.847759e+000  6.500000e+000  7.653669e-001
      vertex -1.961571e+000  6.500000e+000  3.901806e-001
    endloop
  endfacet
  facet normal  9.569403e-001  0.000000e+000 -2.902847e-001
    outer loop
      vertex -1.847759e+000  1.000000e+001  7.653669e-001
      vertex -1.961571e+000  6.500000e+000  3.901806e-001
      vertex -1.961571e+000  1.000000e+001  3.901806e-001
    endloop
  endfacet
  facet normal  9.951847e-001  0.000000e+000 -9.801728e-002
    outer loop
      vertex -1.961571e+000  1.000000e+001  3.901806e-001
      vertex -1.961571e+000  6.500000e+000  3.901806e-001
      vertex -2.000000e+000  6.500000e+000 -2.449294e-016
    endloop
  endfacet
  facet normal  9.951847e-001  0.000000e+000 -9.801728e-002
    outer loop
      vertex -1.961571e+000  1.000000e+001  3.901806e-001
      vertex -2.000000e+000  6.500000e+000 -2.449294e-016
      vertex -2.000000e+000  1.000000e+001 -2.449294e-016
    endloop
  endfacet
  facet normal  9.801728e-002  0.000000e+000  9.951847e-001
    outer loop
      vertex  1.224647e-016  6.500000e+000 -2.000000e+000
      vertex -3.901806e-001  1.000000e+001 -1.961571e+000
      vertex -3.901806e-001  6.500000e+000 -1.961571e+000
    endloop
  endfacet
  facet normal  2.902847e-001  -0.000000e+000  9.569403e-001
    outer loop
      vertex -3.901806e-001  6.500000e+000 -1.961571e+000
      vertex -3.901806e-001  1.000000e+001 -1.961571e+000
      vertex -7.653669e-001  1.000000e+001 -1.847759e+000
    endloop
  endfacet
  facet normal  2.902847e-001  0.000000e+000  9.569403e-001
    outer loop
      vertex -3.901806e-001  6.500000e+000 -1.961571e+000
      vertex -7.653669e-001  1.000000e+001 -1.847759e+000
      vertex -7.653669e-001  6.500000e+000 -1.847759e+000
    endloop
  endfacet
  facet normal  4.713966e-001  -0.000000e+000  8.819212e-001
    outer loop
      vertex -7.653669e-001  6.500000e+000 -1.847759e+000
      vertex -7.653669e-001  1.000000e+001 -1.847759e+000
      vertex -1.111140e+000  1.000000e+001 -1.662939e+000
    endloop
  endfacet
  facet normal  4.713966e-001  0.000000e+000  8.819212e-001
    outer loop
      vertex -7.653669e-001  6.500000e+000 -1.847759e+000
      vertex -1.111140e+000  1.000000e+001 -1.662939e+000
      vertex -1.111140e+000  6.500000e+000 -1.662939e+000
    endloop
  endfacet
  facet normal  6.343933e-001  -0.000000e+000  7.730104e-001
    outer loop
      vertex -1.111140e+000  6.500000e+000 -1.662939e+000
      vertex -1.111140e+000  1.000000e+001 -1.662939e+000
      vertex -1.414214e+000  1.000000e+001 -1.414214e+000
    endloop
  endfacet
  facet normal  6.343933e-001  0.000000e+000  7.730104e-001
    outer loop
      vertex -1.111140e+000  6.500000e+000 -1.662939e+000
      vertex -1.414214e+000  1.000000e+001 -1.414214e+000
      vertex -1.414214e+000  6.500000e+000 -1.414214e+000
    endloop
  endfacet
  facet normal  7.730104e-001  -0.000000e+000  6.343933e-001
    outer loop
      vertex -1.414214e+000  6.500000e+000 -1.414214e+000
      vertex -1.414214e+000  1.000000e+001 -1.414214e+000
      vertex -1.662939e+000  1.000000e+001 -1.111140e+000
    endloop
  endfacet
  facet normal  7.730104e-001  0.000000e+000  6.343933e-001
    outer loop
      vertex -1.414214e+000  6.500000e+000 -1.414214e+000
      vertex -1.662939e+000  1.000000e+001 -1.111140e+000
      vertex -1.662939e+000  6.500000e+000 -1.111140e+000
    endloop
  endfacet
  facet normal  8.819212e-001  -0.000000e+000  4.713966e-001
    outer loop
      vertex -1.662939e+000  6.500000e+000 -1.111140e+000
      vertex -1.662939e+000  1.000000e+001 -1.111140e+000
      vertex -1.847759e+000  1.000000e+001 -7.653669e-001
    endloop
  endfacet
  facet normal  8.819212e-001  0.000000e+000  4.713966e-001
    outer loop
      vertex -1.662939e+000  6.500000e+000 -1.111140e+000
      vertex -1.847759e+000  1.000000e+001 -7.653669e-001
      vertex -1.847759e+000  6.500000e+000 -7.653669e-001
    endloop
  endfacet
  facet normal  9.569403e-001  -0.000000e+000  2.902847e-001
    outer loop
      vertex -1.847759e+000  6.500000e+000 -7.653669e-001
      vertex -1.847759e+000  1.000000e+001 -7.653669e-001
      vertex -1.961571e+000  1.000000e+001 -3.901806e-001
    endloop
  endfacet
  facet normal  9.569403e-001  0.000000e+000  2.902847e-001
    outer loop
      vertex -1.847759e+000  6.500000e+000 -7.653669e-001
      vertex -1.961571e+000  1.000000e+001 -3.901806e-001
      vertex -1.961571e+000  6.500000e+000 -3.901806e-001
    endloop
  endfacet
  facet normal  9.951847e-001  -0.000000e+000  9.801728e-002
    outer loop
      vertex -1.961571e+000  6.500000e+000 -3.901806e-001
      vertex -1.961571e+000  1.000000e+001 -3.901806e-001
      vertex -2.000000e+000  1.000000e+001 -2.449294e-016
    endloop
  endfacet
  facet normal  9.951847e-001  0.000000e+000  9.801728e-002
    outer loop
      vertex -1.961571e+000  6.500000e+000 -3.901806e-001
      vertex -2.000000e+000  1.000000e+001 -2.449294e-016
      vertex -2.000000e+000  6.500000e+000 -2.449294e-016
    endloop
  endfacet
  facet normal  9.801728e-002  -0.000000e+000  9.951847e-001
    outer loop
      vertex -3.901806e-001  1.000000e+001 -1.961571e+000
      vertex  1.224647e-016  6.500000e+000 -2.000000e+000
      vertex  1.224647e-016  1.000000e+001 -2.000000e+000
    endloop
  endfacet
  facet normal -9.801728e-002  0.000000e+000  9.951847e-001
    outer loop
      vertex  1.224647e-016  1.000000e+001 -2.000000e+000
      vertex  1.224647e-016  6.500000e+000 -2.000000e+000
      vertex  3.901806e-001  6.500000e+000 -1.961571e+000
    endloop
  endfacet
  facet normal -9.801728e-002  0.000000e+000  9.951847e-001
    outer loop
      vertex  1.224647e-016  1.000000e+001 -2.000000e+000
      vertex  3.901806e-001  6.500000e+000 -1.961571e+000
      vertex  3.901806e-001  1.000000e+001 -1.961571e+000
    endloop
  endfacet
  facet normal -2.902847e-001  0.000000e+000  9.569403e-001
    outer loop
      vertex  3.901806e-001  1.000000e+001 -1.961571e+000
      vertex  3.901806e-001  6.500000e+000 -1.961571e+000
      vertex  7.653669e-001  6.500000e+000 -1.847759e+000
    endloop
  endfacet
  facet normal -2.902847e-001  0.000000e+000  9.569403e-001
    outer loop
      vertex  3.901806e-001  1.000000e+001 -1.961571e+000
      vertex  7.653669e-001  6.500000e+000 -1.847759e+000
      vertex  7.653669e-001  1.000000e+001 -1.847759e+000
    endloop
  endfacet
  facet normal -4.713966e-001  0.000000e+000  8.819212e-001
    outer loop
      vertex  7.653669e-001  1.000000e+001 -1.847759e+000
      vertex  7.653669e-001  6.500000e+000 -1.847759e+000
      vertex  1.111140e+000  6.500000e+000 -1.662939e+000
    endloop
  endfacet
  facet normal -4.713966e-001  0.000000e+000  8.819212e-001
    outer loop
      vertex  7.653669e-001  1.000000e+001 -1.847759e+000
      vertex  1.111140e+000  6.500000e+000 -1.662939e+000
      vertex  1.111140e+000  1.000000e+001 -1.662939e+000
    endloop
  endfacet
  facet normal -6.343933e-001  0.000000e+000  7.730104e-001
    outer loop
      vertex  1.111140e+000  1.000000e+001 -1.662939e+000
      vertex  1.111140e+000  6.500000e+000 -1.662939e+000
      vertex  1.414214e+000  6.500000e+000 -1.414214e+000
    endloop
  endfacet
  facet normal -6.343933e-001  0.000000e+000  7.730104e-001
    outer loop
      vertex  1.111140e+000  1.000000e+001 -1.662939e+000
      vertex  1.414214e+000  6.500000e+000 -1.414214e+000
      vertex  1.414214e+000  1.000000e+001 -1.414214e+000
    endloop
  endfacet
  facet normal -7.730104e-001  0.000000e+000  6.343933e-001
    outer loop
      vertex  1.414214e+000  1.000000e+001 -1.414214e+000
      vertex  1.414214e+000  6.500000e+000 -1.414214e+000
      vertex  1.662939e+000  6.500000e+000 -1.111140e+000
    endloop
  endfacet
  facet normal -7.730104e-001  0.000000e+000  6.343933e-001
    outer loop
      vertex  1.414214e+000  1.000000e+001 -1.414214e+000
      vertex  1.662939e+000  6.500000e+000 -1.111140e+000
      vertex  1.662939e+000  1.000000e+001 -1.111140e+000
    endloop
  endfacet
  facet normal -8.819212e-001  0.000000e+000  4.713966e-001
    outer loop
      vertex  1.662939e+000  1.000000e+001 -1.111140e+000
      vertex  1.662939e+000  6.500000e+000 -1.111140e+000
      vertex  1.847759e+000  6.500000e+000 -7.653669e-001
    endloop
  endfacet
  facet normal -8.819212e-001  0.000000e+000  4.713966e-001
    outer loop
      vertex  1.662939e+000  1.000000e+001 -1.111140e+000
      vertex  1.847759e+000  6.500000e+000 -7.653669e-001
      vertex  1.847759e+000  1.000000e+001 -7.653669e-001
    endloop
  endfacet
  facet normal -9.569403e-001  0.000000e+000  2.902847e-001
    outer loop
      vertex  1.847759e+000  1.000000e+001 -7.653669e-001
      vertex  1.847759e+000  6.500000e+000 -7.653669e-001
      vertex  1.961571e+000  6.500000e+000 -3.901806e-001
    endloop
  endfacet
  facet normal -9.569403e-001  0.000000e+000  2.902847e-001
    outer loop
      vertex  1.847759e+000  1.000000e+001 -7.653669e-001
      vertex  1.961571e+000  6.500000e+000 -3.901806e-001
      vertex  1.961571e+000  1.000000e+001 -3.901806e-001
    endloop
  endfacet
  facet normal -9.951847e-001  0.000000e+000  9.801728e-002
    outer loop
      vertex  1.961571e+000  1.000000e+001 -3.901806e-001
      vertex  1.961571e+000  6.500000e+000 -3.901806e-001
      vertex  2.000000e+000  6.500000e+000  4.898587e-016
    endloop
  endfacet
  facet normal -9.951847e-001  1.371846e-017  9.801728e-002
    outer loop
      vertex  1.961571e+000  1.000000e+001 -3.901806e-001
      vertex  2.000000e+000  6.500000e+000  4.898587e-016
      vertex  2.000000e+000  1.000000e+001  0.000000e+000
    endloop
  endfacet
  facet normal -9.801670e-002  -0.000000e+000 -9.951847e-001
    outer loop
      vertex -2.300000e+001  6.500000e+000 -5.500000e+000
      vertex -2.260982e+001  1.000000e+001 -5.538429e+000
      vertex -2.260982e+001  6.500000e+000 -5.538429e+000
    endloop
  endfacet
  facet normal -2.902842e-001  0.000000e+000 -9.569405e-001
    outer loop
      vertex -2.260982e+001  6.500000e+000 -5.538429e+000
      vertex -2.260982e+001  1.000000e+001 -5.538429e+000
      vertex -2.223463e+001  1.000000e+001 -5.652241e+000
    endloop
  endfacet
  facet normal -2.902842e-001  -0.000000e+000 -9.569405e-001
    outer loop
      vertex -2.260982e+001  6.500000e+000 -5.538429e+000
      vertex -2.223463e+001  1.000000e+001 -5.652241e+000
      vertex -2.223463e+001  6.500000e+000 -5.652241e+000
    endloop
  endfacet
  facet normal -4.713973e-001  0.000000e+000 -8.819209e-001
    outer loop
      vertex -2.223463e+001  6.500000e+000 -5.652241e+000
      vertex -2.223463e+001  1.000000e+001 -5.652241e+000
      vertex -2.188886e+001  1.000000e+001 -5.837061e+000
    endloop
  endfacet
  facet normal -4.713973e-001  -0.000000e+000 -8.819209e-001
    outer loop
      vertex -2.223463e+001  6.500000e+000 -5.652241e+000
      vertex -2.188886e+001  1.000000e+001 -5.837061e+000
      vertex -2.188886e+001  6.500000e+000 -5.837061e+000
    endloop
  endfacet
  facet normal -6.343943e-001  0.000000e+000 -7.730096e-001
    outer loop
      vertex -2.188886e+001  6.500000e+000 -5.837061e+000
      vertex -2.188886e+001  1.000000e+001 -5.837061e+000
      vertex -2.158579e+001  1.000000e+001 -6.085786e+000
    endloop
  endfacet
  facet normal -6.343943e-001  -0.000000e+000 -7.730096e-001
    outer loop
      vertex -2.188886e+001  6.500000e+000 -5.837061e+000
      vertex -2.158579e+001  1.000000e+001 -6.085786e+000
      vertex -2.158579e+001  6.500000e+000 -6.085786e+000
    endloop
  endfacet
  facet normal -7.730105e-001  0.000000e+000 -6.343932e-001
    outer loop
      vertex -2.158579e+001  6.500000e+000 -6.085786e+000
      vertex -2.158579e+001  1.000000e+001 -6.085786e+000
      vertex -2.133706e+001  1.000000e+001 -6.388860e+000
    endloop
  endfacet
  facet normal -7.730105e-001  -0.000000e+000 -6.343932e-001
    outer loop
      vertex -2.158579e+001  6.500000e+000 -6.085786e+000
      vertex -2.133706e+001  1.000000e+001 -6.388860e+000
      vertex -2.133706e+001  6.500000e+000 -6.388860e+000
    endloop
  endfacet
  facet normal -8.819207e-001  0.000000e+000 -4.713978e-001
    outer loop
      vertex -2.133706e+001  6.500000e+000 -6.388860e+000
      vertex -2.133706e+001  1.000000e+001 -6.388860e+000
      vertex -2.115224e+001  1.000000e+001 -6.734633e+000
    endloop
  endfacet
  facet normal -8.819207e-001  -0.000000e+000 -4.713978e-001
    outer loop
      vertex -2.133706e+001  6.500000e+000 -6.388860e+000
      vertex -2.115224e+001  1.000000e+001 -6.734633e+000
      vertex -2.115224e+001  6.500000e+000 -6.734633e+000
    endloop
  endfacet
  facet normal -9.569404e-001  0.000000e+000 -2.902845e-001
    outer loop
      vertex -2.115224e+001  6.500000e+000 -6.734633e+000
      vertex -2.115224e+001  1.000000e+001 -6.734633e+000
      vertex -2.103843e+001  1.000000e+001 -7.109819e+000
    endloop
  endfacet
  facet normal -9.569404e-001  -0.000000e+000 -2.902845e-001
    outer loop
      vertex -2.115224e+001  6.500000e+000 -6.734633e+000
      vertex -2.103843e+001  1.000000e+001 -7.109819e+000
      vertex -2.103843e+001  6.500000e+000 -7.109819e+000
    endloop
  endfacet
  facet normal -9.951847e-001  0.000000e+000 -9.801670e-002
    outer loop
      vertex -2.103843e+001  6.500000e+000 -7.109819e+000
      vertex -2.103843e+001  1.000000e+001 -7.109819e+000
      vertex -2.100000e+001  1.000000e+001 -7.500000e+000
    endloop
  endfacet
  facet normal -9.951847e-001  -0.000000e+000 -9.801670e-002
    outer loop
      vertex -2.103843e+001  6.500000e+000 -7.109819e+000
      vertex -2.100000e+001  1.000000e+001 -7.500000e+000
      vertex -2.100000e+001  6.500000e+000 -7.500000e+000
    endloop
  endfacet
  facet normal -9.801670e-002  0.000000e+000 -9.951847e-001
    outer loop
      vertex -2.260982e+001  1.000000e+001 -5.538429e+000
      vertex -2.300000e+001  6.500000e+000 -5.500000e+000
      vertex -2.300000e+001  1.000000e+001 -5.500000e+000
    endloop
  endfacet
  facet normal  9.801670e-002  0.000000e+000 -9.951847e-001
    outer loop
      vertex -2.300000e+001  1.000000e+001 -5.500000e+000
      vertex -2.300000e+001  6.500000e+000 -5.500000e+000
      vertex -2.339018e+001  6.500000e+000 -5.538429e+000
    endloop
  endfacet
  facet normal  9.801670e-002  0.000000e+000 -9.951847e-001
    outer loop
      vertex -2.300000e+001  1.000000e+001 -5.500000e+000
      vertex -2.339018e+001  6.500000e+000 -5.538429e+000
      vertex -2.339018e+001  1.000000e+001 -5.538429e+000
    endloop
  endfacet
  facet normal  2.902842e-001  0.000000e+000 -9.569405e-001
    outer loop
      vertex -2.339018e+001  1.000000e+001 -5.538429e+000
      vertex -2.339018e+001  6.500000e+000 -5.538429e+000
      vertex -2.376537e+001  6.500000e+000 -5.652241e+000
    endloop
  endfacet
  facet normal  2.902842e-001  0.000000e+000 -9.569405e-001
    outer loop
      vertex -2.339018e+001  1.000000e+001 -5.538429e+000
      vertex -2.376537e+001  6.500000e+000 -5.652241e+000
      vertex -2.376537e+001  1.000000e+001 -5.652241e+000
    endloop
  endfacet
  facet normal  4.713973e-001  0.000000e+000 -8.819209e-001
    outer loop
      vertex -2.376537e+001  1.000000e+001 -5.652241e+000
      vertex -2.376537e+001  6.500000e+000 -5.652241e+000
      vertex -2.411114e+001  6.500000e+000 -5.837061e+000
    endloop
  endfacet
  facet normal  4.713973e-001  0.000000e+000 -8.819209e-001
    outer loop
      vertex -2.376537e+001  1.000000e+001 -5.652241e+000
      vertex -2.411114e+001  6.500000e+000 -5.837061e+000
      vertex -2.411114e+001  1.000000e+001 -5.837061e+000
    endloop
  endfacet
  facet normal  6.343943e-001  0.000000e+000 -7.730096e-001
    outer loop
      vertex -2.411114e+001  1.000000e+001 -5.837061e+000
      vertex -2.411114e+001  6.500000e+000 -5.837061e+000
      vertex -2.441421e+001  6.500000e+000 -6.085786e+000
    endloop
  endfacet
  facet normal  6.343943e-001  0.000000e+000 -7.730096e-001
    outer loop
      vertex -2.411114e+001  1.000000e+001 -5.837061e+000
      vertex -2.441421e+001  6.500000e+000 -6.085786e+000
      vertex -2.441421e+001  1.000000e+001 -6.085786e+000
    endloop
  endfacet
  facet normal  7.730105e-001  0.000000e+000 -6.343932e-001
    outer loop
      vertex -2.441421e+001  1.000000e+001 -6.085786e+000
      vertex -2.441421e+001  6.500000e+000 -6.085786e+000
      vertex -2.466294e+001  6.500000e+000 -6.388860e+000
    endloop
  endfacet
  facet normal  7.730105e-001  0.000000e+000 -6.343932e-001
    outer loop
      vertex -2.441421e+001  1.000000e+001 -6.085786e+000
      vertex -2.466294e+001  6.500000e+000 -6.388860e+000
      vertex -2.466294e+001  1.000000e+001 -6.388860e+000
    endloop
  endfacet
  facet normal  8.819207e-001  0.000000e+000 -4.713978e-001
    outer loop
      vertex -2.466294e+001  1.000000e+001 -6.388860e+000
      vertex -2.466294e+001  6.500000e+000 -6.388860e+000
      vertex -2.484776e+001  6.500000e+000 -6.734633e+000
    endloop
  endfacet
  facet normal  8.819207e-001  0.000000e+000 -4.713978e-001
    outer loop
      vertex -2.466294e+001  1.000000e+001 -6.388860e+000
      vertex -2.484776e+001  6.500000e+000 -6.734633e+000
      vertex -2.484776e+001  1.000000e+001 -6.734633e+000
    endloop
  endfacet
  facet normal  9.569404e-001  0.000000e+000 -2.902845e-001
    outer loop
      vertex -2.484776e+001  1.000000e+001 -6.734633e+000
      vertex -2.484776e+001  6.500000e+000 -6.734633e+000
      vertex -2.496157e+001  6.500000e+000 -7.109819e+000
    endloop
  endfacet
  facet normal  9.569404e-001  0.000000e+000 -2.902845e-001
    outer loop
      vertex -2.484776e+001  1.000000e+001 -6.734633e+000
      vertex -2.496157e+001  6.500000e+000 -7.109819e+000
      vertex -2.496157e+001  1.000000e+001 -7.109819e+000
    endloop
  endfacet
  facet normal  9.951847e-001  0.000000e+000 -9.801670e-002
    outer loop
      vertex -2.496157e+001  1.000000e+001 -7.109819e+000
      vertex -2.496157e+001  6.500000e+000 -7.109819e+000
      vertex -2.500000e+001  6.500000e+000 -7.500000e+000
    endloop
  endfacet
  facet normal  9.951847e-001  0.000000e+000 -9.801670e-002
    outer loop
      vertex -2.496157e+001  1.000000e+001 -7.109819e+000
      vertex -2.500000e+001  6.500000e+000 -7.500000e+000
      vertex -2.500000e+001  1.000000e+001 -7.500000e+000
    endloop
  endfacet
  facet normal  9.801670e-002  0.000000e+000  9.951847e-001
    outer loop
      vertex -2.300000e+001  6.500000e+000 -9.500000e+000
      vertex -2.339018e+001  1.000000e+001 -9.461571e+000
      vertex -2.339018e+001  6.500000e+000 -9.461571e+000
    endloop
  endfacet
  facet normal  2.902842e-001  -0.000000e+000  9.569405e-001
    outer loop
      vertex -2.339018e+001  6.500000e+000 -9.461571e+000
      vertex -2.339018e+001  1.000000e+001 -9.461571e+000
      vertex -2.376537e+001  1.000000e+001 -9.347759e+000
    endloop
  endfacet
  facet normal  2.902842e-001  0.000000e+000  9.569405e-001
    outer loop
      vertex -2.339018e+001  6.500000e+000 -9.461571e+000
      vertex -2.376537e+001  1.000000e+001 -9.347759e+000
      vertex -2.376537e+001  6.500000e+000 -9.347759e+000
    endloop
  endfacet
  facet normal  4.713973e-001  -0.000000e+000  8.819209e-001
    outer loop
      vertex -2.376537e+001  6.500000e+000 -9.347759e+000
      vertex -2.376537e+001  1.000000e+001 -9.347759e+000
      vertex -2.411114e+001  1.000000e+001 -9.162939e+000
    endloop
  endfacet
  facet normal  4.713973e-001  0.000000e+000  8.819209e-001
    outer loop
      vertex -2.376537e+001  6.500000e+000 -9.347759e+000
      vertex -2.411114e+001  1.000000e+001 -9.162939e+000
      vertex -2.411114e+001  6.500000e+000 -9.162939e+000
    endloop
  endfacet
  facet normal  6.343951e-001  -0.000000e+000  7.730091e-001
    outer loop
      vertex -2.411114e+001  6.500000e+000 -9.162939e+000
      vertex -2.411114e+001  1.000000e+001 -9.162939e+000
      vertex -2.441421e+001  1.000000e+001 -8.914213e+000
    endloop
  endfacet
  facet normal  6.343951e-001  0.000000e+000  7.730091e-001
    outer loop
      vertex -2.411114e+001  6.500000e+000 -9.162939e+000
      vertex -2.441421e+001  1.000000e+001 -8.914213e+000
      vertex -2.441421e+001  6.500000e+000 -8.914213e+000
    endloop
  endfacet
  facet normal  7.730100e-001  -0.000000e+000  6.343938e-001
    outer loop
      vertex -2.441421e+001  6.500000e+000 -8.914213e+000
      vertex -2.441421e+001  1.000000e+001 -8.914213e+000
      vertex -2.466294e+001  1.000000e+001 -8.611140e+000
    endloop
  endfacet
  facet normal  7.730100e-001  0.000000e+000  6.343938e-001
    outer loop
      vertex -2.441421e+001  6.500000e+000 -8.914213e+000
      vertex -2.466294e+001  1.000000e+001 -8.611140e+000
      vertex -2.466294e+001  6.500000e+000 -8.611140e+000
    endloop
  endfacet
  facet normal  8.819209e-001  -0.000000e+000  4.713973e-001
    outer loop
      vertex -2.466294e+001  6.500000e+000 -8.611140e+000
      vertex -2.466294e+001  1.000000e+001 -8.611140e+000
      vertex -2.484776e+001  1.000000e+001 -8.265367e+000
    endloop
  endfacet
  facet normal  8.819209e-001  0.000000e+000  4.713973e-001
    outer loop
      vertex -2.466294e+001  6.500000e+000 -8.611140e+000
      vertex -2.484776e+001  1.000000e+001 -8.265367e+000
      vertex -2.484776e+001  6.500000e+000 -8.265367e+000
    endloop
  endfacet
  facet normal  9.569403e-001  -0.000000e+000  2.902848e-001
    outer loop
      vertex -2.484776e+001  6.500000e+000 -8.265367e+000
      vertex -2.484776e+001  1.000000e+001 -8.265367e+000
      vertex -2.496157e+001  1.000000e+001 -7.890181e+000
    endloop
  endfacet
  facet normal  9.569403e-001  0.000000e+000  2.902848e-001
    outer loop
      vertex -2.484776e+001  6.500000e+000 -8.265367e+000
      vertex -2.496157e+001  1.000000e+001 -7.890181e+000
      vertex -2.496157e+001  6.500000e+000 -7.890181e+000
    endloop
  endfacet
  facet normal  9.951847e-001  -0.000000e+000  9.801670e-002
    outer loop
      vertex -2.496157e+001  6.500000e+000 -7.890181e+000
      vertex -2.496157e+001  1.000000e+001 -7.890181e+000
      vertex -2.500000e+001  1.000000e+001 -7.500000e+000
    endloop
  endfacet
  facet normal  9.951847e-001  0.000000e+000  9.801670e-002
    outer loop
      vertex -2.496157e+001  6.500000e+000 -7.890181e+000
      vertex -2.500000e+001  1.000000e+001 -7.500000e+000
      vertex -2.500000e+001  6.500000e+000 -7.500000e+000
    endloop
  endfacet
  facet normal  9.801670e-002  -0.000000e+000  9.951847e-001
    outer loop
      vertex -2.339018e+001  1.000000e+001 -9.461571e+000
      vertex -2.300000e+001  6.500000e+000 -9.500000e+000
      vertex -2.300000e+001  1.000000e+001 -9.500000e+000
    endloop
  endfacet
  facet normal -9.801670e-002  0.000000e+000  9.951847e-001
    outer loop
      vertex -2.300000e+001  1.000000e+001 -9.500000e+000
      vertex -2.300000e+001  6.500000e+000 -9.500000e+000
      vertex -2.260982e+001  6.500000e+000 -9.461571e+000
    endloop
  endfacet
  facet normal -9.801670e-002  0.000000e+000  9.951847e-001
    outer loop
      vertex -2.300000e+001  1.000000e+001 -9.500000e+000
      vertex -2.260982e+001  6.500000e+000 -9.461571e+000
      vertex -2.260982e+001  1.000000e+001 -9.461571e+000
    endloop
  endfacet
  facet normal -2.902842e-001  0.000000e+000  9.569405e-001
    outer loop
      vertex -2.260982e+001  1.000000e+001 -9.461571e+000
      vertex -2.260982e+001  6.500000e+000 -9.461571e+000
      vertex -2.223463e+001  6.500000e+000 -9.347759e+000
    endloop
  endfacet
  facet normal -2.902842e-001  0.000000e+000  9.569405e-001
    outer loop
      vertex -2.260982e+001  1.000000e+001 -9.461571e+000
      vertex -2.223463e+001  6.500000e+000 -9.347759e+000
      vertex -2.223463e+001  1.000000e+001 -9.347759e+000
    endloop
  endfacet
  facet normal -4.713973e-001  0.000000e+000  8.819209e-001
    outer loop
      vertex -2.223463e+001  1.000000e+001 -9.347759e+000
      vertex -2.223463e+001  6.500000e+000 -9.347759e+000
      vertex -2.188886e+001  6.500000e+000 -9.162939e+000
    endloop
  endfacet
  facet normal -4.713973e-001  0.000000e+000  8.819209e-001
    outer loop
      vertex -2.223463e+001  1.000000e+001 -9.347759e+000
      vertex -2.188886e+001  6.500000e+000 -9.162939e+000
      vertex -2.188886e+001  1.000000e+001 -9.162939e+000
    endloop
  endfacet
  facet normal -6.343951e-001  0.000000e+000  7.730091e-001
    outer loop
      vertex -2.188886e+001  1.000000e+001 -9.162939e+000
      vertex -2.188886e+001  6.500000e+000 -9.162939e+000
      vertex -2.158579e+001  6.500000e+000 -8.914213e+000
    endloop
  endfacet
  facet normal -6.343951e-001  0.000000e+000  7.730091e-001
    outer loop
      vertex -2.188886e+001  1.000000e+001 -9.162939e+000
      vertex -2.158579e+001  6.500000e+000 -8.914213e+000
      vertex -2.158579e+001  1.000000e+001 -8.914213e+000
    endloop
  endfacet
  facet normal -7.730100e-001  0.000000e+000  6.343938e-001
    outer loop
      vertex -2.158579e+001  1.000000e+001 -8.914213e+000
      vertex -2.158579e+001  6.500000e+000 -8.914213e+000
      vertex -2.133706e+001  6.500000e+000 -8.611140e+000
    endloop
  endfacet
  facet normal -7.730100e-001  0.000000e+000  6.343938e-001
    outer loop
      vertex -2.158579e+001  1.000000e+001 -8.914213e+000
      vertex -2.133706e+001  6.500000e+000 -8.611140e+000
      vertex -2.133706e+001  1.000000e+001 -8.611140e+000
    endloop
  endfacet
  facet normal -8.819209e-001  0.000000e+000  4.713973e-001
    outer loop
      vertex -2.133706e+001  1.000000e+001 -8.611140e+000
      vertex -2.133706e+001  6.500000e+000 -8.611140e+000
      vertex -2.115224e+001  6.500000e+000 -8.265367e+000
    endloop
  endfacet
  facet normal -8.819209e-001  0.000000e+000  4.713973e-001
    outer loop
      vertex -2.133706e+001  1.000000e+001 -8.611140e+000
      vertex -2.115224e+001  6.500000e+000 -8.265367e+000
      vertex -2.115224e+001  1.000000e+001 -8.265367e+000
    endloop
  endfacet
  facet normal -9.569403e-001  0.000000e+000  2.902848e-001
    outer loop
      vertex -2.115224e+001  1.000000e+001 -8.265367e+000
      vertex -2.115224e+001  6.500000e+000 -8.265367e+000
      vertex -2.103843e+001  6.500000e+000 -7.890181e+000
    endloop
  endfacet
  facet normal -9.569403e-001  0.000000e+000  2.902848e-001
    outer loop
      vertex -2.115224e+001  1.000000e+001 -8.265367e+000
      vertex -2.103843e+001  6.500000e+000 -7.890181e+000
      vertex -2.103843e+001  1.000000e+001 -7.890181e+000
    endloop
  endfacet
  facet normal -9.951847e-001  0.000000e+000  9.801670e-002
    outer loop
      vertex -2.103843e+001  1.000000e+001 -7.890181e+000
      vertex -2.103843e+001  6.500000e+000 -7.890181e+000
      vertex -2.100000e+001  6.500000e+000 -7.500000e+000
    endloop
  endfacet
  facet normal -9.951847e-001  0.000000e+000  9.801670e-002
    outer loop
      vertex -2.103843e+001  1.000000e+001 -7.890181e+000
      vertex -2.100000e+001  6.500000e+000 -7.500000e+000
      vertex -2.100000e+001  1.000000e+001 -7.500000e+000
    endloop
  endfacet
  facet normal  3.836584e-001  0.000000e+000 -9.234751e-001
    outer loop
      vertex  9.300618e-001  6.500000e+000 -2.852190e+000
      vertex  9.300618e-001  1.000000e+001 -2.852190e+000
      vertex  1.364792e+000  6.500000e+000 -2.671581e+000
    endloop
  endfacet
  facet normal  3.836584e-001  0.000000e+000 -9.234751e-001
    outer loop
      vertex  1.364792e+000  6.500000e+000 -2.671581e+000
      vertex  9.300618e-001  1.000000e+001 -2.852190e+000
      vertex  1.364792e+000  1.000000e+001 -2.671581e+000
    endloop
  endfacet
  facet normal  5.233982e-001  0.000000e+000 -8.520882e-001
    outer loop
      vertex  1.364792e+000  6.500000e+000 -2.671581e+000
      vertex  1.364792e+000  1.000000e+001 -2.671581e+000
      vertex  1.765916e+000  6.500000e+000 -2.425189e+000
    endloop
  endfacet
  facet normal  5.233982e-001  0.000000e+000 -8.520882e-001
    outer loop
      vertex  1.765916e+000  6.500000e+000 -2.425189e+000
      vertex  1.364792e+000  1.000000e+001 -2.671581e+000
      vertex  1.765916e+000  1.000000e+001 -2.425189e+000
    endloop
  endfacet
  facet normal  6.502502e-001  0.000000e+000 -7.597201e-001
    outer loop
      vertex  1.765916e+000  6.500000e+000 -2.425189e+000
      vertex  1.765916e+000  1.000000e+001 -2.425189e+000
      vertex  2.123558e+000  6.500000e+000 -2.119080e+000
    endloop
  endfacet
  facet normal  6.502502e-001  0.000000e+000 -7.597201e-001
    outer loop
      vertex  2.123558e+000  6.500000e+000 -2.119080e+000
      vertex  1.765916e+000  1.000000e+001 -2.425189e+000
      vertex  2.123558e+000  1.000000e+001 -2.119080e+000
    endloop
  endfacet
  facet normal  7.610910e-001  0.000000e+000 -6.486452e-001
    outer loop
      vertex  2.123558e+000  6.500000e+000 -2.119080e+000
      vertex  2.123558e+000  1.000000e+001 -2.119080e+000
      vertex  2.428911e+000  6.500000e+000 -1.760793e+000
    endloop
  endfacet
  facet normal  7.610910e-001  0.000000e+000 -6.486452e-001
    outer loop
      vertex  2.428911e+000  6.500000e+000 -1.760793e+000
      vertex  2.123558e+000  1.000000e+001 -2.119080e+000
      vertex  2.428911e+000  1.000000e+001 -1.760793e+000
    endloop
  endfacet
  facet normal  8.531911e-001  0.000000e+000 -5.215985e-001
    outer loop
      vertex  2.428911e+000  6.500000e+000 -1.760793e+000
      vertex  2.428911e+000  1.000000e+001 -1.760793e+000
      vertex  2.674456e+000  6.500000e+000 -1.359150e+000
    endloop
  endfacet
  facet normal  8.531911e-001  0.000000e+000 -5.215985e-001
    outer loop
      vertex  2.674456e+000  6.500000e+000 -1.359150e+000
      vertex  2.428911e+000  1.000000e+001 -1.760793e+000
      vertex  2.674456e+000  1.000000e+001 -1.359150e+000
    endloop
  endfacet
  facet normal  9.242829e-001  0.000000e+000 -3.817081e-001
    outer loop
      vertex  2.674456e+000  6.500000e+000 -1.359150e+000
      vertex  2.674456e+000  1.000000e+001 -1.359150e+000
      vertex  2.854146e+000  6.500000e+000 -9.240391e-001
    endloop
  endfacet
  facet normal  9.242829e-001  0.000000e+000 -3.817081e-001
    outer loop
      vertex  2.854146e+000  6.500000e+000 -9.240391e-001
      vertex  2.674456e+000  1.000000e+001 -1.359150e+000
      vertex  2.854146e+000  1.000000e+001 -9.240391e-001
    endloop
  endfacet
  facet normal  9.726158e-001  0.000000e+000 -2.324188e-001
    outer loop
      vertex  2.854146e+000  6.500000e+000 -9.240391e-001
      vertex  2.854146e+000  1.000000e+001 -9.240391e-001
      vertex  2.963559e+000  6.500000e+000 -4.661758e-001
    endloop
  endfacet
  facet normal  9.726158e-001  0.000000e+000 -2.324188e-001
    outer loop
      vertex  2.963559e+000  6.500000e+000 -4.661758e-001
      vertex  2.854146e+000  1.000000e+001 -9.240391e-001
      vertex  2.963559e+000  1.000000e+001 -4.661758e-001
    endloop
  endfacet
  facet normal  9.969996e-001  0.000000e+000 -7.740691e-002
    outer loop
      vertex  2.963559e+000  6.500000e+000 -4.661758e-001
      vertex  2.963559e+000  1.000000e+001 -4.661758e-001
      vertex  2.999998e+000  6.500000e+000  3.166303e-003
    endloop
  endfacet
  facet normal  9.969996e-001  0.000000e+000 -7.740691e-002
    outer loop
      vertex  2.999998e+000  6.500000e+000  3.166303e-003
      vertex  2.963559e+000  1.000000e+001 -4.661758e-001
      vertex  2.999998e+000  1.000000e+001  3.166303e-003
    endloop
  endfacet
  facet normal  9.968339e-001  0.000000e+000  7.951125e-002
    outer loop
      vertex  2.999998e+000  6.500000e+000  3.166303e-003
      vertex  2.999998e+000  1.000000e+001  3.166303e-003
      vertex  2.962568e+000  6.500000e+000  4.724305e-001
    endloop
  endfacet
  facet normal  9.968339e-001  -0.000000e+000  7.951125e-002
    outer loop
      vertex  2.962568e+000  6.500000e+000  4.724305e-001
      vertex  2.999998e+000  1.000000e+001  3.166303e-003
      vertex  2.962568e+000  1.000000e+001  4.724305e-001
    endloop
  endfacet
  facet normal  9.721230e-001  0.000000e+000  2.344714e-001
    outer loop
      vertex  2.962568e+000  6.500000e+000  4.724305e-001
      vertex  2.962568e+000  1.000000e+001  4.724305e-001
      vertex  2.852190e+000  6.500000e+000  9.300618e-001
    endloop
  endfacet
  facet normal  9.721230e-001  -0.000000e+000  2.344714e-001
    outer loop
      vertex  2.852190e+000  6.500000e+000  9.300618e-001
      vertex  2.962568e+000  1.000000e+001  4.724305e-001
      vertex  2.852190e+000  1.000000e+001  9.300618e-001
    endloop
  endfacet
  facet normal  9.234751e-001  0.000000e+000  3.836584e-001
    outer loop
      vertex  2.852190e+000  6.500000e+000  9.300618e-001
      vertex  2.852190e+000  1.000000e+001  9.300618e-001
      vertex  2.671581e+000  6.500000e+000  1.364792e+000
    endloop
  endfacet
  facet normal  9.234751e-001  -0.000000e+000  3.836584e-001
    outer loop
      vertex  2.671581e+000  6.500000e+000  1.364792e+000
      vertex  2.852190e+000  1.000000e+001  9.300618e-001
      vertex  2.671581e+000  1.000000e+001  1.364792e+000
    endloop
  endfacet
  facet normal  8.520882e-001  0.000000e+000  5.233982e-001
    outer loop
      vertex  2.671581e+000  6.500000e+000  1.364792e+000
      vertex  2.671581e+000  1.000000e+001  1.364792e+000
      vertex  2.425189e+000  6.500000e+000  1.765916e+000
    endloop
  endfacet
  facet normal  8.520882e-001  -0.000000e+000  5.233982e-001
    outer loop
      vertex  2.425189e+000  6.500000e+000  1.765916e+000
      vertex  2.671581e+000  1.000000e+001  1.364792e+000
      vertex  2.425189e+000  1.000000e+001  1.765916e+000
    endloop
  endfacet
  facet normal  7.597201e-001  0.000000e+000  6.502502e-001
    outer loop
      vertex  2.425189e+000  6.500000e+000  1.765916e+000
      vertex  2.425189e+000  1.000000e+001  1.765916e+000
      vertex  2.119080e+000  6.500000e+000  2.123558e+000
    endloop
  endfacet
  facet normal  7.597201e-001  -0.000000e+000  6.502502e-001
    outer loop
      vertex  2.119080e+000  6.500000e+000  2.123558e+000
      vertex  2.425189e+000  1.000000e+001  1.765916e+000
      vertex  2.119080e+000  1.000000e+001  2.123558e+000
    endloop
  endfacet
  facet normal  6.486452e-001  0.000000e+000  7.610910e-001
    outer loop
      vertex  2.119080e+000  6.500000e+000  2.123558e+000
      vertex  2.119080e+000  1.000000e+001  2.123558e+000
      vertex  1.760793e+000  6.500000e+000  2.428911e+000
    endloop
  endfacet
  facet normal  6.486452e-001  -0.000000e+000  7.610910e-001
    outer loop
      vertex  1.760793e+000  6.500000e+000  2.428911e+000
      vertex  2.119080e+000  1.000000e+001  2.123558e+000
      vertex  1.760793e+000  1.000000e+001  2.428911e+000
    endloop
  endfacet
  facet normal  5.215985e-001  0.000000e+000  8.531911e-001
    outer loop
      vertex  1.760793e+000  6.500000e+000  2.428911e+000
      vertex  1.760793e+000  1.000000e+001  2.428911e+000
      vertex  1.359150e+000  6.500000e+000  2.674456e+000
    endloop
  endfacet
  facet normal  5.215985e-001  -0.000000e+000  8.531911e-001
    outer loop
      vertex  1.359150e+000  6.500000e+000  2.674456e+000
      vertex  1.760793e+000  1.000000e+001  2.428911e+000
      vertex  1.359150e+000  1.000000e+001  2.674456e+000
    endloop
  endfacet
  facet normal  3.817081e-001  0.000000e+000  9.242829e-001
    outer loop
      vertex  1.359150e+000  6.500000e+000  2.674456e+000
      vertex  1.359150e+000  1.000000e+001  2.674456e+000
      vertex  9.240391e-001  6.500000e+000  2.854146e+000
    endloop
  endfacet
  facet normal  3.817081e-001  -0.000000e+000  9.242829e-001
    outer loop
      vertex  9.240391e-001  6.500000e+000  2.854146e+000
      vertex  1.359150e+000  1.000000e+001  2.674456e+000
      vertex  9.240391e-001  1.000000e+001  2.854146e+000
    endloop
  endfacet
  facet normal  2.324188e-001  0.000000e+000  9.726158e-001
    outer loop
      vertex  9.240391e-001  6.500000e+000  2.854146e+000
      vertex  9.240391e-001  1.000000e+001  2.854146e+000
      vertex  4.661758e-001  6.500000e+000  2.963559e+000
    endloop
  endfacet
  facet normal  2.324188e-001  -0.000000e+000  9.726158e-001
    outer loop
      vertex  4.661758e-001  6.500000e+000  2.963559e+000
      vertex  9.240391e-001  1.000000e+001  2.854146e+000
      vertex  4.661758e-001  1.000000e+001  2.963559e+000
    endloop
  endfacet
  facet normal  7.740691e-002  0.000000e+000  9.969996e-001
    outer loop
      vertex  4.661758e-001  6.500000e+000  2.963559e+000
      vertex  4.661758e-001  1.000000e+001  2.963559e+000
      vertex -3.166303e-003  6.500000e+000  2.999998e+000
    endloop
  endfacet
  facet normal  7.740691e-002  -0.000000e+000  9.969996e-001
    outer loop
      vertex -3.166303e-003  6.500000e+000  2.999998e+000
      vertex  4.661758e-001  1.000000e+001  2.963559e+000
      vertex -3.166303e-003  1.000000e+001  2.999998e+000
    endloop
  endfacet
  facet normal -7.951125e-002  0.000000e+000  9.968339e-001
    outer loop
      vertex -3.166303e-003  6.500000e+000  2.999998e+000
      vertex -3.166303e-003  1.000000e+001  2.999998e+000
      vertex -4.724305e-001  6.500000e+000  2.962568e+000
    endloop
  endfacet
  facet normal -7.951125e-002  0.000000e+000  9.968339e-001
    outer loop
      vertex -4.724305e-001  6.500000e+000  2.962568e+000
      vertex -3.166303e-003  1.000000e+001  2.999998e+000
      vertex -4.724305e-001  1.000000e+001  2.962568e+000
    endloop
  endfacet
  facet normal -2.344714e-001  0.000000e+000  9.721230e-001
    outer loop
      vertex -4.724305e-001  6.500000e+000  2.962568e+000
      vertex -4.724305e-001  1.000000e+001  2.962568e+000
      vertex -9.300618e-001  6.500000e+000  2.852190e+000
    endloop
  endfacet
  facet normal -2.344714e-001  0.000000e+000  9.721230e-001
    outer loop
      vertex -9.300618e-001  6.500000e+000  2.852190e+000
      vertex -4.724305e-001  1.000000e+001  2.962568e+000
      vertex -9.300618e-001  1.000000e+001  2.852190e+000
    endloop
  endfacet
  facet normal -3.100206e-001  0.000000e+000  9.507298e-001
    outer loop
      vertex -9.300618e-001  1.000000e+001  2.852190e+000
      vertex -2.347678e+001  1.000000e+001 -4.500000e+000
      vertex -2.347678e+001  6.500000e+000 -4.500000e+000
    endloop
  endfacet
  facet normal -3.100206e-001  0.000000e+000  9.507298e-001
    outer loop
      vertex -9.300618e-001  1.000000e+001  2.852190e+000
      vertex -2.347678e+001  6.500000e+000 -4.500000e+000
      vertex -1.233882e+001  6.500000e+000 -8.680577e-001
    endloop
  endfacet
  facet normal -3.100206e-001  0.000000e+000  9.507298e-001
    outer loop
      vertex -9.300618e-001  1.000000e+001  2.852190e+000
      vertex -1.233882e+001  6.500000e+000 -8.680577e-001
      vertex -5.683711e+000  6.500000e+000  1.302086e+000
    endloop
  endfacet
  facet normal -3.100206e-001  0.000000e+000  9.507298e-001
    outer loop
      vertex -9.300618e-001  1.000000e+001  2.852190e+000
      vertex -5.683711e+000  6.500000e+000  1.302086e+000
      vertex -9.300618e-001  6.500000e+000  2.852190e+000
    endloop
  endfacet
  facet normal -3.100206e-001  0.000000e+000  9.507298e-001
    outer loop
      vertex -2.347678e+001  0.000000e+000 -4.500000e+000
      vertex -9.300618e-001  0.000000e+000  2.852190e+000
      vertex -9.300618e-001  3.000000e+000  2.852190e+000
    endloop
  endfacet
  facet normal -3.100206e-001  0.000000e+000  9.507298e-001
    outer loop
      vertex -2.347678e+001  0.000000e+000 -4.500000e+000
      vertex -9.300618e-001  3.000000e+000  2.852190e+000
      vertex -5.683711e+000  3.000000e+000  1.302086e+000
    endloop
  endfacet
  facet normal -3.100206e-001  0.000000e+000  9.507299e-001
    outer loop
      vertex -2.347678e+001  0.000000e+000 -4.500000e+000
      vertex -5.683711e+000  3.000000e+000  1.302086e+000
      vertex -1.233882e+001  3.000000e+000 -8.680577e-001
    endloop
  endfacet
  facet normal -3.100205e-001  0.000000e+000  9.507298e-001
    outer loop
      vertex -2.347678e+001  0.000000e+000 -4.500000e+000
      vertex -1.233882e+001  3.000000e+000 -8.680577e-001
      vertex -2.347678e+001  3.000000e+000 -4.500000e+000
    endloop
  endfacet
  facet normal -3.100206e-001  0.000000e+000  9.507298e-001
    outer loop
      vertex -1.233882e+001  3.000000e+000 -8.680577e-001
      vertex -5.683711e+000  3.000000e+000  1.302086e+000
      vertex -1.233882e+001  6.500000e+000 -8.680577e-001
    endloop
  endfacet
  facet normal -3.100206e-001  0.000000e+000  9.507298e-001
    outer loop
      vertex -1.233882e+001  6.500000e+000 -8.680577e-001
      vertex -5.683711e+000  3.000000e+000  1.302086e+000
      vertex -5.683711e+000  6.500000e+000  1.302086e+000
    endloop
  endfacet
  facet normal  7.872160e-002  0.000000e+000 -9.968966e-001
    outer loop
      vertex -2.300000e+001  6.500000e+000 -1.050000e+001
      vertex -2.300000e+001  1.000000e+001 -1.050000e+001
      vertex -2.252913e+001  6.500000e+000 -1.046282e+001
    endloop
  endfacet
  facet normal  7.872160e-002  0.000000e+000 -9.968966e-001
    outer loop
      vertex -2.252913e+001  6.500000e+000 -1.046282e+001
      vertex -2.300000e+001  1.000000e+001 -1.050000e+001
      vertex -2.252913e+001  1.000000e+001 -1.046282e+001
    endloop
  endfacet
  facet normal  2.342167e-001  0.000000e+000 -9.721844e-001
    outer loop
      vertex -2.252913e+001  6.500000e+000 -1.046282e+001
      vertex -2.252913e+001  1.000000e+001 -1.046282e+001
      vertex -2.206994e+001  6.500000e+000 -1.035219e+001
    endloop
  endfacet
  facet normal  2.342167e-001  0.000000e+000 -9.721844e-001
    outer loop
      vertex -2.206994e+001  6.500000e+000 -1.035219e+001
      vertex -2.252913e+001  1.000000e+001 -1.046282e+001
      vertex -2.206994e+001  1.000000e+001 -1.035219e+001
    endloop
  endfacet
  facet normal  7.872161e-002  0.000000e+000 -9.968967e-001
    outer loop
      vertex -2.300000e+001  0.000000e+000 -1.050000e+001
      vertex -2.300000e+001  3.000000e+000 -1.050000e+001
      vertex -2.252913e+001  0.000000e+000 -1.046282e+001
    endloop
  endfacet
  facet normal  7.872161e-002  0.000000e+000 -9.968967e-001
    outer loop
      vertex -2.252913e+001  0.000000e+000 -1.046282e+001
      vertex -2.300000e+001  3.000000e+000 -1.050000e+001
      vertex -2.252913e+001  3.000000e+000 -1.046282e+001
    endloop
  endfacet
  facet normal  2.342167e-001  0.000000e+000 -9.721844e-001
    outer loop
      vertex -2.252913e+001  0.000000e+000 -1.046282e+001
      vertex -2.252913e+001  3.000000e+000 -1.046282e+001
      vertex -2.206994e+001  0.000000e+000 -1.035219e+001
    endloop
  endfacet
  facet normal  2.342167e-001  0.000000e+000 -9.721844e-001
    outer loop
      vertex -2.206994e+001  0.000000e+000 -1.035219e+001
      vertex -2.252913e+001  3.000000e+000 -1.046282e+001
      vertex -2.206994e+001  3.000000e+000 -1.035219e+001
    endloop
  endfacet
  facet normal  0.000000e+000  0.000000e+000 -1.000000e+000
    outer loop
      vertex -2.300000e+001  1.000000e+001 -1.050000e+001
      vertex -2.300000e+001  6.500000e+000 -1.050000e+001
      vertex -3.300000e+001  1.000000e+001 -1.050000e+001
    endloop
  endfacet
  facet normal  0.000000e+000  0.000000e+000 -1.000000e+000
    outer loop
      vertex -3.300000e+001  1.000000e+001 -1.050000e+001
      vertex -2.300000e+001  6.500000e+000 -1.050000e+001
      vertex -2.497532e+001  6.500000e+000 -1.050000e+001
    endloop
  endfacet
  facet normal  -0.000000e+000  0.000000e+000 -1.000000e+000
    outer loop
      vertex -3.300000e+001  1.000000e+001 -1.050000e+001
      vertex -2.497532e+001  6.500000e+000 -1.050000e+001
      vertex -3.300000e+001  0.000000e+000 -1.050000e+001
    endloop
  endfacet
  facet normal  0.000000e+000  0.000000e+000 -1.000000e+000
    outer loop
      vertex -3.300000e+001  0.000000e+000 -1.050000e+001
      vertex -2.497532e+001  6.500000e+000 -1.050000e+001
      vertex -2.497532e+001  3.000000e+000 -1.050000e+001
    endloop
  endfacet
  facet normal  0.000000e+000  -0.000000e+000 -1.000000e+000
    outer loop
      vertex -3.300000e+001  0.000000e+000 -1.050000e+001
      vertex -2.497532e+001  3.000000e+000 -1.050000e+001
      vertex -2.300000e+001  0.000000e+000 -1.050000e+001
    endloop
  endfacet
  facet normal  0.000000e+000  0.000000e+000 -1.000000e+000
    outer loop
      vertex -2.300000e+001  0.000000e+000 -1.050000e+001
      vertex -2.497532e+001  3.000000e+000 -1.050000e+001
      vertex -2.300000e+001  3.000000e+000 -1.050000e+001
    endloop
  endfacet
  facet normal  0.000000e+000  1.000000e+000  -0.000000e+000
    outer loop
      vertex  2.119080e+000  3.000000e+000  2.123558e+000
      vertex  1.111140e+000  3.000000e+000  1.662939e+000
      vertex  7.653669e-001  3.000000e+000  1.847759e+000
    endloop
  endfacet
  facet normal  0.000000e+000  1.000000e+000  -0.000000e+000
    outer loop
      vertex -3.901806e-001  3.000000e+000  1.961571e+000
      vertex -7.653669e-001  3.000000e+000  1.847759e+000
      vertex -9.300618e-001  3.000000e+000  2.852190e+000
    endloop
  endfacet
  facet normal  -0.000000e+000  1.000000e+000  0.000000e+000
    outer loop
      vertex -3.901806e-001  3.000000e+000  1.961571e+000
      vertex -9.300618e-001  3.000000e+000  2.852190e+000
      vertex -4.724305e-001  3.000000e+000  2.962568e+000
    endloop
  endfacet
  facet normal  -0.000000e+000  9.999999e-001  0.000000e+000
    outer loop
      vertex -3.901806e-001  3.000000e+000  1.961571e+000
      vertex -4.724305e-001  3.000000e+000  2.962568e+000
      vertex -3.166303e-003  3.000000e+000  2.999998e+000
    endloop
  endfacet
  facet normal  0.000000e+000  1.000000e+000  0.000000e+000
    outer loop
      vertex -3.901806e-001  3.000000e+000  1.961571e+000
      vertex -3.166303e-003  3.000000e+000  2.999998e+000
      vertex  4.661758e-001  3.000000e+000  2.963559e+000
    endloop
  endfacet
  facet normal  0.000000e+000  1.000000e+000  0.000000e+000
    outer loop
      vertex -3.901806e-001  3.000000e+000  1.961571e+000
      vertex  4.661758e-001  3.000000e+000  2.963559e+000
      vertex  9.240391e-001  3.000000e+000  2.854146e+000
    endloop
  endfacet
  facet normal  0.000000e+000  1.000000e+000  0.000000e+000
    outer loop
      vertex -3.901806e-001  3.000000e+000  1.961571e+000
      vertex  9.240391e-001  3.000000e+000  2.854146e+000
      vertex  1.359150e+000  3.000000e+000  2.674456e+000
    endloop
  endfacet
  facet normal  0.000000e+000  1.000000e+000  0.000000e+000
    outer loop
      vertex -3.901806e-001  3.000000e+000  1.961571e+000
      vertex  1.359150e+000  3.000000e+000  2.674456e+000
      vertex  1.760793e+000  3.000000e+000  2.428911e+000
    endloop
  endfacet
  facet normal  0.000000e+000  1.000000e+000  0.000000e+000
    outer loop
      vertex -3.901806e-001  3.000000e+000  1.961571e+000
      vertex  1.760793e+000  3.000000e+000  2.428911e+000
      vertex -3.673940e-016  3.000000e+000  2.000000e+000
    endloop
  endfacet
  facet normal  0.000000e+000  1.000000e+000  0.000000e+000
    outer loop
      vertex -3.823587e+000  3.000000e+000 -4.402293e+000
      vertex -1.847759e+000  3.000000e+000  7.653669e-001
      vertex -1.961571e+000  3.000000e+000  3.901806e-001
    endloop
  endfacet
  facet normal  0.000000e+000  1.000000e+000  0.000000e+000
    outer loop
      vertex -3.823587e+000  3.000000e+000 -4.402293e+000
      vertex -1.961571e+000  3.000000e+000  3.901806e-001
      vertex -2.000000e+000  3.000000e+000 -2.449294e-016
    endloop
  endfacet
  facet normal  0.000000e+000  1.000000e+000  0.000000e+000
    outer loop
      vertex -3.823587e+000  3.000000e+000 -4.402293e+000
      vertex -2.000000e+000  3.000000e+000 -2.449294e-016
      vertex -1.961571e+000  3.000000e+000 -3.901806e-001
    endloop
  endfacet
  facet normal  0.000000e+000  1.000000e+000  0.000000e+000
    outer loop
      vertex -3.823587e+000  3.000000e+000 -4.402293e+000
      vertex -1.961571e+000  3.000000e+000 -3.901806e-001
      vertex -1.847759e+000  3.000000e+000 -7.653669e-001
    endloop
  endfacet
  facet normal  0.000000e+000  1.000000e+000  0.000000e+000
    outer loop
      vertex -3.823587e+000  3.000000e+000 -4.402293e+000
      vertex -1.847759e+000  3.000000e+000 -7.653669e-001
      vertex -1.662939e+000  3.000000e+000 -1.111140e+000
    endloop
  endfacet
  facet normal  0.000000e+000  1.000000e+000  0.000000e+000
    outer loop
      vertex -3.823587e+000  3.000000e+000 -4.402293e+000
      vertex -1.662939e+000  3.000000e+000 -1.111140e+000
      vertex -1.414214e+000  3.000000e+000 -1.414214e+000
    endloop
  endfacet
  facet normal  0.000000e+000  9.999999e-001  0.000000e+000
    outer loop
      vertex -3.823587e+000  3.000000e+000 -4.402293e+000
      vertex -1.414214e+000  3.000000e+000 -1.414214e+000
      vertex -1.111140e+000  3.000000e+000 -1.662939e+000
    endloop
  endfacet
  facet normal  0.000000e+000  1.000000e+000  0.000000e+000
    outer loop
      vertex -3.823587e+000  3.000000e+000 -4.402293e+000
      vertex -1.111140e+000  3.000000e+000 -1.662939e+000
      vertex -7.653669e-001  3.000000e+000 -1.847759e+000
    endloop
  endfacet
  facet normal  0.000000e+000  1.000000e+000  0.000000e+000
    outer loop
      vertex -3.823587e+000  3.000000e+000 -4.402293e+000
      vertex -7.653669e-001  3.000000e+000 -1.847759e+000
      vertex -3.901806e-001  3.000000e+000 -1.961571e+000
    endloop
  endfacet
  facet normal  0.000000e+000  1.000000e+000  0.000000e+000
    outer loop
      vertex -3.823587e+000  3.000000e+000 -4.402293e+000
      vertex -3.901806e-001  3.000000e+000 -1.961571e+000
      vertex  1.224647e-016  3.000000e+000 -2.000000e+000
    endloop
  endfacet
  facet normal  -0.000000e+000  1.000000e+000  0.000000e+000
    outer loop
      vertex -3.823587e+000  3.000000e+000 -4.402293e+000
      vertex  1.224647e-016  3.000000e+000 -2.000000e+000
      vertex  3.901806e-001  3.000000e+000 -1.961571e+000
    endloop
  endfacet
  facet normal  -0.000000e+000  1.000000e+000  0.000000e+000
    outer loop
      vertex -3.823587e+000  3.000000e+000 -4.402293e+000
      vertex  3.901806e-001  3.000000e+000 -1.961571e+000
      vertex  7.653669e-001  3.000000e+000 -1.847759e+000
    endloop
  endfacet
  facet normal  0.000000e+000  1.000000e+000  0.000000e+000
    outer loop
      vertex -3.823587e+000  3.000000e+000 -4.402293e+000
      vertex  7.653669e-001  3.000000e+000 -1.847759e+000
      vertex  9.300618e-001  3.000000e+000 -2.852190e+000
    endloop
  endfacet
  facet normal  0.000000e+000  1.000000e+000  0.000000e+000
    outer loop
      vertex -5.683711e+000  3.000000e+000  1.302086e+000
      vertex -9.300618e-001  3.000000e+000  2.852190e+000
      vertex -7.653669e-001  3.000000e+000  1.847759e+000
    endloop
  endfacet
  facet normal  0.000000e+000  1.000000e+000  0.000000e+000
    outer loop
      vertex -5.683711e+000  3.000000e+000  1.302086e+000
      vertex -7.653669e-001  3.000000e+000  1.847759e+000
      vertex -1.111140e+000  3.000000e+000  1.662939e+000
    endloop
  endfacet
  facet normal  0.000000e+000  1.000000e+000  0.000000e+000
    outer loop
      vertex -5.683711e+000  3.000000e+000  1.302086e+000
      vertex -1.111140e+000  3.000000e+000  1.662939e+000
      vertex -1.414214e+000  3.000000e+000  1.414214e+000
    endloop
  endfacet
  facet normal  0.000000e+000  1.000000e+000  0.000000e+000
    outer loop
      vertex -5.683711e+000  3.000000e+000  1.302086e+000
      vertex -1.414214e+000  3.000000e+000  1.414214e+000
      vertex -1.662939e+000  3.000000e+000  1.111140e+000
    endloop
  endfacet
  facet normal  0.000000e+000  1.000000e+000  0.000000e+000
    outer loop
      vertex -5.683711e+000  3.000000e+000  1.302086e+000
      vertex -1.662939e+000  3.000000e+000  1.111140e+000
      vertex -1.847759e+000  3.000000e+000  7.653669e-001
    endloop
  endfacet
  facet normal  0.000000e+000  1.000000e+000  0.000000e+000
    outer loop
      vertex -5.683711e+000  3.000000e+000  1.302086e+000
      vertex -1.847759e+000  3.000000e+000  7.653669e-001
      vertex -3.823587e+000  3.000000e+000 -4.402293e+000
    endloop
  endfacet
  facet normal  -0.000000e+000  1.000000e+000  0.000000e+000
    outer loop
      vertex  9.300618e-001  3.000000e+000 -2.852190e+000
      vertex  7.653669e-001  3.000000e+000 -1.847759e+000
      vertex  2.674456e+000  3.000000e+000 -1.359150e+000
    endloop
  endfacet
  facet normal  0.000000e+000  1.000000e+000  0.000000e+000
    outer loop
      vertex  9.300618e-001  3.000000e+000 -2.852190e+000
      vertex  2.674456e+000  3.000000e+000 -1.359150e+000
      vertex  2.428911e+000  3.000000e+000 -1.760793e+000
    endloop
  endfacet
  facet normal  0.000000e+000  1.000000e+000  0.000000e+000
    outer loop
      vertex  9.300618e-001  3.000000e+000 -2.852190e+000
      vertex  2.428911e+000  3.000000e+000 -1.760793e+000
      vertex  2.123558e+000  3.000000e+000 -2.119080e+000
    endloop
  endfacet
  facet normal  0.000000e+000  9.999999e-001  0.000000e+000
    outer loop
      vertex  9.300618e-001  3.000000e+000 -2.852190e+000
      vertex  2.123558e+000  3.000000e+000 -2.119080e+000
      vertex  1.765916e+000  3.000000e+000 -2.425189e+000
    endloop
  endfacet
  facet normal  0.000000e+000  1.000000e+000  0.000000e+000
    outer loop
      vertex  9.300618e-001  3.000000e+000 -2.852190e+000
      vertex  1.765916e+000  3.000000e+000 -2.425189e+000
      vertex  1.364792e+000  3.000000e+000 -2.671581e+000
    endloop
  endfacet
  facet normal  0.000000e+000  1.000000e+000  0.000000e+000
    outer loop
      vertex -3.673940e-016  3.000000e+000  2.000000e+000
      vertex  1.760793e+000  3.000000e+000  2.428911e+000
      vertex  3.901806e-001  3.000000e+000  1.961571e+000
    endloop
  endfacet
  facet normal  0.000000e+000  1.000000e+000  0.000000e+000
    outer loop
      vertex  3.901806e-001  3.000000e+000  1.961571e+000
      vertex  1.760793e+000  3.000000e+000  2.428911e+000
      vertex  2.119080e+000  3.000000e+000  2.123558e+000
    endloop
  endfacet
  facet normal  0.000000e+000  1.000000e+000  0.000000e+000
    outer loop
      vertex  3.901806e-001  3.000000e+000  1.961571e+000
      vertex  2.119080e+000  3.000000e+000  2.123558e+000
      vertex  7.653669e-001  3.000000e+000  1.847759e+000
    endloop
  endfacet
  facet normal  -0.000000e+000  1.000000e+000  0.000000e+000
    outer loop
      vertex  2.000000e+000  3.000000e+000 -3.451266e-031
      vertex  1.961571e+000  3.000000e+000  3.901806e-001
      vertex  2.962568e+000  3.000000e+000  4.724305e-001
    endloop
  endfacet
  facet normal  0.000000e+000  1.000000e+000  0.000000e+000
    outer loop
      vertex  2.962568e+000  3.000000e+000  4.724305e-001
      vertex  1.961571e+000  3.000000e+000  3.901806e-001
      vertex  1.847759e+000  3.000000e+000  7.653669e-001
    endloop
  endfacet
  facet normal  -0.000000e+000  9.999999e-001  0.000000e+000
    outer loop
      vertex  2.962568e+000  3.000000e+000  4.724305e-001
      vertex  1.847759e+000  3.000000e+000  7.653669e-001
      vertex  2.852190e+000  3.000000e+000  9.300618e-001
    endloop
  endfacet
  facet normal  0.000000e+000  1.000000e+000  0.000000e+000
    outer loop
      vertex  2.852190e+000  3.000000e+000  9.300618e-001
      vertex  1.847759e+000  3.000000e+000  7.653669e-001
      vertex  1.662939e+000  3.000000e+000  1.111140e+000
    endloop
  endfacet
  facet normal  -0.000000e+000  1.000000e+000  0.000000e+000
    outer loop
      vertex  2.852190e+000  3.000000e+000  9.300618e-001
      vertex  1.662939e+000  3.000000e+000  1.111140e+000
      vertex  2.671581e+000  3.000000e+000  1.364792e+000
    endloop
  endfacet
  facet normal  0.000000e+000  9.999999e-001  0.000000e+000
    outer loop
      vertex  2.671581e+000  3.000000e+000  1.364792e+000
      vertex  1.662939e+000  3.000000e+000  1.111140e+000
      vertex  1.414214e+000  3.000000e+000  1.414214e+000
    endloop
  endfacet
  facet normal  -0.000000e+000  1.000000e+000  0.000000e+000
    outer loop
      vertex  2.671581e+000  3.000000e+000  1.364792e+000
      vertex  1.414214e+000  3.000000e+000  1.414214e+000
      vertex  2.425189e+000  3.000000e+000  1.765916e+000
    endloop
  endfacet
  facet normal  0.000000e+000  1.000000e+000  0.000000e+000
    outer loop
      vertex  2.425189e+000  3.000000e+000  1.765916e+000
      vertex  1.414214e+000  3.000000e+000  1.414214e+000
      vertex  1.111140e+000  3.000000e+000  1.662939e+000
    endloop
  endfacet
  facet normal  0.000000e+000  1.000000e+000  0.000000e+000
    outer loop
      vertex  2.425189e+000  3.000000e+000  1.765916e+000
      vertex  1.111140e+000  3.000000e+000  1.662939e+000
      vertex  2.119080e+000  3.000000e+000  2.123558e+000
    endloop
  endfacet
  facet normal  -0.000000e+000  1.000000e+000  0.000000e+000
    outer loop
      vertex  1.414214e+000  3.000000e+000 -1.414214e+000
      vertex  1.662939e+000  3.000000e+000 -1.111140e+000
      vertex  2.854146e+000  3.000000e+000 -9.240391e-001
    endloop
  endfacet
  facet normal  0.000000e+000  1.000000e+000  0.000000e+000
    outer loop
      vertex  2.854146e+000  3.000000e+000 -9.240391e-001
      vertex  1.662939e+000  3.000000e+000 -1.111140e+000
      vertex  1.847759e+000  3.000000e+000 -7.653669e-001
    endloop
  endfacet
  facet normal  -0.000000e+000  1.000000e+000  0.000000e+000
    outer loop
      vertex  2.854146e+000  3.000000e+000 -9.240391e-001
      vertex  1.847759e+000  3.000000e+000 -7.653669e-001
      vertex  2.963559e+000  3.000000e+000 -4.661758e-001
    endloop
  endfacet
  facet normal  0.000000e+000  1.000000e+000  0.000000e+000
    outer loop
      vertex  2.963559e+000  3.000000e+000 -4.661758e-001
      vertex  1.847759e+000  3.000000e+000 -7.653669e-001
      vertex  1.961571e+000  3.000000e+000 -3.901806e-001
    endloop
  endfacet
  facet normal  -0.000000e+000  9.999999e-001  0.000000e+000
    outer loop
      vertex  2.963559e+000  3.000000e+000 -4.661758e-001
      vertex  1.961571e+000  3.000000e+000 -3.901806e-001
      vertex  2.999998e+000  3.000000e+000  3.166303e-003
    endloop
  endfacet
  facet normal  0.000000e+000  1.000000e+000  0.000000e+000
    outer loop
      vertex  2.999998e+000  3.000000e+000  3.166303e-003
      vertex  1.961571e+000  3.000000e+000 -3.901806e-001
      vertex  2.000000e+000  3.000000e+000 -3.451266e-031
    endloop
  endfacet
  facet normal  0.000000e+000  1.000000e+000  0.000000e+000
    outer loop
      vertex  2.999998e+000  3.000000e+000  3.166303e-003
      vertex  2.000000e+000  3.000000e+000 -3.451266e-031
      vertex  2.962568e+000  3.000000e+000  4.724305e-001
    endloop
  endfacet
  facet normal  -0.000000e+000  1.000000e+000  0.000000e+000
    outer loop
      vertex  7.653669e-001  3.000000e+000 -1.847759e+000
      vertex  1.111140e+000  3.000000e+000 -1.662939e+000
      vertex  2.674456e+000  3.000000e+000 -1.359150e+000
    endloop
  endfacet
  facet normal  0.000000e+000  1.000000e+000  0.000000e+000
    outer loop
      vertex  2.674456e+000  3.000000e+000 -1.359150e+000
      vertex  1.111140e+000  3.000000e+000 -1.662939e+000
      vertex  1.414214e+000  3.000000e+000 -1.414214e+000
    endloop
  endfacet
  facet normal  0.000000e+000  1.000000e+000  0.000000e+000
    outer loop
      vertex  2.674456e+000  3.000000e+000 -1.359150e+000
      vertex  1.414214e+000  3.000000e+000 -1.414214e+000
      vertex  2.854146e+000  3.000000e+000 -9.240391e-001
    endloop
  endfacet
  facet normal  0.000000e+000 -1.000000e+000  0.000000e+000
    outer loop
      vertex  1.111140e+000  6.500000e+000  1.662939e+000
      vertex  2.119080e+000  6.500000e+000  2.123558e+000
      vertex  7.653669e-001  6.500000e+000  1.847759e+000
    endloop
  endfacet
  facet normal  -0.000000e+000 -1.000000e+000  -0.000000e+000
    outer loop
      vertex  1.359150e+000  6.500000e+000  2.674456e+000
      vertex  9.240391e-001  6.500000e+000  2.854146e+000
      vertex  4.661758e-001  6.500000e+000  2.963559e+000
    endloop
  endfacet
  facet normal  -0.000000e+000 -1.000000e+000  -0.000000e+000
    outer loop
      vertex  1.359150e+000  6.500000e+000  2.674456e+000
      vertex  4.661758e-001  6.500000e+000  2.963559e+000
      vertex -3.166303e-003  6.500000e+000  2.999998e+000
    endloop
  endfacet
  facet normal  0.000000e+000 -9.999999e-001  -0.000000e+000
    outer loop
      vertex  1.359150e+000  6.500000e+000  2.674456e+000
      vertex -3.166303e-003  6.500000e+000  2.999998e+000
      vertex -4.724305e-001  6.500000e+000  2.962568e+000
    endloop
  endfacet
  facet normal  0.000000e+000 -9.999999e-001  0.000000e+000
    outer loop
      vertex  1.359150e+000  6.500000e+000  2.674456e+000
      vertex -4.724305e-001  6.500000e+000  2.962568e+000
      vertex -3.901806e-001  6.500000e+000  1.961571e+000
    endloop
  endfacet
  facet normal  0.000000e+000 -1.000000e+000  0.000000e+000
    outer loop
      vertex  1.359150e+000  6.500000e+000  2.674456e+000
      vertex -3.901806e-001  6.500000e+000  1.961571e+000
      vertex -3.673940e-016  6.500000e+000  2.000000e+000
    endloop
  endfacet
  facet normal  0.000000e+000 -9.999999e-001  0.000000e+000
    outer loop
      vertex  1.359150e+000  6.500000e+000  2.674456e+000
      vertex -3.673940e-016  6.500000e+000  2.000000e+000
      vertex  1.760793e+000  6.500000e+000  2.428911e+000
    endloop
  endfacet
  facet normal  0.000000e+000 -1.000000e+000  0.000000e+000
    outer loop
      vertex  2.674456e+000  6.500000e+000 -1.359150e+000
      vertex  2.854146e+000  6.500000e+000 -9.240391e-001
      vertex  1.414214e+000  6.500000e+000 -1.414214e+000
    endloop
  endfacet
  facet normal  0.000000e+000 -1.000000e+000  -0.000000e+000
    outer loop
      vertex  2.674456e+000  6.500000e+000 -1.359150e+000
      vertex  1.414214e+000  6.500000e+000 -1.414214e+000
      vertex  1.111140e+000  6.500000e+000 -1.662939e+000
    endloop
  endfacet
  facet normal  0.000000e+000 -1.000000e+000  -0.000000e+000
    outer loop
      vertex  2.674456e+000  6.500000e+000 -1.359150e+000
      vertex  1.111140e+000  6.500000e+000 -1.662939e+000
      vertex  7.653669e-001  6.500000e+000 -1.847759e+000
    endloop
  endfacet
  facet normal  0.000000e+000 -1.000000e+000  0.000000e+000
    outer loop
      vertex  2.674456e+000  6.500000e+000 -1.359150e+000
      vertex  7.653669e-001  6.500000e+000 -1.847759e+000
      vertex  9.300618e-001  6.500000e+000 -2.852190e+000
    endloop
  endfacet
  facet normal  -0.000000e+000 -1.000000e+000  0.000000e+000
    outer loop
      vertex  9.300618e-001  6.500000e+000 -2.852190e+000
      vertex  1.364792e+000  6.500000e+000 -2.671581e+000
      vertex  1.765916e+000  6.500000e+000 -2.425189e+000
    endloop
  endfacet
  facet normal  -0.000000e+000 -9.999999e-001  0.000000e+000
    outer loop
      vertex  9.300618e-001  6.500000e+000 -2.852190e+000
      vertex  1.765916e+000  6.500000e+000 -2.425189e+000
      vertex  2.123558e+000  6.500000e+000 -2.119080e+000
    endloop
  endfacet
  facet normal  -0.000000e+000 -1.000000e+000  0.000000e+000
    outer loop
      vertex  9.300618e-001  6.500000e+000 -2.852190e+000
      vertex  2.123558e+000  6.500000e+000 -2.119080e+000
      vertex  2.428911e+000  6.500000e+000 -1.760793e+000
    endloop
  endfacet
  facet normal  -0.000000e+000 -1.000000e+000  0.000000e+000
    outer loop
      vertex  9.300618e-001  6.500000e+000 -2.852190e+000
      vertex  2.428911e+000  6.500000e+000 -1.760793e+000
      vertex  2.674456e+000  6.500000e+000 -1.359150e+000
    endloop
  endfacet
  facet normal  -0.000000e+000 -1.000000e+000  0.000000e+000
    outer loop
      vertex -3.823587e+000  6.500000e+000 -4.402293e+000
      vertex  9.300618e-001  6.500000e+000 -2.852190e+000
      vertex  7.653669e-001  6.500000e+000 -1.847759e+000
    endloop
  endfacet
  facet normal  0.000000e+000 -1.000000e+000  0.000000e+000
    outer loop
      vertex -3.823587e+000  6.500000e+000 -4.402293e+000
      vertex  7.653669e-001  6.500000e+000 -1.847759e+000
      vertex  3.901806e-001  6.500000e+000 -1.961571e+000
    endloop
  endfacet
  facet normal  0.000000e+000 -1.000000e+000  0.000000e+000
    outer loop
      vertex -3.823587e+000  6.500000e+000 -4.402293e+000
      vertex  3.901806e-001  6.500000e+000 -1.961571e+000
      vertex  1.224647e-016  6.500000e+000 -2.000000e+000
    endloop
  endfacet
  facet normal  -0.000000e+000 -1.000000e+000  0.000000e+000
    outer loop
      vertex -3.823587e+000  6.500000e+000 -4.402293e+000
      vertex  1.224647e-016  6.500000e+000 -2.000000e+000
      vertex -3.901806e-001  6.500000e+000 -1.961571e+000
    endloop
  endfacet
  facet normal  -0.000000e+000 -1.000000e+000  0.000000e+000
    outer loop
      vertex -3.823587e+000  6.500000e+000 -4.402293e+000
      vertex -3.901806e-001  6.500000e+000 -1.961571e+000
      vertex -7.653669e-001  6.500000e+000 -1.847759e+000
    endloop
  endfacet
  facet normal  -0.000000e+000 -1.000000e+000  0.000000e+000
    outer loop
      vertex -3.823587e+000  6.500000e+000 -4.402293e+000
      vertex -7.653669e-001  6.500000e+000 -1.847759e+000
      vertex -1.111140e+000  6.500000e+000 -1.662939e+000
    endloop
  endfacet
  facet normal  -0.000000e+000 -1.000000e+000  0.000000e+000
    outer loop
      vertex -3.823587e+000  6.500000e+000 -4.402293e+000
      vertex -1.111140e+000  6.500000e+000 -1.662939e+000
      vertex -1.414214e+000  6.500000e+000 -1.414214e+000
    endloop
  endfacet
  facet normal  -0.000000e+000 -1.000000e+000  0.000000e+000
    outer loop
      vertex -3.823587e+000  6.500000e+000 -4.402293e+000
      vertex -1.414214e+000  6.500000e+000 -1.414214e+000
      vertex -1.662939e+000  6.500000e+000 -1.111140e+000
    endloop
  endfacet
  facet normal  -0.000000e+000 -1.000000e+000  0.000000e+000
    outer loop
      vertex -3.823587e+000  6.500000e+000 -4.402293e+000
      vertex -1.662939e+000  6.500000e+000 -1.111140e+000
      vertex -1.847759e+000  6.500000e+000 -7.653669e-001
    endloop
  endfacet
  facet normal  -0.000000e+000 -1.000000e+000  0.000000e+000
    outer loop
      vertex -3.823587e+000  6.500000e+000 -4.402293e+000
      vertex -1.847759e+000  6.500000e+000 -7.653669e-001
      vertex -1.961571e+000  6.500000e+000 -3.901806e-001
    endloop
  endfacet
  facet normal  -0.000000e+000 -1.000000e+000  0.000000e+000
    outer loop
      vertex -3.823587e+000  6.500000e+000 -4.402293e+000
      vertex -1.961571e+000  6.500000e+000 -3.901806e-001
      vertex -2.000000e+000  6.500000e+000 -2.449294e-016
    endloop
  endfacet
  facet normal  -0.000000e+000 -1.000000e+000  0.000000e+000
    outer loop
      vertex -3.823587e+000  6.500000e+000 -4.402293e+000
      vertex -2.000000e+000  6.500000e+000 -2.449294e-016
      vertex -1.961571e+000  6.500000e+000  3.901806e-001
    endloop
  endfacet
  facet normal  -0.000000e+000 -1.000000e+000  0.000000e+000
    outer loop
      vertex -3.823587e+000  6.500000e+000 -4.402293e+000
      vertex -1.961571e+000  6.500000e+000  3.901806e-001
      vertex -1.847759e+000  6.500000e+000  7.653669e-001
    endloop
  endfacet
  facet normal  0.000000e+000 -1.000000e+000  0.000000e+000
    outer loop
      vertex -5.683711e+000  6.500000e+000  1.302086e+000
      vertex -3.823587e+000  6.500000e+000 -4.402293e+000
      vertex -1.847759e+000  6.500000e+000  7.653669e-001
    endloop
  endfacet
  facet normal  0.000000e+000 -1.000000e+000  0.000000e+000
    outer loop
      vertex -5.683711e+000  6.500000e+000  1.302086e+000
      vertex -1.847759e+000  6.500000e+000  7.653669e-001
      vertex -1.662939e+000  6.500000e+000  1.111140e+000
    endloop
  endfacet
  facet normal  0.000000e+000 -1.000000e+000  0.000000e+000
    outer loop
      vertex -5.683711e+000  6.500000e+000  1.302086e+000
      vertex -1.662939e+000  6.500000e+000  1.111140e+000
      vertex -1.414214e+000  6.500000e+000  1.414214e+000
    endloop
  endfacet
  facet normal  -0.000000e+000 -1.000000e+000  0.000000e+000
    outer loop
      vertex -5.683711e+000  6.500000e+000  1.302086e+000
      vertex -1.414214e+000  6.500000e+000  1.414214e+000
      vertex -1.111140e+000  6.500000e+000  1.662939e+000
    endloop
  endfacet
  facet normal  -0.000000e+000 -1.000000e+000  0.000000e+000
    outer loop
      vertex -5.683711e+000  6.500000e+000  1.302086e+000
      vertex -1.111140e+000  6.500000e+000  1.662939e+000
      vertex -7.653669e-001  6.500000e+000  1.847759e+000
    endloop
  endfacet
  facet normal  -0.000000e+000 -1.000000e+000  0.000000e+000
    outer loop
      vertex -5.683711e+000  6.500000e+000  1.302086e+000
      vertex -7.653669e-001  6.500000e+000  1.847759e+000
      vertex -9.300618e-001  6.500000e+000  2.852190e+000
    endloop
  endfacet
  facet normal  0.000000e+000 -9.999999e-001  0.000000e+000
    outer loop
      vertex -9.300618e-001  6.500000e+000  2.852190e+000
      vertex -7.653669e-001  6.500000e+000  1.847759e+000
      vertex -4.724305e-001  6.500000e+000  2.962568e+000
    endloop
  endfacet
  facet normal  0.000000e+000 -1.000000e+000  -0.000000e+000
    outer loop
      vertex -4.724305e-001  6.500000e+000  2.962568e+000
      vertex -7.653669e-001  6.500000e+000  1.847759e+000
      vertex -3.901806e-001  6.500000e+000  1.961571e+000
    endloop
  endfacet
  facet normal  0.000000e+000 -1.000000e+000  0.000000e+000
    outer loop
      vertex -3.673940e-016  6.500000e+000  2.000000e+000
      vertex  3.901806e-001  6.500000e+000  1.961571e+000
      vertex  1.760793e+000  6.500000e+000  2.428911e+000
    endloop
  endfacet
  facet normal  0.000000e+000 -1.000000e+000  0.000000e+000
    outer loop
      vertex  1.760793e+000  6.500000e+000  2.428911e+000
      vertex  3.901806e-001  6.500000e+000  1.961571e+000
      vertex  7.653669e-001  6.500000e+000  1.847759e+000
    endloop
  endfacet
  facet normal  0.000000e+000 -1.000000e+000  0.000000e+000
    outer loop
      vertex  1.760793e+000  6.500000e+000  2.428911e+000
      vertex  7.653669e-001  6.500000e+000  1.847759e+000
      vertex  2.119080e+000  6.500000e+000  2.123558e+000
    endloop
  endfacet
  facet normal  0.000000e+000 -1.000000e+000  0.000000e+000
    outer loop
      vertex  2.000000e+000  6.500000e+000  4.898587e-016
      vertex  2.962568e+000  6.500000e+000  4.724305e-001
      vertex  1.961571e+000  6.500000e+000  3.901806e-001
    endloop
  endfacet
  facet normal  0.000000e+000 -9.999999e-001  0.000000e+000
    outer loop
      vertex  1.961571e+000  6.500000e+000  3.901806e-001
      vertex  2.962568e+000  6.500000e+000  4.724305e-001
      vertex  2.852190e+000  6.500000e+000  9.300618e-001
    endloop
  endfacet
  facet normal  0.000000e+000 -1.000000e+000  0.000000e+000
    outer loop
      vertex  1.961571e+000  6.500000e+000  3.901806e-001
      vertex  2.852190e+000  6.500000e+000  9.300618e-001
      vertex  1.847759e+000  6.500000e+000  7.653669e-001
    endloop
  endfacet
  facet normal  0.000000e+000 -1.000000e+000  0.000000e+000
    outer loop
      vertex  1.847759e+000  6.500000e+000  7.653669e-001
      vertex  2.852190e+000  6.500000e+000  9.300618e-001
      vertex  2.671581e+000  6.500000e+000  1.364792e+000
    endloop
  endfacet
  facet normal  0.000000e+000 -1.000000e+000  0.000000e+000
    outer loop
      vertex  1.847759e+000  6.500000e+000  7.653669e-001
      vertex  2.671581e+000  6.500000e+000  1.364792e+000
      vertex  1.662939e+000  6.500000e+000  1.111140e+000
    endloop
  endfacet
  facet normal  0.000000e+000 -1.000000e+000  0.000000e+000
    outer loop
      vertex  1.662939e+000  6.500000e+000  1.111140e+000
      vertex  2.671581e+000  6.500000e+000  1.364792e+000
      vertex  2.425189e+000  6.500000e+000  1.765916e+000
    endloop
  endfacet
  facet normal  0.000000e+000 -1.000000e+000  0.000000e+000
    outer loop
      vertex  1.662939e+000  6.500000e+000  1.111140e+000
      vertex  2.425189e+000  6.500000e+000  1.765916e+000
      vertex  1.414214e+000  6.500000e+000  1.414214e+000
    endloop
  endfacet
  facet normal  0.000000e+000 -1.000000e+000  0.000000e+000
    outer loop
      vertex  1.414214e+000  6.500000e+000  1.414214e+000
      vertex  2.425189e+000  6.500000e+000  1.765916e+000
      vertex  2.119080e+000  6.500000e+000  2.123558e+000
    endloop
  endfacet
  facet normal  0.000000e+000 -1.000000e+000  0.000000e+000
    outer loop
      vertex  1.414214e+000  6.500000e+000  1.414214e+000
      vertex  2.119080e+000  6.500000e+000  2.123558e+000
      vertex  1.111140e+000  6.500000e+000  1.662939e+000
    endloop
  endfacet
  facet normal  0.000000e+000 -1.000000e+000  0.000000e+000
    outer loop
      vertex  1.414214e+000  6.500000e+000 -1.414214e+000
      vertex  2.854146e+000  6.500000e+000 -9.240391e-001
      vertex  1.662939e+000  6.500000e+000 -1.111140e+000
    endloop
  endfacet
  facet normal  0.000000e+000 -9.999999e-001  0.000000e+000
    outer loop
      vertex  1.662939e+000  6.500000e+000 -1.111140e+000
      vertex  2.854146e+000  6.500000e+000 -9.240391e-001
      vertex  2.963559e+000  6.500000e+000 -4.661758e-001
    endloop
  endfacet
  facet normal  0.000000e+000 -1.000000e+000  0.000000e+000
    outer loop
      vertex  1.662939e+000  6.500000e+000 -1.111140e+000
      vertex  2.963559e+000  6.500000e+000 -4.661758e-001
      vertex  1.847759e+000  6.500000e+000 -7.653669e-001
    endloop
  endfacet
  facet normal  0.000000e+000 -1.000000e+000  0.000000e+000
    outer loop
      vertex  1.847759e+000  6.500000e+000 -7.653669e-001
      vertex  2.963559e+000  6.500000e+000 -4.661758e-001
      vertex  2.999998e+000  6.500000e+000  3.166303e-003
    endloop
  endfacet
  facet normal  0.000000e+000 -1.000000e+000  0.000000e+000
    outer loop
      vertex  1.847759e+000  6.500000e+000 -7.653669e-001
      vertex  2.999998e+000  6.500000e+000  3.166303e-003
      vertex  1.961571e+000  6.500000e+000 -3.901806e-001
    endloop
  endfacet
  facet normal  0.000000e+000 -1.000000e+000  0.000000e+000
    outer loop
      vertex  1.961571e+000  6.500000e+000 -3.901806e-001
      vertex  2.999998e+000  6.500000e+000  3.166303e-003
      vertex  2.962568e+000  6.500000e+000  4.724305e-001
    endloop
  endfacet
  facet normal  0.000000e+000 -1.000000e+000  0.000000e+000
    outer loop
      vertex  1.961571e+000  6.500000e+000 -3.901806e-001
      vertex  2.962568e+000  6.500000e+000  4.724305e-001
      vertex  2.000000e+000  6.500000e+000  4.898587e-016
    endloop
  endfacet
  facet normal  9.507298e-001  0.000000e+000  3.100206e-001
    outer loop
      vertex -3.823587e+000  6.500000e+000 -4.402293e+000
      vertex -5.683711e+000  6.500000e+000  1.302086e+000
      vertex -3.823587e+000  3.000000e+000 -4.402293e+000
    endloop
  endfacet
  facet normal  9.507298e-001  0.000000e+000  3.100206e-001
    outer loop
      vertex -3.823587e+000  3.000000e+000 -4.402293e+000
      vertex -5.683711e+000  6.500000e+000  1.302086e+000
      vertex -5.683711e+000  3.000000e+000  1.302086e+000
    endloop
  endfacet
  facet normal  0.000000e+000 -1.000000e+000  0.000000e+000
    outer loop
      vertex -2.693184e+001  6.500000e+000 -4.500000e+000
      vertex -2.497532e+001  6.500000e+000 -1.050000e+001
      vertex -2.500000e+001  6.500000e+000 -7.500000e+000
    endloop
  endfacet
  facet normal  0.000000e+000 -1.000000e+000  0.000000e+000
    outer loop
      vertex -2.693184e+001  6.500000e+000 -4.500000e+000
      vertex -2.500000e+001  6.500000e+000 -7.500000e+000
      vertex -2.496157e+001  6.500000e+000 -7.109819e+000
    endloop
  endfacet
  facet normal  0.000000e+000 -1.000000e+000  0.000000e+000
    outer loop
      vertex -2.693184e+001  6.500000e+000 -4.500000e+000
      vertex -2.496157e+001  6.500000e+000 -7.109819e+000
      vertex -2.484776e+001  6.500000e+000 -6.734633e+000
    endloop
  endfacet
  facet normal  0.000000e+000 -1.000000e+000  0.000000e+000
    outer loop
      vertex -2.693184e+001  6.500000e+000 -4.500000e+000
      vertex -2.484776e+001  6.500000e+000 -6.734633e+000
      vertex -2.466294e+001  6.500000e+000 -6.388860e+000
    endloop
  endfacet
  facet normal  0.000000e+000 -9.999999e-001  0.000000e+000
    outer loop
      vertex -2.693184e+001  6.500000e+000 -4.500000e+000
      vertex -2.466294e+001  6.500000e+000 -6.388860e+000
      vertex -2.347678e+001  6.500000e+000 -4.500000e+000
    endloop
  endfacet
  facet normal  0.000000e+000 -1.000000e+000  0.000000e+000
    outer loop
      vertex -2.206994e+001  6.500000e+000 -1.035219e+001
      vertex -1.047870e+001  6.500000e+000 -6.572437e+000
      vertex -2.223463e+001  6.500000e+000 -9.347759e+000
    endloop
  endfacet
  facet normal  0.000000e+000 -1.000000e+000  -0.000000e+000
    outer loop
      vertex -2.206994e+001  6.500000e+000 -1.035219e+001
      vertex -2.223463e+001  6.500000e+000 -9.347759e+000
      vertex -2.260982e+001  6.500000e+000 -9.461571e+000
    endloop
  endfacet
  facet normal  0.000000e+000 -1.000000e+000  -0.000000e+000
    outer loop
      vertex -2.206994e+001  6.500000e+000 -1.035219e+001
      vertex -2.260982e+001  6.500000e+000 -9.461571e+000
      vertex -2.497532e+001  6.500000e+000 -1.050000e+001
    endloop
  endfacet
  facet normal  0.000000e+000 -1.000000e+000  0.000000e+000
    outer loop
      vertex -2.206994e+001  6.500000e+000 -1.035219e+001
      vertex -2.497532e+001  6.500000e+000 -1.050000e+001
      vertex -2.300000e+001  6.500000e+000 -1.050000e+001
    endloop
  endfacet
  facet normal  0.000000e+000 -1.000000e+000  0.000000e+000
    outer loop
      vertex -2.206994e+001  6.500000e+000 -1.035219e+001
      vertex -2.300000e+001  6.500000e+000 -1.050000e+001
      vertex -2.252913e+001  6.500000e+000 -1.046282e+001
    endloop
  endfacet
  facet normal  0.000000e+000 -9.999999e-001  0.000000e+000
    outer loop
      vertex -2.347678e+001  6.500000e+000 -4.500000e+000
      vertex -2.466294e+001  6.500000e+000 -6.388860e+000
      vertex -2.441421e+001  6.500000e+000 -6.085786e+000
    endloop
  endfacet
  facet normal  0.000000e+000 -1.000000e+000  0.000000e+000
    outer loop
      vertex -2.347678e+001  6.500000e+000 -4.500000e+000
      vertex -2.441421e+001  6.500000e+000 -6.085786e+000
      vertex -2.411114e+001  6.500000e+000 -5.837061e+000
    endloop
  endfacet
  facet normal  0.000000e+000 -1.000000e+000  0.000000e+000
    outer loop
      vertex -2.347678e+001  6.500000e+000 -4.500000e+000
      vertex -2.411114e+001  6.500000e+000 -5.837061e+000
      vertex -2.376537e+001  6.500000e+000 -5.652241e+000
    endloop
  endfacet
  facet normal  0.000000e+000 -1.000000e+000  0.000000e+000
    outer loop
      vertex -2.347678e+001  6.500000e+000 -4.500000e+000
      vertex -2.376537e+001  6.500000e+000 -5.652241e+000
      vertex -2.339018e+001  6.500000e+000 -5.538429e+000
    endloop
  endfacet
  facet normal  0.000000e+000 -1.000000e+000  0.000000e+000
    outer loop
      vertex -2.347678e+001  6.500000e+000 -4.500000e+000
      vertex -2.339018e+001  6.500000e+000 -5.538429e+000
      vertex -1.233882e+001  6.500000e+000 -8.680577e-001
    endloop
  endfacet
  facet normal  0.000000e+000 -9.999999e-001  0.000000e+000
    outer loop
      vertex -1.047870e+001  6.500000e+000 -6.572437e+000
      vertex -2.260982e+001  6.500000e+000 -5.538429e+000
      vertex -2.223463e+001  6.500000e+000 -5.652241e+000
    endloop
  endfacet
  facet normal  0.000000e+000 -1.000000e+000  0.000000e+000
    outer loop
      vertex -1.047870e+001  6.500000e+000 -6.572437e+000
      vertex -2.223463e+001  6.500000e+000 -5.652241e+000
      vertex -2.188886e+001  6.500000e+000 -5.837061e+000
    endloop
  endfacet
  facet normal  0.000000e+000 -1.000000e+000  0.000000e+000
    outer loop
      vertex -1.047870e+001  6.500000e+000 -6.572437e+000
      vertex -2.188886e+001  6.500000e+000 -5.837061e+000
      vertex -2.158579e+001  6.500000e+000 -6.085786e+000
    endloop
  endfacet
  facet normal  0.000000e+000 -9.999999e-001  0.000000e+000
    outer loop
      vertex -1.047870e+001  6.500000e+000 -6.572437e+000
      vertex -2.158579e+001  6.500000e+000 -6.085786e+000
      vertex -2.133706e+001  6.500000e+000 -6.388860e+000
    endloop
  endfacet
  facet normal  0.000000e+000 -1.000000e+000  0.000000e+000
    outer loop
      vertex -1.047870e+001  6.500000e+000 -6.572437e+000
      vertex -2.133706e+001  6.500000e+000 -6.388860e+000
      vertex -2.115224e+001  6.500000e+000 -6.734633e+000
    endloop
  endfacet
  facet normal  0.000000e+000 -1.000000e+000  0.000000e+000
    outer loop
      vertex -1.047870e+001  6.500000e+000 -6.572437e+000
      vertex -2.115224e+001  6.500000e+000 -6.734633e+000
      vertex -2.103843e+001  6.500000e+000 -7.109819e+000
    endloop
  endfacet
  facet normal  0.000000e+000 -1.000000e+000  0.000000e+000
    outer loop
      vertex -1.047870e+001  6.500000e+000 -6.572437e+000
      vertex -2.103843e+001  6.500000e+000 -7.109819e+000
      vertex -2.100000e+001  6.500000e+000 -7.500000e+000
    endloop
  endfacet
  facet normal  0.000000e+000 -1.000000e+000  -0.000000e+000
    outer loop
      vertex -1.047870e+001  6.500000e+000 -6.572437e+000
      vertex -2.100000e+001  6.500000e+000 -7.500000e+000
      vertex -2.103843e+001  6.500000e+000 -7.890181e+000
    endloop
  endfacet
  facet normal  0.000000e+000 -9.999999e-001  -0.000000e+000
    outer loop
      vertex -1.047870e+001  6.500000e+000 -6.572437e+000
      vertex -2.103843e+001  6.500000e+000 -7.890181e+000
      vertex -2.115224e+001  6.500000e+000 -8.265367e+000
    endloop
  endfacet
  facet normal  0.000000e+000 -1.000000e+000  -0.000000e+000
    outer loop
      vertex -1.047870e+001  6.500000e+000 -6.572437e+000
      vertex -2.115224e+001  6.500000e+000 -8.265367e+000
      vertex -2.133706e+001  6.500000e+000 -8.611140e+000
    endloop
  endfacet
  facet normal  0.000000e+000 -9.999999e-001  -0.000000e+000
    outer loop
      vertex -1.047870e+001  6.500000e+000 -6.572437e+000
      vertex -2.133706e+001  6.500000e+000 -8.611140e+000
      vertex -2.158579e+001  6.500000e+000 -8.914213e+000
    endloop
  endfacet
  facet normal  0.000000e+000 -1.000000e+000  -0.000000e+000
    outer loop
      vertex -1.047870e+001  6.500000e+000 -6.572437e+000
      vertex -2.158579e+001  6.500000e+000 -8.914213e+000
      vertex -2.188886e+001  6.500000e+000 -9.162939e+000
    endloop
  endfacet
  facet normal  0.000000e+000 -9.999999e-001  -0.000000e+000
    outer loop
      vertex -1.047870e+001  6.500000e+000 -6.572437e+000
      vertex -2.188886e+001  6.500000e+000 -9.162939e+000
      vertex -2.223463e+001  6.500000e+000 -9.347759e+000
    endloop
  endfacet
  facet normal  0.000000e+000 -1.000000e+000  0.000000e+000
    outer loop
      vertex -1.233882e+001  6.500000e+000 -8.680577e-001
      vertex -2.339018e+001  6.500000e+000 -5.538429e+000
      vertex -2.300000e+001  6.500000e+000 -5.500000e+000
    endloop
  endfacet
  facet normal  0.000000e+000 -1.000000e+000  0.000000e+000
    outer loop
      vertex -1.233882e+001  6.500000e+000 -8.680577e-001
      vertex -2.300000e+001  6.500000e+000 -5.500000e+000
      vertex -2.260982e+001  6.500000e+000 -5.538429e+000
    endloop
  endfacet
  facet normal  0.000000e+000 -1.000000e+000  0.000000e+000
    outer loop
      vertex -1.233882e+001  6.500000e+000 -8.680577e-001
      vertex -2.260982e+001  6.500000e+000 -5.538429e+000
      vertex -1.047870e+001  6.500000e+000 -6.572437e+000
    endloop
  endfacet
  facet normal  0.000000e+000 -1.000000e+000  0.000000e+000
    outer loop
      vertex -2.497532e+001  6.500000e+000 -1.050000e+001
      vertex -2.260982e+001  6.500000e+000 -9.461571e+000
      vertex -2.300000e+001  6.500000e+000 -9.500000e+000
    endloop
  endfacet
  facet normal  -0.000000e+000 -1.000000e+000  0.000000e+000
    outer loop
      vertex -2.497532e+001  6.500000e+000 -1.050000e+001
      vertex -2.300000e+001  6.500000e+000 -9.500000e+000
      vertex -2.339018e+001  6.500000e+000 -9.461571e+000
    endloop
  endfacet
  facet normal  -0.000000e+000 -1.000000e+000  0.000000e+000
    outer loop
      vertex -2.497532e+001  6.500000e+000 -1.050000e+001
      vertex -2.339018e+001  6.500000e+000 -9.461571e+000
      vertex -2.376537e+001  6.500000e+000 -9.347759e+000
    endloop
  endfacet
  facet normal  -0.000000e+000 -1.000000e+000  0.000000e+000
    outer loop
      vertex -2.497532e+001  6.500000e+000 -1.050000e+001
      vertex -2.376537e+001  6.500000e+000 -9.347759e+000
      vertex -2.411114e+001  6.500000e+000 -9.162939e+000
    endloop
  endfacet
  facet normal  -0.000000e+000 -1.000000e+000  0.000000e+000
    outer loop
      vertex -2.497532e+001  6.500000e+000 -1.050000e+001
      vertex -2.411114e+001  6.500000e+000 -9.162939e+000
      vertex -2.441421e+001  6.500000e+000 -8.914213e+000
    endloop
  endfacet
  facet normal  -0.000000e+000 -1.000000e+000  0.000000e+000
    outer loop
      vertex -2.497532e+001  6.500000e+000 -1.050000e+001
      vertex -2.441421e+001  6.500000e+000 -8.914213e+000
      vertex -2.466294e+001  6.500000e+000 -8.611140e+000
    endloop
  endfacet
  facet normal  -0.000000e+000 -9.999999e-001  0.000000e+000
    outer loop
      vertex -2.497532e+001  6.500000e+000 -1.050000e+001
      vertex -2.466294e+001  6.500000e+000 -8.611140e+000
      vertex -2.484776e+001  6.500000e+000 -8.265367e+000
    endloop
  endfacet
  facet normal  -0.000000e+000 -1.000000e+000  0.000000e+000
    outer loop
      vertex -2.497532e+001  6.500000e+000 -1.050000e+001
      vertex -2.484776e+001  6.500000e+000 -8.265367e+000
      vertex -2.496157e+001  6.500000e+000 -7.890181e+000
    endloop
  endfacet
  facet normal  -0.000000e+000 -1.000000e+000  0.000000e+000
    outer loop
      vertex -2.497532e+001  6.500000e+000 -1.050000e+001
      vertex -2.496157e+001  6.500000e+000 -7.890181e+000
      vertex -2.500000e+001  6.500000e+000 -7.500000e+000
    endloop
  endfacet
  facet normal  9.507299e-001  0.000000e+000  3.100204e-001
    outer loop
      vertex -2.497532e+001  6.500000e+000 -1.050000e+001
      vertex -2.693184e+001  6.500000e+000 -4.500000e+000
      vertex -2.497532e+001  3.000000e+000 -1.050000e+001
    endloop
  endfacet
  facet normal  9.507299e-001  0.000000e+000  3.100204e-001
    outer loop
      vertex -2.497532e+001  3.000000e+000 -1.050000e+001
      vertex -2.693184e+001  6.500000e+000 -4.500000e+000
      vertex -2.693184e+001  3.000000e+000 -4.500000e+000
    endloop
  endfacet
  facet normal  0.000000e+000  1.000000e+000  0.000000e+000
    outer loop
      vertex -2.693184e+001  3.000000e+000 -4.500000e+000
      vertex -2.347678e+001  3.000000e+000 -4.500000e+000
      vertex -2.339018e+001  3.000000e+000 -5.538429e+000
    endloop
  endfacet
  facet normal  0.000000e+000  1.000000e+000  0.000000e+000
    outer loop
      vertex -2.693184e+001  3.000000e+000 -4.500000e+000
      vertex -2.339018e+001  3.000000e+000 -5.538429e+000
      vertex -2.376537e+001  3.000000e+000 -5.652241e+000
    endloop
  endfacet
  facet normal  0.000000e+000  1.000000e+000  0.000000e+000
    outer loop
      vertex -2.693184e+001  3.000000e+000 -4.500000e+000
      vertex -2.376537e+001  3.000000e+000 -5.652241e+000
      vertex -2.411114e+001  3.000000e+000 -5.837061e+000
    endloop
  endfacet
  facet normal  0.000000e+000  1.000000e+000  0.000000e+000
    outer loop
      vertex -2.693184e+001  3.000000e+000 -4.500000e+000
      vertex -2.411114e+001  3.000000e+000 -5.837061e+000
      vertex -2.441421e+001  3.000000e+000 -6.085786e+000
    endloop
  endfacet
  facet normal  0.000000e+000  1.000000e+000  0.000000e+000
    outer loop
      vertex -2.693184e+001  3.000000e+000 -4.500000e+000
      vertex -2.441421e+001  3.000000e+000 -6.085786e+000
      vertex -2.466294e+001  3.000000e+000 -6.388860e+000
    endloop
  endfacet
  facet normal  0.000000e+000  1.000000e+000  0.000000e+000
    outer loop
      vertex -2.693184e+001  3.000000e+000 -4.500000e+000
      vertex -2.466294e+001  3.000000e+000 -6.388860e+000
      vertex -2.484776e+001  3.000000e+000 -6.734633e+000
    endloop
  endfacet
  facet normal  0.000000e+000  1.000000e+000  0.000000e+000
    outer loop
      vertex -2.693184e+001  3.000000e+000 -4.500000e+000
      vertex -2.484776e+001  3.000000e+000 -6.734633e+000
      vertex -2.496157e+001  3.000000e+000 -7.109819e+000
    endloop
  endfacet
  facet normal  0.000000e+000  1.000000e+000  0.000000e+000
    outer loop
      vertex -2.693184e+001  3.000000e+000 -4.500000e+000
      vertex -2.496157e+001  3.000000e+000 -7.109819e+000
      vertex -2.500000e+001  3.000000e+000 -7.500000e+000
    endloop
  endfacet
  facet normal  0.000000e+000  1.000000e+000  0.000000e+000
    outer loop
      vertex -2.693184e+001  3.000000e+000 -4.500000e+000
      vertex -2.500000e+001  3.000000e+000 -7.500000e+000
      vertex -2.497532e+001  3.000000e+000 -1.050000e+001
    endloop
  endfacet
  facet normal  0.000000e+000  1.000000e+000  0.000000e+000
    outer loop
      vertex -2.497532e+001  3.000000e+000 -1.050000e+001
      vertex -2.500000e+001  3.000000e+000 -7.500000e+000
      vertex -2.496157e+001  3.000000e+000 -7.890181e+000
    endloop
  endfacet
  facet normal  0.000000e+000  1.000000e+000  0.000000e+000
    outer loop
      vertex -2.497532e+001  3.000000e+000 -1.050000e+001
      vertex -2.496157e+001  3.000000e+000 -7.890181e+000
      vertex -2.484776e+001  3.000000e+000 -8.265367e+000
    endloop
  endfacet
  facet normal  0.000000e+000  9.999999e-001  0.000000e+000
    outer loop
      vertex -2.497532e+001  3.000000e+000 -1.050000e+001
      vertex -2.484776e+001  3.000000e+000 -8.265367e+000
      vertex -2.466294e+001  3.000000e+000 -8.611140e+000
    endloop
  endfacet
  facet normal  0.000000e+000  1.000000e+000  0.000000e+000
    outer loop
      vertex -2.497532e+001  3.000000e+000 -1.050000e+001
      vertex -2.466294e+001  3.000000e+000 -8.611140e+000
      vertex -2.441421e+001  3.000000e+000 -8.914213e+000
    endloop
  endfacet
  facet normal  0.000000e+000  1.000000e+000  0.000000e+000
    outer loop
      vertex -2.497532e+001  3.000000e+000 -1.050000e+001
      vertex -2.441421e+001  3.000000e+000 -8.914213e+000
      vertex -2.411114e+001  3.000000e+000 -9.162939e+000
    endloop
  endfacet
  facet normal  0.000000e+000  1.000000e+000  0.000000e+000
    outer loop
      vertex -2.497532e+001  3.000000e+000 -1.050000e+001
      vertex -2.411114e+001  3.000000e+000 -9.162939e+000
      vertex -2.376537e+001  3.000000e+000 -9.347759e+000
    endloop
  endfacet
  facet normal  0.000000e+000  1.000000e+000  0.000000e+000
    outer loop
      vertex -2.497532e+001  3.000000e+000 -1.050000e+001
      vertex -2.376537e+001  3.000000e+000 -9.347759e+000
      vertex -2.339018e+001  3.000000e+000 -9.461571e+000
    endloop
  endfacet
  facet normal  0.000000e+000  1.000000e+000  0.000000e+000
    outer loop
      vertex -2.497532e+001  3.000000e+000 -1.050000e+001
      vertex -2.339018e+001  3.000000e+000 -9.461571e+000
      vertex -2.300000e+001  3.000000e+000 -9.500000e+000
    endloop
  endfacet
  facet normal  -0.000000e+000  1.000000e+000  0.000000e+000
    outer loop
      vertex -2.497532e+001  3.000000e+000 -1.050000e+001
      vertex -2.300000e+001  3.000000e+000 -9.500000e+000
      vertex -2.260982e+001  3.000000e+000 -9.461571e+000
    endloop
  endfacet
  facet normal  0.000000e+000  1.000000e+000  0.000000e+000
    outer loop
      vertex -2.497532e+001  3.000000e+000 -1.050000e+001
      vertex -2.260982e+001  3.000000e+000 -9.461571e+000
      vertex -2.300000e+001  3.000000e+000 -1.050000e+001
    endloop
  endfacet
  facet normal  0.000000e+000  9.999999e-001  -0.000000e+000
    outer loop
      vertex -1.047870e+001  3.000000e+000 -6.572437e+000
      vertex -2.206994e+001  3.000000e+000 -1.035219e+001
      vertex -2.223463e+001  3.000000e+000 -9.347759e+000
    endloop
  endfacet
  facet normal  0.000000e+000  9.999999e-001  0.000000e+000
    outer loop
      vertex -1.047870e+001  3.000000e+000 -6.572437e+000
      vertex -2.223463e+001  3.000000e+000 -9.347759e+000
      vertex -2.188886e+001  3.000000e+000 -9.162939e+000
    endloop
  endfacet
  facet normal  0.000000e+000  1.000000e+000  0.000000e+000
    outer loop
      vertex -1.047870e+001  3.000000e+000 -6.572437e+000
      vertex -2.188886e+001  3.000000e+000 -9.162939e+000
      vertex -2.158579e+001  3.000000e+000 -8.914213e+000
    endloop
  endfacet
  facet normal  0.000000e+000  1.000000e+000  0.000000e+000
    outer loop
      vertex -1.047870e+001  3.000000e+000 -6.572437e+000
      vertex -2.158579e+001  3.000000e+000 -8.914213e+000
      vertex -2.133706e+001  3.000000e+000 -8.611140e+000
    endloop
  endfacet
  facet normal  0.000000e+000  1.000000e+000  0.000000e+000
    outer loop
      vertex -1.047870e+001  3.000000e+000 -6.572437e+000
      vertex -2.133706e+001  3.000000e+000 -8.611140e+000
      vertex -2.115224e+001  3.000000e+000 -8.265367e+000
    endloop
  endfacet
  facet normal  0.000000e+000  9.999999e-001  0.000000e+000
    outer loop
      vertex -1.047870e+001  3.000000e+000 -6.572437e+000
      vertex -2.115224e+001  3.000000e+000 -8.265367e+000
      vertex -2.103843e+001  3.000000e+000 -7.890181e+000
    endloop
  endfacet
  facet normal  0.000000e+000  1.000000e+000  0.000000e+000
    outer loop
      vertex -1.047870e+001  3.000000e+000 -6.572437e+000
      vertex -2.103843e+001  3.000000e+000 -7.890181e+000
      vertex -2.100000e+001  3.000000e+000 -7.500000e+000
    endloop
  endfacet
  facet normal  0.000000e+000  1.000000e+000  -0.000000e+000
    outer loop
      vertex -1.047870e+001  3.000000e+000 -6.572437e+000
      vertex -2.100000e+001  3.000000e+000 -7.500000e+000
      vertex -2.103843e+001  3.000000e+000 -7.109819e+000
    endloop
  endfacet
  facet normal  0.000000e+000  1.000000e+000  -0.000000e+000
    outer loop
      vertex -1.047870e+001  3.000000e+000 -6.572437e+000
      vertex -2.103843e+001  3.000000e+000 -7.109819e+000
      vertex -2.115224e+001  3.000000e+000 -6.734633e+000
    endloop
  endfacet
  facet normal  0.000000e+000  1.000000e+000  -0.000000e+000
    outer loop
      vertex -1.047870e+001  3.000000e+000 -6.572437e+000
      vertex -2.115224e+001  3.000000e+000 -6.734633e+000
      vertex -2.133706e+001  3.000000e+000 -6.388860e+000
    endloop
  endfacet
  facet normal  -0.000000e+000  9.999999e-001  -0.000000e+000
    outer loop
      vertex -1.047870e+001  3.000000e+000 -6.572437e+000
      vertex -2.133706e+001  3.000000e+000 -6.388860e+000
      vertex -2.158579e+001  3.000000e+000 -6.085786e+000
    endloop
  endfacet
  facet normal  -0.000000e+000  1.000000e+000  -0.000000e+000
    outer loop
      vertex -1.047870e+001  3.000000e+000 -6.572437e+000
      vertex -2.158579e+001  3.000000e+000 -6.085786e+000
      vertex -2.188886e+001  3.000000e+000 -5.837061e+000
    endloop
  endfacet
  facet normal  -0.000000e+000  1.000000e+000  -0.000000e+000
    outer loop
      vertex -1.047870e+001  3.000000e+000 -6.572437e+000
      vertex -2.188886e+001  3.000000e+000 -5.837061e+000
      vertex -2.223463e+001  3.000000e+000 -5.652241e+000
    endloop
  endfacet
  facet normal  -0.000000e+000  9.999999e-001  -0.000000e+000
    outer loop
      vertex -1.047870e+001  3.000000e+000 -6.572437e+000
      vertex -2.223463e+001  3.000000e+000 -5.652241e+000
      vertex -2.260982e+001  3.000000e+000 -5.538429e+000
    endloop
  endfacet
  facet normal  0.000000e+000  1.000000e+000  0.000000e+000
    outer loop
      vertex -1.233882e+001  3.000000e+000 -8.680577e-001
      vertex -1.047870e+001  3.000000e+000 -6.572437e+000
      vertex -2.260982e+001  3.000000e+000 -5.538429e+000
    endloop
  endfacet
  facet normal  0.000000e+000  1.000000e+000  -0.000000e+000
    outer loop
      vertex -1.233882e+001  3.000000e+000 -8.680577e-001
      vertex -2.260982e+001  3.000000e+000 -5.538429e+000
      vertex -2.300000e+001  3.000000e+000 -5.500000e+000
    endloop
  endfacet
  facet normal  0.000000e+000  1.000000e+000  -0.000000e+000
    outer loop
      vertex -1.233882e+001  3.000000e+000 -8.680577e-001
      vertex -2.300000e+001  3.000000e+000 -5.500000e+000
      vertex -2.339018e+001  3.000000e+000 -5.538429e+000
    endloop
  endfacet
  facet normal  0.000000e+000  1.000000e+000  -0.000000e+000
    outer loop
      vertex -1.233882e+001  3.000000e+000 -8.680577e-001
      vertex -2.339018e+001  3.000000e+000 -5.538429e+000
      vertex -2.347678e+001  3.000000e+000 -4.500000e+000
    endloop
  endfacet
  facet normal  0.000000e+000  1.000000e+000  0.000000e+000
    outer loop
      vertex -2.252913e+001  3.000000e+000 -1.046282e+001
      vertex -2.300000e+001  3.000000e+000 -1.050000e+001
      vertex -2.206994e+001  3.000000e+000 -1.035219e+001
    endloop
  endfacet
  facet normal  0.000000e+000  1.000000e+000  0.000000e+000
    outer loop
      vertex -2.206994e+001  3.000000e+000 -1.035219e+001
      vertex -2.300000e+001  3.000000e+000 -1.050000e+001
      vertex -2.260982e+001  3.000000e+000 -9.461571e+000
    endloop
  endfacet
  facet normal  -0.000000e+000  1.000000e+000  0.000000e+000
    outer loop
      vertex -2.206994e+001  3.000000e+000 -1.035219e+001
      vertex -2.260982e+001  3.000000e+000 -9.461571e+000
      vertex -2.223463e+001  3.000000e+000 -9.347759e+000
    endloop
  endfacet
  facet normal -9.507298e-001  0.000000e+000 -3.100206e-001
    outer loop
      vertex -1.047870e+001  3.000000e+000 -6.572437e+000
      vertex -1.233882e+001  3.000000e+000 -8.680577e-001
      vertex -1.047870e+001  6.500000e+000 -6.572437e+000
    endloop
  endfacet
  facet normal -9.507298e-001  0.000000e+000 -3.100206e-001
    outer loop
      vertex -1.047870e+001  6.500000e+000 -6.572437e+000
      vertex -1.233882e+001  3.000000e+000 -8.680577e-001
      vertex -1.233882e+001  6.500000e+000 -8.680577e-001
    endloop
  endfacet
  facet normal  0.000000e+000  1.000000e+000  0.000000e+000
    outer loop
      vertex -4.300000e+001  1.600000e+001 -4.500000e+000
      vertex -6.800000e+001  1.600000e+001 -1.850000e+001
      vertex -6.800000e+001  1.600000e+001 -1.150000e+001
    endloop
  endfacet
  facet normal  0.000000e+000  1.000000e+000  -0.000000e+000
    outer loop
      vertex -3.500000e+001  1.600000e+001 -4.500000e+000
      vertex -3.500000e+001  1.600000e+001 -1.250000e+001
      vertex -4.300000e+001  1.600000e+001 -4.500000e+000
    endloop
  endfacet
  facet normal  0.000000e+000  1.000000e+000  0.000000e+000
    outer loop
      vertex -4.300000e+001  1.600000e+001 -4.500000e+000
      vertex -3.500000e+001  1.600000e+001 -1.250000e+001
      vertex -3.600000e+001  1.600000e+001 -1.350000e+001
    endloop
  endfacet
  facet normal  0.000000e+000  1.000000e+000  0.000000e+000
    outer loop
      vertex -4.300000e+001  1.600000e+001 -4.500000e+000
      vertex -3.600000e+001  1.600000e+001 -1.350000e+001
      vertex -6.800000e+001  1.600000e+001 -1.850000e+001
    endloop
  endfacet
  facet normal  0.000000e+000  1.000000e+000  0.000000e+000
    outer loop
      vertex -6.800000e+001  1.600000e+001 -1.850000e+001
      vertex -3.600000e+001  1.600000e+001 -1.350000e+001
      vertex -3.600000e+001  1.600000e+001 -1.850000e+001
    endloop
  endfacet
  facet normal  7.071068e-001  7.071068e-001  -0.000000e+000
    outer loop
      vertex -3.300000e+001  1.400000e+001 -4.500000e+000
      vertex -3.300000e+001  1.400000e+001 -1.050000e+001
      vertex -3.500000e+001  1.600000e+001 -4.500000e+000
    endloop
  endfacet
  facet normal  7.071068e-001  7.071068e-001  0.000000e+000
    outer loop
      vertex -3.500000e+001  1.600000e+001 -4.500000e+000
      vertex -3.300000e+001  1.400000e+001 -1.050000e+001
      vertex -3.500000e+001  1.600000e+001 -1.250000e+001
    endloop
  endfacet
  facet normal  0.000000e+000  -0.000000e+000  1.000000e+000
    outer loop
      vertex -3.500000e+001  1.600000e+001 -4.500000e+000
      vertex -3.300000e+001  1.000000e+001 -4.500000e+000
      vertex -3.300000e+001  1.400000e+001 -4.500000e+000
    endloop
  endfacet
  facet normal  0.000000e+000  0.000000e+000  1.000000e+000
    outer loop
      vertex -3.500000e+001 -6.000000e+000 -4.500000e+000
      vertex -3.300000e+001 -4.000000e+000 -4.500000e+000
      vertex -4.300000e+001 -6.000000e+000 -4.500000e+000
    endloop
  endfacet
  facet normal  0.000000e+000  -0.000000e+000  1.000000e+000
    outer loop
      vertex -3.300000e+001  0.000000e+000 -4.500000e+000
      vertex -2.347678e+001  0.000000e+000 -4.500000e+000
      vertex -2.347678e+001  3.000000e+000 -4.500000e+000
    endloop
  endfacet
  facet normal  0.000000e+000  0.000000e+000  1.000000e+000
    outer loop
      vertex -3.300000e+001  0.000000e+000 -4.500000e+000
      vertex -2.347678e+001  3.000000e+000 -4.500000e+000
      vertex -2.693184e+001  3.000000e+000 -4.500000e+000
    endloop
  endfacet
  facet normal  0.000000e+000  -0.000000e+000  1.000000e+000
    outer loop
      vertex -3.300000e+001  0.000000e+000 -4.500000e+000
      vertex -2.693184e+001  3.000000e+000 -4.500000e+000
      vertex -2.693184e+001  6.500000e+000 -4.500000e+000
    endloop
  endfacet
  facet normal  0.000000e+000  0.000000e+000  1.000000e+000
    outer loop
      vertex -3.300000e+001  0.000000e+000 -4.500000e+000
      vertex -2.693184e+001  6.500000e+000 -4.500000e+000
      vertex -3.300000e+001  1.000000e+001 -4.500000e+000
    endloop
  endfacet
  facet normal  0.000000e+000  0.000000e+000  1.000000e+000
    outer loop
      vertex -3.300000e+001  0.000000e+000 -4.500000e+000
      vertex -3.300000e+001  1.000000e+001 -4.500000e+000
      vertex -3.500000e+001  1.600000e+001 -4.500000e+000
    endloop
  endfacet
  facet normal  0.000000e+000  0.000000e+000  1.000000e+000
    outer loop
      vertex -3.300000e+001  0.000000e+000 -4.500000e+000
      vertex -3.500000e+001  1.600000e+001 -4.500000e+000
      vertex -4.300000e+001  1.600000e+001 -4.500000e+000
    endloop
  endfacet
  facet normal  0.000000e+000  0.000000e+000  9.999999e-001
    outer loop
      vertex -3.300000e+001  0.000000e+000 -4.500000e+000
      vertex -4.300000e+001  1.600000e+001 -4.500000e+000
      vertex -4.300000e+001 -6.000000e+000 -4.500000e+000
    endloop
  endfacet
  facet normal  0.000000e+000  0.000000e+000  1.000000e+000
    outer loop
      vertex -3.300000e+001  0.000000e+000 -4.500000e+000
      vertex -4.300000e+001 -6.000000e+000 -4.500000e+000
      vertex -3.300000e+001 -4.000000e+000 -4.500000e+000
    endloop
  endfacet
  facet normal  0.000000e+000  0.000000e+000  1.000000e+000
    outer loop
      vertex -2.693184e+001  6.500000e+000 -4.500000e+000
      vertex -2.347678e+001  6.500000e+000 -4.500000e+000
      vertex -3.300000e+001  1.000000e+001 -4.500000e+000
    endloop
  endfacet
  facet normal  -0.000000e+000  0.000000e+000  1.000000e+000
    outer loop
      vertex -3.300000e+001  1.000000e+001 -4.500000e+000
      vertex -2.347678e+001  6.500000e+000 -4.500000e+000
      vertex -2.347678e+001  1.000000e+001 -4.500000e+000
    endloop
  endfacet
  facet normal  0.000000e+000 -1.000000e+000  0.000000e+000
    outer loop
      vertex -4.300000e+001 -6.000000e+000 -4.500000e+000
      vertex -6.800000e+001 -6.000000e+000 -1.150000e+001
      vertex -6.800000e+001 -6.000000e+000 -1.850000e+001
    endloop
  endfacet
  facet normal  0.000000e+000 -1.000000e+000  0.000000e+000
    outer loop
      vertex -4.300000e+001 -6.000000e+000 -4.500000e+000
      vertex -6.800000e+001 -6.000000e+000 -1.850000e+001
      vertex -3.600000e+001 -6.000000e+000 -1.850000e+001
    endloop
  endfacet
  facet normal  0.000000e+000 -1.000000e+000  0.000000e+000
    outer loop
      vertex -4.300000e+001 -6.000000e+000 -4.500000e+000
      vertex -3.600000e+001 -6.000000e+000 -1.850000e+001
      vertex -3.600000e+001 -6.000000e+000 -1.350000e+001
    endloop
  endfacet
  facet normal  0.000000e+000 -1.000000e+000  0.000000e+000
    outer loop
      vertex -4.300000e+001 -6.000000e+000 -4.500000e+000
      vertex -3.600000e+001 -6.000000e+000 -1.350000e+001
      vertex -3.500000e+001 -6.000000e+000 -1.250000e+001
    endloop
  endfacet
  facet normal  0.000000e+000 -1.000000e+000  0.000000e+000
    outer loop
      vertex -4.300000e+001 -6.000000e+000 -4.500000e+000
      vertex -3.500000e+001 -6.000000e+000 -1.250000e+001
      vertex -3.500000e+001 -6.000000e+000 -4.500000e+000
    endloop
  endfacet
  facet normal  7.071068e-001 -7.071068e-001  0.000000e+000
    outer loop
      vertex -3.500000e+001 -6.000000e+000 -4.500000e+000
      vertex -3.500000e+001 -6.000000e+000 -1.250000e+001
      vertex -3.300000e+001 -4.000000e+000 -4.500000e+000
    endloop
  endfacet
  facet normal  7.071068e-001 -7.071068e-001  0.000000e+000
    outer loop
      vertex -3.300000e+001 -4.000000e+000 -4.500000e+000
      vertex -3.500000e+001 -6.000000e+000 -1.250000e+001
      vertex -3.300000e+001 -4.000000e+000 -1.050000e+001
    endloop
  endfacet
  facet normal  0.000000e+000  0.000000e+000 -1.000000e+000
    outer loop
      vertex -3.600000e+001 -6.000000e+000 -1.850000e+001
      vertex -6.800000e+001 -6.000000e+000 -1.850000e+001
      vertex -3.600000e+001  1.600000e+001 -1.850000e+001
    endloop
  endfacet
  facet normal  -0.000000e+000  0.000000e+000 -1.000000e+000
    outer loop
      vertex -3.600000e+001  1.600000e+001 -1.850000e+001
      vertex -6.800000e+001 -6.000000e+000 -1.850000e+001
      vertex -6.800000e+001  1.600000e+001 -1.850000e+001
    endloop
  endfacet
  facet normal  9.999999e-001  -0.000000e+000  0.000000e+000
    outer loop
      vertex -3.600000e+001  1.600000e+001 -1.350000e+001
      vertex -3.600000e+001 -6.000000e+000 -1.350000e+001
      vertex -3.600000e+001  1.600000e+001 -1.850000e+001
    endloop
  endfacet
  facet normal  9.999999e-001  0.000000e+000  0.000000e+000
    outer loop
      vertex -3.600000e+001  1.600000e+001 -1.850000e+001
      vertex -3.600000e+001 -6.000000e+000 -1.350000e+001
      vertex -3.600000e+001 -6.000000e+000 -1.850000e+001
    endloop
  endfacet
endsolid CATIA STL
