solid CATIA STL
  facet normal  0.000000e+000  1.000000e+000  -0.000000e+000
    outer loop
      vertex -5.000000e+001  9.000000e+000 -2.950000e+001
      vertex -5.076537e+001  9.000000e+000 -4.065224e+001
      vertex -5.111114e+001  9.000000e+000 -4.083706e+001
    endloop
  endfacet
  facet normal  0.000000e+000  1.000000e+000  -0.000000e+000
    outer loop
      vertex -5.000000e+001  9.000000e+000 -2.950000e+001
      vertex -5.039018e+001  9.000000e+000 -4.053843e+001
      vertex -5.076537e+001  9.000000e+000 -4.065224e+001
    endloop
  endfacet
  facet normal  0.000000e+000  1.000000e+000  -0.000000e+000
    outer loop
      vertex -5.000000e+001  9.000000e+000 -2.950000e+001
      vertex -5.000000e+001  9.000000e+000 -4.050000e+001
      vertex -5.039018e+001  9.000000e+000 -4.053843e+001
    endloop
  endfacet
  facet normal  0.000000e+000  1.000000e+000  0.000000e+000
    outer loop
      vertex -4.960982e+001  9.000000e+000 -4.053843e+001
      vertex -5.000000e+001  9.000000e+000 -2.950000e+001
      vertex -4.923463e+001  9.000000e+000 -4.065224e+001
    endloop
  endfacet
  facet normal  0.000000e+000  1.000000e+000  0.000000e+000
    outer loop
      vertex -5.000000e+001  9.000000e+000 -4.050000e+001
      vertex -5.000000e+001  9.000000e+000 -2.950000e+001
      vertex -4.960982e+001  9.000000e+000 -4.053843e+001
    endloop
  endfacet
  facet normal  0.000000e+000  1.000000e+000  -0.000000e+000
    outer loop
      vertex -2.884776e+001  9.000000e+000 -4.923463e+001
      vertex -2.896157e+001  9.000000e+000 -4.960982e+001
      vertex -4.750000e+001  9.000000e+000 -4.950000e+001
    endloop
  endfacet
  facet normal  0.000000e+000  1.000000e+000  -0.000000e+000
    outer loop
      vertex -1.000000e+001  9.000000e+000 -4.450000e+001
      vertex -1.000000e+001  9.000000e+000 -5.710406e+001
      vertex -2.588886e+001  9.000000e+000 -4.833706e+001
    endloop
  endfacet
  facet normal  0.000000e+000  1.000000e+000  -0.000000e+000
    outer loop
      vertex -1.000000e+001  9.000000e+000 -4.450000e+001
      vertex -2.588886e+001  9.000000e+000 -4.833706e+001
      vertex -2.623463e+001  9.000000e+000 -4.815224e+001
    endloop
  endfacet
  facet normal  0.000000e+000  9.999999e-001  -0.000000e+000
    outer loop
      vertex -1.000000e+001  9.000000e+000 -4.450000e+001
      vertex -2.623463e+001  9.000000e+000 -4.815224e+001
      vertex -2.660982e+001  9.000000e+000 -4.803843e+001
    endloop
  endfacet
  facet normal  0.000000e+000  1.000000e+000  -0.000000e+000
    outer loop
      vertex -1.000000e+001  9.000000e+000 -4.450000e+001
      vertex -2.660982e+001  9.000000e+000 -4.803843e+001
      vertex -2.700000e+001  9.000000e+000 -4.800000e+001
    endloop
  endfacet
  facet normal  0.000000e+000  1.000000e+000  0.000000e+000
    outer loop
      vertex -1.000000e+001  9.000000e+000 -4.450000e+001
      vertex -2.700000e+001  9.000000e+000 -4.800000e+001
      vertex -1.000000e+001  9.000000e+000 -2.550000e+001
    endloop
  endfacet
  facet normal  0.000000e+000  1.000000e+000  0.000000e+000
    outer loop
      vertex -5.700000e+001  9.000000e+000 -4.450000e+001
      vertex -5.196157e+001  9.000000e+000 -2.710982e+001
      vertex -5.200000e+001  9.000000e+000 -2.750000e+001
    endloop
  endfacet
  facet normal  0.000000e+000  1.000000e+000  0.000000e+000
    outer loop
      vertex -5.700000e+001  9.000000e+000 -4.450000e+001
      vertex -5.200000e+001  9.000000e+000 -2.750000e+001
      vertex -5.196157e+001  9.000000e+000 -2.789018e+001
    endloop
  endfacet
  facet normal  0.000000e+000  1.000000e+000  0.000000e+000
    outer loop
      vertex -5.700000e+001  9.000000e+000 -4.450000e+001
      vertex -5.196157e+001  9.000000e+000 -2.789018e+001
      vertex -5.184776e+001  9.000000e+000 -2.826537e+001
    endloop
  endfacet
  facet normal  0.000000e+000  1.000000e+000  0.000000e+000
    outer loop
      vertex -5.700000e+001  9.000000e+000 -4.450000e+001
      vertex -5.184776e+001  9.000000e+000 -2.826537e+001
      vertex -5.166294e+001  9.000000e+000 -2.861114e+001
    endloop
  endfacet
  facet normal  0.000000e+000  1.000000e+000  0.000000e+000
    outer loop
      vertex -5.700000e+001  9.000000e+000 -4.450000e+001
      vertex -5.166294e+001  9.000000e+000 -2.861114e+001
      vertex -5.141422e+001  9.000000e+000 -2.891421e+001
    endloop
  endfacet
  facet normal  0.000000e+000  1.000000e+000  0.000000e+000
    outer loop
      vertex -5.700000e+001  9.000000e+000 -4.450000e+001
      vertex -5.141422e+001  9.000000e+000 -2.891421e+001
      vertex -5.111114e+001  9.000000e+000 -2.916294e+001
    endloop
  endfacet
  facet normal  0.000000e+000  1.000000e+000  0.000000e+000
    outer loop
      vertex -5.700000e+001  9.000000e+000 -4.450000e+001
      vertex -5.111114e+001  9.000000e+000 -2.916294e+001
      vertex -5.076537e+001  9.000000e+000 -2.934776e+001
    endloop
  endfacet
  facet normal  0.000000e+000  1.000000e+000  0.000000e+000
    outer loop
      vertex -5.700000e+001  9.000000e+000 -4.450000e+001
      vertex -5.076537e+001  9.000000e+000 -2.934776e+001
      vertex -5.039018e+001  9.000000e+000 -2.946157e+001
    endloop
  endfacet
  facet normal  0.000000e+000  1.000000e+000  0.000000e+000
    outer loop
      vertex -5.700000e+001  9.000000e+000 -4.450000e+001
      vertex -5.039018e+001  9.000000e+000 -2.946157e+001
      vertex -5.000000e+001  9.000000e+000 -2.950000e+001
    endloop
  endfacet
  facet normal  0.000000e+000  1.000000e+000  0.000000e+000
    outer loop
      vertex -5.700000e+001  9.000000e+000 -4.450000e+001
      vertex -5.000000e+001  9.000000e+000 -2.950000e+001
      vertex -5.111114e+001  9.000000e+000 -4.083706e+001
    endloop
  endfacet
  facet normal  0.000000e+000  1.000000e+000  0.000000e+000
    outer loop
      vertex -5.700000e+001  9.000000e+000 -4.450000e+001
      vertex -5.111114e+001  9.000000e+000 -4.083706e+001
      vertex -5.141422e+001  9.000000e+000 -4.108578e+001
    endloop
  endfacet
  facet normal  0.000000e+000  9.999999e-001  0.000000e+000
    outer loop
      vertex -5.700000e+001  9.000000e+000 -4.450000e+001
      vertex -5.141422e+001  9.000000e+000 -4.108578e+001
      vertex -5.166294e+001  9.000000e+000 -4.138886e+001
    endloop
  endfacet
  facet normal  0.000000e+000  1.000000e+000  0.000000e+000
    outer loop
      vertex -5.700000e+001  9.000000e+000 -4.450000e+001
      vertex -5.166294e+001  9.000000e+000 -4.138886e+001
      vertex -5.184776e+001  9.000000e+000 -4.173463e+001
    endloop
  endfacet
  facet normal  0.000000e+000  1.000000e+000  0.000000e+000
    outer loop
      vertex -5.700000e+001  9.000000e+000 -4.450000e+001
      vertex -5.184776e+001  9.000000e+000 -4.173463e+001
      vertex -5.196157e+001  9.000000e+000 -4.210982e+001
    endloop
  endfacet
  facet normal  0.000000e+000  1.000000e+000  0.000000e+000
    outer loop
      vertex -5.700000e+001  9.000000e+000 -4.450000e+001
      vertex -5.196157e+001  9.000000e+000 -4.210982e+001
      vertex -5.200000e+001  9.000000e+000 -4.250000e+001
    endloop
  endfacet
  facet normal  0.000000e+000  1.000000e+000  0.000000e+000
    outer loop
      vertex -5.700000e+001  9.000000e+000 -4.450000e+001
      vertex -5.200000e+001  9.000000e+000 -4.250000e+001
      vertex -5.196157e+001  9.000000e+000 -4.289018e+001
    endloop
  endfacet
  facet normal  0.000000e+000  1.000000e+000  0.000000e+000
    outer loop
      vertex -5.700000e+001  9.000000e+000 -4.450000e+001
      vertex -5.196157e+001  9.000000e+000 -4.289018e+001
      vertex -5.184776e+001  9.000000e+000 -4.326537e+001
    endloop
  endfacet
  facet normal  0.000000e+000  1.000000e+000  0.000000e+000
    outer loop
      vertex -5.700000e+001  9.000000e+000 -4.450000e+001
      vertex -5.184776e+001  9.000000e+000 -4.326537e+001
      vertex -5.166294e+001  9.000000e+000 -4.361114e+001
    endloop
  endfacet
  facet normal  0.000000e+000  9.999999e-001  0.000000e+000
    outer loop
      vertex -5.700000e+001  9.000000e+000 -4.450000e+001
      vertex -5.166294e+001  9.000000e+000 -4.361114e+001
      vertex -5.141422e+001  9.000000e+000 -4.391422e+001
    endloop
  endfacet
  facet normal  0.000000e+000  1.000000e+000  0.000000e+000
    outer loop
      vertex -5.700000e+001  9.000000e+000 -4.450000e+001
      vertex -5.141422e+001  9.000000e+000 -4.391422e+001
      vertex -5.111114e+001  9.000000e+000 -4.416294e+001
    endloop
  endfacet
  facet normal  0.000000e+000  1.000000e+000  0.000000e+000
    outer loop
      vertex -5.700000e+001  9.000000e+000 -4.450000e+001
      vertex -5.111114e+001  9.000000e+000 -4.416294e+001
      vertex -5.076537e+001  9.000000e+000 -4.434776e+001
    endloop
  endfacet
  facet normal  0.000000e+000  9.999999e-001  0.000000e+000
    outer loop
      vertex -5.700000e+001  9.000000e+000 -4.450000e+001
      vertex -5.076537e+001  9.000000e+000 -4.434776e+001
      vertex -5.039018e+001  9.000000e+000 -4.446157e+001
    endloop
  endfacet
  facet normal  0.000000e+000  1.000000e+000  0.000000e+000
    outer loop
      vertex -5.700000e+001  9.000000e+000 -4.450000e+001
      vertex -5.039018e+001  9.000000e+000 -4.446157e+001
      vertex -5.000000e+001  9.000000e+000 -4.450000e+001
    endloop
  endfacet
  facet normal  0.000000e+000  1.000000e+000  0.000000e+000
    outer loop
      vertex -5.700000e+001  9.000000e+000 -4.450000e+001
      vertex -5.000000e+001  9.000000e+000 -4.450000e+001
      vertex -5.200000e+001  9.000000e+000 -4.950000e+001
    endloop
  endfacet
  facet normal  0.000000e+000  1.000000e+000  0.000000e+000
    outer loop
      vertex -4.677848e+001  9.000000e+000 -2.550000e+001
      vertex -1.000000e+001  9.000000e+000 -2.550000e+001
      vertex -2.700000e+001  9.000000e+000 -4.800000e+001
    endloop
  endfacet
  facet normal  0.000000e+000  9.999999e-001  0.000000e+000
    outer loop
      vertex -4.677848e+001  9.000000e+000 -2.550000e+001
      vertex -2.700000e+001  9.000000e+000 -4.800000e+001
      vertex -4.858578e+001  9.000000e+000 -2.608579e+001
    endloop
  endfacet
  facet normal  0.000000e+000  1.000000e+000  -0.000000e+000
    outer loop
      vertex -4.677848e+001  9.000000e+000 -2.550000e+001
      vertex -4.858578e+001  9.000000e+000 -2.608579e+001
      vertex -4.888886e+001  9.000000e+000 -2.583706e+001
    endloop
  endfacet
  facet normal  0.000000e+000  1.000000e+000  -0.000000e+000
    outer loop
      vertex -4.677848e+001  9.000000e+000 -2.550000e+001
      vertex -4.888886e+001  9.000000e+000 -2.583706e+001
      vertex -4.923463e+001  9.000000e+000 -2.565224e+001
    endloop
  endfacet
  facet normal  0.000000e+000  9.999999e-001  -0.000000e+000
    outer loop
      vertex -4.677848e+001  9.000000e+000 -2.550000e+001
      vertex -4.923463e+001  9.000000e+000 -2.565224e+001
      vertex -4.960982e+001  9.000000e+000 -2.553843e+001
    endloop
  endfacet
  facet normal  0.000000e+000  9.999999e-001  -0.000000e+000
    outer loop
      vertex -4.677848e+001  9.000000e+000 -2.550000e+001
      vertex -4.960982e+001  9.000000e+000 -2.553843e+001
      vertex -5.000000e+001  9.000000e+000 -2.550000e+001
    endloop
  endfacet
  facet normal  0.000000e+000  1.000000e+000  0.000000e+000
    outer loop
      vertex -4.677848e+001  9.000000e+000 -2.550000e+001
      vertex -5.000000e+001  9.000000e+000 -2.550000e+001
      vertex -4.677848e+001  9.000000e+000 -2.050000e+001
    endloop
  endfacet
  facet normal  0.000000e+000  1.000000e+000  0.000000e+000
    outer loop
      vertex -5.000000e+001  9.000000e+000 -4.450000e+001
      vertex -2.700000e+001  9.000000e+000 -4.800000e+001
      vertex -2.739018e+001  9.000000e+000 -4.803843e+001
    endloop
  endfacet
  facet normal  0.000000e+000  1.000000e+000  0.000000e+000
    outer loop
      vertex -5.000000e+001  9.000000e+000 -4.450000e+001
      vertex -2.739018e+001  9.000000e+000 -4.803843e+001
      vertex -2.776537e+001  9.000000e+000 -4.815224e+001
    endloop
  endfacet
  facet normal  0.000000e+000  1.000000e+000  0.000000e+000
    outer loop
      vertex -5.000000e+001  9.000000e+000 -4.450000e+001
      vertex -2.776537e+001  9.000000e+000 -4.815224e+001
      vertex -2.811114e+001  9.000000e+000 -4.833706e+001
    endloop
  endfacet
  facet normal  0.000000e+000  1.000000e+000  0.000000e+000
    outer loop
      vertex -5.000000e+001  9.000000e+000 -4.450000e+001
      vertex -2.811114e+001  9.000000e+000 -4.833706e+001
      vertex -2.841421e+001  9.000000e+000 -4.858578e+001
    endloop
  endfacet
  facet normal  0.000000e+000  1.000000e+000  0.000000e+000
    outer loop
      vertex -5.000000e+001  9.000000e+000 -4.450000e+001
      vertex -2.841421e+001  9.000000e+000 -4.858578e+001
      vertex -2.866294e+001  9.000000e+000 -4.888886e+001
    endloop
  endfacet
  facet normal  0.000000e+000  1.000000e+000  0.000000e+000
    outer loop
      vertex -5.000000e+001  9.000000e+000 -4.450000e+001
      vertex -2.866294e+001  9.000000e+000 -4.888886e+001
      vertex -2.884776e+001  9.000000e+000 -4.923463e+001
    endloop
  endfacet
  facet normal  0.000000e+000  1.000000e+000  0.000000e+000
    outer loop
      vertex -5.000000e+001  9.000000e+000 -4.450000e+001
      vertex -2.884776e+001  9.000000e+000 -4.923463e+001
      vertex -4.750000e+001  9.000000e+000 -4.950000e+001
    endloop
  endfacet
  facet normal  0.000000e+000  1.000000e+000  0.000000e+000
    outer loop
      vertex -5.000000e+001  9.000000e+000 -4.450000e+001
      vertex -4.750000e+001  9.000000e+000 -4.950000e+001
      vertex -5.200000e+001  9.000000e+000 -4.950000e+001
    endloop
  endfacet
  facet normal  -0.000000e+000  1.000000e+000  0.000000e+000
    outer loop
      vertex -5.700000e+001  9.000000e+000 -2.550000e+001
      vertex -5.200000e+001  9.000000e+000 -2.050000e+001
      vertex -4.677848e+001  9.000000e+000 -2.050000e+001
    endloop
  endfacet
  facet normal  0.000000e+000  1.000000e+000  0.000000e+000
    outer loop
      vertex -5.700000e+001  9.000000e+000 -2.550000e+001
      vertex -4.677848e+001  9.000000e+000 -2.050000e+001
      vertex -5.000000e+001  9.000000e+000 -2.550000e+001
    endloop
  endfacet
  facet normal  0.000000e+000  1.000000e+000  0.000000e+000
    outer loop
      vertex -5.700000e+001  9.000000e+000 -2.550000e+001
      vertex -5.000000e+001  9.000000e+000 -2.550000e+001
      vertex -5.039018e+001  9.000000e+000 -2.553843e+001
    endloop
  endfacet
  facet normal  0.000000e+000  9.999999e-001  0.000000e+000
    outer loop
      vertex -5.700000e+001  9.000000e+000 -2.550000e+001
      vertex -5.039018e+001  9.000000e+000 -2.553843e+001
      vertex -5.076537e+001  9.000000e+000 -2.565224e+001
    endloop
  endfacet
  facet normal  0.000000e+000  1.000000e+000  0.000000e+000
    outer loop
      vertex -5.700000e+001  9.000000e+000 -2.550000e+001
      vertex -5.076537e+001  9.000000e+000 -2.565224e+001
      vertex -5.111114e+001  9.000000e+000 -2.583706e+001
    endloop
  endfacet
  facet normal  0.000000e+000  1.000000e+000  0.000000e+000
    outer loop
      vertex -5.700000e+001  9.000000e+000 -2.550000e+001
      vertex -5.111114e+001  9.000000e+000 -2.583706e+001
      vertex -5.141422e+001  9.000000e+000 -2.608579e+001
    endloop
  endfacet
  facet normal  0.000000e+000  1.000000e+000  0.000000e+000
    outer loop
      vertex -5.700000e+001  9.000000e+000 -2.550000e+001
      vertex -5.141422e+001  9.000000e+000 -2.608579e+001
      vertex -5.166294e+001  9.000000e+000 -2.638886e+001
    endloop
  endfacet
  facet normal  0.000000e+000  1.000000e+000  0.000000e+000
    outer loop
      vertex -5.700000e+001  9.000000e+000 -2.550000e+001
      vertex -5.166294e+001  9.000000e+000 -2.638886e+001
      vertex -5.184776e+001  9.000000e+000 -2.673463e+001
    endloop
  endfacet
  facet normal  0.000000e+000  1.000000e+000  0.000000e+000
    outer loop
      vertex -5.700000e+001  9.000000e+000 -2.550000e+001
      vertex -5.184776e+001  9.000000e+000 -2.673463e+001
      vertex -5.196157e+001  9.000000e+000 -2.710982e+001
    endloop
  endfacet
  facet normal  0.000000e+000  9.999999e-001  0.000000e+000
    outer loop
      vertex -5.700000e+001  9.000000e+000 -2.550000e+001
      vertex -5.196157e+001  9.000000e+000 -2.710982e+001
      vertex -5.700000e+001  9.000000e+000 -4.450000e+001
    endloop
  endfacet
  facet normal  -0.000000e+000  1.000000e+000  0.000000e+000
    outer loop
      vertex -2.700000e+001  9.000000e+000 -4.800000e+001
      vertex -5.000000e+001  9.000000e+000 -4.450000e+001
      vertex -4.960982e+001  9.000000e+000 -4.446157e+001
    endloop
  endfacet
  facet normal  -0.000000e+000  1.000000e+000  0.000000e+000
    outer loop
      vertex -2.700000e+001  9.000000e+000 -4.800000e+001
      vertex -4.960982e+001  9.000000e+000 -4.446157e+001
      vertex -4.923463e+001  9.000000e+000 -4.434776e+001
    endloop
  endfacet
  facet normal  -0.000000e+000  9.999999e-001  0.000000e+000
    outer loop
      vertex -2.700000e+001  9.000000e+000 -4.800000e+001
      vertex -4.923463e+001  9.000000e+000 -4.434776e+001
      vertex -4.888886e+001  9.000000e+000 -4.416294e+001
    endloop
  endfacet
  facet normal  -0.000000e+000  1.000000e+000  0.000000e+000
    outer loop
      vertex -2.700000e+001  9.000000e+000 -4.800000e+001
      vertex -4.888886e+001  9.000000e+000 -4.416294e+001
      vertex -4.858578e+001  9.000000e+000 -4.391422e+001
    endloop
  endfacet
  facet normal  -0.000000e+000  9.999999e-001  0.000000e+000
    outer loop
      vertex -2.700000e+001  9.000000e+000 -4.800000e+001
      vertex -4.858578e+001  9.000000e+000 -4.391422e+001
      vertex -4.833706e+001  9.000000e+000 -4.361114e+001
    endloop
  endfacet
  facet normal  -0.000000e+000  1.000000e+000  0.000000e+000
    outer loop
      vertex -2.700000e+001  9.000000e+000 -4.800000e+001
      vertex -4.833706e+001  9.000000e+000 -4.361114e+001
      vertex -4.815224e+001  9.000000e+000 -4.326537e+001
    endloop
  endfacet
  facet normal  -0.000000e+000  1.000000e+000  0.000000e+000
    outer loop
      vertex -2.700000e+001  9.000000e+000 -4.800000e+001
      vertex -4.815224e+001  9.000000e+000 -4.326537e+001
      vertex -4.803843e+001  9.000000e+000 -4.289018e+001
    endloop
  endfacet
  facet normal  -0.000000e+000  1.000000e+000  0.000000e+000
    outer loop
      vertex -2.700000e+001  9.000000e+000 -4.800000e+001
      vertex -4.803843e+001  9.000000e+000 -4.289018e+001
      vertex -4.800000e+001  9.000000e+000 -4.250000e+001
    endloop
  endfacet
  facet normal  -0.000000e+000  9.999999e-001  -0.000000e+000
    outer loop
      vertex -2.700000e+001  9.000000e+000 -4.800000e+001
      vertex -4.800000e+001  9.000000e+000 -4.250000e+001
      vertex -4.803843e+001  9.000000e+000 -4.210982e+001
    endloop
  endfacet
  facet normal  -0.000000e+000  1.000000e+000  -0.000000e+000
    outer loop
      vertex -2.700000e+001  9.000000e+000 -4.800000e+001
      vertex -4.803843e+001  9.000000e+000 -4.210982e+001
      vertex -4.815224e+001  9.000000e+000 -4.173463e+001
    endloop
  endfacet
  facet normal  -0.000000e+000  1.000000e+000  -0.000000e+000
    outer loop
      vertex -2.700000e+001  9.000000e+000 -4.800000e+001
      vertex -4.815224e+001  9.000000e+000 -4.173463e+001
      vertex -4.833706e+001  9.000000e+000 -4.138886e+001
    endloop
  endfacet
  facet normal  -0.000000e+000  1.000000e+000  -0.000000e+000
    outer loop
      vertex -2.700000e+001  9.000000e+000 -4.800000e+001
      vertex -4.833706e+001  9.000000e+000 -4.138886e+001
      vertex -4.858578e+001  9.000000e+000 -4.108578e+001
    endloop
  endfacet
  facet normal  -0.000000e+000  1.000000e+000  -0.000000e+000
    outer loop
      vertex -2.700000e+001  9.000000e+000 -4.800000e+001
      vertex -4.858578e+001  9.000000e+000 -4.108578e+001
      vertex -4.888886e+001  9.000000e+000 -4.083706e+001
    endloop
  endfacet
  facet normal  -0.000000e+000  1.000000e+000  -0.000000e+000
    outer loop
      vertex -2.700000e+001  9.000000e+000 -4.800000e+001
      vertex -4.888886e+001  9.000000e+000 -4.083706e+001
      vertex -4.923463e+001  9.000000e+000 -4.065224e+001
    endloop
  endfacet
  facet normal  -0.000000e+000  1.000000e+000  -0.000000e+000
    outer loop
      vertex -2.700000e+001  9.000000e+000 -4.800000e+001
      vertex -4.923463e+001  9.000000e+000 -4.065224e+001
      vertex -5.000000e+001  9.000000e+000 -2.950000e+001
    endloop
  endfacet
  facet normal  -0.000000e+000  1.000000e+000  0.000000e+000
    outer loop
      vertex -2.700000e+001  9.000000e+000 -4.800000e+001
      vertex -5.000000e+001  9.000000e+000 -2.950000e+001
      vertex -4.960982e+001  9.000000e+000 -2.946157e+001
    endloop
  endfacet
  facet normal  -0.000000e+000  1.000000e+000  0.000000e+000
    outer loop
      vertex -2.700000e+001  9.000000e+000 -4.800000e+001
      vertex -4.960982e+001  9.000000e+000 -2.946157e+001
      vertex -4.923463e+001  9.000000e+000 -2.934776e+001
    endloop
  endfacet
  facet normal  -0.000000e+000  1.000000e+000  0.000000e+000
    outer loop
      vertex -2.700000e+001  9.000000e+000 -4.800000e+001
      vertex -4.923463e+001  9.000000e+000 -2.934776e+001
      vertex -4.888886e+001  9.000000e+000 -2.916294e+001
    endloop
  endfacet
  facet normal  -0.000000e+000  1.000000e+000  0.000000e+000
    outer loop
      vertex -2.700000e+001  9.000000e+000 -4.800000e+001
      vertex -4.888886e+001  9.000000e+000 -2.916294e+001
      vertex -4.858578e+001  9.000000e+000 -2.891421e+001
    endloop
  endfacet
  facet normal  -0.000000e+000  1.000000e+000  0.000000e+000
    outer loop
      vertex -2.700000e+001  9.000000e+000 -4.800000e+001
      vertex -4.858578e+001  9.000000e+000 -2.891421e+001
      vertex -4.833706e+001  9.000000e+000 -2.861114e+001
    endloop
  endfacet
  facet normal  -0.000000e+000  1.000000e+000  0.000000e+000
    outer loop
      vertex -2.700000e+001  9.000000e+000 -4.800000e+001
      vertex -4.833706e+001  9.000000e+000 -2.861114e+001
      vertex -4.815224e+001  9.000000e+000 -2.826537e+001
    endloop
  endfacet
  facet normal  -0.000000e+000  1.000000e+000  0.000000e+000
    outer loop
      vertex -2.700000e+001  9.000000e+000 -4.800000e+001
      vertex -4.815224e+001  9.000000e+000 -2.826537e+001
      vertex -4.803843e+001  9.000000e+000 -2.789018e+001
    endloop
  endfacet
  facet normal  -0.000000e+000  1.000000e+000  0.000000e+000
    outer loop
      vertex -2.700000e+001  9.000000e+000 -4.800000e+001
      vertex -4.803843e+001  9.000000e+000 -2.789018e+001
      vertex -4.800000e+001  9.000000e+000 -2.750000e+001
    endloop
  endfacet
  facet normal  -0.000000e+000  9.999999e-001  -0.000000e+000
    outer loop
      vertex -2.700000e+001  9.000000e+000 -4.800000e+001
      vertex -4.800000e+001  9.000000e+000 -2.750000e+001
      vertex -4.803843e+001  9.000000e+000 -2.710982e+001
    endloop
  endfacet
  facet normal  -0.000000e+000  1.000000e+000  -0.000000e+000
    outer loop
      vertex -2.700000e+001  9.000000e+000 -4.800000e+001
      vertex -4.803843e+001  9.000000e+000 -2.710982e+001
      vertex -4.815224e+001  9.000000e+000 -2.673463e+001
    endloop
  endfacet
  facet normal  -0.000000e+000  9.999999e-001  -0.000000e+000
    outer loop
      vertex -2.700000e+001  9.000000e+000 -4.800000e+001
      vertex -4.815224e+001  9.000000e+000 -2.673463e+001
      vertex -4.833706e+001  9.000000e+000 -2.638886e+001
    endloop
  endfacet
  facet normal  -0.000000e+000  1.000000e+000  -0.000000e+000
    outer loop
      vertex -2.700000e+001  9.000000e+000 -4.800000e+001
      vertex -4.833706e+001  9.000000e+000 -2.638886e+001
      vertex -4.858578e+001  9.000000e+000 -2.608579e+001
    endloop
  endfacet
  facet normal  0.000000e+000  1.000000e+000  0.000000e+000
    outer loop
      vertex -3.989594e+001  9.000000e+000 -5.710406e+001
      vertex -4.750000e+001  9.000000e+000 -4.950000e+001
      vertex -2.896157e+001  9.000000e+000 -4.960982e+001
    endloop
  endfacet
  facet normal  0.000000e+000  9.999999e-001  0.000000e+000
    outer loop
      vertex -3.989594e+001  9.000000e+000 -5.710406e+001
      vertex -2.896157e+001  9.000000e+000 -4.960982e+001
      vertex -2.900000e+001  9.000000e+000 -5.000000e+001
    endloop
  endfacet
  facet normal  0.000000e+000  1.000000e+000  0.000000e+000
    outer loop
      vertex -3.989594e+001  9.000000e+000 -5.710406e+001
      vertex -2.900000e+001  9.000000e+000 -5.000000e+001
      vertex -2.896157e+001  9.000000e+000 -5.039018e+001
    endloop
  endfacet
  facet normal  0.000000e+000  1.000000e+000  0.000000e+000
    outer loop
      vertex -3.989594e+001  9.000000e+000 -5.710406e+001
      vertex -2.896157e+001  9.000000e+000 -5.039018e+001
      vertex -2.884776e+001  9.000000e+000 -5.076537e+001
    endloop
  endfacet
  facet normal  0.000000e+000  1.000000e+000  0.000000e+000
    outer loop
      vertex -3.989594e+001  9.000000e+000 -5.710406e+001
      vertex -2.884776e+001  9.000000e+000 -5.076537e+001
      vertex -2.866294e+001  9.000000e+000 -5.111114e+001
    endloop
  endfacet
  facet normal  0.000000e+000  1.000000e+000  0.000000e+000
    outer loop
      vertex -3.989594e+001  9.000000e+000 -5.710406e+001
      vertex -2.866294e+001  9.000000e+000 -5.111114e+001
      vertex -2.841421e+001  9.000000e+000 -5.141422e+001
    endloop
  endfacet
  facet normal  0.000000e+000  1.000000e+000  0.000000e+000
    outer loop
      vertex -3.989594e+001  9.000000e+000 -5.710406e+001
      vertex -2.841421e+001  9.000000e+000 -5.141422e+001
      vertex -2.811114e+001  9.000000e+000 -5.166294e+001
    endloop
  endfacet
  facet normal  0.000000e+000  1.000000e+000  0.000000e+000
    outer loop
      vertex -3.989594e+001  9.000000e+000 -5.710406e+001
      vertex -2.811114e+001  9.000000e+000 -5.166294e+001
      vertex -2.776537e+001  9.000000e+000 -5.184776e+001
    endloop
  endfacet
  facet normal  0.000000e+000  1.000000e+000  0.000000e+000
    outer loop
      vertex -3.989594e+001  9.000000e+000 -5.710406e+001
      vertex -2.776537e+001  9.000000e+000 -5.184776e+001
      vertex -2.739018e+001  9.000000e+000 -5.196157e+001
    endloop
  endfacet
  facet normal  0.000000e+000  1.000000e+000  0.000000e+000
    outer loop
      vertex -3.989594e+001  9.000000e+000 -5.710406e+001
      vertex -2.739018e+001  9.000000e+000 -5.196157e+001
      vertex -2.700000e+001  9.000000e+000 -5.200000e+001
    endloop
  endfacet
  facet normal  0.000000e+000  9.999999e-001  0.000000e+000
    outer loop
      vertex -3.989594e+001  9.000000e+000 -5.710406e+001
      vertex -2.700000e+001  9.000000e+000 -5.200000e+001
      vertex -1.000000e+001  9.000000e+000 -5.710406e+001
    endloop
  endfacet
  facet normal  -0.000000e+000  9.999999e-001  0.000000e+000
    outer loop
      vertex -1.000000e+001  9.000000e+000 -5.710406e+001
      vertex -2.700000e+001  9.000000e+000 -5.200000e+001
      vertex -2.660982e+001  9.000000e+000 -5.196157e+001
    endloop
  endfacet
  facet normal  -0.000000e+000  9.999999e-001  0.000000e+000
    outer loop
      vertex -1.000000e+001  9.000000e+000 -5.710406e+001
      vertex -2.660982e+001  9.000000e+000 -5.196157e+001
      vertex -2.623463e+001  9.000000e+000 -5.184776e+001
    endloop
  endfacet
  facet normal  -0.000000e+000  1.000000e+000  0.000000e+000
    outer loop
      vertex -1.000000e+001  9.000000e+000 -5.710406e+001
      vertex -2.623463e+001  9.000000e+000 -5.184776e+001
      vertex -2.588886e+001  9.000000e+000 -5.166294e+001
    endloop
  endfacet
  facet normal  -0.000000e+000  1.000000e+000  0.000000e+000
    outer loop
      vertex -1.000000e+001  9.000000e+000 -5.710406e+001
      vertex -2.588886e+001  9.000000e+000 -5.166294e+001
      vertex -2.558579e+001  9.000000e+000 -5.141422e+001
    endloop
  endfacet
  facet normal  -0.000000e+000  1.000000e+000  0.000000e+000
    outer loop
      vertex -1.000000e+001  9.000000e+000 -5.710406e+001
      vertex -2.558579e+001  9.000000e+000 -5.141422e+001
      vertex -2.533706e+001  9.000000e+000 -5.111114e+001
    endloop
  endfacet
  facet normal  -0.000000e+000  1.000000e+000  0.000000e+000
    outer loop
      vertex -1.000000e+001  9.000000e+000 -5.710406e+001
      vertex -2.533706e+001  9.000000e+000 -5.111114e+001
      vertex -2.515224e+001  9.000000e+000 -5.076537e+001
    endloop
  endfacet
  facet normal  -0.000000e+000  1.000000e+000  0.000000e+000
    outer loop
      vertex -1.000000e+001  9.000000e+000 -5.710406e+001
      vertex -2.515224e+001  9.000000e+000 -5.076537e+001
      vertex -2.503843e+001  9.000000e+000 -5.039018e+001
    endloop
  endfacet
  facet normal  -0.000000e+000  1.000000e+000  0.000000e+000
    outer loop
      vertex -1.000000e+001  9.000000e+000 -5.710406e+001
      vertex -2.503843e+001  9.000000e+000 -5.039018e+001
      vertex -2.500000e+001  9.000000e+000 -5.000000e+001
    endloop
  endfacet
  facet normal  -0.000000e+000  1.000000e+000  -0.000000e+000
    outer loop
      vertex -1.000000e+001  9.000000e+000 -5.710406e+001
      vertex -2.500000e+001  9.000000e+000 -5.000000e+001
      vertex -2.503843e+001  9.000000e+000 -4.960982e+001
    endloop
  endfacet
  facet normal  -0.000000e+000  1.000000e+000  -0.000000e+000
    outer loop
      vertex -1.000000e+001  9.000000e+000 -5.710406e+001
      vertex -2.503843e+001  9.000000e+000 -4.960982e+001
      vertex -2.515224e+001  9.000000e+000 -4.923463e+001
    endloop
  endfacet
  facet normal  -0.000000e+000  1.000000e+000  -0.000000e+000
    outer loop
      vertex -1.000000e+001  9.000000e+000 -5.710406e+001
      vertex -2.515224e+001  9.000000e+000 -4.923463e+001
      vertex -2.533706e+001  9.000000e+000 -4.888886e+001
    endloop
  endfacet
  facet normal  -0.000000e+000  1.000000e+000  -0.000000e+000
    outer loop
      vertex -1.000000e+001  9.000000e+000 -5.710406e+001
      vertex -2.533706e+001  9.000000e+000 -4.888886e+001
      vertex -2.558579e+001  9.000000e+000 -4.858578e+001
    endloop
  endfacet
  facet normal  -0.000000e+000  9.999999e-001  -0.000000e+000
    outer loop
      vertex -1.000000e+001  9.000000e+000 -5.710406e+001
      vertex -2.558579e+001  9.000000e+000 -4.858578e+001
      vertex -2.588886e+001  9.000000e+000 -4.833706e+001
    endloop
  endfacet
  facet normal  9.951848e-001  0.000000e+000 -9.801622e-002
    outer loop
      vertex -2.900000e+001  6.000000e+000 -5.000000e+001
      vertex -2.896157e+001  0.000000e+000 -4.960982e+001
      vertex -2.900000e+001  0.000000e+000 -5.000000e+001
    endloop
  endfacet
  facet normal  9.801670e-002  0.000000e+000 -9.951848e-001
    outer loop
      vertex -2.700000e+001  9.000000e+000 -4.800000e+001
      vertex -2.739018e+001  0.000000e+000 -4.803843e+001
      vertex -2.739018e+001  9.000000e+000 -4.803843e+001
    endloop
  endfacet
  facet normal  2.902842e-001  0.000000e+000 -9.569405e-001
    outer loop
      vertex -2.739018e+001  9.000000e+000 -4.803843e+001
      vertex -2.739018e+001  0.000000e+000 -4.803843e+001
      vertex -2.776537e+001  0.000000e+000 -4.815224e+001
    endloop
  endfacet
  facet normal  2.902842e-001  0.000000e+000 -9.569405e-001
    outer loop
      vertex -2.739018e+001  9.000000e+000 -4.803843e+001
      vertex -2.776537e+001  0.000000e+000 -4.815224e+001
      vertex -2.776537e+001  9.000000e+000 -4.815224e+001
    endloop
  endfacet
  facet normal  4.713935e-001  0.000000e+000 -8.819230e-001
    outer loop
      vertex -2.776537e+001  9.000000e+000 -4.815224e+001
      vertex -2.776537e+001  0.000000e+000 -4.815224e+001
      vertex -2.811114e+001  0.000000e+000 -4.833706e+001
    endloop
  endfacet
  facet normal  4.713935e-001  0.000000e+000 -8.819230e-001
    outer loop
      vertex -2.776537e+001  9.000000e+000 -4.815224e+001
      vertex -2.811114e+001  0.000000e+000 -4.833706e+001
      vertex -2.811114e+001  9.000000e+000 -4.833706e+001
    endloop
  endfacet
  facet normal  6.343950e-001  0.000000e+000 -7.730089e-001
    outer loop
      vertex -2.811114e+001  9.000000e+000 -4.833706e+001
      vertex -2.811114e+001  0.000000e+000 -4.833706e+001
      vertex -2.841421e+001  0.000000e+000 -4.858578e+001
    endloop
  endfacet
  facet normal  6.343950e-001  0.000000e+000 -7.730089e-001
    outer loop
      vertex -2.811114e+001  9.000000e+000 -4.833706e+001
      vertex -2.841421e+001  0.000000e+000 -4.858578e+001
      vertex -2.841421e+001  9.000000e+000 -4.858578e+001
    endloop
  endfacet
  facet normal  7.730110e-001  0.000000e+000 -6.343927e-001
    outer loop
      vertex -2.841421e+001  9.000000e+000 -4.858578e+001
      vertex -2.841421e+001  0.000000e+000 -4.858578e+001
      vertex -2.866294e+001  0.000000e+000 -4.888886e+001
    endloop
  endfacet
  facet normal  7.730110e-001  0.000000e+000 -6.343927e-001
    outer loop
      vertex -2.841421e+001  9.000000e+000 -4.858578e+001
      vertex -2.866294e+001  0.000000e+000 -4.888886e+001
      vertex -2.866294e+001  9.000000e+000 -4.888886e+001
    endloop
  endfacet
  facet normal  8.819221e-001  0.000000e+000 -4.713953e-001
    outer loop
      vertex -2.866294e+001  9.000000e+000 -4.888886e+001
      vertex -2.866294e+001  0.000000e+000 -4.888886e+001
      vertex -2.884776e+001  0.000000e+000 -4.923463e+001
    endloop
  endfacet
  facet normal  8.819221e-001  0.000000e+000 -4.713953e-001
    outer loop
      vertex -2.866294e+001  9.000000e+000 -4.888886e+001
      vertex -2.884776e+001  0.000000e+000 -4.923463e+001
      vertex -2.884776e+001  9.000000e+000 -4.923463e+001
    endloop
  endfacet
  facet normal  9.569397e-001  0.000000e+000 -2.902869e-001
    outer loop
      vertex -2.884776e+001  9.000000e+000 -4.923463e+001
      vertex -2.884776e+001  0.000000e+000 -4.923463e+001
      vertex -2.896157e+001  0.000000e+000 -4.960982e+001
    endloop
  endfacet
  facet normal  9.569397e-001  0.000000e+000 -2.902869e-001
    outer loop
      vertex -2.884776e+001  9.000000e+000 -4.923463e+001
      vertex -2.896157e+001  0.000000e+000 -4.960982e+001
      vertex -2.896157e+001  9.000000e+000 -4.960982e+001
    endloop
  endfacet
  facet normal  9.951848e-001  0.000000e+000 -9.801622e-002
    outer loop
      vertex -2.896157e+001  9.000000e+000 -4.960982e+001
      vertex -2.896157e+001  0.000000e+000 -4.960982e+001
      vertex -2.900000e+001  6.000000e+000 -5.000000e+001
    endloop
  endfacet
  facet normal  9.951848e-001  0.000000e+000 -9.801622e-002
    outer loop
      vertex -2.896157e+001  9.000000e+000 -4.960982e+001
      vertex -2.900000e+001  6.000000e+000 -5.000000e+001
      vertex -2.900000e+001  9.000000e+000 -5.000000e+001
    endloop
  endfacet
  facet normal  9.801670e-002  0.000000e+000 -9.951848e-001
    outer loop
      vertex -2.739018e+001  0.000000e+000 -4.803843e+001
      vertex -2.700000e+001  9.000000e+000 -4.800000e+001
      vertex -2.700000e+001  0.000000e+000 -4.800000e+001
    endloop
  endfacet
  facet normal -9.801670e-002  0.000000e+000 -9.951848e-001
    outer loop
      vertex -2.700000e+001  0.000000e+000 -4.800000e+001
      vertex -2.700000e+001  9.000000e+000 -4.800000e+001
      vertex -2.660982e+001  9.000000e+000 -4.803843e+001
    endloop
  endfacet
  facet normal -9.801670e-002  -0.000000e+000 -9.951848e-001
    outer loop
      vertex -2.700000e+001  0.000000e+000 -4.800000e+001
      vertex -2.660982e+001  9.000000e+000 -4.803843e+001
      vertex -2.660982e+001  0.000000e+000 -4.803843e+001
    endloop
  endfacet
  facet normal -2.902842e-001  0.000000e+000 -9.569405e-001
    outer loop
      vertex -2.660982e+001  0.000000e+000 -4.803843e+001
      vertex -2.660982e+001  9.000000e+000 -4.803843e+001
      vertex -2.623463e+001  9.000000e+000 -4.815224e+001
    endloop
  endfacet
  facet normal -2.902842e-001  -0.000000e+000 -9.569405e-001
    outer loop
      vertex -2.660982e+001  0.000000e+000 -4.803843e+001
      vertex -2.623463e+001  9.000000e+000 -4.815224e+001
      vertex -2.623463e+001  0.000000e+000 -4.815224e+001
    endloop
  endfacet
  facet normal -4.713935e-001  0.000000e+000 -8.819230e-001
    outer loop
      vertex -2.623463e+001  0.000000e+000 -4.815224e+001
      vertex -2.623463e+001  9.000000e+000 -4.815224e+001
      vertex -2.588886e+001  9.000000e+000 -4.833706e+001
    endloop
  endfacet
  facet normal -4.713935e-001  -0.000000e+000 -8.819230e-001
    outer loop
      vertex -2.623463e+001  0.000000e+000 -4.815224e+001
      vertex -2.588886e+001  9.000000e+000 -4.833706e+001
      vertex -2.588886e+001  0.000000e+000 -4.833706e+001
    endloop
  endfacet
  facet normal -6.343950e-001  0.000000e+000 -7.730089e-001
    outer loop
      vertex -2.588886e+001  0.000000e+000 -4.833706e+001
      vertex -2.588886e+001  9.000000e+000 -4.833706e+001
      vertex -2.558579e+001  9.000000e+000 -4.858578e+001
    endloop
  endfacet
  facet normal -6.343950e-001  -0.000000e+000 -7.730089e-001
    outer loop
      vertex -2.588886e+001  0.000000e+000 -4.833706e+001
      vertex -2.558579e+001  9.000000e+000 -4.858578e+001
      vertex -2.558579e+001  0.000000e+000 -4.858578e+001
    endloop
  endfacet
  facet normal -7.730110e-001  0.000000e+000 -6.343927e-001
    outer loop
      vertex -2.558579e+001  0.000000e+000 -4.858578e+001
      vertex -2.558579e+001  9.000000e+000 -4.858578e+001
      vertex -2.533706e+001  9.000000e+000 -4.888886e+001
    endloop
  endfacet
  facet normal -7.730110e-001  -0.000000e+000 -6.343927e-001
    outer loop
      vertex -2.558579e+001  0.000000e+000 -4.858578e+001
      vertex -2.533706e+001  9.000000e+000 -4.888886e+001
      vertex -2.533706e+001  0.000000e+000 -4.888886e+001
    endloop
  endfacet
  facet normal -8.819221e-001  0.000000e+000 -4.713953e-001
    outer loop
      vertex -2.533706e+001  0.000000e+000 -4.888886e+001
      vertex -2.533706e+001  9.000000e+000 -4.888886e+001
      vertex -2.515224e+001  9.000000e+000 -4.923463e+001
    endloop
  endfacet
  facet normal -8.819221e-001  -0.000000e+000 -4.713953e-001
    outer loop
      vertex -2.533706e+001  0.000000e+000 -4.888886e+001
      vertex -2.515224e+001  9.000000e+000 -4.923463e+001
      vertex -2.515224e+001  0.000000e+000 -4.923463e+001
    endloop
  endfacet
  facet normal -9.569397e-001  0.000000e+000 -2.902869e-001
    outer loop
      vertex -2.515224e+001  0.000000e+000 -4.923463e+001
      vertex -2.515224e+001  9.000000e+000 -4.923463e+001
      vertex -2.503843e+001  9.000000e+000 -4.960982e+001
    endloop
  endfacet
  facet normal -9.569397e-001  -0.000000e+000 -2.902869e-001
    outer loop
      vertex -2.515224e+001  0.000000e+000 -4.923463e+001
      vertex -2.503843e+001  9.000000e+000 -4.960982e+001
      vertex -2.503843e+001  0.000000e+000 -4.960982e+001
    endloop
  endfacet
  facet normal -9.951848e-001  0.000000e+000 -9.801622e-002
    outer loop
      vertex -2.503843e+001  0.000000e+000 -4.960982e+001
      vertex -2.503843e+001  9.000000e+000 -4.960982e+001
      vertex -2.500000e+001  9.000000e+000 -5.000000e+001
    endloop
  endfacet
  facet normal -9.951848e-001  -0.000000e+000 -9.801622e-002
    outer loop
      vertex -2.503843e+001  0.000000e+000 -4.960982e+001
      vertex -2.500000e+001  9.000000e+000 -5.000000e+001
      vertex -2.500000e+001  0.000000e+000 -5.000000e+001
    endloop
  endfacet
  facet normal  9.951848e-001  0.000000e+000  9.801622e-002
    outer loop
      vertex -2.900000e+001  6.000000e+000 -5.000000e+001
      vertex -2.896157e+001  9.000000e+000 -5.039018e+001
      vertex -2.900000e+001  9.000000e+000 -5.000000e+001
    endloop
  endfacet
  facet normal -9.801670e-002  0.000000e+000  9.951848e-001
    outer loop
      vertex -2.700000e+001  9.000000e+000 -5.200000e+001
      vertex -2.660982e+001  0.000000e+000 -5.196157e+001
      vertex -2.660982e+001  9.000000e+000 -5.196157e+001
    endloop
  endfacet
  facet normal -2.902842e-001  0.000000e+000  9.569405e-001
    outer loop
      vertex -2.660982e+001  9.000000e+000 -5.196157e+001
      vertex -2.660982e+001  0.000000e+000 -5.196157e+001
      vertex -2.623463e+001  0.000000e+000 -5.184776e+001
    endloop
  endfacet
  facet normal -2.902842e-001  0.000000e+000  9.569405e-001
    outer loop
      vertex -2.660982e+001  9.000000e+000 -5.196157e+001
      vertex -2.623463e+001  0.000000e+000 -5.184776e+001
      vertex -2.623463e+001  9.000000e+000 -5.184776e+001
    endloop
  endfacet
  facet normal -4.713935e-001  0.000000e+000  8.819230e-001
    outer loop
      vertex -2.623463e+001  9.000000e+000 -5.184776e+001
      vertex -2.623463e+001  0.000000e+000 -5.184776e+001
      vertex -2.588886e+001  0.000000e+000 -5.166294e+001
    endloop
  endfacet
  facet normal -4.713935e-001  0.000000e+000  8.819230e-001
    outer loop
      vertex -2.623463e+001  9.000000e+000 -5.184776e+001
      vertex -2.588886e+001  0.000000e+000 -5.166294e+001
      vertex -2.588886e+001  9.000000e+000 -5.166294e+001
    endloop
  endfacet
  facet normal -6.343950e-001  0.000000e+000  7.730089e-001
    outer loop
      vertex -2.588886e+001  9.000000e+000 -5.166294e+001
      vertex -2.588886e+001  0.000000e+000 -5.166294e+001
      vertex -2.558579e+001  0.000000e+000 -5.141422e+001
    endloop
  endfacet
  facet normal -6.343950e-001  0.000000e+000  7.730089e-001
    outer loop
      vertex -2.588886e+001  9.000000e+000 -5.166294e+001
      vertex -2.558579e+001  0.000000e+000 -5.141422e+001
      vertex -2.558579e+001  9.000000e+000 -5.141422e+001
    endloop
  endfacet
  facet normal -7.730110e-001  0.000000e+000  6.343927e-001
    outer loop
      vertex -2.558579e+001  9.000000e+000 -5.141422e+001
      vertex -2.558579e+001  0.000000e+000 -5.141422e+001
      vertex -2.533706e+001  0.000000e+000 -5.111114e+001
    endloop
  endfacet
  facet normal -7.730110e-001  0.000000e+000  6.343927e-001
    outer loop
      vertex -2.558579e+001  9.000000e+000 -5.141422e+001
      vertex -2.533706e+001  0.000000e+000 -5.111114e+001
      vertex -2.533706e+001  9.000000e+000 -5.111114e+001
    endloop
  endfacet
  facet normal -8.819221e-001  0.000000e+000  4.713953e-001
    outer loop
      vertex -2.533706e+001  9.000000e+000 -5.111114e+001
      vertex -2.533706e+001  0.000000e+000 -5.111114e+001
      vertex -2.515224e+001  0.000000e+000 -5.076537e+001
    endloop
  endfacet
  facet normal -8.819221e-001  0.000000e+000  4.713953e-001
    outer loop
      vertex -2.533706e+001  9.000000e+000 -5.111114e+001
      vertex -2.515224e+001  0.000000e+000 -5.076537e+001
      vertex -2.515224e+001  9.000000e+000 -5.076537e+001
    endloop
  endfacet
  facet normal -9.569397e-001  0.000000e+000  2.902869e-001
    outer loop
      vertex -2.515224e+001  9.000000e+000 -5.076537e+001
      vertex -2.515224e+001  0.000000e+000 -5.076537e+001
      vertex -2.503843e+001  0.000000e+000 -5.039018e+001
    endloop
  endfacet
  facet normal -9.569397e-001  0.000000e+000  2.902869e-001
    outer loop
      vertex -2.515224e+001  9.000000e+000 -5.076537e+001
      vertex -2.503843e+001  0.000000e+000 -5.039018e+001
      vertex -2.503843e+001  9.000000e+000 -5.039018e+001
    endloop
  endfacet
  facet normal -9.951848e-001  0.000000e+000  9.801622e-002
    outer loop
      vertex -2.503843e+001  9.000000e+000 -5.039018e+001
      vertex -2.503843e+001  0.000000e+000 -5.039018e+001
      vertex -2.500000e+001  0.000000e+000 -5.000000e+001
    endloop
  endfacet
  facet normal -9.951848e-001  0.000000e+000  9.801622e-002
    outer loop
      vertex -2.503843e+001  9.000000e+000 -5.039018e+001
      vertex -2.500000e+001  0.000000e+000 -5.000000e+001
      vertex -2.500000e+001  9.000000e+000 -5.000000e+001
    endloop
  endfacet
  facet normal -9.801670e-002  0.000000e+000  9.951848e-001
    outer loop
      vertex -2.660982e+001  0.000000e+000 -5.196157e+001
      vertex -2.700000e+001  9.000000e+000 -5.200000e+001
      vertex -2.700000e+001  0.000000e+000 -5.200000e+001
    endloop
  endfacet
  facet normal  9.801670e-002  -0.000000e+000  9.951848e-001
    outer loop
      vertex -2.700000e+001  0.000000e+000 -5.200000e+001
      vertex -2.700000e+001  9.000000e+000 -5.200000e+001
      vertex -2.739018e+001  9.000000e+000 -5.196157e+001
    endloop
  endfacet
  facet normal  9.801670e-002  0.000000e+000  9.951848e-001
    outer loop
      vertex -2.700000e+001  0.000000e+000 -5.200000e+001
      vertex -2.739018e+001  9.000000e+000 -5.196157e+001
      vertex -2.739018e+001  0.000000e+000 -5.196157e+001
    endloop
  endfacet
  facet normal  2.902842e-001  -0.000000e+000  9.569405e-001
    outer loop
      vertex -2.739018e+001  0.000000e+000 -5.196157e+001
      vertex -2.739018e+001  9.000000e+000 -5.196157e+001
      vertex -2.776537e+001  9.000000e+000 -5.184776e+001
    endloop
  endfacet
  facet normal  2.902842e-001  0.000000e+000  9.569405e-001
    outer loop
      vertex -2.739018e+001  0.000000e+000 -5.196157e+001
      vertex -2.776537e+001  9.000000e+000 -5.184776e+001
      vertex -2.776537e+001  0.000000e+000 -5.184776e+001
    endloop
  endfacet
  facet normal  4.713935e-001  -0.000000e+000  8.819230e-001
    outer loop
      vertex -2.776537e+001  0.000000e+000 -5.184776e+001
      vertex -2.776537e+001  9.000000e+000 -5.184776e+001
      vertex -2.811114e+001  9.000000e+000 -5.166294e+001
    endloop
  endfacet
  facet normal  4.713935e-001  0.000000e+000  8.819230e-001
    outer loop
      vertex -2.776537e+001  0.000000e+000 -5.184776e+001
      vertex -2.811114e+001  9.000000e+000 -5.166294e+001
      vertex -2.811114e+001  0.000000e+000 -5.166294e+001
    endloop
  endfacet
  facet normal  6.343950e-001  -0.000000e+000  7.730089e-001
    outer loop
      vertex -2.811114e+001  0.000000e+000 -5.166294e+001
      vertex -2.811114e+001  9.000000e+000 -5.166294e+001
      vertex -2.841421e+001  9.000000e+000 -5.141422e+001
    endloop
  endfacet
  facet normal  6.343950e-001  0.000000e+000  7.730089e-001
    outer loop
      vertex -2.811114e+001  0.000000e+000 -5.166294e+001
      vertex -2.841421e+001  9.000000e+000 -5.141422e+001
      vertex -2.841421e+001  0.000000e+000 -5.141422e+001
    endloop
  endfacet
  facet normal  7.730110e-001  -0.000000e+000  6.343927e-001
    outer loop
      vertex -2.841421e+001  0.000000e+000 -5.141422e+001
      vertex -2.841421e+001  9.000000e+000 -5.141422e+001
      vertex -2.866294e+001  9.000000e+000 -5.111114e+001
    endloop
  endfacet
  facet normal  7.730110e-001  0.000000e+000  6.343927e-001
    outer loop
      vertex -2.841421e+001  0.000000e+000 -5.141422e+001
      vertex -2.866294e+001  9.000000e+000 -5.111114e+001
      vertex -2.866294e+001  0.000000e+000 -5.111114e+001
    endloop
  endfacet
  facet normal  8.819221e-001  -0.000000e+000  4.713953e-001
    outer loop
      vertex -2.866294e+001  0.000000e+000 -5.111114e+001
      vertex -2.866294e+001  9.000000e+000 -5.111114e+001
      vertex -2.884776e+001  9.000000e+000 -5.076537e+001
    endloop
  endfacet
  facet normal  8.819221e-001  0.000000e+000  4.713953e-001
    outer loop
      vertex -2.866294e+001  0.000000e+000 -5.111114e+001
      vertex -2.884776e+001  9.000000e+000 -5.076537e+001
      vertex -2.884776e+001  0.000000e+000 -5.076537e+001
    endloop
  endfacet
  facet normal  9.569397e-001  -0.000000e+000  2.902869e-001
    outer loop
      vertex -2.884776e+001  0.000000e+000 -5.076537e+001
      vertex -2.884776e+001  9.000000e+000 -5.076537e+001
      vertex -2.896157e+001  9.000000e+000 -5.039018e+001
    endloop
  endfacet
  facet normal  9.569397e-001  0.000000e+000  2.902869e-001
    outer loop
      vertex -2.884776e+001  0.000000e+000 -5.076537e+001
      vertex -2.896157e+001  9.000000e+000 -5.039018e+001
      vertex -2.896157e+001  0.000000e+000 -5.039018e+001
    endloop
  endfacet
  facet normal  9.951848e-001  -0.000000e+000  9.801622e-002
    outer loop
      vertex -2.896157e+001  0.000000e+000 -5.039018e+001
      vertex -2.896157e+001  9.000000e+000 -5.039018e+001
      vertex -2.900000e+001  6.000000e+000 -5.000000e+001
    endloop
  endfacet
  facet normal  9.951848e-001  0.000000e+000  9.801622e-002
    outer loop
      vertex -2.896157e+001  0.000000e+000 -5.039018e+001
      vertex -2.900000e+001  6.000000e+000 -5.000000e+001
      vertex -2.900000e+001  0.000000e+000 -5.000000e+001
    endloop
  endfacet
  facet normal  0.000000e+000 -1.000000e+000  0.000000e+000
    outer loop
      vertex -4.800000e+001  0.000000e+000 -2.750000e+001
      vertex -4.803843e+001  0.000000e+000 -2.789018e+001
      vertex -4.803843e+001  0.000000e+000 -4.210982e+001
    endloop
  endfacet
  facet normal  0.000000e+000 -1.000000e+000  0.000000e+000
    outer loop
      vertex -4.800000e+001  0.000000e+000 -2.750000e+001
      vertex -4.803843e+001  0.000000e+000 -4.210982e+001
      vertex -4.800000e+001  0.000000e+000 -4.250000e+001
    endloop
  endfacet
  facet normal  0.000000e+000 -1.000000e+000  0.000000e+000
    outer loop
      vertex -4.800000e+001  0.000000e+000 -2.750000e+001
      vertex -4.800000e+001  0.000000e+000 -4.250000e+001
      vertex -2.660982e+001  0.000000e+000 -4.803843e+001
    endloop
  endfacet
  facet normal  0.000000e+000 -1.000000e+000  0.000000e+000
    outer loop
      vertex -4.800000e+001  0.000000e+000 -2.750000e+001
      vertex -2.660982e+001  0.000000e+000 -4.803843e+001
      vertex -2.623463e+001  0.000000e+000 -4.815224e+001
    endloop
  endfacet
  facet normal  0.000000e+000 -1.000000e+000  0.000000e+000
    outer loop
      vertex -4.800000e+001  0.000000e+000 -2.750000e+001
      vertex -2.623463e+001  0.000000e+000 -4.815224e+001
      vertex -2.588886e+001  0.000000e+000 -4.833706e+001
    endloop
  endfacet
  facet normal  0.000000e+000 -1.000000e+000  0.000000e+000
    outer loop
      vertex -5.200000e+001  0.000000e+000 -4.950000e+001
      vertex -4.833706e+001  0.000000e+000 -4.361114e+001
      vertex -4.858578e+001  0.000000e+000 -4.391422e+001
    endloop
  endfacet
  facet normal  0.000000e+000 -9.999999e-001  0.000000e+000
    outer loop
      vertex -5.200000e+001  0.000000e+000 -4.950000e+001
      vertex -4.858578e+001  0.000000e+000 -4.391422e+001
      vertex -4.888886e+001  0.000000e+000 -4.416294e+001
    endloop
  endfacet
  facet normal  0.000000e+000 -1.000000e+000  0.000000e+000
    outer loop
      vertex -5.200000e+001  0.000000e+000 -4.950000e+001
      vertex -4.888886e+001  0.000000e+000 -4.416294e+001
      vertex -4.923463e+001  0.000000e+000 -4.434776e+001
    endloop
  endfacet
  facet normal  0.000000e+000 -1.000000e+000  0.000000e+000
    outer loop
      vertex -5.200000e+001  0.000000e+000 -4.950000e+001
      vertex -4.923463e+001  0.000000e+000 -4.434776e+001
      vertex -4.960982e+001  0.000000e+000 -4.446157e+001
    endloop
  endfacet
  facet normal  0.000000e+000 -1.000000e+000  0.000000e+000
    outer loop
      vertex -5.200000e+001  0.000000e+000 -4.950000e+001
      vertex -4.960982e+001  0.000000e+000 -4.446157e+001
      vertex -5.000000e+001  0.000000e+000 -4.450000e+001
    endloop
  endfacet
  facet normal  -0.000000e+000 -1.000000e+000  0.000000e+000
    outer loop
      vertex -5.200000e+001  0.000000e+000 -4.950000e+001
      vertex -5.000000e+001  0.000000e+000 -4.450000e+001
      vertex -5.039018e+001  0.000000e+000 -4.446157e+001
    endloop
  endfacet
  facet normal  -0.000000e+000 -1.000000e+000  0.000000e+000
    outer loop
      vertex -5.200000e+001  0.000000e+000 -4.950000e+001
      vertex -5.039018e+001  0.000000e+000 -4.446157e+001
      vertex -5.076537e+001  0.000000e+000 -4.434776e+001
    endloop
  endfacet
  facet normal  -0.000000e+000 -1.000000e+000  0.000000e+000
    outer loop
      vertex -5.200000e+001  0.000000e+000 -4.950000e+001
      vertex -5.076537e+001  0.000000e+000 -4.434776e+001
      vertex -5.111114e+001  0.000000e+000 -4.416294e+001
    endloop
  endfacet
  facet normal  -0.000000e+000 -9.999999e-001  0.000000e+000
    outer loop
      vertex -5.200000e+001  0.000000e+000 -4.950000e+001
      vertex -5.111114e+001  0.000000e+000 -4.416294e+001
      vertex -5.141422e+001  0.000000e+000 -4.391422e+001
    endloop
  endfacet
  facet normal  -0.000000e+000 -1.000000e+000  0.000000e+000
    outer loop
      vertex -5.200000e+001  0.000000e+000 -4.950000e+001
      vertex -5.141422e+001  0.000000e+000 -4.391422e+001
      vertex -5.166294e+001  0.000000e+000 -4.361114e+001
    endloop
  endfacet
  facet normal  -0.000000e+000 -1.000000e+000  0.000000e+000
    outer loop
      vertex -5.200000e+001  0.000000e+000 -4.950000e+001
      vertex -5.166294e+001  0.000000e+000 -4.361114e+001
      vertex -5.184776e+001  0.000000e+000 -4.326537e+001
    endloop
  endfacet
  facet normal  -0.000000e+000 -9.999999e-001  0.000000e+000
    outer loop
      vertex -5.200000e+001  0.000000e+000 -4.950000e+001
      vertex -5.184776e+001  0.000000e+000 -4.326537e+001
      vertex -5.196157e+001  0.000000e+000 -4.289018e+001
    endloop
  endfacet
  facet normal  -0.000000e+000 -1.000000e+000  0.000000e+000
    outer loop
      vertex -5.200000e+001  0.000000e+000 -4.950000e+001
      vertex -5.196157e+001  0.000000e+000 -4.289018e+001
      vertex -5.200000e+001  0.000000e+000 -4.250000e+001
    endloop
  endfacet
  facet normal  0.000000e+000 -1.000000e+000  -0.000000e+000
    outer loop
      vertex -5.200000e+001  0.000000e+000 -4.950000e+001
      vertex -5.200000e+001  0.000000e+000 -4.250000e+001
      vertex -5.700000e+001  0.000000e+000 -4.450000e+001
    endloop
  endfacet
  facet normal  0.000000e+000 -1.000000e+000  -0.000000e+000
    outer loop
      vertex -7.000000e+000  0.000000e+000 -6.000000e+001
      vertex -7.000000e+000  0.000000e+000 -1.000000e+001
      vertex -2.500000e+001  0.000000e+000 -2.000000e+001
    endloop
  endfacet
  facet normal  0.000000e+000 -1.000000e+000  -0.000000e+000
    outer loop
      vertex -7.000000e+000  0.000000e+000 -6.000000e+001
      vertex -2.500000e+001  0.000000e+000 -2.000000e+001
      vertex -2.503843e+001  0.000000e+000 -2.039018e+001
    endloop
  endfacet
  facet normal  0.000000e+000 -1.000000e+000  -0.000000e+000
    outer loop
      vertex -7.000000e+000  0.000000e+000 -6.000000e+001
      vertex -2.503843e+001  0.000000e+000 -2.039018e+001
      vertex -2.515224e+001  0.000000e+000 -2.076537e+001
    endloop
  endfacet
  facet normal  0.000000e+000 -1.000000e+000  -0.000000e+000
    outer loop
      vertex -7.000000e+000  0.000000e+000 -6.000000e+001
      vertex -2.515224e+001  0.000000e+000 -2.076537e+001
      vertex -2.533706e+001  0.000000e+000 -2.111114e+001
    endloop
  endfacet
  facet normal  0.000000e+000 -1.000000e+000  -0.000000e+000
    outer loop
      vertex -7.000000e+000  0.000000e+000 -6.000000e+001
      vertex -2.533706e+001  0.000000e+000 -2.111114e+001
      vertex -2.558579e+001  0.000000e+000 -2.141421e+001
    endloop
  endfacet
  facet normal  0.000000e+000 -1.000000e+000  -0.000000e+000
    outer loop
      vertex -7.000000e+000  0.000000e+000 -6.000000e+001
      vertex -2.558579e+001  0.000000e+000 -2.141421e+001
      vertex -2.588886e+001  0.000000e+000 -2.166294e+001
    endloop
  endfacet
  facet normal  0.000000e+000 -1.000000e+000  -0.000000e+000
    outer loop
      vertex -7.000000e+000  0.000000e+000 -6.000000e+001
      vertex -2.588886e+001  0.000000e+000 -2.166294e+001
      vertex -2.623463e+001  0.000000e+000 -2.184776e+001
    endloop
  endfacet
  facet normal  0.000000e+000 -1.000000e+000  -0.000000e+000
    outer loop
      vertex -7.000000e+000  0.000000e+000 -6.000000e+001
      vertex -2.623463e+001  0.000000e+000 -2.184776e+001
      vertex -2.660982e+001  0.000000e+000 -2.196157e+001
    endloop
  endfacet
  facet normal  0.000000e+000 -1.000000e+000  -0.000000e+000
    outer loop
      vertex -7.000000e+000  0.000000e+000 -6.000000e+001
      vertex -2.660982e+001  0.000000e+000 -2.196157e+001
      vertex -4.800000e+001  0.000000e+000 -2.750000e+001
    endloop
  endfacet
  facet normal  0.000000e+000 -1.000000e+000  0.000000e+000
    outer loop
      vertex -7.000000e+000  0.000000e+000 -6.000000e+001
      vertex -4.800000e+001  0.000000e+000 -2.750000e+001
      vertex -2.588886e+001  0.000000e+000 -4.833706e+001
    endloop
  endfacet
  facet normal  0.000000e+000 -1.000000e+000  0.000000e+000
    outer loop
      vertex -7.000000e+000  0.000000e+000 -6.000000e+001
      vertex -2.588886e+001  0.000000e+000 -4.833706e+001
      vertex -2.558579e+001  0.000000e+000 -4.858578e+001
    endloop
  endfacet
  facet normal  0.000000e+000 -1.000000e+000  0.000000e+000
    outer loop
      vertex -7.000000e+000  0.000000e+000 -6.000000e+001
      vertex -2.558579e+001  0.000000e+000 -4.858578e+001
      vertex -2.533706e+001  0.000000e+000 -4.888886e+001
    endloop
  endfacet
  facet normal  0.000000e+000 -1.000000e+000  0.000000e+000
    outer loop
      vertex -7.000000e+000  0.000000e+000 -6.000000e+001
      vertex -2.533706e+001  0.000000e+000 -4.888886e+001
      vertex -2.515224e+001  0.000000e+000 -4.923463e+001
    endloop
  endfacet
  facet normal  0.000000e+000 -1.000000e+000  0.000000e+000
    outer loop
      vertex -7.000000e+000  0.000000e+000 -6.000000e+001
      vertex -2.515224e+001  0.000000e+000 -4.923463e+001
      vertex -2.503843e+001  0.000000e+000 -4.960982e+001
    endloop
  endfacet
  facet normal  0.000000e+000 -1.000000e+000  0.000000e+000
    outer loop
      vertex -7.000000e+000  0.000000e+000 -6.000000e+001
      vertex -2.503843e+001  0.000000e+000 -4.960982e+001
      vertex -2.500000e+001  0.000000e+000 -5.000000e+001
    endloop
  endfacet
  facet normal  0.000000e+000 -1.000000e+000  0.000000e+000
    outer loop
      vertex -7.000000e+000  0.000000e+000 -6.000000e+001
      vertex -2.500000e+001  0.000000e+000 -5.000000e+001
      vertex -1.200000e+001  0.000000e+000 -6.500000e+001
    endloop
  endfacet
  facet normal  0.000000e+000 -1.000000e+000  0.000000e+000
    outer loop
      vertex -3.200000e+001  0.000000e+000 -6.500000e+001
      vertex -2.515224e+001  0.000000e+000 -5.076537e+001
      vertex -2.533706e+001  0.000000e+000 -5.111114e+001
    endloop
  endfacet
  facet normal  0.000000e+000 -1.000000e+000  0.000000e+000
    outer loop
      vertex -3.200000e+001  0.000000e+000 -6.500000e+001
      vertex -2.533706e+001  0.000000e+000 -5.111114e+001
      vertex -2.558579e+001  0.000000e+000 -5.141422e+001
    endloop
  endfacet
  facet normal  0.000000e+000 -1.000000e+000  0.000000e+000
    outer loop
      vertex -3.200000e+001  0.000000e+000 -6.500000e+001
      vertex -2.558579e+001  0.000000e+000 -5.141422e+001
      vertex -2.588886e+001  0.000000e+000 -5.166294e+001
    endloop
  endfacet
  facet normal  0.000000e+000 -1.000000e+000  0.000000e+000
    outer loop
      vertex -3.200000e+001  0.000000e+000 -6.500000e+001
      vertex -2.588886e+001  0.000000e+000 -5.166294e+001
      vertex -2.623463e+001  0.000000e+000 -5.184776e+001
    endloop
  endfacet
  facet normal  0.000000e+000 -1.000000e+000  0.000000e+000
    outer loop
      vertex -3.200000e+001  0.000000e+000 -6.500000e+001
      vertex -2.623463e+001  0.000000e+000 -5.184776e+001
      vertex -2.660982e+001  0.000000e+000 -5.196157e+001
    endloop
  endfacet
  facet normal  0.000000e+000 -1.000000e+000  0.000000e+000
    outer loop
      vertex -3.200000e+001  0.000000e+000 -6.500000e+001
      vertex -2.660982e+001  0.000000e+000 -5.196157e+001
      vertex -2.700000e+001  0.000000e+000 -5.200000e+001
    endloop
  endfacet
  facet normal  -0.000000e+000 -1.000000e+000  0.000000e+000
    outer loop
      vertex -3.200000e+001  0.000000e+000 -6.500000e+001
      vertex -2.700000e+001  0.000000e+000 -5.200000e+001
      vertex -2.739018e+001  0.000000e+000 -5.196157e+001
    endloop
  endfacet
  facet normal  -0.000000e+000 -1.000000e+000  0.000000e+000
    outer loop
      vertex -3.200000e+001  0.000000e+000 -6.500000e+001
      vertex -2.739018e+001  0.000000e+000 -5.196157e+001
      vertex -2.776537e+001  0.000000e+000 -5.184776e+001
    endloop
  endfacet
  facet normal  -0.000000e+000 -1.000000e+000  0.000000e+000
    outer loop
      vertex -3.200000e+001  0.000000e+000 -6.500000e+001
      vertex -2.776537e+001  0.000000e+000 -5.184776e+001
      vertex -2.811114e+001  0.000000e+000 -5.166294e+001
    endloop
  endfacet
  facet normal  -0.000000e+000 -1.000000e+000  0.000000e+000
    outer loop
      vertex -3.200000e+001  0.000000e+000 -6.500000e+001
      vertex -2.811114e+001  0.000000e+000 -5.166294e+001
      vertex -2.841421e+001  0.000000e+000 -5.141422e+001
    endloop
  endfacet
  facet normal  -0.000000e+000 -1.000000e+000  0.000000e+000
    outer loop
      vertex -3.200000e+001  0.000000e+000 -6.500000e+001
      vertex -2.841421e+001  0.000000e+000 -5.141422e+001
      vertex -2.866294e+001  0.000000e+000 -5.111114e+001
    endloop
  endfacet
  facet normal  -0.000000e+000 -9.999999e-001  0.000000e+000
    outer loop
      vertex -3.200000e+001  0.000000e+000 -6.500000e+001
      vertex -2.866294e+001  0.000000e+000 -5.111114e+001
      vertex -2.884776e+001  0.000000e+000 -5.076537e+001
    endloop
  endfacet
  facet normal  -0.000000e+000 -9.999999e-001  0.000000e+000
    outer loop
      vertex -3.200000e+001  0.000000e+000 -6.500000e+001
      vertex -2.884776e+001  0.000000e+000 -5.076537e+001
      vertex -2.896157e+001  0.000000e+000 -5.039018e+001
    endloop
  endfacet
  facet normal  -0.000000e+000 -9.999999e-001  0.000000e+000
    outer loop
      vertex -3.200000e+001  0.000000e+000 -6.500000e+001
      vertex -2.896157e+001  0.000000e+000 -5.039018e+001
      vertex -2.900000e+001  0.000000e+000 -5.000000e+001
    endloop
  endfacet
  facet normal  -0.000000e+000 -1.000000e+000  0.000000e+000
    outer loop
      vertex -3.200000e+001  0.000000e+000 -6.500000e+001
      vertex -2.900000e+001  0.000000e+000 -5.000000e+001
      vertex -4.800000e+001  0.000000e+000 -4.250000e+001
    endloop
  endfacet
  facet normal  0.000000e+000 -1.000000e+000  0.000000e+000
    outer loop
      vertex -3.200000e+001  0.000000e+000 -6.500000e+001
      vertex -4.800000e+001  0.000000e+000 -4.250000e+001
      vertex -4.750000e+001  0.000000e+000 -4.950000e+001
    endloop
  endfacet
  facet normal  0.000000e+000 -9.999999e-001  -0.000000e+000
    outer loop
      vertex -1.200000e+001  0.000000e+000 -6.500000e+001
      vertex -2.500000e+001  0.000000e+000 -5.000000e+001
      vertex -2.503843e+001  0.000000e+000 -5.039018e+001
    endloop
  endfacet
  facet normal  0.000000e+000 -1.000000e+000  -0.000000e+000
    outer loop
      vertex -1.200000e+001  0.000000e+000 -6.500000e+001
      vertex -2.503843e+001  0.000000e+000 -5.039018e+001
      vertex -2.515224e+001  0.000000e+000 -5.076537e+001
    endloop
  endfacet
  facet normal  0.000000e+000 -1.000000e+000  -0.000000e+000
    outer loop
      vertex -1.200000e+001  0.000000e+000 -6.500000e+001
      vertex -2.515224e+001  0.000000e+000 -5.076537e+001
      vertex -3.200000e+001  0.000000e+000 -6.500000e+001
    endloop
  endfacet
  facet normal  0.000000e+000 -1.000000e+000  0.000000e+000
    outer loop
      vertex -4.800000e+001  0.000000e+000 -4.250000e+001
      vertex -2.900000e+001  0.000000e+000 -5.000000e+001
      vertex -2.896157e+001  0.000000e+000 -4.960982e+001
    endloop
  endfacet
  facet normal  0.000000e+000 -1.000000e+000  0.000000e+000
    outer loop
      vertex -4.800000e+001  0.000000e+000 -4.250000e+001
      vertex -2.896157e+001  0.000000e+000 -4.960982e+001
      vertex -2.884776e+001  0.000000e+000 -4.923463e+001
    endloop
  endfacet
  facet normal  0.000000e+000 -1.000000e+000  0.000000e+000
    outer loop
      vertex -4.800000e+001  0.000000e+000 -4.250000e+001
      vertex -2.884776e+001  0.000000e+000 -4.923463e+001
      vertex -2.866294e+001  0.000000e+000 -4.888886e+001
    endloop
  endfacet
  facet normal  0.000000e+000 -9.999999e-001  0.000000e+000
    outer loop
      vertex -4.800000e+001  0.000000e+000 -4.250000e+001
      vertex -2.866294e+001  0.000000e+000 -4.888886e+001
      vertex -2.841421e+001  0.000000e+000 -4.858578e+001
    endloop
  endfacet
  facet normal  0.000000e+000 -1.000000e+000  0.000000e+000
    outer loop
      vertex -4.800000e+001  0.000000e+000 -4.250000e+001
      vertex -2.841421e+001  0.000000e+000 -4.858578e+001
      vertex -2.811114e+001  0.000000e+000 -4.833706e+001
    endloop
  endfacet
  facet normal  0.000000e+000 -1.000000e+000  0.000000e+000
    outer loop
      vertex -4.800000e+001  0.000000e+000 -4.250000e+001
      vertex -2.811114e+001  0.000000e+000 -4.833706e+001
      vertex -2.776537e+001  0.000000e+000 -4.815224e+001
    endloop
  endfacet
  facet normal  0.000000e+000 -1.000000e+000  0.000000e+000
    outer loop
      vertex -4.800000e+001  0.000000e+000 -4.250000e+001
      vertex -2.776537e+001  0.000000e+000 -4.815224e+001
      vertex -2.739018e+001  0.000000e+000 -4.803843e+001
    endloop
  endfacet
  facet normal  0.000000e+000 -1.000000e+000  0.000000e+000
    outer loop
      vertex -4.800000e+001  0.000000e+000 -4.250000e+001
      vertex -2.739018e+001  0.000000e+000 -4.803843e+001
      vertex -2.700000e+001  0.000000e+000 -4.800000e+001
    endloop
  endfacet
  facet normal  0.000000e+000 -1.000000e+000  0.000000e+000
    outer loop
      vertex -4.800000e+001  0.000000e+000 -4.250000e+001
      vertex -2.700000e+001  0.000000e+000 -4.800000e+001
      vertex -2.660982e+001  0.000000e+000 -4.803843e+001
    endloop
  endfacet
  facet normal  0.000000e+000 -1.000000e+000  -0.000000e+000
    outer loop
      vertex -4.750000e+001  0.000000e+000 -4.950000e+001
      vertex -4.800000e+001  0.000000e+000 -4.250000e+001
      vertex -4.803843e+001  0.000000e+000 -4.289018e+001
    endloop
  endfacet
  facet normal  0.000000e+000 -1.000000e+000  -0.000000e+000
    outer loop
      vertex -4.750000e+001  0.000000e+000 -4.950000e+001
      vertex -4.803843e+001  0.000000e+000 -4.289018e+001
      vertex -4.815224e+001  0.000000e+000 -4.326537e+001
    endloop
  endfacet
  facet normal  0.000000e+000 -1.000000e+000  -0.000000e+000
    outer loop
      vertex -4.750000e+001  0.000000e+000 -4.950000e+001
      vertex -4.815224e+001  0.000000e+000 -4.326537e+001
      vertex -4.833706e+001  0.000000e+000 -4.361114e+001
    endloop
  endfacet
  facet normal  0.000000e+000 -9.999999e-001  -0.000000e+000
    outer loop
      vertex -4.750000e+001  0.000000e+000 -4.950000e+001
      vertex -4.833706e+001  0.000000e+000 -4.361114e+001
      vertex -5.200000e+001  0.000000e+000 -4.950000e+001
    endloop
  endfacet
  facet normal  0.000000e+000 -1.000000e+000  0.000000e+000
    outer loop
      vertex -4.800000e+001  0.000000e+000 -2.750000e+001
      vertex -2.660982e+001  0.000000e+000 -2.196157e+001
      vertex -2.700000e+001  0.000000e+000 -2.200000e+001
    endloop
  endfacet
  facet normal  -0.000000e+000 -1.000000e+000  0.000000e+000
    outer loop
      vertex -4.800000e+001  0.000000e+000 -2.750000e+001
      vertex -2.700000e+001  0.000000e+000 -2.200000e+001
      vertex -2.739018e+001  0.000000e+000 -2.196157e+001
    endloop
  endfacet
  facet normal  -0.000000e+000 -1.000000e+000  0.000000e+000
    outer loop
      vertex -4.800000e+001  0.000000e+000 -2.750000e+001
      vertex -2.739018e+001  0.000000e+000 -2.196157e+001
      vertex -2.776537e+001  0.000000e+000 -2.184776e+001
    endloop
  endfacet
  facet normal  -0.000000e+000 -1.000000e+000  0.000000e+000
    outer loop
      vertex -4.800000e+001  0.000000e+000 -2.750000e+001
      vertex -2.776537e+001  0.000000e+000 -2.184776e+001
      vertex -2.811114e+001  0.000000e+000 -2.166294e+001
    endloop
  endfacet
  facet normal  -0.000000e+000 -9.999999e-001  0.000000e+000
    outer loop
      vertex -4.800000e+001  0.000000e+000 -2.750000e+001
      vertex -2.811114e+001  0.000000e+000 -2.166294e+001
      vertex -2.841421e+001  0.000000e+000 -2.141421e+001
    endloop
  endfacet
  facet normal  -0.000000e+000 -1.000000e+000  0.000000e+000
    outer loop
      vertex -4.800000e+001  0.000000e+000 -2.750000e+001
      vertex -2.841421e+001  0.000000e+000 -2.141421e+001
      vertex -2.866294e+001  0.000000e+000 -2.111114e+001
    endloop
  endfacet
  facet normal  -0.000000e+000 -9.999999e-001  0.000000e+000
    outer loop
      vertex -4.800000e+001  0.000000e+000 -2.750000e+001
      vertex -2.866294e+001  0.000000e+000 -2.111114e+001
      vertex -2.884776e+001  0.000000e+000 -2.076537e+001
    endloop
  endfacet
  facet normal  -0.000000e+000 -9.999999e-001  0.000000e+000
    outer loop
      vertex -4.800000e+001  0.000000e+000 -2.750000e+001
      vertex -2.884776e+001  0.000000e+000 -2.076537e+001
      vertex -2.896157e+001  0.000000e+000 -2.039018e+001
    endloop
  endfacet
  facet normal  -0.000000e+000 -1.000000e+000  0.000000e+000
    outer loop
      vertex -4.800000e+001  0.000000e+000 -2.750000e+001
      vertex -2.896157e+001  0.000000e+000 -2.039018e+001
      vertex -2.900000e+001  0.000000e+000 -2.000000e+001
    endloop
  endfacet
  facet normal  -0.000000e+000 -1.000000e+000  0.000000e+000
    outer loop
      vertex -4.800000e+001  0.000000e+000 -2.750000e+001
      vertex -2.900000e+001  0.000000e+000 -2.000000e+001
      vertex -3.200000e+001  0.000000e+000 -5.000000e+000
    endloop
  endfacet
  facet normal  0.000000e+000 -1.000000e+000  0.000000e+000
    outer loop
      vertex -4.800000e+001  0.000000e+000 -2.750000e+001
      vertex -3.200000e+001  0.000000e+000 -5.000000e+000
      vertex -4.750000e+001  0.000000e+000 -2.050000e+001
    endloop
  endfacet
  facet normal  0.000000e+000 -1.000000e+000  0.000000e+000
    outer loop
      vertex -4.800000e+001  0.000000e+000 -2.750000e+001
      vertex -4.750000e+001  0.000000e+000 -2.050000e+001
      vertex -4.803843e+001  0.000000e+000 -2.710982e+001
    endloop
  endfacet
  facet normal  0.000000e+000 -1.000000e+000  0.000000e+000
    outer loop
      vertex -5.200000e+001  0.000000e+000 -2.050000e+001
      vertex -5.700000e+001  0.000000e+000 -2.550000e+001
      vertex -5.700000e+001  0.000000e+000 -4.450000e+001
    endloop
  endfacet
  facet normal  0.000000e+000 -1.000000e+000  0.000000e+000
    outer loop
      vertex -5.200000e+001  0.000000e+000 -2.050000e+001
      vertex -5.700000e+001  0.000000e+000 -4.450000e+001
      vertex -5.200000e+001  0.000000e+000 -2.750000e+001
    endloop
  endfacet
  facet normal  0.000000e+000 -1.000000e+000  0.000000e+000
    outer loop
      vertex -5.200000e+001  0.000000e+000 -2.050000e+001
      vertex -5.200000e+001  0.000000e+000 -2.750000e+001
      vertex -5.196157e+001  0.000000e+000 -2.710982e+001
    endloop
  endfacet
  facet normal  0.000000e+000 -9.999999e-001  0.000000e+000
    outer loop
      vertex -5.200000e+001  0.000000e+000 -2.050000e+001
      vertex -5.196157e+001  0.000000e+000 -2.710982e+001
      vertex -5.184776e+001  0.000000e+000 -2.673463e+001
    endloop
  endfacet
  facet normal  0.000000e+000 -1.000000e+000  0.000000e+000
    outer loop
      vertex -5.200000e+001  0.000000e+000 -2.050000e+001
      vertex -5.184776e+001  0.000000e+000 -2.673463e+001
      vertex -5.166294e+001  0.000000e+000 -2.638886e+001
    endloop
  endfacet
  facet normal  0.000000e+000 -1.000000e+000  0.000000e+000
    outer loop
      vertex -5.200000e+001  0.000000e+000 -2.050000e+001
      vertex -5.166294e+001  0.000000e+000 -2.638886e+001
      vertex -5.141422e+001  0.000000e+000 -2.608579e+001
    endloop
  endfacet
  facet normal  0.000000e+000 -9.999999e-001  0.000000e+000
    outer loop
      vertex -5.200000e+001  0.000000e+000 -2.050000e+001
      vertex -5.141422e+001  0.000000e+000 -2.608579e+001
      vertex -5.111114e+001  0.000000e+000 -2.583706e+001
    endloop
  endfacet
  facet normal  0.000000e+000 -1.000000e+000  0.000000e+000
    outer loop
      vertex -5.200000e+001  0.000000e+000 -2.050000e+001
      vertex -5.111114e+001  0.000000e+000 -2.583706e+001
      vertex -5.076537e+001  0.000000e+000 -2.565224e+001
    endloop
  endfacet
  facet normal  0.000000e+000 -1.000000e+000  0.000000e+000
    outer loop
      vertex -5.200000e+001  0.000000e+000 -2.050000e+001
      vertex -5.076537e+001  0.000000e+000 -2.565224e+001
      vertex -5.039018e+001  0.000000e+000 -2.553843e+001
    endloop
  endfacet
  facet normal  0.000000e+000 -1.000000e+000  0.000000e+000
    outer loop
      vertex -5.200000e+001  0.000000e+000 -2.050000e+001
      vertex -5.039018e+001  0.000000e+000 -2.553843e+001
      vertex -5.000000e+001  0.000000e+000 -2.550000e+001
    endloop
  endfacet
  facet normal  0.000000e+000 -1.000000e+000  0.000000e+000
    outer loop
      vertex -5.200000e+001  0.000000e+000 -2.050000e+001
      vertex -5.000000e+001  0.000000e+000 -2.550000e+001
      vertex -4.960982e+001  0.000000e+000 -2.553843e+001
    endloop
  endfacet
  facet normal  0.000000e+000 -1.000000e+000  0.000000e+000
    outer loop
      vertex -5.200000e+001  0.000000e+000 -2.050000e+001
      vertex -4.960982e+001  0.000000e+000 -2.553843e+001
      vertex -4.923463e+001  0.000000e+000 -2.565224e+001
    endloop
  endfacet
  facet normal  0.000000e+000 -1.000000e+000  0.000000e+000
    outer loop
      vertex -5.200000e+001  0.000000e+000 -2.050000e+001
      vertex -4.923463e+001  0.000000e+000 -2.565224e+001
      vertex -4.888886e+001  0.000000e+000 -2.583706e+001
    endloop
  endfacet
  facet normal  0.000000e+000 -9.999999e-001  0.000000e+000
    outer loop
      vertex -5.200000e+001  0.000000e+000 -2.050000e+001
      vertex -4.888886e+001  0.000000e+000 -2.583706e+001
      vertex -4.858578e+001  0.000000e+000 -2.608579e+001
    endloop
  endfacet
  facet normal  0.000000e+000 -1.000000e+000  0.000000e+000
    outer loop
      vertex -5.200000e+001  0.000000e+000 -2.050000e+001
      vertex -4.858578e+001  0.000000e+000 -2.608579e+001
      vertex -4.833706e+001  0.000000e+000 -2.638886e+001
    endloop
  endfacet
  facet normal  0.000000e+000 -1.000000e+000  0.000000e+000
    outer loop
      vertex -4.750000e+001  0.000000e+000 -2.050000e+001
      vertex -5.200000e+001  0.000000e+000 -2.050000e+001
      vertex -4.833706e+001  0.000000e+000 -2.638886e+001
    endloop
  endfacet
  facet normal  0.000000e+000 -1.000000e+000  0.000000e+000
    outer loop
      vertex -4.750000e+001  0.000000e+000 -2.050000e+001
      vertex -4.833706e+001  0.000000e+000 -2.638886e+001
      vertex -4.815224e+001  0.000000e+000 -2.673463e+001
    endloop
  endfacet
  facet normal  0.000000e+000 -1.000000e+000  0.000000e+000
    outer loop
      vertex -4.750000e+001  0.000000e+000 -2.050000e+001
      vertex -4.815224e+001  0.000000e+000 -2.673463e+001
      vertex -4.803843e+001  0.000000e+000 -2.710982e+001
    endloop
  endfacet
  facet normal  0.000000e+000 -1.000000e+000  0.000000e+000
    outer loop
      vertex -3.200000e+001  0.000000e+000 -5.000000e+000
      vertex -2.900000e+001  0.000000e+000 -2.000000e+001
      vertex -2.896157e+001  0.000000e+000 -1.960982e+001
    endloop
  endfacet
  facet normal  0.000000e+000 -1.000000e+000  0.000000e+000
    outer loop
      vertex -3.200000e+001  0.000000e+000 -5.000000e+000
      vertex -2.896157e+001  0.000000e+000 -1.960982e+001
      vertex -2.884776e+001  0.000000e+000 -1.923463e+001
    endloop
  endfacet
  facet normal  0.000000e+000 -9.999999e-001  0.000000e+000
    outer loop
      vertex -3.200000e+001  0.000000e+000 -5.000000e+000
      vertex -2.884776e+001  0.000000e+000 -1.923463e+001
      vertex -2.866294e+001  0.000000e+000 -1.888886e+001
    endloop
  endfacet
  facet normal  0.000000e+000 -9.999999e-001  0.000000e+000
    outer loop
      vertex -3.200000e+001  0.000000e+000 -5.000000e+000
      vertex -2.866294e+001  0.000000e+000 -1.888886e+001
      vertex -2.841421e+001  0.000000e+000 -1.858579e+001
    endloop
  endfacet
  facet normal  0.000000e+000 -1.000000e+000  0.000000e+000
    outer loop
      vertex -3.200000e+001  0.000000e+000 -5.000000e+000
      vertex -2.841421e+001  0.000000e+000 -1.858579e+001
      vertex -2.811114e+001  0.000000e+000 -1.833706e+001
    endloop
  endfacet
  facet normal  0.000000e+000 -1.000000e+000  0.000000e+000
    outer loop
      vertex -3.200000e+001  0.000000e+000 -5.000000e+000
      vertex -2.811114e+001  0.000000e+000 -1.833706e+001
      vertex -2.776537e+001  0.000000e+000 -1.815224e+001
    endloop
  endfacet
  facet normal  0.000000e+000 -1.000000e+000  0.000000e+000
    outer loop
      vertex -3.200000e+001  0.000000e+000 -5.000000e+000
      vertex -2.776537e+001  0.000000e+000 -1.815224e+001
      vertex -2.739018e+001  0.000000e+000 -1.803843e+001
    endloop
  endfacet
  facet normal  0.000000e+000 -1.000000e+000  0.000000e+000
    outer loop
      vertex -3.200000e+001  0.000000e+000 -5.000000e+000
      vertex -2.739018e+001  0.000000e+000 -1.803843e+001
      vertex -2.700000e+001  0.000000e+000 -1.800000e+001
    endloop
  endfacet
  facet normal  0.000000e+000 -1.000000e+000  0.000000e+000
    outer loop
      vertex -3.200000e+001  0.000000e+000 -5.000000e+000
      vertex -2.700000e+001  0.000000e+000 -1.800000e+001
      vertex -2.660982e+001  0.000000e+000 -1.803843e+001
    endloop
  endfacet
  facet normal  0.000000e+000 -1.000000e+000  0.000000e+000
    outer loop
      vertex -3.200000e+001  0.000000e+000 -5.000000e+000
      vertex -2.660982e+001  0.000000e+000 -1.803843e+001
      vertex -2.623463e+001  0.000000e+000 -1.815224e+001
    endloop
  endfacet
  facet normal  0.000000e+000 -1.000000e+000  0.000000e+000
    outer loop
      vertex -3.200000e+001  0.000000e+000 -5.000000e+000
      vertex -2.623463e+001  0.000000e+000 -1.815224e+001
      vertex -2.588886e+001  0.000000e+000 -1.833706e+001
    endloop
  endfacet
  facet normal  0.000000e+000 -9.999999e-001  0.000000e+000
    outer loop
      vertex -3.200000e+001  0.000000e+000 -5.000000e+000
      vertex -2.588886e+001  0.000000e+000 -1.833706e+001
      vertex -2.558579e+001  0.000000e+000 -1.858579e+001
    endloop
  endfacet
  facet normal  0.000000e+000 -1.000000e+000  0.000000e+000
    outer loop
      vertex -3.200000e+001  0.000000e+000 -5.000000e+000
      vertex -2.558579e+001  0.000000e+000 -1.858579e+001
      vertex -2.533706e+001  0.000000e+000 -1.888886e+001
    endloop
  endfacet
  facet normal  0.000000e+000 -1.000000e+000  0.000000e+000
    outer loop
      vertex -3.200000e+001  0.000000e+000 -5.000000e+000
      vertex -2.533706e+001  0.000000e+000 -1.888886e+001
      vertex -2.515224e+001  0.000000e+000 -1.923463e+001
    endloop
  endfacet
  facet normal  0.000000e+000 -1.000000e+000  0.000000e+000
    outer loop
      vertex -1.200000e+001  0.000000e+000 -5.000000e+000
      vertex -3.200000e+001  0.000000e+000 -5.000000e+000
      vertex -2.515224e+001  0.000000e+000 -1.923463e+001
    endloop
  endfacet
  facet normal  0.000000e+000 -1.000000e+000  0.000000e+000
    outer loop
      vertex -1.200000e+001  0.000000e+000 -5.000000e+000
      vertex -2.515224e+001  0.000000e+000 -1.923463e+001
      vertex -2.503843e+001  0.000000e+000 -1.960982e+001
    endloop
  endfacet
  facet normal  0.000000e+000 -1.000000e+000  0.000000e+000
    outer loop
      vertex -1.200000e+001  0.000000e+000 -5.000000e+000
      vertex -2.503843e+001  0.000000e+000 -1.960982e+001
      vertex -2.500000e+001  0.000000e+000 -2.000000e+001
    endloop
  endfacet
  facet normal  0.000000e+000 -1.000000e+000  0.000000e+000
    outer loop
      vertex -1.200000e+001  0.000000e+000 -5.000000e+000
      vertex -2.500000e+001  0.000000e+000 -2.000000e+001
      vertex -7.000000e+000  0.000000e+000 -1.000000e+001
    endloop
  endfacet
  facet normal  -0.000000e+000 -1.000000e+000  0.000000e+000
    outer loop
      vertex -5.700000e+001  0.000000e+000 -4.450000e+001
      vertex -5.200000e+001  0.000000e+000 -4.250000e+001
      vertex -5.200000e+001  0.000000e+000 -2.750000e+001
    endloop
  endfacet
  facet normal  0.000000e+000 -1.000000e+000  0.000000e+000
    outer loop
      vertex -5.200000e+001  0.000000e+000 -2.750000e+001
      vertex -5.200000e+001  0.000000e+000 -4.250000e+001
      vertex -5.196157e+001  0.000000e+000 -4.210982e+001
    endloop
  endfacet
  facet normal  0.000000e+000 -1.000000e+000  0.000000e+000
    outer loop
      vertex -5.200000e+001  0.000000e+000 -2.750000e+001
      vertex -5.196157e+001  0.000000e+000 -4.210982e+001
      vertex -5.196157e+001  0.000000e+000 -2.789018e+001
    endloop
  endfacet
  facet normal  0.000000e+000 -1.000000e+000  0.000000e+000
    outer loop
      vertex -5.196157e+001  0.000000e+000 -2.789018e+001
      vertex -5.196157e+001  0.000000e+000 -4.210982e+001
      vertex -5.184776e+001  0.000000e+000 -4.173463e+001
    endloop
  endfacet
  facet normal  0.000000e+000 -9.999999e-001  0.000000e+000
    outer loop
      vertex -5.196157e+001  0.000000e+000 -2.789018e+001
      vertex -5.184776e+001  0.000000e+000 -4.173463e+001
      vertex -5.184776e+001  0.000000e+000 -2.826537e+001
    endloop
  endfacet
  facet normal  0.000000e+000 -1.000000e+000  0.000000e+000
    outer loop
      vertex -5.184776e+001  0.000000e+000 -2.826537e+001
      vertex -5.184776e+001  0.000000e+000 -4.173463e+001
      vertex -5.166294e+001  0.000000e+000 -4.138886e+001
    endloop
  endfacet
  facet normal  0.000000e+000 -1.000000e+000  0.000000e+000
    outer loop
      vertex -5.184776e+001  0.000000e+000 -2.826537e+001
      vertex -5.166294e+001  0.000000e+000 -4.138886e+001
      vertex -5.166294e+001  0.000000e+000 -2.861114e+001
    endloop
  endfacet
  facet normal  0.000000e+000 -1.000000e+000  0.000000e+000
    outer loop
      vertex -5.166294e+001  0.000000e+000 -2.861114e+001
      vertex -5.166294e+001  0.000000e+000 -4.138886e+001
      vertex -5.141422e+001  0.000000e+000 -4.108578e+001
    endloop
  endfacet
  facet normal  0.000000e+000 -1.000000e+000  0.000000e+000
    outer loop
      vertex -5.166294e+001  0.000000e+000 -2.861114e+001
      vertex -5.141422e+001  0.000000e+000 -4.108578e+001
      vertex -5.141422e+001  0.000000e+000 -2.891421e+001
    endloop
  endfacet
  facet normal  0.000000e+000 -9.999999e-001  0.000000e+000
    outer loop
      vertex -5.141422e+001  0.000000e+000 -2.891421e+001
      vertex -5.141422e+001  0.000000e+000 -4.108578e+001
      vertex -5.111114e+001  0.000000e+000 -4.083706e+001
    endloop
  endfacet
  facet normal  0.000000e+000 -1.000000e+000  0.000000e+000
    outer loop
      vertex -5.141422e+001  0.000000e+000 -2.891421e+001
      vertex -5.111114e+001  0.000000e+000 -4.083706e+001
      vertex -5.111114e+001  0.000000e+000 -2.916294e+001
    endloop
  endfacet
  facet normal  0.000000e+000 -1.000000e+000  0.000000e+000
    outer loop
      vertex -5.111114e+001  0.000000e+000 -2.916294e+001
      vertex -5.111114e+001  0.000000e+000 -4.083706e+001
      vertex -5.076537e+001  0.000000e+000 -4.065224e+001
    endloop
  endfacet
  facet normal  0.000000e+000 -1.000000e+000  0.000000e+000
    outer loop
      vertex -5.111114e+001  0.000000e+000 -2.916294e+001
      vertex -5.076537e+001  0.000000e+000 -4.065224e+001
      vertex -5.076537e+001  0.000000e+000 -2.934776e+001
    endloop
  endfacet
  facet normal  0.000000e+000 -1.000000e+000  0.000000e+000
    outer loop
      vertex -5.076537e+001  0.000000e+000 -2.934776e+001
      vertex -5.076537e+001  0.000000e+000 -4.065224e+001
      vertex -5.039018e+001  0.000000e+000 -4.053843e+001
    endloop
  endfacet
  facet normal  0.000000e+000 -1.000000e+000  0.000000e+000
    outer loop
      vertex -5.076537e+001  0.000000e+000 -2.934776e+001
      vertex -5.039018e+001  0.000000e+000 -4.053843e+001
      vertex -5.039018e+001  0.000000e+000 -2.946157e+001
    endloop
  endfacet
  facet normal  0.000000e+000 -1.000000e+000  0.000000e+000
    outer loop
      vertex -5.039018e+001  0.000000e+000 -2.946157e+001
      vertex -5.039018e+001  0.000000e+000 -4.053843e+001
      vertex -5.000000e+001  0.000000e+000 -4.050000e+001
    endloop
  endfacet
  facet normal  0.000000e+000 -1.000000e+000  0.000000e+000
    outer loop
      vertex -5.039018e+001  0.000000e+000 -2.946157e+001
      vertex -5.000000e+001  0.000000e+000 -4.050000e+001
      vertex -5.000000e+001  0.000000e+000 -2.950000e+001
    endloop
  endfacet
  facet normal  0.000000e+000 -1.000000e+000  0.000000e+000
    outer loop
      vertex -5.000000e+001  0.000000e+000 -2.950000e+001
      vertex -5.000000e+001  0.000000e+000 -4.050000e+001
      vertex -4.960982e+001  0.000000e+000 -4.053843e+001
    endloop
  endfacet
  facet normal  0.000000e+000 -1.000000e+000  0.000000e+000
    outer loop
      vertex -5.000000e+001  0.000000e+000 -2.950000e+001
      vertex -4.960982e+001  0.000000e+000 -4.053843e+001
      vertex -4.960982e+001  0.000000e+000 -2.946157e+001
    endloop
  endfacet
  facet normal  0.000000e+000 -1.000000e+000  0.000000e+000
    outer loop
      vertex -4.960982e+001  0.000000e+000 -2.946157e+001
      vertex -4.960982e+001  0.000000e+000 -4.053843e+001
      vertex -4.923463e+001  0.000000e+000 -4.065224e+001
    endloop
  endfacet
  facet normal  0.000000e+000 -1.000000e+000  0.000000e+000
    outer loop
      vertex -4.960982e+001  0.000000e+000 -2.946157e+001
      vertex -4.923463e+001  0.000000e+000 -4.065224e+001
      vertex -4.923463e+001  0.000000e+000 -2.934776e+001
    endloop
  endfacet
  facet normal  0.000000e+000 -1.000000e+000  0.000000e+000
    outer loop
      vertex -4.923463e+001  0.000000e+000 -2.934776e+001
      vertex -4.923463e+001  0.000000e+000 -4.065224e+001
      vertex -4.888886e+001  0.000000e+000 -4.083706e+001
    endloop
  endfacet
  facet normal  0.000000e+000 -1.000000e+000  0.000000e+000
    outer loop
      vertex -4.923463e+001  0.000000e+000 -2.934776e+001
      vertex -4.888886e+001  0.000000e+000 -4.083706e+001
      vertex -4.888886e+001  0.000000e+000 -2.916294e+001
    endloop
  endfacet
  facet normal  0.000000e+000 -1.000000e+000  0.000000e+000
    outer loop
      vertex -4.888886e+001  0.000000e+000 -2.916294e+001
      vertex -4.888886e+001  0.000000e+000 -4.083706e+001
      vertex -4.858578e+001  0.000000e+000 -4.108578e+001
    endloop
  endfacet
  facet normal  0.000000e+000 -9.999999e-001  0.000000e+000
    outer loop
      vertex -4.888886e+001  0.000000e+000 -2.916294e+001
      vertex -4.858578e+001  0.000000e+000 -4.108578e+001
      vertex -4.858578e+001  0.000000e+000 -2.891421e+001
    endloop
  endfacet
  facet normal  0.000000e+000 -1.000000e+000  0.000000e+000
    outer loop
      vertex -4.858578e+001  0.000000e+000 -2.891421e+001
      vertex -4.858578e+001  0.000000e+000 -4.108578e+001
      vertex -4.833706e+001  0.000000e+000 -4.138886e+001
    endloop
  endfacet
  facet normal  0.000000e+000 -1.000000e+000  0.000000e+000
    outer loop
      vertex -4.858578e+001  0.000000e+000 -2.891421e+001
      vertex -4.833706e+001  0.000000e+000 -4.138886e+001
      vertex -4.833706e+001  0.000000e+000 -2.861114e+001
    endloop
  endfacet
  facet normal  0.000000e+000 -1.000000e+000  0.000000e+000
    outer loop
      vertex -4.833706e+001  0.000000e+000 -2.861114e+001
      vertex -4.833706e+001  0.000000e+000 -4.138886e+001
      vertex -4.815224e+001  0.000000e+000 -4.173463e+001
    endloop
  endfacet
  facet normal  0.000000e+000 -1.000000e+000  0.000000e+000
    outer loop
      vertex -4.833706e+001  0.000000e+000 -2.861114e+001
      vertex -4.815224e+001  0.000000e+000 -4.173463e+001
      vertex -4.815224e+001  0.000000e+000 -2.826537e+001
    endloop
  endfacet
  facet normal  0.000000e+000 -9.999999e-001  0.000000e+000
    outer loop
      vertex -4.815224e+001  0.000000e+000 -2.826537e+001
      vertex -4.815224e+001  0.000000e+000 -4.173463e+001
      vertex -4.803843e+001  0.000000e+000 -4.210982e+001
    endloop
  endfacet
  facet normal  0.000000e+000 -1.000000e+000  0.000000e+000
    outer loop
      vertex -4.815224e+001  0.000000e+000 -2.826537e+001
      vertex -4.803843e+001  0.000000e+000 -4.210982e+001
      vertex -4.803843e+001  0.000000e+000 -2.789018e+001
    endloop
  endfacet
  facet normal -1.000000e+000  0.000000e+000  0.000000e+000
    outer loop
      vertex -1.000000e+001  1.510000e+001 -6.300000e+001
      vertex -1.000000e+001  9.000000e+000 -4.450000e+001
      vertex -1.000000e+001  1.510000e+001 -7.000000e+000
    endloop
  endfacet
  facet normal -1.000000e+000  0.000000e+000  0.000000e+000
    outer loop
      vertex -1.000000e+001  1.510000e+001 -7.000000e+000
      vertex -1.000000e+001  9.000000e+000 -4.450000e+001
      vertex -1.000000e+001  9.000000e+000 -2.550000e+001
    endloop
  endfacet
  facet normal -9.999999e-001  0.000000e+000  0.000000e+000
    outer loop
      vertex -1.000000e+001  1.510000e+001 -7.000000e+000
      vertex -1.000000e+001  9.000000e+000 -2.550000e+001
      vertex -1.000000e+001  3.000000e+000 -7.000000e+000
    endloop
  endfacet
  facet normal -1.000000e+000  0.000000e+000  0.000000e+000
    outer loop
      vertex -1.000000e+001  3.000000e+000 -7.000000e+000
      vertex -1.000000e+001  9.000000e+000 -2.550000e+001
      vertex -1.000000e+001  6.000000e+000 -2.550000e+001
    endloop
  endfacet
  facet normal -1.000000e+000  -0.000000e+000  0.000000e+000
    outer loop
      vertex -1.000000e+001  3.000000e+000 -7.000000e+000
      vertex -1.000000e+001  6.000000e+000 -2.550000e+001
      vertex -1.000000e+001  3.000000e+000 -6.300000e+001
    endloop
  endfacet
  facet normal -1.000000e+000  0.000000e+000  0.000000e+000
    outer loop
      vertex -1.000000e+001  3.000000e+000 -6.300000e+001
      vertex -1.000000e+001  6.000000e+000 -2.550000e+001
      vertex -1.000000e+001  6.000000e+000 -4.450000e+001
    endloop
  endfacet
  facet normal -1.000000e+000  0.000000e+000  -0.000000e+000
    outer loop
      vertex -1.000000e+001  3.000000e+000 -6.300000e+001
      vertex -1.000000e+001  6.000000e+000 -4.450000e+001
      vertex -1.000000e+001  6.000000e+000 -5.710406e+001
    endloop
  endfacet
  facet normal -1.000000e+000  0.000000e+000  -0.000000e+000
    outer loop
      vertex -1.000000e+001  3.000000e+000 -6.300000e+001
      vertex -1.000000e+001  6.000000e+000 -5.710406e+001
      vertex -1.000000e+001  1.510000e+001 -6.300000e+001
    endloop
  endfacet
  facet normal -1.000000e+000  0.000000e+000  0.000000e+000
    outer loop
      vertex -1.000000e+001  1.510000e+001 -6.300000e+001
      vertex -1.000000e+001  6.000000e+000 -5.710406e+001
      vertex -1.000000e+001  9.000000e+000 -5.710406e+001
    endloop
  endfacet
  facet normal -1.000000e+000  0.000000e+000  0.000000e+000
    outer loop
      vertex -1.000000e+001  1.510000e+001 -6.300000e+001
      vertex -1.000000e+001  9.000000e+000 -5.710406e+001
      vertex -1.000000e+001  9.000000e+000 -4.450000e+001
    endloop
  endfacet
  facet normal  9.969172e-001  0.000000e+000  7.846089e-002
    outer loop
      vertex -2.400000e+001  3.000000e+000 -5.000000e+001
      vertex -2.400000e+001  6.000000e+000 -5.000000e+001
      vertex -2.403694e+001  3.000000e+000 -4.953070e+001
    endloop
  endfacet
  facet normal  9.969172e-001  -0.000000e+000  7.846089e-002
    outer loop
      vertex -2.403694e+001  3.000000e+000 -4.953070e+001
      vertex -2.400000e+001  6.000000e+000 -5.000000e+001
      vertex -2.403694e+001  6.000000e+000 -4.953070e+001
    endloop
  endfacet
  facet normal  9.723709e-001  0.000000e+000  2.334416e-001
    outer loop
      vertex -2.403694e+001  3.000000e+000 -4.953070e+001
      vertex -2.403694e+001  6.000000e+000 -4.953070e+001
      vertex -2.414683e+001  3.000000e+000 -4.907295e+001
    endloop
  endfacet
  facet normal  9.723709e-001  -0.000000e+000  2.334416e-001
    outer loop
      vertex -2.414683e+001  3.000000e+000 -4.907295e+001
      vertex -2.403694e+001  6.000000e+000 -4.953070e+001
      vertex -2.414683e+001  6.000000e+000 -4.907295e+001
    endloop
  endfacet
  facet normal  9.238790e-001  0.000000e+000  3.826847e-001
    outer loop
      vertex -2.414683e+001  3.000000e+000 -4.907295e+001
      vertex -2.414683e+001  6.000000e+000 -4.907295e+001
      vertex -2.432698e+001  3.000000e+000 -4.863803e+001
    endloop
  endfacet
  facet normal  9.238790e-001  -0.000000e+000  3.826847e-001
    outer loop
      vertex -2.432698e+001  3.000000e+000 -4.863803e+001
      vertex -2.414683e+001  6.000000e+000 -4.907295e+001
      vertex -2.432698e+001  6.000000e+000 -4.863803e+001
    endloop
  endfacet
  facet normal  8.526398e-001  0.000000e+000  5.224991e-001
    outer loop
      vertex -2.432698e+001  3.000000e+000 -4.863803e+001
      vertex -2.432698e+001  6.000000e+000 -4.863803e+001
      vertex -2.457295e+001  3.000000e+000 -4.823664e+001
    endloop
  endfacet
  facet normal  8.526398e-001  -0.000000e+000  5.224991e-001
    outer loop
      vertex -2.457295e+001  3.000000e+000 -4.823664e+001
      vertex -2.432698e+001  6.000000e+000 -4.863803e+001
      vertex -2.457295e+001  6.000000e+000 -4.823664e+001
    endloop
  endfacet
  facet normal  7.604049e-001  0.000000e+000  6.494493e-001
    outer loop
      vertex -2.457295e+001  3.000000e+000 -4.823664e+001
      vertex -2.457295e+001  6.000000e+000 -4.823664e+001
      vertex -2.487868e+001  3.000000e+000 -4.787868e+001
    endloop
  endfacet
  facet normal  7.604049e-001  -0.000000e+000  6.494493e-001
    outer loop
      vertex -2.487868e+001  3.000000e+000 -4.787868e+001
      vertex -2.457295e+001  6.000000e+000 -4.823664e+001
      vertex -2.487868e+001  6.000000e+000 -4.787868e+001
    endloop
  endfacet
  facet normal  6.494498e-001  0.000000e+000  7.604046e-001
    outer loop
      vertex -2.487868e+001  3.000000e+000 -4.787868e+001
      vertex -2.487868e+001  6.000000e+000 -4.787868e+001
      vertex -2.523664e+001  3.000000e+000 -4.757295e+001
    endloop
  endfacet
  facet normal  6.494498e-001  -0.000000e+000  7.604046e-001
    outer loop
      vertex -2.523664e+001  3.000000e+000 -4.757295e+001
      vertex -2.487868e+001  6.000000e+000 -4.787868e+001
      vertex -2.523664e+001  6.000000e+000 -4.757295e+001
    endloop
  endfacet
  facet normal  5.224974e-001  0.000000e+000  8.526409e-001
    outer loop
      vertex -2.523664e+001  3.000000e+000 -4.757295e+001
      vertex -2.523664e+001  6.000000e+000 -4.757295e+001
      vertex -2.563803e+001  3.000000e+000 -4.732698e+001
    endloop
  endfacet
  facet normal  5.224974e-001  -0.000000e+000  8.526409e-001
    outer loop
      vertex -2.563803e+001  3.000000e+000 -4.732698e+001
      vertex -2.523664e+001  6.000000e+000 -4.757295e+001
      vertex -2.563803e+001  6.000000e+000 -4.732698e+001
    endloop
  endfacet
  facet normal  3.826827e-001  0.000000e+000  9.238799e-001
    outer loop
      vertex -2.563803e+001  3.000000e+000 -4.732698e+001
      vertex -2.563803e+001  6.000000e+000 -4.732698e+001
      vertex -2.607295e+001  3.000000e+000 -4.714683e+001
    endloop
  endfacet
  facet normal  3.826827e-001  -0.000000e+000  9.238799e-001
    outer loop
      vertex -2.607295e+001  3.000000e+000 -4.714683e+001
      vertex -2.563803e+001  6.000000e+000 -4.732698e+001
      vertex -2.607295e+001  6.000000e+000 -4.714683e+001
    endloop
  endfacet
  facet normal  2.334493e-001  0.000000e+000  9.723690e-001
    outer loop
      vertex -2.607295e+001  3.000000e+000 -4.714683e+001
      vertex -2.607295e+001  6.000000e+000 -4.714683e+001
      vertex -2.653070e+001  3.000000e+000 -4.703693e+001
    endloop
  endfacet
  facet normal  2.334493e-001  -0.000000e+000  9.723690e-001
    outer loop
      vertex -2.653070e+001  3.000000e+000 -4.703693e+001
      vertex -2.607295e+001  6.000000e+000 -4.714683e+001
      vertex -2.653070e+001  6.000000e+000 -4.703693e+001
    endloop
  endfacet
  facet normal  7.845686e-002  0.000000e+000  9.969175e-001
    outer loop
      vertex -2.653070e+001  3.000000e+000 -4.703693e+001
      vertex -2.653070e+001  6.000000e+000 -4.703693e+001
      vertex -2.700000e+001  3.000000e+000 -4.700000e+001
    endloop
  endfacet
  facet normal  7.845686e-002  -0.000000e+000  9.969175e-001
    outer loop
      vertex -2.700000e+001  3.000000e+000 -4.700000e+001
      vertex -2.653070e+001  6.000000e+000 -4.703693e+001
      vertex -2.700000e+001  6.000000e+000 -4.700000e+001
    endloop
  endfacet
  facet normal -7.845686e-002  0.000000e+000  9.969175e-001
    outer loop
      vertex -2.700000e+001  3.000000e+000 -4.700000e+001
      vertex -2.700000e+001  6.000000e+000 -4.700000e+001
      vertex -2.746930e+001  3.000000e+000 -4.703693e+001
    endloop
  endfacet
  facet normal -7.845686e-002  0.000000e+000  9.969175e-001
    outer loop
      vertex -2.746930e+001  3.000000e+000 -4.703693e+001
      vertex -2.700000e+001  6.000000e+000 -4.700000e+001
      vertex -2.746930e+001  6.000000e+000 -4.703693e+001
    endloop
  endfacet
  facet normal -2.334493e-001  0.000000e+000  9.723690e-001
    outer loop
      vertex -2.746930e+001  3.000000e+000 -4.703693e+001
      vertex -2.746930e+001  6.000000e+000 -4.703693e+001
      vertex -2.792705e+001  3.000000e+000 -4.714683e+001
    endloop
  endfacet
  facet normal -2.334493e-001  0.000000e+000  9.723690e-001
    outer loop
      vertex -2.792705e+001  3.000000e+000 -4.714683e+001
      vertex -2.746930e+001  6.000000e+000 -4.703693e+001
      vertex -2.792705e+001  6.000000e+000 -4.714683e+001
    endloop
  endfacet
  facet normal -3.826827e-001  0.000000e+000  9.238799e-001
    outer loop
      vertex -2.792705e+001  3.000000e+000 -4.714683e+001
      vertex -2.792705e+001  6.000000e+000 -4.714683e+001
      vertex -2.836197e+001  3.000000e+000 -4.732698e+001
    endloop
  endfacet
  facet normal -3.826827e-001  0.000000e+000  9.238799e-001
    outer loop
      vertex -2.836197e+001  3.000000e+000 -4.732698e+001
      vertex -2.792705e+001  6.000000e+000 -4.714683e+001
      vertex -2.836197e+001  6.000000e+000 -4.732698e+001
    endloop
  endfacet
  facet normal -5.224974e-001  0.000000e+000  8.526409e-001
    outer loop
      vertex -2.836197e+001  3.000000e+000 -4.732698e+001
      vertex -2.836197e+001  6.000000e+000 -4.732698e+001
      vertex -2.876336e+001  3.000000e+000 -4.757295e+001
    endloop
  endfacet
  facet normal -5.224974e-001  0.000000e+000  8.526409e-001
    outer loop
      vertex -2.876336e+001  3.000000e+000 -4.757295e+001
      vertex -2.836197e+001  6.000000e+000 -4.732698e+001
      vertex -2.876336e+001  6.000000e+000 -4.757295e+001
    endloop
  endfacet
  facet normal -6.494498e-001  0.000000e+000  7.604046e-001
    outer loop
      vertex -2.876336e+001  3.000000e+000 -4.757295e+001
      vertex -2.876336e+001  6.000000e+000 -4.757295e+001
      vertex -2.912132e+001  3.000000e+000 -4.787868e+001
    endloop
  endfacet
  facet normal -6.494498e-001  0.000000e+000  7.604046e-001
    outer loop
      vertex -2.912132e+001  3.000000e+000 -4.787868e+001
      vertex -2.876336e+001  6.000000e+000 -4.757295e+001
      vertex -2.912132e+001  6.000000e+000 -4.787868e+001
    endloop
  endfacet
  facet normal -7.604049e-001  0.000000e+000  6.494493e-001
    outer loop
      vertex -2.912132e+001  3.000000e+000 -4.787868e+001
      vertex -2.912132e+001  6.000000e+000 -4.787868e+001
      vertex -2.942705e+001  3.000000e+000 -4.823664e+001
    endloop
  endfacet
  facet normal -7.604049e-001  0.000000e+000  6.494493e-001
    outer loop
      vertex -2.942705e+001  3.000000e+000 -4.823664e+001
      vertex -2.912132e+001  6.000000e+000 -4.787868e+001
      vertex -2.942705e+001  6.000000e+000 -4.823664e+001
    endloop
  endfacet
  facet normal -8.526398e-001  0.000000e+000  5.224991e-001
    outer loop
      vertex -2.942705e+001  3.000000e+000 -4.823664e+001
      vertex -2.942705e+001  6.000000e+000 -4.823664e+001
      vertex -2.967302e+001  3.000000e+000 -4.863803e+001
    endloop
  endfacet
  facet normal -8.526398e-001  0.000000e+000  5.224991e-001
    outer loop
      vertex -2.967302e+001  3.000000e+000 -4.863803e+001
      vertex -2.942705e+001  6.000000e+000 -4.823664e+001
      vertex -2.967302e+001  6.000000e+000 -4.863803e+001
    endloop
  endfacet
  facet normal -9.238790e-001  0.000000e+000  3.826847e-001
    outer loop
      vertex -2.967302e+001  3.000000e+000 -4.863803e+001
      vertex -2.967302e+001  6.000000e+000 -4.863803e+001
      vertex -2.985317e+001  3.000000e+000 -4.907295e+001
    endloop
  endfacet
  facet normal -9.238790e-001  0.000000e+000  3.826847e-001
    outer loop
      vertex -2.985317e+001  3.000000e+000 -4.907295e+001
      vertex -2.967302e+001  6.000000e+000 -4.863803e+001
      vertex -2.985317e+001  6.000000e+000 -4.907295e+001
    endloop
  endfacet
  facet normal -9.723709e-001  0.000000e+000  2.334416e-001
    outer loop
      vertex -2.985317e+001  3.000000e+000 -4.907295e+001
      vertex -2.985317e+001  6.000000e+000 -4.907295e+001
      vertex -2.996306e+001  3.000000e+000 -4.953070e+001
    endloop
  endfacet
  facet normal -9.723709e-001  0.000000e+000  2.334416e-001
    outer loop
      vertex -2.996306e+001  3.000000e+000 -4.953070e+001
      vertex -2.985317e+001  6.000000e+000 -4.907295e+001
      vertex -2.996306e+001  6.000000e+000 -4.953070e+001
    endloop
  endfacet
  facet normal -9.969172e-001  0.000000e+000  7.846089e-002
    outer loop
      vertex -2.996306e+001  3.000000e+000 -4.953070e+001
      vertex -2.996306e+001  6.000000e+000 -4.953070e+001
      vertex -3.000000e+001  3.000000e+000 -5.000000e+001
    endloop
  endfacet
  facet normal -9.969172e-001  0.000000e+000  7.846089e-002
    outer loop
      vertex -3.000000e+001  3.000000e+000 -5.000000e+001
      vertex -2.996306e+001  6.000000e+000 -4.953070e+001
      vertex -3.000000e+001  6.000000e+000 -5.000000e+001
    endloop
  endfacet
  facet normal -9.969172e-001  -0.000000e+000 -7.846089e-002
    outer loop
      vertex -3.000000e+001  3.000000e+000 -5.000000e+001
      vertex -3.000000e+001  6.000000e+000 -5.000000e+001
      vertex -2.996306e+001  3.000000e+000 -5.046930e+001
    endloop
  endfacet
  facet normal -9.969172e-001  0.000000e+000 -7.846089e-002
    outer loop
      vertex -2.996306e+001  3.000000e+000 -5.046930e+001
      vertex -3.000000e+001  6.000000e+000 -5.000000e+001
      vertex -2.996306e+001  6.000000e+000 -5.046930e+001
    endloop
  endfacet
  facet normal -9.723709e-001  -0.000000e+000 -2.334416e-001
    outer loop
      vertex -2.996306e+001  3.000000e+000 -5.046930e+001
      vertex -2.996306e+001  6.000000e+000 -5.046930e+001
      vertex -2.985317e+001  3.000000e+000 -5.092705e+001
    endloop
  endfacet
  facet normal -9.723709e-001  0.000000e+000 -2.334416e-001
    outer loop
      vertex -2.985317e+001  3.000000e+000 -5.092705e+001
      vertex -2.996306e+001  6.000000e+000 -5.046930e+001
      vertex -2.985317e+001  6.000000e+000 -5.092705e+001
    endloop
  endfacet
  facet normal -9.238790e-001  -0.000000e+000 -3.826847e-001
    outer loop
      vertex -2.985317e+001  3.000000e+000 -5.092705e+001
      vertex -2.985317e+001  6.000000e+000 -5.092705e+001
      vertex -2.967302e+001  3.000000e+000 -5.136197e+001
    endloop
  endfacet
  facet normal -9.238790e-001  0.000000e+000 -3.826847e-001
    outer loop
      vertex -2.967302e+001  3.000000e+000 -5.136197e+001
      vertex -2.985317e+001  6.000000e+000 -5.092705e+001
      vertex -2.967302e+001  6.000000e+000 -5.136197e+001
    endloop
  endfacet
  facet normal -8.526398e-001  -0.000000e+000 -5.224991e-001
    outer loop
      vertex -2.967302e+001  3.000000e+000 -5.136197e+001
      vertex -2.967302e+001  6.000000e+000 -5.136197e+001
      vertex -2.942705e+001  3.000000e+000 -5.176336e+001
    endloop
  endfacet
  facet normal -8.526398e-001  0.000000e+000 -5.224991e-001
    outer loop
      vertex -2.942705e+001  3.000000e+000 -5.176336e+001
      vertex -2.967302e+001  6.000000e+000 -5.136197e+001
      vertex -2.942705e+001  6.000000e+000 -5.176336e+001
    endloop
  endfacet
  facet normal -7.604049e-001  -0.000000e+000 -6.494493e-001
    outer loop
      vertex -2.942705e+001  3.000000e+000 -5.176336e+001
      vertex -2.942705e+001  6.000000e+000 -5.176336e+001
      vertex -2.912132e+001  3.000000e+000 -5.212132e+001
    endloop
  endfacet
  facet normal -7.604049e-001  0.000000e+000 -6.494493e-001
    outer loop
      vertex -2.912132e+001  3.000000e+000 -5.212132e+001
      vertex -2.942705e+001  6.000000e+000 -5.176336e+001
      vertex -2.912132e+001  6.000000e+000 -5.212132e+001
    endloop
  endfacet
  facet normal -6.494498e-001  -0.000000e+000 -7.604046e-001
    outer loop
      vertex -2.912132e+001  3.000000e+000 -5.212132e+001
      vertex -2.912132e+001  6.000000e+000 -5.212132e+001
      vertex -2.876336e+001  3.000000e+000 -5.242705e+001
    endloop
  endfacet
  facet normal -6.494498e-001  0.000000e+000 -7.604046e-001
    outer loop
      vertex -2.876336e+001  3.000000e+000 -5.242705e+001
      vertex -2.912132e+001  6.000000e+000 -5.212132e+001
      vertex -2.876336e+001  6.000000e+000 -5.242705e+001
    endloop
  endfacet
  facet normal -5.224974e-001  -0.000000e+000 -8.526409e-001
    outer loop
      vertex -2.876336e+001  3.000000e+000 -5.242705e+001
      vertex -2.876336e+001  6.000000e+000 -5.242705e+001
      vertex -2.836197e+001  3.000000e+000 -5.267302e+001
    endloop
  endfacet
  facet normal -5.224974e-001  0.000000e+000 -8.526409e-001
    outer loop
      vertex -2.836197e+001  3.000000e+000 -5.267302e+001
      vertex -2.876336e+001  6.000000e+000 -5.242705e+001
      vertex -2.836197e+001  6.000000e+000 -5.267302e+001
    endloop
  endfacet
  facet normal -3.826827e-001  -0.000000e+000 -9.238799e-001
    outer loop
      vertex -2.836197e+001  3.000000e+000 -5.267302e+001
      vertex -2.836197e+001  6.000000e+000 -5.267302e+001
      vertex -2.792705e+001  3.000000e+000 -5.285317e+001
    endloop
  endfacet
  facet normal -3.826827e-001  0.000000e+000 -9.238799e-001
    outer loop
      vertex -2.792705e+001  3.000000e+000 -5.285317e+001
      vertex -2.836197e+001  6.000000e+000 -5.267302e+001
      vertex -2.792705e+001  6.000000e+000 -5.285317e+001
    endloop
  endfacet
  facet normal -2.334493e-001  -0.000000e+000 -9.723690e-001
    outer loop
      vertex -2.792705e+001  3.000000e+000 -5.285317e+001
      vertex -2.792705e+001  6.000000e+000 -5.285317e+001
      vertex -2.746930e+001  3.000000e+000 -5.296307e+001
    endloop
  endfacet
  facet normal -2.334493e-001  0.000000e+000 -9.723690e-001
    outer loop
      vertex -2.746930e+001  3.000000e+000 -5.296307e+001
      vertex -2.792705e+001  6.000000e+000 -5.285317e+001
      vertex -2.746930e+001  6.000000e+000 -5.296307e+001
    endloop
  endfacet
  facet normal -7.845686e-002  -0.000000e+000 -9.969175e-001
    outer loop
      vertex -2.746930e+001  3.000000e+000 -5.296307e+001
      vertex -2.746930e+001  6.000000e+000 -5.296307e+001
      vertex -2.700000e+001  3.000000e+000 -5.300000e+001
    endloop
  endfacet
  facet normal -7.845686e-002  0.000000e+000 -9.969175e-001
    outer loop
      vertex -2.700000e+001  3.000000e+000 -5.300000e+001
      vertex -2.746930e+001  6.000000e+000 -5.296307e+001
      vertex -2.700000e+001  6.000000e+000 -5.300000e+001
    endloop
  endfacet
  facet normal  7.845686e-002  0.000000e+000 -9.969175e-001
    outer loop
      vertex -2.700000e+001  3.000000e+000 -5.300000e+001
      vertex -2.700000e+001  6.000000e+000 -5.300000e+001
      vertex -2.653070e+001  3.000000e+000 -5.296307e+001
    endloop
  endfacet
  facet normal  7.845686e-002  0.000000e+000 -9.969175e-001
    outer loop
      vertex -2.653070e+001  3.000000e+000 -5.296307e+001
      vertex -2.700000e+001  6.000000e+000 -5.300000e+001
      vertex -2.653070e+001  6.000000e+000 -5.296307e+001
    endloop
  endfacet
  facet normal  2.334493e-001  0.000000e+000 -9.723690e-001
    outer loop
      vertex -2.653070e+001  3.000000e+000 -5.296307e+001
      vertex -2.653070e+001  6.000000e+000 -5.296307e+001
      vertex -2.607295e+001  3.000000e+000 -5.285317e+001
    endloop
  endfacet
  facet normal  2.334493e-001  0.000000e+000 -9.723690e-001
    outer loop
      vertex -2.607295e+001  3.000000e+000 -5.285317e+001
      vertex -2.653070e+001  6.000000e+000 -5.296307e+001
      vertex -2.607295e+001  6.000000e+000 -5.285317e+001
    endloop
  endfacet
  facet normal  3.826827e-001  0.000000e+000 -9.238799e-001
    outer loop
      vertex -2.607295e+001  3.000000e+000 -5.285317e+001
      vertex -2.607295e+001  6.000000e+000 -5.285317e+001
      vertex -2.563803e+001  3.000000e+000 -5.267302e+001
    endloop
  endfacet
  facet normal  3.826827e-001  0.000000e+000 -9.238799e-001
    outer loop
      vertex -2.563803e+001  3.000000e+000 -5.267302e+001
      vertex -2.607295e+001  6.000000e+000 -5.285317e+001
      vertex -2.563803e+001  6.000000e+000 -5.267302e+001
    endloop
  endfacet
  facet normal  5.224974e-001  0.000000e+000 -8.526409e-001
    outer loop
      vertex -2.563803e+001  3.000000e+000 -5.267302e+001
      vertex -2.563803e+001  6.000000e+000 -5.267302e+001
      vertex -2.523664e+001  3.000000e+000 -5.242705e+001
    endloop
  endfacet
  facet normal  5.224974e-001  0.000000e+000 -8.526409e-001
    outer loop
      vertex -2.523664e+001  3.000000e+000 -5.242705e+001
      vertex -2.563803e+001  6.000000e+000 -5.267302e+001
      vertex -2.523664e+001  6.000000e+000 -5.242705e+001
    endloop
  endfacet
  facet normal  6.494498e-001  0.000000e+000 -7.604046e-001
    outer loop
      vertex -2.523664e+001  3.000000e+000 -5.242705e+001
      vertex -2.523664e+001  6.000000e+000 -5.242705e+001
      vertex -2.487868e+001  3.000000e+000 -5.212132e+001
    endloop
  endfacet
  facet normal  6.494498e-001  0.000000e+000 -7.604046e-001
    outer loop
      vertex -2.487868e+001  3.000000e+000 -5.212132e+001
      vertex -2.523664e+001  6.000000e+000 -5.242705e+001
      vertex -2.487868e+001  6.000000e+000 -5.212132e+001
    endloop
  endfacet
  facet normal  7.604049e-001  0.000000e+000 -6.494493e-001
    outer loop
      vertex -2.487868e+001  3.000000e+000 -5.212132e+001
      vertex -2.487868e+001  6.000000e+000 -5.212132e+001
      vertex -2.457295e+001  3.000000e+000 -5.176336e+001
    endloop
  endfacet
  facet normal  7.604049e-001  0.000000e+000 -6.494493e-001
    outer loop
      vertex -2.457295e+001  3.000000e+000 -5.176336e+001
      vertex -2.487868e+001  6.000000e+000 -5.212132e+001
      vertex -2.457295e+001  6.000000e+000 -5.176336e+001
    endloop
  endfacet
  facet normal  8.526398e-001  0.000000e+000 -5.224991e-001
    outer loop
      vertex -2.457295e+001  3.000000e+000 -5.176336e+001
      vertex -2.457295e+001  6.000000e+000 -5.176336e+001
      vertex -2.432698e+001  3.000000e+000 -5.136197e+001
    endloop
  endfacet
  facet normal  8.526398e-001  0.000000e+000 -5.224991e-001
    outer loop
      vertex -2.432698e+001  3.000000e+000 -5.136197e+001
      vertex -2.457295e+001  6.000000e+000 -5.176336e+001
      vertex -2.432698e+001  6.000000e+000 -5.136197e+001
    endloop
  endfacet
  facet normal  9.238790e-001  0.000000e+000 -3.826847e-001
    outer loop
      vertex -2.432698e+001  3.000000e+000 -5.136197e+001
      vertex -2.432698e+001  6.000000e+000 -5.136197e+001
      vertex -2.414683e+001  3.000000e+000 -5.092705e+001
    endloop
  endfacet
  facet normal  9.238790e-001  0.000000e+000 -3.826847e-001
    outer loop
      vertex -2.414683e+001  3.000000e+000 -5.092705e+001
      vertex -2.432698e+001  6.000000e+000 -5.136197e+001
      vertex -2.414683e+001  6.000000e+000 -5.092705e+001
    endloop
  endfacet
  facet normal  9.723709e-001  0.000000e+000 -2.334416e-001
    outer loop
      vertex -2.414683e+001  3.000000e+000 -5.092705e+001
      vertex -2.414683e+001  6.000000e+000 -5.092705e+001
      vertex -2.403694e+001  3.000000e+000 -5.046930e+001
    endloop
  endfacet
  facet normal  9.723709e-001  0.000000e+000 -2.334416e-001
    outer loop
      vertex -2.403694e+001  3.000000e+000 -5.046930e+001
      vertex -2.414683e+001  6.000000e+000 -5.092705e+001
      vertex -2.403694e+001  6.000000e+000 -5.046930e+001
    endloop
  endfacet
  facet normal  9.969172e-001  0.000000e+000 -7.846089e-002
    outer loop
      vertex -2.403694e+001  3.000000e+000 -5.046930e+001
      vertex -2.403694e+001  6.000000e+000 -5.046930e+001
      vertex -2.400000e+001  3.000000e+000 -5.000000e+001
    endloop
  endfacet
  facet normal  9.969172e-001  0.000000e+000 -7.846089e-002
    outer loop
      vertex -2.400000e+001  3.000000e+000 -5.000000e+001
      vertex -2.403694e+001  6.000000e+000 -5.046930e+001
      vertex -2.400000e+001  6.000000e+000 -5.000000e+001
    endloop
  endfacet
  facet normal  -0.000000e+000 -1.000000e+000  0.000000e+000
    outer loop
      vertex -5.111114e+001  6.000000e+000 -4.083706e+001
      vertex -5.076537e+001  6.000000e+000 -4.065224e+001
      vertex -5.000000e+001  6.000000e+000 -2.950000e+001
    endloop
  endfacet
  facet normal  -0.000000e+000 -1.000000e+000  0.000000e+000
    outer loop
      vertex -5.076537e+001  6.000000e+000 -4.065224e+001
      vertex -5.039018e+001  6.000000e+000 -4.053843e+001
      vertex -5.000000e+001  6.000000e+000 -2.950000e+001
    endloop
  endfacet
  facet normal  -0.000000e+000 -1.000000e+000  0.000000e+000
    outer loop
      vertex -5.039018e+001  6.000000e+000 -4.053843e+001
      vertex -5.000000e+001  6.000000e+000 -4.050000e+001
      vertex -5.000000e+001  6.000000e+000 -2.950000e+001
    endloop
  endfacet
  facet normal  0.000000e+000 -1.000000e+000  0.000000e+000
    outer loop
      vertex -4.923463e+001  6.000000e+000 -4.065224e+001
      vertex -5.000000e+001  6.000000e+000 -2.950000e+001
      vertex -4.960982e+001  6.000000e+000 -4.053843e+001
    endloop
  endfacet
  facet normal  0.000000e+000 -1.000000e+000  0.000000e+000
    outer loop
      vertex -4.960982e+001  6.000000e+000 -4.053843e+001
      vertex -5.000000e+001  6.000000e+000 -2.950000e+001
      vertex -5.000000e+001  6.000000e+000 -4.050000e+001
    endloop
  endfacet
  facet normal  0.000000e+000 -1.000000e+000  0.000000e+000
    outer loop
      vertex -4.750000e+001  6.000000e+000 -4.950000e+001
      vertex -2.996306e+001  6.000000e+000 -4.953070e+001
      vertex -2.985317e+001  6.000000e+000 -4.907295e+001
    endloop
  endfacet
  facet normal  0.000000e+000 -1.000000e+000  -0.000000e+000
    outer loop
      vertex -1.000000e+001  6.000000e+000 -4.450000e+001
      vertex -1.000000e+001  6.000000e+000 -2.550000e+001
      vertex -2.700000e+001  6.000000e+000 -4.700000e+001
    endloop
  endfacet
  facet normal  0.000000e+000 -1.000000e+000  0.000000e+000
    outer loop
      vertex -1.000000e+001  6.000000e+000 -4.450000e+001
      vertex -2.700000e+001  6.000000e+000 -4.700000e+001
      vertex -2.653070e+001  6.000000e+000 -4.703693e+001
    endloop
  endfacet
  facet normal  0.000000e+000 -1.000000e+000  0.000000e+000
    outer loop
      vertex -1.000000e+001  6.000000e+000 -4.450000e+001
      vertex -2.653070e+001  6.000000e+000 -4.703693e+001
      vertex -2.607295e+001  6.000000e+000 -4.714683e+001
    endloop
  endfacet
  facet normal  0.000000e+000 -1.000000e+000  0.000000e+000
    outer loop
      vertex -1.000000e+001  6.000000e+000 -4.450000e+001
      vertex -2.607295e+001  6.000000e+000 -4.714683e+001
      vertex -2.563803e+001  6.000000e+000 -4.732698e+001
    endloop
  endfacet
  facet normal  0.000000e+000 -1.000000e+000  0.000000e+000
    outer loop
      vertex -1.000000e+001  6.000000e+000 -4.450000e+001
      vertex -2.563803e+001  6.000000e+000 -4.732698e+001
      vertex -2.523664e+001  6.000000e+000 -4.757295e+001
    endloop
  endfacet
  facet normal  0.000000e+000 -1.000000e+000  0.000000e+000
    outer loop
      vertex -1.000000e+001  6.000000e+000 -4.450000e+001
      vertex -2.523664e+001  6.000000e+000 -4.757295e+001
      vertex -1.000000e+001  6.000000e+000 -5.710406e+001
    endloop
  endfacet
  facet normal  0.000000e+000 -1.000000e+000  0.000000e+000
    outer loop
      vertex -5.700000e+001  6.000000e+000 -4.450000e+001
      vertex -5.200000e+001  6.000000e+000 -4.950000e+001
      vertex -5.000000e+001  6.000000e+000 -4.450000e+001
    endloop
  endfacet
  facet normal  0.000000e+000 -1.000000e+000  0.000000e+000
    outer loop
      vertex -5.700000e+001  6.000000e+000 -4.450000e+001
      vertex -5.000000e+001  6.000000e+000 -4.450000e+001
      vertex -5.039018e+001  6.000000e+000 -4.446157e+001
    endloop
  endfacet
  facet normal  -0.000000e+000 -9.999999e-001  0.000000e+000
    outer loop
      vertex -5.700000e+001  6.000000e+000 -4.450000e+001
      vertex -5.039018e+001  6.000000e+000 -4.446157e+001
      vertex -5.076537e+001  6.000000e+000 -4.434776e+001
    endloop
  endfacet
  facet normal  -0.000000e+000 -1.000000e+000  0.000000e+000
    outer loop
      vertex -5.700000e+001  6.000000e+000 -4.450000e+001
      vertex -5.076537e+001  6.000000e+000 -4.434776e+001
      vertex -5.111114e+001  6.000000e+000 -4.416294e+001
    endloop
  endfacet
  facet normal  -0.000000e+000 -1.000000e+000  0.000000e+000
    outer loop
      vertex -5.700000e+001  6.000000e+000 -4.450000e+001
      vertex -5.111114e+001  6.000000e+000 -4.416294e+001
      vertex -5.141422e+001  6.000000e+000 -4.391422e+001
    endloop
  endfacet
  facet normal  -0.000000e+000 -9.999999e-001  0.000000e+000
    outer loop
      vertex -5.700000e+001  6.000000e+000 -4.450000e+001
      vertex -5.141422e+001  6.000000e+000 -4.391422e+001
      vertex -5.166294e+001  6.000000e+000 -4.361114e+001
    endloop
  endfacet
  facet normal  -0.000000e+000 -1.000000e+000  0.000000e+000
    outer loop
      vertex -5.700000e+001  6.000000e+000 -4.450000e+001
      vertex -5.166294e+001  6.000000e+000 -4.361114e+001
      vertex -5.184776e+001  6.000000e+000 -4.326537e+001
    endloop
  endfacet
  facet normal  -0.000000e+000 -1.000000e+000  0.000000e+000
    outer loop
      vertex -5.700000e+001  6.000000e+000 -4.450000e+001
      vertex -5.184776e+001  6.000000e+000 -4.326537e+001
      vertex -5.196157e+001  6.000000e+000 -4.289018e+001
    endloop
  endfacet
  facet normal  -0.000000e+000 -1.000000e+000  0.000000e+000
    outer loop
      vertex -5.700000e+001  6.000000e+000 -4.450000e+001
      vertex -5.196157e+001  6.000000e+000 -4.289018e+001
      vertex -5.200000e+001  6.000000e+000 -4.250000e+001
    endloop
  endfacet
  facet normal  -0.000000e+000 -1.000000e+000  0.000000e+000
    outer loop
      vertex -5.700000e+001  6.000000e+000 -4.450000e+001
      vertex -5.200000e+001  6.000000e+000 -4.250000e+001
      vertex -5.196157e+001  6.000000e+000 -4.210982e+001
    endloop
  endfacet
  facet normal  -0.000000e+000 -1.000000e+000  0.000000e+000
    outer loop
      vertex -5.700000e+001  6.000000e+000 -4.450000e+001
      vertex -5.196157e+001  6.000000e+000 -4.210982e+001
      vertex -5.184776e+001  6.000000e+000 -4.173463e+001
    endloop
  endfacet
  facet normal  -0.000000e+000 -1.000000e+000  0.000000e+000
    outer loop
      vertex -5.700000e+001  6.000000e+000 -4.450000e+001
      vertex -5.184776e+001  6.000000e+000 -4.173463e+001
      vertex -5.166294e+001  6.000000e+000 -4.138886e+001
    endloop
  endfacet
  facet normal  -0.000000e+000 -9.999999e-001  0.000000e+000
    outer loop
      vertex -5.700000e+001  6.000000e+000 -4.450000e+001
      vertex -5.166294e+001  6.000000e+000 -4.138886e+001
      vertex -5.141422e+001  6.000000e+000 -4.108578e+001
    endloop
  endfacet
  facet normal  -0.000000e+000 -1.000000e+000  0.000000e+000
    outer loop
      vertex -5.700000e+001  6.000000e+000 -4.450000e+001
      vertex -5.141422e+001  6.000000e+000 -4.108578e+001
      vertex -5.111114e+001  6.000000e+000 -4.083706e+001
    endloop
  endfacet
  facet normal  -0.000000e+000 -9.999999e-001  0.000000e+000
    outer loop
      vertex -5.700000e+001  6.000000e+000 -4.450000e+001
      vertex -5.111114e+001  6.000000e+000 -4.083706e+001
      vertex -5.000000e+001  6.000000e+000 -2.950000e+001
    endloop
  endfacet
  facet normal  -0.000000e+000 -1.000000e+000  0.000000e+000
    outer loop
      vertex -5.700000e+001  6.000000e+000 -4.450000e+001
      vertex -5.000000e+001  6.000000e+000 -2.950000e+001
      vertex -5.039018e+001  6.000000e+000 -2.946157e+001
    endloop
  endfacet
  facet normal  -0.000000e+000 -1.000000e+000  0.000000e+000
    outer loop
      vertex -5.700000e+001  6.000000e+000 -4.450000e+001
      vertex -5.039018e+001  6.000000e+000 -2.946157e+001
      vertex -5.076537e+001  6.000000e+000 -2.934776e+001
    endloop
  endfacet
  facet normal  -0.000000e+000 -1.000000e+000  0.000000e+000
    outer loop
      vertex -5.700000e+001  6.000000e+000 -4.450000e+001
      vertex -5.076537e+001  6.000000e+000 -2.934776e+001
      vertex -5.111114e+001  6.000000e+000 -2.916294e+001
    endloop
  endfacet
  facet normal  -0.000000e+000 -1.000000e+000  0.000000e+000
    outer loop
      vertex -5.700000e+001  6.000000e+000 -4.450000e+001
      vertex -5.111114e+001  6.000000e+000 -2.916294e+001
      vertex -5.141422e+001  6.000000e+000 -2.891421e+001
    endloop
  endfacet
  facet normal  -0.000000e+000 -1.000000e+000  0.000000e+000
    outer loop
      vertex -5.700000e+001  6.000000e+000 -4.450000e+001
      vertex -5.141422e+001  6.000000e+000 -2.891421e+001
      vertex -5.166294e+001  6.000000e+000 -2.861114e+001
    endloop
  endfacet
  facet normal  -0.000000e+000 -1.000000e+000  0.000000e+000
    outer loop
      vertex -5.700000e+001  6.000000e+000 -4.450000e+001
      vertex -5.166294e+001  6.000000e+000 -2.861114e+001
      vertex -5.184776e+001  6.000000e+000 -2.826537e+001
    endloop
  endfacet
  facet normal  -0.000000e+000 -1.000000e+000  0.000000e+000
    outer loop
      vertex -5.700000e+001  6.000000e+000 -4.450000e+001
      vertex -5.184776e+001  6.000000e+000 -2.826537e+001
      vertex -5.196157e+001  6.000000e+000 -2.789018e+001
    endloop
  endfacet
  facet normal  -0.000000e+000 -1.000000e+000  0.000000e+000
    outer loop
      vertex -5.700000e+001  6.000000e+000 -4.450000e+001
      vertex -5.196157e+001  6.000000e+000 -2.789018e+001
      vertex -5.200000e+001  6.000000e+000 -2.750000e+001
    endloop
  endfacet
  facet normal  -0.000000e+000 -1.000000e+000  0.000000e+000
    outer loop
      vertex -5.700000e+001  6.000000e+000 -4.450000e+001
      vertex -5.200000e+001  6.000000e+000 -2.750000e+001
      vertex -5.196157e+001  6.000000e+000 -2.710982e+001
    endloop
  endfacet
  facet normal  0.000000e+000 -1.000000e+000  -0.000000e+000
    outer loop
      vertex -4.677848e+001  6.000000e+000 -2.550000e+001
      vertex -4.677848e+001  6.000000e+000 -2.050000e+001
      vertex -5.000000e+001  6.000000e+000 -2.550000e+001
    endloop
  endfacet
  facet normal  0.000000e+000 -9.999999e-001  0.000000e+000
    outer loop
      vertex -4.677848e+001  6.000000e+000 -2.550000e+001
      vertex -5.000000e+001  6.000000e+000 -2.550000e+001
      vertex -4.960982e+001  6.000000e+000 -2.553843e+001
    endloop
  endfacet
  facet normal  0.000000e+000 -1.000000e+000  0.000000e+000
    outer loop
      vertex -4.677848e+001  6.000000e+000 -2.550000e+001
      vertex -4.960982e+001  6.000000e+000 -2.553843e+001
      vertex -4.923463e+001  6.000000e+000 -2.565224e+001
    endloop
  endfacet
  facet normal  0.000000e+000 -1.000000e+000  0.000000e+000
    outer loop
      vertex -4.677848e+001  6.000000e+000 -2.550000e+001
      vertex -4.923463e+001  6.000000e+000 -2.565224e+001
      vertex -4.888886e+001  6.000000e+000 -2.583706e+001
    endloop
  endfacet
  facet normal  0.000000e+000 -1.000000e+000  0.000000e+000
    outer loop
      vertex -4.677848e+001  6.000000e+000 -2.550000e+001
      vertex -4.888886e+001  6.000000e+000 -2.583706e+001
      vertex -4.858578e+001  6.000000e+000 -2.608579e+001
    endloop
  endfacet
  facet normal  0.000000e+000 -1.000000e+000  0.000000e+000
    outer loop
      vertex -4.677848e+001  6.000000e+000 -2.550000e+001
      vertex -4.858578e+001  6.000000e+000 -2.608579e+001
      vertex -2.700000e+001  6.000000e+000 -4.700000e+001
    endloop
  endfacet
  facet normal  0.000000e+000 -1.000000e+000  0.000000e+000
    outer loop
      vertex -4.677848e+001  6.000000e+000 -2.550000e+001
      vertex -2.700000e+001  6.000000e+000 -4.700000e+001
      vertex -1.000000e+001  6.000000e+000 -2.550000e+001
    endloop
  endfacet
  facet normal  0.000000e+000 -1.000000e+000  0.000000e+000
    outer loop
      vertex -5.000000e+001  6.000000e+000 -4.450000e+001
      vertex -5.200000e+001  6.000000e+000 -4.950000e+001
      vertex -4.750000e+001  6.000000e+000 -4.950000e+001
    endloop
  endfacet
  facet normal  0.000000e+000 -1.000000e+000  0.000000e+000
    outer loop
      vertex -5.000000e+001  6.000000e+000 -4.450000e+001
      vertex -4.750000e+001  6.000000e+000 -4.950000e+001
      vertex -2.985317e+001  6.000000e+000 -4.907295e+001
    endloop
  endfacet
  facet normal  0.000000e+000 -1.000000e+000  0.000000e+000
    outer loop
      vertex -5.000000e+001  6.000000e+000 -4.450000e+001
      vertex -2.985317e+001  6.000000e+000 -4.907295e+001
      vertex -2.967302e+001  6.000000e+000 -4.863803e+001
    endloop
  endfacet
  facet normal  0.000000e+000 -9.999999e-001  0.000000e+000
    outer loop
      vertex -5.000000e+001  6.000000e+000 -4.450000e+001
      vertex -2.967302e+001  6.000000e+000 -4.863803e+001
      vertex -2.942705e+001  6.000000e+000 -4.823664e+001
    endloop
  endfacet
  facet normal  0.000000e+000 -1.000000e+000  0.000000e+000
    outer loop
      vertex -5.000000e+001  6.000000e+000 -4.450000e+001
      vertex -2.942705e+001  6.000000e+000 -4.823664e+001
      vertex -2.912132e+001  6.000000e+000 -4.787868e+001
    endloop
  endfacet
  facet normal  0.000000e+000 -1.000000e+000  0.000000e+000
    outer loop
      vertex -5.000000e+001  6.000000e+000 -4.450000e+001
      vertex -2.912132e+001  6.000000e+000 -4.787868e+001
      vertex -2.876336e+001  6.000000e+000 -4.757295e+001
    endloop
  endfacet
  facet normal  0.000000e+000 -1.000000e+000  0.000000e+000
    outer loop
      vertex -5.000000e+001  6.000000e+000 -4.450000e+001
      vertex -2.876336e+001  6.000000e+000 -4.757295e+001
      vertex -2.836197e+001  6.000000e+000 -4.732698e+001
    endloop
  endfacet
  facet normal  0.000000e+000 -1.000000e+000  0.000000e+000
    outer loop
      vertex -5.000000e+001  6.000000e+000 -4.450000e+001
      vertex -2.836197e+001  6.000000e+000 -4.732698e+001
      vertex -2.792705e+001  6.000000e+000 -4.714683e+001
    endloop
  endfacet
  facet normal  0.000000e+000 -1.000000e+000  0.000000e+000
    outer loop
      vertex -5.000000e+001  6.000000e+000 -4.450000e+001
      vertex -2.792705e+001  6.000000e+000 -4.714683e+001
      vertex -2.746930e+001  6.000000e+000 -4.703693e+001
    endloop
  endfacet
  facet normal  0.000000e+000 -1.000000e+000  0.000000e+000
    outer loop
      vertex -5.000000e+001  6.000000e+000 -4.450000e+001
      vertex -2.746930e+001  6.000000e+000 -4.703693e+001
      vertex -2.700000e+001  6.000000e+000 -4.700000e+001
    endloop
  endfacet
  facet normal  0.000000e+000 -9.999999e-001  0.000000e+000
    outer loop
      vertex -5.700000e+001  6.000000e+000 -2.550000e+001
      vertex -5.700000e+001  6.000000e+000 -4.450000e+001
      vertex -5.196157e+001  6.000000e+000 -2.710982e+001
    endloop
  endfacet
  facet normal  0.000000e+000 -1.000000e+000  0.000000e+000
    outer loop
      vertex -5.700000e+001  6.000000e+000 -2.550000e+001
      vertex -5.196157e+001  6.000000e+000 -2.710982e+001
      vertex -5.184776e+001  6.000000e+000 -2.673463e+001
    endloop
  endfacet
  facet normal  0.000000e+000 -1.000000e+000  0.000000e+000
    outer loop
      vertex -5.700000e+001  6.000000e+000 -2.550000e+001
      vertex -5.184776e+001  6.000000e+000 -2.673463e+001
      vertex -5.166294e+001  6.000000e+000 -2.638886e+001
    endloop
  endfacet
  facet normal  0.000000e+000 -1.000000e+000  0.000000e+000
    outer loop
      vertex -5.700000e+001  6.000000e+000 -2.550000e+001
      vertex -5.166294e+001  6.000000e+000 -2.638886e+001
      vertex -5.141422e+001  6.000000e+000 -2.608579e+001
    endloop
  endfacet
  facet normal  0.000000e+000 -1.000000e+000  0.000000e+000
    outer loop
      vertex -5.700000e+001  6.000000e+000 -2.550000e+001
      vertex -5.141422e+001  6.000000e+000 -2.608579e+001
      vertex -5.111114e+001  6.000000e+000 -2.583706e+001
    endloop
  endfacet
  facet normal  0.000000e+000 -1.000000e+000  0.000000e+000
    outer loop
      vertex -5.700000e+001  6.000000e+000 -2.550000e+001
      vertex -5.111114e+001  6.000000e+000 -2.583706e+001
      vertex -5.076537e+001  6.000000e+000 -2.565224e+001
    endloop
  endfacet
  facet normal  0.000000e+000 -9.999999e-001  0.000000e+000
    outer loop
      vertex -5.700000e+001  6.000000e+000 -2.550000e+001
      vertex -5.076537e+001  6.000000e+000 -2.565224e+001
      vertex -5.039018e+001  6.000000e+000 -2.553843e+001
    endloop
  endfacet
  facet normal  0.000000e+000 -1.000000e+000  0.000000e+000
    outer loop
      vertex -5.700000e+001  6.000000e+000 -2.550000e+001
      vertex -5.039018e+001  6.000000e+000 -2.553843e+001
      vertex -5.000000e+001  6.000000e+000 -2.550000e+001
    endloop
  endfacet
  facet normal  0.000000e+000 -1.000000e+000  0.000000e+000
    outer loop
      vertex -5.700000e+001  6.000000e+000 -2.550000e+001
      vertex -5.000000e+001  6.000000e+000 -2.550000e+001
      vertex -4.677848e+001  6.000000e+000 -2.050000e+001
    endloop
  endfacet
  facet normal  -0.000000e+000 -1.000000e+000  0.000000e+000
    outer loop
      vertex -5.700000e+001  6.000000e+000 -2.550000e+001
      vertex -4.677848e+001  6.000000e+000 -2.050000e+001
      vertex -5.200000e+001  6.000000e+000 -2.050000e+001
    endloop
  endfacet
  facet normal  0.000000e+000 -1.000000e+000  0.000000e+000
    outer loop
      vertex -2.700000e+001  6.000000e+000 -4.700000e+001
      vertex -4.858578e+001  6.000000e+000 -2.608579e+001
      vertex -4.833706e+001  6.000000e+000 -2.638886e+001
    endloop
  endfacet
  facet normal  0.000000e+000 -9.999999e-001  0.000000e+000
    outer loop
      vertex -2.700000e+001  6.000000e+000 -4.700000e+001
      vertex -4.833706e+001  6.000000e+000 -2.638886e+001
      vertex -4.815224e+001  6.000000e+000 -2.673463e+001
    endloop
  endfacet
  facet normal  0.000000e+000 -1.000000e+000  0.000000e+000
    outer loop
      vertex -2.700000e+001  6.000000e+000 -4.700000e+001
      vertex -4.815224e+001  6.000000e+000 -2.673463e+001
      vertex -4.803843e+001  6.000000e+000 -2.710982e+001
    endloop
  endfacet
  facet normal  0.000000e+000 -9.999999e-001  0.000000e+000
    outer loop
      vertex -2.700000e+001  6.000000e+000 -4.700000e+001
      vertex -4.803843e+001  6.000000e+000 -2.710982e+001
      vertex -4.800000e+001  6.000000e+000 -2.750000e+001
    endloop
  endfacet
  facet normal  0.000000e+000 -1.000000e+000  -0.000000e+000
    outer loop
      vertex -2.700000e+001  6.000000e+000 -4.700000e+001
      vertex -4.800000e+001  6.000000e+000 -2.750000e+001
      vertex -4.803843e+001  6.000000e+000 -2.789018e+001
    endloop
  endfacet
  facet normal  0.000000e+000 -1.000000e+000  -0.000000e+000
    outer loop
      vertex -2.700000e+001  6.000000e+000 -4.700000e+001
      vertex -4.803843e+001  6.000000e+000 -2.789018e+001
      vertex -4.815224e+001  6.000000e+000 -2.826537e+001
    endloop
  endfacet
  facet normal  0.000000e+000 -1.000000e+000  -0.000000e+000
    outer loop
      vertex -2.700000e+001  6.000000e+000 -4.700000e+001
      vertex -4.815224e+001  6.000000e+000 -2.826537e+001
      vertex -4.833706e+001  6.000000e+000 -2.861114e+001
    endloop
  endfacet
  facet normal  0.000000e+000 -1.000000e+000  -0.000000e+000
    outer loop
      vertex -2.700000e+001  6.000000e+000 -4.700000e+001
      vertex -4.833706e+001  6.000000e+000 -2.861114e+001
      vertex -4.858578e+001  6.000000e+000 -2.891421e+001
    endloop
  endfacet
  facet normal  0.000000e+000 -1.000000e+000  -0.000000e+000
    outer loop
      vertex -2.700000e+001  6.000000e+000 -4.700000e+001
      vertex -4.858578e+001  6.000000e+000 -2.891421e+001
      vertex -4.888886e+001  6.000000e+000 -2.916294e+001
    endloop
  endfacet
  facet normal  0.000000e+000 -1.000000e+000  -0.000000e+000
    outer loop
      vertex -2.700000e+001  6.000000e+000 -4.700000e+001
      vertex -4.888886e+001  6.000000e+000 -2.916294e+001
      vertex -4.923463e+001  6.000000e+000 -2.934776e+001
    endloop
  endfacet
  facet normal  0.000000e+000 -9.999999e-001  -0.000000e+000
    outer loop
      vertex -2.700000e+001  6.000000e+000 -4.700000e+001
      vertex -4.923463e+001  6.000000e+000 -2.934776e+001
      vertex -4.960982e+001  6.000000e+000 -2.946157e+001
    endloop
  endfacet
  facet normal  0.000000e+000 -9.999999e-001  -0.000000e+000
    outer loop
      vertex -2.700000e+001  6.000000e+000 -4.700000e+001
      vertex -4.960982e+001  6.000000e+000 -2.946157e+001
      vertex -5.000000e+001  6.000000e+000 -2.950000e+001
    endloop
  endfacet
  facet normal  0.000000e+000 -1.000000e+000  0.000000e+000
    outer loop
      vertex -2.700000e+001  6.000000e+000 -4.700000e+001
      vertex -5.000000e+001  6.000000e+000 -2.950000e+001
      vertex -4.923463e+001  6.000000e+000 -4.065224e+001
    endloop
  endfacet
  facet normal  0.000000e+000 -9.999999e-001  0.000000e+000
    outer loop
      vertex -2.700000e+001  6.000000e+000 -4.700000e+001
      vertex -4.923463e+001  6.000000e+000 -4.065224e+001
      vertex -4.888886e+001  6.000000e+000 -4.083706e+001
    endloop
  endfacet
  facet normal  0.000000e+000 -1.000000e+000  0.000000e+000
    outer loop
      vertex -2.700000e+001  6.000000e+000 -4.700000e+001
      vertex -4.888886e+001  6.000000e+000 -4.083706e+001
      vertex -4.858578e+001  6.000000e+000 -4.108578e+001
    endloop
  endfacet
  facet normal  0.000000e+000 -9.999999e-001  0.000000e+000
    outer loop
      vertex -2.700000e+001  6.000000e+000 -4.700000e+001
      vertex -4.858578e+001  6.000000e+000 -4.108578e+001
      vertex -4.833706e+001  6.000000e+000 -4.138886e+001
    endloop
  endfacet
  facet normal  0.000000e+000 -1.000000e+000  0.000000e+000
    outer loop
      vertex -2.700000e+001  6.000000e+000 -4.700000e+001
      vertex -4.833706e+001  6.000000e+000 -4.138886e+001
      vertex -4.815224e+001  6.000000e+000 -4.173463e+001
    endloop
  endfacet
  facet normal  0.000000e+000 -1.000000e+000  0.000000e+000
    outer loop
      vertex -2.700000e+001  6.000000e+000 -4.700000e+001
      vertex -4.815224e+001  6.000000e+000 -4.173463e+001
      vertex -4.803843e+001  6.000000e+000 -4.210982e+001
    endloop
  endfacet
  facet normal  0.000000e+000 -1.000000e+000  0.000000e+000
    outer loop
      vertex -2.700000e+001  6.000000e+000 -4.700000e+001
      vertex -4.803843e+001  6.000000e+000 -4.210982e+001
      vertex -4.800000e+001  6.000000e+000 -4.250000e+001
    endloop
  endfacet
  facet normal  0.000000e+000 -1.000000e+000  -0.000000e+000
    outer loop
      vertex -2.700000e+001  6.000000e+000 -4.700000e+001
      vertex -4.800000e+001  6.000000e+000 -4.250000e+001
      vertex -4.803843e+001  6.000000e+000 -4.289018e+001
    endloop
  endfacet
  facet normal  0.000000e+000 -1.000000e+000  -0.000000e+000
    outer loop
      vertex -2.700000e+001  6.000000e+000 -4.700000e+001
      vertex -4.803843e+001  6.000000e+000 -4.289018e+001
      vertex -4.815224e+001  6.000000e+000 -4.326537e+001
    endloop
  endfacet
  facet normal  0.000000e+000 -1.000000e+000  -0.000000e+000
    outer loop
      vertex -2.700000e+001  6.000000e+000 -4.700000e+001
      vertex -4.815224e+001  6.000000e+000 -4.326537e+001
      vertex -4.833706e+001  6.000000e+000 -4.361114e+001
    endloop
  endfacet
  facet normal  0.000000e+000 -1.000000e+000  -0.000000e+000
    outer loop
      vertex -2.700000e+001  6.000000e+000 -4.700000e+001
      vertex -4.833706e+001  6.000000e+000 -4.361114e+001
      vertex -4.858578e+001  6.000000e+000 -4.391422e+001
    endloop
  endfacet
  facet normal  0.000000e+000 -1.000000e+000  -0.000000e+000
    outer loop
      vertex -2.700000e+001  6.000000e+000 -4.700000e+001
      vertex -4.858578e+001  6.000000e+000 -4.391422e+001
      vertex -4.888886e+001  6.000000e+000 -4.416294e+001
    endloop
  endfacet
  facet normal  0.000000e+000 -1.000000e+000  -0.000000e+000
    outer loop
      vertex -2.700000e+001  6.000000e+000 -4.700000e+001
      vertex -4.888886e+001  6.000000e+000 -4.416294e+001
      vertex -4.923463e+001  6.000000e+000 -4.434776e+001
    endloop
  endfacet
  facet normal  0.000000e+000 -1.000000e+000  -0.000000e+000
    outer loop
      vertex -2.700000e+001  6.000000e+000 -4.700000e+001
      vertex -4.923463e+001  6.000000e+000 -4.434776e+001
      vertex -4.960982e+001  6.000000e+000 -4.446157e+001
    endloop
  endfacet
  facet normal  0.000000e+000 -1.000000e+000  -0.000000e+000
    outer loop
      vertex -2.700000e+001  6.000000e+000 -4.700000e+001
      vertex -4.960982e+001  6.000000e+000 -4.446157e+001
      vertex -5.000000e+001  6.000000e+000 -4.450000e+001
    endloop
  endfacet
  facet normal  0.000000e+000 -1.000000e+000  0.000000e+000
    outer loop
      vertex -3.989594e+001  6.000000e+000 -5.710406e+001
      vertex -1.000000e+001  6.000000e+000 -5.710406e+001
      vertex -2.700000e+001  6.000000e+000 -5.300000e+001
    endloop
  endfacet
  facet normal  -0.000000e+000 -1.000000e+000  0.000000e+000
    outer loop
      vertex -3.989594e+001  6.000000e+000 -5.710406e+001
      vertex -2.700000e+001  6.000000e+000 -5.300000e+001
      vertex -2.746930e+001  6.000000e+000 -5.296307e+001
    endloop
  endfacet
  facet normal  -0.000000e+000 -1.000000e+000  0.000000e+000
    outer loop
      vertex -3.989594e+001  6.000000e+000 -5.710406e+001
      vertex -2.746930e+001  6.000000e+000 -5.296307e+001
      vertex -2.792705e+001  6.000000e+000 -5.285317e+001
    endloop
  endfacet
  facet normal  -0.000000e+000 -1.000000e+000  0.000000e+000
    outer loop
      vertex -3.989594e+001  6.000000e+000 -5.710406e+001
      vertex -2.792705e+001  6.000000e+000 -5.285317e+001
      vertex -2.836197e+001  6.000000e+000 -5.267302e+001
    endloop
  endfacet
  facet normal  -0.000000e+000 -1.000000e+000  0.000000e+000
    outer loop
      vertex -3.989594e+001  6.000000e+000 -5.710406e+001
      vertex -2.836197e+001  6.000000e+000 -5.267302e+001
      vertex -2.876336e+001  6.000000e+000 -5.242705e+001
    endloop
  endfacet
  facet normal  -0.000000e+000 -1.000000e+000  0.000000e+000
    outer loop
      vertex -3.989594e+001  6.000000e+000 -5.710406e+001
      vertex -2.876336e+001  6.000000e+000 -5.242705e+001
      vertex -2.912132e+001  6.000000e+000 -5.212132e+001
    endloop
  endfacet
  facet normal  -0.000000e+000 -1.000000e+000  0.000000e+000
    outer loop
      vertex -3.989594e+001  6.000000e+000 -5.710406e+001
      vertex -2.912132e+001  6.000000e+000 -5.212132e+001
      vertex -2.942705e+001  6.000000e+000 -5.176336e+001
    endloop
  endfacet
  facet normal  -0.000000e+000 -9.999999e-001  0.000000e+000
    outer loop
      vertex -3.989594e+001  6.000000e+000 -5.710406e+001
      vertex -2.942705e+001  6.000000e+000 -5.176336e+001
      vertex -2.967302e+001  6.000000e+000 -5.136197e+001
    endloop
  endfacet
  facet normal  -0.000000e+000 -1.000000e+000  0.000000e+000
    outer loop
      vertex -3.989594e+001  6.000000e+000 -5.710406e+001
      vertex -2.967302e+001  6.000000e+000 -5.136197e+001
      vertex -2.985317e+001  6.000000e+000 -5.092705e+001
    endloop
  endfacet
  facet normal  -0.000000e+000 -1.000000e+000  0.000000e+000
    outer loop
      vertex -3.989594e+001  6.000000e+000 -5.710406e+001
      vertex -2.985317e+001  6.000000e+000 -5.092705e+001
      vertex -2.996306e+001  6.000000e+000 -5.046930e+001
    endloop
  endfacet
  facet normal  -0.000000e+000 -1.000000e+000  0.000000e+000
    outer loop
      vertex -3.989594e+001  6.000000e+000 -5.710406e+001
      vertex -2.996306e+001  6.000000e+000 -5.046930e+001
      vertex -3.000000e+001  6.000000e+000 -5.000000e+001
    endloop
  endfacet
  facet normal  -0.000000e+000 -1.000000e+000  0.000000e+000
    outer loop
      vertex -3.989594e+001  6.000000e+000 -5.710406e+001
      vertex -3.000000e+001  6.000000e+000 -5.000000e+001
      vertex -2.996306e+001  6.000000e+000 -4.953070e+001
    endloop
  endfacet
  facet normal  -0.000000e+000 -1.000000e+000  0.000000e+000
    outer loop
      vertex -3.989594e+001  6.000000e+000 -5.710406e+001
      vertex -2.996306e+001  6.000000e+000 -4.953070e+001
      vertex -4.750000e+001  6.000000e+000 -4.950000e+001
    endloop
  endfacet
  facet normal  0.000000e+000 -1.000000e+000  0.000000e+000
    outer loop
      vertex -1.000000e+001  6.000000e+000 -5.710406e+001
      vertex -2.523664e+001  6.000000e+000 -4.757295e+001
      vertex -2.487868e+001  6.000000e+000 -4.787868e+001
    endloop
  endfacet
  facet normal  0.000000e+000 -1.000000e+000  0.000000e+000
    outer loop
      vertex -1.000000e+001  6.000000e+000 -5.710406e+001
      vertex -2.487868e+001  6.000000e+000 -4.787868e+001
      vertex -2.457295e+001  6.000000e+000 -4.823664e+001
    endloop
  endfacet
  facet normal  0.000000e+000 -9.999999e-001  0.000000e+000
    outer loop
      vertex -1.000000e+001  6.000000e+000 -5.710406e+001
      vertex -2.457295e+001  6.000000e+000 -4.823664e+001
      vertex -2.432698e+001  6.000000e+000 -4.863803e+001
    endloop
  endfacet
  facet normal  0.000000e+000 -1.000000e+000  0.000000e+000
    outer loop
      vertex -1.000000e+001  6.000000e+000 -5.710406e+001
      vertex -2.432698e+001  6.000000e+000 -4.863803e+001
      vertex -2.414683e+001  6.000000e+000 -4.907295e+001
    endloop
  endfacet
  facet normal  0.000000e+000 -1.000000e+000  0.000000e+000
    outer loop
      vertex -1.000000e+001  6.000000e+000 -5.710406e+001
      vertex -2.414683e+001  6.000000e+000 -4.907295e+001
      vertex -2.403694e+001  6.000000e+000 -4.953070e+001
    endloop
  endfacet
  facet normal  0.000000e+000 -1.000000e+000  0.000000e+000
    outer loop
      vertex -1.000000e+001  6.000000e+000 -5.710406e+001
      vertex -2.403694e+001  6.000000e+000 -4.953070e+001
      vertex -2.400000e+001  6.000000e+000 -5.000000e+001
    endloop
  endfacet
  facet normal  0.000000e+000 -9.999999e-001  -0.000000e+000
    outer loop
      vertex -1.000000e+001  6.000000e+000 -5.710406e+001
      vertex -2.400000e+001  6.000000e+000 -5.000000e+001
      vertex -2.403694e+001  6.000000e+000 -5.046930e+001
    endloop
  endfacet
  facet normal  0.000000e+000 -1.000000e+000  -0.000000e+000
    outer loop
      vertex -1.000000e+001  6.000000e+000 -5.710406e+001
      vertex -2.403694e+001  6.000000e+000 -5.046930e+001
      vertex -2.414683e+001  6.000000e+000 -5.092705e+001
    endloop
  endfacet
  facet normal  0.000000e+000 -1.000000e+000  -0.000000e+000
    outer loop
      vertex -1.000000e+001  6.000000e+000 -5.710406e+001
      vertex -2.414683e+001  6.000000e+000 -5.092705e+001
      vertex -2.432698e+001  6.000000e+000 -5.136197e+001
    endloop
  endfacet
  facet normal  0.000000e+000 -1.000000e+000  -0.000000e+000
    outer loop
      vertex -1.000000e+001  6.000000e+000 -5.710406e+001
      vertex -2.432698e+001  6.000000e+000 -5.136197e+001
      vertex -2.457295e+001  6.000000e+000 -5.176336e+001
    endloop
  endfacet
  facet normal  0.000000e+000 -9.999999e-001  -0.000000e+000
    outer loop
      vertex -1.000000e+001  6.000000e+000 -5.710406e+001
      vertex -2.457295e+001  6.000000e+000 -5.176336e+001
      vertex -2.487868e+001  6.000000e+000 -5.212132e+001
    endloop
  endfacet
  facet normal  0.000000e+000 -1.000000e+000  -0.000000e+000
    outer loop
      vertex -1.000000e+001  6.000000e+000 -5.710406e+001
      vertex -2.487868e+001  6.000000e+000 -5.212132e+001
      vertex -2.523664e+001  6.000000e+000 -5.242705e+001
    endloop
  endfacet
  facet normal  0.000000e+000 -1.000000e+000  -0.000000e+000
    outer loop
      vertex -1.000000e+001  6.000000e+000 -5.710406e+001
      vertex -2.523664e+001  6.000000e+000 -5.242705e+001
      vertex -2.563803e+001  6.000000e+000 -5.267302e+001
    endloop
  endfacet
  facet normal  0.000000e+000 -1.000000e+000  -0.000000e+000
    outer loop
      vertex -1.000000e+001  6.000000e+000 -5.710406e+001
      vertex -2.563803e+001  6.000000e+000 -5.267302e+001
      vertex -2.607295e+001  6.000000e+000 -5.285317e+001
    endloop
  endfacet
  facet normal  0.000000e+000 -1.000000e+000  -0.000000e+000
    outer loop
      vertex -1.000000e+001  6.000000e+000 -5.710406e+001
      vertex -2.607295e+001  6.000000e+000 -5.285317e+001
      vertex -2.653070e+001  6.000000e+000 -5.296307e+001
    endloop
  endfacet
  facet normal  0.000000e+000 -1.000000e+000  -0.000000e+000
    outer loop
      vertex -1.000000e+001  6.000000e+000 -5.710406e+001
      vertex -2.653070e+001  6.000000e+000 -5.296307e+001
      vertex -2.700000e+001  6.000000e+000 -5.300000e+001
    endloop
  endfacet
  facet normal  -0.000000e+000  0.000000e+000 -1.000000e+000
    outer loop
      vertex -3.989594e+001  9.000000e+000 -5.710406e+001
      vertex -1.000000e+001  9.000000e+000 -5.710406e+001
      vertex -3.989594e+001  6.000000e+000 -5.710406e+001
    endloop
  endfacet
  facet normal  0.000000e+000  0.000000e+000 -1.000000e+000
    outer loop
      vertex -3.989594e+001  6.000000e+000 -5.710406e+001
      vertex -1.000000e+001  9.000000e+000 -5.710406e+001
      vertex -1.000000e+001  6.000000e+000 -5.710406e+001
    endloop
  endfacet
  facet normal  0.000000e+000  0.000000e+000  9.999999e-001
    outer loop
      vertex -4.677848e+001  9.000000e+000 -2.550000e+001
      vertex -4.677848e+001  6.000000e+000 -2.550000e+001
      vertex -1.000000e+001  9.000000e+000 -2.550000e+001
    endloop
  endfacet
  facet normal  0.000000e+000  0.000000e+000  9.999999e-001
    outer loop
      vertex -1.000000e+001  9.000000e+000 -2.550000e+001
      vertex -4.677848e+001  6.000000e+000 -2.550000e+001
      vertex -1.000000e+001  6.000000e+000 -2.550000e+001
    endloop
  endfacet
  facet normal  9.801622e-002  0.000000e+000 -9.951848e-001
    outer loop
      vertex -5.000000e+001  9.000000e+000 -2.550000e+001
      vertex -5.039018e+001  6.000000e+000 -2.553843e+001
      vertex -5.039018e+001  9.000000e+000 -2.553843e+001
    endloop
  endfacet
  facet normal  2.902869e-001  0.000000e+000 -9.569396e-001
    outer loop
      vertex -5.039018e+001  9.000000e+000 -2.553843e+001
      vertex -5.039018e+001  6.000000e+000 -2.553843e+001
      vertex -5.076537e+001  6.000000e+000 -2.565224e+001
    endloop
  endfacet
  facet normal  2.902869e-001  0.000000e+000 -9.569396e-001
    outer loop
      vertex -5.039018e+001  9.000000e+000 -2.553843e+001
      vertex -5.076537e+001  6.000000e+000 -2.565224e+001
      vertex -5.076537e+001  9.000000e+000 -2.565224e+001
    endloop
  endfacet
  facet normal  4.713953e-001  0.000000e+000 -8.819220e-001
    outer loop
      vertex -5.076537e+001  9.000000e+000 -2.565224e+001
      vertex -5.076537e+001  6.000000e+000 -2.565224e+001
      vertex -5.111114e+001  6.000000e+000 -2.583706e+001
    endloop
  endfacet
  facet normal  4.713953e-001  0.000000e+000 -8.819220e-001
    outer loop
      vertex -5.076537e+001  9.000000e+000 -2.565224e+001
      vertex -5.111114e+001  6.000000e+000 -2.583706e+001
      vertex -5.111114e+001  9.000000e+000 -2.583706e+001
    endloop
  endfacet
  facet normal  6.343927e-001  0.000000e+000 -7.730110e-001
    outer loop
      vertex -5.111114e+001  9.000000e+000 -2.583706e+001
      vertex -5.111114e+001  6.000000e+000 -2.583706e+001
      vertex -5.141422e+001  6.000000e+000 -2.608579e+001
    endloop
  endfacet
  facet normal  6.343927e-001  0.000000e+000 -7.730110e-001
    outer loop
      vertex -5.111114e+001  9.000000e+000 -2.583706e+001
      vertex -5.141422e+001  6.000000e+000 -2.608579e+001
      vertex -5.141422e+001  9.000000e+000 -2.608579e+001
    endloop
  endfacet
  facet normal  7.730090e-001  0.000000e+000 -6.343950e-001
    outer loop
      vertex -5.141422e+001  9.000000e+000 -2.608579e+001
      vertex -5.141422e+001  6.000000e+000 -2.608579e+001
      vertex -5.166294e+001  6.000000e+000 -2.638886e+001
    endloop
  endfacet
  facet normal  7.730090e-001  0.000000e+000 -6.343950e-001
    outer loop
      vertex -5.141422e+001  9.000000e+000 -2.608579e+001
      vertex -5.166294e+001  6.000000e+000 -2.638886e+001
      vertex -5.166294e+001  9.000000e+000 -2.638886e+001
    endloop
  endfacet
  facet normal  8.819230e-001  0.000000e+000 -4.713935e-001
    outer loop
      vertex -5.166294e+001  9.000000e+000 -2.638886e+001
      vertex -5.166294e+001  6.000000e+000 -2.638886e+001
      vertex -5.184776e+001  6.000000e+000 -2.673463e+001
    endloop
  endfacet
  facet normal  8.819230e-001  0.000000e+000 -4.713935e-001
    outer loop
      vertex -5.166294e+001  9.000000e+000 -2.638886e+001
      vertex -5.184776e+001  6.000000e+000 -2.673463e+001
      vertex -5.184776e+001  9.000000e+000 -2.673463e+001
    endloop
  endfacet
  facet normal  9.569405e-001  0.000000e+000 -2.902842e-001
    outer loop
      vertex -5.184776e+001  9.000000e+000 -2.673463e+001
      vertex -5.184776e+001  6.000000e+000 -2.673463e+001
      vertex -5.196157e+001  6.000000e+000 -2.710982e+001
    endloop
  endfacet
  facet normal  9.569405e-001  0.000000e+000 -2.902842e-001
    outer loop
      vertex -5.184776e+001  9.000000e+000 -2.673463e+001
      vertex -5.196157e+001  6.000000e+000 -2.710982e+001
      vertex -5.196157e+001  9.000000e+000 -2.710982e+001
    endloop
  endfacet
  facet normal  9.951848e-001  0.000000e+000 -9.801671e-002
    outer loop
      vertex -5.196157e+001  9.000000e+000 -2.710982e+001
      vertex -5.196157e+001  6.000000e+000 -2.710982e+001
      vertex -5.200000e+001  6.000000e+000 -2.750000e+001
    endloop
  endfacet
  facet normal  9.951848e-001  0.000000e+000 -9.801671e-002
    outer loop
      vertex -5.196157e+001  9.000000e+000 -2.710982e+001
      vertex -5.200000e+001  6.000000e+000 -2.750000e+001
      vertex -5.200000e+001  9.000000e+000 -2.750000e+001
    endloop
  endfacet
  facet normal  9.801622e-002  0.000000e+000 -9.951848e-001
    outer loop
      vertex -5.039018e+001  6.000000e+000 -2.553843e+001
      vertex -5.000000e+001  9.000000e+000 -2.550000e+001
      vertex -5.000000e+001  6.000000e+000 -2.550000e+001
    endloop
  endfacet
  facet normal -9.801622e-002  0.000000e+000 -9.951848e-001
    outer loop
      vertex -5.000000e+001  6.000000e+000 -2.550000e+001
      vertex -5.000000e+001  9.000000e+000 -2.550000e+001
      vertex -4.960982e+001  9.000000e+000 -2.553843e+001
    endloop
  endfacet
  facet normal -9.801622e-002  -0.000000e+000 -9.951848e-001
    outer loop
      vertex -5.000000e+001  6.000000e+000 -2.550000e+001
      vertex -4.960982e+001  9.000000e+000 -2.553843e+001
      vertex -4.960982e+001  6.000000e+000 -2.553843e+001
    endloop
  endfacet
  facet normal -2.902869e-001  0.000000e+000 -9.569396e-001
    outer loop
      vertex -4.960982e+001  6.000000e+000 -2.553843e+001
      vertex -4.960982e+001  9.000000e+000 -2.553843e+001
      vertex -4.923463e+001  9.000000e+000 -2.565224e+001
    endloop
  endfacet
  facet normal -2.902869e-001  -0.000000e+000 -9.569396e-001
    outer loop
      vertex -4.960982e+001  6.000000e+000 -2.553843e+001
      vertex -4.923463e+001  9.000000e+000 -2.565224e+001
      vertex -4.923463e+001  6.000000e+000 -2.565224e+001
    endloop
  endfacet
  facet normal -4.713953e-001  0.000000e+000 -8.819220e-001
    outer loop
      vertex -4.923463e+001  6.000000e+000 -2.565224e+001
      vertex -4.923463e+001  9.000000e+000 -2.565224e+001
      vertex -4.888886e+001  9.000000e+000 -2.583706e+001
    endloop
  endfacet
  facet normal -4.713953e-001  -0.000000e+000 -8.819220e-001
    outer loop
      vertex -4.923463e+001  6.000000e+000 -2.565224e+001
      vertex -4.888886e+001  9.000000e+000 -2.583706e+001
      vertex -4.888886e+001  6.000000e+000 -2.583706e+001
    endloop
  endfacet
  facet normal -6.343927e-001  0.000000e+000 -7.730110e-001
    outer loop
      vertex -4.888886e+001  6.000000e+000 -2.583706e+001
      vertex -4.888886e+001  9.000000e+000 -2.583706e+001
      vertex -4.858578e+001  9.000000e+000 -2.608579e+001
    endloop
  endfacet
  facet normal -6.343927e-001  -0.000000e+000 -7.730110e-001
    outer loop
      vertex -4.888886e+001  6.000000e+000 -2.583706e+001
      vertex -4.858578e+001  9.000000e+000 -2.608579e+001
      vertex -4.858578e+001  6.000000e+000 -2.608579e+001
    endloop
  endfacet
  facet normal -7.730090e-001  0.000000e+000 -6.343950e-001
    outer loop
      vertex -4.858578e+001  6.000000e+000 -2.608579e+001
      vertex -4.858578e+001  9.000000e+000 -2.608579e+001
      vertex -4.833706e+001  9.000000e+000 -2.638886e+001
    endloop
  endfacet
  facet normal -7.730090e-001  -0.000000e+000 -6.343950e-001
    outer loop
      vertex -4.858578e+001  6.000000e+000 -2.608579e+001
      vertex -4.833706e+001  9.000000e+000 -2.638886e+001
      vertex -4.833706e+001  6.000000e+000 -2.638886e+001
    endloop
  endfacet
  facet normal -8.819230e-001  0.000000e+000 -4.713935e-001
    outer loop
      vertex -4.833706e+001  6.000000e+000 -2.638886e+001
      vertex -4.833706e+001  9.000000e+000 -2.638886e+001
      vertex -4.815224e+001  9.000000e+000 -2.673463e+001
    endloop
  endfacet
  facet normal -8.819230e-001  -0.000000e+000 -4.713935e-001
    outer loop
      vertex -4.833706e+001  6.000000e+000 -2.638886e+001
      vertex -4.815224e+001  9.000000e+000 -2.673463e+001
      vertex -4.815224e+001  6.000000e+000 -2.673463e+001
    endloop
  endfacet
  facet normal -9.569405e-001  0.000000e+000 -2.902842e-001
    outer loop
      vertex -4.815224e+001  6.000000e+000 -2.673463e+001
      vertex -4.815224e+001  9.000000e+000 -2.673463e+001
      vertex -4.803843e+001  9.000000e+000 -2.710982e+001
    endloop
  endfacet
  facet normal -9.569405e-001  -0.000000e+000 -2.902842e-001
    outer loop
      vertex -4.815224e+001  6.000000e+000 -2.673463e+001
      vertex -4.803843e+001  9.000000e+000 -2.710982e+001
      vertex -4.803843e+001  6.000000e+000 -2.710982e+001
    endloop
  endfacet
  facet normal -9.951848e-001  0.000000e+000 -9.801671e-002
    outer loop
      vertex -4.803843e+001  6.000000e+000 -2.710982e+001
      vertex -4.803843e+001  9.000000e+000 -2.710982e+001
      vertex -4.800000e+001  9.000000e+000 -2.750000e+001
    endloop
  endfacet
  facet normal -9.951848e-001  -0.000000e+000 -9.801671e-002
    outer loop
      vertex -4.803843e+001  6.000000e+000 -2.710982e+001
      vertex -4.800000e+001  9.000000e+000 -2.750000e+001
      vertex -4.800000e+001  6.000000e+000 -2.750000e+001
    endloop
  endfacet
  facet normal -9.801622e-002  0.000000e+000  9.951848e-001
    outer loop
      vertex -5.000000e+001  9.000000e+000 -2.950000e+001
      vertex -4.960982e+001  6.000000e+000 -2.946157e+001
      vertex -4.960982e+001  9.000000e+000 -2.946157e+001
    endloop
  endfacet
  facet normal -2.902869e-001  0.000000e+000  9.569396e-001
    outer loop
      vertex -4.960982e+001  9.000000e+000 -2.946157e+001
      vertex -4.960982e+001  6.000000e+000 -2.946157e+001
      vertex -4.923463e+001  6.000000e+000 -2.934776e+001
    endloop
  endfacet
  facet normal -2.902869e-001  0.000000e+000  9.569396e-001
    outer loop
      vertex -4.960982e+001  9.000000e+000 -2.946157e+001
      vertex -4.923463e+001  6.000000e+000 -2.934776e+001
      vertex -4.923463e+001  9.000000e+000 -2.934776e+001
    endloop
  endfacet
  facet normal -4.713953e-001  0.000000e+000  8.819220e-001
    outer loop
      vertex -4.923463e+001  9.000000e+000 -2.934776e+001
      vertex -4.923463e+001  6.000000e+000 -2.934776e+001
      vertex -4.888886e+001  6.000000e+000 -2.916294e+001
    endloop
  endfacet
  facet normal -4.713953e-001  0.000000e+000  8.819220e-001
    outer loop
      vertex -4.923463e+001  9.000000e+000 -2.934776e+001
      vertex -4.888886e+001  6.000000e+000 -2.916294e+001
      vertex -4.888886e+001  9.000000e+000 -2.916294e+001
    endloop
  endfacet
  facet normal -6.343927e-001  0.000000e+000  7.730110e-001
    outer loop
      vertex -4.888886e+001  9.000000e+000 -2.916294e+001
      vertex -4.888886e+001  6.000000e+000 -2.916294e+001
      vertex -4.858578e+001  6.000000e+000 -2.891421e+001
    endloop
  endfacet
  facet normal -6.343927e-001  0.000000e+000  7.730110e-001
    outer loop
      vertex -4.888886e+001  9.000000e+000 -2.916294e+001
      vertex -4.858578e+001  6.000000e+000 -2.891421e+001
      vertex -4.858578e+001  9.000000e+000 -2.891421e+001
    endloop
  endfacet
  facet normal -7.730090e-001  0.000000e+000  6.343950e-001
    outer loop
      vertex -4.858578e+001  9.000000e+000 -2.891421e+001
      vertex -4.858578e+001  6.000000e+000 -2.891421e+001
      vertex -4.833706e+001  6.000000e+000 -2.861114e+001
    endloop
  endfacet
  facet normal -7.730090e-001  0.000000e+000  6.343950e-001
    outer loop
      vertex -4.858578e+001  9.000000e+000 -2.891421e+001
      vertex -4.833706e+001  6.000000e+000 -2.861114e+001
      vertex -4.833706e+001  9.000000e+000 -2.861114e+001
    endloop
  endfacet
  facet normal -8.819230e-001  0.000000e+000  4.713935e-001
    outer loop
      vertex -4.833706e+001  9.000000e+000 -2.861114e+001
      vertex -4.833706e+001  6.000000e+000 -2.861114e+001
      vertex -4.815224e+001  6.000000e+000 -2.826537e+001
    endloop
  endfacet
  facet normal -8.819230e-001  0.000000e+000  4.713935e-001
    outer loop
      vertex -4.833706e+001  9.000000e+000 -2.861114e+001
      vertex -4.815224e+001  6.000000e+000 -2.826537e+001
      vertex -4.815224e+001  9.000000e+000 -2.826537e+001
    endloop
  endfacet
  facet normal -9.569405e-001  0.000000e+000  2.902842e-001
    outer loop
      vertex -4.815224e+001  9.000000e+000 -2.826537e+001
      vertex -4.815224e+001  6.000000e+000 -2.826537e+001
      vertex -4.803843e+001  6.000000e+000 -2.789018e+001
    endloop
  endfacet
  facet normal -9.569405e-001  0.000000e+000  2.902842e-001
    outer loop
      vertex -4.815224e+001  9.000000e+000 -2.826537e+001
      vertex -4.803843e+001  6.000000e+000 -2.789018e+001
      vertex -4.803843e+001  9.000000e+000 -2.789018e+001
    endloop
  endfacet
  facet normal -9.951848e-001  0.000000e+000  9.801671e-002
    outer loop
      vertex -4.803843e+001  9.000000e+000 -2.789018e+001
      vertex -4.803843e+001  6.000000e+000 -2.789018e+001
      vertex -4.800000e+001  6.000000e+000 -2.750000e+001
    endloop
  endfacet
  facet normal -9.951848e-001  0.000000e+000  9.801671e-002
    outer loop
      vertex -4.803843e+001  9.000000e+000 -2.789018e+001
      vertex -4.800000e+001  6.000000e+000 -2.750000e+001
      vertex -4.800000e+001  9.000000e+000 -2.750000e+001
    endloop
  endfacet
  facet normal -9.801622e-002  0.000000e+000  9.951848e-001
    outer loop
      vertex -4.960982e+001  6.000000e+000 -2.946157e+001
      vertex -5.000000e+001  9.000000e+000 -2.950000e+001
      vertex -5.000000e+001  6.000000e+000 -2.950000e+001
    endloop
  endfacet
  facet normal  9.801622e-002  -0.000000e+000  9.951848e-001
    outer loop
      vertex -5.000000e+001  6.000000e+000 -2.950000e+001
      vertex -5.000000e+001  9.000000e+000 -2.950000e+001
      vertex -5.039018e+001  9.000000e+000 -2.946157e+001
    endloop
  endfacet
  facet normal  9.801622e-002  0.000000e+000  9.951848e-001
    outer loop
      vertex -5.000000e+001  6.000000e+000 -2.950000e+001
      vertex -5.039018e+001  9.000000e+000 -2.946157e+001
      vertex -5.039018e+001  6.000000e+000 -2.946157e+001
    endloop
  endfacet
  facet normal  2.902869e-001  -0.000000e+000  9.569396e-001
    outer loop
      vertex -5.039018e+001  6.000000e+000 -2.946157e+001
      vertex -5.039018e+001  9.000000e+000 -2.946157e+001
      vertex -5.076537e+001  9.000000e+000 -2.934776e+001
    endloop
  endfacet
  facet normal  2.902869e-001  0.000000e+000  9.569396e-001
    outer loop
      vertex -5.039018e+001  6.000000e+000 -2.946157e+001
      vertex -5.076537e+001  9.000000e+000 -2.934776e+001
      vertex -5.076537e+001  6.000000e+000 -2.934776e+001
    endloop
  endfacet
  facet normal  4.713953e-001  -0.000000e+000  8.819220e-001
    outer loop
      vertex -5.076537e+001  6.000000e+000 -2.934776e+001
      vertex -5.076537e+001  9.000000e+000 -2.934776e+001
      vertex -5.111114e+001  9.000000e+000 -2.916294e+001
    endloop
  endfacet
  facet normal  4.713953e-001  0.000000e+000  8.819220e-001
    outer loop
      vertex -5.076537e+001  6.000000e+000 -2.934776e+001
      vertex -5.111114e+001  9.000000e+000 -2.916294e+001
      vertex -5.111114e+001  6.000000e+000 -2.916294e+001
    endloop
  endfacet
  facet normal  6.343927e-001  -0.000000e+000  7.730110e-001
    outer loop
      vertex -5.111114e+001  6.000000e+000 -2.916294e+001
      vertex -5.111114e+001  9.000000e+000 -2.916294e+001
      vertex -5.141422e+001  9.000000e+000 -2.891421e+001
    endloop
  endfacet
  facet normal  6.343927e-001  0.000000e+000  7.730110e-001
    outer loop
      vertex -5.111114e+001  6.000000e+000 -2.916294e+001
      vertex -5.141422e+001  9.000000e+000 -2.891421e+001
      vertex -5.141422e+001  6.000000e+000 -2.891421e+001
    endloop
  endfacet
  facet normal  7.730090e-001  -0.000000e+000  6.343950e-001
    outer loop
      vertex -5.141422e+001  6.000000e+000 -2.891421e+001
      vertex -5.141422e+001  9.000000e+000 -2.891421e+001
      vertex -5.166294e+001  9.000000e+000 -2.861114e+001
    endloop
  endfacet
  facet normal  7.730090e-001  0.000000e+000  6.343950e-001
    outer loop
      vertex -5.141422e+001  6.000000e+000 -2.891421e+001
      vertex -5.166294e+001  9.000000e+000 -2.861114e+001
      vertex -5.166294e+001  6.000000e+000 -2.861114e+001
    endloop
  endfacet
  facet normal  8.819230e-001  -0.000000e+000  4.713935e-001
    outer loop
      vertex -5.166294e+001  6.000000e+000 -2.861114e+001
      vertex -5.166294e+001  9.000000e+000 -2.861114e+001
      vertex -5.184776e+001  9.000000e+000 -2.826537e+001
    endloop
  endfacet
  facet normal  8.819230e-001  0.000000e+000  4.713935e-001
    outer loop
      vertex -5.166294e+001  6.000000e+000 -2.861114e+001
      vertex -5.184776e+001  9.000000e+000 -2.826537e+001
      vertex -5.184776e+001  6.000000e+000 -2.826537e+001
    endloop
  endfacet
  facet normal  9.569405e-001  -0.000000e+000  2.902842e-001
    outer loop
      vertex -5.184776e+001  6.000000e+000 -2.826537e+001
      vertex -5.184776e+001  9.000000e+000 -2.826537e+001
      vertex -5.196157e+001  9.000000e+000 -2.789018e+001
    endloop
  endfacet
  facet normal  9.569405e-001  0.000000e+000  2.902842e-001
    outer loop
      vertex -5.184776e+001  6.000000e+000 -2.826537e+001
      vertex -5.196157e+001  9.000000e+000 -2.789018e+001
      vertex -5.196157e+001  6.000000e+000 -2.789018e+001
    endloop
  endfacet
  facet normal  9.951848e-001  -0.000000e+000  9.801671e-002
    outer loop
      vertex -5.196157e+001  6.000000e+000 -2.789018e+001
      vertex -5.196157e+001  9.000000e+000 -2.789018e+001
      vertex -5.200000e+001  9.000000e+000 -2.750000e+001
    endloop
  endfacet
  facet normal  9.951848e-001  0.000000e+000  9.801671e-002
    outer loop
      vertex -5.196157e+001  6.000000e+000 -2.789018e+001
      vertex -5.200000e+001  9.000000e+000 -2.750000e+001
      vertex -5.200000e+001  6.000000e+000 -2.750000e+001
    endloop
  endfacet
  facet normal  9.801622e-002  0.000000e+000 -9.951848e-001
    outer loop
      vertex -5.000000e+001  9.000000e+000 -4.050000e+001
      vertex -5.039018e+001  6.000000e+000 -4.053843e+001
      vertex -5.039018e+001  9.000000e+000 -4.053843e+001
    endloop
  endfacet
  facet normal  2.902869e-001  0.000000e+000 -9.569396e-001
    outer loop
      vertex -5.039018e+001  9.000000e+000 -4.053843e+001
      vertex -5.039018e+001  6.000000e+000 -4.053843e+001
      vertex -5.076537e+001  6.000000e+000 -4.065224e+001
    endloop
  endfacet
  facet normal  2.902869e-001  0.000000e+000 -9.569396e-001
    outer loop
      vertex -5.039018e+001  9.000000e+000 -4.053843e+001
      vertex -5.076537e+001  6.000000e+000 -4.065224e+001
      vertex -5.076537e+001  9.000000e+000 -4.065224e+001
    endloop
  endfacet
  facet normal  4.713915e-001  0.000000e+000 -8.819240e-001
    outer loop
      vertex -5.076537e+001  9.000000e+000 -4.065224e+001
      vertex -5.076537e+001  6.000000e+000 -4.065224e+001
      vertex -5.111114e+001  6.000000e+000 -4.083706e+001
    endloop
  endfacet
  facet normal  4.713915e-001  0.000000e+000 -8.819240e-001
    outer loop
      vertex -5.076537e+001  9.000000e+000 -4.065224e+001
      vertex -5.111114e+001  6.000000e+000 -4.083706e+001
      vertex -5.111114e+001  9.000000e+000 -4.083706e+001
    endloop
  endfacet
  facet normal  6.343927e-001  0.000000e+000 -7.730110e-001
    outer loop
      vertex -5.111114e+001  9.000000e+000 -4.083706e+001
      vertex -5.111114e+001  6.000000e+000 -4.083706e+001
      vertex -5.141422e+001  6.000000e+000 -4.108578e+001
    endloop
  endfacet
  facet normal  6.343927e-001  0.000000e+000 -7.730110e-001
    outer loop
      vertex -5.111114e+001  9.000000e+000 -4.083706e+001
      vertex -5.141422e+001  6.000000e+000 -4.108578e+001
      vertex -5.141422e+001  9.000000e+000 -4.108578e+001
    endloop
  endfacet
  facet normal  7.730110e-001  0.000000e+000 -6.343927e-001
    outer loop
      vertex -5.141422e+001  9.000000e+000 -4.108578e+001
      vertex -5.141422e+001  6.000000e+000 -4.108578e+001
      vertex -5.166294e+001  6.000000e+000 -4.138886e+001
    endloop
  endfacet
  facet normal  7.730110e-001  0.000000e+000 -6.343927e-001
    outer loop
      vertex -5.141422e+001  9.000000e+000 -4.108578e+001
      vertex -5.166294e+001  6.000000e+000 -4.138886e+001
      vertex -5.166294e+001  9.000000e+000 -4.138886e+001
    endloop
  endfacet
  facet normal  8.819240e-001  0.000000e+000 -4.713915e-001
    outer loop
      vertex -5.166294e+001  9.000000e+000 -4.138886e+001
      vertex -5.166294e+001  6.000000e+000 -4.138886e+001
      vertex -5.184776e+001  6.000000e+000 -4.173463e+001
    endloop
  endfacet
  facet normal  8.819240e-001  0.000000e+000 -4.713915e-001
    outer loop
      vertex -5.166294e+001  9.000000e+000 -4.138886e+001
      vertex -5.184776e+001  6.000000e+000 -4.173463e+001
      vertex -5.184776e+001  9.000000e+000 -4.173463e+001
    endloop
  endfacet
  facet normal  9.569396e-001  0.000000e+000 -2.902869e-001
    outer loop
      vertex -5.184776e+001  9.000000e+000 -4.173463e+001
      vertex -5.184776e+001  6.000000e+000 -4.173463e+001
      vertex -5.196157e+001  6.000000e+000 -4.210982e+001
    endloop
  endfacet
  facet normal  9.569396e-001  0.000000e+000 -2.902869e-001
    outer loop
      vertex -5.184776e+001  9.000000e+000 -4.173463e+001
      vertex -5.196157e+001  6.000000e+000 -4.210982e+001
      vertex -5.196157e+001  9.000000e+000 -4.210982e+001
    endloop
  endfacet
  facet normal  9.951848e-001  0.000000e+000 -9.801622e-002
    outer loop
      vertex -5.196157e+001  9.000000e+000 -4.210982e+001
      vertex -5.196157e+001  6.000000e+000 -4.210982e+001
      vertex -5.200000e+001  6.000000e+000 -4.250000e+001
    endloop
  endfacet
  facet normal  9.951848e-001  0.000000e+000 -9.801622e-002
    outer loop
      vertex -5.196157e+001  9.000000e+000 -4.210982e+001
      vertex -5.200000e+001  6.000000e+000 -4.250000e+001
      vertex -5.200000e+001  9.000000e+000 -4.250000e+001
    endloop
  endfacet
  facet normal  9.801622e-002  0.000000e+000 -9.951848e-001
    outer loop
      vertex -5.039018e+001  6.000000e+000 -4.053843e+001
      vertex -5.000000e+001  9.000000e+000 -4.050000e+001
      vertex -5.000000e+001  6.000000e+000 -4.050000e+001
    endloop
  endfacet
  facet normal -9.801622e-002  0.000000e+000 -9.951848e-001
    outer loop
      vertex -5.000000e+001  6.000000e+000 -4.050000e+001
      vertex -5.000000e+001  9.000000e+000 -4.050000e+001
      vertex -4.960982e+001  9.000000e+000 -4.053843e+001
    endloop
  endfacet
  facet normal -9.801622e-002  -0.000000e+000 -9.951848e-001
    outer loop
      vertex -5.000000e+001  6.000000e+000 -4.050000e+001
      vertex -4.960982e+001  9.000000e+000 -4.053843e+001
      vertex -4.960982e+001  6.000000e+000 -4.053843e+001
    endloop
  endfacet
  facet normal -2.902869e-001  0.000000e+000 -9.569396e-001
    outer loop
      vertex -4.960982e+001  6.000000e+000 -4.053843e+001
      vertex -4.960982e+001  9.000000e+000 -4.053843e+001
      vertex -4.923463e+001  9.000000e+000 -4.065224e+001
    endloop
  endfacet
  facet normal -2.902869e-001  -0.000000e+000 -9.569396e-001
    outer loop
      vertex -4.960982e+001  6.000000e+000 -4.053843e+001
      vertex -4.923463e+001  9.000000e+000 -4.065224e+001
      vertex -4.923463e+001  6.000000e+000 -4.065224e+001
    endloop
  endfacet
  facet normal -4.713915e-001  0.000000e+000 -8.819240e-001
    outer loop
      vertex -4.923463e+001  6.000000e+000 -4.065224e+001
      vertex -4.923463e+001  9.000000e+000 -4.065224e+001
      vertex -4.888886e+001  9.000000e+000 -4.083706e+001
    endloop
  endfacet
  facet normal -4.713915e-001  -0.000000e+000 -8.819240e-001
    outer loop
      vertex -4.923463e+001  6.000000e+000 -4.065224e+001
      vertex -4.888886e+001  9.000000e+000 -4.083706e+001
      vertex -4.888886e+001  6.000000e+000 -4.083706e+001
    endloop
  endfacet
  facet normal -6.343927e-001  0.000000e+000 -7.730110e-001
    outer loop
      vertex -4.888886e+001  6.000000e+000 -4.083706e+001
      vertex -4.888886e+001  9.000000e+000 -4.083706e+001
      vertex -4.858578e+001  9.000000e+000 -4.108578e+001
    endloop
  endfacet
  facet normal -6.343927e-001  -0.000000e+000 -7.730110e-001
    outer loop
      vertex -4.888886e+001  6.000000e+000 -4.083706e+001
      vertex -4.858578e+001  9.000000e+000 -4.108578e+001
      vertex -4.858578e+001  6.000000e+000 -4.108578e+001
    endloop
  endfacet
  facet normal -7.730110e-001  0.000000e+000 -6.343927e-001
    outer loop
      vertex -4.858578e+001  6.000000e+000 -4.108578e+001
      vertex -4.858578e+001  9.000000e+000 -4.108578e+001
      vertex -4.833706e+001  9.000000e+000 -4.138886e+001
    endloop
  endfacet
  facet normal -7.730110e-001  -0.000000e+000 -6.343927e-001
    outer loop
      vertex -4.858578e+001  6.000000e+000 -4.108578e+001
      vertex -4.833706e+001  9.000000e+000 -4.138886e+001
      vertex -4.833706e+001  6.000000e+000 -4.138886e+001
    endloop
  endfacet
  facet normal -8.819240e-001  0.000000e+000 -4.713915e-001
    outer loop
      vertex -4.833706e+001  6.000000e+000 -4.138886e+001
      vertex -4.833706e+001  9.000000e+000 -4.138886e+001
      vertex -4.815224e+001  9.000000e+000 -4.173463e+001
    endloop
  endfacet
  facet normal -8.819240e-001  -0.000000e+000 -4.713915e-001
    outer loop
      vertex -4.833706e+001  6.000000e+000 -4.138886e+001
      vertex -4.815224e+001  9.000000e+000 -4.173463e+001
      vertex -4.815224e+001  6.000000e+000 -4.173463e+001
    endloop
  endfacet
  facet normal -9.569396e-001  0.000000e+000 -2.902869e-001
    outer loop
      vertex -4.815224e+001  6.000000e+000 -4.173463e+001
      vertex -4.815224e+001  9.000000e+000 -4.173463e+001
      vertex -4.803843e+001  9.000000e+000 -4.210982e+001
    endloop
  endfacet
  facet normal -9.569396e-001  -0.000000e+000 -2.902869e-001
    outer loop
      vertex -4.815224e+001  6.000000e+000 -4.173463e+001
      vertex -4.803843e+001  9.000000e+000 -4.210982e+001
      vertex -4.803843e+001  6.000000e+000 -4.210982e+001
    endloop
  endfacet
  facet normal -9.951848e-001  0.000000e+000 -9.801622e-002
    outer loop
      vertex -4.803843e+001  6.000000e+000 -4.210982e+001
      vertex -4.803843e+001  9.000000e+000 -4.210982e+001
      vertex -4.800000e+001  9.000000e+000 -4.250000e+001
    endloop
  endfacet
  facet normal -9.951848e-001  -0.000000e+000 -9.801622e-002
    outer loop
      vertex -4.803843e+001  6.000000e+000 -4.210982e+001
      vertex -4.800000e+001  9.000000e+000 -4.250000e+001
      vertex -4.800000e+001  6.000000e+000 -4.250000e+001
    endloop
  endfacet
  facet normal -9.801622e-002  0.000000e+000  9.951848e-001
    outer loop
      vertex -5.000000e+001  9.000000e+000 -4.450000e+001
      vertex -4.960982e+001  6.000000e+000 -4.446157e+001
      vertex -4.960982e+001  9.000000e+000 -4.446157e+001
    endloop
  endfacet
  facet normal -2.902869e-001  0.000000e+000  9.569396e-001
    outer loop
      vertex -4.960982e+001  9.000000e+000 -4.446157e+001
      vertex -4.960982e+001  6.000000e+000 -4.446157e+001
      vertex -4.923463e+001  6.000000e+000 -4.434776e+001
    endloop
  endfacet
  facet normal -2.902869e-001  0.000000e+000  9.569396e-001
    outer loop
      vertex -4.960982e+001  9.000000e+000 -4.446157e+001
      vertex -4.923463e+001  6.000000e+000 -4.434776e+001
      vertex -4.923463e+001  9.000000e+000 -4.434776e+001
    endloop
  endfacet
  facet normal -4.713915e-001  0.000000e+000  8.819240e-001
    outer loop
      vertex -4.923463e+001  9.000000e+000 -4.434776e+001
      vertex -4.923463e+001  6.000000e+000 -4.434776e+001
      vertex -4.888886e+001  6.000000e+000 -4.416294e+001
    endloop
  endfacet
  facet normal -4.713915e-001  0.000000e+000  8.819240e-001
    outer loop
      vertex -4.923463e+001  9.000000e+000 -4.434776e+001
      vertex -4.888886e+001  6.000000e+000 -4.416294e+001
      vertex -4.888886e+001  9.000000e+000 -4.416294e+001
    endloop
  endfacet
  facet normal -6.343927e-001  0.000000e+000  7.730110e-001
    outer loop
      vertex -4.888886e+001  9.000000e+000 -4.416294e+001
      vertex -4.888886e+001  6.000000e+000 -4.416294e+001
      vertex -4.858578e+001  6.000000e+000 -4.391422e+001
    endloop
  endfacet
  facet normal -6.343927e-001  0.000000e+000  7.730110e-001
    outer loop
      vertex -4.888886e+001  9.000000e+000 -4.416294e+001
      vertex -4.858578e+001  6.000000e+000 -4.391422e+001
      vertex -4.858578e+001  9.000000e+000 -4.391422e+001
    endloop
  endfacet
  facet normal -7.730110e-001  0.000000e+000  6.343927e-001
    outer loop
      vertex -4.858578e+001  9.000000e+000 -4.391422e+001
      vertex -4.858578e+001  6.000000e+000 -4.391422e+001
      vertex -4.833706e+001  6.000000e+000 -4.361114e+001
    endloop
  endfacet
  facet normal -7.730110e-001  0.000000e+000  6.343927e-001
    outer loop
      vertex -4.858578e+001  9.000000e+000 -4.391422e+001
      vertex -4.833706e+001  6.000000e+000 -4.361114e+001
      vertex -4.833706e+001  9.000000e+000 -4.361114e+001
    endloop
  endfacet
  facet normal -8.819240e-001  0.000000e+000  4.713915e-001
    outer loop
      vertex -4.833706e+001  9.000000e+000 -4.361114e+001
      vertex -4.833706e+001  6.000000e+000 -4.361114e+001
      vertex -4.815224e+001  6.000000e+000 -4.326537e+001
    endloop
  endfacet
  facet normal -8.819240e-001  0.000000e+000  4.713915e-001
    outer loop
      vertex -4.833706e+001  9.000000e+000 -4.361114e+001
      vertex -4.815224e+001  6.000000e+000 -4.326537e+001
      vertex -4.815224e+001  9.000000e+000 -4.326537e+001
    endloop
  endfacet
  facet normal -9.569396e-001  0.000000e+000  2.902869e-001
    outer loop
      vertex -4.815224e+001  9.000000e+000 -4.326537e+001
      vertex -4.815224e+001  6.000000e+000 -4.326537e+001
      vertex -4.803843e+001  6.000000e+000 -4.289018e+001
    endloop
  endfacet
  facet normal -9.569396e-001  0.000000e+000  2.902869e-001
    outer loop
      vertex -4.815224e+001  9.000000e+000 -4.326537e+001
      vertex -4.803843e+001  6.000000e+000 -4.289018e+001
      vertex -4.803843e+001  9.000000e+000 -4.289018e+001
    endloop
  endfacet
  facet normal -9.951848e-001  0.000000e+000  9.801622e-002
    outer loop
      vertex -4.803843e+001  9.000000e+000 -4.289018e+001
      vertex -4.803843e+001  6.000000e+000 -4.289018e+001
      vertex -4.800000e+001  6.000000e+000 -4.250000e+001
    endloop
  endfacet
  facet normal -9.951848e-001  0.000000e+000  9.801622e-002
    outer loop
      vertex -4.803843e+001  9.000000e+000 -4.289018e+001
      vertex -4.800000e+001  6.000000e+000 -4.250000e+001
      vertex -4.800000e+001  9.000000e+000 -4.250000e+001
    endloop
  endfacet
  facet normal -9.801622e-002  0.000000e+000  9.951848e-001
    outer loop
      vertex -4.960982e+001  6.000000e+000 -4.446157e+001
      vertex -5.000000e+001  9.000000e+000 -4.450000e+001
      vertex -5.000000e+001  6.000000e+000 -4.450000e+001
    endloop
  endfacet
  facet normal  9.801622e-002  -0.000000e+000  9.951848e-001
    outer loop
      vertex -5.000000e+001  6.000000e+000 -4.450000e+001
      vertex -5.000000e+001  9.000000e+000 -4.450000e+001
      vertex -5.039018e+001  9.000000e+000 -4.446157e+001
    endloop
  endfacet
  facet normal  9.801622e-002  0.000000e+000  9.951848e-001
    outer loop
      vertex -5.000000e+001  6.000000e+000 -4.450000e+001
      vertex -5.039018e+001  9.000000e+000 -4.446157e+001
      vertex -5.039018e+001  6.000000e+000 -4.446157e+001
    endloop
  endfacet
  facet normal  2.902869e-001  -0.000000e+000  9.569396e-001
    outer loop
      vertex -5.039018e+001  6.000000e+000 -4.446157e+001
      vertex -5.039018e+001  9.000000e+000 -4.446157e+001
      vertex -5.076537e+001  9.000000e+000 -4.434776e+001
    endloop
  endfacet
  facet normal  2.902869e-001  0.000000e+000  9.569396e-001
    outer loop
      vertex -5.039018e+001  6.000000e+000 -4.446157e+001
      vertex -5.076537e+001  9.000000e+000 -4.434776e+001
      vertex -5.076537e+001  6.000000e+000 -4.434776e+001
    endloop
  endfacet
  facet normal  4.713915e-001  -0.000000e+000  8.819240e-001
    outer loop
      vertex -5.076537e+001  6.000000e+000 -4.434776e+001
      vertex -5.076537e+001  9.000000e+000 -4.434776e+001
      vertex -5.111114e+001  9.000000e+000 -4.416294e+001
    endloop
  endfacet
  facet normal  4.713915e-001  0.000000e+000  8.819240e-001
    outer loop
      vertex -5.076537e+001  6.000000e+000 -4.434776e+001
      vertex -5.111114e+001  9.000000e+000 -4.416294e+001
      vertex -5.111114e+001  6.000000e+000 -4.416294e+001
    endloop
  endfacet
  facet normal  6.343927e-001  -0.000000e+000  7.730110e-001
    outer loop
      vertex -5.111114e+001  6.000000e+000 -4.416294e+001
      vertex -5.111114e+001  9.000000e+000 -4.416294e+001
      vertex -5.141422e+001  9.000000e+000 -4.391422e+001
    endloop
  endfacet
  facet normal  6.343927e-001  0.000000e+000  7.730110e-001
    outer loop
      vertex -5.111114e+001  6.000000e+000 -4.416294e+001
      vertex -5.141422e+001  9.000000e+000 -4.391422e+001
      vertex -5.141422e+001  6.000000e+000 -4.391422e+001
    endloop
  endfacet
  facet normal  7.730110e-001  -0.000000e+000  6.343927e-001
    outer loop
      vertex -5.141422e+001  6.000000e+000 -4.391422e+001
      vertex -5.141422e+001  9.000000e+000 -4.391422e+001
      vertex -5.166294e+001  9.000000e+000 -4.361114e+001
    endloop
  endfacet
  facet normal  7.730110e-001  0.000000e+000  6.343927e-001
    outer loop
      vertex -5.141422e+001  6.000000e+000 -4.391422e+001
      vertex -5.166294e+001  9.000000e+000 -4.361114e+001
      vertex -5.166294e+001  6.000000e+000 -4.361114e+001
    endloop
  endfacet
  facet normal  8.819240e-001  -0.000000e+000  4.713915e-001
    outer loop
      vertex -5.166294e+001  6.000000e+000 -4.361114e+001
      vertex -5.166294e+001  9.000000e+000 -4.361114e+001
      vertex -5.184776e+001  9.000000e+000 -4.326537e+001
    endloop
  endfacet
  facet normal  8.819240e-001  0.000000e+000  4.713915e-001
    outer loop
      vertex -5.166294e+001  6.000000e+000 -4.361114e+001
      vertex -5.184776e+001  9.000000e+000 -4.326537e+001
      vertex -5.184776e+001  6.000000e+000 -4.326537e+001
    endloop
  endfacet
  facet normal  9.569396e-001  -0.000000e+000  2.902869e-001
    outer loop
      vertex -5.184776e+001  6.000000e+000 -4.326537e+001
      vertex -5.184776e+001  9.000000e+000 -4.326537e+001
      vertex -5.196157e+001  9.000000e+000 -4.289018e+001
    endloop
  endfacet
  facet normal  9.569396e-001  0.000000e+000  2.902869e-001
    outer loop
      vertex -5.184776e+001  6.000000e+000 -4.326537e+001
      vertex -5.196157e+001  9.000000e+000 -4.289018e+001
      vertex -5.196157e+001  6.000000e+000 -4.289018e+001
    endloop
  endfacet
  facet normal  9.951848e-001  -0.000000e+000  9.801622e-002
    outer loop
      vertex -5.196157e+001  6.000000e+000 -4.289018e+001
      vertex -5.196157e+001  9.000000e+000 -4.289018e+001
      vertex -5.200000e+001  9.000000e+000 -4.250000e+001
    endloop
  endfacet
  facet normal  9.951848e-001  0.000000e+000  9.801622e-002
    outer loop
      vertex -5.196157e+001  6.000000e+000 -4.289018e+001
      vertex -5.200000e+001  9.000000e+000 -4.250000e+001
      vertex -5.200000e+001  6.000000e+000 -4.250000e+001
    endloop
  endfacet
  facet normal -7.071068e-001  0.000000e+000 -7.071068e-001
    outer loop
      vertex -3.989594e+001  6.000000e+000 -5.710406e+001
      vertex -4.750000e+001  6.000000e+000 -4.950000e+001
      vertex -3.989594e+001  9.000000e+000 -5.710406e+001
    endloop
  endfacet
  facet normal -7.071068e-001  0.000000e+000 -7.071068e-001
    outer loop
      vertex -3.989594e+001  9.000000e+000 -5.710406e+001
      vertex -4.750000e+001  6.000000e+000 -4.950000e+001
      vertex -4.750000e+001  9.000000e+000 -4.950000e+001
    endloop
  endfacet
  facet normal  0.000000e+000  0.000000e+000 -1.000000e+000
    outer loop
      vertex -4.750000e+001  6.000000e+000 -4.950000e+001
      vertex -5.200000e+001  6.000000e+000 -4.950000e+001
      vertex -4.750000e+001  9.000000e+000 -4.950000e+001
    endloop
  endfacet
  facet normal  -0.000000e+000  0.000000e+000 -1.000000e+000
    outer loop
      vertex -4.750000e+001  9.000000e+000 -4.950000e+001
      vertex -5.200000e+001  6.000000e+000 -4.950000e+001
      vertex -5.200000e+001  9.000000e+000 -4.950000e+001
    endloop
  endfacet
  facet normal -7.071068e-001  0.000000e+000 -7.071068e-001
    outer loop
      vertex -5.200000e+001  6.000000e+000 -4.950000e+001
      vertex -5.700000e+001  6.000000e+000 -4.450000e+001
      vertex -5.200000e+001  9.000000e+000 -4.950000e+001
    endloop
  endfacet
  facet normal -7.071068e-001  0.000000e+000 -7.071068e-001
    outer loop
      vertex -5.200000e+001  9.000000e+000 -4.950000e+001
      vertex -5.700000e+001  6.000000e+000 -4.450000e+001
      vertex -5.700000e+001  9.000000e+000 -4.450000e+001
    endloop
  endfacet
  facet normal -1.000000e+000  0.000000e+000  0.000000e+000
    outer loop
      vertex -5.700000e+001  6.000000e+000 -4.450000e+001
      vertex -5.700000e+001  6.000000e+000 -2.550000e+001
      vertex -5.700000e+001  9.000000e+000 -4.450000e+001
    endloop
  endfacet
  facet normal -1.000000e+000  0.000000e+000  0.000000e+000
    outer loop
      vertex -5.700000e+001  9.000000e+000 -4.450000e+001
      vertex -5.700000e+001  6.000000e+000 -2.550000e+001
      vertex -5.700000e+001  9.000000e+000 -2.550000e+001
    endloop
  endfacet
  facet normal -7.071068e-001  0.000000e+000  7.071068e-001
    outer loop
      vertex -5.700000e+001  6.000000e+000 -2.550000e+001
      vertex -5.200000e+001  6.000000e+000 -2.050000e+001
      vertex -5.700000e+001  9.000000e+000 -2.550000e+001
    endloop
  endfacet
  facet normal -7.071068e-001  0.000000e+000  7.071068e-001
    outer loop
      vertex -5.700000e+001  9.000000e+000 -2.550000e+001
      vertex -5.200000e+001  6.000000e+000 -2.050000e+001
      vertex -5.200000e+001  9.000000e+000 -2.050000e+001
    endloop
  endfacet
  facet normal  0.000000e+000  0.000000e+000  9.999999e-001
    outer loop
      vertex -5.200000e+001  6.000000e+000 -2.050000e+001
      vertex -4.677848e+001  6.000000e+000 -2.050000e+001
      vertex -5.200000e+001  9.000000e+000 -2.050000e+001
    endloop
  endfacet
  facet normal  -0.000000e+000  0.000000e+000  9.999999e-001
    outer loop
      vertex -5.200000e+001  9.000000e+000 -2.050000e+001
      vertex -4.677848e+001  6.000000e+000 -2.050000e+001
      vertex -4.677848e+001  9.000000e+000 -2.050000e+001
    endloop
  endfacet
  facet normal  1.000000e+000  -0.000000e+000  0.000000e+000
    outer loop
      vertex -4.677848e+001  9.000000e+000 -2.050000e+001
      vertex -4.677848e+001  6.000000e+000 -2.050000e+001
      vertex -4.677848e+001  9.000000e+000 -2.550000e+001
    endloop
  endfacet
  facet normal  1.000000e+000  0.000000e+000  0.000000e+000
    outer loop
      vertex -4.677848e+001  9.000000e+000 -2.550000e+001
      vertex -4.677848e+001  6.000000e+000 -2.050000e+001
      vertex -4.677848e+001  6.000000e+000 -2.550000e+001
    endloop
  endfacet
  facet normal -1.689401e-004  7.338854e-001  6.792731e-001
    outer loop
      vertex  1.000000e+000  3.120839e+001 -1.552551e+001
      vertex  1.000000e+000  3.017649e+001 -1.441065e+001
      vertex  4.000000e+000  3.019040e+001 -1.442493e+001
    endloop
  endfacet
  facet normal  1.685522e-004  6.984440e-001  7.156646e-001
    outer loop
      vertex  4.000000e+000  2.910416e+001 -1.336483e+001
      vertex  4.000000e+000  3.019040e+001 -1.442493e+001
      vertex  1.000000e+000  3.017649e+001 -1.441065e+001
    endloop
  endfacet
  facet normal -1.798993e-004  6.979444e-001  7.161518e-001
    outer loop
      vertex  1.000000e+000  3.017649e+001 -1.441065e+001
      vertex  1.000000e+000  2.908856e+001 -1.335038e+001
      vertex  4.000000e+000  2.910416e+001 -1.336483e+001
    endloop
  endfacet
  facet normal  1.797552e-004  6.607100e-001  7.506412e-001
    outer loop
      vertex  4.000000e+000  2.796484e+001 -1.236200e+001
      vertex  4.000000e+000  2.910416e+001 -1.336483e+001
      vertex  1.000000e+000  2.908856e+001 -1.335038e+001
    endloop
  endfacet
  facet normal -1.909576e-004  6.601520e-001  7.511320e-001
    outer loop
      vertex  1.000000e+000  2.908856e+001 -1.335038e+001
      vertex  1.000000e+000  2.794750e+001 -1.234753e+001
      vertex  4.000000e+000  2.796484e+001 -1.236200e+001
    endloop
  endfacet
  facet normal  1.908507e-004  6.212270e-001  7.836306e-001
    outer loop
      vertex  4.000000e+000  2.677544e+001 -1.141911e+001
      vertex  4.000000e+000  2.796484e+001 -1.236200e+001
      vertex  1.000000e+000  2.794750e+001 -1.234753e+001
    endloop
  endfacet
  facet normal -2.018073e-004  6.206094e-001  7.841198e-001
    outer loop
      vertex  1.000000e+000  2.794750e+001 -1.234753e+001
      vertex  1.000000e+000  2.675632e+001 -1.140474e+001
      vertex  4.000000e+000  2.677544e+001 -1.141911e+001
    endloop
  endfacet
  facet normal  2.020809e-004  5.801003e-001  8.145450e-001
    outer loop
      vertex  4.000000e+000  2.553913e+001 -1.053863e+001
      vertex  4.000000e+000  2.677544e+001 -1.141911e+001
      vertex  1.000000e+000  2.675632e+001 -1.140474e+001
    endloop
  endfacet
  facet normal -2.129709e-004  5.794212e-001  8.150283e-001
    outer loop
      vertex  1.000000e+000  2.675632e+001 -1.140474e+001
      vertex  1.000000e+000  2.551819e+001 -1.052453e+001
      vertex  4.000000e+000  2.553913e+001 -1.053863e+001
    endloop
  endfacet
  facet normal  2.129779e-004  5.374369e-001  8.433039e-001
    outer loop
      vertex  4.000000e+000  2.425916e+001 -9.722909e+000
      vertex  4.000000e+000  2.553913e+001 -1.053863e+001
      vertex  1.000000e+000  2.551819e+001 -1.052453e+001
    endloop
  endfacet
  facet normal -2.238398e-004  5.366963e-001  8.437755e-001
    outer loop
      vertex  1.000000e+000  2.551819e+001 -1.052453e+001
      vertex  1.000000e+000  2.423639e+001 -9.709218e+000
      vertex  4.000000e+000  2.425916e+001 -9.722909e+000
    endloop
  endfacet
  facet normal  2.241333e-004  4.933514e-001  8.698301e-001
    outer loop
      vertex  4.000000e+000  2.293894e+001 -8.974101e+000
      vertex  4.000000e+000  2.425916e+001 -9.722909e+000
      vertex  1.000000e+000  2.423639e+001 -9.709218e+000
    endloop
  endfacet
  facet normal -2.348790e-004  4.925480e-001  8.702853e-001
    outer loop
      vertex  1.000000e+000  2.423639e+001 -9.709218e+000
      vertex  1.000000e+000  2.291431e+001 -8.960976e+000
      vertex  4.000000e+000  2.293894e+001 -8.974101e+000
    endloop
  endfacet
  facet normal  2.350538e-004  4.479604e-001  8.940535e-001
    outer loop
      vertex  4.000000e+000  2.158194e+001 -8.294188e+000
      vertex  4.000000e+000  2.293894e+001 -8.974101e+000
      vertex  1.000000e+000  2.291431e+001 -8.960976e+000
    endloop
  endfacet
  facet normal -2.460661e-004  4.470941e-001  8.944870e-001
    outer loop
      vertex  1.000000e+000  2.291431e+001 -8.960976e+000
      vertex  1.000000e+000  2.155548e+001 -8.281783e+000
      vertex  4.000000e+000  2.158194e+001 -8.294188e+000
    endloop
  endfacet
  facet normal  2.458209e-004  4.013823e-001  9.159106e-001
    outer loop
      vertex  4.000000e+000  2.019178e+001 -7.684970e+000
      vertex  4.000000e+000  2.158194e+001 -8.294188e+000
      vertex  1.000000e+000  2.155548e+001 -8.281783e+000
    endloop
  endfacet
  facet normal -2.570742e-004  4.004537e-001  9.163169e-001
    outer loop
      vertex  1.000000e+000  2.155548e+001 -8.281783e+000
      vertex  1.000000e+000  2.016347e+001 -7.673443e+000
      vertex  4.000000e+000  2.019178e+001 -7.684970e+000
    endloop
  endfacet
  facet normal  2.567277e-004  3.537422e-001  9.353429e-001
    outer loop
      vertex  4.000000e+000  1.877211e+001 -7.148061e+000
      vertex  4.000000e+000  2.019178e+001 -7.684970e+000
      vertex  1.000000e+000  2.016347e+001 -7.673443e+000
    endloop
  endfacet
  facet normal -2.679222e-004  3.527522e-001  9.357168e-001
    outer loop
      vertex  1.000000e+000  2.016347e+001 -7.673443e+000
      vertex  1.000000e+000  1.874200e+001 -7.137568e+000
      vertex  4.000000e+000  1.877211e+001 -7.148061e+000
    endloop
  endfacet
  facet normal  2.677395e-004  3.051657e-001  9.522993e-001
    outer loop
      vertex  4.000000e+000  1.732672e+001 -6.684881e+000
      vertex  4.000000e+000  1.877211e+001 -7.148061e+000
      vertex  1.000000e+000  1.874200e+001 -7.137568e+000
    endloop
  endfacet
  facet normal -2.787855e-004  3.041147e-001  9.526353e-001
    outer loop
      vertex  1.000000e+000  1.874200e+001 -7.137568e+000
      vertex  1.000000e+000  1.729483e+001 -6.675579e+000
      vertex  4.000000e+000  1.732672e+001 -6.684881e+000
    endloop
  endfacet
  facet normal  2.786970e-004  2.557816e-001  9.667346e-001
    outer loop
      vertex  4.000000e+000  1.585941e+001 -6.296656e+000
      vertex  4.000000e+000  1.732672e+001 -6.684881e+000
      vertex  1.000000e+000  1.729483e+001 -6.675579e+000
    endloop
  endfacet
  facet normal -2.897350e-004  2.546709e-001  9.670277e-001
    outer loop
      vertex  1.000000e+000  1.729483e+001 -6.675579e+000
      vertex  1.000000e+000  1.582579e+001 -6.288701e+000
      vertex  4.000000e+000  1.585941e+001 -6.296656e+000
    endloop
  endfacet
  facet normal  2.895185e-004  2.057203e-001  9.786108e-001
    outer loop
      vertex  4.000000e+000  1.437407e+001 -5.984414e+000
      vertex  4.000000e+000  1.585941e+001 -6.296656e+000
      vertex  1.000000e+000  1.582579e+001 -6.288701e+000
    endloop
  endfacet
  facet normal -3.006665e-004  2.045520e-001  9.788556e-001
    outer loop
      vertex  1.000000e+000  1.582579e+001 -6.288701e+000
      vertex  1.000000e+000  1.433878e+001 -5.977961e+000
      vertex  4.000000e+000  1.437407e+001 -5.984414e+000
    endloop
  endfacet
  facet normal  3.003292e-004  1.551142e-001  9.878965e-001
    outer loop
      vertex  4.000000e+000  1.287464e+001 -5.748981e+000
      vertex  4.000000e+000  1.437407e+001 -5.984414e+000
      vertex  1.000000e+000  1.433878e+001 -5.977961e+000
    endloop
  endfacet
  facet normal -3.114443e-004  1.538906e-001  9.880878e-001
    outer loop
      vertex  1.000000e+000  1.433878e+001 -5.977961e+000
      vertex  1.000000e+000  1.283775e+001 -5.744181e+000
      vertex  4.000000e+000  1.287464e+001 -5.748981e+000
    endloop
  endfacet
  facet normal  3.112572e-004  1.040978e-001  9.945671e-001
    outer loop
      vertex  4.000000e+000  1.136509e+001 -5.590982e+000
      vertex  4.000000e+000  1.287464e+001 -5.748981e+000
      vertex  1.000000e+000  1.283775e+001 -5.744181e+000
    endloop
  endfacet
  facet normal -3.223090e-004  1.028209e-001  9.946998e-001
    outer loop
      vertex  1.000000e+000  1.283775e+001 -5.744181e+000
      vertex  1.000000e+000  1.132668e+001 -5.587983e+000
      vertex  4.000000e+000  1.136509e+001 -5.590982e+000
    endloop
  endfacet
  facet normal  3.220361e-004  5.280591e-002  9.986048e-001
    outer loop
      vertex  4.000000e+000  9.849411e+000 -5.510833e+000
      vertex  4.000000e+000  1.136509e+001 -5.590982e+000
      vertex  1.000000e+000  1.132668e+001 -5.587983e+000
    endloop
  endfacet
  facet normal -3.332772e-004  5.147872e-002  9.986740e-001
    outer loop
      vertex  1.000000e+000  1.132668e+001 -5.587983e+000
      vertex  1.000000e+000  9.809564e+000 -5.509780e+000
      vertex  4.000000e+000  9.849411e+000 -5.510833e+000
    endloop
  endfacet
  facet normal  3.327080e-004  1.373523e-003  9.999990e-001
    outer loop
      vertex  4.000000e+000  8.331614e+000 -5.508749e+000
      vertex  4.000000e+000  9.849411e+000 -5.510833e+000
      vertex  1.000000e+000  9.809564e+000 -5.509780e+000
    endloop
  endfacet
  facet normal -3.439586e-004  0.000000e+000  1.000000e+000
    outer loop
      vertex  1.000000e+000  9.809564e+000 -5.509780e+000
      vertex  1.000000e+000  8.290437e+000 -5.509780e+000
      vertex  4.000000e+000  8.331614e+000 -5.508749e+000
    endloop
  endfacet
  facet normal  3.435989e-004 -5.006165e-002  9.987461e-001
    outer loop
      vertex  4.000000e+000  6.815718e+000 -5.584732e+000
      vertex  4.000000e+000  8.331614e+000 -5.508749e+000
      vertex  1.000000e+000  8.290437e+000 -5.509780e+000
    endloop
  endfacet
  facet normal -3.547974e-004 -5.147872e-002  9.986740e-001
    outer loop
      vertex  1.000000e+000  8.290437e+000 -5.509780e+000
      vertex  1.000000e+000  6.773324e+000 -5.587983e+000
      vertex  4.000000e+000  6.815718e+000 -5.584732e+000
    endloop
  endfacet
  facet normal  3.543007e-004 -1.013649e-001  9.948493e-001
    outer loop
      vertex  4.000000e+000  5.305737e+000 -5.738584e+000
      vertex  4.000000e+000  6.815718e+000 -5.584732e+000
      vertex  1.000000e+000  6.773324e+000 -5.587983e+000
    endloop
  endfacet
  facet normal -3.654654e-004 -1.028209e-001  9.946997e-001
    outer loop
      vertex  1.000000e+000  6.773324e+000 -5.587983e+000
      vertex  1.000000e+000  5.262249e+000 -5.744181e+000
      vertex  4.000000e+000  5.305737e+000 -5.738584e+000
    endloop
  endfacet
  facet normal  3.651401e-004 -1.523995e-001  9.883189e-001
    outer loop
      vertex  4.000000e+000  3.805668e+000 -5.969895e+000
      vertex  4.000000e+000  5.305737e+000 -5.738584e+000
      vertex  1.000000e+000  5.262249e+000 -5.744181e+000
    endloop
  endfacet
  facet normal -3.762345e-004 -1.538906e-001  9.880878e-001
    outer loop
      vertex  1.000000e+000  5.262249e+000 -5.744181e+000
      vertex  1.000000e+000  3.761218e+000 -5.977961e+000
      vertex  4.000000e+000  3.805668e+000 -5.969895e+000
    endloop
  endfacet
  facet normal  3.758274e-004 -2.030307e-001  9.791722e-001
    outer loop
      vertex  4.000000e+000  2.319481e+000 -6.278055e+000
      vertex  4.000000e+000  3.805668e+000 -5.969895e+000
      vertex  1.000000e+000  3.761218e+000 -5.977961e+000
    endloop
  endfacet
  facet normal -3.869337e-004 -2.045520e-001  9.788556e-001
    outer loop
      vertex  1.000000e+000  3.761218e+000 -5.977961e+000
      vertex  1.000000e+000  2.274212e+000 -6.288701e+000
      vertex  4.000000e+000  2.319481e+000 -6.278055e+000
    endloop
  endfacet
  facet normal -3.821863e-004 -3.041147e-001  9.526353e-001
    outer loop
      vertex  1.000000e+000  8.051738e-001 -6.675579e+000
      vertex  1.000000e+000 -6.420003e-001 -7.137568e+000
      vertex  4.000000e+000 -5.986177e-001 -7.122515e+000
    endloop
  endfacet
  facet normal  3.827185e-004 -3.513255e-001  9.362534e-001
    outer loop
      vertex  4.000000e+000 -2.022696e+000 -7.656895e+000
      vertex  4.000000e+000 -5.986177e-001 -7.122515e+000
      vertex  1.000000e+000 -6.420003e-001 -7.137568e+000
    endloop
  endfacet
  facet normal -3.667976e-004 -3.527521e-001  9.357167e-001
    outer loop
      vertex  1.000000e+000 -6.420003e-001 -7.137568e+000
      vertex  1.000000e+000 -2.063473e+000 -7.673443e+000
      vertex  4.000000e+000 -2.022696e+000 -7.656895e+000
    endloop
  endfacet
  facet normal  3.671858e-004 -3.991164e-001  9.169002e-001
    outer loop
      vertex  4.000000e+000 -3.417338e+000 -8.263967e+000
      vertex  4.000000e+000 -2.022696e+000 -7.656895e+000
      vertex  1.000000e+000 -2.063473e+000 -7.673443e+000
    endloop
  endfacet
  facet normal -3.512017e-004 -4.004538e-001  9.163169e-001
    outer loop
      vertex  1.000000e+000 -2.063473e+000 -7.673443e+000
      vertex  1.000000e+000 -3.455475e+000 -8.281783e+000
      vertex  4.000000e+000 -3.417338e+000 -8.263967e+000
    endloop
  endfacet
  facet normal  3.517793e-004 -4.458458e-001  8.951097e-001
    outer loop
      vertex  4.000000e+000 -4.778835e+000 -8.942116e+000
      vertex  4.000000e+000 -3.417338e+000 -8.263967e+000
      vertex  1.000000e+000 -3.455475e+000 -8.281783e+000
    endloop
  endfacet
  facet normal -3.358791e-004 -4.470939e-001  8.944868e-001
    outer loop
      vertex  1.000000e+000 -3.455475e+000 -8.281783e+000
      vertex  1.000000e+000 -4.814314e+000 -8.960976e+000
      vertex  4.000000e+000 -4.778835e+000 -8.942116e+000
    endloop
  endfacet
  facet normal  3.360200e-004 -4.913908e-001  8.709391e-001
    outer loop
      vertex  4.000000e+000 -6.103569e+000 -9.689541e+000
      vertex  4.000000e+000 -4.778835e+000 -8.942116e+000
      vertex  1.000000e+000 -4.814314e+000 -8.960976e+000
    endloop
  endfacet
  facet normal -3.198974e-004 -4.925477e-001  8.702855e-001
    outer loop
      vertex  1.000000e+000 -4.814314e+000 -8.960976e+000
      vertex  1.000000e+000 -6.136388e+000 -9.709218e+000
      vertex  4.000000e+000 -6.103569e+000 -9.689541e+000
    endloop
  endfacet
  facet normal  3.208256e-004 -5.356283e-001  8.444538e-001
    outer loop
      vertex  4.000000e+000 -7.388016e+000 -1.050425e+001
      vertex  4.000000e+000 -6.103569e+000 -9.689541e+000
      vertex  1.000000e+000 -6.136388e+000 -9.709218e+000
    endloop
  endfacet
  facet normal -3.046757e-004 -5.366966e-001  8.437753e-001
    outer loop
      vertex  1.000000e+000 -6.136388e+000 -9.709218e+000
      vertex  1.000000e+000 -7.418190e+000 -1.052453e+001
      vertex  4.000000e+000 -7.388016e+000 -1.050425e+001
    endloop
  endfacet
  facet normal  3.048045e-004 -5.784425e-001  8.157231e-001
    outer loop
      vertex  4.000000e+000 -8.628763e+000 -1.138409e+001
      vertex  4.000000e+000 -7.388016e+000 -1.050425e+001
      vertex  1.000000e+000 -7.418190e+000 -1.052453e+001
    endloop
  endfacet
  facet normal -2.890194e-004 -5.794209e-001  8.150284e-001
    outer loop
      vertex  1.000000e+000 -7.418190e+000 -1.052453e+001
      vertex  1.000000e+000 -8.656322e+000 -1.140474e+001
      vertex  4.000000e+000 -8.628763e+000 -1.138409e+001
    endloop
  endfacet
  facet normal  2.891336e-004 -6.197193e-001  7.848235e-001
    outer loop
      vertex  4.000000e+000 -9.822511e+000 -1.232670e+001
      vertex  4.000000e+000 -8.628763e+000 -1.138409e+001
      vertex  1.000000e+000 -8.656322e+000 -1.140474e+001
    endloop
  endfacet
  facet normal -2.731529e-004 -6.206094e-001  7.841198e-001
    outer loop
      vertex  1.000000e+000 -8.656322e+000 -1.140474e+001
      vertex  1.000000e+000 -9.847499e+000 -1.234753e+001
      vertex  4.000000e+000 -9.822511e+000 -1.232670e+001
    endloop
  endfacet
  facet normal  2.735775e-004 -6.593478e-001  7.518380e-001
    outer loop
      vertex  4.000000e+000 -1.096609e+001 -1.332960e+001
      vertex  4.000000e+000 -9.822511e+000 -1.232670e+001
      vertex  1.000000e+000 -9.847499e+000 -1.234753e+001
    endloop
  endfacet
  facet normal -2.575826e-004 -6.601523e-001  7.511317e-001
    outer loop
      vertex  1.000000e+000 -9.847499e+000 -1.234753e+001
      vertex  1.000000e+000 -1.098856e+001 -1.335038e+001
      vertex  4.000000e+000 -1.096609e+001 -1.332960e+001
    endloop
  endfacet
  facet normal  2.576441e-004 -6.972238e-001  7.168536e-001
    outer loop
      vertex  4.000000e+000 -1.205645e+001 -1.439010e+001
      vertex  4.000000e+000 -1.096609e+001 -1.332960e+001
      vertex  1.000000e+000 -1.098856e+001 -1.335038e+001
    endloop
  endfacet
  facet normal -2.418368e-004 -6.979441e-001  7.161522e-001
    outer loop
      vertex  1.000000e+000 -1.098856e+001 -1.335038e+001
      vertex  1.000000e+000 -1.207649e+001 -1.441065e+001
      vertex  4.000000e+000 -1.205645e+001 -1.439010e+001
    endloop
  endfacet
  facet normal  2.418167e-004 -7.332467e-001  6.799627e-001
    outer loop
      vertex  4.000000e+000 -1.309070e+001 -1.550540e+001
      vertex  4.000000e+000 -1.205645e+001 -1.439010e+001
      vertex  1.000000e+000 -1.207649e+001 -1.441065e+001
    endloop
  endfacet
  facet normal -2.257503e-004 -7.338854e-001  6.792731e-001
    outer loop
      vertex  1.000000e+000 -1.207649e+001 -1.441065e+001
      vertex  1.000000e+000 -1.310839e+001 -1.552551e+001
      vertex  4.000000e+000 -1.309070e+001 -1.550540e+001
    endloop
  endfacet
  facet normal  2.262285e-004 -7.673190e-001  6.412655e-001
    outer loop
      vertex  4.000000e+000 -1.406609e+001 -1.667252e+001
      vertex  4.000000e+000 -1.309070e+001 -1.550540e+001
      vertex  1.000000e+000 -1.310839e+001 -1.552551e+001
    endloop
  endfacet
  facet normal -2.099574e-004 -7.678803e-001  6.405933e-001
    outer loop
      vertex  1.000000e+000 -1.310839e+001 -1.552551e+001
      vertex  1.000000e+000 -1.408153e+001 -1.669202e+001
      vertex  4.000000e+000 -1.406609e+001 -1.667252e+001
    endloop
  endfacet
  facet normal  2.102799e-004 -7.993525e-001  6.008624e-001
    outer loop
      vertex  4.000000e+000 -1.498003e+001 -1.788837e+001
      vertex  4.000000e+000 -1.406609e+001 -1.667252e+001
      vertex  1.000000e+000 -1.408153e+001 -1.669202e+001
    endloop
  endfacet
  facet normal -1.940541e-004 -7.998394e-001  6.002141e-001
    outer loop
      vertex  1.000000e+000 -1.408153e+001 -1.669202e+001
      vertex  1.000000e+000 -1.499334e+001 -1.790708e+001
      vertex  4.000000e+000 -1.498003e+001 -1.788837e+001
    endloop
  endfacet
  facet normal  1.943387e-004 -8.292602e-001  5.588626e-001
    outer loop
      vertex  4.000000e+000 -1.583008e+001 -1.914971e+001
      vertex  4.000000e+000 -1.498003e+001 -1.788837e+001
      vertex  1.000000e+000 -1.499334e+001 -1.790708e+001
    endloop
  endfacet
  facet normal -1.779481e-004 -8.296767e-001  5.582442e-001
    outer loop
      vertex  1.000000e+000 -1.499334e+001 -1.790708e+001
      vertex  1.000000e+000 -1.584138e+001 -1.916746e+001
      vertex  4.000000e+000 -1.583008e+001 -1.914971e+001
    endloop
  endfacet
  facet normal  1.785388e-004 -8.569639e-001  5.153763e-001
    outer loop
      vertex  4.000000e+000 -1.661399e+001 -2.045318e+001
      vertex  4.000000e+000 -1.583008e+001 -1.914971e+001
      vertex  1.000000e+000 -1.584138e+001 -1.916746e+001
    endloop
  endfacet
  facet normal -1.618375e-004 -8.573146e-001  5.147928e-001
    outer loop
      vertex  1.000000e+000 -1.584138e+001 -1.916746e+001
      vertex  1.000000e+000 -1.662341e+001 -2.046983e+001
      vertex  4.000000e+000 -1.661399e+001 -2.045318e+001
    endloop
  endfacet
  facet normal  1.626470e-004 -8.823888e-001  4.705212e-001
    outer loop
      vertex  4.000000e+000 -1.732967e+001 -2.179533e+001
      vertex  4.000000e+000 -1.661399e+001 -2.045318e+001
      vertex  1.000000e+000 -1.662341e+001 -2.046983e+001
    endloop
  endfacet
  facet normal  3.865489e-004 -2.531245e-001  9.674336e-001
    outer loop
      vertex  4.000000e+000  8.511117e-001 -6.662247e+000
      vertex  4.000000e+000  2.319481e+000 -6.278055e+000
      vertex  1.000000e+000  2.274212e+000 -6.288701e+000
    endloop
  endfacet
  facet normal -3.976058e-004 -2.546710e-001  9.670278e-001
    outer loop
      vertex  4.000000e+000  8.511117e-001 -6.662247e+000
      vertex  1.000000e+000  2.274212e+000 -6.288701e+000
      vertex  1.000000e+000  8.051738e-001 -6.675579e+000
    endloop
  endfacet
  facet normal  3.981450e-004 -3.026006e-001  9.531174e-001
    outer loop
      vertex  4.000000e+000  8.511117e-001 -6.662247e+000
      vertex  1.000000e+000  8.051738e-001 -6.675579e+000
      vertex  4.000000e+000 -5.986177e-001 -7.122515e+000
    endloop
  endfacet
  facet normal  -0.000000e+000  9.996691e-001  2.572373e-002
    outer loop
      vertex  4.000000e+000  3.855000e+001 -3.500000e+001
      vertex  1.000000e+000  3.855000e+001 -3.500000e+001
      vertex  4.000000e+000  3.851096e+001 -3.348270e+001
    endloop
  endfacet
  facet normal -1.148768e-005  9.996685e-001  2.574643e-002
    outer loop
      vertex  4.000000e+000  3.851096e+001 -3.348270e+001
      vertex  1.000000e+000  3.855000e+001 -3.500000e+001
      vertex  1.000000e+000  3.851089e+001 -3.348138e+001
    endloop
  endfacet
  facet normal  1.130075e-005  9.970228e-001  7.710827e-002
    outer loop
      vertex  4.000000e+000  3.851096e+001 -3.348270e+001
      vertex  1.000000e+000  3.851089e+001 -3.348138e+001
      vertex  4.000000e+000  3.839392e+001 -3.196942e+001
    endloop
  endfacet
  facet normal -2.327216e-005  9.970174e-001  7.717646e-002
    outer loop
      vertex  4.000000e+000  3.839392e+001 -3.196942e+001
      vertex  1.000000e+000  3.851089e+001 -3.348138e+001
      vertex  1.000000e+000  3.839365e+001 -3.196678e+001
    endloop
  endfacet
  facet normal  2.224953e-005  9.917371e-001  1.282869e-001
    outer loop
      vertex  4.000000e+000  3.839392e+001 -3.196942e+001
      vertex  1.000000e+000  3.839365e+001 -3.196678e+001
      vertex  4.000000e+000  3.819921e+001 -3.046417e+001
    endloop
  endfacet
  facet normal -3.445457e-005  9.917226e-001  1.283982e-001
    outer loop
      vertex  4.000000e+000  3.819921e+001 -3.046417e+001
      vertex  1.000000e+000  3.839365e+001 -3.196678e+001
      vertex  1.000000e+000  3.819859e+001 -3.046023e+001
    endloop
  endfacet
  facet normal  3.376216e-005  9.838261e-001  1.791261e-001
    outer loop
      vertex  4.000000e+000  3.819921e+001 -3.046417e+001
      vertex  1.000000e+000  3.819859e+001 -3.046023e+001
      vertex  4.000000e+000  3.792733e+001 -2.897092e+001
    endloop
  endfacet
  facet normal -4.557734e-005  9.837980e-001  1.792808e-001
    outer loop
      vertex  4.000000e+000  3.792733e+001 -2.897092e+001
      vertex  1.000000e+000  3.819859e+001 -3.046023e+001
      vertex  1.000000e+000  3.792624e+001 -2.896571e+001
    endloop
  endfacet
  facet normal  4.530698e-005  9.733110e-001  2.294901e-001
    outer loop
      vertex  4.000000e+000  3.792733e+001 -2.897092e+001
      vertex  1.000000e+000  3.792624e+001 -2.896571e+001
      vertex  4.000000e+000  3.757901e+001 -2.749363e+001
    endloop
  endfacet
  facet normal -5.764419e-005  9.732641e-001  2.296889e-001
    outer loop
      vertex  4.000000e+000  3.757901e+001 -2.749363e+001
      vertex  1.000000e+000  3.792624e+001 -2.896571e+001
      vertex  1.000000e+000  3.757732e+001 -2.748720e+001
    endloop
  endfacet
  facet normal  5.584444e-005  9.602188e-001  2.792488e-001
    outer loop
      vertex  4.000000e+000  3.757901e+001 -2.749363e+001
      vertex  1.000000e+000  3.757732e+001 -2.748720e+001
      vertex  4.000000e+000  3.715517e+001 -2.603621e+001
    endloop
  endfacet
  facet normal -6.770087e-005  9.601502e-001  2.794843e-001
    outer loop
      vertex  4.000000e+000  3.715517e+001 -2.603621e+001
      vertex  1.000000e+000  3.757732e+001 -2.748720e+001
      vertex  1.000000e+000  3.715274e+001 -2.602861e+001
    endloop
  endfacet
  facet normal  6.836605e-005  9.445854e-001  3.282657e-001
    outer loop
      vertex  4.000000e+000  3.715517e+001 -2.603621e+001
      vertex  1.000000e+000  3.715274e+001 -2.602861e+001
      vertex  4.000000e+000  3.665693e+001 -2.460252e+001
    endloop
  endfacet
  facet normal -7.971201e-005  9.444888e-001  3.285436e-001
    outer loop
      vertex  4.000000e+000  3.665693e+001 -2.460252e+001
      vertex  1.000000e+000  3.715274e+001 -2.602861e+001
      vertex  1.000000e+000  3.665364e+001 -2.459381e+001
    endloop
  endfacet
  facet normal  7.889402e-005  9.264508e-001  3.764157e-001
    outer loop
      vertex  4.000000e+000  3.665693e+001 -2.460252e+001
      vertex  1.000000e+000  3.665364e+001 -2.459381e+001
      vertex  4.000000e+000  3.608560e+001 -2.319635e+001
    endloop
  endfacet
  facet normal -9.012703e-005  9.263242e-001  3.767271e-001
    outer loop
      vertex  4.000000e+000  3.608560e+001 -2.319635e+001
      vertex  1.000000e+000  3.665364e+001 -2.459381e+001
      vertex  1.000000e+000  3.608135e+001 -2.318661e+001
    endloop
  endfacet
  facet normal  9.096222e-005  9.058653e-001  4.235659e-001
    outer loop
      vertex  4.000000e+000  3.608560e+001 -2.319635e+001
      vertex  1.000000e+000  3.608135e+001 -2.318661e+001
      vertex  4.000000e+000  3.544271e+001 -2.182143e+001
    endloop
  endfacet
  facet normal -1.020239e-004  9.057025e-001  4.239138e-001
    outer loop
      vertex  4.000000e+000  3.544271e+001 -2.182143e+001
      vertex  1.000000e+000  3.608135e+001 -2.318661e+001
      vertex  1.000000e+000  3.543737e+001 -2.181073e+001
    endloop
  endfacet
  facet normal  1.015253e-004  8.828795e-001  4.695995e-001
    outer loop
      vertex  4.000000e+000  3.544271e+001 -2.182143e+001
      vertex  1.000000e+000  3.543737e+001 -2.181073e+001
      vertex  4.000000e+000  3.472996e+001 -2.048140e+001
    endloop
  endfacet
  facet normal -1.129464e-004  8.826788e-001  4.699767e-001
    outer loop
      vertex  4.000000e+000  3.472996e+001 -2.048140e+001
      vertex  1.000000e+000  3.543737e+001 -2.181073e+001
      vertex  1.000000e+000  3.472342e+001 -2.046983e+001
    endloop
  endfacet
  facet normal  1.130601e-004  8.575575e-001  5.143882e-001
    outer loop
      vertex  4.000000e+000  3.472996e+001 -2.048140e+001
      vertex  1.000000e+000  3.472342e+001 -2.046983e+001
      vertex  4.000000e+000  3.394922e+001 -1.917980e+001
    endloop
  endfacet
  facet normal -1.235950e-004  8.573146e-001  5.147928e-001
    outer loop
      vertex  4.000000e+000  3.394922e+001 -1.917980e+001
      vertex  1.000000e+000  3.472342e+001 -2.046983e+001
      vertex  1.000000e+000  3.394138e+001 -1.916746e+001
    endloop
  endfacet
  facet normal  1.247538e-004  8.299661e-001  5.578138e-001
    outer loop
      vertex  4.000000e+000  3.394922e+001 -1.917980e+001
      vertex  1.000000e+000  3.394138e+001 -1.916746e+001
      vertex  4.000000e+000  3.310257e+001 -1.792007e+001
    endloop
  endfacet
  facet normal -1.356823e-004  8.296760e-001  5.582451e-001
    outer loop
      vertex  4.000000e+000  3.310257e+001 -1.792007e+001
      vertex  1.000000e+000  3.394138e+001 -1.916746e+001
      vertex  1.000000e+000  3.309333e+001 -1.790708e+001
    endloop
  endfacet
  facet normal  1.349999e-004  8.001769e-001  5.997641e-001
    outer loop
      vertex  4.000000e+000  3.310257e+001 -1.792007e+001
      vertex  1.000000e+000  3.309333e+001 -1.790708e+001
      vertex  4.000000e+000  3.219225e+001 -1.670557e+001
    endloop
  endfacet
  facet normal -1.463451e-004  7.998396e-001  6.002137e-001
    outer loop
      vertex  4.000000e+000  3.219225e+001 -1.670557e+001
      vertex  1.000000e+000  3.309333e+001 -1.790708e+001
      vertex  1.000000e+000  3.218153e+001 -1.669202e+001
    endloop
  endfacet
  facet normal  1.466577e-004  7.682700e-001  6.401259e-001
    outer loop
      vertex  4.000000e+000  3.219225e+001 -1.670557e+001
      vertex  1.000000e+000  3.218153e+001 -1.669202e+001
      vertex  4.000000e+000  3.122067e+001 -1.553949e+001
    endloop
  endfacet
  facet normal -1.577568e-004  7.678803e-001  6.405933e-001
    outer loop
      vertex  4.000000e+000  3.122067e+001 -1.553949e+001
      vertex  1.000000e+000  3.218153e+001 -1.669202e+001
      vertex  1.000000e+000  3.120839e+001 -1.552551e+001
    endloop
  endfacet
  facet normal  1.574953e-004  7.343290e-001  6.787937e-001
    outer loop
      vertex  4.000000e+000  3.122067e+001 -1.553949e+001
      vertex  1.000000e+000  3.120839e+001 -1.552551e+001
      vertex  4.000000e+000  3.019040e+001 -1.442493e+001
    endloop
  endfacet
  facet normal  0.000000e+000 -9.996684e-001  2.574894e-002
    outer loop
      vertex  1.000000e+000 -2.045000e+001 -3.500000e+001
      vertex  4.000000e+000 -2.045000e+001 -3.500000e+001
      vertex  1.000000e+000 -2.041088e+001 -3.348138e+001
    endloop
  endfacet
  facet normal  1.599056e-005 -9.996676e-001  2.578050e-002
    outer loop
      vertex  1.000000e+000 -2.041088e+001 -3.348138e+001
      vertex  4.000000e+000 -2.045000e+001 -3.500000e+001
      vertex  4.000000e+000 -2.041079e+001 -3.347947e+001
    endloop
  endfacet
  facet normal -1.683659e-005 -9.970176e-001  7.717521e-002
    outer loop
      vertex  1.000000e+000 -2.041088e+001 -3.348138e+001
      vertex  4.000000e+000 -2.041079e+001 -3.347947e+001
      vertex  1.000000e+000 -2.029365e+001 -3.196678e+001
    endloop
  endfacet
  facet normal  3.256811e-005 -9.970100e-001  7.727261e-002
    outer loop
      vertex  1.000000e+000 -2.029365e+001 -3.196678e+001
      vertex  4.000000e+000 -2.041079e+001 -3.347947e+001
      vertex  4.000000e+000 -2.029325e+001 -3.196297e+001
    endloop
  endfacet
  facet normal -3.297145e-005 -9.917226e-001  1.283982e-001
    outer loop
      vertex  1.000000e+000 -2.029365e+001 -3.196678e+001
      vertex  4.000000e+000 -2.029325e+001 -3.196297e+001
      vertex  1.000000e+000 -2.009859e+001 -3.046023e+001
    endloop
  endfacet
  facet normal  4.884333e-005 -9.917019e-001  1.285589e-001
    outer loop
      vertex  1.000000e+000 -2.009859e+001 -3.046023e+001
      vertex  4.000000e+000 -2.029325e+001 -3.196297e+001
      vertex  4.000000e+000 -2.009771e+001 -3.045456e+001
    endloop
  endfacet
  facet normal -4.938922e-005 -9.837980e-001  1.792808e-001
    outer loop
      vertex  1.000000e+000 -2.009859e+001 -3.046023e+001
      vertex  4.000000e+000 -2.009771e+001 -3.045456e+001
      vertex  1.000000e+000 -1.982624e+001 -2.896571e+001
    endloop
  endfacet
  facet normal  6.532703e-005 -9.837572e-001  1.795045e-001
    outer loop
      vertex  1.000000e+000 -1.982624e+001 -2.896571e+001
      vertex  4.000000e+000 -2.009771e+001 -3.045456e+001
      vertex  4.000000e+000 -1.982468e+001 -2.895822e+001
    endloop
  endfacet
  facet normal -6.544331e-005 -9.732644e-001  2.296877e-001
    outer loop
      vertex  1.000000e+000 -1.982624e+001 -2.896571e+001
      vertex  4.000000e+000 -1.982468e+001 -2.895822e+001
      vertex  1.000000e+000 -1.947732e+001 -2.748720e+001
    endloop
  endfacet
  facet normal  8.162383e-005 -9.731973e-001  2.299718e-001
    outer loop
      vertex  1.000000e+000 -1.947732e+001 -2.748720e+001
      vertex  4.000000e+000 -1.982468e+001 -2.895822e+001
      vertex  4.000000e+000 -1.947488e+001 -2.747795e+001
    endloop
  endfacet
  facet normal -8.165547e-005 -9.601499e-001  2.794855e-001
    outer loop
      vertex  1.000000e+000 -1.947732e+001 -2.748720e+001
      vertex  4.000000e+000 -1.947488e+001 -2.747795e+001
      vertex  1.000000e+000 -1.905274e+001 -2.602861e+001
    endloop
  endfacet
  facet normal  9.826229e-005 -9.600499e-001  2.798288e-001
    outer loop
      vertex  1.000000e+000 -1.905274e+001 -2.602861e+001
      vertex  4.000000e+000 -1.947488e+001 -2.747795e+001
      vertex  4.000000e+000 -1.904925e+001 -2.601768e+001
    endloop
  endfacet
  facet normal -9.742091e-005 -9.444891e-001  3.285425e-001
    outer loop
      vertex  1.000000e+000 -1.905274e+001 -2.602861e+001
      vertex  4.000000e+000 -1.904925e+001 -2.601768e+001
      vertex  1.000000e+000 -1.855365e+001 -2.459381e+001
    endloop
  endfacet
  facet normal  1.137860e-004 -9.443510e-001  3.289394e-001
    outer loop
      vertex  1.000000e+000 -1.855365e+001 -2.459381e+001
      vertex  4.000000e+000 -1.904925e+001 -2.601768e+001
      vertex  4.000000e+000 -1.854892e+001 -2.458128e+001
    endloop
  endfacet
  facet normal -1.142335e-004 -9.263238e-001  3.767282e-001
    outer loop
      vertex  1.000000e+000 -1.855365e+001 -2.459381e+001
      vertex  4.000000e+000 -1.854892e+001 -2.458128e+001
      vertex  1.000000e+000 -1.798135e+001 -2.318661e+001
    endloop
  endfacet
  facet normal  1.300312e-004 -9.261404e-001  3.771790e-001
    outer loop
      vertex  1.000000e+000 -1.798135e+001 -2.318661e+001
      vertex  4.000000e+000 -1.854892e+001 -2.458128e+001
      vertex  4.000000e+000 -1.797522e+001 -2.317259e+001
    endloop
  endfacet
  facet normal -1.302019e-004 -9.057021e-001  4.239148e-001
    outer loop
      vertex  1.000000e+000 -1.798135e+001 -2.318661e+001
      vertex  4.000000e+000 -1.797522e+001 -2.317259e+001
      vertex  1.000000e+000 -1.733737e+001 -2.181073e+001
    endloop
  endfacet
  facet normal  1.456868e-004 -9.054686e-001  4.244133e-001
    outer loop
      vertex  1.000000e+000 -1.733737e+001 -2.181073e+001
      vertex  4.000000e+000 -1.797522e+001 -2.317259e+001
      vertex  4.000000e+000 -1.732967e+001 -2.179533e+001
    endloop
  endfacet
  facet normal -1.467355e-004 -8.826793e-001  4.699757e-001
    outer loop
      vertex  1.000000e+000 -1.733737e+001 -2.181073e+001
      vertex  4.000000e+000 -1.732967e+001 -2.179533e+001
      vertex  1.000000e+000 -1.662341e+001 -2.046983e+001
    endloop
  endfacet
  facet normal  1.620562e-004 -8.823893e-001 -4.705201e-001
    outer loop
      vertex  4.000000e+000 -1.732967e+001 -4.820467e+001
      vertex  1.000000e+000 -1.662341e+001 -4.953017e+001
      vertex  4.000000e+000 -1.661399e+001 -4.954682e+001
    endloop
  endfacet
  facet normal -1.624878e-004 -8.573150e-001 -5.147923e-001
    outer loop
      vertex  4.000000e+000 -1.661399e+001 -4.954682e+001
      vertex  1.000000e+000 -1.662341e+001 -4.953017e+001
      vertex  1.000000e+000 -1.584138e+001 -5.083254e+001
    endloop
  endfacet
  facet normal  1.785343e-004 -8.569636e-001 -5.153769e-001
    outer loop
      vertex  4.000000e+000 -1.661399e+001 -4.954682e+001
      vertex  1.000000e+000 -1.584138e+001 -5.083254e+001
      vertex  4.000000e+000 -1.583008e+001 -5.085029e+001
    endloop
  endfacet
  facet normal -1.779481e-004 -8.296767e-001 -5.582442e-001
    outer loop
      vertex  4.000000e+000 -1.583008e+001 -5.085029e+001
      vertex  1.000000e+000 -1.584138e+001 -5.083254e+001
      vertex  1.000000e+000 -1.499334e+001 -5.209292e+001
    endloop
  endfacet
  facet normal  1.943387e-004 -8.292602e-001 -5.588626e-001
    outer loop
      vertex  4.000000e+000 -1.583008e+001 -5.085029e+001
      vertex  1.000000e+000 -1.499334e+001 -5.209292e+001
      vertex  4.000000e+000 -1.498003e+001 -5.211163e+001
    endloop
  endfacet
  facet normal -1.940541e-004 -7.998394e-001 -6.002141e-001
    outer loop
      vertex  4.000000e+000 -1.498003e+001 -5.211163e+001
      vertex  1.000000e+000 -1.499334e+001 -5.209292e+001
      vertex  1.000000e+000 -1.408153e+001 -5.330798e+001
    endloop
  endfacet
  facet normal  2.102799e-004 -7.993525e-001 -6.008624e-001
    outer loop
      vertex  4.000000e+000 -1.498003e+001 -5.211163e+001
      vertex  1.000000e+000 -1.408153e+001 -5.330798e+001
      vertex  4.000000e+000 -1.406609e+001 -5.332748e+001
    endloop
  endfacet
  facet normal -2.099574e-004 -7.678803e-001 -6.405933e-001
    outer loop
      vertex  4.000000e+000 -1.406609e+001 -5.332748e+001
      vertex  1.000000e+000 -1.408153e+001 -5.330798e+001
      vertex  1.000000e+000 -1.310839e+001 -5.447449e+001
    endloop
  endfacet
  facet normal  2.264286e-004 -7.673188e-001 -6.412658e-001
    outer loop
      vertex  4.000000e+000 -1.406609e+001 -5.332748e+001
      vertex  1.000000e+000 -1.310839e+001 -5.447449e+001
      vertex  4.000000e+000 -1.309070e+001 -5.449460e+001
    endloop
  endfacet
  facet normal -2.255383e-004 -7.338852e-001 -6.792735e-001
    outer loop
      vertex  4.000000e+000 -1.309070e+001 -5.449460e+001
      vertex  1.000000e+000 -1.310839e+001 -5.447449e+001
      vertex  1.000000e+000 -1.207649e+001 -5.558935e+001
    endloop
  endfacet
  facet normal  2.413924e-004 -7.332473e-001 -6.799621e-001
    outer loop
      vertex  4.000000e+000 -1.309070e+001 -5.449460e+001
      vertex  1.000000e+000 -1.207649e+001 -5.558935e+001
      vertex  4.000000e+000 -1.205645e+001 -5.560990e+001
    endloop
  endfacet
  facet normal -2.422791e-004 -6.979451e-001 -7.161513e-001
    outer loop
      vertex  4.000000e+000 -1.205645e+001 -5.560990e+001
      vertex  1.000000e+000 -1.207649e+001 -5.558935e+001
      vertex  1.000000e+000 -1.098856e+001 -5.664962e+001
    endloop
  endfacet
  facet normal  2.578719e-004 -6.972238e-001 -7.168536e-001
    outer loop
      vertex  4.000000e+000 -1.205645e+001 -5.560990e+001
      vertex  1.000000e+000 -1.098856e+001 -5.664962e+001
      vertex  4.000000e+000 -1.096609e+001 -5.667040e+001
    endloop
  endfacet
  facet normal -2.573532e-004 -6.601516e-001 -7.511324e-001
    outer loop
      vertex  4.000000e+000 -1.096609e+001 -5.667040e+001
      vertex  1.000000e+000 -1.098856e+001 -5.664962e+001
      vertex  1.000000e+000 -9.847499e+000 -5.765247e+001
    endloop
  endfacet
  facet normal  2.740404e-004 -6.593467e-001 -7.518389e-001
    outer loop
      vertex  4.000000e+000 -1.096609e+001 -5.667040e+001
      vertex  1.000000e+000 -9.847499e+000 -5.765247e+001
      vertex  4.000000e+000 -9.822511e+000 -5.767329e+001
    endloop
  endfacet
  facet normal -2.726601e-004 -6.206090e-001 -7.841201e-001
    outer loop
      vertex  4.000000e+000 -9.822511e+000 -5.767329e+001
      vertex  1.000000e+000 -9.847499e+000 -5.765247e+001
      vertex  1.000000e+000 -8.656322e+000 -5.859526e+001
    endloop
  endfacet
  facet normal  2.888950e-004 -6.197200e-001 -7.848229e-001
    outer loop
      vertex  4.000000e+000 -9.822511e+000 -5.767329e+001
      vertex  1.000000e+000 -8.656322e+000 -5.859526e+001
      vertex  4.000000e+000 -8.628763e+000 -5.861591e+001
    endloop
  endfacet
  facet normal -2.892727e-004 -5.794213e-001 -8.150281e-001
    outer loop
      vertex  4.000000e+000 -8.628763e+000 -5.861591e+001
      vertex  1.000000e+000 -8.656322e+000 -5.859526e+001
      vertex  1.000000e+000 -7.418190e+000 -5.947547e+001
    endloop
  endfacet
  facet normal  3.050573e-004 -5.784421e-001 -8.157234e-001
    outer loop
      vertex  4.000000e+000 -8.628763e+000 -5.861591e+001
      vertex  1.000000e+000 -7.418190e+000 -5.947547e+001
      vertex  4.000000e+000 -7.388016e+000 -5.949575e+001
    endloop
  endfacet
  facet normal -3.044014e-004 -5.366970e-001 -8.437750e-001
    outer loop
      vertex  4.000000e+000 -7.388016e+000 -5.949575e+001
      vertex  1.000000e+000 -7.418190e+000 -5.947547e+001
      vertex  1.000000e+000 -6.136388e+000 -6.029078e+001
    endloop
  endfacet
  facet normal  3.211006e-004 -5.356288e-001 -8.444536e-001
    outer loop
      vertex  4.000000e+000 -7.388016e+000 -5.949575e+001
      vertex  1.000000e+000 -6.136388e+000 -6.029078e+001
      vertex  4.000000e+000 -6.103569e+000 -6.031046e+001
    endloop
  endfacet
  facet normal -3.196278e-004 -4.925472e-001 -8.702857e-001
    outer loop
      vertex  4.000000e+000 -6.103569e+000 -6.031046e+001
      vertex  1.000000e+000 -6.136388e+000 -6.029078e+001
      vertex  1.000000e+000 -4.814314e+000 -6.103902e+001
    endloop
  endfacet
  facet normal  3.360204e-004 -4.913908e-001 -8.709391e-001
    outer loop
      vertex  4.000000e+000 -6.103569e+000 -6.031046e+001
      vertex  1.000000e+000 -4.814314e+000 -6.103902e+001
      vertex  4.000000e+000 -4.778835e+000 -6.105788e+001
    endloop
  endfacet
  facet normal -3.358866e-004 -4.470934e-001 -8.944871e-001
    outer loop
      vertex  4.000000e+000 -4.778835e+000 -6.105788e+001
      vertex  1.000000e+000 -4.814314e+000 -6.103902e+001
      vertex  1.000000e+000 -3.455475e+000 -6.171822e+001
    endloop
  endfacet
  facet normal  3.512175e-004 -4.458463e-001 -8.951094e-001
    outer loop
      vertex  4.000000e+000 -4.778835e+000 -6.105788e+001
      vertex  1.000000e+000 -3.455475e+000 -6.171822e+001
      vertex  4.000000e+000 -3.417338e+000 -6.173603e+001
    endloop
  endfacet
  facet normal -3.517758e-004 -4.004544e-001 -9.163167e-001
    outer loop
      vertex  4.000000e+000 -3.417338e+000 -6.173603e+001
      vertex  1.000000e+000 -3.455475e+000 -6.171822e+001
      vertex  1.000000e+000 -2.063473e+000 -6.232656e+001
    endloop
  endfacet
  facet normal  3.671773e-004 -3.991159e-001 -9.169004e-001
    outer loop
      vertex  4.000000e+000 -3.417338e+000 -6.173603e+001
      vertex  1.000000e+000 -2.063473e+000 -6.232656e+001
      vertex  4.000000e+000 -2.022696e+000 -6.234311e+001
    endloop
  endfacet
  facet normal -3.668150e-004 -3.527511e-001 -9.357172e-001
    outer loop
      vertex  4.000000e+000 -2.022696e+000 -6.234311e+001
      vertex  1.000000e+000 -2.063473e+000 -6.232656e+001
      vertex  1.000000e+000 -6.420003e-001 -6.286243e+001
    endloop
  endfacet
  facet normal  3.827003e-004 -3.513243e-001 -9.362537e-001
    outer loop
      vertex  4.000000e+000 -2.022696e+000 -6.234311e+001
      vertex  1.000000e+000 -6.420003e-001 -6.286243e+001
      vertex  4.000000e+000 -5.986177e-001 -6.287748e+001
    endloop
  endfacet
  facet normal -3.821727e-004 -3.041156e-001 -9.526350e-001
    outer loop
      vertex  4.000000e+000 -5.986177e-001 -6.287748e+001
      vertex  1.000000e+000 -6.420003e-001 -6.286243e+001
      vertex  1.000000e+000  8.051738e-001 -6.332442e+001
    endloop
  endfacet
  facet normal -3.872351e-004 -2.045526e-001 -9.788555e-001
    outer loop
      vertex  4.000000e+000  2.319481e+000 -6.372195e+001
      vertex  1.000000e+000  2.274212e+000 -6.371130e+001
      vertex  1.000000e+000  3.761218e+000 -6.402204e+001
    endloop
  endfacet
  facet normal  3.761296e-004 -2.030301e-001 -9.791724e-001
    outer loop
      vertex  4.000000e+000  2.319481e+000 -6.372195e+001
      vertex  1.000000e+000  3.761218e+000 -6.402204e+001
      vertex  4.000000e+000  3.805668e+000 -6.403011e+001
    endloop
  endfacet
  facet normal -3.759159e-004 -1.538909e-001 -9.880877e-001
    outer loop
      vertex  4.000000e+000  3.805668e+000 -6.403011e+001
      vertex  1.000000e+000  3.761218e+000 -6.402204e+001
      vertex  1.000000e+000  5.262249e+000 -6.425582e+001
    endloop
  endfacet
  facet normal  3.668318e-004 -1.523971e-001 -9.883193e-001
    outer loop
      vertex  4.000000e+000  3.805668e+000 -6.403011e+001
      vertex  1.000000e+000  5.262249e+000 -6.425582e+001
      vertex  4.000000e+000  5.305737e+000 -6.426141e+001
    endloop
  endfacet
  facet normal -3.637398e-004 -1.028200e-001 -9.946999e-001
    outer loop
      vertex  4.000000e+000  5.305737e+000 -6.426141e+001
      vertex  1.000000e+000  5.262249e+000 -6.425582e+001
      vertex  1.000000e+000  6.773324e+000 -6.441202e+001
    endloop
  endfacet
  facet normal  3.546434e-004 -1.013668e-001 -9.948491e-001
    outer loop
      vertex  4.000000e+000  5.305737e+000 -6.426141e+001
      vertex  1.000000e+000  6.773324e+000 -6.441202e+001
      vertex  4.000000e+000  6.815718e+000 -6.441527e+001
    endloop
  endfacet
  facet normal -3.544932e-004 -5.147778e-002 -9.986740e-001
    outer loop
      vertex  4.000000e+000  6.815718e+000 -6.441527e+001
      vertex  1.000000e+000  6.773324e+000 -6.441202e+001
      vertex  1.000000e+000  8.290437e+000 -6.449022e+001
    endloop
  endfacet
  facet normal  3.442123e-004 -5.006008e-002 -9.987462e-001
    outer loop
      vertex  4.000000e+000  6.815718e+000 -6.441527e+001
      vertex  1.000000e+000  8.290437e+000 -6.449022e+001
      vertex  4.000000e+000  8.331614e+000 -6.449125e+001
    endloop
  endfacet
  facet normal -3.433228e-004  0.000000e+000 -1.000000e+000
    outer loop
      vertex  4.000000e+000  8.331614e+000 -6.449125e+001
      vertex  1.000000e+000  8.290437e+000 -6.449022e+001
      vertex  1.000000e+000  9.809564e+000 -6.449022e+001
    endloop
  endfacet
  facet normal  3.327247e-004  1.372266e-003 -9.999990e-001
    outer loop
      vertex  4.000000e+000  8.331614e+000 -6.449125e+001
      vertex  1.000000e+000  9.809564e+000 -6.449022e+001
      vertex  4.000000e+000  9.849411e+000 -6.448917e+001
    endloop
  endfacet
  facet normal -3.332647e-004  5.147779e-002 -9.986742e-001
    outer loop
      vertex  4.000000e+000  9.849411e+000 -6.448917e+001
      vertex  1.000000e+000  9.809564e+000 -6.449022e+001
      vertex  1.000000e+000  1.132668e+001 -6.441202e+001
    endloop
  endfacet
  facet normal  3.218935e-004  5.280465e-002 -9.986048e-001
    outer loop
      vertex  4.000000e+000  9.849411e+000 -6.448917e+001
      vertex  1.000000e+000  1.132668e+001 -6.441202e+001
      vertex  4.000000e+000  1.136509e+001 -6.440902e+001
    endloop
  endfacet
  facet normal -3.224551e-004  1.028200e-001 -9.947000e-001
    outer loop
      vertex  4.000000e+000  1.136509e+001 -6.440902e+001
      vertex  1.000000e+000  1.132668e+001 -6.441202e+001
      vertex  1.000000e+000  1.283775e+001 -6.425582e+001
    endloop
  endfacet
  facet normal  3.108023e-004  1.040962e-001 -9.945672e-001
    outer loop
      vertex  4.000000e+000  1.136509e+001 -6.440902e+001
      vertex  1.000000e+000  1.283775e+001 -6.425582e+001
      vertex  4.000000e+000  1.287464e+001 -6.425102e+001
    endloop
  endfacet
  facet normal -3.119193e-004  1.538910e-001 -9.880878e-001
    outer loop
      vertex  4.000000e+000  1.287464e+001 -6.425102e+001
      vertex  1.000000e+000  1.283775e+001 -6.425582e+001
      vertex  1.000000e+000  1.433878e+001 -6.402204e+001
    endloop
  endfacet
  facet normal  3.007744e-004  1.551164e-001 -9.878961e-001
    outer loop
      vertex  4.000000e+000  1.287464e+001 -6.425102e+001
      vertex  1.000000e+000  1.433878e+001 -6.402204e+001
      vertex  4.000000e+000  1.437407e+001 -6.401559e+001
    endloop
  endfacet
  facet normal -3.002071e-004  2.045526e-001 -9.788555e-001
    outer loop
      vertex  4.000000e+000  1.437407e+001 -6.401559e+001
      vertex  1.000000e+000  1.433878e+001 -6.402204e+001
      vertex  1.000000e+000  1.582579e+001 -6.371130e+001
    endloop
  endfacet
  facet normal  2.892181e-004  2.057194e-001 -9.786110e-001
    outer loop
      vertex  4.000000e+000  1.437407e+001 -6.401559e+001
      vertex  1.000000e+000  1.582579e+001 -6.371130e+001
      vertex  4.000000e+000  1.585941e+001 -6.370335e+001
    endloop
  endfacet
  facet normal -2.900527e-004  2.546718e-001 -9.670275e-001
    outer loop
      vertex  4.000000e+000  1.585941e+001 -6.370335e+001
      vertex  1.000000e+000  1.582579e+001 -6.371130e+001
      vertex  1.000000e+000  1.729483e+001 -6.332442e+001
    endloop
  endfacet
  facet normal  2.780789e-004  2.557819e-001 -9.667345e-001
    outer loop
      vertex  4.000000e+000  1.585941e+001 -6.370335e+001
      vertex  1.000000e+000  1.729483e+001 -6.332442e+001
      vertex  4.000000e+000  1.732672e+001 -6.331512e+001
    endloop
  endfacet
  facet normal -2.794011e-004  3.041156e-001 -9.526351e-001
    outer loop
      vertex  4.000000e+000  1.732672e+001 -6.331512e+001
      vertex  1.000000e+000  1.729483e+001 -6.332442e+001
      vertex  1.000000e+000  1.874200e+001 -6.286243e+001
    endloop
  endfacet
  facet normal  2.668280e-004  3.051660e-001 -9.522991e-001
    outer loop
      vertex  4.000000e+000  1.732672e+001 -6.331512e+001
      vertex  1.000000e+000  1.874200e+001 -6.286243e+001
      vertex  4.000000e+000  1.877211e+001 -6.285194e+001
    endloop
  endfacet
  facet normal -2.688021e-004  3.527511e-001 -9.357172e-001
    outer loop
      vertex  4.000000e+000  1.877211e+001 -6.285194e+001
      vertex  1.000000e+000  1.874200e+001 -6.286243e+001
      vertex  1.000000e+000  2.016347e+001 -6.232656e+001
    endloop
  endfacet
  facet normal  2.568675e-004  3.537431e-001 -9.353427e-001
    outer loop
      vertex  4.000000e+000  1.877211e+001 -6.285194e+001
      vertex  1.000000e+000  2.016347e+001 -6.232656e+001
      vertex  4.000000e+000  2.019178e+001 -6.231503e+001
    endloop
  endfacet
  facet normal -2.569347e-004  4.004543e-001 -9.163166e-001
    outer loop
      vertex  4.000000e+000  2.019178e+001 -6.231503e+001
      vertex  1.000000e+000  2.016347e+001 -6.232656e+001
      vertex  1.000000e+000  2.155548e+001 -6.171822e+001
    endloop
  endfacet
  facet normal  2.461039e-004  4.013831e-001 -9.159103e-001
    outer loop
      vertex  4.000000e+000  2.019178e+001 -6.231503e+001
      vertex  1.000000e+000  2.155548e+001 -6.171822e+001
      vertex  4.000000e+000  2.158194e+001 -6.170581e+001
    endloop
  endfacet
  facet normal -2.457763e-004  4.470935e-001 -8.944871e-001
    outer loop
      vertex  4.000000e+000  2.158194e+001 -6.170581e+001
      vertex  1.000000e+000  2.155548e+001 -6.171822e+001
      vertex  1.000000e+000  2.291431e+001 -6.103902e+001
    endloop
  endfacet
  facet normal  2.353435e-004  4.479599e-001 -8.940536e-001
    outer loop
      vertex  4.000000e+000  2.158194e+001 -6.170581e+001
      vertex  1.000000e+000  2.291431e+001 -6.103902e+001
      vertex  4.000000e+000  2.293894e+001 -6.102590e+001
    endloop
  endfacet
  facet normal -2.345979e-004  4.925475e-001 -8.702856e-001
    outer loop
      vertex  4.000000e+000  2.293894e+001 -6.102590e+001
      vertex  1.000000e+000  2.291431e+001 -6.103902e+001
      vertex  1.000000e+000  2.423639e+001 -6.029078e+001
    endloop
  endfacet
  facet normal  2.241433e-004  4.933504e-001 -8.698305e-001
    outer loop
      vertex  4.000000e+000  2.293894e+001 -6.102590e+001
      vertex  1.000000e+000  2.423639e+001 -6.029078e+001
      vertex  4.000000e+000  2.425916e+001 -6.027709e+001
    endloop
  endfacet
  facet normal -2.238447e-004  5.366968e-001 -8.437753e-001
    outer loop
      vertex  4.000000e+000  2.425916e+001 -6.027709e+001
      vertex  1.000000e+000  2.423639e+001 -6.029078e+001
      vertex  1.000000e+000  2.551819e+001 -5.947547e+001
    endloop
  endfacet
  facet normal  2.132371e-004  5.374379e-001 -8.433034e-001
    outer loop
      vertex  4.000000e+000  2.425916e+001 -6.027709e+001
      vertex  1.000000e+000  2.551819e+001 -5.947547e+001
      vertex  4.000000e+000  2.553913e+001 -5.946137e+001
    endloop
  endfacet
  facet normal -2.127162e-004  5.794216e-001 -8.150280e-001
    outer loop
      vertex  4.000000e+000  2.553913e+001 -5.946137e+001
      vertex  1.000000e+000  2.551819e+001 -5.947547e+001
      vertex  1.000000e+000  2.675632e+001 -5.859526e+001
    endloop
  endfacet
  facet normal  2.018258e-004  5.800999e-001 -8.145454e-001
    outer loop
      vertex  4.000000e+000  2.553913e+001 -5.946137e+001
      vertex  1.000000e+000  2.675632e+001 -5.859526e+001
      vertex  4.000000e+000  2.677544e+001 -5.858089e+001
    endloop
  endfacet
  facet normal -2.020526e-004  6.206090e-001 -7.841201e-001
    outer loop
      vertex  4.000000e+000  2.677544e+001 -5.858089e+001
      vertex  1.000000e+000  2.675632e+001 -5.859526e+001
      vertex  1.000000e+000  2.794750e+001 -5.765247e+001
    endloop
  endfacet
  facet normal  1.908507e-004  6.212270e-001 -7.836306e-001
    outer loop
      vertex  4.000000e+000  2.677544e+001 -5.858089e+001
      vertex  1.000000e+000  2.794750e+001 -5.765247e+001
      vertex  4.000000e+000  2.796484e+001 -5.763800e+001
    endloop
  endfacet
  facet normal -1.909504e-004  6.601513e-001 -7.511327e-001
    outer loop
      vertex  4.000000e+000  2.796484e+001 -5.763800e+001
      vertex  1.000000e+000  2.794750e+001 -5.765247e+001
      vertex  1.000000e+000  2.908856e+001 -5.664962e+001
    endloop
  endfacet
  facet normal  1.807035e-004  6.607107e-001 -7.506406e-001
    outer loop
      vertex  4.000000e+000  2.796484e+001 -5.763800e+001
      vertex  1.000000e+000  2.908856e+001 -5.664962e+001
      vertex  4.000000e+000  2.910416e+001 -5.663517e+001
    endloop
  endfacet
  facet normal -1.789983e-004  6.979454e-001 -7.161509e-001
    outer loop
      vertex  4.000000e+000  2.910416e+001 -5.663517e+001
      vertex  1.000000e+000  2.908856e+001 -5.664962e+001
      vertex  1.000000e+000  3.017649e+001 -5.558935e+001
    endloop
  endfacet
  facet normal  1.685552e-004  6.984438e-001 -7.156650e-001
    outer loop
      vertex  4.000000e+000  2.910416e+001 -5.663517e+001
      vertex  1.000000e+000  3.017649e+001 -5.558935e+001
      vertex  4.000000e+000  3.019040e+001 -5.557507e+001
    endloop
  endfacet
  facet normal -1.689373e-004  7.338852e-001 -6.792735e-001
    outer loop
      vertex  4.000000e+000  3.019040e+001 -5.557507e+001
      vertex  1.000000e+000  3.017649e+001 -5.558935e+001
      vertex  1.000000e+000  3.120839e+001 -5.447449e+001
    endloop
  endfacet
  facet normal  3.978762e-004 -3.026020e-001 -9.531169e-001
    outer loop
      vertex  4.000000e+000  8.511117e-001 -6.333775e+001
      vertex  4.000000e+000 -5.986177e-001 -6.287748e+001
      vertex  1.000000e+000  8.051738e-001 -6.332442e+001
    endloop
  endfacet
  facet normal -3.978921e-004 -2.546718e-001 -9.670274e-001
    outer loop
      vertex  4.000000e+000  8.511117e-001 -6.333775e+001
      vertex  1.000000e+000  8.051738e-001 -6.332442e+001
      vertex  1.000000e+000  2.274212e+000 -6.371130e+001
    endloop
  endfacet
  facet normal  3.862555e-004 -2.531254e-001 -9.674335e-001
    outer loop
      vertex  4.000000e+000  8.511117e-001 -6.333775e+001
      vertex  1.000000e+000  2.274212e+000 -6.371130e+001
      vertex  4.000000e+000  2.319481e+000 -6.372195e+001
    endloop
  endfacet
  facet normal  0.000000e+000 -9.996676e-001 -2.578050e-002
    outer loop
      vertex  4.000000e+000 -2.045000e+001 -3.500000e+001
      vertex  1.000000e+000 -2.045000e+001 -3.500000e+001
      vertex  4.000000e+000 -2.041079e+001 -3.652053e+001
    endloop
  endfacet
  facet normal  1.601070e-005 -9.996684e-001 -2.574894e-002
    outer loop
      vertex  4.000000e+000 -2.041079e+001 -3.652053e+001
      vertex  1.000000e+000 -2.045000e+001 -3.500000e+001
      vertex  1.000000e+000 -2.041088e+001 -3.651862e+001
    endloop
  endfacet
  facet normal -1.689888e-005 -9.970100e-001 -7.727261e-002
    outer loop
      vertex  4.000000e+000 -2.041079e+001 -3.652053e+001
      vertex  1.000000e+000 -2.041088e+001 -3.651862e+001
      vertex  4.000000e+000 -2.029325e+001 -3.803703e+001
    endloop
  endfacet
  facet normal  3.264344e-005 -9.970175e-001 -7.717530e-002
    outer loop
      vertex  4.000000e+000 -2.029325e+001 -3.803703e+001
      vertex  1.000000e+000 -2.041088e+001 -3.651862e+001
      vertex  1.000000e+000 -2.029365e+001 -3.803322e+001
    endloop
  endfacet
  facet normal -3.325965e-005 -9.917019e-001 -1.285589e-001
    outer loop
      vertex  4.000000e+000 -2.029325e+001 -3.803703e+001
      vertex  1.000000e+000 -2.029365e+001 -3.803322e+001
      vertex  4.000000e+000 -2.009771e+001 -3.954544e+001
    endloop
  endfacet
  facet normal  4.915348e-005 -9.917227e-001 -1.283981e-001
    outer loop
      vertex  4.000000e+000 -2.009771e+001 -3.954544e+001
      vertex  1.000000e+000 -2.029365e+001 -3.803322e+001
      vertex  1.000000e+000 -2.009859e+001 -3.953977e+001
    endloop
  endfacet
  facet normal -4.982379e-005 -9.837573e-001 -1.795043e-001
    outer loop
      vertex  4.000000e+000 -2.009771e+001 -3.954544e+001
      vertex  1.000000e+000 -2.009859e+001 -3.953977e+001
      vertex  4.000000e+000 -1.982468e+001 -4.104178e+001
    endloop
  endfacet
  facet normal  6.579293e-005 -9.837980e-001 -1.792808e-001
    outer loop
      vertex  4.000000e+000 -1.982468e+001 -4.104178e+001
      vertex  1.000000e+000 -2.009859e+001 -3.953977e+001
      vertex  1.000000e+000 -1.982624e+001 -4.103429e+001
    endloop
  endfacet
  facet normal -6.633455e-005 -9.731972e-001 -2.299720e-001
    outer loop
      vertex  4.000000e+000 -1.982468e+001 -4.104178e+001
      vertex  1.000000e+000 -1.982624e+001 -4.103429e+001
      vertex  4.000000e+000 -1.947488e+001 -4.252205e+001
    endloop
  endfacet
  facet normal  8.255430e-005 -9.732644e-001 -2.296877e-001
    outer loop
      vertex  4.000000e+000 -1.947488e+001 -4.252205e+001
      vertex  1.000000e+000 -1.982624e+001 -4.103429e+001
      vertex  1.000000e+000 -1.947732e+001 -4.251280e+001
    endloop
  endfacet
  facet normal -8.279530e-005 -9.600499e-001 -2.798288e-001
    outer loop
      vertex  4.000000e+000 -1.947488e+001 -4.252205e+001
      vertex  1.000000e+000 -1.947732e+001 -4.251280e+001
      vertex  4.000000e+000 -1.904925e+001 -4.398232e+001
    endloop
  endfacet
  facet normal  9.945102e-005 -9.601499e-001 -2.794858e-001
    outer loop
      vertex  4.000000e+000 -1.904925e+001 -4.398232e+001
      vertex  1.000000e+000 -1.947732e+001 -4.251280e+001
      vertex  1.000000e+000 -1.905274e+001 -4.397139e+001
    endloop
  endfacet
  facet normal -9.923929e-005 -9.443508e-001 -3.289398e-001
    outer loop
      vertex  4.000000e+000 -1.904925e+001 -4.398232e+001
      vertex  1.000000e+000 -1.905274e+001 -4.397139e+001
      vertex  4.000000e+000 -1.854892e+001 -4.541872e+001
    endloop
  endfacet
  facet normal  1.156616e-004 -9.444891e-001 -3.285425e-001
    outer loop
      vertex  4.000000e+000 -1.854892e+001 -4.541872e+001
      vertex  1.000000e+000 -1.905274e+001 -4.397139e+001
      vertex  1.000000e+000 -1.855365e+001 -4.540619e+001
    endloop
  endfacet
  facet normal -1.164012e-004 -9.261408e-001 -3.771781e-001
    outer loop
      vertex  4.000000e+000 -1.854892e+001 -4.541872e+001
      vertex  1.000000e+000 -1.855365e+001 -4.540619e+001
      vertex  4.000000e+000 -1.797522e+001 -4.682742e+001
    endloop
  endfacet
  facet normal  1.320342e-004 -9.263238e-001 -3.767282e-001
    outer loop
      vertex  4.000000e+000 -1.797522e+001 -4.682742e+001
      vertex  1.000000e+000 -1.855365e+001 -4.540619e+001
      vertex  1.000000e+000 -1.798135e+001 -4.681339e+001
    endloop
  endfacet
  facet normal -1.335539e-004 -9.054682e-001 -4.244142e-001
    outer loop
      vertex  4.000000e+000 -1.797522e+001 -4.682742e+001
      vertex  1.000000e+000 -1.798135e+001 -4.681339e+001
      vertex  4.000000e+000 -1.732967e+001 -4.820467e+001
    endloop
  endfacet
  facet normal  1.491174e-004 -9.057023e-001 -4.239143e-001
    outer loop
      vertex  4.000000e+000 -1.732967e+001 -4.820467e+001
      vertex  1.000000e+000 -1.798135e+001 -4.681339e+001
      vertex  1.000000e+000 -1.733737e+001 -4.818927e+001
    endloop
  endfacet
  facet normal -1.464402e-004 -8.826791e-001 -4.699763e-001
    outer loop
      vertex  4.000000e+000 -1.732967e+001 -4.820467e+001
      vertex  1.000000e+000 -1.733737e+001 -4.818927e+001
      vertex  1.000000e+000 -1.662341e+001 -4.953017e+001
    endloop
  endfacet
  facet normal  0.000000e+000  9.996685e-001 -2.574643e-002
    outer loop
      vertex  1.000000e+000  3.855000e+001 -3.500000e+001
      vertex  4.000000e+000  3.855000e+001 -3.500000e+001
      vertex  1.000000e+000  3.851089e+001 -3.651862e+001
    endloop
  endfacet
  facet normal -1.149773e-005  9.996691e-001 -2.572373e-002
    outer loop
      vertex  1.000000e+000  3.851089e+001 -3.651862e+001
      vertex  4.000000e+000  3.855000e+001 -3.500000e+001
      vertex  4.000000e+000  3.851096e+001 -3.651730e+001
    endloop
  endfacet
  facet normal  1.133108e-005  9.970174e-001 -7.717656e-002
    outer loop
      vertex  1.000000e+000  3.851089e+001 -3.651862e+001
      vertex  4.000000e+000  3.851096e+001 -3.651730e+001
      vertex  1.000000e+000  3.839365e+001 -3.803322e+001
    endloop
  endfacet
  facet normal -2.333265e-005  9.970227e-001 -7.710837e-002
    outer loop
      vertex  1.000000e+000  3.839365e+001 -3.803322e+001
      vertex  4.000000e+000  3.851096e+001 -3.651730e+001
      vertex  4.000000e+000  3.839392e+001 -3.803057e+001
    endloop
  endfacet
  facet normal  2.234883e-005  9.917227e-001 -1.283981e-001
    outer loop
      vertex  1.000000e+000  3.839365e+001 -3.803322e+001
      vertex  4.000000e+000  3.839392e+001 -3.803057e+001
      vertex  1.000000e+000  3.819859e+001 -3.953977e+001
    endloop
  endfacet
  facet normal -3.452214e-005  9.917371e-001 -1.282869e-001
    outer loop
      vertex  1.000000e+000  3.819859e+001 -3.953977e+001
      vertex  4.000000e+000  3.839392e+001 -3.803057e+001
      vertex  4.000000e+000  3.819921e+001 -3.953583e+001
    endloop
  endfacet
  facet normal  3.408500e-005  9.837980e-001 -1.792808e-001
    outer loop
      vertex  1.000000e+000  3.819859e+001 -3.953977e+001
      vertex  4.000000e+000  3.819921e+001 -3.953583e+001
      vertex  1.000000e+000  3.792624e+001 -4.103429e+001
    endloop
  endfacet
  facet normal -4.585623e-005  9.838262e-001 -1.791258e-001
    outer loop
      vertex  1.000000e+000  3.792624e+001 -4.103429e+001
      vertex  4.000000e+000  3.819921e+001 -3.953583e+001
      vertex  4.000000e+000  3.792733e+001 -4.102908e+001
    endloop
  endfacet
  facet normal  4.566869e-005  9.732641e-001 -2.296889e-001
    outer loop
      vertex  1.000000e+000  3.792624e+001 -4.103429e+001
      vertex  4.000000e+000  3.792733e+001 -4.102908e+001
      vertex  1.000000e+000  3.757732e+001 -4.251280e+001
    endloop
  endfacet
  facet normal -5.809626e-005  9.733110e-001 -2.294901e-001
    outer loop
      vertex  1.000000e+000  3.757732e+001 -4.251280e+001
      vertex  4.000000e+000  3.792733e+001 -4.102908e+001
      vertex  4.000000e+000  3.757901e+001 -4.250637e+001
    endloop
  endfacet
  facet normal  5.638822e-005  9.601502e-001 -2.794847e-001
    outer loop
      vertex  1.000000e+000  3.757732e+001 -4.251280e+001
      vertex  4.000000e+000  3.757901e+001 -4.250637e+001
      vertex  1.000000e+000  3.715274e+001 -4.397139e+001
    endloop
  endfacet
  facet normal -6.835145e-005  9.602187e-001 -2.792492e-001
    outer loop
      vertex  1.000000e+000  3.715274e+001 -4.397139e+001
      vertex  4.000000e+000  3.757901e+001 -4.250637e+001
      vertex  4.000000e+000  3.715517e+001 -4.396379e+001
    endloop
  endfacet
  facet normal  6.914769e-005  9.444888e-001 -3.285436e-001
    outer loop
      vertex  1.000000e+000  3.715274e+001 -4.397139e+001
      vertex  4.000000e+000  3.715517e+001 -4.396379e+001
      vertex  1.000000e+000  3.665364e+001 -4.540619e+001
    endloop
  endfacet
  facet normal -8.083401e-005  9.445855e-001 -3.282653e-001
    outer loop
      vertex  1.000000e+000  3.665364e+001 -4.540619e+001
      vertex  4.000000e+000  3.715517e+001 -4.396379e+001
      vertex  4.000000e+000  3.665693e+001 -4.539748e+001
    endloop
  endfacet
  facet normal  7.969625e-005  9.263242e-001 -3.767271e-001
    outer loop
      vertex  1.000000e+000  3.665364e+001 -4.540619e+001
      vertex  4.000000e+000  3.665693e+001 -4.539748e+001
      vertex  1.000000e+000  3.608135e+001 -4.681339e+001
    endloop
  endfacet
  facet normal -9.155701e-005  9.264508e-001 -3.764157e-001
    outer loop
      vertex  1.000000e+000  3.608135e+001 -4.681339e+001
      vertex  4.000000e+000  3.665693e+001 -4.539748e+001
      vertex  4.000000e+000  3.608560e+001 -4.680365e+001
    endloop
  endfacet
  facet normal  9.205141e-005  9.057028e-001 -4.239133e-001
    outer loop
      vertex  1.000000e+000  3.608135e+001 -4.681339e+001
      vertex  4.000000e+000  3.608560e+001 -4.680365e+001
      vertex  1.000000e+000  3.543737e+001 -4.818927e+001
    endloop
  endfacet
  facet normal -1.035545e-004  9.058653e-001 -4.235659e-001
    outer loop
      vertex  1.000000e+000  3.543737e+001 -4.818927e+001
      vertex  4.000000e+000  3.608560e+001 -4.680365e+001
      vertex  4.000000e+000  3.544271e+001 -4.817857e+001
    endloop
  endfacet
  facet normal  1.032303e-004  8.826786e-001 -4.699773e-001
    outer loop
      vertex  1.000000e+000  3.543737e+001 -4.818927e+001
      vertex  4.000000e+000  3.544271e+001 -4.817857e+001
      vertex  1.000000e+000  3.472342e+001 -4.953017e+001
    endloop
  endfacet
  facet normal -1.154381e-004  8.828799e-001 -4.695990e-001
    outer loop
      vertex  1.000000e+000  3.472342e+001 -4.953017e+001
      vertex  4.000000e+000  3.544271e+001 -4.817857e+001
      vertex  4.000000e+000  3.472996e+001 -4.951860e+001
    endloop
  endfacet
  facet normal  1.144919e-004  8.573150e-001 -5.147923e-001
    outer loop
      vertex  1.000000e+000  3.472342e+001 -4.953017e+001
      vertex  4.000000e+000  3.472996e+001 -4.951860e+001
      vertex  1.000000e+000  3.394138e+001 -5.083254e+001
    endloop
  endfacet
  facet normal -1.255596e-004  8.575568e-001 -5.143893e-001
    outer loop
      vertex  1.000000e+000  3.394138e+001 -5.083254e+001
      vertex  4.000000e+000  3.472996e+001 -4.951860e+001
      vertex  4.000000e+000  3.394922e+001 -5.082020e+001
    endloop
  endfacet
  facet normal  1.276402e-004  8.296760e-001 -5.582451e-001
    outer loop
      vertex  1.000000e+000  3.394138e+001 -5.083254e+001
      vertex  4.000000e+000  3.394922e+001 -5.082020e+001
      vertex  1.000000e+000  3.309333e+001 -5.209292e+001
    endloop
  endfacet
  facet normal -1.384472e-004  8.299665e-001 -5.578132e-001
    outer loop
      vertex  1.000000e+000  3.309333e+001 -5.209292e+001
      vertex  4.000000e+000  3.394922e+001 -5.082020e+001
      vertex  4.000000e+000  3.310257e+001 -5.207993e+001
    endloop
  endfacet
  facet normal  1.379855e-004  7.998396e-001 -6.002137e-001
    outer loop
      vertex  1.000000e+000  3.309333e+001 -5.209292e+001
      vertex  4.000000e+000  3.310257e+001 -5.207993e+001
      vertex  1.000000e+000  3.218153e+001 -5.330798e+001
    endloop
  endfacet
  facet normal -1.499657e-004  8.001773e-001 -5.997635e-001
    outer loop
      vertex  1.000000e+000  3.218153e+001 -5.330798e+001
      vertex  4.000000e+000  3.310257e+001 -5.207993e+001
      vertex  4.000000e+000  3.219225e+001 -5.329443e+001
    endloop
  endfacet
  facet normal  1.497536e-004  7.678803e-001 -6.405933e-001
    outer loop
      vertex  1.000000e+000  3.218153e+001 -5.330798e+001
      vertex  4.000000e+000  3.219225e+001 -5.329443e+001
      vertex  1.000000e+000  3.120839e+001 -5.447449e+001
    endloop
  endfacet
  facet normal -1.613183e-004  7.682692e-001 -6.401268e-001
    outer loop
      vertex  1.000000e+000  3.120839e+001 -5.447449e+001
      vertex  4.000000e+000  3.219225e+001 -5.329443e+001
      vertex  4.000000e+000  3.122067e+001 -5.446051e+001
    endloop
  endfacet
  facet normal  1.577113e-004  7.343290e-001 -6.787937e-001
    outer loop
      vertex  1.000000e+000  3.120839e+001 -5.447449e+001
      vertex  4.000000e+000  3.122067e+001 -5.446051e+001
      vertex  4.000000e+000  3.019040e+001 -5.557507e+001
    endloop
  endfacet
  facet normal -1.000000e+000  0.000000e+000  0.000000e+000
    outer loop
      vertex  1.000000e+000  2.986739e+000 -2.834892e+001
      vertex  1.000000e+000 -1.982624e+001 -2.896571e+001
      vertex  1.000000e+000  3.626288e+000 -2.781784e+001
    endloop
  endfacet
  facet normal -1.000000e+000  -0.000000e+000  0.000000e+000
    outer loop
      vertex  1.000000e+000  3.935692e-001 -3.253703e+001
      vertex  1.000000e+000  2.032421e-001 -3.334625e+001
      vertex  1.000000e+000 -2.041088e+001 -3.348138e+001
    endloop
  endfacet
  facet normal -1.000000e+000  0.000000e+000  0.000000e+000
    outer loop
      vertex  1.000000e+000  1.511326e+001 -2.834892e+001
      vertex  1.000000e+000  1.447371e+001 -2.781784e+001
      vertex  1.000000e+000  3.792624e+001 -2.896571e+001
    endloop
  endfacet
  facet normal -1.000000e+000  0.000000e+000  0.000000e+000
    outer loop
      vertex  1.000000e+000  3.792624e+001 -4.103429e+001
      vertex  1.000000e+000  1.570108e+001 -4.106326e+001
      vertex  1.000000e+000  1.623215e+001 -4.042371e+001
    endloop
  endfacet
  facet normal -1.000000e+000  0.000000e+000  0.000000e+000
    outer loop
      vertex  1.000000e+000  3.757732e+001 -4.251280e+001
      vertex  1.000000e+000  1.378789e+001 -4.265195e+001
      vertex  1.000000e+000  1.447371e+001 -4.218216e+001
    endloop
  endfacet
  facet normal -1.000000e+000  0.000000e+000  0.000000e+000
    outer loop
      vertex  1.000000e+000 -1.855365e+001 -4.540619e+001
      vertex  1.000000e+000 -1.905274e+001 -4.397139e+001
      vertex  1.000000e+000  8.219584e+000 -4.396161e+001
    endloop
  endfacet
  facet normal -1.000000e+000  0.000000e+000  -0.000000e+000
    outer loop
      vertex  1.000000e+000 -1.855365e+001 -4.540619e+001
      vertex  1.000000e+000  8.219584e+000 -4.396161e+001
      vertex  1.000000e+000  9.050000e+000 -4.400000e+001
    endloop
  endfacet
  facet normal -1.000000e+000  0.000000e+000  -0.000000e+000
    outer loop
      vertex  1.000000e+000 -1.855365e+001 -4.540619e+001
      vertex  1.000000e+000  9.050000e+000 -4.400000e+001
      vertex  1.000000e+000  9.809564e+000 -6.449022e+001
    endloop
  endfacet
  facet normal -9.999999e-001  0.000000e+000  0.000000e+000
    outer loop
      vertex  1.000000e+000 -1.855365e+001 -4.540619e+001
      vertex  1.000000e+000  9.809564e+000 -6.449022e+001
      vertex  1.000000e+000  8.290437e+000 -6.449022e+001
    endloop
  endfacet
  facet normal -1.000000e+000  0.000000e+000  0.000000e+000
    outer loop
      vertex  1.000000e+000 -1.855365e+001 -4.540619e+001
      vertex  1.000000e+000  8.290437e+000 -6.449022e+001
      vertex  1.000000e+000  6.773324e+000 -6.441202e+001
    endloop
  endfacet
  facet normal -1.000000e+000  0.000000e+000  0.000000e+000
    outer loop
      vertex  1.000000e+000 -1.855365e+001 -4.540619e+001
      vertex  1.000000e+000  6.773324e+000 -6.441202e+001
      vertex  1.000000e+000  5.262249e+000 -6.425582e+001
    endloop
  endfacet
  facet normal -1.000000e+000  0.000000e+000  0.000000e+000
    outer loop
      vertex  1.000000e+000 -1.855365e+001 -4.540619e+001
      vertex  1.000000e+000  5.262249e+000 -6.425582e+001
      vertex  1.000000e+000  3.761218e+000 -6.402204e+001
    endloop
  endfacet
  facet normal -1.000000e+000  0.000000e+000  0.000000e+000
    outer loop
      vertex  1.000000e+000 -1.855365e+001 -4.540619e+001
      vertex  1.000000e+000  3.761218e+000 -6.402204e+001
      vertex  1.000000e+000  2.274212e+000 -6.371130e+001
    endloop
  endfacet
  facet normal -1.000000e+000  0.000000e+000  0.000000e+000
    outer loop
      vertex  1.000000e+000 -1.855365e+001 -4.540619e+001
      vertex  1.000000e+000  2.274212e+000 -6.371130e+001
      vertex  1.000000e+000  8.051738e-001 -6.332442e+001
    endloop
  endfacet
  facet normal -1.000000e+000  0.000000e+000  0.000000e+000
    outer loop
      vertex  1.000000e+000 -1.855365e+001 -4.540619e+001
      vertex  1.000000e+000  8.051738e-001 -6.332442e+001
      vertex  1.000000e+000 -6.420003e-001 -6.286243e+001
    endloop
  endfacet
  facet normal -1.000000e+000  0.000000e+000  0.000000e+000
    outer loop
      vertex  1.000000e+000 -1.855365e+001 -4.540619e+001
      vertex  1.000000e+000 -6.420003e-001 -6.286243e+001
      vertex  1.000000e+000 -2.063473e+000 -6.232656e+001
    endloop
  endfacet
  facet normal -1.000000e+000  0.000000e+000  0.000000e+000
    outer loop
      vertex  1.000000e+000 -1.855365e+001 -4.540619e+001
      vertex  1.000000e+000 -2.063473e+000 -6.232656e+001
      vertex  1.000000e+000 -3.455475e+000 -6.171822e+001
    endloop
  endfacet
  facet normal -1.000000e+000  0.000000e+000  0.000000e+000
    outer loop
      vertex  1.000000e+000 -1.855365e+001 -4.540619e+001
      vertex  1.000000e+000 -3.455475e+000 -6.171822e+001
      vertex  1.000000e+000 -4.814314e+000 -6.103902e+001
    endloop
  endfacet
  facet normal -1.000000e+000  0.000000e+000  0.000000e+000
    outer loop
      vertex  1.000000e+000 -1.855365e+001 -4.540619e+001
      vertex  1.000000e+000 -4.814314e+000 -6.103902e+001
      vertex  1.000000e+000 -6.136388e+000 -6.029078e+001
    endloop
  endfacet
  facet normal -1.000000e+000  0.000000e+000  0.000000e+000
    outer loop
      vertex  1.000000e+000 -1.855365e+001 -4.540619e+001
      vertex  1.000000e+000 -6.136388e+000 -6.029078e+001
      vertex  1.000000e+000 -7.418190e+000 -5.947547e+001
    endloop
  endfacet
  facet normal -1.000000e+000  0.000000e+000  0.000000e+000
    outer loop
      vertex  1.000000e+000 -1.855365e+001 -4.540619e+001
      vertex  1.000000e+000 -7.418190e+000 -5.947547e+001
      vertex  1.000000e+000 -8.656322e+000 -5.859526e+001
    endloop
  endfacet
  facet normal -1.000000e+000  0.000000e+000  0.000000e+000
    outer loop
      vertex  1.000000e+000 -1.855365e+001 -4.540619e+001
      vertex  1.000000e+000 -8.656322e+000 -5.859526e+001
      vertex  1.000000e+000 -9.847499e+000 -5.765247e+001
    endloop
  endfacet
  facet normal -1.000000e+000  0.000000e+000  0.000000e+000
    outer loop
      vertex  1.000000e+000 -1.855365e+001 -4.540619e+001
      vertex  1.000000e+000 -9.847499e+000 -5.765247e+001
      vertex  1.000000e+000 -1.098856e+001 -5.664962e+001
    endloop
  endfacet
  facet normal -1.000000e+000  0.000000e+000  0.000000e+000
    outer loop
      vertex  1.000000e+000 -1.855365e+001 -4.540619e+001
      vertex  1.000000e+000 -1.098856e+001 -5.664962e+001
      vertex  1.000000e+000 -1.207649e+001 -5.558935e+001
    endloop
  endfacet
  facet normal -1.000000e+000  0.000000e+000  0.000000e+000
    outer loop
      vertex  1.000000e+000 -1.855365e+001 -4.540619e+001
      vertex  1.000000e+000 -1.207649e+001 -5.558935e+001
      vertex  1.000000e+000 -1.310839e+001 -5.447449e+001
    endloop
  endfacet
  facet normal -1.000000e+000  0.000000e+000  0.000000e+000
    outer loop
      vertex  1.000000e+000 -1.855365e+001 -4.540619e+001
      vertex  1.000000e+000 -1.310839e+001 -5.447449e+001
      vertex  1.000000e+000 -1.408153e+001 -5.330798e+001
    endloop
  endfacet
  facet normal -1.000000e+000  0.000000e+000  0.000000e+000
    outer loop
      vertex  1.000000e+000 -1.855365e+001 -4.540619e+001
      vertex  1.000000e+000 -1.408153e+001 -5.330798e+001
      vertex  1.000000e+000 -1.499334e+001 -5.209292e+001
    endloop
  endfacet
  facet normal -1.000000e+000  0.000000e+000  0.000000e+000
    outer loop
      vertex  1.000000e+000 -1.855365e+001 -4.540619e+001
      vertex  1.000000e+000 -1.499334e+001 -5.209292e+001
      vertex  1.000000e+000 -1.584138e+001 -5.083254e+001
    endloop
  endfacet
  facet normal -1.000000e+000  0.000000e+000  0.000000e+000
    outer loop
      vertex  1.000000e+000 -1.855365e+001 -4.540619e+001
      vertex  1.000000e+000 -1.584138e+001 -5.083254e+001
      vertex  1.000000e+000 -1.662341e+001 -4.953017e+001
    endloop
  endfacet
  facet normal -1.000000e+000  0.000000e+000  0.000000e+000
    outer loop
      vertex  1.000000e+000 -1.855365e+001 -4.540619e+001
      vertex  1.000000e+000 -1.662341e+001 -4.953017e+001
      vertex  1.000000e+000 -1.733737e+001 -4.818927e+001
    endloop
  endfacet
  facet normal -1.000000e+000  0.000000e+000  0.000000e+000
    outer loop
      vertex  1.000000e+000 -1.855365e+001 -4.540619e+001
      vertex  1.000000e+000 -1.733737e+001 -4.818927e+001
      vertex  1.000000e+000 -1.798135e+001 -4.681339e+001
    endloop
  endfacet
  facet normal -1.000000e+000  0.000000e+000  -0.000000e+000
    outer loop
      vertex  1.000000e+000  9.050000e+000 -4.400000e+001
      vertex  1.000000e+000  9.880415e+000 -4.396161e+001
      vertex  1.000000e+000  3.715274e+001 -4.397139e+001
    endloop
  endfacet
  facet normal -1.000000e+000  0.000000e+000  0.000000e+000
    outer loop
      vertex  1.000000e+000  9.050000e+000 -4.400000e+001
      vertex  1.000000e+000  3.715274e+001 -4.397139e+001
      vertex  1.000000e+000  3.665364e+001 -4.540619e+001
    endloop
  endfacet
  facet normal -1.000000e+000  -0.000000e+000  0.000000e+000
    outer loop
      vertex  1.000000e+000  9.050000e+000 -4.400000e+001
      vertex  1.000000e+000  3.665364e+001 -4.540619e+001
      vertex  1.000000e+000  3.608135e+001 -4.681339e+001
    endloop
  endfacet
  facet normal -1.000000e+000  -0.000000e+000  0.000000e+000
    outer loop
      vertex  1.000000e+000  9.050000e+000 -4.400000e+001
      vertex  1.000000e+000  3.608135e+001 -4.681339e+001
      vertex  1.000000e+000  3.543737e+001 -4.818927e+001
    endloop
  endfacet
  facet normal -1.000000e+000  -0.000000e+000  0.000000e+000
    outer loop
      vertex  1.000000e+000  9.050000e+000 -4.400000e+001
      vertex  1.000000e+000  3.543737e+001 -4.818927e+001
      vertex  1.000000e+000  3.472342e+001 -4.953017e+001
    endloop
  endfacet
  facet normal -1.000000e+000  -0.000000e+000  0.000000e+000
    outer loop
      vertex  1.000000e+000  9.050000e+000 -4.400000e+001
      vertex  1.000000e+000  3.472342e+001 -4.953017e+001
      vertex  1.000000e+000  3.394138e+001 -5.083254e+001
    endloop
  endfacet
  facet normal -1.000000e+000  -0.000000e+000  0.000000e+000
    outer loop
      vertex  1.000000e+000  9.050000e+000 -4.400000e+001
      vertex  1.000000e+000  3.394138e+001 -5.083254e+001
      vertex  1.000000e+000  3.309333e+001 -5.209292e+001
    endloop
  endfacet
  facet normal -1.000000e+000  -0.000000e+000  0.000000e+000
    outer loop
      vertex  1.000000e+000  9.050000e+000 -4.400000e+001
      vertex  1.000000e+000  3.309333e+001 -5.209292e+001
      vertex  1.000000e+000  3.218153e+001 -5.330798e+001
    endloop
  endfacet
  facet normal -1.000000e+000  -0.000000e+000  0.000000e+000
    outer loop
      vertex  1.000000e+000  9.050000e+000 -4.400000e+001
      vertex  1.000000e+000  3.218153e+001 -5.330798e+001
      vertex  1.000000e+000  3.120839e+001 -5.447449e+001
    endloop
  endfacet
  facet normal -1.000000e+000  -0.000000e+000  0.000000e+000
    outer loop
      vertex  1.000000e+000  9.050000e+000 -4.400000e+001
      vertex  1.000000e+000  3.120839e+001 -5.447449e+001
      vertex  1.000000e+000  3.017649e+001 -5.558935e+001
    endloop
  endfacet
  facet normal -1.000000e+000  -0.000000e+000  0.000000e+000
    outer loop
      vertex  1.000000e+000  9.050000e+000 -4.400000e+001
      vertex  1.000000e+000  3.017649e+001 -5.558935e+001
      vertex  1.000000e+000  2.908856e+001 -5.664962e+001
    endloop
  endfacet
  facet normal -9.999999e-001  -0.000000e+000  0.000000e+000
    outer loop
      vertex  1.000000e+000  9.050000e+000 -4.400000e+001
      vertex  1.000000e+000  2.908856e+001 -5.664962e+001
      vertex  1.000000e+000  2.794750e+001 -5.765247e+001
    endloop
  endfacet
  facet normal -1.000000e+000  -0.000000e+000  0.000000e+000
    outer loop
      vertex  1.000000e+000  9.050000e+000 -4.400000e+001
      vertex  1.000000e+000  2.794750e+001 -5.765247e+001
      vertex  1.000000e+000  2.675632e+001 -5.859526e+001
    endloop
  endfacet
  facet normal -1.000000e+000  -0.000000e+000  0.000000e+000
    outer loop
      vertex  1.000000e+000  9.050000e+000 -4.400000e+001
      vertex  1.000000e+000  2.675632e+001 -5.859526e+001
      vertex  1.000000e+000  2.551819e+001 -5.947547e+001
    endloop
  endfacet
  facet normal -1.000000e+000  -0.000000e+000  0.000000e+000
    outer loop
      vertex  1.000000e+000  9.050000e+000 -4.400000e+001
      vertex  1.000000e+000  2.551819e+001 -5.947547e+001
      vertex  1.000000e+000  2.423639e+001 -6.029078e+001
    endloop
  endfacet
  facet normal -1.000000e+000  -0.000000e+000  0.000000e+000
    outer loop
      vertex  1.000000e+000  9.050000e+000 -4.400000e+001
      vertex  1.000000e+000  2.423639e+001 -6.029078e+001
      vertex  1.000000e+000  2.291431e+001 -6.103902e+001
    endloop
  endfacet
  facet normal -1.000000e+000  -0.000000e+000  0.000000e+000
    outer loop
      vertex  1.000000e+000  9.050000e+000 -4.400000e+001
      vertex  1.000000e+000  2.291431e+001 -6.103902e+001
      vertex  1.000000e+000  2.155548e+001 -6.171822e+001
    endloop
  endfacet
  facet normal -1.000000e+000  -0.000000e+000  0.000000e+000
    outer loop
      vertex  1.000000e+000  9.050000e+000 -4.400000e+001
      vertex  1.000000e+000  2.155548e+001 -6.171822e+001
      vertex  1.000000e+000  2.016347e+001 -6.232656e+001
    endloop
  endfacet
  facet normal -1.000000e+000  -0.000000e+000  0.000000e+000
    outer loop
      vertex  1.000000e+000  9.050000e+000 -4.400000e+001
      vertex  1.000000e+000  2.016347e+001 -6.232656e+001
      vertex  1.000000e+000  1.874200e+001 -6.286243e+001
    endloop
  endfacet
  facet normal -9.999999e-001  -0.000000e+000  0.000000e+000
    outer loop
      vertex  1.000000e+000  9.050000e+000 -4.400000e+001
      vertex  1.000000e+000  1.874200e+001 -6.286243e+001
      vertex  1.000000e+000  1.729483e+001 -6.332442e+001
    endloop
  endfacet
  facet normal -1.000000e+000  -0.000000e+000  0.000000e+000
    outer loop
      vertex  1.000000e+000  9.050000e+000 -4.400000e+001
      vertex  1.000000e+000  1.729483e+001 -6.332442e+001
      vertex  1.000000e+000  1.582579e+001 -6.371130e+001
    endloop
  endfacet
  facet normal -9.999999e-001  -0.000000e+000  0.000000e+000
    outer loop
      vertex  1.000000e+000  9.050000e+000 -4.400000e+001
      vertex  1.000000e+000  1.582579e+001 -6.371130e+001
      vertex  1.000000e+000  1.433878e+001 -6.402204e+001
    endloop
  endfacet
  facet normal -9.999999e-001  -0.000000e+000  0.000000e+000
    outer loop
      vertex  1.000000e+000  9.050000e+000 -4.400000e+001
      vertex  1.000000e+000  1.433878e+001 -6.402204e+001
      vertex  1.000000e+000  1.283775e+001 -6.425582e+001
    endloop
  endfacet
  facet normal -9.999999e-001  -0.000000e+000  0.000000e+000
    outer loop
      vertex  1.000000e+000  9.050000e+000 -4.400000e+001
      vertex  1.000000e+000  1.283775e+001 -6.425582e+001
      vertex  1.000000e+000  1.132668e+001 -6.441202e+001
    endloop
  endfacet
  facet normal -1.000000e+000  -0.000000e+000  0.000000e+000
    outer loop
      vertex  1.000000e+000  9.050000e+000 -4.400000e+001
      vertex  1.000000e+000  1.132668e+001 -6.441202e+001
      vertex  1.000000e+000  9.809564e+000 -6.449022e+001
    endloop
  endfacet
  facet normal -1.000000e+000  0.000000e+000  0.000000e+000
    outer loop
      vertex  1.000000e+000  9.050000e+000 -2.600000e+001
      vertex  1.000000e+000  8.219584e+000 -2.603839e+001
      vertex  1.000000e+000 -1.905274e+001 -2.602861e+001
    endloop
  endfacet
  facet normal -1.000000e+000  0.000000e+000  0.000000e+000
    outer loop
      vertex  1.000000e+000  9.050000e+000 -2.600000e+001
      vertex  1.000000e+000 -1.905274e+001 -2.602861e+001
      vertex  1.000000e+000 -1.855365e+001 -2.459381e+001
    endloop
  endfacet
  facet normal -1.000000e+000  0.000000e+000  0.000000e+000
    outer loop
      vertex  1.000000e+000  9.050000e+000 -2.600000e+001
      vertex  1.000000e+000 -1.855365e+001 -2.459381e+001
      vertex  1.000000e+000 -1.798135e+001 -2.318661e+001
    endloop
  endfacet
  facet normal -1.000000e+000  0.000000e+000  0.000000e+000
    outer loop
      vertex  1.000000e+000  9.050000e+000 -2.600000e+001
      vertex  1.000000e+000 -1.798135e+001 -2.318661e+001
      vertex  1.000000e+000 -1.733737e+001 -2.181073e+001
    endloop
  endfacet
  facet normal -1.000000e+000  0.000000e+000  0.000000e+000
    outer loop
      vertex  1.000000e+000  9.050000e+000 -2.600000e+001
      vertex  1.000000e+000 -1.733737e+001 -2.181073e+001
      vertex  1.000000e+000 -1.662341e+001 -2.046983e+001
    endloop
  endfacet
  facet normal -1.000000e+000  0.000000e+000  0.000000e+000
    outer loop
      vertex  1.000000e+000  9.050000e+000 -2.600000e+001
      vertex  1.000000e+000 -1.662341e+001 -2.046983e+001
      vertex  1.000000e+000 -1.584138e+001 -1.916746e+001
    endloop
  endfacet
  facet normal -1.000000e+000  0.000000e+000  0.000000e+000
    outer loop
      vertex  1.000000e+000  9.050000e+000 -2.600000e+001
      vertex  1.000000e+000 -1.584138e+001 -1.916746e+001
      vertex  1.000000e+000 -1.499334e+001 -1.790708e+001
    endloop
  endfacet
  facet normal -1.000000e+000  0.000000e+000  0.000000e+000
    outer loop
      vertex  1.000000e+000  9.050000e+000 -2.600000e+001
      vertex  1.000000e+000 -1.499334e+001 -1.790708e+001
      vertex  1.000000e+000 -1.408153e+001 -1.669202e+001
    endloop
  endfacet
  facet normal -1.000000e+000  0.000000e+000  0.000000e+000
    outer loop
      vertex  1.000000e+000  9.050000e+000 -2.600000e+001
      vertex  1.000000e+000 -1.408153e+001 -1.669202e+001
      vertex  1.000000e+000 -1.310839e+001 -1.552551e+001
    endloop
  endfacet
  facet normal -1.000000e+000  0.000000e+000  0.000000e+000
    outer loop
      vertex  1.000000e+000  9.050000e+000 -2.600000e+001
      vertex  1.000000e+000 -1.310839e+001 -1.552551e+001
      vertex  1.000000e+000 -1.207649e+001 -1.441065e+001
    endloop
  endfacet
  facet normal -1.000000e+000  0.000000e+000  0.000000e+000
    outer loop
      vertex  1.000000e+000  9.050000e+000 -2.600000e+001
      vertex  1.000000e+000 -1.207649e+001 -1.441065e+001
      vertex  1.000000e+000 -1.098856e+001 -1.335038e+001
    endloop
  endfacet
  facet normal -9.999999e-001  0.000000e+000  0.000000e+000
    outer loop
      vertex  1.000000e+000  9.050000e+000 -2.600000e+001
      vertex  1.000000e+000 -1.098856e+001 -1.335038e+001
      vertex  1.000000e+000 -9.847499e+000 -1.234753e+001
    endloop
  endfacet
  facet normal -1.000000e+000  0.000000e+000  0.000000e+000
    outer loop
      vertex  1.000000e+000  9.050000e+000 -2.600000e+001
      vertex  1.000000e+000 -9.847499e+000 -1.234753e+001
      vertex  1.000000e+000 -8.656322e+000 -1.140474e+001
    endloop
  endfacet
  facet normal -1.000000e+000  0.000000e+000  0.000000e+000
    outer loop
      vertex  1.000000e+000  9.050000e+000 -2.600000e+001
      vertex  1.000000e+000 -8.656322e+000 -1.140474e+001
      vertex  1.000000e+000 -7.418190e+000 -1.052453e+001
    endloop
  endfacet
  facet normal -1.000000e+000  0.000000e+000  0.000000e+000
    outer loop
      vertex  1.000000e+000  9.050000e+000 -2.600000e+001
      vertex  1.000000e+000 -7.418190e+000 -1.052453e+001
      vertex  1.000000e+000 -6.136388e+000 -9.709218e+000
    endloop
  endfacet
  facet normal -1.000000e+000  0.000000e+000  0.000000e+000
    outer loop
      vertex  1.000000e+000  9.050000e+000 -2.600000e+001
      vertex  1.000000e+000 -6.136388e+000 -9.709218e+000
      vertex  1.000000e+000 -4.814314e+000 -8.960976e+000
    endloop
  endfacet
  facet normal -1.000000e+000  0.000000e+000  0.000000e+000
    outer loop
      vertex  1.000000e+000  9.050000e+000 -2.600000e+001
      vertex  1.000000e+000 -4.814314e+000 -8.960976e+000
      vertex  1.000000e+000 -3.455475e+000 -8.281783e+000
    endloop
  endfacet
  facet normal -1.000000e+000  0.000000e+000  0.000000e+000
    outer loop
      vertex  1.000000e+000  9.050000e+000 -2.600000e+001
      vertex  1.000000e+000 -3.455475e+000 -8.281783e+000
      vertex  1.000000e+000 -2.063473e+000 -7.673443e+000
    endloop
  endfacet
  facet normal -1.000000e+000  0.000000e+000  0.000000e+000
    outer loop
      vertex  1.000000e+000  9.050000e+000 -2.600000e+001
      vertex  1.000000e+000 -2.063473e+000 -7.673443e+000
      vertex  1.000000e+000 -6.420003e-001 -7.137568e+000
    endloop
  endfacet
  facet normal -1.000000e+000  0.000000e+000  0.000000e+000
    outer loop
      vertex  1.000000e+000  9.050000e+000 -2.600000e+001
      vertex  1.000000e+000 -6.420003e-001 -7.137568e+000
      vertex  1.000000e+000  8.051738e-001 -6.675579e+000
    endloop
  endfacet
  facet normal -1.000000e+000  0.000000e+000  0.000000e+000
    outer loop
      vertex  1.000000e+000  9.050000e+000 -2.600000e+001
      vertex  1.000000e+000  8.051738e-001 -6.675579e+000
      vertex  1.000000e+000  2.274212e+000 -6.288701e+000
    endloop
  endfacet
  facet normal -1.000000e+000  0.000000e+000  0.000000e+000
    outer loop
      vertex  1.000000e+000  9.050000e+000 -2.600000e+001
      vertex  1.000000e+000  2.274212e+000 -6.288701e+000
      vertex  1.000000e+000  3.761218e+000 -5.977961e+000
    endloop
  endfacet
  facet normal -1.000000e+000  0.000000e+000  0.000000e+000
    outer loop
      vertex  1.000000e+000  9.050000e+000 -2.600000e+001
      vertex  1.000000e+000  3.761218e+000 -5.977961e+000
      vertex  1.000000e+000  5.262249e+000 -5.744181e+000
    endloop
  endfacet
  facet normal -1.000000e+000  0.000000e+000  0.000000e+000
    outer loop
      vertex  1.000000e+000  9.050000e+000 -2.600000e+001
      vertex  1.000000e+000  5.262249e+000 -5.744181e+000
      vertex  1.000000e+000  6.773324e+000 -5.587983e+000
    endloop
  endfacet
  facet normal -9.999999e-001  0.000000e+000  0.000000e+000
    outer loop
      vertex  1.000000e+000  9.050000e+000 -2.600000e+001
      vertex  1.000000e+000  6.773324e+000 -5.587983e+000
      vertex  1.000000e+000  8.290437e+000 -5.509780e+000
    endloop
  endfacet
  facet normal -1.000000e+000  0.000000e+000  0.000000e+000
    outer loop
      vertex  1.000000e+000  9.050000e+000 -2.600000e+001
      vertex  1.000000e+000  8.290437e+000 -5.509780e+000
      vertex  1.000000e+000  9.809564e+000 -5.509780e+000
    endloop
  endfacet
  facet normal -1.000000e+000  0.000000e+000  -0.000000e+000
    outer loop
      vertex  1.000000e+000  9.050000e+000 -2.600000e+001
      vertex  1.000000e+000  9.809564e+000 -5.509780e+000
      vertex  1.000000e+000  1.132668e+001 -5.587983e+000
    endloop
  endfacet
  facet normal -1.000000e+000  0.000000e+000  -0.000000e+000
    outer loop
      vertex  1.000000e+000  9.050000e+000 -2.600000e+001
      vertex  1.000000e+000  1.132668e+001 -5.587983e+000
      vertex  1.000000e+000  1.283775e+001 -5.744181e+000
    endloop
  endfacet
  facet normal -9.999999e-001  0.000000e+000  -0.000000e+000
    outer loop
      vertex  1.000000e+000  9.050000e+000 -2.600000e+001
      vertex  1.000000e+000  1.283775e+001 -5.744181e+000
      vertex  1.000000e+000  1.433878e+001 -5.977961e+000
    endloop
  endfacet
  facet normal -1.000000e+000  0.000000e+000  -0.000000e+000
    outer loop
      vertex  1.000000e+000  9.050000e+000 -2.600000e+001
      vertex  1.000000e+000  1.433878e+001 -5.977961e+000
      vertex  1.000000e+000  1.582579e+001 -6.288701e+000
    endloop
  endfacet
  facet normal -1.000000e+000  0.000000e+000  -0.000000e+000
    outer loop
      vertex  1.000000e+000  9.050000e+000 -2.600000e+001
      vertex  1.000000e+000  1.582579e+001 -6.288701e+000
      vertex  1.000000e+000  1.729483e+001 -6.675579e+000
    endloop
  endfacet
  facet normal -1.000000e+000  0.000000e+000  -0.000000e+000
    outer loop
      vertex  1.000000e+000  9.050000e+000 -2.600000e+001
      vertex  1.000000e+000  1.729483e+001 -6.675579e+000
      vertex  1.000000e+000  1.874200e+001 -7.137568e+000
    endloop
  endfacet
  facet normal -1.000000e+000  0.000000e+000  -0.000000e+000
    outer loop
      vertex  1.000000e+000  9.050000e+000 -2.600000e+001
      vertex  1.000000e+000  1.874200e+001 -7.137568e+000
      vertex  1.000000e+000  2.016347e+001 -7.673443e+000
    endloop
  endfacet
  facet normal -9.999999e-001  0.000000e+000  -0.000000e+000
    outer loop
      vertex  1.000000e+000  9.050000e+000 -2.600000e+001
      vertex  1.000000e+000  2.016347e+001 -7.673443e+000
      vertex  1.000000e+000  2.155548e+001 -8.281783e+000
    endloop
  endfacet
  facet normal -1.000000e+000  0.000000e+000  -0.000000e+000
    outer loop
      vertex  1.000000e+000  9.050000e+000 -2.600000e+001
      vertex  1.000000e+000  2.155548e+001 -8.281783e+000
      vertex  1.000000e+000  2.291431e+001 -8.960976e+000
    endloop
  endfacet
  facet normal -1.000000e+000  0.000000e+000  -0.000000e+000
    outer loop
      vertex  1.000000e+000  9.050000e+000 -2.600000e+001
      vertex  1.000000e+000  2.291431e+001 -8.960976e+000
      vertex  1.000000e+000  2.423639e+001 -9.709218e+000
    endloop
  endfacet
  facet normal -1.000000e+000  0.000000e+000  -0.000000e+000
    outer loop
      vertex  1.000000e+000  9.050000e+000 -2.600000e+001
      vertex  1.000000e+000  2.423639e+001 -9.709218e+000
      vertex  1.000000e+000  2.551819e+001 -1.052453e+001
    endloop
  endfacet
  facet normal -1.000000e+000  0.000000e+000  -0.000000e+000
    outer loop
      vertex  1.000000e+000  9.050000e+000 -2.600000e+001
      vertex  1.000000e+000  2.551819e+001 -1.052453e+001
      vertex  1.000000e+000  2.675632e+001 -1.140474e+001
    endloop
  endfacet
  facet normal -1.000000e+000  0.000000e+000  -0.000000e+000
    outer loop
      vertex  1.000000e+000  9.050000e+000 -2.600000e+001
      vertex  1.000000e+000  2.675632e+001 -1.140474e+001
      vertex  1.000000e+000  2.794750e+001 -1.234753e+001
    endloop
  endfacet
  facet normal -1.000000e+000  0.000000e+000  -0.000000e+000
    outer loop
      vertex  1.000000e+000  9.050000e+000 -2.600000e+001
      vertex  1.000000e+000  2.794750e+001 -1.234753e+001
      vertex  1.000000e+000  2.908856e+001 -1.335038e+001
    endloop
  endfacet
  facet normal -1.000000e+000  0.000000e+000  -0.000000e+000
    outer loop
      vertex  1.000000e+000  9.050000e+000 -2.600000e+001
      vertex  1.000000e+000  2.908856e+001 -1.335038e+001
      vertex  1.000000e+000  3.017649e+001 -1.441065e+001
    endloop
  endfacet
  facet normal -1.000000e+000  0.000000e+000  -0.000000e+000
    outer loop
      vertex  1.000000e+000  9.050000e+000 -2.600000e+001
      vertex  1.000000e+000  3.017649e+001 -1.441065e+001
      vertex  1.000000e+000  3.120839e+001 -1.552551e+001
    endloop
  endfacet
  facet normal -1.000000e+000  0.000000e+000  -0.000000e+000
    outer loop
      vertex  1.000000e+000  9.050000e+000 -2.600000e+001
      vertex  1.000000e+000  3.120839e+001 -1.552551e+001
      vertex  1.000000e+000  3.218153e+001 -1.669202e+001
    endloop
  endfacet
  facet normal -1.000000e+000  0.000000e+000  -0.000000e+000
    outer loop
      vertex  1.000000e+000  9.050000e+000 -2.600000e+001
      vertex  1.000000e+000  3.218153e+001 -1.669202e+001
      vertex  1.000000e+000  3.309333e+001 -1.790708e+001
    endloop
  endfacet
  facet normal -1.000000e+000  0.000000e+000  -0.000000e+000
    outer loop
      vertex  1.000000e+000  9.050000e+000 -2.600000e+001
      vertex  1.000000e+000  3.309333e+001 -1.790708e+001
      vertex  1.000000e+000  3.394138e+001 -1.916746e+001
    endloop
  endfacet
  facet normal -1.000000e+000  0.000000e+000  -0.000000e+000
    outer loop
      vertex  1.000000e+000  9.050000e+000 -2.600000e+001
      vertex  1.000000e+000  3.394138e+001 -1.916746e+001
      vertex  1.000000e+000  3.472342e+001 -2.046983e+001
    endloop
  endfacet
  facet normal -1.000000e+000  0.000000e+000  -0.000000e+000
    outer loop
      vertex  1.000000e+000  9.050000e+000 -2.600000e+001
      vertex  1.000000e+000  3.472342e+001 -2.046983e+001
      vertex  1.000000e+000  3.543737e+001 -2.181073e+001
    endloop
  endfacet
  facet normal -1.000000e+000  0.000000e+000  -0.000000e+000
    outer loop
      vertex  1.000000e+000  9.050000e+000 -2.600000e+001
      vertex  1.000000e+000  3.543737e+001 -2.181073e+001
      vertex  1.000000e+000  3.608135e+001 -2.318661e+001
    endloop
  endfacet
  facet normal -1.000000e+000  0.000000e+000  -0.000000e+000
    outer loop
      vertex  1.000000e+000  9.050000e+000 -2.600000e+001
      vertex  1.000000e+000  3.608135e+001 -2.318661e+001
      vertex  1.000000e+000  3.665364e+001 -2.459381e+001
    endloop
  endfacet
  facet normal -1.000000e+000  0.000000e+000  -0.000000e+000
    outer loop
      vertex  1.000000e+000  9.050000e+000 -2.600000e+001
      vertex  1.000000e+000  3.665364e+001 -2.459381e+001
      vertex  1.000000e+000  3.715274e+001 -2.602861e+001
    endloop
  endfacet
  facet normal -1.000000e+000  -0.000000e+000  0.000000e+000
    outer loop
      vertex  1.000000e+000  9.050000e+000 -2.600000e+001
      vertex  1.000000e+000  3.715274e+001 -2.602861e+001
      vertex  1.000000e+000  9.880415e+000 -2.603839e+001
    endloop
  endfacet
  facet normal -1.000000e+000  0.000000e+000  -0.000000e+000
    outer loop
      vertex  1.000000e+000 -1.947732e+001 -2.748720e+001
      vertex  1.000000e+000 -1.905274e+001 -2.602861e+001
      vertex  1.000000e+000  8.219584e+000 -2.603839e+001
    endloop
  endfacet
  facet normal -1.000000e+000  0.000000e+000  0.000000e+000
    outer loop
      vertex  1.000000e+000 -1.947732e+001 -2.748720e+001
      vertex  1.000000e+000  8.219584e+000 -2.603839e+001
      vertex  1.000000e+000  7.396255e+000 -2.615324e+001
    endloop
  endfacet
  facet normal -1.000000e+000  0.000000e+000  0.000000e+000
    outer loop
      vertex  1.000000e+000 -1.947732e+001 -2.748720e+001
      vertex  1.000000e+000  7.396255e+000 -2.615324e+001
      vertex  1.000000e+000  6.587033e+000 -2.634357e+001
    endloop
  endfacet
  facet normal -1.000000e+000  0.000000e+000  0.000000e+000
    outer loop
      vertex  1.000000e+000 -1.947732e+001 -2.748720e+001
      vertex  1.000000e+000  6.587033e+000 -2.634357e+001
      vertex  1.000000e+000  5.798825e+000 -2.660775e+001
    endloop
  endfacet
  facet normal -9.999999e-001  0.000000e+000  0.000000e+000
    outer loop
      vertex  1.000000e+000 -1.947732e+001 -2.748720e+001
      vertex  1.000000e+000  5.798825e+000 -2.660775e+001
      vertex  1.000000e+000  5.038355e+000 -2.694353e+001
    endloop
  endfacet
  facet normal -1.000000e+000  0.000000e+000  0.000000e+000
    outer loop
      vertex  1.000000e+000 -1.947732e+001 -2.748720e+001
      vertex  1.000000e+000  5.038355e+000 -2.694353e+001
      vertex  1.000000e+000  4.312110e+000 -2.734805e+001
    endloop
  endfacet
  facet normal -1.000000e+000  0.000000e+000  0.000000e+000
    outer loop
      vertex  1.000000e+000 -1.947732e+001 -2.748720e+001
      vertex  1.000000e+000  4.312110e+000 -2.734805e+001
      vertex  1.000000e+000  3.626288e+000 -2.781784e+001
    endloop
  endfacet
  facet normal -1.000000e+000  -0.000000e+000  0.000000e+000
    outer loop
      vertex  1.000000e+000 -1.947732e+001 -2.748720e+001
      vertex  1.000000e+000  3.626288e+000 -2.781784e+001
      vertex  1.000000e+000 -1.982624e+001 -2.896571e+001
    endloop
  endfacet
  facet normal -1.000000e+000  0.000000e+000  0.000000e+000
    outer loop
      vertex  1.000000e+000 -1.947732e+001 -4.251280e+001
      vertex  1.000000e+000 -1.982624e+001 -4.103429e+001
      vertex  1.000000e+000  2.398920e+000 -4.106326e+001
    endloop
  endfacet
  facet normal -1.000000e+000  0.000000e+000  -0.000000e+000
    outer loop
      vertex  1.000000e+000 -1.947732e+001 -4.251280e+001
      vertex  1.000000e+000  2.398920e+000 -4.106326e+001
      vertex  1.000000e+000  2.986739e+000 -4.165108e+001
    endloop
  endfacet
  facet normal -1.000000e+000  0.000000e+000  -0.000000e+000
    outer loop
      vertex  1.000000e+000 -1.947732e+001 -4.251280e+001
      vertex  1.000000e+000  2.986739e+000 -4.165108e+001
      vertex  1.000000e+000  3.626288e+000 -4.218216e+001
    endloop
  endfacet
  facet normal -1.000000e+000  0.000000e+000  -0.000000e+000
    outer loop
      vertex  1.000000e+000 -1.947732e+001 -4.251280e+001
      vertex  1.000000e+000  3.626288e+000 -4.218216e+001
      vertex  1.000000e+000  4.312110e+000 -4.265195e+001
    endloop
  endfacet
  facet normal -1.000000e+000  0.000000e+000  0.000000e+000
    outer loop
      vertex  1.000000e+000 -1.905274e+001 -4.397139e+001
      vertex  1.000000e+000 -1.947732e+001 -4.251280e+001
      vertex  1.000000e+000  4.312110e+000 -4.265195e+001
    endloop
  endfacet
  facet normal -1.000000e+000  0.000000e+000  -0.000000e+000
    outer loop
      vertex  1.000000e+000 -1.905274e+001 -4.397139e+001
      vertex  1.000000e+000  4.312110e+000 -4.265195e+001
      vertex  1.000000e+000  5.038355e+000 -4.305647e+001
    endloop
  endfacet
  facet normal -9.999999e-001  0.000000e+000  -0.000000e+000
    outer loop
      vertex  1.000000e+000 -1.905274e+001 -4.397139e+001
      vertex  1.000000e+000  5.038355e+000 -4.305647e+001
      vertex  1.000000e+000  5.798825e+000 -4.339225e+001
    endloop
  endfacet
  facet normal -9.999999e-001  0.000000e+000  -0.000000e+000
    outer loop
      vertex  1.000000e+000 -1.905274e+001 -4.397139e+001
      vertex  1.000000e+000  5.798825e+000 -4.339225e+001
      vertex  1.000000e+000  6.587033e+000 -4.365643e+001
    endloop
  endfacet
  facet normal -1.000000e+000  0.000000e+000  -0.000000e+000
    outer loop
      vertex  1.000000e+000 -1.905274e+001 -4.397139e+001
      vertex  1.000000e+000  6.587033e+000 -4.365643e+001
      vertex  1.000000e+000  7.396255e+000 -4.384676e+001
    endloop
  endfacet
  facet normal -1.000000e+000  0.000000e+000  -0.000000e+000
    outer loop
      vertex  1.000000e+000 -1.905274e+001 -4.397139e+001
      vertex  1.000000e+000  7.396255e+000 -4.384676e+001
      vertex  1.000000e+000  8.219584e+000 -4.396161e+001
    endloop
  endfacet
  facet normal -1.000000e+000  0.000000e+000  0.000000e+000
    outer loop
      vertex  1.000000e+000  3.757732e+001 -2.748720e+001
      vertex  1.000000e+000  3.792624e+001 -2.896571e+001
      vertex  1.000000e+000  1.447371e+001 -2.781784e+001
    endloop
  endfacet
  facet normal -1.000000e+000  0.000000e+000  0.000000e+000
    outer loop
      vertex  1.000000e+000  3.757732e+001 -2.748720e+001
      vertex  1.000000e+000  1.447371e+001 -2.781784e+001
      vertex  1.000000e+000  1.378789e+001 -2.734805e+001
    endloop
  endfacet
  facet normal -9.999999e-001  0.000000e+000  0.000000e+000
    outer loop
      vertex  1.000000e+000  3.757732e+001 -2.748720e+001
      vertex  1.000000e+000  1.378789e+001 -2.734805e+001
      vertex  1.000000e+000  1.306165e+001 -2.694353e+001
    endloop
  endfacet
  facet normal -9.999999e-001  0.000000e+000  0.000000e+000
    outer loop
      vertex  1.000000e+000  3.757732e+001 -2.748720e+001
      vertex  1.000000e+000  1.306165e+001 -2.694353e+001
      vertex  1.000000e+000  1.230118e+001 -2.660775e+001
    endloop
  endfacet
  facet normal -1.000000e+000  0.000000e+000  0.000000e+000
    outer loop
      vertex  1.000000e+000  3.757732e+001 -2.748720e+001
      vertex  1.000000e+000  1.230118e+001 -2.660775e+001
      vertex  1.000000e+000  1.151297e+001 -2.634357e+001
    endloop
  endfacet
  facet normal -1.000000e+000  0.000000e+000  0.000000e+000
    outer loop
      vertex  1.000000e+000  3.757732e+001 -2.748720e+001
      vertex  1.000000e+000  1.151297e+001 -2.634357e+001
      vertex  1.000000e+000  1.070375e+001 -2.615324e+001
    endloop
  endfacet
  facet normal -1.000000e+000  0.000000e+000  0.000000e+000
    outer loop
      vertex  1.000000e+000  3.757732e+001 -2.748720e+001
      vertex  1.000000e+000  1.070375e+001 -2.615324e+001
      vertex  1.000000e+000  9.880415e+000 -2.603839e+001
    endloop
  endfacet
  facet normal -1.000000e+000  0.000000e+000  0.000000e+000
    outer loop
      vertex  1.000000e+000  3.757732e+001 -2.748720e+001
      vertex  1.000000e+000  9.880415e+000 -2.603839e+001
      vertex  1.000000e+000  3.715274e+001 -2.602861e+001
    endloop
  endfacet
  facet normal -1.000000e+000  0.000000e+000  0.000000e+000
    outer loop
      vertex  1.000000e+000  3.715274e+001 -4.397139e+001
      vertex  1.000000e+000  9.880415e+000 -4.396161e+001
      vertex  1.000000e+000  1.070375e+001 -4.384676e+001
    endloop
  endfacet
  facet normal -1.000000e+000  0.000000e+000  0.000000e+000
    outer loop
      vertex  1.000000e+000  3.715274e+001 -4.397139e+001
      vertex  1.000000e+000  1.070375e+001 -4.384676e+001
      vertex  1.000000e+000  1.151297e+001 -4.365643e+001
    endloop
  endfacet
  facet normal -9.999999e-001  0.000000e+000  0.000000e+000
    outer loop
      vertex  1.000000e+000  3.715274e+001 -4.397139e+001
      vertex  1.000000e+000  1.151297e+001 -4.365643e+001
      vertex  1.000000e+000  1.230118e+001 -4.339225e+001
    endloop
  endfacet
  facet normal -1.000000e+000  0.000000e+000  0.000000e+000
    outer loop
      vertex  1.000000e+000  3.715274e+001 -4.397139e+001
      vertex  1.000000e+000  1.230118e+001 -4.339225e+001
      vertex  1.000000e+000  1.306165e+001 -4.305647e+001
    endloop
  endfacet
  facet normal -1.000000e+000  0.000000e+000  0.000000e+000
    outer loop
      vertex  1.000000e+000  3.715274e+001 -4.397139e+001
      vertex  1.000000e+000  1.306165e+001 -4.305647e+001
      vertex  1.000000e+000  1.378789e+001 -4.265195e+001
    endloop
  endfacet
  facet normal -1.000000e+000  0.000000e+000  0.000000e+000
    outer loop
      vertex  1.000000e+000  3.715274e+001 -4.397139e+001
      vertex  1.000000e+000  1.378789e+001 -4.265195e+001
      vertex  1.000000e+000  3.757732e+001 -4.251280e+001
    endloop
  endfacet
  facet normal -1.000000e+000  -0.000000e+000  0.000000e+000
    outer loop
      vertex  1.000000e+000  2.986739e+000 -2.834892e+001
      vertex  1.000000e+000  2.398920e+000 -2.893674e+001
      vertex  1.000000e+000 -1.982624e+001 -2.896571e+001
    endloop
  endfacet
  facet normal -1.000000e+000  0.000000e+000  0.000000e+000
    outer loop
      vertex  1.000000e+000 -1.982624e+001 -2.896571e+001
      vertex  1.000000e+000  2.398920e+000 -2.893674e+001
      vertex  1.000000e+000  1.867845e+000 -2.957629e+001
    endloop
  endfacet
  facet normal -1.000000e+000  -0.000000e+000  0.000000e+000
    outer loop
      vertex  1.000000e+000 -1.982624e+001 -2.896571e+001
      vertex  1.000000e+000  1.867845e+000 -2.957629e+001
      vertex  1.000000e+000 -2.009859e+001 -3.046023e+001
    endloop
  endfacet
  facet normal -1.000000e+000  -0.000000e+000  0.000000e+000
    outer loop
      vertex  1.000000e+000  1.867845e+000 -2.957629e+001
      vertex  1.000000e+000  1.398046e+000 -3.026211e+001
      vertex  1.000000e+000 -2.009859e+001 -3.046023e+001
    endloop
  endfacet
  facet normal -1.000000e+000  0.000000e+000  0.000000e+000
    outer loop
      vertex  1.000000e+000 -2.009859e+001 -3.046023e+001
      vertex  1.000000e+000  1.398046e+000 -3.026211e+001
      vertex  1.000000e+000  9.935304e-001 -3.098836e+001
    endloop
  endfacet
  facet normal -1.000000e+000  -0.000000e+000  0.000000e+000
    outer loop
      vertex  1.000000e+000 -2.009859e+001 -3.046023e+001
      vertex  1.000000e+000  9.935304e-001 -3.098836e+001
      vertex  1.000000e+000 -2.029365e+001 -3.196678e+001
    endloop
  endfacet
  facet normal -1.000000e+000  -0.000000e+000  0.000000e+000
    outer loop
      vertex  1.000000e+000  9.935304e-001 -3.098836e+001
      vertex  1.000000e+000  6.577500e-001 -3.174883e+001
      vertex  1.000000e+000 -2.029365e+001 -3.196678e+001
    endloop
  endfacet
  facet normal -1.000000e+000  0.000000e+000  0.000000e+000
    outer loop
      vertex  1.000000e+000 -2.029365e+001 -3.196678e+001
      vertex  1.000000e+000  6.577500e-001 -3.174883e+001
      vertex  1.000000e+000  3.935692e-001 -3.253703e+001
    endloop
  endfacet
  facet normal -1.000000e+000  -0.000000e+000  0.000000e+000
    outer loop
      vertex  1.000000e+000 -2.029365e+001 -3.196678e+001
      vertex  1.000000e+000  3.935692e-001 -3.253703e+001
      vertex  1.000000e+000 -2.041088e+001 -3.348138e+001
    endloop
  endfacet
  facet normal -1.000000e+000  0.000000e+000  0.000000e+000
    outer loop
      vertex  1.000000e+000  5.000000e-002 -3.500000e+001
      vertex  1.000000e+000 -2.045000e+001 -3.500000e+001
      vertex  1.000000e+000  8.839241e-002 -3.416959e+001
    endloop
  endfacet
  facet normal -1.000000e+000  -0.000000e+000  0.000000e+000
    outer loop
      vertex  1.000000e+000  8.839241e-002 -3.416959e+001
      vertex  1.000000e+000 -2.045000e+001 -3.500000e+001
      vertex  1.000000e+000 -2.041088e+001 -3.348138e+001
    endloop
  endfacet
  facet normal -1.000000e+000  0.000000e+000  0.000000e+000
    outer loop
      vertex  1.000000e+000  8.839241e-002 -3.416959e+001
      vertex  1.000000e+000 -2.041088e+001 -3.348138e+001
      vertex  1.000000e+000  2.032421e-001 -3.334625e+001
    endloop
  endfacet
  facet normal -1.000000e+000  0.000000e+000  0.000000e+000
    outer loop
      vertex  1.000000e+000  2.032421e-001 -3.665375e+001
      vertex  1.000000e+000 -2.041088e+001 -3.651862e+001
      vertex  1.000000e+000  8.839241e-002 -3.583041e+001
    endloop
  endfacet
  facet normal -1.000000e+000  -0.000000e+000  0.000000e+000
    outer loop
      vertex  1.000000e+000  8.839241e-002 -3.583041e+001
      vertex  1.000000e+000 -2.041088e+001 -3.651862e+001
      vertex  1.000000e+000 -2.045000e+001 -3.500000e+001
    endloop
  endfacet
  facet normal -1.000000e+000  0.000000e+000  0.000000e+000
    outer loop
      vertex  1.000000e+000  8.839241e-002 -3.583041e+001
      vertex  1.000000e+000 -2.045000e+001 -3.500000e+001
      vertex  1.000000e+000  5.000000e-002 -3.500000e+001
    endloop
  endfacet
  facet normal -1.000000e+000  0.000000e+000  0.000000e+000
    outer loop
      vertex  1.000000e+000  6.577500e-001 -3.825117e+001
      vertex  1.000000e+000 -2.029365e+001 -3.803322e+001
      vertex  1.000000e+000  3.935692e-001 -3.746297e+001
    endloop
  endfacet
  facet normal -9.999999e-001  -0.000000e+000  0.000000e+000
    outer loop
      vertex  1.000000e+000  3.935692e-001 -3.746297e+001
      vertex  1.000000e+000 -2.029365e+001 -3.803322e+001
      vertex  1.000000e+000 -2.041088e+001 -3.651862e+001
    endloop
  endfacet
  facet normal -1.000000e+000  0.000000e+000  0.000000e+000
    outer loop
      vertex  1.000000e+000  3.935692e-001 -3.746297e+001
      vertex  1.000000e+000 -2.041088e+001 -3.651862e+001
      vertex  1.000000e+000  2.032421e-001 -3.665375e+001
    endloop
  endfacet
  facet normal -9.999999e-001  0.000000e+000  0.000000e+000
    outer loop
      vertex  1.000000e+000  1.398046e+000 -3.973789e+001
      vertex  1.000000e+000 -2.009859e+001 -3.953977e+001
      vertex  1.000000e+000  9.935304e-001 -3.901165e+001
    endloop
  endfacet
  facet normal -1.000000e+000  -0.000000e+000  0.000000e+000
    outer loop
      vertex  1.000000e+000  9.935304e-001 -3.901165e+001
      vertex  1.000000e+000 -2.009859e+001 -3.953977e+001
      vertex  1.000000e+000 -2.029365e+001 -3.803322e+001
    endloop
  endfacet
  facet normal -1.000000e+000  0.000000e+000  0.000000e+000
    outer loop
      vertex  1.000000e+000  9.935304e-001 -3.901165e+001
      vertex  1.000000e+000 -2.029365e+001 -3.803322e+001
      vertex  1.000000e+000  6.577500e-001 -3.825117e+001
    endloop
  endfacet
  facet normal -1.000000e+000  0.000000e+000  0.000000e+000
    outer loop
      vertex  1.000000e+000  2.398920e+000 -4.106326e+001
      vertex  1.000000e+000 -1.982624e+001 -4.103429e+001
      vertex  1.000000e+000  1.867845e+000 -4.042371e+001
    endloop
  endfacet
  facet normal -1.000000e+000  -0.000000e+000  0.000000e+000
    outer loop
      vertex  1.000000e+000  1.867845e+000 -4.042371e+001
      vertex  1.000000e+000 -1.982624e+001 -4.103429e+001
      vertex  1.000000e+000 -2.009859e+001 -3.953977e+001
    endloop
  endfacet
  facet normal -1.000000e+000  0.000000e+000  0.000000e+000
    outer loop
      vertex  1.000000e+000  1.867845e+000 -4.042371e+001
      vertex  1.000000e+000 -2.009859e+001 -3.953977e+001
      vertex  1.000000e+000  1.398046e+000 -3.973789e+001
    endloop
  endfacet
  facet normal -1.000000e+000  0.000000e+000  0.000000e+000
    outer loop
      vertex  1.000000e+000  1.511326e+001 -2.834892e+001
      vertex  1.000000e+000  3.792624e+001 -2.896571e+001
      vertex  1.000000e+000  1.570108e+001 -2.893674e+001
    endloop
  endfacet
  facet normal -1.000000e+000  0.000000e+000  0.000000e+000
    outer loop
      vertex  1.000000e+000  1.570108e+001 -2.893674e+001
      vertex  1.000000e+000  3.792624e+001 -2.896571e+001
      vertex  1.000000e+000  3.819859e+001 -3.046023e+001
    endloop
  endfacet
  facet normal -1.000000e+000  0.000000e+000  0.000000e+000
    outer loop
      vertex  1.000000e+000  1.570108e+001 -2.893674e+001
      vertex  1.000000e+000  3.819859e+001 -3.046023e+001
      vertex  1.000000e+000  1.623215e+001 -2.957629e+001
    endloop
  endfacet
  facet normal -1.000000e+000  0.000000e+000  0.000000e+000
    outer loop
      vertex  1.000000e+000  1.623215e+001 -2.957629e+001
      vertex  1.000000e+000  3.819859e+001 -3.046023e+001
      vertex  1.000000e+000  1.670195e+001 -3.026211e+001
    endloop
  endfacet
  facet normal -1.000000e+000  0.000000e+000  0.000000e+000
    outer loop
      vertex  1.000000e+000  1.670195e+001 -3.026211e+001
      vertex  1.000000e+000  3.819859e+001 -3.046023e+001
      vertex  1.000000e+000  3.839365e+001 -3.196678e+001
    endloop
  endfacet
  facet normal -1.000000e+000  0.000000e+000  0.000000e+000
    outer loop
      vertex  1.000000e+000  1.670195e+001 -3.026211e+001
      vertex  1.000000e+000  3.839365e+001 -3.196678e+001
      vertex  1.000000e+000  1.710647e+001 -3.098836e+001
    endloop
  endfacet
  facet normal -1.000000e+000  0.000000e+000  0.000000e+000
    outer loop
      vertex  1.000000e+000  1.710647e+001 -3.098836e+001
      vertex  1.000000e+000  3.839365e+001 -3.196678e+001
      vertex  1.000000e+000  1.744225e+001 -3.174883e+001
    endloop
  endfacet
  facet normal -1.000000e+000  0.000000e+000  0.000000e+000
    outer loop
      vertex  1.000000e+000  1.744225e+001 -3.174883e+001
      vertex  1.000000e+000  3.839365e+001 -3.196678e+001
      vertex  1.000000e+000  3.851089e+001 -3.348138e+001
    endloop
  endfacet
  facet normal -1.000000e+000  0.000000e+000  0.000000e+000
    outer loop
      vertex  1.000000e+000  1.744225e+001 -3.174883e+001
      vertex  1.000000e+000  3.851089e+001 -3.348138e+001
      vertex  1.000000e+000  1.770643e+001 -3.253703e+001
    endloop
  endfacet
  facet normal -1.000000e+000  0.000000e+000  0.000000e+000
    outer loop
      vertex  1.000000e+000  1.770643e+001 -3.253703e+001
      vertex  1.000000e+000  3.851089e+001 -3.348138e+001
      vertex  1.000000e+000  1.789676e+001 -3.334625e+001
    endloop
  endfacet
  facet normal -1.000000e+000  0.000000e+000  0.000000e+000
    outer loop
      vertex  1.000000e+000  1.789676e+001 -3.334625e+001
      vertex  1.000000e+000  3.851089e+001 -3.348138e+001
      vertex  1.000000e+000  3.855000e+001 -3.500000e+001
    endloop
  endfacet
  facet normal -1.000000e+000  0.000000e+000  0.000000e+000
    outer loop
      vertex  1.000000e+000  1.789676e+001 -3.334625e+001
      vertex  1.000000e+000  3.855000e+001 -3.500000e+001
      vertex  1.000000e+000  1.801161e+001 -3.416959e+001
    endloop
  endfacet
  facet normal -1.000000e+000  0.000000e+000  0.000000e+000
    outer loop
      vertex  1.000000e+000  1.801161e+001 -3.416959e+001
      vertex  1.000000e+000  3.855000e+001 -3.500000e+001
      vertex  1.000000e+000  1.805000e+001 -3.500000e+001
    endloop
  endfacet
  facet normal -9.999999e-001  0.000000e+000  0.000000e+000
    outer loop
      vertex  1.000000e+000  1.805000e+001 -3.500000e+001
      vertex  1.000000e+000  3.855000e+001 -3.500000e+001
      vertex  1.000000e+000  3.851089e+001 -3.651862e+001
    endloop
  endfacet
  facet normal -1.000000e+000  0.000000e+000  0.000000e+000
    outer loop
      vertex  1.000000e+000  1.805000e+001 -3.500000e+001
      vertex  1.000000e+000  3.851089e+001 -3.651862e+001
      vertex  1.000000e+000  1.801161e+001 -3.583041e+001
    endloop
  endfacet
  facet normal -1.000000e+000  -0.000000e+000  0.000000e+000
    outer loop
      vertex  1.000000e+000  1.801161e+001 -3.583041e+001
      vertex  1.000000e+000  3.851089e+001 -3.651862e+001
      vertex  1.000000e+000  1.789676e+001 -3.665375e+001
    endloop
  endfacet
  facet normal -1.000000e+000  0.000000e+000  0.000000e+000
    outer loop
      vertex  1.000000e+000  1.789676e+001 -3.665375e+001
      vertex  1.000000e+000  3.851089e+001 -3.651862e+001
      vertex  1.000000e+000  3.839365e+001 -3.803322e+001
    endloop
  endfacet
  facet normal -1.000000e+000  0.000000e+000  0.000000e+000
    outer loop
      vertex  1.000000e+000  1.789676e+001 -3.665375e+001
      vertex  1.000000e+000  3.839365e+001 -3.803322e+001
      vertex  1.000000e+000  1.770643e+001 -3.746297e+001
    endloop
  endfacet
  facet normal -1.000000e+000  -0.000000e+000  0.000000e+000
    outer loop
      vertex  1.000000e+000  1.770643e+001 -3.746297e+001
      vertex  1.000000e+000  3.839365e+001 -3.803322e+001
      vertex  1.000000e+000  1.744225e+001 -3.825117e+001
    endloop
  endfacet
  facet normal -1.000000e+000  0.000000e+000  0.000000e+000
    outer loop
      vertex  1.000000e+000  1.744225e+001 -3.825117e+001
      vertex  1.000000e+000  3.839365e+001 -3.803322e+001
      vertex  1.000000e+000  3.819859e+001 -3.953977e+001
    endloop
  endfacet
  facet normal -1.000000e+000  0.000000e+000  0.000000e+000
    outer loop
      vertex  1.000000e+000  1.744225e+001 -3.825117e+001
      vertex  1.000000e+000  3.819859e+001 -3.953977e+001
      vertex  1.000000e+000  1.710647e+001 -3.901165e+001
    endloop
  endfacet
  facet normal -9.999999e-001  -0.000000e+000  0.000000e+000
    outer loop
      vertex  1.000000e+000  1.710647e+001 -3.901165e+001
      vertex  1.000000e+000  3.819859e+001 -3.953977e+001
      vertex  1.000000e+000  1.670195e+001 -3.973789e+001
    endloop
  endfacet
  facet normal -1.000000e+000  0.000000e+000  0.000000e+000
    outer loop
      vertex  1.000000e+000  1.670195e+001 -3.973789e+001
      vertex  1.000000e+000  3.819859e+001 -3.953977e+001
      vertex  1.000000e+000  3.792624e+001 -4.103429e+001
    endloop
  endfacet
  facet normal -9.999999e-001  0.000000e+000  0.000000e+000
    outer loop
      vertex  1.000000e+000  1.670195e+001 -3.973789e+001
      vertex  1.000000e+000  3.792624e+001 -4.103429e+001
      vertex  1.000000e+000  1.623215e+001 -4.042371e+001
    endloop
  endfacet
  facet normal -1.000000e+000  0.000000e+000  -0.000000e+000
    outer loop
      vertex  1.000000e+000  1.447371e+001 -4.218216e+001
      vertex  1.000000e+000  1.511326e+001 -4.165108e+001
      vertex  1.000000e+000  3.757732e+001 -4.251280e+001
    endloop
  endfacet
  facet normal -1.000000e+000  0.000000e+000  0.000000e+000
    outer loop
      vertex  1.000000e+000  3.757732e+001 -4.251280e+001
      vertex  1.000000e+000  1.511326e+001 -4.165108e+001
      vertex  1.000000e+000  1.570108e+001 -4.106326e+001
    endloop
  endfacet
  facet normal -1.000000e+000  0.000000e+000  0.000000e+000
    outer loop
      vertex  1.000000e+000  3.757732e+001 -4.251280e+001
      vertex  1.000000e+000  1.570108e+001 -4.106326e+001
      vertex  1.000000e+000  3.792624e+001 -4.103429e+001
    endloop
  endfacet
  facet normal  -0.000000e+000 -3.026021e-001 -9.531170e-001
    outer loop
      vertex  4.000000e+000  8.511117e-001 -6.333775e+001
      vertex  1.500000e+001  8.511117e-001 -6.333775e+001
      vertex  4.000000e+000 -5.986177e-001 -6.287748e+001
    endloop
  endfacet
  facet normal  0.000000e+000 -3.026021e-001 -9.531170e-001
    outer loop
      vertex  4.000000e+000 -5.986177e-001 -6.287748e+001
      vertex  1.500000e+001  8.511117e-001 -6.333775e+001
      vertex  1.500000e+001 -5.986177e-001 -6.287748e+001
    endloop
  endfacet
  facet normal  -0.000000e+000 -3.513244e-001 -9.362538e-001
    outer loop
      vertex  4.000000e+000 -5.986177e-001 -6.287748e+001
      vertex  1.500000e+001 -5.986177e-001 -6.287748e+001
      vertex  4.000000e+000 -2.022696e+000 -6.234311e+001
    endloop
  endfacet
  facet normal  0.000000e+000 -3.513244e-001 -9.362538e-001
    outer loop
      vertex  4.000000e+000 -2.022696e+000 -6.234311e+001
      vertex  1.500000e+001 -5.986177e-001 -6.287748e+001
      vertex  1.500000e+001 -2.022696e+000 -6.234311e+001
    endloop
  endfacet
  facet normal  -0.000000e+000 -3.991159e-001 -9.169005e-001
    outer loop
      vertex  4.000000e+000 -2.022696e+000 -6.234311e+001
      vertex  1.500000e+001 -2.022696e+000 -6.234311e+001
      vertex  4.000000e+000 -3.417338e+000 -6.173603e+001
    endloop
  endfacet
  facet normal  0.000000e+000 -3.991159e-001 -9.169005e-001
    outer loop
      vertex  4.000000e+000 -3.417338e+000 -6.173603e+001
      vertex  1.500000e+001 -2.022696e+000 -6.234311e+001
      vertex  1.500000e+001 -3.417338e+000 -6.173603e+001
    endloop
  endfacet
  facet normal  -0.000000e+000 -4.458464e-001 -8.951095e-001
    outer loop
      vertex  4.000000e+000 -3.417338e+000 -6.173603e+001
      vertex  1.500000e+001 -3.417338e+000 -6.173603e+001
      vertex  4.000000e+000 -4.778835e+000 -6.105788e+001
    endloop
  endfacet
  facet normal  0.000000e+000 -4.458464e-001 -8.951095e-001
    outer loop
      vertex  4.000000e+000 -4.778835e+000 -6.105788e+001
      vertex  1.500000e+001 -3.417338e+000 -6.173603e+001
      vertex  1.500000e+001 -4.778835e+000 -6.105788e+001
    endloop
  endfacet
  facet normal  -0.000000e+000 -4.913908e-001 -8.709391e-001
    outer loop
      vertex  4.000000e+000 -4.778835e+000 -6.105788e+001
      vertex  1.500000e+001 -4.778835e+000 -6.105788e+001
      vertex  4.000000e+000 -6.103569e+000 -6.031046e+001
    endloop
  endfacet
  facet normal  0.000000e+000 -4.913908e-001 -8.709391e-001
    outer loop
      vertex  4.000000e+000 -6.103569e+000 -6.031046e+001
      vertex  1.500000e+001 -4.778835e+000 -6.105788e+001
      vertex  1.500000e+001 -6.103569e+000 -6.031046e+001
    endloop
  endfacet
  facet normal  -0.000000e+000 -5.356287e-001 -8.444535e-001
    outer loop
      vertex  4.000000e+000 -6.103569e+000 -6.031046e+001
      vertex  1.500000e+001 -6.103569e+000 -6.031046e+001
      vertex  4.000000e+000 -7.388016e+000 -5.949575e+001
    endloop
  endfacet
  facet normal  0.000000e+000 -5.356287e-001 -8.444535e-001
    outer loop
      vertex  4.000000e+000 -7.388016e+000 -5.949575e+001
      vertex  1.500000e+001 -6.103569e+000 -6.031046e+001
      vertex  1.500000e+001 -7.388016e+000 -5.949575e+001
    endloop
  endfacet
  facet normal  -0.000000e+000 -5.784421e-001 -8.157234e-001
    outer loop
      vertex  4.000000e+000 -7.388016e+000 -5.949575e+001
      vertex  1.500000e+001 -7.388016e+000 -5.949575e+001
      vertex  4.000000e+000 -8.628763e+000 -5.861591e+001
    endloop
  endfacet
  facet normal  0.000000e+000 -5.784421e-001 -8.157234e-001
    outer loop
      vertex  4.000000e+000 -8.628763e+000 -5.861591e+001
      vertex  1.500000e+001 -7.388016e+000 -5.949575e+001
      vertex  1.500000e+001 -8.628763e+000 -5.861591e+001
    endloop
  endfacet
  facet normal  -0.000000e+000 -6.197201e-001 -7.848230e-001
    outer loop
      vertex  4.000000e+000 -8.628763e+000 -5.861591e+001
      vertex  1.500000e+001 -8.628763e+000 -5.861591e+001
      vertex  4.000000e+000 -9.822511e+000 -5.767329e+001
    endloop
  endfacet
  facet normal  0.000000e+000 -6.197201e-001 -7.848230e-001
    outer loop
      vertex  4.000000e+000 -9.822511e+000 -5.767329e+001
      vertex  1.500000e+001 -8.628763e+000 -5.861591e+001
      vertex  1.500000e+001 -9.822511e+000 -5.767329e+001
    endloop
  endfacet
  facet normal  -0.000000e+000 -6.593468e-001 -7.518389e-001
    outer loop
      vertex  4.000000e+000 -9.822511e+000 -5.767329e+001
      vertex  1.500000e+001 -9.822511e+000 -5.767329e+001
      vertex  4.000000e+000 -1.096609e+001 -5.667040e+001
    endloop
  endfacet
  facet normal  0.000000e+000 -6.593468e-001 -7.518389e-001
    outer loop
      vertex  4.000000e+000 -1.096609e+001 -5.667040e+001
      vertex  1.500000e+001 -9.822511e+000 -5.767329e+001
      vertex  1.500000e+001 -1.096609e+001 -5.667040e+001
    endloop
  endfacet
  facet normal  -0.000000e+000 -6.972238e-001 -7.168536e-001
    outer loop
      vertex  4.000000e+000 -1.096609e+001 -5.667040e+001
      vertex  1.500000e+001 -1.096609e+001 -5.667040e+001
      vertex  4.000000e+000 -1.205645e+001 -5.560990e+001
    endloop
  endfacet
  facet normal  0.000000e+000 -6.972238e-001 -7.168536e-001
    outer loop
      vertex  4.000000e+000 -1.205645e+001 -5.560990e+001
      vertex  1.500000e+001 -1.096609e+001 -5.667040e+001
      vertex  1.500000e+001 -1.205645e+001 -5.560990e+001
    endloop
  endfacet
  facet normal  -0.000000e+000 -7.332473e-001 -6.799621e-001
    outer loop
      vertex  4.000000e+000 -1.205645e+001 -5.560990e+001
      vertex  1.500000e+001 -1.205645e+001 -5.560990e+001
      vertex  4.000000e+000 -1.309070e+001 -5.449460e+001
    endloop
  endfacet
  facet normal  0.000000e+000 -7.332473e-001 -6.799621e-001
    outer loop
      vertex  4.000000e+000 -1.309070e+001 -5.449460e+001
      vertex  1.500000e+001 -1.205645e+001 -5.560990e+001
      vertex  1.500000e+001 -1.309070e+001 -5.449460e+001
    endloop
  endfacet
  facet normal  -0.000000e+000 -7.673188e-001 -6.412658e-001
    outer loop
      vertex  4.000000e+000 -1.309070e+001 -5.449460e+001
      vertex  1.500000e+001 -1.309070e+001 -5.449460e+001
      vertex  4.000000e+000 -1.406609e+001 -5.332748e+001
    endloop
  endfacet
  facet normal  0.000000e+000 -7.673188e-001 -6.412658e-001
    outer loop
      vertex  4.000000e+000 -1.406609e+001 -5.332748e+001
      vertex  1.500000e+001 -1.309070e+001 -5.449460e+001
      vertex  1.500000e+001 -1.406609e+001 -5.332748e+001
    endloop
  endfacet
  facet normal  -0.000000e+000 -7.993524e-001 -6.008623e-001
    outer loop
      vertex  4.000000e+000 -1.406609e+001 -5.332748e+001
      vertex  1.500000e+001 -1.406609e+001 -5.332748e+001
      vertex  4.000000e+000 -1.498003e+001 -5.211163e+001
    endloop
  endfacet
  facet normal  0.000000e+000 -7.993524e-001 -6.008623e-001
    outer loop
      vertex  4.000000e+000 -1.498003e+001 -5.211163e+001
      vertex  1.500000e+001 -1.406609e+001 -5.332748e+001
      vertex  1.500000e+001 -1.498003e+001 -5.211163e+001
    endloop
  endfacet
  facet normal  -0.000000e+000 -8.292602e-001 -5.588626e-001
    outer loop
      vertex  4.000000e+000 -1.498003e+001 -5.211163e+001
      vertex  1.500000e+001 -1.498003e+001 -5.211163e+001
      vertex  4.000000e+000 -1.583008e+001 -5.085029e+001
    endloop
  endfacet
  facet normal  0.000000e+000 -8.292602e-001 -5.588626e-001
    outer loop
      vertex  4.000000e+000 -1.583008e+001 -5.085029e+001
      vertex  1.500000e+001 -1.498003e+001 -5.211163e+001
      vertex  1.500000e+001 -1.583008e+001 -5.085029e+001
    endloop
  endfacet
  facet normal  -0.000000e+000 -8.569636e-001 -5.153769e-001
    outer loop
      vertex  4.000000e+000 -1.583008e+001 -5.085029e+001
      vertex  1.500000e+001 -1.583008e+001 -5.085029e+001
      vertex  4.000000e+000 -1.661399e+001 -4.954682e+001
    endloop
  endfacet
  facet normal  0.000000e+000 -8.569636e-001 -5.153769e-001
    outer loop
      vertex  4.000000e+000 -1.661399e+001 -4.954682e+001
      vertex  1.500000e+001 -1.583008e+001 -5.085029e+001
      vertex  1.500000e+001 -1.661399e+001 -4.954682e+001
    endloop
  endfacet
  facet normal  -0.000000e+000 -8.823893e-001 -4.705201e-001
    outer loop
      vertex  4.000000e+000 -1.661399e+001 -4.954682e+001
      vertex  1.500000e+001 -1.661399e+001 -4.954682e+001
      vertex  4.000000e+000 -1.732967e+001 -4.820467e+001
    endloop
  endfacet
  facet normal  0.000000e+000 -8.823893e-001 -4.705201e-001
    outer loop
      vertex  4.000000e+000 -1.732967e+001 -4.820467e+001
      vertex  1.500000e+001 -1.661399e+001 -4.954682e+001
      vertex  1.500000e+001 -1.732967e+001 -4.820467e+001
    endloop
  endfacet
  facet normal  -0.000000e+000 -9.054681e-001 -4.244142e-001
    outer loop
      vertex  4.000000e+000 -1.732967e+001 -4.820467e+001
      vertex  1.500000e+001 -1.732967e+001 -4.820467e+001
      vertex  4.000000e+000 -1.797522e+001 -4.682742e+001
    endloop
  endfacet
  facet normal  0.000000e+000 -9.054681e-001 -4.244142e-001
    outer loop
      vertex  4.000000e+000 -1.797522e+001 -4.682742e+001
      vertex  1.500000e+001 -1.732967e+001 -4.820467e+001
      vertex  1.500000e+001 -1.797522e+001 -4.682742e+001
    endloop
  endfacet
  facet normal  -0.000000e+000 -9.261407e-001 -3.771781e-001
    outer loop
      vertex  4.000000e+000 -1.797522e+001 -4.682742e+001
      vertex  1.500000e+001 -1.797522e+001 -4.682742e+001
      vertex  4.000000e+000 -1.854892e+001 -4.541872e+001
    endloop
  endfacet
  facet normal  0.000000e+000 -9.261407e-001 -3.771781e-001
    outer loop
      vertex  4.000000e+000 -1.854892e+001 -4.541872e+001
      vertex  1.500000e+001 -1.797522e+001 -4.682742e+001
      vertex  1.500000e+001 -1.854892e+001 -4.541872e+001
    endloop
  endfacet
  facet normal  -0.000000e+000 -9.443510e-001 -3.289398e-001
    outer loop
      vertex  4.000000e+000 -1.854892e+001 -4.541872e+001
      vertex  1.500000e+001 -1.854892e+001 -4.541872e+001
      vertex  4.000000e+000 -1.904925e+001 -4.398232e+001
    endloop
  endfacet
  facet normal  0.000000e+000 -9.443510e-001 -3.289398e-001
    outer loop
      vertex  4.000000e+000 -1.904925e+001 -4.398232e+001
      vertex  1.500000e+001 -1.854892e+001 -4.541872e+001
      vertex  1.500000e+001 -1.904925e+001 -4.398232e+001
    endloop
  endfacet
  facet normal  -0.000000e+000 -9.600499e-001 -2.798288e-001
    outer loop
      vertex  4.000000e+000 -1.904925e+001 -4.398232e+001
      vertex  1.500000e+001 -1.904925e+001 -4.398232e+001
      vertex  4.000000e+000 -1.947488e+001 -4.252205e+001
    endloop
  endfacet
  facet normal  0.000000e+000 -9.600499e-001 -2.798288e-001
    outer loop
      vertex  4.000000e+000 -1.947488e+001 -4.252205e+001
      vertex  1.500000e+001 -1.904925e+001 -4.398232e+001
      vertex  1.500000e+001 -1.947488e+001 -4.252205e+001
    endloop
  endfacet
  facet normal  -0.000000e+000 -9.731973e-001 -2.299720e-001
    outer loop
      vertex  4.000000e+000 -1.947488e+001 -4.252205e+001
      vertex  1.500000e+001 -1.947488e+001 -4.252205e+001
      vertex  4.000000e+000 -1.982468e+001 -4.104178e+001
    endloop
  endfacet
  facet normal  0.000000e+000 -9.731973e-001 -2.299720e-001
    outer loop
      vertex  4.000000e+000 -1.982468e+001 -4.104178e+001
      vertex  1.500000e+001 -1.947488e+001 -4.252205e+001
      vertex  1.500000e+001 -1.982468e+001 -4.104178e+001
    endloop
  endfacet
  facet normal  -0.000000e+000 -9.837572e-001 -1.795042e-001
    outer loop
      vertex  4.000000e+000 -1.982468e+001 -4.104178e+001
      vertex  1.500000e+001 -1.982468e+001 -4.104178e+001
      vertex  4.000000e+000 -2.009771e+001 -3.954544e+001
    endloop
  endfacet
  facet normal  0.000000e+000 -9.837572e-001 -1.795042e-001
    outer loop
      vertex  4.000000e+000 -2.009771e+001 -3.954544e+001
      vertex  1.500000e+001 -1.982468e+001 -4.104178e+001
      vertex  1.500000e+001 -2.009771e+001 -3.954544e+001
    endloop
  endfacet
  facet normal  -0.000000e+000 -9.917018e-001 -1.285589e-001
    outer loop
      vertex  4.000000e+000 -2.009771e+001 -3.954544e+001
      vertex  1.500000e+001 -2.009771e+001 -3.954544e+001
      vertex  4.000000e+000 -2.029325e+001 -3.803703e+001
    endloop
  endfacet
  facet normal  0.000000e+000 -9.917018e-001 -1.285589e-001
    outer loop
      vertex  4.000000e+000 -2.029325e+001 -3.803703e+001
      vertex  1.500000e+001 -2.009771e+001 -3.954544e+001
      vertex  1.500000e+001 -2.029325e+001 -3.803703e+001
    endloop
  endfacet
  facet normal  -0.000000e+000 -9.970101e-001 -7.727261e-002
    outer loop
      vertex  4.000000e+000 -2.029325e+001 -3.803703e+001
      vertex  1.500000e+001 -2.029325e+001 -3.803703e+001
      vertex  4.000000e+000 -2.041079e+001 -3.652053e+001
    endloop
  endfacet
  facet normal  0.000000e+000 -9.970101e-001 -7.727261e-002
    outer loop
      vertex  4.000000e+000 -2.041079e+001 -3.652053e+001
      vertex  1.500000e+001 -2.029325e+001 -3.803703e+001
      vertex  1.500000e+001 -2.041079e+001 -3.652053e+001
    endloop
  endfacet
  facet normal  -0.000000e+000 -9.996676e-001 -2.578050e-002
    outer loop
      vertex  4.000000e+000 -2.041079e+001 -3.652053e+001
      vertex  1.500000e+001 -2.041079e+001 -3.652053e+001
      vertex  4.000000e+000 -2.045000e+001 -3.500000e+001
    endloop
  endfacet
  facet normal  0.000000e+000 -9.996676e-001 -2.578050e-002
    outer loop
      vertex  4.000000e+000 -2.045000e+001 -3.500000e+001
      vertex  1.500000e+001 -2.041079e+001 -3.652053e+001
      vertex  1.500000e+001 -2.045000e+001 -3.500000e+001
    endloop
  endfacet
  facet normal  0.000000e+000 -9.996676e-001  2.578050e-002
    outer loop
      vertex  4.000000e+000 -2.045000e+001 -3.500000e+001
      vertex  1.500000e+001 -2.045000e+001 -3.500000e+001
      vertex  4.000000e+000 -2.041079e+001 -3.347947e+001
    endloop
  endfacet
  facet normal  0.000000e+000 -9.996676e-001  2.578050e-002
    outer loop
      vertex  4.000000e+000 -2.041079e+001 -3.347947e+001
      vertex  1.500000e+001 -2.045000e+001 -3.500000e+001
      vertex  1.500000e+001 -2.041079e+001 -3.347947e+001
    endloop
  endfacet
  facet normal  0.000000e+000 -9.970101e-001  7.727261e-002
    outer loop
      vertex  4.000000e+000 -2.041079e+001 -3.347947e+001
      vertex  1.500000e+001 -2.041079e+001 -3.347947e+001
      vertex  4.000000e+000 -2.029325e+001 -3.196297e+001
    endloop
  endfacet
  facet normal  0.000000e+000 -9.970101e-001  7.727261e-002
    outer loop
      vertex  4.000000e+000 -2.029325e+001 -3.196297e+001
      vertex  1.500000e+001 -2.041079e+001 -3.347947e+001
      vertex  1.500000e+001 -2.029325e+001 -3.196297e+001
    endloop
  endfacet
  facet normal  0.000000e+000 -9.917018e-001  1.285589e-001
    outer loop
      vertex  4.000000e+000 -2.029325e+001 -3.196297e+001
      vertex  1.500000e+001 -2.029325e+001 -3.196297e+001
      vertex  4.000000e+000 -2.009771e+001 -3.045456e+001
    endloop
  endfacet
  facet normal  0.000000e+000 -9.917018e-001  1.285589e-001
    outer loop
      vertex  4.000000e+000 -2.009771e+001 -3.045456e+001
      vertex  1.500000e+001 -2.029325e+001 -3.196297e+001
      vertex  1.500000e+001 -2.009771e+001 -3.045456e+001
    endloop
  endfacet
  facet normal  0.000000e+000 -9.837572e-001  1.795045e-001
    outer loop
      vertex  4.000000e+000 -2.009771e+001 -3.045456e+001
      vertex  1.500000e+001 -2.009771e+001 -3.045456e+001
      vertex  4.000000e+000 -1.982468e+001 -2.895822e+001
    endloop
  endfacet
  facet normal  0.000000e+000 -9.837572e-001  1.795045e-001
    outer loop
      vertex  4.000000e+000 -1.982468e+001 -2.895822e+001
      vertex  1.500000e+001 -2.009771e+001 -3.045456e+001
      vertex  1.500000e+001 -1.982468e+001 -2.895822e+001
    endloop
  endfacet
  facet normal  0.000000e+000 -9.731973e-001  2.299718e-001
    outer loop
      vertex  4.000000e+000 -1.982468e+001 -2.895822e+001
      vertex  1.500000e+001 -1.982468e+001 -2.895822e+001
      vertex  4.000000e+000 -1.947488e+001 -2.747795e+001
    endloop
  endfacet
  facet normal  0.000000e+000 -9.731973e-001  2.299718e-001
    outer loop
      vertex  4.000000e+000 -1.947488e+001 -2.747795e+001
      vertex  1.500000e+001 -1.982468e+001 -2.895822e+001
      vertex  1.500000e+001 -1.947488e+001 -2.747795e+001
    endloop
  endfacet
  facet normal  0.000000e+000 -9.600499e-001  2.798288e-001
    outer loop
      vertex  4.000000e+000 -1.947488e+001 -2.747795e+001
      vertex  1.500000e+001 -1.947488e+001 -2.747795e+001
      vertex  4.000000e+000 -1.904925e+001 -2.601768e+001
    endloop
  endfacet
  facet normal  0.000000e+000 -9.600499e-001  2.798288e-001
    outer loop
      vertex  4.000000e+000 -1.904925e+001 -2.601768e+001
      vertex  1.500000e+001 -1.947488e+001 -2.747795e+001
      vertex  1.500000e+001 -1.904925e+001 -2.601768e+001
    endloop
  endfacet
  facet normal  0.000000e+000 -9.443510e-001  3.289394e-001
    outer loop
      vertex  4.000000e+000 -1.904925e+001 -2.601768e+001
      vertex  1.500000e+001 -1.904925e+001 -2.601768e+001
      vertex  4.000000e+000 -1.854892e+001 -2.458128e+001
    endloop
  endfacet
  facet normal  0.000000e+000 -9.443510e-001  3.289394e-001
    outer loop
      vertex  4.000000e+000 -1.854892e+001 -2.458128e+001
      vertex  1.500000e+001 -1.904925e+001 -2.601768e+001
      vertex  1.500000e+001 -1.854892e+001 -2.458128e+001
    endloop
  endfacet
  facet normal  0.000000e+000 -9.261404e-001  3.771790e-001
    outer loop
      vertex  4.000000e+000 -1.854892e+001 -2.458128e+001
      vertex  1.500000e+001 -1.854892e+001 -2.458128e+001
      vertex  4.000000e+000 -1.797522e+001 -2.317259e+001
    endloop
  endfacet
  facet normal  0.000000e+000 -9.261404e-001  3.771790e-001
    outer loop
      vertex  4.000000e+000 -1.797522e+001 -2.317259e+001
      vertex  1.500000e+001 -1.854892e+001 -2.458128e+001
      vertex  1.500000e+001 -1.797522e+001 -2.317259e+001
    endloop
  endfacet
  facet normal  0.000000e+000 -9.054687e-001  4.244133e-001
    outer loop
      vertex  4.000000e+000 -1.797522e+001 -2.317259e+001
      vertex  1.500000e+001 -1.797522e+001 -2.317259e+001
      vertex  4.000000e+000 -1.732967e+001 -2.179533e+001
    endloop
  endfacet
  facet normal  0.000000e+000 -9.054687e-001  4.244133e-001
    outer loop
      vertex  4.000000e+000 -1.732967e+001 -2.179533e+001
      vertex  1.500000e+001 -1.797522e+001 -2.317259e+001
      vertex  1.500000e+001 -1.732967e+001 -2.179533e+001
    endloop
  endfacet
  facet normal  0.000000e+000 -8.823887e-001  4.705211e-001
    outer loop
      vertex  4.000000e+000 -1.732967e+001 -2.179533e+001
      vertex  1.500000e+001 -1.732967e+001 -2.179533e+001
      vertex  4.000000e+000 -1.661399e+001 -2.045318e+001
    endloop
  endfacet
  facet normal  0.000000e+000 -8.823887e-001  4.705211e-001
    outer loop
      vertex  4.000000e+000 -1.661399e+001 -2.045318e+001
      vertex  1.500000e+001 -1.732967e+001 -2.179533e+001
      vertex  1.500000e+001 -1.661399e+001 -2.045318e+001
    endloop
  endfacet
  facet normal  0.000000e+000 -8.569640e-001  5.153763e-001
    outer loop
      vertex  4.000000e+000 -1.661399e+001 -2.045318e+001
      vertex  1.500000e+001 -1.661399e+001 -2.045318e+001
      vertex  4.000000e+000 -1.583008e+001 -1.914971e+001
    endloop
  endfacet
  facet normal  0.000000e+000 -8.569640e-001  5.153763e-001
    outer loop
      vertex  4.000000e+000 -1.583008e+001 -1.914971e+001
      vertex  1.500000e+001 -1.661399e+001 -2.045318e+001
      vertex  1.500000e+001 -1.583008e+001 -1.914971e+001
    endloop
  endfacet
  facet normal  0.000000e+000 -8.292602e-001  5.588626e-001
    outer loop
      vertex  4.000000e+000 -1.583008e+001 -1.914971e+001
      vertex  1.500000e+001 -1.583008e+001 -1.914971e+001
      vertex  4.000000e+000 -1.498003e+001 -1.788837e+001
    endloop
  endfacet
  facet normal  0.000000e+000 -8.292602e-001  5.588626e-001
    outer loop
      vertex  4.000000e+000 -1.498003e+001 -1.788837e+001
      vertex  1.500000e+001 -1.583008e+001 -1.914971e+001
      vertex  1.500000e+001 -1.498003e+001 -1.788837e+001
    endloop
  endfacet
  facet normal  0.000000e+000 -7.993524e-001  6.008623e-001
    outer loop
      vertex  4.000000e+000 -1.498003e+001 -1.788837e+001
      vertex  1.500000e+001 -1.498003e+001 -1.788837e+001
      vertex  4.000000e+000 -1.406609e+001 -1.667252e+001
    endloop
  endfacet
  facet normal  0.000000e+000 -7.993524e-001  6.008623e-001
    outer loop
      vertex  4.000000e+000 -1.406609e+001 -1.667252e+001
      vertex  1.500000e+001 -1.498003e+001 -1.788837e+001
      vertex  1.500000e+001 -1.406609e+001 -1.667252e+001
    endloop
  endfacet
  facet normal  0.000000e+000 -7.673190e-001  6.412655e-001
    outer loop
      vertex  4.000000e+000 -1.406609e+001 -1.667252e+001
      vertex  1.500000e+001 -1.406609e+001 -1.667252e+001
      vertex  4.000000e+000 -1.309070e+001 -1.550540e+001
    endloop
  endfacet
  facet normal  0.000000e+000 -7.673190e-001  6.412655e-001
    outer loop
      vertex  4.000000e+000 -1.309070e+001 -1.550540e+001
      vertex  1.500000e+001 -1.406609e+001 -1.667252e+001
      vertex  1.500000e+001 -1.309070e+001 -1.550540e+001
    endloop
  endfacet
  facet normal  0.000000e+000 -7.332466e-001  6.799626e-001
    outer loop
      vertex  4.000000e+000 -1.309070e+001 -1.550540e+001
      vertex  1.500000e+001 -1.309070e+001 -1.550540e+001
      vertex  4.000000e+000 -1.205645e+001 -1.439010e+001
    endloop
  endfacet
  facet normal  0.000000e+000 -7.332466e-001  6.799626e-001
    outer loop
      vertex  4.000000e+000 -1.205645e+001 -1.439010e+001
      vertex  1.500000e+001 -1.309070e+001 -1.550540e+001
      vertex  1.500000e+001 -1.205645e+001 -1.439010e+001
    endloop
  endfacet
  facet normal  0.000000e+000 -6.972238e-001  7.168536e-001
    outer loop
      vertex  4.000000e+000 -1.205645e+001 -1.439010e+001
      vertex  1.500000e+001 -1.205645e+001 -1.439010e+001
      vertex  4.000000e+000 -1.096609e+001 -1.332960e+001
    endloop
  endfacet
  facet normal  0.000000e+000 -6.972238e-001  7.168536e-001
    outer loop
      vertex  4.000000e+000 -1.096609e+001 -1.332960e+001
      vertex  1.500000e+001 -1.205645e+001 -1.439010e+001
      vertex  1.500000e+001 -1.096609e+001 -1.332960e+001
    endloop
  endfacet
  facet normal  0.000000e+000 -6.593478e-001  7.518380e-001
    outer loop
      vertex  4.000000e+000 -1.096609e+001 -1.332960e+001
      vertex  1.500000e+001 -1.096609e+001 -1.332960e+001
      vertex  4.000000e+000 -9.822511e+000 -1.232670e+001
    endloop
  endfacet
  facet normal  0.000000e+000 -6.593478e-001  7.518380e-001
    outer loop
      vertex  4.000000e+000 -9.822511e+000 -1.232670e+001
      vertex  1.500000e+001 -1.096609e+001 -1.332960e+001
      vertex  1.500000e+001 -9.822511e+000 -1.232670e+001
    endloop
  endfacet
  facet normal  0.000000e+000 -6.197193e-001  7.848235e-001
    outer loop
      vertex  4.000000e+000 -9.822511e+000 -1.232670e+001
      vertex  1.500000e+001 -9.822511e+000 -1.232670e+001
      vertex  4.000000e+000 -8.628763e+000 -1.138409e+001
    endloop
  endfacet
  facet normal  0.000000e+000 -6.197193e-001  7.848235e-001
    outer loop
      vertex  4.000000e+000 -8.628763e+000 -1.138409e+001
      vertex  1.500000e+001 -9.822511e+000 -1.232670e+001
      vertex  1.500000e+001 -8.628763e+000 -1.138409e+001
    endloop
  endfacet
  facet normal  0.000000e+000 -5.784425e-001  8.157231e-001
    outer loop
      vertex  4.000000e+000 -8.628763e+000 -1.138409e+001
      vertex  1.500000e+001 -8.628763e+000 -1.138409e+001
      vertex  4.000000e+000 -7.388016e+000 -1.050425e+001
    endloop
  endfacet
  facet normal  0.000000e+000 -5.784425e-001  8.157231e-001
    outer loop
      vertex  4.000000e+000 -7.388016e+000 -1.050425e+001
      vertex  1.500000e+001 -8.628763e+000 -1.138409e+001
      vertex  1.500000e+001 -7.388016e+000 -1.050425e+001
    endloop
  endfacet
  facet normal  0.000000e+000 -5.356283e-001  8.444538e-001
    outer loop
      vertex  4.000000e+000 -7.388016e+000 -1.050425e+001
      vertex  1.500000e+001 -7.388016e+000 -1.050425e+001
      vertex  4.000000e+000 -6.103569e+000 -9.689541e+000
    endloop
  endfacet
  facet normal  0.000000e+000 -5.356283e-001  8.444538e-001
    outer loop
      vertex  4.000000e+000 -6.103569e+000 -9.689541e+000
      vertex  1.500000e+001 -7.388016e+000 -1.050425e+001
      vertex  1.500000e+001 -6.103569e+000 -9.689541e+000
    endloop
  endfacet
  facet normal  0.000000e+000 -4.913908e-001  8.709391e-001
    outer loop
      vertex  4.000000e+000 -6.103569e+000 -9.689541e+000
      vertex  1.500000e+001 -6.103569e+000 -9.689541e+000
      vertex  4.000000e+000 -4.778835e+000 -8.942116e+000
    endloop
  endfacet
  facet normal  0.000000e+000 -4.913908e-001  8.709391e-001
    outer loop
      vertex  4.000000e+000 -4.778835e+000 -8.942116e+000
      vertex  1.500000e+001 -6.103569e+000 -9.689541e+000
      vertex  1.500000e+001 -4.778835e+000 -8.942116e+000
    endloop
  endfacet
  facet normal  0.000000e+000 -4.458459e-001  8.951097e-001
    outer loop
      vertex  4.000000e+000 -4.778835e+000 -8.942116e+000
      vertex  1.500000e+001 -4.778835e+000 -8.942116e+000
      vertex  4.000000e+000 -3.417338e+000 -8.263967e+000
    endloop
  endfacet
  facet normal  0.000000e+000 -4.458459e-001  8.951097e-001
    outer loop
      vertex  4.000000e+000 -3.417338e+000 -8.263967e+000
      vertex  1.500000e+001 -4.778835e+000 -8.942116e+000
      vertex  1.500000e+001 -3.417338e+000 -8.263967e+000
    endloop
  endfacet
  facet normal  0.000000e+000 -3.991164e-001  9.169003e-001
    outer loop
      vertex  4.000000e+000 -3.417338e+000 -8.263967e+000
      vertex  1.500000e+001 -3.417338e+000 -8.263967e+000
      vertex  4.000000e+000 -2.022696e+000 -7.656895e+000
    endloop
  endfacet
  facet normal  0.000000e+000 -3.991164e-001  9.169003e-001
    outer loop
      vertex  4.000000e+000 -2.022696e+000 -7.656895e+000
      vertex  1.500000e+001 -3.417338e+000 -8.263967e+000
      vertex  1.500000e+001 -2.022696e+000 -7.656895e+000
    endloop
  endfacet
  facet normal  0.000000e+000 -3.513255e-001  9.362534e-001
    outer loop
      vertex  4.000000e+000 -2.022696e+000 -7.656895e+000
      vertex  1.500000e+001 -2.022696e+000 -7.656895e+000
      vertex  4.000000e+000 -5.986177e-001 -7.122515e+000
    endloop
  endfacet
  facet normal  0.000000e+000 -3.513255e-001  9.362534e-001
    outer loop
      vertex  4.000000e+000 -5.986177e-001 -7.122515e+000
      vertex  1.500000e+001 -2.022696e+000 -7.656895e+000
      vertex  1.500000e+001 -5.986177e-001 -7.122515e+000
    endloop
  endfacet
  facet normal  0.000000e+000 -3.026006e-001  9.531174e-001
    outer loop
      vertex  4.000000e+000 -5.986177e-001 -7.122515e+000
      vertex  1.500000e+001 -5.986177e-001 -7.122515e+000
      vertex  4.000000e+000  8.511117e-001 -6.662247e+000
    endloop
  endfacet
  facet normal  0.000000e+000 -3.026006e-001  9.531174e-001
    outer loop
      vertex  4.000000e+000  8.511117e-001 -6.662247e+000
      vertex  1.500000e+001 -5.986177e-001 -7.122515e+000
      vertex  1.500000e+001  8.511117e-001 -6.662247e+000
    endloop
  endfacet
  facet normal  1.000000e+000  0.000000e+000  0.000000e+000
    outer loop
      vertex  4.000000e+000  2.883394e+000 -1.103818e+001
      vertex  4.000000e+000  2.677544e+001 -1.141911e+001
      vertex  4.000000e+000  2.553913e+001 -1.053863e+001
    endloop
  endfacet
  facet normal  1.000000e+000  0.000000e+000  0.000000e+000
    outer loop
      vertex  4.000000e+000  2.919010e+001 -3.119612e+001
      vertex  4.000000e+000  3.839392e+001 -3.196942e+001
      vertex  4.000000e+000  2.872535e+001 -3.069112e+001
    endloop
  endfacet
  facet normal  1.000000e+000  0.000000e+000  0.000000e+000
    outer loop
      vertex  4.000000e+000  3.019980e+001 -3.298018e+001
      vertex  4.000000e+000  3.851096e+001 -3.348270e+001
      vertex  4.000000e+000  2.993218e+001 -3.234819e+001
    endloop
  endfacet
  facet normal  1.000000e+000  0.000000e+000  0.000000e+000
    outer loop
      vertex  4.000000e+000  2.993218e+001 -3.765181e+001
      vertex  4.000000e+000  3.839392e+001 -3.803057e+001
      vertex  4.000000e+000  3.019980e+001 -3.701982e+001
    endloop
  endfacet
  facet normal  1.000000e+000  0.000000e+000  0.000000e+000
    outer loop
      vertex  4.000000e+000  2.959414e+001 -3.824910e+001
      vertex  4.000000e+000  3.839392e+001 -3.803057e+001
      vertex  4.000000e+000  2.993218e+001 -3.765181e+001
    endloop
  endfacet
  facet normal  9.999999e-001  0.000000e+000  0.000000e+000
    outer loop
      vertex  4.000000e+000  3.792733e+001 -2.897092e+001
      vertex  4.000000e+000  3.757901e+001 -2.749363e+001
      vertex  4.000000e+000  2.169732e+001 -2.753928e+001
    endloop
  endfacet
  facet normal  1.000000e+000  0.000000e+000  0.000000e+000
    outer loop
      vertex  4.000000e+000  3.792733e+001 -2.897092e+001
      vertex  4.000000e+000  2.169732e+001 -2.753928e+001
      vertex  4.000000e+000  2.261371e+001 -2.792093e+001
    endloop
  endfacet
  facet normal  1.000000e+000  0.000000e+000  0.000000e+000
    outer loop
      vertex  4.000000e+000  3.792733e+001 -2.897092e+001
      vertex  4.000000e+000  2.261371e+001 -2.792093e+001
      vertex  4.000000e+000  2.448083e+001 -2.863638e+001
    endloop
  endfacet
  facet normal  1.000000e+000  0.000000e+000  0.000000e+000
    outer loop
      vertex  4.000000e+000  3.792733e+001 -2.897092e+001
      vertex  4.000000e+000  2.448083e+001 -2.863638e+001
      vertex  4.000000e+000  2.639102e+001 -2.928943e+001
    endloop
  endfacet
  facet normal  1.000000e+000  0.000000e+000  0.000000e+000
    outer loop
      vertex  4.000000e+000  3.819921e+001 -3.046417e+001
      vertex  4.000000e+000  3.792733e+001 -2.897092e+001
      vertex  4.000000e+000  2.639102e+001 -2.928943e+001
    endloop
  endfacet
  facet normal  1.000000e+000  0.000000e+000  0.000000e+000
    outer loop
      vertex  4.000000e+000  3.819921e+001 -3.046417e+001
      vertex  4.000000e+000  2.639102e+001 -2.928943e+001
      vertex  4.000000e+000  2.703112e+001 -2.953703e+001
    endloop
  endfacet
  facet normal  1.000000e+000  0.000000e+000  0.000000e+000
    outer loop
      vertex  4.000000e+000  3.819921e+001 -3.046417e+001
      vertex  4.000000e+000  2.703112e+001 -2.953703e+001
      vertex  4.000000e+000  2.763875e+001 -2.985611e+001
    endloop
  endfacet
  facet normal  1.000000e+000  0.000000e+000  0.000000e+000
    outer loop
      vertex  4.000000e+000  3.819921e+001 -3.046417e+001
      vertex  4.000000e+000  2.763875e+001 -2.985611e+001
      vertex  4.000000e+000  2.820597e+001 -3.024249e+001
    endloop
  endfacet
  facet normal  1.000000e+000  0.000000e+000  0.000000e+000
    outer loop
      vertex  4.000000e+000  3.819921e+001 -3.046417e+001
      vertex  4.000000e+000  2.820597e+001 -3.024249e+001
      vertex  4.000000e+000  2.872535e+001 -3.069112e+001
    endloop
  endfacet
  facet normal  1.000000e+000  -0.000000e+000  0.000000e+000
    outer loop
      vertex  4.000000e+000  3.819921e+001 -3.046417e+001
      vertex  4.000000e+000  2.872535e+001 -3.069112e+001
      vertex  4.000000e+000  3.839392e+001 -3.196942e+001
    endloop
  endfacet
  facet normal  1.000000e+000  0.000000e+000  0.000000e+000
    outer loop
      vertex  4.000000e+000  3.819921e+001 -3.953583e+001
      vertex  4.000000e+000  3.839392e+001 -3.803057e+001
      vertex  4.000000e+000  2.959414e+001 -3.824910e+001
    endloop
  endfacet
  facet normal  9.999999e-001  0.000000e+000  0.000000e+000
    outer loop
      vertex  4.000000e+000  3.819921e+001 -3.953583e+001
      vertex  4.000000e+000  2.959414e+001 -3.824910e+001
      vertex  4.000000e+000  2.919010e+001 -3.880387e+001
    endloop
  endfacet
  facet normal  1.000000e+000  0.000000e+000  0.000000e+000
    outer loop
      vertex  4.000000e+000  3.819921e+001 -3.953583e+001
      vertex  4.000000e+000  2.919010e+001 -3.880387e+001
      vertex  4.000000e+000  2.872535e+001 -3.930888e+001
    endloop
  endfacet
  facet normal  1.000000e+000  0.000000e+000  0.000000e+000
    outer loop
      vertex  4.000000e+000  3.819921e+001 -3.953583e+001
      vertex  4.000000e+000  2.872535e+001 -3.930888e+001
      vertex  4.000000e+000  2.820597e+001 -3.975751e+001
    endloop
  endfacet
  facet normal  1.000000e+000  0.000000e+000  0.000000e+000
    outer loop
      vertex  4.000000e+000  3.792733e+001 -4.102908e+001
      vertex  4.000000e+000  3.819921e+001 -3.953583e+001
      vertex  4.000000e+000  2.820597e+001 -3.975751e+001
    endloop
  endfacet
  facet normal  1.000000e+000  0.000000e+000  0.000000e+000
    outer loop
      vertex  4.000000e+000  3.792733e+001 -4.102908e+001
      vertex  4.000000e+000  2.820597e+001 -3.975751e+001
      vertex  4.000000e+000  2.763875e+001 -4.014389e+001
    endloop
  endfacet
  facet normal  1.000000e+000  0.000000e+000  0.000000e+000
    outer loop
      vertex  4.000000e+000  3.792733e+001 -4.102908e+001
      vertex  4.000000e+000  2.763875e+001 -4.014389e+001
      vertex  4.000000e+000  2.703112e+001 -4.046297e+001
    endloop
  endfacet
  facet normal  1.000000e+000  0.000000e+000  0.000000e+000
    outer loop
      vertex  4.000000e+000  3.792733e+001 -4.102908e+001
      vertex  4.000000e+000  2.703112e+001 -4.046297e+001
      vertex  4.000000e+000  2.639102e+001 -4.071057e+001
    endloop
  endfacet
  facet normal  1.000000e+000  0.000000e+000  0.000000e+000
    outer loop
      vertex  4.000000e+000  2.019178e+001 -7.684970e+000
      vertex  4.000000e+000  1.877211e+001 -7.148061e+000
      vertex  4.000000e+000  1.470697e+000 -8.157054e+000
    endloop
  endfacet
  facet normal  9.999999e-001  0.000000e+000  0.000000e+000
    outer loop
      vertex  4.000000e+000  1.470697e+000 -8.157054e+000
      vertex  4.000000e+000  1.877211e+001 -7.148061e+000
      vertex  4.000000e+000  1.732672e+001 -6.684881e+000
    endloop
  endfacet
  facet normal  1.000000e+000  0.000000e+000  0.000000e+000
    outer loop
      vertex  4.000000e+000  1.470697e+000 -8.157054e+000
      vertex  4.000000e+000  1.732672e+001 -6.684881e+000
      vertex  4.000000e+000  8.511117e-001 -6.662247e+000
    endloop
  endfacet
  facet normal  9.999999e-001  -0.000000e+000  0.000000e+000
    outer loop
      vertex  4.000000e+000  8.511117e-001 -6.662247e+000
      vertex  4.000000e+000  1.732672e+001 -6.684881e+000
      vertex  4.000000e+000  1.585941e+001 -6.296656e+000
    endloop
  endfacet
  facet normal  1.000000e+000  0.000000e+000  0.000000e+000
    outer loop
      vertex  4.000000e+000  8.511117e-001 -6.662247e+000
      vertex  4.000000e+000  1.585941e+001 -6.296656e+000
      vertex  4.000000e+000  2.319481e+000 -6.278055e+000
    endloop
  endfacet
  facet normal  1.000000e+000  -0.000000e+000  0.000000e+000
    outer loop
      vertex  4.000000e+000  2.319481e+000 -6.278055e+000
      vertex  4.000000e+000  1.585941e+001 -6.296656e+000
      vertex  4.000000e+000  1.437407e+001 -5.984414e+000
    endloop
  endfacet
  facet normal  9.999999e-001  0.000000e+000  0.000000e+000
    outer loop
      vertex  4.000000e+000  2.319481e+000 -6.278055e+000
      vertex  4.000000e+000  1.437407e+001 -5.984414e+000
      vertex  4.000000e+000  3.805668e+000 -5.969895e+000
    endloop
  endfacet
  facet normal  1.000000e+000  -0.000000e+000  0.000000e+000
    outer loop
      vertex  4.000000e+000  3.805668e+000 -5.969895e+000
      vertex  4.000000e+000  1.437407e+001 -5.984414e+000
      vertex  4.000000e+000  1.287464e+001 -5.748981e+000
    endloop
  endfacet
  facet normal  1.000000e+000  0.000000e+000  0.000000e+000
    outer loop
      vertex  4.000000e+000  3.805668e+000 -5.969895e+000
      vertex  4.000000e+000  1.287464e+001 -5.748981e+000
      vertex  4.000000e+000  5.305737e+000 -5.738584e+000
    endloop
  endfacet
  facet normal  1.000000e+000  -0.000000e+000  0.000000e+000
    outer loop
      vertex  4.000000e+000  5.305737e+000 -5.738584e+000
      vertex  4.000000e+000  1.287464e+001 -5.748981e+000
      vertex  4.000000e+000  1.136509e+001 -5.590982e+000
    endloop
  endfacet
  facet normal  1.000000e+000  0.000000e+000  0.000000e+000
    outer loop
      vertex  4.000000e+000  5.305737e+000 -5.738584e+000
      vertex  4.000000e+000  1.136509e+001 -5.590982e+000
      vertex  4.000000e+000  6.815718e+000 -5.584732e+000
    endloop
  endfacet
  facet normal  1.000000e+000  -0.000000e+000  0.000000e+000
    outer loop
      vertex  4.000000e+000  6.815718e+000 -5.584732e+000
      vertex  4.000000e+000  1.136509e+001 -5.590982e+000
      vertex  4.000000e+000  9.849411e+000 -5.510833e+000
    endloop
  endfacet
  facet normal  1.000000e+000  0.000000e+000  0.000000e+000
    outer loop
      vertex  4.000000e+000  6.815718e+000 -5.584732e+000
      vertex  4.000000e+000  9.849411e+000 -5.510833e+000
      vertex  4.000000e+000  8.331614e+000 -5.508749e+000
    endloop
  endfacet
  facet normal  9.999999e-001  -0.000000e+000  0.000000e+000
    outer loop
      vertex  4.000000e+000  2.019178e+001 -7.684970e+000
      vertex  4.000000e+000  1.470697e+000 -8.157054e+000
      vertex  4.000000e+000  2.158194e+001 -8.294188e+000
    endloop
  endfacet
  facet normal  1.000000e+000  0.000000e+000  0.000000e+000
    outer loop
      vertex  4.000000e+000  2.158194e+001 -8.294188e+000
      vertex  4.000000e+000  1.470697e+000 -8.157054e+000
      vertex  4.000000e+000  2.148031e+000 -9.616351e+000
    endloop
  endfacet
  facet normal  1.000000e+000  0.000000e+000  0.000000e+000
    outer loop
      vertex  4.000000e+000  2.158194e+001 -8.294188e+000
      vertex  4.000000e+000  2.148031e+000 -9.616351e+000
      vertex  4.000000e+000  2.293894e+001 -8.974101e+000
    endloop
  endfacet
  facet normal  1.000000e+000  -0.000000e+000  0.000000e+000
    outer loop
      vertex  4.000000e+000  2.293894e+001 -8.974101e+000
      vertex  4.000000e+000  2.148031e+000 -9.616351e+000
      vertex  4.000000e+000  2.425916e+001 -9.722909e+000
    endloop
  endfacet
  facet normal  1.000000e+000  0.000000e+000  0.000000e+000
    outer loop
      vertex  4.000000e+000  2.425916e+001 -9.722909e+000
      vertex  4.000000e+000  2.148031e+000 -9.616351e+000
      vertex  4.000000e+000  2.883394e+000 -1.103818e+001
    endloop
  endfacet
  facet normal  1.000000e+000  0.000000e+000  0.000000e+000
    outer loop
      vertex  4.000000e+000  2.425916e+001 -9.722909e+000
      vertex  4.000000e+000  2.883394e+000 -1.103818e+001
      vertex  4.000000e+000  2.553913e+001 -1.053863e+001
    endloop
  endfacet
  facet normal  1.000000e+000  0.000000e+000  0.000000e+000
    outer loop
      vertex  4.000000e+000  3.122067e+001 -1.553949e+001
      vertex  4.000000e+000  3.019040e+001 -1.442493e+001
      vertex  4.000000e+000  5.437300e+000 -1.506110e+001
    endloop
  endfacet
  facet normal  9.999999e-001  0.000000e+000  0.000000e+000
    outer loop
      vertex  4.000000e+000  5.437300e+000 -1.506110e+001
      vertex  4.000000e+000  3.019040e+001 -1.442493e+001
      vertex  4.000000e+000  2.910416e+001 -1.336483e+001
    endloop
  endfacet
  facet normal  1.000000e+000  0.000000e+000  0.000000e+000
    outer loop
      vertex  4.000000e+000  5.437300e+000 -1.506110e+001
      vertex  4.000000e+000  2.910416e+001 -1.336483e+001
      vertex  4.000000e+000  4.528278e+000 -1.376221e+001
    endloop
  endfacet
  facet normal  1.000000e+000  0.000000e+000  0.000000e+000
    outer loop
      vertex  4.000000e+000  4.528278e+000 -1.376221e+001
      vertex  4.000000e+000  2.910416e+001 -1.336483e+001
      vertex  4.000000e+000  2.796484e+001 -1.236200e+001
    endloop
  endfacet
  facet normal  1.000000e+000  0.000000e+000  0.000000e+000
    outer loop
      vertex  4.000000e+000  4.528278e+000 -1.376221e+001
      vertex  4.000000e+000  2.796484e+001 -1.236200e+001
      vertex  4.000000e+000  3.676856e+000 -1.242071e+001
    endloop
  endfacet
  facet normal  1.000000e+000  0.000000e+000  0.000000e+000
    outer loop
      vertex  4.000000e+000  3.676856e+000 -1.242071e+001
      vertex  4.000000e+000  2.796484e+001 -1.236200e+001
      vertex  4.000000e+000  2.677544e+001 -1.141911e+001
    endloop
  endfacet
  facet normal  1.000000e+000  0.000000e+000  0.000000e+000
    outer loop
      vertex  4.000000e+000  3.676856e+000 -1.242071e+001
      vertex  4.000000e+000  2.677544e+001 -1.141911e+001
      vertex  4.000000e+000  2.883394e+000 -1.103818e+001
    endloop
  endfacet
  facet normal  1.000000e+000  0.000000e+000  0.000000e+000
    outer loop
      vertex  4.000000e+000  1.079629e+001 -2.085258e+001
      vertex  4.000000e+000  3.472996e+001 -2.048140e+001
      vertex  4.000000e+000  9.633987e+000 -1.980371e+001
    endloop
  endfacet
  facet normal  1.000000e+000  -0.000000e+000  0.000000e+000
    outer loop
      vertex  4.000000e+000  9.633987e+000 -1.980371e+001
      vertex  4.000000e+000  3.472996e+001 -2.048140e+001
      vertex  4.000000e+000  3.394922e+001 -1.917980e+001
    endloop
  endfacet
  facet normal  1.000000e+000  0.000000e+000  0.000000e+000
    outer loop
      vertex  4.000000e+000  9.633987e+000 -1.980371e+001
      vertex  4.000000e+000  3.394922e+001 -1.917980e+001
      vertex  4.000000e+000  8.502872e+000 -1.868832e+001
    endloop
  endfacet
  facet normal  1.000000e+000  -0.000000e+000  0.000000e+000
    outer loop
      vertex  4.000000e+000  8.502872e+000 -1.868832e+001
      vertex  4.000000e+000  3.394922e+001 -1.917980e+001
      vertex  4.000000e+000  3.310257e+001 -1.792007e+001
    endloop
  endfacet
  facet normal  9.999999e-001  0.000000e+000  0.000000e+000
    outer loop
      vertex  4.000000e+000  8.502872e+000 -1.868832e+001
      vertex  4.000000e+000  3.310257e+001 -1.792007e+001
      vertex  4.000000e+000  7.425546e+000 -1.752539e+001
    endloop
  endfacet
  facet normal  1.000000e+000  -0.000000e+000  0.000000e+000
    outer loop
      vertex  4.000000e+000  7.425546e+000 -1.752539e+001
      vertex  4.000000e+000  3.310257e+001 -1.792007e+001
      vertex  4.000000e+000  3.219225e+001 -1.670557e+001
    endloop
  endfacet
  facet normal  9.999999e-001  0.000000e+000  0.000000e+000
    outer loop
      vertex  4.000000e+000  7.425546e+000 -1.752539e+001
      vertex  4.000000e+000  3.219225e+001 -1.670557e+001
      vertex  4.000000e+000  6.403331e+000 -1.631593e+001
    endloop
  endfacet
  facet normal  9.999999e-001  -0.000000e+000  0.000000e+000
    outer loop
      vertex  4.000000e+000  6.403331e+000 -1.631593e+001
      vertex  4.000000e+000  3.219225e+001 -1.670557e+001
      vertex  4.000000e+000  3.122067e+001 -1.553949e+001
    endloop
  endfacet
  facet normal  1.000000e+000  0.000000e+000  0.000000e+000
    outer loop
      vertex  4.000000e+000  6.403331e+000 -1.631593e+001
      vertex  4.000000e+000  3.122067e+001 -1.553949e+001
      vertex  4.000000e+000  5.437300e+000 -1.506110e+001
    endloop
  endfacet
  facet normal  1.000000e+000  0.000000e+000  0.000000e+000
    outer loop
      vertex  4.000000e+000  1.591596e+001 -2.457340e+001
      vertex  4.000000e+000  3.665693e+001 -2.460252e+001
      vertex  4.000000e+000  1.456911e+001 -2.371464e+001
    endloop
  endfacet
  facet normal  9.999999e-001  -0.000000e+000  0.000000e+000
    outer loop
      vertex  4.000000e+000  1.456911e+001 -2.371464e+001
      vertex  4.000000e+000  3.665693e+001 -2.460252e+001
      vertex  4.000000e+000  3.608560e+001 -2.319635e+001
    endloop
  endfacet
  facet normal  9.999999e-001  0.000000e+000  0.000000e+000
    outer loop
      vertex  4.000000e+000  1.456911e+001 -2.371464e+001
      vertex  4.000000e+000  3.608560e+001 -2.319635e+001
      vertex  4.000000e+000  1.326562e+001 -2.280826e+001
    endloop
  endfacet
  facet normal  1.000000e+000  -0.000000e+000  0.000000e+000
    outer loop
      vertex  4.000000e+000  1.326562e+001 -2.280826e+001
      vertex  4.000000e+000  3.608560e+001 -2.319635e+001
      vertex  4.000000e+000  3.544271e+001 -2.182143e+001
    endloop
  endfacet
  facet normal  9.999999e-001  0.000000e+000  0.000000e+000
    outer loop
      vertex  4.000000e+000  1.326562e+001 -2.280826e+001
      vertex  4.000000e+000  3.544271e+001 -2.182143e+001
      vertex  4.000000e+000  1.200741e+001 -2.185420e+001
    endloop
  endfacet
  facet normal  1.000000e+000  0.000000e+000  0.000000e+000
    outer loop
      vertex  4.000000e+000  1.200741e+001 -2.185420e+001
      vertex  4.000000e+000  3.544271e+001 -2.182143e+001
      vertex  4.000000e+000  3.472996e+001 -2.048140e+001
    endloop
  endfacet
  facet normal  1.000000e+000  0.000000e+000  0.000000e+000
    outer loop
      vertex  4.000000e+000  1.200741e+001 -2.185420e+001
      vertex  4.000000e+000  3.472996e+001 -2.048140e+001
      vertex  4.000000e+000  1.079629e+001 -2.085258e+001
    endloop
  endfacet
  facet normal  1.000000e+000  0.000000e+000  0.000000e+000
    outer loop
      vertex  4.000000e+000  1.844329e+001 -2.600003e+001
      vertex  4.000000e+000  3.715517e+001 -2.603621e+001
      vertex  4.000000e+000  1.730421e+001 -2.538478e+001
    endloop
  endfacet
  facet normal  1.000000e+000  -0.000000e+000  0.000000e+000
    outer loop
      vertex  4.000000e+000  1.730421e+001 -2.538478e+001
      vertex  4.000000e+000  3.715517e+001 -2.603621e+001
      vertex  4.000000e+000  3.665693e+001 -2.460252e+001
    endloop
  endfacet
  facet normal  1.000000e+000  0.000000e+000  0.000000e+000
    outer loop
      vertex  4.000000e+000  1.730421e+001 -2.538478e+001
      vertex  4.000000e+000  3.665693e+001 -2.460252e+001
      vertex  4.000000e+000  1.591596e+001 -2.457340e+001
    endloop
  endfacet
  facet normal  1.000000e+000  0.000000e+000  -0.000000e+000
    outer loop
      vertex  4.000000e+000  1.844329e+001 -2.600003e+001
      vertex  4.000000e+000  1.960654e+001 -2.658547e+001
      vertex  4.000000e+000  3.715517e+001 -2.603621e+001
    endloop
  endfacet
  facet normal  1.000000e+000  0.000000e+000  0.000000e+000
    outer loop
      vertex  4.000000e+000  3.715517e+001 -2.603621e+001
      vertex  4.000000e+000  1.960654e+001 -2.658547e+001
      vertex  4.000000e+000  3.757901e+001 -2.749363e+001
    endloop
  endfacet
  facet normal  1.000000e+000  -0.000000e+000  -0.000000e+000
    outer loop
      vertex  4.000000e+000  1.960654e+001 -2.658547e+001
      vertex  4.000000e+000  2.079295e+001 -2.714144e+001
      vertex  4.000000e+000  3.757901e+001 -2.749363e+001
    endloop
  endfacet
  facet normal  1.000000e+000  0.000000e+000  0.000000e+000
    outer loop
      vertex  4.000000e+000  3.757901e+001 -2.749363e+001
      vertex  4.000000e+000  2.079295e+001 -2.714144e+001
      vertex  4.000000e+000  2.169732e+001 -2.753928e+001
    endloop
  endfacet
  facet normal  1.000000e+000  -0.000000e+000  -0.000000e+000
    outer loop
      vertex  4.000000e+000  2.919010e+001 -3.119612e+001
      vertex  4.000000e+000  2.959414e+001 -3.175090e+001
      vertex  4.000000e+000  3.839392e+001 -3.196942e+001
    endloop
  endfacet
  facet normal  1.000000e+000  0.000000e+000  0.000000e+000
    outer loop
      vertex  4.000000e+000  3.839392e+001 -3.196942e+001
      vertex  4.000000e+000  2.959414e+001 -3.175090e+001
      vertex  4.000000e+000  2.993218e+001 -3.234819e+001
    endloop
  endfacet
  facet normal  1.000000e+000  -0.000000e+000  0.000000e+000
    outer loop
      vertex  4.000000e+000  3.839392e+001 -3.196942e+001
      vertex  4.000000e+000  2.993218e+001 -3.234819e+001
      vertex  4.000000e+000  3.851096e+001 -3.348270e+001
    endloop
  endfacet
  facet normal  1.000000e+000  0.000000e+000  -0.000000e+000
    outer loop
      vertex  4.000000e+000  3.019980e+001 -3.298018e+001
      vertex  4.000000e+000  3.039351e+001 -3.363858e+001
      vertex  4.000000e+000  3.851096e+001 -3.348270e+001
    endloop
  endfacet
  facet normal  1.000000e+000  0.000000e+000  0.000000e+000
    outer loop
      vertex  4.000000e+000  3.851096e+001 -3.348270e+001
      vertex  4.000000e+000  3.039351e+001 -3.363858e+001
      vertex  4.000000e+000  3.051075e+001 -3.431481e+001
    endloop
  endfacet
  facet normal  1.000000e+000  -0.000000e+000  0.000000e+000
    outer loop
      vertex  4.000000e+000  3.851096e+001 -3.348270e+001
      vertex  4.000000e+000  3.051075e+001 -3.431481e+001
      vertex  4.000000e+000  3.855000e+001 -3.500000e+001
    endloop
  endfacet
  facet normal  1.000000e+000  0.000000e+000  -0.000000e+000
    outer loop
      vertex  4.000000e+000  3.051075e+001 -3.431481e+001
      vertex  4.000000e+000  3.055000e+001 -3.500000e+001
      vertex  4.000000e+000  3.855000e+001 -3.500000e+001
    endloop
  endfacet
  facet normal  1.000000e+000  0.000000e+000  0.000000e+000
    outer loop
      vertex  4.000000e+000  3.855000e+001 -3.500000e+001
      vertex  4.000000e+000  3.055000e+001 -3.500000e+001
      vertex  4.000000e+000  3.051075e+001 -3.568519e+001
    endloop
  endfacet
  facet normal  1.000000e+000  -0.000000e+000  0.000000e+000
    outer loop
      vertex  4.000000e+000  3.855000e+001 -3.500000e+001
      vertex  4.000000e+000  3.051075e+001 -3.568519e+001
      vertex  4.000000e+000  3.851096e+001 -3.651730e+001
    endloop
  endfacet
  facet normal  1.000000e+000  -0.000000e+000  0.000000e+000
    outer loop
      vertex  4.000000e+000  3.051075e+001 -3.568519e+001
      vertex  4.000000e+000  3.039351e+001 -3.636142e+001
      vertex  4.000000e+000  3.851096e+001 -3.651730e+001
    endloop
  endfacet
  facet normal  1.000000e+000  0.000000e+000  0.000000e+000
    outer loop
      vertex  4.000000e+000  3.851096e+001 -3.651730e+001
      vertex  4.000000e+000  3.039351e+001 -3.636142e+001
      vertex  4.000000e+000  3.019980e+001 -3.701982e+001
    endloop
  endfacet
  facet normal  1.000000e+000  -0.000000e+000  0.000000e+000
    outer loop
      vertex  4.000000e+000  3.851096e+001 -3.651730e+001
      vertex  4.000000e+000  3.019980e+001 -3.701982e+001
      vertex  4.000000e+000  3.839392e+001 -3.803057e+001
    endloop
  endfacet
  facet normal  1.000000e+000  0.000000e+000  0.000000e+000
    outer loop
      vertex  4.000000e+000  2.639102e+001 -4.071057e+001
      vertex  4.000000e+000  2.448083e+001 -4.136362e+001
      vertex  4.000000e+000  3.792733e+001 -4.102908e+001
    endloop
  endfacet
  facet normal  1.000000e+000  0.000000e+000  0.000000e+000
    outer loop
      vertex  4.000000e+000  3.792733e+001 -4.102908e+001
      vertex  4.000000e+000  2.448083e+001 -4.136362e+001
      vertex  4.000000e+000  3.757901e+001 -4.250637e+001
    endloop
  endfacet
  facet normal  1.000000e+000  -0.000000e+000  0.000000e+000
    outer loop
      vertex  4.000000e+000  2.448083e+001 -4.136362e+001
      vertex  4.000000e+000  2.261371e+001 -4.207907e+001
      vertex  4.000000e+000  3.757901e+001 -4.250637e+001
    endloop
  endfacet
  facet normal  1.000000e+000  0.000000e+000  0.000000e+000
    outer loop
      vertex  4.000000e+000  3.757901e+001 -4.250637e+001
      vertex  4.000000e+000  2.261371e+001 -4.207907e+001
      vertex  4.000000e+000  2.169732e+001 -4.246072e+001
    endloop
  endfacet
  facet normal  1.000000e+000  0.000000e+000  0.000000e+000
    outer loop
      vertex  4.000000e+000  2.169732e+001 -4.246072e+001
      vertex  4.000000e+000  2.079295e+001 -4.285857e+001
      vertex  4.000000e+000  3.757901e+001 -4.250637e+001
    endloop
  endfacet
  facet normal  1.000000e+000  0.000000e+000  0.000000e+000
    outer loop
      vertex  4.000000e+000  3.757901e+001 -4.250637e+001
      vertex  4.000000e+000  2.079295e+001 -4.285857e+001
      vertex  4.000000e+000  3.715517e+001 -4.396379e+001
    endloop
  endfacet
  facet normal  1.000000e+000  -0.000000e+000  0.000000e+000
    outer loop
      vertex  4.000000e+000  2.079295e+001 -4.285857e+001
      vertex  4.000000e+000  1.960654e+001 -4.341453e+001
      vertex  4.000000e+000  3.715517e+001 -4.396379e+001
    endloop
  endfacet
  facet normal  9.999999e-001  0.000000e+000  0.000000e+000
    outer loop
      vertex  4.000000e+000  3.715517e+001 -4.396379e+001
      vertex  4.000000e+000  1.960654e+001 -4.341453e+001
      vertex  4.000000e+000  1.844329e+001 -4.399997e+001
    endloop
  endfacet
  facet normal  1.000000e+000  0.000000e+000  0.000000e+000
    outer loop
      vertex  4.000000e+000  1.591596e+001 -4.542660e+001
      vertex  4.000000e+000  3.665693e+001 -4.539748e+001
      vertex  4.000000e+000  1.730421e+001 -4.461522e+001
    endloop
  endfacet
  facet normal  1.000000e+000  -0.000000e+000  0.000000e+000
    outer loop
      vertex  4.000000e+000  1.730421e+001 -4.461522e+001
      vertex  4.000000e+000  3.665693e+001 -4.539748e+001
      vertex  4.000000e+000  3.715517e+001 -4.396379e+001
    endloop
  endfacet
  facet normal  9.999999e-001  0.000000e+000  0.000000e+000
    outer loop
      vertex  4.000000e+000  1.730421e+001 -4.461522e+001
      vertex  4.000000e+000  3.715517e+001 -4.396379e+001
      vertex  4.000000e+000  1.844329e+001 -4.399997e+001
    endloop
  endfacet
  facet normal  1.000000e+000  0.000000e+000  0.000000e+000
    outer loop
      vertex  4.000000e+000  1.326562e+001 -4.719173e+001
      vertex  4.000000e+000  3.608560e+001 -4.680365e+001
      vertex  4.000000e+000  1.456911e+001 -4.628536e+001
    endloop
  endfacet
  facet normal  9.999999e-001  -0.000000e+000  0.000000e+000
    outer loop
      vertex  4.000000e+000  1.456911e+001 -4.628536e+001
      vertex  4.000000e+000  3.608560e+001 -4.680365e+001
      vertex  4.000000e+000  3.665693e+001 -4.539748e+001
    endloop
  endfacet
  facet normal  9.999999e-001  0.000000e+000  0.000000e+000
    outer loop
      vertex  4.000000e+000  1.456911e+001 -4.628536e+001
      vertex  4.000000e+000  3.665693e+001 -4.539748e+001
      vertex  4.000000e+000  1.591596e+001 -4.542660e+001
    endloop
  endfacet
  facet normal  1.000000e+000  0.000000e+000  0.000000e+000
    outer loop
      vertex  4.000000e+000  8.502872e+000 -5.131168e+001
      vertex  4.000000e+000  3.394922e+001 -5.082020e+001
      vertex  4.000000e+000  9.633987e+000 -5.019629e+001
    endloop
  endfacet
  facet normal  1.000000e+000  -0.000000e+000  0.000000e+000
    outer loop
      vertex  4.000000e+000  9.633987e+000 -5.019629e+001
      vertex  4.000000e+000  3.394922e+001 -5.082020e+001
      vertex  4.000000e+000  3.472996e+001 -4.951860e+001
    endloop
  endfacet
  facet normal  9.999999e-001  0.000000e+000  0.000000e+000
    outer loop
      vertex  4.000000e+000  9.633987e+000 -5.019629e+001
      vertex  4.000000e+000  3.472996e+001 -4.951860e+001
      vertex  4.000000e+000  1.079629e+001 -4.914742e+001
    endloop
  endfacet
  facet normal  1.000000e+000  -0.000000e+000  0.000000e+000
    outer loop
      vertex  4.000000e+000  1.079629e+001 -4.914742e+001
      vertex  4.000000e+000  3.472996e+001 -4.951860e+001
      vertex  4.000000e+000  3.544271e+001 -4.817857e+001
    endloop
  endfacet
  facet normal  1.000000e+000  0.000000e+000  0.000000e+000
    outer loop
      vertex  4.000000e+000  1.079629e+001 -4.914742e+001
      vertex  4.000000e+000  3.544271e+001 -4.817857e+001
      vertex  4.000000e+000  1.200741e+001 -4.814580e+001
    endloop
  endfacet
  facet normal  1.000000e+000  -0.000000e+000  0.000000e+000
    outer loop
      vertex  4.000000e+000  1.200741e+001 -4.814580e+001
      vertex  4.000000e+000  3.544271e+001 -4.817857e+001
      vertex  4.000000e+000  3.608560e+001 -4.680365e+001
    endloop
  endfacet
  facet normal  1.000000e+000  0.000000e+000  0.000000e+000
    outer loop
      vertex  4.000000e+000  1.200741e+001 -4.814580e+001
      vertex  4.000000e+000  3.608560e+001 -4.680365e+001
      vertex  4.000000e+000  1.326562e+001 -4.719173e+001
    endloop
  endfacet
  facet normal  1.000000e+000  0.000000e+000  0.000000e+000
    outer loop
      vertex  4.000000e+000  2.910416e+001 -5.663517e+001
      vertex  4.000000e+000  3.019040e+001 -5.557507e+001
      vertex  4.000000e+000  4.528278e+000 -5.623779e+001
    endloop
  endfacet
  facet normal  1.000000e+000  0.000000e+000  0.000000e+000
    outer loop
      vertex  4.000000e+000  4.528278e+000 -5.623779e+001
      vertex  4.000000e+000  3.019040e+001 -5.557507e+001
      vertex  4.000000e+000  3.122067e+001 -5.446051e+001
    endloop
  endfacet
  facet normal  1.000000e+000  0.000000e+000  0.000000e+000
    outer loop
      vertex  4.000000e+000  4.528278e+000 -5.623779e+001
      vertex  4.000000e+000  3.122067e+001 -5.446051e+001
      vertex  4.000000e+000  5.437300e+000 -5.493890e+001
    endloop
  endfacet
  facet normal  1.000000e+000  0.000000e+000  0.000000e+000
    outer loop
      vertex  4.000000e+000  5.437300e+000 -5.493890e+001
      vertex  4.000000e+000  3.122067e+001 -5.446051e+001
      vertex  4.000000e+000  3.219225e+001 -5.329443e+001
    endloop
  endfacet
  facet normal  1.000000e+000  0.000000e+000  0.000000e+000
    outer loop
      vertex  4.000000e+000  5.437300e+000 -5.493890e+001
      vertex  4.000000e+000  3.219225e+001 -5.329443e+001
      vertex  4.000000e+000  6.403331e+000 -5.368407e+001
    endloop
  endfacet
  facet normal  1.000000e+000  0.000000e+000  0.000000e+000
    outer loop
      vertex  4.000000e+000  6.403331e+000 -5.368407e+001
      vertex  4.000000e+000  3.219225e+001 -5.329443e+001
      vertex  4.000000e+000  3.310257e+001 -5.207993e+001
    endloop
  endfacet
  facet normal  1.000000e+000  0.000000e+000  0.000000e+000
    outer loop
      vertex  4.000000e+000  6.403331e+000 -5.368407e+001
      vertex  4.000000e+000  3.310257e+001 -5.207993e+001
      vertex  4.000000e+000  7.425546e+000 -5.247461e+001
    endloop
  endfacet
  facet normal  1.000000e+000  0.000000e+000  0.000000e+000
    outer loop
      vertex  4.000000e+000  7.425546e+000 -5.247461e+001
      vertex  4.000000e+000  3.310257e+001 -5.207993e+001
      vertex  4.000000e+000  3.394922e+001 -5.082020e+001
    endloop
  endfacet
  facet normal  1.000000e+000  0.000000e+000  0.000000e+000
    outer loop
      vertex  4.000000e+000  7.425546e+000 -5.247461e+001
      vertex  4.000000e+000  3.394922e+001 -5.082020e+001
      vertex  4.000000e+000  8.502872e+000 -5.131168e+001
    endloop
  endfacet
  facet normal  1.000000e+000  0.000000e+000  0.000000e+000
    outer loop
      vertex  4.000000e+000  2.425916e+001 -6.027709e+001
      vertex  4.000000e+000  2.553913e+001 -5.946137e+001
      vertex  4.000000e+000  2.148031e+000 -6.038365e+001
    endloop
  endfacet
  facet normal  1.000000e+000  0.000000e+000  0.000000e+000
    outer loop
      vertex  4.000000e+000  2.148031e+000 -6.038365e+001
      vertex  4.000000e+000  2.553913e+001 -5.946137e+001
      vertex  4.000000e+000  2.677544e+001 -5.858089e+001
    endloop
  endfacet
  facet normal  1.000000e+000  0.000000e+000  0.000000e+000
    outer loop
      vertex  4.000000e+000  2.148031e+000 -6.038365e+001
      vertex  4.000000e+000  2.677544e+001 -5.858089e+001
      vertex  4.000000e+000  2.883394e+000 -5.896182e+001
    endloop
  endfacet
  facet normal  1.000000e+000  0.000000e+000  0.000000e+000
    outer loop
      vertex  4.000000e+000  2.883394e+000 -5.896182e+001
      vertex  4.000000e+000  2.677544e+001 -5.858089e+001
      vertex  4.000000e+000  2.796484e+001 -5.763800e+001
    endloop
  endfacet
  facet normal  1.000000e+000  0.000000e+000  0.000000e+000
    outer loop
      vertex  4.000000e+000  2.883394e+000 -5.896182e+001
      vertex  4.000000e+000  2.796484e+001 -5.763800e+001
      vertex  4.000000e+000  3.676856e+000 -5.757929e+001
    endloop
  endfacet
  facet normal  1.000000e+000  -0.000000e+000  0.000000e+000
    outer loop
      vertex  4.000000e+000  3.676856e+000 -5.757929e+001
      vertex  4.000000e+000  2.796484e+001 -5.763800e+001
      vertex  4.000000e+000  2.910416e+001 -5.663517e+001
    endloop
  endfacet
  facet normal  1.000000e+000  0.000000e+000  0.000000e+000
    outer loop
      vertex  4.000000e+000  3.676856e+000 -5.757929e+001
      vertex  4.000000e+000  2.910416e+001 -5.663517e+001
      vertex  4.000000e+000  4.528278e+000 -5.623779e+001
    endloop
  endfacet
  facet normal  1.000000e+000  0.000000e+000  0.000000e+000
    outer loop
      vertex  4.000000e+000  2.158194e+001 -6.170581e+001
      vertex  4.000000e+000  2.293894e+001 -6.102590e+001
      vertex  4.000000e+000  1.470697e+000 -6.184295e+001
    endloop
  endfacet
  facet normal  1.000000e+000  0.000000e+000  0.000000e+000
    outer loop
      vertex  4.000000e+000  1.470697e+000 -6.184295e+001
      vertex  4.000000e+000  2.293894e+001 -6.102590e+001
      vertex  4.000000e+000  2.425916e+001 -6.027709e+001
    endloop
  endfacet
  facet normal  1.000000e+000  0.000000e+000  0.000000e+000
    outer loop
      vertex  4.000000e+000  1.470697e+000 -6.184295e+001
      vertex  4.000000e+000  2.425916e+001 -6.027709e+001
      vertex  4.000000e+000  2.148031e+000 -6.038365e+001
    endloop
  endfacet
  facet normal  1.000000e+000  0.000000e+000  0.000000e+000
    outer loop
      vertex  4.000000e+000  1.470697e+000 -6.184295e+001
      vertex  4.000000e+000  8.511117e-001 -6.333775e+001
      vertex  4.000000e+000  2.158194e+001 -6.170581e+001
    endloop
  endfacet
  facet normal  1.000000e+000  0.000000e+000  0.000000e+000
    outer loop
      vertex  4.000000e+000  2.158194e+001 -6.170581e+001
      vertex  4.000000e+000  8.511117e-001 -6.333775e+001
      vertex  4.000000e+000  2.019178e+001 -6.231503e+001
    endloop
  endfacet
  facet normal  1.000000e+000  0.000000e+000  -0.000000e+000
    outer loop
      vertex  4.000000e+000  8.511117e-001 -6.333775e+001
      vertex  4.000000e+000  1.732672e+001 -6.331512e+001
      vertex  4.000000e+000  2.019178e+001 -6.231503e+001
    endloop
  endfacet
  facet normal  1.000000e+000  0.000000e+000  0.000000e+000
    outer loop
      vertex  4.000000e+000  2.019178e+001 -6.231503e+001
      vertex  4.000000e+000  1.732672e+001 -6.331512e+001
      vertex  4.000000e+000  1.877211e+001 -6.285194e+001
    endloop
  endfacet
  facet normal  1.000000e+000  0.000000e+000  0.000000e+000
    outer loop
      vertex  4.000000e+000  3.805668e+000 -6.403011e+001
      vertex  4.000000e+000  1.585941e+001 -6.370335e+001
      vertex  4.000000e+000  2.319481e+000 -6.372195e+001
    endloop
  endfacet
  facet normal  1.000000e+000  0.000000e+000  0.000000e+000
    outer loop
      vertex  4.000000e+000  2.319481e+000 -6.372195e+001
      vertex  4.000000e+000  1.585941e+001 -6.370335e+001
      vertex  4.000000e+000  1.732672e+001 -6.331512e+001
    endloop
  endfacet
  facet normal  1.000000e+000  0.000000e+000  0.000000e+000
    outer loop
      vertex  4.000000e+000  2.319481e+000 -6.372195e+001
      vertex  4.000000e+000  1.732672e+001 -6.331512e+001
      vertex  4.000000e+000  8.511117e-001 -6.333775e+001
    endloop
  endfacet
  facet normal  1.000000e+000  0.000000e+000  0.000000e+000
    outer loop
      vertex  4.000000e+000  1.585941e+001 -6.370335e+001
      vertex  4.000000e+000  3.805668e+000 -6.403011e+001
      vertex  4.000000e+000  1.437407e+001 -6.401559e+001
    endloop
  endfacet
  facet normal  9.999999e-001  0.000000e+000  0.000000e+000
    outer loop
      vertex  4.000000e+000  1.437407e+001 -6.401559e+001
      vertex  4.000000e+000  3.805668e+000 -6.403011e+001
      vertex  4.000000e+000  5.305737e+000 -6.426141e+001
    endloop
  endfacet
  facet normal  1.000000e+000  0.000000e+000  0.000000e+000
    outer loop
      vertex  4.000000e+000  1.437407e+001 -6.401559e+001
      vertex  4.000000e+000  5.305737e+000 -6.426141e+001
      vertex  4.000000e+000  1.287464e+001 -6.425102e+001
    endloop
  endfacet
  facet normal  1.000000e+000  0.000000e+000  0.000000e+000
    outer loop
      vertex  4.000000e+000  1.287464e+001 -6.425102e+001
      vertex  4.000000e+000  5.305737e+000 -6.426141e+001
      vertex  4.000000e+000  6.815718e+000 -6.441527e+001
    endloop
  endfacet
  facet normal  1.000000e+000  0.000000e+000  0.000000e+000
    outer loop
      vertex  4.000000e+000  1.287464e+001 -6.425102e+001
      vertex  4.000000e+000  6.815718e+000 -6.441527e+001
      vertex  4.000000e+000  1.136509e+001 -6.440902e+001
    endloop
  endfacet
  facet normal  1.000000e+000  0.000000e+000  0.000000e+000
    outer loop
      vertex  4.000000e+000  1.136509e+001 -6.440902e+001
      vertex  4.000000e+000  6.815718e+000 -6.441527e+001
      vertex  4.000000e+000  8.331614e+000 -6.449125e+001
    endloop
  endfacet
  facet normal  1.000000e+000  0.000000e+000  0.000000e+000
    outer loop
      vertex  4.000000e+000  1.136509e+001 -6.440902e+001
      vertex  4.000000e+000  8.331614e+000 -6.449125e+001
      vertex  4.000000e+000  9.849411e+000 -6.448917e+001
    endloop
  endfacet
  facet normal  5.783121e-004  9.070553e-001  4.210110e-001
    outer loop
      vertex  4.000000e+000  1.470697e+000 -8.157054e+000
      vertex  1.500000e+001  1.973903e+000 -9.256306e+000
      vertex  4.000000e+000  2.148031e+000 -9.616351e+000
    endloop
  endfacet
  facet normal -4.828815e-004  8.943822e-001  4.473033e-001
    outer loop
      vertex  4.000000e+000  2.148031e+000 -9.616351e+000
      vertex  1.500000e+001  1.973903e+000 -9.256306e+000
      vertex  1.500000e+001  2.597332e+000 -1.050285e+001
    endloop
  endfacet
  facet normal  7.422594e-004  8.882347e-001  4.593895e-001
    outer loop
      vertex  4.000000e+000  2.148031e+000 -9.616351e+000
      vertex  1.500000e+001  2.597332e+000 -1.050285e+001
      vertex  4.000000e+000  2.883394e+000 -1.103818e+001
    endloop
  endfacet
  facet normal -5.861560e-004  8.769185e-001  4.806389e-001
    outer loop
      vertex  4.000000e+000  2.883394e+000 -1.103818e+001
      vertex  1.500000e+001  2.597332e+000 -1.050285e+001
      vertex  1.500000e+001  3.262117e+000 -1.171574e+001
    endloop
  endfacet
  facet normal  7.997871e-004  8.673096e-001  4.977684e-001
    outer loop
      vertex  4.000000e+000  2.883394e+000 -1.103818e+001
      vertex  1.500000e+001  3.262117e+000 -1.171574e+001
      vertex  4.000000e+000  3.676856e+000 -1.242071e+001
    endloop
  endfacet
  facet normal -7.956826e-004  8.564299e-001  5.162628e-001
    outer loop
      vertex  1.500000e+001  3.262117e+000 -1.171574e+001
      vertex  1.500000e+001  4.079846e+000 -1.307228e+001
      vertex  4.000000e+000  3.676856e+000 -1.242071e+001
    endloop
  endfacet
  facet normal  8.094469e-004  8.443052e-001  5.358621e-001
    outer loop
      vertex  4.000000e+000  4.528278e+000 -1.376221e+001
      vertex  4.000000e+000  3.676856e+000 -1.242071e+001
      vertex  1.500000e+001  4.079846e+000 -1.307228e+001
    endloop
  endfacet
  facet normal -7.990462e-004  8.325884e-001  5.538917e-001
    outer loop
      vertex  1.500000e+001  4.079846e+000 -1.307228e+001
      vertex  1.500000e+001  4.952541e+000 -1.438408e+001
      vertex  4.000000e+000  4.528278e+000 -1.376221e+001
    endloop
  endfacet
  facet normal  8.153313e-004  8.192917e-001  5.733764e-001
    outer loop
      vertex  4.000000e+000  5.437300e+000 -1.506110e+001
      vertex  4.000000e+000  4.528278e+000 -1.376221e+001
      vertex  1.500000e+001  4.952541e+000 -1.438408e+001
    endloop
  endfacet
  facet normal -8.004045e-004  8.068672e-001  5.907322e-001
    outer loop
      vertex  1.500000e+001  4.952541e+000 -1.438408e+001
      vertex  1.500000e+001  5.880201e+000 -1.565115e+001
      vertex  4.000000e+000  5.437300e+000 -1.506110e+001
    endloop
  endfacet
  facet normal  8.171586e-004  7.923868e-001  6.100184e-001
    outer loop
      vertex  4.000000e+000  6.403331e+000 -1.631593e+001
      vertex  4.000000e+000  5.437300e+000 -1.506110e+001
      vertex  1.500000e+001  5.880201e+000 -1.565115e+001
    endloop
  endfacet
  facet normal -7.996578e-004  7.793874e-001  6.265419e-001
    outer loop
      vertex  1.500000e+001  5.880201e+000 -1.565115e+001
      vertex  1.500000e+001  6.862828e+000 -1.687349e+001
      vertex  4.000000e+000  6.403331e+000 -1.631593e+001
    endloop
  endfacet
  facet normal  8.149068e-004  7.637516e-001  6.455098e-001
    outer loop
      vertex  4.000000e+000  7.425546e+000 -1.752539e+001
      vertex  4.000000e+000  6.403331e+000 -1.631593e+001
      vertex  1.500000e+001  6.862828e+000 -1.687349e+001
    endloop
  endfacet
  facet normal -7.966736e-004  7.503026e-001  6.610940e-001
    outer loop
      vertex  1.500000e+001  6.862828e+000 -1.687349e+001
      vertex  1.500000e+001  7.900421e+000 -1.805109e+001
      vertex  4.000000e+000  7.425546e+000 -1.752539e+001
    endloop
  endfacet
  facet normal  8.088450e-004  7.335900e-001  6.795919e-001
    outer loop
      vertex  4.000000e+000  8.502872e+000 -1.868832e+001
      vertex  4.000000e+000  7.425546e+000 -1.752539e+001
      vertex  1.500000e+001  7.900421e+000 -1.805109e+001
    endloop
  endfacet
  facet normal -7.916872e-004  7.197989e-001  6.941822e-001
    outer loop
      vertex  1.500000e+001  7.900421e+000 -1.805109e+001
      vertex  1.500000e+001  8.992979e+000 -1.918397e+001
      vertex  4.000000e+000  8.502872e+000 -1.868832e+001
    endloop
  endfacet
  facet normal  7.996861e-004  7.021400e-001  7.120385e-001
    outer loop
      vertex  4.000000e+000  9.633987e+000 -1.980371e+001
      vertex  4.000000e+000  8.502872e+000 -1.868832e+001
      vertex  1.500000e+001  8.992979e+000 -1.918397e+001
    endloop
  endfacet
  facet normal -7.853304e-004  6.880828e-001  7.256318e-001
    outer loop
      vertex  1.500000e+001  8.992979e+000 -1.918397e+001
      vertex  1.500000e+001  1.014050e+001 -2.027211e+001
      vertex  4.000000e+000  9.633987e+000 -1.980371e+001
    endloop
  endfacet
  facet normal  7.639107e-004  6.699498e-001  7.424059e-001
    outer loop
      vertex  4.000000e+000  1.079629e+001 -2.085258e+001
      vertex  4.000000e+000  9.633987e+000 -1.980371e+001
      vertex  1.500000e+001  1.014050e+001 -2.027211e+001
    endloop
  endfacet
  facet normal -7.850387e-004  6.553802e-001  7.552987e-001
    outer loop
      vertex  1.500000e+001  1.014050e+001 -2.027211e+001
      vertex  1.500000e+001  1.134299e+001 -2.131553e+001
      vertex  4.000000e+000  1.079629e+001 -2.085258e+001
    endloop
  endfacet
  facet normal  7.573531e-004  6.373097e-001  7.706075e-001
    outer loop
      vertex  4.000000e+000  1.200741e+001 -2.185420e+001
      vertex  4.000000e+000  1.079629e+001 -2.085258e+001
      vertex  1.500000e+001  1.134299e+001 -2.131553e+001
    endloop
  endfacet
  facet normal -7.824663e-004  6.219255e-001  7.830760e-001
    outer loop
      vertex  1.500000e+001  1.134299e+001 -2.131553e+001
      vertex  1.500000e+001  1.260045e+001 -2.231421e+001
      vertex  4.000000e+000  1.200741e+001 -2.185420e+001
    endloop
  endfacet
  facet normal  7.477777e-004  6.042078e-001  7.968265e-001
    outer loop
      vertex  4.000000e+000  1.326562e+001 -2.280826e+001
      vertex  4.000000e+000  1.200741e+001 -2.185420e+001
      vertex  1.500000e+001  1.260045e+001 -2.231421e+001
    endloop
  endfacet
  facet normal -6.180027e-004  5.896612e-001  8.076504e-001
    outer loop
      vertex  1.500000e+001  1.260045e+001 -2.231421e+001
      vertex  1.500000e+001  1.377916e+001 -2.317477e+001
      vertex  4.000000e+000  1.326562e+001 -2.280826e+001
    endloop
  endfacet
  facet normal  7.034555e-004  5.708978e-001  8.210208e-001
    outer loop
      vertex  4.000000e+000  1.456911e+001 -2.371464e+001
      vertex  4.000000e+000  1.326562e+001 -2.280826e+001
      vertex  1.500000e+001  1.377916e+001 -2.317477e+001
    endloop
  endfacet
  facet normal -5.669168e-004  5.588463e-001  8.292710e-001
    outer loop
      vertex  1.500000e+001  1.377916e+001 -2.317477e+001
      vertex  1.500000e+001  1.500239e+001 -2.399911e+001
      vertex  4.000000e+000  1.456911e+001 -2.371464e+001
    endloop
  endfacet
  facet normal  6.290388e-004  5.376201e-001  8.431869e-001
    outer loop
      vertex  4.000000e+000  1.591596e+001 -2.457340e+001
      vertex  4.000000e+000  1.456911e+001 -2.371464e+001
      vertex  1.500000e+001  1.500239e+001 -2.399911e+001
    endloop
  endfacet
  facet normal -4.914805e-004  5.279540e-001  8.492728e-001
    outer loop
      vertex  1.500000e+001  1.500239e+001 -2.399911e+001
      vertex  1.500000e+001  1.627014e+001 -2.478721e+001
      vertex  4.000000e+000  1.591596e+001 -2.457340e+001
    endloop
  endfacet
  facet normal  5.343921e-004  5.045946e-001  8.633562e-001
    outer loop
      vertex  4.000000e+000  1.730421e+001 -2.538478e+001
      vertex  4.000000e+000  1.591596e+001 -2.457340e+001
      vertex  1.500000e+001  1.627014e+001 -2.478721e+001
    endloop
  endfacet
  facet normal -4.012659e-004  4.971358e-001  8.676726e-001
    outer loop
      vertex  1.500000e+001  1.627014e+001 -2.478721e+001
      vertex  1.500000e+001  1.758241e+001 -2.553908e+001
      vertex  4.000000e+000  1.730421e+001 -2.538478e+001
    endloop
  endfacet
  facet normal  0.000000e+000  9.237887e-001  3.829027e-001
    outer loop
      vertex  4.000000e+000  8.511117e-001 -6.662247e+000
      vertex  1.500000e+001  8.511117e-001 -6.662247e+000
      vertex  4.000000e+000  1.470697e+000 -8.157054e+000
    endloop
  endfacet
  facet normal  3.697014e-004  9.247480e-001  3.805797e-001
    outer loop
      vertex  4.000000e+000  1.470697e+000 -8.157054e+000
      vertex  1.500000e+001  8.511117e-001 -6.662247e+000
      vertex  1.500000e+001  1.391829e+000 -7.976104e+000
    endloop
  endfacet
  facet normal -2.818326e-004  9.103226e-001  4.138994e-001
    outer loop
      vertex  4.000000e+000  1.470697e+000 -8.157054e+000
      vertex  1.500000e+001  1.391829e+000 -7.976104e+000
      vertex  1.500000e+001  1.973903e+000 -9.256306e+000
    endloop
  endfacet
  facet normal  3.234371e-004  4.752389e-001  8.798567e-001
    outer loop
      vertex  4.000000e+000  1.730421e+001 -2.538478e+001
      vertex  1.500000e+001  1.758241e+001 -2.553908e+001
      vertex  4.000000e+000  1.844329e+001 -2.600003e+001
    endloop
  endfacet
  facet normal -5.529025e-004  4.665302e-001  8.845052e-001
    outer loop
      vertex  4.000000e+000  1.844329e+001 -2.600003e+001
      vertex  1.500000e+001  1.758241e+001 -2.553908e+001
      vertex  1.500000e+001  1.893921e+001 -2.625472e+001
    endloop
  endfacet
  facet normal  4.148176e-004  4.495572e-001  8.932515e-001
    outer loop
      vertex  4.000000e+000  1.844329e+001 -2.600003e+001
      vertex  1.500000e+001  1.893921e+001 -2.625472e+001
      vertex  4.000000e+000  1.960654e+001 -2.658547e+001
    endloop
  endfacet
  facet normal -1.579340e-004  4.419852e-001  8.970223e-001
    outer loop
      vertex  4.000000e+000  1.960654e+001 -2.658547e+001
      vertex  1.500000e+001  1.893921e+001 -2.625472e+001
      vertex  1.500000e+001  1.980241e+001 -2.668005e+001
    endloop
  endfacet
  facet normal  2.293680e-004  4.243313e-001  9.055070e-001
    outer loop
      vertex  4.000000e+000  1.960654e+001 -2.658547e+001
      vertex  1.500000e+001  1.980241e+001 -2.668005e+001
      vertex  4.000000e+000  2.079295e+001 -2.714144e+001
    endloop
  endfacet
  facet normal  1.262010e-004  4.233906e-001  9.059471e-001
    outer loop
      vertex  4.000000e+000  2.079295e+001 -2.714144e+001
      vertex  1.500000e+001  1.980241e+001 -2.668005e+001
      vertex  1.500000e+001  2.068272e+001 -2.709145e+001
    endloop
  endfacet
  facet normal -1.241049e-004  4.026727e-001  9.153440e-001
    outer loop
      vertex  4.000000e+000  2.079295e+001 -2.714144e+001
      vertex  1.500000e+001  2.068272e+001 -2.709145e+001
      vertex  4.000000e+000  2.169732e+001 -2.753928e+001
    endloop
  endfacet
  facet normal  1.137639e-004  4.048311e-001  9.143914e-001
    outer loop
      vertex  4.000000e+000  2.169732e+001 -2.753928e+001
      vertex  1.500000e+001  2.068272e+001 -2.709145e+001
      vertex  1.500000e+001  2.159551e+001 -2.749557e+001
    endloop
  endfacet
  facet normal -1.095608e-004  3.844600e-001  9.231417e-001
    outer loop
      vertex  4.000000e+000  2.169732e+001 -2.753928e+001
      vertex  1.500000e+001  2.159551e+001 -2.749557e+001
      vertex  4.000000e+000  2.261371e+001 -2.792093e+001
    endloop
  endfacet
  facet normal  9.353910e-005  3.863282e-001  9.223614e-001
    outer loop
      vertex  4.000000e+000  2.261371e+001 -2.792093e+001
      vertex  1.500000e+001  2.159551e+001 -2.749557e+001
      vertex  1.500000e+001  2.252598e+001 -2.788530e+001
    endloop
  endfacet
  facet normal -1.582954e-004  3.591810e-001  9.332680e-001
    outer loop
      vertex  4.000000e+000  2.261371e+001 -2.792093e+001
      vertex  1.500000e+001  2.252598e+001 -2.788530e+001
      vertex  1.500000e+001  2.442372e+001 -2.861567e+001
    endloop
  endfacet
  facet normal  -0.000000e+000  3.240030e-001  9.460561e-001
    outer loop
      vertex  1.500000e+001  2.639102e+001 -2.928943e+001
      vertex  4.000000e+000  2.639102e+001 -2.928943e+001
      vertex  1.500000e+001  2.442372e+001 -2.861567e+001
    endloop
  endfacet
  facet normal -1.021487e-004  3.234917e-001  9.462310e-001
    outer loop
      vertex  1.500000e+001  2.442372e+001 -2.861567e+001
      vertex  4.000000e+000  2.639102e+001 -2.928943e+001
      vertex  4.000000e+000  2.448083e+001 -2.863638e+001
    endloop
  endfacet
  facet normal  9.949477e-005  3.578155e-001  9.337923e-001
    outer loop
      vertex  1.500000e+001  2.442372e+001 -2.861567e+001
      vertex  4.000000e+000  2.448083e+001 -2.863638e+001
      vertex  4.000000e+000  2.261371e+001 -2.792093e+001
    endloop
  endfacet
  facet normal  5.782751e-004  9.070553e-001 -4.210110e-001
    outer loop
      vertex  4.000000e+000  2.148031e+000 -6.038365e+001
      vertex  1.500000e+001  1.973903e+000 -6.074369e+001
      vertex  4.000000e+000  1.470697e+000 -6.184295e+001
    endloop
  endfacet
  facet normal -4.828984e-004  8.943825e-001 -4.473027e-001
    outer loop
      vertex  1.500000e+001  2.597332e+000 -5.949715e+001
      vertex  1.500000e+001  1.973903e+000 -6.074369e+001
      vertex  4.000000e+000  2.148031e+000 -6.038365e+001
    endloop
  endfacet
  facet normal  7.423490e-004  8.882343e-001 -4.593900e-001
    outer loop
      vertex  4.000000e+000  2.883394e+000 -5.896182e+001
      vertex  1.500000e+001  2.597332e+000 -5.949715e+001
      vertex  4.000000e+000  2.148031e+000 -6.038365e+001
    endloop
  endfacet
  facet normal -5.860326e-004  8.769185e-001 -4.806389e-001
    outer loop
      vertex  1.500000e+001  3.262117e+000 -5.828426e+001
      vertex  1.500000e+001  2.597332e+000 -5.949715e+001
      vertex  4.000000e+000  2.883394e+000 -5.896182e+001
    endloop
  endfacet
  facet normal  7.998938e-004  8.673098e-001 -4.977681e-001
    outer loop
      vertex  4.000000e+000  3.676856e+000 -5.757929e+001
      vertex  1.500000e+001  3.262117e+000 -5.828426e+001
      vertex  4.000000e+000  2.883394e+000 -5.896182e+001
    endloop
  endfacet
  facet normal -7.956842e-004  8.564291e-001 -5.162638e-001
    outer loop
      vertex  4.000000e+000  3.676856e+000 -5.757929e+001
      vertex  1.500000e+001  4.079846e+000 -5.692773e+001
      vertex  1.500000e+001  3.262117e+000 -5.828426e+001
    endloop
  endfacet
  facet normal  8.093339e-004  8.443053e-001 -5.358618e-001
    outer loop
      vertex  1.500000e+001  4.079846e+000 -5.692773e+001
      vertex  4.000000e+000  3.676856e+000 -5.757929e+001
      vertex  4.000000e+000  4.528278e+000 -5.623779e+001
    endloop
  endfacet
  facet normal -7.991662e-004  8.325885e-001 -5.538914e-001
    outer loop
      vertex  4.000000e+000  4.528278e+000 -5.623779e+001
      vertex  1.500000e+001  4.952541e+000 -5.561592e+001
      vertex  1.500000e+001  4.079846e+000 -5.692773e+001
    endloop
  endfacet
  facet normal  8.152114e-004  8.192919e-001 -5.733762e-001
    outer loop
      vertex  1.500000e+001  4.952541e+000 -5.561592e+001
      vertex  4.000000e+000  4.528278e+000 -5.623779e+001
      vertex  4.000000e+000  5.437300e+000 -5.493890e+001
    endloop
  endfacet
  facet normal -8.005319e-004  8.068675e-001 -5.907319e-001
    outer loop
      vertex  4.000000e+000  5.437300e+000 -5.493890e+001
      vertex  1.500000e+001  5.880201e+000 -5.434885e+001
      vertex  1.500000e+001  4.952541e+000 -5.561592e+001
    endloop
  endfacet
  facet normal  8.171012e-004  7.923864e-001 -6.100190e-001
    outer loop
      vertex  1.500000e+001  5.880201e+000 -5.434885e+001
      vertex  4.000000e+000  5.437300e+000 -5.493890e+001
      vertex  4.000000e+000  6.403331e+000 -5.368407e+001
    endloop
  endfacet
  facet normal -7.996578e-004  7.793874e-001 -6.265419e-001
    outer loop
      vertex  4.000000e+000  6.403331e+000 -5.368407e+001
      vertex  1.500000e+001  6.862828e+000 -5.312651e+001
      vertex  1.500000e+001  5.880201e+000 -5.434885e+001
    endloop
  endfacet
  facet normal  8.148582e-004  7.637521e-001 -6.455092e-001
    outer loop
      vertex  1.500000e+001  6.862828e+000 -5.312651e+001
      vertex  4.000000e+000  6.403331e+000 -5.368407e+001
      vertex  4.000000e+000  7.425546e+000 -5.247461e+001
    endloop
  endfacet
  facet normal -7.968539e-004  7.503021e-001 -6.610947e-001
    outer loop
      vertex  4.000000e+000  7.425546e+000 -5.247461e+001
      vertex  1.500000e+001  7.900421e+000 -5.194891e+001
      vertex  1.500000e+001  6.862828e+000 -5.312651e+001
    endloop
  endfacet
  facet normal  8.086611e-004  7.335895e-001 -6.795925e-001
    outer loop
      vertex  1.500000e+001  7.900421e+000 -5.194891e+001
      vertex  4.000000e+000  7.425546e+000 -5.247461e+001
      vertex  4.000000e+000  8.502872e+000 -5.131168e+001
    endloop
  endfacet
  facet normal -7.917382e-004  7.197995e-001 -6.941816e-001
    outer loop
      vertex  4.000000e+000  8.502872e+000 -5.131168e+001
      vertex  1.500000e+001  8.992979e+000 -5.081603e+001
      vertex  1.500000e+001  7.900421e+000 -5.194891e+001
    endloop
  endfacet
  facet normal  7.996861e-004  7.021400e-001 -7.120385e-001
    outer loop
      vertex  1.500000e+001  8.992979e+000 -5.081603e+001
      vertex  4.000000e+000  8.502872e+000 -5.131168e+001
      vertex  4.000000e+000  9.633987e+000 -5.019629e+001
    endloop
  endfacet
  facet normal -7.853996e-004  6.880822e-001 -7.256324e-001
    outer loop
      vertex  4.000000e+000  9.633987e+000 -5.019629e+001
      vertex  1.500000e+001  1.014050e+001 -4.972789e+001
      vertex  1.500000e+001  8.992979e+000 -5.081603e+001
    endloop
  endfacet
  facet normal  7.638422e-004  6.699492e-001 -7.424066e-001
    outer loop
      vertex  1.500000e+001  1.014050e+001 -4.972789e+001
      vertex  4.000000e+000  9.633987e+000 -5.019629e+001
      vertex  4.000000e+000  1.079629e+001 -4.914742e+001
    endloop
  endfacet
  facet normal -7.849666e-004  6.553808e-001 -7.552981e-001
    outer loop
      vertex  4.000000e+000  1.079629e+001 -4.914742e+001
      vertex  1.500000e+001  1.134299e+001 -4.868447e+001
      vertex  1.500000e+001  1.014050e+001 -4.972789e+001
    endloop
  endfacet
  facet normal  7.574249e-004  6.373104e-001 -7.706069e-001
    outer loop
      vertex  1.500000e+001  1.134299e+001 -4.868447e+001
      vertex  4.000000e+000  1.079629e+001 -4.914742e+001
      vertex  4.000000e+000  1.200741e+001 -4.814580e+001
    endloop
  endfacet
  facet normal -7.825377e-004  6.219248e-001 -7.830765e-001
    outer loop
      vertex  4.000000e+000  1.200741e+001 -4.814580e+001
      vertex  1.500000e+001  1.260045e+001 -4.768579e+001
      vertex  1.500000e+001  1.134299e+001 -4.868447e+001
    endloop
  endfacet
  facet normal  7.475712e-004  6.042085e-001 -7.968259e-001
    outer loop
      vertex  1.500000e+001  1.260045e+001 -4.768579e+001
      vertex  4.000000e+000  1.200741e+001 -4.814580e+001
      vertex  4.000000e+000  1.326562e+001 -4.719173e+001
    endloop
  endfacet
  facet normal -6.182028e-004  5.896621e-001 -8.076499e-001
    outer loop
      vertex  4.000000e+000  1.326562e+001 -4.719173e+001
      vertex  1.500000e+001  1.377916e+001 -4.682523e+001
      vertex  1.500000e+001  1.260045e+001 -4.768579e+001
    endloop
  endfacet
  facet normal  7.033690e-004  5.708970e-001 -8.210214e-001
    outer loop
      vertex  1.500000e+001  1.377916e+001 -4.682523e+001
      vertex  4.000000e+000  1.326562e+001 -4.719173e+001
      vertex  4.000000e+000  1.456911e+001 -4.628536e+001
    endloop
  endfacet
  facet normal -5.668245e-004  5.588472e-001 -8.292704e-001
    outer loop
      vertex  4.000000e+000  1.456911e+001 -4.628536e+001
      vertex  1.500000e+001  1.500239e+001 -4.600089e+001
      vertex  1.500000e+001  1.377916e+001 -4.682523e+001
    endloop
  endfacet
  facet normal  6.292326e-004  5.376192e-001 -8.431875e-001
    outer loop
      vertex  1.500000e+001  1.500239e+001 -4.600089e+001
      vertex  4.000000e+000  1.456911e+001 -4.628536e+001
      vertex  4.000000e+000  1.591596e+001 -4.542660e+001
    endloop
  endfacet
  facet normal -4.912938e-004  5.279530e-001 -8.492734e-001
    outer loop
      vertex  4.000000e+000  1.591596e+001 -4.542660e+001
      vertex  1.500000e+001  1.627014e+001 -4.521279e+001
      vertex  1.500000e+001  1.500239e+001 -4.600089e+001
    endloop
  endfacet
  facet normal  5.345047e-004  5.045955e-001 -8.633556e-001
    outer loop
      vertex  1.500000e+001  1.627014e+001 -4.521279e+001
      vertex  4.000000e+000  1.591596e+001 -4.542660e+001
      vertex  4.000000e+000  1.730421e+001 -4.461522e+001
    endloop
  endfacet
  facet normal -4.011466e-004  4.971368e-001 -8.676721e-001
    outer loop
      vertex  4.000000e+000  1.730421e+001 -4.461522e+001
      vertex  1.500000e+001  1.758241e+001 -4.446091e+001
      vertex  1.500000e+001  1.627014e+001 -4.521279e+001
    endloop
  endfacet
  facet normal -2.818535e-004  9.103225e-001 -4.138996e-001
    outer loop
      vertex  1.500000e+001  1.973903e+000 -6.074369e+001
      vertex  1.500000e+001  1.391829e+000 -6.202390e+001
      vertex  4.000000e+000  1.470697e+000 -6.184295e+001
    endloop
  endfacet
  facet normal  3.696898e-004  9.247482e-001 -3.805795e-001
    outer loop
      vertex  4.000000e+000  1.470697e+000 -6.184295e+001
      vertex  1.500000e+001  1.391829e+000 -6.202390e+001
      vertex  1.500000e+001  8.511117e-001 -6.333775e+001
    endloop
  endfacet
  facet normal  0.000000e+000  9.237888e-001 -3.829024e-001
    outer loop
      vertex  4.000000e+000  1.470697e+000 -6.184295e+001
      vertex  1.500000e+001  8.511117e-001 -6.333775e+001
      vertex  4.000000e+000  8.511117e-001 -6.333775e+001
    endloop
  endfacet
  facet normal -1.582954e-004  3.591810e-001 -9.332680e-001
    outer loop
      vertex  1.500000e+001  2.442372e+001 -4.138433e+001
      vertex  1.500000e+001  2.252598e+001 -4.211470e+001
      vertex  4.000000e+000  2.261371e+001 -4.207907e+001
    endloop
  endfacet
  facet normal  9.355380e-005  3.863298e-001 -9.223607e-001
    outer loop
      vertex  4.000000e+000  2.261371e+001 -4.207907e+001
      vertex  1.500000e+001  2.252598e+001 -4.211470e+001
      vertex  1.500000e+001  2.159551e+001 -4.250443e+001
    endloop
  endfacet
  facet normal -1.095429e-004  3.844616e-001 -9.231410e-001
    outer loop
      vertex  4.000000e+000  2.261371e+001 -4.207907e+001
      vertex  1.500000e+001  2.159551e+001 -4.250443e+001
      vertex  4.000000e+000  2.169732e+001 -4.246072e+001
    endloop
  endfacet
  facet normal  1.137639e-004  4.048311e-001 -9.143914e-001
    outer loop
      vertex  4.000000e+000  2.169732e+001 -4.246072e+001
      vertex  1.500000e+001  2.159551e+001 -4.250443e+001
      vertex  1.500000e+001  2.068272e+001 -4.290855e+001
    endloop
  endfacet
  facet normal -1.239265e-004  4.026743e-001 -9.153433e-001
    outer loop
      vertex  4.000000e+000  2.169732e+001 -4.246072e+001
      vertex  1.500000e+001  2.068272e+001 -4.290855e+001
      vertex  4.000000e+000  2.079295e+001 -4.285857e+001
    endloop
  endfacet
  facet normal  1.263581e-004  4.233906e-001 -9.059471e-001
    outer loop
      vertex  4.000000e+000  2.079295e+001 -4.285857e+001
      vertex  1.500000e+001  2.068272e+001 -4.290855e+001
      vertex  1.500000e+001  1.980241e+001 -4.331995e+001
    endloop
  endfacet
  facet normal  2.293940e-004  4.243301e-001 -9.055075e-001
    outer loop
      vertex  4.000000e+000  2.079295e+001 -4.285857e+001
      vertex  1.500000e+001  1.980241e+001 -4.331995e+001
      vertex  4.000000e+000  1.960654e+001 -4.341453e+001
    endloop
  endfacet
  facet normal -1.579340e-004  4.419852e-001 -8.970223e-001
    outer loop
      vertex  4.000000e+000  1.960654e+001 -4.341453e+001
      vertex  1.500000e+001  1.980241e+001 -4.331995e+001
      vertex  1.500000e+001  1.893921e+001 -4.374528e+001
    endloop
  endfacet
  facet normal  4.148176e-004  4.495572e-001 -8.932515e-001
    outer loop
      vertex  4.000000e+000  1.960654e+001 -4.341453e+001
      vertex  1.500000e+001  1.893921e+001 -4.374528e+001
      vertex  4.000000e+000  1.844329e+001 -4.399997e+001
    endloop
  endfacet
  facet normal -5.528472e-004  4.665293e-001 -8.845056e-001
    outer loop
      vertex  4.000000e+000  1.844329e+001 -4.399997e+001
      vertex  1.500000e+001  1.893921e+001 -4.374528e+001
      vertex  1.500000e+001  1.758241e+001 -4.446091e+001
    endloop
  endfacet
  facet normal  3.235899e-004  4.752389e-001 -8.798567e-001
    outer loop
      vertex  4.000000e+000  1.844329e+001 -4.399997e+001
      vertex  1.500000e+001  1.758241e+001 -4.446091e+001
      vertex  4.000000e+000  1.730421e+001 -4.461522e+001
    endloop
  endfacet
  facet normal  9.980869e-005  3.578139e-001 -9.337929e-001
    outer loop
      vertex  4.000000e+000  2.261371e+001 -4.207907e+001
      vertex  4.000000e+000  2.448083e+001 -4.136362e+001
      vertex  1.500000e+001  2.442372e+001 -4.138433e+001
    endloop
  endfacet
  facet normal -1.018157e-004  3.234926e-001 -9.462307e-001
    outer loop
      vertex  1.500000e+001  2.442372e+001 -4.138433e+001
      vertex  4.000000e+000  2.448083e+001 -4.136362e+001
      vertex  4.000000e+000  2.639102e+001 -4.071057e+001
    endloop
  endfacet
  facet normal  0.000000e+000  3.240021e-001 -9.460564e-001
    outer loop
      vertex  1.500000e+001  2.442372e+001 -4.138433e+001
      vertex  4.000000e+000  2.639102e+001 -4.071057e+001
      vertex  1.500000e+001  2.639102e+001 -4.071057e+001
    endloop
  endfacet
  facet normal  0.000000e+000  3.607685e-001  9.326554e-001
    outer loop
      vertex  4.000000e+000  2.639102e+001 -2.928943e+001
      vertex  1.500000e+001  2.639102e+001 -2.928943e+001
      vertex  4.000000e+000  2.703112e+001 -2.953703e+001
    endloop
  endfacet
  facet normal  -0.000000e+000  3.607685e-001  9.326554e-001
    outer loop
      vertex  4.000000e+000  2.703112e+001 -2.953703e+001
      vertex  1.500000e+001  2.639102e+001 -2.928943e+001
      vertex  1.500000e+001  2.703112e+001 -2.953703e+001
    endloop
  endfacet
  facet normal  0.000000e+000  4.649171e-001  8.853542e-001
    outer loop
      vertex  4.000000e+000  2.703112e+001 -2.953703e+001
      vertex  1.500000e+001  2.703112e+001 -2.953703e+001
      vertex  4.000000e+000  2.763875e+001 -2.985611e+001
    endloop
  endfacet
  facet normal  -0.000000e+000  4.649171e-001  8.853542e-001
    outer loop
      vertex  4.000000e+000  2.763875e+001 -2.985611e+001
      vertex  1.500000e+001  2.703112e+001 -2.953703e+001
      vertex  1.500000e+001  2.763875e+001 -2.985611e+001
    endloop
  endfacet
  facet normal  0.000000e+000  5.629810e-001  8.264698e-001
    outer loop
      vertex  4.000000e+000  2.763875e+001 -2.985611e+001
      vertex  1.500000e+001  2.763875e+001 -2.985611e+001
      vertex  4.000000e+000  2.820597e+001 -3.024249e+001
    endloop
  endfacet
  facet normal  -0.000000e+000  5.629810e-001  8.264698e-001
    outer loop
      vertex  4.000000e+000  2.820597e+001 -3.024249e+001
      vertex  1.500000e+001  2.763875e+001 -2.985611e+001
      vertex  1.500000e+001  2.820597e+001 -3.024249e+001
    endloop
  endfacet
  facet normal  0.000000e+000  6.536782e-001  7.567727e-001
    outer loop
      vertex  4.000000e+000  2.820597e+001 -3.024249e+001
      vertex  1.500000e+001  2.820597e+001 -3.024249e+001
      vertex  4.000000e+000  2.872535e+001 -3.069112e+001
    endloop
  endfacet
  facet normal  -0.000000e+000  6.536782e-001  7.567727e-001
    outer loop
      vertex  4.000000e+000  2.872535e+001 -3.069112e+001
      vertex  1.500000e+001  2.820597e+001 -3.024249e+001
      vertex  1.500000e+001  2.872535e+001 -3.069112e+001
    endloop
  endfacet
  facet normal  0.000000e+000  7.358250e-001  6.771716e-001
    outer loop
      vertex  4.000000e+000  2.872535e+001 -3.069112e+001
      vertex  1.500000e+001  2.872535e+001 -3.069112e+001
      vertex  4.000000e+000  2.919010e+001 -3.119612e+001
    endloop
  endfacet
  facet normal  -0.000000e+000  7.358250e-001  6.771716e-001
    outer loop
      vertex  4.000000e+000  2.919010e+001 -3.119612e+001
      vertex  1.500000e+001  2.872535e+001 -3.069112e+001
      vertex  1.500000e+001  2.919010e+001 -3.119612e+001
    endloop
  endfacet
  facet normal  0.000000e+000  8.083429e-001  5.887119e-001
    outer loop
      vertex  4.000000e+000  2.919010e+001 -3.119612e+001
      vertex  1.500000e+001  2.919010e+001 -3.119612e+001
      vertex  4.000000e+000  2.959414e+001 -3.175090e+001
    endloop
  endfacet
  facet normal  -0.000000e+000  8.083429e-001  5.887119e-001
    outer loop
      vertex  4.000000e+000  2.959414e+001 -3.175090e+001
      vertex  1.500000e+001  2.919010e+001 -3.119612e+001
      vertex  1.500000e+001  2.959414e+001 -3.175090e+001
    endloop
  endfacet
  facet normal  0.000000e+000  8.702864e-001  4.925459e-001
    outer loop
      vertex  4.000000e+000  2.959414e+001 -3.175090e+001
      vertex  1.500000e+001  2.959414e+001 -3.175090e+001
      vertex  4.000000e+000  2.993218e+001 -3.234819e+001
    endloop
  endfacet
  facet normal  -0.000000e+000  8.702864e-001  4.925459e-001
    outer loop
      vertex  4.000000e+000  2.993218e+001 -3.234819e+001
      vertex  1.500000e+001  2.959414e+001 -3.175090e+001
      vertex  1.500000e+001  2.993218e+001 -3.234819e+001
    endloop
  endfacet
  facet normal  0.000000e+000  9.208397e-001  3.899413e-001
    outer loop
      vertex  4.000000e+000  2.993218e+001 -3.234819e+001
      vertex  1.500000e+001  2.993218e+001 -3.234819e+001
      vertex  4.000000e+000  3.019980e+001 -3.298018e+001
    endloop
  endfacet
  facet normal  -0.000000e+000  9.208397e-001  3.899413e-001
    outer loop
      vertex  4.000000e+000  3.019980e+001 -3.298018e+001
      vertex  1.500000e+001  2.993218e+001 -3.234819e+001
      vertex  1.500000e+001  3.019980e+001 -3.298018e+001
    endloop
  endfacet
  facet normal  0.000000e+000  9.593453e-001  2.822348e-001
    outer loop
      vertex  4.000000e+000  3.019980e+001 -3.298018e+001
      vertex  1.500000e+001  3.019980e+001 -3.298018e+001
      vertex  4.000000e+000  3.039351e+001 -3.363858e+001
    endloop
  endfacet
  facet normal  -0.000000e+000  9.593453e-001  2.822348e-001
    outer loop
      vertex  4.000000e+000  3.039351e+001 -3.363858e+001
      vertex  1.500000e+001  3.019980e+001 -3.298018e+001
      vertex  1.500000e+001  3.039351e+001 -3.363858e+001
    endloop
  endfacet
  facet normal  0.000000e+000  9.853007e-001  1.708292e-001
    outer loop
      vertex  4.000000e+000  3.039351e+001 -3.363858e+001
      vertex  1.500000e+001  3.039351e+001 -3.363858e+001
      vertex  4.000000e+000  3.051075e+001 -3.431481e+001
    endloop
  endfacet
  facet normal  -0.000000e+000  9.853007e-001  1.708292e-001
    outer loop
      vertex  4.000000e+000  3.051075e+001 -3.431481e+001
      vertex  1.500000e+001  3.039351e+001 -3.363858e+001
      vertex  1.500000e+001  3.051075e+001 -3.431481e+001
    endloop
  endfacet
  facet normal  0.000000e+000  9.983633e-001  5.719170e-002
    outer loop
      vertex  4.000000e+000  3.051075e+001 -3.431481e+001
      vertex  1.500000e+001  3.051075e+001 -3.431481e+001
      vertex  4.000000e+000  3.055000e+001 -3.500000e+001
    endloop
  endfacet
  facet normal  -0.000000e+000  9.983633e-001  5.719170e-002
    outer loop
      vertex  4.000000e+000  3.055000e+001 -3.500000e+001
      vertex  1.500000e+001  3.051075e+001 -3.431481e+001
      vertex  1.500000e+001  3.055000e+001 -3.500000e+001
    endloop
  endfacet
  facet normal  0.000000e+000  9.983633e-001 -5.719170e-002
    outer loop
      vertex  4.000000e+000  3.055000e+001 -3.500000e+001
      vertex  1.500000e+001  3.055000e+001 -3.500000e+001
      vertex  4.000000e+000  3.051075e+001 -3.568519e+001
    endloop
  endfacet
  facet normal  0.000000e+000  9.983633e-001 -5.719170e-002
    outer loop
      vertex  4.000000e+000  3.051075e+001 -3.568519e+001
      vertex  1.500000e+001  3.055000e+001 -3.500000e+001
      vertex  1.500000e+001  3.051075e+001 -3.568519e+001
    endloop
  endfacet
  facet normal  0.000000e+000  9.853007e-001 -1.708292e-001
    outer loop
      vertex  4.000000e+000  3.051075e+001 -3.568519e+001
      vertex  1.500000e+001  3.051075e+001 -3.568519e+001
      vertex  4.000000e+000  3.039351e+001 -3.636142e+001
    endloop
  endfacet
  facet normal  0.000000e+000  9.853007e-001 -1.708292e-001
    outer loop
      vertex  4.000000e+000  3.039351e+001 -3.636142e+001
      vertex  1.500000e+001  3.051075e+001 -3.568519e+001
      vertex  1.500000e+001  3.039351e+001 -3.636142e+001
    endloop
  endfacet
  facet normal  0.000000e+000  9.593453e-001 -2.822348e-001
    outer loop
      vertex  4.000000e+000  3.039351e+001 -3.636142e+001
      vertex  1.500000e+001  3.039351e+001 -3.636142e+001
      vertex  4.000000e+000  3.019980e+001 -3.701982e+001
    endloop
  endfacet
  facet normal  0.000000e+000  9.593453e-001 -2.822348e-001
    outer loop
      vertex  4.000000e+000  3.019980e+001 -3.701982e+001
      vertex  1.500000e+001  3.039351e+001 -3.636142e+001
      vertex  1.500000e+001  3.019980e+001 -3.701982e+001
    endloop
  endfacet
  facet normal  0.000000e+000  9.208397e-001 -3.899413e-001
    outer loop
      vertex  4.000000e+000  3.019980e+001 -3.701982e+001
      vertex  1.500000e+001  3.019980e+001 -3.701982e+001
      vertex  4.000000e+000  2.993218e+001 -3.765181e+001
    endloop
  endfacet
  facet normal  0.000000e+000  9.208397e-001 -3.899413e-001
    outer loop
      vertex  4.000000e+000  2.993218e+001 -3.765181e+001
      vertex  1.500000e+001  3.019980e+001 -3.701982e+001
      vertex  1.500000e+001  2.993218e+001 -3.765181e+001
    endloop
  endfacet
  facet normal  0.000000e+000  8.702864e-001 -4.925459e-001
    outer loop
      vertex  4.000000e+000  2.993218e+001 -3.765181e+001
      vertex  1.500000e+001  2.993218e+001 -3.765181e+001
      vertex  4.000000e+000  2.959414e+001 -3.824910e+001
    endloop
  endfacet
  facet normal  0.000000e+000  8.702864e-001 -4.925459e-001
    outer loop
      vertex  4.000000e+000  2.959414e+001 -3.824910e+001
      vertex  1.500000e+001  2.993218e+001 -3.765181e+001
      vertex  1.500000e+001  2.959414e+001 -3.824910e+001
    endloop
  endfacet
  facet normal  0.000000e+000  8.083419e-001 -5.887132e-001
    outer loop
      vertex  4.000000e+000  2.959414e+001 -3.824910e+001
      vertex  1.500000e+001  2.959414e+001 -3.824910e+001
      vertex  4.000000e+000  2.919010e+001 -3.880387e+001
    endloop
  endfacet
  facet normal  0.000000e+000  8.083419e-001 -5.887132e-001
    outer loop
      vertex  4.000000e+000  2.919010e+001 -3.880387e+001
      vertex  1.500000e+001  2.959414e+001 -3.824910e+001
      vertex  1.500000e+001  2.919010e+001 -3.880387e+001
    endloop
  endfacet
  facet normal  0.000000e+000  7.358263e-001 -6.771703e-001
    outer loop
      vertex  4.000000e+000  2.919010e+001 -3.880387e+001
      vertex  1.500000e+001  2.919010e+001 -3.880387e+001
      vertex  4.000000e+000  2.872535e+001 -3.930888e+001
    endloop
  endfacet
  facet normal  0.000000e+000  7.358263e-001 -6.771703e-001
    outer loop
      vertex  4.000000e+000  2.872535e+001 -3.930888e+001
      vertex  1.500000e+001  2.919010e+001 -3.880387e+001
      vertex  1.500000e+001  2.872535e+001 -3.930888e+001
    endloop
  endfacet
  facet normal  0.000000e+000  6.536782e-001 -7.567727e-001
    outer loop
      vertex  4.000000e+000  2.872535e+001 -3.930888e+001
      vertex  1.500000e+001  2.872535e+001 -3.930888e+001
      vertex  4.000000e+000  2.820597e+001 -3.975751e+001
    endloop
  endfacet
  facet normal  0.000000e+000  6.536782e-001 -7.567727e-001
    outer loop
      vertex  4.000000e+000  2.820597e+001 -3.975751e+001
      vertex  1.500000e+001  2.872535e+001 -3.930888e+001
      vertex  1.500000e+001  2.820597e+001 -3.975751e+001
    endloop
  endfacet
  facet normal  0.000000e+000  5.629830e-001 -8.264685e-001
    outer loop
      vertex  4.000000e+000  2.820597e+001 -3.975751e+001
      vertex  1.500000e+001  2.820597e+001 -3.975751e+001
      vertex  4.000000e+000  2.763875e+001 -4.014389e+001
    endloop
  endfacet
  facet normal  0.000000e+000  5.629830e-001 -8.264685e-001
    outer loop
      vertex  4.000000e+000  2.763875e+001 -4.014389e+001
      vertex  1.500000e+001  2.820597e+001 -3.975751e+001
      vertex  1.500000e+001  2.763875e+001 -4.014389e+001
    endloop
  endfacet
  facet normal  0.000000e+000  4.649149e-001 -8.853553e-001
    outer loop
      vertex  4.000000e+000  2.763875e+001 -4.014389e+001
      vertex  1.500000e+001  2.763875e+001 -4.014389e+001
      vertex  4.000000e+000  2.703112e+001 -4.046297e+001
    endloop
  endfacet
  facet normal  0.000000e+000  4.649149e-001 -8.853553e-001
    outer loop
      vertex  4.000000e+000  2.703112e+001 -4.046297e+001
      vertex  1.500000e+001  2.763875e+001 -4.014389e+001
      vertex  1.500000e+001  2.703112e+001 -4.046297e+001
    endloop
  endfacet
  facet normal  0.000000e+000  3.607685e-001 -9.326554e-001
    outer loop
      vertex  4.000000e+000  2.703112e+001 -4.046297e+001
      vertex  1.500000e+001  2.703112e+001 -4.046297e+001
      vertex  4.000000e+000  2.639102e+001 -4.071057e+001
    endloop
  endfacet
  facet normal  0.000000e+000  3.607685e-001 -9.326554e-001
    outer loop
      vertex  4.000000e+000  2.639102e+001 -4.071057e+001
      vertex  1.500000e+001  2.703112e+001 -4.046297e+001
      vertex  1.500000e+001  2.639102e+001 -4.071057e+001
    endloop
  endfacet
  facet normal  1.000000e+000  0.000000e+000  0.000000e+000
    outer loop
      vertex  4.000000e+000  9.050000e+000 -2.500000e+001
      vertex  4.000000e+000  8.659820e+000 -2.503843e+001
      vertex  4.000000e+000  9.440181e+000 -2.503843e+001
    endloop
  endfacet
  facet normal  1.000000e+000  0.000000e+000  0.000000e+000
    outer loop
      vertex  4.000000e+000  9.050000e+000 -4.500000e+001
      vertex  4.000000e+000  9.440181e+000 -4.496157e+001
      vertex  4.000000e+000  8.659820e+000 -4.496157e+001
    endloop
  endfacet
  facet normal  1.000000e+000  0.000000e+000  0.000000e+000
    outer loop
      vertex  4.000000e+000  8.659820e+000 -4.496157e+001
      vertex  4.000000e+000  9.440181e+000 -4.496157e+001
      vertex  4.000000e+000  9.815367e+000 -4.484776e+001
    endloop
  endfacet
  facet normal  1.000000e+000  0.000000e+000  0.000000e+000
    outer loop
      vertex  4.000000e+000  8.659820e+000 -4.496157e+001
      vertex  4.000000e+000  9.815367e+000 -4.484776e+001
      vertex  4.000000e+000  8.284633e+000 -4.484776e+001
    endloop
  endfacet
  facet normal  1.000000e+000  0.000000e+000  0.000000e+000
    outer loop
      vertex  4.000000e+000  8.284633e+000 -4.484776e+001
      vertex  4.000000e+000  9.815367e+000 -4.484776e+001
      vertex  4.000000e+000  1.016114e+001 -4.466294e+001
    endloop
  endfacet
  facet normal  1.000000e+000  0.000000e+000  0.000000e+000
    outer loop
      vertex  4.000000e+000  8.284633e+000 -4.484776e+001
      vertex  4.000000e+000  1.016114e+001 -4.466294e+001
      vertex  4.000000e+000  7.938859e+000 -4.466294e+001
    endloop
  endfacet
  facet normal  1.000000e+000  0.000000e+000  0.000000e+000
    outer loop
      vertex  4.000000e+000  7.938859e+000 -4.466294e+001
      vertex  4.000000e+000  1.016114e+001 -4.466294e+001
      vertex  4.000000e+000  1.046421e+001 -4.441422e+001
    endloop
  endfacet
  facet normal  1.000000e+000  0.000000e+000  0.000000e+000
    outer loop
      vertex  4.000000e+000  7.938859e+000 -4.466294e+001
      vertex  4.000000e+000  1.046421e+001 -4.441422e+001
      vertex  4.000000e+000  7.635787e+000 -4.441422e+001
    endloop
  endfacet
  facet normal  1.000000e+000  0.000000e+000  0.000000e+000
    outer loop
      vertex  4.000000e+000  7.635787e+000 -4.441422e+001
      vertex  4.000000e+000  1.046421e+001 -4.441422e+001
      vertex  4.000000e+000  1.071294e+001 -4.411114e+001
    endloop
  endfacet
  facet normal  1.000000e+000  0.000000e+000  0.000000e+000
    outer loop
      vertex  4.000000e+000  7.635787e+000 -4.441422e+001
      vertex  4.000000e+000  1.071294e+001 -4.411114e+001
      vertex  4.000000e+000  7.387061e+000 -4.411114e+001
    endloop
  endfacet
  facet normal  9.999999e-001  0.000000e+000  0.000000e+000
    outer loop
      vertex  4.000000e+000  7.387061e+000 -4.411114e+001
      vertex  4.000000e+000  1.071294e+001 -4.411114e+001
      vertex  4.000000e+000  1.089776e+001 -4.376537e+001
    endloop
  endfacet
  facet normal  1.000000e+000  0.000000e+000  0.000000e+000
    outer loop
      vertex  4.000000e+000  7.387061e+000 -4.411114e+001
      vertex  4.000000e+000  1.089776e+001 -4.376537e+001
      vertex  4.000000e+000  7.202241e+000 -4.376537e+001
    endloop
  endfacet
  facet normal  1.000000e+000  0.000000e+000  0.000000e+000
    outer loop
      vertex  4.000000e+000  7.202241e+000 -4.376537e+001
      vertex  4.000000e+000  1.089776e+001 -4.376537e+001
      vertex  4.000000e+000  1.101157e+001 -4.339018e+001
    endloop
  endfacet
  facet normal  9.999999e-001  0.000000e+000  0.000000e+000
    outer loop
      vertex  4.000000e+000  7.202241e+000 -4.376537e+001
      vertex  4.000000e+000  1.101157e+001 -4.339018e+001
      vertex  4.000000e+000  7.088429e+000 -4.339018e+001
    endloop
  endfacet
  facet normal  1.000000e+000  0.000000e+000  0.000000e+000
    outer loop
      vertex  4.000000e+000  7.088429e+000 -4.339018e+001
      vertex  4.000000e+000  1.101157e+001 -4.339018e+001
      vertex  4.000000e+000  1.105000e+001 -4.300000e+001
    endloop
  endfacet
  facet normal  1.000000e+000  0.000000e+000  0.000000e+000
    outer loop
      vertex  4.000000e+000  7.088429e+000 -4.339018e+001
      vertex  4.000000e+000  1.105000e+001 -4.300000e+001
      vertex  4.000000e+000  7.050000e+000 -4.300000e+001
    endloop
  endfacet
  facet normal  1.000000e+000  0.000000e+000  0.000000e+000
    outer loop
      vertex  4.000000e+000  7.050000e+000 -4.300000e+001
      vertex  4.000000e+000  1.105000e+001 -4.300000e+001
      vertex  4.000000e+000  1.105000e+001 -3.858974e+001
    endloop
  endfacet
  facet normal  1.000000e+000  0.000000e+000  0.000000e+000
    outer loop
      vertex  4.000000e+000  7.050000e+000 -4.300000e+001
      vertex  4.000000e+000  1.105000e+001 -3.858974e+001
      vertex  4.000000e+000  7.050000e+000 -3.858974e+001
    endloop
  endfacet
  facet normal  1.000000e+000  0.000000e+000  0.000000e+000
    outer loop
      vertex  4.000000e+000  7.050000e+000 -3.858974e+001
      vertex  4.000000e+000  1.105000e+001 -3.858974e+001
      vertex  4.000000e+000  2.474968e+001 -3.749201e+001
    endloop
  endfacet
  facet normal  1.000000e+000  0.000000e+000  0.000000e+000
    outer loop
      vertex  4.000000e+000  7.050000e+000 -3.858974e+001
      vertex  4.000000e+000  2.474968e+001 -3.749201e+001
      vertex  4.000000e+000 -6.649681e+000 -3.749201e+001
    endloop
  endfacet
  facet normal  1.000000e+000  0.000000e+000  0.000000e+000
    outer loop
      vertex  4.000000e+000 -6.649681e+000 -3.749201e+001
      vertex  4.000000e+000  2.474968e+001 -3.749201e+001
      vertex  4.000000e+000  2.518146e+001 -3.741894e+001
    endloop
  endfacet
  facet normal  1.000000e+000  0.000000e+000  0.000000e+000
    outer loop
      vertex  4.000000e+000 -6.649681e+000 -3.749201e+001
      vertex  4.000000e+000  2.518146e+001 -3.741894e+001
      vertex  4.000000e+000 -7.081460e+000 -3.741894e+001
    endloop
  endfacet
  facet normal  1.000000e+000  0.000000e+000  0.000000e+000
    outer loop
      vertex  4.000000e+000 -7.081460e+000 -3.741894e+001
      vertex  4.000000e+000  2.518146e+001 -3.741894e+001
      vertex  4.000000e+000  2.559386e+001 -3.727164e+001
    endloop
  endfacet
  facet normal  1.000000e+000  0.000000e+000  0.000000e+000
    outer loop
      vertex  4.000000e+000 -7.081460e+000 -3.741894e+001
      vertex  4.000000e+000  2.559386e+001 -3.727164e+001
      vertex  4.000000e+000 -7.493865e+000 -3.727164e+001
    endloop
  endfacet
  facet normal  1.000000e+000  0.000000e+000  0.000000e+000
    outer loop
      vertex  4.000000e+000 -7.493865e+000 -3.727164e+001
      vertex  4.000000e+000  2.559386e+001 -3.727164e+001
      vertex  4.000000e+000  2.597424e+001 -3.705464e+001
    endloop
  endfacet
  facet normal  1.000000e+000  0.000000e+000  0.000000e+000
    outer loop
      vertex  4.000000e+000 -7.493865e+000 -3.727164e+001
      vertex  4.000000e+000  2.597424e+001 -3.705464e+001
      vertex  4.000000e+000 -7.874240e+000 -3.705464e+001
    endloop
  endfacet
  facet normal  1.000000e+000  0.000000e+000  0.000000e+000
    outer loop
      vertex  4.000000e+000 -7.874240e+000 -3.705464e+001
      vertex  4.000000e+000  2.597424e+001 -3.705464e+001
      vertex  4.000000e+000  2.631091e+001 -3.677459e+001
    endloop
  endfacet
  facet normal  1.000000e+000  0.000000e+000  0.000000e+000
    outer loop
      vertex  4.000000e+000 -7.874240e+000 -3.705464e+001
      vertex  4.000000e+000  2.631091e+001 -3.677459e+001
      vertex  4.000000e+000 -8.210914e+000 -3.677459e+001
    endloop
  endfacet
  facet normal  9.999999e-001  0.000000e+000  0.000000e+000
    outer loop
      vertex  4.000000e+000 -8.210914e+000 -3.677459e+001
      vertex  4.000000e+000  2.631091e+001 -3.677459e+001
      vertex  4.000000e+000  2.659356e+001 -3.644010e+001
    endloop
  endfacet
  facet normal  9.999999e-001  0.000000e+000  0.000000e+000
    outer loop
      vertex  4.000000e+000 -8.210914e+000 -3.677459e+001
      vertex  4.000000e+000  2.659356e+001 -3.644010e+001
      vertex  4.000000e+000 -8.493555e+000 -3.644010e+001
    endloop
  endfacet
  facet normal  1.000000e+000  0.000000e+000  0.000000e+000
    outer loop
      vertex  4.000000e+000 -8.493555e+000 -3.644010e+001
      vertex  4.000000e+000  2.659356e+001 -3.644010e+001
      vertex  4.000000e+000  2.681349e+001 -3.606141e+001
    endloop
  endfacet
  facet normal  9.999999e-001  0.000000e+000  0.000000e+000
    outer loop
      vertex  4.000000e+000 -8.493555e+000 -3.644010e+001
      vertex  4.000000e+000  2.681349e+001 -3.606141e+001
      vertex  4.000000e+000 -8.713493e+000 -3.606141e+001
    endloop
  endfacet
  facet normal  1.000000e+000  0.000000e+000  0.000000e+000
    outer loop
      vertex  4.000000e+000 -8.713493e+000 -3.606141e+001
      vertex  4.000000e+000  2.681349e+001 -3.606141e+001
      vertex  4.000000e+000  2.696398e+001 -3.565016e+001
    endloop
  endfacet
  facet normal  1.000000e+000  0.000000e+000  0.000000e+000
    outer loop
      vertex  4.000000e+000 -8.713493e+000 -3.606141e+001
      vertex  4.000000e+000  2.696398e+001 -3.565016e+001
      vertex  4.000000e+000 -8.863978e+000 -3.565016e+001
    endloop
  endfacet
  facet normal  1.000000e+000  0.000000e+000  0.000000e+000
    outer loop
      vertex  4.000000e+000 -8.863978e+000 -3.565016e+001
      vertex  4.000000e+000  2.696398e+001 -3.565016e+001
      vertex  4.000000e+000  2.704039e+001 -3.521896e+001
    endloop
  endfacet
  facet normal  9.999999e-001  0.000000e+000  0.000000e+000
    outer loop
      vertex  4.000000e+000 -8.863978e+000 -3.565016e+001
      vertex  4.000000e+000  2.704039e+001 -3.521896e+001
      vertex  4.000000e+000 -8.940392e+000 -3.521896e+001
    endloop
  endfacet
  facet normal  9.999999e-001  0.000000e+000  0.000000e+000
    outer loop
      vertex  4.000000e+000 -8.940392e+000 -3.521896e+001
      vertex  4.000000e+000  2.704039e+001 -3.521896e+001
      vertex  4.000000e+000  2.704039e+001 -3.478104e+001
    endloop
  endfacet
  facet normal  9.999999e-001  0.000000e+000  0.000000e+000
    outer loop
      vertex  4.000000e+000 -8.940392e+000 -3.521896e+001
      vertex  4.000000e+000  2.704039e+001 -3.478104e+001
      vertex  4.000000e+000 -8.940392e+000 -3.478104e+001
    endloop
  endfacet
  facet normal  9.999999e-001  0.000000e+000  0.000000e+000
    outer loop
      vertex  4.000000e+000 -8.940392e+000 -3.478104e+001
      vertex  4.000000e+000  2.704039e+001 -3.478104e+001
      vertex  4.000000e+000  2.696398e+001 -3.434984e+001
    endloop
  endfacet
  facet normal  1.000000e+000  0.000000e+000  0.000000e+000
    outer loop
      vertex  4.000000e+000 -8.940392e+000 -3.478104e+001
      vertex  4.000000e+000  2.696398e+001 -3.434984e+001
      vertex  4.000000e+000 -8.863978e+000 -3.434984e+001
    endloop
  endfacet
  facet normal  1.000000e+000  0.000000e+000  0.000000e+000
    outer loop
      vertex  4.000000e+000 -8.863978e+000 -3.434984e+001
      vertex  4.000000e+000  2.696398e+001 -3.434984e+001
      vertex  4.000000e+000  2.681349e+001 -3.393859e+001
    endloop
  endfacet
  facet normal  1.000000e+000  0.000000e+000  0.000000e+000
    outer loop
      vertex  4.000000e+000 -8.863978e+000 -3.434984e+001
      vertex  4.000000e+000  2.681349e+001 -3.393859e+001
      vertex  4.000000e+000 -8.713493e+000 -3.393859e+001
    endloop
  endfacet
  facet normal  9.999999e-001  0.000000e+000  0.000000e+000
    outer loop
      vertex  4.000000e+000 -8.713493e+000 -3.393859e+001
      vertex  4.000000e+000  2.681349e+001 -3.393859e+001
      vertex  4.000000e+000  2.659356e+001 -3.355990e+001
    endloop
  endfacet
  facet normal  1.000000e+000  0.000000e+000  0.000000e+000
    outer loop
      vertex  4.000000e+000 -8.713493e+000 -3.393859e+001
      vertex  4.000000e+000  2.659356e+001 -3.355990e+001
      vertex  4.000000e+000 -8.493555e+000 -3.355990e+001
    endloop
  endfacet
  facet normal  9.999999e-001  0.000000e+000  0.000000e+000
    outer loop
      vertex  4.000000e+000 -8.493555e+000 -3.355990e+001
      vertex  4.000000e+000  2.659356e+001 -3.355990e+001
      vertex  4.000000e+000  2.631091e+001 -3.322541e+001
    endloop
  endfacet
  facet normal  9.999999e-001  0.000000e+000  0.000000e+000
    outer loop
      vertex  4.000000e+000 -8.493555e+000 -3.355990e+001
      vertex  4.000000e+000  2.631091e+001 -3.322541e+001
      vertex  4.000000e+000 -8.210914e+000 -3.322541e+001
    endloop
  endfacet
  facet normal  1.000000e+000  0.000000e+000  0.000000e+000
    outer loop
      vertex  4.000000e+000 -8.210914e+000 -3.322541e+001
      vertex  4.000000e+000  2.631091e+001 -3.322541e+001
      vertex  4.000000e+000  2.597424e+001 -3.294536e+001
    endloop
  endfacet
  facet normal  1.000000e+000  0.000000e+000  0.000000e+000
    outer loop
      vertex  4.000000e+000 -8.210914e+000 -3.322541e+001
      vertex  4.000000e+000  2.597424e+001 -3.294536e+001
      vertex  4.000000e+000 -7.874240e+000 -3.294536e+001
    endloop
  endfacet
  facet normal  1.000000e+000  0.000000e+000  0.000000e+000
    outer loop
      vertex  4.000000e+000 -7.874240e+000 -3.294536e+001
      vertex  4.000000e+000  2.597424e+001 -3.294536e+001
      vertex  4.000000e+000  2.559386e+001 -3.272836e+001
    endloop
  endfacet
  facet normal  1.000000e+000  0.000000e+000  0.000000e+000
    outer loop
      vertex  4.000000e+000 -7.874240e+000 -3.294536e+001
      vertex  4.000000e+000  2.559386e+001 -3.272836e+001
      vertex  4.000000e+000 -7.493865e+000 -3.272836e+001
    endloop
  endfacet
  facet normal  1.000000e+000  0.000000e+000  0.000000e+000
    outer loop
      vertex  4.000000e+000 -7.493865e+000 -3.272836e+001
      vertex  4.000000e+000  2.559386e+001 -3.272836e+001
      vertex  4.000000e+000  2.518146e+001 -3.258106e+001
    endloop
  endfacet
  facet normal  1.000000e+000  0.000000e+000  0.000000e+000
    outer loop
      vertex  4.000000e+000 -7.493865e+000 -3.272836e+001
      vertex  4.000000e+000  2.518146e+001 -3.258106e+001
      vertex  4.000000e+000 -7.081460e+000 -3.258106e+001
    endloop
  endfacet
  facet normal  1.000000e+000  0.000000e+000  0.000000e+000
    outer loop
      vertex  4.000000e+000 -7.081460e+000 -3.258106e+001
      vertex  4.000000e+000  2.518146e+001 -3.258106e+001
      vertex  4.000000e+000  2.474968e+001 -3.250799e+001
    endloop
  endfacet
  facet normal  1.000000e+000  0.000000e+000  0.000000e+000
    outer loop
      vertex  4.000000e+000 -7.081460e+000 -3.258106e+001
      vertex  4.000000e+000  2.474968e+001 -3.250799e+001
      vertex  4.000000e+000 -6.649681e+000 -3.250799e+001
    endloop
  endfacet
  facet normal  1.000000e+000  0.000000e+000  0.000000e+000
    outer loop
      vertex  4.000000e+000 -6.649681e+000 -3.250799e+001
      vertex  4.000000e+000  2.474968e+001 -3.250799e+001
      vertex  4.000000e+000  1.105000e+001 -3.141026e+001
    endloop
  endfacet
  facet normal  1.000000e+000  0.000000e+000  0.000000e+000
    outer loop
      vertex  4.000000e+000 -6.649681e+000 -3.250799e+001
      vertex  4.000000e+000  1.105000e+001 -3.141026e+001
      vertex  4.000000e+000  7.050000e+000 -3.141026e+001
    endloop
  endfacet
  facet normal  1.000000e+000  0.000000e+000  0.000000e+000
    outer loop
      vertex  4.000000e+000  7.050000e+000 -3.141026e+001
      vertex  4.000000e+000  1.105000e+001 -3.141026e+001
      vertex  4.000000e+000  1.105000e+001 -2.700000e+001
    endloop
  endfacet
  facet normal  1.000000e+000  0.000000e+000  0.000000e+000
    outer loop
      vertex  4.000000e+000  7.050000e+000 -3.141026e+001
      vertex  4.000000e+000  1.105000e+001 -2.700000e+001
      vertex  4.000000e+000  7.050000e+000 -2.700000e+001
    endloop
  endfacet
  facet normal  1.000000e+000  0.000000e+000  0.000000e+000
    outer loop
      vertex  4.000000e+000  7.050000e+000 -2.700000e+001
      vertex  4.000000e+000  1.105000e+001 -2.700000e+001
      vertex  4.000000e+000  1.101157e+001 -2.660982e+001
    endloop
  endfacet
  facet normal  1.000000e+000  0.000000e+000  0.000000e+000
    outer loop
      vertex  4.000000e+000  7.050000e+000 -2.700000e+001
      vertex  4.000000e+000  1.101157e+001 -2.660982e+001
      vertex  4.000000e+000  7.088429e+000 -2.660982e+001
    endloop
  endfacet
  facet normal  1.000000e+000  0.000000e+000  0.000000e+000
    outer loop
      vertex  4.000000e+000  7.088429e+000 -2.660982e+001
      vertex  4.000000e+000  1.101157e+001 -2.660982e+001
      vertex  4.000000e+000  1.089776e+001 -2.623463e+001
    endloop
  endfacet
  facet normal  1.000000e+000  0.000000e+000  0.000000e+000
    outer loop
      vertex  4.000000e+000  7.088429e+000 -2.660982e+001
      vertex  4.000000e+000  1.089776e+001 -2.623463e+001
      vertex  4.000000e+000  7.202241e+000 -2.623463e+001
    endloop
  endfacet
  facet normal  9.999999e-001  0.000000e+000  0.000000e+000
    outer loop
      vertex  4.000000e+000  7.202241e+000 -2.623463e+001
      vertex  4.000000e+000  1.089776e+001 -2.623463e+001
      vertex  4.000000e+000  1.071294e+001 -2.588886e+001
    endloop
  endfacet
  facet normal  1.000000e+000  0.000000e+000  0.000000e+000
    outer loop
      vertex  4.000000e+000  7.202241e+000 -2.623463e+001
      vertex  4.000000e+000  1.071294e+001 -2.588886e+001
      vertex  4.000000e+000  7.387061e+000 -2.588886e+001
    endloop
  endfacet
  facet normal  1.000000e+000  0.000000e+000  0.000000e+000
    outer loop
      vertex  4.000000e+000  7.387061e+000 -2.588886e+001
      vertex  4.000000e+000  1.071294e+001 -2.588886e+001
      vertex  4.000000e+000  1.046421e+001 -2.558579e+001
    endloop
  endfacet
  facet normal  1.000000e+000  0.000000e+000  0.000000e+000
    outer loop
      vertex  4.000000e+000  7.387061e+000 -2.588886e+001
      vertex  4.000000e+000  1.046421e+001 -2.558579e+001
      vertex  4.000000e+000  7.635787e+000 -2.558579e+001
    endloop
  endfacet
  facet normal  1.000000e+000  0.000000e+000  0.000000e+000
    outer loop
      vertex  4.000000e+000  7.635787e+000 -2.558579e+001
      vertex  4.000000e+000  1.046421e+001 -2.558579e+001
      vertex  4.000000e+000  1.016114e+001 -2.533706e+001
    endloop
  endfacet
  facet normal  1.000000e+000  0.000000e+000  0.000000e+000
    outer loop
      vertex  4.000000e+000  7.635787e+000 -2.558579e+001
      vertex  4.000000e+000  1.016114e+001 -2.533706e+001
      vertex  4.000000e+000  7.938859e+000 -2.533706e+001
    endloop
  endfacet
  facet normal  1.000000e+000  0.000000e+000  0.000000e+000
    outer loop
      vertex  4.000000e+000  7.938859e+000 -2.533706e+001
      vertex  4.000000e+000  1.016114e+001 -2.533706e+001
      vertex  4.000000e+000  9.815367e+000 -2.515224e+001
    endloop
  endfacet
  facet normal  9.999999e-001  0.000000e+000  0.000000e+000
    outer loop
      vertex  4.000000e+000  7.938859e+000 -2.533706e+001
      vertex  4.000000e+000  9.815367e+000 -2.515224e+001
      vertex  4.000000e+000  8.284633e+000 -2.515224e+001
    endloop
  endfacet
  facet normal  1.000000e+000  0.000000e+000  0.000000e+000
    outer loop
      vertex  4.000000e+000  8.284633e+000 -2.515224e+001
      vertex  4.000000e+000  9.815367e+000 -2.515224e+001
      vertex  4.000000e+000  9.440181e+000 -2.503843e+001
    endloop
  endfacet
  facet normal  1.000000e+000  0.000000e+000  0.000000e+000
    outer loop
      vertex  4.000000e+000  8.284633e+000 -2.515224e+001
      vertex  4.000000e+000  9.440181e+000 -2.503843e+001
      vertex  4.000000e+000  8.659820e+000 -2.503843e+001
    endloop
  endfacet
  facet normal  0.000000e+000  9.846584e-001  1.744932e-001
    outer loop
      vertex  4.000000e+000 -8.940392e+000 -3.521896e+001
      vertex  1.500000e+001 -8.863978e+000 -3.565016e+001
      vertex  4.000000e+000 -8.863978e+000 -3.565016e+001
    endloop
  endfacet
  facet normal  -0.000000e+000  9.391027e-001  3.436366e-001
    outer loop
      vertex  4.000000e+000 -8.863978e+000 -3.565016e+001
      vertex  1.500000e+001 -8.863978e+000 -3.565016e+001
      vertex  1.500000e+001 -8.713493e+000 -3.606141e+001
    endloop
  endfacet
  facet normal  0.000000e+000  9.391027e-001  3.436366e-001
    outer loop
      vertex  4.000000e+000 -8.863978e+000 -3.565016e+001
      vertex  1.500000e+001 -8.713493e+000 -3.606141e+001
      vertex  4.000000e+000 -8.713493e+000 -3.606141e+001
    endloop
  endfacet
  facet normal  -0.000000e+000  8.647327e-001  5.022323e-001
    outer loop
      vertex  4.000000e+000 -8.713493e+000 -3.606141e+001
      vertex  1.500000e+001 -8.713493e+000 -3.606141e+001
      vertex  1.500000e+001 -8.493555e+000 -3.644010e+001
    endloop
  endfacet
  facet normal  0.000000e+000  8.647327e-001  5.022323e-001
    outer loop
      vertex  4.000000e+000 -8.713493e+000 -3.606141e+001
      vertex  1.500000e+001 -8.493555e+000 -3.644010e+001
      vertex  4.000000e+000 -8.493555e+000 -3.644010e+001
    endloop
  endfacet
  facet normal  -0.000000e+000  7.638289e-001  6.454188e-001
    outer loop
      vertex  4.000000e+000 -8.493555e+000 -3.644010e+001
      vertex  1.500000e+001 -8.493555e+000 -3.644010e+001
      vertex  1.500000e+001 -8.210914e+000 -3.677459e+001
    endloop
  endfacet
  facet normal  0.000000e+000  7.638289e-001  6.454188e-001
    outer loop
      vertex  4.000000e+000 -8.493555e+000 -3.644010e+001
      vertex  1.500000e+001 -8.210914e+000 -3.677459e+001
      vertex  4.000000e+000 -8.210914e+000 -3.677459e+001
    endloop
  endfacet
  facet normal  -0.000000e+000  6.394875e-001  7.688015e-001
    outer loop
      vertex  4.000000e+000 -8.210914e+000 -3.677459e+001
      vertex  1.500000e+001 -8.210914e+000 -3.677459e+001
      vertex  1.500000e+001 -7.874240e+000 -3.705464e+001
    endloop
  endfacet
  facet normal  0.000000e+000  6.394875e-001  7.688015e-001
    outer loop
      vertex  4.000000e+000 -8.210914e+000 -3.677459e+001
      vertex  1.500000e+001 -7.874240e+000 -3.705464e+001
      vertex  4.000000e+000 -7.874240e+000 -3.705464e+001
    endloop
  endfacet
  facet normal  -0.000000e+000  4.955291e-001  8.685914e-001
    outer loop
      vertex  4.000000e+000 -7.874240e+000 -3.705464e+001
      vertex  1.500000e+001 -7.874240e+000 -3.705464e+001
      vertex  1.500000e+001 -7.493865e+000 -3.727164e+001
    endloop
  endfacet
  facet normal  0.000000e+000  4.955291e-001  8.685914e-001
    outer loop
      vertex  4.000000e+000 -7.874240e+000 -3.705464e+001
      vertex  1.500000e+001 -7.493865e+000 -3.727164e+001
      vertex  4.000000e+000 -7.493865e+000 -3.727164e+001
    endloop
  endfacet
  facet normal  -0.000000e+000  3.363558e-001  9.417350e-001
    outer loop
      vertex  4.000000e+000 -7.493865e+000 -3.727164e+001
      vertex  1.500000e+001 -7.493865e+000 -3.727164e+001
      vertex  1.500000e+001 -7.081460e+000 -3.741894e+001
    endloop
  endfacet
  facet normal  0.000000e+000  3.363558e-001  9.417350e-001
    outer loop
      vertex  4.000000e+000 -7.493865e+000 -3.727164e+001
      vertex  1.500000e+001 -7.081460e+000 -3.741894e+001
      vertex  4.000000e+000 -7.081460e+000 -3.741894e+001
    endloop
  endfacet
  facet normal  -0.000000e+000  1.668670e-001  9.859794e-001
    outer loop
      vertex  4.000000e+000 -7.081460e+000 -3.741894e+001
      vertex  1.500000e+001 -7.081460e+000 -3.741894e+001
      vertex  1.500000e+001 -6.649681e+000 -3.749201e+001
    endloop
  endfacet
  facet normal  0.000000e+000  1.668670e-001  9.859794e-001
    outer loop
      vertex  4.000000e+000 -7.081460e+000 -3.741894e+001
      vertex  1.500000e+001 -6.649681e+000 -3.749201e+001
      vertex  4.000000e+000 -6.649681e+000 -3.749201e+001
    endloop
  endfacet
  facet normal  -0.000000e+000  9.846584e-001  1.744932e-001
    outer loop
      vertex  1.500000e+001 -8.863978e+000 -3.565016e+001
      vertex  4.000000e+000 -8.940392e+000 -3.521896e+001
      vertex  1.500000e+001 -8.940392e+000 -3.521896e+001
    endloop
  endfacet
  facet normal  0.000000e+000  1.000000e+000  0.000000e+000
    outer loop
      vertex  1.500000e+001 -8.940392e+000 -3.521896e+001
      vertex  4.000000e+000 -8.940392e+000 -3.521896e+001
      vertex  4.000000e+000 -8.940392e+000 -3.478104e+001
    endloop
  endfacet
  facet normal  -0.000000e+000  1.000000e+000  0.000000e+000
    outer loop
      vertex  1.500000e+001 -8.940392e+000 -3.521896e+001
      vertex  4.000000e+000 -8.940392e+000 -3.478104e+001
      vertex  1.500000e+001 -8.940392e+000 -3.478104e+001
    endloop
  endfacet
  facet normal  0.000000e+000  9.846584e-001 -1.744932e-001
    outer loop
      vertex  1.500000e+001 -8.940392e+000 -3.478104e+001
      vertex  4.000000e+000 -8.940392e+000 -3.478104e+001
      vertex  4.000000e+000 -8.863978e+000 -3.434984e+001
    endloop
  endfacet
  facet normal  0.000000e+000  9.846584e-001 -1.744932e-001
    outer loop
      vertex  1.500000e+001 -8.940392e+000 -3.478104e+001
      vertex  4.000000e+000 -8.863978e+000 -3.434984e+001
      vertex  1.500000e+001 -8.863978e+000 -3.434984e+001
    endloop
  endfacet
  facet normal  0.000000e+000  9.391027e-001 -3.436366e-001
    outer loop
      vertex  1.500000e+001 -8.863978e+000 -3.434984e+001
      vertex  4.000000e+000 -8.863978e+000 -3.434984e+001
      vertex  4.000000e+000 -8.713493e+000 -3.393859e+001
    endloop
  endfacet
  facet normal  0.000000e+000  9.391027e-001 -3.436366e-001
    outer loop
      vertex  1.500000e+001 -8.863978e+000 -3.434984e+001
      vertex  4.000000e+000 -8.713493e+000 -3.393859e+001
      vertex  1.500000e+001 -8.713493e+000 -3.393859e+001
    endloop
  endfacet
  facet normal  0.000000e+000  8.647327e-001 -5.022323e-001
    outer loop
      vertex  1.500000e+001 -8.713493e+000 -3.393859e+001
      vertex  4.000000e+000 -8.713493e+000 -3.393859e+001
      vertex  4.000000e+000 -8.493555e+000 -3.355990e+001
    endloop
  endfacet
  facet normal  0.000000e+000  8.647327e-001 -5.022323e-001
    outer loop
      vertex  1.500000e+001 -8.713493e+000 -3.393859e+001
      vertex  4.000000e+000 -8.493555e+000 -3.355990e+001
      vertex  1.500000e+001 -8.493555e+000 -3.355990e+001
    endloop
  endfacet
  facet normal  0.000000e+000  7.638289e-001 -6.454188e-001
    outer loop
      vertex  1.500000e+001 -8.493555e+000 -3.355990e+001
      vertex  4.000000e+000 -8.493555e+000 -3.355990e+001
      vertex  4.000000e+000 -8.210914e+000 -3.322541e+001
    endloop
  endfacet
  facet normal  0.000000e+000  7.638289e-001 -6.454188e-001
    outer loop
      vertex  1.500000e+001 -8.493555e+000 -3.355990e+001
      vertex  4.000000e+000 -8.210914e+000 -3.322541e+001
      vertex  1.500000e+001 -8.210914e+000 -3.322541e+001
    endloop
  endfacet
  facet normal  0.000000e+000  6.394875e-001 -7.688015e-001
    outer loop
      vertex  1.500000e+001 -8.210914e+000 -3.322541e+001
      vertex  4.000000e+000 -8.210914e+000 -3.322541e+001
      vertex  4.000000e+000 -7.874240e+000 -3.294536e+001
    endloop
  endfacet
  facet normal  0.000000e+000  6.394875e-001 -7.688015e-001
    outer loop
      vertex  1.500000e+001 -8.210914e+000 -3.322541e+001
      vertex  4.000000e+000 -7.874240e+000 -3.294536e+001
      vertex  1.500000e+001 -7.874240e+000 -3.294536e+001
    endloop
  endfacet
  facet normal  0.000000e+000  4.955291e-001 -8.685914e-001
    outer loop
      vertex  1.500000e+001 -7.874240e+000 -3.294536e+001
      vertex  4.000000e+000 -7.874240e+000 -3.294536e+001
      vertex  4.000000e+000 -7.493865e+000 -3.272836e+001
    endloop
  endfacet
  facet normal  0.000000e+000  4.955291e-001 -8.685914e-001
    outer loop
      vertex  1.500000e+001 -7.874240e+000 -3.294536e+001
      vertex  4.000000e+000 -7.493865e+000 -3.272836e+001
      vertex  1.500000e+001 -7.493865e+000 -3.272836e+001
    endloop
  endfacet
  facet normal  0.000000e+000  3.363558e-001 -9.417350e-001
    outer loop
      vertex  1.500000e+001 -7.493865e+000 -3.272836e+001
      vertex  4.000000e+000 -7.493865e+000 -3.272836e+001
      vertex  4.000000e+000 -7.081460e+000 -3.258106e+001
    endloop
  endfacet
  facet normal  0.000000e+000  3.363558e-001 -9.417350e-001
    outer loop
      vertex  1.500000e+001 -7.493865e+000 -3.272836e+001
      vertex  4.000000e+000 -7.081460e+000 -3.258106e+001
      vertex  1.500000e+001 -7.081460e+000 -3.258106e+001
    endloop
  endfacet
  facet normal  0.000000e+000  1.668670e-001 -9.859794e-001
    outer loop
      vertex  1.500000e+001 -7.081460e+000 -3.258106e+001
      vertex  4.000000e+000 -7.081460e+000 -3.258106e+001
      vertex  4.000000e+000 -6.649681e+000 -3.250799e+001
    endloop
  endfacet
  facet normal  0.000000e+000  1.668670e-001 -9.859794e-001
    outer loop
      vertex  1.500000e+001 -7.081460e+000 -3.258106e+001
      vertex  4.000000e+000 -6.649681e+000 -3.250799e+001
      vertex  1.500000e+001 -6.649681e+000 -3.250799e+001
    endloop
  endfacet
  facet normal  0.000000e+000  7.987233e-002  9.968051e-001
    outer loop
      vertex  4.000000e+000 -6.649681e+000 -3.749201e+001
      vertex  1.500000e+001 -6.649681e+000 -3.749201e+001
      vertex  4.000000e+000  7.050000e+000 -3.858974e+001
    endloop
  endfacet
  facet normal  -0.000000e+000  7.987233e-002  9.968051e-001
    outer loop
      vertex  4.000000e+000  7.050000e+000 -3.858974e+001
      vertex  1.500000e+001 -6.649681e+000 -3.749201e+001
      vertex  1.500000e+001  7.050000e+000 -3.858974e+001
    endloop
  endfacet
  facet normal  0.000000e+000  9.999999e-001  0.000000e+000
    outer loop
      vertex  4.000000e+000  7.050000e+000 -4.300000e+001
      vertex  4.000000e+000  7.050000e+000 -3.858974e+001
      vertex  1.500000e+001  7.050000e+000 -4.300000e+001
    endloop
  endfacet
  facet normal  0.000000e+000  9.999999e-001  -0.000000e+000
    outer loop
      vertex  1.500000e+001  7.050000e+000 -4.300000e+001
      vertex  4.000000e+000  7.050000e+000 -3.858974e+001
      vertex  1.500000e+001  7.050000e+000 -3.858974e+001
    endloop
  endfacet
  facet normal  0.000000e+000 -9.801671e-002  9.951848e-001
    outer loop
      vertex  4.000000e+000  9.050000e+000 -4.500000e+001
      vertex  1.500000e+001  9.440181e+000 -4.496157e+001
      vertex  4.000000e+000  9.440181e+000 -4.496157e+001
    endloop
  endfacet
  facet normal  0.000000e+000 -2.902849e-001  9.569404e-001
    outer loop
      vertex  4.000000e+000  9.440181e+000 -4.496157e+001
      vertex  1.500000e+001  9.440181e+000 -4.496157e+001
      vertex  1.500000e+001  9.815367e+000 -4.484776e+001
    endloop
  endfacet
  facet normal  0.000000e+000 -2.902849e-001  9.569404e-001
    outer loop
      vertex  4.000000e+000  9.440181e+000 -4.496157e+001
      vertex  1.500000e+001  9.815367e+000 -4.484776e+001
      vertex  4.000000e+000  9.815367e+000 -4.484776e+001
    endloop
  endfacet
  facet normal  0.000000e+000 -4.713935e-001  8.819230e-001
    outer loop
      vertex  4.000000e+000  9.815367e+000 -4.484776e+001
      vertex  1.500000e+001  9.815367e+000 -4.484776e+001
      vertex  1.500000e+001  1.016114e+001 -4.466294e+001
    endloop
  endfacet
  facet normal  0.000000e+000 -4.713935e-001  8.819230e-001
    outer loop
      vertex  4.000000e+000  9.815367e+000 -4.484776e+001
      vertex  1.500000e+001  1.016114e+001 -4.466294e+001
      vertex  4.000000e+000  1.016114e+001 -4.466294e+001
    endloop
  endfacet
  facet normal  0.000000e+000 -6.343939e-001  7.730101e-001
    outer loop
      vertex  4.000000e+000  1.016114e+001 -4.466294e+001
      vertex  1.500000e+001  1.016114e+001 -4.466294e+001
      vertex  1.500000e+001  1.046421e+001 -4.441422e+001
    endloop
  endfacet
  facet normal  0.000000e+000 -6.343939e-001  7.730101e-001
    outer loop
      vertex  4.000000e+000  1.016114e+001 -4.466294e+001
      vertex  1.500000e+001  1.046421e+001 -4.441422e+001
      vertex  4.000000e+000  1.046421e+001 -4.441422e+001
    endloop
  endfacet
  facet normal  0.000000e+000 -7.730110e-001  6.343927e-001
    outer loop
      vertex  4.000000e+000  1.046421e+001 -4.441422e+001
      vertex  1.500000e+001  1.046421e+001 -4.441422e+001
      vertex  1.500000e+001  1.071294e+001 -4.411114e+001
    endloop
  endfacet
  facet normal  0.000000e+000 -7.730110e-001  6.343927e-001
    outer loop
      vertex  4.000000e+000  1.046421e+001 -4.441422e+001
      vertex  1.500000e+001  1.071294e+001 -4.411114e+001
      vertex  4.000000e+000  1.071294e+001 -4.411114e+001
    endloop
  endfacet
  facet normal  0.000000e+000 -8.819221e-001  4.713953e-001
    outer loop
      vertex  4.000000e+000  1.071294e+001 -4.411114e+001
      vertex  1.500000e+001  1.071294e+001 -4.411114e+001
      vertex  1.500000e+001  1.089776e+001 -4.376537e+001
    endloop
  endfacet
  facet normal  0.000000e+000 -8.819221e-001  4.713953e-001
    outer loop
      vertex  4.000000e+000  1.071294e+001 -4.411114e+001
      vertex  1.500000e+001  1.089776e+001 -4.376537e+001
      vertex  4.000000e+000  1.089776e+001 -4.376537e+001
    endloop
  endfacet
  facet normal  0.000000e+000 -9.569397e-001  2.902869e-001
    outer loop
      vertex  4.000000e+000  1.089776e+001 -4.376537e+001
      vertex  1.500000e+001  1.089776e+001 -4.376537e+001
      vertex  1.500000e+001  1.101157e+001 -4.339018e+001
    endloop
  endfacet
  facet normal  0.000000e+000 -9.569397e-001  2.902869e-001
    outer loop
      vertex  4.000000e+000  1.089776e+001 -4.376537e+001
      vertex  1.500000e+001  1.101157e+001 -4.339018e+001
      vertex  4.000000e+000  1.101157e+001 -4.339018e+001
    endloop
  endfacet
  facet normal  0.000000e+000 -9.951848e-001  9.801622e-002
    outer loop
      vertex  4.000000e+000  1.101157e+001 -4.339018e+001
      vertex  1.500000e+001  1.101157e+001 -4.339018e+001
      vertex  1.500000e+001  1.105000e+001 -4.300000e+001
    endloop
  endfacet
  facet normal  0.000000e+000 -9.951848e-001  9.801622e-002
    outer loop
      vertex  4.000000e+000  1.101157e+001 -4.339018e+001
      vertex  1.500000e+001  1.105000e+001 -4.300000e+001
      vertex  4.000000e+000  1.105000e+001 -4.300000e+001
    endloop
  endfacet
  facet normal  0.000000e+000 -9.801671e-002  9.951848e-001
    outer loop
      vertex  1.500000e+001  9.440181e+000 -4.496157e+001
      vertex  4.000000e+000  9.050000e+000 -4.500000e+001
      vertex  1.500000e+001  9.050000e+000 -4.500000e+001
    endloop
  endfacet
  facet normal  0.000000e+000  9.801671e-002  9.951848e-001
    outer loop
      vertex  1.500000e+001  9.050000e+000 -4.500000e+001
      vertex  4.000000e+000  9.050000e+000 -4.500000e+001
      vertex  4.000000e+000  8.659820e+000 -4.496157e+001
    endloop
  endfacet
  facet normal  -0.000000e+000  9.801671e-002  9.951848e-001
    outer loop
      vertex  1.500000e+001  9.050000e+000 -4.500000e+001
      vertex  4.000000e+000  8.659820e+000 -4.496157e+001
      vertex  1.500000e+001  8.659820e+000 -4.496157e+001
    endloop
  endfacet
  facet normal  0.000000e+000  2.902842e-001  9.569404e-001
    outer loop
      vertex  1.500000e+001  8.659820e+000 -4.496157e+001
      vertex  4.000000e+000  8.659820e+000 -4.496157e+001
      vertex  4.000000e+000  8.284633e+000 -4.484776e+001
    endloop
  endfacet
  facet normal  -0.000000e+000  2.902842e-001  9.569404e-001
    outer loop
      vertex  1.500000e+001  8.659820e+000 -4.496157e+001
      vertex  4.000000e+000  8.284633e+000 -4.484776e+001
      vertex  1.500000e+001  8.284633e+000 -4.484776e+001
    endloop
  endfacet
  facet normal  0.000000e+000  4.713940e-001  8.819228e-001
    outer loop
      vertex  1.500000e+001  8.284633e+000 -4.484776e+001
      vertex  4.000000e+000  8.284633e+000 -4.484776e+001
      vertex  4.000000e+000  7.938859e+000 -4.466294e+001
    endloop
  endfacet
  facet normal  -0.000000e+000  4.713940e-001  8.819228e-001
    outer loop
      vertex  1.500000e+001  8.284633e+000 -4.484776e+001
      vertex  4.000000e+000  7.938859e+000 -4.466294e+001
      vertex  1.500000e+001  7.938859e+000 -4.466294e+001
    endloop
  endfacet
  facet normal  0.000000e+000  6.343939e-001  7.730101e-001
    outer loop
      vertex  1.500000e+001  7.938859e+000 -4.466294e+001
      vertex  4.000000e+000  7.938859e+000 -4.466294e+001
      vertex  4.000000e+000  7.635787e+000 -4.441422e+001
    endloop
  endfacet
  facet normal  -0.000000e+000  6.343939e-001  7.730101e-001
    outer loop
      vertex  1.500000e+001  7.938859e+000 -4.466294e+001
      vertex  4.000000e+000  7.635787e+000 -4.441422e+001
      vertex  1.500000e+001  7.635787e+000 -4.441422e+001
    endloop
  endfacet
  facet normal  0.000000e+000  7.730110e-001  6.343927e-001
    outer loop
      vertex  1.500000e+001  7.635787e+000 -4.441422e+001
      vertex  4.000000e+000  7.635787e+000 -4.441422e+001
      vertex  4.000000e+000  7.387061e+000 -4.411114e+001
    endloop
  endfacet
  facet normal  -0.000000e+000  7.730110e-001  6.343927e-001
    outer loop
      vertex  1.500000e+001  7.635787e+000 -4.441422e+001
      vertex  4.000000e+000  7.387061e+000 -4.411114e+001
      vertex  1.500000e+001  7.387061e+000 -4.411114e+001
    endloop
  endfacet
  facet normal  0.000000e+000  8.819226e-001  4.713944e-001
    outer loop
      vertex  1.500000e+001  7.387061e+000 -4.411114e+001
      vertex  4.000000e+000  7.387061e+000 -4.411114e+001
      vertex  4.000000e+000  7.202241e+000 -4.376537e+001
    endloop
  endfacet
  facet normal  -0.000000e+000  8.819226e-001  4.713944e-001
    outer loop
      vertex  1.500000e+001  7.387061e+000 -4.411114e+001
      vertex  4.000000e+000  7.202241e+000 -4.376537e+001
      vertex  1.500000e+001  7.202241e+000 -4.376537e+001
    endloop
  endfacet
  facet normal  0.000000e+000  9.569397e-001  2.902869e-001
    outer loop
      vertex  1.500000e+001  7.202241e+000 -4.376537e+001
      vertex  4.000000e+000  7.202241e+000 -4.376537e+001
      vertex  4.000000e+000  7.088429e+000 -4.339018e+001
    endloop
  endfacet
  facet normal  -0.000000e+000  9.569397e-001  2.902869e-001
    outer loop
      vertex  1.500000e+001  7.202241e+000 -4.376537e+001
      vertex  4.000000e+000  7.088429e+000 -4.339018e+001
      vertex  1.500000e+001  7.088429e+000 -4.339018e+001
    endloop
  endfacet
  facet normal  0.000000e+000  9.951848e-001  9.801622e-002
    outer loop
      vertex  1.500000e+001  7.088429e+000 -4.339018e+001
      vertex  4.000000e+000  7.088429e+000 -4.339018e+001
      vertex  4.000000e+000  7.050000e+000 -4.300000e+001
    endloop
  endfacet
  facet normal  -0.000000e+000  9.951848e-001  9.801622e-002
    outer loop
      vertex  1.500000e+001  7.088429e+000 -4.339018e+001
      vertex  4.000000e+000  7.050000e+000 -4.300000e+001
      vertex  1.500000e+001  7.050000e+000 -4.300000e+001
    endloop
  endfacet
  facet normal  0.000000e+000 -9.999999e-001  0.000000e+000
    outer loop
      vertex  4.000000e+000  1.105000e+001 -3.858974e+001
      vertex  4.000000e+000  1.105000e+001 -4.300000e+001
      vertex  1.500000e+001  1.105000e+001 -3.858974e+001
    endloop
  endfacet
  facet normal  0.000000e+000 -9.999999e-001  -0.000000e+000
    outer loop
      vertex  1.500000e+001  1.105000e+001 -3.858974e+001
      vertex  4.000000e+000  1.105000e+001 -4.300000e+001
      vertex  1.500000e+001  1.105000e+001 -4.300000e+001
    endloop
  endfacet
  facet normal  0.000000e+000 -7.987234e-002  9.968051e-001
    outer loop
      vertex  4.000000e+000  2.474968e+001 -3.749201e+001
      vertex  4.000000e+000  1.105000e+001 -3.858974e+001
      vertex  1.500000e+001  2.474968e+001 -3.749201e+001
    endloop
  endfacet
  facet normal  0.000000e+000 -7.987234e-002  9.968051e-001
    outer loop
      vertex  1.500000e+001  2.474968e+001 -3.749201e+001
      vertex  4.000000e+000  1.105000e+001 -3.858974e+001
      vertex  1.500000e+001  1.105000e+001 -3.858974e+001
    endloop
  endfacet
  facet normal  -0.000000e+000 -9.846584e-001 -1.744932e-001
    outer loop
      vertex  4.000000e+000  2.704039e+001 -3.478104e+001
      vertex  1.500000e+001  2.696398e+001 -3.434984e+001
      vertex  4.000000e+000  2.696398e+001 -3.434984e+001
    endloop
  endfacet
  facet normal  0.000000e+000 -9.391034e-001 -3.436346e-001
    outer loop
      vertex  4.000000e+000  2.696398e+001 -3.434984e+001
      vertex  1.500000e+001  2.696398e+001 -3.434984e+001
      vertex  1.500000e+001  2.681349e+001 -3.393859e+001
    endloop
  endfacet
  facet normal  -0.000000e+000 -9.391034e-001 -3.436346e-001
    outer loop
      vertex  4.000000e+000  2.696398e+001 -3.434984e+001
      vertex  1.500000e+001  2.681349e+001 -3.393859e+001
      vertex  4.000000e+000  2.681349e+001 -3.393859e+001
    endloop
  endfacet
  facet normal  0.000000e+000 -8.647327e-001 -5.022323e-001
    outer loop
      vertex  4.000000e+000  2.681349e+001 -3.393859e+001
      vertex  1.500000e+001  2.681349e+001 -3.393859e+001
      vertex  1.500000e+001  2.659356e+001 -3.355990e+001
    endloop
  endfacet
  facet normal  -0.000000e+000 -8.647327e-001 -5.022323e-001
    outer loop
      vertex  4.000000e+000  2.681349e+001 -3.393859e+001
      vertex  1.500000e+001  2.659356e+001 -3.355990e+001
      vertex  4.000000e+000  2.659356e+001 -3.355990e+001
    endloop
  endfacet
  facet normal  0.000000e+000 -7.638279e-001 -6.454200e-001
    outer loop
      vertex  4.000000e+000  2.659356e+001 -3.355990e+001
      vertex  1.500000e+001  2.659356e+001 -3.355990e+001
      vertex  1.500000e+001  2.631091e+001 -3.322541e+001
    endloop
  endfacet
  facet normal  -0.000000e+000 -7.638279e-001 -6.454200e-001
    outer loop
      vertex  4.000000e+000  2.659356e+001 -3.355990e+001
      vertex  1.500000e+001  2.631091e+001 -3.322541e+001
      vertex  4.000000e+000  2.631091e+001 -3.322541e+001
    endloop
  endfacet
  facet normal  0.000000e+000 -6.394875e-001 -7.688015e-001
    outer loop
      vertex  4.000000e+000  2.631091e+001 -3.322541e+001
      vertex  1.500000e+001  2.631091e+001 -3.322541e+001
      vertex  1.500000e+001  2.597424e+001 -3.294536e+001
    endloop
  endfacet
  facet normal  -0.000000e+000 -6.394875e-001 -7.688015e-001
    outer loop
      vertex  4.000000e+000  2.631091e+001 -3.322541e+001
      vertex  1.500000e+001  2.597424e+001 -3.294536e+001
      vertex  4.000000e+000  2.597424e+001 -3.294536e+001
    endloop
  endfacet
  facet normal  0.000000e+000 -4.955291e-001 -8.685914e-001
    outer loop
      vertex  4.000000e+000  2.597424e+001 -3.294536e+001
      vertex  1.500000e+001  2.597424e+001 -3.294536e+001
      vertex  1.500000e+001  2.559386e+001 -3.272836e+001
    endloop
  endfacet
  facet normal  -0.000000e+000 -4.955291e-001 -8.685914e-001
    outer loop
      vertex  4.000000e+000  2.597424e+001 -3.294536e+001
      vertex  1.500000e+001  2.559386e+001 -3.272836e+001
      vertex  4.000000e+000  2.559386e+001 -3.272836e+001
    endloop
  endfacet
  facet normal  0.000000e+000 -3.363568e-001 -9.417347e-001
    outer loop
      vertex  4.000000e+000  2.559386e+001 -3.272836e+001
      vertex  1.500000e+001  2.559386e+001 -3.272836e+001
      vertex  1.500000e+001  2.518146e+001 -3.258106e+001
    endloop
  endfacet
  facet normal  -0.000000e+000 -3.363568e-001 -9.417347e-001
    outer loop
      vertex  4.000000e+000  2.559386e+001 -3.272836e+001
      vertex  1.500000e+001  2.518146e+001 -3.258106e+001
      vertex  4.000000e+000  2.518146e+001 -3.258106e+001
    endloop
  endfacet
  facet normal  0.000000e+000 -1.668662e-001 -9.859794e-001
    outer loop
      vertex  4.000000e+000  2.518146e+001 -3.258106e+001
      vertex  1.500000e+001  2.518146e+001 -3.258106e+001
      vertex  1.500000e+001  2.474968e+001 -3.250799e+001
    endloop
  endfacet
  facet normal  -0.000000e+000 -1.668662e-001 -9.859794e-001
    outer loop
      vertex  4.000000e+000  2.518146e+001 -3.258106e+001
      vertex  1.500000e+001  2.474968e+001 -3.250799e+001
      vertex  4.000000e+000  2.474968e+001 -3.250799e+001
    endloop
  endfacet
  facet normal  0.000000e+000 -9.846584e-001 -1.744932e-001
    outer loop
      vertex  1.500000e+001  2.696398e+001 -3.434984e+001
      vertex  4.000000e+000  2.704039e+001 -3.478104e+001
      vertex  1.500000e+001  2.704039e+001 -3.478104e+001
    endloop
  endfacet
  facet normal  -0.000000e+000 -1.000000e+000  0.000000e+000
    outer loop
      vertex  1.500000e+001  2.704039e+001 -3.478104e+001
      vertex  4.000000e+000  2.704039e+001 -3.478104e+001
      vertex  4.000000e+000  2.704039e+001 -3.521896e+001
    endloop
  endfacet
  facet normal  0.000000e+000 -1.000000e+000  0.000000e+000
    outer loop
      vertex  1.500000e+001  2.704039e+001 -3.478104e+001
      vertex  4.000000e+000  2.704039e+001 -3.521896e+001
      vertex  1.500000e+001  2.704039e+001 -3.521896e+001
    endloop
  endfacet
  facet normal  0.000000e+000 -9.846584e-001  1.744932e-001
    outer loop
      vertex  1.500000e+001  2.704039e+001 -3.521896e+001
      vertex  4.000000e+000  2.704039e+001 -3.521896e+001
      vertex  4.000000e+000  2.696398e+001 -3.565016e+001
    endloop
  endfacet
  facet normal  0.000000e+000 -9.846584e-001  1.744932e-001
    outer loop
      vertex  1.500000e+001  2.704039e+001 -3.521896e+001
      vertex  4.000000e+000  2.696398e+001 -3.565016e+001
      vertex  1.500000e+001  2.696398e+001 -3.565016e+001
    endloop
  endfacet
  facet normal  0.000000e+000 -9.391034e-001  3.436346e-001
    outer loop
      vertex  1.500000e+001  2.696398e+001 -3.565016e+001
      vertex  4.000000e+000  2.696398e+001 -3.565016e+001
      vertex  4.000000e+000  2.681349e+001 -3.606141e+001
    endloop
  endfacet
  facet normal  0.000000e+000 -9.391034e-001  3.436346e-001
    outer loop
      vertex  1.500000e+001  2.696398e+001 -3.565016e+001
      vertex  4.000000e+000  2.681349e+001 -3.606141e+001
      vertex  1.500000e+001  2.681349e+001 -3.606141e+001
    endloop
  endfacet
  facet normal  0.000000e+000 -8.647327e-001  5.022323e-001
    outer loop
      vertex  1.500000e+001  2.681349e+001 -3.606141e+001
      vertex  4.000000e+000  2.681349e+001 -3.606141e+001
      vertex  4.000000e+000  2.659356e+001 -3.644010e+001
    endloop
  endfacet
  facet normal  0.000000e+000 -8.647327e-001  5.022323e-001
    outer loop
      vertex  1.500000e+001  2.681349e+001 -3.606141e+001
      vertex  4.000000e+000  2.659356e+001 -3.644010e+001
      vertex  1.500000e+001  2.659356e+001 -3.644010e+001
    endloop
  endfacet
  facet normal  0.000000e+000 -7.638279e-001  6.454200e-001
    outer loop
      vertex  1.500000e+001  2.659356e+001 -3.644010e+001
      vertex  4.000000e+000  2.659356e+001 -3.644010e+001
      vertex  4.000000e+000  2.631091e+001 -3.677459e+001
    endloop
  endfacet
  facet normal  0.000000e+000 -7.638279e-001  6.454200e-001
    outer loop
      vertex  1.500000e+001  2.659356e+001 -3.644010e+001
      vertex  4.000000e+000  2.631091e+001 -3.677459e+001
      vertex  1.500000e+001  2.631091e+001 -3.677459e+001
    endloop
  endfacet
  facet normal  0.000000e+000 -6.394875e-001  7.688015e-001
    outer loop
      vertex  1.500000e+001  2.631091e+001 -3.677459e+001
      vertex  4.000000e+000  2.631091e+001 -3.677459e+001
      vertex  4.000000e+000  2.597424e+001 -3.705464e+001
    endloop
  endfacet
  facet normal  0.000000e+000 -6.394875e-001  7.688015e-001
    outer loop
      vertex  1.500000e+001  2.631091e+001 -3.677459e+001
      vertex  4.000000e+000  2.597424e+001 -3.705464e+001
      vertex  1.500000e+001  2.597424e+001 -3.705464e+001
    endloop
  endfacet
  facet normal  0.000000e+000 -4.955291e-001  8.685914e-001
    outer loop
      vertex  1.500000e+001  2.597424e+001 -3.705464e+001
      vertex  4.000000e+000  2.597424e+001 -3.705464e+001
      vertex  4.000000e+000  2.559386e+001 -3.727164e+001
    endloop
  endfacet
  facet normal  0.000000e+000 -4.955291e-001  8.685914e-001
    outer loop
      vertex  1.500000e+001  2.597424e+001 -3.705464e+001
      vertex  4.000000e+000  2.559386e+001 -3.727164e+001
      vertex  1.500000e+001  2.559386e+001 -3.727164e+001
    endloop
  endfacet
  facet normal  0.000000e+000 -3.363568e-001  9.417347e-001
    outer loop
      vertex  1.500000e+001  2.559386e+001 -3.727164e+001
      vertex  4.000000e+000  2.559386e+001 -3.727164e+001
      vertex  4.000000e+000  2.518146e+001 -3.741894e+001
    endloop
  endfacet
  facet normal  0.000000e+000 -3.363568e-001  9.417347e-001
    outer loop
      vertex  1.500000e+001  2.559386e+001 -3.727164e+001
      vertex  4.000000e+000  2.518146e+001 -3.741894e+001
      vertex  1.500000e+001  2.518146e+001 -3.741894e+001
    endloop
  endfacet
  facet normal  0.000000e+000 -1.668662e-001  9.859794e-001
    outer loop
      vertex  1.500000e+001  2.518146e+001 -3.741894e+001
      vertex  4.000000e+000  2.518146e+001 -3.741894e+001
      vertex  4.000000e+000  2.474968e+001 -3.749201e+001
    endloop
  endfacet
  facet normal  0.000000e+000 -1.668662e-001  9.859794e-001
    outer loop
      vertex  1.500000e+001  2.518146e+001 -3.741894e+001
      vertex  4.000000e+000  2.474968e+001 -3.749201e+001
      vertex  1.500000e+001  2.474968e+001 -3.749201e+001
    endloop
  endfacet
  facet normal  -0.000000e+000 -7.987220e-002 -9.968051e-001
    outer loop
      vertex  4.000000e+000  2.474968e+001 -3.250799e+001
      vertex  1.500000e+001  2.474968e+001 -3.250799e+001
      vertex  4.000000e+000  1.105000e+001 -3.141026e+001
    endloop
  endfacet
  facet normal  0.000000e+000 -7.987220e-002 -9.968051e-001
    outer loop
      vertex  4.000000e+000  1.105000e+001 -3.141026e+001
      vertex  1.500000e+001  2.474968e+001 -3.250799e+001
      vertex  1.500000e+001  1.105000e+001 -3.141026e+001
    endloop
  endfacet
  facet normal  0.000000e+000 -1.000000e+000  0.000000e+000
    outer loop
      vertex  4.000000e+000  1.105000e+001 -2.700000e+001
      vertex  4.000000e+000  1.105000e+001 -3.141026e+001
      vertex  1.500000e+001  1.105000e+001 -2.700000e+001
    endloop
  endfacet
  facet normal  0.000000e+000 -1.000000e+000  -0.000000e+000
    outer loop
      vertex  1.500000e+001  1.105000e+001 -2.700000e+001
      vertex  4.000000e+000  1.105000e+001 -3.141026e+001
      vertex  1.500000e+001  1.105000e+001 -3.141026e+001
    endloop
  endfacet
  facet normal  0.000000e+000  9.801671e-002 -9.951848e-001
    outer loop
      vertex  4.000000e+000  9.050000e+000 -2.500000e+001
      vertex  1.500000e+001  8.659820e+000 -2.503843e+001
      vertex  4.000000e+000  8.659820e+000 -2.503843e+001
    endloop
  endfacet
  facet normal  0.000000e+000  2.902842e-001 -9.569404e-001
    outer loop
      vertex  4.000000e+000  8.659820e+000 -2.503843e+001
      vertex  1.500000e+001  8.659820e+000 -2.503843e+001
      vertex  1.500000e+001  8.284633e+000 -2.515224e+001
    endloop
  endfacet
  facet normal  0.000000e+000  2.902842e-001 -9.569404e-001
    outer loop
      vertex  4.000000e+000  8.659820e+000 -2.503843e+001
      vertex  1.500000e+001  8.284633e+000 -2.515224e+001
      vertex  4.000000e+000  8.284633e+000 -2.515224e+001
    endloop
  endfacet
  facet normal  0.000000e+000  4.713978e-001 -8.819207e-001
    outer loop
      vertex  4.000000e+000  8.284633e+000 -2.515224e+001
      vertex  1.500000e+001  8.284633e+000 -2.515224e+001
      vertex  1.500000e+001  7.938859e+000 -2.533706e+001
    endloop
  endfacet
  facet normal  0.000000e+000  4.713978e-001 -8.819207e-001
    outer loop
      vertex  4.000000e+000  8.284633e+000 -2.515224e+001
      vertex  1.500000e+001  7.938859e+000 -2.533706e+001
      vertex  4.000000e+000  7.938859e+000 -2.533706e+001
    endloop
  endfacet
  facet normal  0.000000e+000  6.343939e-001 -7.730101e-001
    outer loop
      vertex  4.000000e+000  7.938859e+000 -2.533706e+001
      vertex  1.500000e+001  7.938859e+000 -2.533706e+001
      vertex  1.500000e+001  7.635787e+000 -2.558579e+001
    endloop
  endfacet
  facet normal  0.000000e+000  6.343939e-001 -7.730101e-001
    outer loop
      vertex  4.000000e+000  7.938859e+000 -2.533706e+001
      vertex  1.500000e+001  7.635787e+000 -2.558579e+001
      vertex  4.000000e+000  7.635787e+000 -2.558579e+001
    endloop
  endfacet
  facet normal  0.000000e+000  7.730089e-001 -6.343950e-001
    outer loop
      vertex  4.000000e+000  7.635787e+000 -2.558579e+001
      vertex  1.500000e+001  7.635787e+000 -2.558579e+001
      vertex  1.500000e+001  7.387061e+000 -2.588886e+001
    endloop
  endfacet
  facet normal  0.000000e+000  7.730089e-001 -6.343950e-001
    outer loop
      vertex  4.000000e+000  7.635787e+000 -2.558579e+001
      vertex  1.500000e+001  7.387061e+000 -2.588886e+001
      vertex  4.000000e+000  7.387061e+000 -2.588886e+001
    endloop
  endfacet
  facet normal  0.000000e+000  8.819215e-001 -4.713964e-001
    outer loop
      vertex  4.000000e+000  7.387061e+000 -2.588886e+001
      vertex  1.500000e+001  7.387061e+000 -2.588886e+001
      vertex  1.500000e+001  7.202241e+000 -2.623463e+001
    endloop
  endfacet
  facet normal  0.000000e+000  8.819215e-001 -4.713964e-001
    outer loop
      vertex  4.000000e+000  7.387061e+000 -2.588886e+001
      vertex  1.500000e+001  7.202241e+000 -2.623463e+001
      vertex  4.000000e+000  7.202241e+000 -2.623463e+001
    endloop
  endfacet
  facet normal  0.000000e+000  9.569404e-001 -2.902842e-001
    outer loop
      vertex  4.000000e+000  7.202241e+000 -2.623463e+001
      vertex  1.500000e+001  7.202241e+000 -2.623463e+001
      vertex  1.500000e+001  7.088429e+000 -2.660982e+001
    endloop
  endfacet
  facet normal  0.000000e+000  9.569404e-001 -2.902842e-001
    outer loop
      vertex  4.000000e+000  7.202241e+000 -2.623463e+001
      vertex  1.500000e+001  7.088429e+000 -2.660982e+001
      vertex  4.000000e+000  7.088429e+000 -2.660982e+001
    endloop
  endfacet
  facet normal  0.000000e+000  9.951848e-001 -9.801671e-002
    outer loop
      vertex  4.000000e+000  7.088429e+000 -2.660982e+001
      vertex  1.500000e+001  7.088429e+000 -2.660982e+001
      vertex  1.500000e+001  7.050000e+000 -2.700000e+001
    endloop
  endfacet
  facet normal  0.000000e+000  9.951848e-001 -9.801671e-002
    outer loop
      vertex  4.000000e+000  7.088429e+000 -2.660982e+001
      vertex  1.500000e+001  7.050000e+000 -2.700000e+001
      vertex  4.000000e+000  7.050000e+000 -2.700000e+001
    endloop
  endfacet
  facet normal  0.000000e+000  9.801671e-002 -9.951848e-001
    outer loop
      vertex  1.500000e+001  8.659820e+000 -2.503843e+001
      vertex  4.000000e+000  9.050000e+000 -2.500000e+001
      vertex  1.500000e+001  9.050000e+000 -2.500000e+001
    endloop
  endfacet
  facet normal  -0.000000e+000 -9.801671e-002 -9.951848e-001
    outer loop
      vertex  1.500000e+001  9.050000e+000 -2.500000e+001
      vertex  4.000000e+000  9.050000e+000 -2.500000e+001
      vertex  4.000000e+000  9.440181e+000 -2.503843e+001
    endloop
  endfacet
  facet normal  0.000000e+000 -9.801671e-002 -9.951848e-001
    outer loop
      vertex  1.500000e+001  9.050000e+000 -2.500000e+001
      vertex  4.000000e+000  9.440181e+000 -2.503843e+001
      vertex  1.500000e+001  9.440181e+000 -2.503843e+001
    endloop
  endfacet
  facet normal  -0.000000e+000 -2.902849e-001 -9.569404e-001
    outer loop
      vertex  1.500000e+001  9.440181e+000 -2.503843e+001
      vertex  4.000000e+000  9.440181e+000 -2.503843e+001
      vertex  4.000000e+000  9.815367e+000 -2.515224e+001
    endloop
  endfacet
  facet normal  0.000000e+000 -2.902849e-001 -9.569404e-001
    outer loop
      vertex  1.500000e+001  9.440181e+000 -2.503843e+001
      vertex  4.000000e+000  9.815367e+000 -2.515224e+001
      vertex  1.500000e+001  9.815367e+000 -2.515224e+001
    endloop
  endfacet
  facet normal  -0.000000e+000 -4.713973e-001 -8.819210e-001
    outer loop
      vertex  1.500000e+001  9.815367e+000 -2.515224e+001
      vertex  4.000000e+000  9.815367e+000 -2.515224e+001
      vertex  4.000000e+000  1.016114e+001 -2.533706e+001
    endloop
  endfacet
  facet normal  0.000000e+000 -4.713973e-001 -8.819210e-001
    outer loop
      vertex  1.500000e+001  9.815367e+000 -2.515224e+001
      vertex  4.000000e+000  1.016114e+001 -2.533706e+001
      vertex  1.500000e+001  1.016114e+001 -2.533706e+001
    endloop
  endfacet
  facet normal  -0.000000e+000 -6.343939e-001 -7.730101e-001
    outer loop
      vertex  1.500000e+001  1.016114e+001 -2.533706e+001
      vertex  4.000000e+000  1.016114e+001 -2.533706e+001
      vertex  4.000000e+000  1.046421e+001 -2.558579e+001
    endloop
  endfacet
  facet normal  0.000000e+000 -6.343939e-001 -7.730101e-001
    outer loop
      vertex  1.500000e+001  1.016114e+001 -2.533706e+001
      vertex  4.000000e+000  1.046421e+001 -2.558579e+001
      vertex  1.500000e+001  1.046421e+001 -2.558579e+001
    endloop
  endfacet
  facet normal  -0.000000e+000 -7.730089e-001 -6.343950e-001
    outer loop
      vertex  1.500000e+001  1.046421e+001 -2.558579e+001
      vertex  4.000000e+000  1.046421e+001 -2.558579e+001
      vertex  4.000000e+000  1.071294e+001 -2.588886e+001
    endloop
  endfacet
  facet normal  0.000000e+000 -7.730089e-001 -6.343950e-001
    outer loop
      vertex  1.500000e+001  1.046421e+001 -2.558579e+001
      vertex  4.000000e+000  1.071294e+001 -2.588886e+001
      vertex  1.500000e+001  1.071294e+001 -2.588886e+001
    endloop
  endfacet
  facet normal  -0.000000e+000 -8.819210e-001 -4.713973e-001
    outer loop
      vertex  1.500000e+001  1.071294e+001 -2.588886e+001
      vertex  4.000000e+000  1.071294e+001 -2.588886e+001
      vertex  4.000000e+000  1.089776e+001 -2.623463e+001
    endloop
  endfacet
  facet normal  0.000000e+000 -8.819210e-001 -4.713973e-001
    outer loop
      vertex  1.500000e+001  1.071294e+001 -2.588886e+001
      vertex  4.000000e+000  1.089776e+001 -2.623463e+001
      vertex  1.500000e+001  1.089776e+001 -2.623463e+001
    endloop
  endfacet
  facet normal  -0.000000e+000 -9.569404e-001 -2.902842e-001
    outer loop
      vertex  1.500000e+001  1.089776e+001 -2.623463e+001
      vertex  4.000000e+000  1.089776e+001 -2.623463e+001
      vertex  4.000000e+000  1.101157e+001 -2.660982e+001
    endloop
  endfacet
  facet normal  0.000000e+000 -9.569404e-001 -2.902842e-001
    outer loop
      vertex  1.500000e+001  1.089776e+001 -2.623463e+001
      vertex  4.000000e+000  1.101157e+001 -2.660982e+001
      vertex  1.500000e+001  1.101157e+001 -2.660982e+001
    endloop
  endfacet
  facet normal  -0.000000e+000 -9.951848e-001 -9.801671e-002
    outer loop
      vertex  1.500000e+001  1.101157e+001 -2.660982e+001
      vertex  4.000000e+000  1.101157e+001 -2.660982e+001
      vertex  4.000000e+000  1.105000e+001 -2.700000e+001
    endloop
  endfacet
  facet normal  0.000000e+000 -9.951848e-001 -9.801671e-002
    outer loop
      vertex  1.500000e+001  1.101157e+001 -2.660982e+001
      vertex  4.000000e+000  1.105000e+001 -2.700000e+001
      vertex  1.500000e+001  1.105000e+001 -2.700000e+001
    endloop
  endfacet
  facet normal  0.000000e+000  1.000000e+000  0.000000e+000
    outer loop
      vertex  4.000000e+000  7.050000e+000 -3.141026e+001
      vertex  4.000000e+000  7.050000e+000 -2.700000e+001
      vertex  1.500000e+001  7.050000e+000 -3.141026e+001
    endloop
  endfacet
  facet normal  0.000000e+000  1.000000e+000  -0.000000e+000
    outer loop
      vertex  1.500000e+001  7.050000e+000 -3.141026e+001
      vertex  4.000000e+000  7.050000e+000 -2.700000e+001
      vertex  1.500000e+001  7.050000e+000 -2.700000e+001
    endloop
  endfacet
  facet normal  0.000000e+000  7.987219e-002 -9.968051e-001
    outer loop
      vertex  4.000000e+000 -6.649681e+000 -3.250799e+001
      vertex  4.000000e+000  7.050000e+000 -3.141026e+001
      vertex  1.500000e+001 -6.649681e+000 -3.250799e+001
    endloop
  endfacet
  facet normal  0.000000e+000  7.987219e-002 -9.968051e-001
    outer loop
      vertex  1.500000e+001 -6.649681e+000 -3.250799e+001
      vertex  4.000000e+000  7.050000e+000 -3.141026e+001
      vertex  1.500000e+001  7.050000e+000 -3.141026e+001
    endloop
  endfacet
  facet normal  0.000000e+000  9.989330e-001 -4.618198e-002
    outer loop
      vertex -7.000000e+000  1.805000e+001 -3.500000e+001
      vertex  1.000000e+000  1.805000e+001 -3.500000e+001
      vertex -7.000000e+000  1.801161e+001 -3.583041e+001
    endloop
  endfacet
  facet normal  0.000000e+000  9.989330e-001 -4.618198e-002
    outer loop
      vertex -7.000000e+000  1.801161e+001 -3.583041e+001
      vertex  1.000000e+000  1.805000e+001 -3.500000e+001
      vertex  1.000000e+000  1.801161e+001 -3.583041e+001
    endloop
  endfacet
  facet normal  0.000000e+000  9.904104e-001 -1.381574e-001
    outer loop
      vertex -7.000000e+000  1.801161e+001 -3.583041e+001
      vertex  1.000000e+000  1.801161e+001 -3.583041e+001
      vertex -7.000000e+000  1.789676e+001 -3.665375e+001
    endloop
  endfacet
  facet normal  0.000000e+000  9.904104e-001 -1.381574e-001
    outer loop
      vertex -7.000000e+000  1.789676e+001 -3.665375e+001
      vertex  1.000000e+000  1.801161e+001 -3.583041e+001
      vertex  1.000000e+000  1.789676e+001 -3.665375e+001
    endloop
  endfacet
  facet normal  0.000000e+000  9.734381e-001 -2.289506e-001
    outer loop
      vertex -7.000000e+000  1.789676e+001 -3.665375e+001
      vertex  1.000000e+000  1.789676e+001 -3.665375e+001
      vertex -7.000000e+000  1.770643e+001 -3.746297e+001
    endloop
  endfacet
  facet normal  0.000000e+000  9.734381e-001 -2.289506e-001
    outer loop
      vertex -7.000000e+000  1.770643e+001 -3.746297e+001
      vertex  1.000000e+000  1.789676e+001 -3.665375e+001
      vertex  1.000000e+000  1.770643e+001 -3.746297e+001
    endloop
  endfacet
  facet normal  0.000000e+000  9.481605e-001 -3.177919e-001
    outer loop
      vertex -7.000000e+000  1.770643e+001 -3.746297e+001
      vertex  1.000000e+000  1.770643e+001 -3.746297e+001
      vertex -7.000000e+000  1.744225e+001 -3.825117e+001
    endloop
  endfacet
  facet normal  0.000000e+000  9.481605e-001 -3.177919e-001
    outer loop
      vertex -7.000000e+000  1.744225e+001 -3.825117e+001
      vertex  1.000000e+000  1.770643e+001 -3.746297e+001
      vertex  1.000000e+000  1.744225e+001 -3.825117e+001
    endloop
  endfacet
  facet normal  0.000000e+000  9.147946e-001 -4.039192e-001
    outer loop
      vertex -7.000000e+000  1.744225e+001 -3.825117e+001
      vertex  1.000000e+000  1.744225e+001 -3.825117e+001
      vertex -7.000000e+000  1.710647e+001 -3.901165e+001
    endloop
  endfacet
  facet normal  0.000000e+000  9.147946e-001 -4.039192e-001
    outer loop
      vertex -7.000000e+000  1.710647e+001 -3.901165e+001
      vertex  1.000000e+000  1.744225e+001 -3.825117e+001
      vertex  1.000000e+000  1.710647e+001 -3.901165e+001
    endloop
  endfacet
  facet normal  0.000000e+000  8.736214e-001 -4.866064e-001
    outer loop
      vertex -7.000000e+000  1.710647e+001 -3.901165e+001
      vertex  1.000000e+000  1.710647e+001 -3.901165e+001
      vertex -7.000000e+000  1.670195e+001 -3.973789e+001
    endloop
  endfacet
  facet normal  0.000000e+000  8.736214e-001 -4.866064e-001
    outer loop
      vertex -7.000000e+000  1.670195e+001 -3.973789e+001
      vertex  1.000000e+000  1.710647e+001 -3.901165e+001
      vertex  1.000000e+000  1.670195e+001 -3.973789e+001
    endloop
  endfacet
  facet normal  0.000000e+000  8.249972e-001 -5.651367e-001
    outer loop
      vertex -7.000000e+000  1.670195e+001 -3.973789e+001
      vertex  1.000000e+000  1.670195e+001 -3.973789e+001
      vertex -7.000000e+000  1.623215e+001 -4.042371e+001
    endloop
  endfacet
  facet normal  0.000000e+000  8.249972e-001 -5.651367e-001
    outer loop
      vertex -7.000000e+000  1.623215e+001 -4.042371e+001
      vertex  1.000000e+000  1.670195e+001 -3.973789e+001
      vertex  1.000000e+000  1.623215e+001 -4.042371e+001
    endloop
  endfacet
  facet normal  0.000000e+000  7.693343e-001 -6.388465e-001
    outer loop
      vertex -7.000000e+000  1.623215e+001 -4.042371e+001
      vertex  1.000000e+000  1.623215e+001 -4.042371e+001
      vertex -7.000000e+000  1.570108e+001 -4.106326e+001
    endloop
  endfacet
  facet normal  0.000000e+000  7.693343e-001 -6.388465e-001
    outer loop
      vertex -7.000000e+000  1.570108e+001 -4.106326e+001
      vertex  1.000000e+000  1.623215e+001 -4.042371e+001
      vertex  1.000000e+000  1.570108e+001 -4.106326e+001
    endloop
  endfacet
  facet normal  0.000000e+000  7.071085e-001 -7.071051e-001
    outer loop
      vertex -7.000000e+000  1.570108e+001 -4.106326e+001
      vertex  1.000000e+000  1.570108e+001 -4.106326e+001
      vertex -7.000000e+000  1.511326e+001 -4.165108e+001
    endloop
  endfacet
  facet normal  0.000000e+000  7.071085e-001 -7.071051e-001
    outer loop
      vertex -7.000000e+000  1.511326e+001 -4.165108e+001
      vertex  1.000000e+000  1.570108e+001 -4.106326e+001
      vertex  1.000000e+000  1.511326e+001 -4.165108e+001
    endloop
  endfacet
  facet normal  0.000000e+000  6.388465e-001 -7.693343e-001
    outer loop
      vertex -7.000000e+000  1.511326e+001 -4.165108e+001
      vertex  1.000000e+000  1.511326e+001 -4.165108e+001
      vertex -7.000000e+000  1.447371e+001 -4.218216e+001
    endloop
  endfacet
  facet normal  0.000000e+000  6.388465e-001 -7.693343e-001
    outer loop
      vertex -7.000000e+000  1.447371e+001 -4.218216e+001
      vertex  1.000000e+000  1.511326e+001 -4.165108e+001
      vertex  1.000000e+000  1.447371e+001 -4.218216e+001
    endloop
  endfacet
  facet normal  0.000000e+000  5.651361e-001 -8.249975e-001
    outer loop
      vertex -7.000000e+000  1.447371e+001 -4.218216e+001
      vertex  1.000000e+000  1.447371e+001 -4.218216e+001
      vertex -7.000000e+000  1.378789e+001 -4.265195e+001
    endloop
  endfacet
  facet normal  0.000000e+000  5.651361e-001 -8.249975e-001
    outer loop
      vertex -7.000000e+000  1.378789e+001 -4.265195e+001
      vertex  1.000000e+000  1.447371e+001 -4.218216e+001
      vertex  1.000000e+000  1.378789e+001 -4.265195e+001
    endloop
  endfacet
  facet normal  0.000000e+000  4.866036e-001 -8.736229e-001
    outer loop
      vertex -7.000000e+000  1.378789e+001 -4.265195e+001
      vertex  1.000000e+000  1.378789e+001 -4.265195e+001
      vertex -7.000000e+000  1.306165e+001 -4.305647e+001
    endloop
  endfacet
  facet normal  0.000000e+000  4.866036e-001 -8.736229e-001
    outer loop
      vertex -7.000000e+000  1.306165e+001 -4.305647e+001
      vertex  1.000000e+000  1.378789e+001 -4.265195e+001
      vertex  1.000000e+000  1.306165e+001 -4.305647e+001
    endloop
  endfacet
  facet normal  0.000000e+000  4.039216e-001 -9.147936e-001
    outer loop
      vertex -7.000000e+000  1.306165e+001 -4.305647e+001
      vertex  1.000000e+000  1.306165e+001 -4.305647e+001
      vertex -7.000000e+000  1.230118e+001 -4.339225e+001
    endloop
  endfacet
  facet normal  0.000000e+000  4.039216e-001 -9.147936e-001
    outer loop
      vertex -7.000000e+000  1.230118e+001 -4.339225e+001
      vertex  1.000000e+000  1.306165e+001 -4.305647e+001
      vertex  1.000000e+000  1.230118e+001 -4.339225e+001
    endloop
  endfacet
  facet normal  0.000000e+000  3.177899e-001 -9.481612e-001
    outer loop
      vertex -7.000000e+000  1.230118e+001 -4.339225e+001
      vertex  1.000000e+000  1.230118e+001 -4.339225e+001
      vertex -7.000000e+000  1.151297e+001 -4.365643e+001
    endloop
  endfacet
  facet normal  0.000000e+000  3.177899e-001 -9.481612e-001
    outer loop
      vertex -7.000000e+000  1.151297e+001 -4.365643e+001
      vertex  1.000000e+000  1.230118e+001 -4.339225e+001
      vertex  1.000000e+000  1.151297e+001 -4.365643e+001
    endloop
  endfacet
  facet normal  0.000000e+000  2.289544e-001 -9.734372e-001
    outer loop
      vertex -7.000000e+000  1.151297e+001 -4.365643e+001
      vertex  1.000000e+000  1.151297e+001 -4.365643e+001
      vertex -7.000000e+000  1.070375e+001 -4.384676e+001
    endloop
  endfacet
  facet normal  0.000000e+000  2.289544e-001 -9.734372e-001
    outer loop
      vertex -7.000000e+000  1.070375e+001 -4.384676e+001
      vertex  1.000000e+000  1.151297e+001 -4.365643e+001
      vertex  1.000000e+000  1.070375e+001 -4.384676e+001
    endloop
  endfacet
  facet normal  0.000000e+000  1.381556e-001 -9.904104e-001
    outer loop
      vertex -7.000000e+000  1.070375e+001 -4.384676e+001
      vertex  1.000000e+000  1.070375e+001 -4.384676e+001
      vertex -7.000000e+000  9.880415e+000 -4.396161e+001
    endloop
  endfacet
  facet normal  0.000000e+000  1.381556e-001 -9.904104e-001
    outer loop
      vertex -7.000000e+000  9.880415e+000 -4.396161e+001
      vertex  1.000000e+000  1.070375e+001 -4.384676e+001
      vertex  1.000000e+000  9.880415e+000 -4.396161e+001
    endloop
  endfacet
  facet normal  0.000000e+000  4.618192e-002 -9.989330e-001
    outer loop
      vertex -7.000000e+000  9.880415e+000 -4.396161e+001
      vertex  1.000000e+000  9.880415e+000 -4.396161e+001
      vertex -7.000000e+000  9.050000e+000 -4.400000e+001
    endloop
  endfacet
  facet normal  0.000000e+000  4.618192e-002 -9.989330e-001
    outer loop
      vertex -7.000000e+000  9.050000e+000 -4.400000e+001
      vertex  1.000000e+000  9.880415e+000 -4.396161e+001
      vertex  1.000000e+000  9.050000e+000 -4.400000e+001
    endloop
  endfacet
  facet normal  -0.000000e+000 -4.618187e-002 -9.989331e-001
    outer loop
      vertex -7.000000e+000  9.050000e+000 -4.400000e+001
      vertex  1.000000e+000  9.050000e+000 -4.400000e+001
      vertex -7.000000e+000  8.219584e+000 -4.396161e+001
    endloop
  endfacet
  facet normal  0.000000e+000 -4.618187e-002 -9.989331e-001
    outer loop
      vertex -7.000000e+000  8.219584e+000 -4.396161e+001
      vertex  1.000000e+000  9.050000e+000 -4.400000e+001
      vertex  1.000000e+000  8.219584e+000 -4.396161e+001
    endloop
  endfacet
  facet normal  -0.000000e+000 -1.381557e-001 -9.904105e-001
    outer loop
      vertex -7.000000e+000  8.219584e+000 -4.396161e+001
      vertex  1.000000e+000  8.219584e+000 -4.396161e+001
      vertex -7.000000e+000  7.396255e+000 -4.384676e+001
    endloop
  endfacet
  facet normal  0.000000e+000 -1.381557e-001 -9.904105e-001
    outer loop
      vertex -7.000000e+000  7.396255e+000 -4.384676e+001
      vertex  1.000000e+000  8.219584e+000 -4.396161e+001
      vertex  1.000000e+000  7.396255e+000 -4.384676e+001
    endloop
  endfacet
  facet normal  -0.000000e+000 -2.289544e-001 -9.734372e-001
    outer loop
      vertex -7.000000e+000  7.396255e+000 -4.384676e+001
      vertex  1.000000e+000  7.396255e+000 -4.384676e+001
      vertex -7.000000e+000  6.587033e+000 -4.365643e+001
    endloop
  endfacet
  facet normal  0.000000e+000 -2.289544e-001 -9.734372e-001
    outer loop
      vertex -7.000000e+000  6.587033e+000 -4.365643e+001
      vertex  1.000000e+000  7.396255e+000 -4.384676e+001
      vertex  1.000000e+000  6.587033e+000 -4.365643e+001
    endloop
  endfacet
  facet normal  -0.000000e+000 -3.177896e-001 -9.481612e-001
    outer loop
      vertex -7.000000e+000  6.587033e+000 -4.365643e+001
      vertex  1.000000e+000  6.587033e+000 -4.365643e+001
      vertex -7.000000e+000  5.798825e+000 -4.339225e+001
    endloop
  endfacet
  facet normal  0.000000e+000 -3.177896e-001 -9.481612e-001
    outer loop
      vertex -7.000000e+000  5.798825e+000 -4.339225e+001
      vertex  1.000000e+000  6.587033e+000 -4.365643e+001
      vertex  1.000000e+000  5.798825e+000 -4.339225e+001
    endloop
  endfacet
  facet normal  -0.000000e+000 -4.039218e-001 -9.147936e-001
    outer loop
      vertex -7.000000e+000  5.798825e+000 -4.339225e+001
      vertex  1.000000e+000  5.798825e+000 -4.339225e+001
      vertex -7.000000e+000  5.038355e+000 -4.305647e+001
    endloop
  endfacet
  facet normal  0.000000e+000 -4.039218e-001 -9.147936e-001
    outer loop
      vertex -7.000000e+000  5.038355e+000 -4.305647e+001
      vertex  1.000000e+000  5.798825e+000 -4.339225e+001
      vertex  1.000000e+000  5.038355e+000 -4.305647e+001
    endloop
  endfacet
  facet normal  -0.000000e+000 -4.866034e-001 -8.736230e-001
    outer loop
      vertex -7.000000e+000  5.038355e+000 -4.305647e+001
      vertex  1.000000e+000  5.038355e+000 -4.305647e+001
      vertex -7.000000e+000  4.312110e+000 -4.265195e+001
    endloop
  endfacet
  facet normal  0.000000e+000 -4.866034e-001 -8.736230e-001
    outer loop
      vertex -7.000000e+000  4.312110e+000 -4.265195e+001
      vertex  1.000000e+000  5.038355e+000 -4.305647e+001
      vertex  1.000000e+000  4.312110e+000 -4.265195e+001
    endloop
  endfacet
  facet normal  -0.000000e+000 -5.651363e-001 -8.249975e-001
    outer loop
      vertex -7.000000e+000  4.312110e+000 -4.265195e+001
      vertex  1.000000e+000  4.312110e+000 -4.265195e+001
      vertex -7.000000e+000  3.626288e+000 -4.218216e+001
    endloop
  endfacet
  facet normal  0.000000e+000 -5.651363e-001 -8.249975e-001
    outer loop
      vertex -7.000000e+000  3.626288e+000 -4.218216e+001
      vertex  1.000000e+000  4.312110e+000 -4.265195e+001
      vertex  1.000000e+000  3.626288e+000 -4.218216e+001
    endloop
  endfacet
  facet normal  -0.000000e+000 -6.388467e-001 -7.693341e-001
    outer loop
      vertex -7.000000e+000  3.626288e+000 -4.218216e+001
      vertex  1.000000e+000  3.626288e+000 -4.218216e+001
      vertex -7.000000e+000  2.986739e+000 -4.165108e+001
    endloop
  endfacet
  facet normal  0.000000e+000 -6.388467e-001 -7.693341e-001
    outer loop
      vertex -7.000000e+000  2.986739e+000 -4.165108e+001
      vertex  1.000000e+000  3.626288e+000 -4.218216e+001
      vertex  1.000000e+000  2.986739e+000 -4.165108e+001
    endloop
  endfacet
  facet normal  -0.000000e+000 -7.071084e-001 -7.071052e-001
    outer loop
      vertex -7.000000e+000  2.986739e+000 -4.165108e+001
      vertex  1.000000e+000  2.986739e+000 -4.165108e+001
      vertex -7.000000e+000  2.398920e+000 -4.106326e+001
    endloop
  endfacet
  facet normal  0.000000e+000 -7.071084e-001 -7.071052e-001
    outer loop
      vertex -7.000000e+000  2.398920e+000 -4.106326e+001
      vertex  1.000000e+000  2.986739e+000 -4.165108e+001
      vertex  1.000000e+000  2.398920e+000 -4.106326e+001
    endloop
  endfacet
  facet normal  -0.000000e+000 -7.693340e-001 -6.388468e-001
    outer loop
      vertex -7.000000e+000  2.398920e+000 -4.106326e+001
      vertex  1.000000e+000  2.398920e+000 -4.106326e+001
      vertex -7.000000e+000  1.867845e+000 -4.042371e+001
    endloop
  endfacet
  facet normal  0.000000e+000 -7.693340e-001 -6.388468e-001
    outer loop
      vertex -7.000000e+000  1.867845e+000 -4.042371e+001
      vertex  1.000000e+000  2.398920e+000 -4.106326e+001
      vertex  1.000000e+000  1.867845e+000 -4.042371e+001
    endloop
  endfacet
  facet normal  -0.000000e+000 -8.249972e-001 -5.651368e-001
    outer loop
      vertex -7.000000e+000  1.867845e+000 -4.042371e+001
      vertex  1.000000e+000  1.867845e+000 -4.042371e+001
      vertex -7.000000e+000  1.398046e+000 -3.973789e+001
    endloop
  endfacet
  facet normal  0.000000e+000 -8.249972e-001 -5.651368e-001
    outer loop
      vertex -7.000000e+000  1.398046e+000 -3.973789e+001
      vertex  1.000000e+000  1.867845e+000 -4.042371e+001
      vertex  1.000000e+000  1.398046e+000 -3.973789e+001
    endloop
  endfacet
  facet normal  -0.000000e+000 -8.736218e-001 -4.866056e-001
    outer loop
      vertex -7.000000e+000  1.398046e+000 -3.973789e+001
      vertex  1.000000e+000  1.398046e+000 -3.973789e+001
      vertex -7.000000e+000  9.935304e-001 -3.901165e+001
    endloop
  endfacet
  facet normal  0.000000e+000 -8.736218e-001 -4.866056e-001
    outer loop
      vertex -7.000000e+000  9.935304e-001 -3.901165e+001
      vertex  1.000000e+000  1.398046e+000 -3.973789e+001
      vertex  1.000000e+000  9.935304e-001 -3.901165e+001
    endloop
  endfacet
  facet normal  -0.000000e+000 -9.147940e-001 -4.039205e-001
    outer loop
      vertex -7.000000e+000  9.935304e-001 -3.901165e+001
      vertex  1.000000e+000  9.935304e-001 -3.901165e+001
      vertex -7.000000e+000  6.577500e-001 -3.825117e+001
    endloop
  endfacet
  facet normal  0.000000e+000 -9.147940e-001 -4.039205e-001
    outer loop
      vertex -7.000000e+000  6.577500e-001 -3.825117e+001
      vertex  1.000000e+000  9.935304e-001 -3.901165e+001
      vertex  1.000000e+000  6.577500e-001 -3.825117e+001
    endloop
  endfacet
  facet normal  -0.000000e+000 -9.481606e-001 -3.177915e-001
    outer loop
      vertex -7.000000e+000  6.577500e-001 -3.825117e+001
      vertex  1.000000e+000  6.577500e-001 -3.825117e+001
      vertex -7.000000e+000  3.935692e-001 -3.746297e+001
    endloop
  endfacet
  facet normal  0.000000e+000 -9.481606e-001 -3.177915e-001
    outer loop
      vertex -7.000000e+000  3.935692e-001 -3.746297e+001
      vertex  1.000000e+000  6.577500e-001 -3.825117e+001
      vertex  1.000000e+000  3.935692e-001 -3.746297e+001
    endloop
  endfacet
  facet normal  -0.000000e+000 -9.734379e-001 -2.289510e-001
    outer loop
      vertex -7.000000e+000  3.935692e-001 -3.746297e+001
      vertex  1.000000e+000  3.935692e-001 -3.746297e+001
      vertex -7.000000e+000  2.032421e-001 -3.665375e+001
    endloop
  endfacet
  facet normal  0.000000e+000 -9.734379e-001 -2.289510e-001
    outer loop
      vertex -7.000000e+000  2.032421e-001 -3.665375e+001
      vertex  1.000000e+000  3.935692e-001 -3.746297e+001
      vertex  1.000000e+000  2.032421e-001 -3.665375e+001
    endloop
  endfacet
  facet normal  -0.000000e+000 -9.904106e-001 -1.381558e-001
    outer loop
      vertex -7.000000e+000  2.032421e-001 -3.665375e+001
      vertex  1.000000e+000  2.032421e-001 -3.665375e+001
      vertex -7.000000e+000  8.839241e-002 -3.583041e+001
    endloop
  endfacet
  facet normal  0.000000e+000 -9.904106e-001 -1.381558e-001
    outer loop
      vertex -7.000000e+000  8.839241e-002 -3.583041e+001
      vertex  1.000000e+000  2.032421e-001 -3.665375e+001
      vertex  1.000000e+000  8.839241e-002 -3.583041e+001
    endloop
  endfacet
  facet normal  -0.000000e+000 -9.989330e-001 -4.618354e-002
    outer loop
      vertex -7.000000e+000  8.839241e-002 -3.583041e+001
      vertex  1.000000e+000  8.839241e-002 -3.583041e+001
      vertex -7.000000e+000  5.000000e-002 -3.500000e+001
    endloop
  endfacet
  facet normal  0.000000e+000 -9.989330e-001 -4.618354e-002
    outer loop
      vertex -7.000000e+000  5.000000e-002 -3.500000e+001
      vertex  1.000000e+000  8.839241e-002 -3.583041e+001
      vertex  1.000000e+000  5.000000e-002 -3.500000e+001
    endloop
  endfacet
  facet normal  0.000000e+000 -9.989330e-001  4.618354e-002
    outer loop
      vertex -7.000000e+000  5.000000e-002 -3.500000e+001
      vertex  1.000000e+000  5.000000e-002 -3.500000e+001
      vertex -7.000000e+000  8.839241e-002 -3.416959e+001
    endloop
  endfacet
  facet normal  0.000000e+000 -9.989330e-001  4.618354e-002
    outer loop
      vertex -7.000000e+000  8.839241e-002 -3.416959e+001
      vertex  1.000000e+000  5.000000e-002 -3.500000e+001
      vertex  1.000000e+000  8.839241e-002 -3.416959e+001
    endloop
  endfacet
  facet normal  0.000000e+000 -9.904106e-001  1.381558e-001
    outer loop
      vertex -7.000000e+000  8.839241e-002 -3.416959e+001
      vertex  1.000000e+000  8.839241e-002 -3.416959e+001
      vertex -7.000000e+000  2.032421e-001 -3.334625e+001
    endloop
  endfacet
  facet normal  0.000000e+000 -9.904106e-001  1.381558e-001
    outer loop
      vertex -7.000000e+000  2.032421e-001 -3.334625e+001
      vertex  1.000000e+000  8.839241e-002 -3.416959e+001
      vertex  1.000000e+000  2.032421e-001 -3.334625e+001
    endloop
  endfacet
  facet normal  0.000000e+000 -9.734379e-001  2.289510e-001
    outer loop
      vertex -7.000000e+000  2.032421e-001 -3.334625e+001
      vertex  1.000000e+000  2.032421e-001 -3.334625e+001
      vertex -7.000000e+000  3.935692e-001 -3.253703e+001
    endloop
  endfacet
  facet normal  0.000000e+000 -9.734379e-001  2.289510e-001
    outer loop
      vertex -7.000000e+000  3.935692e-001 -3.253703e+001
      vertex  1.000000e+000  2.032421e-001 -3.334625e+001
      vertex  1.000000e+000  3.935692e-001 -3.253703e+001
    endloop
  endfacet
  facet normal  0.000000e+000 -9.481606e-001  3.177915e-001
    outer loop
      vertex -7.000000e+000  3.935692e-001 -3.253703e+001
      vertex  1.000000e+000  3.935692e-001 -3.253703e+001
      vertex -7.000000e+000  6.577500e-001 -3.174883e+001
    endloop
  endfacet
  facet normal  0.000000e+000 -9.481606e-001  3.177915e-001
    outer loop
      vertex -7.000000e+000  6.577500e-001 -3.174883e+001
      vertex  1.000000e+000  3.935692e-001 -3.253703e+001
      vertex  1.000000e+000  6.577500e-001 -3.174883e+001
    endloop
  endfacet
  facet normal  0.000000e+000 -9.147937e-001  4.039213e-001
    outer loop
      vertex -7.000000e+000  6.577500e-001 -3.174883e+001
      vertex  1.000000e+000  6.577500e-001 -3.174883e+001
      vertex -7.000000e+000  9.935304e-001 -3.098836e+001
    endloop
  endfacet
  facet normal  0.000000e+000 -9.147937e-001  4.039213e-001
    outer loop
      vertex -7.000000e+000  9.935304e-001 -3.098836e+001
      vertex  1.000000e+000  6.577500e-001 -3.174883e+001
      vertex  1.000000e+000  9.935304e-001 -3.098836e+001
    endloop
  endfacet
  facet normal  0.000000e+000 -8.736228e-001  4.866036e-001
    outer loop
      vertex -7.000000e+000  9.935304e-001 -3.098836e+001
      vertex  1.000000e+000  9.935304e-001 -3.098836e+001
      vertex -7.000000e+000  1.398046e+000 -3.026211e+001
    endloop
  endfacet
  facet normal  0.000000e+000 -8.736228e-001  4.866036e-001
    outer loop
      vertex -7.000000e+000  1.398046e+000 -3.026211e+001
      vertex  1.000000e+000  9.935304e-001 -3.098836e+001
      vertex  1.000000e+000  1.398046e+000 -3.026211e+001
    endloop
  endfacet
  facet normal  0.000000e+000 -8.249972e-001  5.651368e-001
    outer loop
      vertex -7.000000e+000  1.398046e+000 -3.026211e+001
      vertex  1.000000e+000  1.398046e+000 -3.026211e+001
      vertex -7.000000e+000  1.867845e+000 -2.957629e+001
    endloop
  endfacet
  facet normal  0.000000e+000 -8.249972e-001  5.651368e-001
    outer loop
      vertex -7.000000e+000  1.867845e+000 -2.957629e+001
      vertex  1.000000e+000  1.398046e+000 -3.026211e+001
      vertex  1.000000e+000  1.867845e+000 -2.957629e+001
    endloop
  endfacet
  facet normal  0.000000e+000 -7.693340e-001  6.388468e-001
    outer loop
      vertex -7.000000e+000  1.867845e+000 -2.957629e+001
      vertex  1.000000e+000  1.867845e+000 -2.957629e+001
      vertex -7.000000e+000  2.398920e+000 -2.893674e+001
    endloop
  endfacet
  facet normal  0.000000e+000 -7.693340e-001  6.388468e-001
    outer loop
      vertex -7.000000e+000  2.398920e+000 -2.893674e+001
      vertex  1.000000e+000  1.867845e+000 -2.957629e+001
      vertex  1.000000e+000  2.398920e+000 -2.893674e+001
    endloop
  endfacet
  facet normal  0.000000e+000 -7.071072e-001  7.071064e-001
    outer loop
      vertex -7.000000e+000  2.398920e+000 -2.893674e+001
      vertex  1.000000e+000  2.398920e+000 -2.893674e+001
      vertex -7.000000e+000  2.986739e+000 -2.834892e+001
    endloop
  endfacet
  facet normal  0.000000e+000 -7.071072e-001  7.071064e-001
    outer loop
      vertex -7.000000e+000  2.986739e+000 -2.834892e+001
      vertex  1.000000e+000  2.398920e+000 -2.893674e+001
      vertex  1.000000e+000  2.986739e+000 -2.834892e+001
    endloop
  endfacet
  facet normal  0.000000e+000 -6.388467e-001  7.693341e-001
    outer loop
      vertex -7.000000e+000  2.986739e+000 -2.834892e+001
      vertex  1.000000e+000  2.986739e+000 -2.834892e+001
      vertex -7.000000e+000  3.626288e+000 -2.781784e+001
    endloop
  endfacet
  facet normal  0.000000e+000 -6.388467e-001  7.693341e-001
    outer loop
      vertex -7.000000e+000  3.626288e+000 -2.781784e+001
      vertex  1.000000e+000  2.986739e+000 -2.834892e+001
      vertex  1.000000e+000  3.626288e+000 -2.781784e+001
    endloop
  endfacet
  facet normal  0.000000e+000 -5.651363e-001  8.249975e-001
    outer loop
      vertex -7.000000e+000  3.626288e+000 -2.781784e+001
      vertex  1.000000e+000  3.626288e+000 -2.781784e+001
      vertex -7.000000e+000  4.312110e+000 -2.734805e+001
    endloop
  endfacet
  facet normal  0.000000e+000 -5.651363e-001  8.249975e-001
    outer loop
      vertex -7.000000e+000  4.312110e+000 -2.734805e+001
      vertex  1.000000e+000  3.626288e+000 -2.781784e+001
      vertex  1.000000e+000  4.312110e+000 -2.734805e+001
    endloop
  endfacet
  facet normal  0.000000e+000 -4.866034e-001  8.736230e-001
    outer loop
      vertex -7.000000e+000  4.312110e+000 -2.734805e+001
      vertex  1.000000e+000  4.312110e+000 -2.734805e+001
      vertex -7.000000e+000  5.038355e+000 -2.694353e+001
    endloop
  endfacet
  facet normal  0.000000e+000 -4.866034e-001  8.736230e-001
    outer loop
      vertex -7.000000e+000  5.038355e+000 -2.694353e+001
      vertex  1.000000e+000  4.312110e+000 -2.734805e+001
      vertex  1.000000e+000  5.038355e+000 -2.694353e+001
    endloop
  endfacet
  facet normal  0.000000e+000 -4.039218e-001  9.147936e-001
    outer loop
      vertex -7.000000e+000  5.038355e+000 -2.694353e+001
      vertex  1.000000e+000  5.038355e+000 -2.694353e+001
      vertex -7.000000e+000  5.798825e+000 -2.660775e+001
    endloop
  endfacet
  facet normal  0.000000e+000 -4.039218e-001  9.147936e-001
    outer loop
      vertex -7.000000e+000  5.798825e+000 -2.660775e+001
      vertex  1.000000e+000  5.038355e+000 -2.694353e+001
      vertex  1.000000e+000  5.798825e+000 -2.660775e+001
    endloop
  endfacet
  facet normal  0.000000e+000 -3.177917e-001  9.481605e-001
    outer loop
      vertex -7.000000e+000  5.798825e+000 -2.660775e+001
      vertex  1.000000e+000  5.798825e+000 -2.660775e+001
      vertex -7.000000e+000  6.587033e+000 -2.634357e+001
    endloop
  endfacet
  facet normal  0.000000e+000 -3.177917e-001  9.481605e-001
    outer loop
      vertex -7.000000e+000  6.587033e+000 -2.634357e+001
      vertex  1.000000e+000  5.798825e+000 -2.660775e+001
      vertex  1.000000e+000  6.587033e+000 -2.634357e+001
    endloop
  endfacet
  facet normal  0.000000e+000 -2.289501e-001  9.734381e-001
    outer loop
      vertex -7.000000e+000  6.587033e+000 -2.634357e+001
      vertex  1.000000e+000  6.587033e+000 -2.634357e+001
      vertex -7.000000e+000  7.396255e+000 -2.615324e+001
    endloop
  endfacet
  facet normal  0.000000e+000 -2.289501e-001  9.734381e-001
    outer loop
      vertex -7.000000e+000  7.396255e+000 -2.615324e+001
      vertex  1.000000e+000  6.587033e+000 -2.634357e+001
      vertex  1.000000e+000  7.396255e+000 -2.615324e+001
    endloop
  endfacet
  facet normal  0.000000e+000 -1.381557e-001  9.904105e-001
    outer loop
      vertex -7.000000e+000  7.396255e+000 -2.615324e+001
      vertex  1.000000e+000  7.396255e+000 -2.615324e+001
      vertex -7.000000e+000  8.219584e+000 -2.603839e+001
    endloop
  endfacet
  facet normal  0.000000e+000 -1.381557e-001  9.904105e-001
    outer loop
      vertex -7.000000e+000  8.219584e+000 -2.603839e+001
      vertex  1.000000e+000  7.396255e+000 -2.615324e+001
      vertex  1.000000e+000  8.219584e+000 -2.603839e+001
    endloop
  endfacet
  facet normal  0.000000e+000 -4.618416e-002  9.989330e-001
    outer loop
      vertex -7.000000e+000  8.219584e+000 -2.603839e+001
      vertex  1.000000e+000  8.219584e+000 -2.603839e+001
      vertex -7.000000e+000  9.050000e+000 -2.600000e+001
    endloop
  endfacet
  facet normal  0.000000e+000 -4.618416e-002  9.989330e-001
    outer loop
      vertex -7.000000e+000  9.050000e+000 -2.600000e+001
      vertex  1.000000e+000  8.219584e+000 -2.603839e+001
      vertex  1.000000e+000  9.050000e+000 -2.600000e+001
    endloop
  endfacet
  facet normal  0.000000e+000  4.618422e-002  9.989330e-001
    outer loop
      vertex -7.000000e+000  9.050000e+000 -2.600000e+001
      vertex  1.000000e+000  9.050000e+000 -2.600000e+001
      vertex -7.000000e+000  9.880415e+000 -2.603839e+001
    endloop
  endfacet
  facet normal  -0.000000e+000  4.618422e-002  9.989330e-001
    outer loop
      vertex -7.000000e+000  9.880415e+000 -2.603839e+001
      vertex  1.000000e+000  9.050000e+000 -2.600000e+001
      vertex  1.000000e+000  9.880415e+000 -2.603839e+001
    endloop
  endfacet
  facet normal  0.000000e+000  1.381556e-001  9.904104e-001
    outer loop
      vertex -7.000000e+000  9.880415e+000 -2.603839e+001
      vertex  1.000000e+000  9.880415e+000 -2.603839e+001
      vertex -7.000000e+000  1.070375e+001 -2.615324e+001
    endloop
  endfacet
  facet normal  -0.000000e+000  1.381556e-001  9.904104e-001
    outer loop
      vertex -7.000000e+000  1.070375e+001 -2.615324e+001
      vertex  1.000000e+000  9.880415e+000 -2.603839e+001
      vertex  1.000000e+000  1.070375e+001 -2.615324e+001
    endloop
  endfacet
  facet normal  0.000000e+000  2.289501e-001  9.734381e-001
    outer loop
      vertex -7.000000e+000  1.070375e+001 -2.615324e+001
      vertex  1.000000e+000  1.070375e+001 -2.615324e+001
      vertex -7.000000e+000  1.151297e+001 -2.634357e+001
    endloop
  endfacet
  facet normal  -0.000000e+000  2.289501e-001  9.734381e-001
    outer loop
      vertex -7.000000e+000  1.151297e+001 -2.634357e+001
      vertex  1.000000e+000  1.070375e+001 -2.615324e+001
      vertex  1.000000e+000  1.151297e+001 -2.634357e+001
    endloop
  endfacet
  facet normal  0.000000e+000  3.177919e-001  9.481605e-001
    outer loop
      vertex -7.000000e+000  1.151297e+001 -2.634357e+001
      vertex  1.000000e+000  1.151297e+001 -2.634357e+001
      vertex -7.000000e+000  1.230118e+001 -2.660775e+001
    endloop
  endfacet
  facet normal  -0.000000e+000  3.177919e-001  9.481605e-001
    outer loop
      vertex -7.000000e+000  1.230118e+001 -2.660775e+001
      vertex  1.000000e+000  1.151297e+001 -2.634357e+001
      vertex  1.000000e+000  1.230118e+001 -2.660775e+001
    endloop
  endfacet
  facet normal  0.000000e+000  4.039216e-001  9.147936e-001
    outer loop
      vertex -7.000000e+000  1.230118e+001 -2.660775e+001
      vertex  1.000000e+000  1.230118e+001 -2.660775e+001
      vertex -7.000000e+000  1.306165e+001 -2.694353e+001
    endloop
  endfacet
  facet normal  -0.000000e+000  4.039216e-001  9.147936e-001
    outer loop
      vertex -7.000000e+000  1.306165e+001 -2.694353e+001
      vertex  1.000000e+000  1.230118e+001 -2.660775e+001
      vertex  1.000000e+000  1.306165e+001 -2.694353e+001
    endloop
  endfacet
  facet normal  0.000000e+000  4.866036e-001  8.736229e-001
    outer loop
      vertex -7.000000e+000  1.306165e+001 -2.694353e+001
      vertex  1.000000e+000  1.306165e+001 -2.694353e+001
      vertex -7.000000e+000  1.378789e+001 -2.734805e+001
    endloop
  endfacet
  facet normal  -0.000000e+000  4.866036e-001  8.736229e-001
    outer loop
      vertex -7.000000e+000  1.378789e+001 -2.734805e+001
      vertex  1.000000e+000  1.306165e+001 -2.694353e+001
      vertex  1.000000e+000  1.378789e+001 -2.734805e+001
    endloop
  endfacet
  facet normal  0.000000e+000  5.651361e-001  8.249975e-001
    outer loop
      vertex -7.000000e+000  1.378789e+001 -2.734805e+001
      vertex  1.000000e+000  1.378789e+001 -2.734805e+001
      vertex -7.000000e+000  1.447371e+001 -2.781784e+001
    endloop
  endfacet
  facet normal  -0.000000e+000  5.651361e-001  8.249975e-001
    outer loop
      vertex -7.000000e+000  1.447371e+001 -2.781784e+001
      vertex  1.000000e+000  1.378789e+001 -2.734805e+001
      vertex  1.000000e+000  1.447371e+001 -2.781784e+001
    endloop
  endfacet
  facet normal  0.000000e+000  6.388465e-001  7.693343e-001
    outer loop
      vertex -7.000000e+000  1.447371e+001 -2.781784e+001
      vertex  1.000000e+000  1.447371e+001 -2.781784e+001
      vertex -7.000000e+000  1.511326e+001 -2.834892e+001
    endloop
  endfacet
  facet normal  -0.000000e+000  6.388465e-001  7.693343e-001
    outer loop
      vertex -7.000000e+000  1.511326e+001 -2.834892e+001
      vertex  1.000000e+000  1.447371e+001 -2.781784e+001
      vertex  1.000000e+000  1.511326e+001 -2.834892e+001
    endloop
  endfacet
  facet normal  0.000000e+000  7.071074e-001  7.071062e-001
    outer loop
      vertex -7.000000e+000  1.511326e+001 -2.834892e+001
      vertex  1.000000e+000  1.511326e+001 -2.834892e+001
      vertex -7.000000e+000  1.570108e+001 -2.893674e+001
    endloop
  endfacet
  facet normal  -0.000000e+000  7.071074e-001  7.071062e-001
    outer loop
      vertex -7.000000e+000  1.570108e+001 -2.893674e+001
      vertex  1.000000e+000  1.511326e+001 -2.834892e+001
      vertex  1.000000e+000  1.570108e+001 -2.893674e+001
    endloop
  endfacet
  facet normal  0.000000e+000  7.693343e-001  6.388465e-001
    outer loop
      vertex -7.000000e+000  1.570108e+001 -2.893674e+001
      vertex  1.000000e+000  1.570108e+001 -2.893674e+001
      vertex -7.000000e+000  1.623215e+001 -2.957629e+001
    endloop
  endfacet
  facet normal  -0.000000e+000  7.693343e-001  6.388465e-001
    outer loop
      vertex -7.000000e+000  1.623215e+001 -2.957629e+001
      vertex  1.000000e+000  1.570108e+001 -2.893674e+001
      vertex  1.000000e+000  1.623215e+001 -2.957629e+001
    endloop
  endfacet
  facet normal  0.000000e+000  8.249972e-001  5.651367e-001
    outer loop
      vertex -7.000000e+000  1.623215e+001 -2.957629e+001
      vertex  1.000000e+000  1.623215e+001 -2.957629e+001
      vertex -7.000000e+000  1.670195e+001 -3.026211e+001
    endloop
  endfacet
  facet normal  -0.000000e+000  8.249972e-001  5.651367e-001
    outer loop
      vertex -7.000000e+000  1.670195e+001 -3.026211e+001
      vertex  1.000000e+000  1.623215e+001 -2.957629e+001
      vertex  1.000000e+000  1.670195e+001 -3.026211e+001
    endloop
  endfacet
  facet normal  0.000000e+000  8.736224e-001  4.866044e-001
    outer loop
      vertex -7.000000e+000  1.670195e+001 -3.026211e+001
      vertex  1.000000e+000  1.670195e+001 -3.026211e+001
      vertex -7.000000e+000  1.710647e+001 -3.098836e+001
    endloop
  endfacet
  facet normal  -0.000000e+000  8.736224e-001  4.866044e-001
    outer loop
      vertex -7.000000e+000  1.710647e+001 -3.098836e+001
      vertex  1.000000e+000  1.670195e+001 -3.026211e+001
      vertex  1.000000e+000  1.710647e+001 -3.098836e+001
    endloop
  endfacet
  facet normal  0.000000e+000  9.147943e-001  4.039201e-001
    outer loop
      vertex -7.000000e+000  1.710647e+001 -3.098836e+001
      vertex  1.000000e+000  1.710647e+001 -3.098836e+001
      vertex -7.000000e+000  1.744225e+001 -3.174883e+001
    endloop
  endfacet
  facet normal  -0.000000e+000  9.147943e-001  4.039201e-001
    outer loop
      vertex -7.000000e+000  1.744225e+001 -3.174883e+001
      vertex  1.000000e+000  1.710647e+001 -3.098836e+001
      vertex  1.000000e+000  1.744225e+001 -3.174883e+001
    endloop
  endfacet
  facet normal  0.000000e+000  9.481605e-001  3.177919e-001
    outer loop
      vertex -7.000000e+000  1.744225e+001 -3.174883e+001
      vertex  1.000000e+000  1.744225e+001 -3.174883e+001
      vertex -7.000000e+000  1.770643e+001 -3.253703e+001
    endloop
  endfacet
  facet normal  -0.000000e+000  9.481605e-001  3.177919e-001
    outer loop
      vertex -7.000000e+000  1.770643e+001 -3.253703e+001
      vertex  1.000000e+000  1.744225e+001 -3.174883e+001
      vertex  1.000000e+000  1.770643e+001 -3.253703e+001
    endloop
  endfacet
  facet normal  0.000000e+000  9.734381e-001  2.289506e-001
    outer loop
      vertex -7.000000e+000  1.770643e+001 -3.253703e+001
      vertex  1.000000e+000  1.770643e+001 -3.253703e+001
      vertex -7.000000e+000  1.789676e+001 -3.334625e+001
    endloop
  endfacet
  facet normal  -0.000000e+000  9.734381e-001  2.289506e-001
    outer loop
      vertex -7.000000e+000  1.789676e+001 -3.334625e+001
      vertex  1.000000e+000  1.770643e+001 -3.253703e+001
      vertex  1.000000e+000  1.789676e+001 -3.334625e+001
    endloop
  endfacet
  facet normal  0.000000e+000  9.904104e-001  1.381574e-001
    outer loop
      vertex -7.000000e+000  1.789676e+001 -3.334625e+001
      vertex  1.000000e+000  1.789676e+001 -3.334625e+001
      vertex -7.000000e+000  1.801161e+001 -3.416959e+001
    endloop
  endfacet
  facet normal  -0.000000e+000  9.904104e-001  1.381574e-001
    outer loop
      vertex -7.000000e+000  1.801161e+001 -3.416959e+001
      vertex  1.000000e+000  1.789676e+001 -3.334625e+001
      vertex  1.000000e+000  1.801161e+001 -3.416959e+001
    endloop
  endfacet
  facet normal  0.000000e+000  9.989330e-001  4.618198e-002
    outer loop
      vertex -7.000000e+000  1.801161e+001 -3.416959e+001
      vertex  1.000000e+000  1.801161e+001 -3.416959e+001
      vertex -7.000000e+000  1.805000e+001 -3.500000e+001
    endloop
  endfacet
  facet normal  -0.000000e+000  9.989330e-001  4.618198e-002
    outer loop
      vertex -7.000000e+000  1.805000e+001 -3.500000e+001
      vertex  1.000000e+000  1.801161e+001 -3.416959e+001
      vertex  1.000000e+000  1.805000e+001 -3.500000e+001
    endloop
  endfacet
  facet normal  1.000000e+000  0.000000e+000  0.000000e+000
    outer loop
      vertex  1.500000e+001  7.202241e+000 -2.623463e+001
      vertex  1.500000e+001 -1.947488e+001 -2.747795e+001
      vertex  1.500000e+001  7.088429e+000 -2.660982e+001
    endloop
  endfacet
  facet normal  1.000000e+000  0.000000e+000  0.000000e+000
    outer loop
      vertex  1.500000e+001  7.050000e+000 -2.700000e+001
      vertex  1.500000e+001  7.088429e+000 -2.660982e+001
      vertex  1.500000e+001 -1.947488e+001 -2.747795e+001
    endloop
  endfacet
  facet normal  9.999999e-001  0.000000e+000  0.000000e+000
    outer loop
      vertex  1.500000e+001  2.704039e+001 -3.478104e+001
      vertex  1.500000e+001  2.704039e+001 -3.521896e+001
      vertex  1.500000e+001  3.055000e+001 -3.500000e+001
    endloop
  endfacet
  facet normal  1.000000e+000  0.000000e+000  -0.000000e+000
    outer loop
      vertex  1.500000e+001  1.105000e+001 -3.858974e+001
      vertex  1.500000e+001  2.919010e+001 -3.880387e+001
      vertex  1.500000e+001  2.959414e+001 -3.824910e+001
    endloop
  endfacet
  facet normal  9.999999e-001  0.000000e+000  0.000000e+000
    outer loop
      vertex  1.500000e+001  2.474968e+001 -3.250799e+001
      vertex  1.500000e+001  3.019980e+001 -3.298018e+001
      vertex  1.500000e+001  2.993218e+001 -3.234819e+001
    endloop
  endfacet
  facet normal  9.999999e-001  0.000000e+000  0.000000e+000
    outer loop
      vertex  1.500000e+001  2.474968e+001 -3.250799e+001
      vertex  1.500000e+001  2.993218e+001 -3.234819e+001
      vertex  1.500000e+001  2.959414e+001 -3.175090e+001
    endloop
  endfacet
  facet normal  1.000000e+000  0.000000e+000  0.000000e+000
    outer loop
      vertex  1.500000e+001  2.474968e+001 -3.250799e+001
      vertex  1.500000e+001  2.959414e+001 -3.175090e+001
      vertex  1.500000e+001  2.919010e+001 -3.119612e+001
    endloop
  endfacet
  facet normal  1.000000e+000  0.000000e+000  0.000000e+000
    outer loop
      vertex  1.500000e+001  2.474968e+001 -3.250799e+001
      vertex  1.500000e+001  2.919010e+001 -3.119612e+001
      vertex  1.500000e+001  1.105000e+001 -3.141026e+001
    endloop
  endfacet
  facet normal  1.000000e+000  -0.000000e+000  -0.000000e+000
    outer loop
      vertex  1.500000e+001 -1.854892e+001 -4.541872e+001
      vertex  1.500000e+001 -1.797522e+001 -4.682742e+001
      vertex  1.500000e+001 -1.732967e+001 -4.820467e+001
    endloop
  endfacet
  facet normal  1.000000e+000  -0.000000e+000  -0.000000e+000
    outer loop
      vertex  1.500000e+001 -1.854892e+001 -4.541872e+001
      vertex  1.500000e+001 -1.732967e+001 -4.820467e+001
      vertex  1.500000e+001 -1.661399e+001 -4.954682e+001
    endloop
  endfacet
  facet normal  1.000000e+000  -0.000000e+000  -0.000000e+000
    outer loop
      vertex  1.500000e+001 -1.854892e+001 -4.541872e+001
      vertex  1.500000e+001 -1.661399e+001 -4.954682e+001
      vertex  1.500000e+001 -1.583008e+001 -5.085029e+001
    endloop
  endfacet
  facet normal  1.000000e+000  0.000000e+000  -0.000000e+000
    outer loop
      vertex  1.500000e+001 -1.854892e+001 -4.541872e+001
      vertex  1.500000e+001 -1.583008e+001 -5.085029e+001
      vertex  1.500000e+001  8.992979e+000 -5.081603e+001
    endloop
  endfacet
  facet normal  1.000000e+000  0.000000e+000  -0.000000e+000
    outer loop
      vertex  1.500000e+001 -1.854892e+001 -4.541872e+001
      vertex  1.500000e+001  8.992979e+000 -5.081603e+001
      vertex  1.500000e+001  1.014050e+001 -4.972789e+001
    endloop
  endfacet
  facet normal  1.000000e+000  0.000000e+000  0.000000e+000
    outer loop
      vertex  1.500000e+001 -1.854892e+001 -4.541872e+001
      vertex  1.500000e+001  1.014050e+001 -4.972789e+001
      vertex  1.500000e+001  9.050000e+000 -4.500000e+001
    endloop
  endfacet
  facet normal  1.000000e+000  0.000000e+000  0.000000e+000
    outer loop
      vertex  1.500000e+001 -1.854892e+001 -4.541872e+001
      vertex  1.500000e+001  9.050000e+000 -4.500000e+001
      vertex  1.500000e+001  8.659820e+000 -4.496157e+001
    endloop
  endfacet
  facet normal  9.999999e-001  0.000000e+000  0.000000e+000
    outer loop
      vertex  1.500000e+001 -1.854892e+001 -4.541872e+001
      vertex  1.500000e+001  8.659820e+000 -4.496157e+001
      vertex  1.500000e+001  8.284633e+000 -4.484776e+001
    endloop
  endfacet
  facet normal  1.000000e+000  0.000000e+000  0.000000e+000
    outer loop
      vertex  1.500000e+001 -1.854892e+001 -4.541872e+001
      vertex  1.500000e+001  8.284633e+000 -4.484776e+001
      vertex  1.500000e+001  7.938859e+000 -4.466294e+001
    endloop
  endfacet
  facet normal  9.999999e-001  0.000000e+000  0.000000e+000
    outer loop
      vertex  1.500000e+001 -1.854892e+001 -4.541872e+001
      vertex  1.500000e+001  7.938859e+000 -4.466294e+001
      vertex  1.500000e+001  7.635787e+000 -4.441422e+001
    endloop
  endfacet
  facet normal  1.000000e+000  0.000000e+000  0.000000e+000
    outer loop
      vertex  1.500000e+001 -1.854892e+001 -4.541872e+001
      vertex  1.500000e+001  7.635787e+000 -4.441422e+001
      vertex  1.500000e+001  7.387061e+000 -4.411114e+001
    endloop
  endfacet
  facet normal  1.000000e+000  0.000000e+000  0.000000e+000
    outer loop
      vertex  1.500000e+001 -1.854892e+001 -4.541872e+001
      vertex  1.500000e+001  7.387061e+000 -4.411114e+001
      vertex  1.500000e+001 -1.904925e+001 -4.398232e+001
    endloop
  endfacet
  facet normal  1.000000e+000  0.000000e+000  0.000000e+000
    outer loop
      vertex  1.500000e+001  9.050000e+000 -2.500000e+001
      vertex  1.500000e+001  1.758241e+001 -2.553908e+001
      vertex  1.500000e+001  1.627014e+001 -2.478721e+001
    endloop
  endfacet
  facet normal  1.000000e+000  0.000000e+000  0.000000e+000
    outer loop
      vertex  1.500000e+001  9.050000e+000 -2.500000e+001
      vertex  1.500000e+001  1.627014e+001 -2.478721e+001
      vertex  1.500000e+001  1.500239e+001 -2.399911e+001
    endloop
  endfacet
  facet normal  1.000000e+000  0.000000e+000  0.000000e+000
    outer loop
      vertex  1.500000e+001  9.050000e+000 -2.500000e+001
      vertex  1.500000e+001  1.500239e+001 -2.399911e+001
      vertex  1.500000e+001  1.377916e+001 -2.317477e+001
    endloop
  endfacet
  facet normal  1.000000e+000  0.000000e+000  0.000000e+000
    outer loop
      vertex  1.500000e+001  9.050000e+000 -2.500000e+001
      vertex  1.500000e+001  1.377916e+001 -2.317477e+001
      vertex  1.500000e+001  1.260045e+001 -2.231421e+001
    endloop
  endfacet
  facet normal  1.000000e+000  0.000000e+000  0.000000e+000
    outer loop
      vertex  1.500000e+001  9.050000e+000 -2.500000e+001
      vertex  1.500000e+001  1.260045e+001 -2.231421e+001
      vertex  1.500000e+001  1.134299e+001 -2.131553e+001
    endloop
  endfacet
  facet normal  9.999999e-001  0.000000e+000  0.000000e+000
    outer loop
      vertex  1.500000e+001  9.050000e+000 -2.500000e+001
      vertex  1.500000e+001  1.134299e+001 -2.131553e+001
      vertex  1.500000e+001  1.014050e+001 -2.027211e+001
    endloop
  endfacet
  facet normal  1.000000e+000  0.000000e+000  0.000000e+000
    outer loop
      vertex  1.500000e+001  9.050000e+000 -2.500000e+001
      vertex  1.500000e+001  1.014050e+001 -2.027211e+001
      vertex  1.500000e+001  8.992979e+000 -1.918397e+001
    endloop
  endfacet
  facet normal  1.000000e+000  0.000000e+000  0.000000e+000
    outer loop
      vertex  1.500000e+001  9.050000e+000 -2.500000e+001
      vertex  1.500000e+001  8.992979e+000 -1.918397e+001
      vertex  1.500000e+001 -1.661399e+001 -2.045318e+001
    endloop
  endfacet
  facet normal  1.000000e+000  0.000000e+000  0.000000e+000
    outer loop
      vertex  1.500000e+001  9.050000e+000 -2.500000e+001
      vertex  1.500000e+001 -1.661399e+001 -2.045318e+001
      vertex  1.500000e+001 -1.732967e+001 -2.179533e+001
    endloop
  endfacet
  facet normal  1.000000e+000  0.000000e+000  0.000000e+000
    outer loop
      vertex  1.500000e+001  9.050000e+000 -2.500000e+001
      vertex  1.500000e+001 -1.732967e+001 -2.179533e+001
      vertex  1.500000e+001 -1.797522e+001 -2.317259e+001
    endloop
  endfacet
  facet normal  1.000000e+000  0.000000e+000  0.000000e+000
    outer loop
      vertex  1.500000e+001  9.050000e+000 -2.500000e+001
      vertex  1.500000e+001 -1.797522e+001 -2.317259e+001
      vertex  1.500000e+001 -1.854892e+001 -2.458128e+001
    endloop
  endfacet
  facet normal  1.000000e+000  0.000000e+000  0.000000e+000
    outer loop
      vertex  1.500000e+001 -1.904925e+001 -2.601768e+001
      vertex  1.500000e+001 -1.947488e+001 -2.747795e+001
      vertex  1.500000e+001  7.202241e+000 -2.623463e+001
    endloop
  endfacet
  facet normal  1.000000e+000  0.000000e+000  -0.000000e+000
    outer loop
      vertex  1.500000e+001 -1.904925e+001 -2.601768e+001
      vertex  1.500000e+001  7.202241e+000 -2.623463e+001
      vertex  1.500000e+001  7.387061e+000 -2.588886e+001
    endloop
  endfacet
  facet normal  1.000000e+000  0.000000e+000  -0.000000e+000
    outer loop
      vertex  1.500000e+001 -1.904925e+001 -2.601768e+001
      vertex  1.500000e+001  7.387061e+000 -2.588886e+001
      vertex  1.500000e+001  7.635787e+000 -2.558579e+001
    endloop
  endfacet
  facet normal  1.000000e+000  0.000000e+000  -0.000000e+000
    outer loop
      vertex  1.500000e+001 -1.904925e+001 -2.601768e+001
      vertex  1.500000e+001  7.635787e+000 -2.558579e+001
      vertex  1.500000e+001  7.938859e+000 -2.533706e+001
    endloop
  endfacet
  facet normal  1.000000e+000  0.000000e+000  -0.000000e+000
    outer loop
      vertex  1.500000e+001 -1.904925e+001 -2.601768e+001
      vertex  1.500000e+001  7.938859e+000 -2.533706e+001
      vertex  1.500000e+001  8.284633e+000 -2.515224e+001
    endloop
  endfacet
  facet normal  9.999999e-001  0.000000e+000  -0.000000e+000
    outer loop
      vertex  1.500000e+001 -1.904925e+001 -2.601768e+001
      vertex  1.500000e+001  8.284633e+000 -2.515224e+001
      vertex  1.500000e+001  8.659820e+000 -2.503843e+001
    endloop
  endfacet
  facet normal  1.000000e+000  0.000000e+000  -0.000000e+000
    outer loop
      vertex  1.500000e+001 -1.904925e+001 -2.601768e+001
      vertex  1.500000e+001  8.659820e+000 -2.503843e+001
      vertex  1.500000e+001  9.050000e+000 -2.500000e+001
    endloop
  endfacet
  facet normal  1.000000e+000  0.000000e+000  0.000000e+000
    outer loop
      vertex  1.500000e+001 -1.904925e+001 -2.601768e+001
      vertex  1.500000e+001  9.050000e+000 -2.500000e+001
      vertex  1.500000e+001 -1.854892e+001 -2.458128e+001
    endloop
  endfacet
  facet normal  1.000000e+000  0.000000e+000  -0.000000e+000
    outer loop
      vertex  1.500000e+001 -2.041079e+001 -3.347947e+001
      vertex  1.500000e+001 -8.493555e+000 -3.355990e+001
      vertex  1.500000e+001 -8.210914e+000 -3.322541e+001
    endloop
  endfacet
  facet normal  1.000000e+000  0.000000e+000  -0.000000e+000
    outer loop
      vertex  1.500000e+001 -2.041079e+001 -3.347947e+001
      vertex  1.500000e+001 -8.210914e+000 -3.322541e+001
      vertex  1.500000e+001 -7.874240e+000 -3.294536e+001
    endloop
  endfacet
  facet normal  1.000000e+000  0.000000e+000  -0.000000e+000
    outer loop
      vertex  1.500000e+001 -2.041079e+001 -3.347947e+001
      vertex  1.500000e+001 -7.874240e+000 -3.294536e+001
      vertex  1.500000e+001 -7.493865e+000 -3.272836e+001
    endloop
  endfacet
  facet normal  1.000000e+000  0.000000e+000  -0.000000e+000
    outer loop
      vertex  1.500000e+001 -2.041079e+001 -3.347947e+001
      vertex  1.500000e+001 -7.493865e+000 -3.272836e+001
      vertex  1.500000e+001 -7.081460e+000 -3.258106e+001
    endloop
  endfacet
  facet normal  1.000000e+000  0.000000e+000  -0.000000e+000
    outer loop
      vertex  1.500000e+001 -2.041079e+001 -3.347947e+001
      vertex  1.500000e+001 -7.081460e+000 -3.258106e+001
      vertex  1.500000e+001 -6.649681e+000 -3.250799e+001
    endloop
  endfacet
  facet normal  1.000000e+000  0.000000e+000  0.000000e+000
    outer loop
      vertex  1.500000e+001 -2.041079e+001 -3.347947e+001
      vertex  1.500000e+001 -6.649681e+000 -3.250799e+001
      vertex  1.500000e+001 -2.029325e+001 -3.196297e+001
    endloop
  endfacet
  facet normal  1.000000e+000  0.000000e+000  -0.000000e+000
    outer loop
      vertex  1.500000e+001 -2.045000e+001 -3.500000e+001
      vertex  1.500000e+001 -8.940392e+000 -3.521896e+001
      vertex  1.500000e+001 -8.940392e+000 -3.478104e+001
    endloop
  endfacet
  facet normal  1.000000e+000  0.000000e+000  -0.000000e+000
    outer loop
      vertex  1.500000e+001 -2.045000e+001 -3.500000e+001
      vertex  1.500000e+001 -8.940392e+000 -3.478104e+001
      vertex  1.500000e+001 -8.863978e+000 -3.434984e+001
    endloop
  endfacet
  facet normal  9.999999e-001  0.000000e+000  -0.000000e+000
    outer loop
      vertex  1.500000e+001 -2.045000e+001 -3.500000e+001
      vertex  1.500000e+001 -8.863978e+000 -3.434984e+001
      vertex  1.500000e+001 -8.713493e+000 -3.393859e+001
    endloop
  endfacet
  facet normal  1.000000e+000  0.000000e+000  -0.000000e+000
    outer loop
      vertex  1.500000e+001 -2.045000e+001 -3.500000e+001
      vertex  1.500000e+001 -8.713493e+000 -3.393859e+001
      vertex  1.500000e+001 -8.493555e+000 -3.355990e+001
    endloop
  endfacet
  facet normal  1.000000e+000  0.000000e+000  0.000000e+000
    outer loop
      vertex  1.500000e+001 -2.045000e+001 -3.500000e+001
      vertex  1.500000e+001 -8.493555e+000 -3.355990e+001
      vertex  1.500000e+001 -2.041079e+001 -3.347947e+001
    endloop
  endfacet
  facet normal  1.000000e+000  0.000000e+000  -0.000000e+000
    outer loop
      vertex  1.500000e+001 -2.041079e+001 -3.652053e+001
      vertex  1.500000e+001 -2.029325e+001 -3.803703e+001
      vertex  1.500000e+001 -8.210914e+000 -3.677459e+001
    endloop
  endfacet
  facet normal  1.000000e+000  0.000000e+000  0.000000e+000
    outer loop
      vertex  1.500000e+001 -2.041079e+001 -3.652053e+001
      vertex  1.500000e+001 -8.210914e+000 -3.677459e+001
      vertex  1.500000e+001 -8.493555e+000 -3.644010e+001
    endloop
  endfacet
  facet normal  1.000000e+000  0.000000e+000  0.000000e+000
    outer loop
      vertex  1.500000e+001 -2.041079e+001 -3.652053e+001
      vertex  1.500000e+001 -8.493555e+000 -3.644010e+001
      vertex  1.500000e+001 -8.713493e+000 -3.606141e+001
    endloop
  endfacet
  facet normal  1.000000e+000  0.000000e+000  0.000000e+000
    outer loop
      vertex  1.500000e+001 -2.041079e+001 -3.652053e+001
      vertex  1.500000e+001 -8.713493e+000 -3.606141e+001
      vertex  1.500000e+001 -8.863978e+000 -3.565016e+001
    endloop
  endfacet
  facet normal  9.999999e-001  0.000000e+000  0.000000e+000
    outer loop
      vertex  1.500000e+001 -2.041079e+001 -3.652053e+001
      vertex  1.500000e+001 -8.863978e+000 -3.565016e+001
      vertex  1.500000e+001 -8.940392e+000 -3.521896e+001
    endloop
  endfacet
  facet normal  1.000000e+000  0.000000e+000  0.000000e+000
    outer loop
      vertex  1.500000e+001 -2.041079e+001 -3.652053e+001
      vertex  1.500000e+001 -8.940392e+000 -3.521896e+001
      vertex  1.500000e+001 -2.045000e+001 -3.500000e+001
    endloop
  endfacet
  facet normal  1.000000e+000  0.000000e+000  -0.000000e+000
    outer loop
      vertex  1.500000e+001 -2.029325e+001 -3.803703e+001
      vertex  1.500000e+001 -2.009771e+001 -3.954544e+001
      vertex  1.500000e+001  7.050000e+000 -3.858974e+001
    endloop
  endfacet
  facet normal  1.000000e+000  0.000000e+000  0.000000e+000
    outer loop
      vertex  1.500000e+001 -2.029325e+001 -3.803703e+001
      vertex  1.500000e+001  7.050000e+000 -3.858974e+001
      vertex  1.500000e+001 -6.649681e+000 -3.749201e+001
    endloop
  endfacet
  facet normal  1.000000e+000  0.000000e+000  0.000000e+000
    outer loop
      vertex  1.500000e+001 -2.029325e+001 -3.803703e+001
      vertex  1.500000e+001 -6.649681e+000 -3.749201e+001
      vertex  1.500000e+001 -7.081460e+000 -3.741894e+001
    endloop
  endfacet
  facet normal  1.000000e+000  0.000000e+000  0.000000e+000
    outer loop
      vertex  1.500000e+001 -2.029325e+001 -3.803703e+001
      vertex  1.500000e+001 -7.081460e+000 -3.741894e+001
      vertex  1.500000e+001 -7.493865e+000 -3.727164e+001
    endloop
  endfacet
  facet normal  1.000000e+000  0.000000e+000  0.000000e+000
    outer loop
      vertex  1.500000e+001 -2.029325e+001 -3.803703e+001
      vertex  1.500000e+001 -7.493865e+000 -3.727164e+001
      vertex  1.500000e+001 -7.874240e+000 -3.705464e+001
    endloop
  endfacet
  facet normal  9.999999e-001  0.000000e+000  0.000000e+000
    outer loop
      vertex  1.500000e+001 -2.029325e+001 -3.803703e+001
      vertex  1.500000e+001 -7.874240e+000 -3.705464e+001
      vertex  1.500000e+001 -8.210914e+000 -3.677459e+001
    endloop
  endfacet
  facet normal  1.000000e+000  0.000000e+000  0.000000e+000
    outer loop
      vertex  1.500000e+001 -1.904925e+001 -4.398232e+001
      vertex  1.500000e+001  7.387061e+000 -4.411114e+001
      vertex  1.500000e+001  7.202241e+000 -4.376537e+001
    endloop
  endfacet
  facet normal  1.000000e+000  0.000000e+000  0.000000e+000
    outer loop
      vertex  1.500000e+001 -1.904925e+001 -4.398232e+001
      vertex  1.500000e+001  7.202241e+000 -4.376537e+001
      vertex  1.500000e+001  7.088429e+000 -4.339018e+001
    endloop
  endfacet
  facet normal  1.000000e+000  0.000000e+000  0.000000e+000
    outer loop
      vertex  1.500000e+001 -1.904925e+001 -4.398232e+001
      vertex  1.500000e+001  7.088429e+000 -4.339018e+001
      vertex  1.500000e+001  7.050000e+000 -4.300000e+001
    endloop
  endfacet
  facet normal  1.000000e+000  0.000000e+000  0.000000e+000
    outer loop
      vertex  1.500000e+001 -1.904925e+001 -4.398232e+001
      vertex  1.500000e+001  7.050000e+000 -4.300000e+001
      vertex  1.500000e+001 -1.947488e+001 -4.252205e+001
    endloop
  endfacet
  facet normal  1.000000e+000  0.000000e+000  0.000000e+000
    outer loop
      vertex  1.500000e+001  1.758241e+001 -2.553908e+001
      vertex  1.500000e+001  9.050000e+000 -2.500000e+001
      vertex  1.500000e+001  9.440181e+000 -2.503843e+001
    endloop
  endfacet
  facet normal  1.000000e+000  0.000000e+000  0.000000e+000
    outer loop
      vertex  1.500000e+001  1.758241e+001 -2.553908e+001
      vertex  1.500000e+001  9.440181e+000 -2.503843e+001
      vertex  1.500000e+001  9.815367e+000 -2.515224e+001
    endloop
  endfacet
  facet normal  1.000000e+000  0.000000e+000  0.000000e+000
    outer loop
      vertex  1.500000e+001  1.758241e+001 -2.553908e+001
      vertex  1.500000e+001  9.815367e+000 -2.515224e+001
      vertex  1.500000e+001  1.016114e+001 -2.533706e+001
    endloop
  endfacet
  facet normal  1.000000e+000  0.000000e+000  0.000000e+000
    outer loop
      vertex  1.500000e+001  1.758241e+001 -2.553908e+001
      vertex  1.500000e+001  1.016114e+001 -2.533706e+001
      vertex  1.500000e+001  1.046421e+001 -2.558579e+001
    endloop
  endfacet
  facet normal  1.000000e+000  -0.000000e+000  0.000000e+000
    outer loop
      vertex  1.500000e+001  1.758241e+001 -2.553908e+001
      vertex  1.500000e+001  1.046421e+001 -2.558579e+001
      vertex  1.500000e+001  1.071294e+001 -2.588886e+001
    endloop
  endfacet
  facet normal  1.000000e+000  -0.000000e+000  0.000000e+000
    outer loop
      vertex  1.500000e+001  1.758241e+001 -2.553908e+001
      vertex  1.500000e+001  1.071294e+001 -2.588886e+001
      vertex  1.500000e+001  1.893921e+001 -2.625472e+001
    endloop
  endfacet
  facet normal  1.000000e+000  0.000000e+000  0.000000e+000
    outer loop
      vertex  1.500000e+001  1.105000e+001 -3.141026e+001
      vertex  1.500000e+001  2.919010e+001 -3.119612e+001
      vertex  1.500000e+001  2.872535e+001 -3.069112e+001
    endloop
  endfacet
  facet normal  1.000000e+000  0.000000e+000  0.000000e+000
    outer loop
      vertex  1.500000e+001  1.105000e+001 -3.141026e+001
      vertex  1.500000e+001  2.872535e+001 -3.069112e+001
      vertex  1.500000e+001  2.820597e+001 -3.024249e+001
    endloop
  endfacet
  facet normal  1.000000e+000  0.000000e+000  0.000000e+000
    outer loop
      vertex  1.500000e+001  1.105000e+001 -3.141026e+001
      vertex  1.500000e+001  2.820597e+001 -3.024249e+001
      vertex  1.500000e+001  2.763875e+001 -2.985611e+001
    endloop
  endfacet
  facet normal  1.000000e+000  0.000000e+000  0.000000e+000
    outer loop
      vertex  1.500000e+001  1.105000e+001 -3.141026e+001
      vertex  1.500000e+001  2.763875e+001 -2.985611e+001
      vertex  1.500000e+001  2.703112e+001 -2.953703e+001
    endloop
  endfacet
  facet normal  1.000000e+000  0.000000e+000  0.000000e+000
    outer loop
      vertex  1.500000e+001  1.105000e+001 -3.141026e+001
      vertex  1.500000e+001  2.703112e+001 -2.953703e+001
      vertex  1.500000e+001  2.639102e+001 -2.928943e+001
    endloop
  endfacet
  facet normal  1.000000e+000  0.000000e+000  0.000000e+000
    outer loop
      vertex  1.500000e+001  1.105000e+001 -3.141026e+001
      vertex  1.500000e+001  2.639102e+001 -2.928943e+001
      vertex  1.500000e+001  2.442372e+001 -2.861567e+001
    endloop
  endfacet
  facet normal  9.999999e-001  0.000000e+000  0.000000e+000
    outer loop
      vertex  1.500000e+001  1.105000e+001 -3.141026e+001
      vertex  1.500000e+001  2.442372e+001 -2.861567e+001
      vertex  1.500000e+001  2.252598e+001 -2.788530e+001
    endloop
  endfacet
  facet normal  9.999999e-001  0.000000e+000  0.000000e+000
    outer loop
      vertex  1.500000e+001  1.105000e+001 -3.141026e+001
      vertex  1.500000e+001  2.252598e+001 -2.788530e+001
      vertex  1.500000e+001  2.159551e+001 -2.749557e+001
    endloop
  endfacet
  facet normal  1.000000e+000  0.000000e+000  0.000000e+000
    outer loop
      vertex  1.500000e+001  1.105000e+001 -3.141026e+001
      vertex  1.500000e+001  2.159551e+001 -2.749557e+001
      vertex  1.500000e+001  2.068272e+001 -2.709145e+001
    endloop
  endfacet
  facet normal  1.000000e+000  0.000000e+000  0.000000e+000
    outer loop
      vertex  1.500000e+001  1.105000e+001 -3.141026e+001
      vertex  1.500000e+001  2.068272e+001 -2.709145e+001
      vertex  1.500000e+001  1.105000e+001 -2.700000e+001
    endloop
  endfacet
  facet normal  1.000000e+000  0.000000e+000  0.000000e+000
    outer loop
      vertex  1.500000e+001  3.019980e+001 -3.298018e+001
      vertex  1.500000e+001  2.474968e+001 -3.250799e+001
      vertex  1.500000e+001  2.518146e+001 -3.258106e+001
    endloop
  endfacet
  facet normal  9.999999e-001  0.000000e+000  0.000000e+000
    outer loop
      vertex  1.500000e+001  3.019980e+001 -3.298018e+001
      vertex  1.500000e+001  2.518146e+001 -3.258106e+001
      vertex  1.500000e+001  2.559386e+001 -3.272836e+001
    endloop
  endfacet
  facet normal  1.000000e+000  0.000000e+000  0.000000e+000
    outer loop
      vertex  1.500000e+001  3.019980e+001 -3.298018e+001
      vertex  1.500000e+001  2.559386e+001 -3.272836e+001
      vertex  1.500000e+001  2.597424e+001 -3.294536e+001
    endloop
  endfacet
  facet normal  1.000000e+000  0.000000e+000  0.000000e+000
    outer loop
      vertex  1.500000e+001  3.019980e+001 -3.298018e+001
      vertex  1.500000e+001  2.597424e+001 -3.294536e+001
      vertex  1.500000e+001  2.631091e+001 -3.322541e+001
    endloop
  endfacet
  facet normal  1.000000e+000  -0.000000e+000  0.000000e+000
    outer loop
      vertex  1.500000e+001  3.019980e+001 -3.298018e+001
      vertex  1.500000e+001  2.631091e+001 -3.322541e+001
      vertex  1.500000e+001  3.039351e+001 -3.363858e+001
    endloop
  endfacet
  facet normal  1.000000e+000  0.000000e+000  0.000000e+000
    outer loop
      vertex  1.500000e+001  2.993218e+001 -3.765181e+001
      vertex  1.500000e+001  3.019980e+001 -3.701982e+001
      vertex  1.500000e+001  2.597424e+001 -3.705464e+001
    endloop
  endfacet
  facet normal  1.000000e+000  0.000000e+000  0.000000e+000
    outer loop
      vertex  1.500000e+001  2.993218e+001 -3.765181e+001
      vertex  1.500000e+001  2.597424e+001 -3.705464e+001
      vertex  1.500000e+001  2.559386e+001 -3.727164e+001
    endloop
  endfacet
  facet normal  1.000000e+000  0.000000e+000  0.000000e+000
    outer loop
      vertex  1.500000e+001  2.993218e+001 -3.765181e+001
      vertex  1.500000e+001  2.559386e+001 -3.727164e+001
      vertex  1.500000e+001  2.518146e+001 -3.741894e+001
    endloop
  endfacet
  facet normal  9.999999e-001  0.000000e+000  0.000000e+000
    outer loop
      vertex  1.500000e+001  2.993218e+001 -3.765181e+001
      vertex  1.500000e+001  2.518146e+001 -3.741894e+001
      vertex  1.500000e+001  2.474968e+001 -3.749201e+001
    endloop
  endfacet
  facet normal  1.000000e+000  0.000000e+000  0.000000e+000
    outer loop
      vertex  1.500000e+001  2.993218e+001 -3.765181e+001
      vertex  1.500000e+001  2.474968e+001 -3.749201e+001
      vertex  1.500000e+001  1.105000e+001 -3.858974e+001
    endloop
  endfacet
  facet normal  1.000000e+000  0.000000e+000  0.000000e+000
    outer loop
      vertex  1.500000e+001  2.993218e+001 -3.765181e+001
      vertex  1.500000e+001  1.105000e+001 -3.858974e+001
      vertex  1.500000e+001  2.959414e+001 -3.824910e+001
    endloop
  endfacet
  facet normal  1.000000e+000  0.000000e+000  0.000000e+000
    outer loop
      vertex  1.500000e+001  1.105000e+001 -4.300000e+001
      vertex  1.500000e+001  1.101157e+001 -4.339018e+001
      vertex  1.500000e+001  1.980241e+001 -4.331995e+001
    endloop
  endfacet
  facet normal  1.000000e+000  0.000000e+000  -0.000000e+000
    outer loop
      vertex  1.500000e+001  1.105000e+001 -4.300000e+001
      vertex  1.500000e+001  1.980241e+001 -4.331995e+001
      vertex  1.500000e+001  2.068272e+001 -4.290855e+001
    endloop
  endfacet
  facet normal  1.000000e+000  0.000000e+000  -0.000000e+000
    outer loop
      vertex  1.500000e+001  1.105000e+001 -4.300000e+001
      vertex  1.500000e+001  2.068272e+001 -4.290855e+001
      vertex  1.500000e+001  2.159551e+001 -4.250443e+001
    endloop
  endfacet
  facet normal  1.000000e+000  0.000000e+000  -0.000000e+000
    outer loop
      vertex  1.500000e+001  1.105000e+001 -4.300000e+001
      vertex  1.500000e+001  2.159551e+001 -4.250443e+001
      vertex  1.500000e+001  2.252598e+001 -4.211470e+001
    endloop
  endfacet
  facet normal  9.999999e-001  0.000000e+000  -0.000000e+000
    outer loop
      vertex  1.500000e+001  1.105000e+001 -4.300000e+001
      vertex  1.500000e+001  2.252598e+001 -4.211470e+001
      vertex  1.500000e+001  2.442372e+001 -4.138433e+001
    endloop
  endfacet
  facet normal  1.000000e+000  0.000000e+000  -0.000000e+000
    outer loop
      vertex  1.500000e+001  1.105000e+001 -4.300000e+001
      vertex  1.500000e+001  2.442372e+001 -4.138433e+001
      vertex  1.500000e+001  2.639102e+001 -4.071057e+001
    endloop
  endfacet
  facet normal  1.000000e+000  0.000000e+000  -0.000000e+000
    outer loop
      vertex  1.500000e+001  1.105000e+001 -4.300000e+001
      vertex  1.500000e+001  2.639102e+001 -4.071057e+001
      vertex  1.500000e+001  2.703112e+001 -4.046297e+001
    endloop
  endfacet
  facet normal  1.000000e+000  0.000000e+000  -0.000000e+000
    outer loop
      vertex  1.500000e+001  1.105000e+001 -4.300000e+001
      vertex  1.500000e+001  2.703112e+001 -4.046297e+001
      vertex  1.500000e+001  2.763875e+001 -4.014389e+001
    endloop
  endfacet
  facet normal  1.000000e+000  0.000000e+000  -0.000000e+000
    outer loop
      vertex  1.500000e+001  1.105000e+001 -4.300000e+001
      vertex  1.500000e+001  2.763875e+001 -4.014389e+001
      vertex  1.500000e+001  2.820597e+001 -3.975751e+001
    endloop
  endfacet
  facet normal  1.000000e+000  0.000000e+000  -0.000000e+000
    outer loop
      vertex  1.500000e+001  1.105000e+001 -4.300000e+001
      vertex  1.500000e+001  2.820597e+001 -3.975751e+001
      vertex  1.500000e+001  2.872535e+001 -3.930888e+001
    endloop
  endfacet
  facet normal  1.000000e+000  0.000000e+000  -0.000000e+000
    outer loop
      vertex  1.500000e+001  1.105000e+001 -4.300000e+001
      vertex  1.500000e+001  2.872535e+001 -3.930888e+001
      vertex  1.500000e+001  2.919010e+001 -3.880387e+001
    endloop
  endfacet
  facet normal  1.000000e+000  0.000000e+000  0.000000e+000
    outer loop
      vertex  1.500000e+001  1.105000e+001 -4.300000e+001
      vertex  1.500000e+001  2.919010e+001 -3.880387e+001
      vertex  1.500000e+001  1.105000e+001 -3.858974e+001
    endloop
  endfacet
  facet normal  1.000000e+000  0.000000e+000  0.000000e+000
    outer loop
      vertex  1.500000e+001  1.627014e+001 -4.521279e+001
      vertex  1.500000e+001  1.758241e+001 -4.446091e+001
      vertex  1.500000e+001  1.046421e+001 -4.441422e+001
    endloop
  endfacet
  facet normal  9.999999e-001  0.000000e+000  0.000000e+000
    outer loop
      vertex  1.500000e+001  1.627014e+001 -4.521279e+001
      vertex  1.500000e+001  1.046421e+001 -4.441422e+001
      vertex  1.500000e+001  1.016114e+001 -4.466294e+001
    endloop
  endfacet
  facet normal  1.000000e+000  0.000000e+000  0.000000e+000
    outer loop
      vertex  1.500000e+001  1.627014e+001 -4.521279e+001
      vertex  1.500000e+001  1.016114e+001 -4.466294e+001
      vertex  1.500000e+001  9.815367e+000 -4.484776e+001
    endloop
  endfacet
  facet normal  1.000000e+000  0.000000e+000  0.000000e+000
    outer loop
      vertex  1.500000e+001  1.627014e+001 -4.521279e+001
      vertex  1.500000e+001  9.815367e+000 -4.484776e+001
      vertex  1.500000e+001  9.440181e+000 -4.496157e+001
    endloop
  endfacet
  facet normal  1.000000e+000  0.000000e+000  0.000000e+000
    outer loop
      vertex  1.500000e+001  1.627014e+001 -4.521279e+001
      vertex  1.500000e+001  9.440181e+000 -4.496157e+001
      vertex  1.500000e+001  9.050000e+000 -4.500000e+001
    endloop
  endfacet
  facet normal  1.000000e+000  0.000000e+000  -0.000000e+000
    outer loop
      vertex  1.500000e+001  9.050000e+000 -4.500000e+001
      vertex  1.500000e+001  1.014050e+001 -4.972789e+001
      vertex  1.500000e+001  1.134299e+001 -4.868447e+001
    endloop
  endfacet
  facet normal  1.000000e+000  0.000000e+000  -0.000000e+000
    outer loop
      vertex  1.500000e+001  9.050000e+000 -4.500000e+001
      vertex  1.500000e+001  1.134299e+001 -4.868447e+001
      vertex  1.500000e+001  1.260045e+001 -4.768579e+001
    endloop
  endfacet
  facet normal  1.000000e+000  0.000000e+000  -0.000000e+000
    outer loop
      vertex  1.500000e+001  9.050000e+000 -4.500000e+001
      vertex  1.500000e+001  1.260045e+001 -4.768579e+001
      vertex  1.500000e+001  1.377916e+001 -4.682523e+001
    endloop
  endfacet
  facet normal  1.000000e+000  0.000000e+000  -0.000000e+000
    outer loop
      vertex  1.500000e+001  9.050000e+000 -4.500000e+001
      vertex  1.500000e+001  1.377916e+001 -4.682523e+001
      vertex  1.500000e+001  1.500239e+001 -4.600089e+001
    endloop
  endfacet
  facet normal  1.000000e+000  0.000000e+000  -0.000000e+000
    outer loop
      vertex  1.500000e+001  9.050000e+000 -4.500000e+001
      vertex  1.500000e+001  1.500239e+001 -4.600089e+001
      vertex  1.500000e+001  1.627014e+001 -4.521279e+001
    endloop
  endfacet
  facet normal  1.000000e+000  -0.000000e+000  0.000000e+000
    outer loop
      vertex  1.500000e+001  8.511117e-001 -6.662247e+000
      vertex  1.500000e+001 -5.986177e-001 -7.122515e+000
      vertex  1.500000e+001  1.391829e+000 -7.976104e+000
    endloop
  endfacet
  facet normal  1.000000e+000  0.000000e+000  0.000000e+000
    outer loop
      vertex  1.500000e+001  1.391829e+000 -7.976104e+000
      vertex  1.500000e+001 -5.986177e-001 -7.122515e+000
      vertex  1.500000e+001 -2.022696e+000 -7.656895e+000
    endloop
  endfacet
  facet normal  9.999999e-001  0.000000e+000  0.000000e+000
    outer loop
      vertex  1.500000e+001  1.391829e+000 -7.976104e+000
      vertex  1.500000e+001 -2.022696e+000 -7.656895e+000
      vertex  1.500000e+001 -3.417338e+000 -8.263967e+000
    endloop
  endfacet
  facet normal  1.000000e+000  -0.000000e+000  0.000000e+000
    outer loop
      vertex  1.500000e+001  1.391829e+000 -7.976104e+000
      vertex  1.500000e+001 -3.417338e+000 -8.263967e+000
      vertex  1.500000e+001  1.973903e+000 -9.256306e+000
    endloop
  endfacet
  facet normal  1.000000e+000  0.000000e+000  0.000000e+000
    outer loop
      vertex  1.500000e+001  1.973903e+000 -9.256306e+000
      vertex  1.500000e+001 -3.417338e+000 -8.263967e+000
      vertex  1.500000e+001 -4.778835e+000 -8.942116e+000
    endloop
  endfacet
  facet normal  1.000000e+000  0.000000e+000  0.000000e+000
    outer loop
      vertex  1.500000e+001  1.973903e+000 -9.256306e+000
      vertex  1.500000e+001 -4.778835e+000 -8.942116e+000
      vertex  1.500000e+001  2.597332e+000 -1.050285e+001
    endloop
  endfacet
  facet normal  1.000000e+000  0.000000e+000  0.000000e+000
    outer loop
      vertex  1.500000e+001  2.597332e+000 -1.050285e+001
      vertex  1.500000e+001 -4.778835e+000 -8.942116e+000
      vertex  1.500000e+001 -6.103569e+000 -9.689541e+000
    endloop
  endfacet
  facet normal  1.000000e+000  0.000000e+000  0.000000e+000
    outer loop
      vertex  1.500000e+001  2.597332e+000 -1.050285e+001
      vertex  1.500000e+001 -6.103569e+000 -9.689541e+000
      vertex  1.500000e+001 -7.388016e+000 -1.050425e+001
    endloop
  endfacet
  facet normal  1.000000e+000  -0.000000e+000  0.000000e+000
    outer loop
      vertex  1.500000e+001  2.597332e+000 -1.050285e+001
      vertex  1.500000e+001 -7.388016e+000 -1.050425e+001
      vertex  1.500000e+001  3.262117e+000 -1.171574e+001
    endloop
  endfacet
  facet normal  9.999999e-001  0.000000e+000  0.000000e+000
    outer loop
      vertex  1.500000e+001  3.262117e+000 -1.171574e+001
      vertex  1.500000e+001 -7.388016e+000 -1.050425e+001
      vertex  1.500000e+001 -8.628763e+000 -1.138409e+001
    endloop
  endfacet
  facet normal  1.000000e+000  0.000000e+000  0.000000e+000
    outer loop
      vertex  1.500000e+001  3.262117e+000 -1.171574e+001
      vertex  1.500000e+001 -8.628763e+000 -1.138409e+001
      vertex  1.500000e+001  4.079846e+000 -1.307228e+001
    endloop
  endfacet
  facet normal  1.000000e+000  0.000000e+000  0.000000e+000
    outer loop
      vertex  1.500000e+001  4.079846e+000 -1.307228e+001
      vertex  1.500000e+001 -8.628763e+000 -1.138409e+001
      vertex  1.500000e+001 -9.822511e+000 -1.232670e+001
    endloop
  endfacet
  facet normal  1.000000e+000  0.000000e+000  0.000000e+000
    outer loop
      vertex  1.500000e+001  4.079846e+000 -1.307228e+001
      vertex  1.500000e+001 -9.822511e+000 -1.232670e+001
      vertex  1.500000e+001 -1.096609e+001 -1.332960e+001
    endloop
  endfacet
  facet normal  1.000000e+000  -0.000000e+000  0.000000e+000
    outer loop
      vertex  1.500000e+001  4.079846e+000 -1.307228e+001
      vertex  1.500000e+001 -1.096609e+001 -1.332960e+001
      vertex  1.500000e+001  4.952541e+000 -1.438408e+001
    endloop
  endfacet
  facet normal  1.000000e+000  0.000000e+000  0.000000e+000
    outer loop
      vertex  1.500000e+001  4.952541e+000 -1.438408e+001
      vertex  1.500000e+001 -1.096609e+001 -1.332960e+001
      vertex  1.500000e+001 -1.205645e+001 -1.439010e+001
    endloop
  endfacet
  facet normal  1.000000e+000  -0.000000e+000  0.000000e+000
    outer loop
      vertex  1.500000e+001  4.952541e+000 -1.438408e+001
      vertex  1.500000e+001 -1.205645e+001 -1.439010e+001
      vertex  1.500000e+001  5.880201e+000 -1.565115e+001
    endloop
  endfacet
  facet normal  1.000000e+000  0.000000e+000  0.000000e+000
    outer loop
      vertex  1.500000e+001  5.880201e+000 -1.565115e+001
      vertex  1.500000e+001 -1.205645e+001 -1.439010e+001
      vertex  1.500000e+001 -1.309070e+001 -1.550540e+001
    endloop
  endfacet
  facet normal  1.000000e+000  0.000000e+000  0.000000e+000
    outer loop
      vertex  1.500000e+001  5.880201e+000 -1.565115e+001
      vertex  1.500000e+001 -1.309070e+001 -1.550540e+001
      vertex  1.500000e+001  6.862828e+000 -1.687349e+001
    endloop
  endfacet
  facet normal  1.000000e+000  0.000000e+000  0.000000e+000
    outer loop
      vertex  1.500000e+001  6.862828e+000 -1.687349e+001
      vertex  1.500000e+001 -1.309070e+001 -1.550540e+001
      vertex  1.500000e+001 -1.406609e+001 -1.667252e+001
    endloop
  endfacet
  facet normal  1.000000e+000  0.000000e+000  0.000000e+000
    outer loop
      vertex  1.500000e+001  6.862828e+000 -1.687349e+001
      vertex  1.500000e+001 -1.406609e+001 -1.667252e+001
      vertex  1.500000e+001  7.900421e+000 -1.805109e+001
    endloop
  endfacet
  facet normal  9.999999e-001  0.000000e+000  0.000000e+000
    outer loop
      vertex  1.500000e+001  7.900421e+000 -1.805109e+001
      vertex  1.500000e+001 -1.406609e+001 -1.667252e+001
      vertex  1.500000e+001 -1.498003e+001 -1.788837e+001
    endloop
  endfacet
  facet normal  9.999999e-001  0.000000e+000  0.000000e+000
    outer loop
      vertex  1.500000e+001  7.900421e+000 -1.805109e+001
      vertex  1.500000e+001 -1.498003e+001 -1.788837e+001
      vertex  1.500000e+001  8.992979e+000 -1.918397e+001
    endloop
  endfacet
  facet normal  1.000000e+000  0.000000e+000  0.000000e+000
    outer loop
      vertex  1.500000e+001  8.992979e+000 -1.918397e+001
      vertex  1.500000e+001 -1.498003e+001 -1.788837e+001
      vertex  1.500000e+001 -1.583008e+001 -1.914971e+001
    endloop
  endfacet
  facet normal  1.000000e+000  0.000000e+000  0.000000e+000
    outer loop
      vertex  1.500000e+001  8.992979e+000 -1.918397e+001
      vertex  1.500000e+001 -1.583008e+001 -1.914971e+001
      vertex  1.500000e+001 -1.661399e+001 -2.045318e+001
    endloop
  endfacet
  facet normal  9.999999e-001  -0.000000e+000  0.000000e+000
    outer loop
      vertex  1.500000e+001  7.050000e+000 -2.700000e+001
      vertex  1.500000e+001 -1.947488e+001 -2.747795e+001
      vertex  1.500000e+001  7.050000e+000 -3.141026e+001
    endloop
  endfacet
  facet normal  1.000000e+000  0.000000e+000  0.000000e+000
    outer loop
      vertex  1.500000e+001  7.050000e+000 -3.141026e+001
      vertex  1.500000e+001 -1.947488e+001 -2.747795e+001
      vertex  1.500000e+001 -1.982468e+001 -2.895822e+001
    endloop
  endfacet
  facet normal  1.000000e+000  0.000000e+000  0.000000e+000
    outer loop
      vertex  1.500000e+001  7.050000e+000 -3.141026e+001
      vertex  1.500000e+001 -1.982468e+001 -2.895822e+001
      vertex  1.500000e+001 -2.009771e+001 -3.045456e+001
    endloop
  endfacet
  facet normal  1.000000e+000  0.000000e+000  0.000000e+000
    outer loop
      vertex  1.500000e+001 -2.029325e+001 -3.196297e+001
      vertex  1.500000e+001 -6.649681e+000 -3.250799e+001
      vertex  1.500000e+001 -2.009771e+001 -3.045456e+001
    endloop
  endfacet
  facet normal  1.000000e+000  0.000000e+000  0.000000e+000
    outer loop
      vertex  1.500000e+001 -2.009771e+001 -3.045456e+001
      vertex  1.500000e+001 -6.649681e+000 -3.250799e+001
      vertex  1.500000e+001  7.050000e+000 -3.141026e+001
    endloop
  endfacet
  facet normal  9.999999e-001  0.000000e+000  0.000000e+000
    outer loop
      vertex  1.500000e+001 -1.982468e+001 -4.104178e+001
      vertex  1.500000e+001 -1.947488e+001 -4.252205e+001
      vertex  1.500000e+001 -2.009771e+001 -3.954544e+001
    endloop
  endfacet
  facet normal  1.000000e+000  0.000000e+000  0.000000e+000
    outer loop
      vertex  1.500000e+001 -2.009771e+001 -3.954544e+001
      vertex  1.500000e+001 -1.947488e+001 -4.252205e+001
      vertex  1.500000e+001  7.050000e+000 -4.300000e+001
    endloop
  endfacet
  facet normal  9.999999e-001  0.000000e+000  -0.000000e+000
    outer loop
      vertex  1.500000e+001 -2.009771e+001 -3.954544e+001
      vertex  1.500000e+001  7.050000e+000 -4.300000e+001
      vertex  1.500000e+001  7.050000e+000 -3.858974e+001
    endloop
  endfacet
  facet normal  1.000000e+000  -0.000000e+000  0.000000e+000
    outer loop
      vertex  1.500000e+001  8.992979e+000 -5.081603e+001
      vertex  1.500000e+001 -1.583008e+001 -5.085029e+001
      vertex  1.500000e+001  7.900421e+000 -5.194891e+001
    endloop
  endfacet
  facet normal  1.000000e+000  0.000000e+000  0.000000e+000
    outer loop
      vertex  1.500000e+001  7.900421e+000 -5.194891e+001
      vertex  1.500000e+001 -1.583008e+001 -5.085029e+001
      vertex  1.500000e+001 -1.498003e+001 -5.211163e+001
    endloop
  endfacet
  facet normal  9.999999e-001  -0.000000e+000  0.000000e+000
    outer loop
      vertex  1.500000e+001  7.900421e+000 -5.194891e+001
      vertex  1.500000e+001 -1.498003e+001 -5.211163e+001
      vertex  1.500000e+001  6.862828e+000 -5.312651e+001
    endloop
  endfacet
  facet normal  1.000000e+000  0.000000e+000  0.000000e+000
    outer loop
      vertex  1.500000e+001  6.862828e+000 -5.312651e+001
      vertex  1.500000e+001 -1.498003e+001 -5.211163e+001
      vertex  1.500000e+001 -1.406609e+001 -5.332748e+001
    endloop
  endfacet
  facet normal  9.999999e-001  -0.000000e+000  0.000000e+000
    outer loop
      vertex  1.500000e+001  6.862828e+000 -5.312651e+001
      vertex  1.500000e+001 -1.406609e+001 -5.332748e+001
      vertex  1.500000e+001  5.880201e+000 -5.434885e+001
    endloop
  endfacet
  facet normal  1.000000e+000  0.000000e+000  0.000000e+000
    outer loop
      vertex  1.500000e+001  5.880201e+000 -5.434885e+001
      vertex  1.500000e+001 -1.406609e+001 -5.332748e+001
      vertex  1.500000e+001 -1.309070e+001 -5.449460e+001
    endloop
  endfacet
  facet normal  1.000000e+000  -0.000000e+000  0.000000e+000
    outer loop
      vertex  1.500000e+001  5.880201e+000 -5.434885e+001
      vertex  1.500000e+001 -1.309070e+001 -5.449460e+001
      vertex  1.500000e+001  4.952541e+000 -5.561592e+001
    endloop
  endfacet
  facet normal  9.999999e-001  0.000000e+000  0.000000e+000
    outer loop
      vertex  1.500000e+001  4.952541e+000 -5.561592e+001
      vertex  1.500000e+001 -1.309070e+001 -5.449460e+001
      vertex  1.500000e+001 -1.205645e+001 -5.560990e+001
    endloop
  endfacet
  facet normal  1.000000e+000  0.000000e+000  0.000000e+000
    outer loop
      vertex  1.500000e+001  4.952541e+000 -5.561592e+001
      vertex  1.500000e+001 -1.205645e+001 -5.560990e+001
      vertex  1.500000e+001  4.079846e+000 -5.692773e+001
    endloop
  endfacet
  facet normal  9.999999e-001  0.000000e+000  0.000000e+000
    outer loop
      vertex  1.500000e+001  4.079846e+000 -5.692773e+001
      vertex  1.500000e+001 -1.205645e+001 -5.560990e+001
      vertex  1.500000e+001 -1.096609e+001 -5.667040e+001
    endloop
  endfacet
  facet normal  1.000000e+000  0.000000e+000  0.000000e+000
    outer loop
      vertex  1.500000e+001  4.079846e+000 -5.692773e+001
      vertex  1.500000e+001 -1.096609e+001 -5.667040e+001
      vertex  1.500000e+001  3.262117e+000 -5.828426e+001
    endloop
  endfacet
  facet normal  1.000000e+000  0.000000e+000  0.000000e+000
    outer loop
      vertex  1.500000e+001  3.262117e+000 -5.828426e+001
      vertex  1.500000e+001 -1.096609e+001 -5.667040e+001
      vertex  1.500000e+001 -9.822511e+000 -5.767329e+001
    endloop
  endfacet
  facet normal  1.000000e+000  0.000000e+000  0.000000e+000
    outer loop
      vertex  1.500000e+001  3.262117e+000 -5.828426e+001
      vertex  1.500000e+001 -9.822511e+000 -5.767329e+001
      vertex  1.500000e+001 -8.628763e+000 -5.861591e+001
    endloop
  endfacet
  facet normal  1.000000e+000  -0.000000e+000  0.000000e+000
    outer loop
      vertex  1.500000e+001  3.262117e+000 -5.828426e+001
      vertex  1.500000e+001 -8.628763e+000 -5.861591e+001
      vertex  1.500000e+001  2.597332e+000 -5.949715e+001
    endloop
  endfacet
  facet normal  1.000000e+000  0.000000e+000  0.000000e+000
    outer loop
      vertex  1.500000e+001  2.597332e+000 -5.949715e+001
      vertex  1.500000e+001 -8.628763e+000 -5.861591e+001
      vertex  1.500000e+001 -7.388016e+000 -5.949575e+001
    endloop
  endfacet
  facet normal  1.000000e+000  0.000000e+000  0.000000e+000
    outer loop
      vertex  1.500000e+001  2.597332e+000 -5.949715e+001
      vertex  1.500000e+001 -7.388016e+000 -5.949575e+001
      vertex  1.500000e+001  1.973903e+000 -6.074369e+001
    endloop
  endfacet
  facet normal  1.000000e+000  0.000000e+000  0.000000e+000
    outer loop
      vertex  1.500000e+001  1.973903e+000 -6.074369e+001
      vertex  1.500000e+001 -7.388016e+000 -5.949575e+001
      vertex  1.500000e+001 -6.103569e+000 -6.031046e+001
    endloop
  endfacet
  facet normal  1.000000e+000  0.000000e+000  0.000000e+000
    outer loop
      vertex  1.500000e+001  1.973903e+000 -6.074369e+001
      vertex  1.500000e+001 -6.103569e+000 -6.031046e+001
      vertex  1.500000e+001 -4.778835e+000 -6.105788e+001
    endloop
  endfacet
  facet normal  1.000000e+000  -0.000000e+000  0.000000e+000
    outer loop
      vertex  1.500000e+001  1.973903e+000 -6.074369e+001
      vertex  1.500000e+001 -4.778835e+000 -6.105788e+001
      vertex  1.500000e+001  1.391829e+000 -6.202390e+001
    endloop
  endfacet
  facet normal  1.000000e+000  0.000000e+000  0.000000e+000
    outer loop
      vertex  1.500000e+001  1.391829e+000 -6.202390e+001
      vertex  1.500000e+001 -4.778835e+000 -6.105788e+001
      vertex  1.500000e+001 -3.417338e+000 -6.173603e+001
    endloop
  endfacet
  facet normal  1.000000e+000  0.000000e+000  0.000000e+000
    outer loop
      vertex  1.500000e+001  1.391829e+000 -6.202390e+001
      vertex  1.500000e+001 -3.417338e+000 -6.173603e+001
      vertex  1.500000e+001  8.511117e-001 -6.333775e+001
    endloop
  endfacet
  facet normal  9.999999e-001  0.000000e+000  0.000000e+000
    outer loop
      vertex  1.500000e+001  8.511117e-001 -6.333775e+001
      vertex  1.500000e+001 -3.417338e+000 -6.173603e+001
      vertex  1.500000e+001 -2.022696e+000 -6.234311e+001
    endloop
  endfacet
  facet normal  9.999999e-001  0.000000e+000  0.000000e+000
    outer loop
      vertex  1.500000e+001  8.511117e-001 -6.333775e+001
      vertex  1.500000e+001 -2.022696e+000 -6.234311e+001
      vertex  1.500000e+001 -5.986177e-001 -6.287748e+001
    endloop
  endfacet
  facet normal  1.000000e+000  0.000000e+000  0.000000e+000
    outer loop
      vertex  1.500000e+001  1.105000e+001 -2.700000e+001
      vertex  1.500000e+001  2.068272e+001 -2.709145e+001
      vertex  1.500000e+001  1.101157e+001 -2.660982e+001
    endloop
  endfacet
  facet normal  1.000000e+000  0.000000e+000  0.000000e+000
    outer loop
      vertex  1.500000e+001  1.101157e+001 -2.660982e+001
      vertex  1.500000e+001  2.068272e+001 -2.709145e+001
      vertex  1.500000e+001  1.980241e+001 -2.668005e+001
    endloop
  endfacet
  facet normal  1.000000e+000  0.000000e+000  0.000000e+000
    outer loop
      vertex  1.500000e+001  1.101157e+001 -2.660982e+001
      vertex  1.500000e+001  1.980241e+001 -2.668005e+001
      vertex  1.500000e+001  1.089776e+001 -2.623463e+001
    endloop
  endfacet
  facet normal  1.000000e+000  0.000000e+000  0.000000e+000
    outer loop
      vertex  1.500000e+001  1.089776e+001 -2.623463e+001
      vertex  1.500000e+001  1.980241e+001 -2.668005e+001
      vertex  1.500000e+001  1.893921e+001 -2.625472e+001
    endloop
  endfacet
  facet normal  1.000000e+000  0.000000e+000  0.000000e+000
    outer loop
      vertex  1.500000e+001  1.089776e+001 -2.623463e+001
      vertex  1.500000e+001  1.893921e+001 -2.625472e+001
      vertex  1.500000e+001  1.071294e+001 -2.588886e+001
    endloop
  endfacet
  facet normal  1.000000e+000  0.000000e+000  0.000000e+000
    outer loop
      vertex  1.500000e+001  2.681349e+001 -3.393859e+001
      vertex  1.500000e+001  3.051075e+001 -3.431481e+001
      vertex  1.500000e+001  2.659356e+001 -3.355990e+001
    endloop
  endfacet
  facet normal  1.000000e+000  0.000000e+000  0.000000e+000
    outer loop
      vertex  1.500000e+001  2.659356e+001 -3.355990e+001
      vertex  1.500000e+001  3.051075e+001 -3.431481e+001
      vertex  1.500000e+001  3.039351e+001 -3.363858e+001
    endloop
  endfacet
  facet normal  1.000000e+000  0.000000e+000  0.000000e+000
    outer loop
      vertex  1.500000e+001  2.659356e+001 -3.355990e+001
      vertex  1.500000e+001  3.039351e+001 -3.363858e+001
      vertex  1.500000e+001  2.631091e+001 -3.322541e+001
    endloop
  endfacet
  facet normal  1.000000e+000  0.000000e+000  0.000000e+000
    outer loop
      vertex  1.500000e+001  2.704039e+001 -3.478104e+001
      vertex  1.500000e+001  3.055000e+001 -3.500000e+001
      vertex  1.500000e+001  2.696398e+001 -3.434984e+001
    endloop
  endfacet
  facet normal  1.000000e+000  -0.000000e+000  0.000000e+000
    outer loop
      vertex  1.500000e+001  2.696398e+001 -3.434984e+001
      vertex  1.500000e+001  3.055000e+001 -3.500000e+001
      vertex  1.500000e+001  3.051075e+001 -3.431481e+001
    endloop
  endfacet
  facet normal  1.000000e+000  0.000000e+000  0.000000e+000
    outer loop
      vertex  1.500000e+001  2.696398e+001 -3.434984e+001
      vertex  1.500000e+001  3.051075e+001 -3.431481e+001
      vertex  1.500000e+001  2.681349e+001 -3.393859e+001
    endloop
  endfacet
  facet normal  1.000000e+000  -0.000000e+000  0.000000e+000
    outer loop
      vertex  1.500000e+001  3.055000e+001 -3.500000e+001
      vertex  1.500000e+001  2.704039e+001 -3.521896e+001
      vertex  1.500000e+001  3.051075e+001 -3.568519e+001
    endloop
  endfacet
  facet normal  1.000000e+000  0.000000e+000  0.000000e+000
    outer loop
      vertex  1.500000e+001  3.051075e+001 -3.568519e+001
      vertex  1.500000e+001  2.704039e+001 -3.521896e+001
      vertex  1.500000e+001  2.696398e+001 -3.565016e+001
    endloop
  endfacet
  facet normal  1.000000e+000  0.000000e+000  0.000000e+000
    outer loop
      vertex  1.500000e+001  3.051075e+001 -3.568519e+001
      vertex  1.500000e+001  2.696398e+001 -3.565016e+001
      vertex  1.500000e+001  3.039351e+001 -3.636142e+001
    endloop
  endfacet
  facet normal  1.000000e+000  0.000000e+000  0.000000e+000
    outer loop
      vertex  1.500000e+001  3.039351e+001 -3.636142e+001
      vertex  1.500000e+001  2.696398e+001 -3.565016e+001
      vertex  1.500000e+001  2.681349e+001 -3.606141e+001
    endloop
  endfacet
  facet normal  1.000000e+000  0.000000e+000  0.000000e+000
    outer loop
      vertex  1.500000e+001  3.039351e+001 -3.636142e+001
      vertex  1.500000e+001  2.681349e+001 -3.606141e+001
      vertex  1.500000e+001  2.659356e+001 -3.644010e+001
    endloop
  endfacet
  facet normal  1.000000e+000  -0.000000e+000  0.000000e+000
    outer loop
      vertex  1.500000e+001  3.039351e+001 -3.636142e+001
      vertex  1.500000e+001  2.659356e+001 -3.644010e+001
      vertex  1.500000e+001  3.019980e+001 -3.701982e+001
    endloop
  endfacet
  facet normal  1.000000e+000  0.000000e+000  0.000000e+000
    outer loop
      vertex  1.500000e+001  3.019980e+001 -3.701982e+001
      vertex  1.500000e+001  2.659356e+001 -3.644010e+001
      vertex  1.500000e+001  2.631091e+001 -3.677459e+001
    endloop
  endfacet
  facet normal  1.000000e+000  0.000000e+000  0.000000e+000
    outer loop
      vertex  1.500000e+001  3.019980e+001 -3.701982e+001
      vertex  1.500000e+001  2.631091e+001 -3.677459e+001
      vertex  1.500000e+001  2.597424e+001 -3.705464e+001
    endloop
  endfacet
  facet normal  1.000000e+000  -0.000000e+000  0.000000e+000
    outer loop
      vertex  1.500000e+001  1.980241e+001 -4.331995e+001
      vertex  1.500000e+001  1.101157e+001 -4.339018e+001
      vertex  1.500000e+001  1.893921e+001 -4.374528e+001
    endloop
  endfacet
  facet normal  1.000000e+000  0.000000e+000  0.000000e+000
    outer loop
      vertex  1.500000e+001  1.893921e+001 -4.374528e+001
      vertex  1.500000e+001  1.101157e+001 -4.339018e+001
      vertex  1.500000e+001  1.089776e+001 -4.376537e+001
    endloop
  endfacet
  facet normal  1.000000e+000  -0.000000e+000  0.000000e+000
    outer loop
      vertex  1.500000e+001  1.893921e+001 -4.374528e+001
      vertex  1.500000e+001  1.089776e+001 -4.376537e+001
      vertex  1.500000e+001  1.758241e+001 -4.446091e+001
    endloop
  endfacet
  facet normal  1.000000e+000  0.000000e+000  0.000000e+000
    outer loop
      vertex  1.500000e+001  1.758241e+001 -4.446091e+001
      vertex  1.500000e+001  1.089776e+001 -4.376537e+001
      vertex  1.500000e+001  1.071294e+001 -4.411114e+001
    endloop
  endfacet
  facet normal  1.000000e+000  0.000000e+000  0.000000e+000
    outer loop
      vertex  1.500000e+001  1.758241e+001 -4.446091e+001
      vertex  1.500000e+001  1.071294e+001 -4.411114e+001
      vertex  1.500000e+001  1.046421e+001 -4.441422e+001
    endloop
  endfacet
  facet normal  1.000000e+000  -0.000000e+000  0.000000e+000
    outer loop
      vertex -7.000000e+000  1.810000e+001 -1.000000e+001
      vertex -7.000000e+000  0.000000e+000 -1.000000e+001
      vertex -7.000000e+000  1.570108e+001 -2.893674e+001
    endloop
  endfacet
  facet normal  1.000000e+000  -0.000000e+000  0.000000e+000
    outer loop
      vertex -7.000000e+000  1.810000e+001 -1.000000e+001
      vertex -7.000000e+000  1.570108e+001 -2.893674e+001
      vertex -7.000000e+000  1.623215e+001 -2.957629e+001
    endloop
  endfacet
  facet normal  1.000000e+000  -0.000000e+000  0.000000e+000
    outer loop
      vertex -7.000000e+000  1.810000e+001 -1.000000e+001
      vertex -7.000000e+000  1.623215e+001 -2.957629e+001
      vertex -7.000000e+000  1.670195e+001 -3.026211e+001
    endloop
  endfacet
  facet normal  1.000000e+000  -0.000000e+000  0.000000e+000
    outer loop
      vertex -7.000000e+000  1.810000e+001 -1.000000e+001
      vertex -7.000000e+000  1.670195e+001 -3.026211e+001
      vertex -7.000000e+000  1.710647e+001 -3.098836e+001
    endloop
  endfacet
  facet normal  1.000000e+000  -0.000000e+000  0.000000e+000
    outer loop
      vertex -7.000000e+000  1.810000e+001 -1.000000e+001
      vertex -7.000000e+000  1.710647e+001 -3.098836e+001
      vertex -7.000000e+000  1.744225e+001 -3.174883e+001
    endloop
  endfacet
  facet normal  1.000000e+000  -0.000000e+000  0.000000e+000
    outer loop
      vertex -7.000000e+000  1.810000e+001 -1.000000e+001
      vertex -7.000000e+000  1.744225e+001 -3.174883e+001
      vertex -7.000000e+000  1.770643e+001 -3.253703e+001
    endloop
  endfacet
  facet normal  1.000000e+000  -0.000000e+000  0.000000e+000
    outer loop
      vertex -7.000000e+000  1.810000e+001 -1.000000e+001
      vertex -7.000000e+000  1.770643e+001 -3.253703e+001
      vertex -7.000000e+000  1.789676e+001 -3.334625e+001
    endloop
  endfacet
  facet normal  1.000000e+000  -0.000000e+000  0.000000e+000
    outer loop
      vertex -7.000000e+000  1.810000e+001 -1.000000e+001
      vertex -7.000000e+000  1.789676e+001 -3.334625e+001
      vertex -7.000000e+000  1.801161e+001 -3.416959e+001
    endloop
  endfacet
  facet normal  1.000000e+000  -0.000000e+000  0.000000e+000
    outer loop
      vertex -7.000000e+000  1.810000e+001 -1.000000e+001
      vertex -7.000000e+000  1.801161e+001 -3.416959e+001
      vertex -7.000000e+000  1.805000e+001 -3.500000e+001
    endloop
  endfacet
  facet normal  1.000000e+000  -0.000000e+000  0.000000e+000
    outer loop
      vertex -7.000000e+000  1.810000e+001 -1.000000e+001
      vertex -7.000000e+000  1.805000e+001 -3.500000e+001
      vertex -7.000000e+000  1.810000e+001 -6.000000e+001
    endloop
  endfacet
  facet normal  1.000000e+000  0.000000e+000  0.000000e+000
    outer loop
      vertex -7.000000e+000  0.000000e+000 -1.000000e+001
      vertex -7.000000e+000  0.000000e+000 -6.000000e+001
      vertex -7.000000e+000  5.000000e-002 -3.500000e+001
    endloop
  endfacet
  facet normal  1.000000e+000  0.000000e+000  -0.000000e+000
    outer loop
      vertex -7.000000e+000  0.000000e+000 -1.000000e+001
      vertex -7.000000e+000  5.000000e-002 -3.500000e+001
      vertex -7.000000e+000  8.839241e-002 -3.416959e+001
    endloop
  endfacet
  facet normal  1.000000e+000  0.000000e+000  -0.000000e+000
    outer loop
      vertex -7.000000e+000  0.000000e+000 -1.000000e+001
      vertex -7.000000e+000  8.839241e-002 -3.416959e+001
      vertex -7.000000e+000  2.032421e-001 -3.334625e+001
    endloop
  endfacet
  facet normal  1.000000e+000  0.000000e+000  -0.000000e+000
    outer loop
      vertex -7.000000e+000  0.000000e+000 -1.000000e+001
      vertex -7.000000e+000  2.032421e-001 -3.334625e+001
      vertex -7.000000e+000  3.935692e-001 -3.253703e+001
    endloop
  endfacet
  facet normal  9.999999e-001  0.000000e+000  -0.000000e+000
    outer loop
      vertex -7.000000e+000  0.000000e+000 -1.000000e+001
      vertex -7.000000e+000  3.935692e-001 -3.253703e+001
      vertex -7.000000e+000  6.577500e-001 -3.174883e+001
    endloop
  endfacet
  facet normal  1.000000e+000  0.000000e+000  -0.000000e+000
    outer loop
      vertex -7.000000e+000  0.000000e+000 -1.000000e+001
      vertex -7.000000e+000  6.577500e-001 -3.174883e+001
      vertex -7.000000e+000  9.935304e-001 -3.098836e+001
    endloop
  endfacet
  facet normal  1.000000e+000  0.000000e+000  -0.000000e+000
    outer loop
      vertex -7.000000e+000  0.000000e+000 -1.000000e+001
      vertex -7.000000e+000  9.935304e-001 -3.098836e+001
      vertex -7.000000e+000  1.398046e+000 -3.026211e+001
    endloop
  endfacet
  facet normal  1.000000e+000  0.000000e+000  -0.000000e+000
    outer loop
      vertex -7.000000e+000  0.000000e+000 -1.000000e+001
      vertex -7.000000e+000  1.398046e+000 -3.026211e+001
      vertex -7.000000e+000  1.867845e+000 -2.957629e+001
    endloop
  endfacet
  facet normal  1.000000e+000  0.000000e+000  -0.000000e+000
    outer loop
      vertex -7.000000e+000  0.000000e+000 -1.000000e+001
      vertex -7.000000e+000  1.867845e+000 -2.957629e+001
      vertex -7.000000e+000  2.398920e+000 -2.893674e+001
    endloop
  endfacet
  facet normal  1.000000e+000  0.000000e+000  -0.000000e+000
    outer loop
      vertex -7.000000e+000  0.000000e+000 -1.000000e+001
      vertex -7.000000e+000  2.398920e+000 -2.893674e+001
      vertex -7.000000e+000  2.986739e+000 -2.834892e+001
    endloop
  endfacet
  facet normal  1.000000e+000  0.000000e+000  -0.000000e+000
    outer loop
      vertex -7.000000e+000  0.000000e+000 -1.000000e+001
      vertex -7.000000e+000  2.986739e+000 -2.834892e+001
      vertex -7.000000e+000  3.626288e+000 -2.781784e+001
    endloop
  endfacet
  facet normal  1.000000e+000  0.000000e+000  -0.000000e+000
    outer loop
      vertex -7.000000e+000  0.000000e+000 -1.000000e+001
      vertex -7.000000e+000  3.626288e+000 -2.781784e+001
      vertex -7.000000e+000  4.312110e+000 -2.734805e+001
    endloop
  endfacet
  facet normal  1.000000e+000  0.000000e+000  -0.000000e+000
    outer loop
      vertex -7.000000e+000  0.000000e+000 -1.000000e+001
      vertex -7.000000e+000  4.312110e+000 -2.734805e+001
      vertex -7.000000e+000  5.038355e+000 -2.694353e+001
    endloop
  endfacet
  facet normal  9.999999e-001  0.000000e+000  -0.000000e+000
    outer loop
      vertex -7.000000e+000  0.000000e+000 -1.000000e+001
      vertex -7.000000e+000  5.038355e+000 -2.694353e+001
      vertex -7.000000e+000  5.798825e+000 -2.660775e+001
    endloop
  endfacet
  facet normal  1.000000e+000  0.000000e+000  -0.000000e+000
    outer loop
      vertex -7.000000e+000  0.000000e+000 -1.000000e+001
      vertex -7.000000e+000  5.798825e+000 -2.660775e+001
      vertex -7.000000e+000  6.587033e+000 -2.634357e+001
    endloop
  endfacet
  facet normal  1.000000e+000  0.000000e+000  -0.000000e+000
    outer loop
      vertex -7.000000e+000  0.000000e+000 -1.000000e+001
      vertex -7.000000e+000  6.587033e+000 -2.634357e+001
      vertex -7.000000e+000  7.396255e+000 -2.615324e+001
    endloop
  endfacet
  facet normal  1.000000e+000  0.000000e+000  -0.000000e+000
    outer loop
      vertex -7.000000e+000  0.000000e+000 -1.000000e+001
      vertex -7.000000e+000  7.396255e+000 -2.615324e+001
      vertex -7.000000e+000  8.219584e+000 -2.603839e+001
    endloop
  endfacet
  facet normal  9.999999e-001  0.000000e+000  -0.000000e+000
    outer loop
      vertex -7.000000e+000  0.000000e+000 -1.000000e+001
      vertex -7.000000e+000  8.219584e+000 -2.603839e+001
      vertex -7.000000e+000  9.050000e+000 -2.600000e+001
    endloop
  endfacet
  facet normal  1.000000e+000  -0.000000e+000  -0.000000e+000
    outer loop
      vertex -7.000000e+000  0.000000e+000 -1.000000e+001
      vertex -7.000000e+000  9.050000e+000 -2.600000e+001
      vertex -7.000000e+000  9.880415e+000 -2.603839e+001
    endloop
  endfacet
  facet normal  9.999999e-001  -0.000000e+000  -0.000000e+000
    outer loop
      vertex -7.000000e+000  0.000000e+000 -1.000000e+001
      vertex -7.000000e+000  9.880415e+000 -2.603839e+001
      vertex -7.000000e+000  1.070375e+001 -2.615324e+001
    endloop
  endfacet
  facet normal  1.000000e+000  -0.000000e+000  -0.000000e+000
    outer loop
      vertex -7.000000e+000  0.000000e+000 -1.000000e+001
      vertex -7.000000e+000  1.070375e+001 -2.615324e+001
      vertex -7.000000e+000  1.151297e+001 -2.634357e+001
    endloop
  endfacet
  facet normal  1.000000e+000  -0.000000e+000  -0.000000e+000
    outer loop
      vertex -7.000000e+000  0.000000e+000 -1.000000e+001
      vertex -7.000000e+000  1.151297e+001 -2.634357e+001
      vertex -7.000000e+000  1.230118e+001 -2.660775e+001
    endloop
  endfacet
  facet normal  1.000000e+000  -0.000000e+000  -0.000000e+000
    outer loop
      vertex -7.000000e+000  0.000000e+000 -1.000000e+001
      vertex -7.000000e+000  1.230118e+001 -2.660775e+001
      vertex -7.000000e+000  1.306165e+001 -2.694353e+001
    endloop
  endfacet
  facet normal  1.000000e+000  -0.000000e+000  -0.000000e+000
    outer loop
      vertex -7.000000e+000  0.000000e+000 -1.000000e+001
      vertex -7.000000e+000  1.306165e+001 -2.694353e+001
      vertex -7.000000e+000  1.378789e+001 -2.734805e+001
    endloop
  endfacet
  facet normal  9.999999e-001  -0.000000e+000  -0.000000e+000
    outer loop
      vertex -7.000000e+000  0.000000e+000 -1.000000e+001
      vertex -7.000000e+000  1.378789e+001 -2.734805e+001
      vertex -7.000000e+000  1.447371e+001 -2.781784e+001
    endloop
  endfacet
  facet normal  9.999999e-001  -0.000000e+000  -0.000000e+000
    outer loop
      vertex -7.000000e+000  0.000000e+000 -1.000000e+001
      vertex -7.000000e+000  1.447371e+001 -2.781784e+001
      vertex -7.000000e+000  1.511326e+001 -2.834892e+001
    endloop
  endfacet
  facet normal  9.999999e-001  -0.000000e+000  -0.000000e+000
    outer loop
      vertex -7.000000e+000  0.000000e+000 -1.000000e+001
      vertex -7.000000e+000  1.511326e+001 -2.834892e+001
      vertex -7.000000e+000  1.570108e+001 -2.893674e+001
    endloop
  endfacet
  facet normal  1.000000e+000  0.000000e+000  0.000000e+000
    outer loop
      vertex -7.000000e+000  0.000000e+000 -6.000000e+001
      vertex -7.000000e+000  1.570108e+001 -4.106326e+001
      vertex -7.000000e+000  1.511326e+001 -4.165108e+001
    endloop
  endfacet
  facet normal  9.999999e-001  0.000000e+000  0.000000e+000
    outer loop
      vertex -7.000000e+000  0.000000e+000 -6.000000e+001
      vertex -7.000000e+000  1.511326e+001 -4.165108e+001
      vertex -7.000000e+000  1.447371e+001 -4.218216e+001
    endloop
  endfacet
  facet normal  9.999999e-001  0.000000e+000  0.000000e+000
    outer loop
      vertex -7.000000e+000  0.000000e+000 -6.000000e+001
      vertex -7.000000e+000  1.447371e+001 -4.218216e+001
      vertex -7.000000e+000  1.378789e+001 -4.265195e+001
    endloop
  endfacet
  facet normal  9.999999e-001  0.000000e+000  0.000000e+000
    outer loop
      vertex -7.000000e+000  0.000000e+000 -6.000000e+001
      vertex -7.000000e+000  1.378789e+001 -4.265195e+001
      vertex -7.000000e+000  1.306165e+001 -4.305647e+001
    endloop
  endfacet
  facet normal  9.999999e-001  0.000000e+000  0.000000e+000
    outer loop
      vertex -7.000000e+000  0.000000e+000 -6.000000e+001
      vertex -7.000000e+000  1.306165e+001 -4.305647e+001
      vertex -7.000000e+000  1.230118e+001 -4.339225e+001
    endloop
  endfacet
  facet normal  1.000000e+000  0.000000e+000  0.000000e+000
    outer loop
      vertex -7.000000e+000  0.000000e+000 -6.000000e+001
      vertex -7.000000e+000  1.230118e+001 -4.339225e+001
      vertex -7.000000e+000  1.151297e+001 -4.365643e+001
    endloop
  endfacet
  facet normal  9.999999e-001  0.000000e+000  0.000000e+000
    outer loop
      vertex -7.000000e+000  0.000000e+000 -6.000000e+001
      vertex -7.000000e+000  1.151297e+001 -4.365643e+001
      vertex -7.000000e+000  1.070375e+001 -4.384676e+001
    endloop
  endfacet
  facet normal  1.000000e+000  0.000000e+000  0.000000e+000
    outer loop
      vertex -7.000000e+000  0.000000e+000 -6.000000e+001
      vertex -7.000000e+000  1.070375e+001 -4.384676e+001
      vertex -7.000000e+000  9.880415e+000 -4.396161e+001
    endloop
  endfacet
  facet normal  1.000000e+000  0.000000e+000  0.000000e+000
    outer loop
      vertex -7.000000e+000  0.000000e+000 -6.000000e+001
      vertex -7.000000e+000  9.880415e+000 -4.396161e+001
      vertex -7.000000e+000  9.050000e+000 -4.400000e+001
    endloop
  endfacet
  facet normal  1.000000e+000  0.000000e+000  0.000000e+000
    outer loop
      vertex -7.000000e+000  0.000000e+000 -6.000000e+001
      vertex -7.000000e+000  9.050000e+000 -4.400000e+001
      vertex -7.000000e+000  8.219584e+000 -4.396161e+001
    endloop
  endfacet
  facet normal  1.000000e+000  0.000000e+000  0.000000e+000
    outer loop
      vertex -7.000000e+000  0.000000e+000 -6.000000e+001
      vertex -7.000000e+000  8.219584e+000 -4.396161e+001
      vertex -7.000000e+000  7.396255e+000 -4.384676e+001
    endloop
  endfacet
  facet normal  1.000000e+000  0.000000e+000  0.000000e+000
    outer loop
      vertex -7.000000e+000  0.000000e+000 -6.000000e+001
      vertex -7.000000e+000  7.396255e+000 -4.384676e+001
      vertex -7.000000e+000  6.587033e+000 -4.365643e+001
    endloop
  endfacet
  facet normal  1.000000e+000  0.000000e+000  0.000000e+000
    outer loop
      vertex -7.000000e+000  0.000000e+000 -6.000000e+001
      vertex -7.000000e+000  6.587033e+000 -4.365643e+001
      vertex -7.000000e+000  5.798825e+000 -4.339225e+001
    endloop
  endfacet
  facet normal  9.999999e-001  0.000000e+000  0.000000e+000
    outer loop
      vertex -7.000000e+000  0.000000e+000 -6.000000e+001
      vertex -7.000000e+000  5.798825e+000 -4.339225e+001
      vertex -7.000000e+000  5.038355e+000 -4.305647e+001
    endloop
  endfacet
  facet normal  1.000000e+000  0.000000e+000  0.000000e+000
    outer loop
      vertex -7.000000e+000  0.000000e+000 -6.000000e+001
      vertex -7.000000e+000  5.038355e+000 -4.305647e+001
      vertex -7.000000e+000  4.312110e+000 -4.265195e+001
    endloop
  endfacet
  facet normal  1.000000e+000  0.000000e+000  0.000000e+000
    outer loop
      vertex -7.000000e+000  0.000000e+000 -6.000000e+001
      vertex -7.000000e+000  4.312110e+000 -4.265195e+001
      vertex -7.000000e+000  3.626288e+000 -4.218216e+001
    endloop
  endfacet
  facet normal  1.000000e+000  0.000000e+000  0.000000e+000
    outer loop
      vertex -7.000000e+000  0.000000e+000 -6.000000e+001
      vertex -7.000000e+000  3.626288e+000 -4.218216e+001
      vertex -7.000000e+000  2.986739e+000 -4.165108e+001
    endloop
  endfacet
  facet normal  1.000000e+000  0.000000e+000  0.000000e+000
    outer loop
      vertex -7.000000e+000  0.000000e+000 -6.000000e+001
      vertex -7.000000e+000  2.986739e+000 -4.165108e+001
      vertex -7.000000e+000  2.398920e+000 -4.106326e+001
    endloop
  endfacet
  facet normal  1.000000e+000  0.000000e+000  0.000000e+000
    outer loop
      vertex -7.000000e+000  0.000000e+000 -6.000000e+001
      vertex -7.000000e+000  2.398920e+000 -4.106326e+001
      vertex -7.000000e+000  1.867845e+000 -4.042371e+001
    endloop
  endfacet
  facet normal  1.000000e+000  0.000000e+000  0.000000e+000
    outer loop
      vertex -7.000000e+000  0.000000e+000 -6.000000e+001
      vertex -7.000000e+000  1.867845e+000 -4.042371e+001
      vertex -7.000000e+000  1.398046e+000 -3.973789e+001
    endloop
  endfacet
  facet normal  1.000000e+000  0.000000e+000  0.000000e+000
    outer loop
      vertex -7.000000e+000  0.000000e+000 -6.000000e+001
      vertex -7.000000e+000  1.398046e+000 -3.973789e+001
      vertex -7.000000e+000  9.935304e-001 -3.901165e+001
    endloop
  endfacet
  facet normal  1.000000e+000  0.000000e+000  0.000000e+000
    outer loop
      vertex -7.000000e+000  0.000000e+000 -6.000000e+001
      vertex -7.000000e+000  9.935304e-001 -3.901165e+001
      vertex -7.000000e+000  6.577500e-001 -3.825117e+001
    endloop
  endfacet
  facet normal  1.000000e+000  0.000000e+000  0.000000e+000
    outer loop
      vertex -7.000000e+000  0.000000e+000 -6.000000e+001
      vertex -7.000000e+000  6.577500e-001 -3.825117e+001
      vertex -7.000000e+000  3.935692e-001 -3.746297e+001
    endloop
  endfacet
  facet normal  1.000000e+000  0.000000e+000  0.000000e+000
    outer loop
      vertex -7.000000e+000  0.000000e+000 -6.000000e+001
      vertex -7.000000e+000  3.935692e-001 -3.746297e+001
      vertex -7.000000e+000  2.032421e-001 -3.665375e+001
    endloop
  endfacet
  facet normal  1.000000e+000  0.000000e+000  0.000000e+000
    outer loop
      vertex -7.000000e+000  0.000000e+000 -6.000000e+001
      vertex -7.000000e+000  2.032421e-001 -3.665375e+001
      vertex -7.000000e+000  8.839241e-002 -3.583041e+001
    endloop
  endfacet
  facet normal  1.000000e+000  0.000000e+000  0.000000e+000
    outer loop
      vertex -7.000000e+000  0.000000e+000 -6.000000e+001
      vertex -7.000000e+000  8.839241e-002 -3.583041e+001
      vertex -7.000000e+000  5.000000e-002 -3.500000e+001
    endloop
  endfacet
  facet normal  1.000000e+000  0.000000e+000  0.000000e+000
    outer loop
      vertex -7.000000e+000  1.810000e+001 -6.000000e+001
      vertex -7.000000e+000  1.805000e+001 -3.500000e+001
      vertex -7.000000e+000  1.801161e+001 -3.583041e+001
    endloop
  endfacet
  facet normal  1.000000e+000  0.000000e+000  0.000000e+000
    outer loop
      vertex -7.000000e+000  1.810000e+001 -6.000000e+001
      vertex -7.000000e+000  1.801161e+001 -3.583041e+001
      vertex -7.000000e+000  1.789676e+001 -3.665375e+001
    endloop
  endfacet
  facet normal  1.000000e+000  0.000000e+000  0.000000e+000
    outer loop
      vertex -7.000000e+000  1.810000e+001 -6.000000e+001
      vertex -7.000000e+000  1.789676e+001 -3.665375e+001
      vertex -7.000000e+000  1.770643e+001 -3.746297e+001
    endloop
  endfacet
  facet normal  1.000000e+000  0.000000e+000  0.000000e+000
    outer loop
      vertex -7.000000e+000  1.810000e+001 -6.000000e+001
      vertex -7.000000e+000  1.770643e+001 -3.746297e+001
      vertex -7.000000e+000  1.744225e+001 -3.825117e+001
    endloop
  endfacet
  facet normal  9.999999e-001  0.000000e+000  0.000000e+000
    outer loop
      vertex -7.000000e+000  1.810000e+001 -6.000000e+001
      vertex -7.000000e+000  1.744225e+001 -3.825117e+001
      vertex -7.000000e+000  1.710647e+001 -3.901165e+001
    endloop
  endfacet
  facet normal  1.000000e+000  0.000000e+000  0.000000e+000
    outer loop
      vertex -7.000000e+000  1.810000e+001 -6.000000e+001
      vertex -7.000000e+000  1.710647e+001 -3.901165e+001
      vertex -7.000000e+000  1.670195e+001 -3.973789e+001
    endloop
  endfacet
  facet normal  1.000000e+000  0.000000e+000  0.000000e+000
    outer loop
      vertex -7.000000e+000  1.810000e+001 -6.000000e+001
      vertex -7.000000e+000  1.670195e+001 -3.973789e+001
      vertex -7.000000e+000  1.623215e+001 -4.042371e+001
    endloop
  endfacet
  facet normal  1.000000e+000  0.000000e+000  0.000000e+000
    outer loop
      vertex -7.000000e+000  1.810000e+001 -6.000000e+001
      vertex -7.000000e+000  1.623215e+001 -4.042371e+001
      vertex -7.000000e+000  1.570108e+001 -4.106326e+001
    endloop
  endfacet
  facet normal  1.000000e+000  0.000000e+000  0.000000e+000
    outer loop
      vertex -7.000000e+000  1.810000e+001 -6.000000e+001
      vertex -7.000000e+000  1.570108e+001 -4.106326e+001
      vertex -7.000000e+000  0.000000e+000 -6.000000e+001
    endloop
  endfacet
  facet normal  7.071068e-001  0.000000e+000  7.071068e-001
    outer loop
      vertex -7.000000e+000  1.810000e+001 -1.000000e+001
      vertex -1.000000e+001  1.810000e+001 -7.000000e+000
      vertex -7.000000e+000  0.000000e+000 -1.000000e+001
    endloop
  endfacet
  facet normal  7.071067e-001  0.000000e+000  7.071067e-001
    outer loop
      vertex -7.000000e+000  0.000000e+000 -1.000000e+001
      vertex -1.000000e+001  1.810000e+001 -7.000000e+000
      vertex -1.000000e+001  1.510000e+001 -7.000000e+000
    endloop
  endfacet
  facet normal  7.071068e-001  0.000000e+000  7.071068e-001
    outer loop
      vertex -7.000000e+000  0.000000e+000 -1.000000e+001
      vertex -1.000000e+001  1.510000e+001 -7.000000e+000
      vertex -1.000000e+001  3.000000e+000 -7.000000e+000
    endloop
  endfacet
  facet normal  7.071068e-001  0.000000e+000  7.071068e-001
    outer loop
      vertex -1.200000e+001  0.000000e+000 -5.000000e+000
      vertex -7.000000e+000  0.000000e+000 -1.000000e+001
      vertex -1.200000e+001  3.000000e+000 -5.000000e+000
    endloop
  endfacet
  facet normal  7.071068e-001  0.000000e+000  7.071068e-001
    outer loop
      vertex -1.200000e+001  3.000000e+000 -5.000000e+000
      vertex -7.000000e+000  0.000000e+000 -1.000000e+001
      vertex -1.000000e+001  3.000000e+000 -7.000000e+000
    endloop
  endfacet
  facet normal  7.071068e-001  0.000000e+000 -7.071068e-001
    outer loop
      vertex -7.000000e+000  0.000000e+000 -6.000000e+001
      vertex -1.200000e+001  0.000000e+000 -6.500000e+001
      vertex -1.200000e+001  3.000000e+000 -6.500000e+001
    endloop
  endfacet
  facet normal  7.071068e-001  0.000000e+000 -7.071068e-001
    outer loop
      vertex -7.000000e+000  0.000000e+000 -6.000000e+001
      vertex -1.200000e+001  3.000000e+000 -6.500000e+001
      vertex -1.000000e+001  3.000000e+000 -6.300000e+001
    endloop
  endfacet
  facet normal  7.071068e-001  0.000000e+000 -7.071068e-001
    outer loop
      vertex -7.000000e+000  0.000000e+000 -6.000000e+001
      vertex -1.000000e+001  3.000000e+000 -6.300000e+001
      vertex -1.000000e+001  1.510000e+001 -6.300000e+001
    endloop
  endfacet
  facet normal  7.071067e-001  0.000000e+000 -7.071067e-001
    outer loop
      vertex -7.000000e+000  0.000000e+000 -6.000000e+001
      vertex -1.000000e+001  1.510000e+001 -6.300000e+001
      vertex -1.000000e+001  1.810000e+001 -6.300000e+001
    endloop
  endfacet
  facet normal  7.071068e-001  0.000000e+000 -7.071068e-001
    outer loop
      vertex -7.000000e+000  0.000000e+000 -6.000000e+001
      vertex -1.000000e+001  1.810000e+001 -6.300000e+001
      vertex -7.000000e+000  1.810000e+001 -6.000000e+001
    endloop
  endfacet
  facet normal  0.000000e+000  0.000000e+000 -1.000000e+000
    outer loop
      vertex -1.200000e+001  0.000000e+000 -6.500000e+001
      vertex -3.200000e+001  0.000000e+000 -6.500000e+001
      vertex -1.200000e+001  3.000000e+000 -6.500000e+001
    endloop
  endfacet
  facet normal  -0.000000e+000  0.000000e+000 -1.000000e+000
    outer loop
      vertex -1.200000e+001  3.000000e+000 -6.500000e+001
      vertex -3.200000e+001  0.000000e+000 -6.500000e+001
      vertex -3.200000e+001  3.000000e+000 -6.500000e+001
    endloop
  endfacet
  facet normal -7.071068e-001  0.000000e+000 -7.071068e-001
    outer loop
      vertex -3.200000e+001  0.000000e+000 -6.500000e+001
      vertex -4.750000e+001  0.000000e+000 -4.950000e+001
      vertex -3.200000e+001  3.000000e+000 -6.500000e+001
    endloop
  endfacet
  facet normal -7.071068e-001  0.000000e+000 -7.071068e-001
    outer loop
      vertex -3.200000e+001  3.000000e+000 -6.500000e+001
      vertex -4.750000e+001  0.000000e+000 -4.950000e+001
      vertex -4.750000e+001  3.000000e+000 -4.950000e+001
    endloop
  endfacet
  facet normal  0.000000e+000  0.000000e+000 -1.000000e+000
    outer loop
      vertex -4.750000e+001  0.000000e+000 -4.950000e+001
      vertex -5.200000e+001  0.000000e+000 -4.950000e+001
      vertex -4.750000e+001  3.000000e+000 -4.950000e+001
    endloop
  endfacet
  facet normal  -0.000000e+000  0.000000e+000 -1.000000e+000
    outer loop
      vertex -4.750000e+001  3.000000e+000 -4.950000e+001
      vertex -5.200000e+001  0.000000e+000 -4.950000e+001
      vertex -5.200000e+001  3.000000e+000 -4.950000e+001
    endloop
  endfacet
  facet normal -7.071068e-001  0.000000e+000 -7.071068e-001
    outer loop
      vertex -5.200000e+001  0.000000e+000 -4.950000e+001
      vertex -5.700000e+001  0.000000e+000 -4.450000e+001
      vertex -5.200000e+001  3.000000e+000 -4.950000e+001
    endloop
  endfacet
  facet normal -7.071068e-001  0.000000e+000 -7.071068e-001
    outer loop
      vertex -5.200000e+001  3.000000e+000 -4.950000e+001
      vertex -5.700000e+001  0.000000e+000 -4.450000e+001
      vertex -5.700000e+001  3.000000e+000 -4.450000e+001
    endloop
  endfacet
  facet normal -1.000000e+000  0.000000e+000  0.000000e+000
    outer loop
      vertex -5.700000e+001  0.000000e+000 -4.450000e+001
      vertex -5.700000e+001  0.000000e+000 -2.550000e+001
      vertex -5.700000e+001  3.000000e+000 -4.450000e+001
    endloop
  endfacet
  facet normal -1.000000e+000  0.000000e+000  0.000000e+000
    outer loop
      vertex -5.700000e+001  3.000000e+000 -4.450000e+001
      vertex -5.700000e+001  0.000000e+000 -2.550000e+001
      vertex -5.700000e+001  3.000000e+000 -2.550000e+001
    endloop
  endfacet
  facet normal -7.071068e-001  0.000000e+000  7.071068e-001
    outer loop
      vertex -5.700000e+001  0.000000e+000 -2.550000e+001
      vertex -5.200000e+001  0.000000e+000 -2.050000e+001
      vertex -5.700000e+001  3.000000e+000 -2.550000e+001
    endloop
  endfacet
  facet normal -7.071068e-001  0.000000e+000  7.071068e-001
    outer loop
      vertex -5.700000e+001  3.000000e+000 -2.550000e+001
      vertex -5.200000e+001  0.000000e+000 -2.050000e+001
      vertex -5.200000e+001  3.000000e+000 -2.050000e+001
    endloop
  endfacet
  facet normal  0.000000e+000  0.000000e+000  1.000000e+000
    outer loop
      vertex -5.200000e+001  0.000000e+000 -2.050000e+001
      vertex -4.750000e+001  0.000000e+000 -2.050000e+001
      vertex -5.200000e+001  3.000000e+000 -2.050000e+001
    endloop
  endfacet
  facet normal  -0.000000e+000  0.000000e+000  1.000000e+000
    outer loop
      vertex -5.200000e+001  3.000000e+000 -2.050000e+001
      vertex -4.750000e+001  0.000000e+000 -2.050000e+001
      vertex -4.750000e+001  3.000000e+000 -2.050000e+001
    endloop
  endfacet
  facet normal -7.071068e-001  0.000000e+000  7.071068e-001
    outer loop
      vertex -4.750000e+001  0.000000e+000 -2.050000e+001
      vertex -3.200000e+001  0.000000e+000 -5.000000e+000
      vertex -4.750000e+001  3.000000e+000 -2.050000e+001
    endloop
  endfacet
  facet normal -7.071068e-001  0.000000e+000  7.071068e-001
    outer loop
      vertex -4.750000e+001  3.000000e+000 -2.050000e+001
      vertex -3.200000e+001  0.000000e+000 -5.000000e+000
      vertex -3.200000e+001  3.000000e+000 -5.000000e+000
    endloop
  endfacet
  facet normal  0.000000e+000  0.000000e+000  1.000000e+000
    outer loop
      vertex -3.200000e+001  0.000000e+000 -5.000000e+000
      vertex -1.200000e+001  0.000000e+000 -5.000000e+000
      vertex -3.200000e+001  3.000000e+000 -5.000000e+000
    endloop
  endfacet
  facet normal  -0.000000e+000  0.000000e+000  1.000000e+000
    outer loop
      vertex -3.200000e+001  3.000000e+000 -5.000000e+000
      vertex -1.200000e+001  0.000000e+000 -5.000000e+000
      vertex -1.200000e+001  3.000000e+000 -5.000000e+000
    endloop
  endfacet
  facet normal -9.801671e-002  -0.000000e+000 -9.951848e-001
    outer loop
      vertex -2.700000e+001  0.000000e+000 -1.800000e+001
      vertex -2.660982e+001  3.000000e+000 -1.803843e+001
      vertex -2.660982e+001  0.000000e+000 -1.803843e+001
    endloop
  endfacet
  facet normal -2.902842e-001  0.000000e+000 -9.569405e-001
    outer loop
      vertex -2.660982e+001  0.000000e+000 -1.803843e+001
      vertex -2.660982e+001  3.000000e+000 -1.803843e+001
      vertex -2.623463e+001  3.000000e+000 -1.815224e+001
    endloop
  endfacet
  facet normal -2.902842e-001  -0.000000e+000 -9.569405e-001
    outer loop
      vertex -2.660982e+001  0.000000e+000 -1.803843e+001
      vertex -2.623463e+001  3.000000e+000 -1.815224e+001
      vertex -2.623463e+001  0.000000e+000 -1.815224e+001
    endloop
  endfacet
  facet normal -4.713973e-001  0.000000e+000 -8.819210e-001
    outer loop
      vertex -2.623463e+001  0.000000e+000 -1.815224e+001
      vertex -2.623463e+001  3.000000e+000 -1.815224e+001
      vertex -2.588886e+001  3.000000e+000 -1.833706e+001
    endloop
  endfacet
  facet normal -4.713973e-001  -0.000000e+000 -8.819210e-001
    outer loop
      vertex -2.623463e+001  0.000000e+000 -1.815224e+001
      vertex -2.588886e+001  3.000000e+000 -1.833706e+001
      vertex -2.588886e+001  0.000000e+000 -1.833706e+001
    endloop
  endfacet
  facet normal -6.343950e-001  0.000000e+000 -7.730090e-001
    outer loop
      vertex -2.588886e+001  0.000000e+000 -1.833706e+001
      vertex -2.588886e+001  3.000000e+000 -1.833706e+001
      vertex -2.558579e+001  3.000000e+000 -1.858579e+001
    endloop
  endfacet
  facet normal -6.343950e-001  -0.000000e+000 -7.730090e-001
    outer loop
      vertex -2.588886e+001  0.000000e+000 -1.833706e+001
      vertex -2.558579e+001  3.000000e+000 -1.858579e+001
      vertex -2.558579e+001  0.000000e+000 -1.858579e+001
    endloop
  endfacet
  facet normal -7.730090e-001  0.000000e+000 -6.343950e-001
    outer loop
      vertex -2.558579e+001  0.000000e+000 -1.858579e+001
      vertex -2.558579e+001  3.000000e+000 -1.858579e+001
      vertex -2.533706e+001  3.000000e+000 -1.888886e+001
    endloop
  endfacet
  facet normal -7.730090e-001  -0.000000e+000 -6.343950e-001
    outer loop
      vertex -2.558579e+001  0.000000e+000 -1.858579e+001
      vertex -2.533706e+001  3.000000e+000 -1.888886e+001
      vertex -2.533706e+001  0.000000e+000 -1.888886e+001
    endloop
  endfacet
  facet normal -8.819210e-001  0.000000e+000 -4.713973e-001
    outer loop
      vertex -2.533706e+001  0.000000e+000 -1.888886e+001
      vertex -2.533706e+001  3.000000e+000 -1.888886e+001
      vertex -2.515224e+001  3.000000e+000 -1.923463e+001
    endloop
  endfacet
  facet normal -8.819210e-001  -0.000000e+000 -4.713973e-001
    outer loop
      vertex -2.533706e+001  0.000000e+000 -1.888886e+001
      vertex -2.515224e+001  3.000000e+000 -1.923463e+001
      vertex -2.515224e+001  0.000000e+000 -1.923463e+001
    endloop
  endfacet
  facet normal -9.569405e-001  0.000000e+000 -2.902842e-001
    outer loop
      vertex -2.515224e+001  0.000000e+000 -1.923463e+001
      vertex -2.515224e+001  3.000000e+000 -1.923463e+001
      vertex -2.503843e+001  3.000000e+000 -1.960982e+001
    endloop
  endfacet
  facet normal -9.569405e-001  -0.000000e+000 -2.902842e-001
    outer loop
      vertex -2.515224e+001  0.000000e+000 -1.923463e+001
      vertex -2.503843e+001  3.000000e+000 -1.960982e+001
      vertex -2.503843e+001  0.000000e+000 -1.960982e+001
    endloop
  endfacet
  facet normal -9.951848e-001  0.000000e+000 -9.801671e-002
    outer loop
      vertex -2.503843e+001  0.000000e+000 -1.960982e+001
      vertex -2.503843e+001  3.000000e+000 -1.960982e+001
      vertex -2.500000e+001  3.000000e+000 -2.000000e+001
    endloop
  endfacet
  facet normal -9.951848e-001  -0.000000e+000 -9.801671e-002
    outer loop
      vertex -2.503843e+001  0.000000e+000 -1.960982e+001
      vertex -2.500000e+001  3.000000e+000 -2.000000e+001
      vertex -2.500000e+001  0.000000e+000 -2.000000e+001
    endloop
  endfacet
  facet normal -9.801671e-002  0.000000e+000 -9.951848e-001
    outer loop
      vertex -2.660982e+001  3.000000e+000 -1.803843e+001
      vertex -2.700000e+001  0.000000e+000 -1.800000e+001
      vertex -2.700000e+001  3.000000e+000 -1.800000e+001
    endloop
  endfacet
  facet normal  9.801671e-002  0.000000e+000 -9.951848e-001
    outer loop
      vertex -2.700000e+001  3.000000e+000 -1.800000e+001
      vertex -2.700000e+001  0.000000e+000 -1.800000e+001
      vertex -2.739018e+001  0.000000e+000 -1.803843e+001
    endloop
  endfacet
  facet normal  9.801671e-002  0.000000e+000 -9.951848e-001
    outer loop
      vertex -2.700000e+001  3.000000e+000 -1.800000e+001
      vertex -2.739018e+001  0.000000e+000 -1.803843e+001
      vertex -2.739018e+001  3.000000e+000 -1.803843e+001
    endloop
  endfacet
  facet normal  2.902842e-001  0.000000e+000 -9.569405e-001
    outer loop
      vertex -2.739018e+001  3.000000e+000 -1.803843e+001
      vertex -2.739018e+001  0.000000e+000 -1.803843e+001
      vertex -2.776537e+001  0.000000e+000 -1.815224e+001
    endloop
  endfacet
  facet normal  2.902842e-001  0.000000e+000 -9.569405e-001
    outer loop
      vertex -2.739018e+001  3.000000e+000 -1.803843e+001
      vertex -2.776537e+001  0.000000e+000 -1.815224e+001
      vertex -2.776537e+001  3.000000e+000 -1.815224e+001
    endloop
  endfacet
  facet normal  4.713973e-001  0.000000e+000 -8.819210e-001
    outer loop
      vertex -2.776537e+001  3.000000e+000 -1.815224e+001
      vertex -2.776537e+001  0.000000e+000 -1.815224e+001
      vertex -2.811114e+001  0.000000e+000 -1.833706e+001
    endloop
  endfacet
  facet normal  4.713973e-001  0.000000e+000 -8.819210e-001
    outer loop
      vertex -2.776537e+001  3.000000e+000 -1.815224e+001
      vertex -2.811114e+001  0.000000e+000 -1.833706e+001
      vertex -2.811114e+001  3.000000e+000 -1.833706e+001
    endloop
  endfacet
  facet normal  6.343950e-001  0.000000e+000 -7.730090e-001
    outer loop
      vertex -2.811114e+001  3.000000e+000 -1.833706e+001
      vertex -2.811114e+001  0.000000e+000 -1.833706e+001
      vertex -2.841421e+001  0.000000e+000 -1.858579e+001
    endloop
  endfacet
  facet normal  6.343950e-001  0.000000e+000 -7.730090e-001
    outer loop
      vertex -2.811114e+001  3.000000e+000 -1.833706e+001
      vertex -2.841421e+001  0.000000e+000 -1.858579e+001
      vertex -2.841421e+001  3.000000e+000 -1.858579e+001
    endloop
  endfacet
  facet normal  7.730090e-001  0.000000e+000 -6.343950e-001
    outer loop
      vertex -2.841421e+001  3.000000e+000 -1.858579e+001
      vertex -2.841421e+001  0.000000e+000 -1.858579e+001
      vertex -2.866294e+001  0.000000e+000 -1.888886e+001
    endloop
  endfacet
  facet normal  7.730090e-001  0.000000e+000 -6.343950e-001
    outer loop
      vertex -2.841421e+001  3.000000e+000 -1.858579e+001
      vertex -2.866294e+001  0.000000e+000 -1.888886e+001
      vertex -2.866294e+001  3.000000e+000 -1.888886e+001
    endloop
  endfacet
  facet normal  8.819210e-001  0.000000e+000 -4.713973e-001
    outer loop
      vertex -2.866294e+001  3.000000e+000 -1.888886e+001
      vertex -2.866294e+001  0.000000e+000 -1.888886e+001
      vertex -2.884776e+001  0.000000e+000 -1.923463e+001
    endloop
  endfacet
  facet normal  8.819210e-001  0.000000e+000 -4.713973e-001
    outer loop
      vertex -2.866294e+001  3.000000e+000 -1.888886e+001
      vertex -2.884776e+001  0.000000e+000 -1.923463e+001
      vertex -2.884776e+001  3.000000e+000 -1.923463e+001
    endloop
  endfacet
  facet normal  9.569405e-001  0.000000e+000 -2.902842e-001
    outer loop
      vertex -2.884776e+001  3.000000e+000 -1.923463e+001
      vertex -2.884776e+001  0.000000e+000 -1.923463e+001
      vertex -2.896157e+001  0.000000e+000 -1.960982e+001
    endloop
  endfacet
  facet normal  9.569405e-001  0.000000e+000 -2.902842e-001
    outer loop
      vertex -2.884776e+001  3.000000e+000 -1.923463e+001
      vertex -2.896157e+001  0.000000e+000 -1.960982e+001
      vertex -2.896157e+001  3.000000e+000 -1.960982e+001
    endloop
  endfacet
  facet normal  9.951848e-001  0.000000e+000 -9.801671e-002
    outer loop
      vertex -2.896157e+001  3.000000e+000 -1.960982e+001
      vertex -2.896157e+001  0.000000e+000 -1.960982e+001
      vertex -2.900000e+001  0.000000e+000 -2.000000e+001
    endloop
  endfacet
  facet normal  9.951848e-001  0.000000e+000 -9.801671e-002
    outer loop
      vertex -2.896157e+001  3.000000e+000 -1.960982e+001
      vertex -2.900000e+001  0.000000e+000 -2.000000e+001
      vertex -2.900000e+001  3.000000e+000 -2.000000e+001
    endloop
  endfacet
  facet normal  9.801671e-002  0.000000e+000  9.951848e-001
    outer loop
      vertex -2.700000e+001  0.000000e+000 -2.200000e+001
      vertex -2.739018e+001  3.000000e+000 -2.196157e+001
      vertex -2.739018e+001  0.000000e+000 -2.196157e+001
    endloop
  endfacet
  facet normal  2.902842e-001  -0.000000e+000  9.569405e-001
    outer loop
      vertex -2.739018e+001  0.000000e+000 -2.196157e+001
      vertex -2.739018e+001  3.000000e+000 -2.196157e+001
      vertex -2.776537e+001  3.000000e+000 -2.184776e+001
    endloop
  endfacet
  facet normal  2.902842e-001  0.000000e+000  9.569405e-001
    outer loop
      vertex -2.739018e+001  0.000000e+000 -2.196157e+001
      vertex -2.776537e+001  3.000000e+000 -2.184776e+001
      vertex -2.776537e+001  0.000000e+000 -2.184776e+001
    endloop
  endfacet
  facet normal  4.713973e-001  -0.000000e+000  8.819210e-001
    outer loop
      vertex -2.776537e+001  0.000000e+000 -2.184776e+001
      vertex -2.776537e+001  3.000000e+000 -2.184776e+001
      vertex -2.811114e+001  3.000000e+000 -2.166294e+001
    endloop
  endfacet
  facet normal  4.713973e-001  0.000000e+000  8.819210e-001
    outer loop
      vertex -2.776537e+001  0.000000e+000 -2.184776e+001
      vertex -2.811114e+001  3.000000e+000 -2.166294e+001
      vertex -2.811114e+001  0.000000e+000 -2.166294e+001
    endloop
  endfacet
  facet normal  6.343950e-001  -0.000000e+000  7.730090e-001
    outer loop
      vertex -2.811114e+001  0.000000e+000 -2.166294e+001
      vertex -2.811114e+001  3.000000e+000 -2.166294e+001
      vertex -2.841421e+001  3.000000e+000 -2.141421e+001
    endloop
  endfacet
  facet normal  6.343950e-001  0.000000e+000  7.730090e-001
    outer loop
      vertex -2.811114e+001  0.000000e+000 -2.166294e+001
      vertex -2.841421e+001  3.000000e+000 -2.141421e+001
      vertex -2.841421e+001  0.000000e+000 -2.141421e+001
    endloop
  endfacet
  facet normal  7.730090e-001  -0.000000e+000  6.343950e-001
    outer loop
      vertex -2.841421e+001  0.000000e+000 -2.141421e+001
      vertex -2.841421e+001  3.000000e+000 -2.141421e+001
      vertex -2.866294e+001  3.000000e+000 -2.111114e+001
    endloop
  endfacet
  facet normal  7.730090e-001  0.000000e+000  6.343950e-001
    outer loop
      vertex -2.841421e+001  0.000000e+000 -2.141421e+001
      vertex -2.866294e+001  3.000000e+000 -2.111114e+001
      vertex -2.866294e+001  0.000000e+000 -2.111114e+001
    endloop
  endfacet
  facet normal  8.819210e-001  -0.000000e+000  4.713973e-001
    outer loop
      vertex -2.866294e+001  0.000000e+000 -2.111114e+001
      vertex -2.866294e+001  3.000000e+000 -2.111114e+001
      vertex -2.884776e+001  3.000000e+000 -2.076537e+001
    endloop
  endfacet
  facet normal  8.819210e-001  0.000000e+000  4.713973e-001
    outer loop
      vertex -2.866294e+001  0.000000e+000 -2.111114e+001
      vertex -2.884776e+001  3.000000e+000 -2.076537e+001
      vertex -2.884776e+001  0.000000e+000 -2.076537e+001
    endloop
  endfacet
  facet normal  9.569405e-001  -0.000000e+000  2.902842e-001
    outer loop
      vertex -2.884776e+001  0.000000e+000 -2.076537e+001
      vertex -2.884776e+001  3.000000e+000 -2.076537e+001
      vertex -2.896157e+001  3.000000e+000 -2.039018e+001
    endloop
  endfacet
  facet normal  9.569405e-001  0.000000e+000  2.902842e-001
    outer loop
      vertex -2.884776e+001  0.000000e+000 -2.076537e+001
      vertex -2.896157e+001  3.000000e+000 -2.039018e+001
      vertex -2.896157e+001  0.000000e+000 -2.039018e+001
    endloop
  endfacet
  facet normal  9.951848e-001  -0.000000e+000  9.801671e-002
    outer loop
      vertex -2.896157e+001  0.000000e+000 -2.039018e+001
      vertex -2.896157e+001  3.000000e+000 -2.039018e+001
      vertex -2.900000e+001  3.000000e+000 -2.000000e+001
    endloop
  endfacet
  facet normal  9.951848e-001  0.000000e+000  9.801671e-002
    outer loop
      vertex -2.896157e+001  0.000000e+000 -2.039018e+001
      vertex -2.900000e+001  3.000000e+000 -2.000000e+001
      vertex -2.900000e+001  0.000000e+000 -2.000000e+001
    endloop
  endfacet
  facet normal  9.801671e-002  -0.000000e+000  9.951848e-001
    outer loop
      vertex -2.739018e+001  3.000000e+000 -2.196157e+001
      vertex -2.700000e+001  0.000000e+000 -2.200000e+001
      vertex -2.700000e+001  3.000000e+000 -2.200000e+001
    endloop
  endfacet
  facet normal -9.801671e-002  0.000000e+000  9.951848e-001
    outer loop
      vertex -2.700000e+001  3.000000e+000 -2.200000e+001
      vertex -2.700000e+001  0.000000e+000 -2.200000e+001
      vertex -2.660982e+001  0.000000e+000 -2.196157e+001
    endloop
  endfacet
  facet normal -9.801671e-002  0.000000e+000  9.951848e-001
    outer loop
      vertex -2.700000e+001  3.000000e+000 -2.200000e+001
      vertex -2.660982e+001  0.000000e+000 -2.196157e+001
      vertex -2.660982e+001  3.000000e+000 -2.196157e+001
    endloop
  endfacet
  facet normal -2.902842e-001  0.000000e+000  9.569405e-001
    outer loop
      vertex -2.660982e+001  3.000000e+000 -2.196157e+001
      vertex -2.660982e+001  0.000000e+000 -2.196157e+001
      vertex -2.623463e+001  0.000000e+000 -2.184776e+001
    endloop
  endfacet
  facet normal -2.902842e-001  0.000000e+000  9.569405e-001
    outer loop
      vertex -2.660982e+001  3.000000e+000 -2.196157e+001
      vertex -2.623463e+001  0.000000e+000 -2.184776e+001
      vertex -2.623463e+001  3.000000e+000 -2.184776e+001
    endloop
  endfacet
  facet normal -4.713973e-001  0.000000e+000  8.819210e-001
    outer loop
      vertex -2.623463e+001  3.000000e+000 -2.184776e+001
      vertex -2.623463e+001  0.000000e+000 -2.184776e+001
      vertex -2.588886e+001  0.000000e+000 -2.166294e+001
    endloop
  endfacet
  facet normal -4.713973e-001  0.000000e+000  8.819210e-001
    outer loop
      vertex -2.623463e+001  3.000000e+000 -2.184776e+001
      vertex -2.588886e+001  0.000000e+000 -2.166294e+001
      vertex -2.588886e+001  3.000000e+000 -2.166294e+001
    endloop
  endfacet
  facet normal -6.343950e-001  0.000000e+000  7.730090e-001
    outer loop
      vertex -2.588886e+001  3.000000e+000 -2.166294e+001
      vertex -2.588886e+001  0.000000e+000 -2.166294e+001
      vertex -2.558579e+001  0.000000e+000 -2.141421e+001
    endloop
  endfacet
  facet normal -6.343950e-001  0.000000e+000  7.730090e-001
    outer loop
      vertex -2.588886e+001  3.000000e+000 -2.166294e+001
      vertex -2.558579e+001  0.000000e+000 -2.141421e+001
      vertex -2.558579e+001  3.000000e+000 -2.141421e+001
    endloop
  endfacet
  facet normal -7.730090e-001  0.000000e+000  6.343950e-001
    outer loop
      vertex -2.558579e+001  3.000000e+000 -2.141421e+001
      vertex -2.558579e+001  0.000000e+000 -2.141421e+001
      vertex -2.533706e+001  0.000000e+000 -2.111114e+001
    endloop
  endfacet
  facet normal -7.730090e-001  0.000000e+000  6.343950e-001
    outer loop
      vertex -2.558579e+001  3.000000e+000 -2.141421e+001
      vertex -2.533706e+001  0.000000e+000 -2.111114e+001
      vertex -2.533706e+001  3.000000e+000 -2.111114e+001
    endloop
  endfacet
  facet normal -8.819210e-001  0.000000e+000  4.713973e-001
    outer loop
      vertex -2.533706e+001  3.000000e+000 -2.111114e+001
      vertex -2.533706e+001  0.000000e+000 -2.111114e+001
      vertex -2.515224e+001  0.000000e+000 -2.076537e+001
    endloop
  endfacet
  facet normal -8.819210e-001  0.000000e+000  4.713973e-001
    outer loop
      vertex -2.533706e+001  3.000000e+000 -2.111114e+001
      vertex -2.515224e+001  0.000000e+000 -2.076537e+001
      vertex -2.515224e+001  3.000000e+000 -2.076537e+001
    endloop
  endfacet
  facet normal -9.569405e-001  0.000000e+000  2.902842e-001
    outer loop
      vertex -2.515224e+001  3.000000e+000 -2.076537e+001
      vertex -2.515224e+001  0.000000e+000 -2.076537e+001
      vertex -2.503843e+001  0.000000e+000 -2.039018e+001
    endloop
  endfacet
  facet normal -9.569405e-001  0.000000e+000  2.902842e-001
    outer loop
      vertex -2.515224e+001  3.000000e+000 -2.076537e+001
      vertex -2.503843e+001  0.000000e+000 -2.039018e+001
      vertex -2.503843e+001  3.000000e+000 -2.039018e+001
    endloop
  endfacet
  facet normal -9.951848e-001  0.000000e+000  9.801671e-002
    outer loop
      vertex -2.503843e+001  3.000000e+000 -2.039018e+001
      vertex -2.503843e+001  0.000000e+000 -2.039018e+001
      vertex -2.500000e+001  0.000000e+000 -2.000000e+001
    endloop
  endfacet
  facet normal -9.951848e-001  0.000000e+000  9.801671e-002
    outer loop
      vertex -2.503843e+001  3.000000e+000 -2.039018e+001
      vertex -2.500000e+001  0.000000e+000 -2.000000e+001
      vertex -2.500000e+001  3.000000e+000 -2.000000e+001
    endloop
  endfacet
  facet normal -9.801622e-002  -0.000000e+000 -9.951848e-001
    outer loop
      vertex -5.000000e+001  0.000000e+000 -2.550000e+001
      vertex -4.960982e+001  3.000000e+000 -2.553843e+001
      vertex -4.960982e+001  0.000000e+000 -2.553843e+001
    endloop
  endfacet
  facet normal -2.902869e-001  0.000000e+000 -9.569396e-001
    outer loop
      vertex -4.960982e+001  0.000000e+000 -2.553843e+001
      vertex -4.960982e+001  3.000000e+000 -2.553843e+001
      vertex -4.923463e+001  3.000000e+000 -2.565224e+001
    endloop
  endfacet
  facet normal -2.902869e-001  -0.000000e+000 -9.569396e-001
    outer loop
      vertex -4.960982e+001  0.000000e+000 -2.553843e+001
      vertex -4.923463e+001  3.000000e+000 -2.565224e+001
      vertex -4.923463e+001  0.000000e+000 -2.565224e+001
    endloop
  endfacet
  facet normal -4.713953e-001  0.000000e+000 -8.819220e-001
    outer loop
      vertex -4.923463e+001  0.000000e+000 -2.565224e+001
      vertex -4.923463e+001  3.000000e+000 -2.565224e+001
      vertex -4.888886e+001  3.000000e+000 -2.583706e+001
    endloop
  endfacet
  facet normal -4.713953e-001  -0.000000e+000 -8.819220e-001
    outer loop
      vertex -4.923463e+001  0.000000e+000 -2.565224e+001
      vertex -4.888886e+001  3.000000e+000 -2.583706e+001
      vertex -4.888886e+001  0.000000e+000 -2.583706e+001
    endloop
  endfacet
  facet normal -6.343927e-001  0.000000e+000 -7.730110e-001
    outer loop
      vertex -4.888886e+001  0.000000e+000 -2.583706e+001
      vertex -4.888886e+001  3.000000e+000 -2.583706e+001
      vertex -4.858578e+001  3.000000e+000 -2.608579e+001
    endloop
  endfacet
  facet normal -6.343927e-001  -0.000000e+000 -7.730110e-001
    outer loop
      vertex -4.888886e+001  0.000000e+000 -2.583706e+001
      vertex -4.858578e+001  3.000000e+000 -2.608579e+001
      vertex -4.858578e+001  0.000000e+000 -2.608579e+001
    endloop
  endfacet
  facet normal -7.730090e-001  0.000000e+000 -6.343950e-001
    outer loop
      vertex -4.858578e+001  0.000000e+000 -2.608579e+001
      vertex -4.858578e+001  3.000000e+000 -2.608579e+001
      vertex -4.833706e+001  3.000000e+000 -2.638886e+001
    endloop
  endfacet
  facet normal -7.730090e-001  -0.000000e+000 -6.343950e-001
    outer loop
      vertex -4.858578e+001  0.000000e+000 -2.608579e+001
      vertex -4.833706e+001  3.000000e+000 -2.638886e+001
      vertex -4.833706e+001  0.000000e+000 -2.638886e+001
    endloop
  endfacet
  facet normal -8.819230e-001  0.000000e+000 -4.713935e-001
    outer loop
      vertex -4.833706e+001  0.000000e+000 -2.638886e+001
      vertex -4.833706e+001  3.000000e+000 -2.638886e+001
      vertex -4.815224e+001  3.000000e+000 -2.673463e+001
    endloop
  endfacet
  facet normal -8.819230e-001  -0.000000e+000 -4.713935e-001
    outer loop
      vertex -4.833706e+001  0.000000e+000 -2.638886e+001
      vertex -4.815224e+001  3.000000e+000 -2.673463e+001
      vertex -4.815224e+001  0.000000e+000 -2.673463e+001
    endloop
  endfacet
  facet normal -9.569405e-001  0.000000e+000 -2.902842e-001
    outer loop
      vertex -4.815224e+001  0.000000e+000 -2.673463e+001
      vertex -4.815224e+001  3.000000e+000 -2.673463e+001
      vertex -4.803843e+001  3.000000e+000 -2.710982e+001
    endloop
  endfacet
  facet normal -9.569405e-001  -0.000000e+000 -2.902842e-001
    outer loop
      vertex -4.815224e+001  0.000000e+000 -2.673463e+001
      vertex -4.803843e+001  3.000000e+000 -2.710982e+001
      vertex -4.803843e+001  0.000000e+000 -2.710982e+001
    endloop
  endfacet
  facet normal -9.951848e-001  0.000000e+000 -9.801671e-002
    outer loop
      vertex -4.803843e+001  0.000000e+000 -2.710982e+001
      vertex -4.803843e+001  3.000000e+000 -2.710982e+001
      vertex -4.800000e+001  3.000000e+000 -2.750000e+001
    endloop
  endfacet
  facet normal -9.951848e-001  -0.000000e+000 -9.801671e-002
    outer loop
      vertex -4.803843e+001  0.000000e+000 -2.710982e+001
      vertex -4.800000e+001  3.000000e+000 -2.750000e+001
      vertex -4.800000e+001  0.000000e+000 -2.750000e+001
    endloop
  endfacet
  facet normal -9.801622e-002  0.000000e+000 -9.951848e-001
    outer loop
      vertex -4.960982e+001  3.000000e+000 -2.553843e+001
      vertex -5.000000e+001  0.000000e+000 -2.550000e+001
      vertex -5.000000e+001  3.000000e+000 -2.550000e+001
    endloop
  endfacet
  facet normal  9.801622e-002  0.000000e+000 -9.951848e-001
    outer loop
      vertex -5.000000e+001  3.000000e+000 -2.550000e+001
      vertex -5.000000e+001  0.000000e+000 -2.550000e+001
      vertex -5.039018e+001  0.000000e+000 -2.553843e+001
    endloop
  endfacet
  facet normal  9.801622e-002  0.000000e+000 -9.951848e-001
    outer loop
      vertex -5.000000e+001  3.000000e+000 -2.550000e+001
      vertex -5.039018e+001  0.000000e+000 -2.553843e+001
      vertex -5.039018e+001  3.000000e+000 -2.553843e+001
    endloop
  endfacet
  facet normal  2.902869e-001  0.000000e+000 -9.569396e-001
    outer loop
      vertex -5.039018e+001  3.000000e+000 -2.553843e+001
      vertex -5.039018e+001  0.000000e+000 -2.553843e+001
      vertex -5.076537e+001  0.000000e+000 -2.565224e+001
    endloop
  endfacet
  facet normal  2.902869e-001  0.000000e+000 -9.569396e-001
    outer loop
      vertex -5.039018e+001  3.000000e+000 -2.553843e+001
      vertex -5.076537e+001  0.000000e+000 -2.565224e+001
      vertex -5.076537e+001  3.000000e+000 -2.565224e+001
    endloop
  endfacet
  facet normal  4.713953e-001  0.000000e+000 -8.819220e-001
    outer loop
      vertex -5.076537e+001  3.000000e+000 -2.565224e+001
      vertex -5.076537e+001  0.000000e+000 -2.565224e+001
      vertex -5.111114e+001  0.000000e+000 -2.583706e+001
    endloop
  endfacet
  facet normal  4.713953e-001  0.000000e+000 -8.819220e-001
    outer loop
      vertex -5.076537e+001  3.000000e+000 -2.565224e+001
      vertex -5.111114e+001  0.000000e+000 -2.583706e+001
      vertex -5.111114e+001  3.000000e+000 -2.583706e+001
    endloop
  endfacet
  facet normal  6.343927e-001  0.000000e+000 -7.730110e-001
    outer loop
      vertex -5.111114e+001  3.000000e+000 -2.583706e+001
      vertex -5.111114e+001  0.000000e+000 -2.583706e+001
      vertex -5.141422e+001  0.000000e+000 -2.608579e+001
    endloop
  endfacet
  facet normal  6.343927e-001  0.000000e+000 -7.730110e-001
    outer loop
      vertex -5.111114e+001  3.000000e+000 -2.583706e+001
      vertex -5.141422e+001  0.000000e+000 -2.608579e+001
      vertex -5.141422e+001  3.000000e+000 -2.608579e+001
    endloop
  endfacet
  facet normal  7.730090e-001  0.000000e+000 -6.343950e-001
    outer loop
      vertex -5.141422e+001  3.000000e+000 -2.608579e+001
      vertex -5.141422e+001  0.000000e+000 -2.608579e+001
      vertex -5.166294e+001  0.000000e+000 -2.638886e+001
    endloop
  endfacet
  facet normal  7.730090e-001  0.000000e+000 -6.343950e-001
    outer loop
      vertex -5.141422e+001  3.000000e+000 -2.608579e+001
      vertex -5.166294e+001  0.000000e+000 -2.638886e+001
      vertex -5.166294e+001  3.000000e+000 -2.638886e+001
    endloop
  endfacet
  facet normal  8.819230e-001  0.000000e+000 -4.713935e-001
    outer loop
      vertex -5.166294e+001  3.000000e+000 -2.638886e+001
      vertex -5.166294e+001  0.000000e+000 -2.638886e+001
      vertex -5.184776e+001  0.000000e+000 -2.673463e+001
    endloop
  endfacet
  facet normal  8.819230e-001  0.000000e+000 -4.713935e-001
    outer loop
      vertex -5.166294e+001  3.000000e+000 -2.638886e+001
      vertex -5.184776e+001  0.000000e+000 -2.673463e+001
      vertex -5.184776e+001  3.000000e+000 -2.673463e+001
    endloop
  endfacet
  facet normal  9.569405e-001  0.000000e+000 -2.902842e-001
    outer loop
      vertex -5.184776e+001  3.000000e+000 -2.673463e+001
      vertex -5.184776e+001  0.000000e+000 -2.673463e+001
      vertex -5.196157e+001  0.000000e+000 -2.710982e+001
    endloop
  endfacet
  facet normal  9.569405e-001  0.000000e+000 -2.902842e-001
    outer loop
      vertex -5.184776e+001  3.000000e+000 -2.673463e+001
      vertex -5.196157e+001  0.000000e+000 -2.710982e+001
      vertex -5.196157e+001  3.000000e+000 -2.710982e+001
    endloop
  endfacet
  facet normal  9.951848e-001  0.000000e+000 -9.801671e-002
    outer loop
      vertex -5.196157e+001  3.000000e+000 -2.710982e+001
      vertex -5.196157e+001  0.000000e+000 -2.710982e+001
      vertex -5.200000e+001  0.000000e+000 -2.750000e+001
    endloop
  endfacet
  facet normal  9.951848e-001  0.000000e+000 -9.801671e-002
    outer loop
      vertex -5.196157e+001  3.000000e+000 -2.710982e+001
      vertex -5.200000e+001  0.000000e+000 -2.750000e+001
      vertex -5.200000e+001  3.000000e+000 -2.750000e+001
    endloop
  endfacet
  facet normal  9.801622e-002  0.000000e+000  9.951848e-001
    outer loop
      vertex -5.000000e+001  0.000000e+000 -2.950000e+001
      vertex -5.039018e+001  3.000000e+000 -2.946157e+001
      vertex -5.039018e+001  0.000000e+000 -2.946157e+001
    endloop
  endfacet
  facet normal  2.902869e-001  -0.000000e+000  9.569396e-001
    outer loop
      vertex -5.039018e+001  0.000000e+000 -2.946157e+001
      vertex -5.039018e+001  3.000000e+000 -2.946157e+001
      vertex -5.076537e+001  3.000000e+000 -2.934776e+001
    endloop
  endfacet
  facet normal  2.902869e-001  0.000000e+000  9.569396e-001
    outer loop
      vertex -5.039018e+001  0.000000e+000 -2.946157e+001
      vertex -5.076537e+001  3.000000e+000 -2.934776e+001
      vertex -5.076537e+001  0.000000e+000 -2.934776e+001
    endloop
  endfacet
  facet normal  4.713953e-001  -0.000000e+000  8.819220e-001
    outer loop
      vertex -5.076537e+001  0.000000e+000 -2.934776e+001
      vertex -5.076537e+001  3.000000e+000 -2.934776e+001
      vertex -5.111114e+001  3.000000e+000 -2.916294e+001
    endloop
  endfacet
  facet normal  4.713953e-001  0.000000e+000  8.819220e-001
    outer loop
      vertex -5.076537e+001  0.000000e+000 -2.934776e+001
      vertex -5.111114e+001  3.000000e+000 -2.916294e+001
      vertex -5.111114e+001  0.000000e+000 -2.916294e+001
    endloop
  endfacet
  facet normal  6.343927e-001  -0.000000e+000  7.730110e-001
    outer loop
      vertex -5.111114e+001  0.000000e+000 -2.916294e+001
      vertex -5.111114e+001  3.000000e+000 -2.916294e+001
      vertex -5.141422e+001  3.000000e+000 -2.891421e+001
    endloop
  endfacet
  facet normal  6.343927e-001  0.000000e+000  7.730110e-001
    outer loop
      vertex -5.111114e+001  0.000000e+000 -2.916294e+001
      vertex -5.141422e+001  3.000000e+000 -2.891421e+001
      vertex -5.141422e+001  0.000000e+000 -2.891421e+001
    endloop
  endfacet
  facet normal  7.730090e-001  -0.000000e+000  6.343950e-001
    outer loop
      vertex -5.141422e+001  0.000000e+000 -2.891421e+001
      vertex -5.141422e+001  3.000000e+000 -2.891421e+001
      vertex -5.166294e+001  3.000000e+000 -2.861114e+001
    endloop
  endfacet
  facet normal  7.730090e-001  0.000000e+000  6.343950e-001
    outer loop
      vertex -5.141422e+001  0.000000e+000 -2.891421e+001
      vertex -5.166294e+001  3.000000e+000 -2.861114e+001
      vertex -5.166294e+001  0.000000e+000 -2.861114e+001
    endloop
  endfacet
  facet normal  8.819230e-001  -0.000000e+000  4.713935e-001
    outer loop
      vertex -5.166294e+001  0.000000e+000 -2.861114e+001
      vertex -5.166294e+001  3.000000e+000 -2.861114e+001
      vertex -5.184776e+001  3.000000e+000 -2.826537e+001
    endloop
  endfacet
  facet normal  8.819230e-001  0.000000e+000  4.713935e-001
    outer loop
      vertex -5.166294e+001  0.000000e+000 -2.861114e+001
      vertex -5.184776e+001  3.000000e+000 -2.826537e+001
      vertex -5.184776e+001  0.000000e+000 -2.826537e+001
    endloop
  endfacet
  facet normal  9.569405e-001  -0.000000e+000  2.902842e-001
    outer loop
      vertex -5.184776e+001  0.000000e+000 -2.826537e+001
      vertex -5.184776e+001  3.000000e+000 -2.826537e+001
      vertex -5.196157e+001  3.000000e+000 -2.789018e+001
    endloop
  endfacet
  facet normal  9.569405e-001  0.000000e+000  2.902842e-001
    outer loop
      vertex -5.184776e+001  0.000000e+000 -2.826537e+001
      vertex -5.196157e+001  3.000000e+000 -2.789018e+001
      vertex -5.196157e+001  0.000000e+000 -2.789018e+001
    endloop
  endfacet
  facet normal  9.951848e-001  -0.000000e+000  9.801671e-002
    outer loop
      vertex -5.196157e+001  0.000000e+000 -2.789018e+001
      vertex -5.196157e+001  3.000000e+000 -2.789018e+001
      vertex -5.200000e+001  3.000000e+000 -2.750000e+001
    endloop
  endfacet
  facet normal  9.951848e-001  0.000000e+000  9.801671e-002
    outer loop
      vertex -5.196157e+001  0.000000e+000 -2.789018e+001
      vertex -5.200000e+001  3.000000e+000 -2.750000e+001
      vertex -5.200000e+001  0.000000e+000 -2.750000e+001
    endloop
  endfacet
  facet normal  9.801622e-002  -0.000000e+000  9.951848e-001
    outer loop
      vertex -5.039018e+001  3.000000e+000 -2.946157e+001
      vertex -5.000000e+001  0.000000e+000 -2.950000e+001
      vertex -5.000000e+001  3.000000e+000 -2.950000e+001
    endloop
  endfacet
  facet normal -9.801622e-002  0.000000e+000  9.951848e-001
    outer loop
      vertex -5.000000e+001  3.000000e+000 -2.950000e+001
      vertex -5.000000e+001  0.000000e+000 -2.950000e+001
      vertex -4.960982e+001  0.000000e+000 -2.946157e+001
    endloop
  endfacet
  facet normal -9.801622e-002  0.000000e+000  9.951848e-001
    outer loop
      vertex -5.000000e+001  3.000000e+000 -2.950000e+001
      vertex -4.960982e+001  0.000000e+000 -2.946157e+001
      vertex -4.960982e+001  3.000000e+000 -2.946157e+001
    endloop
  endfacet
  facet normal -2.902869e-001  0.000000e+000  9.569396e-001
    outer loop
      vertex -4.960982e+001  3.000000e+000 -2.946157e+001
      vertex -4.960982e+001  0.000000e+000 -2.946157e+001
      vertex -4.923463e+001  0.000000e+000 -2.934776e+001
    endloop
  endfacet
  facet normal -2.902869e-001  0.000000e+000  9.569396e-001
    outer loop
      vertex -4.960982e+001  3.000000e+000 -2.946157e+001
      vertex -4.923463e+001  0.000000e+000 -2.934776e+001
      vertex -4.923463e+001  3.000000e+000 -2.934776e+001
    endloop
  endfacet
  facet normal -4.713953e-001  0.000000e+000  8.819220e-001
    outer loop
      vertex -4.923463e+001  3.000000e+000 -2.934776e+001
      vertex -4.923463e+001  0.000000e+000 -2.934776e+001
      vertex -4.888886e+001  0.000000e+000 -2.916294e+001
    endloop
  endfacet
  facet normal -4.713953e-001  0.000000e+000  8.819220e-001
    outer loop
      vertex -4.923463e+001  3.000000e+000 -2.934776e+001
      vertex -4.888886e+001  0.000000e+000 -2.916294e+001
      vertex -4.888886e+001  3.000000e+000 -2.916294e+001
    endloop
  endfacet
  facet normal -6.343927e-001  0.000000e+000  7.730110e-001
    outer loop
      vertex -4.888886e+001  3.000000e+000 -2.916294e+001
      vertex -4.888886e+001  0.000000e+000 -2.916294e+001
      vertex -4.858578e+001  0.000000e+000 -2.891421e+001
    endloop
  endfacet
  facet normal -6.343927e-001  0.000000e+000  7.730110e-001
    outer loop
      vertex -4.888886e+001  3.000000e+000 -2.916294e+001
      vertex -4.858578e+001  0.000000e+000 -2.891421e+001
      vertex -4.858578e+001  3.000000e+000 -2.891421e+001
    endloop
  endfacet
  facet normal -7.730090e-001  0.000000e+000  6.343950e-001
    outer loop
      vertex -4.858578e+001  3.000000e+000 -2.891421e+001
      vertex -4.858578e+001  0.000000e+000 -2.891421e+001
      vertex -4.833706e+001  0.000000e+000 -2.861114e+001
    endloop
  endfacet
  facet normal -7.730090e-001  0.000000e+000  6.343950e-001
    outer loop
      vertex -4.858578e+001  3.000000e+000 -2.891421e+001
      vertex -4.833706e+001  0.000000e+000 -2.861114e+001
      vertex -4.833706e+001  3.000000e+000 -2.861114e+001
    endloop
  endfacet
  facet normal -8.819230e-001  0.000000e+000  4.713935e-001
    outer loop
      vertex -4.833706e+001  3.000000e+000 -2.861114e+001
      vertex -4.833706e+001  0.000000e+000 -2.861114e+001
      vertex -4.815224e+001  0.000000e+000 -2.826537e+001
    endloop
  endfacet
  facet normal -8.819230e-001  0.000000e+000  4.713935e-001
    outer loop
      vertex -4.833706e+001  3.000000e+000 -2.861114e+001
      vertex -4.815224e+001  0.000000e+000 -2.826537e+001
      vertex -4.815224e+001  3.000000e+000 -2.826537e+001
    endloop
  endfacet
  facet normal -9.569405e-001  0.000000e+000  2.902842e-001
    outer loop
      vertex -4.815224e+001  3.000000e+000 -2.826537e+001
      vertex -4.815224e+001  0.000000e+000 -2.826537e+001
      vertex -4.803843e+001  0.000000e+000 -2.789018e+001
    endloop
  endfacet
  facet normal -9.569405e-001  0.000000e+000  2.902842e-001
    outer loop
      vertex -4.815224e+001  3.000000e+000 -2.826537e+001
      vertex -4.803843e+001  0.000000e+000 -2.789018e+001
      vertex -4.803843e+001  3.000000e+000 -2.789018e+001
    endloop
  endfacet
  facet normal -9.951848e-001  0.000000e+000  9.801671e-002
    outer loop
      vertex -4.803843e+001  3.000000e+000 -2.789018e+001
      vertex -4.803843e+001  0.000000e+000 -2.789018e+001
      vertex -4.800000e+001  0.000000e+000 -2.750000e+001
    endloop
  endfacet
  facet normal -9.951848e-001  0.000000e+000  9.801671e-002
    outer loop
      vertex -4.803843e+001  3.000000e+000 -2.789018e+001
      vertex -4.800000e+001  0.000000e+000 -2.750000e+001
      vertex -4.800000e+001  3.000000e+000 -2.750000e+001
    endloop
  endfacet
  facet normal -9.801622e-002  -0.000000e+000 -9.951848e-001
    outer loop
      vertex -5.000000e+001  0.000000e+000 -4.050000e+001
      vertex -4.960982e+001  3.000000e+000 -4.053843e+001
      vertex -4.960982e+001  0.000000e+000 -4.053843e+001
    endloop
  endfacet
  facet normal -2.902869e-001  0.000000e+000 -9.569396e-001
    outer loop
      vertex -4.960982e+001  0.000000e+000 -4.053843e+001
      vertex -4.960982e+001  3.000000e+000 -4.053843e+001
      vertex -4.923463e+001  3.000000e+000 -4.065224e+001
    endloop
  endfacet
  facet normal -2.902869e-001  -0.000000e+000 -9.569396e-001
    outer loop
      vertex -4.960982e+001  0.000000e+000 -4.053843e+001
      vertex -4.923463e+001  3.000000e+000 -4.065224e+001
      vertex -4.923463e+001  0.000000e+000 -4.065224e+001
    endloop
  endfacet
  facet normal -4.713915e-001  0.000000e+000 -8.819240e-001
    outer loop
      vertex -4.923463e+001  0.000000e+000 -4.065224e+001
      vertex -4.923463e+001  3.000000e+000 -4.065224e+001
      vertex -4.888886e+001  3.000000e+000 -4.083706e+001
    endloop
  endfacet
  facet normal -4.713915e-001  -0.000000e+000 -8.819240e-001
    outer loop
      vertex -4.923463e+001  0.000000e+000 -4.065224e+001
      vertex -4.888886e+001  3.000000e+000 -4.083706e+001
      vertex -4.888886e+001  0.000000e+000 -4.083706e+001
    endloop
  endfacet
  facet normal -6.343927e-001  0.000000e+000 -7.730110e-001
    outer loop
      vertex -4.888886e+001  0.000000e+000 -4.083706e+001
      vertex -4.888886e+001  3.000000e+000 -4.083706e+001
      vertex -4.858578e+001  3.000000e+000 -4.108578e+001
    endloop
  endfacet
  facet normal -6.343927e-001  -0.000000e+000 -7.730110e-001
    outer loop
      vertex -4.888886e+001  0.000000e+000 -4.083706e+001
      vertex -4.858578e+001  3.000000e+000 -4.108578e+001
      vertex -4.858578e+001  0.000000e+000 -4.108578e+001
    endloop
  endfacet
  facet normal -7.730110e-001  0.000000e+000 -6.343927e-001
    outer loop
      vertex -4.858578e+001  0.000000e+000 -4.108578e+001
      vertex -4.858578e+001  3.000000e+000 -4.108578e+001
      vertex -4.833706e+001  3.000000e+000 -4.138886e+001
    endloop
  endfacet
  facet normal -7.730110e-001  -0.000000e+000 -6.343927e-001
    outer loop
      vertex -4.858578e+001  0.000000e+000 -4.108578e+001
      vertex -4.833706e+001  3.000000e+000 -4.138886e+001
      vertex -4.833706e+001  0.000000e+000 -4.138886e+001
    endloop
  endfacet
  facet normal -8.819240e-001  0.000000e+000 -4.713915e-001
    outer loop
      vertex -4.833706e+001  0.000000e+000 -4.138886e+001
      vertex -4.833706e+001  3.000000e+000 -4.138886e+001
      vertex -4.815224e+001  3.000000e+000 -4.173463e+001
    endloop
  endfacet
  facet normal -8.819240e-001  -0.000000e+000 -4.713915e-001
    outer loop
      vertex -4.833706e+001  0.000000e+000 -4.138886e+001
      vertex -4.815224e+001  3.000000e+000 -4.173463e+001
      vertex -4.815224e+001  0.000000e+000 -4.173463e+001
    endloop
  endfacet
  facet normal -9.569396e-001  0.000000e+000 -2.902869e-001
    outer loop
      vertex -4.815224e+001  0.000000e+000 -4.173463e+001
      vertex -4.815224e+001  3.000000e+000 -4.173463e+001
      vertex -4.803843e+001  3.000000e+000 -4.210982e+001
    endloop
  endfacet
  facet normal -9.569396e-001  -0.000000e+000 -2.902869e-001
    outer loop
      vertex -4.815224e+001  0.000000e+000 -4.173463e+001
      vertex -4.803843e+001  3.000000e+000 -4.210982e+001
      vertex -4.803843e+001  0.000000e+000 -4.210982e+001
    endloop
  endfacet
  facet normal -9.951848e-001  0.000000e+000 -9.801622e-002
    outer loop
      vertex -4.803843e+001  0.000000e+000 -4.210982e+001
      vertex -4.803843e+001  3.000000e+000 -4.210982e+001
      vertex -4.800000e+001  3.000000e+000 -4.250000e+001
    endloop
  endfacet
  facet normal -9.951848e-001  -0.000000e+000 -9.801622e-002
    outer loop
      vertex -4.803843e+001  0.000000e+000 -4.210982e+001
      vertex -4.800000e+001  3.000000e+000 -4.250000e+001
      vertex -4.800000e+001  0.000000e+000 -4.250000e+001
    endloop
  endfacet
  facet normal -9.801622e-002  0.000000e+000 -9.951848e-001
    outer loop
      vertex -4.960982e+001  3.000000e+000 -4.053843e+001
      vertex -5.000000e+001  0.000000e+000 -4.050000e+001
      vertex -5.000000e+001  3.000000e+000 -4.050000e+001
    endloop
  endfacet
  facet normal  9.801622e-002  0.000000e+000 -9.951848e-001
    outer loop
      vertex -5.000000e+001  3.000000e+000 -4.050000e+001
      vertex -5.000000e+001  0.000000e+000 -4.050000e+001
      vertex -5.039018e+001  0.000000e+000 -4.053843e+001
    endloop
  endfacet
  facet normal  9.801622e-002  0.000000e+000 -9.951848e-001
    outer loop
      vertex -5.000000e+001  3.000000e+000 -4.050000e+001
      vertex -5.039018e+001  0.000000e+000 -4.053843e+001
      vertex -5.039018e+001  3.000000e+000 -4.053843e+001
    endloop
  endfacet
  facet normal  2.902869e-001  0.000000e+000 -9.569396e-001
    outer loop
      vertex -5.039018e+001  3.000000e+000 -4.053843e+001
      vertex -5.039018e+001  0.000000e+000 -4.053843e+001
      vertex -5.076537e+001  0.000000e+000 -4.065224e+001
    endloop
  endfacet
  facet normal  2.902869e-001  0.000000e+000 -9.569396e-001
    outer loop
      vertex -5.039018e+001  3.000000e+000 -4.053843e+001
      vertex -5.076537e+001  0.000000e+000 -4.065224e+001
      vertex -5.076537e+001  3.000000e+000 -4.065224e+001
    endloop
  endfacet
  facet normal  4.713915e-001  0.000000e+000 -8.819240e-001
    outer loop
      vertex -5.076537e+001  3.000000e+000 -4.065224e+001
      vertex -5.076537e+001  0.000000e+000 -4.065224e+001
      vertex -5.111114e+001  0.000000e+000 -4.083706e+001
    endloop
  endfacet
  facet normal  4.713915e-001  0.000000e+000 -8.819240e-001
    outer loop
      vertex -5.076537e+001  3.000000e+000 -4.065224e+001
      vertex -5.111114e+001  0.000000e+000 -4.083706e+001
      vertex -5.111114e+001  3.000000e+000 -4.083706e+001
    endloop
  endfacet
  facet normal  6.343927e-001  0.000000e+000 -7.730110e-001
    outer loop
      vertex -5.111114e+001  3.000000e+000 -4.083706e+001
      vertex -5.111114e+001  0.000000e+000 -4.083706e+001
      vertex -5.141422e+001  0.000000e+000 -4.108578e+001
    endloop
  endfacet
  facet normal  6.343927e-001  0.000000e+000 -7.730110e-001
    outer loop
      vertex -5.111114e+001  3.000000e+000 -4.083706e+001
      vertex -5.141422e+001  0.000000e+000 -4.108578e+001
      vertex -5.141422e+001  3.000000e+000 -4.108578e+001
    endloop
  endfacet
  facet normal  7.730110e-001  0.000000e+000 -6.343927e-001
    outer loop
      vertex -5.141422e+001  3.000000e+000 -4.108578e+001
      vertex -5.141422e+001  0.000000e+000 -4.108578e+001
      vertex -5.166294e+001  0.000000e+000 -4.138886e+001
    endloop
  endfacet
  facet normal  7.730110e-001  0.000000e+000 -6.343927e-001
    outer loop
      vertex -5.141422e+001  3.000000e+000 -4.108578e+001
      vertex -5.166294e+001  0.000000e+000 -4.138886e+001
      vertex -5.166294e+001  3.000000e+000 -4.138886e+001
    endloop
  endfacet
  facet normal  8.819240e-001  0.000000e+000 -4.713915e-001
    outer loop
      vertex -5.166294e+001  3.000000e+000 -4.138886e+001
      vertex -5.166294e+001  0.000000e+000 -4.138886e+001
      vertex -5.184776e+001  0.000000e+000 -4.173463e+001
    endloop
  endfacet
  facet normal  8.819240e-001  0.000000e+000 -4.713915e-001
    outer loop
      vertex -5.166294e+001  3.000000e+000 -4.138886e+001
      vertex -5.184776e+001  0.000000e+000 -4.173463e+001
      vertex -5.184776e+001  3.000000e+000 -4.173463e+001
    endloop
  endfacet
  facet normal  9.569396e-001  0.000000e+000 -2.902869e-001
    outer loop
      vertex -5.184776e+001  3.000000e+000 -4.173463e+001
      vertex -5.184776e+001  0.000000e+000 -4.173463e+001
      vertex -5.196157e+001  0.000000e+000 -4.210982e+001
    endloop
  endfacet
  facet normal  9.569396e-001  0.000000e+000 -2.902869e-001
    outer loop
      vertex -5.184776e+001  3.000000e+000 -4.173463e+001
      vertex -5.196157e+001  0.000000e+000 -4.210982e+001
      vertex -5.196157e+001  3.000000e+000 -4.210982e+001
    endloop
  endfacet
  facet normal  9.951848e-001  0.000000e+000 -9.801622e-002
    outer loop
      vertex -5.196157e+001  3.000000e+000 -4.210982e+001
      vertex -5.196157e+001  0.000000e+000 -4.210982e+001
      vertex -5.200000e+001  0.000000e+000 -4.250000e+001
    endloop
  endfacet
  facet normal  9.951848e-001  0.000000e+000 -9.801622e-002
    outer loop
      vertex -5.196157e+001  3.000000e+000 -4.210982e+001
      vertex -5.200000e+001  0.000000e+000 -4.250000e+001
      vertex -5.200000e+001  3.000000e+000 -4.250000e+001
    endloop
  endfacet
  facet normal  9.801622e-002  0.000000e+000  9.951848e-001
    outer loop
      vertex -5.000000e+001  0.000000e+000 -4.450000e+001
      vertex -5.039018e+001  3.000000e+000 -4.446157e+001
      vertex -5.039018e+001  0.000000e+000 -4.446157e+001
    endloop
  endfacet
  facet normal  2.902869e-001  -0.000000e+000  9.569396e-001
    outer loop
      vertex -5.039018e+001  0.000000e+000 -4.446157e+001
      vertex -5.039018e+001  3.000000e+000 -4.446157e+001
      vertex -5.076537e+001  3.000000e+000 -4.434776e+001
    endloop
  endfacet
  facet normal  2.902869e-001  0.000000e+000  9.569396e-001
    outer loop
      vertex -5.039018e+001  0.000000e+000 -4.446157e+001
      vertex -5.076537e+001  3.000000e+000 -4.434776e+001
      vertex -5.076537e+001  0.000000e+000 -4.434776e+001
    endloop
  endfacet
  facet normal  4.713915e-001  -0.000000e+000  8.819240e-001
    outer loop
      vertex -5.076537e+001  0.000000e+000 -4.434776e+001
      vertex -5.076537e+001  3.000000e+000 -4.434776e+001
      vertex -5.111114e+001  3.000000e+000 -4.416294e+001
    endloop
  endfacet
  facet normal  4.713915e-001  0.000000e+000  8.819240e-001
    outer loop
      vertex -5.076537e+001  0.000000e+000 -4.434776e+001
      vertex -5.111114e+001  3.000000e+000 -4.416294e+001
      vertex -5.111114e+001  0.000000e+000 -4.416294e+001
    endloop
  endfacet
  facet normal  6.343927e-001  -0.000000e+000  7.730110e-001
    outer loop
      vertex -5.111114e+001  0.000000e+000 -4.416294e+001
      vertex -5.111114e+001  3.000000e+000 -4.416294e+001
      vertex -5.141422e+001  3.000000e+000 -4.391422e+001
    endloop
  endfacet
  facet normal  6.343927e-001  0.000000e+000  7.730110e-001
    outer loop
      vertex -5.111114e+001  0.000000e+000 -4.416294e+001
      vertex -5.141422e+001  3.000000e+000 -4.391422e+001
      vertex -5.141422e+001  0.000000e+000 -4.391422e+001
    endloop
  endfacet
  facet normal  7.730110e-001  -0.000000e+000  6.343927e-001
    outer loop
      vertex -5.141422e+001  0.000000e+000 -4.391422e+001
      vertex -5.141422e+001  3.000000e+000 -4.391422e+001
      vertex -5.166294e+001  3.000000e+000 -4.361114e+001
    endloop
  endfacet
  facet normal  7.730110e-001  0.000000e+000  6.343927e-001
    outer loop
      vertex -5.141422e+001  0.000000e+000 -4.391422e+001
      vertex -5.166294e+001  3.000000e+000 -4.361114e+001
      vertex -5.166294e+001  0.000000e+000 -4.361114e+001
    endloop
  endfacet
  facet normal  8.819240e-001  -0.000000e+000  4.713915e-001
    outer loop
      vertex -5.166294e+001  0.000000e+000 -4.361114e+001
      vertex -5.166294e+001  3.000000e+000 -4.361114e+001
      vertex -5.184776e+001  3.000000e+000 -4.326537e+001
    endloop
  endfacet
  facet normal  8.819240e-001  0.000000e+000  4.713915e-001
    outer loop
      vertex -5.166294e+001  0.000000e+000 -4.361114e+001
      vertex -5.184776e+001  3.000000e+000 -4.326537e+001
      vertex -5.184776e+001  0.000000e+000 -4.326537e+001
    endloop
  endfacet
  facet normal  9.569396e-001  -0.000000e+000  2.902869e-001
    outer loop
      vertex -5.184776e+001  0.000000e+000 -4.326537e+001
      vertex -5.184776e+001  3.000000e+000 -4.326537e+001
      vertex -5.196157e+001  3.000000e+000 -4.289018e+001
    endloop
  endfacet
  facet normal  9.569396e-001  0.000000e+000  2.902869e-001
    outer loop
      vertex -5.184776e+001  0.000000e+000 -4.326537e+001
      vertex -5.196157e+001  3.000000e+000 -4.289018e+001
      vertex -5.196157e+001  0.000000e+000 -4.289018e+001
    endloop
  endfacet
  facet normal  9.951848e-001  -0.000000e+000  9.801622e-002
    outer loop
      vertex -5.196157e+001  0.000000e+000 -4.289018e+001
      vertex -5.196157e+001  3.000000e+000 -4.289018e+001
      vertex -5.200000e+001  3.000000e+000 -4.250000e+001
    endloop
  endfacet
  facet normal  9.951848e-001  0.000000e+000  9.801622e-002
    outer loop
      vertex -5.196157e+001  0.000000e+000 -4.289018e+001
      vertex -5.200000e+001  3.000000e+000 -4.250000e+001
      vertex -5.200000e+001  0.000000e+000 -4.250000e+001
    endloop
  endfacet
  facet normal  9.801622e-002  -0.000000e+000  9.951848e-001
    outer loop
      vertex -5.039018e+001  3.000000e+000 -4.446157e+001
      vertex -5.000000e+001  0.000000e+000 -4.450000e+001
      vertex -5.000000e+001  3.000000e+000 -4.450000e+001
    endloop
  endfacet
  facet normal -9.801622e-002  0.000000e+000  9.951848e-001
    outer loop
      vertex -5.000000e+001  3.000000e+000 -4.450000e+001
      vertex -5.000000e+001  0.000000e+000 -4.450000e+001
      vertex -4.960982e+001  0.000000e+000 -4.446157e+001
    endloop
  endfacet
  facet normal -9.801622e-002  0.000000e+000  9.951848e-001
    outer loop
      vertex -5.000000e+001  3.000000e+000 -4.450000e+001
      vertex -4.960982e+001  0.000000e+000 -4.446157e+001
      vertex -4.960982e+001  3.000000e+000 -4.446157e+001
    endloop
  endfacet
  facet normal -2.902869e-001  0.000000e+000  9.569396e-001
    outer loop
      vertex -4.960982e+001  3.000000e+000 -4.446157e+001
      vertex -4.960982e+001  0.000000e+000 -4.446157e+001
      vertex -4.923463e+001  0.000000e+000 -4.434776e+001
    endloop
  endfacet
  facet normal -2.902869e-001  0.000000e+000  9.569396e-001
    outer loop
      vertex -4.960982e+001  3.000000e+000 -4.446157e+001
      vertex -4.923463e+001  0.000000e+000 -4.434776e+001
      vertex -4.923463e+001  3.000000e+000 -4.434776e+001
    endloop
  endfacet
  facet normal -4.713915e-001  0.000000e+000  8.819240e-001
    outer loop
      vertex -4.923463e+001  3.000000e+000 -4.434776e+001
      vertex -4.923463e+001  0.000000e+000 -4.434776e+001
      vertex -4.888886e+001  0.000000e+000 -4.416294e+001
    endloop
  endfacet
  facet normal -4.713915e-001  0.000000e+000  8.819240e-001
    outer loop
      vertex -4.923463e+001  3.000000e+000 -4.434776e+001
      vertex -4.888886e+001  0.000000e+000 -4.416294e+001
      vertex -4.888886e+001  3.000000e+000 -4.416294e+001
    endloop
  endfacet
  facet normal -6.343927e-001  0.000000e+000  7.730110e-001
    outer loop
      vertex -4.888886e+001  3.000000e+000 -4.416294e+001
      vertex -4.888886e+001  0.000000e+000 -4.416294e+001
      vertex -4.858578e+001  0.000000e+000 -4.391422e+001
    endloop
  endfacet
  facet normal -6.343927e-001  0.000000e+000  7.730110e-001
    outer loop
      vertex -4.888886e+001  3.000000e+000 -4.416294e+001
      vertex -4.858578e+001  0.000000e+000 -4.391422e+001
      vertex -4.858578e+001  3.000000e+000 -4.391422e+001
    endloop
  endfacet
  facet normal -7.730110e-001  0.000000e+000  6.343927e-001
    outer loop
      vertex -4.858578e+001  3.000000e+000 -4.391422e+001
      vertex -4.858578e+001  0.000000e+000 -4.391422e+001
      vertex -4.833706e+001  0.000000e+000 -4.361114e+001
    endloop
  endfacet
  facet normal -7.730110e-001  0.000000e+000  6.343927e-001
    outer loop
      vertex -4.858578e+001  3.000000e+000 -4.391422e+001
      vertex -4.833706e+001  0.000000e+000 -4.361114e+001
      vertex -4.833706e+001  3.000000e+000 -4.361114e+001
    endloop
  endfacet
  facet normal -8.819240e-001  0.000000e+000  4.713915e-001
    outer loop
      vertex -4.833706e+001  3.000000e+000 -4.361114e+001
      vertex -4.833706e+001  0.000000e+000 -4.361114e+001
      vertex -4.815224e+001  0.000000e+000 -4.326537e+001
    endloop
  endfacet
  facet normal -8.819240e-001  0.000000e+000  4.713915e-001
    outer loop
      vertex -4.833706e+001  3.000000e+000 -4.361114e+001
      vertex -4.815224e+001  0.000000e+000 -4.326537e+001
      vertex -4.815224e+001  3.000000e+000 -4.326537e+001
    endloop
  endfacet
  facet normal -9.569396e-001  0.000000e+000  2.902869e-001
    outer loop
      vertex -4.815224e+001  3.000000e+000 -4.326537e+001
      vertex -4.815224e+001  0.000000e+000 -4.326537e+001
      vertex -4.803843e+001  0.000000e+000 -4.289018e+001
    endloop
  endfacet
  facet normal -9.569396e-001  0.000000e+000  2.902869e-001
    outer loop
      vertex -4.815224e+001  3.000000e+000 -4.326537e+001
      vertex -4.803843e+001  0.000000e+000 -4.289018e+001
      vertex -4.803843e+001  3.000000e+000 -4.289018e+001
    endloop
  endfacet
  facet normal -9.951848e-001  0.000000e+000  9.801622e-002
    outer loop
      vertex -4.803843e+001  3.000000e+000 -4.289018e+001
      vertex -4.803843e+001  0.000000e+000 -4.289018e+001
      vertex -4.800000e+001  0.000000e+000 -4.250000e+001
    endloop
  endfacet
  facet normal -9.951848e-001  0.000000e+000  9.801622e-002
    outer loop
      vertex -4.803843e+001  3.000000e+000 -4.289018e+001
      vertex -4.800000e+001  0.000000e+000 -4.250000e+001
      vertex -4.800000e+001  3.000000e+000 -4.250000e+001
    endloop
  endfacet
  facet normal  -0.000000e+000  1.000000e+000  -0.000000e+000
    outer loop
      vertex -2.487868e+001  3.000000e+000 -4.787868e+001
      vertex -2.523664e+001  3.000000e+000 -4.757295e+001
      vertex -2.660982e+001  3.000000e+000 -2.196157e+001
    endloop
  endfacet
  facet normal  -0.000000e+000  1.000000e+000  0.000000e+000
    outer loop
      vertex -4.800000e+001  3.000000e+000 -2.750000e+001
      vertex -4.803843e+001  3.000000e+000 -2.710982e+001
      vertex -4.750000e+001  3.000000e+000 -2.050000e+001
    endloop
  endfacet
  facet normal  -0.000000e+000  1.000000e+000  0.000000e+000
    outer loop
      vertex -4.800000e+001  3.000000e+000 -2.750000e+001
      vertex -4.750000e+001  3.000000e+000 -2.050000e+001
      vertex -3.200000e+001  3.000000e+000 -5.000000e+000
    endloop
  endfacet
  facet normal  0.000000e+000  1.000000e+000  0.000000e+000
    outer loop
      vertex -4.800000e+001  3.000000e+000 -2.750000e+001
      vertex -3.200000e+001  3.000000e+000 -5.000000e+000
      vertex -2.900000e+001  3.000000e+000 -2.000000e+001
    endloop
  endfacet
  facet normal  0.000000e+000  1.000000e+000  0.000000e+000
    outer loop
      vertex -4.800000e+001  3.000000e+000 -2.750000e+001
      vertex -2.900000e+001  3.000000e+000 -2.000000e+001
      vertex -2.896157e+001  3.000000e+000 -2.039018e+001
    endloop
  endfacet
  facet normal  0.000000e+000  9.999999e-001  0.000000e+000
    outer loop
      vertex -4.800000e+001  3.000000e+000 -2.750000e+001
      vertex -2.896157e+001  3.000000e+000 -2.039018e+001
      vertex -2.884776e+001  3.000000e+000 -2.076537e+001
    endloop
  endfacet
  facet normal  0.000000e+000  9.999999e-001  0.000000e+000
    outer loop
      vertex -4.800000e+001  3.000000e+000 -2.750000e+001
      vertex -2.884776e+001  3.000000e+000 -2.076537e+001
      vertex -2.866294e+001  3.000000e+000 -2.111114e+001
    endloop
  endfacet
  facet normal  0.000000e+000  1.000000e+000  0.000000e+000
    outer loop
      vertex -4.800000e+001  3.000000e+000 -2.750000e+001
      vertex -2.866294e+001  3.000000e+000 -2.111114e+001
      vertex -2.841421e+001  3.000000e+000 -2.141421e+001
    endloop
  endfacet
  facet normal  0.000000e+000  9.999999e-001  0.000000e+000
    outer loop
      vertex -4.800000e+001  3.000000e+000 -2.750000e+001
      vertex -2.841421e+001  3.000000e+000 -2.141421e+001
      vertex -2.811114e+001  3.000000e+000 -2.166294e+001
    endloop
  endfacet
  facet normal  0.000000e+000  1.000000e+000  0.000000e+000
    outer loop
      vertex -4.800000e+001  3.000000e+000 -2.750000e+001
      vertex -2.811114e+001  3.000000e+000 -2.166294e+001
      vertex -2.776537e+001  3.000000e+000 -2.184776e+001
    endloop
  endfacet
  facet normal  0.000000e+000  1.000000e+000  0.000000e+000
    outer loop
      vertex -4.800000e+001  3.000000e+000 -2.750000e+001
      vertex -2.776537e+001  3.000000e+000 -2.184776e+001
      vertex -2.739018e+001  3.000000e+000 -2.196157e+001
    endloop
  endfacet
  facet normal  0.000000e+000  1.000000e+000  0.000000e+000
    outer loop
      vertex -4.800000e+001  3.000000e+000 -2.750000e+001
      vertex -2.739018e+001  3.000000e+000 -2.196157e+001
      vertex -2.700000e+001  3.000000e+000 -2.200000e+001
    endloop
  endfacet
  facet normal  -0.000000e+000  1.000000e+000  0.000000e+000
    outer loop
      vertex -4.800000e+001  3.000000e+000 -2.750000e+001
      vertex -2.700000e+001  3.000000e+000 -2.200000e+001
      vertex -2.660982e+001  3.000000e+000 -2.196157e+001
    endloop
  endfacet
  facet normal  0.000000e+000  1.000000e+000  0.000000e+000
    outer loop
      vertex -4.800000e+001  3.000000e+000 -2.750000e+001
      vertex -2.660982e+001  3.000000e+000 -2.196157e+001
      vertex -2.523664e+001  3.000000e+000 -4.757295e+001
    endloop
  endfacet
  facet normal  0.000000e+000  1.000000e+000  0.000000e+000
    outer loop
      vertex -4.800000e+001  3.000000e+000 -2.750000e+001
      vertex -2.523664e+001  3.000000e+000 -4.757295e+001
      vertex -2.563803e+001  3.000000e+000 -4.732698e+001
    endloop
  endfacet
  facet normal  0.000000e+000  1.000000e+000  0.000000e+000
    outer loop
      vertex -4.800000e+001  3.000000e+000 -2.750000e+001
      vertex -2.563803e+001  3.000000e+000 -4.732698e+001
      vertex -2.607295e+001  3.000000e+000 -4.714683e+001
    endloop
  endfacet
  facet normal  0.000000e+000  1.000000e+000  0.000000e+000
    outer loop
      vertex -4.800000e+001  3.000000e+000 -2.750000e+001
      vertex -2.607295e+001  3.000000e+000 -4.714683e+001
      vertex -2.653070e+001  3.000000e+000 -4.703693e+001
    endloop
  endfacet
  facet normal  0.000000e+000  1.000000e+000  0.000000e+000
    outer loop
      vertex -4.800000e+001  3.000000e+000 -2.750000e+001
      vertex -2.653070e+001  3.000000e+000 -4.703693e+001
      vertex -4.800000e+001  3.000000e+000 -4.250000e+001
    endloop
  endfacet
  facet normal  0.000000e+000  1.000000e+000  -0.000000e+000
    outer loop
      vertex -4.800000e+001  3.000000e+000 -2.750000e+001
      vertex -4.800000e+001  3.000000e+000 -4.250000e+001
      vertex -4.803843e+001  3.000000e+000 -4.210982e+001
    endloop
  endfacet
  facet normal  0.000000e+000  1.000000e+000  0.000000e+000
    outer loop
      vertex -4.800000e+001  3.000000e+000 -2.750000e+001
      vertex -4.803843e+001  3.000000e+000 -4.210982e+001
      vertex -4.803843e+001  3.000000e+000 -2.789018e+001
    endloop
  endfacet
  facet normal  -0.000000e+000  1.000000e+000  0.000000e+000
    outer loop
      vertex -5.200000e+001  3.000000e+000 -4.950000e+001
      vertex -5.700000e+001  3.000000e+000 -4.450000e+001
      vertex -5.200000e+001  3.000000e+000 -4.250000e+001
    endloop
  endfacet
  facet normal  0.000000e+000  1.000000e+000  0.000000e+000
    outer loop
      vertex -5.200000e+001  3.000000e+000 -4.950000e+001
      vertex -5.200000e+001  3.000000e+000 -4.250000e+001
      vertex -5.196157e+001  3.000000e+000 -4.289018e+001
    endloop
  endfacet
  facet normal  0.000000e+000  9.999999e-001  0.000000e+000
    outer loop
      vertex -5.200000e+001  3.000000e+000 -4.950000e+001
      vertex -5.196157e+001  3.000000e+000 -4.289018e+001
      vertex -5.184776e+001  3.000000e+000 -4.326537e+001
    endloop
  endfacet
  facet normal  0.000000e+000  1.000000e+000  0.000000e+000
    outer loop
      vertex -5.200000e+001  3.000000e+000 -4.950000e+001
      vertex -5.184776e+001  3.000000e+000 -4.326537e+001
      vertex -5.166294e+001  3.000000e+000 -4.361114e+001
    endloop
  endfacet
  facet normal  0.000000e+000  1.000000e+000  0.000000e+000
    outer loop
      vertex -5.200000e+001  3.000000e+000 -4.950000e+001
      vertex -5.166294e+001  3.000000e+000 -4.361114e+001
      vertex -5.141422e+001  3.000000e+000 -4.391422e+001
    endloop
  endfacet
  facet normal  0.000000e+000  9.999999e-001  0.000000e+000
    outer loop
      vertex -5.200000e+001  3.000000e+000 -4.950000e+001
      vertex -5.141422e+001  3.000000e+000 -4.391422e+001
      vertex -5.111114e+001  3.000000e+000 -4.416294e+001
    endloop
  endfacet
  facet normal  0.000000e+000  1.000000e+000  0.000000e+000
    outer loop
      vertex -5.200000e+001  3.000000e+000 -4.950000e+001
      vertex -5.111114e+001  3.000000e+000 -4.416294e+001
      vertex -5.076537e+001  3.000000e+000 -4.434776e+001
    endloop
  endfacet
  facet normal  0.000000e+000  1.000000e+000  0.000000e+000
    outer loop
      vertex -5.200000e+001  3.000000e+000 -4.950000e+001
      vertex -5.076537e+001  3.000000e+000 -4.434776e+001
      vertex -5.039018e+001  3.000000e+000 -4.446157e+001
    endloop
  endfacet
  facet normal  0.000000e+000  1.000000e+000  0.000000e+000
    outer loop
      vertex -5.200000e+001  3.000000e+000 -4.950000e+001
      vertex -5.039018e+001  3.000000e+000 -4.446157e+001
      vertex -5.000000e+001  3.000000e+000 -4.450000e+001
    endloop
  endfacet
  facet normal  -0.000000e+000  1.000000e+000  0.000000e+000
    outer loop
      vertex -5.200000e+001  3.000000e+000 -4.950000e+001
      vertex -5.000000e+001  3.000000e+000 -4.450000e+001
      vertex -4.960982e+001  3.000000e+000 -4.446157e+001
    endloop
  endfacet
  facet normal  -0.000000e+000  1.000000e+000  0.000000e+000
    outer loop
      vertex -5.200000e+001  3.000000e+000 -4.950000e+001
      vertex -4.960982e+001  3.000000e+000 -4.446157e+001
      vertex -4.923463e+001  3.000000e+000 -4.434776e+001
    endloop
  endfacet
  facet normal  -0.000000e+000  1.000000e+000  0.000000e+000
    outer loop
      vertex -5.200000e+001  3.000000e+000 -4.950000e+001
      vertex -4.923463e+001  3.000000e+000 -4.434776e+001
      vertex -4.888886e+001  3.000000e+000 -4.416294e+001
    endloop
  endfacet
  facet normal  -0.000000e+000  9.999999e-001  0.000000e+000
    outer loop
      vertex -5.200000e+001  3.000000e+000 -4.950000e+001
      vertex -4.888886e+001  3.000000e+000 -4.416294e+001
      vertex -4.858578e+001  3.000000e+000 -4.391422e+001
    endloop
  endfacet
  facet normal  -0.000000e+000  1.000000e+000  0.000000e+000
    outer loop
      vertex -5.200000e+001  3.000000e+000 -4.950000e+001
      vertex -4.858578e+001  3.000000e+000 -4.391422e+001
      vertex -4.833706e+001  3.000000e+000 -4.361114e+001
    endloop
  endfacet
  facet normal  0.000000e+000  1.000000e+000  -0.000000e+000
    outer loop
      vertex -1.000000e+001  3.000000e+000 -6.300000e+001
      vertex -1.200000e+001  3.000000e+000 -6.500000e+001
      vertex -2.400000e+001  3.000000e+000 -5.000000e+001
    endloop
  endfacet
  facet normal  -0.000000e+000  1.000000e+000  -0.000000e+000
    outer loop
      vertex -1.000000e+001  3.000000e+000 -6.300000e+001
      vertex -2.400000e+001  3.000000e+000 -5.000000e+001
      vertex -2.403694e+001  3.000000e+000 -4.953070e+001
    endloop
  endfacet
  facet normal  -0.000000e+000  1.000000e+000  -0.000000e+000
    outer loop
      vertex -1.000000e+001  3.000000e+000 -6.300000e+001
      vertex -2.403694e+001  3.000000e+000 -4.953070e+001
      vertex -2.414683e+001  3.000000e+000 -4.907295e+001
    endloop
  endfacet
  facet normal  -0.000000e+000  1.000000e+000  -0.000000e+000
    outer loop
      vertex -1.000000e+001  3.000000e+000 -6.300000e+001
      vertex -2.414683e+001  3.000000e+000 -4.907295e+001
      vertex -2.432698e+001  3.000000e+000 -4.863803e+001
    endloop
  endfacet
  facet normal  -0.000000e+000  1.000000e+000  -0.000000e+000
    outer loop
      vertex -1.000000e+001  3.000000e+000 -6.300000e+001
      vertex -2.432698e+001  3.000000e+000 -4.863803e+001
      vertex -2.457295e+001  3.000000e+000 -4.823664e+001
    endloop
  endfacet
  facet normal  -0.000000e+000  9.999999e-001  -0.000000e+000
    outer loop
      vertex -1.000000e+001  3.000000e+000 -6.300000e+001
      vertex -2.457295e+001  3.000000e+000 -4.823664e+001
      vertex -2.487868e+001  3.000000e+000 -4.787868e+001
    endloop
  endfacet
  facet normal  -0.000000e+000  1.000000e+000  -0.000000e+000
    outer loop
      vertex -1.000000e+001  3.000000e+000 -6.300000e+001
      vertex -2.487868e+001  3.000000e+000 -4.787868e+001
      vertex -2.660982e+001  3.000000e+000 -2.196157e+001
    endloop
  endfacet
  facet normal  -0.000000e+000  1.000000e+000  0.000000e+000
    outer loop
      vertex -1.000000e+001  3.000000e+000 -6.300000e+001
      vertex -2.660982e+001  3.000000e+000 -2.196157e+001
      vertex -2.623463e+001  3.000000e+000 -2.184776e+001
    endloop
  endfacet
  facet normal  -0.000000e+000  1.000000e+000  0.000000e+000
    outer loop
      vertex -1.000000e+001  3.000000e+000 -6.300000e+001
      vertex -2.623463e+001  3.000000e+000 -2.184776e+001
      vertex -2.588886e+001  3.000000e+000 -2.166294e+001
    endloop
  endfacet
  facet normal  -0.000000e+000  1.000000e+000  0.000000e+000
    outer loop
      vertex -1.000000e+001  3.000000e+000 -6.300000e+001
      vertex -2.588886e+001  3.000000e+000 -2.166294e+001
      vertex -2.558579e+001  3.000000e+000 -2.141421e+001
    endloop
  endfacet
  facet normal  -0.000000e+000  9.999999e-001  0.000000e+000
    outer loop
      vertex -1.000000e+001  3.000000e+000 -6.300000e+001
      vertex -2.558579e+001  3.000000e+000 -2.141421e+001
      vertex -2.533706e+001  3.000000e+000 -2.111114e+001
    endloop
  endfacet
  facet normal  -0.000000e+000  1.000000e+000  0.000000e+000
    outer loop
      vertex -1.000000e+001  3.000000e+000 -6.300000e+001
      vertex -2.533706e+001  3.000000e+000 -2.111114e+001
      vertex -2.515224e+001  3.000000e+000 -2.076537e+001
    endloop
  endfacet
  facet normal  -0.000000e+000  1.000000e+000  0.000000e+000
    outer loop
      vertex -1.000000e+001  3.000000e+000 -6.300000e+001
      vertex -2.515224e+001  3.000000e+000 -2.076537e+001
      vertex -2.503843e+001  3.000000e+000 -2.039018e+001
    endloop
  endfacet
  facet normal  -0.000000e+000  9.999999e-001  0.000000e+000
    outer loop
      vertex -1.000000e+001  3.000000e+000 -6.300000e+001
      vertex -2.503843e+001  3.000000e+000 -2.039018e+001
      vertex -2.500000e+001  3.000000e+000 -2.000000e+001
    endloop
  endfacet
  facet normal  -0.000000e+000  1.000000e+000  0.000000e+000
    outer loop
      vertex -1.000000e+001  3.000000e+000 -6.300000e+001
      vertex -2.500000e+001  3.000000e+000 -2.000000e+001
      vertex -1.000000e+001  3.000000e+000 -7.000000e+000
    endloop
  endfacet
  facet normal  -0.000000e+000  1.000000e+000  -0.000000e+000
    outer loop
      vertex -3.200000e+001  3.000000e+000 -6.500000e+001
      vertex -4.750000e+001  3.000000e+000 -4.950000e+001
      vertex -4.800000e+001  3.000000e+000 -4.250000e+001
    endloop
  endfacet
  facet normal  0.000000e+000  1.000000e+000  0.000000e+000
    outer loop
      vertex -3.200000e+001  3.000000e+000 -6.500000e+001
      vertex -4.800000e+001  3.000000e+000 -4.250000e+001
      vertex -3.000000e+001  3.000000e+000 -5.000000e+001
    endloop
  endfacet
  facet normal  0.000000e+000  1.000000e+000  0.000000e+000
    outer loop
      vertex -3.200000e+001  3.000000e+000 -6.500000e+001
      vertex -3.000000e+001  3.000000e+000 -5.000000e+001
      vertex -2.996306e+001  3.000000e+000 -5.046930e+001
    endloop
  endfacet
  facet normal  0.000000e+000  1.000000e+000  0.000000e+000
    outer loop
      vertex -3.200000e+001  3.000000e+000 -6.500000e+001
      vertex -2.996306e+001  3.000000e+000 -5.046930e+001
      vertex -2.985317e+001  3.000000e+000 -5.092705e+001
    endloop
  endfacet
  facet normal  0.000000e+000  9.999999e-001  0.000000e+000
    outer loop
      vertex -3.200000e+001  3.000000e+000 -6.500000e+001
      vertex -2.985317e+001  3.000000e+000 -5.092705e+001
      vertex -2.967302e+001  3.000000e+000 -5.136197e+001
    endloop
  endfacet
  facet normal  0.000000e+000  1.000000e+000  0.000000e+000
    outer loop
      vertex -3.200000e+001  3.000000e+000 -6.500000e+001
      vertex -2.967302e+001  3.000000e+000 -5.136197e+001
      vertex -2.942705e+001  3.000000e+000 -5.176336e+001
    endloop
  endfacet
  facet normal  0.000000e+000  1.000000e+000  0.000000e+000
    outer loop
      vertex -3.200000e+001  3.000000e+000 -6.500000e+001
      vertex -2.942705e+001  3.000000e+000 -5.176336e+001
      vertex -2.912132e+001  3.000000e+000 -5.212132e+001
    endloop
  endfacet
  facet normal  0.000000e+000  1.000000e+000  0.000000e+000
    outer loop
      vertex -3.200000e+001  3.000000e+000 -6.500000e+001
      vertex -2.912132e+001  3.000000e+000 -5.212132e+001
      vertex -2.876336e+001  3.000000e+000 -5.242705e+001
    endloop
  endfacet
  facet normal  0.000000e+000  1.000000e+000  0.000000e+000
    outer loop
      vertex -3.200000e+001  3.000000e+000 -6.500000e+001
      vertex -2.876336e+001  3.000000e+000 -5.242705e+001
      vertex -2.836197e+001  3.000000e+000 -5.267302e+001
    endloop
  endfacet
  facet normal  0.000000e+000  9.999999e-001  0.000000e+000
    outer loop
      vertex -3.200000e+001  3.000000e+000 -6.500000e+001
      vertex -2.836197e+001  3.000000e+000 -5.267302e+001
      vertex -2.792705e+001  3.000000e+000 -5.285317e+001
    endloop
  endfacet
  facet normal  0.000000e+000  1.000000e+000  0.000000e+000
    outer loop
      vertex -3.200000e+001  3.000000e+000 -6.500000e+001
      vertex -2.792705e+001  3.000000e+000 -5.285317e+001
      vertex -2.746930e+001  3.000000e+000 -5.296307e+001
    endloop
  endfacet
  facet normal  0.000000e+000  1.000000e+000  0.000000e+000
    outer loop
      vertex -3.200000e+001  3.000000e+000 -6.500000e+001
      vertex -2.746930e+001  3.000000e+000 -5.296307e+001
      vertex -2.700000e+001  3.000000e+000 -5.300000e+001
    endloop
  endfacet
  facet normal  -0.000000e+000  1.000000e+000  0.000000e+000
    outer loop
      vertex -3.200000e+001  3.000000e+000 -6.500000e+001
      vertex -2.700000e+001  3.000000e+000 -5.300000e+001
      vertex -2.653070e+001  3.000000e+000 -5.296307e+001
    endloop
  endfacet
  facet normal  -0.000000e+000  1.000000e+000  0.000000e+000
    outer loop
      vertex -3.200000e+001  3.000000e+000 -6.500000e+001
      vertex -2.653070e+001  3.000000e+000 -5.296307e+001
      vertex -2.607295e+001  3.000000e+000 -5.285317e+001
    endloop
  endfacet
  facet normal  -0.000000e+000  1.000000e+000  0.000000e+000
    outer loop
      vertex -3.200000e+001  3.000000e+000 -6.500000e+001
      vertex -2.607295e+001  3.000000e+000 -5.285317e+001
      vertex -2.563803e+001  3.000000e+000 -5.267302e+001
    endloop
  endfacet
  facet normal  -0.000000e+000  1.000000e+000  0.000000e+000
    outer loop
      vertex -3.200000e+001  3.000000e+000 -6.500000e+001
      vertex -2.563803e+001  3.000000e+000 -5.267302e+001
      vertex -2.523664e+001  3.000000e+000 -5.242705e+001
    endloop
  endfacet
  facet normal  -0.000000e+000  9.999999e-001  0.000000e+000
    outer loop
      vertex -3.200000e+001  3.000000e+000 -6.500000e+001
      vertex -2.523664e+001  3.000000e+000 -5.242705e+001
      vertex -2.487868e+001  3.000000e+000 -5.212132e+001
    endloop
  endfacet
  facet normal  -0.000000e+000  1.000000e+000  0.000000e+000
    outer loop
      vertex -3.200000e+001  3.000000e+000 -6.500000e+001
      vertex -2.487868e+001  3.000000e+000 -5.212132e+001
      vertex -2.457295e+001  3.000000e+000 -5.176336e+001
    endloop
  endfacet
  facet normal  -0.000000e+000  1.000000e+000  0.000000e+000
    outer loop
      vertex -3.200000e+001  3.000000e+000 -6.500000e+001
      vertex -2.457295e+001  3.000000e+000 -5.176336e+001
      vertex -2.432698e+001  3.000000e+000 -5.136197e+001
    endloop
  endfacet
  facet normal  0.000000e+000  1.000000e+000  0.000000e+000
    outer loop
      vertex -1.200000e+001  3.000000e+000 -6.500000e+001
      vertex -3.200000e+001  3.000000e+000 -6.500000e+001
      vertex -2.432698e+001  3.000000e+000 -5.136197e+001
    endloop
  endfacet
  facet normal  -0.000000e+000  1.000000e+000  0.000000e+000
    outer loop
      vertex -1.200000e+001  3.000000e+000 -6.500000e+001
      vertex -2.432698e+001  3.000000e+000 -5.136197e+001
      vertex -2.414683e+001  3.000000e+000 -5.092705e+001
    endloop
  endfacet
  facet normal  -0.000000e+000  1.000000e+000  0.000000e+000
    outer loop
      vertex -1.200000e+001  3.000000e+000 -6.500000e+001
      vertex -2.414683e+001  3.000000e+000 -5.092705e+001
      vertex -2.403694e+001  3.000000e+000 -5.046930e+001
    endloop
  endfacet
  facet normal  -0.000000e+000  1.000000e+000  0.000000e+000
    outer loop
      vertex -1.200000e+001  3.000000e+000 -6.500000e+001
      vertex -2.403694e+001  3.000000e+000 -5.046930e+001
      vertex -2.400000e+001  3.000000e+000 -5.000000e+001
    endloop
  endfacet
  facet normal  0.000000e+000  1.000000e+000  0.000000e+000
    outer loop
      vertex -4.800000e+001  3.000000e+000 -4.250000e+001
      vertex -2.653070e+001  3.000000e+000 -4.703693e+001
      vertex -2.700000e+001  3.000000e+000 -4.700000e+001
    endloop
  endfacet
  facet normal  0.000000e+000  1.000000e+000  0.000000e+000
    outer loop
      vertex -4.800000e+001  3.000000e+000 -4.250000e+001
      vertex -2.700000e+001  3.000000e+000 -4.700000e+001
      vertex -2.746930e+001  3.000000e+000 -4.703693e+001
    endloop
  endfacet
  facet normal  0.000000e+000  1.000000e+000  0.000000e+000
    outer loop
      vertex -4.800000e+001  3.000000e+000 -4.250000e+001
      vertex -2.746930e+001  3.000000e+000 -4.703693e+001
      vertex -2.792705e+001  3.000000e+000 -4.714683e+001
    endloop
  endfacet
  facet normal  0.000000e+000  1.000000e+000  0.000000e+000
    outer loop
      vertex -4.800000e+001  3.000000e+000 -4.250000e+001
      vertex -2.792705e+001  3.000000e+000 -4.714683e+001
      vertex -2.836197e+001  3.000000e+000 -4.732698e+001
    endloop
  endfacet
  facet normal  0.000000e+000  1.000000e+000  0.000000e+000
    outer loop
      vertex -4.800000e+001  3.000000e+000 -4.250000e+001
      vertex -2.836197e+001  3.000000e+000 -4.732698e+001
      vertex -2.876336e+001  3.000000e+000 -4.757295e+001
    endloop
  endfacet
  facet normal  0.000000e+000  9.999999e-001  0.000000e+000
    outer loop
      vertex -4.800000e+001  3.000000e+000 -4.250000e+001
      vertex -2.876336e+001  3.000000e+000 -4.757295e+001
      vertex -2.912132e+001  3.000000e+000 -4.787868e+001
    endloop
  endfacet
  facet normal  0.000000e+000  1.000000e+000  0.000000e+000
    outer loop
      vertex -4.800000e+001  3.000000e+000 -4.250000e+001
      vertex -2.912132e+001  3.000000e+000 -4.787868e+001
      vertex -2.942705e+001  3.000000e+000 -4.823664e+001
    endloop
  endfacet
  facet normal  0.000000e+000  1.000000e+000  0.000000e+000
    outer loop
      vertex -4.800000e+001  3.000000e+000 -4.250000e+001
      vertex -2.942705e+001  3.000000e+000 -4.823664e+001
      vertex -2.967302e+001  3.000000e+000 -4.863803e+001
    endloop
  endfacet
  facet normal  0.000000e+000  1.000000e+000  0.000000e+000
    outer loop
      vertex -4.800000e+001  3.000000e+000 -4.250000e+001
      vertex -2.967302e+001  3.000000e+000 -4.863803e+001
      vertex -2.985317e+001  3.000000e+000 -4.907295e+001
    endloop
  endfacet
  facet normal  0.000000e+000  1.000000e+000  0.000000e+000
    outer loop
      vertex -4.800000e+001  3.000000e+000 -4.250000e+001
      vertex -2.985317e+001  3.000000e+000 -4.907295e+001
      vertex -2.996306e+001  3.000000e+000 -4.953070e+001
    endloop
  endfacet
  facet normal  0.000000e+000  1.000000e+000  0.000000e+000
    outer loop
      vertex -4.800000e+001  3.000000e+000 -4.250000e+001
      vertex -2.996306e+001  3.000000e+000 -4.953070e+001
      vertex -3.000000e+001  3.000000e+000 -5.000000e+001
    endloop
  endfacet
  facet normal  0.000000e+000  1.000000e+000  0.000000e+000
    outer loop
      vertex -4.750000e+001  3.000000e+000 -4.950000e+001
      vertex -5.200000e+001  3.000000e+000 -4.950000e+001
      vertex -4.833706e+001  3.000000e+000 -4.361114e+001
    endloop
  endfacet
  facet normal  -0.000000e+000  1.000000e+000  0.000000e+000
    outer loop
      vertex -4.750000e+001  3.000000e+000 -4.950000e+001
      vertex -4.833706e+001  3.000000e+000 -4.361114e+001
      vertex -4.815224e+001  3.000000e+000 -4.326537e+001
    endloop
  endfacet
  facet normal  -0.000000e+000  1.000000e+000  0.000000e+000
    outer loop
      vertex -4.750000e+001  3.000000e+000 -4.950000e+001
      vertex -4.815224e+001  3.000000e+000 -4.326537e+001
      vertex -4.803843e+001  3.000000e+000 -4.289018e+001
    endloop
  endfacet
  facet normal  -0.000000e+000  1.000000e+000  0.000000e+000
    outer loop
      vertex -4.750000e+001  3.000000e+000 -4.950000e+001
      vertex -4.803843e+001  3.000000e+000 -4.289018e+001
      vertex -4.800000e+001  3.000000e+000 -4.250000e+001
    endloop
  endfacet
  facet normal  0.000000e+000  1.000000e+000  0.000000e+000
    outer loop
      vertex -5.200000e+001  3.000000e+000 -2.050000e+001
      vertex -4.833706e+001  3.000000e+000 -2.638886e+001
      vertex -4.858578e+001  3.000000e+000 -2.608579e+001
    endloop
  endfacet
  facet normal  0.000000e+000  9.999999e-001  0.000000e+000
    outer loop
      vertex -5.200000e+001  3.000000e+000 -2.050000e+001
      vertex -4.858578e+001  3.000000e+000 -2.608579e+001
      vertex -4.888886e+001  3.000000e+000 -2.583706e+001
    endloop
  endfacet
  facet normal  0.000000e+000  1.000000e+000  0.000000e+000
    outer loop
      vertex -5.200000e+001  3.000000e+000 -2.050000e+001
      vertex -4.888886e+001  3.000000e+000 -2.583706e+001
      vertex -4.923463e+001  3.000000e+000 -2.565224e+001
    endloop
  endfacet
  facet normal  0.000000e+000  1.000000e+000  0.000000e+000
    outer loop
      vertex -5.200000e+001  3.000000e+000 -2.050000e+001
      vertex -4.923463e+001  3.000000e+000 -2.565224e+001
      vertex -4.960982e+001  3.000000e+000 -2.553843e+001
    endloop
  endfacet
  facet normal  0.000000e+000  1.000000e+000  0.000000e+000
    outer loop
      vertex -5.200000e+001  3.000000e+000 -2.050000e+001
      vertex -4.960982e+001  3.000000e+000 -2.553843e+001
      vertex -5.000000e+001  3.000000e+000 -2.550000e+001
    endloop
  endfacet
  facet normal  0.000000e+000  1.000000e+000  0.000000e+000
    outer loop
      vertex -5.200000e+001  3.000000e+000 -2.050000e+001
      vertex -5.000000e+001  3.000000e+000 -2.550000e+001
      vertex -5.039018e+001  3.000000e+000 -2.553843e+001
    endloop
  endfacet
  facet normal  0.000000e+000  1.000000e+000  0.000000e+000
    outer loop
      vertex -5.200000e+001  3.000000e+000 -2.050000e+001
      vertex -5.039018e+001  3.000000e+000 -2.553843e+001
      vertex -5.076537e+001  3.000000e+000 -2.565224e+001
    endloop
  endfacet
  facet normal  0.000000e+000  1.000000e+000  0.000000e+000
    outer loop
      vertex -5.200000e+001  3.000000e+000 -2.050000e+001
      vertex -5.076537e+001  3.000000e+000 -2.565224e+001
      vertex -5.111114e+001  3.000000e+000 -2.583706e+001
    endloop
  endfacet
  facet normal  0.000000e+000  9.999999e-001  0.000000e+000
    outer loop
      vertex -5.200000e+001  3.000000e+000 -2.050000e+001
      vertex -5.111114e+001  3.000000e+000 -2.583706e+001
      vertex -5.141422e+001  3.000000e+000 -2.608579e+001
    endloop
  endfacet
  facet normal  0.000000e+000  1.000000e+000  0.000000e+000
    outer loop
      vertex -5.200000e+001  3.000000e+000 -2.050000e+001
      vertex -5.141422e+001  3.000000e+000 -2.608579e+001
      vertex -5.166294e+001  3.000000e+000 -2.638886e+001
    endloop
  endfacet
  facet normal  0.000000e+000  1.000000e+000  0.000000e+000
    outer loop
      vertex -5.200000e+001  3.000000e+000 -2.050000e+001
      vertex -5.166294e+001  3.000000e+000 -2.638886e+001
      vertex -5.184776e+001  3.000000e+000 -2.673463e+001
    endloop
  endfacet
  facet normal  0.000000e+000  1.000000e+000  0.000000e+000
    outer loop
      vertex -5.200000e+001  3.000000e+000 -2.050000e+001
      vertex -5.184776e+001  3.000000e+000 -2.673463e+001
      vertex -5.196157e+001  3.000000e+000 -2.710982e+001
    endloop
  endfacet
  facet normal  0.000000e+000  1.000000e+000  0.000000e+000
    outer loop
      vertex -5.200000e+001  3.000000e+000 -2.050000e+001
      vertex -5.196157e+001  3.000000e+000 -2.710982e+001
      vertex -5.200000e+001  3.000000e+000 -2.750000e+001
    endloop
  endfacet
  facet normal  0.000000e+000  1.000000e+000  -0.000000e+000
    outer loop
      vertex -5.200000e+001  3.000000e+000 -2.050000e+001
      vertex -5.200000e+001  3.000000e+000 -2.750000e+001
      vertex -5.700000e+001  3.000000e+000 -4.450000e+001
    endloop
  endfacet
  facet normal  0.000000e+000  1.000000e+000  0.000000e+000
    outer loop
      vertex -5.200000e+001  3.000000e+000 -2.050000e+001
      vertex -5.700000e+001  3.000000e+000 -4.450000e+001
      vertex -5.700000e+001  3.000000e+000 -2.550000e+001
    endloop
  endfacet
  facet normal  0.000000e+000  1.000000e+000  -0.000000e+000
    outer loop
      vertex -4.750000e+001  3.000000e+000 -2.050000e+001
      vertex -4.803843e+001  3.000000e+000 -2.710982e+001
      vertex -4.815224e+001  3.000000e+000 -2.673463e+001
    endloop
  endfacet
  facet normal  0.000000e+000  1.000000e+000  -0.000000e+000
    outer loop
      vertex -4.750000e+001  3.000000e+000 -2.050000e+001
      vertex -4.815224e+001  3.000000e+000 -2.673463e+001
      vertex -4.833706e+001  3.000000e+000 -2.638886e+001
    endloop
  endfacet
  facet normal  0.000000e+000  9.999999e-001  -0.000000e+000
    outer loop
      vertex -4.750000e+001  3.000000e+000 -2.050000e+001
      vertex -4.833706e+001  3.000000e+000 -2.638886e+001
      vertex -5.200000e+001  3.000000e+000 -2.050000e+001
    endloop
  endfacet
  facet normal  0.000000e+000  1.000000e+000  0.000000e+000
    outer loop
      vertex -3.200000e+001  3.000000e+000 -5.000000e+000
      vertex -2.515224e+001  3.000000e+000 -1.923463e+001
      vertex -2.533706e+001  3.000000e+000 -1.888886e+001
    endloop
  endfacet
  facet normal  0.000000e+000  1.000000e+000  0.000000e+000
    outer loop
      vertex -3.200000e+001  3.000000e+000 -5.000000e+000
      vertex -2.533706e+001  3.000000e+000 -1.888886e+001
      vertex -2.558579e+001  3.000000e+000 -1.858579e+001
    endloop
  endfacet
  facet normal  0.000000e+000  9.999999e-001  0.000000e+000
    outer loop
      vertex -3.200000e+001  3.000000e+000 -5.000000e+000
      vertex -2.558579e+001  3.000000e+000 -1.858579e+001
      vertex -2.588886e+001  3.000000e+000 -1.833706e+001
    endloop
  endfacet
  facet normal  0.000000e+000  1.000000e+000  0.000000e+000
    outer loop
      vertex -3.200000e+001  3.000000e+000 -5.000000e+000
      vertex -2.588886e+001  3.000000e+000 -1.833706e+001
      vertex -2.623463e+001  3.000000e+000 -1.815224e+001
    endloop
  endfacet
  facet normal  0.000000e+000  1.000000e+000  0.000000e+000
    outer loop
      vertex -3.200000e+001  3.000000e+000 -5.000000e+000
      vertex -2.623463e+001  3.000000e+000 -1.815224e+001
      vertex -2.660982e+001  3.000000e+000 -1.803843e+001
    endloop
  endfacet
  facet normal  0.000000e+000  1.000000e+000  0.000000e+000
    outer loop
      vertex -3.200000e+001  3.000000e+000 -5.000000e+000
      vertex -2.660982e+001  3.000000e+000 -1.803843e+001
      vertex -2.700000e+001  3.000000e+000 -1.800000e+001
    endloop
  endfacet
  facet normal  0.000000e+000  1.000000e+000  0.000000e+000
    outer loop
      vertex -3.200000e+001  3.000000e+000 -5.000000e+000
      vertex -2.700000e+001  3.000000e+000 -1.800000e+001
      vertex -2.739018e+001  3.000000e+000 -1.803843e+001
    endloop
  endfacet
  facet normal  0.000000e+000  1.000000e+000  0.000000e+000
    outer loop
      vertex -3.200000e+001  3.000000e+000 -5.000000e+000
      vertex -2.739018e+001  3.000000e+000 -1.803843e+001
      vertex -2.776537e+001  3.000000e+000 -1.815224e+001
    endloop
  endfacet
  facet normal  0.000000e+000  1.000000e+000  0.000000e+000
    outer loop
      vertex -3.200000e+001  3.000000e+000 -5.000000e+000
      vertex -2.776537e+001  3.000000e+000 -1.815224e+001
      vertex -2.811114e+001  3.000000e+000 -1.833706e+001
    endloop
  endfacet
  facet normal  0.000000e+000  1.000000e+000  0.000000e+000
    outer loop
      vertex -3.200000e+001  3.000000e+000 -5.000000e+000
      vertex -2.811114e+001  3.000000e+000 -1.833706e+001
      vertex -2.841421e+001  3.000000e+000 -1.858579e+001
    endloop
  endfacet
  facet normal  0.000000e+000  9.999999e-001  0.000000e+000
    outer loop
      vertex -3.200000e+001  3.000000e+000 -5.000000e+000
      vertex -2.841421e+001  3.000000e+000 -1.858579e+001
      vertex -2.866294e+001  3.000000e+000 -1.888886e+001
    endloop
  endfacet
  facet normal  0.000000e+000  9.999999e-001  0.000000e+000
    outer loop
      vertex -3.200000e+001  3.000000e+000 -5.000000e+000
      vertex -2.866294e+001  3.000000e+000 -1.888886e+001
      vertex -2.884776e+001  3.000000e+000 -1.923463e+001
    endloop
  endfacet
  facet normal  0.000000e+000  1.000000e+000  0.000000e+000
    outer loop
      vertex -3.200000e+001  3.000000e+000 -5.000000e+000
      vertex -2.884776e+001  3.000000e+000 -1.923463e+001
      vertex -2.896157e+001  3.000000e+000 -1.960982e+001
    endloop
  endfacet
  facet normal  0.000000e+000  1.000000e+000  0.000000e+000
    outer loop
      vertex -3.200000e+001  3.000000e+000 -5.000000e+000
      vertex -2.896157e+001  3.000000e+000 -1.960982e+001
      vertex -2.900000e+001  3.000000e+000 -2.000000e+001
    endloop
  endfacet
  facet normal  0.000000e+000  1.000000e+000  0.000000e+000
    outer loop
      vertex -1.200000e+001  3.000000e+000 -5.000000e+000
      vertex -1.000000e+001  3.000000e+000 -7.000000e+000
      vertex -2.500000e+001  3.000000e+000 -2.000000e+001
    endloop
  endfacet
  facet normal  0.000000e+000  1.000000e+000  -0.000000e+000
    outer loop
      vertex -1.200000e+001  3.000000e+000 -5.000000e+000
      vertex -2.500000e+001  3.000000e+000 -2.000000e+001
      vertex -2.503843e+001  3.000000e+000 -1.960982e+001
    endloop
  endfacet
  facet normal  0.000000e+000  1.000000e+000  -0.000000e+000
    outer loop
      vertex -1.200000e+001  3.000000e+000 -5.000000e+000
      vertex -2.503843e+001  3.000000e+000 -1.960982e+001
      vertex -2.515224e+001  3.000000e+000 -1.923463e+001
    endloop
  endfacet
  facet normal  0.000000e+000  1.000000e+000  -0.000000e+000
    outer loop
      vertex -1.200000e+001  3.000000e+000 -5.000000e+000
      vertex -2.515224e+001  3.000000e+000 -1.923463e+001
      vertex -3.200000e+001  3.000000e+000 -5.000000e+000
    endloop
  endfacet
  facet normal  0.000000e+000  1.000000e+000  -0.000000e+000
    outer loop
      vertex -4.803843e+001  3.000000e+000 -2.789018e+001
      vertex -4.803843e+001  3.000000e+000 -4.210982e+001
      vertex -4.815224e+001  3.000000e+000 -2.826537e+001
    endloop
  endfacet
  facet normal  0.000000e+000  9.999999e-001  0.000000e+000
    outer loop
      vertex -4.815224e+001  3.000000e+000 -2.826537e+001
      vertex -4.803843e+001  3.000000e+000 -4.210982e+001
      vertex -4.815224e+001  3.000000e+000 -4.173463e+001
    endloop
  endfacet
  facet normal  0.000000e+000  1.000000e+000  -0.000000e+000
    outer loop
      vertex -4.815224e+001  3.000000e+000 -2.826537e+001
      vertex -4.815224e+001  3.000000e+000 -4.173463e+001
      vertex -4.833706e+001  3.000000e+000 -2.861114e+001
    endloop
  endfacet
  facet normal  0.000000e+000  1.000000e+000  0.000000e+000
    outer loop
      vertex -4.833706e+001  3.000000e+000 -2.861114e+001
      vertex -4.815224e+001  3.000000e+000 -4.173463e+001
      vertex -4.833706e+001  3.000000e+000 -4.138886e+001
    endloop
  endfacet
  facet normal  0.000000e+000  1.000000e+000  -0.000000e+000
    outer loop
      vertex -4.833706e+001  3.000000e+000 -2.861114e+001
      vertex -4.833706e+001  3.000000e+000 -4.138886e+001
      vertex -4.858578e+001  3.000000e+000 -2.891421e+001
    endloop
  endfacet
  facet normal  0.000000e+000  1.000000e+000  0.000000e+000
    outer loop
      vertex -4.858578e+001  3.000000e+000 -2.891421e+001
      vertex -4.833706e+001  3.000000e+000 -4.138886e+001
      vertex -4.858578e+001  3.000000e+000 -4.108578e+001
    endloop
  endfacet
  facet normal  0.000000e+000  9.999999e-001  -0.000000e+000
    outer loop
      vertex -4.858578e+001  3.000000e+000 -2.891421e+001
      vertex -4.858578e+001  3.000000e+000 -4.108578e+001
      vertex -4.888886e+001  3.000000e+000 -2.916294e+001
    endloop
  endfacet
  facet normal  0.000000e+000  1.000000e+000  0.000000e+000
    outer loop
      vertex -4.888886e+001  3.000000e+000 -2.916294e+001
      vertex -4.858578e+001  3.000000e+000 -4.108578e+001
      vertex -4.888886e+001  3.000000e+000 -4.083706e+001
    endloop
  endfacet
  facet normal  0.000000e+000  1.000000e+000  -0.000000e+000
    outer loop
      vertex -4.888886e+001  3.000000e+000 -2.916294e+001
      vertex -4.888886e+001  3.000000e+000 -4.083706e+001
      vertex -4.923463e+001  3.000000e+000 -2.934776e+001
    endloop
  endfacet
  facet normal  0.000000e+000  1.000000e+000  0.000000e+000
    outer loop
      vertex -4.923463e+001  3.000000e+000 -2.934776e+001
      vertex -4.888886e+001  3.000000e+000 -4.083706e+001
      vertex -4.923463e+001  3.000000e+000 -4.065224e+001
    endloop
  endfacet
  facet normal  0.000000e+000  1.000000e+000  -0.000000e+000
    outer loop
      vertex -4.923463e+001  3.000000e+000 -2.934776e+001
      vertex -4.923463e+001  3.000000e+000 -4.065224e+001
      vertex -4.960982e+001  3.000000e+000 -2.946157e+001
    endloop
  endfacet
  facet normal  0.000000e+000  1.000000e+000  0.000000e+000
    outer loop
      vertex -4.960982e+001  3.000000e+000 -2.946157e+001
      vertex -4.923463e+001  3.000000e+000 -4.065224e+001
      vertex -4.960982e+001  3.000000e+000 -4.053843e+001
    endloop
  endfacet
  facet normal  0.000000e+000  1.000000e+000  -0.000000e+000
    outer loop
      vertex -4.960982e+001  3.000000e+000 -2.946157e+001
      vertex -4.960982e+001  3.000000e+000 -4.053843e+001
      vertex -5.000000e+001  3.000000e+000 -2.950000e+001
    endloop
  endfacet
  facet normal  0.000000e+000  1.000000e+000  0.000000e+000
    outer loop
      vertex -5.000000e+001  3.000000e+000 -2.950000e+001
      vertex -4.960982e+001  3.000000e+000 -4.053843e+001
      vertex -5.000000e+001  3.000000e+000 -4.050000e+001
    endloop
  endfacet
  facet normal  0.000000e+000  1.000000e+000  -0.000000e+000
    outer loop
      vertex -5.000000e+001  3.000000e+000 -2.950000e+001
      vertex -5.000000e+001  3.000000e+000 -4.050000e+001
      vertex -5.039018e+001  3.000000e+000 -2.946157e+001
    endloop
  endfacet
  facet normal  0.000000e+000  1.000000e+000  0.000000e+000
    outer loop
      vertex -5.039018e+001  3.000000e+000 -2.946157e+001
      vertex -5.000000e+001  3.000000e+000 -4.050000e+001
      vertex -5.039018e+001  3.000000e+000 -4.053843e+001
    endloop
  endfacet
  facet normal  0.000000e+000  1.000000e+000  -0.000000e+000
    outer loop
      vertex -5.039018e+001  3.000000e+000 -2.946157e+001
      vertex -5.039018e+001  3.000000e+000 -4.053843e+001
      vertex -5.076537e+001  3.000000e+000 -2.934776e+001
    endloop
  endfacet
  facet normal  0.000000e+000  1.000000e+000  0.000000e+000
    outer loop
      vertex -5.076537e+001  3.000000e+000 -2.934776e+001
      vertex -5.039018e+001  3.000000e+000 -4.053843e+001
      vertex -5.076537e+001  3.000000e+000 -4.065224e+001
    endloop
  endfacet
  facet normal  0.000000e+000  1.000000e+000  -0.000000e+000
    outer loop
      vertex -5.076537e+001  3.000000e+000 -2.934776e+001
      vertex -5.076537e+001  3.000000e+000 -4.065224e+001
      vertex -5.111114e+001  3.000000e+000 -2.916294e+001
    endloop
  endfacet
  facet normal  0.000000e+000  1.000000e+000  0.000000e+000
    outer loop
      vertex -5.111114e+001  3.000000e+000 -2.916294e+001
      vertex -5.076537e+001  3.000000e+000 -4.065224e+001
      vertex -5.111114e+001  3.000000e+000 -4.083706e+001
    endloop
  endfacet
  facet normal  0.000000e+000  1.000000e+000  -0.000000e+000
    outer loop
      vertex -5.111114e+001  3.000000e+000 -2.916294e+001
      vertex -5.111114e+001  3.000000e+000 -4.083706e+001
      vertex -5.141422e+001  3.000000e+000 -2.891421e+001
    endloop
  endfacet
  facet normal  0.000000e+000  9.999999e-001  0.000000e+000
    outer loop
      vertex -5.141422e+001  3.000000e+000 -2.891421e+001
      vertex -5.111114e+001  3.000000e+000 -4.083706e+001
      vertex -5.141422e+001  3.000000e+000 -4.108578e+001
    endloop
  endfacet
  facet normal  0.000000e+000  1.000000e+000  -0.000000e+000
    outer loop
      vertex -5.141422e+001  3.000000e+000 -2.891421e+001
      vertex -5.141422e+001  3.000000e+000 -4.108578e+001
      vertex -5.166294e+001  3.000000e+000 -2.861114e+001
    endloop
  endfacet
  facet normal  0.000000e+000  1.000000e+000  0.000000e+000
    outer loop
      vertex -5.166294e+001  3.000000e+000 -2.861114e+001
      vertex -5.141422e+001  3.000000e+000 -4.108578e+001
      vertex -5.166294e+001  3.000000e+000 -4.138886e+001
    endloop
  endfacet
  facet normal  0.000000e+000  1.000000e+000  -0.000000e+000
    outer loop
      vertex -5.166294e+001  3.000000e+000 -2.861114e+001
      vertex -5.166294e+001  3.000000e+000 -4.138886e+001
      vertex -5.184776e+001  3.000000e+000 -2.826537e+001
    endloop
  endfacet
  facet normal  0.000000e+000  1.000000e+000  0.000000e+000
    outer loop
      vertex -5.184776e+001  3.000000e+000 -2.826537e+001
      vertex -5.166294e+001  3.000000e+000 -4.138886e+001
      vertex -5.184776e+001  3.000000e+000 -4.173463e+001
    endloop
  endfacet
  facet normal  0.000000e+000  9.999999e-001  -0.000000e+000
    outer loop
      vertex -5.184776e+001  3.000000e+000 -2.826537e+001
      vertex -5.184776e+001  3.000000e+000 -4.173463e+001
      vertex -5.196157e+001  3.000000e+000 -2.789018e+001
    endloop
  endfacet
  facet normal  0.000000e+000  1.000000e+000  0.000000e+000
    outer loop
      vertex -5.196157e+001  3.000000e+000 -2.789018e+001
      vertex -5.184776e+001  3.000000e+000 -4.173463e+001
      vertex -5.196157e+001  3.000000e+000 -4.210982e+001
    endloop
  endfacet
  facet normal  0.000000e+000  1.000000e+000  -0.000000e+000
    outer loop
      vertex -5.196157e+001  3.000000e+000 -2.789018e+001
      vertex -5.196157e+001  3.000000e+000 -4.210982e+001
      vertex -5.200000e+001  3.000000e+000 -2.750000e+001
    endloop
  endfacet
  facet normal  0.000000e+000  1.000000e+000  0.000000e+000
    outer loop
      vertex -5.200000e+001  3.000000e+000 -2.750000e+001
      vertex -5.196157e+001  3.000000e+000 -4.210982e+001
      vertex -5.200000e+001  3.000000e+000 -4.250000e+001
    endloop
  endfacet
  facet normal  0.000000e+000  1.000000e+000  -0.000000e+000
    outer loop
      vertex -5.200000e+001  3.000000e+000 -2.750000e+001
      vertex -5.200000e+001  3.000000e+000 -4.250000e+001
      vertex -5.700000e+001  3.000000e+000 -4.450000e+001
    endloop
  endfacet
  facet normal  0.000000e+000  1.000000e+000  0.000000e+000
    outer loop
      vertex -2.629289e+001  1.810000e+001 -4.005711e+001
      vertex -2.672703e+001  1.810000e+001 -4.600932e+001
      vertex -2.650000e+001  1.810000e+001 -4.021603e+001
    endloop
  endfacet
  facet normal  0.000000e+000  1.000000e+000  -0.000000e+000
    outer loop
      vertex -2.650000e+001  1.810000e+001 -4.021603e+001
      vertex -2.672703e+001  1.810000e+001 -4.600932e+001
      vertex -2.674118e+001  1.810000e+001 -4.031593e+001
    endloop
  endfacet
  facet normal  0.000000e+000  9.999999e-001  0.000000e+000
    outer loop
      vertex -2.750000e+001  1.810000e+001 -4.021603e+001
      vertex -2.781382e+001  1.810000e+001 -4.608366e+001
      vertex -2.770711e+001  1.810000e+001 -4.005711e+001
    endloop
  endfacet
  facet normal  0.000000e+000  1.000000e+000  -0.000000e+000
    outer loop
      vertex -2.770711e+001  1.810000e+001 -4.005711e+001
      vertex -2.781382e+001  1.810000e+001 -4.608366e+001
      vertex -2.786603e+001  1.810000e+001 -3.985000e+001
    endloop
  endfacet
  facet normal  0.000000e+000  1.000000e+000  0.000000e+000
    outer loop
      vertex -2.600000e+001  1.810000e+001 -3.935000e+001
      vertex -2.314833e+001  1.810000e+001 -4.892081e+001
      vertex -2.333115e+001  1.810000e+001 -4.840639e+001
    endloop
  endfacet
  facet normal  0.000000e+000  1.000000e+000  0.000000e+000
    outer loop
      vertex -2.600000e+001  1.810000e+001 -3.935000e+001
      vertex -2.333115e+001  1.810000e+001 -4.840639e+001
      vertex -2.358232e+001  1.810000e+001 -4.792167e+001
    endloop
  endfacet
  facet normal  0.000000e+000  1.000000e+000  0.000000e+000
    outer loop
      vertex -2.600000e+001  1.810000e+001 -3.935000e+001
      vertex -2.358232e+001  1.810000e+001 -4.792167e+001
      vertex -2.389716e+001  1.810000e+001 -4.747565e+001
    endloop
  endfacet
  facet normal  0.000000e+000  1.000000e+000  0.000000e+000
    outer loop
      vertex -2.600000e+001  1.810000e+001 -3.935000e+001
      vertex -2.389716e+001  1.810000e+001 -4.747565e+001
      vertex -2.426979e+001  1.810000e+001 -4.707666e+001
    endloop
  endfacet
  facet normal  0.000000e+000  1.000000e+000  0.000000e+000
    outer loop
      vertex -2.600000e+001  1.810000e+001 -3.935000e+001
      vertex -2.426979e+001  1.810000e+001 -4.707666e+001
      vertex -2.469328e+001  1.810000e+001 -4.673212e+001
    endloop
  endfacet
  facet normal  0.000000e+000  1.000000e+000  0.000000e+000
    outer loop
      vertex -2.600000e+001  1.810000e+001 -3.935000e+001
      vertex -2.469328e+001  1.810000e+001 -4.673212e+001
      vertex -2.515974e+001  1.810000e+001 -4.644846e+001
    endloop
  endfacet
  facet normal  0.000000e+000  9.999999e-001  0.000000e+000
    outer loop
      vertex -2.600000e+001  1.810000e+001 -3.935000e+001
      vertex -2.515974e+001  1.810000e+001 -4.644846e+001
      vertex -2.566048e+001  1.810000e+001 -4.623096e+001
    endloop
  endfacet
  facet normal  0.000000e+000  9.999999e-001  0.000000e+000
    outer loop
      vertex -2.600000e+001  1.810000e+001 -3.935000e+001
      vertex -2.566048e+001  1.810000e+001 -4.623096e+001
      vertex -2.618618e+001  1.810000e+001 -4.608366e+001
    endloop
  endfacet
  facet normal  0.000000e+000  1.000000e+000  0.000000e+000
    outer loop
      vertex -2.600000e+001  1.810000e+001 -3.935000e+001
      vertex -2.618618e+001  1.810000e+001 -4.608366e+001
      vertex -2.603407e+001  1.810000e+001 -3.960882e+001
    endloop
  endfacet
  facet normal  0.000000e+000  1.000000e+000  -0.000000e+000
    outer loop
      vertex -2.800000e+001  1.810000e+001 -3.935000e+001
      vertex -2.833952e+001  1.810000e+001 -4.623096e+001
      vertex -2.884026e+001  1.810000e+001 -4.644846e+001
    endloop
  endfacet
  facet normal  0.000000e+000  1.000000e+000  -0.000000e+000
    outer loop
      vertex -2.800000e+001  1.810000e+001 -3.935000e+001
      vertex -2.884026e+001  1.810000e+001 -4.644846e+001
      vertex -2.930672e+001  1.810000e+001 -4.673212e+001
    endloop
  endfacet
  facet normal  0.000000e+000  1.000000e+000  -0.000000e+000
    outer loop
      vertex -2.800000e+001  1.810000e+001 -3.935000e+001
      vertex -2.930672e+001  1.810000e+001 -4.673212e+001
      vertex -2.973021e+001  1.810000e+001 -4.707666e+001
    endloop
  endfacet
  facet normal  0.000000e+000  1.000000e+000  -0.000000e+000
    outer loop
      vertex -2.800000e+001  1.810000e+001 -3.935000e+001
      vertex -2.973021e+001  1.810000e+001 -4.707666e+001
      vertex -3.010284e+001  1.810000e+001 -4.747565e+001
    endloop
  endfacet
  facet normal  0.000000e+000  1.000000e+000  -0.000000e+000
    outer loop
      vertex -2.800000e+001  1.810000e+001 -3.935000e+001
      vertex -3.010284e+001  1.810000e+001 -4.747565e+001
      vertex -3.041768e+001  1.810000e+001 -4.792167e+001
    endloop
  endfacet
  facet normal  0.000000e+000  1.000000e+000  -0.000000e+000
    outer loop
      vertex -2.800000e+001  1.810000e+001 -3.935000e+001
      vertex -3.041768e+001  1.810000e+001 -4.792167e+001
      vertex -3.066885e+001  1.810000e+001 -4.840639e+001
    endloop
  endfacet
  facet normal  0.000000e+000  1.000000e+000  -0.000000e+000
    outer loop
      vertex -2.800000e+001  1.810000e+001 -3.935000e+001
      vertex -3.066885e+001  1.810000e+001 -4.840639e+001
      vertex -3.500000e+001  1.810000e+001 -5.807745e+001
    endloop
  endfacet
  facet normal  0.000000e+000  9.999999e-001  0.000000e+000
    outer loop
      vertex -2.800000e+001  1.810000e+001 -3.935000e+001
      vertex -3.500000e+001  1.810000e+001 -5.807745e+001
      vertex -3.320000e+001  1.810000e+001 -3.685000e+001
    endloop
  endfacet
  facet normal  0.000000e+000  1.000000e+000  -0.000000e+000
    outer loop
      vertex -7.000000e+000  1.810000e+001 -1.000000e+001
      vertex -7.000000e+000  1.810000e+001 -6.000000e+001
      vertex -2.080000e+001  1.810000e+001 -1.335000e+001
    endloop
  endfacet
  facet normal  0.000000e+000  1.000000e+000  -0.000000e+000
    outer loop
      vertex -7.000000e+000  1.810000e+001 -1.000000e+001
      vertex -2.080000e+001  1.810000e+001 -1.335000e+001
      vertex -2.600000e+001  1.810000e+001 -1.085000e+001
    endloop
  endfacet
  facet normal  0.000000e+000  1.000000e+000  0.000000e+000
    outer loop
      vertex -7.000000e+000  1.810000e+001 -1.000000e+001
      vertex -2.600000e+001  1.810000e+001 -1.085000e+001
      vertex -1.000000e+001  1.810000e+001 -7.000000e+000
    endloop
  endfacet
  facet normal  0.000000e+000  1.000000e+000  0.000000e+000
    outer loop
      vertex -3.500000e+001  1.810000e+001 -5.807745e+001
      vertex -3.066885e+001  1.810000e+001 -4.840639e+001
      vertex -3.085167e+001  1.810000e+001 -4.892081e+001
    endloop
  endfacet
  facet normal  0.000000e+000  1.000000e+000  0.000000e+000
    outer loop
      vertex -3.500000e+001  1.810000e+001 -5.807745e+001
      vertex -3.085167e+001  1.810000e+001 -4.892081e+001
      vertex -3.096274e+001  1.810000e+001 -4.945533e+001
    endloop
  endfacet
  facet normal  0.000000e+000  1.000000e+000  0.000000e+000
    outer loop
      vertex -3.500000e+001  1.810000e+001 -5.807745e+001
      vertex -3.096274e+001  1.810000e+001 -4.945533e+001
      vertex -3.100000e+001  1.810000e+001 -5.000000e+001
    endloop
  endfacet
  facet normal  0.000000e+000  1.000000e+000  0.000000e+000
    outer loop
      vertex -3.500000e+001  1.810000e+001 -5.807745e+001
      vertex -3.100000e+001  1.810000e+001 -5.000000e+001
      vertex -3.096274e+001  1.810000e+001 -5.054467e+001
    endloop
  endfacet
  facet normal  0.000000e+000  1.000000e+000  0.000000e+000
    outer loop
      vertex -3.500000e+001  1.810000e+001 -5.807745e+001
      vertex -3.096274e+001  1.810000e+001 -5.054467e+001
      vertex -3.085167e+001  1.810000e+001 -5.107919e+001
    endloop
  endfacet
  facet normal  0.000000e+000  1.000000e+000  0.000000e+000
    outer loop
      vertex -3.500000e+001  1.810000e+001 -5.807745e+001
      vertex -3.085167e+001  1.810000e+001 -5.107919e+001
      vertex -3.066885e+001  1.810000e+001 -5.159361e+001
    endloop
  endfacet
  facet normal  0.000000e+000  1.000000e+000  0.000000e+000
    outer loop
      vertex -3.500000e+001  1.810000e+001 -5.807745e+001
      vertex -3.066885e+001  1.810000e+001 -5.159361e+001
      vertex -3.041768e+001  1.810000e+001 -5.207833e+001
    endloop
  endfacet
  facet normal  0.000000e+000  9.999999e-001  0.000000e+000
    outer loop
      vertex -3.500000e+001  1.810000e+001 -5.807745e+001
      vertex -3.041768e+001  1.810000e+001 -5.207833e+001
      vertex -3.010284e+001  1.810000e+001 -5.252435e+001
    endloop
  endfacet
  facet normal  0.000000e+000  9.999999e-001  0.000000e+000
    outer loop
      vertex -3.500000e+001  1.810000e+001 -5.807745e+001
      vertex -3.010284e+001  1.810000e+001 -5.252435e+001
      vertex -3.000000e+001  1.810000e+001 -6.307745e+001
    endloop
  endfacet
  facet normal  0.000000e+000  1.000000e+000  -0.000000e+000
    outer loop
      vertex -7.000000e+000  1.810000e+001 -6.000000e+001
      vertex -1.000000e+001  1.810000e+001 -6.300000e+001
      vertex -2.300000e+001  1.810000e+001 -5.000000e+001
    endloop
  endfacet
  facet normal  -0.000000e+000  1.000000e+000  -0.000000e+000
    outer loop
      vertex -7.000000e+000  1.810000e+001 -6.000000e+001
      vertex -2.300000e+001  1.810000e+001 -5.000000e+001
      vertex -2.303726e+001  1.810000e+001 -4.945533e+001
    endloop
  endfacet
  facet normal  -0.000000e+000  1.000000e+000  -0.000000e+000
    outer loop
      vertex -7.000000e+000  1.810000e+001 -6.000000e+001
      vertex -2.303726e+001  1.810000e+001 -4.945533e+001
      vertex -2.314833e+001  1.810000e+001 -4.892081e+001
    endloop
  endfacet
  facet normal  -0.000000e+000  1.000000e+000  -0.000000e+000
    outer loop
      vertex -7.000000e+000  1.810000e+001 -6.000000e+001
      vertex -2.314833e+001  1.810000e+001 -4.892081e+001
      vertex -2.600000e+001  1.810000e+001 -3.935000e+001
    endloop
  endfacet
  facet normal  -0.000000e+000  1.000000e+000  0.000000e+000
    outer loop
      vertex -7.000000e+000  1.810000e+001 -6.000000e+001
      vertex -2.600000e+001  1.810000e+001 -3.935000e+001
      vertex -2.080000e+001  1.810000e+001 -3.685000e+001
    endloop
  endfacet
  facet normal  -0.000000e+000  1.000000e+000  0.000000e+000
    outer loop
      vertex -7.000000e+000  1.810000e+001 -6.000000e+001
      vertex -2.080000e+001  1.810000e+001 -3.685000e+001
      vertex -2.080000e+001  1.810000e+001 -1.335000e+001
    endloop
  endfacet
  facet normal  0.000000e+000  1.000000e+000  0.000000e+000
    outer loop
      vertex -3.000000e+001  1.810000e+001 -6.307745e+001
      vertex -3.010284e+001  1.810000e+001 -5.252435e+001
      vertex -2.973021e+001  1.810000e+001 -5.292334e+001
    endloop
  endfacet
  facet normal  0.000000e+000  1.000000e+000  0.000000e+000
    outer loop
      vertex -3.000000e+001  1.810000e+001 -6.307745e+001
      vertex -2.973021e+001  1.810000e+001 -5.292334e+001
      vertex -2.930672e+001  1.810000e+001 -5.326788e+001
    endloop
  endfacet
  facet normal  0.000000e+000  1.000000e+000  0.000000e+000
    outer loop
      vertex -3.000000e+001  1.810000e+001 -6.307745e+001
      vertex -2.930672e+001  1.810000e+001 -5.326788e+001
      vertex -2.884026e+001  1.810000e+001 -5.355154e+001
    endloop
  endfacet
  facet normal  0.000000e+000  9.999999e-001  0.000000e+000
    outer loop
      vertex -3.000000e+001  1.810000e+001 -6.307745e+001
      vertex -2.884026e+001  1.810000e+001 -5.355154e+001
      vertex -2.833952e+001  1.810000e+001 -5.376904e+001
    endloop
  endfacet
  facet normal  0.000000e+000  1.000000e+000  0.000000e+000
    outer loop
      vertex -3.000000e+001  1.810000e+001 -6.307745e+001
      vertex -2.833952e+001  1.810000e+001 -5.376904e+001
      vertex -2.781382e+001  1.810000e+001 -5.391634e+001
    endloop
  endfacet
  facet normal  0.000000e+000  1.000000e+000  0.000000e+000
    outer loop
      vertex -3.000000e+001  1.810000e+001 -6.307745e+001
      vertex -2.781382e+001  1.810000e+001 -5.391634e+001
      vertex -2.727297e+001  1.810000e+001 -5.399068e+001
    endloop
  endfacet
  facet normal  -0.000000e+000  1.000000e+000  0.000000e+000
    outer loop
      vertex -3.000000e+001  1.810000e+001 -6.307745e+001
      vertex -2.727297e+001  1.810000e+001 -5.399068e+001
      vertex -2.672703e+001  1.810000e+001 -5.399068e+001
    endloop
  endfacet
  facet normal  -0.000000e+000  9.999999e-001  0.000000e+000
    outer loop
      vertex -3.000000e+001  1.810000e+001 -6.307745e+001
      vertex -2.672703e+001  1.810000e+001 -5.399068e+001
      vertex -2.618618e+001  1.810000e+001 -5.391634e+001
    endloop
  endfacet
  facet normal  -0.000000e+000  1.000000e+000  0.000000e+000
    outer loop
      vertex -3.000000e+001  1.810000e+001 -6.307745e+001
      vertex -2.618618e+001  1.810000e+001 -5.391634e+001
      vertex -2.566048e+001  1.810000e+001 -5.376904e+001
    endloop
  endfacet
  facet normal  -0.000000e+000  1.000000e+000  0.000000e+000
    outer loop
      vertex -3.000000e+001  1.810000e+001 -6.307745e+001
      vertex -2.566048e+001  1.810000e+001 -5.376904e+001
      vertex -2.515974e+001  1.810000e+001 -5.355154e+001
    endloop
  endfacet
  facet normal  -0.000000e+000  1.000000e+000  0.000000e+000
    outer loop
      vertex -3.000000e+001  1.810000e+001 -6.307745e+001
      vertex -2.515974e+001  1.810000e+001 -5.355154e+001
      vertex -2.469328e+001  1.810000e+001 -5.326788e+001
    endloop
  endfacet
  facet normal  -0.000000e+000  1.000000e+000  0.000000e+000
    outer loop
      vertex -3.000000e+001  1.810000e+001 -6.307745e+001
      vertex -2.469328e+001  1.810000e+001 -5.326788e+001
      vertex -2.426979e+001  1.810000e+001 -5.292334e+001
    endloop
  endfacet
  facet normal  -0.000000e+000  1.000000e+000  0.000000e+000
    outer loop
      vertex -3.000000e+001  1.810000e+001 -6.307745e+001
      vertex -2.426979e+001  1.810000e+001 -5.292334e+001
      vertex -2.389716e+001  1.810000e+001 -5.252435e+001
    endloop
  endfacet
  facet normal  -0.000000e+000  1.000000e+000  0.000000e+000
    outer loop
      vertex -3.000000e+001  1.810000e+001 -6.307745e+001
      vertex -2.389716e+001  1.810000e+001 -5.252435e+001
      vertex -2.358232e+001  1.810000e+001 -5.207833e+001
    endloop
  endfacet
  facet normal  0.000000e+000  9.999999e-001  0.000000e+000
    outer loop
      vertex -1.000000e+001  1.810000e+001 -6.307745e+001
      vertex -3.000000e+001  1.810000e+001 -6.307745e+001
      vertex -2.358232e+001  1.810000e+001 -5.207833e+001
    endloop
  endfacet
  facet normal  -0.000000e+000  1.000000e+000  0.000000e+000
    outer loop
      vertex -1.000000e+001  1.810000e+001 -6.307745e+001
      vertex -2.358232e+001  1.810000e+001 -5.207833e+001
      vertex -2.333115e+001  1.810000e+001 -5.159361e+001
    endloop
  endfacet
  facet normal  -0.000000e+000  1.000000e+000  0.000000e+000
    outer loop
      vertex -1.000000e+001  1.810000e+001 -6.307745e+001
      vertex -2.333115e+001  1.810000e+001 -5.159361e+001
      vertex -2.314833e+001  1.810000e+001 -5.107919e+001
    endloop
  endfacet
  facet normal  -0.000000e+000  1.000000e+000  0.000000e+000
    outer loop
      vertex -1.000000e+001  1.810000e+001 -6.307745e+001
      vertex -2.314833e+001  1.810000e+001 -5.107919e+001
      vertex -2.303726e+001  1.810000e+001 -5.054467e+001
    endloop
  endfacet
  facet normal  -0.000000e+000  9.999999e-001  0.000000e+000
    outer loop
      vertex -1.000000e+001  1.810000e+001 -6.307745e+001
      vertex -2.303726e+001  1.810000e+001 -5.054467e+001
      vertex -2.300000e+001  1.810000e+001 -5.000000e+001
    endloop
  endfacet
  facet normal  0.000000e+000  1.000000e+000  0.000000e+000
    outer loop
      vertex -1.000000e+001  1.810000e+001 -6.307745e+001
      vertex -2.300000e+001  1.810000e+001 -5.000000e+001
      vertex -1.000000e+001  1.810000e+001 -6.300000e+001
    endloop
  endfacet
  facet normal  0.000000e+000  1.000000e+000  0.000000e+000
    outer loop
      vertex -2.727297e+001  1.810000e+001 -4.600932e+001
      vertex -2.781382e+001  1.810000e+001 -4.608366e+001
      vertex -2.750000e+001  1.810000e+001 -4.021603e+001
    endloop
  endfacet
  facet normal  0.000000e+000  1.000000e+000  0.000000e+000
    outer loop
      vertex -2.727297e+001  1.810000e+001 -4.600932e+001
      vertex -2.750000e+001  1.810000e+001 -4.021603e+001
      vertex -2.725882e+001  1.810000e+001 -4.031593e+001
    endloop
  endfacet
  facet normal  0.000000e+000  1.000000e+000  0.000000e+000
    outer loop
      vertex -2.727297e+001  1.810000e+001 -4.600932e+001
      vertex -2.725882e+001  1.810000e+001 -4.031593e+001
      vertex -2.700000e+001  1.810000e+001 -4.035000e+001
    endloop
  endfacet
  facet normal  -0.000000e+000  1.000000e+000  0.000000e+000
    outer loop
      vertex -2.727297e+001  1.810000e+001 -4.600932e+001
      vertex -2.700000e+001  1.810000e+001 -4.035000e+001
      vertex -2.674118e+001  1.810000e+001 -4.031593e+001
    endloop
  endfacet
  facet normal  0.000000e+000  1.000000e+000  0.000000e+000
    outer loop
      vertex -2.727297e+001  1.810000e+001 -4.600932e+001
      vertex -2.674118e+001  1.810000e+001 -4.031593e+001
      vertex -2.672703e+001  1.810000e+001 -4.600932e+001
    endloop
  endfacet
  facet normal  0.000000e+000  9.999999e-001  0.000000e+000
    outer loop
      vertex -2.833952e+001  1.810000e+001 -4.623096e+001
      vertex -2.800000e+001  1.810000e+001 -3.935000e+001
      vertex -2.796593e+001  1.810000e+001 -3.960882e+001
    endloop
  endfacet
  facet normal  0.000000e+000  1.000000e+000  0.000000e+000
    outer loop
      vertex -2.833952e+001  1.810000e+001 -4.623096e+001
      vertex -2.796593e+001  1.810000e+001 -3.960882e+001
      vertex -2.786603e+001  1.810000e+001 -3.985000e+001
    endloop
  endfacet
  facet normal  0.000000e+000  1.000000e+000  0.000000e+000
    outer loop
      vertex -2.833952e+001  1.810000e+001 -4.623096e+001
      vertex -2.786603e+001  1.810000e+001 -3.985000e+001
      vertex -2.781382e+001  1.810000e+001 -4.608366e+001
    endloop
  endfacet
  facet normal  0.000000e+000  1.000000e+000  0.000000e+000
    outer loop
      vertex -3.320000e+001  1.810000e+001 -3.685000e+001
      vertex -2.674118e+001  1.810000e+001 -3.838408e+001
      vertex -2.700000e+001  1.810000e+001 -3.835000e+001
    endloop
  endfacet
  facet normal  0.000000e+000  1.000000e+000  0.000000e+000
    outer loop
      vertex -3.320000e+001  1.810000e+001 -3.685000e+001
      vertex -2.700000e+001  1.810000e+001 -3.835000e+001
      vertex -2.725882e+001  1.810000e+001 -3.838408e+001
    endloop
  endfacet
  facet normal  0.000000e+000  1.000000e+000  0.000000e+000
    outer loop
      vertex -3.320000e+001  1.810000e+001 -3.685000e+001
      vertex -2.725882e+001  1.810000e+001 -3.838408e+001
      vertex -2.750000e+001  1.810000e+001 -3.848397e+001
    endloop
  endfacet
  facet normal  0.000000e+000  1.000000e+000  0.000000e+000
    outer loop
      vertex -3.320000e+001  1.810000e+001 -3.685000e+001
      vertex -2.750000e+001  1.810000e+001 -3.848397e+001
      vertex -2.770711e+001  1.810000e+001 -3.864289e+001
    endloop
  endfacet
  facet normal  0.000000e+000  1.000000e+000  0.000000e+000
    outer loop
      vertex -3.320000e+001  1.810000e+001 -3.685000e+001
      vertex -2.770711e+001  1.810000e+001 -3.864289e+001
      vertex -2.786603e+001  1.810000e+001 -3.885000e+001
    endloop
  endfacet
  facet normal  0.000000e+000  1.000000e+000  0.000000e+000
    outer loop
      vertex -3.320000e+001  1.810000e+001 -3.685000e+001
      vertex -2.786603e+001  1.810000e+001 -3.885000e+001
      vertex -2.796593e+001  1.810000e+001 -3.909118e+001
    endloop
  endfacet
  facet normal  0.000000e+000  1.000000e+000  0.000000e+000
    outer loop
      vertex -3.320000e+001  1.810000e+001 -3.685000e+001
      vertex -2.796593e+001  1.810000e+001 -3.909118e+001
      vertex -2.800000e+001  1.810000e+001 -3.935000e+001
    endloop
  endfacet
  facet normal  0.000000e+000  1.000000e+000  -0.000000e+000
    outer loop
      vertex -2.080000e+001  1.810000e+001 -3.685000e+001
      vertex -2.600000e+001  1.810000e+001 -3.935000e+001
      vertex -2.603407e+001  1.810000e+001 -3.909118e+001
    endloop
  endfacet
  facet normal  0.000000e+000  1.000000e+000  -0.000000e+000
    outer loop
      vertex -2.080000e+001  1.810000e+001 -3.685000e+001
      vertex -2.603407e+001  1.810000e+001 -3.909118e+001
      vertex -2.613397e+001  1.810000e+001 -3.885000e+001
    endloop
  endfacet
  facet normal  0.000000e+000  1.000000e+000  -0.000000e+000
    outer loop
      vertex -2.080000e+001  1.810000e+001 -3.685000e+001
      vertex -2.613397e+001  1.810000e+001 -3.885000e+001
      vertex -2.629289e+001  1.810000e+001 -3.864289e+001
    endloop
  endfacet
  facet normal  0.000000e+000  1.000000e+000  -0.000000e+000
    outer loop
      vertex -2.080000e+001  1.810000e+001 -3.685000e+001
      vertex -2.629289e+001  1.810000e+001 -3.864289e+001
      vertex -2.650000e+001  1.810000e+001 -3.848397e+001
    endloop
  endfacet
  facet normal  0.000000e+000  1.000000e+000  -0.000000e+000
    outer loop
      vertex -2.080000e+001  1.810000e+001 -3.685000e+001
      vertex -2.650000e+001  1.810000e+001 -3.848397e+001
      vertex -2.674118e+001  1.810000e+001 -3.838408e+001
    endloop
  endfacet
  facet normal  0.000000e+000  1.000000e+000  -0.000000e+000
    outer loop
      vertex -2.080000e+001  1.810000e+001 -3.685000e+001
      vertex -2.674118e+001  1.810000e+001 -3.838408e+001
      vertex -3.320000e+001  1.810000e+001 -3.685000e+001
    endloop
  endfacet
  facet normal  0.000000e+000  1.000000e+000  -0.000000e+000
    outer loop
      vertex -3.320000e+001  1.810000e+001 -1.335000e+001
      vertex -3.320000e+001  1.810000e+001 -3.685000e+001
      vertex -3.500000e+001  1.810000e+001 -5.807745e+001
    endloop
  endfacet
  facet normal  0.000000e+000  1.000000e+000  0.000000e+000
    outer loop
      vertex -3.320000e+001  1.810000e+001 -1.335000e+001
      vertex -3.500000e+001  1.810000e+001 -5.807745e+001
      vertex -3.500000e+001  1.810000e+001 -1.200000e+001
    endloop
  endfacet
  facet normal  -0.000000e+000  1.000000e+000  0.000000e+000
    outer loop
      vertex -3.320000e+001  1.810000e+001 -1.335000e+001
      vertex -3.500000e+001  1.810000e+001 -1.200000e+001
      vertex -3.000000e+001  1.810000e+001 -7.000000e+000
    endloop
  endfacet
  facet normal  0.000000e+000  9.999999e-001  0.000000e+000
    outer loop
      vertex -3.320000e+001  1.810000e+001 -1.335000e+001
      vertex -3.000000e+001  1.810000e+001 -7.000000e+000
      vertex -2.800000e+001  1.810000e+001 -1.085000e+001
    endloop
  endfacet
  facet normal  0.000000e+000  1.000000e+000  0.000000e+000
    outer loop
      vertex -3.320000e+001  1.810000e+001 -1.335000e+001
      vertex -2.800000e+001  1.810000e+001 -1.085000e+001
      vertex -2.796593e+001  1.810000e+001 -1.110882e+001
    endloop
  endfacet
  facet normal  0.000000e+000  9.999999e-001  0.000000e+000
    outer loop
      vertex -3.320000e+001  1.810000e+001 -1.335000e+001
      vertex -2.796593e+001  1.810000e+001 -1.110882e+001
      vertex -2.786603e+001  1.810000e+001 -1.135000e+001
    endloop
  endfacet
  facet normal  0.000000e+000  1.000000e+000  0.000000e+000
    outer loop
      vertex -3.320000e+001  1.810000e+001 -1.335000e+001
      vertex -2.786603e+001  1.810000e+001 -1.135000e+001
      vertex -2.770711e+001  1.810000e+001 -1.155711e+001
    endloop
  endfacet
  facet normal  0.000000e+000  1.000000e+000  0.000000e+000
    outer loop
      vertex -3.320000e+001  1.810000e+001 -1.335000e+001
      vertex -2.770711e+001  1.810000e+001 -1.155711e+001
      vertex -2.750000e+001  1.810000e+001 -1.171603e+001
    endloop
  endfacet
  facet normal  0.000000e+000  9.999999e-001  0.000000e+000
    outer loop
      vertex -3.320000e+001  1.810000e+001 -1.335000e+001
      vertex -2.750000e+001  1.810000e+001 -1.171603e+001
      vertex -2.725882e+001  1.810000e+001 -1.181593e+001
    endloop
  endfacet
  facet normal  0.000000e+000  1.000000e+000  0.000000e+000
    outer loop
      vertex -3.320000e+001  1.810000e+001 -1.335000e+001
      vertex -2.725882e+001  1.810000e+001 -1.181593e+001
      vertex -2.700000e+001  1.810000e+001 -1.185000e+001
    endloop
  endfacet
  facet normal  -0.000000e+000  1.000000e+000  0.000000e+000
    outer loop
      vertex -3.320000e+001  1.810000e+001 -1.335000e+001
      vertex -2.700000e+001  1.810000e+001 -1.185000e+001
      vertex -2.674118e+001  1.810000e+001 -1.181593e+001
    endloop
  endfacet
  facet normal  0.000000e+000  1.000000e+000  0.000000e+000
    outer loop
      vertex -2.080000e+001  1.810000e+001 -1.335000e+001
      vertex -3.320000e+001  1.810000e+001 -1.335000e+001
      vertex -2.674118e+001  1.810000e+001 -1.181593e+001
    endloop
  endfacet
  facet normal  -0.000000e+000  9.999999e-001  0.000000e+000
    outer loop
      vertex -2.080000e+001  1.810000e+001 -1.335000e+001
      vertex -2.674118e+001  1.810000e+001 -1.181593e+001
      vertex -2.650000e+001  1.810000e+001 -1.171603e+001
    endloop
  endfacet
  facet normal  -0.000000e+000  1.000000e+000  0.000000e+000
    outer loop
      vertex -2.080000e+001  1.810000e+001 -1.335000e+001
      vertex -2.650000e+001  1.810000e+001 -1.171603e+001
      vertex -2.629289e+001  1.810000e+001 -1.155711e+001
    endloop
  endfacet
  facet normal  -0.000000e+000  1.000000e+000  0.000000e+000
    outer loop
      vertex -2.080000e+001  1.810000e+001 -1.335000e+001
      vertex -2.629289e+001  1.810000e+001 -1.155711e+001
      vertex -2.613397e+001  1.810000e+001 -1.135000e+001
    endloop
  endfacet
  facet normal  -0.000000e+000  9.999999e-001  0.000000e+000
    outer loop
      vertex -2.080000e+001  1.810000e+001 -1.335000e+001
      vertex -2.613397e+001  1.810000e+001 -1.135000e+001
      vertex -2.603407e+001  1.810000e+001 -1.110882e+001
    endloop
  endfacet
  facet normal  -0.000000e+000  1.000000e+000  0.000000e+000
    outer loop
      vertex -2.080000e+001  1.810000e+001 -1.335000e+001
      vertex -2.603407e+001  1.810000e+001 -1.110882e+001
      vertex -2.600000e+001  1.810000e+001 -1.085000e+001
    endloop
  endfacet
  facet normal  0.000000e+000  1.000000e+000  0.000000e+000
    outer loop
      vertex -3.000000e+001  1.810000e+001 -7.000000e+000
      vertex -2.629289e+001  1.810000e+001 -1.014289e+001
      vertex -2.650000e+001  1.810000e+001 -9.983974e+000
    endloop
  endfacet
  facet normal  0.000000e+000  1.000000e+000  0.000000e+000
    outer loop
      vertex -3.000000e+001  1.810000e+001 -7.000000e+000
      vertex -2.650000e+001  1.810000e+001 -9.983974e+000
      vertex -2.674118e+001  1.810000e+001 -9.884074e+000
    endloop
  endfacet
  facet normal  0.000000e+000  1.000000e+000  0.000000e+000
    outer loop
      vertex -3.000000e+001  1.810000e+001 -7.000000e+000
      vertex -2.674118e+001  1.810000e+001 -9.884074e+000
      vertex -2.700000e+001  1.810000e+001 -9.850000e+000
    endloop
  endfacet
  facet normal  0.000000e+000  1.000000e+000  0.000000e+000
    outer loop
      vertex -3.000000e+001  1.810000e+001 -7.000000e+000
      vertex -2.700000e+001  1.810000e+001 -9.850000e+000
      vertex -2.725882e+001  1.810000e+001 -9.884074e+000
    endloop
  endfacet
  facet normal  0.000000e+000  1.000000e+000  0.000000e+000
    outer loop
      vertex -3.000000e+001  1.810000e+001 -7.000000e+000
      vertex -2.725882e+001  1.810000e+001 -9.884074e+000
      vertex -2.750000e+001  1.810000e+001 -9.983974e+000
    endloop
  endfacet
  facet normal  0.000000e+000  1.000000e+000  0.000000e+000
    outer loop
      vertex -3.000000e+001  1.810000e+001 -7.000000e+000
      vertex -2.750000e+001  1.810000e+001 -9.983974e+000
      vertex -2.770711e+001  1.810000e+001 -1.014289e+001
    endloop
  endfacet
  facet normal  0.000000e+000  9.999999e-001  0.000000e+000
    outer loop
      vertex -3.000000e+001  1.810000e+001 -7.000000e+000
      vertex -2.770711e+001  1.810000e+001 -1.014289e+001
      vertex -2.786603e+001  1.810000e+001 -1.035000e+001
    endloop
  endfacet
  facet normal  0.000000e+000  1.000000e+000  0.000000e+000
    outer loop
      vertex -3.000000e+001  1.810000e+001 -7.000000e+000
      vertex -2.786603e+001  1.810000e+001 -1.035000e+001
      vertex -2.796593e+001  1.810000e+001 -1.059118e+001
    endloop
  endfacet
  facet normal  0.000000e+000  1.000000e+000  0.000000e+000
    outer loop
      vertex -3.000000e+001  1.810000e+001 -7.000000e+000
      vertex -2.796593e+001  1.810000e+001 -1.059118e+001
      vertex -2.800000e+001  1.810000e+001 -1.085000e+001
    endloop
  endfacet
  facet normal  0.000000e+000  1.000000e+000  -0.000000e+000
    outer loop
      vertex -1.000000e+001  1.810000e+001 -7.000000e+000
      vertex -2.600000e+001  1.810000e+001 -1.085000e+001
      vertex -2.603407e+001  1.810000e+001 -1.059118e+001
    endloop
  endfacet
  facet normal  0.000000e+000  9.999999e-001  -0.000000e+000
    outer loop
      vertex -1.000000e+001  1.810000e+001 -7.000000e+000
      vertex -2.603407e+001  1.810000e+001 -1.059118e+001
      vertex -2.613397e+001  1.810000e+001 -1.035000e+001
    endloop
  endfacet
  facet normal  0.000000e+000  1.000000e+000  -0.000000e+000
    outer loop
      vertex -1.000000e+001  1.810000e+001 -7.000000e+000
      vertex -2.613397e+001  1.810000e+001 -1.035000e+001
      vertex -2.629289e+001  1.810000e+001 -1.014289e+001
    endloop
  endfacet
  facet normal  0.000000e+000  1.000000e+000  -0.000000e+000
    outer loop
      vertex -1.000000e+001  1.810000e+001 -7.000000e+000
      vertex -2.629289e+001  1.810000e+001 -1.014289e+001
      vertex -3.000000e+001  1.810000e+001 -7.000000e+000
    endloop
  endfacet
  facet normal  0.000000e+000  1.000000e+000  0.000000e+000
    outer loop
      vertex -2.672703e+001  1.810000e+001 -4.600932e+001
      vertex -2.629289e+001  1.810000e+001 -4.005711e+001
      vertex -2.618618e+001  1.810000e+001 -4.608366e+001
    endloop
  endfacet
  facet normal  0.000000e+000  1.000000e+000  -0.000000e+000
    outer loop
      vertex -2.618618e+001  1.810000e+001 -4.608366e+001
      vertex -2.629289e+001  1.810000e+001 -4.005711e+001
      vertex -2.613397e+001  1.810000e+001 -3.985000e+001
    endloop
  endfacet
  facet normal  -0.000000e+000  1.000000e+000  0.000000e+000
    outer loop
      vertex -2.618618e+001  1.810000e+001 -4.608366e+001
      vertex -2.613397e+001  1.810000e+001 -3.985000e+001
      vertex -2.603407e+001  1.810000e+001 -3.960882e+001
    endloop
  endfacet
  facet normal  0.000000e+000 -1.000000e+000  -0.000000e+000
    outer loop
      vertex -1.000000e+001  1.510000e+001 -6.307745e+001
      vertex -1.000000e+001  1.510000e+001 -6.300000e+001
      vertex -3.000000e+001  1.510000e+001 -6.307745e+001
    endloop
  endfacet
  facet normal  0.000000e+000 -1.000000e+000  0.000000e+000
    outer loop
      vertex -2.650000e+001  1.510000e+001 -4.021603e+001
      vertex -2.672703e+001  1.510000e+001 -4.600932e+001
      vertex -2.629289e+001  1.510000e+001 -4.005711e+001
    endloop
  endfacet
  facet normal  0.000000e+000 -1.000000e+000  0.000000e+000
    outer loop
      vertex -2.674118e+001  1.510000e+001 -4.031593e+001
      vertex -2.672703e+001  1.510000e+001 -4.600932e+001
      vertex -2.650000e+001  1.510000e+001 -4.021603e+001
    endloop
  endfacet
  facet normal  0.000000e+000 -9.999999e-001  0.000000e+000
    outer loop
      vertex -2.770711e+001  1.510000e+001 -4.005711e+001
      vertex -2.781382e+001  1.510000e+001 -4.608366e+001
      vertex -2.750000e+001  1.510000e+001 -4.021603e+001
    endloop
  endfacet
  facet normal  0.000000e+000 -1.000000e+000  0.000000e+000
    outer loop
      vertex -2.786603e+001  1.510000e+001 -3.985000e+001
      vertex -2.781382e+001  1.510000e+001 -4.608366e+001
      vertex -2.770711e+001  1.510000e+001 -4.005711e+001
    endloop
  endfacet
  facet normal  0.000000e+000 -1.000000e+000  -0.000000e+000
    outer loop
      vertex -2.600000e+001  1.510000e+001 -3.935000e+001
      vertex -2.603407e+001  1.510000e+001 -3.960882e+001
      vertex -2.618618e+001  1.510000e+001 -4.608366e+001
    endloop
  endfacet
  facet normal  0.000000e+000 -9.999999e-001  0.000000e+000
    outer loop
      vertex -2.600000e+001  1.510000e+001 -3.935000e+001
      vertex -2.618618e+001  1.510000e+001 -4.608366e+001
      vertex -2.566048e+001  1.510000e+001 -4.623096e+001
    endloop
  endfacet
  facet normal  0.000000e+000 -1.000000e+000  0.000000e+000
    outer loop
      vertex -2.600000e+001  1.510000e+001 -3.935000e+001
      vertex -2.566048e+001  1.510000e+001 -4.623096e+001
      vertex -2.515974e+001  1.510000e+001 -4.644846e+001
    endloop
  endfacet
  facet normal  0.000000e+000 -1.000000e+000  0.000000e+000
    outer loop
      vertex -2.600000e+001  1.510000e+001 -3.935000e+001
      vertex -2.515974e+001  1.510000e+001 -4.644846e+001
      vertex -2.469328e+001  1.510000e+001 -4.673212e+001
    endloop
  endfacet
  facet normal  0.000000e+000 -1.000000e+000  0.000000e+000
    outer loop
      vertex -2.600000e+001  1.510000e+001 -3.935000e+001
      vertex -2.469328e+001  1.510000e+001 -4.673212e+001
      vertex -2.426979e+001  1.510000e+001 -4.707666e+001
    endloop
  endfacet
  facet normal  0.000000e+000 -1.000000e+000  0.000000e+000
    outer loop
      vertex -2.600000e+001  1.510000e+001 -3.935000e+001
      vertex -2.426979e+001  1.510000e+001 -4.707666e+001
      vertex -2.389716e+001  1.510000e+001 -4.747565e+001
    endloop
  endfacet
  facet normal  0.000000e+000 -1.000000e+000  0.000000e+000
    outer loop
      vertex -2.600000e+001  1.510000e+001 -3.935000e+001
      vertex -2.389716e+001  1.510000e+001 -4.747565e+001
      vertex -2.358232e+001  1.510000e+001 -4.792167e+001
    endloop
  endfacet
  facet normal  0.000000e+000 -1.000000e+000  0.000000e+000
    outer loop
      vertex -2.600000e+001  1.510000e+001 -3.935000e+001
      vertex -2.358232e+001  1.510000e+001 -4.792167e+001
      vertex -2.333115e+001  1.510000e+001 -4.840639e+001
    endloop
  endfacet
  facet normal  0.000000e+000 -1.000000e+000  0.000000e+000
    outer loop
      vertex -2.600000e+001  1.510000e+001 -3.935000e+001
      vertex -2.333115e+001  1.510000e+001 -4.840639e+001
      vertex -2.314833e+001  1.510000e+001 -4.892081e+001
    endloop
  endfacet
  facet normal  0.000000e+000 -1.000000e+000  -0.000000e+000
    outer loop
      vertex -2.800000e+001  1.510000e+001 -3.935000e+001
      vertex -3.320000e+001  1.510000e+001 -3.685000e+001
      vertex -3.500000e+001  1.510000e+001 -5.807745e+001
    endloop
  endfacet
  facet normal  0.000000e+000 -1.000000e+000  0.000000e+000
    outer loop
      vertex -2.800000e+001  1.510000e+001 -3.935000e+001
      vertex -3.500000e+001  1.510000e+001 -5.807745e+001
      vertex -3.066885e+001  1.510000e+001 -4.840639e+001
    endloop
  endfacet
  facet normal  0.000000e+000 -1.000000e+000  0.000000e+000
    outer loop
      vertex -2.800000e+001  1.510000e+001 -3.935000e+001
      vertex -3.066885e+001  1.510000e+001 -4.840639e+001
      vertex -3.041768e+001  1.510000e+001 -4.792167e+001
    endloop
  endfacet
  facet normal  0.000000e+000 -1.000000e+000  0.000000e+000
    outer loop
      vertex -2.800000e+001  1.510000e+001 -3.935000e+001
      vertex -3.041768e+001  1.510000e+001 -4.792167e+001
      vertex -3.010284e+001  1.510000e+001 -4.747565e+001
    endloop
  endfacet
  facet normal  0.000000e+000 -1.000000e+000  0.000000e+000
    outer loop
      vertex -2.800000e+001  1.510000e+001 -3.935000e+001
      vertex -3.010284e+001  1.510000e+001 -4.747565e+001
      vertex -2.973021e+001  1.510000e+001 -4.707666e+001
    endloop
  endfacet
  facet normal  0.000000e+000 -1.000000e+000  0.000000e+000
    outer loop
      vertex -2.800000e+001  1.510000e+001 -3.935000e+001
      vertex -2.973021e+001  1.510000e+001 -4.707666e+001
      vertex -2.930672e+001  1.510000e+001 -4.673212e+001
    endloop
  endfacet
  facet normal  0.000000e+000 -1.000000e+000  0.000000e+000
    outer loop
      vertex -2.800000e+001  1.510000e+001 -3.935000e+001
      vertex -2.930672e+001  1.510000e+001 -4.673212e+001
      vertex -2.884026e+001  1.510000e+001 -4.644846e+001
    endloop
  endfacet
  facet normal  0.000000e+000 -9.999999e-001  0.000000e+000
    outer loop
      vertex -2.800000e+001  1.510000e+001 -3.935000e+001
      vertex -2.884026e+001  1.510000e+001 -4.644846e+001
      vertex -2.833952e+001  1.510000e+001 -4.623096e+001
    endloop
  endfacet
  facet normal  0.000000e+000 -1.000000e+000  0.000000e+000
    outer loop
      vertex -1.000000e+001  1.510000e+001 -7.000000e+000
      vertex -3.000000e+001  1.510000e+001 -7.000000e+000
      vertex -2.629289e+001  1.510000e+001 -1.014289e+001
    endloop
  endfacet
  facet normal  0.000000e+000 -1.000000e+000  0.000000e+000
    outer loop
      vertex -1.000000e+001  1.510000e+001 -7.000000e+000
      vertex -2.629289e+001  1.510000e+001 -1.014289e+001
      vertex -2.613397e+001  1.510000e+001 -1.035000e+001
    endloop
  endfacet
  facet normal  0.000000e+000 -9.999999e-001  0.000000e+000
    outer loop
      vertex -1.000000e+001  1.510000e+001 -7.000000e+000
      vertex -2.613397e+001  1.510000e+001 -1.035000e+001
      vertex -2.603407e+001  1.510000e+001 -1.059118e+001
    endloop
  endfacet
  facet normal  0.000000e+000 -1.000000e+000  0.000000e+000
    outer loop
      vertex -1.000000e+001  1.510000e+001 -7.000000e+000
      vertex -2.603407e+001  1.510000e+001 -1.059118e+001
      vertex -2.600000e+001  1.510000e+001 -1.085000e+001
    endloop
  endfacet
  facet normal  0.000000e+000 -9.999999e-001  0.000000e+000
    outer loop
      vertex -1.000000e+001  1.510000e+001 -7.000000e+000
      vertex -2.600000e+001  1.510000e+001 -1.085000e+001
      vertex -2.080000e+001  1.510000e+001 -1.335000e+001
    endloop
  endfacet
  facet normal  0.000000e+000 -9.999999e-001  0.000000e+000
    outer loop
      vertex -1.000000e+001  1.510000e+001 -7.000000e+000
      vertex -2.080000e+001  1.510000e+001 -1.335000e+001
      vertex -1.000000e+001  1.510000e+001 -6.300000e+001
    endloop
  endfacet
  facet normal  0.000000e+000 -9.999999e-001  0.000000e+000
    outer loop
      vertex -3.500000e+001  1.510000e+001 -5.807745e+001
      vertex -3.000000e+001  1.510000e+001 -6.307745e+001
      vertex -3.010284e+001  1.510000e+001 -5.252435e+001
    endloop
  endfacet
  facet normal  -0.000000e+000 -9.999999e-001  0.000000e+000
    outer loop
      vertex -3.500000e+001  1.510000e+001 -5.807745e+001
      vertex -3.010284e+001  1.510000e+001 -5.252435e+001
      vertex -3.041768e+001  1.510000e+001 -5.207833e+001
    endloop
  endfacet
  facet normal  -0.000000e+000 -1.000000e+000  0.000000e+000
    outer loop
      vertex -3.500000e+001  1.510000e+001 -5.807745e+001
      vertex -3.041768e+001  1.510000e+001 -5.207833e+001
      vertex -3.066885e+001  1.510000e+001 -5.159361e+001
    endloop
  endfacet
  facet normal  -0.000000e+000 -1.000000e+000  0.000000e+000
    outer loop
      vertex -3.500000e+001  1.510000e+001 -5.807745e+001
      vertex -3.066885e+001  1.510000e+001 -5.159361e+001
      vertex -3.085167e+001  1.510000e+001 -5.107919e+001
    endloop
  endfacet
  facet normal  -0.000000e+000 -1.000000e+000  0.000000e+000
    outer loop
      vertex -3.500000e+001  1.510000e+001 -5.807745e+001
      vertex -3.085167e+001  1.510000e+001 -5.107919e+001
      vertex -3.096274e+001  1.510000e+001 -5.054467e+001
    endloop
  endfacet
  facet normal  -0.000000e+000 -1.000000e+000  0.000000e+000
    outer loop
      vertex -3.500000e+001  1.510000e+001 -5.807745e+001
      vertex -3.096274e+001  1.510000e+001 -5.054467e+001
      vertex -3.100000e+001  1.510000e+001 -5.000000e+001
    endloop
  endfacet
  facet normal  -0.000000e+000 -1.000000e+000  0.000000e+000
    outer loop
      vertex -3.500000e+001  1.510000e+001 -5.807745e+001
      vertex -3.100000e+001  1.510000e+001 -5.000000e+001
      vertex -3.096274e+001  1.510000e+001 -4.945533e+001
    endloop
  endfacet
  facet normal  -0.000000e+000 -1.000000e+000  0.000000e+000
    outer loop
      vertex -3.500000e+001  1.510000e+001 -5.807745e+001
      vertex -3.096274e+001  1.510000e+001 -4.945533e+001
      vertex -3.085167e+001  1.510000e+001 -4.892081e+001
    endloop
  endfacet
  facet normal  -0.000000e+000 -1.000000e+000  0.000000e+000
    outer loop
      vertex -3.500000e+001  1.510000e+001 -5.807745e+001
      vertex -3.085167e+001  1.510000e+001 -4.892081e+001
      vertex -3.066885e+001  1.510000e+001 -4.840639e+001
    endloop
  endfacet
  facet normal  0.000000e+000 -1.000000e+000  0.000000e+000
    outer loop
      vertex -1.000000e+001  1.510000e+001 -6.300000e+001
      vertex -2.080000e+001  1.510000e+001 -1.335000e+001
      vertex -2.080000e+001  1.510000e+001 -3.685000e+001
    endloop
  endfacet
  facet normal  0.000000e+000 -1.000000e+000  -0.000000e+000
    outer loop
      vertex -1.000000e+001  1.510000e+001 -6.300000e+001
      vertex -2.080000e+001  1.510000e+001 -3.685000e+001
      vertex -2.600000e+001  1.510000e+001 -3.935000e+001
    endloop
  endfacet
  facet normal  0.000000e+000 -1.000000e+000  0.000000e+000
    outer loop
      vertex -1.000000e+001  1.510000e+001 -6.300000e+001
      vertex -2.600000e+001  1.510000e+001 -3.935000e+001
      vertex -2.314833e+001  1.510000e+001 -4.892081e+001
    endloop
  endfacet
  facet normal  0.000000e+000 -1.000000e+000  0.000000e+000
    outer loop
      vertex -1.000000e+001  1.510000e+001 -6.300000e+001
      vertex -2.314833e+001  1.510000e+001 -4.892081e+001
      vertex -2.303726e+001  1.510000e+001 -4.945533e+001
    endloop
  endfacet
  facet normal  0.000000e+000 -1.000000e+000  0.000000e+000
    outer loop
      vertex -1.000000e+001  1.510000e+001 -6.300000e+001
      vertex -2.303726e+001  1.510000e+001 -4.945533e+001
      vertex -2.300000e+001  1.510000e+001 -5.000000e+001
    endloop
  endfacet
  facet normal  0.000000e+000 -1.000000e+000  -0.000000e+000
    outer loop
      vertex -1.000000e+001  1.510000e+001 -6.300000e+001
      vertex -2.300000e+001  1.510000e+001 -5.000000e+001
      vertex -2.303726e+001  1.510000e+001 -5.054467e+001
    endloop
  endfacet
  facet normal  0.000000e+000 -1.000000e+000  -0.000000e+000
    outer loop
      vertex -1.000000e+001  1.510000e+001 -6.300000e+001
      vertex -2.303726e+001  1.510000e+001 -5.054467e+001
      vertex -2.314833e+001  1.510000e+001 -5.107919e+001
    endloop
  endfacet
  facet normal  0.000000e+000 -1.000000e+000  -0.000000e+000
    outer loop
      vertex -1.000000e+001  1.510000e+001 -6.300000e+001
      vertex -2.314833e+001  1.510000e+001 -5.107919e+001
      vertex -2.333115e+001  1.510000e+001 -5.159361e+001
    endloop
  endfacet
  facet normal  0.000000e+000 -9.999999e-001  -0.000000e+000
    outer loop
      vertex -1.000000e+001  1.510000e+001 -6.300000e+001
      vertex -2.333115e+001  1.510000e+001 -5.159361e+001
      vertex -2.358232e+001  1.510000e+001 -5.207833e+001
    endloop
  endfacet
  facet normal  0.000000e+000 -1.000000e+000  -0.000000e+000
    outer loop
      vertex -1.000000e+001  1.510000e+001 -6.300000e+001
      vertex -2.358232e+001  1.510000e+001 -5.207833e+001
      vertex -3.000000e+001  1.510000e+001 -6.307745e+001
    endloop
  endfacet
  facet normal  0.000000e+000 -1.000000e+000  0.000000e+000
    outer loop
      vertex -3.000000e+001  1.510000e+001 -6.307745e+001
      vertex -2.358232e+001  1.510000e+001 -5.207833e+001
      vertex -2.389716e+001  1.510000e+001 -5.252435e+001
    endloop
  endfacet
  facet normal  0.000000e+000 -1.000000e+000  0.000000e+000
    outer loop
      vertex -3.000000e+001  1.510000e+001 -6.307745e+001
      vertex -2.389716e+001  1.510000e+001 -5.252435e+001
      vertex -2.426979e+001  1.510000e+001 -5.292334e+001
    endloop
  endfacet
  facet normal  0.000000e+000 -1.000000e+000  0.000000e+000
    outer loop
      vertex -3.000000e+001  1.510000e+001 -6.307745e+001
      vertex -2.426979e+001  1.510000e+001 -5.292334e+001
      vertex -2.469328e+001  1.510000e+001 -5.326788e+001
    endloop
  endfacet
  facet normal  0.000000e+000 -1.000000e+000  0.000000e+000
    outer loop
      vertex -3.000000e+001  1.510000e+001 -6.307745e+001
      vertex -2.469328e+001  1.510000e+001 -5.326788e+001
      vertex -2.515974e+001  1.510000e+001 -5.355154e+001
    endloop
  endfacet
  facet normal  0.000000e+000 -1.000000e+000  0.000000e+000
    outer loop
      vertex -3.000000e+001  1.510000e+001 -6.307745e+001
      vertex -2.515974e+001  1.510000e+001 -5.355154e+001
      vertex -2.566048e+001  1.510000e+001 -5.376904e+001
    endloop
  endfacet
  facet normal  0.000000e+000 -1.000000e+000  0.000000e+000
    outer loop
      vertex -3.000000e+001  1.510000e+001 -6.307745e+001
      vertex -2.566048e+001  1.510000e+001 -5.376904e+001
      vertex -2.618618e+001  1.510000e+001 -5.391634e+001
    endloop
  endfacet
  facet normal  0.000000e+000 -9.999999e-001  0.000000e+000
    outer loop
      vertex -3.000000e+001  1.510000e+001 -6.307745e+001
      vertex -2.618618e+001  1.510000e+001 -5.391634e+001
      vertex -2.672703e+001  1.510000e+001 -5.399068e+001
    endloop
  endfacet
  facet normal  -0.000000e+000 -1.000000e+000  0.000000e+000
    outer loop
      vertex -3.000000e+001  1.510000e+001 -6.307745e+001
      vertex -2.672703e+001  1.510000e+001 -5.399068e+001
      vertex -2.727297e+001  1.510000e+001 -5.399068e+001
    endloop
  endfacet
  facet normal  -0.000000e+000 -1.000000e+000  0.000000e+000
    outer loop
      vertex -3.000000e+001  1.510000e+001 -6.307745e+001
      vertex -2.727297e+001  1.510000e+001 -5.399068e+001
      vertex -2.781382e+001  1.510000e+001 -5.391634e+001
    endloop
  endfacet
  facet normal  -0.000000e+000 -1.000000e+000  0.000000e+000
    outer loop
      vertex -3.000000e+001  1.510000e+001 -6.307745e+001
      vertex -2.781382e+001  1.510000e+001 -5.391634e+001
      vertex -2.833952e+001  1.510000e+001 -5.376904e+001
    endloop
  endfacet
  facet normal  -0.000000e+000 -1.000000e+000  0.000000e+000
    outer loop
      vertex -3.000000e+001  1.510000e+001 -6.307745e+001
      vertex -2.833952e+001  1.510000e+001 -5.376904e+001
      vertex -2.884026e+001  1.510000e+001 -5.355154e+001
    endloop
  endfacet
  facet normal  -0.000000e+000 -1.000000e+000  0.000000e+000
    outer loop
      vertex -3.000000e+001  1.510000e+001 -6.307745e+001
      vertex -2.884026e+001  1.510000e+001 -5.355154e+001
      vertex -2.930672e+001  1.510000e+001 -5.326788e+001
    endloop
  endfacet
  facet normal  -0.000000e+000 -1.000000e+000  0.000000e+000
    outer loop
      vertex -3.000000e+001  1.510000e+001 -6.307745e+001
      vertex -2.930672e+001  1.510000e+001 -5.326788e+001
      vertex -2.973021e+001  1.510000e+001 -5.292334e+001
    endloop
  endfacet
  facet normal  -0.000000e+000 -9.999999e-001  0.000000e+000
    outer loop
      vertex -3.000000e+001  1.510000e+001 -6.307745e+001
      vertex -2.973021e+001  1.510000e+001 -5.292334e+001
      vertex -3.010284e+001  1.510000e+001 -5.252435e+001
    endloop
  endfacet
  facet normal  0.000000e+000 -9.999999e-001  0.000000e+000
    outer loop
      vertex -2.727297e+001  1.510000e+001 -4.600932e+001
      vertex -2.672703e+001  1.510000e+001 -4.600932e+001
      vertex -2.674118e+001  1.510000e+001 -4.031593e+001
    endloop
  endfacet
  facet normal  0.000000e+000 -1.000000e+000  0.000000e+000
    outer loop
      vertex -2.727297e+001  1.510000e+001 -4.600932e+001
      vertex -2.674118e+001  1.510000e+001 -4.031593e+001
      vertex -2.700000e+001  1.510000e+001 -4.035000e+001
    endloop
  endfacet
  facet normal  -0.000000e+000 -9.999999e-001  0.000000e+000
    outer loop
      vertex -2.727297e+001  1.510000e+001 -4.600932e+001
      vertex -2.700000e+001  1.510000e+001 -4.035000e+001
      vertex -2.725882e+001  1.510000e+001 -4.031593e+001
    endloop
  endfacet
  facet normal  -0.000000e+000 -1.000000e+000  0.000000e+000
    outer loop
      vertex -2.727297e+001  1.510000e+001 -4.600932e+001
      vertex -2.725882e+001  1.510000e+001 -4.031593e+001
      vertex -2.750000e+001  1.510000e+001 -4.021603e+001
    endloop
  endfacet
  facet normal  0.000000e+000 -1.000000e+000  -0.000000e+000
    outer loop
      vertex -2.727297e+001  1.510000e+001 -4.600932e+001
      vertex -2.750000e+001  1.510000e+001 -4.021603e+001
      vertex -2.781382e+001  1.510000e+001 -4.608366e+001
    endloop
  endfacet
  facet normal  -0.000000e+000 -1.000000e+000  0.000000e+000
    outer loop
      vertex -2.833952e+001  1.510000e+001 -4.623096e+001
      vertex -2.781382e+001  1.510000e+001 -4.608366e+001
      vertex -2.786603e+001  1.510000e+001 -3.985000e+001
    endloop
  endfacet
  facet normal  -0.000000e+000 -1.000000e+000  0.000000e+000
    outer loop
      vertex -2.833952e+001  1.510000e+001 -4.623096e+001
      vertex -2.786603e+001  1.510000e+001 -3.985000e+001
      vertex -2.796593e+001  1.510000e+001 -3.960882e+001
    endloop
  endfacet
  facet normal  -0.000000e+000 -9.999999e-001  0.000000e+000
    outer loop
      vertex -2.833952e+001  1.510000e+001 -4.623096e+001
      vertex -2.796593e+001  1.510000e+001 -3.960882e+001
      vertex -2.800000e+001  1.510000e+001 -3.935000e+001
    endloop
  endfacet
  facet normal  0.000000e+000 -1.000000e+000  0.000000e+000
    outer loop
      vertex -3.320000e+001  1.510000e+001 -3.685000e+001
      vertex -2.800000e+001  1.510000e+001 -3.935000e+001
      vertex -2.796593e+001  1.510000e+001 -3.909118e+001
    endloop
  endfacet
  facet normal  0.000000e+000 -1.000000e+000  0.000000e+000
    outer loop
      vertex -3.320000e+001  1.510000e+001 -3.685000e+001
      vertex -2.796593e+001  1.510000e+001 -3.909118e+001
      vertex -2.786603e+001  1.510000e+001 -3.885000e+001
    endloop
  endfacet
  facet normal  0.000000e+000 -1.000000e+000  0.000000e+000
    outer loop
      vertex -3.320000e+001  1.510000e+001 -3.685000e+001
      vertex -2.786603e+001  1.510000e+001 -3.885000e+001
      vertex -2.770711e+001  1.510000e+001 -3.864289e+001
    endloop
  endfacet
  facet normal  0.000000e+000 -1.000000e+000  0.000000e+000
    outer loop
      vertex -3.320000e+001  1.510000e+001 -3.685000e+001
      vertex -2.770711e+001  1.510000e+001 -3.864289e+001
      vertex -2.750000e+001  1.510000e+001 -3.848397e+001
    endloop
  endfacet
  facet normal  0.000000e+000 -1.000000e+000  0.000000e+000
    outer loop
      vertex -3.320000e+001  1.510000e+001 -3.685000e+001
      vertex -2.750000e+001  1.510000e+001 -3.848397e+001
      vertex -2.725882e+001  1.510000e+001 -3.838408e+001
    endloop
  endfacet
  facet normal  0.000000e+000 -1.000000e+000  0.000000e+000
    outer loop
      vertex -3.320000e+001  1.510000e+001 -3.685000e+001
      vertex -2.725882e+001  1.510000e+001 -3.838408e+001
      vertex -2.700000e+001  1.510000e+001 -3.835000e+001
    endloop
  endfacet
  facet normal  0.000000e+000 -1.000000e+000  0.000000e+000
    outer loop
      vertex -3.320000e+001  1.510000e+001 -3.685000e+001
      vertex -2.700000e+001  1.510000e+001 -3.835000e+001
      vertex -2.674118e+001  1.510000e+001 -3.838408e+001
    endloop
  endfacet
  facet normal  0.000000e+000 -1.000000e+000  0.000000e+000
    outer loop
      vertex -2.080000e+001  1.510000e+001 -3.685000e+001
      vertex -3.320000e+001  1.510000e+001 -3.685000e+001
      vertex -2.674118e+001  1.510000e+001 -3.838408e+001
    endloop
  endfacet
  facet normal  0.000000e+000 -1.000000e+000  0.000000e+000
    outer loop
      vertex -2.080000e+001  1.510000e+001 -3.685000e+001
      vertex -2.674118e+001  1.510000e+001 -3.838408e+001
      vertex -2.650000e+001  1.510000e+001 -3.848397e+001
    endloop
  endfacet
  facet normal  0.000000e+000 -1.000000e+000  0.000000e+000
    outer loop
      vertex -2.080000e+001  1.510000e+001 -3.685000e+001
      vertex -2.650000e+001  1.510000e+001 -3.848397e+001
      vertex -2.629289e+001  1.510000e+001 -3.864289e+001
    endloop
  endfacet
  facet normal  0.000000e+000 -1.000000e+000  0.000000e+000
    outer loop
      vertex -2.080000e+001  1.510000e+001 -3.685000e+001
      vertex -2.629289e+001  1.510000e+001 -3.864289e+001
      vertex -2.613397e+001  1.510000e+001 -3.885000e+001
    endloop
  endfacet
  facet normal  0.000000e+000 -1.000000e+000  0.000000e+000
    outer loop
      vertex -2.080000e+001  1.510000e+001 -3.685000e+001
      vertex -2.613397e+001  1.510000e+001 -3.885000e+001
      vertex -2.603407e+001  1.510000e+001 -3.909118e+001
    endloop
  endfacet
  facet normal  0.000000e+000 -1.000000e+000  0.000000e+000
    outer loop
      vertex -2.080000e+001  1.510000e+001 -3.685000e+001
      vertex -2.603407e+001  1.510000e+001 -3.909118e+001
      vertex -2.600000e+001  1.510000e+001 -3.935000e+001
    endloop
  endfacet
  facet normal  0.000000e+000 -1.000000e+000  0.000000e+000
    outer loop
      vertex -3.320000e+001  1.510000e+001 -1.335000e+001
      vertex -2.674118e+001  1.510000e+001 -1.181593e+001
      vertex -2.700000e+001  1.510000e+001 -1.185000e+001
    endloop
  endfacet
  facet normal  -0.000000e+000 -1.000000e+000  0.000000e+000
    outer loop
      vertex -3.320000e+001  1.510000e+001 -1.335000e+001
      vertex -2.700000e+001  1.510000e+001 -1.185000e+001
      vertex -2.725882e+001  1.510000e+001 -1.181593e+001
    endloop
  endfacet
  facet normal  -0.000000e+000 -9.999999e-001  0.000000e+000
    outer loop
      vertex -3.320000e+001  1.510000e+001 -1.335000e+001
      vertex -2.725882e+001  1.510000e+001 -1.181593e+001
      vertex -2.750000e+001  1.510000e+001 -1.171603e+001
    endloop
  endfacet
  facet normal  -0.000000e+000 -1.000000e+000  0.000000e+000
    outer loop
      vertex -3.320000e+001  1.510000e+001 -1.335000e+001
      vertex -2.750000e+001  1.510000e+001 -1.171603e+001
      vertex -2.770711e+001  1.510000e+001 -1.155711e+001
    endloop
  endfacet
  facet normal  -0.000000e+000 -1.000000e+000  0.000000e+000
    outer loop
      vertex -3.320000e+001  1.510000e+001 -1.335000e+001
      vertex -2.770711e+001  1.510000e+001 -1.155711e+001
      vertex -2.786603e+001  1.510000e+001 -1.135000e+001
    endloop
  endfacet
  facet normal  -0.000000e+000 -9.999999e-001  0.000000e+000
    outer loop
      vertex -3.320000e+001  1.510000e+001 -1.335000e+001
      vertex -2.786603e+001  1.510000e+001 -1.135000e+001
      vertex -2.796593e+001  1.510000e+001 -1.110882e+001
    endloop
  endfacet
  facet normal  -0.000000e+000 -1.000000e+000  0.000000e+000
    outer loop
      vertex -3.320000e+001  1.510000e+001 -1.335000e+001
      vertex -2.796593e+001  1.510000e+001 -1.110882e+001
      vertex -2.800000e+001  1.510000e+001 -1.085000e+001
    endloop
  endfacet
  facet normal  -0.000000e+000 -9.999999e-001  0.000000e+000
    outer loop
      vertex -3.320000e+001  1.510000e+001 -1.335000e+001
      vertex -2.800000e+001  1.510000e+001 -1.085000e+001
      vertex -3.000000e+001  1.510000e+001 -7.000000e+000
    endloop
  endfacet
  facet normal  0.000000e+000 -1.000000e+000  0.000000e+000
    outer loop
      vertex -3.320000e+001  1.510000e+001 -1.335000e+001
      vertex -3.000000e+001  1.510000e+001 -7.000000e+000
      vertex -3.500000e+001  1.510000e+001 -1.200000e+001
    endloop
  endfacet
  facet normal  0.000000e+000 -1.000000e+000  0.000000e+000
    outer loop
      vertex -3.320000e+001  1.510000e+001 -1.335000e+001
      vertex -3.500000e+001  1.510000e+001 -1.200000e+001
      vertex -3.500000e+001  1.510000e+001 -5.807745e+001
    endloop
  endfacet
  facet normal  0.000000e+000 -1.000000e+000  0.000000e+000
    outer loop
      vertex -3.320000e+001  1.510000e+001 -1.335000e+001
      vertex -3.500000e+001  1.510000e+001 -5.807745e+001
      vertex -3.320000e+001  1.510000e+001 -3.685000e+001
    endloop
  endfacet
  facet normal  0.000000e+000 -1.000000e+000  -0.000000e+000
    outer loop
      vertex -2.080000e+001  1.510000e+001 -1.335000e+001
      vertex -2.600000e+001  1.510000e+001 -1.085000e+001
      vertex -2.603407e+001  1.510000e+001 -1.110882e+001
    endloop
  endfacet
  facet normal  0.000000e+000 -9.999999e-001  -0.000000e+000
    outer loop
      vertex -2.080000e+001  1.510000e+001 -1.335000e+001
      vertex -2.603407e+001  1.510000e+001 -1.110882e+001
      vertex -2.613397e+001  1.510000e+001 -1.135000e+001
    endloop
  endfacet
  facet normal  0.000000e+000 -1.000000e+000  -0.000000e+000
    outer loop
      vertex -2.080000e+001  1.510000e+001 -1.335000e+001
      vertex -2.613397e+001  1.510000e+001 -1.135000e+001
      vertex -2.629289e+001  1.510000e+001 -1.155711e+001
    endloop
  endfacet
  facet normal  0.000000e+000 -1.000000e+000  -0.000000e+000
    outer loop
      vertex -2.080000e+001  1.510000e+001 -1.335000e+001
      vertex -2.629289e+001  1.510000e+001 -1.155711e+001
      vertex -2.650000e+001  1.510000e+001 -1.171603e+001
    endloop
  endfacet
  facet normal  0.000000e+000 -9.999999e-001  -0.000000e+000
    outer loop
      vertex -2.080000e+001  1.510000e+001 -1.335000e+001
      vertex -2.650000e+001  1.510000e+001 -1.171603e+001
      vertex -2.674118e+001  1.510000e+001 -1.181593e+001
    endloop
  endfacet
  facet normal  0.000000e+000 -1.000000e+000  -0.000000e+000
    outer loop
      vertex -2.080000e+001  1.510000e+001 -1.335000e+001
      vertex -2.674118e+001  1.510000e+001 -1.181593e+001
      vertex -3.320000e+001  1.510000e+001 -1.335000e+001
    endloop
  endfacet
  facet normal  0.000000e+000 -1.000000e+000  0.000000e+000
    outer loop
      vertex -3.000000e+001  1.510000e+001 -7.000000e+000
      vertex -2.800000e+001  1.510000e+001 -1.085000e+001
      vertex -2.796593e+001  1.510000e+001 -1.059118e+001
    endloop
  endfacet
  facet normal  0.000000e+000 -1.000000e+000  0.000000e+000
    outer loop
      vertex -3.000000e+001  1.510000e+001 -7.000000e+000
      vertex -2.796593e+001  1.510000e+001 -1.059118e+001
      vertex -2.786603e+001  1.510000e+001 -1.035000e+001
    endloop
  endfacet
  facet normal  0.000000e+000 -9.999999e-001  0.000000e+000
    outer loop
      vertex -3.000000e+001  1.510000e+001 -7.000000e+000
      vertex -2.786603e+001  1.510000e+001 -1.035000e+001
      vertex -2.770711e+001  1.510000e+001 -1.014289e+001
    endloop
  endfacet
  facet normal  0.000000e+000 -1.000000e+000  0.000000e+000
    outer loop
      vertex -3.000000e+001  1.510000e+001 -7.000000e+000
      vertex -2.770711e+001  1.510000e+001 -1.014289e+001
      vertex -2.750000e+001  1.510000e+001 -9.983974e+000
    endloop
  endfacet
  facet normal  0.000000e+000 -1.000000e+000  0.000000e+000
    outer loop
      vertex -3.000000e+001  1.510000e+001 -7.000000e+000
      vertex -2.750000e+001  1.510000e+001 -9.983974e+000
      vertex -2.725882e+001  1.510000e+001 -9.884074e+000
    endloop
  endfacet
  facet normal  0.000000e+000 -1.000000e+000  0.000000e+000
    outer loop
      vertex -3.000000e+001  1.510000e+001 -7.000000e+000
      vertex -2.725882e+001  1.510000e+001 -9.884074e+000
      vertex -2.700000e+001  1.510000e+001 -9.850000e+000
    endloop
  endfacet
  facet normal  0.000000e+000 -1.000000e+000  0.000000e+000
    outer loop
      vertex -3.000000e+001  1.510000e+001 -7.000000e+000
      vertex -2.700000e+001  1.510000e+001 -9.850000e+000
      vertex -2.674118e+001  1.510000e+001 -9.884074e+000
    endloop
  endfacet
  facet normal  0.000000e+000 -1.000000e+000  0.000000e+000
    outer loop
      vertex -3.000000e+001  1.510000e+001 -7.000000e+000
      vertex -2.674118e+001  1.510000e+001 -9.884074e+000
      vertex -2.650000e+001  1.510000e+001 -9.983974e+000
    endloop
  endfacet
  facet normal  0.000000e+000 -1.000000e+000  0.000000e+000
    outer loop
      vertex -3.000000e+001  1.510000e+001 -7.000000e+000
      vertex -2.650000e+001  1.510000e+001 -9.983974e+000
      vertex -2.629289e+001  1.510000e+001 -1.014289e+001
    endloop
  endfacet
  facet normal  0.000000e+000 -1.000000e+000  -0.000000e+000
    outer loop
      vertex -2.603407e+001  1.510000e+001 -3.960882e+001
      vertex -2.613397e+001  1.510000e+001 -3.985000e+001
      vertex -2.618618e+001  1.510000e+001 -4.608366e+001
    endloop
  endfacet
  facet normal  0.000000e+000 -1.000000e+000  0.000000e+000
    outer loop
      vertex -2.618618e+001  1.510000e+001 -4.608366e+001
      vertex -2.613397e+001  1.510000e+001 -3.985000e+001
      vertex -2.629289e+001  1.510000e+001 -4.005711e+001
    endloop
  endfacet
  facet normal  0.000000e+000 -1.000000e+000  -0.000000e+000
    outer loop
      vertex -2.618618e+001  1.510000e+001 -4.608366e+001
      vertex -2.629289e+001  1.510000e+001 -4.005711e+001
      vertex -2.672703e+001  1.510000e+001 -4.600932e+001
    endloop
  endfacet
  facet normal  -0.000000e+000  0.000000e+000  1.000000e+000
    outer loop
      vertex -1.000000e+001  1.810000e+001 -7.000000e+000
      vertex -3.000000e+001  1.810000e+001 -7.000000e+000
      vertex -1.000000e+001  1.510000e+001 -7.000000e+000
    endloop
  endfacet
  facet normal  0.000000e+000  0.000000e+000  1.000000e+000
    outer loop
      vertex -1.000000e+001  1.510000e+001 -7.000000e+000
      vertex -3.000000e+001  1.810000e+001 -7.000000e+000
      vertex -3.000000e+001  1.510000e+001 -7.000000e+000
    endloop
  endfacet
  facet normal -7.071068e-001  0.000000e+000  7.071068e-001
    outer loop
      vertex -3.000000e+001  1.810000e+001 -7.000000e+000
      vertex -3.500000e+001  1.810000e+001 -1.200000e+001
      vertex -3.000000e+001  1.510000e+001 -7.000000e+000
    endloop
  endfacet
  facet normal -7.071068e-001  0.000000e+000  7.071068e-001
    outer loop
      vertex -3.000000e+001  1.510000e+001 -7.000000e+000
      vertex -3.500000e+001  1.810000e+001 -1.200000e+001
      vertex -3.500000e+001  1.510000e+001 -1.200000e+001
    endloop
  endfacet
  facet normal -1.000000e+000  0.000000e+000  0.000000e+000
    outer loop
      vertex -3.500000e+001  1.810000e+001 -1.200000e+001
      vertex -3.500000e+001  1.810000e+001 -5.807745e+001
      vertex -3.500000e+001  1.510000e+001 -1.200000e+001
    endloop
  endfacet
  facet normal -1.000000e+000  0.000000e+000  0.000000e+000
    outer loop
      vertex -3.500000e+001  1.510000e+001 -1.200000e+001
      vertex -3.500000e+001  1.810000e+001 -5.807745e+001
      vertex -3.500000e+001  1.510000e+001 -5.807745e+001
    endloop
  endfacet
  facet normal -7.071068e-001  0.000000e+000 -7.071068e-001
    outer loop
      vertex -3.500000e+001  1.810000e+001 -5.807745e+001
      vertex -3.000000e+001  1.810000e+001 -6.307745e+001
      vertex -3.500000e+001  1.510000e+001 -5.807745e+001
    endloop
  endfacet
  facet normal -7.071068e-001  0.000000e+000 -7.071068e-001
    outer loop
      vertex -3.500000e+001  1.510000e+001 -5.807745e+001
      vertex -3.000000e+001  1.810000e+001 -6.307745e+001
      vertex -3.000000e+001  1.510000e+001 -6.307745e+001
    endloop
  endfacet
  facet normal  -0.000000e+000  0.000000e+000 -1.000000e+000
    outer loop
      vertex -3.000000e+001  1.810000e+001 -6.307745e+001
      vertex -1.000000e+001  1.810000e+001 -6.307745e+001
      vertex -3.000000e+001  1.510000e+001 -6.307745e+001
    endloop
  endfacet
  facet normal  0.000000e+000  0.000000e+000 -1.000000e+000
    outer loop
      vertex -3.000000e+001  1.510000e+001 -6.307745e+001
      vertex -1.000000e+001  1.810000e+001 -6.307745e+001
      vertex -1.000000e+001  1.510000e+001 -6.307745e+001
    endloop
  endfacet
  facet normal  1.305354e-001  0.000000e+000 -9.914436e-001
    outer loop
      vertex -2.700000e+001  1.810000e+001 -3.835000e+001
      vertex -2.725882e+001  1.510000e+001 -3.838408e+001
      vertex -2.725882e+001  1.810000e+001 -3.838408e+001
    endloop
  endfacet
  facet normal  3.826804e-001  0.000000e+000 -9.238808e-001
    outer loop
      vertex -2.725882e+001  1.810000e+001 -3.838408e+001
      vertex -2.725882e+001  1.510000e+001 -3.838408e+001
      vertex -2.750000e+001  1.510000e+001 -3.848397e+001
    endloop
  endfacet
  facet normal  3.826804e-001  0.000000e+000 -9.238808e-001
    outer loop
      vertex -2.725882e+001  1.810000e+001 -3.838408e+001
      vertex -2.750000e+001  1.510000e+001 -3.848397e+001
      vertex -2.750000e+001  1.810000e+001 -3.848397e+001
    endloop
  endfacet
  facet normal  6.087640e-001  0.000000e+000 -7.933513e-001
    outer loop
      vertex -2.750000e+001  1.810000e+001 -3.848397e+001
      vertex -2.750000e+001  1.510000e+001 -3.848397e+001
      vertex -2.770711e+001  1.510000e+001 -3.864289e+001
    endloop
  endfacet
  facet normal  6.087640e-001  0.000000e+000 -7.933513e-001
    outer loop
      vertex -2.750000e+001  1.810000e+001 -3.848397e+001
      vertex -2.770711e+001  1.510000e+001 -3.864289e+001
      vertex -2.770711e+001  1.810000e+001 -3.864289e+001
    endloop
  endfacet
  facet normal  7.933494e-001  0.000000e+000 -6.087664e-001
    outer loop
      vertex -2.770711e+001  1.810000e+001 -3.864289e+001
      vertex -2.770711e+001  1.510000e+001 -3.864289e+001
      vertex -2.786603e+001  1.510000e+001 -3.885000e+001
    endloop
  endfacet
  facet normal  7.933494e-001  0.000000e+000 -6.087664e-001
    outer loop
      vertex -2.770711e+001  1.810000e+001 -3.864289e+001
      vertex -2.786603e+001  1.510000e+001 -3.885000e+001
      vertex -2.786603e+001  1.810000e+001 -3.885000e+001
    endloop
  endfacet
  facet normal  9.238828e-001  0.000000e+000 -3.826753e-001
    outer loop
      vertex -2.786603e+001  1.810000e+001 -3.885000e+001
      vertex -2.786603e+001  1.510000e+001 -3.885000e+001
      vertex -2.796593e+001  1.510000e+001 -3.909118e+001
    endloop
  endfacet
  facet normal  9.238828e-001  0.000000e+000 -3.826753e-001
    outer loop
      vertex -2.786603e+001  1.810000e+001 -3.885000e+001
      vertex -2.796593e+001  1.510000e+001 -3.909118e+001
      vertex -2.796593e+001  1.810000e+001 -3.909118e+001
    endloop
  endfacet
  facet normal  9.914444e-001  0.000000e+000 -1.305301e-001
    outer loop
      vertex -2.796593e+001  1.810000e+001 -3.909118e+001
      vertex -2.796593e+001  1.510000e+001 -3.909118e+001
      vertex -2.800000e+001  1.510000e+001 -3.935000e+001
    endloop
  endfacet
  facet normal  9.914444e-001  0.000000e+000 -1.305301e-001
    outer loop
      vertex -2.796593e+001  1.810000e+001 -3.909118e+001
      vertex -2.800000e+001  1.510000e+001 -3.935000e+001
      vertex -2.800000e+001  1.810000e+001 -3.935000e+001
    endloop
  endfacet
  facet normal  1.305354e-001  0.000000e+000 -9.914436e-001
    outer loop
      vertex -2.725882e+001  1.510000e+001 -3.838408e+001
      vertex -2.700000e+001  1.810000e+001 -3.835000e+001
      vertex -2.700000e+001  1.510000e+001 -3.835000e+001
    endloop
  endfacet
  facet normal -1.305354e-001  0.000000e+000 -9.914436e-001
    outer loop
      vertex -2.700000e+001  1.510000e+001 -3.835000e+001
      vertex -2.700000e+001  1.810000e+001 -3.835000e+001
      vertex -2.674118e+001  1.810000e+001 -3.838408e+001
    endloop
  endfacet
  facet normal -1.305354e-001  -0.000000e+000 -9.914436e-001
    outer loop
      vertex -2.700000e+001  1.510000e+001 -3.835000e+001
      vertex -2.674118e+001  1.810000e+001 -3.838408e+001
      vertex -2.674118e+001  1.510000e+001 -3.838408e+001
    endloop
  endfacet
  facet normal -3.826804e-001  0.000000e+000 -9.238808e-001
    outer loop
      vertex -2.674118e+001  1.510000e+001 -3.838408e+001
      vertex -2.674118e+001  1.810000e+001 -3.838408e+001
      vertex -2.650000e+001  1.810000e+001 -3.848397e+001
    endloop
  endfacet
  facet normal -3.826804e-001  -0.000000e+000 -9.238808e-001
    outer loop
      vertex -2.674118e+001  1.510000e+001 -3.838408e+001
      vertex -2.650000e+001  1.810000e+001 -3.848397e+001
      vertex -2.650000e+001  1.510000e+001 -3.848397e+001
    endloop
  endfacet
  facet normal -6.087640e-001  0.000000e+000 -7.933513e-001
    outer loop
      vertex -2.650000e+001  1.510000e+001 -3.848397e+001
      vertex -2.650000e+001  1.810000e+001 -3.848397e+001
      vertex -2.629289e+001  1.810000e+001 -3.864289e+001
    endloop
  endfacet
  facet normal -6.087640e-001  -0.000000e+000 -7.933513e-001
    outer loop
      vertex -2.650000e+001  1.510000e+001 -3.848397e+001
      vertex -2.629289e+001  1.810000e+001 -3.864289e+001
      vertex -2.629289e+001  1.510000e+001 -3.864289e+001
    endloop
  endfacet
  facet normal -7.933494e-001  0.000000e+000 -6.087664e-001
    outer loop
      vertex -2.629289e+001  1.510000e+001 -3.864289e+001
      vertex -2.629289e+001  1.810000e+001 -3.864289e+001
      vertex -2.613397e+001  1.810000e+001 -3.885000e+001
    endloop
  endfacet
  facet normal -7.933494e-001  -0.000000e+000 -6.087664e-001
    outer loop
      vertex -2.629289e+001  1.510000e+001 -3.864289e+001
      vertex -2.613397e+001  1.810000e+001 -3.885000e+001
      vertex -2.613397e+001  1.510000e+001 -3.885000e+001
    endloop
  endfacet
  facet normal -9.238828e-001  0.000000e+000 -3.826753e-001
    outer loop
      vertex -2.613397e+001  1.510000e+001 -3.885000e+001
      vertex -2.613397e+001  1.810000e+001 -3.885000e+001
      vertex -2.603407e+001  1.810000e+001 -3.909118e+001
    endloop
  endfacet
  facet normal -9.238828e-001  -0.000000e+000 -3.826753e-001
    outer loop
      vertex -2.613397e+001  1.510000e+001 -3.885000e+001
      vertex -2.603407e+001  1.810000e+001 -3.909118e+001
      vertex -2.603407e+001  1.510000e+001 -3.909118e+001
    endloop
  endfacet
  facet normal -9.914444e-001  0.000000e+000 -1.305301e-001
    outer loop
      vertex -2.603407e+001  1.510000e+001 -3.909118e+001
      vertex -2.603407e+001  1.810000e+001 -3.909118e+001
      vertex -2.600000e+001  1.810000e+001 -3.935000e+001
    endloop
  endfacet
  facet normal -9.914444e-001  -0.000000e+000 -1.305301e-001
    outer loop
      vertex -2.603407e+001  1.510000e+001 -3.909118e+001
      vertex -2.600000e+001  1.810000e+001 -3.935000e+001
      vertex -2.600000e+001  1.510000e+001 -3.935000e+001
    endloop
  endfacet
  facet normal -1.305210e-001  0.000000e+000  9.914455e-001
    outer loop
      vertex -2.700000e+001  1.810000e+001 -4.035000e+001
      vertex -2.674118e+001  1.510000e+001 -4.031593e+001
      vertex -2.674118e+001  1.810000e+001 -4.031593e+001
    endloop
  endfacet
  facet normal -3.826804e-001  0.000000e+000  9.238808e-001
    outer loop
      vertex -2.674118e+001  1.810000e+001 -4.031593e+001
      vertex -2.674118e+001  1.510000e+001 -4.031593e+001
      vertex -2.650000e+001  1.510000e+001 -4.021603e+001
    endloop
  endfacet
  facet normal -3.826804e-001  0.000000e+000  9.238808e-001
    outer loop
      vertex -2.674118e+001  1.810000e+001 -4.031593e+001
      vertex -2.650000e+001  1.510000e+001 -4.021603e+001
      vertex -2.650000e+001  1.810000e+001 -4.021603e+001
    endloop
  endfacet
  facet normal -6.087640e-001  0.000000e+000  7.933513e-001
    outer loop
      vertex -2.650000e+001  1.810000e+001 -4.021603e+001
      vertex -2.650000e+001  1.510000e+001 -4.021603e+001
      vertex -2.629289e+001  1.510000e+001 -4.005711e+001
    endloop
  endfacet
  facet normal -6.087640e-001  0.000000e+000  7.933513e-001
    outer loop
      vertex -2.650000e+001  1.810000e+001 -4.021603e+001
      vertex -2.629289e+001  1.510000e+001 -4.005711e+001
      vertex -2.629289e+001  1.810000e+001 -4.005711e+001
    endloop
  endfacet
  facet normal -7.933548e-001  0.000000e+000  6.087594e-001
    outer loop
      vertex -2.629289e+001  1.810000e+001 -4.005711e+001
      vertex -2.629289e+001  1.510000e+001 -4.005711e+001
      vertex -2.613397e+001  1.510000e+001 -3.985000e+001
    endloop
  endfacet
  facet normal -7.933548e-001  0.000000e+000  6.087594e-001
    outer loop
      vertex -2.629289e+001  1.810000e+001 -4.005711e+001
      vertex -2.613397e+001  1.510000e+001 -3.985000e+001
      vertex -2.613397e+001  1.810000e+001 -3.985000e+001
    endloop
  endfacet
  facet normal -9.238808e-001  0.000000e+000  3.826804e-001
    outer loop
      vertex -2.613397e+001  1.810000e+001 -3.985000e+001
      vertex -2.613397e+001  1.510000e+001 -3.985000e+001
      vertex -2.603407e+001  1.510000e+001 -3.960882e+001
    endloop
  endfacet
  facet normal -9.238808e-001  0.000000e+000  3.826804e-001
    outer loop
      vertex -2.613397e+001  1.810000e+001 -3.985000e+001
      vertex -2.603407e+001  1.510000e+001 -3.960882e+001
      vertex -2.603407e+001  1.810000e+001 -3.960882e+001
    endloop
  endfacet
  facet normal -9.914446e-001  0.000000e+000  1.305282e-001
    outer loop
      vertex -2.603407e+001  1.810000e+001 -3.960882e+001
      vertex -2.603407e+001  1.510000e+001 -3.960882e+001
      vertex -2.600000e+001  1.510000e+001 -3.935000e+001
    endloop
  endfacet
  facet normal -9.914446e-001  0.000000e+000  1.305282e-001
    outer loop
      vertex -2.603407e+001  1.810000e+001 -3.960882e+001
      vertex -2.600000e+001  1.510000e+001 -3.935000e+001
      vertex -2.600000e+001  1.810000e+001 -3.935000e+001
    endloop
  endfacet
  facet normal -1.305210e-001  0.000000e+000  9.914455e-001
    outer loop
      vertex -2.674118e+001  1.510000e+001 -4.031593e+001
      vertex -2.700000e+001  1.810000e+001 -4.035000e+001
      vertex -2.700000e+001  1.510000e+001 -4.035000e+001
    endloop
  endfacet
  facet normal  1.305210e-001  -0.000000e+000  9.914455e-001
    outer loop
      vertex -2.700000e+001  1.510000e+001 -4.035000e+001
      vertex -2.700000e+001  1.810000e+001 -4.035000e+001
      vertex -2.725882e+001  1.810000e+001 -4.031593e+001
    endloop
  endfacet
  facet normal  1.305210e-001  0.000000e+000  9.914455e-001
    outer loop
      vertex -2.700000e+001  1.510000e+001 -4.035000e+001
      vertex -2.725882e+001  1.810000e+001 -4.031593e+001
      vertex -2.725882e+001  1.510000e+001 -4.031593e+001
    endloop
  endfacet
  facet normal  3.826804e-001  -0.000000e+000  9.238808e-001
    outer loop
      vertex -2.725882e+001  1.510000e+001 -4.031593e+001
      vertex -2.725882e+001  1.810000e+001 -4.031593e+001
      vertex -2.750000e+001  1.810000e+001 -4.021603e+001
    endloop
  endfacet
  facet normal  3.826804e-001  0.000000e+000  9.238808e-001
    outer loop
      vertex -2.725882e+001  1.510000e+001 -4.031593e+001
      vertex -2.750000e+001  1.810000e+001 -4.021603e+001
      vertex -2.750000e+001  1.510000e+001 -4.021603e+001
    endloop
  endfacet
  facet normal  6.087640e-001  -0.000000e+000  7.933513e-001
    outer loop
      vertex -2.750000e+001  1.510000e+001 -4.021603e+001
      vertex -2.750000e+001  1.810000e+001 -4.021603e+001
      vertex -2.770711e+001  1.810000e+001 -4.005711e+001
    endloop
  endfacet
  facet normal  6.087640e-001  0.000000e+000  7.933513e-001
    outer loop
      vertex -2.750000e+001  1.510000e+001 -4.021603e+001
      vertex -2.770711e+001  1.810000e+001 -4.005711e+001
      vertex -2.770711e+001  1.510000e+001 -4.005711e+001
    endloop
  endfacet
  facet normal  7.933548e-001  -0.000000e+000  6.087594e-001
    outer loop
      vertex -2.770711e+001  1.510000e+001 -4.005711e+001
      vertex -2.770711e+001  1.810000e+001 -4.005711e+001
      vertex -2.786603e+001  1.810000e+001 -3.985000e+001
    endloop
  endfacet
  facet normal  7.933548e-001  0.000000e+000  6.087594e-001
    outer loop
      vertex -2.770711e+001  1.510000e+001 -4.005711e+001
      vertex -2.786603e+001  1.810000e+001 -3.985000e+001
      vertex -2.786603e+001  1.510000e+001 -3.985000e+001
    endloop
  endfacet
  facet normal  9.238808e-001  -0.000000e+000  3.826804e-001
    outer loop
      vertex -2.786603e+001  1.510000e+001 -3.985000e+001
      vertex -2.786603e+001  1.810000e+001 -3.985000e+001
      vertex -2.796593e+001  1.810000e+001 -3.960882e+001
    endloop
  endfacet
  facet normal  9.238808e-001  0.000000e+000  3.826804e-001
    outer loop
      vertex -2.786603e+001  1.510000e+001 -3.985000e+001
      vertex -2.796593e+001  1.810000e+001 -3.960882e+001
      vertex -2.796593e+001  1.510000e+001 -3.960882e+001
    endloop
  endfacet
  facet normal  9.914446e-001  -0.000000e+000  1.305282e-001
    outer loop
      vertex -2.796593e+001  1.510000e+001 -3.960882e+001
      vertex -2.796593e+001  1.810000e+001 -3.960882e+001
      vertex -2.800000e+001  1.810000e+001 -3.935000e+001
    endloop
  endfacet
  facet normal  9.914446e-001  0.000000e+000  1.305282e-001
    outer loop
      vertex -2.796593e+001  1.510000e+001 -3.960882e+001
      vertex -2.800000e+001  1.810000e+001 -3.935000e+001
      vertex -2.800000e+001  1.510000e+001 -3.935000e+001
    endloop
  endfacet
  facet normal  1.305246e-001  0.000000e+000 -9.914451e-001
    outer loop
      vertex -2.700000e+001  1.810000e+001 -9.850000e+000
      vertex -2.725882e+001  1.510000e+001 -9.884074e+000
      vertex -2.725882e+001  1.810000e+001 -9.884074e+000
    endloop
  endfacet
  facet normal  3.826836e-001  0.000000e+000 -9.238794e-001
    outer loop
      vertex -2.725882e+001  1.810000e+001 -9.884074e+000
      vertex -2.725882e+001  1.510000e+001 -9.884074e+000
      vertex -2.750000e+001  1.510000e+001 -9.983974e+000
    endloop
  endfacet
  facet normal  3.826836e-001  0.000000e+000 -9.238794e-001
    outer loop
      vertex -2.725882e+001  1.810000e+001 -9.884074e+000
      vertex -2.750000e+001  1.510000e+001 -9.983974e+000
      vertex -2.750000e+001  1.810000e+001 -9.983974e+000
    endloop
  endfacet
  facet normal  6.087594e-001  0.000000e+000 -7.933548e-001
    outer loop
      vertex -2.750000e+001  1.810000e+001 -9.983974e+000
      vertex -2.750000e+001  1.510000e+001 -9.983974e+000
      vertex -2.770711e+001  1.510000e+001 -1.014289e+001
    endloop
  endfacet
  facet normal  6.087594e-001  0.000000e+000 -7.933548e-001
    outer loop
      vertex -2.750000e+001  1.810000e+001 -9.983974e+000
      vertex -2.770711e+001  1.510000e+001 -1.014289e+001
      vertex -2.770711e+001  1.810000e+001 -1.014289e+001
    endloop
  endfacet
  facet normal  7.933548e-001  0.000000e+000 -6.087594e-001
    outer loop
      vertex -2.770711e+001  1.810000e+001 -1.014289e+001
      vertex -2.770711e+001  1.510000e+001 -1.014289e+001
      vertex -2.786603e+001  1.510000e+001 -1.035000e+001
    endloop
  endfacet
  facet normal  7.933548e-001  0.000000e+000 -6.087594e-001
    outer loop
      vertex -2.770711e+001  1.810000e+001 -1.014289e+001
      vertex -2.786603e+001  1.510000e+001 -1.035000e+001
      vertex -2.786603e+001  1.810000e+001 -1.035000e+001
    endloop
  endfacet
  facet normal  9.238808e-001  0.000000e+000 -3.826804e-001
    outer loop
      vertex -2.786603e+001  1.810000e+001 -1.035000e+001
      vertex -2.786603e+001  1.510000e+001 -1.035000e+001
      vertex -2.796593e+001  1.510000e+001 -1.059118e+001
    endloop
  endfacet
  facet normal  9.238808e-001  0.000000e+000 -3.826804e-001
    outer loop
      vertex -2.786603e+001  1.810000e+001 -1.035000e+001
      vertex -2.796593e+001  1.510000e+001 -1.059118e+001
      vertex -2.796593e+001  1.810000e+001 -1.059118e+001
    endloop
  endfacet
  facet normal  9.914446e-001  0.000000e+000 -1.305282e-001
    outer loop
      vertex -2.796593e+001  1.810000e+001 -1.059118e+001
      vertex -2.796593e+001  1.510000e+001 -1.059118e+001
      vertex -2.800000e+001  1.510000e+001 -1.085000e+001
    endloop
  endfacet
  facet normal  9.914446e-001  0.000000e+000 -1.305282e-001
    outer loop
      vertex -2.796593e+001  1.810000e+001 -1.059118e+001
      vertex -2.800000e+001  1.510000e+001 -1.085000e+001
      vertex -2.800000e+001  1.810000e+001 -1.085000e+001
    endloop
  endfacet
  facet normal  1.305246e-001  0.000000e+000 -9.914451e-001
    outer loop
      vertex -2.725882e+001  1.510000e+001 -9.884074e+000
      vertex -2.700000e+001  1.810000e+001 -9.850000e+000
      vertex -2.700000e+001  1.510000e+001 -9.850000e+000
    endloop
  endfacet
  facet normal -1.305246e-001  0.000000e+000 -9.914451e-001
    outer loop
      vertex -2.700000e+001  1.510000e+001 -9.850000e+000
      vertex -2.700000e+001  1.810000e+001 -9.850000e+000
      vertex -2.674118e+001  1.810000e+001 -9.884074e+000
    endloop
  endfacet
  facet normal -1.305246e-001  -0.000000e+000 -9.914451e-001
    outer loop
      vertex -2.700000e+001  1.510000e+001 -9.850000e+000
      vertex -2.674118e+001  1.810000e+001 -9.884074e+000
      vertex -2.674118e+001  1.510000e+001 -9.884074e+000
    endloop
  endfacet
  facet normal -3.826836e-001  0.000000e+000 -9.238794e-001
    outer loop
      vertex -2.674118e+001  1.510000e+001 -9.884074e+000
      vertex -2.674118e+001  1.810000e+001 -9.884074e+000
      vertex -2.650000e+001  1.810000e+001 -9.983974e+000
    endloop
  endfacet
  facet normal -3.826836e-001  -0.000000e+000 -9.238794e-001
    outer loop
      vertex -2.674118e+001  1.510000e+001 -9.884074e+000
      vertex -2.650000e+001  1.810000e+001 -9.983974e+000
      vertex -2.650000e+001  1.510000e+001 -9.983974e+000
    endloop
  endfacet
  facet normal -6.087594e-001  0.000000e+000 -7.933548e-001
    outer loop
      vertex -2.650000e+001  1.510000e+001 -9.983974e+000
      vertex -2.650000e+001  1.810000e+001 -9.983974e+000
      vertex -2.629289e+001  1.810000e+001 -1.014289e+001
    endloop
  endfacet
  facet normal -6.087594e-001  -0.000000e+000 -7.933548e-001
    outer loop
      vertex -2.650000e+001  1.510000e+001 -9.983974e+000
      vertex -2.629289e+001  1.810000e+001 -1.014289e+001
      vertex -2.629289e+001  1.510000e+001 -1.014289e+001
    endloop
  endfacet
  facet normal -7.933548e-001  0.000000e+000 -6.087594e-001
    outer loop
      vertex -2.629289e+001  1.510000e+001 -1.014289e+001
      vertex -2.629289e+001  1.810000e+001 -1.014289e+001
      vertex -2.613397e+001  1.810000e+001 -1.035000e+001
    endloop
  endfacet
  facet normal -7.933548e-001  -0.000000e+000 -6.087594e-001
    outer loop
      vertex -2.629289e+001  1.510000e+001 -1.014289e+001
      vertex -2.613397e+001  1.810000e+001 -1.035000e+001
      vertex -2.613397e+001  1.510000e+001 -1.035000e+001
    endloop
  endfacet
  facet normal -9.238808e-001  0.000000e+000 -3.826804e-001
    outer loop
      vertex -2.613397e+001  1.510000e+001 -1.035000e+001
      vertex -2.613397e+001  1.810000e+001 -1.035000e+001
      vertex -2.603407e+001  1.810000e+001 -1.059118e+001
    endloop
  endfacet
  facet normal -9.238808e-001  -0.000000e+000 -3.826804e-001
    outer loop
      vertex -2.613397e+001  1.510000e+001 -1.035000e+001
      vertex -2.603407e+001  1.810000e+001 -1.059118e+001
      vertex -2.603407e+001  1.510000e+001 -1.059118e+001
    endloop
  endfacet
  facet normal -9.914446e-001  0.000000e+000 -1.305282e-001
    outer loop
      vertex -2.603407e+001  1.510000e+001 -1.059118e+001
      vertex -2.603407e+001  1.810000e+001 -1.059118e+001
      vertex -2.600000e+001  1.810000e+001 -1.085000e+001
    endloop
  endfacet
  facet normal -9.914446e-001  -0.000000e+000 -1.305282e-001
    outer loop
      vertex -2.603407e+001  1.510000e+001 -1.059118e+001
      vertex -2.600000e+001  1.810000e+001 -1.085000e+001
      vertex -2.600000e+001  1.510000e+001 -1.085000e+001
    endloop
  endfacet
  facet normal -1.305282e-001  0.000000e+000  9.914446e-001
    outer loop
      vertex -2.700000e+001  1.810000e+001 -1.185000e+001
      vertex -2.674118e+001  1.510000e+001 -1.181593e+001
      vertex -2.674118e+001  1.810000e+001 -1.181593e+001
    endloop
  endfacet
  facet normal -3.826836e-001  0.000000e+000  9.238794e-001
    outer loop
      vertex -2.674118e+001  1.810000e+001 -1.181593e+001
      vertex -2.674118e+001  1.510000e+001 -1.181593e+001
      vertex -2.650000e+001  1.510000e+001 -1.171603e+001
    endloop
  endfacet
  facet normal -3.826836e-001  0.000000e+000  9.238794e-001
    outer loop
      vertex -2.674118e+001  1.810000e+001 -1.181593e+001
      vertex -2.650000e+001  1.510000e+001 -1.171603e+001
      vertex -2.650000e+001  1.810000e+001 -1.171603e+001
    endloop
  endfacet
  facet normal -6.087594e-001  0.000000e+000  7.933548e-001
    outer loop
      vertex -2.650000e+001  1.810000e+001 -1.171603e+001
      vertex -2.650000e+001  1.510000e+001 -1.171603e+001
      vertex -2.629289e+001  1.510000e+001 -1.155711e+001
    endloop
  endfacet
  facet normal -6.087594e-001  0.000000e+000  7.933548e-001
    outer loop
      vertex -2.650000e+001  1.810000e+001 -1.171603e+001
      vertex -2.629289e+001  1.510000e+001 -1.155711e+001
      vertex -2.629289e+001  1.810000e+001 -1.155711e+001
    endloop
  endfacet
  facet normal -7.933536e-001  0.000000e+000  6.087612e-001
    outer loop
      vertex -2.629289e+001  1.810000e+001 -1.155711e+001
      vertex -2.629289e+001  1.510000e+001 -1.155711e+001
      vertex -2.613397e+001  1.510000e+001 -1.135000e+001
    endloop
  endfacet
  facet normal -7.933536e-001  0.000000e+000  6.087612e-001
    outer loop
      vertex -2.629289e+001  1.810000e+001 -1.155711e+001
      vertex -2.613397e+001  1.510000e+001 -1.135000e+001
      vertex -2.613397e+001  1.810000e+001 -1.135000e+001
    endloop
  endfacet
  facet normal -9.238813e-001  0.000000e+000  3.826792e-001
    outer loop
      vertex -2.613397e+001  1.810000e+001 -1.135000e+001
      vertex -2.613397e+001  1.510000e+001 -1.135000e+001
      vertex -2.603407e+001  1.510000e+001 -1.110882e+001
    endloop
  endfacet
  facet normal -9.238813e-001  0.000000e+000  3.826792e-001
    outer loop
      vertex -2.613397e+001  1.810000e+001 -1.135000e+001
      vertex -2.603407e+001  1.510000e+001 -1.110882e+001
      vertex -2.603407e+001  1.810000e+001 -1.110882e+001
    endloop
  endfacet
  facet normal -9.914445e-001  0.000000e+000  1.305287e-001
    outer loop
      vertex -2.603407e+001  1.810000e+001 -1.110882e+001
      vertex -2.603407e+001  1.510000e+001 -1.110882e+001
      vertex -2.600000e+001  1.510000e+001 -1.085000e+001
    endloop
  endfacet
  facet normal -9.914445e-001  0.000000e+000  1.305287e-001
    outer loop
      vertex -2.603407e+001  1.810000e+001 -1.110882e+001
      vertex -2.600000e+001  1.510000e+001 -1.085000e+001
      vertex -2.600000e+001  1.810000e+001 -1.085000e+001
    endloop
  endfacet
  facet normal -1.305282e-001  0.000000e+000  9.914446e-001
    outer loop
      vertex -2.674118e+001  1.510000e+001 -1.181593e+001
      vertex -2.700000e+001  1.810000e+001 -1.185000e+001
      vertex -2.700000e+001  1.510000e+001 -1.185000e+001
    endloop
  endfacet
  facet normal  1.305282e-001  -0.000000e+000  9.914446e-001
    outer loop
      vertex -2.700000e+001  1.510000e+001 -1.185000e+001
      vertex -2.700000e+001  1.810000e+001 -1.185000e+001
      vertex -2.725882e+001  1.810000e+001 -1.181593e+001
    endloop
  endfacet
  facet normal  1.305282e-001  0.000000e+000  9.914446e-001
    outer loop
      vertex -2.700000e+001  1.510000e+001 -1.185000e+001
      vertex -2.725882e+001  1.810000e+001 -1.181593e+001
      vertex -2.725882e+001  1.510000e+001 -1.181593e+001
    endloop
  endfacet
  facet normal  3.826836e-001  -0.000000e+000  9.238794e-001
    outer loop
      vertex -2.725882e+001  1.510000e+001 -1.181593e+001
      vertex -2.725882e+001  1.810000e+001 -1.181593e+001
      vertex -2.750000e+001  1.810000e+001 -1.171603e+001
    endloop
  endfacet
  facet normal  3.826836e-001  0.000000e+000  9.238794e-001
    outer loop
      vertex -2.725882e+001  1.510000e+001 -1.181593e+001
      vertex -2.750000e+001  1.810000e+001 -1.171603e+001
      vertex -2.750000e+001  1.510000e+001 -1.171603e+001
    endloop
  endfacet
  facet normal  6.087594e-001  -0.000000e+000  7.933548e-001
    outer loop
      vertex -2.750000e+001  1.510000e+001 -1.171603e+001
      vertex -2.750000e+001  1.810000e+001 -1.171603e+001
      vertex -2.770711e+001  1.810000e+001 -1.155711e+001
    endloop
  endfacet
  facet normal  6.087594e-001  0.000000e+000  7.933548e-001
    outer loop
      vertex -2.750000e+001  1.510000e+001 -1.171603e+001
      vertex -2.770711e+001  1.810000e+001 -1.155711e+001
      vertex -2.770711e+001  1.510000e+001 -1.155711e+001
    endloop
  endfacet
  facet normal  7.933536e-001  -0.000000e+000  6.087612e-001
    outer loop
      vertex -2.770711e+001  1.510000e+001 -1.155711e+001
      vertex -2.770711e+001  1.810000e+001 -1.155711e+001
      vertex -2.786603e+001  1.810000e+001 -1.135000e+001
    endloop
  endfacet
  facet normal  7.933536e-001  0.000000e+000  6.087612e-001
    outer loop
      vertex -2.770711e+001  1.510000e+001 -1.155711e+001
      vertex -2.786603e+001  1.810000e+001 -1.135000e+001
      vertex -2.786603e+001  1.510000e+001 -1.135000e+001
    endloop
  endfacet
  facet normal  9.238813e-001  -0.000000e+000  3.826792e-001
    outer loop
      vertex -2.786603e+001  1.510000e+001 -1.135000e+001
      vertex -2.786603e+001  1.810000e+001 -1.135000e+001
      vertex -2.796593e+001  1.810000e+001 -1.110882e+001
    endloop
  endfacet
  facet normal  9.238813e-001  0.000000e+000  3.826792e-001
    outer loop
      vertex -2.786603e+001  1.510000e+001 -1.135000e+001
      vertex -2.796593e+001  1.810000e+001 -1.110882e+001
      vertex -2.796593e+001  1.510000e+001 -1.110882e+001
    endloop
  endfacet
  facet normal  9.914445e-001  -0.000000e+000  1.305287e-001
    outer loop
      vertex -2.796593e+001  1.510000e+001 -1.110882e+001
      vertex -2.796593e+001  1.810000e+001 -1.110882e+001
      vertex -2.800000e+001  1.810000e+001 -1.085000e+001
    endloop
  endfacet
  facet normal  9.914445e-001  0.000000e+000  1.305287e-001
    outer loop
      vertex -2.796593e+001  1.510000e+001 -1.110882e+001
      vertex -2.800000e+001  1.810000e+001 -1.085000e+001
      vertex -2.800000e+001  1.510000e+001 -1.085000e+001
    endloop
  endfacet
  facet normal  1.361706e-001  0.000000e+000 -9.906853e-001
    outer loop
      vertex -2.727297e+001  1.810000e+001 -4.600932e+001
      vertex -2.781382e+001  1.510000e+001 -4.608366e+001
      vertex -2.781382e+001  1.810000e+001 -4.608366e+001
    endloop
  endfacet
  facet normal  2.697977e-001  0.000000e+000 -9.629170e-001
    outer loop
      vertex -2.781382e+001  1.810000e+001 -4.608366e+001
      vertex -2.781382e+001  1.510000e+001 -4.608366e+001
      vertex -2.833952e+001  1.510000e+001 -4.623096e+001
    endloop
  endfacet
  facet normal  2.697977e-001  0.000000e+000 -9.629170e-001
    outer loop
      vertex -2.781382e+001  1.810000e+001 -4.608366e+001
      vertex -2.833952e+001  1.510000e+001 -4.623096e+001
      vertex -2.833952e+001  1.810000e+001 -4.623096e+001
    endloop
  endfacet
  facet normal  3.984005e-001  0.000000e+000 -9.172115e-001
    outer loop
      vertex -2.833952e+001  1.810000e+001 -4.623096e+001
      vertex -2.833952e+001  1.510000e+001 -4.623096e+001
      vertex -2.884026e+001  1.510000e+001 -4.644846e+001
    endloop
  endfacet
  facet normal  3.984005e-001  0.000000e+000 -9.172115e-001
    outer loop
      vertex -2.833952e+001  1.810000e+001 -4.623096e+001
      vertex -2.884026e+001  1.510000e+001 -4.644846e+001
      vertex -2.884026e+001  1.810000e+001 -4.644846e+001
    endloop
  endfacet
  facet normal  5.195833e-001  0.000000e+000 -8.544197e-001
    outer loop
      vertex -2.884026e+001  1.810000e+001 -4.644846e+001
      vertex -2.884026e+001  1.510000e+001 -4.644846e+001
      vertex -2.930672e+001  1.510000e+001 -4.673212e+001
    endloop
  endfacet
  facet normal  5.195833e-001  0.000000e+000 -8.544197e-001
    outer loop
      vertex -2.884026e+001  1.810000e+001 -4.644846e+001
      vertex -2.930672e+001  1.510000e+001 -4.673212e+001
      vertex -2.930672e+001  1.810000e+001 -4.673212e+001
    endloop
  endfacet
  facet normal  6.310870e-001  0.000000e+000 -7.757120e-001
    outer loop
      vertex -2.930672e+001  1.810000e+001 -4.673212e+001
      vertex -2.930672e+001  1.510000e+001 -4.673212e+001
      vertex -2.973021e+001  1.510000e+001 -4.707666e+001
    endloop
  endfacet
  facet normal  6.310870e-001  0.000000e+000 -7.757120e-001
    outer loop
      vertex -2.930672e+001  1.810000e+001 -4.673212e+001
      vertex -2.973021e+001  1.510000e+001 -4.707666e+001
      vertex -2.973021e+001  1.810000e+001 -4.707666e+001
    endloop
  endfacet
  facet normal  7.308361e-001  0.000000e+000 -6.825529e-001
    outer loop
      vertex -2.973021e+001  1.810000e+001 -4.707666e+001
      vertex -2.973021e+001  1.510000e+001 -4.707666e+001
      vertex -3.010284e+001  1.510000e+001 -4.747565e+001
    endloop
  endfacet
  facet normal  7.308361e-001  0.000000e+000 -6.825529e-001
    outer loop
      vertex -2.973021e+001  1.810000e+001 -4.707666e+001
      vertex -3.010284e+001  1.510000e+001 -4.747565e+001
      vertex -3.010284e+001  1.810000e+001 -4.747565e+001
    endloop
  endfacet
  facet normal  8.169710e-001  0.000000e+000 -5.766786e-001
    outer loop
      vertex -3.010284e+001  1.810000e+001 -4.747565e+001
      vertex -3.010284e+001  1.510000e+001 -4.747565e+001
      vertex -3.041768e+001  1.510000e+001 -4.792167e+001
    endloop
  endfacet
  facet normal  8.169710e-001  0.000000e+000 -5.766786e-001
    outer loop
      vertex -3.010284e+001  1.810000e+001 -4.747565e+001
      vertex -3.041768e+001  1.510000e+001 -4.792167e+001
      vertex -3.041768e+001  1.810000e+001 -4.792167e+001
    endloop
  endfacet
  facet normal  8.878834e-001  0.000000e+000 -4.600686e-001
    outer loop
      vertex -3.041768e+001  1.810000e+001 -4.792167e+001
      vertex -3.041768e+001  1.510000e+001 -4.792167e+001
      vertex -3.066885e+001  1.510000e+001 -4.840639e+001
    endloop
  endfacet
  facet normal  8.878834e-001  0.000000e+000 -4.600686e-001
    outer loop
      vertex -3.041768e+001  1.810000e+001 -4.792167e+001
      vertex -3.066885e+001  1.510000e+001 -4.840639e+001
      vertex -3.066885e+001  1.810000e+001 -4.840639e+001
    endloop
  endfacet
  facet normal  9.422619e-001  0.000000e+000 -3.348771e-001
    outer loop
      vertex -3.066885e+001  1.810000e+001 -4.840639e+001
      vertex -3.066885e+001  1.510000e+001 -4.840639e+001
      vertex -3.085167e+001  1.510000e+001 -4.892081e+001
    endloop
  endfacet
  facet normal  9.422619e-001  0.000000e+000 -3.348771e-001
    outer loop
      vertex -3.066885e+001  1.810000e+001 -4.840639e+001
      vertex -3.085167e+001  1.510000e+001 -4.892081e+001
      vertex -3.085167e+001  1.810000e+001 -4.892081e+001
    endloop
  endfacet
  facet normal  9.790841e-001  0.000000e+000 -2.034562e-001
    outer loop
      vertex -3.085167e+001  1.810000e+001 -4.892081e+001
      vertex -3.085167e+001  1.510000e+001 -4.892081e+001
      vertex -3.096274e+001  1.510000e+001 -4.945533e+001
    endloop
  endfacet
  facet normal  9.790841e-001  0.000000e+000 -2.034562e-001
    outer loop
      vertex -3.085167e+001  1.810000e+001 -4.892081e+001
      vertex -3.096274e+001  1.510000e+001 -4.945533e+001
      vertex -3.096274e+001  1.810000e+001 -4.945533e+001
    endloop
  endfacet
  facet normal  9.976687e-001  0.000000e+000 -6.824250e-002
    outer loop
      vertex -3.096274e+001  1.810000e+001 -4.945533e+001
      vertex -3.096274e+001  1.510000e+001 -4.945533e+001
      vertex -3.100000e+001  1.510000e+001 -5.000000e+001
    endloop
  endfacet
  facet normal  9.976687e-001  0.000000e+000 -6.824250e-002
    outer loop
      vertex -3.096274e+001  1.810000e+001 -4.945533e+001
      vertex -3.100000e+001  1.510000e+001 -5.000000e+001
      vertex -3.100000e+001  1.810000e+001 -5.000000e+001
    endloop
  endfacet
  facet normal  1.361706e-001  0.000000e+000 -9.906853e-001
    outer loop
      vertex -2.781382e+001  1.510000e+001 -4.608366e+001
      vertex -2.727297e+001  1.810000e+001 -4.600932e+001
      vertex -2.727297e+001  1.510000e+001 -4.600932e+001
    endloop
  endfacet
  facet normal  0.000000e+000  0.000000e+000 -1.000000e+000
    outer loop
      vertex -2.727297e+001  1.510000e+001 -4.600932e+001
      vertex -2.727297e+001  1.810000e+001 -4.600932e+001
      vertex -2.672703e+001  1.810000e+001 -4.600932e+001
    endloop
  endfacet
  facet normal  0.000000e+000  -0.000000e+000 -1.000000e+000
    outer loop
      vertex -2.727297e+001  1.510000e+001 -4.600932e+001
      vertex -2.672703e+001  1.810000e+001 -4.600932e+001
      vertex -2.672703e+001  1.510000e+001 -4.600932e+001
    endloop
  endfacet
  facet normal -1.361706e-001  0.000000e+000 -9.906853e-001
    outer loop
      vertex -2.672703e+001  1.510000e+001 -4.600932e+001
      vertex -2.672703e+001  1.810000e+001 -4.600932e+001
      vertex -2.618618e+001  1.810000e+001 -4.608366e+001
    endloop
  endfacet
  facet normal -1.361706e-001  -0.000000e+000 -9.906853e-001
    outer loop
      vertex -2.672703e+001  1.510000e+001 -4.600932e+001
      vertex -2.618618e+001  1.810000e+001 -4.608366e+001
      vertex -2.618618e+001  1.510000e+001 -4.608366e+001
    endloop
  endfacet
  facet normal -2.697977e-001  0.000000e+000 -9.629170e-001
    outer loop
      vertex -2.618618e+001  1.510000e+001 -4.608366e+001
      vertex -2.618618e+001  1.810000e+001 -4.608366e+001
      vertex -2.566048e+001  1.810000e+001 -4.623096e+001
    endloop
  endfacet
  facet normal -2.697977e-001  -0.000000e+000 -9.629170e-001
    outer loop
      vertex -2.618618e+001  1.510000e+001 -4.608366e+001
      vertex -2.566048e+001  1.810000e+001 -4.623096e+001
      vertex -2.566048e+001  1.510000e+001 -4.623096e+001
    endloop
  endfacet
  facet normal -3.984005e-001  0.000000e+000 -9.172115e-001
    outer loop
      vertex -2.566048e+001  1.510000e+001 -4.623096e+001
      vertex -2.566048e+001  1.810000e+001 -4.623096e+001
      vertex -2.515974e+001  1.810000e+001 -4.644846e+001
    endloop
  endfacet
  facet normal -3.984005e-001  -0.000000e+000 -9.172115e-001
    outer loop
      vertex -2.566048e+001  1.510000e+001 -4.623096e+001
      vertex -2.515974e+001  1.810000e+001 -4.644846e+001
      vertex -2.515974e+001  1.510000e+001 -4.644846e+001
    endloop
  endfacet
  facet normal -5.195833e-001  0.000000e+000 -8.544197e-001
    outer loop
      vertex -2.515974e+001  1.510000e+001 -4.644846e+001
      vertex -2.515974e+001  1.810000e+001 -4.644846e+001
      vertex -2.469328e+001  1.810000e+001 -4.673212e+001
    endloop
  endfacet
  facet normal -5.195833e-001  -0.000000e+000 -8.544197e-001
    outer loop
      vertex -2.515974e+001  1.510000e+001 -4.644846e+001
      vertex -2.469328e+001  1.810000e+001 -4.673212e+001
      vertex -2.469328e+001  1.510000e+001 -4.673212e+001
    endloop
  endfacet
  facet normal -6.310870e-001  0.000000e+000 -7.757120e-001
    outer loop
      vertex -2.469328e+001  1.510000e+001 -4.673212e+001
      vertex -2.469328e+001  1.810000e+001 -4.673212e+001
      vertex -2.426979e+001  1.810000e+001 -4.707666e+001
    endloop
  endfacet
  facet normal -6.310870e-001  -0.000000e+000 -7.757120e-001
    outer loop
      vertex -2.469328e+001  1.510000e+001 -4.673212e+001
      vertex -2.426979e+001  1.810000e+001 -4.707666e+001
      vertex -2.426979e+001  1.510000e+001 -4.707666e+001
    endloop
  endfacet
  facet normal -7.308361e-001  0.000000e+000 -6.825529e-001
    outer loop
      vertex -2.426979e+001  1.510000e+001 -4.707666e+001
      vertex -2.426979e+001  1.810000e+001 -4.707666e+001
      vertex -2.389716e+001  1.810000e+001 -4.747565e+001
    endloop
  endfacet
  facet normal -7.308361e-001  -0.000000e+000 -6.825529e-001
    outer loop
      vertex -2.426979e+001  1.510000e+001 -4.707666e+001
      vertex -2.389716e+001  1.810000e+001 -4.747565e+001
      vertex -2.389716e+001  1.510000e+001 -4.747565e+001
    endloop
  endfacet
  facet normal -8.169710e-001  0.000000e+000 -5.766786e-001
    outer loop
      vertex -2.389716e+001  1.510000e+001 -4.747565e+001
      vertex -2.389716e+001  1.810000e+001 -4.747565e+001
      vertex -2.358232e+001  1.810000e+001 -4.792167e+001
    endloop
  endfacet
  facet normal -8.169710e-001  -0.000000e+000 -5.766786e-001
    outer loop
      vertex -2.389716e+001  1.510000e+001 -4.747565e+001
      vertex -2.358232e+001  1.810000e+001 -4.792167e+001
      vertex -2.358232e+001  1.510000e+001 -4.792167e+001
    endloop
  endfacet
  facet normal -8.878834e-001  0.000000e+000 -4.600686e-001
    outer loop
      vertex -2.358232e+001  1.510000e+001 -4.792167e+001
      vertex -2.358232e+001  1.810000e+001 -4.792167e+001
      vertex -2.333115e+001  1.810000e+001 -4.840639e+001
    endloop
  endfacet
  facet normal -8.878834e-001  -0.000000e+000 -4.600686e-001
    outer loop
      vertex -2.358232e+001  1.510000e+001 -4.792167e+001
      vertex -2.333115e+001  1.810000e+001 -4.840639e+001
      vertex -2.333115e+001  1.510000e+001 -4.840639e+001
    endloop
  endfacet
  facet normal -9.422619e-001  0.000000e+000 -3.348771e-001
    outer loop
      vertex -2.333115e+001  1.510000e+001 -4.840639e+001
      vertex -2.333115e+001  1.810000e+001 -4.840639e+001
      vertex -2.314833e+001  1.810000e+001 -4.892081e+001
    endloop
  endfacet
  facet normal -9.422619e-001  -0.000000e+000 -3.348771e-001
    outer loop
      vertex -2.333115e+001  1.510000e+001 -4.840639e+001
      vertex -2.314833e+001  1.810000e+001 -4.892081e+001
      vertex -2.314833e+001  1.510000e+001 -4.892081e+001
    endloop
  endfacet
  facet normal -9.790841e-001  0.000000e+000 -2.034562e-001
    outer loop
      vertex -2.314833e+001  1.510000e+001 -4.892081e+001
      vertex -2.314833e+001  1.810000e+001 -4.892081e+001
      vertex -2.303726e+001  1.810000e+001 -4.945533e+001
    endloop
  endfacet
  facet normal -9.790841e-001  -0.000000e+000 -2.034562e-001
    outer loop
      vertex -2.314833e+001  1.510000e+001 -4.892081e+001
      vertex -2.303726e+001  1.810000e+001 -4.945533e+001
      vertex -2.303726e+001  1.510000e+001 -4.945533e+001
    endloop
  endfacet
  facet normal -9.976687e-001  0.000000e+000 -6.824250e-002
    outer loop
      vertex -2.303726e+001  1.510000e+001 -4.945533e+001
      vertex -2.303726e+001  1.810000e+001 -4.945533e+001
      vertex -2.300000e+001  1.810000e+001 -5.000000e+001
    endloop
  endfacet
  facet normal -9.976687e-001  -0.000000e+000 -6.824250e-002
    outer loop
      vertex -2.303726e+001  1.510000e+001 -4.945533e+001
      vertex -2.300000e+001  1.810000e+001 -5.000000e+001
      vertex -2.300000e+001  1.510000e+001 -5.000000e+001
    endloop
  endfacet
  facet normal -1.361706e-001  0.000000e+000  9.906853e-001
    outer loop
      vertex -2.672703e+001  1.810000e+001 -5.399068e+001
      vertex -2.618618e+001  1.510000e+001 -5.391634e+001
      vertex -2.618618e+001  1.810000e+001 -5.391634e+001
    endloop
  endfacet
  facet normal -2.697977e-001  0.000000e+000  9.629170e-001
    outer loop
      vertex -2.618618e+001  1.810000e+001 -5.391634e+001
      vertex -2.618618e+001  1.510000e+001 -5.391634e+001
      vertex -2.566048e+001  1.510000e+001 -5.376904e+001
    endloop
  endfacet
  facet normal -2.697977e-001  0.000000e+000  9.629170e-001
    outer loop
      vertex -2.618618e+001  1.810000e+001 -5.391634e+001
      vertex -2.566048e+001  1.510000e+001 -5.376904e+001
      vertex -2.566048e+001  1.810000e+001 -5.376904e+001
    endloop
  endfacet
  facet normal -3.984005e-001  0.000000e+000  9.172115e-001
    outer loop
      vertex -2.566048e+001  1.810000e+001 -5.376904e+001
      vertex -2.566048e+001  1.510000e+001 -5.376904e+001
      vertex -2.515974e+001  1.510000e+001 -5.355154e+001
    endloop
  endfacet
  facet normal -3.984005e-001  0.000000e+000  9.172115e-001
    outer loop
      vertex -2.566048e+001  1.810000e+001 -5.376904e+001
      vertex -2.515974e+001  1.510000e+001 -5.355154e+001
      vertex -2.515974e+001  1.810000e+001 -5.355154e+001
    endloop
  endfacet
  facet normal -5.195833e-001  0.000000e+000  8.544197e-001
    outer loop
      vertex -2.515974e+001  1.810000e+001 -5.355154e+001
      vertex -2.515974e+001  1.510000e+001 -5.355154e+001
      vertex -2.469328e+001  1.510000e+001 -5.326788e+001
    endloop
  endfacet
  facet normal -5.195833e-001  0.000000e+000  8.544197e-001
    outer loop
      vertex -2.515974e+001  1.810000e+001 -5.355154e+001
      vertex -2.469328e+001  1.510000e+001 -5.326788e+001
      vertex -2.469328e+001  1.810000e+001 -5.326788e+001
    endloop
  endfacet
  facet normal -6.310870e-001  0.000000e+000  7.757120e-001
    outer loop
      vertex -2.469328e+001  1.810000e+001 -5.326788e+001
      vertex -2.469328e+001  1.510000e+001 -5.326788e+001
      vertex -2.426979e+001  1.510000e+001 -5.292334e+001
    endloop
  endfacet
  facet normal -6.310870e-001  0.000000e+000  7.757120e-001
    outer loop
      vertex -2.469328e+001  1.810000e+001 -5.326788e+001
      vertex -2.426979e+001  1.510000e+001 -5.292334e+001
      vertex -2.426979e+001  1.810000e+001 -5.292334e+001
    endloop
  endfacet
  facet normal -7.308361e-001  0.000000e+000  6.825529e-001
    outer loop
      vertex -2.426979e+001  1.810000e+001 -5.292334e+001
      vertex -2.426979e+001  1.510000e+001 -5.292334e+001
      vertex -2.389716e+001  1.510000e+001 -5.252435e+001
    endloop
  endfacet
  facet normal -7.308361e-001  0.000000e+000  6.825529e-001
    outer loop
      vertex -2.426979e+001  1.810000e+001 -5.292334e+001
      vertex -2.389716e+001  1.510000e+001 -5.252435e+001
      vertex -2.389716e+001  1.810000e+001 -5.252435e+001
    endloop
  endfacet
  facet normal -8.169710e-001  0.000000e+000  5.766786e-001
    outer loop
      vertex -2.389716e+001  1.810000e+001 -5.252435e+001
      vertex -2.389716e+001  1.510000e+001 -5.252435e+001
      vertex -2.358232e+001  1.510000e+001 -5.207833e+001
    endloop
  endfacet
  facet normal -8.169710e-001  0.000000e+000  5.766786e-001
    outer loop
      vertex -2.389716e+001  1.810000e+001 -5.252435e+001
      vertex -2.358232e+001  1.510000e+001 -5.207833e+001
      vertex -2.358232e+001  1.810000e+001 -5.207833e+001
    endloop
  endfacet
  facet normal -8.878834e-001  0.000000e+000  4.600686e-001
    outer loop
      vertex -2.358232e+001  1.810000e+001 -5.207833e+001
      vertex -2.358232e+001  1.510000e+001 -5.207833e+001
      vertex -2.333115e+001  1.510000e+001 -5.159361e+001
    endloop
  endfacet
  facet normal -8.878834e-001  0.000000e+000  4.600686e-001
    outer loop
      vertex -2.358232e+001  1.810000e+001 -5.207833e+001
      vertex -2.333115e+001  1.510000e+001 -5.159361e+001
      vertex -2.333115e+001  1.810000e+001 -5.159361e+001
    endloop
  endfacet
  facet normal -9.422619e-001  0.000000e+000  3.348771e-001
    outer loop
      vertex -2.333115e+001  1.810000e+001 -5.159361e+001
      vertex -2.333115e+001  1.510000e+001 -5.159361e+001
      vertex -2.314833e+001  1.510000e+001 -5.107919e+001
    endloop
  endfacet
  facet normal -9.422619e-001  0.000000e+000  3.348771e-001
    outer loop
      vertex -2.333115e+001  1.810000e+001 -5.159361e+001
      vertex -2.314833e+001  1.510000e+001 -5.107919e+001
      vertex -2.314833e+001  1.810000e+001 -5.107919e+001
    endloop
  endfacet
  facet normal -9.790841e-001  0.000000e+000  2.034562e-001
    outer loop
      vertex -2.314833e+001  1.810000e+001 -5.107919e+001
      vertex -2.314833e+001  1.510000e+001 -5.107919e+001
      vertex -2.303726e+001  1.510000e+001 -5.054467e+001
    endloop
  endfacet
  facet normal -9.790841e-001  0.000000e+000  2.034562e-001
    outer loop
      vertex -2.314833e+001  1.810000e+001 -5.107919e+001
      vertex -2.303726e+001  1.510000e+001 -5.054467e+001
      vertex -2.303726e+001  1.810000e+001 -5.054467e+001
    endloop
  endfacet
  facet normal -9.976687e-001  0.000000e+000  6.824250e-002
    outer loop
      vertex -2.303726e+001  1.810000e+001 -5.054467e+001
      vertex -2.303726e+001  1.510000e+001 -5.054467e+001
      vertex -2.300000e+001  1.510000e+001 -5.000000e+001
    endloop
  endfacet
  facet normal -9.976687e-001  0.000000e+000  6.824250e-002
    outer loop
      vertex -2.303726e+001  1.810000e+001 -5.054467e+001
      vertex -2.300000e+001  1.510000e+001 -5.000000e+001
      vertex -2.300000e+001  1.810000e+001 -5.000000e+001
    endloop
  endfacet
  facet normal -1.361706e-001  0.000000e+000  9.906853e-001
    outer loop
      vertex -2.618618e+001  1.510000e+001 -5.391634e+001
      vertex -2.672703e+001  1.810000e+001 -5.399068e+001
      vertex -2.672703e+001  1.510000e+001 -5.399068e+001
    endloop
  endfacet
  facet normal  0.000000e+000  -0.000000e+000  1.000000e+000
    outer loop
      vertex -2.672703e+001  1.510000e+001 -5.399068e+001
      vertex -2.672703e+001  1.810000e+001 -5.399068e+001
      vertex -2.727297e+001  1.810000e+001 -5.399068e+001
    endloop
  endfacet
  facet normal  0.000000e+000  0.000000e+000  1.000000e+000
    outer loop
      vertex -2.672703e+001  1.510000e+001 -5.399068e+001
      vertex -2.727297e+001  1.810000e+001 -5.399068e+001
      vertex -2.727297e+001  1.510000e+001 -5.399068e+001
    endloop
  endfacet
  facet normal  1.361706e-001  -0.000000e+000  9.906853e-001
    outer loop
      vertex -2.727297e+001  1.510000e+001 -5.399068e+001
      vertex -2.727297e+001  1.810000e+001 -5.399068e+001
      vertex -2.781382e+001  1.810000e+001 -5.391634e+001
    endloop
  endfacet
  facet normal  1.361706e-001  0.000000e+000  9.906853e-001
    outer loop
      vertex -2.727297e+001  1.510000e+001 -5.399068e+001
      vertex -2.781382e+001  1.810000e+001 -5.391634e+001
      vertex -2.781382e+001  1.510000e+001 -5.391634e+001
    endloop
  endfacet
  facet normal  2.697977e-001  -0.000000e+000  9.629170e-001
    outer loop
      vertex -2.781382e+001  1.510000e+001 -5.391634e+001
      vertex -2.781382e+001  1.810000e+001 -5.391634e+001
      vertex -2.833952e+001  1.810000e+001 -5.376904e+001
    endloop
  endfacet
  facet normal  2.697977e-001  0.000000e+000  9.629170e-001
    outer loop
      vertex -2.781382e+001  1.510000e+001 -5.391634e+001
      vertex -2.833952e+001  1.810000e+001 -5.376904e+001
      vertex -2.833952e+001  1.510000e+001 -5.376904e+001
    endloop
  endfacet
  facet normal  3.984005e-001  -0.000000e+000  9.172115e-001
    outer loop
      vertex -2.833952e+001  1.510000e+001 -5.376904e+001
      vertex -2.833952e+001  1.810000e+001 -5.376904e+001
      vertex -2.884026e+001  1.810000e+001 -5.355154e+001
    endloop
  endfacet
  facet normal  3.984005e-001  0.000000e+000  9.172115e-001
    outer loop
      vertex -2.833952e+001  1.510000e+001 -5.376904e+001
      vertex -2.884026e+001  1.810000e+001 -5.355154e+001
      vertex -2.884026e+001  1.510000e+001 -5.355154e+001
    endloop
  endfacet
  facet normal  5.195833e-001  -0.000000e+000  8.544197e-001
    outer loop
      vertex -2.884026e+001  1.510000e+001 -5.355154e+001
      vertex -2.884026e+001  1.810000e+001 -5.355154e+001
      vertex -2.930672e+001  1.810000e+001 -5.326788e+001
    endloop
  endfacet
  facet normal  5.195833e-001  0.000000e+000  8.544197e-001
    outer loop
      vertex -2.884026e+001  1.510000e+001 -5.355154e+001
      vertex -2.930672e+001  1.810000e+001 -5.326788e+001
      vertex -2.930672e+001  1.510000e+001 -5.326788e+001
    endloop
  endfacet
  facet normal  6.310870e-001  -0.000000e+000  7.757120e-001
    outer loop
      vertex -2.930672e+001  1.510000e+001 -5.326788e+001
      vertex -2.930672e+001  1.810000e+001 -5.326788e+001
      vertex -2.973021e+001  1.810000e+001 -5.292334e+001
    endloop
  endfacet
  facet normal  6.310870e-001  0.000000e+000  7.757120e-001
    outer loop
      vertex -2.930672e+001  1.510000e+001 -5.326788e+001
      vertex -2.973021e+001  1.810000e+001 -5.292334e+001
      vertex -2.973021e+001  1.510000e+001 -5.292334e+001
    endloop
  endfacet
  facet normal  7.308361e-001  -0.000000e+000  6.825529e-001
    outer loop
      vertex -2.973021e+001  1.510000e+001 -5.292334e+001
      vertex -2.973021e+001  1.810000e+001 -5.292334e+001
      vertex -3.010284e+001  1.810000e+001 -5.252435e+001
    endloop
  endfacet
  facet normal  7.308361e-001  0.000000e+000  6.825529e-001
    outer loop
      vertex -2.973021e+001  1.510000e+001 -5.292334e+001
      vertex -3.010284e+001  1.810000e+001 -5.252435e+001
      vertex -3.010284e+001  1.510000e+001 -5.252435e+001
    endloop
  endfacet
  facet normal  8.169710e-001  -0.000000e+000  5.766786e-001
    outer loop
      vertex -3.010284e+001  1.510000e+001 -5.252435e+001
      vertex -3.010284e+001  1.810000e+001 -5.252435e+001
      vertex -3.041768e+001  1.810000e+001 -5.207833e+001
    endloop
  endfacet
  facet normal  8.169710e-001  0.000000e+000  5.766786e-001
    outer loop
      vertex -3.010284e+001  1.510000e+001 -5.252435e+001
      vertex -3.041768e+001  1.810000e+001 -5.207833e+001
      vertex -3.041768e+001  1.510000e+001 -5.207833e+001
    endloop
  endfacet
  facet normal  8.878834e-001  -0.000000e+000  4.600686e-001
    outer loop
      vertex -3.041768e+001  1.510000e+001 -5.207833e+001
      vertex -3.041768e+001  1.810000e+001 -5.207833e+001
      vertex -3.066885e+001  1.810000e+001 -5.159361e+001
    endloop
  endfacet
  facet normal  8.878834e-001  0.000000e+000  4.600686e-001
    outer loop
      vertex -3.041768e+001  1.510000e+001 -5.207833e+001
      vertex -3.066885e+001  1.810000e+001 -5.159361e+001
      vertex -3.066885e+001  1.510000e+001 -5.159361e+001
    endloop
  endfacet
  facet normal  9.422619e-001  -0.000000e+000  3.348771e-001
    outer loop
      vertex -3.066885e+001  1.510000e+001 -5.159361e+001
      vertex -3.066885e+001  1.810000e+001 -5.159361e+001
      vertex -3.085167e+001  1.810000e+001 -5.107919e+001
    endloop
  endfacet
  facet normal  9.422619e-001  0.000000e+000  3.348771e-001
    outer loop
      vertex -3.066885e+001  1.510000e+001 -5.159361e+001
      vertex -3.085167e+001  1.810000e+001 -5.107919e+001
      vertex -3.085167e+001  1.510000e+001 -5.107919e+001
    endloop
  endfacet
  facet normal  9.790841e-001  -0.000000e+000  2.034562e-001
    outer loop
      vertex -3.085167e+001  1.510000e+001 -5.107919e+001
      vertex -3.085167e+001  1.810000e+001 -5.107919e+001
      vertex -3.096274e+001  1.810000e+001 -5.054467e+001
    endloop
  endfacet
  facet normal  9.790841e-001  0.000000e+000  2.034562e-001
    outer loop
      vertex -3.085167e+001  1.510000e+001 -5.107919e+001
      vertex -3.096274e+001  1.810000e+001 -5.054467e+001
      vertex -3.096274e+001  1.510000e+001 -5.054467e+001
    endloop
  endfacet
  facet normal  9.976687e-001  -0.000000e+000  6.824250e-002
    outer loop
      vertex -3.096274e+001  1.510000e+001 -5.054467e+001
      vertex -3.096274e+001  1.810000e+001 -5.054467e+001
      vertex -3.100000e+001  1.810000e+001 -5.000000e+001
    endloop
  endfacet
  facet normal  9.976687e-001  0.000000e+000  6.824250e-002
    outer loop
      vertex -3.096274e+001  1.510000e+001 -5.054467e+001
      vertex -3.100000e+001  1.810000e+001 -5.000000e+001
      vertex -3.100000e+001  1.510000e+001 -5.000000e+001
    endloop
  endfacet
  facet normal  1.000000e+000  0.000000e+000  0.000000e+000
    outer loop
      vertex -3.320000e+001  1.810000e+001 -3.685000e+001
      vertex -3.320000e+001  1.810000e+001 -1.335000e+001
      vertex -3.320000e+001  1.510000e+001 -3.685000e+001
    endloop
  endfacet
  facet normal  1.000000e+000  0.000000e+000  0.000000e+000
    outer loop
      vertex -3.320000e+001  1.510000e+001 -3.685000e+001
      vertex -3.320000e+001  1.810000e+001 -1.335000e+001
      vertex -3.320000e+001  1.510000e+001 -1.335000e+001
    endloop
  endfacet
  facet normal  -0.000000e+000  0.000000e+000 -1.000000e+000
    outer loop
      vertex -3.320000e+001  1.810000e+001 -1.335000e+001
      vertex -2.080000e+001  1.810000e+001 -1.335000e+001
      vertex -3.320000e+001  1.510000e+001 -1.335000e+001
    endloop
  endfacet
  facet normal  0.000000e+000  0.000000e+000 -1.000000e+000
    outer loop
      vertex -3.320000e+001  1.510000e+001 -1.335000e+001
      vertex -2.080000e+001  1.810000e+001 -1.335000e+001
      vertex -2.080000e+001  1.510000e+001 -1.335000e+001
    endloop
  endfacet
  facet normal -1.000000e+000  0.000000e+000  0.000000e+000
    outer loop
      vertex -2.080000e+001  1.810000e+001 -1.335000e+001
      vertex -2.080000e+001  1.810000e+001 -3.685000e+001
      vertex -2.080000e+001  1.510000e+001 -1.335000e+001
    endloop
  endfacet
  facet normal -1.000000e+000  0.000000e+000  0.000000e+000
    outer loop
      vertex -2.080000e+001  1.510000e+001 -1.335000e+001
      vertex -2.080000e+001  1.810000e+001 -3.685000e+001
      vertex -2.080000e+001  1.510000e+001 -3.685000e+001
    endloop
  endfacet
  facet normal  -0.000000e+000  0.000000e+000  1.000000e+000
    outer loop
      vertex -2.080000e+001  1.810000e+001 -3.685000e+001
      vertex -3.320000e+001  1.810000e+001 -3.685000e+001
      vertex -2.080000e+001  1.510000e+001 -3.685000e+001
    endloop
  endfacet
  facet normal  0.000000e+000  0.000000e+000  1.000000e+000
    outer loop
      vertex -2.080000e+001  1.510000e+001 -3.685000e+001
      vertex -3.320000e+001  1.810000e+001 -3.685000e+001
      vertex -3.320000e+001  1.510000e+001 -3.685000e+001
    endloop
  endfacet
  facet normal  1.000000e+000  0.000000e+000  0.000000e+000
    outer loop
      vertex -1.000000e+001  1.810000e+001 -6.307745e+001
      vertex -1.000000e+001  1.810000e+001 -6.300000e+001
      vertex -1.000000e+001  1.510000e+001 -6.307745e+001
    endloop
  endfacet
  facet normal  1.000000e+000  0.000000e+000  0.000000e+000
    outer loop
      vertex -1.000000e+001  1.510000e+001 -6.307745e+001
      vertex -1.000000e+001  1.810000e+001 -6.300000e+001
      vertex -1.000000e+001  1.510000e+001 -6.300000e+001
    endloop
  endfacet
endsolid CATIA STL
