solid CATIA STL
  facet normal  0.000000e+000 -1.000000e+000  0.000000e+000
    outer loop
      vertex  2.000000e+000  0.000000e+000 -3.375000e+001
      vertex  1.961571e+000  0.000000e+000 -3.414018e+001
      vertex  2.026342e+000  0.000000e+000 -3.629095e+001
    endloop
  endfacet
  facet normal  0.000000e+000 -1.000000e+000  0.000000e+000
    outer loop
      vertex  2.000000e+000  0.000000e+000 -3.375000e+001
      vertex  2.026342e+000  0.000000e+000 -3.629095e+001
      vertex  2.382419e+000  0.000000e+000 -3.596056e+001
    endloop
  endfacet
  facet normal  0.000000e+000 -1.000000e+000  0.000000e+000
    outer loop
      vertex  2.000000e+000  0.000000e+000 -3.375000e+001
      vertex  2.382419e+000  0.000000e+000 -3.596056e+001
      vertex  2.685276e+000  0.000000e+000 -3.558079e+001
    endloop
  endfacet
  facet normal  0.000000e+000 -1.000000e+000  0.000000e+000
    outer loop
      vertex  2.000000e+000  0.000000e+000 -3.375000e+001
      vertex  2.685276e+000  0.000000e+000 -3.558079e+001
      vertex  2.928149e+000  0.000000e+000 -3.516012e+001
    endloop
  endfacet
  facet normal  0.000000e+000 -9.999999e-001  0.000000e+000
    outer loop
      vertex  2.000000e+000  0.000000e+000 -3.375000e+001
      vertex  2.928149e+000  0.000000e+000 -3.516012e+001
      vertex  3.105612e+000  0.000000e+000 -3.470795e+001
    endloop
  endfacet
  facet normal  0.000000e+000 -1.000000e+000  0.000000e+000
    outer loop
      vertex  2.000000e+000  0.000000e+000 -3.375000e+001
      vertex  3.105612e+000  0.000000e+000 -3.470795e+001
      vertex  3.213700e+000  0.000000e+000 -3.423439e+001
    endloop
  endfacet
  facet normal  0.000000e+000 -1.000000e+000  0.000000e+000
    outer loop
      vertex  2.000000e+000  0.000000e+000 -3.375000e+001
      vertex  3.213700e+000  0.000000e+000 -3.423439e+001
      vertex  3.250000e+000  0.000000e+000 -3.375000e+001
    endloop
  endfacet
  facet normal  0.000000e+000 -1.000000e+000  0.000000e+000
    outer loop
      vertex  2.000000e+000  0.000000e+000 -3.375000e+001
      vertex  3.250000e+000  0.000000e+000 -3.375000e+001
      vertex  3.250000e+000  0.000000e+000  1.870931e-016
    endloop
  endfacet
  facet normal  0.000000e+000 -1.000000e+000  0.000000e+000
    outer loop
      vertex  2.000000e+000  0.000000e+000 -3.375000e+001
      vertex  3.250000e+000  0.000000e+000  1.870931e-016
      vertex  2.000000e+000  0.000000e+000 -8.881784e-016
    endloop
  endfacet
  facet normal  0.000000e+000 -1.000000e+000  -0.000000e+000
    outer loop
      vertex  2.000000e+000  0.000000e+000 -3.375000e+001
      vertex  2.000000e+000  0.000000e+000 -8.881784e-016
      vertex  1.961571e+000  0.000000e+000 -3.901806e-001
    endloop
  endfacet
  facet normal  0.000000e+000 -1.000000e+000  0.000000e+000
    outer loop
      vertex  2.000000e+000  0.000000e+000 -3.375000e+001
      vertex  1.961571e+000  0.000000e+000 -3.901806e-001
      vertex  1.961571e+000  0.000000e+000 -3.335982e+001
    endloop
  endfacet
  facet normal  0.000000e+000 -1.000000e+000  0.000000e+000
    outer loop
      vertex -2.026342e+000  0.000000e+000 -3.629095e+001
      vertex -1.625000e+000  0.000000e+000 -3.656458e+001
      vertex -1.662939e+000  0.000000e+000 -3.486114e+001
    endloop
  endfacet
  facet normal  -0.000000e+000 -1.000000e+000  0.000000e+000
    outer loop
      vertex -2.026342e+000  0.000000e+000 -3.629095e+001
      vertex -1.662939e+000  0.000000e+000 -3.486114e+001
      vertex -1.847759e+000  0.000000e+000 -3.451537e+001
    endloop
  endfacet
  facet normal  -0.000000e+000 -1.000000e+000  0.000000e+000
    outer loop
      vertex -2.026342e+000  0.000000e+000 -3.629095e+001
      vertex -1.847759e+000  0.000000e+000 -3.451537e+001
      vertex -1.961571e+000  0.000000e+000 -3.414018e+001
    endloop
  endfacet
  facet normal  -0.000000e+000 -1.000000e+000  0.000000e+000
    outer loop
      vertex -2.026342e+000  0.000000e+000 -3.629095e+001
      vertex -1.961571e+000  0.000000e+000 -3.414018e+001
      vertex -2.000000e+000  0.000000e+000 -3.375000e+001
    endloop
  endfacet
  facet normal  -0.000000e+000 -1.000000e+000  0.000000e+000
    outer loop
      vertex -2.026342e+000  0.000000e+000 -3.629095e+001
      vertex -2.000000e+000  0.000000e+000 -3.375000e+001
      vertex -3.250000e+000  0.000000e+000 -3.375000e+001
    endloop
  endfacet
  facet normal  0.000000e+000 -1.000000e+000  0.000000e+000
    outer loop
      vertex -3.250000e+000  0.000000e+000 -3.375000e+001
      vertex -3.213700e+000  0.000000e+000 -3.423439e+001
      vertex -3.105612e+000  0.000000e+000 -3.470795e+001
    endloop
  endfacet
  facet normal  0.000000e+000 -1.000000e+000  0.000000e+000
    outer loop
      vertex -3.250000e+000  0.000000e+000 -3.375000e+001
      vertex -3.105612e+000  0.000000e+000 -3.470795e+001
      vertex -2.928149e+000  0.000000e+000 -3.516012e+001
    endloop
  endfacet
  facet normal  0.000000e+000 -1.000000e+000  0.000000e+000
    outer loop
      vertex -3.250000e+000  0.000000e+000 -3.375000e+001
      vertex -2.928149e+000  0.000000e+000 -3.516012e+001
      vertex -2.685276e+000  0.000000e+000 -3.558079e+001
    endloop
  endfacet
  facet normal  0.000000e+000 -1.000000e+000  0.000000e+000
    outer loop
      vertex -3.250000e+000  0.000000e+000 -3.375000e+001
      vertex -2.685276e+000  0.000000e+000 -3.558079e+001
      vertex -2.382419e+000  0.000000e+000 -3.596056e+001
    endloop
  endfacet
  facet normal  0.000000e+000 -1.000000e+000  0.000000e+000
    outer loop
      vertex -3.250000e+000  0.000000e+000 -3.375000e+001
      vertex -2.382419e+000  0.000000e+000 -3.596056e+001
      vertex -2.026342e+000  0.000000e+000 -3.629095e+001
    endloop
  endfacet
  facet normal  -0.000000e+000 -1.000000e+000  0.000000e+000
    outer loop
      vertex  2.000000e+000  0.000000e+000 -8.881784e-016
      vertex  3.250000e+000  0.000000e+000  1.870931e-016
      vertex  3.213700e+000  0.000000e+000  4.843874e-001
    endloop
  endfacet
  facet normal  -0.000000e+000 -1.000000e+000  0.000000e+000
    outer loop
      vertex  2.000000e+000  0.000000e+000 -8.881784e-016
      vertex  3.213700e+000  0.000000e+000  4.843874e-001
      vertex  3.105612e+000  0.000000e+000  9.579543e-001
    endloop
  endfacet
  facet normal  -0.000000e+000 -1.000000e+000  0.000000e+000
    outer loop
      vertex  2.000000e+000  0.000000e+000 -8.881784e-016
      vertex  3.105612e+000  0.000000e+000  9.579543e-001
      vertex  2.928149e+000  0.000000e+000  1.410122e+000
    endloop
  endfacet
  facet normal  -0.000000e+000 -1.000000e+000  0.000000e+000
    outer loop
      vertex  2.000000e+000  0.000000e+000 -8.881784e-016
      vertex  2.928149e+000  0.000000e+000  1.410122e+000
      vertex  2.685276e+000  0.000000e+000  1.830790e+000
    endloop
  endfacet
  facet normal  -0.000000e+000 -1.000000e+000  0.000000e+000
    outer loop
      vertex  2.000000e+000  0.000000e+000 -8.881784e-016
      vertex  2.685276e+000  0.000000e+000  1.830790e+000
      vertex  2.382419e+000  0.000000e+000  2.210562e+000
    endloop
  endfacet
  facet normal  -0.000000e+000 -1.000000e+000  0.000000e+000
    outer loop
      vertex  2.000000e+000  0.000000e+000 -8.881784e-016
      vertex  2.382419e+000  0.000000e+000  2.210562e+000
      vertex  2.026342e+000  0.000000e+000  2.540952e+000
    endloop
  endfacet
  facet normal  0.000000e+000 -1.000000e+000  0.000000e+000
    outer loop
      vertex  2.000000e+000  0.000000e+000 -8.881784e-016
      vertex  2.026342e+000  0.000000e+000  2.540952e+000
      vertex  1.961571e+000  0.000000e+000  3.901806e-001
    endloop
  endfacet
  facet normal  0.000000e+000 -1.000000e+000  0.000000e+000
    outer loop
      vertex -2.026342e+000  0.000000e+000  2.540952e+000
      vertex -2.000000e+000  0.000000e+000 -2.449294e-016
      vertex -1.961571e+000  0.000000e+000  3.901806e-001
    endloop
  endfacet
  facet normal  0.000000e+000 -1.000000e+000  0.000000e+000
    outer loop
      vertex -2.026342e+000  0.000000e+000  2.540952e+000
      vertex -1.961571e+000  0.000000e+000  3.901806e-001
      vertex -1.847759e+000  0.000000e+000  7.653669e-001
    endloop
  endfacet
  facet normal  0.000000e+000 -9.999999e-001  0.000000e+000
    outer loop
      vertex -2.026342e+000  0.000000e+000  2.540952e+000
      vertex -1.847759e+000  0.000000e+000  7.653669e-001
      vertex -1.662939e+000  0.000000e+000  1.111140e+000
    endloop
  endfacet
  facet normal  0.000000e+000 -1.000000e+000  0.000000e+000
    outer loop
      vertex -2.026342e+000  0.000000e+000  2.540952e+000
      vertex -1.662939e+000  0.000000e+000  1.111140e+000
      vertex -1.625000e+000  0.000000e+000  2.814583e+000
    endloop
  endfacet
  facet normal  0.000000e+000 -1.000000e+000  0.000000e+000
    outer loop
      vertex -3.250000e+000  0.000000e+000  2.109171e-016
      vertex -3.250000e+000  0.000000e+000 -3.375000e+001
      vertex -2.000000e+000  0.000000e+000 -3.375000e+001
    endloop
  endfacet
  facet normal  0.000000e+000 -1.000000e+000  0.000000e+000
    outer loop
      vertex -3.250000e+000  0.000000e+000  2.109171e-016
      vertex -2.000000e+000  0.000000e+000 -3.375000e+001
      vertex -2.000000e+000  0.000000e+000 -2.449294e-016
    endloop
  endfacet
  facet normal  0.000000e+000 -1.000000e+000  0.000000e+000
    outer loop
      vertex -3.250000e+000  0.000000e+000  2.109171e-016
      vertex -2.000000e+000  0.000000e+000 -2.449294e-016
      vertex -2.026342e+000  0.000000e+000  2.540952e+000
    endloop
  endfacet
  facet normal  0.000000e+000 -1.000000e+000  0.000000e+000
    outer loop
      vertex -3.250000e+000  0.000000e+000  2.109171e-016
      vertex -2.026342e+000  0.000000e+000  2.540952e+000
      vertex -2.382419e+000  0.000000e+000  2.210562e+000
    endloop
  endfacet
  facet normal  0.000000e+000 -1.000000e+000  0.000000e+000
    outer loop
      vertex -3.250000e+000  0.000000e+000  2.109171e-016
      vertex -2.382419e+000  0.000000e+000  2.210562e+000
      vertex -2.685276e+000  0.000000e+000  1.830790e+000
    endloop
  endfacet
  facet normal  0.000000e+000 -1.000000e+000  0.000000e+000
    outer loop
      vertex -3.250000e+000  0.000000e+000  2.109171e-016
      vertex -2.685276e+000  0.000000e+000  1.830790e+000
      vertex -2.928149e+000  0.000000e+000  1.410122e+000
    endloop
  endfacet
  facet normal  0.000000e+000 -1.000000e+000  0.000000e+000
    outer loop
      vertex -3.250000e+000  0.000000e+000  2.109171e-016
      vertex -2.928149e+000  0.000000e+000  1.410122e+000
      vertex -3.105612e+000  0.000000e+000  9.579543e-001
    endloop
  endfacet
  facet normal  0.000000e+000 -1.000000e+000  0.000000e+000
    outer loop
      vertex -3.250000e+000  0.000000e+000  2.109171e-016
      vertex -3.105612e+000  0.000000e+000  9.579543e-001
      vertex -3.213700e+000  0.000000e+000  4.843874e-001
    endloop
  endfacet
  facet normal  0.000000e+000 -1.000000e+000  0.000000e+000
    outer loop
      vertex  1.662939e+000  0.000000e+000 -3.486114e+001
      vertex  1.625000e+000  0.000000e+000 -3.656458e+001
      vertex  1.847759e+000  0.000000e+000 -3.451537e+001
    endloop
  endfacet
  facet normal  0.000000e+000 -9.999999e-001  -0.000000e+000
    outer loop
      vertex  1.847759e+000  0.000000e+000 -3.451537e+001
      vertex  1.625000e+000  0.000000e+000 -3.656458e+001
      vertex  2.026342e+000  0.000000e+000 -3.629095e+001
    endloop
  endfacet
  facet normal  0.000000e+000 -1.000000e+000  0.000000e+000
    outer loop
      vertex  1.847759e+000  0.000000e+000 -3.451537e+001
      vertex  2.026342e+000  0.000000e+000 -3.629095e+001
      vertex  1.961571e+000  0.000000e+000 -3.414018e+001
    endloop
  endfacet
  facet normal  0.000000e+000 -1.000000e+000  0.000000e+000
    outer loop
      vertex  1.111140e+000  0.000000e+000 -3.541294e+001
      vertex  1.187358e+000  0.000000e+000 -3.677534e+001
      vertex  1.414214e+000  0.000000e+000 -3.516422e+001
    endloop
  endfacet
  facet normal  0.000000e+000 -1.000000e+000  -0.000000e+000
    outer loop
      vertex  1.414214e+000  0.000000e+000 -3.516422e+001
      vertex  1.187358e+000  0.000000e+000 -3.677534e+001
      vertex  1.625000e+000  0.000000e+000 -3.656458e+001
    endloop
  endfacet
  facet normal  0.000000e+000 -1.000000e+000  0.000000e+000
    outer loop
      vertex  1.414214e+000  0.000000e+000 -3.516422e+001
      vertex  1.625000e+000  0.000000e+000 -3.656458e+001
      vertex  1.662939e+000  0.000000e+000 -3.486114e+001
    endloop
  endfacet
  facet normal  0.000000e+000 -1.000000e+000  0.000000e+000
    outer loop
      vertex -3.901806e-001  0.000000e+000 -3.571157e+001
      vertex -2.428728e-001  0.000000e+000 -3.699091e+001
      vertex -4.010718e-015  0.000000e+000 -3.575000e+001
    endloop
  endfacet
  facet normal  0.000000e+000 -1.000000e+000  -0.000000e+000
    outer loop
      vertex -4.010718e-015  0.000000e+000 -3.575000e+001
      vertex -2.428728e-001  0.000000e+000 -3.699091e+001
      vertex  2.428728e-001  0.000000e+000 -3.699091e+001
    endloop
  endfacet
  facet normal  0.000000e+000 -1.000000e+000  0.000000e+000
    outer loop
      vertex -4.010718e-015  0.000000e+000 -3.575000e+001
      vertex  2.428728e-001  0.000000e+000 -3.699091e+001
      vertex  3.901806e-001  0.000000e+000 -3.571157e+001
    endloop
  endfacet
  facet normal  0.000000e+000 -1.000000e+000  -0.000000e+000
    outer loop
      vertex  3.901806e-001  0.000000e+000 -3.571157e+001
      vertex  2.428728e-001  0.000000e+000 -3.699091e+001
      vertex  7.231930e-001  0.000000e+000 -3.691851e+001
    endloop
  endfacet
  facet normal  0.000000e+000 -9.999999e-001  0.000000e+000
    outer loop
      vertex  3.901806e-001  0.000000e+000 -3.571157e+001
      vertex  7.231930e-001  0.000000e+000 -3.691851e+001
      vertex  7.653669e-001  0.000000e+000 -3.559776e+001
    endloop
  endfacet
  facet normal  0.000000e+000 -9.999999e-001  -0.000000e+000
    outer loop
      vertex  7.653669e-001  0.000000e+000 -3.559776e+001
      vertex  7.231930e-001  0.000000e+000 -3.691851e+001
      vertex  1.187358e+000  0.000000e+000 -3.677534e+001
    endloop
  endfacet
  facet normal  0.000000e+000 -1.000000e+000  0.000000e+000
    outer loop
      vertex  7.653669e-001  0.000000e+000 -3.559776e+001
      vertex  1.187358e+000  0.000000e+000 -3.677534e+001
      vertex  1.111140e+000  0.000000e+000 -3.541294e+001
    endloop
  endfacet
  facet normal  0.000000e+000 -1.000000e+000  0.000000e+000
    outer loop
      vertex -1.662939e+000  0.000000e+000 -3.486114e+001
      vertex -1.625000e+000  0.000000e+000 -3.656458e+001
      vertex -1.414214e+000  0.000000e+000 -3.516422e+001
    endloop
  endfacet
  facet normal  0.000000e+000 -1.000000e+000  -0.000000e+000
    outer loop
      vertex -1.414214e+000  0.000000e+000 -3.516422e+001
      vertex -1.625000e+000  0.000000e+000 -3.656458e+001
      vertex -1.187358e+000  0.000000e+000 -3.677534e+001
    endloop
  endfacet
  facet normal  0.000000e+000 -1.000000e+000  0.000000e+000
    outer loop
      vertex -1.414214e+000  0.000000e+000 -3.516422e+001
      vertex -1.187358e+000  0.000000e+000 -3.677534e+001
      vertex -1.111140e+000  0.000000e+000 -3.541294e+001
    endloop
  endfacet
  facet normal  0.000000e+000 -1.000000e+000  -0.000000e+000
    outer loop
      vertex -1.111140e+000  0.000000e+000 -3.541294e+001
      vertex -1.187358e+000  0.000000e+000 -3.677534e+001
      vertex -7.231930e-001  0.000000e+000 -3.691851e+001
    endloop
  endfacet
  facet normal  0.000000e+000 -1.000000e+000  0.000000e+000
    outer loop
      vertex -1.111140e+000  0.000000e+000 -3.541294e+001
      vertex -7.231930e-001  0.000000e+000 -3.691851e+001
      vertex -7.653669e-001  0.000000e+000 -3.559776e+001
    endloop
  endfacet
  facet normal  0.000000e+000 -1.000000e+000  0.000000e+000
    outer loop
      vertex -7.653669e-001  0.000000e+000 -3.559776e+001
      vertex -7.231930e-001  0.000000e+000 -3.691851e+001
      vertex -2.428728e-001  0.000000e+000 -3.699091e+001
    endloop
  endfacet
  facet normal  0.000000e+000 -1.000000e+000  0.000000e+000
    outer loop
      vertex -7.653669e-001  0.000000e+000 -3.559776e+001
      vertex -2.428728e-001  0.000000e+000 -3.699091e+001
      vertex -3.901806e-001  0.000000e+000 -3.571157e+001
    endloop
  endfacet
  facet normal  0.000000e+000 -1.000000e+000  0.000000e+000
    outer loop
      vertex -3.216245e-016  0.000000e+000 -2.000000e+000
      vertex  3.901806e-001  0.000000e+000 -3.178843e+001
      vertex  3.901806e-001  0.000000e+000 -1.961571e+000
    endloop
  endfacet
  facet normal  0.000000e+000 -1.000000e+000  0.000000e+000
    outer loop
      vertex  3.901806e-001  0.000000e+000 -1.961571e+000
      vertex  3.901806e-001  0.000000e+000 -3.178843e+001
      vertex  7.653669e-001  0.000000e+000 -3.190224e+001
    endloop
  endfacet
  facet normal  0.000000e+000 -9.999999e-001  0.000000e+000
    outer loop
      vertex  3.901806e-001  0.000000e+000 -1.961571e+000
      vertex  7.653669e-001  0.000000e+000 -3.190224e+001
      vertex  7.653669e-001  0.000000e+000 -1.847759e+000
    endloop
  endfacet
  facet normal  0.000000e+000 -9.999999e-001  0.000000e+000
    outer loop
      vertex  7.653669e-001  0.000000e+000 -1.847759e+000
      vertex  7.653669e-001  0.000000e+000 -3.190224e+001
      vertex  1.111140e+000  0.000000e+000 -3.208706e+001
    endloop
  endfacet
  facet normal  0.000000e+000 -1.000000e+000  0.000000e+000
    outer loop
      vertex  7.653669e-001  0.000000e+000 -1.847759e+000
      vertex  1.111140e+000  0.000000e+000 -3.208706e+001
      vertex  1.111140e+000  0.000000e+000 -1.662939e+000
    endloop
  endfacet
  facet normal  0.000000e+000 -1.000000e+000  0.000000e+000
    outer loop
      vertex  1.111140e+000  0.000000e+000 -1.662939e+000
      vertex  1.111140e+000  0.000000e+000 -3.208706e+001
      vertex  1.414214e+000  0.000000e+000 -3.233578e+001
    endloop
  endfacet
  facet normal  0.000000e+000 -1.000000e+000  0.000000e+000
    outer loop
      vertex  1.111140e+000  0.000000e+000 -1.662939e+000
      vertex  1.414214e+000  0.000000e+000 -3.233578e+001
      vertex  1.414214e+000  0.000000e+000 -1.414214e+000
    endloop
  endfacet
  facet normal  0.000000e+000 -1.000000e+000  0.000000e+000
    outer loop
      vertex  1.414214e+000  0.000000e+000 -1.414214e+000
      vertex  1.414214e+000  0.000000e+000 -3.233578e+001
      vertex  1.662939e+000  0.000000e+000 -3.263886e+001
    endloop
  endfacet
  facet normal  0.000000e+000 -1.000000e+000  0.000000e+000
    outer loop
      vertex  1.414214e+000  0.000000e+000 -1.414214e+000
      vertex  1.662939e+000  0.000000e+000 -3.263886e+001
      vertex  1.662939e+000  0.000000e+000 -1.111140e+000
    endloop
  endfacet
  facet normal  0.000000e+000 -1.000000e+000  0.000000e+000
    outer loop
      vertex  1.662939e+000  0.000000e+000 -1.111140e+000
      vertex  1.662939e+000  0.000000e+000 -3.263886e+001
      vertex  1.847759e+000  0.000000e+000 -3.298463e+001
    endloop
  endfacet
  facet normal  0.000000e+000 -1.000000e+000  0.000000e+000
    outer loop
      vertex  1.662939e+000  0.000000e+000 -1.111140e+000
      vertex  1.847759e+000  0.000000e+000 -3.298463e+001
      vertex  1.847759e+000  0.000000e+000 -7.653669e-001
    endloop
  endfacet
  facet normal  0.000000e+000 -1.000000e+000  0.000000e+000
    outer loop
      vertex  1.847759e+000  0.000000e+000 -7.653669e-001
      vertex  1.847759e+000  0.000000e+000 -3.298463e+001
      vertex  1.961571e+000  0.000000e+000 -3.335982e+001
    endloop
  endfacet
  facet normal  0.000000e+000 -1.000000e+000  0.000000e+000
    outer loop
      vertex  1.847759e+000  0.000000e+000 -7.653669e-001
      vertex  1.961571e+000  0.000000e+000 -3.335982e+001
      vertex  1.961571e+000  0.000000e+000 -3.901806e-001
    endloop
  endfacet
  facet normal  0.000000e+000 -1.000000e+000  -0.000000e+000
    outer loop
      vertex  3.901806e-001  0.000000e+000 -3.178843e+001
      vertex -3.216245e-016  0.000000e+000 -2.000000e+000
      vertex -4.500577e-015  0.000000e+000 -3.175000e+001
    endloop
  endfacet
  facet normal  0.000000e+000 -1.000000e+000  0.000000e+000
    outer loop
      vertex -4.500577e-015  0.000000e+000 -3.175000e+001
      vertex -3.216245e-016  0.000000e+000 -2.000000e+000
      vertex -3.901806e-001  0.000000e+000 -1.961571e+000
    endloop
  endfacet
  facet normal  0.000000e+000 -1.000000e+000  0.000000e+000
    outer loop
      vertex -4.500577e-015  0.000000e+000 -3.175000e+001
      vertex -3.901806e-001  0.000000e+000 -1.961571e+000
      vertex -3.901806e-001  0.000000e+000 -3.178843e+001
    endloop
  endfacet
  facet normal  0.000000e+000 -1.000000e+000  0.000000e+000
    outer loop
      vertex -3.901806e-001  0.000000e+000 -3.178843e+001
      vertex -3.901806e-001  0.000000e+000 -1.961571e+000
      vertex -7.653669e-001  0.000000e+000 -1.847759e+000
    endloop
  endfacet
  facet normal  0.000000e+000 -9.999999e-001  0.000000e+000
    outer loop
      vertex -3.901806e-001  0.000000e+000 -3.178843e+001
      vertex -7.653669e-001  0.000000e+000 -1.847759e+000
      vertex -7.653669e-001  0.000000e+000 -3.190224e+001
    endloop
  endfacet
  facet normal  0.000000e+000 -9.999999e-001  0.000000e+000
    outer loop
      vertex -7.653669e-001  0.000000e+000 -3.190224e+001
      vertex -7.653669e-001  0.000000e+000 -1.847759e+000
      vertex -1.111140e+000  0.000000e+000 -1.662939e+000
    endloop
  endfacet
  facet normal  0.000000e+000 -1.000000e+000  0.000000e+000
    outer loop
      vertex -7.653669e-001  0.000000e+000 -3.190224e+001
      vertex -1.111140e+000  0.000000e+000 -1.662939e+000
      vertex -1.111140e+000  0.000000e+000 -3.208706e+001
    endloop
  endfacet
  facet normal  0.000000e+000 -1.000000e+000  0.000000e+000
    outer loop
      vertex -1.111140e+000  0.000000e+000 -3.208706e+001
      vertex -1.111140e+000  0.000000e+000 -1.662939e+000
      vertex -1.414214e+000  0.000000e+000 -1.414214e+000
    endloop
  endfacet
  facet normal  0.000000e+000 -1.000000e+000  0.000000e+000
    outer loop
      vertex -1.111140e+000  0.000000e+000 -3.208706e+001
      vertex -1.414214e+000  0.000000e+000 -1.414214e+000
      vertex -1.414214e+000  0.000000e+000 -3.233578e+001
    endloop
  endfacet
  facet normal  0.000000e+000 -1.000000e+000  0.000000e+000
    outer loop
      vertex -1.414214e+000  0.000000e+000 -3.233578e+001
      vertex -1.414214e+000  0.000000e+000 -1.414214e+000
      vertex -1.662939e+000  0.000000e+000 -1.111140e+000
    endloop
  endfacet
  facet normal  0.000000e+000 -1.000000e+000  0.000000e+000
    outer loop
      vertex -1.414214e+000  0.000000e+000 -3.233578e+001
      vertex -1.662939e+000  0.000000e+000 -1.111140e+000
      vertex -1.662939e+000  0.000000e+000 -3.263886e+001
    endloop
  endfacet
  facet normal  0.000000e+000 -1.000000e+000  0.000000e+000
    outer loop
      vertex -1.662939e+000  0.000000e+000 -3.263886e+001
      vertex -1.662939e+000  0.000000e+000 -1.111140e+000
      vertex -1.847759e+000  0.000000e+000 -7.653669e-001
    endloop
  endfacet
  facet normal  0.000000e+000 -1.000000e+000  0.000000e+000
    outer loop
      vertex -1.662939e+000  0.000000e+000 -3.263886e+001
      vertex -1.847759e+000  0.000000e+000 -7.653669e-001
      vertex -1.847759e+000  0.000000e+000 -3.298463e+001
    endloop
  endfacet
  facet normal  0.000000e+000 -1.000000e+000  0.000000e+000
    outer loop
      vertex -1.847759e+000  0.000000e+000 -3.298463e+001
      vertex -1.847759e+000  0.000000e+000 -7.653669e-001
      vertex -1.961571e+000  0.000000e+000 -3.901806e-001
    endloop
  endfacet
  facet normal  0.000000e+000 -1.000000e+000  0.000000e+000
    outer loop
      vertex -1.847759e+000  0.000000e+000 -3.298463e+001
      vertex -1.961571e+000  0.000000e+000 -3.901806e-001
      vertex -1.961571e+000  0.000000e+000 -3.335982e+001
    endloop
  endfacet
  facet normal  0.000000e+000 -1.000000e+000  0.000000e+000
    outer loop
      vertex -1.961571e+000  0.000000e+000 -3.335982e+001
      vertex -1.961571e+000  0.000000e+000 -3.901806e-001
      vertex -2.000000e+000  0.000000e+000 -2.449294e-016
    endloop
  endfacet
  facet normal  0.000000e+000 -1.000000e+000  0.000000e+000
    outer loop
      vertex -1.961571e+000  0.000000e+000 -3.335982e+001
      vertex -2.000000e+000  0.000000e+000 -2.449294e-016
      vertex -2.000000e+000  0.000000e+000 -3.375000e+001
    endloop
  endfacet
  facet normal  0.000000e+000 -1.000000e+000  0.000000e+000
    outer loop
      vertex  1.662939e+000  0.000000e+000  1.111140e+000
      vertex  1.847759e+000  0.000000e+000  7.653669e-001
      vertex  1.625000e+000  0.000000e+000  2.814583e+000
    endloop
  endfacet
  facet normal  0.000000e+000 -1.000000e+000  0.000000e+000
    outer loop
      vertex  1.625000e+000  0.000000e+000  2.814583e+000
      vertex  1.847759e+000  0.000000e+000  7.653669e-001
      vertex  1.961571e+000  0.000000e+000  3.901806e-001
    endloop
  endfacet
  facet normal  0.000000e+000 -9.999999e-001  0.000000e+000
    outer loop
      vertex  1.625000e+000  0.000000e+000  2.814583e+000
      vertex  1.961571e+000  0.000000e+000  3.901806e-001
      vertex  2.026342e+000  0.000000e+000  2.540952e+000
    endloop
  endfacet
  facet normal  0.000000e+000 -1.000000e+000  0.000000e+000
    outer loop
      vertex  1.111140e+000  0.000000e+000  1.662939e+000
      vertex  1.414214e+000  0.000000e+000  1.414214e+000
      vertex  1.187358e+000  0.000000e+000  3.025340e+000
    endloop
  endfacet
  facet normal  0.000000e+000 -1.000000e+000  0.000000e+000
    outer loop
      vertex  1.187358e+000  0.000000e+000  3.025340e+000
      vertex  1.414214e+000  0.000000e+000  1.414214e+000
      vertex  1.662939e+000  0.000000e+000  1.111140e+000
    endloop
  endfacet
  facet normal  0.000000e+000 -1.000000e+000  0.000000e+000
    outer loop
      vertex  1.187358e+000  0.000000e+000  3.025340e+000
      vertex  1.662939e+000  0.000000e+000  1.111140e+000
      vertex  1.625000e+000  0.000000e+000  2.814583e+000
    endloop
  endfacet
  facet normal  -0.000000e+000 -1.000000e+000  0.000000e+000
    outer loop
      vertex -3.901806e-001  0.000000e+000  1.961571e+000
      vertex -3.673940e-016  0.000000e+000  2.000000e+000
      vertex -2.428728e-001  0.000000e+000  3.240912e+000
    endloop
  endfacet
  facet normal  0.000000e+000 -1.000000e+000  0.000000e+000
    outer loop
      vertex -2.428728e-001  0.000000e+000  3.240912e+000
      vertex -3.673940e-016  0.000000e+000  2.000000e+000
      vertex  3.901806e-001  0.000000e+000  1.961571e+000
    endloop
  endfacet
  facet normal  0.000000e+000 -1.000000e+000  0.000000e+000
    outer loop
      vertex -2.428728e-001  0.000000e+000  3.240912e+000
      vertex  3.901806e-001  0.000000e+000  1.961571e+000
      vertex  2.428728e-001  0.000000e+000  3.240912e+000
    endloop
  endfacet
  facet normal  0.000000e+000 -9.999999e-001  0.000000e+000
    outer loop
      vertex  2.428728e-001  0.000000e+000  3.240912e+000
      vertex  3.901806e-001  0.000000e+000  1.961571e+000
      vertex  7.653669e-001  0.000000e+000  1.847759e+000
    endloop
  endfacet
  facet normal  0.000000e+000 -1.000000e+000  0.000000e+000
    outer loop
      vertex  2.428728e-001  0.000000e+000  3.240912e+000
      vertex  7.653669e-001  0.000000e+000  1.847759e+000
      vertex  7.231930e-001  0.000000e+000  3.168516e+000
    endloop
  endfacet
  facet normal  0.000000e+000 -1.000000e+000  0.000000e+000
    outer loop
      vertex  7.231930e-001  0.000000e+000  3.168516e+000
      vertex  7.653669e-001  0.000000e+000  1.847759e+000
      vertex  1.111140e+000  0.000000e+000  1.662939e+000
    endloop
  endfacet
  facet normal  0.000000e+000 -1.000000e+000  0.000000e+000
    outer loop
      vertex  7.231930e-001  0.000000e+000  3.168516e+000
      vertex  1.111140e+000  0.000000e+000  1.662939e+000
      vertex  1.187358e+000  0.000000e+000  3.025340e+000
    endloop
  endfacet
  facet normal  -0.000000e+000 -1.000000e+000  0.000000e+000
    outer loop
      vertex -1.662939e+000  0.000000e+000  1.111140e+000
      vertex -1.414214e+000  0.000000e+000  1.414214e+000
      vertex -1.625000e+000  0.000000e+000  2.814583e+000
    endloop
  endfacet
  facet normal  0.000000e+000 -1.000000e+000  0.000000e+000
    outer loop
      vertex -1.625000e+000  0.000000e+000  2.814583e+000
      vertex -1.414214e+000  0.000000e+000  1.414214e+000
      vertex -1.111140e+000  0.000000e+000  1.662939e+000
    endloop
  endfacet
  facet normal  0.000000e+000 -9.999999e-001  0.000000e+000
    outer loop
      vertex -1.625000e+000  0.000000e+000  2.814583e+000
      vertex -1.111140e+000  0.000000e+000  1.662939e+000
      vertex -1.187358e+000  0.000000e+000  3.025340e+000
    endloop
  endfacet
  facet normal  0.000000e+000 -1.000000e+000  0.000000e+000
    outer loop
      vertex -1.187358e+000  0.000000e+000  3.025340e+000
      vertex -1.111140e+000  0.000000e+000  1.662939e+000
      vertex -7.653669e-001  0.000000e+000  1.847759e+000
    endloop
  endfacet
  facet normal  0.000000e+000 -1.000000e+000  0.000000e+000
    outer loop
      vertex -1.187358e+000  0.000000e+000  3.025340e+000
      vertex -7.653669e-001  0.000000e+000  1.847759e+000
      vertex -7.231930e-001  0.000000e+000  3.168516e+000
    endloop
  endfacet
  facet normal  0.000000e+000 -1.000000e+000  -0.000000e+000
    outer loop
      vertex -7.231930e-001  0.000000e+000  3.168516e+000
      vertex -7.653669e-001  0.000000e+000  1.847759e+000
      vertex -3.901806e-001  0.000000e+000  1.961571e+000
    endloop
  endfacet
  facet normal  0.000000e+000 -1.000000e+000  0.000000e+000
    outer loop
      vertex -7.231930e-001  0.000000e+000  3.168516e+000
      vertex -3.901806e-001  0.000000e+000  1.961571e+000
      vertex -2.428728e-001  0.000000e+000  3.240912e+000
    endloop
  endfacet
  facet normal  -0.000000e+000  1.000000e+000  0.000000e+000
    outer loop
      vertex  2.000000e+000  3.000000e+000 -3.375000e+001
      vertex  1.961571e+000  3.000000e+000 -3.335982e+001
      vertex  1.961571e+000  3.000000e+000 -3.901806e-001
    endloop
  endfacet
  facet normal  -0.000000e+000  1.000000e+000  0.000000e+000
    outer loop
      vertex  2.000000e+000  3.000000e+000 -3.375000e+001
      vertex  1.961571e+000  3.000000e+000 -3.901806e-001
      vertex  2.000000e+000  3.000000e+000  0.000000e+000
    endloop
  endfacet
  facet normal  -0.000000e+000  1.000000e+000  0.000000e+000
    outer loop
      vertex  2.000000e+000  3.000000e+000 -3.375000e+001
      vertex  2.000000e+000  3.000000e+000  0.000000e+000
      vertex  3.250000e+000  3.000000e+000  1.870931e-016
    endloop
  endfacet
  facet normal  0.000000e+000  1.000000e+000  0.000000e+000
    outer loop
      vertex  2.000000e+000  3.000000e+000 -3.375000e+001
      vertex  3.250000e+000  3.000000e+000  1.870931e-016
      vertex  3.250000e+000  3.000000e+000 -3.375000e+001
    endloop
  endfacet
  facet normal  0.000000e+000  1.000000e+000  0.000000e+000
    outer loop
      vertex  2.000000e+000  3.000000e+000 -3.375000e+001
      vertex  3.250000e+000  3.000000e+000 -3.375000e+001
      vertex  3.213700e+000  3.000000e+000 -3.423439e+001
    endloop
  endfacet
  facet normal  0.000000e+000  1.000000e+000  0.000000e+000
    outer loop
      vertex  2.000000e+000  3.000000e+000 -3.375000e+001
      vertex  3.213700e+000  3.000000e+000 -3.423439e+001
      vertex  3.105612e+000  3.000000e+000 -3.470795e+001
    endloop
  endfacet
  facet normal  0.000000e+000  1.000000e+000  0.000000e+000
    outer loop
      vertex  2.000000e+000  3.000000e+000 -3.375000e+001
      vertex  3.105612e+000  3.000000e+000 -3.470795e+001
      vertex  2.928149e+000  3.000000e+000 -3.516012e+001
    endloop
  endfacet
  facet normal  0.000000e+000  1.000000e+000  0.000000e+000
    outer loop
      vertex  2.000000e+000  3.000000e+000 -3.375000e+001
      vertex  2.928149e+000  3.000000e+000 -3.516012e+001
      vertex  2.685276e+000  3.000000e+000 -3.558079e+001
    endloop
  endfacet
  facet normal  0.000000e+000  1.000000e+000  0.000000e+000
    outer loop
      vertex  2.000000e+000  3.000000e+000 -3.375000e+001
      vertex  2.685276e+000  3.000000e+000 -3.558079e+001
      vertex  2.382419e+000  3.000000e+000 -3.596056e+001
    endloop
  endfacet
  facet normal  0.000000e+000  1.000000e+000  0.000000e+000
    outer loop
      vertex  2.000000e+000  3.000000e+000 -3.375000e+001
      vertex  2.382419e+000  3.000000e+000 -3.596056e+001
      vertex  2.026342e+000  3.000000e+000 -3.629095e+001
    endloop
  endfacet
  facet normal  0.000000e+000  1.000000e+000  0.000000e+000
    outer loop
      vertex  2.000000e+000  3.000000e+000 -3.375000e+001
      vertex  2.026342e+000  3.000000e+000 -3.629095e+001
      vertex  1.961571e+000  3.000000e+000 -3.414018e+001
    endloop
  endfacet
  facet normal  -0.000000e+000  1.000000e+000  0.000000e+000
    outer loop
      vertex -2.026342e+000  3.000000e+000 -3.629095e+001
      vertex -3.250000e+000  3.000000e+000 -3.375000e+001
      vertex -2.000000e+000  3.000000e+000 -3.375000e+001
    endloop
  endfacet
  facet normal  0.000000e+000  1.000000e+000  0.000000e+000
    outer loop
      vertex -2.026342e+000  3.000000e+000 -3.629095e+001
      vertex -2.000000e+000  3.000000e+000 -3.375000e+001
      vertex -1.961571e+000  3.000000e+000 -3.414018e+001
    endloop
  endfacet
  facet normal  0.000000e+000  1.000000e+000  0.000000e+000
    outer loop
      vertex -2.026342e+000  3.000000e+000 -3.629095e+001
      vertex -1.961571e+000  3.000000e+000 -3.414018e+001
      vertex -1.847759e+000  3.000000e+000 -3.451537e+001
    endloop
  endfacet
  facet normal  0.000000e+000  1.000000e+000  0.000000e+000
    outer loop
      vertex -2.026342e+000  3.000000e+000 -3.629095e+001
      vertex -1.847759e+000  3.000000e+000 -3.451537e+001
      vertex -1.662939e+000  3.000000e+000 -3.486114e+001
    endloop
  endfacet
  facet normal  0.000000e+000  1.000000e+000  0.000000e+000
    outer loop
      vertex -2.026342e+000  3.000000e+000 -3.629095e+001
      vertex -1.662939e+000  3.000000e+000 -3.486114e+001
      vertex -1.625000e+000  3.000000e+000 -3.656458e+001
    endloop
  endfacet
  facet normal  0.000000e+000  1.000000e+000  0.000000e+000
    outer loop
      vertex -3.250000e+000  3.000000e+000 -3.375000e+001
      vertex -2.026342e+000  3.000000e+000 -3.629095e+001
      vertex -2.382419e+000  3.000000e+000 -3.596056e+001
    endloop
  endfacet
  facet normal  0.000000e+000  1.000000e+000  0.000000e+000
    outer loop
      vertex -3.250000e+000  3.000000e+000 -3.375000e+001
      vertex -2.382419e+000  3.000000e+000 -3.596056e+001
      vertex -2.685276e+000  3.000000e+000 -3.558079e+001
    endloop
  endfacet
  facet normal  0.000000e+000  1.000000e+000  0.000000e+000
    outer loop
      vertex -3.250000e+000  3.000000e+000 -3.375000e+001
      vertex -2.685276e+000  3.000000e+000 -3.558079e+001
      vertex -2.928149e+000  3.000000e+000 -3.516012e+001
    endloop
  endfacet
  facet normal  0.000000e+000  1.000000e+000  0.000000e+000
    outer loop
      vertex -3.250000e+000  3.000000e+000 -3.375000e+001
      vertex -2.928149e+000  3.000000e+000 -3.516012e+001
      vertex -3.105612e+000  3.000000e+000 -3.470795e+001
    endloop
  endfacet
  facet normal  0.000000e+000  1.000000e+000  0.000000e+000
    outer loop
      vertex -3.250000e+000  3.000000e+000 -3.375000e+001
      vertex -3.105612e+000  3.000000e+000 -3.470795e+001
      vertex -3.213700e+000  3.000000e+000 -3.423439e+001
    endloop
  endfacet
  facet normal  -0.000000e+000  1.000000e+000  0.000000e+000
    outer loop
      vertex  2.000000e+000  3.000000e+000  0.000000e+000
      vertex  1.961571e+000  3.000000e+000  3.901806e-001
      vertex  2.026342e+000  3.000000e+000  2.540952e+000
    endloop
  endfacet
  facet normal  0.000000e+000  1.000000e+000  0.000000e+000
    outer loop
      vertex  2.000000e+000  3.000000e+000  0.000000e+000
      vertex  2.026342e+000  3.000000e+000  2.540952e+000
      vertex  2.382419e+000  3.000000e+000  2.210562e+000
    endloop
  endfacet
  facet normal  0.000000e+000  1.000000e+000  0.000000e+000
    outer loop
      vertex  2.000000e+000  3.000000e+000  0.000000e+000
      vertex  2.382419e+000  3.000000e+000  2.210562e+000
      vertex  2.685276e+000  3.000000e+000  1.830790e+000
    endloop
  endfacet
  facet normal  0.000000e+000  1.000000e+000  0.000000e+000
    outer loop
      vertex  2.000000e+000  3.000000e+000  0.000000e+000
      vertex  2.685276e+000  3.000000e+000  1.830790e+000
      vertex  2.928149e+000  3.000000e+000  1.410122e+000
    endloop
  endfacet
  facet normal  0.000000e+000  1.000000e+000  0.000000e+000
    outer loop
      vertex  2.000000e+000  3.000000e+000  0.000000e+000
      vertex  2.928149e+000  3.000000e+000  1.410122e+000
      vertex  3.105612e+000  3.000000e+000  9.579543e-001
    endloop
  endfacet
  facet normal  0.000000e+000  1.000000e+000  0.000000e+000
    outer loop
      vertex  2.000000e+000  3.000000e+000  0.000000e+000
      vertex  3.105612e+000  3.000000e+000  9.579543e-001
      vertex  3.213700e+000  3.000000e+000  4.843874e-001
    endloop
  endfacet
  facet normal  0.000000e+000  1.000000e+000  0.000000e+000
    outer loop
      vertex  2.000000e+000  3.000000e+000  0.000000e+000
      vertex  3.213700e+000  3.000000e+000  4.843874e-001
      vertex  3.250000e+000  3.000000e+000  1.870931e-016
    endloop
  endfacet
  facet normal  0.000000e+000  1.000000e+000  0.000000e+000
    outer loop
      vertex -2.026342e+000  3.000000e+000  2.540952e+000
      vertex -1.625000e+000  3.000000e+000  2.814583e+000
      vertex -1.662939e+000  3.000000e+000  1.111140e+000
    endloop
  endfacet
  facet normal  0.000000e+000  9.999999e-001  0.000000e+000
    outer loop
      vertex -2.026342e+000  3.000000e+000  2.540952e+000
      vertex -1.662939e+000  3.000000e+000  1.111140e+000
      vertex -1.847759e+000  3.000000e+000  7.653669e-001
    endloop
  endfacet
  facet normal  0.000000e+000  1.000000e+000  0.000000e+000
    outer loop
      vertex -2.026342e+000  3.000000e+000  2.540952e+000
      vertex -1.847759e+000  3.000000e+000  7.653669e-001
      vertex -1.961571e+000  3.000000e+000  3.901806e-001
    endloop
  endfacet
  facet normal  0.000000e+000  1.000000e+000  0.000000e+000
    outer loop
      vertex -2.026342e+000  3.000000e+000  2.540952e+000
      vertex -1.961571e+000  3.000000e+000  3.901806e-001
      vertex -2.000000e+000  3.000000e+000 -2.449294e-016
    endloop
  endfacet
  facet normal  -0.000000e+000  1.000000e+000  0.000000e+000
    outer loop
      vertex -3.250000e+000  3.000000e+000  0.000000e+000
      vertex -3.213700e+000  3.000000e+000  4.843874e-001
      vertex -3.105612e+000  3.000000e+000  9.579543e-001
    endloop
  endfacet
  facet normal  -0.000000e+000  1.000000e+000  0.000000e+000
    outer loop
      vertex -3.250000e+000  3.000000e+000  0.000000e+000
      vertex -3.105612e+000  3.000000e+000  9.579543e-001
      vertex -2.928149e+000  3.000000e+000  1.410122e+000
    endloop
  endfacet
  facet normal  -0.000000e+000  1.000000e+000  0.000000e+000
    outer loop
      vertex -3.250000e+000  3.000000e+000  0.000000e+000
      vertex -2.928149e+000  3.000000e+000  1.410122e+000
      vertex -2.685276e+000  3.000000e+000  1.830790e+000
    endloop
  endfacet
  facet normal  -0.000000e+000  1.000000e+000  0.000000e+000
    outer loop
      vertex -3.250000e+000  3.000000e+000  0.000000e+000
      vertex -2.685276e+000  3.000000e+000  1.830790e+000
      vertex -2.382419e+000  3.000000e+000  2.210562e+000
    endloop
  endfacet
  facet normal  -0.000000e+000  1.000000e+000  0.000000e+000
    outer loop
      vertex -3.250000e+000  3.000000e+000  0.000000e+000
      vertex -2.382419e+000  3.000000e+000  2.210562e+000
      vertex -2.026342e+000  3.000000e+000  2.540952e+000
    endloop
  endfacet
  facet normal  0.000000e+000  1.000000e+000  0.000000e+000
    outer loop
      vertex -3.250000e+000  3.000000e+000  0.000000e+000
      vertex -2.026342e+000  3.000000e+000  2.540952e+000
      vertex -2.000000e+000  3.000000e+000 -2.449294e-016
    endloop
  endfacet
  facet normal  0.000000e+000  1.000000e+000  0.000000e+000
    outer loop
      vertex -3.250000e+000  3.000000e+000  0.000000e+000
      vertex -2.000000e+000  3.000000e+000 -2.449294e-016
      vertex -2.000000e+000  3.000000e+000 -3.375000e+001
    endloop
  endfacet
  facet normal  0.000000e+000  1.000000e+000  0.000000e+000
    outer loop
      vertex -3.250000e+000  3.000000e+000  0.000000e+000
      vertex -2.000000e+000  3.000000e+000 -3.375000e+001
      vertex -3.250000e+000  3.000000e+000 -3.375000e+001
    endloop
  endfacet
  facet normal  0.000000e+000  1.000000e+000  0.000000e+000
    outer loop
      vertex  1.961571e+000  3.000000e+000 -3.414018e+001
      vertex  2.026342e+000  3.000000e+000 -3.629095e+001
      vertex  1.847759e+000  3.000000e+000 -3.451537e+001
    endloop
  endfacet
  facet normal  0.000000e+000  9.999999e-001  0.000000e+000
    outer loop
      vertex  1.847759e+000  3.000000e+000 -3.451537e+001
      vertex  2.026342e+000  3.000000e+000 -3.629095e+001
      vertex  1.625000e+000  3.000000e+000 -3.656458e+001
    endloop
  endfacet
  facet normal  0.000000e+000  1.000000e+000  0.000000e+000
    outer loop
      vertex  1.847759e+000  3.000000e+000 -3.451537e+001
      vertex  1.625000e+000  3.000000e+000 -3.656458e+001
      vertex  1.662939e+000  3.000000e+000 -3.486114e+001
    endloop
  endfacet
  facet normal  0.000000e+000  1.000000e+000  -0.000000e+000
    outer loop
      vertex  1.662939e+000  3.000000e+000 -3.486114e+001
      vertex  1.625000e+000  3.000000e+000 -3.656458e+001
      vertex  1.414214e+000  3.000000e+000 -3.516422e+001
    endloop
  endfacet
  facet normal  0.000000e+000  1.000000e+000  0.000000e+000
    outer loop
      vertex  1.414214e+000  3.000000e+000 -3.516422e+001
      vertex  1.625000e+000  3.000000e+000 -3.656458e+001
      vertex  1.187358e+000  3.000000e+000 -3.677534e+001
    endloop
  endfacet
  facet normal  0.000000e+000  1.000000e+000  -0.000000e+000
    outer loop
      vertex  1.414214e+000  3.000000e+000 -3.516422e+001
      vertex  1.187358e+000  3.000000e+000 -3.677534e+001
      vertex  1.111140e+000  3.000000e+000 -3.541294e+001
    endloop
  endfacet
  facet normal  0.000000e+000  1.000000e+000  0.000000e+000
    outer loop
      vertex  1.111140e+000  3.000000e+000 -3.541294e+001
      vertex  1.187358e+000  3.000000e+000 -3.677534e+001
      vertex  7.653669e-001  3.000000e+000 -3.559776e+001
    endloop
  endfacet
  facet normal  0.000000e+000  9.999999e-001  0.000000e+000
    outer loop
      vertex  7.653669e-001  3.000000e+000 -3.559776e+001
      vertex  1.187358e+000  3.000000e+000 -3.677534e+001
      vertex  7.231930e-001  3.000000e+000 -3.691851e+001
    endloop
  endfacet
  facet normal  0.000000e+000  9.999999e-001  -0.000000e+000
    outer loop
      vertex  7.653669e-001  3.000000e+000 -3.559776e+001
      vertex  7.231930e-001  3.000000e+000 -3.691851e+001
      vertex  3.901806e-001  3.000000e+000 -3.571157e+001
    endloop
  endfacet
  facet normal  0.000000e+000  1.000000e+000  0.000000e+000
    outer loop
      vertex  3.901806e-001  3.000000e+000 -3.571157e+001
      vertex  7.231930e-001  3.000000e+000 -3.691851e+001
      vertex  2.428728e-001  3.000000e+000 -3.699091e+001
    endloop
  endfacet
  facet normal  0.000000e+000  1.000000e+000  -0.000000e+000
    outer loop
      vertex  3.901806e-001  3.000000e+000 -3.571157e+001
      vertex  2.428728e-001  3.000000e+000 -3.699091e+001
      vertex -4.010718e-015  3.000000e+000 -3.575000e+001
    endloop
  endfacet
  facet normal  0.000000e+000  1.000000e+000  0.000000e+000
    outer loop
      vertex -4.010718e-015  3.000000e+000 -3.575000e+001
      vertex  2.428728e-001  3.000000e+000 -3.699091e+001
      vertex -2.428728e-001  3.000000e+000 -3.699091e+001
    endloop
  endfacet
  facet normal  0.000000e+000  1.000000e+000  -0.000000e+000
    outer loop
      vertex -4.010718e-015  3.000000e+000 -3.575000e+001
      vertex -2.428728e-001  3.000000e+000 -3.699091e+001
      vertex -3.901806e-001  3.000000e+000 -3.571157e+001
    endloop
  endfacet
  facet normal  0.000000e+000  1.000000e+000  0.000000e+000
    outer loop
      vertex -3.901806e-001  3.000000e+000 -3.571157e+001
      vertex -2.428728e-001  3.000000e+000 -3.699091e+001
      vertex -7.653669e-001  3.000000e+000 -3.559776e+001
    endloop
  endfacet
  facet normal  0.000000e+000  1.000000e+000  0.000000e+000
    outer loop
      vertex -7.653669e-001  3.000000e+000 -3.559776e+001
      vertex -2.428728e-001  3.000000e+000 -3.699091e+001
      vertex -7.231930e-001  3.000000e+000 -3.691851e+001
    endloop
  endfacet
  facet normal  0.000000e+000  1.000000e+000  0.000000e+000
    outer loop
      vertex -7.653669e-001  3.000000e+000 -3.559776e+001
      vertex -7.231930e-001  3.000000e+000 -3.691851e+001
      vertex -1.111140e+000  3.000000e+000 -3.541294e+001
    endloop
  endfacet
  facet normal  0.000000e+000  1.000000e+000  0.000000e+000
    outer loop
      vertex -1.111140e+000  3.000000e+000 -3.541294e+001
      vertex -7.231930e-001  3.000000e+000 -3.691851e+001
      vertex -1.187358e+000  3.000000e+000 -3.677534e+001
    endloop
  endfacet
  facet normal  0.000000e+000  1.000000e+000  -0.000000e+000
    outer loop
      vertex -1.111140e+000  3.000000e+000 -3.541294e+001
      vertex -1.187358e+000  3.000000e+000 -3.677534e+001
      vertex -1.414214e+000  3.000000e+000 -3.516422e+001
    endloop
  endfacet
  facet normal  0.000000e+000  1.000000e+000  0.000000e+000
    outer loop
      vertex -1.414214e+000  3.000000e+000 -3.516422e+001
      vertex -1.187358e+000  3.000000e+000 -3.677534e+001
      vertex -1.625000e+000  3.000000e+000 -3.656458e+001
    endloop
  endfacet
  facet normal  0.000000e+000  1.000000e+000  -0.000000e+000
    outer loop
      vertex -1.414214e+000  3.000000e+000 -3.516422e+001
      vertex -1.625000e+000  3.000000e+000 -3.656458e+001
      vertex -1.662939e+000  3.000000e+000 -3.486114e+001
    endloop
  endfacet
  facet normal  0.000000e+000  1.000000e+000  -0.000000e+000
    outer loop
      vertex  1.961571e+000  3.000000e+000 -3.901806e-001
      vertex  1.961571e+000  3.000000e+000 -3.335982e+001
      vertex  1.847759e+000  3.000000e+000 -7.653669e-001
    endloop
  endfacet
  facet normal  0.000000e+000  1.000000e+000  0.000000e+000
    outer loop
      vertex  1.847759e+000  3.000000e+000 -7.653669e-001
      vertex  1.961571e+000  3.000000e+000 -3.335982e+001
      vertex  1.847759e+000  3.000000e+000 -3.298463e+001
    endloop
  endfacet
  facet normal  0.000000e+000  1.000000e+000  -0.000000e+000
    outer loop
      vertex  1.847759e+000  3.000000e+000 -7.653669e-001
      vertex  1.847759e+000  3.000000e+000 -3.298463e+001
      vertex  1.662939e+000  3.000000e+000 -1.111140e+000
    endloop
  endfacet
  facet normal  0.000000e+000  1.000000e+000  0.000000e+000
    outer loop
      vertex  1.662939e+000  3.000000e+000 -1.111140e+000
      vertex  1.847759e+000  3.000000e+000 -3.298463e+001
      vertex  1.662939e+000  3.000000e+000 -3.263886e+001
    endloop
  endfacet
  facet normal  0.000000e+000  1.000000e+000  -0.000000e+000
    outer loop
      vertex  1.662939e+000  3.000000e+000 -1.111140e+000
      vertex  1.662939e+000  3.000000e+000 -3.263886e+001
      vertex  1.414214e+000  3.000000e+000 -1.414214e+000
    endloop
  endfacet
  facet normal  0.000000e+000  1.000000e+000  0.000000e+000
    outer loop
      vertex  1.414214e+000  3.000000e+000 -1.414214e+000
      vertex  1.662939e+000  3.000000e+000 -3.263886e+001
      vertex  1.414214e+000  3.000000e+000 -3.233578e+001
    endloop
  endfacet
  facet normal  0.000000e+000  1.000000e+000  -0.000000e+000
    outer loop
      vertex  1.414214e+000  3.000000e+000 -1.414214e+000
      vertex  1.414214e+000  3.000000e+000 -3.233578e+001
      vertex  1.111140e+000  3.000000e+000 -1.662939e+000
    endloop
  endfacet
  facet normal  0.000000e+000  1.000000e+000  0.000000e+000
    outer loop
      vertex  1.111140e+000  3.000000e+000 -1.662939e+000
      vertex  1.414214e+000  3.000000e+000 -3.233578e+001
      vertex  1.111140e+000  3.000000e+000 -3.208706e+001
    endloop
  endfacet
  facet normal  0.000000e+000  1.000000e+000  -0.000000e+000
    outer loop
      vertex  1.111140e+000  3.000000e+000 -1.662939e+000
      vertex  1.111140e+000  3.000000e+000 -3.208706e+001
      vertex  7.653669e-001  3.000000e+000 -1.847759e+000
    endloop
  endfacet
  facet normal  0.000000e+000  9.999999e-001  0.000000e+000
    outer loop
      vertex  7.653669e-001  3.000000e+000 -1.847759e+000
      vertex  1.111140e+000  3.000000e+000 -3.208706e+001
      vertex  7.653669e-001  3.000000e+000 -3.190224e+001
    endloop
  endfacet
  facet normal  0.000000e+000  9.999999e-001  -0.000000e+000
    outer loop
      vertex  7.653669e-001  3.000000e+000 -1.847759e+000
      vertex  7.653669e-001  3.000000e+000 -3.190224e+001
      vertex  3.901806e-001  3.000000e+000 -1.961571e+000
    endloop
  endfacet
  facet normal  0.000000e+000  1.000000e+000  0.000000e+000
    outer loop
      vertex  3.901806e-001  3.000000e+000 -1.961571e+000
      vertex  7.653669e-001  3.000000e+000 -3.190224e+001
      vertex  3.901806e-001  3.000000e+000 -3.178843e+001
    endloop
  endfacet
  facet normal  0.000000e+000  1.000000e+000  -0.000000e+000
    outer loop
      vertex  3.901806e-001  3.000000e+000 -1.961571e+000
      vertex  3.901806e-001  3.000000e+000 -3.178843e+001
      vertex  1.224647e-016  3.000000e+000 -2.000000e+000
    endloop
  endfacet
  facet normal  0.000000e+000  1.000000e+000  0.000000e+000
    outer loop
      vertex  1.224647e-016  3.000000e+000 -2.000000e+000
      vertex  3.901806e-001  3.000000e+000 -3.178843e+001
      vertex -4.500577e-015  3.000000e+000 -3.175000e+001
    endloop
  endfacet
  facet normal  0.000000e+000  1.000000e+000  -0.000000e+000
    outer loop
      vertex  1.224647e-016  3.000000e+000 -2.000000e+000
      vertex -4.500577e-015  3.000000e+000 -3.175000e+001
      vertex -3.901806e-001  3.000000e+000 -1.961571e+000
    endloop
  endfacet
  facet normal  0.000000e+000  1.000000e+000  0.000000e+000
    outer loop
      vertex -3.901806e-001  3.000000e+000 -1.961571e+000
      vertex -4.500577e-015  3.000000e+000 -3.175000e+001
      vertex -3.901806e-001  3.000000e+000 -3.178843e+001
    endloop
  endfacet
  facet normal  0.000000e+000  1.000000e+000  -0.000000e+000
    outer loop
      vertex -3.901806e-001  3.000000e+000 -1.961571e+000
      vertex -3.901806e-001  3.000000e+000 -3.178843e+001
      vertex -7.653669e-001  3.000000e+000 -1.847759e+000
    endloop
  endfacet
  facet normal  0.000000e+000  9.999999e-001  0.000000e+000
    outer loop
      vertex -7.653669e-001  3.000000e+000 -1.847759e+000
      vertex -3.901806e-001  3.000000e+000 -3.178843e+001
      vertex -7.653669e-001  3.000000e+000 -3.190224e+001
    endloop
  endfacet
  facet normal  0.000000e+000  9.999999e-001  -0.000000e+000
    outer loop
      vertex -7.653669e-001  3.000000e+000 -1.847759e+000
      vertex -7.653669e-001  3.000000e+000 -3.190224e+001
      vertex -1.111140e+000  3.000000e+000 -1.662939e+000
    endloop
  endfacet
  facet normal  0.000000e+000  1.000000e+000  0.000000e+000
    outer loop
      vertex -1.111140e+000  3.000000e+000 -1.662939e+000
      vertex -7.653669e-001  3.000000e+000 -3.190224e+001
      vertex -1.111140e+000  3.000000e+000 -3.208706e+001
    endloop
  endfacet
  facet normal  0.000000e+000  1.000000e+000  -0.000000e+000
    outer loop
      vertex -1.111140e+000  3.000000e+000 -1.662939e+000
      vertex -1.111140e+000  3.000000e+000 -3.208706e+001
      vertex -1.414214e+000  3.000000e+000 -1.414214e+000
    endloop
  endfacet
  facet normal  0.000000e+000  1.000000e+000  0.000000e+000
    outer loop
      vertex -1.414214e+000  3.000000e+000 -1.414214e+000
      vertex -1.111140e+000  3.000000e+000 -3.208706e+001
      vertex -1.414214e+000  3.000000e+000 -3.233578e+001
    endloop
  endfacet
  facet normal  0.000000e+000  1.000000e+000  -0.000000e+000
    outer loop
      vertex -1.414214e+000  3.000000e+000 -1.414214e+000
      vertex -1.414214e+000  3.000000e+000 -3.233578e+001
      vertex -1.662939e+000  3.000000e+000 -1.111140e+000
    endloop
  endfacet
  facet normal  0.000000e+000  1.000000e+000  0.000000e+000
    outer loop
      vertex -1.662939e+000  3.000000e+000 -1.111140e+000
      vertex -1.414214e+000  3.000000e+000 -3.233578e+001
      vertex -1.662939e+000  3.000000e+000 -3.263886e+001
    endloop
  endfacet
  facet normal  0.000000e+000  1.000000e+000  -0.000000e+000
    outer loop
      vertex -1.662939e+000  3.000000e+000 -1.111140e+000
      vertex -1.662939e+000  3.000000e+000 -3.263886e+001
      vertex -1.847759e+000  3.000000e+000 -7.653669e-001
    endloop
  endfacet
  facet normal  0.000000e+000  1.000000e+000  0.000000e+000
    outer loop
      vertex -1.847759e+000  3.000000e+000 -7.653669e-001
      vertex -1.662939e+000  3.000000e+000 -3.263886e+001
      vertex -1.847759e+000  3.000000e+000 -3.298463e+001
    endloop
  endfacet
  facet normal  0.000000e+000  1.000000e+000  -0.000000e+000
    outer loop
      vertex -1.847759e+000  3.000000e+000 -7.653669e-001
      vertex -1.847759e+000  3.000000e+000 -3.298463e+001
      vertex -1.961571e+000  3.000000e+000 -3.901806e-001
    endloop
  endfacet
  facet normal  0.000000e+000  1.000000e+000  0.000000e+000
    outer loop
      vertex -1.961571e+000  3.000000e+000 -3.901806e-001
      vertex -1.847759e+000  3.000000e+000 -3.298463e+001
      vertex -1.961571e+000  3.000000e+000 -3.335982e+001
    endloop
  endfacet
  facet normal  0.000000e+000  1.000000e+000  -0.000000e+000
    outer loop
      vertex -1.961571e+000  3.000000e+000 -3.901806e-001
      vertex -1.961571e+000  3.000000e+000 -3.335982e+001
      vertex -2.000000e+000  3.000000e+000 -2.449294e-016
    endloop
  endfacet
  facet normal  0.000000e+000  1.000000e+000  0.000000e+000
    outer loop
      vertex -2.000000e+000  3.000000e+000 -2.449294e-016
      vertex -1.961571e+000  3.000000e+000 -3.335982e+001
      vertex -2.000000e+000  3.000000e+000 -3.375000e+001
    endloop
  endfacet
  facet normal  0.000000e+000  9.999999e-001  -0.000000e+000
    outer loop
      vertex  2.026342e+000  3.000000e+000  2.540952e+000
      vertex  1.961571e+000  3.000000e+000  3.901806e-001
      vertex  1.625000e+000  3.000000e+000  2.814583e+000
    endloop
  endfacet
  facet normal  0.000000e+000  1.000000e+000  0.000000e+000
    outer loop
      vertex  1.625000e+000  3.000000e+000  2.814583e+000
      vertex  1.961571e+000  3.000000e+000  3.901806e-001
      vertex  1.847759e+000  3.000000e+000  7.653669e-001
    endloop
  endfacet
  facet normal  0.000000e+000  1.000000e+000  0.000000e+000
    outer loop
      vertex  1.625000e+000  3.000000e+000  2.814583e+000
      vertex  1.847759e+000  3.000000e+000  7.653669e-001
      vertex  1.662939e+000  3.000000e+000  1.111140e+000
    endloop
  endfacet
  facet normal  0.000000e+000  1.000000e+000  0.000000e+000
    outer loop
      vertex  1.625000e+000  3.000000e+000  2.814583e+000
      vertex  1.662939e+000  3.000000e+000  1.111140e+000
      vertex  1.187358e+000  3.000000e+000  3.025340e+000
    endloop
  endfacet
  facet normal  0.000000e+000  1.000000e+000  0.000000e+000
    outer loop
      vertex  1.187358e+000  3.000000e+000  3.025340e+000
      vertex  1.662939e+000  3.000000e+000  1.111140e+000
      vertex  1.414214e+000  3.000000e+000  1.414214e+000
    endloop
  endfacet
  facet normal  0.000000e+000  1.000000e+000  0.000000e+000
    outer loop
      vertex  1.187358e+000  3.000000e+000  3.025340e+000
      vertex  1.414214e+000  3.000000e+000  1.414214e+000
      vertex  1.111140e+000  3.000000e+000  1.662939e+000
    endloop
  endfacet
  facet normal  0.000000e+000  1.000000e+000  -0.000000e+000
    outer loop
      vertex  1.187358e+000  3.000000e+000  3.025340e+000
      vertex  1.111140e+000  3.000000e+000  1.662939e+000
      vertex  7.231930e-001  3.000000e+000  3.168516e+000
    endloop
  endfacet
  facet normal  0.000000e+000  1.000000e+000  0.000000e+000
    outer loop
      vertex  7.231930e-001  3.000000e+000  3.168516e+000
      vertex  1.111140e+000  3.000000e+000  1.662939e+000
      vertex  7.653669e-001  3.000000e+000  1.847759e+000
    endloop
  endfacet
  facet normal  0.000000e+000  1.000000e+000  0.000000e+000
    outer loop
      vertex  7.231930e-001  3.000000e+000  3.168516e+000
      vertex  7.653669e-001  3.000000e+000  1.847759e+000
      vertex  2.428728e-001  3.000000e+000  3.240912e+000
    endloop
  endfacet
  facet normal  0.000000e+000  9.999999e-001  0.000000e+000
    outer loop
      vertex  2.428728e-001  3.000000e+000  3.240912e+000
      vertex  7.653669e-001  3.000000e+000  1.847759e+000
      vertex  3.901806e-001  3.000000e+000  1.961571e+000
    endloop
  endfacet
  facet normal  0.000000e+000  1.000000e+000  0.000000e+000
    outer loop
      vertex  2.428728e-001  3.000000e+000  3.240912e+000
      vertex  3.901806e-001  3.000000e+000  1.961571e+000
      vertex -2.428728e-001  3.000000e+000  3.240912e+000
    endloop
  endfacet
  facet normal  0.000000e+000  1.000000e+000  0.000000e+000
    outer loop
      vertex -2.428728e-001  3.000000e+000  3.240912e+000
      vertex  3.901806e-001  3.000000e+000  1.961571e+000
      vertex -3.673940e-016  3.000000e+000  2.000000e+000
    endloop
  endfacet
  facet normal  0.000000e+000  1.000000e+000  0.000000e+000
    outer loop
      vertex -2.428728e-001  3.000000e+000  3.240912e+000
      vertex -3.673940e-016  3.000000e+000  2.000000e+000
      vertex -3.901806e-001  3.000000e+000  1.961571e+000
    endloop
  endfacet
  facet normal  0.000000e+000  1.000000e+000  -0.000000e+000
    outer loop
      vertex -2.428728e-001  3.000000e+000  3.240912e+000
      vertex -3.901806e-001  3.000000e+000  1.961571e+000
      vertex -7.231930e-001  3.000000e+000  3.168516e+000
    endloop
  endfacet
  facet normal  0.000000e+000  1.000000e+000  0.000000e+000
    outer loop
      vertex -7.231930e-001  3.000000e+000  3.168516e+000
      vertex -3.901806e-001  3.000000e+000  1.961571e+000
      vertex -7.653669e-001  3.000000e+000  1.847759e+000
    endloop
  endfacet
  facet normal  0.000000e+000  1.000000e+000  -0.000000e+000
    outer loop
      vertex -7.231930e-001  3.000000e+000  3.168516e+000
      vertex -7.653669e-001  3.000000e+000  1.847759e+000
      vertex -1.187358e+000  3.000000e+000  3.025340e+000
    endloop
  endfacet
  facet normal  0.000000e+000  1.000000e+000  0.000000e+000
    outer loop
      vertex -1.187358e+000  3.000000e+000  3.025340e+000
      vertex -7.653669e-001  3.000000e+000  1.847759e+000
      vertex -1.111140e+000  3.000000e+000  1.662939e+000
    endloop
  endfacet
  facet normal  0.000000e+000  9.999999e-001  0.000000e+000
    outer loop
      vertex -1.187358e+000  3.000000e+000  3.025340e+000
      vertex -1.111140e+000  3.000000e+000  1.662939e+000
      vertex -1.625000e+000  3.000000e+000  2.814583e+000
    endloop
  endfacet
  facet normal  0.000000e+000  1.000000e+000  0.000000e+000
    outer loop
      vertex -1.625000e+000  3.000000e+000  2.814583e+000
      vertex -1.111140e+000  3.000000e+000  1.662939e+000
      vertex -1.414214e+000  3.000000e+000  1.414214e+000
    endloop
  endfacet
  facet normal  0.000000e+000  1.000000e+000  0.000000e+000
    outer loop
      vertex -1.625000e+000  3.000000e+000  2.814583e+000
      vertex -1.414214e+000  3.000000e+000  1.414214e+000
      vertex -1.662939e+000  3.000000e+000  1.111140e+000
    endloop
  endfacet
  facet normal -9.972038e-001  -0.000000e+000 -7.473001e-002
    outer loop
      vertex -3.250000e+000  0.000000e+000 -3.375000e+001
      vertex -3.250000e+000  3.000000e+000 -3.375000e+001
      vertex -3.213700e+000  0.000000e+000 -3.423439e+001
    endloop
  endfacet
  facet normal -9.972038e-001  0.000000e+000 -7.473001e-002
    outer loop
      vertex -3.213700e+000  0.000000e+000 -3.423439e+001
      vertex -3.250000e+000  3.000000e+000 -3.375000e+001
      vertex -3.213700e+000  3.000000e+000 -3.423439e+001
    endloop
  endfacet
  facet normal -9.749280e-001  -0.000000e+000 -2.225208e-001
    outer loop
      vertex -3.213700e+000  0.000000e+000 -3.423439e+001
      vertex -3.213700e+000  3.000000e+000 -3.423439e+001
      vertex -3.105612e+000  0.000000e+000 -3.470795e+001
    endloop
  endfacet
  facet normal -9.749280e-001  0.000000e+000 -2.225208e-001
    outer loop
      vertex -3.105612e+000  0.000000e+000 -3.470795e+001
      vertex -3.213700e+000  3.000000e+000 -3.423439e+001
      vertex -3.105612e+000  3.000000e+000 -3.470795e+001
    endloop
  endfacet
  facet normal -9.308736e-001  -0.000000e+000 -3.653413e-001
    outer loop
      vertex -3.105612e+000  0.000000e+000 -3.470795e+001
      vertex -3.105612e+000  3.000000e+000 -3.470795e+001
      vertex -2.928149e+000  0.000000e+000 -3.516012e+001
    endloop
  endfacet
  facet normal -9.308736e-001  0.000000e+000 -3.653413e-001
    outer loop
      vertex -2.928149e+000  0.000000e+000 -3.516012e+001
      vertex -3.105612e+000  3.000000e+000 -3.470795e+001
      vertex -2.928149e+000  3.000000e+000 -3.516012e+001
    endloop
  endfacet
  facet normal -8.660263e-001  -0.000000e+000 -4.999985e-001
    outer loop
      vertex -2.928149e+000  0.000000e+000 -3.516012e+001
      vertex -2.928149e+000  3.000000e+000 -3.516012e+001
      vertex -2.685276e+000  0.000000e+000 -3.558079e+001
    endloop
  endfacet
  facet normal -8.660263e-001  0.000000e+000 -4.999985e-001
    outer loop
      vertex -2.685276e+000  0.000000e+000 -3.558079e+001
      vertex -2.928149e+000  3.000000e+000 -3.516012e+001
      vertex -2.685276e+000  3.000000e+000 -3.558079e+001
    endloop
  endfacet
  facet normal -7.818292e-001  -0.000000e+000 -6.234926e-001
    outer loop
      vertex -2.685276e+000  0.000000e+000 -3.558079e+001
      vertex -2.685276e+000  3.000000e+000 -3.558079e+001
      vertex -2.382419e+000  0.000000e+000 -3.596056e+001
    endloop
  endfacet
  facet normal -7.818292e-001  0.000000e+000 -6.234926e-001
    outer loop
      vertex -2.382419e+000  0.000000e+000 -3.596056e+001
      vertex -2.685276e+000  3.000000e+000 -3.558079e+001
      vertex -2.382419e+000  3.000000e+000 -3.596056e+001
    endloop
  endfacet
  facet normal -6.801727e-001  -0.000000e+000 -7.330518e-001
    outer loop
      vertex -2.382419e+000  0.000000e+000 -3.596056e+001
      vertex -2.382419e+000  3.000000e+000 -3.596056e+001
      vertex -2.026342e+000  0.000000e+000 -3.629095e+001
    endloop
  endfacet
  facet normal -6.801727e-001  0.000000e+000 -7.330518e-001
    outer loop
      vertex -2.026342e+000  0.000000e+000 -3.629095e+001
      vertex -2.382419e+000  3.000000e+000 -3.596056e+001
      vertex -2.026342e+000  3.000000e+000 -3.629095e+001
    endloop
  endfacet
  facet normal -5.633225e-001  -0.000000e+000 -8.262371e-001
    outer loop
      vertex -2.026342e+000  0.000000e+000 -3.629095e+001
      vertex -2.026342e+000  3.000000e+000 -3.629095e+001
      vertex -1.625000e+000  0.000000e+000 -3.656458e+001
    endloop
  endfacet
  facet normal -5.633225e-001  0.000000e+000 -8.262371e-001
    outer loop
      vertex -1.625000e+000  0.000000e+000 -3.656458e+001
      vertex -2.026342e+000  3.000000e+000 -3.629095e+001
      vertex -1.625000e+000  3.000000e+000 -3.656458e+001
    endloop
  endfacet
  facet normal -4.338856e-001  -0.000000e+000 -9.009680e-001
    outer loop
      vertex -1.625000e+000  0.000000e+000 -3.656458e+001
      vertex -1.625000e+000  3.000000e+000 -3.656458e+001
      vertex -1.187358e+000  0.000000e+000 -3.677534e+001
    endloop
  endfacet
  facet normal -4.338856e-001  0.000000e+000 -9.009680e-001
    outer loop
      vertex -1.187358e+000  0.000000e+000 -3.677534e+001
      vertex -1.625000e+000  3.000000e+000 -3.656458e+001
      vertex -1.187358e+000  3.000000e+000 -3.677534e+001
    endloop
  endfacet
  facet normal -2.947499e-001  -0.000000e+000 -9.555745e-001
    outer loop
      vertex -1.187358e+000  0.000000e+000 -3.677534e+001
      vertex -1.187358e+000  3.000000e+000 -3.677534e+001
      vertex -7.231930e-001  0.000000e+000 -3.691851e+001
    endloop
  endfacet
  facet normal -2.947499e-001  0.000000e+000 -9.555745e-001
    outer loop
      vertex -7.231930e-001  0.000000e+000 -3.691851e+001
      vertex -1.187358e+000  3.000000e+000 -3.677534e+001
      vertex -7.231930e-001  3.000000e+000 -3.691851e+001
    endloop
  endfacet
  facet normal -1.490473e-001  -0.000000e+000 -9.888301e-001
    outer loop
      vertex -7.231930e-001  0.000000e+000 -3.691851e+001
      vertex -7.231930e-001  3.000000e+000 -3.691851e+001
      vertex -2.428728e-001  0.000000e+000 -3.699091e+001
    endloop
  endfacet
  facet normal -1.490473e-001  0.000000e+000 -9.888301e-001
    outer loop
      vertex -2.428728e-001  0.000000e+000 -3.699091e+001
      vertex -7.231930e-001  3.000000e+000 -3.691851e+001
      vertex -2.428728e-001  3.000000e+000 -3.699091e+001
    endloop
  endfacet
  facet normal  0.000000e+000  0.000000e+000 -1.000000e+000
    outer loop
      vertex -2.428728e-001  0.000000e+000 -3.699091e+001
      vertex -2.428728e-001  3.000000e+000 -3.699091e+001
      vertex  2.428728e-001  0.000000e+000 -3.699091e+001
    endloop
  endfacet
  facet normal  0.000000e+000  0.000000e+000 -1.000000e+000
    outer loop
      vertex  2.428728e-001  0.000000e+000 -3.699091e+001
      vertex -2.428728e-001  3.000000e+000 -3.699091e+001
      vertex  2.428728e-001  3.000000e+000 -3.699091e+001
    endloop
  endfacet
  facet normal  1.490473e-001  0.000000e+000 -9.888301e-001
    outer loop
      vertex  2.428728e-001  0.000000e+000 -3.699091e+001
      vertex  2.428728e-001  3.000000e+000 -3.699091e+001
      vertex  7.231930e-001  0.000000e+000 -3.691851e+001
    endloop
  endfacet
  facet normal  1.490473e-001  0.000000e+000 -9.888301e-001
    outer loop
      vertex  7.231930e-001  0.000000e+000 -3.691851e+001
      vertex  2.428728e-001  3.000000e+000 -3.699091e+001
      vertex  7.231930e-001  3.000000e+000 -3.691851e+001
    endloop
  endfacet
  facet normal  2.947499e-001  0.000000e+000 -9.555745e-001
    outer loop
      vertex  7.231930e-001  0.000000e+000 -3.691851e+001
      vertex  7.231930e-001  3.000000e+000 -3.691851e+001
      vertex  1.187358e+000  0.000000e+000 -3.677534e+001
    endloop
  endfacet
  facet normal  2.947499e-001  0.000000e+000 -9.555745e-001
    outer loop
      vertex  1.187358e+000  0.000000e+000 -3.677534e+001
      vertex  7.231930e-001  3.000000e+000 -3.691851e+001
      vertex  1.187358e+000  3.000000e+000 -3.677534e+001
    endloop
  endfacet
  facet normal  4.338856e-001  0.000000e+000 -9.009680e-001
    outer loop
      vertex  1.187358e+000  0.000000e+000 -3.677534e+001
      vertex  1.187358e+000  3.000000e+000 -3.677534e+001
      vertex  1.625000e+000  0.000000e+000 -3.656458e+001
    endloop
  endfacet
  facet normal  4.338856e-001  0.000000e+000 -9.009680e-001
    outer loop
      vertex  1.625000e+000  0.000000e+000 -3.656458e+001
      vertex  1.187358e+000  3.000000e+000 -3.677534e+001
      vertex  1.625000e+000  3.000000e+000 -3.656458e+001
    endloop
  endfacet
  facet normal  5.633225e-001  0.000000e+000 -8.262371e-001
    outer loop
      vertex  1.625000e+000  0.000000e+000 -3.656458e+001
      vertex  1.625000e+000  3.000000e+000 -3.656458e+001
      vertex  2.026342e+000  0.000000e+000 -3.629095e+001
    endloop
  endfacet
  facet normal  5.633225e-001  0.000000e+000 -8.262371e-001
    outer loop
      vertex  2.026342e+000  0.000000e+000 -3.629095e+001
      vertex  1.625000e+000  3.000000e+000 -3.656458e+001
      vertex  2.026342e+000  3.000000e+000 -3.629095e+001
    endloop
  endfacet
  facet normal  6.801727e-001  0.000000e+000 -7.330518e-001
    outer loop
      vertex  2.026342e+000  0.000000e+000 -3.629095e+001
      vertex  2.026342e+000  3.000000e+000 -3.629095e+001
      vertex  2.382419e+000  0.000000e+000 -3.596056e+001
    endloop
  endfacet
  facet normal  6.801727e-001  0.000000e+000 -7.330518e-001
    outer loop
      vertex  2.382419e+000  0.000000e+000 -3.596056e+001
      vertex  2.026342e+000  3.000000e+000 -3.629095e+001
      vertex  2.382419e+000  3.000000e+000 -3.596056e+001
    endloop
  endfacet
  facet normal  7.818292e-001  0.000000e+000 -6.234926e-001
    outer loop
      vertex  2.382419e+000  0.000000e+000 -3.596056e+001
      vertex  2.382419e+000  3.000000e+000 -3.596056e+001
      vertex  2.685276e+000  0.000000e+000 -3.558079e+001
    endloop
  endfacet
  facet normal  7.818292e-001  0.000000e+000 -6.234926e-001
    outer loop
      vertex  2.685276e+000  0.000000e+000 -3.558079e+001
      vertex  2.382419e+000  3.000000e+000 -3.596056e+001
      vertex  2.685276e+000  3.000000e+000 -3.558079e+001
    endloop
  endfacet
  facet normal  8.660263e-001  0.000000e+000 -4.999985e-001
    outer loop
      vertex  2.685276e+000  0.000000e+000 -3.558079e+001
      vertex  2.685276e+000  3.000000e+000 -3.558079e+001
      vertex  2.928149e+000  0.000000e+000 -3.516012e+001
    endloop
  endfacet
  facet normal  8.660263e-001  0.000000e+000 -4.999985e-001
    outer loop
      vertex  2.928149e+000  0.000000e+000 -3.516012e+001
      vertex  2.685276e+000  3.000000e+000 -3.558079e+001
      vertex  2.928149e+000  3.000000e+000 -3.516012e+001
    endloop
  endfacet
  facet normal  9.308736e-001  0.000000e+000 -3.653413e-001
    outer loop
      vertex  2.928149e+000  0.000000e+000 -3.516012e+001
      vertex  2.928149e+000  3.000000e+000 -3.516012e+001
      vertex  3.105612e+000  0.000000e+000 -3.470795e+001
    endloop
  endfacet
  facet normal  9.308736e-001  0.000000e+000 -3.653413e-001
    outer loop
      vertex  3.105612e+000  0.000000e+000 -3.470795e+001
      vertex  2.928149e+000  3.000000e+000 -3.516012e+001
      vertex  3.105612e+000  3.000000e+000 -3.470795e+001
    endloop
  endfacet
  facet normal  9.749280e-001  0.000000e+000 -2.225208e-001
    outer loop
      vertex  3.105612e+000  0.000000e+000 -3.470795e+001
      vertex  3.105612e+000  3.000000e+000 -3.470795e+001
      vertex  3.213700e+000  0.000000e+000 -3.423439e+001
    endloop
  endfacet
  facet normal  9.749280e-001  0.000000e+000 -2.225208e-001
    outer loop
      vertex  3.213700e+000  0.000000e+000 -3.423439e+001
      vertex  3.105612e+000  3.000000e+000 -3.470795e+001
      vertex  3.213700e+000  3.000000e+000 -3.423439e+001
    endloop
  endfacet
  facet normal  9.972038e-001  0.000000e+000 -7.473001e-002
    outer loop
      vertex  3.213700e+000  0.000000e+000 -3.423439e+001
      vertex  3.213700e+000  3.000000e+000 -3.423439e+001
      vertex  3.250000e+000  0.000000e+000 -3.375000e+001
    endloop
  endfacet
  facet normal  9.972038e-001  0.000000e+000 -7.473001e-002
    outer loop
      vertex  3.250000e+000  0.000000e+000 -3.375000e+001
      vertex  3.213700e+000  3.000000e+000 -3.423439e+001
      vertex  3.250000e+000  3.000000e+000 -3.375000e+001
    endloop
  endfacet
  facet normal -1.000000e+000  0.000000e+000  0.000000e+000
    outer loop
      vertex -3.250000e+000  0.000000e+000 -3.375000e+001
      vertex -3.250000e+000  0.000000e+000  2.109171e-016
      vertex -3.250000e+000  3.000000e+000 -3.375000e+001
    endloop
  endfacet
  facet normal -1.000000e+000  0.000000e+000  0.000000e+000
    outer loop
      vertex -3.250000e+000  3.000000e+000 -3.375000e+001
      vertex -3.250000e+000  0.000000e+000  2.109171e-016
      vertex -3.250000e+000  3.000000e+000  0.000000e+000
    endloop
  endfacet
  facet normal  9.972038e-001  0.000000e+000  7.472987e-002
    outer loop
      vertex  3.250000e+000  0.000000e+000  1.870931e-016
      vertex  3.250000e+000  3.000000e+000  1.870931e-016
      vertex  3.213700e+000  0.000000e+000  4.843874e-001
    endloop
  endfacet
  facet normal  9.972038e-001  -0.000000e+000  7.472987e-002
    outer loop
      vertex  3.213700e+000  0.000000e+000  4.843874e-001
      vertex  3.250000e+000  3.000000e+000  1.870931e-016
      vertex  3.213700e+000  3.000000e+000  4.843874e-001
    endloop
  endfacet
  facet normal  9.749278e-001  0.000000e+000  2.225213e-001
    outer loop
      vertex  3.213700e+000  0.000000e+000  4.843874e-001
      vertex  3.213700e+000  3.000000e+000  4.843874e-001
      vertex  3.105612e+000  0.000000e+000  9.579543e-001
    endloop
  endfacet
  facet normal  9.749278e-001  -0.000000e+000  2.225213e-001
    outer loop
      vertex  3.105612e+000  0.000000e+000  9.579543e-001
      vertex  3.213700e+000  3.000000e+000  4.843874e-001
      vertex  3.105612e+000  3.000000e+000  9.579543e-001
    endloop
  endfacet
  facet normal  9.308738e-001  0.000000e+000  3.653411e-001
    outer loop
      vertex  3.105612e+000  0.000000e+000  9.579543e-001
      vertex  3.105612e+000  3.000000e+000  9.579543e-001
      vertex  2.928149e+000  0.000000e+000  1.410122e+000
    endloop
  endfacet
  facet normal  9.308738e-001  -0.000000e+000  3.653411e-001
    outer loop
      vertex  2.928149e+000  0.000000e+000  1.410122e+000
      vertex  3.105612e+000  3.000000e+000  9.579543e-001
      vertex  2.928149e+000  3.000000e+000  1.410122e+000
    endloop
  endfacet
  facet normal  8.660254e-001  0.000000e+000  4.999999e-001
    outer loop
      vertex  2.928149e+000  0.000000e+000  1.410122e+000
      vertex  2.928149e+000  3.000000e+000  1.410122e+000
      vertex  2.685276e+000  0.000000e+000  1.830790e+000
    endloop
  endfacet
  facet normal  8.660254e-001  -0.000000e+000  4.999999e-001
    outer loop
      vertex  2.685276e+000  0.000000e+000  1.830790e+000
      vertex  2.928149e+000  3.000000e+000  1.410122e+000
      vertex  2.685276e+000  3.000000e+000  1.830790e+000
    endloop
  endfacet
  facet normal  7.818316e-001  0.000000e+000  6.234896e-001
    outer loop
      vertex  2.685276e+000  0.000000e+000  1.830790e+000
      vertex  2.685276e+000  3.000000e+000  1.830790e+000
      vertex  2.382419e+000  0.000000e+000  2.210562e+000
    endloop
  endfacet
  facet normal  7.818316e-001  -0.000000e+000  6.234896e-001
    outer loop
      vertex  2.382419e+000  0.000000e+000  2.210562e+000
      vertex  2.685276e+000  3.000000e+000  1.830790e+000
      vertex  2.382419e+000  3.000000e+000  2.210562e+000
    endloop
  endfacet
  facet normal  6.801725e-001  0.000000e+000  7.330521e-001
    outer loop
      vertex  2.382419e+000  0.000000e+000  2.210562e+000
      vertex  2.382419e+000  3.000000e+000  2.210562e+000
      vertex  2.026342e+000  0.000000e+000  2.540952e+000
    endloop
  endfacet
  facet normal  6.801725e-001  -0.000000e+000  7.330521e-001
    outer loop
      vertex  2.026342e+000  0.000000e+000  2.540952e+000
      vertex  2.382419e+000  3.000000e+000  2.210562e+000
      vertex  2.026342e+000  3.000000e+000  2.540952e+000
    endloop
  endfacet
  facet normal  5.633202e-001  0.000000e+000  8.262388e-001
    outer loop
      vertex  2.026342e+000  0.000000e+000  2.540952e+000
      vertex  2.026342e+000  3.000000e+000  2.540952e+000
      vertex  1.625000e+000  0.000000e+000  2.814583e+000
    endloop
  endfacet
  facet normal  5.633202e-001  -0.000000e+000  8.262388e-001
    outer loop
      vertex  1.625000e+000  0.000000e+000  2.814583e+000
      vertex  2.026342e+000  3.000000e+000  2.540952e+000
      vertex  1.625000e+000  3.000000e+000  2.814583e+000
    endloop
  endfacet
  facet normal  4.338836e-001  0.000000e+000  9.009689e-001
    outer loop
      vertex  1.625000e+000  0.000000e+000  2.814583e+000
      vertex  1.625000e+000  3.000000e+000  2.814583e+000
      vertex  1.187358e+000  0.000000e+000  3.025340e+000
    endloop
  endfacet
  facet normal  4.338836e-001  -0.000000e+000  9.009689e-001
    outer loop
      vertex  1.187358e+000  0.000000e+000  3.025340e+000
      vertex  1.625000e+000  3.000000e+000  2.814583e+000
      vertex  1.187358e+000  3.000000e+000  3.025340e+000
    endloop
  endfacet
  facet normal  2.947553e-001  0.000000e+000  9.555728e-001
    outer loop
      vertex  1.187358e+000  0.000000e+000  3.025340e+000
      vertex  1.187358e+000  3.000000e+000  3.025340e+000
      vertex  7.231930e-001  0.000000e+000  3.168516e+000
    endloop
  endfacet
  facet normal  2.947553e-001  -0.000000e+000  9.555728e-001
    outer loop
      vertex  7.231930e-001  0.000000e+000  3.168516e+000
      vertex  1.187358e+000  3.000000e+000  3.025340e+000
      vertex  7.231930e-001  3.000000e+000  3.168516e+000
    endloop
  endfacet
  facet normal  1.490425e-001  0.000000e+000  9.888309e-001
    outer loop
      vertex  7.231930e-001  0.000000e+000  3.168516e+000
      vertex  7.231930e-001  3.000000e+000  3.168516e+000
      vertex  2.428728e-001  0.000000e+000  3.240912e+000
    endloop
  endfacet
  facet normal  1.490425e-001  -0.000000e+000  9.888309e-001
    outer loop
      vertex  2.428728e-001  0.000000e+000  3.240912e+000
      vertex  7.231930e-001  3.000000e+000  3.168516e+000
      vertex  2.428728e-001  3.000000e+000  3.240912e+000
    endloop
  endfacet
  facet normal  0.000000e+000  0.000000e+000  1.000000e+000
    outer loop
      vertex  2.428728e-001  0.000000e+000  3.240912e+000
      vertex  2.428728e-001  3.000000e+000  3.240912e+000
      vertex -2.428728e-001  0.000000e+000  3.240912e+000
    endloop
  endfacet
  facet normal  0.000000e+000  0.000000e+000  1.000000e+000
    outer loop
      vertex -2.428728e-001  0.000000e+000  3.240912e+000
      vertex  2.428728e-001  3.000000e+000  3.240912e+000
      vertex -2.428728e-001  3.000000e+000  3.240912e+000
    endloop
  endfacet
  facet normal -1.490425e-001  0.000000e+000  9.888309e-001
    outer loop
      vertex -2.428728e-001  0.000000e+000  3.240912e+000
      vertex -2.428728e-001  3.000000e+000  3.240912e+000
      vertex -7.231930e-001  0.000000e+000  3.168516e+000
    endloop
  endfacet
  facet normal -1.490425e-001  0.000000e+000  9.888309e-001
    outer loop
      vertex -7.231930e-001  0.000000e+000  3.168516e+000
      vertex -2.428728e-001  3.000000e+000  3.240912e+000
      vertex -7.231930e-001  3.000000e+000  3.168516e+000
    endloop
  endfacet
  facet normal -2.947553e-001  0.000000e+000  9.555728e-001
    outer loop
      vertex -7.231930e-001  0.000000e+000  3.168516e+000
      vertex -7.231930e-001  3.000000e+000  3.168516e+000
      vertex -1.187358e+000  0.000000e+000  3.025340e+000
    endloop
  endfacet
  facet normal -2.947553e-001  0.000000e+000  9.555728e-001
    outer loop
      vertex -1.187358e+000  0.000000e+000  3.025340e+000
      vertex -7.231930e-001  3.000000e+000  3.168516e+000
      vertex -1.187358e+000  3.000000e+000  3.025340e+000
    endloop
  endfacet
  facet normal -4.338836e-001  0.000000e+000  9.009689e-001
    outer loop
      vertex -1.187358e+000  0.000000e+000  3.025340e+000
      vertex -1.187358e+000  3.000000e+000  3.025340e+000
      vertex -1.625000e+000  0.000000e+000  2.814583e+000
    endloop
  endfacet
  facet normal -4.338836e-001  0.000000e+000  9.009689e-001
    outer loop
      vertex -1.625000e+000  0.000000e+000  2.814583e+000
      vertex -1.187358e+000  3.000000e+000  3.025340e+000
      vertex -1.625000e+000  3.000000e+000  2.814583e+000
    endloop
  endfacet
  facet normal -5.633202e-001  0.000000e+000  8.262388e-001
    outer loop
      vertex -1.625000e+000  0.000000e+000  2.814583e+000
      vertex -1.625000e+000  3.000000e+000  2.814583e+000
      vertex -2.026342e+000  0.000000e+000  2.540952e+000
    endloop
  endfacet
  facet normal -5.633202e-001  0.000000e+000  8.262388e-001
    outer loop
      vertex -2.026342e+000  0.000000e+000  2.540952e+000
      vertex -1.625000e+000  3.000000e+000  2.814583e+000
      vertex -2.026342e+000  3.000000e+000  2.540952e+000
    endloop
  endfacet
  facet normal -6.801725e-001  0.000000e+000  7.330521e-001
    outer loop
      vertex -2.026342e+000  0.000000e+000  2.540952e+000
      vertex -2.026342e+000  3.000000e+000  2.540952e+000
      vertex -2.382419e+000  0.000000e+000  2.210562e+000
    endloop
  endfacet
  facet normal -6.801725e-001  0.000000e+000  7.330521e-001
    outer loop
      vertex -2.382419e+000  0.000000e+000  2.210562e+000
      vertex -2.026342e+000  3.000000e+000  2.540952e+000
      vertex -2.382419e+000  3.000000e+000  2.210562e+000
    endloop
  endfacet
  facet normal -7.818316e-001  0.000000e+000  6.234896e-001
    outer loop
      vertex -2.382419e+000  0.000000e+000  2.210562e+000
      vertex -2.382419e+000  3.000000e+000  2.210562e+000
      vertex -2.685276e+000  0.000000e+000  1.830790e+000
    endloop
  endfacet
  facet normal -7.818316e-001  0.000000e+000  6.234896e-001
    outer loop
      vertex -2.685276e+000  0.000000e+000  1.830790e+000
      vertex -2.382419e+000  3.000000e+000  2.210562e+000
      vertex -2.685276e+000  3.000000e+000  1.830790e+000
    endloop
  endfacet
  facet normal -8.660254e-001  0.000000e+000  4.999999e-001
    outer loop
      vertex -2.685276e+000  0.000000e+000  1.830790e+000
      vertex -2.685276e+000  3.000000e+000  1.830790e+000
      vertex -2.928149e+000  0.000000e+000  1.410122e+000
    endloop
  endfacet
  facet normal -8.660254e-001  0.000000e+000  4.999999e-001
    outer loop
      vertex -2.928149e+000  0.000000e+000  1.410122e+000
      vertex -2.685276e+000  3.000000e+000  1.830790e+000
      vertex -2.928149e+000  3.000000e+000  1.410122e+000
    endloop
  endfacet
  facet normal -9.308738e-001  0.000000e+000  3.653411e-001
    outer loop
      vertex -2.928149e+000  0.000000e+000  1.410122e+000
      vertex -2.928149e+000  3.000000e+000  1.410122e+000
      vertex -3.105612e+000  0.000000e+000  9.579543e-001
    endloop
  endfacet
  facet normal -9.308738e-001  0.000000e+000  3.653411e-001
    outer loop
      vertex -3.105612e+000  0.000000e+000  9.579543e-001
      vertex -2.928149e+000  3.000000e+000  1.410122e+000
      vertex -3.105612e+000  3.000000e+000  9.579543e-001
    endloop
  endfacet
  facet normal -9.749278e-001  0.000000e+000  2.225213e-001
    outer loop
      vertex -3.105612e+000  0.000000e+000  9.579543e-001
      vertex -3.105612e+000  3.000000e+000  9.579543e-001
      vertex -3.213700e+000  0.000000e+000  4.843874e-001
    endloop
  endfacet
  facet normal -9.749278e-001  0.000000e+000  2.225213e-001
    outer loop
      vertex -3.213700e+000  0.000000e+000  4.843874e-001
      vertex -3.105612e+000  3.000000e+000  9.579543e-001
      vertex -3.213700e+000  3.000000e+000  4.843874e-001
    endloop
  endfacet
  facet normal -9.972038e-001  0.000000e+000  7.472987e-002
    outer loop
      vertex -3.213700e+000  0.000000e+000  4.843874e-001
      vertex -3.213700e+000  3.000000e+000  4.843874e-001
      vertex -3.250000e+000  0.000000e+000  2.109171e-016
    endloop
  endfacet
  facet normal -9.972038e-001  5.253935e-018  7.472987e-002
    outer loop
      vertex -3.250000e+000  0.000000e+000  2.109171e-016
      vertex -3.213700e+000  3.000000e+000  4.843874e-001
      vertex -3.250000e+000  3.000000e+000  0.000000e+000
    endloop
  endfacet
  facet normal  1.000000e+000  0.000000e+000  0.000000e+000
    outer loop
      vertex  3.250000e+000  0.000000e+000  1.870931e-016
      vertex  3.250000e+000  0.000000e+000 -3.375000e+001
      vertex  3.250000e+000  3.000000e+000  1.870931e-016
    endloop
  endfacet
  facet normal  1.000000e+000  0.000000e+000  0.000000e+000
    outer loop
      vertex  3.250000e+000  3.000000e+000  1.870931e-016
      vertex  3.250000e+000  0.000000e+000 -3.375000e+001
      vertex  3.250000e+000  3.000000e+000 -3.375000e+001
    endloop
  endfacet
  facet normal -9.801669e-002  -0.000000e+000 -9.951848e-001
    outer loop
      vertex -4.500577e-015  0.000000e+000 -3.175000e+001
      vertex  3.901806e-001  3.000000e+000 -3.178843e+001
      vertex  3.901806e-001  0.000000e+000 -3.178843e+001
    endloop
  endfacet
  facet normal -2.902847e-001  0.000000e+000 -9.569404e-001
    outer loop
      vertex  3.901806e-001  0.000000e+000 -3.178843e+001
      vertex  3.901806e-001  3.000000e+000 -3.178843e+001
      vertex  7.653669e-001  3.000000e+000 -3.190224e+001
    endloop
  endfacet
  facet normal -2.902847e-001  -0.000000e+000 -9.569404e-001
    outer loop
      vertex  3.901806e-001  0.000000e+000 -3.178843e+001
      vertex  7.653669e-001  3.000000e+000 -3.190224e+001
      vertex  7.653669e-001  0.000000e+000 -3.190224e+001
    endloop
  endfacet
  facet normal -4.713936e-001  0.000000e+000 -8.819230e-001
    outer loop
      vertex  7.653669e-001  0.000000e+000 -3.190224e+001
      vertex  7.653669e-001  3.000000e+000 -3.190224e+001
      vertex  1.111140e+000  3.000000e+000 -3.208706e+001
    endloop
  endfacet
  facet normal -4.713936e-001  -0.000000e+000 -8.819230e-001
    outer loop
      vertex  7.653669e-001  0.000000e+000 -3.190224e+001
      vertex  1.111140e+000  3.000000e+000 -3.208706e+001
      vertex  1.111140e+000  0.000000e+000 -3.208706e+001
    endloop
  endfacet
  facet normal -6.343937e-001  0.000000e+000 -7.730101e-001
    outer loop
      vertex  1.111140e+000  0.000000e+000 -3.208706e+001
      vertex  1.111140e+000  3.000000e+000 -3.208706e+001
      vertex  1.414214e+000  3.000000e+000 -3.233578e+001
    endloop
  endfacet
  facet normal -6.343937e-001  -0.000000e+000 -7.730101e-001
    outer loop
      vertex  1.111140e+000  0.000000e+000 -3.208706e+001
      vertex  1.414214e+000  3.000000e+000 -3.233578e+001
      vertex  1.414214e+000  0.000000e+000 -3.233578e+001
    endloop
  endfacet
  facet normal -7.730113e-001  0.000000e+000 -6.343923e-001
    outer loop
      vertex  1.414214e+000  0.000000e+000 -3.233578e+001
      vertex  1.414214e+000  3.000000e+000 -3.233578e+001
      vertex  1.662939e+000  3.000000e+000 -3.263886e+001
    endloop
  endfacet
  facet normal -7.730113e-001  -0.000000e+000 -6.343923e-001
    outer loop
      vertex  1.414214e+000  0.000000e+000 -3.233578e+001
      vertex  1.662939e+000  3.000000e+000 -3.263886e+001
      vertex  1.662939e+000  0.000000e+000 -3.263886e+001
    endloop
  endfacet
  facet normal -8.819224e-001  0.000000e+000 -4.713945e-001
    outer loop
      vertex  1.662939e+000  0.000000e+000 -3.263886e+001
      vertex  1.662939e+000  3.000000e+000 -3.263886e+001
      vertex  1.847759e+000  3.000000e+000 -3.298463e+001
    endloop
  endfacet
  facet normal -8.819224e-001  -0.000000e+000 -4.713945e-001
    outer loop
      vertex  1.662939e+000  0.000000e+000 -3.263886e+001
      vertex  1.847759e+000  3.000000e+000 -3.298463e+001
      vertex  1.847759e+000  0.000000e+000 -3.298463e+001
    endloop
  endfacet
  facet normal -9.569396e-001  0.000000e+000 -2.902869e-001
    outer loop
      vertex  1.847759e+000  0.000000e+000 -3.298463e+001
      vertex  1.847759e+000  3.000000e+000 -3.298463e+001
      vertex  1.961571e+000  3.000000e+000 -3.335982e+001
    endloop
  endfacet
  facet normal -9.569396e-001  -0.000000e+000 -2.902869e-001
    outer loop
      vertex  1.847759e+000  0.000000e+000 -3.298463e+001
      vertex  1.961571e+000  3.000000e+000 -3.335982e+001
      vertex  1.961571e+000  0.000000e+000 -3.335982e+001
    endloop
  endfacet
  facet normal -9.951847e-001  0.000000e+000 -9.801683e-002
    outer loop
      vertex  1.961571e+000  0.000000e+000 -3.335982e+001
      vertex  1.961571e+000  3.000000e+000 -3.335982e+001
      vertex  2.000000e+000  3.000000e+000 -3.375000e+001
    endloop
  endfacet
  facet normal -9.951847e-001  -0.000000e+000 -9.801683e-002
    outer loop
      vertex  1.961571e+000  0.000000e+000 -3.335982e+001
      vertex  2.000000e+000  3.000000e+000 -3.375000e+001
      vertex  2.000000e+000  0.000000e+000 -3.375000e+001
    endloop
  endfacet
  facet normal -9.801669e-002  0.000000e+000 -9.951848e-001
    outer loop
      vertex  3.901806e-001  3.000000e+000 -3.178843e+001
      vertex -4.500577e-015  0.000000e+000 -3.175000e+001
      vertex -4.500577e-015  3.000000e+000 -3.175000e+001
    endloop
  endfacet
  facet normal  9.801669e-002  0.000000e+000 -9.951848e-001
    outer loop
      vertex -4.500577e-015  3.000000e+000 -3.175000e+001
      vertex -4.500577e-015  0.000000e+000 -3.175000e+001
      vertex -3.901806e-001  0.000000e+000 -3.178843e+001
    endloop
  endfacet
  facet normal  9.801669e-002  0.000000e+000 -9.951848e-001
    outer loop
      vertex -4.500577e-015  3.000000e+000 -3.175000e+001
      vertex -3.901806e-001  0.000000e+000 -3.178843e+001
      vertex -3.901806e-001  3.000000e+000 -3.178843e+001
    endloop
  endfacet
  facet normal  2.902847e-001  0.000000e+000 -9.569404e-001
    outer loop
      vertex -3.901806e-001  3.000000e+000 -3.178843e+001
      vertex -3.901806e-001  0.000000e+000 -3.178843e+001
      vertex -7.653669e-001  0.000000e+000 -3.190224e+001
    endloop
  endfacet
  facet normal  2.902847e-001  0.000000e+000 -9.569404e-001
    outer loop
      vertex -3.901806e-001  3.000000e+000 -3.178843e+001
      vertex -7.653669e-001  0.000000e+000 -3.190224e+001
      vertex -7.653669e-001  3.000000e+000 -3.190224e+001
    endloop
  endfacet
  facet normal  4.713936e-001  0.000000e+000 -8.819230e-001
    outer loop
      vertex -7.653669e-001  3.000000e+000 -3.190224e+001
      vertex -7.653669e-001  0.000000e+000 -3.190224e+001
      vertex -1.111140e+000  0.000000e+000 -3.208706e+001
    endloop
  endfacet
  facet normal  4.713936e-001  0.000000e+000 -8.819230e-001
    outer loop
      vertex -7.653669e-001  3.000000e+000 -3.190224e+001
      vertex -1.111140e+000  0.000000e+000 -3.208706e+001
      vertex -1.111140e+000  3.000000e+000 -3.208706e+001
    endloop
  endfacet
  facet normal  6.343937e-001  0.000000e+000 -7.730101e-001
    outer loop
      vertex -1.111140e+000  3.000000e+000 -3.208706e+001
      vertex -1.111140e+000  0.000000e+000 -3.208706e+001
      vertex -1.414214e+000  0.000000e+000 -3.233578e+001
    endloop
  endfacet
  facet normal  6.343937e-001  0.000000e+000 -7.730101e-001
    outer loop
      vertex -1.111140e+000  3.000000e+000 -3.208706e+001
      vertex -1.414214e+000  0.000000e+000 -3.233578e+001
      vertex -1.414214e+000  3.000000e+000 -3.233578e+001
    endloop
  endfacet
  facet normal  7.730113e-001  0.000000e+000 -6.343923e-001
    outer loop
      vertex -1.414214e+000  3.000000e+000 -3.233578e+001
      vertex -1.414214e+000  0.000000e+000 -3.233578e+001
      vertex -1.662939e+000  0.000000e+000 -3.263886e+001
    endloop
  endfacet
  facet normal  7.730113e-001  0.000000e+000 -6.343923e-001
    outer loop
      vertex -1.414214e+000  3.000000e+000 -3.233578e+001
      vertex -1.662939e+000  0.000000e+000 -3.263886e+001
      vertex -1.662939e+000  3.000000e+000 -3.263886e+001
    endloop
  endfacet
  facet normal  8.819224e-001  0.000000e+000 -4.713945e-001
    outer loop
      vertex -1.662939e+000  3.000000e+000 -3.263886e+001
      vertex -1.662939e+000  0.000000e+000 -3.263886e+001
      vertex -1.847759e+000  0.000000e+000 -3.298463e+001
    endloop
  endfacet
  facet normal  8.819224e-001  0.000000e+000 -4.713945e-001
    outer loop
      vertex -1.662939e+000  3.000000e+000 -3.263886e+001
      vertex -1.847759e+000  0.000000e+000 -3.298463e+001
      vertex -1.847759e+000  3.000000e+000 -3.298463e+001
    endloop
  endfacet
  facet normal  9.569396e-001  0.000000e+000 -2.902869e-001
    outer loop
      vertex -1.847759e+000  3.000000e+000 -3.298463e+001
      vertex -1.847759e+000  0.000000e+000 -3.298463e+001
      vertex -1.961571e+000  0.000000e+000 -3.335982e+001
    endloop
  endfacet
  facet normal  9.569396e-001  0.000000e+000 -2.902869e-001
    outer loop
      vertex -1.847759e+000  3.000000e+000 -3.298463e+001
      vertex -1.961571e+000  0.000000e+000 -3.335982e+001
      vertex -1.961571e+000  3.000000e+000 -3.335982e+001
    endloop
  endfacet
  facet normal  9.951847e-001  0.000000e+000 -9.801683e-002
    outer loop
      vertex -1.961571e+000  3.000000e+000 -3.335982e+001
      vertex -1.961571e+000  0.000000e+000 -3.335982e+001
      vertex -2.000000e+000  0.000000e+000 -3.375000e+001
    endloop
  endfacet
  facet normal  9.951847e-001  0.000000e+000 -9.801683e-002
    outer loop
      vertex -1.961571e+000  3.000000e+000 -3.335982e+001
      vertex -2.000000e+000  0.000000e+000 -3.375000e+001
      vertex -2.000000e+000  3.000000e+000 -3.375000e+001
    endloop
  endfacet
  facet normal  9.801669e-002  0.000000e+000  9.951848e-001
    outer loop
      vertex -4.010718e-015  0.000000e+000 -3.575000e+001
      vertex -3.901806e-001  3.000000e+000 -3.571157e+001
      vertex -3.901806e-001  0.000000e+000 -3.571157e+001
    endloop
  endfacet
  facet normal  2.902847e-001  -0.000000e+000  9.569404e-001
    outer loop
      vertex -3.901806e-001  0.000000e+000 -3.571157e+001
      vertex -3.901806e-001  3.000000e+000 -3.571157e+001
      vertex -7.653669e-001  3.000000e+000 -3.559776e+001
    endloop
  endfacet
  facet normal  2.902847e-001  0.000000e+000  9.569404e-001
    outer loop
      vertex -3.901806e-001  0.000000e+000 -3.571157e+001
      vertex -7.653669e-001  3.000000e+000 -3.559776e+001
      vertex -7.653669e-001  0.000000e+000 -3.559776e+001
    endloop
  endfacet
  facet normal  4.713936e-001  -0.000000e+000  8.819230e-001
    outer loop
      vertex -7.653669e-001  0.000000e+000 -3.559776e+001
      vertex -7.653669e-001  3.000000e+000 -3.559776e+001
      vertex -1.111140e+000  3.000000e+000 -3.541294e+001
    endloop
  endfacet
  facet normal  4.713936e-001  0.000000e+000  8.819230e-001
    outer loop
      vertex -7.653669e-001  0.000000e+000 -3.559776e+001
      vertex -1.111140e+000  3.000000e+000 -3.541294e+001
      vertex -1.111140e+000  0.000000e+000 -3.541294e+001
    endloop
  endfacet
  facet normal  6.343937e-001  -0.000000e+000  7.730101e-001
    outer loop
      vertex -1.111140e+000  0.000000e+000 -3.541294e+001
      vertex -1.111140e+000  3.000000e+000 -3.541294e+001
      vertex -1.414214e+000  3.000000e+000 -3.516422e+001
    endloop
  endfacet
  facet normal  6.343937e-001  0.000000e+000  7.730101e-001
    outer loop
      vertex -1.111140e+000  0.000000e+000 -3.541294e+001
      vertex -1.414214e+000  3.000000e+000 -3.516422e+001
      vertex -1.414214e+000  0.000000e+000 -3.516422e+001
    endloop
  endfacet
  facet normal  7.730113e-001  -0.000000e+000  6.343923e-001
    outer loop
      vertex -1.414214e+000  0.000000e+000 -3.516422e+001
      vertex -1.414214e+000  3.000000e+000 -3.516422e+001
      vertex -1.662939e+000  3.000000e+000 -3.486114e+001
    endloop
  endfacet
  facet normal  7.730113e-001  0.000000e+000  6.343923e-001
    outer loop
      vertex -1.414214e+000  0.000000e+000 -3.516422e+001
      vertex -1.662939e+000  3.000000e+000 -3.486114e+001
      vertex -1.662939e+000  0.000000e+000 -3.486114e+001
    endloop
  endfacet
  facet normal  8.819224e-001  -0.000000e+000  4.713945e-001
    outer loop
      vertex -1.662939e+000  0.000000e+000 -3.486114e+001
      vertex -1.662939e+000  3.000000e+000 -3.486114e+001
      vertex -1.847759e+000  3.000000e+000 -3.451537e+001
    endloop
  endfacet
  facet normal  8.819224e-001  0.000000e+000  4.713945e-001
    outer loop
      vertex -1.662939e+000  0.000000e+000 -3.486114e+001
      vertex -1.847759e+000  3.000000e+000 -3.451537e+001
      vertex -1.847759e+000  0.000000e+000 -3.451537e+001
    endloop
  endfacet
  facet normal  9.569396e-001  -0.000000e+000  2.902869e-001
    outer loop
      vertex -1.847759e+000  0.000000e+000 -3.451537e+001
      vertex -1.847759e+000  3.000000e+000 -3.451537e+001
      vertex -1.961571e+000  3.000000e+000 -3.414018e+001
    endloop
  endfacet
  facet normal  9.569396e-001  0.000000e+000  2.902869e-001
    outer loop
      vertex -1.847759e+000  0.000000e+000 -3.451537e+001
      vertex -1.961571e+000  3.000000e+000 -3.414018e+001
      vertex -1.961571e+000  0.000000e+000 -3.414018e+001
    endloop
  endfacet
  facet normal  9.951847e-001  -0.000000e+000  9.801683e-002
    outer loop
      vertex -1.961571e+000  0.000000e+000 -3.414018e+001
      vertex -1.961571e+000  3.000000e+000 -3.414018e+001
      vertex -2.000000e+000  3.000000e+000 -3.375000e+001
    endloop
  endfacet
  facet normal  9.951847e-001  0.000000e+000  9.801683e-002
    outer loop
      vertex -1.961571e+000  0.000000e+000 -3.414018e+001
      vertex -2.000000e+000  3.000000e+000 -3.375000e+001
      vertex -2.000000e+000  0.000000e+000 -3.375000e+001
    endloop
  endfacet
  facet normal  9.801669e-002  -0.000000e+000  9.951848e-001
    outer loop
      vertex -3.901806e-001  3.000000e+000 -3.571157e+001
      vertex -4.010718e-015  0.000000e+000 -3.575000e+001
      vertex -4.010718e-015  3.000000e+000 -3.575000e+001
    endloop
  endfacet
  facet normal -9.801669e-002  0.000000e+000  9.951848e-001
    outer loop
      vertex -4.010718e-015  3.000000e+000 -3.575000e+001
      vertex -4.010718e-015  0.000000e+000 -3.575000e+001
      vertex  3.901806e-001  0.000000e+000 -3.571157e+001
    endloop
  endfacet
  facet normal -9.801669e-002  0.000000e+000  9.951848e-001
    outer loop
      vertex -4.010718e-015  3.000000e+000 -3.575000e+001
      vertex  3.901806e-001  0.000000e+000 -3.571157e+001
      vertex  3.901806e-001  3.000000e+000 -3.571157e+001
    endloop
  endfacet
  facet normal -2.902847e-001  0.000000e+000  9.569404e-001
    outer loop
      vertex  3.901806e-001  3.000000e+000 -3.571157e+001
      vertex  3.901806e-001  0.000000e+000 -3.571157e+001
      vertex  7.653669e-001  0.000000e+000 -3.559776e+001
    endloop
  endfacet
  facet normal -2.902847e-001  0.000000e+000  9.569404e-001
    outer loop
      vertex  3.901806e-001  3.000000e+000 -3.571157e+001
      vertex  7.653669e-001  0.000000e+000 -3.559776e+001
      vertex  7.653669e-001  3.000000e+000 -3.559776e+001
    endloop
  endfacet
  facet normal -4.713936e-001  0.000000e+000  8.819230e-001
    outer loop
      vertex  7.653669e-001  3.000000e+000 -3.559776e+001
      vertex  7.653669e-001  0.000000e+000 -3.559776e+001
      vertex  1.111140e+000  0.000000e+000 -3.541294e+001
    endloop
  endfacet
  facet normal -4.713936e-001  0.000000e+000  8.819230e-001
    outer loop
      vertex  7.653669e-001  3.000000e+000 -3.559776e+001
      vertex  1.111140e+000  0.000000e+000 -3.541294e+001
      vertex  1.111140e+000  3.000000e+000 -3.541294e+001
    endloop
  endfacet
  facet normal -6.343937e-001  0.000000e+000  7.730101e-001
    outer loop
      vertex  1.111140e+000  3.000000e+000 -3.541294e+001
      vertex  1.111140e+000  0.000000e+000 -3.541294e+001
      vertex  1.414214e+000  0.000000e+000 -3.516422e+001
    endloop
  endfacet
  facet normal -6.343937e-001  0.000000e+000  7.730101e-001
    outer loop
      vertex  1.111140e+000  3.000000e+000 -3.541294e+001
      vertex  1.414214e+000  0.000000e+000 -3.516422e+001
      vertex  1.414214e+000  3.000000e+000 -3.516422e+001
    endloop
  endfacet
  facet normal -7.730113e-001  0.000000e+000  6.343923e-001
    outer loop
      vertex  1.414214e+000  3.000000e+000 -3.516422e+001
      vertex  1.414214e+000  0.000000e+000 -3.516422e+001
      vertex  1.662939e+000  0.000000e+000 -3.486114e+001
    endloop
  endfacet
  facet normal -7.730113e-001  0.000000e+000  6.343923e-001
    outer loop
      vertex  1.414214e+000  3.000000e+000 -3.516422e+001
      vertex  1.662939e+000  0.000000e+000 -3.486114e+001
      vertex  1.662939e+000  3.000000e+000 -3.486114e+001
    endloop
  endfacet
  facet normal -8.819224e-001  0.000000e+000  4.713945e-001
    outer loop
      vertex  1.662939e+000  3.000000e+000 -3.486114e+001
      vertex  1.662939e+000  0.000000e+000 -3.486114e+001
      vertex  1.847759e+000  0.000000e+000 -3.451537e+001
    endloop
  endfacet
  facet normal -8.819224e-001  0.000000e+000  4.713945e-001
    outer loop
      vertex  1.662939e+000  3.000000e+000 -3.486114e+001
      vertex  1.847759e+000  0.000000e+000 -3.451537e+001
      vertex  1.847759e+000  3.000000e+000 -3.451537e+001
    endloop
  endfacet
  facet normal -9.569396e-001  0.000000e+000  2.902869e-001
    outer loop
      vertex  1.847759e+000  3.000000e+000 -3.451537e+001
      vertex  1.847759e+000  0.000000e+000 -3.451537e+001
      vertex  1.961571e+000  0.000000e+000 -3.414018e+001
    endloop
  endfacet
  facet normal -9.569396e-001  0.000000e+000  2.902869e-001
    outer loop
      vertex  1.847759e+000  3.000000e+000 -3.451537e+001
      vertex  1.961571e+000  0.000000e+000 -3.414018e+001
      vertex  1.961571e+000  3.000000e+000 -3.414018e+001
    endloop
  endfacet
  facet normal -9.951847e-001  0.000000e+000  9.801683e-002
    outer loop
      vertex  1.961571e+000  3.000000e+000 -3.414018e+001
      vertex  1.961571e+000  0.000000e+000 -3.414018e+001
      vertex  2.000000e+000  0.000000e+000 -3.375000e+001
    endloop
  endfacet
  facet normal -9.951847e-001  0.000000e+000  9.801683e-002
    outer loop
      vertex  1.961571e+000  3.000000e+000 -3.414018e+001
      vertex  2.000000e+000  0.000000e+000 -3.375000e+001
      vertex  2.000000e+000  3.000000e+000 -3.375000e+001
    endloop
  endfacet
  facet normal -9.801729e-002  -0.000000e+000 -9.951848e-001
    outer loop
      vertex -3.673940e-016  0.000000e+000  2.000000e+000
      vertex  3.901806e-001  3.000000e+000  1.961571e+000
      vertex  3.901806e-001  0.000000e+000  1.961571e+000
    endloop
  endfacet
  facet normal -2.902847e-001  0.000000e+000 -9.569404e-001
    outer loop
      vertex  3.901806e-001  0.000000e+000  1.961571e+000
      vertex  3.901806e-001  3.000000e+000  1.961571e+000
      vertex  7.653669e-001  3.000000e+000  1.847759e+000
    endloop
  endfacet
  facet normal -2.902847e-001  -0.000000e+000 -9.569404e-001
    outer loop
      vertex  3.901806e-001  0.000000e+000  1.961571e+000
      vertex  7.653669e-001  3.000000e+000  1.847759e+000
      vertex  7.653669e-001  0.000000e+000  1.847759e+000
    endloop
  endfacet
  facet normal -4.713967e-001  0.000000e+000 -8.819214e-001
    outer loop
      vertex  7.653669e-001  0.000000e+000  1.847759e+000
      vertex  7.653669e-001  3.000000e+000  1.847759e+000
      vertex  1.111140e+000  3.000000e+000  1.662939e+000
    endloop
  endfacet
  facet normal -4.713967e-001  -0.000000e+000 -8.819214e-001
    outer loop
      vertex  7.653669e-001  0.000000e+000  1.847759e+000
      vertex  1.111140e+000  3.000000e+000  1.662939e+000
      vertex  1.111140e+000  0.000000e+000  1.662939e+000
    endloop
  endfacet
  facet normal -6.343933e-001  0.000000e+000 -7.730104e-001
    outer loop
      vertex  1.111140e+000  0.000000e+000  1.662939e+000
      vertex  1.111140e+000  3.000000e+000  1.662939e+000
      vertex  1.414214e+000  3.000000e+000  1.414214e+000
    endloop
  endfacet
  facet normal -6.343933e-001  -0.000000e+000 -7.730104e-001
    outer loop
      vertex  1.111140e+000  0.000000e+000  1.662939e+000
      vertex  1.414214e+000  3.000000e+000  1.414214e+000
      vertex  1.414214e+000  0.000000e+000  1.414214e+000
    endloop
  endfacet
  facet normal -7.730104e-001  0.000000e+000 -6.343933e-001
    outer loop
      vertex  1.414214e+000  0.000000e+000  1.414214e+000
      vertex  1.414214e+000  3.000000e+000  1.414214e+000
      vertex  1.662939e+000  3.000000e+000  1.111140e+000
    endloop
  endfacet
  facet normal -7.730104e-001  -0.000000e+000 -6.343933e-001
    outer loop
      vertex  1.414214e+000  0.000000e+000  1.414214e+000
      vertex  1.662939e+000  3.000000e+000  1.111140e+000
      vertex  1.662939e+000  0.000000e+000  1.111140e+000
    endloop
  endfacet
  facet normal -8.819214e-001  0.000000e+000 -4.713967e-001
    outer loop
      vertex  1.662939e+000  0.000000e+000  1.111140e+000
      vertex  1.662939e+000  3.000000e+000  1.111140e+000
      vertex  1.847759e+000  3.000000e+000  7.653669e-001
    endloop
  endfacet
  facet normal -8.819214e-001  -0.000000e+000 -4.713967e-001
    outer loop
      vertex  1.662939e+000  0.000000e+000  1.111140e+000
      vertex  1.847759e+000  3.000000e+000  7.653669e-001
      vertex  1.847759e+000  0.000000e+000  7.653669e-001
    endloop
  endfacet
  facet normal -9.569404e-001  0.000000e+000 -2.902847e-001
    outer loop
      vertex  1.847759e+000  0.000000e+000  7.653669e-001
      vertex  1.847759e+000  3.000000e+000  7.653669e-001
      vertex  1.961571e+000  3.000000e+000  3.901806e-001
    endloop
  endfacet
  facet normal -9.569404e-001  -0.000000e+000 -2.902847e-001
    outer loop
      vertex  1.847759e+000  0.000000e+000  7.653669e-001
      vertex  1.961571e+000  3.000000e+000  3.901806e-001
      vertex  1.961571e+000  0.000000e+000  3.901806e-001
    endloop
  endfacet
  facet normal -9.951848e-001  0.000000e+000 -9.801729e-002
    outer loop
      vertex  1.961571e+000  0.000000e+000  3.901806e-001
      vertex  1.961571e+000  3.000000e+000  3.901806e-001
      vertex  2.000000e+000  3.000000e+000  0.000000e+000
    endloop
  endfacet
  facet normal -9.951848e-001  2.901895e-017 -9.801729e-002
    outer loop
      vertex  1.961571e+000  0.000000e+000  3.901806e-001
      vertex  2.000000e+000  3.000000e+000  0.000000e+000
      vertex  2.000000e+000  0.000000e+000 -8.881784e-016
    endloop
  endfacet
  facet normal -9.801729e-002  0.000000e+000 -9.951848e-001
    outer loop
      vertex  3.901806e-001  3.000000e+000  1.961571e+000
      vertex -3.673940e-016  0.000000e+000  2.000000e+000
      vertex -3.673940e-016  3.000000e+000  2.000000e+000
    endloop
  endfacet
  facet normal  9.801729e-002  0.000000e+000 -9.951848e-001
    outer loop
      vertex -3.673940e-016  3.000000e+000  2.000000e+000
      vertex -3.673940e-016  0.000000e+000  2.000000e+000
      vertex -3.901806e-001  0.000000e+000  1.961571e+000
    endloop
  endfacet
  facet normal  9.801729e-002  0.000000e+000 -9.951848e-001
    outer loop
      vertex -3.673940e-016  3.000000e+000  2.000000e+000
      vertex -3.901806e-001  0.000000e+000  1.961571e+000
      vertex -3.901806e-001  3.000000e+000  1.961571e+000
    endloop
  endfacet
  facet normal  2.902847e-001  0.000000e+000 -9.569404e-001
    outer loop
      vertex -3.901806e-001  3.000000e+000  1.961571e+000
      vertex -3.901806e-001  0.000000e+000  1.961571e+000
      vertex -7.653669e-001  0.000000e+000  1.847759e+000
    endloop
  endfacet
  facet normal  2.902847e-001  0.000000e+000 -9.569404e-001
    outer loop
      vertex -3.901806e-001  3.000000e+000  1.961571e+000
      vertex -7.653669e-001  0.000000e+000  1.847759e+000
      vertex -7.653669e-001  3.000000e+000  1.847759e+000
    endloop
  endfacet
  facet normal  4.713967e-001  0.000000e+000 -8.819214e-001
    outer loop
      vertex -7.653669e-001  3.000000e+000  1.847759e+000
      vertex -7.653669e-001  0.000000e+000  1.847759e+000
      vertex -1.111140e+000  0.000000e+000  1.662939e+000
    endloop
  endfacet
  facet normal  4.713967e-001  0.000000e+000 -8.819214e-001
    outer loop
      vertex -7.653669e-001  3.000000e+000  1.847759e+000
      vertex -1.111140e+000  0.000000e+000  1.662939e+000
      vertex -1.111140e+000  3.000000e+000  1.662939e+000
    endloop
  endfacet
  facet normal  6.343933e-001  0.000000e+000 -7.730104e-001
    outer loop
      vertex -1.111140e+000  3.000000e+000  1.662939e+000
      vertex -1.111140e+000  0.000000e+000  1.662939e+000
      vertex -1.414214e+000  0.000000e+000  1.414214e+000
    endloop
  endfacet
  facet normal  6.343933e-001  0.000000e+000 -7.730104e-001
    outer loop
      vertex -1.111140e+000  3.000000e+000  1.662939e+000
      vertex -1.414214e+000  0.000000e+000  1.414214e+000
      vertex -1.414214e+000  3.000000e+000  1.414214e+000
    endloop
  endfacet
  facet normal  7.730104e-001  0.000000e+000 -6.343933e-001
    outer loop
      vertex -1.414214e+000  3.000000e+000  1.414214e+000
      vertex -1.414214e+000  0.000000e+000  1.414214e+000
      vertex -1.662939e+000  0.000000e+000  1.111140e+000
    endloop
  endfacet
  facet normal  7.730104e-001  0.000000e+000 -6.343933e-001
    outer loop
      vertex -1.414214e+000  3.000000e+000  1.414214e+000
      vertex -1.662939e+000  0.000000e+000  1.111140e+000
      vertex -1.662939e+000  3.000000e+000  1.111140e+000
    endloop
  endfacet
  facet normal  8.819214e-001  0.000000e+000 -4.713967e-001
    outer loop
      vertex -1.662939e+000  3.000000e+000  1.111140e+000
      vertex -1.662939e+000  0.000000e+000  1.111140e+000
      vertex -1.847759e+000  0.000000e+000  7.653669e-001
    endloop
  endfacet
  facet normal  8.819214e-001  0.000000e+000 -4.713967e-001
    outer loop
      vertex -1.662939e+000  3.000000e+000  1.111140e+000
      vertex -1.847759e+000  0.000000e+000  7.653669e-001
      vertex -1.847759e+000  3.000000e+000  7.653669e-001
    endloop
  endfacet
  facet normal  9.569404e-001  0.000000e+000 -2.902847e-001
    outer loop
      vertex -1.847759e+000  3.000000e+000  7.653669e-001
      vertex -1.847759e+000  0.000000e+000  7.653669e-001
      vertex -1.961571e+000  0.000000e+000  3.901806e-001
    endloop
  endfacet
  facet normal  9.569404e-001  0.000000e+000 -2.902847e-001
    outer loop
      vertex -1.847759e+000  3.000000e+000  7.653669e-001
      vertex -1.961571e+000  0.000000e+000  3.901806e-001
      vertex -1.961571e+000  3.000000e+000  3.901806e-001
    endloop
  endfacet
  facet normal  9.951848e-001  0.000000e+000 -9.801729e-002
    outer loop
      vertex -1.961571e+000  3.000000e+000  3.901806e-001
      vertex -1.961571e+000  0.000000e+000  3.901806e-001
      vertex -2.000000e+000  0.000000e+000 -2.449294e-016
    endloop
  endfacet
  facet normal  9.951848e-001  0.000000e+000 -9.801729e-002
    outer loop
      vertex -1.961571e+000  3.000000e+000  3.901806e-001
      vertex -2.000000e+000  0.000000e+000 -2.449294e-016
      vertex -2.000000e+000  3.000000e+000 -2.449294e-016
    endloop
  endfacet
  facet normal  9.801729e-002  0.000000e+000  9.951848e-001
    outer loop
      vertex -3.216245e-016  0.000000e+000 -2.000000e+000
      vertex -3.901806e-001  3.000000e+000 -1.961571e+000
      vertex -3.901806e-001  0.000000e+000 -1.961571e+000
    endloop
  endfacet
  facet normal  2.902847e-001  -0.000000e+000  9.569404e-001
    outer loop
      vertex -3.901806e-001  0.000000e+000 -1.961571e+000
      vertex -3.901806e-001  3.000000e+000 -1.961571e+000
      vertex -7.653669e-001  3.000000e+000 -1.847759e+000
    endloop
  endfacet
  facet normal  2.902847e-001  0.000000e+000  9.569404e-001
    outer loop
      vertex -3.901806e-001  0.000000e+000 -1.961571e+000
      vertex -7.653669e-001  3.000000e+000 -1.847759e+000
      vertex -7.653669e-001  0.000000e+000 -1.847759e+000
    endloop
  endfacet
  facet normal  4.713967e-001  -0.000000e+000  8.819214e-001
    outer loop
      vertex -7.653669e-001  0.000000e+000 -1.847759e+000
      vertex -7.653669e-001  3.000000e+000 -1.847759e+000
      vertex -1.111140e+000  3.000000e+000 -1.662939e+000
    endloop
  endfacet
  facet normal  4.713967e-001  0.000000e+000  8.819214e-001
    outer loop
      vertex -7.653669e-001  0.000000e+000 -1.847759e+000
      vertex -1.111140e+000  3.000000e+000 -1.662939e+000
      vertex -1.111140e+000  0.000000e+000 -1.662939e+000
    endloop
  endfacet
  facet normal  6.343933e-001  -0.000000e+000  7.730104e-001
    outer loop
      vertex -1.111140e+000  0.000000e+000 -1.662939e+000
      vertex -1.111140e+000  3.000000e+000 -1.662939e+000
      vertex -1.414214e+000  3.000000e+000 -1.414214e+000
    endloop
  endfacet
  facet normal  6.343933e-001  0.000000e+000  7.730104e-001
    outer loop
      vertex -1.111140e+000  0.000000e+000 -1.662939e+000
      vertex -1.414214e+000  3.000000e+000 -1.414214e+000
      vertex -1.414214e+000  0.000000e+000 -1.414214e+000
    endloop
  endfacet
  facet normal  7.730104e-001  -0.000000e+000  6.343933e-001
    outer loop
      vertex -1.414214e+000  0.000000e+000 -1.414214e+000
      vertex -1.414214e+000  3.000000e+000 -1.414214e+000
      vertex -1.662939e+000  3.000000e+000 -1.111140e+000
    endloop
  endfacet
  facet normal  7.730104e-001  0.000000e+000  6.343933e-001
    outer loop
      vertex -1.414214e+000  0.000000e+000 -1.414214e+000
      vertex -1.662939e+000  3.000000e+000 -1.111140e+000
      vertex -1.662939e+000  0.000000e+000 -1.111140e+000
    endloop
  endfacet
  facet normal  8.819214e-001  -0.000000e+000  4.713967e-001
    outer loop
      vertex -1.662939e+000  0.000000e+000 -1.111140e+000
      vertex -1.662939e+000  3.000000e+000 -1.111140e+000
      vertex -1.847759e+000  3.000000e+000 -7.653669e-001
    endloop
  endfacet
  facet normal  8.819214e-001  0.000000e+000  4.713967e-001
    outer loop
      vertex -1.662939e+000  0.000000e+000 -1.111140e+000
      vertex -1.847759e+000  3.000000e+000 -7.653669e-001
      vertex -1.847759e+000  0.000000e+000 -7.653669e-001
    endloop
  endfacet
  facet normal  9.569404e-001  -0.000000e+000  2.902847e-001
    outer loop
      vertex -1.847759e+000  0.000000e+000 -7.653669e-001
      vertex -1.847759e+000  3.000000e+000 -7.653669e-001
      vertex -1.961571e+000  3.000000e+000 -3.901806e-001
    endloop
  endfacet
  facet normal  9.569404e-001  0.000000e+000  2.902847e-001
    outer loop
      vertex -1.847759e+000  0.000000e+000 -7.653669e-001
      vertex -1.961571e+000  3.000000e+000 -3.901806e-001
      vertex -1.961571e+000  0.000000e+000 -3.901806e-001
    endloop
  endfacet
  facet normal  9.951848e-001  -0.000000e+000  9.801729e-002
    outer loop
      vertex -1.961571e+000  0.000000e+000 -3.901806e-001
      vertex -1.961571e+000  3.000000e+000 -3.901806e-001
      vertex -2.000000e+000  3.000000e+000 -2.449294e-016
    endloop
  endfacet
  facet normal  9.951848e-001  0.000000e+000  9.801729e-002
    outer loop
      vertex -1.961571e+000  0.000000e+000 -3.901806e-001
      vertex -2.000000e+000  3.000000e+000 -2.449294e-016
      vertex -2.000000e+000  0.000000e+000 -2.449294e-016
    endloop
  endfacet
  facet normal  9.801729e-002 -1.450947e-017  9.951848e-001
    outer loop
      vertex -3.901806e-001  3.000000e+000 -1.961571e+000
      vertex -3.216245e-016  0.000000e+000 -2.000000e+000
      vertex  1.224647e-016  3.000000e+000 -2.000000e+000
    endloop
  endfacet
  facet normal -9.801729e-002  1.450947e-017  9.951848e-001
    outer loop
      vertex  1.224647e-016  3.000000e+000 -2.000000e+000
      vertex -3.216245e-016  0.000000e+000 -2.000000e+000
      vertex  3.901806e-001  0.000000e+000 -1.961571e+000
    endloop
  endfacet
  facet normal -9.801729e-002  0.000000e+000  9.951848e-001
    outer loop
      vertex  1.224647e-016  3.000000e+000 -2.000000e+000
      vertex  3.901806e-001  0.000000e+000 -1.961571e+000
      vertex  3.901806e-001  3.000000e+000 -1.961571e+000
    endloop
  endfacet
  facet normal -2.902847e-001  0.000000e+000  9.569404e-001
    outer loop
      vertex  3.901806e-001  3.000000e+000 -1.961571e+000
      vertex  3.901806e-001  0.000000e+000 -1.961571e+000
      vertex  7.653669e-001  0.000000e+000 -1.847759e+000
    endloop
  endfacet
  facet normal -2.902847e-001  0.000000e+000  9.569404e-001
    outer loop
      vertex  3.901806e-001  3.000000e+000 -1.961571e+000
      vertex  7.653669e-001  0.000000e+000 -1.847759e+000
      vertex  7.653669e-001  3.000000e+000 -1.847759e+000
    endloop
  endfacet
  facet normal -4.713967e-001  0.000000e+000  8.819214e-001
    outer loop
      vertex  7.653669e-001  3.000000e+000 -1.847759e+000
      vertex  7.653669e-001  0.000000e+000 -1.847759e+000
      vertex  1.111140e+000  0.000000e+000 -1.662939e+000
    endloop
  endfacet
  facet normal -4.713967e-001  0.000000e+000  8.819214e-001
    outer loop
      vertex  7.653669e-001  3.000000e+000 -1.847759e+000
      vertex  1.111140e+000  0.000000e+000 -1.662939e+000
      vertex  1.111140e+000  3.000000e+000 -1.662939e+000
    endloop
  endfacet
  facet normal -6.343933e-001  0.000000e+000  7.730104e-001
    outer loop
      vertex  1.111140e+000  3.000000e+000 -1.662939e+000
      vertex  1.111140e+000  0.000000e+000 -1.662939e+000
      vertex  1.414214e+000  0.000000e+000 -1.414214e+000
    endloop
  endfacet
  facet normal -6.343933e-001  0.000000e+000  7.730104e-001
    outer loop
      vertex  1.111140e+000  3.000000e+000 -1.662939e+000
      vertex  1.414214e+000  0.000000e+000 -1.414214e+000
      vertex  1.414214e+000  3.000000e+000 -1.414214e+000
    endloop
  endfacet
  facet normal -7.730104e-001  0.000000e+000  6.343933e-001
    outer loop
      vertex  1.414214e+000  3.000000e+000 -1.414214e+000
      vertex  1.414214e+000  0.000000e+000 -1.414214e+000
      vertex  1.662939e+000  0.000000e+000 -1.111140e+000
    endloop
  endfacet
  facet normal -7.730104e-001  0.000000e+000  6.343933e-001
    outer loop
      vertex  1.414214e+000  3.000000e+000 -1.414214e+000
      vertex  1.662939e+000  0.000000e+000 -1.111140e+000
      vertex  1.662939e+000  3.000000e+000 -1.111140e+000
    endloop
  endfacet
  facet normal -8.819214e-001  0.000000e+000  4.713967e-001
    outer loop
      vertex  1.662939e+000  3.000000e+000 -1.111140e+000
      vertex  1.662939e+000  0.000000e+000 -1.111140e+000
      vertex  1.847759e+000  0.000000e+000 -7.653669e-001
    endloop
  endfacet
  facet normal -8.819214e-001  0.000000e+000  4.713967e-001
    outer loop
      vertex  1.662939e+000  3.000000e+000 -1.111140e+000
      vertex  1.847759e+000  0.000000e+000 -7.653669e-001
      vertex  1.847759e+000  3.000000e+000 -7.653669e-001
    endloop
  endfacet
  facet normal -9.569404e-001  0.000000e+000  2.902847e-001
    outer loop
      vertex  1.847759e+000  3.000000e+000 -7.653669e-001
      vertex  1.847759e+000  0.000000e+000 -7.653669e-001
      vertex  1.961571e+000  0.000000e+000 -3.901806e-001
    endloop
  endfacet
  facet normal -9.569404e-001  0.000000e+000  2.902847e-001
    outer loop
      vertex  1.847759e+000  3.000000e+000 -7.653669e-001
      vertex  1.961571e+000  0.000000e+000 -3.901806e-001
      vertex  1.961571e+000  3.000000e+000 -3.901806e-001
    endloop
  endfacet
  facet normal -9.951848e-001  0.000000e+000  9.801729e-002
    outer loop
      vertex  1.961571e+000  3.000000e+000 -3.901806e-001
      vertex  1.961571e+000  0.000000e+000 -3.901806e-001
      vertex  2.000000e+000  0.000000e+000 -8.881784e-016
    endloop
  endfacet
  facet normal -9.951848e-001 -2.901895e-017  9.801729e-002
    outer loop
      vertex  1.961571e+000  3.000000e+000 -3.901806e-001
      vertex  2.000000e+000  0.000000e+000 -8.881784e-016
      vertex  2.000000e+000  3.000000e+000  0.000000e+000
    endloop
  endfacet
endsolid CATIA STL
