solid CATIA STL
  facet normal  5.095878e-001  -0.000000e+000  8.604186e-001
    outer loop
      vertex  1.650000e+001 -3.362500e+001  7.300000e+001
      vertex  1.650000e+001 -3.509808e+001  7.300000e+001
      vertex  1.662329e+001 -3.343837e+001  7.292698e+001
    endloop
  endfacet
  facet normal  4.689229e-001 -7.037994e-004  8.832388e-001
    outer loop
      vertex  1.460947e+001 -4.500000e+001  7.403125e+001
      vertex  1.546835e+001 -3.546321e+001  7.358286e+001
      vertex  1.500785e+001 -3.549999e+001  7.382732e+001
    endloop
  endfacet
  facet normal  4.546584e-001  5.380795e-005  8.906659e-001
    outer loop
      vertex  1.500785e+001 -3.549999e+001  7.382732e+001
      vertex  1.454344e+001 -3.546505e+001  7.406438e+001
      vertex  1.460947e+001 -4.500000e+001  7.403125e+001
    endloop
  endfacet
  facet normal -4.828671e-001 -1.143059e-004  8.756936e-001
    outer loop
      vertex -1.601608e+001 -4.500000e+001  7.327959e+001
      vertex -1.546835e+001 -3.546321e+001  7.358286e+001
      vertex -1.591639e+001 -3.535661e+001  7.333582e+001
    endloop
  endfacet
  facet normal -4.943258e-001  4.156659e-005  8.692768e-001
    outer loop
      vertex -1.601608e+001 -4.500000e+001  7.327959e+001
      vertex -1.591639e+001 -3.535661e+001  7.333582e+001
      vertex -1.621435e+001 -3.524324e+001  7.316637e+001
    endloop
  endfacet
  facet normal  7.677050e-001  3.427195e-004  6.408033e-001
    outer loop
      vertex  2.537867e+001  2.030204e+001  6.530204e+001
      vertex  2.450007e+001  2.135407e+001  6.635407e+001
      vertex  2.460539e+001  1.250000e+001  6.623264e+001
    endloop
  endfacet
  facet normal  7.069883e-001 -4.447347e-004  7.072251e-001
    outer loop
      vertex  2.353415e+001  1.250000e+001  6.741415e+001
      vertex  2.257278e+001  2.338203e+001  6.838203e+001
      vertex  2.240624e+001  1.250000e+001  6.854168e+001
    endloop
  endfacet
  facet normal  6.787426e-001  3.858693e-004  7.343762e-001
    outer loop
      vertex  2.240624e+001  1.250000e+001  6.854168e+001
      vertex  2.257278e+001  2.338203e+001  6.838203e+001
      vertex  2.152236e+001  2.435237e+001  6.935237e+001
    endloop
  endfacet
  facet normal  6.714406e-001 -6.157185e-004  7.410582e-001
    outer loop
      vertex  2.240624e+001  1.250000e+001  6.854168e+001
      vertex  2.152236e+001  2.435237e+001  6.935237e+001
      vertex  2.122437e+001  1.250000e+001  6.961252e+001
    endloop
  endfacet
  facet normal  6.455862e-001  5.309907e-004  7.636872e-001
    outer loop
      vertex  2.122437e+001  1.250000e+001  6.961252e+001
      vertex  2.152236e+001  2.435237e+001  6.935237e+001
      vertex  2.041316e+001  2.528938e+001  7.028938e+001
    endloop
  endfacet
  facet normal  6.342797e-001 -6.844936e-004  7.731032e-001
    outer loop
      vertex  2.122437e+001  1.250000e+001  6.961252e+001
      vertex  2.041316e+001  2.528938e+001  7.028938e+001
      vertex  1.999140e+001  1.250000e+001  7.062409e+001
    endloop
  endfacet
  facet normal  5.826940e-001  6.572213e-005  8.126916e-001
    outer loop
      vertex  1.923653e+001  2.619553e+001  7.119553e+001
      vertex  1.863399e+001  2.662752e+001  7.162752e+001
      vertex  1.871028e+001  1.250000e+001  7.157396e+001
    endloop
  endfacet
  facet normal  5.095878e-001  0.000000e+000  8.604186e-001
    outer loop
      vertex  1.650000e+001  1.362500e+001  7.300000e+001
      vertex  1.662329e+001  1.343837e+001  7.292698e+001
      vertex  1.650000e+001  1.509808e+001  7.300000e+001
    endloop
  endfacet
  facet normal  4.688973e-001  2.919519e-004  8.832526e-001
    outer loop
      vertex  1.546835e+001  1.546322e+001  7.358286e+001
      vertex  1.473378e+001  2.896836e+001  7.396836e+001
      vertex  1.500785e+001  1.549999e+001  7.382732e+001
    endloop
  endfacet
  facet normal  4.546597e-001 -7.539827e-005  8.906652e-001
    outer loop
      vertex  1.500785e+001  1.549999e+001  7.382732e+001
      vertex  1.473378e+001  2.896836e+001  7.396836e+001
      vertex  1.454344e+001  1.546505e+001  7.406438e+001
    endloop
  endfacet
  facet normal  2.429263e-001 -4.536135e-004  9.700446e-001
    outer loop
      vertex  8.666351e+000  1.250000e+001  7.632323e+001
      vertex  7.632694e+000  3.159101e+001  7.659101e+001
      vertex  7.119287e+000  1.250000e+001  7.671066e+001
    endloop
  endfacet
  facet normal  2.164689e-001  2.970317e-004  9.762895e-001
    outer loop
      vertex  7.119287e+000  1.250000e+001  7.671066e+001
      vertex  7.632694e+000  3.159101e+001  7.659101e+001
      vertex  6.431314e+000  3.185731e+001  7.685731e+001
    endloop
  endfacet
  facet normal  1.950499e-001 -4.983364e-004  9.807932e-001
    outer loop
      vertex  7.119287e+000  1.250000e+001  7.671066e+001
      vertex  6.431314e+000  3.185731e+001  7.685731e+001
      vertex  5.555079e+000  1.250000e+001  7.702173e+001
    endloop
  endfacet
  facet normal  1.792086e-001  2.443750e-004  9.838111e-001
    outer loop
      vertex  6.431314e+000  3.185731e+001  7.685731e+001
      vertex  5.212075e+000  3.207934e+001  7.707935e+001
      vertex  5.555079e+000  1.250000e+001  7.702173e+001
    endloop
  endfacet
  facet normal  4.905787e-002 -4.887705e-004  9.987958e-001
    outer loop
      vertex  2.390330e+000  1.250000e+001  7.741198e+001
      vertex  1.553631e+000  3.246284e+001  7.746284e+001
      vertex  7.974108e-001  1.250000e+001  7.749022e+001
    endloop
  endfacet
  facet normal  2.903808e-002  2.706799e-004  9.995783e-001
    outer loop
      vertex  1.553631e+000  3.246284e+001  7.746284e+001
      vertex  3.333993e-001  3.249829e+001  7.749828e+001
      vertex  7.974108e-001  1.250000e+001  7.749022e+001
    endloop
  endfacet
  facet normal  0.000000e+000 -4.032479e-004  9.999999e-001
    outer loop
      vertex -7.974285e-001  1.250000e+001  7.749022e+001
      vertex  7.974108e-001  1.250000e+001  7.749022e+001
      vertex  3.333993e-001  3.249829e+001  7.749828e+001
    endloop
  endfacet
  facet normal -8.528632e-003  7.902862e-005  9.999636e-001
    outer loop
      vertex  3.333993e-001  3.249829e+001  7.749828e+001
      vertex -8.877307e-001  3.248787e+001  7.748787e+001
      vertex -7.974285e-001  1.250000e+001  7.749022e+001
    endloop
  endfacet
  facet normal -9.799617e-002 -4.792027e-004  9.951867e-001
    outer loop
      vertex -2.390348e+000  1.250000e+001  7.741198e+001
      vertex -3.319289e+000  3.233005e+001  7.733006e+001
      vertex -3.977511e+000  1.250000e+001  7.725569e+001
    endloop
  endfacet
  facet normal -1.207089e-001  2.840729e-004  9.926879e-001
    outer loop
      vertex -3.319289e+000  3.233005e+001  7.733006e+001
      vertex -4.523103e+000  3.218372e+001  7.718372e+001
      vertex -3.977511e+000  1.250000e+001  7.725569e+001
    endloop
  endfacet
  facet normal -1.467000e-001 -4.491720e-004  9.891810e-001
    outer loop
      vertex -5.555096e+000  1.250000e+001  7.702173e+001
      vertex -3.977511e+000  1.250000e+001  7.725569e+001
      vertex -4.523103e+000  3.218372e+001  7.718372e+001
    endloop
  endfacet
  facet normal -1.589020e-001  2.060877e-004  9.872943e-001
    outer loop
      vertex -4.523103e+000  3.218372e+001  7.718372e+001
      vertex -5.801501e+000  3.197800e+001  7.697800e+001
      vertex -5.555096e+000  1.250000e+001  7.702173e+001
    endloop
  endfacet
  facet normal -2.429310e-001 -3.737606e-004  9.700435e-001
    outer loop
      vertex -7.119304e+000  1.250000e+001  7.671066e+001
      vertex -8.301935e+000  3.142177e+001  7.642178e+001
      vertex -8.666368e+000  1.250000e+001  7.632322e+001
    endloop
  endfacet
  facet normal -2.742746e-001  2.736287e-004  9.616514e-001
    outer loop
      vertex -8.666368e+000  1.250000e+001  7.632322e+001
      vertex -8.301935e+000  3.142177e+001  7.642178e+001
      vertex -9.517903e+000  3.107506e+001  7.607507e+001
    endloop
  endfacet
  facet normal -2.902236e-001 -5.202125e-004  9.569588e-001
    outer loop
      vertex -8.666368e+000  1.250000e+001  7.632322e+001
      vertex -9.517903e+000  3.107506e+001  7.607507e+001
      vertex -1.019256e+001  1.250000e+001  7.586036e+001
    endloop
  endfacet
  facet normal -3.113190e-001  3.228888e-004  9.503055e-001
    outer loop
      vertex -9.517903e+000  3.107506e+001  7.607507e+001
      vertex -1.070762e+001  3.068545e+001  7.568545e+001
      vertex -1.019256e+001  1.250000e+001  7.586036e+001
    endloop
  endfacet
  facet normal -3.695492e-001  2.414082e-006  9.292112e-001
    outer loop
      vertex -1.200000e+001  1.250000e+001  7.520348e+001
      vertex -1.196127e+001  3.021884e+001  7.521883e+001
      vertex -1.202098e+001  1.285421e+001  7.519513e+001
    endloop
  endfacet
  facet normal -4.184306e-001  7.409922e-004  9.082484e-001
    outer loop
      vertex -1.343092e+001  1.505695e+001  7.459494e+001
      vertex -1.436128e+001  2.915482e+001  7.415482e+001
      vertex -1.378755e+001  1.524408e+001  7.443049e+001
    endloop
  endfacet
  facet normal -4.299428e-001  1.593321e-004  9.028561e-001
    outer loop
      vertex -1.416062e+001  1.538018e+001  7.425281e+001
      vertex -1.378755e+001  1.524408e+001  7.443049e+001
      vertex -1.436128e+001  2.915482e+001  7.415482e+001
    endloop
  endfacet
  facet normal -4.416180e-001 -5.095371e-005  8.972031e-001
    outer loop
      vertex -1.416062e+001  1.538018e+001  7.425281e+001
      vertex -1.436128e+001  2.915482e+001  7.415482e+001
      vertex -1.454344e+001  1.546505e+001  7.406438e+001
    endloop
  endfacet
  facet normal -5.871835e-001  1.442455e-004  8.094538e-001
    outer loop
      vertex -1.871029e+001  1.250000e+001  7.157395e+001
      vertex -1.860611e+001  2.664700e+001  7.164700e+001
      vertex -1.955008e+001  2.596236e+001  7.096236e+001
    endloop
  endfacet
  facet normal -5.955885e-001 -6.601063e-004  8.032894e-001
    outer loop
      vertex -1.871029e+001  1.250000e+001  7.157395e+001
      vertex -1.955008e+001  2.596236e+001  7.096236e+001
      vertex -1.999141e+001  1.250000e+001  7.062408e+001
    endloop
  endfacet
  facet normal -6.902563e-001  1.953721e-004  7.235648e-001
    outer loop
      vertex -2.240625e+001  1.250000e+001  6.854166e+001
      vertex -2.215667e+001  2.377671e+001  6.877671e+001
      vertex -2.270063e+001  2.325793e+001  6.825793e+001
    endloop
  endfacet
  facet normal -7.069882e-001 -6.934403e-004  7.072250e-001
    outer loop
      vertex -2.240625e+001  1.250000e+001  6.854166e+001
      vertex -2.270063e+001  2.325793e+001  6.825793e+001
      vertex -2.353416e+001  1.250000e+001  6.741413e+001
    endloop
  endfacet
  facet normal -7.147090e-001  5.168135e-004  6.994218e-001
    outer loop
      vertex -2.270063e+001  2.325793e+001  6.825793e+001
      vertex -2.372696e+001  2.220994e+001  6.720995e+001
      vertex -2.353416e+001  1.250000e+001  6.741413e+001
    endloop
  endfacet
  facet normal -7.408323e-001 -5.850421e-004  6.716897e-001
    outer loop
      vertex -2.460540e+001  1.250000e+001  6.623262e+001
      vertex -2.353416e+001  1.250000e+001  6.741413e+001
      vertex -2.372696e+001  2.220994e+001  6.720995e+001
    endloop
  endfacet
  facet normal -7.454478e-001  3.484348e-004  6.665639e-001
    outer loop
      vertex -2.372696e+001  2.220994e+001  6.720995e+001
      vertex -2.470350e+001  2.111840e+001  6.611840e+001
      vertex -2.460540e+001  1.250000e+001  6.623262e+001
    endloop
  endfacet
  facet normal  7.845667e-001  0.000000e+000  6.200444e-001
    outer loop
      vertex  2.561738e+001 -4.500000e+001  6.500000e+001
      vertex  2.561738e+001  2.000000e+001  6.500000e+001
      vertex  2.537867e+001  2.030204e+001  6.530204e+001
    endloop
  endfacet
  facet normal  7.696932e-001 -1.393325e-004  6.384139e-001
    outer loop
      vertex  2.561738e+001 -4.500000e+001  6.500000e+001
      vertex  2.537867e+001  2.030204e+001  6.530204e+001
      vertex  2.460539e+001  1.250000e+001  6.623264e+001
    endloop
  endfacet
  facet normal  7.728906e-001  0.000000e+000  6.345393e-001
    outer loop
      vertex  2.561738e+001 -4.500000e+001  6.500000e+001
      vertex  2.460539e+001  1.250000e+001  6.623264e+001
      vertex  2.460539e+001 -3.250000e+001  6.623264e+001
    endloop
  endfacet
  facet normal  7.728905e-001  0.000000e+000  6.345393e-001
    outer loop
      vertex  2.561738e+001 -4.500000e+001  6.500000e+001
      vertex  2.460539e+001 -3.250000e+001  6.623264e+001
      vertex  2.460539e+001 -4.500000e+001  6.623264e+001
    endloop
  endfacet
  facet normal -7.728905e-001  6.698172e-008  6.345393e-001
    outer loop
      vertex -2.561738e+001 -4.500000e+001  6.500000e+001
      vertex -2.460539e+001 -4.500000e+001  6.623264e+001
      vertex -2.460540e+001 -3.250000e+001  6.623262e+001
    endloop
  endfacet
  facet normal -7.728902e-001  0.000000e+000  6.345398e-001
    outer loop
      vertex -2.561738e+001 -4.500000e+001  6.500000e+001
      vertex -2.460540e+001 -3.250000e+001  6.623262e+001
      vertex -2.460540e+001  1.250000e+001  6.623262e+001
    endloop
  endfacet
  facet normal -7.674101e-001 -2.382906e-004  6.411566e-001
    outer loop
      vertex -2.561738e+001 -4.500000e+001  6.500000e+001
      vertex -2.460540e+001  1.250000e+001  6.623262e+001
      vertex -2.470350e+001  2.111840e+001  6.611840e+001
    endloop
  endfacet
  facet normal -7.743593e-001  2.285675e-008  6.327462e-001
    outer loop
      vertex -2.561738e+001 -4.500000e+001  6.500000e+001
      vertex -2.470350e+001  2.111840e+001  6.611840e+001
      vertex -2.561737e+001  2.000000e+001  6.500000e+001
    endloop
  endfacet
  facet normal  5.140045e-001 -7.515441e-004  8.577872e-001
    outer loop
      vertex  1.601608e+001 -4.500000e+001  7.327959e+001
      vertex  1.738411e+001 -4.500000e+001  7.245984e+001
      vertex  1.686467e+001 -3.269652e+001  7.278188e+001
    endloop
  endfacet
  facet normal  5.278569e-001 -2.049069e-003  8.493308e-001
    outer loop
      vertex  1.601608e+001 -4.500000e+001  7.327959e+001
      vertex  1.686467e+001 -3.269652e+001  7.278188e+001
      vertex  1.683397e+001 -3.289011e+001  7.280049e+001
    endloop
  endfacet
  facet normal  5.199316e-001 -1.320882e-003  8.542069e-001
    outer loop
      vertex  1.601608e+001 -4.500000e+001  7.327959e+001
      vertex  1.683397e+001 -3.289011e+001  7.280049e+001
      vertex  1.674930e+001 -3.317496e+001  7.285159e+001
    endloop
  endfacet
  facet normal  5.148057e-001 -8.908602e-004  8.573065e-001
    outer loop
      vertex  1.601608e+001 -4.500000e+001  7.327959e+001
      vertex  1.674930e+001 -3.317496e+001  7.285159e+001
      vertex  1.662329e+001 -3.343837e+001  7.292698e+001
    endloop
  endfacet
  facet normal  5.270144e-001 -1.759329e-003  8.498546e-001
    outer loop
      vertex  1.601608e+001 -4.500000e+001  7.327959e+001
      vertex  1.662329e+001 -3.343837e+001  7.292698e+001
      vertex  1.650000e+001 -3.509808e+001  7.300000e+001
    endloop
  endfacet
  facet normal  5.033771e-001 -2.028318e-004  8.640668e-001
    outer loop
      vertex  1.601608e+001 -4.500000e+001  7.327959e+001
      vertex  1.650000e+001 -3.509808e+001  7.300000e+001
      vertex  1.621435e+001 -3.524324e+001  7.316637e+001
    endloop
  endfacet
  facet normal  4.943258e-001  4.156659e-005  8.692768e-001
    outer loop
      vertex  1.601608e+001 -4.500000e+001  7.327959e+001
      vertex  1.621435e+001 -3.524324e+001  7.316637e+001
      vertex  1.591639e+001 -3.535661e+001  7.333582e+001
    endloop
  endfacet
  facet normal  4.828672e-001 -1.143040e-004  8.756936e-001
    outer loop
      vertex  1.601608e+001 -4.500000e+001  7.327959e+001
      vertex  1.591639e+001 -3.535661e+001  7.333582e+001
      vertex  1.546835e+001 -3.546321e+001  7.358286e+001
    endloop
  endfacet
  facet normal  4.713047e-001 -9.779620e-004  8.819699e-001
    outer loop
      vertex  1.601608e+001 -4.500000e+001  7.327959e+001
      vertex  1.546835e+001 -3.546321e+001  7.358286e+001
      vertex  1.460947e+001 -4.500000e+001  7.403125e+001
    endloop
  endfacet
  facet normal  4.274668e-001 -1.809629e-004  9.040310e-001
    outer loop
      vertex  1.316769e+001 -4.500000e+001  7.471299e+001
      vertex  1.460947e+001 -4.500000e+001  7.403125e+001
      vertex  1.454344e+001 -3.546505e+001  7.406438e+001
    endloop
  endfacet
  facet normal  4.411428e-001 -2.603016e-003  8.974331e-001
    outer loop
      vertex  1.316769e+001 -4.500000e+001  7.471299e+001
      vertex  1.454344e+001 -3.546505e+001  7.406438e+001
      vertex  1.416062e+001 -3.538018e+001  7.425281e+001
    endloop
  endfacet
  facet normal  4.296478e-001 -1.150430e-003  9.029958e-001
    outer loop
      vertex  1.316769e+001 -4.500000e+001  7.471299e+001
      vertex  1.416062e+001 -3.538018e+001  7.425281e+001
      vertex  1.378755e+001 -3.524408e+001  7.443049e+001
    endloop
  endfacet
  facet normal  4.186214e-001 -3.002925e-004  9.081607e-001
    outer loop
      vertex  1.316769e+001 -4.500000e+001  7.471299e+001
      vertex  1.378755e+001 -3.524408e+001  7.443049e+001
      vertex  1.343092e+001 -3.505695e+001  7.459494e+001
    endloop
  endfacet
  facet normal  4.081515e-001  3.332303e-005  9.129142e-001
    outer loop
      vertex  1.316769e+001 -4.500000e+001  7.471299e+001
      vertex  1.343092e+001 -3.505695e+001  7.459494e+001
      vertex  1.309795e+001 -3.481996e+001  7.474380e+001
    endloop
  endfacet
  facet normal  3.826082e-001 -1.749395e-004  9.239106e-001
    outer loop
      vertex  1.316769e+001 -4.500000e+001  7.471299e+001
      vertex  1.309795e+001 -3.481996e+001  7.474380e+001
      vertex  1.169420e+001 -4.500000e+001  7.532319e+001
    endloop
  endfacet
  facet normal  3.967002e-001 -2.457647e-003  9.179449e-001
    outer loop
      vertex  1.169420e+001 -4.500000e+001  7.532319e+001
      vertex  1.309795e+001 -3.481996e+001  7.474380e+001
      vertex  1.281296e+001 -3.455349e+001  7.486768e+001
    endloop
  endfacet
  facet normal  3.888636e-001 -1.472364e-003  9.212941e-001
    outer loop
      vertex  1.169420e+001 -4.500000e+001  7.532319e+001
      vertex  1.281296e+001 -3.455349e+001  7.486768e+001
      vertex  1.256198e+001 -3.424815e+001  7.497410e+001
    endloop
  endfacet
  facet normal  3.821276e-001 -8.373029e-004  9.241092e-001
    outer loop
      vertex  1.169420e+001 -4.500000e+001  7.532319e+001
      vertex  1.256198e+001 -3.424815e+001  7.497410e+001
      vertex  1.235115e+001 -3.390840e+001  7.506158e+001
    endloop
  endfacet
  facet normal  3.766250e-001 -4.581671e-004  9.263658e-001
    outer loop
      vertex  1.169420e+001 -4.500000e+001  7.532319e+001
      vertex  1.235115e+001 -3.390840e+001  7.506158e+001
      vertex  1.218603e+001 -3.353999e+001  7.512890e+001
    endloop
  endfacet
  facet normal  3.726436e-001 -2.600254e-004  9.279745e-001
    outer loop
      vertex  1.169420e+001 -4.500000e+001  7.532319e+001
      vertex  1.218603e+001 -3.353999e+001  7.512890e+001
      vertex  1.208346e+001 -3.320271e+001  7.517018e+001
    endloop
  endfacet
  facet normal  3.700697e-001 -1.617455e-004  9.290040e-001
    outer loop
      vertex  1.169420e+001 -4.500000e+001  7.532319e+001
      vertex  1.208346e+001 -3.320271e+001  7.517018e+001
      vertex  1.202098e+001 -3.285421e+001  7.519513e+001
    endloop
  endfacet
  facet normal  3.681132e-001 -1.009125e-004  9.297810e-001
    outer loop
      vertex  1.169420e+001 -4.500000e+001  7.532319e+001
      vertex  1.202098e+001 -3.285421e+001  7.519513e+001
      vertex  1.200000e+001 -3.250000e+001  7.520348e+001
    endloop
  endfacet
  facet normal  3.645341e-001  1.388478e-007  9.311901e-001
    outer loop
      vertex  1.169420e+001 -4.500000e+001  7.532319e+001
      vertex  1.200000e+001 -3.250000e+001  7.520348e+001
      vertex  1.169420e+001 -3.250000e+001  7.532319e+001
    endloop
  endfacet
  facet normal -3.826082e-001 -5.527960e-004  9.239105e-001
    outer loop
      vertex -1.316769e+001 -4.500000e+001  7.471299e+001
      vertex -1.169420e+001 -4.500000e+001  7.532319e+001
      vertex -1.202098e+001 -3.285421e+001  7.519513e+001
    endloop
  endfacet
  facet normal -3.517859e-001 -3.945556e-003  9.360721e-001
    outer loop
      vertex -1.316769e+001 -4.500000e+001  7.471299e+001
      vertex -1.202098e+001 -3.285421e+001  7.519513e+001
      vertex -1.208346e+001 -3.320271e+001  7.517018e+001
    endloop
  endfacet
  facet normal -3.667164e-001 -2.350832e-003  9.303298e-001
    outer loop
      vertex -1.316769e+001 -4.500000e+001  7.471299e+001
      vertex -1.208346e+001 -3.320271e+001  7.517018e+001
      vertex -1.218603e+001 -3.353999e+001  7.512890e+001
    endloop
  endfacet
  facet normal -3.744911e-001 -1.572322e-003  9.272292e-001
    outer loop
      vertex -1.316769e+001 -4.500000e+001  7.471299e+001
      vertex -1.218603e+001 -3.353999e+001  7.512890e+001
      vertex -1.235115e+001 -3.390840e+001  7.506158e+001
    endloop
  endfacet
  facet normal -3.820108e-001 -9.221957e-004  9.241574e-001
    outer loop
      vertex -1.316769e+001 -4.500000e+001  7.471299e+001
      vertex -1.235115e+001 -3.390840e+001  7.506158e+001
      vertex -1.256198e+001 -3.424815e+001  7.497410e+001
    endloop
  endfacet
  facet normal -3.899782e-001 -3.923909e-004  9.208240e-001
    outer loop
      vertex -1.316769e+001 -4.500000e+001  7.471299e+001
      vertex -1.256198e+001 -3.424815e+001  7.497410e+001
      vertex -1.281296e+001 -3.455349e+001  7.486768e+001
    endloop
  endfacet
  facet normal -3.985997e-001 -4.485472e-005  9.171250e-001
    outer loop
      vertex -1.316769e+001 -4.500000e+001  7.471299e+001
      vertex -1.281296e+001 -3.455349e+001  7.486768e+001
      vertex -1.309795e+001 -3.481996e+001  7.474380e+001
    endloop
  endfacet
  facet normal -4.081515e-001  3.332253e-005  9.129142e-001
    outer loop
      vertex -1.316769e+001 -4.500000e+001  7.471299e+001
      vertex -1.309795e+001 -3.481996e+001  7.474380e+001
      vertex -1.343092e+001 -3.505695e+001  7.459494e+001
    endloop
  endfacet
  facet normal -4.274667e-001 -5.834933e-004  9.040309e-001
    outer loop
      vertex -1.316769e+001 -4.500000e+001  7.471299e+001
      vertex -1.343092e+001 -3.505695e+001  7.459494e+001
      vertex -1.460947e+001 -4.500000e+001  7.403125e+001
    endloop
  endfacet
  facet normal -4.178977e-001 -1.970618e-003  9.084919e-001
    outer loop
      vertex -1.460947e+001 -4.500000e+001  7.403125e+001
      vertex -1.343092e+001 -3.505695e+001  7.459494e+001
      vertex -1.378755e+001 -3.524408e+001  7.443049e+001
    endloop
  endfacet
  facet normal -4.297690e-001 -7.432100e-004  9.029385e-001
    outer loop
      vertex -1.460947e+001 -4.500000e+001  7.403125e+001
      vertex -1.378755e+001 -3.524408e+001  7.443049e+001
      vertex -1.416062e+001 -3.538018e+001  7.425281e+001
    endloop
  endfacet
  facet normal -4.415984e-001 -5.939489e-005  8.972129e-001
    outer loop
      vertex -1.460947e+001 -4.500000e+001  7.403125e+001
      vertex -1.416062e+001 -3.538018e+001  7.425281e+001
      vertex -1.454344e+001 -3.546505e+001  7.406438e+001
    endloop
  endfacet
  facet normal -4.546584e-001  5.380795e-005  8.906659e-001
    outer loop
      vertex -1.460947e+001 -4.500000e+001  7.403125e+001
      vertex -1.454344e+001 -3.546505e+001  7.406438e+001
      vertex -1.500785e+001 -3.549999e+001  7.382732e+001
    endloop
  endfacet
  facet normal -4.689229e-001 -7.038009e-004  8.832388e-001
    outer loop
      vertex -1.460947e+001 -4.500000e+001  7.403125e+001
      vertex -1.500785e+001 -3.549999e+001  7.382732e+001
      vertex -1.546835e+001 -3.546321e+001  7.358286e+001
    endloop
  endfacet
  facet normal -4.713047e-001 -9.779620e-004  8.819699e-001
    outer loop
      vertex -1.460947e+001 -4.500000e+001  7.403125e+001
      vertex -1.546835e+001 -3.546321e+001  7.358286e+001
      vertex -1.601608e+001 -4.500000e+001  7.327959e+001
    endloop
  endfacet
  facet normal -5.140046e-001 -4.916742e-004  8.577874e-001
    outer loop
      vertex -1.738411e+001 -4.500000e+001  7.245984e+001
      vertex -1.601608e+001 -4.500000e+001  7.327959e+001
      vertex -1.621435e+001 -3.524324e+001  7.316637e+001
    endloop
  endfacet
  facet normal -5.040970e-001 -2.103650e-003  8.636445e-001
    outer loop
      vertex -1.738411e+001 -4.500000e+001  7.245984e+001
      vertex -1.621435e+001 -3.524324e+001  7.316637e+001
      vertex -1.650000e+001 -3.509808e+001  7.300000e+001
    endloop
  endfacet
  facet normal -5.213600e-001  0.000000e+000  8.533368e-001
    outer loop
      vertex -1.738411e+001 -4.500000e+001  7.245984e+001
      vertex -1.650000e+001 -3.509808e+001  7.300000e+001
      vertex -1.650000e+001 -3.362500e+001  7.300000e+001
    endloop
  endfacet
  facet normal -5.108405e-001 -1.118593e-003  8.596748e-001
    outer loop
      vertex -1.738411e+001 -4.500000e+001  7.245984e+001
      vertex -1.650000e+001 -3.362500e+001  7.300000e+001
      vertex -1.662329e+001 -3.343837e+001  7.292698e+001
    endloop
  endfacet
  facet normal -5.146316e-001 -7.776488e-004  8.574110e-001
    outer loop
      vertex -1.738411e+001 -4.500000e+001  7.245984e+001
      vertex -1.662329e+001 -3.343837e+001  7.292698e+001
      vertex -1.674930e+001 -3.317496e+001  7.285159e+001
    endloop
  endfacet
  facet normal -5.179860e-001 -5.305844e-004  8.553889e-001
    outer loop
      vertex -1.738411e+001 -4.500000e+001  7.245984e+001
      vertex -1.674930e+001 -3.317496e+001  7.285159e+001
      vertex -1.683397e+001 -3.289011e+001  7.280049e+001
    endloop
  endfacet
  facet normal -5.202387e-001 -3.897620e-004  8.540208e-001
    outer loop
      vertex -1.738411e+001 -4.500000e+001  7.245984e+001
      vertex -1.683397e+001 -3.289011e+001  7.280049e+001
      vertex -1.686467e+001 -3.269652e+001  7.278188e+001
    endloop
  endfacet
  facet normal -5.225937e-001 -2.526726e-004  8.525819e-001
    outer loop
      vertex -1.738411e+001 -4.500000e+001  7.245984e+001
      vertex -1.686467e+001 -3.269652e+001  7.278188e+001
      vertex -1.687500e+001 -3.250000e+001  7.277560e+001
    endloop
  endfacet
  facet normal -5.270820e-001  3.581671e-008  8.498144e-001
    outer loop
      vertex -1.738411e+001 -4.500000e+001  7.245984e+001
      vertex -1.687500e+001 -3.250000e+001  7.277560e+001
      vertex -1.738412e+001 -3.250000e+001  7.245983e+001
    endloop
  endfacet
  facet normal  5.134352e-001  -0.000000e+000  8.581284e-001
    outer loop
      vertex  1.662329e+001 -3.156163e+001  7.292698e+001
      vertex  1.674930e+001 -3.182504e+001  7.285159e+001
      vertex  1.674930e+001  1.182504e+001  7.285159e+001
    endloop
  endfacet
  facet normal  5.134352e-001  0.000000e+000  8.581284e-001
    outer loop
      vertex  1.662329e+001 -3.156163e+001  7.292698e+001
      vertex  1.674930e+001  1.182504e+001  7.285159e+001
      vertex  1.662329e+001  1.156163e+001  7.292698e+001
    endloop
  endfacet
  facet normal  5.095878e-001  0.000000e+000  8.604186e-001
    outer loop
      vertex  1.662329e+001 -3.156163e+001  7.292698e+001
      vertex  1.662329e+001  1.156163e+001  7.292698e+001
      vertex  1.650000e+001  1.137500e+001  7.300000e+001
    endloop
  endfacet
  facet normal  5.095878e-001  0.000000e+000  8.604186e-001
    outer loop
      vertex  1.662329e+001 -3.156163e+001  7.292698e+001
      vertex  1.650000e+001  1.137500e+001  7.300000e+001
      vertex  1.650000e+001  9.901924e+000  7.300000e+001
    endloop
  endfacet
  facet normal  5.095879e-001  0.000000e+000  8.604187e-001
    outer loop
      vertex  1.662329e+001 -3.156163e+001  7.292698e+001
      vertex  1.650000e+001  9.901924e+000  7.300000e+001
      vertex  1.650000e+001 -2.990192e+001  7.300000e+001
    endloop
  endfacet
  facet normal  5.095878e-001  0.000000e+000  8.604186e-001
    outer loop
      vertex  1.662329e+001 -3.156163e+001  7.292698e+001
      vertex  1.650000e+001 -2.990192e+001  7.300000e+001
      vertex  1.650000e+001 -3.137500e+001  7.300000e+001
    endloop
  endfacet
  facet normal -5.134352e-001  0.000000e+000  8.581284e-001
    outer loop
      vertex -1.662329e+001  1.156163e+001  7.292698e+001
      vertex -1.674930e+001  1.182504e+001  7.285159e+001
      vertex -1.674930e+001 -3.182504e+001  7.285159e+001
    endloop
  endfacet
  facet normal -5.134352e-001  0.000000e+000  8.581284e-001
    outer loop
      vertex -1.662329e+001  1.156163e+001  7.292698e+001
      vertex -1.674930e+001 -3.182504e+001  7.285159e+001
      vertex -1.662329e+001 -3.156163e+001  7.292698e+001
    endloop
  endfacet
  facet normal -5.095878e-001  0.000000e+000  8.604186e-001
    outer loop
      vertex -1.662329e+001  1.156163e+001  7.292698e+001
      vertex -1.662329e+001 -3.156163e+001  7.292698e+001
      vertex -1.650000e+001 -3.137500e+001  7.300000e+001
    endloop
  endfacet
  facet normal -5.095878e-001  0.000000e+000  8.604186e-001
    outer loop
      vertex -1.662329e+001  1.156163e+001  7.292698e+001
      vertex -1.650000e+001 -3.137500e+001  7.300000e+001
      vertex -1.650000e+001 -2.990192e+001  7.300000e+001
    endloop
  endfacet
  facet normal -5.095879e-001  0.000000e+000  8.604187e-001
    outer loop
      vertex -1.662329e+001  1.156163e+001  7.292698e+001
      vertex -1.650000e+001 -2.990192e+001  7.300000e+001
      vertex -1.650000e+001  9.901924e+000  7.300000e+001
    endloop
  endfacet
  facet normal -5.095878e-001  0.000000e+000  8.604186e-001
    outer loop
      vertex -1.662329e+001  1.156163e+001  7.292698e+001
      vertex -1.650000e+001  9.901924e+000  7.300000e+001
      vertex -1.650000e+001  1.137500e+001  7.300000e+001
    endloop
  endfacet
  facet normal  4.710711e-001  4.432249e-004  8.820952e-001
    outer loop
      vertex  1.586785e+001  2.836303e+001  7.336303e+001
      vertex  1.473378e+001  2.896836e+001  7.396836e+001
      vertex  1.546835e+001  1.546322e+001  7.358286e+001
    endloop
  endfacet
  facet normal  4.828408e-001 -3.013035e-005  8.757082e-001
    outer loop
      vertex  1.586785e+001  2.836303e+001  7.336303e+001
      vertex  1.546835e+001  1.546322e+001  7.358286e+001
      vertex  1.591639e+001  1.535661e+001  7.333582e+001
    endloop
  endfacet
  facet normal  4.943453e-001  2.627395e-005  8.692657e-001
    outer loop
      vertex  1.586785e+001  2.836303e+001  7.336303e+001
      vertex  1.591639e+001  1.535661e+001  7.333582e+001
      vertex  1.621435e+001  1.524324e+001  7.316637e+001
    endloop
  endfacet
  facet normal  5.034309e-001  3.446235e-004  8.640354e-001
    outer loop
      vertex  1.586785e+001  2.836303e+001  7.336303e+001
      vertex  1.621435e+001  1.524324e+001  7.316637e+001
      vertex  1.650000e+001  1.509808e+001  7.300000e+001
    endloop
  endfacet
  facet normal  5.296444e-001  2.026747e-003  8.482172e-001
    outer loop
      vertex  1.586785e+001  2.836303e+001  7.336303e+001
      vertex  1.650000e+001  1.509808e+001  7.300000e+001
      vertex  1.662329e+001  1.343837e+001  7.292698e+001
    endloop
  endfacet
  facet normal  5.150105e-001  1.024064e-003  8.571833e-001
    outer loop
      vertex  1.586785e+001  2.836303e+001  7.336303e+001
      vertex  1.662329e+001  1.343837e+001  7.292698e+001
      vertex  1.674930e+001  1.317496e+001  7.285159e+001
    endloop
  endfacet
  facet normal  5.202029e-001  1.431200e-003  8.540415e-001
    outer loop
      vertex  1.586785e+001  2.836303e+001  7.336303e+001
      vertex  1.674930e+001  1.317496e+001  7.285159e+001
      vertex  1.683397e+001  1.289011e+001  7.280049e+001
    endloop
  endfacet
  facet normal  5.280918e-001  2.100357e-003  8.491847e-001
    outer loop
      vertex  1.586785e+001  2.836303e+001  7.336303e+001
      vertex  1.683397e+001  1.289011e+001  7.280049e+001
      vertex  1.686467e+001  1.269652e+001  7.278188e+001
    endloop
  endfacet
  facet normal  5.052383e-001  1.345078e-004  8.629799e-001
    outer loop
      vertex  1.586785e+001  2.836303e+001  7.336303e+001
      vertex  1.686467e+001  1.269652e+001  7.278188e+001
      vertex  1.696235e+001  2.772235e+001  7.272235e+001
    endloop
  endfacet
  facet normal  4.187678e-001 -3.785932e-005  9.080934e-001
    outer loop
      vertex  1.356098e+001  2.953557e+001  7.453557e+001
      vertex  1.343092e+001  1.505695e+001  7.459494e+001
      vertex  1.378755e+001  1.524408e+001  7.443049e+001
    endloop
  endfacet
  facet normal  4.299374e-001  1.777071e-004  9.028587e-001
    outer loop
      vertex  1.356098e+001  2.953557e+001  7.453557e+001
      vertex  1.378755e+001  1.524408e+001  7.443049e+001
      vertex  1.416062e+001  1.538018e+001  7.425281e+001
    endloop
  endfacet
  facet normal  4.414701e-001  7.777701e-004  8.972757e-001
    outer loop
      vertex  1.356098e+001  2.953557e+001  7.453557e+001
      vertex  1.416062e+001  1.538018e+001  7.425281e+001
      vertex  1.454344e+001  1.546505e+001  7.406438e+001
    endloop
  endfacet
  facet normal  4.354907e-001  2.625685e-004  9.001932e-001
    outer loop
      vertex  1.356098e+001  2.953557e+001  7.453557e+001
      vertex  1.454344e+001  1.546505e+001  7.406438e+001
      vertex  1.473378e+001  2.896836e+001  7.396836e+001
    endloop
  endfacet
  facet normal  3.609865e-001  1.907362e-004  9.325711e-001
    outer loop
      vertex  1.235065e+001  3.006179e+001  7.506180e+001
      vertex  1.110436e+001  3.054412e+001  7.554412e+001
      vertex  1.218603e+001  1.353998e+001  7.512890e+001
    endloop
  endfacet
  facet normal  3.775027e-001 -4.784982e-007  9.260085e-001
    outer loop
      vertex  1.235065e+001  3.006179e+001  7.506180e+001
      vertex  1.218603e+001  1.353998e+001  7.512890e+001
      vertex  1.235115e+001  1.390840e+001  7.506158e+001
    endloop
  endfacet
  facet normal  3.832795e-001 -2.669792e-007  9.236324e-001
    outer loop
      vertex  1.235065e+001  3.006179e+001  7.506180e+001
      vertex  1.235115e+001  1.390840e+001  7.506158e+001
      vertex  1.256198e+001  1.424815e+001  7.497410e+001
    endloop
  endfacet
  facet normal  3.902701e-001  1.094144e-004  9.207004e-001
    outer loop
      vertex  1.235065e+001  3.006179e+001  7.506180e+001
      vertex  1.256198e+001  1.424815e+001  7.497410e+001
      vertex  1.281296e+001  1.455349e+001  7.486768e+001
    endloop
  endfacet
  facet normal  3.983260e-001  3.928316e-004  9.172438e-001
    outer loop
      vertex  1.235065e+001  3.006179e+001  7.506180e+001
      vertex  1.281296e+001  1.455349e+001  7.486768e+001
      vertex  1.309795e+001  1.481996e+001  7.474380e+001
    endloop
  endfacet
  facet normal  4.075789e-001  9.315065e-004  9.131694e-001
    outer loop
      vertex  1.235065e+001  3.006179e+001  7.506180e+001
      vertex  1.309795e+001  1.481996e+001  7.474380e+001
      vertex  1.343092e+001  1.505695e+001  7.459494e+001
    endloop
  endfacet
  facet normal  3.987904e-001  1.782862e-004  9.170421e-001
    outer loop
      vertex  1.235065e+001  3.006179e+001  7.506180e+001
      vertex  1.343092e+001  1.505695e+001  7.459494e+001
      vertex  1.356098e+001  2.953557e+001  7.453557e+001
    endloop
  endfacet
  facet normal  3.243551e-001  1.878171e-004  9.459354e-001
    outer loop
      vertex  1.110436e+001  3.054412e+001  7.554412e+001
      vertex  9.971432e+000  3.093252e+001  7.593252e+001
      vertex  1.019255e+001  1.250000e+001  7.586036e+001
    endloop
  endfacet
  facet normal  3.368180e-001 -5.184766e-004  9.415696e-001
    outer loop
      vertex  1.110436e+001  3.054412e+001  7.554412e+001
      vertex  1.019255e+001  1.250000e+001  7.586036e+001
      vertex  1.169420e+001  1.250000e+001  7.532319e+001
    endloop
  endfacet
  facet normal  3.645341e-001  5.146119e-004  9.311899e-001
    outer loop
      vertex  1.110436e+001  3.054412e+001  7.554412e+001
      vertex  1.169420e+001  1.250000e+001  7.532319e+001
      vertex  1.200000e+001  1.250000e+001  7.520348e+001
    endloop
  endfacet
  facet normal  3.631913e-001  4.380603e-004  9.317144e-001
    outer loop
      vertex  1.110436e+001  3.054412e+001  7.554412e+001
      vertex  1.200000e+001  1.250000e+001  7.520348e+001
      vertex  1.202098e+001  1.285421e+001  7.519513e+001
    endloop
  endfacet
  facet normal  3.675027e-001  6.948434e-004  9.300222e-001
    outer loop
      vertex  1.110436e+001  3.054412e+001  7.554412e+001
      vertex  1.202098e+001  1.285421e+001  7.519513e+001
      vertex  1.208346e+001  1.320271e+001  7.517018e+001
    endloop
  endfacet
  facet normal  3.708042e-001  9.095276e-004  9.287106e-001
    outer loop
      vertex  1.110436e+001  3.054412e+001  7.554412e+001
      vertex  1.208346e+001  1.320271e+001  7.517018e+001
      vertex  1.218603e+001  1.353998e+001  7.512890e+001
    endloop
  endfacet
  facet normal -4.239072e-001  3.001932e-004  9.057056e-001
    outer loop
      vertex -1.317972e+001  2.970766e+001  7.470766e+001
      vertex -1.436128e+001  2.915482e+001  7.415482e+001
      vertex -1.343092e+001  1.505695e+001  7.459494e+001
    endloop
  endfacet
  facet normal -4.081469e-001 -2.550990e-005  9.129163e-001
    outer loop
      vertex -1.317972e+001  2.970766e+001  7.470766e+001
      vertex -1.343092e+001  1.505695e+001  7.459494e+001
      vertex -1.309795e+001  1.481996e+001  7.474380e+001
    endloop
  endfacet
  facet normal -3.986059e-001  3.710273e-005  9.171224e-001
    outer loop
      vertex -1.317972e+001  2.970766e+001  7.470766e+001
      vertex -1.309795e+001  1.481996e+001  7.474380e+001
      vertex -1.281296e+001  1.455349e+001  7.486768e+001
    endloop
  endfacet
  facet normal -3.900924e-001  2.817241e-004  9.207757e-001
    outer loop
      vertex -1.317972e+001  2.970766e+001  7.470766e+001
      vertex -1.281296e+001  1.455349e+001  7.486768e+001
      vertex -1.256198e+001  1.424815e+001  7.497410e+001
    endloop
  endfacet
  facet normal -3.823921e-001  6.449861e-004  9.239999e-001
    outer loop
      vertex -1.317972e+001  2.970766e+001  7.470766e+001
      vertex -1.256198e+001  1.424815e+001  7.497410e+001
      vertex -1.235115e+001  1.390840e+001  7.506158e+001
    endloop
  endfacet
  facet normal -3.754480e-001  1.072844e-003  9.268429e-001
    outer loop
      vertex -1.317972e+001  2.970766e+001  7.470766e+001
      vertex -1.235115e+001  1.390840e+001  7.506158e+001
      vertex -1.218603e+001  1.353998e+001  7.512890e+001
    endloop
  endfacet
  facet normal -3.690338e-001  1.534082e-003  9.294147e-001
    outer loop
      vertex -1.317972e+001  2.970766e+001  7.470766e+001
      vertex -1.218603e+001  1.353998e+001  7.512890e+001
      vertex -1.208346e+001  1.320271e+001  7.517018e+001
    endloop
  endfacet
  facet normal -3.601256e-001  2.223474e-003  9.329013e-001
    outer loop
      vertex -1.317972e+001  2.970766e+001  7.470766e+001
      vertex -1.208346e+001  1.320271e+001  7.517018e+001
      vertex -1.202098e+001  1.285421e+001  7.519513e+001
    endloop
  endfacet
  facet normal -3.868891e-001  7.171836e-005  9.221262e-001
    outer loop
      vertex -1.317972e+001  2.970766e+001  7.470766e+001
      vertex -1.202098e+001  1.285421e+001  7.519513e+001
      vertex -1.196127e+001  3.021884e+001  7.521883e+001
    endloop
  endfacet
  facet normal -4.943434e-001  4.463232e-004  8.692666e-001
    outer loop
      vertex -1.550463e+001  2.856320e+001  7.356320e+001
      vertex -1.660887e+001  2.793556e+001  7.293555e+001
      vertex -1.591639e+001  1.535661e+001  7.333582e+001
    endloop
  endfacet
  facet normal -4.828421e-001 -2.315568e-005  8.757074e-001
    outer loop
      vertex -1.550463e+001  2.856320e+001  7.356320e+001
      vertex -1.591639e+001  1.535661e+001  7.333582e+001
      vertex -1.546835e+001  1.546322e+001  7.358286e+001
    endloop
  endfacet
  facet normal -4.688808e-001  2.685358e-005  8.832614e-001
    outer loop
      vertex -1.550463e+001  2.856320e+001  7.356320e+001
      vertex -1.546835e+001  1.546322e+001  7.358286e+001
      vertex -1.500785e+001  1.549999e+001  7.382732e+001
    endloop
  endfacet
  facet normal -4.546121e-001  7.196558e-004  8.906893e-001
    outer loop
      vertex -1.550463e+001  2.856320e+001  7.356320e+001
      vertex -1.500785e+001  1.549999e+001  7.382732e+001
      vertex -1.454344e+001  1.546505e+001  7.406438e+001
    endloop
  endfacet
  facet normal -4.596660e-001  2.493883e-004  8.880919e-001
    outer loop
      vertex -1.550463e+001  2.856320e+001  7.356320e+001
      vertex -1.454344e+001  1.546505e+001  7.406438e+001
      vertex -1.436128e+001  2.915482e+001  7.415482e+001
    endloop
  endfacet
  facet normal -5.095856e-001 -2.035583e-006  8.604200e-001
    outer loop
      vertex -1.660887e+001  2.793556e+001  7.293555e+001
      vertex -1.662329e+001  1.343837e+001  7.292698e+001
      vertex -1.650000e+001  1.362500e+001  7.300000e+001
    endloop
  endfacet
  facet normal -5.093875e-001  0.000000e+000  8.605374e-001
    outer loop
      vertex -1.660887e+001  2.793556e+001  7.293555e+001
      vertex -1.650000e+001  1.362500e+001  7.300000e+001
      vertex -1.650000e+001  1.509808e+001  7.300000e+001
    endloop
  endfacet
  facet normal -5.033264e-001  6.926869e-005  8.640963e-001
    outer loop
      vertex -1.660887e+001  2.793556e+001  7.293555e+001
      vertex -1.650000e+001  1.509808e+001  7.300000e+001
      vertex -1.621435e+001  1.524324e+001  7.316637e+001
    endloop
  endfacet
  facet normal -4.944635e-001  4.375387e-004  8.691983e-001
    outer loop
      vertex -1.660887e+001  2.793556e+001  7.293555e+001
      vertex -1.621435e+001  1.524324e+001  7.316637e+001
      vertex -1.591639e+001  1.535661e+001  7.333582e+001
    endloop
  endfacet
  facet normal -5.574169e-001 -1.822554e-004  8.302327e-001
    outer loop
      vertex -1.762568e+001  2.730541e+001  7.230541e+001
      vertex -1.860611e+001  2.664700e+001  7.164700e+001
      vertex -1.871029e+001  1.250000e+001  7.157395e+001
    endloop
  endfacet
  facet normal -5.554661e-001 -3.897104e-004  8.315392e-001
    outer loop
      vertex -1.762568e+001  2.730541e+001  7.230541e+001
      vertex -1.871029e+001  1.250000e+001  7.157395e+001
      vertex -1.738412e+001  1.250000e+001  7.245983e+001
    endloop
  endfacet
  facet normal -5.270819e-001  2.639946e-004  8.498144e-001
    outer loop
      vertex -1.762568e+001  2.730541e+001  7.230541e+001
      vertex -1.738412e+001  1.250000e+001  7.245983e+001
      vertex -1.687500e+001  1.250000e+001  7.277560e+001
    endloop
  endfacet
  facet normal -5.248886e-001  4.182860e-004  8.511709e-001
    outer loop
      vertex -1.762568e+001  2.730541e+001  7.230541e+001
      vertex -1.687500e+001  1.250000e+001  7.277560e+001
      vertex -1.686467e+001  1.269652e+001  7.278188e+001
    endloop
  endfacet
  facet normal -5.214959e-001  6.629392e-004  8.532535e-001
    outer loop
      vertex -1.762568e+001  2.730541e+001  7.230541e+001
      vertex -1.686467e+001  1.269652e+001  7.278188e+001
      vertex -1.683397e+001  1.289011e+001  7.280049e+001
    endloop
  endfacet
  facet normal -5.188131e-001  8.663931e-004  8.548873e-001
    outer loop
      vertex -1.762568e+001  2.730541e+001  7.230541e+001
      vertex -1.683397e+001  1.289011e+001  7.280049e+001
      vertex -1.674930e+001  1.317496e+001  7.285159e+001
    endloop
  endfacet
  facet normal -5.152373e-001  1.171629e-003  8.570467e-001
    outer loop
      vertex -1.762568e+001  2.730541e+001  7.230541e+001
      vertex -1.674930e+001  1.317496e+001  7.285159e+001
      vertex -1.662329e+001  1.343837e+001  7.292698e+001
    endloop
  endfacet
  facet normal -5.267825e-001  2.123506e-005  8.500001e-001
    outer loop
      vertex -1.762568e+001  2.730541e+001  7.230541e+001
      vertex -1.662329e+001  1.343837e+001  7.292698e+001
      vertex -1.660887e+001  2.793556e+001  7.293555e+001
    endloop
  endfacet
  facet normal  7.408324e-001  0.000000e+000  6.716899e-001
    outer loop
      vertex  2.460539e+001 -4.500000e+001  6.623264e+001
      vertex  2.460539e+001 -3.250000e+001  6.623264e+001
      vertex  2.353415e+001 -4.500000e+001  6.741415e+001
    endloop
  endfacet
  facet normal  7.408324e-001  -0.000000e+000  6.716899e-001
    outer loop
      vertex  2.353415e+001 -4.500000e+001  6.741415e+001
      vertex  2.460539e+001 -3.250000e+001  6.623264e+001
      vertex  2.353415e+001 -3.250000e+001  6.741415e+001
    endloop
  endfacet
  facet normal  7.069860e-001  0.000000e+000  7.072275e-001
    outer loop
      vertex  2.353415e+001 -4.500000e+001  6.741415e+001
      vertex  2.353415e+001 -3.250000e+001  6.741415e+001
      vertex  2.240624e+001 -4.500000e+001  6.854167e+001
    endloop
  endfacet
  facet normal  7.069883e-001 -4.316560e-007  7.072251e-001
    outer loop
      vertex  2.240624e+001 -4.500000e+001  6.854167e+001
      vertex  2.353415e+001 -3.250000e+001  6.741415e+001
      vertex  2.240624e+001 -3.250000e+001  6.854168e+001
    endloop
  endfacet
  facet normal  6.714439e-001 -4.523043e-007  7.410554e-001
    outer loop
      vertex  2.240624e+001 -4.500000e+001  6.854167e+001
      vertex  2.240624e+001 -3.250000e+001  6.854168e+001
      vertex  2.122437e+001 -4.500000e+001  6.961252e+001
    endloop
  endfacet
  facet normal  6.714407e-001  1.024537e-007  7.410582e-001
    outer loop
      vertex  2.122437e+001 -4.500000e+001  6.961252e+001
      vertex  2.240624e+001 -3.250000e+001  6.854168e+001
      vertex  2.122437e+001 -3.250000e+001  6.961252e+001
    endloop
  endfacet
  facet normal  6.342798e-001  9.678343e-008  7.731035e-001
    outer loop
      vertex  2.122437e+001 -4.500000e+001  6.961252e+001
      vertex  2.122437e+001 -3.250000e+001  6.961252e+001
      vertex  1.999140e+001 -4.500000e+001  7.062409e+001
    endloop
  endfacet
  facet normal  6.342798e-001  9.678343e-008  7.731035e-001
    outer loop
      vertex  1.999140e+001 -4.500000e+001  7.062409e+001
      vertex  2.122437e+001 -3.250000e+001  6.961252e+001
      vertex  1.999140e+001 -3.250000e+001  7.062409e+001
    endloop
  endfacet
  facet normal  5.955887e-001  9.087963e-008  8.032895e-001
    outer loop
      vertex  1.999140e+001 -4.500000e+001  7.062409e+001
      vertex  1.999140e+001 -3.250000e+001  7.062409e+001
      vertex  1.871028e+001 -4.500000e+001  7.157396e+001
    endloop
  endfacet
  facet normal  5.955881e-001  1.817591e-007  8.032900e-001
    outer loop
      vertex  1.871028e+001 -4.500000e+001  7.157396e+001
      vertex  1.999140e+001 -3.250000e+001  7.062409e+001
      vertex  1.871028e+001 -3.250000e+001  7.157396e+001
    endloop
  endfacet
  facet normal  5.554661e-001  1.695148e-007  8.315392e-001
    outer loop
      vertex  1.871028e+001 -4.500000e+001  7.157396e+001
      vertex  1.871028e+001 -3.250000e+001  7.157396e+001
      vertex  1.738411e+001 -4.500000e+001  7.245984e+001
    endloop
  endfacet
  facet normal  5.554661e-001  1.695148e-007  8.315392e-001
    outer loop
      vertex  1.738411e+001 -4.500000e+001  7.245984e+001
      vertex  1.871028e+001 -3.250000e+001  7.157396e+001
      vertex  1.738411e+001 -3.250000e+001  7.245984e+001
    endloop
  endfacet
  facet normal  5.269265e-001  1.608052e-007  8.499110e-001
    outer loop
      vertex  1.738411e+001 -4.500000e+001  7.245984e+001
      vertex  1.738411e+001 -3.250000e+001  7.245984e+001
      vertex  1.686467e+001 -3.269652e+001  7.278188e+001
    endloop
  endfacet
  facet normal  5.270841e-001 -5.769905e-004  8.498130e-001
    outer loop
      vertex  1.686467e+001 -3.269652e+001  7.278188e+001
      vertex  1.738411e+001 -3.250000e+001  7.245984e+001
      vertex  1.687500e+001 -3.250000e+001  7.277560e+001
    endloop
  endfacet
  facet normal  3.368182e-001  1.284860e-007  9.415697e-001
    outer loop
      vertex  1.169420e+001 -4.500000e+001  7.532319e+001
      vertex  1.169420e+001 -3.250000e+001  7.532319e+001
      vertex  1.019255e+001 -4.500000e+001  7.586036e+001
    endloop
  endfacet
  facet normal  3.368180e-001  1.541831e-007  9.415697e-001
    outer loop
      vertex  1.019255e+001 -4.500000e+001  7.586036e+001
      vertex  1.169420e+001 -3.250000e+001  7.532319e+001
      vertex  1.019255e+001 -3.250000e+001  7.586036e+001
    endloop
  endfacet
  facet normal  2.902239e-001  1.328539e-007  9.569588e-001
    outer loop
      vertex  1.019255e+001 -4.500000e+001  7.586036e+001
      vertex  1.019255e+001 -3.250000e+001  7.586036e+001
      vertex  8.666357e+000 -4.500000e+001  7.632322e+001
    endloop
  endfacet
  facet normal  2.902282e-001 -4.512246e-007  9.569575e-001
    outer loop
      vertex  8.666357e+000 -4.500000e+001  7.632322e+001
      vertex  1.019255e+001 -3.250000e+001  7.586036e+001
      vertex  8.666351e+000 -3.250000e+001  7.632323e+001
    endloop
  endfacet
  facet normal  2.429309e-001 -4.808627e-007  9.700436e-001
    outer loop
      vertex  8.666357e+000 -4.500000e+001  7.632322e+001
      vertex  8.666351e+000 -3.250000e+001  7.632323e+001
      vertex  7.119293e+000 -4.500000e+001  7.671066e+001
    endloop
  endfacet
  facet normal  2.429263e-001  1.204697e-007  9.700448e-001
    outer loop
      vertex  7.119293e+000 -4.500000e+001  7.671066e+001
      vertex  8.666351e+000 -3.250000e+001  7.632323e+001
      vertex  7.119287e+000 -3.250000e+001  7.671066e+001
    endloop
  endfacet
  facet normal  1.950500e-001  9.672735e-008  9.807933e-001
    outer loop
      vertex  7.119293e+000 -4.500000e+001  7.671066e+001
      vertex  7.119287e+000 -3.250000e+001  7.671066e+001
      vertex  5.555085e+000 -4.500000e+001  7.702173e+001
    endloop
  endfacet
  facet normal  1.950499e-001  1.041679e-007  9.807933e-001
    outer loop
      vertex  5.555085e+000 -4.500000e+001  7.702173e+001
      vertex  7.119287e+000 -3.250000e+001  7.671066e+001
      vertex  5.555079e+000 -3.250000e+001  7.702173e+001
    endloop
  endfacet
  facet normal  1.467001e-001  7.834630e-008  9.891810e-001
    outer loop
      vertex  5.555085e+000 -4.500000e+001  7.702173e+001
      vertex  5.555079e+000 -3.250000e+001  7.702173e+001
      vertex  3.977501e+000 -4.500000e+001  7.725569e+001
    endloop
  endfacet
  facet normal  1.467000e-001  8.674051e-008  9.891810e-001
    outer loop
      vertex  3.977501e+000 -4.500000e+001  7.725569e+001
      vertex  5.555079e+000 -3.250000e+001  7.702173e+001
      vertex  3.977493e+000 -3.250000e+001  7.725569e+001
    endloop
  endfacet
  facet normal  9.799621e-002  5.794301e-008  9.951868e-001
    outer loop
      vertex  3.977501e+000 -4.500000e+001  7.725569e+001
      vertex  3.977493e+000 -3.250000e+001  7.725569e+001
      vertex  2.390338e+000 -4.500000e+001  7.741198e+001
    endloop
  endfacet
  facet normal  9.799616e-002  6.355037e-008  9.951868e-001
    outer loop
      vertex  2.390338e+000 -4.500000e+001  7.741198e+001
      vertex  3.977493e+000 -3.250000e+001  7.725569e+001
      vertex  2.390330e+000 -3.250000e+001  7.741198e+001
    endloop
  endfacet
  facet normal  4.905790e-002  3.181398e-008  9.987959e-001
    outer loop
      vertex  2.390338e+000 -4.500000e+001  7.741198e+001
      vertex  2.390330e+000 -3.250000e+001  7.741198e+001
      vertex  7.974195e-001 -4.500000e+001  7.749022e+001
    endloop
  endfacet
  facet normal  4.905787e-002  3.391930e-008  9.987959e-001
    outer loop
      vertex  7.974195e-001 -4.500000e+001  7.749022e+001
      vertex  2.390330e+000 -3.250000e+001  7.741198e+001
      vertex  7.974108e-001 -3.250000e+001  7.749022e+001
    endloop
  endfacet
  facet normal  0.000000e+000  0.000000e+000  1.000000e+000
    outer loop
      vertex  7.974195e-001 -4.500000e+001  7.749022e+001
      vertex  7.974108e-001 -3.250000e+001  7.749022e+001
      vertex -7.974195e-001 -4.500000e+001  7.749022e+001
    endloop
  endfacet
  facet normal  0.000000e+000  -0.000000e+000  1.000000e+000
    outer loop
      vertex -7.974195e-001 -4.500000e+001  7.749022e+001
      vertex  7.974108e-001 -3.250000e+001  7.749022e+001
      vertex -7.974285e-001 -3.250000e+001  7.749022e+001
    endloop
  endfacet
  facet normal -4.905790e-002 -3.555679e-008  9.987959e-001
    outer loop
      vertex -7.974195e-001 -4.500000e+001  7.749022e+001
      vertex -7.974285e-001 -3.250000e+001  7.749022e+001
      vertex -2.390338e+000 -4.500000e+001  7.741198e+001
    endloop
  endfacet
  facet normal -4.905788e-002 -3.742819e-008  9.987959e-001
    outer loop
      vertex -2.390338e+000 -4.500000e+001  7.741198e+001
      vertex -7.974285e-001 -3.250000e+001  7.749022e+001
      vertex -2.390348e+000 -3.250000e+001  7.741198e+001
    endloop
  endfacet
  facet normal -9.799621e-002 -7.476518e-008  9.951868e-001
    outer loop
      vertex -2.390338e+000 -4.500000e+001  7.741198e+001
      vertex -2.390348e+000 -3.250000e+001  7.741198e+001
      vertex -3.977501e+000 -4.500000e+001  7.725569e+001
    endloop
  endfacet
  facet normal -9.799618e-002 -7.850340e-008  9.951869e-001
    outer loop
      vertex -3.977501e+000 -4.500000e+001  7.725569e+001
      vertex -2.390348e+000 -3.250000e+001  7.741198e+001
      vertex -3.977511e+000 -3.250000e+001  7.725569e+001
    endloop
  endfacet
  facet normal -1.467001e-001 -1.175194e-007  9.891810e-001
    outer loop
      vertex -3.977501e+000 -4.500000e+001  7.725569e+001
      vertex -3.977511e+000 -3.250000e+001  7.725569e+001
      vertex -5.555085e+000 -4.500000e+001  7.702173e+001
    endloop
  endfacet
  facet normal -1.467000e-001 -1.231156e-007  9.891810e-001
    outer loop
      vertex -5.555085e+000 -4.500000e+001  7.702173e+001
      vertex -3.977511e+000 -3.250000e+001  7.725569e+001
      vertex -5.555096e+000 -3.250000e+001  7.702173e+001
    endloop
  endfacet
  facet normal -1.950500e-001 -1.636924e-007  9.807933e-001
    outer loop
      vertex -5.555085e+000 -4.500000e+001  7.702173e+001
      vertex -5.555096e+000 -3.250000e+001  7.702173e+001
      vertex -7.119293e+000 -4.500000e+001  7.671066e+001
    endloop
  endfacet
  facet normal -1.950499e-001 -1.711330e-007  9.807933e-001
    outer loop
      vertex -7.119293e+000 -4.500000e+001  7.671066e+001
      vertex -5.555096e+000 -3.250000e+001  7.702173e+001
      vertex -7.119304e+000 -3.250000e+001  7.671066e+001
    endloop
  endfacet
  facet normal -2.429309e-001 -2.131428e-007  9.700435e-001
    outer loop
      vertex -7.119293e+000 -4.500000e+001  7.671066e+001
      vertex -7.119304e+000 -3.250000e+001  7.671066e+001
      vertex -8.666357e+000 -4.500000e+001  7.632322e+001
    endloop
  endfacet
  facet normal -2.429309e-001 -2.038758e-007  9.700435e-001
    outer loop
      vertex -8.666357e+000 -4.500000e+001  7.632322e+001
      vertex -7.119304e+000 -3.250000e+001  7.671066e+001
      vertex -8.666368e+000 -3.250000e+001  7.632322e+001
    endloop
  endfacet
  facet normal -2.902238e-001 -2.435655e-007  9.569587e-001
    outer loop
      vertex -8.666357e+000 -4.500000e+001  7.632322e+001
      vertex -8.666368e+000 -3.250000e+001  7.632322e+001
      vertex -1.019255e+001 -4.500000e+001  7.586036e+001
    endloop
  endfacet
  facet normal -2.902237e-001 -2.657077e-007  9.569588e-001
    outer loop
      vertex -1.019255e+001 -4.500000e+001  7.586036e+001
      vertex -8.666368e+000 -3.250000e+001  7.632322e+001
      vertex -1.019256e+001 -3.250000e+001  7.586036e+001
    endloop
  endfacet
  facet normal -3.368182e-001 -3.083663e-007  9.415697e-001
    outer loop
      vertex -1.019255e+001 -4.500000e+001  7.586036e+001
      vertex -1.019256e+001 -3.250000e+001  7.586036e+001
      vertex -1.169420e+001 -4.500000e+001  7.532319e+001
    endloop
  endfacet
  facet normal -3.368225e-001  2.663174e-007  9.415682e-001
    outer loop
      vertex -1.169420e+001 -4.500000e+001  7.532319e+001
      vertex -1.019256e+001 -3.250000e+001  7.586036e+001
      vertex -1.169421e+001 -3.250000e+001  7.532318e+001
    endloop
  endfacet
  facet normal -3.648565e-001  2.342401e-007  9.310638e-001
    outer loop
      vertex -1.169420e+001 -4.500000e+001  7.532319e+001
      vertex -1.169421e+001 -3.250000e+001  7.532318e+001
      vertex -1.202098e+001 -3.285421e+001  7.519513e+001
    endloop
  endfacet
  facet normal -3.645307e-001 -3.463834e-004  9.311913e-001
    outer loop
      vertex -1.202098e+001 -3.285421e+001  7.519513e+001
      vertex -1.169421e+001 -3.250000e+001  7.532318e+001
      vertex -1.200000e+001 -3.250000e+001  7.520348e+001
    endloop
  endfacet
  facet normal -5.554661e-001 -1.013170e-009  8.315392e-001
    outer loop
      vertex -1.738411e+001 -4.500000e+001  7.245984e+001
      vertex -1.738412e+001 -3.250000e+001  7.245983e+001
      vertex -1.871028e+001 -4.500000e+001  7.157396e+001
    endloop
  endfacet
  facet normal -5.554661e-001 -1.013170e-009  8.315392e-001
    outer loop
      vertex -1.871028e+001 -4.500000e+001  7.157396e+001
      vertex -1.738412e+001 -3.250000e+001  7.245983e+001
      vertex -1.871029e+001 -3.250000e+001  7.157395e+001
    endloop
  endfacet
  facet normal -5.955887e-001 -5.498866e-008  8.032896e-001
    outer loop
      vertex -1.871028e+001 -4.500000e+001  7.157396e+001
      vertex -1.871029e+001 -3.250000e+001  7.157395e+001
      vertex -1.999140e+001 -4.500000e+001  7.062409e+001
    endloop
  endfacet
  facet normal -5.955887e-001 -5.498866e-008  8.032896e-001
    outer loop
      vertex -1.999140e+001 -4.500000e+001  7.062409e+001
      vertex -1.871029e+001 -3.250000e+001  7.157395e+001
      vertex -1.999141e+001 -3.250000e+001  7.062408e+001
    endloop
  endfacet
  facet normal -6.342798e-001 -1.088356e-007  7.731035e-001
    outer loop
      vertex -1.999140e+001 -4.500000e+001  7.062409e+001
      vertex -1.999141e+001 -3.250000e+001  7.062408e+001
      vertex -2.122437e+001 -4.500000e+001  6.961252e+001
    endloop
  endfacet
  facet normal -6.342828e-001  3.630238e-007  7.731012e-001
    outer loop
      vertex -2.122437e+001 -4.500000e+001  6.961252e+001
      vertex -1.999141e+001 -3.250000e+001  7.062408e+001
      vertex -2.122438e+001 -3.250000e+001  6.961250e+001
    endloop
  endfacet
  facet normal -6.714439e-001  2.898833e-007  7.410554e-001
    outer loop
      vertex -2.122437e+001 -4.500000e+001  6.961252e+001
      vertex -2.122438e+001 -3.250000e+001  6.961250e+001
      vertex -2.240624e+001 -4.500000e+001  6.854167e+001
    endloop
  endfacet
  facet normal -6.714413e-001 -1.624172e-007  7.410577e-001
    outer loop
      vertex -2.240624e+001 -4.500000e+001  6.854167e+001
      vertex -2.122438e+001 -3.250000e+001  6.961250e+001
      vertex -2.240625e+001 -3.250000e+001  6.854166e+001
    endloop
  endfacet
  facet normal -7.069860e-001 -2.156075e-007  7.072275e-001
    outer loop
      vertex -2.240624e+001 -4.500000e+001  6.854167e+001
      vertex -2.240625e+001 -3.250000e+001  6.854166e+001
      vertex -2.353415e+001 -4.500000e+001  6.741415e+001
    endloop
  endfacet
  facet normal -7.069883e-001  2.160448e-007  7.072251e-001
    outer loop
      vertex -2.353415e+001 -4.500000e+001  6.741415e+001
      vertex -2.240625e+001 -3.250000e+001  6.854166e+001
      vertex -2.353416e+001 -3.250000e+001  6.741413e+001
    endloop
  endfacet
  facet normal -7.408324e-001  1.416816e-007  6.716899e-001
    outer loop
      vertex -2.353415e+001 -4.500000e+001  6.741415e+001
      vertex -2.353416e+001 -3.250000e+001  6.741413e+001
      vertex -2.460539e+001 -4.500000e+001  6.623264e+001
    endloop
  endfacet
  facet normal -7.408324e-001  1.416816e-007  6.716899e-001
    outer loop
      vertex -2.460539e+001 -4.500000e+001  6.623264e+001
      vertex -2.353416e+001 -3.250000e+001  6.741413e+001
      vertex -2.460540e+001 -3.250000e+001  6.623262e+001
    endloop
  endfacet
  facet normal  7.408324e-001  0.000000e+000  6.716899e-001
    outer loop
      vertex  2.460539e+001 -3.250000e+001  6.623264e+001
      vertex  2.460539e+001  1.250000e+001  6.623264e+001
      vertex  2.353415e+001 -3.250000e+001  6.741415e+001
    endloop
  endfacet
  facet normal  7.408324e-001  -0.000000e+000  6.716899e-001
    outer loop
      vertex  2.353415e+001 -3.250000e+001  6.741415e+001
      vertex  2.460539e+001  1.250000e+001  6.623264e+001
      vertex  2.353415e+001  1.250000e+001  6.741415e+001
    endloop
  endfacet
  facet normal  7.069883e-001  0.000000e+000  7.072251e-001
    outer loop
      vertex  2.353415e+001 -3.250000e+001  6.741415e+001
      vertex  2.353415e+001  1.250000e+001  6.741415e+001
      vertex  2.240624e+001 -3.250000e+001  6.854168e+001
    endloop
  endfacet
  facet normal  7.069883e-001  -0.000000e+000  7.072251e-001
    outer loop
      vertex  2.240624e+001 -3.250000e+001  6.854168e+001
      vertex  2.353415e+001  1.250000e+001  6.741415e+001
      vertex  2.240624e+001  1.250000e+001  6.854168e+001
    endloop
  endfacet
  facet normal  6.714407e-001  0.000000e+000  7.410583e-001
    outer loop
      vertex  2.240624e+001 -3.250000e+001  6.854168e+001
      vertex  2.240624e+001  1.250000e+001  6.854168e+001
      vertex  2.122437e+001 -3.250000e+001  6.961252e+001
    endloop
  endfacet
  facet normal  6.714407e-001  -0.000000e+000  7.410583e-001
    outer loop
      vertex  2.122437e+001 -3.250000e+001  6.961252e+001
      vertex  2.240624e+001  1.250000e+001  6.854168e+001
      vertex  2.122437e+001  1.250000e+001  6.961252e+001
    endloop
  endfacet
  facet normal  6.342799e-001  0.000000e+000  7.731035e-001
    outer loop
      vertex  2.122437e+001 -3.250000e+001  6.961252e+001
      vertex  2.122437e+001  1.250000e+001  6.961252e+001
      vertex  1.999140e+001 -3.250000e+001  7.062409e+001
    endloop
  endfacet
  facet normal  6.342799e-001  -0.000000e+000  7.731035e-001
    outer loop
      vertex  1.999140e+001 -3.250000e+001  7.062409e+001
      vertex  2.122437e+001  1.250000e+001  6.961252e+001
      vertex  1.999140e+001  1.250000e+001  7.062409e+001
    endloop
  endfacet
  facet normal  5.955881e-001  0.000000e+000  8.032900e-001
    outer loop
      vertex  1.999140e+001 -3.250000e+001  7.062409e+001
      vertex  1.999140e+001  1.250000e+001  7.062409e+001
      vertex  1.871028e+001 -3.250000e+001  7.157396e+001
    endloop
  endfacet
  facet normal  5.955881e-001  -0.000000e+000  8.032900e-001
    outer loop
      vertex  1.871028e+001 -3.250000e+001  7.157396e+001
      vertex  1.999140e+001  1.250000e+001  7.062409e+001
      vertex  1.871028e+001  1.250000e+001  7.157396e+001
    endloop
  endfacet
  facet normal  5.554661e-001  0.000000e+000  8.315392e-001
    outer loop
      vertex  1.871028e+001 -3.250000e+001  7.157396e+001
      vertex  1.871028e+001  1.250000e+001  7.157396e+001
      vertex  1.738411e+001 -3.250000e+001  7.245984e+001
    endloop
  endfacet
  facet normal  5.554661e-001  -0.000000e+000  8.315392e-001
    outer loop
      vertex  1.738411e+001 -3.250000e+001  7.245984e+001
      vertex  1.871028e+001  1.250000e+001  7.157396e+001
      vertex  1.738411e+001  1.250000e+001  7.245984e+001
    endloop
  endfacet
  facet normal  5.270842e-001  0.000000e+000  8.498130e-001
    outer loop
      vertex  1.738411e+001 -3.250000e+001  7.245984e+001
      vertex  1.738411e+001  1.250000e+001  7.245984e+001
      vertex  1.687500e+001 -3.250000e+001  7.277560e+001
    endloop
  endfacet
  facet normal  5.270842e-001  -0.000000e+000  8.498130e-001
    outer loop
      vertex  1.687500e+001 -3.250000e+001  7.277560e+001
      vertex  1.738411e+001  1.250000e+001  7.245984e+001
      vertex  1.687500e+001  1.250000e+001  7.277560e+001
    endloop
  endfacet
  facet normal  5.190852e-001  0.000000e+000  8.547224e-001
    outer loop
      vertex  1.687500e+001 -3.250000e+001  7.277560e+001
      vertex  1.687500e+001  1.250000e+001  7.277560e+001
      vertex  1.686467e+001 -3.230348e+001  7.278188e+001
    endloop
  endfacet
  facet normal  5.190853e-001  -0.000000e+000  8.547225e-001
    outer loop
      vertex  1.686467e+001 -3.230348e+001  7.278188e+001
      vertex  1.687500e+001  1.250000e+001  7.277560e+001
      vertex  1.686467e+001  1.230348e+001  7.278188e+001
    endloop
  endfacet
  facet normal  5.184430e-001  0.000000e+000  8.551122e-001
    outer loop
      vertex  1.686467e+001 -3.230348e+001  7.278188e+001
      vertex  1.686467e+001  1.230348e+001  7.278188e+001
      vertex  1.683397e+001 -3.210989e+001  7.280049e+001
    endloop
  endfacet
  facet normal  5.184430e-001  -0.000000e+000  8.551122e-001
    outer loop
      vertex  1.683397e+001 -3.210989e+001  7.280049e+001
      vertex  1.686467e+001  1.230348e+001  7.278188e+001
      vertex  1.683397e+001  1.210989e+001  7.280049e+001
    endloop
  endfacet
  facet normal  5.166781e-001  0.000000e+000  8.561797e-001
    outer loop
      vertex  1.683397e+001 -3.210989e+001  7.280049e+001
      vertex  1.683397e+001  1.210989e+001  7.280049e+001
      vertex  1.674930e+001 -3.182504e+001  7.285159e+001
    endloop
  endfacet
  facet normal  5.166781e-001  -0.000000e+000  8.561797e-001
    outer loop
      vertex  1.674930e+001 -3.182504e+001  7.285159e+001
      vertex  1.683397e+001  1.210989e+001  7.280049e+001
      vertex  1.674930e+001  1.182504e+001  7.285159e+001
    endloop
  endfacet
  facet normal  5.033001e-001  0.000000e+000  8.641117e-001
    outer loop
      vertex  1.650000e+001 -2.990192e+001  7.300000e+001
      vertex  1.650000e+001  9.901924e+000  7.300000e+001
      vertex  1.621435e+001 -2.975676e+001  7.316637e+001
    endloop
  endfacet
  facet normal  5.033002e-001  -0.000000e+000  8.641117e-001
    outer loop
      vertex  1.621435e+001 -2.975676e+001  7.316637e+001
      vertex  1.650000e+001  9.901924e+000  7.300000e+001
      vertex  1.621435e+001  9.756763e+000  7.316637e+001
    endloop
  endfacet
  facet normal  4.943378e-001  0.000000e+000  8.692699e-001
    outer loop
      vertex  1.621435e+001 -2.975676e+001  7.316637e+001
      vertex  1.621435e+001  9.756763e+000  7.316637e+001
      vertex  1.591639e+001 -2.964339e+001  7.333582e+001
    endloop
  endfacet
  facet normal  4.943378e-001  -0.000000e+000  8.692699e-001
    outer loop
      vertex  1.591639e+001 -2.964339e+001  7.333582e+001
      vertex  1.621435e+001  9.756763e+000  7.316637e+001
      vertex  1.591639e+001  9.643387e+000  7.333582e+001
    endloop
  endfacet
  facet normal  4.828463e-001  0.000000e+000  8.757051e-001
    outer loop
      vertex  1.591639e+001 -2.964339e+001  7.333582e+001
      vertex  1.591639e+001  9.643387e+000  7.333582e+001
      vertex  1.546835e+001 -2.953679e+001  7.358286e+001
    endloop
  endfacet
  facet normal  4.828463e-001  -0.000000e+000  8.757051e-001
    outer loop
      vertex  1.546835e+001 -2.953679e+001  7.358286e+001
      vertex  1.591639e+001  9.643387e+000  7.333582e+001
      vertex  1.546835e+001  9.536784e+000  7.358286e+001
    endloop
  endfacet
  facet normal  4.688792e-001  0.000000e+000  8.832623e-001
    outer loop
      vertex  1.546835e+001 -2.953679e+001  7.358286e+001
      vertex  1.546835e+001  9.536784e+000  7.358286e+001
      vertex  1.500785e+001 -2.950001e+001  7.382732e+001
    endloop
  endfacet
  facet normal  4.688791e-001  -0.000000e+000  8.832623e-001
    outer loop
      vertex  1.500785e+001 -2.950001e+001  7.382732e+001
      vertex  1.546835e+001  9.536784e+000  7.358286e+001
      vertex  1.500785e+001  9.500010e+000  7.382732e+001
    endloop
  endfacet
  facet normal  4.546552e-001  0.000000e+000  8.906675e-001
    outer loop
      vertex  1.500785e+001 -2.950001e+001  7.382732e+001
      vertex  1.500785e+001  9.500010e+000  7.382732e+001
      vertex  1.454344e+001 -2.953494e+001  7.406438e+001
    endloop
  endfacet
  facet normal  4.546552e-001  -0.000000e+000  8.906676e-001
    outer loop
      vertex  1.454344e+001 -2.953494e+001  7.406438e+001
      vertex  1.500785e+001  9.500010e+000  7.382732e+001
      vertex  1.454344e+001  9.534945e+000  7.406438e+001
    endloop
  endfacet
  facet normal  4.416090e-001  0.000000e+000  8.972076e-001
    outer loop
      vertex  1.454344e+001 -2.953494e+001  7.406438e+001
      vertex  1.454344e+001  9.534945e+000  7.406438e+001
      vertex  1.416062e+001 -2.961982e+001  7.425281e+001
    endloop
  endfacet
  facet normal  4.416090e-001  -0.000000e+000  8.972076e-001
    outer loop
      vertex  1.416062e+001 -2.961982e+001  7.425281e+001
      vertex  1.454344e+001  9.534945e+000  7.406438e+001
      vertex  1.416062e+001  9.619821e+000  7.425281e+001
    endloop
  endfacet
  facet normal  4.299902e-001  0.000000e+000  9.028336e-001
    outer loop
      vertex  1.416062e+001 -2.961982e+001  7.425281e+001
      vertex  1.416062e+001  9.619821e+000  7.425281e+001
      vertex  1.378755e+001 -2.975592e+001  7.443049e+001
    endloop
  endfacet
  facet normal  4.299902e-001  -0.000000e+000  9.028336e-001
    outer loop
      vertex  1.378755e+001 -2.975592e+001  7.443049e+001
      vertex  1.416062e+001  9.619821e+000  7.425281e+001
      vertex  1.378755e+001  9.755924e+000  7.443049e+001
    endloop
  endfacet
  facet normal  4.187514e-001  0.000000e+000  9.081009e-001
    outer loop
      vertex  1.378755e+001 -2.975592e+001  7.443049e+001
      vertex  1.378755e+001  9.755924e+000  7.443049e+001
      vertex  1.343092e+001 -2.994305e+001  7.459494e+001
    endloop
  endfacet
  facet normal  4.187514e-001  -0.000000e+000  9.081009e-001
    outer loop
      vertex  1.343092e+001 -2.994305e+001  7.459494e+001
      vertex  1.378755e+001  9.755924e+000  7.443049e+001
      vertex  1.343092e+001  9.943050e+000  7.459494e+001
    endloop
  endfacet
  facet normal  4.081317e-001  0.000000e+000  9.129230e-001
    outer loop
      vertex  1.343092e+001 -2.994305e+001  7.459494e+001
      vertex  1.343092e+001  9.943050e+000  7.459494e+001
      vertex  1.309795e+001 -3.018004e+001  7.474380e+001
    endloop
  endfacet
  facet normal  4.081317e-001  -0.000000e+000  9.129230e-001
    outer loop
      vertex  1.309795e+001 -3.018004e+001  7.474380e+001
      vertex  1.343092e+001  9.943050e+000  7.459494e+001
      vertex  1.309795e+001  1.018004e+001  7.474380e+001
    endloop
  endfacet
  facet normal  3.986350e-001  0.000000e+000  9.171096e-001
    outer loop
      vertex  1.309795e+001 -3.018004e+001  7.474380e+001
      vertex  1.309795e+001  1.018004e+001  7.474380e+001
      vertex  1.281296e+001 -3.044651e+001  7.486768e+001
    endloop
  endfacet
  facet normal  3.986350e-001  -0.000000e+000  9.171097e-001
    outer loop
      vertex  1.281296e+001 -3.044651e+001  7.486768e+001
      vertex  1.309795e+001  1.018004e+001  7.474380e+001
      vertex  1.281296e+001  1.044651e+001  7.486768e+001
    endloop
  endfacet
  facet normal  3.903829e-001  0.000000e+000  9.206526e-001
    outer loop
      vertex  1.281296e+001 -3.044651e+001  7.486768e+001
      vertex  1.281296e+001  1.044651e+001  7.486768e+001
      vertex  1.256198e+001 -3.075185e+001  7.497410e+001
    endloop
  endfacet
  facet normal  3.903829e-001  -0.000000e+000  9.206525e-001
    outer loop
      vertex  1.256198e+001 -3.075185e+001  7.497410e+001
      vertex  1.281296e+001  1.044651e+001  7.486768e+001
      vertex  1.256198e+001  1.075185e+001  7.497410e+001
    endloop
  endfacet
  facet normal  3.832791e-001  0.000000e+000  9.236326e-001
    outer loop
      vertex  1.256198e+001 -3.075185e+001  7.497410e+001
      vertex  1.256198e+001  1.075185e+001  7.497410e+001
      vertex  1.235115e+001 -3.109160e+001  7.506158e+001
    endloop
  endfacet
  facet normal  3.832791e-001  -0.000000e+000  9.236326e-001
    outer loop
      vertex  1.235115e+001 -3.109160e+001  7.506158e+001
      vertex  1.256198e+001  1.075185e+001  7.497410e+001
      vertex  1.235115e+001  1.109160e+001  7.506158e+001
    endloop
  endfacet
  facet normal  3.775018e-001  0.000000e+000  9.260089e-001
    outer loop
      vertex  1.235115e+001 -3.109160e+001  7.506158e+001
      vertex  1.235115e+001  1.109160e+001  7.506158e+001
      vertex  1.218603e+001 -3.146002e+001  7.512890e+001
    endloop
  endfacet
  facet normal  3.775017e-001  -0.000000e+000  9.260088e-001
    outer loop
      vertex  1.218603e+001 -3.146002e+001  7.512890e+001
      vertex  1.235115e+001  1.109160e+001  7.506158e+001
      vertex  1.218603e+001  1.146002e+001  7.512890e+001
    endloop
  endfacet
  facet normal  3.733796e-001  0.000000e+000  9.276787e-001
    outer loop
      vertex  1.218603e+001 -3.146002e+001  7.512890e+001
      vertex  1.218603e+001  1.146002e+001  7.512890e+001
      vertex  1.208346e+001 -3.179729e+001  7.517018e+001
    endloop
  endfacet
  facet normal  3.733796e-001  -0.000000e+000  9.276786e-001
    outer loop
      vertex  1.208346e+001 -3.179729e+001  7.517018e+001
      vertex  1.218603e+001  1.146002e+001  7.512890e+001
      vertex  1.208346e+001  1.179729e+001  7.517018e+001
    endloop
  endfacet
  facet normal  3.708480e-001  0.000000e+000  9.286936e-001
    outer loop
      vertex  1.208346e+001 -3.179729e+001  7.517018e+001
      vertex  1.208346e+001  1.179729e+001  7.517018e+001
      vertex  1.202098e+001 -3.214579e+001  7.519513e+001
    endloop
  endfacet
  facet normal  3.708480e-001  -0.000000e+000  9.286936e-001
    outer loop
      vertex  1.202098e+001 -3.214579e+001  7.519513e+001
      vertex  1.208346e+001  1.179729e+001  7.517018e+001
      vertex  1.202098e+001  1.214579e+001  7.519513e+001
    endloop
  endfacet
  facet normal  3.695843e-001  0.000000e+000  9.291971e-001
    outer loop
      vertex  1.202098e+001 -3.214579e+001  7.519513e+001
      vertex  1.202098e+001  1.214579e+001  7.519513e+001
      vertex  1.200000e+001 -3.250000e+001  7.520348e+001
    endloop
  endfacet
  facet normal  3.695843e-001  -0.000000e+000  9.291971e-001
    outer loop
      vertex  1.200000e+001 -3.250000e+001  7.520348e+001
      vertex  1.202098e+001  1.214579e+001  7.519513e+001
      vertex  1.200000e+001  1.250000e+001  7.520348e+001
    endloop
  endfacet
  facet normal  3.645341e-001  0.000000e+000  9.311901e-001
    outer loop
      vertex  1.200000e+001 -3.250000e+001  7.520348e+001
      vertex  1.200000e+001  1.250000e+001  7.520348e+001
      vertex  1.169420e+001 -3.250000e+001  7.532319e+001
    endloop
  endfacet
  facet normal  3.645341e-001  -0.000000e+000  9.311901e-001
    outer loop
      vertex  1.169420e+001 -3.250000e+001  7.532319e+001
      vertex  1.200000e+001  1.250000e+001  7.520348e+001
      vertex  1.169420e+001  1.250000e+001  7.532319e+001
    endloop
  endfacet
  facet normal  3.368181e-001  0.000000e+000  9.415698e-001
    outer loop
      vertex  1.169420e+001 -3.250000e+001  7.532319e+001
      vertex  1.169420e+001  1.250000e+001  7.532319e+001
      vertex  1.019255e+001 -3.250000e+001  7.586036e+001
    endloop
  endfacet
  facet normal  3.368181e-001  -0.000000e+000  9.415698e-001
    outer loop
      vertex  1.019255e+001 -3.250000e+001  7.586036e+001
      vertex  1.169420e+001  1.250000e+001  7.532319e+001
      vertex  1.019255e+001  1.250000e+001  7.586036e+001
    endloop
  endfacet
  facet normal  2.902282e-001  0.000000e+000  9.569575e-001
    outer loop
      vertex  1.019255e+001 -3.250000e+001  7.586036e+001
      vertex  1.019255e+001  1.250000e+001  7.586036e+001
      vertex  8.666351e+000 -3.250000e+001  7.632323e+001
    endloop
  endfacet
  facet normal  2.902282e-001  -0.000000e+000  9.569575e-001
    outer loop
      vertex  8.666351e+000 -3.250000e+001  7.632323e+001
      vertex  1.019255e+001  1.250000e+001  7.586036e+001
      vertex  8.666351e+000  1.250000e+001  7.632323e+001
    endloop
  endfacet
  facet normal  2.429264e-001  0.000000e+000  9.700448e-001
    outer loop
      vertex  8.666351e+000 -3.250000e+001  7.632323e+001
      vertex  8.666351e+000  1.250000e+001  7.632323e+001
      vertex  7.119287e+000 -3.250000e+001  7.671066e+001
    endloop
  endfacet
  facet normal  2.429264e-001  -0.000000e+000  9.700448e-001
    outer loop
      vertex  7.119287e+000 -3.250000e+001  7.671066e+001
      vertex  8.666351e+000  1.250000e+001  7.632323e+001
      vertex  7.119287e+000  1.250000e+001  7.671066e+001
    endloop
  endfacet
  facet normal  1.950499e-001  0.000000e+000  9.807934e-001
    outer loop
      vertex  7.119287e+000 -3.250000e+001  7.671066e+001
      vertex  7.119287e+000  1.250000e+001  7.671066e+001
      vertex  5.555079e+000 -3.250000e+001  7.702173e+001
    endloop
  endfacet
  facet normal  1.950499e-001  -0.000000e+000  9.807934e-001
    outer loop
      vertex  5.555079e+000 -3.250000e+001  7.702173e+001
      vertex  7.119287e+000  1.250000e+001  7.671066e+001
      vertex  5.555079e+000  1.250000e+001  7.702173e+001
    endloop
  endfacet
  facet normal  1.467000e-001  0.000000e+000  9.891810e-001
    outer loop
      vertex  5.555079e+000 -3.250000e+001  7.702173e+001
      vertex  5.555079e+000  1.250000e+001  7.702173e+001
      vertex  3.977493e+000 -3.250000e+001  7.725569e+001
    endloop
  endfacet
  facet normal  1.467000e-001  -0.000000e+000  9.891810e-001
    outer loop
      vertex  3.977493e+000 -3.250000e+001  7.725569e+001
      vertex  5.555079e+000  1.250000e+001  7.702173e+001
      vertex  3.977493e+000  1.250000e+001  7.725569e+001
    endloop
  endfacet
  facet normal  9.799616e-002  0.000000e+000  9.951869e-001
    outer loop
      vertex  3.977493e+000 -3.250000e+001  7.725569e+001
      vertex  3.977493e+000  1.250000e+001  7.725569e+001
      vertex  2.390330e+000 -3.250000e+001  7.741198e+001
    endloop
  endfacet
  facet normal  9.799616e-002  -0.000000e+000  9.951869e-001
    outer loop
      vertex  2.390330e+000 -3.250000e+001  7.741198e+001
      vertex  3.977493e+000  1.250000e+001  7.725569e+001
      vertex  2.390330e+000  1.250000e+001  7.741198e+001
    endloop
  endfacet
  facet normal  4.905788e-002  0.000000e+000  9.987960e-001
    outer loop
      vertex  2.390330e+000 -3.250000e+001  7.741198e+001
      vertex  2.390330e+000  1.250000e+001  7.741198e+001
      vertex  7.974108e-001 -3.250000e+001  7.749022e+001
    endloop
  endfacet
  facet normal  4.905788e-002  -0.000000e+000  9.987960e-001
    outer loop
      vertex  7.974108e-001 -3.250000e+001  7.749022e+001
      vertex  2.390330e+000  1.250000e+001  7.741198e+001
      vertex  7.974108e-001  1.250000e+001  7.749022e+001
    endloop
  endfacet
  facet normal  0.000000e+000  0.000000e+000  1.000000e+000
    outer loop
      vertex  7.974108e-001 -3.250000e+001  7.749022e+001
      vertex  7.974108e-001  1.250000e+001  7.749022e+001
      vertex -7.974285e-001 -3.250000e+001  7.749022e+001
    endloop
  endfacet
  facet normal  0.000000e+000  0.000000e+000  1.000000e+000
    outer loop
      vertex -7.974285e-001 -3.250000e+001  7.749022e+001
      vertex  7.974108e-001  1.250000e+001  7.749022e+001
      vertex -7.974285e-001  1.250000e+001  7.749022e+001
    endloop
  endfacet
  facet normal -4.905788e-002  0.000000e+000  9.987959e-001
    outer loop
      vertex -7.974285e-001 -3.250000e+001  7.749022e+001
      vertex -7.974285e-001  1.250000e+001  7.749022e+001
      vertex -2.390348e+000 -3.250000e+001  7.741198e+001
    endloop
  endfacet
  facet normal -4.905788e-002  0.000000e+000  9.987959e-001
    outer loop
      vertex -2.390348e+000 -3.250000e+001  7.741198e+001
      vertex -7.974285e-001  1.250000e+001  7.749022e+001
      vertex -2.390348e+000  1.250000e+001  7.741198e+001
    endloop
  endfacet
  facet normal -9.799618e-002  0.000000e+000  9.951869e-001
    outer loop
      vertex -2.390348e+000 -3.250000e+001  7.741198e+001
      vertex -2.390348e+000  1.250000e+001  7.741198e+001
      vertex -3.977511e+000 -3.250000e+001  7.725569e+001
    endloop
  endfacet
  facet normal -9.799618e-002  0.000000e+000  9.951869e-001
    outer loop
      vertex -3.977511e+000 -3.250000e+001  7.725569e+001
      vertex -2.390348e+000  1.250000e+001  7.741198e+001
      vertex -3.977511e+000  1.250000e+001  7.725569e+001
    endloop
  endfacet
  facet normal -1.467000e-001  0.000000e+000  9.891810e-001
    outer loop
      vertex -3.977511e+000 -3.250000e+001  7.725569e+001
      vertex -3.977511e+000  1.250000e+001  7.725569e+001
      vertex -5.555096e+000 -3.250000e+001  7.702173e+001
    endloop
  endfacet
  facet normal -1.467000e-001  0.000000e+000  9.891810e-001
    outer loop
      vertex -5.555096e+000 -3.250000e+001  7.702173e+001
      vertex -3.977511e+000  1.250000e+001  7.725569e+001
      vertex -5.555096e+000  1.250000e+001  7.702173e+001
    endloop
  endfacet
  facet normal -1.950499e-001  0.000000e+000  9.807934e-001
    outer loop
      vertex -5.555096e+000 -3.250000e+001  7.702173e+001
      vertex -5.555096e+000  1.250000e+001  7.702173e+001
      vertex -7.119304e+000 -3.250000e+001  7.671066e+001
    endloop
  endfacet
  facet normal -1.950499e-001  0.000000e+000  9.807934e-001
    outer loop
      vertex -7.119304e+000 -3.250000e+001  7.671066e+001
      vertex -5.555096e+000  1.250000e+001  7.702173e+001
      vertex -7.119304e+000  1.250000e+001  7.671066e+001
    endloop
  endfacet
  facet normal -2.429310e-001  0.000000e+000  9.700436e-001
    outer loop
      vertex -7.119304e+000 -3.250000e+001  7.671066e+001
      vertex -7.119304e+000  1.250000e+001  7.671066e+001
      vertex -8.666368e+000 -3.250000e+001  7.632322e+001
    endloop
  endfacet
  facet normal -2.429310e-001  0.000000e+000  9.700436e-001
    outer loop
      vertex -8.666368e+000 -3.250000e+001  7.632322e+001
      vertex -7.119304e+000  1.250000e+001  7.671066e+001
      vertex -8.666368e+000  1.250000e+001  7.632322e+001
    endloop
  endfacet
  facet normal -2.902237e-001  0.000000e+000  9.569589e-001
    outer loop
      vertex -8.666368e+000 -3.250000e+001  7.632322e+001
      vertex -8.666368e+000  1.250000e+001  7.632322e+001
      vertex -1.019256e+001 -3.250000e+001  7.586036e+001
    endloop
  endfacet
  facet normal -2.902237e-001  0.000000e+000  9.569589e-001
    outer loop
      vertex -1.019256e+001 -3.250000e+001  7.586036e+001
      vertex -8.666368e+000  1.250000e+001  7.632322e+001
      vertex -1.019256e+001  1.250000e+001  7.586036e+001
    endloop
  endfacet
  facet normal -3.368225e-001  0.000000e+000  9.415683e-001
    outer loop
      vertex -1.019256e+001 -3.250000e+001  7.586036e+001
      vertex -1.019256e+001  1.250000e+001  7.586036e+001
      vertex -1.169421e+001 -3.250000e+001  7.532318e+001
    endloop
  endfacet
  facet normal -3.368225e-001  0.000000e+000  9.415683e-001
    outer loop
      vertex -1.169421e+001 -3.250000e+001  7.532318e+001
      vertex -1.019256e+001  1.250000e+001  7.586036e+001
      vertex -1.169421e+001  1.250000e+001  7.532318e+001
    endloop
  endfacet
  facet normal -3.645307e-001  0.000000e+000  9.311913e-001
    outer loop
      vertex -1.169421e+001 -3.250000e+001  7.532318e+001
      vertex -1.169421e+001  1.250000e+001  7.532318e+001
      vertex -1.200000e+001 -3.250000e+001  7.520348e+001
    endloop
  endfacet
  facet normal -3.645307e-001  0.000000e+000  9.311913e-001
    outer loop
      vertex -1.200000e+001 -3.250000e+001  7.520348e+001
      vertex -1.169421e+001  1.250000e+001  7.532318e+001
      vertex -1.200000e+001  1.250000e+001  7.520348e+001
    endloop
  endfacet
  facet normal -3.695843e-001  0.000000e+000  9.291971e-001
    outer loop
      vertex -1.200000e+001 -3.250000e+001  7.520348e+001
      vertex -1.200000e+001  1.250000e+001  7.520348e+001
      vertex -1.202098e+001 -3.214579e+001  7.519513e+001
    endloop
  endfacet
  facet normal -3.695843e-001  0.000000e+000  9.291971e-001
    outer loop
      vertex -1.202098e+001 -3.214579e+001  7.519513e+001
      vertex -1.200000e+001  1.250000e+001  7.520348e+001
      vertex -1.202098e+001  1.214579e+001  7.519513e+001
    endloop
  endfacet
  facet normal -3.708480e-001  0.000000e+000  9.286936e-001
    outer loop
      vertex -1.202098e+001 -3.214579e+001  7.519513e+001
      vertex -1.202098e+001  1.214579e+001  7.519513e+001
      vertex -1.208346e+001 -3.179729e+001  7.517018e+001
    endloop
  endfacet
  facet normal -3.708480e-001  0.000000e+000  9.286936e-001
    outer loop
      vertex -1.208346e+001 -3.179729e+001  7.517018e+001
      vertex -1.202098e+001  1.214579e+001  7.519513e+001
      vertex -1.208346e+001  1.179729e+001  7.517018e+001
    endloop
  endfacet
  facet normal -3.733796e-001  0.000000e+000  9.276786e-001
    outer loop
      vertex -1.208346e+001 -3.179729e+001  7.517018e+001
      vertex -1.208346e+001  1.179729e+001  7.517018e+001
      vertex -1.218603e+001 -3.146002e+001  7.512890e+001
    endloop
  endfacet
  facet normal -3.733796e-001  0.000000e+000  9.276787e-001
    outer loop
      vertex -1.218603e+001 -3.146002e+001  7.512890e+001
      vertex -1.208346e+001  1.179729e+001  7.517018e+001
      vertex -1.218603e+001  1.146002e+001  7.512890e+001
    endloop
  endfacet
  facet normal -3.775017e-001  0.000000e+000  9.260088e-001
    outer loop
      vertex -1.218603e+001 -3.146002e+001  7.512890e+001
      vertex -1.218603e+001  1.146002e+001  7.512890e+001
      vertex -1.235115e+001 -3.109160e+001  7.506158e+001
    endloop
  endfacet
  facet normal -3.775018e-001  0.000000e+000  9.260089e-001
    outer loop
      vertex -1.235115e+001 -3.109160e+001  7.506158e+001
      vertex -1.218603e+001  1.146002e+001  7.512890e+001
      vertex -1.235115e+001  1.109160e+001  7.506158e+001
    endloop
  endfacet
  facet normal -3.832791e-001  0.000000e+000  9.236326e-001
    outer loop
      vertex -1.235115e+001 -3.109160e+001  7.506158e+001
      vertex -1.235115e+001  1.109160e+001  7.506158e+001
      vertex -1.256198e+001 -3.075185e+001  7.497410e+001
    endloop
  endfacet
  facet normal -3.832791e-001  0.000000e+000  9.236326e-001
    outer loop
      vertex -1.256198e+001 -3.075185e+001  7.497410e+001
      vertex -1.235115e+001  1.109160e+001  7.506158e+001
      vertex -1.256198e+001  1.075185e+001  7.497410e+001
    endloop
  endfacet
  facet normal -3.903829e-001  0.000000e+000  9.206525e-001
    outer loop
      vertex -1.256198e+001 -3.075185e+001  7.497410e+001
      vertex -1.256198e+001  1.075185e+001  7.497410e+001
      vertex -1.281296e+001 -3.044651e+001  7.486768e+001
    endloop
  endfacet
  facet normal -3.903829e-001  0.000000e+000  9.206526e-001
    outer loop
      vertex -1.281296e+001 -3.044651e+001  7.486768e+001
      vertex -1.256198e+001  1.075185e+001  7.497410e+001
      vertex -1.281296e+001  1.044651e+001  7.486768e+001
    endloop
  endfacet
  facet normal -3.986350e-001  0.000000e+000  9.171097e-001
    outer loop
      vertex -1.281296e+001 -3.044651e+001  7.486768e+001
      vertex -1.281296e+001  1.044651e+001  7.486768e+001
      vertex -1.309795e+001 -3.018004e+001  7.474380e+001
    endloop
  endfacet
  facet normal -3.986350e-001  0.000000e+000  9.171096e-001
    outer loop
      vertex -1.309795e+001 -3.018004e+001  7.474380e+001
      vertex -1.281296e+001  1.044651e+001  7.486768e+001
      vertex -1.309795e+001  1.018004e+001  7.474380e+001
    endloop
  endfacet
  facet normal -4.081317e-001  0.000000e+000  9.129230e-001
    outer loop
      vertex -1.309795e+001 -3.018004e+001  7.474380e+001
      vertex -1.309795e+001  1.018004e+001  7.474380e+001
      vertex -1.343092e+001 -2.994305e+001  7.459494e+001
    endloop
  endfacet
  facet normal -4.081317e-001  0.000000e+000  9.129230e-001
    outer loop
      vertex -1.343092e+001 -2.994305e+001  7.459494e+001
      vertex -1.309795e+001  1.018004e+001  7.474380e+001
      vertex -1.343092e+001  9.943050e+000  7.459494e+001
    endloop
  endfacet
  facet normal -4.187514e-001  0.000000e+000  9.081009e-001
    outer loop
      vertex -1.343092e+001 -2.994305e+001  7.459494e+001
      vertex -1.343092e+001  9.943050e+000  7.459494e+001
      vertex -1.378755e+001 -2.975592e+001  7.443049e+001
    endloop
  endfacet
  facet normal -4.187514e-001  0.000000e+000  9.081009e-001
    outer loop
      vertex -1.378755e+001 -2.975592e+001  7.443049e+001
      vertex -1.343092e+001  9.943050e+000  7.459494e+001
      vertex -1.378755e+001  9.755924e+000  7.443049e+001
    endloop
  endfacet
  facet normal -4.299902e-001  0.000000e+000  9.028336e-001
    outer loop
      vertex -1.378755e+001 -2.975592e+001  7.443049e+001
      vertex -1.378755e+001  9.755924e+000  7.443049e+001
      vertex -1.416062e+001 -2.961982e+001  7.425281e+001
    endloop
  endfacet
  facet normal -4.299902e-001  0.000000e+000  9.028336e-001
    outer loop
      vertex -1.416062e+001 -2.961982e+001  7.425281e+001
      vertex -1.378755e+001  9.755924e+000  7.443049e+001
      vertex -1.416062e+001  9.619821e+000  7.425281e+001
    endloop
  endfacet
  facet normal -4.416090e-001  0.000000e+000  8.972076e-001
    outer loop
      vertex -1.416062e+001 -2.961982e+001  7.425281e+001
      vertex -1.416062e+001  9.619821e+000  7.425281e+001
      vertex -1.454344e+001 -2.953494e+001  7.406438e+001
    endloop
  endfacet
  facet normal -4.416090e-001  0.000000e+000  8.972076e-001
    outer loop
      vertex -1.454344e+001 -2.953494e+001  7.406438e+001
      vertex -1.416062e+001  9.619821e+000  7.425281e+001
      vertex -1.454344e+001  9.534945e+000  7.406438e+001
    endloop
  endfacet
  facet normal -4.546552e-001  0.000000e+000  8.906676e-001
    outer loop
      vertex -1.454344e+001 -2.953494e+001  7.406438e+001
      vertex -1.454344e+001  9.534945e+000  7.406438e+001
      vertex -1.500785e+001 -2.950001e+001  7.382732e+001
    endloop
  endfacet
  facet normal -4.546552e-001  0.000000e+000  8.906675e-001
    outer loop
      vertex -1.500785e+001 -2.950001e+001  7.382732e+001
      vertex -1.454344e+001  9.534945e+000  7.406438e+001
      vertex -1.500785e+001  9.500010e+000  7.382732e+001
    endloop
  endfacet
  facet normal -4.688791e-001  0.000000e+000  8.832623e-001
    outer loop
      vertex -1.500785e+001 -2.950001e+001  7.382732e+001
      vertex -1.500785e+001  9.500010e+000  7.382732e+001
      vertex -1.546835e+001 -2.953679e+001  7.358286e+001
    endloop
  endfacet
  facet normal -4.688792e-001  0.000000e+000  8.832623e-001
    outer loop
      vertex -1.546835e+001 -2.953679e+001  7.358286e+001
      vertex -1.500785e+001  9.500010e+000  7.382732e+001
      vertex -1.546835e+001  9.536784e+000  7.358286e+001
    endloop
  endfacet
  facet normal -4.828463e-001  0.000000e+000  8.757051e-001
    outer loop
      vertex -1.546835e+001 -2.953679e+001  7.358286e+001
      vertex -1.546835e+001  9.536784e+000  7.358286e+001
      vertex -1.591639e+001 -2.964339e+001  7.333582e+001
    endloop
  endfacet
  facet normal -4.828463e-001  0.000000e+000  8.757051e-001
    outer loop
      vertex -1.591639e+001 -2.964339e+001  7.333582e+001
      vertex -1.546835e+001  9.536784e+000  7.358286e+001
      vertex -1.591639e+001  9.643387e+000  7.333582e+001
    endloop
  endfacet
  facet normal -4.943378e-001  0.000000e+000  8.692699e-001
    outer loop
      vertex -1.591639e+001 -2.964339e+001  7.333582e+001
      vertex -1.591639e+001  9.643387e+000  7.333582e+001
      vertex -1.621435e+001 -2.975676e+001  7.316637e+001
    endloop
  endfacet
  facet normal -4.943378e-001  0.000000e+000  8.692699e-001
    outer loop
      vertex -1.621435e+001 -2.975676e+001  7.316637e+001
      vertex -1.591639e+001  9.643387e+000  7.333582e+001
      vertex -1.621435e+001  9.756763e+000  7.316637e+001
    endloop
  endfacet
  facet normal -5.033002e-001  0.000000e+000  8.641117e-001
    outer loop
      vertex -1.621435e+001 -2.975676e+001  7.316637e+001
      vertex -1.621435e+001  9.756763e+000  7.316637e+001
      vertex -1.650000e+001 -2.990192e+001  7.300000e+001
    endloop
  endfacet
  facet normal -5.033001e-001  0.000000e+000  8.641117e-001
    outer loop
      vertex -1.650000e+001 -2.990192e+001  7.300000e+001
      vertex -1.621435e+001  9.756763e+000  7.316637e+001
      vertex -1.650000e+001  9.901924e+000  7.300000e+001
    endloop
  endfacet
  facet normal -5.166781e-001  0.000000e+000  8.561797e-001
    outer loop
      vertex -1.674930e+001 -3.182504e+001  7.285159e+001
      vertex -1.674930e+001  1.182504e+001  7.285159e+001
      vertex -1.683397e+001 -3.210989e+001  7.280049e+001
    endloop
  endfacet
  facet normal -5.166781e-001  0.000000e+000  8.561797e-001
    outer loop
      vertex -1.683397e+001 -3.210989e+001  7.280049e+001
      vertex -1.674930e+001  1.182504e+001  7.285159e+001
      vertex -1.683397e+001  1.210989e+001  7.280049e+001
    endloop
  endfacet
  facet normal -5.184430e-001  0.000000e+000  8.551122e-001
    outer loop
      vertex -1.683397e+001 -3.210989e+001  7.280049e+001
      vertex -1.683397e+001  1.210989e+001  7.280049e+001
      vertex -1.686467e+001 -3.230348e+001  7.278188e+001
    endloop
  endfacet
  facet normal -5.184430e-001  0.000000e+000  8.551122e-001
    outer loop
      vertex -1.686467e+001 -3.230348e+001  7.278188e+001
      vertex -1.683397e+001  1.210989e+001  7.280049e+001
      vertex -1.686467e+001  1.230348e+001  7.278188e+001
    endloop
  endfacet
  facet normal -5.190853e-001  0.000000e+000  8.547225e-001
    outer loop
      vertex -1.686467e+001 -3.230348e+001  7.278188e+001
      vertex -1.686467e+001  1.230348e+001  7.278188e+001
      vertex -1.687500e+001 -3.250000e+001  7.277560e+001
    endloop
  endfacet
  facet normal -5.190852e-001  0.000000e+000  8.547224e-001
    outer loop
      vertex -1.687500e+001 -3.250000e+001  7.277560e+001
      vertex -1.686467e+001  1.230348e+001  7.278188e+001
      vertex -1.687500e+001  1.250000e+001  7.277560e+001
    endloop
  endfacet
  facet normal -5.270820e-001  0.000000e+000  8.498145e-001
    outer loop
      vertex -1.687500e+001 -3.250000e+001  7.277560e+001
      vertex -1.687500e+001  1.250000e+001  7.277560e+001
      vertex -1.738412e+001 -3.250000e+001  7.245983e+001
    endloop
  endfacet
  facet normal -5.270820e-001  0.000000e+000  8.498145e-001
    outer loop
      vertex -1.738412e+001 -3.250000e+001  7.245983e+001
      vertex -1.687500e+001  1.250000e+001  7.277560e+001
      vertex -1.738412e+001  1.250000e+001  7.245983e+001
    endloop
  endfacet
  facet normal -5.554661e-001  0.000000e+000  8.315392e-001
    outer loop
      vertex -1.738412e+001 -3.250000e+001  7.245983e+001
      vertex -1.738412e+001  1.250000e+001  7.245983e+001
      vertex -1.871029e+001 -3.250000e+001  7.157395e+001
    endloop
  endfacet
  facet normal -5.554661e-001  0.000000e+000  8.315392e-001
    outer loop
      vertex -1.871029e+001 -3.250000e+001  7.157395e+001
      vertex -1.738412e+001  1.250000e+001  7.245983e+001
      vertex -1.871029e+001  1.250000e+001  7.157395e+001
    endloop
  endfacet
  facet normal -5.955887e-001  0.000000e+000  8.032897e-001
    outer loop
      vertex -1.871029e+001 -3.250000e+001  7.157395e+001
      vertex -1.871029e+001  1.250000e+001  7.157395e+001
      vertex -1.999141e+001 -3.250000e+001  7.062408e+001
    endloop
  endfacet
  facet normal -5.955887e-001  0.000000e+000  8.032897e-001
    outer loop
      vertex -1.999141e+001 -3.250000e+001  7.062408e+001
      vertex -1.871029e+001  1.250000e+001  7.157395e+001
      vertex -1.999141e+001  1.250000e+001  7.062408e+001
    endloop
  endfacet
  facet normal -6.342828e-001  0.000000e+000  7.731012e-001
    outer loop
      vertex -1.999141e+001 -3.250000e+001  7.062408e+001
      vertex -1.999141e+001  1.250000e+001  7.062408e+001
      vertex -2.122438e+001 -3.250000e+001  6.961250e+001
    endloop
  endfacet
  facet normal -6.342828e-001  0.000000e+000  7.731012e-001
    outer loop
      vertex -2.122438e+001 -3.250000e+001  6.961250e+001
      vertex -1.999141e+001  1.250000e+001  7.062408e+001
      vertex -2.122438e+001  1.250000e+001  6.961250e+001
    endloop
  endfacet
  facet normal -6.714413e-001  0.000000e+000  7.410577e-001
    outer loop
      vertex -2.122438e+001 -3.250000e+001  6.961250e+001
      vertex -2.122438e+001  1.250000e+001  6.961250e+001
      vertex -2.240625e+001 -3.250000e+001  6.854166e+001
    endloop
  endfacet
  facet normal -6.714413e-001  0.000000e+000  7.410577e-001
    outer loop
      vertex -2.240625e+001 -3.250000e+001  6.854166e+001
      vertex -2.122438e+001  1.250000e+001  6.961250e+001
      vertex -2.240625e+001  1.250000e+001  6.854166e+001
    endloop
  endfacet
  facet normal -7.069883e-001  0.000000e+000  7.072251e-001
    outer loop
      vertex -2.240625e+001 -3.250000e+001  6.854166e+001
      vertex -2.240625e+001  1.250000e+001  6.854166e+001
      vertex -2.353416e+001 -3.250000e+001  6.741413e+001
    endloop
  endfacet
  facet normal -7.069883e-001  0.000000e+000  7.072251e-001
    outer loop
      vertex -2.353416e+001 -3.250000e+001  6.741413e+001
      vertex -2.240625e+001  1.250000e+001  6.854166e+001
      vertex -2.353416e+001  1.250000e+001  6.741413e+001
    endloop
  endfacet
  facet normal -7.408324e-001  0.000000e+000  6.716899e-001
    outer loop
      vertex -2.353416e+001 -3.250000e+001  6.741413e+001
      vertex -2.353416e+001  1.250000e+001  6.741413e+001
      vertex -2.460540e+001 -3.250000e+001  6.623262e+001
    endloop
  endfacet
  facet normal -7.408324e-001  0.000000e+000  6.716899e-001
    outer loop
      vertex -2.460540e+001 -3.250000e+001  6.623262e+001
      vertex -2.353416e+001  1.250000e+001  6.741413e+001
      vertex -2.460540e+001  1.250000e+001  6.623262e+001
    endloop
  endfacet
  facet normal  7.408323e-001 -4.005416e-004  6.716898e-001
    outer loop
      vertex  2.460539e+001  1.250000e+001  6.623264e+001
      vertex  2.450007e+001  2.135407e+001  6.635407e+001
      vertex  2.353415e+001  1.250000e+001  6.741415e+001
    endloop
  endfacet
  facet normal  7.395828e-001 -9.949913e-005  6.730656e-001
    outer loop
      vertex  2.353415e+001  1.250000e+001  6.741415e+001
      vertex  2.450007e+001  2.135407e+001  6.635407e+001
      vertex  2.356508e+001  2.238162e+001  6.738161e+001
    endloop
  endfacet
  facet normal  7.100291e-001  9.542910e-005  7.041723e-001
    outer loop
      vertex  2.353415e+001  1.250000e+001  6.741415e+001
      vertex  2.356508e+001  2.238162e+001  6.738161e+001
      vertex  2.257278e+001  2.338203e+001  6.838203e+001
    endloop
  endfacet
  facet normal  6.006236e-001 -9.868548e-004  7.995313e-001
    outer loop
      vertex  1.923653e+001  2.619553e+001  7.119553e+001
      vertex  1.871028e+001  1.250000e+001  7.157396e+001
      vertex  1.983238e+001  2.574737e+001  7.074737e+001
    endloop
  endfacet
  facet normal  5.955881e-001 -3.258068e-004  8.032899e-001
    outer loop
      vertex  1.983238e+001  2.574737e+001  7.074737e+001
      vertex  1.871028e+001  1.250000e+001  7.157396e+001
      vertex  1.999140e+001  1.250000e+001  7.062409e+001
    endloop
  endfacet
  facet normal  6.192631e-001  1.268772e-004  7.851835e-001
    outer loop
      vertex  1.983238e+001  2.574737e+001  7.074737e+001
      vertex  1.999140e+001  1.250000e+001  7.062409e+001
      vertex  2.041316e+001  2.528938e+001  7.028938e+001
    endloop
  endfacet
  facet normal  5.554661e-001 -1.527673e-004  8.315392e-001
    outer loop
      vertex  1.871028e+001  1.250000e+001  7.157396e+001
      vertex  1.863399e+001  2.662752e+001  7.162752e+001
      vertex  1.738411e+001  1.250000e+001  7.245984e+001
    endloop
  endfacet
  facet normal  5.633507e-001 -1.163878e-003  8.262171e-001
    outer loop
      vertex  1.738411e+001  1.250000e+001  7.245984e+001
      vertex  1.863399e+001  2.662752e+001  7.162752e+001
      vertex  1.801674e+001  2.704897e+001  7.204897e+001
    endloop
  endfacet
  facet normal  5.270839e-001  1.079466e-003  8.498126e-001
    outer loop
      vertex  1.738411e+001  1.250000e+001  7.245984e+001
      vertex  1.801674e+001  2.704897e+001  7.204897e+001
      vertex  1.687500e+001  1.250000e+001  7.277560e+001
    endloop
  endfacet
  facet normal  5.381749e-001 -1.394932e-004  8.428331e-001
    outer loop
      vertex  1.687500e+001  1.250000e+001  7.277560e+001
      vertex  1.801674e+001  2.704897e+001  7.204897e+001
      vertex  1.696235e+001  2.772235e+001  7.272235e+001
    endloop
  endfacet
  facet normal  5.192310e-001  1.048811e-005  8.546340e-001
    outer loop
      vertex  1.687500e+001  1.250000e+001  7.277560e+001
      vertex  1.696235e+001  2.772235e+001  7.272235e+001
      vertex  1.686467e+001  1.269652e+001  7.278188e+001
    endloop
  endfacet
  facet normal  2.902282e-001 -2.647139e-004  9.569574e-001
    outer loop
      vertex  1.019255e+001  1.250000e+001  7.586036e+001
      vertex  9.971432e+000  3.093252e+001  7.593252e+001
      vertex  8.666351e+000  1.250000e+001  7.632323e+001
    endloop
  endfacet
  facet normal  2.890033e-001 -1.701233e-004  9.573281e-001
    outer loop
      vertex  8.666351e+000  1.250000e+001  7.632323e+001
      vertex  9.971432e+000  3.093252e+001  7.593252e+001
      vertex  8.813525e+000  3.128213e+001  7.628214e+001
    endloop
  endfacet
  facet normal  2.530935e-001  1.333866e-004  9.674419e-001
    outer loop
      vertex  8.666351e+000  1.250000e+001  7.632323e+001
      vertex  8.813525e+000  3.128213e+001  7.628214e+001
      vertex  7.632694e+000  3.159101e+001  7.659101e+001
    endloop
  endfacet
  facet normal  1.467000e-001 -3.409329e-004  9.891809e-001
    outer loop
      vertex  5.555079e+000  1.250000e+001  7.702173e+001
      vertex  5.212075e+000  3.207934e+001  7.707935e+001
      vertex  3.977493e+000  1.250000e+001  7.725569e+001
    endloop
  endfacet
  facet normal  1.414097e-001 -4.144436e-007  9.899511e-001
    outer loop
      vertex  3.977493e+000  1.250000e+001  7.725569e+001
      vertex  5.212075e+000  3.207934e+001  7.707935e+001
      vertex  3.977978e+000  3.225563e+001  7.725563e+001
    endloop
  endfacet
  facet normal  9.799616e-002  6.679324e-007  9.951868e-001
    outer loop
      vertex  3.977493e+000  1.250000e+001  7.725569e+001
      vertex  3.977978e+000  3.225563e+001  7.725563e+001
      vertex  2.390330e+000  1.250000e+001  7.741198e+001
    endloop
  endfacet
  facet normal  1.037793e-001 -4.687322e-004  9.946002e-001
    outer loop
      vertex  2.390330e+000  1.250000e+001  7.741198e+001
      vertex  3.977978e+000  3.225563e+001  7.725563e+001
      vertex  2.769605e+000  3.238177e+001  7.738177e+001
    endloop
  endfacet
  facet normal  6.653946e-002  2.465108e-004  9.977838e-001
    outer loop
      vertex  2.390330e+000  1.250000e+001  7.741198e+001
      vertex  2.769605e+000  3.238177e+001  7.738177e+001
      vertex  1.553631e+000  3.246284e+001  7.746284e+001
    endloop
  endfacet
  facet normal -4.905788e-002 -1.042136e-004  9.987960e-001
    outer loop
      vertex -7.974285e-001  1.250000e+001  7.749022e+001
      vertex -8.877307e-001  3.248787e+001  7.748787e+001
      vertex -2.390348e+000  1.250000e+001  7.741198e+001
    endloop
  endfacet
  facet normal -4.605627e-002 -3.304066e-004  9.989388e-001
    outer loop
      vertex -2.390348e+000  1.250000e+001  7.741198e+001
      vertex -8.877307e-001  3.248787e+001  7.748787e+001
      vertex -2.106404e+000  3.243167e+001  7.743166e+001
    endloop
  endfacet
  facet normal -8.349866e-002  2.053934e-004  9.965079e-001
    outer loop
      vertex -2.390348e+000  1.250000e+001  7.741198e+001
      vertex -2.106404e+000  3.243167e+001  7.743166e+001
      vertex -3.319289e+000  3.233005e+001  7.733006e+001
    endloop
  endfacet
  facet normal -1.950499e-001 -2.657932e-004  9.807932e-001
    outer loop
      vertex -5.555096e+000  1.250000e+001  7.702173e+001
      vertex -5.801501e+000  3.197800e+001  7.697800e+001
      vertex -7.119304e+000  1.250000e+001  7.671066e+001
    endloop
  endfacet
  facet normal -1.979342e-001 -6.271838e-005  9.802153e-001
    outer loop
      vertex -7.119304e+000  1.250000e+001  7.671066e+001
      vertex -5.801501e+000  3.197800e+001  7.697800e+001
      vertex -7.062185e+000  3.172342e+001  7.672342e+001
    endloop
  endfacet
  facet normal -2.364258e-001  5.733973e-005  9.716496e-001
    outer loop
      vertex -7.119304e+000  1.250000e+001  7.671066e+001
      vertex -7.062185e+000  3.172342e+001  7.672342e+001
      vertex -8.301935e+000  3.142177e+001  7.642178e+001
    endloop
  endfacet
  facet normal -3.488099e-001 -4.983964e-005  9.371935e-001
    outer loop
      vertex -1.196127e+001  3.021884e+001  7.521883e+001
      vertex -1.200000e+001  1.250000e+001  7.520348e+001
      vertex -1.070762e+001  3.068545e+001  7.568545e+001
    endloop
  endfacet
  facet normal -3.645304e-001  1.226463e-003  9.311907e-001
    outer loop
      vertex -1.070762e+001  3.068545e+001  7.568545e+001
      vertex -1.200000e+001  1.250000e+001  7.520348e+001
      vertex -1.169421e+001  1.250000e+001  7.532318e+001
    endloop
  endfacet
  facet normal -3.368224e-001 -4.834729e-004  9.415680e-001
    outer loop
      vertex -1.070762e+001  3.068545e+001  7.568545e+001
      vertex -1.169421e+001  1.250000e+001  7.532318e+001
      vertex -1.019256e+001  1.250000e+001  7.586036e+001
    endloop
  endfacet
  facet normal -6.382307e-001 -3.171948e-004  7.698451e-001
    outer loop
      vertex -2.103482e+001  2.477471e+001  6.977472e+001
      vertex -2.122438e+001  1.250000e+001  6.961250e+001
      vertex -2.045759e+001  2.525345e+001  7.025346e+001
    endloop
  endfacet
  facet normal -6.342826e-001 -7.182093e-004  7.731010e-001
    outer loop
      vertex -2.045759e+001  2.525345e+001  7.025346e+001
      vertex -2.122438e+001  1.250000e+001  6.961250e+001
      vertex -1.999141e+001  1.250000e+001  7.062408e+001
    endloop
  endfacet
  facet normal -6.157859e-001  3.883759e-004  7.879134e-001
    outer loop
      vertex -2.045759e+001  2.525345e+001  7.025346e+001
      vertex -1.999141e+001  1.250000e+001  7.062408e+001
      vertex -1.955008e+001  2.596236e+001  7.096236e+001
    endloop
  endfacet
  facet normal -6.729073e-001 -5.254714e-004  7.397265e-001
    outer loop
      vertex -2.215667e+001  2.377671e+001  6.877671e+001
      vertex -2.240625e+001  1.250000e+001  6.854166e+001
      vertex -2.159637e+001  2.428676e+001  6.928676e+001
    endloop
  endfacet
  facet normal -6.714411e-001 -7.103521e-004  7.410576e-001
    outer loop
      vertex -2.159637e+001  2.428676e+001  6.928676e+001
      vertex -2.240625e+001  1.250000e+001  6.854166e+001
      vertex -2.122438e+001  1.250000e+001  6.961250e+001
    endloop
  endfacet
  facet normal -6.559892e-001  1.562821e-004  7.547702e-001
    outer loop
      vertex -2.159637e+001  2.428676e+001  6.928676e+001
      vertex -2.122438e+001  1.250000e+001  6.961250e+001
      vertex -2.103482e+001  2.477471e+001  6.977472e+001
    endloop
  endfacet
  facet normal  5.964341e-001  8.026593e-001 -2.134819e-003
    outer loop
      vertex -1.596878e+001  1.089467e+001  7.300000e+001
      vertex -1.605308e+001  1.094867e+001  6.974972e+001
      vertex -1.625754e+001  1.110924e+001  7.300000e+001
    endloop
  endfacet
  facet normal  4.936713e-001  8.696470e-001  1.643360e-003
    outer loop
      vertex -1.579538e+001  1.080206e+001  6.991498e+001
      vertex -1.605308e+001  1.094867e+001  6.974972e+001
      vertex -1.596878e+001  1.089467e+001  7.300000e+001
    endloop
  endfacet
  facet normal  4.321649e-001  9.017903e-001 -2.778659e-003
    outer loop
      vertex -1.564436e+001  1.073920e+001  7.300000e+001
      vertex -1.579538e+001  1.080206e+001  6.991498e+001
      vertex -1.596878e+001  1.089467e+001  7.300000e+001
    endloop
  endfacet
  facet normal  3.511582e-001  9.363142e-001  1.890224e-003
    outer loop
      vertex -1.564436e+001  1.073920e+001  7.300000e+001
      vertex -1.552130e+001  1.069893e+001  7.008663e+001
      vertex -1.579538e+001  1.080206e+001  6.991498e+001
    endloop
  endfacet
  facet normal  2.519830e-001  9.677278e-001 -2.733185e-003
    outer loop
      vertex -1.552130e+001  1.069893e+001  7.008663e+001
      vertex -1.564436e+001  1.073920e+001  7.300000e+001
      vertex -1.529623e+001  1.064855e+001  7.300000e+001
    endloop
  endfacet
  facet normal  2.018188e-001  9.794219e-001  1.344557e-003
    outer loop
      vertex -1.529623e+001  1.064855e+001  7.300000e+001
      vertex -1.523616e+001  1.063993e+001  7.026083e+001
      vertex -1.552130e+001  1.069893e+001  7.008663e+001
    endloop
  endfacet
  facet normal -3.162275e-001  9.486771e-001 -3.430950e-003
    outer loop
      vertex -1.423916e+001  1.078630e+001  7.300000e+001
      vertex -1.434890e+001  1.074168e+001  7.077516e+001
      vertex -1.458045e+001  1.067254e+001  7.300000e+001
    endloop
  endfacet
  facet normal -4.247047e-001  9.053276e-001  2.789007e-003
    outer loop
      vertex -1.406857e+001  1.087271e+001  7.092924e+001
      vertex -1.434890e+001  1.074168e+001  7.077516e+001
      vertex -1.423916e+001  1.078630e+001  7.300000e+001
    endloop
  endfacet
  facet normal -4.915814e-001  8.708216e-001 -4.160116e-003
    outer loop
      vertex -1.392589e+001  1.096315e+001  7.300000e+001
      vertex -1.406857e+001  1.087271e+001  7.092924e+001
      vertex -1.423916e+001  1.078630e+001  7.300000e+001
    endloop
  endfacet
  facet normal -5.727402e-001  8.197289e-001  3.663715e-003
    outer loop
      vertex -1.392589e+001  1.096315e+001  7.300000e+001
      vertex -1.379697e+001  1.106183e+001  7.107477e+001
      vertex -1.406857e+001  1.087271e+001  7.092924e+001
    endloop
  endfacet
  facet normal -6.488435e-001  7.609088e-001 -4.446838e-003
    outer loop
      vertex -1.379697e+001  1.106183e+001  7.107477e+001
      vertex -1.392589e+001  1.096315e+001  7.300000e+001
      vertex -1.365215e+001  1.119657e+001  7.300000e+001
    endloop
  endfacet
  facet normal -7.093927e-001  7.048019e-001  4.034929e-003
    outer loop
      vertex -1.365215e+001  1.119657e+001  7.300000e+001
      vertex -1.355760e+001  1.130204e+001  7.120003e+001
      vertex -1.379697e+001  1.106183e+001  7.107477e+001
    endloop
  endfacet
  facet normal -7.822194e-001  6.229861e-001 -4.584276e-003
    outer loop
      vertex -1.355760e+001  1.130204e+001  7.120003e+001
      vertex -1.365215e+001  1.119657e+001  7.300000e+001
      vertex -1.342803e+001  1.147798e+001  7.300000e+001
    endloop
  endfacet
  facet normal -8.258172e-001  5.639213e-001  4.327448e-003
    outer loop
      vertex -1.342803e+001  1.147798e+001  7.300000e+001
      vertex -1.336149e+001  1.158846e+001  7.130058e+001
      vertex -1.355760e+001  1.130204e+001  7.120003e+001
    endloop
  endfacet
  facet normal -8.867999e-001  4.621300e-001 -4.677994e-003
    outer loop
      vertex -1.336149e+001  1.158846e+001  7.130058e+001
      vertex -1.342803e+001  1.147798e+001  7.300000e+001
      vertex -1.326178e+001  1.179701e+001  7.300000e+001
    endloop
  endfacet
  facet normal -9.117104e-001  4.108222e-001  3.079882e-003
    outer loop
      vertex -1.326178e+001  1.179701e+001  7.300000e+001
      vertex -1.323254e+001  1.187415e+001  7.136570e+001
      vertex -1.336149e+001  1.158846e+001  7.130058e+001
    endloop
  endfacet
  facet normal -9.587384e-001  2.842654e-001 -3.735203e-003
    outer loop
      vertex -1.323254e+001  1.187415e+001  7.136570e+001
      vertex -1.326178e+001  1.179701e+001  7.300000e+001
      vertex -1.315951e+001  1.214191e+001  7.300000e+001
    endloop
  endfacet
  facet normal  6.261253e-001  7.797220e-001  8.660053e-004
    outer loop
      vertex -1.605308e+001  1.094867e+001  6.974972e+001
      vertex -1.628856e+001  1.113793e+001  6.959538e+001
      vertex -1.625754e+001  1.110924e+001  7.300000e+001
    endloop
  endfacet
  facet normal  7.404268e-001  6.721362e-001 -1.082220e-003
    outer loop
      vertex -1.625754e+001  1.110924e+001  7.300000e+001
      vertex -1.628856e+001  1.113793e+001  6.959538e+001
      vertex -1.647889e+001  1.134739e+001  6.946827e+001
    endloop
  endfacet
  facet normal  7.387512e-001  6.739778e-001 -8.530044e-004
    outer loop
      vertex -1.625754e+001  1.110924e+001  7.300000e+001
      vertex -1.647889e+001  1.134739e+001  6.946827e+001
      vertex -1.650000e+001  1.137500e+001  7.300000e+001
    endloop
  endfacet
  facet normal  8.338582e-001  5.519783e-001  6.689685e-004
    outer loop
      vertex -1.650000e+001  1.137500e+001  7.300000e+001
      vertex -1.647889e+001  1.134739e+001  6.946827e+001
      vertex -1.663920e+001  1.158969e+001  6.935954e+001
    endloop
  endfacet
  facet normal  8.342522e-001  5.513827e-001  6.187697e-004
    outer loop
      vertex -1.650000e+001  1.137500e+001  7.300000e+001
      vertex -1.663920e+001  1.158969e+001  6.935954e+001
      vertex -1.662329e+001  1.156163e+001  7.292698e+001
    endloop
  endfacet
  facet normal  9.083089e-001  4.182993e-001 -7.583622e-004
    outer loop
      vertex -1.662329e+001  1.156163e+001  7.292698e+001
      vertex -1.663920e+001  1.158969e+001  6.935954e+001
      vertex -1.675701e+001  1.184538e+001  6.927864e+001
    endloop
  endfacet
  facet normal  9.020397e-001  4.316528e-001  5.099881e-004
    outer loop
      vertex -1.662329e+001  1.156163e+001  7.292698e+001
      vertex -1.675701e+001  1.184538e+001  6.927864e+001
      vertex -1.674930e+001  1.182504e+001  7.285159e+001
    endloop
  endfacet
  facet normal  9.611191e-001  2.761338e-001 -5.026903e-004
    outer loop
      vertex -1.674930e+001  1.182504e+001  7.285159e+001
      vertex -1.675701e+001  1.184538e+001  6.927864e+001
      vertex -1.683647e+001  1.212183e+001  6.922361e+001
    endloop
  endfacet
  facet normal  9.585395e-001  2.849593e-001  2.812571e-004
    outer loop
      vertex -1.674930e+001  1.182504e+001  7.285159e+001
      vertex -1.683647e+001  1.212183e+001  6.922361e+001
      vertex -1.683397e+001  1.210989e+001  7.280049e+001
    endloop
  endfacet
  facet normal  9.884081e-001  1.518205e-001 -1.838610e-004
    outer loop
      vertex -1.683397e+001  1.210989e+001  7.280049e+001
      vertex -1.683647e+001  1.212183e+001  6.922361e+001
      vertex -1.686529e+001  1.230947e+001  6.920355e+001
    endloop
  endfacet
  facet normal  9.876533e-001  1.566562e-001  9.101802e-005
    outer loop
      vertex -1.683397e+001  1.210989e+001  7.280049e+001
      vertex -1.686529e+001  1.230947e+001  6.920355e+001
      vertex -1.686467e+001  1.230348e+001  7.278188e+001
    endloop
  endfacet
  facet normal  9.987050e-001  5.087567e-002 -8.788596e-005
    outer loop
      vertex -1.686467e+001  1.230348e+001  7.278188e+001
      vertex -1.686529e+001  1.230947e+001  6.920355e+001
      vertex -1.687500e+001  1.250000e+001  6.919678e+001
    endloop
  endfacet
  facet normal  9.986222e-001  5.247464e-002  -0.000000e+000
    outer loop
      vertex -1.686467e+001  1.230348e+001  7.278188e+001
      vertex -1.687500e+001  1.250000e+001  6.919678e+001
      vertex -1.687500e+001  1.250000e+001  7.277560e+001
    endloop
  endfacet
  facet normal -2.710049e-001  9.625764e-001  1.707516e-003
    outer loop
      vertex -1.434890e+001  1.074168e+001  7.077516e+001
      vertex -1.464148e+001  1.065960e+001  7.061010e+001
      vertex -1.458045e+001  1.067254e+001  7.300000e+001
    endloop
  endfacet
  facet normal -1.106932e-001  9.938513e-001 -2.555505e-003
    outer loop
      vertex -1.458045e+001  1.067254e+001  7.300000e+001
      vertex -1.464148e+001  1.065960e+001  7.061010e+001
      vertex -1.493930e+001  1.062599e+001  7.043752e+001
    endloop
  endfacet
  facet normal -1.292263e-001  9.916151e-001  8.047009e-005
    outer loop
      vertex -1.458045e+001  1.067254e+001  7.300000e+001
      vertex -1.493930e+001  1.062599e+001  7.043752e+001
      vertex -1.493718e+001  1.062605e+001  7.300000e+001
    endloop
  endfacet
  facet normal  4.696640e-002  9.988964e-001 -6.516421e-005
    outer loop
      vertex -1.493718e+001  1.062605e+001  7.300000e+001
      vertex -1.493930e+001  1.062599e+001  7.043752e+001
      vertex -1.523616e+001  1.063993e+001  7.026083e+001
    endloop
  endfacet
  facet normal  6.253053e-002  9.980416e-001 -1.768314e-003
    outer loop
      vertex -1.493718e+001  1.062605e+001  7.300000e+001
      vertex -1.523616e+001  1.063993e+001  7.026083e+001
      vertex -1.529623e+001  1.064855e+001  7.300000e+001
    endloop
  endfacet
  facet normal -9.675844e-001  2.525412e-001  1.857775e-003
    outer loop
      vertex -1.323254e+001  1.187415e+001  7.136570e+001
      vertex -1.315951e+001  1.214191e+001  7.300000e+001
      vertex -1.315227e+001  1.218138e+001  7.140583e+001
    endloop
  endfacet
  facet normal -9.953855e-001  9.593248e-002 -2.145353e-003
    outer loop
      vertex -1.315227e+001  1.218138e+001  7.140583e+001
      vertex -1.315951e+001  1.214191e+001  7.300000e+001
      vertex -1.312500e+001  1.250000e+001  7.300000e+001
    endloop
  endfacet
  facet normal -9.963568e-001  8.528179e-002  0.000000e+000
    outer loop
      vertex -1.315227e+001  1.218138e+001  7.140583e+001
      vertex -1.312500e+001  1.250000e+001  7.300000e+001
      vertex -1.312500e+001  1.250000e+001  7.141940e+001
    endloop
  endfacet
  facet normal -9.587384e-001 -2.842654e-001 -3.735204e-003
    outer loop
      vertex -1.326178e+001  1.320299e+001  7.300000e+001
      vertex -1.323254e+001  1.312585e+001  7.136570e+001
      vertex -1.315951e+001  1.285809e+001  7.300000e+001
    endloop
  endfacet
  facet normal -9.117104e-001 -4.108222e-001  3.079882e-003
    outer loop
      vertex -1.336149e+001  1.341154e+001  7.130058e+001
      vertex -1.323254e+001  1.312585e+001  7.136570e+001
      vertex -1.326178e+001  1.320299e+001  7.300000e+001
    endloop
  endfacet
  facet normal -8.867999e-001 -4.621300e-001 -4.677994e-003
    outer loop
      vertex -1.342803e+001  1.352202e+001  7.300000e+001
      vertex -1.336149e+001  1.341154e+001  7.130058e+001
      vertex -1.326178e+001  1.320299e+001  7.300000e+001
    endloop
  endfacet
  facet normal -8.258172e-001 -5.639213e-001  4.327448e-003
    outer loop
      vertex -1.355760e+001  1.369796e+001  7.120003e+001
      vertex -1.336149e+001  1.341154e+001  7.130058e+001
      vertex -1.342803e+001  1.352202e+001  7.300000e+001
    endloop
  endfacet
  facet normal -7.822194e-001 -6.229861e-001 -4.584278e-003
    outer loop
      vertex -1.365215e+001  1.380343e+001  7.300000e+001
      vertex -1.355760e+001  1.369796e+001  7.120003e+001
      vertex -1.342803e+001  1.352202e+001  7.300000e+001
    endloop
  endfacet
  facet normal -7.093927e-001 -7.048019e-001  4.034929e-003
    outer loop
      vertex -1.379697e+001  1.393817e+001  7.107477e+001
      vertex -1.355760e+001  1.369796e+001  7.120003e+001
      vertex -1.365215e+001  1.380343e+001  7.300000e+001
    endloop
  endfacet
  facet normal -6.488435e-001 -7.609088e-001 -4.446838e-003
    outer loop
      vertex -1.392589e+001  1.403685e+001  7.300000e+001
      vertex -1.379697e+001  1.393817e+001  7.107477e+001
      vertex -1.365215e+001  1.380343e+001  7.300000e+001
    endloop
  endfacet
  facet normal -5.727402e-001 -8.197289e-001  3.663715e-003
    outer loop
      vertex -1.406857e+001  1.412729e+001  7.092924e+001
      vertex -1.379697e+001  1.393817e+001  7.107477e+001
      vertex -1.392589e+001  1.403685e+001  7.300000e+001
    endloop
  endfacet
  facet normal -4.915814e-001 -8.708216e-001 -4.160116e-003
    outer loop
      vertex -1.423916e+001  1.421370e+001  7.300000e+001
      vertex -1.406857e+001  1.412729e+001  7.092924e+001
      vertex -1.392589e+001  1.403685e+001  7.300000e+001
    endloop
  endfacet
  facet normal -4.247047e-001 -9.053276e-001  2.789007e-003
    outer loop
      vertex -1.423916e+001  1.421370e+001  7.300000e+001
      vertex -1.434890e+001  1.425832e+001  7.077516e+001
      vertex -1.406857e+001  1.412729e+001  7.092924e+001
    endloop
  endfacet
  facet normal -3.162275e-001 -9.486772e-001 -3.430949e-003
    outer loop
      vertex -1.434890e+001  1.425832e+001  7.077516e+001
      vertex -1.423916e+001  1.421370e+001  7.300000e+001
      vertex -1.458045e+001  1.432746e+001  7.300000e+001
    endloop
  endfacet
  facet normal -2.710049e-001 -9.625764e-001  1.707516e-003
    outer loop
      vertex -1.458045e+001  1.432746e+001  7.300000e+001
      vertex -1.464148e+001  1.434040e+001  7.061010e+001
      vertex -1.434890e+001  1.425832e+001  7.077516e+001
    endloop
  endfacet
  facet normal  2.519830e-001 -9.677278e-001 -2.733185e-003
    outer loop
      vertex -1.564436e+001  1.426080e+001  7.300000e+001
      vertex -1.552130e+001  1.430107e+001  7.008663e+001
      vertex -1.529623e+001  1.435145e+001  7.300000e+001
    endloop
  endfacet
  facet normal  3.511582e-001 -9.363142e-001  1.890224e-003
    outer loop
      vertex -1.579538e+001  1.419794e+001  6.991498e+001
      vertex -1.552130e+001  1.430107e+001  7.008663e+001
      vertex -1.564436e+001  1.426080e+001  7.300000e+001
    endloop
  endfacet
  facet normal  4.321649e-001 -9.017903e-001 -2.778659e-003
    outer loop
      vertex -1.596878e+001  1.410533e+001  7.300000e+001
      vertex -1.579538e+001  1.419794e+001  6.991498e+001
      vertex -1.564436e+001  1.426080e+001  7.300000e+001
    endloop
  endfacet
  facet normal  4.936713e-001 -8.696470e-001  1.643360e-003
    outer loop
      vertex -1.596878e+001  1.410533e+001  7.300000e+001
      vertex -1.605308e+001  1.405133e+001  6.974972e+001
      vertex -1.579538e+001  1.419794e+001  6.991498e+001
    endloop
  endfacet
  facet normal  5.964341e-001 -8.026593e-001 -2.134819e-003
    outer loop
      vertex -1.605308e+001  1.405133e+001  6.974972e+001
      vertex -1.596878e+001  1.410533e+001  7.300000e+001
      vertex -1.625754e+001  1.389076e+001  7.300000e+001
    endloop
  endfacet
  facet normal -9.675843e-001 -2.525411e-001  1.857775e-003
    outer loop
      vertex -1.323254e+001  1.312585e+001  7.136570e+001
      vertex -1.315227e+001  1.281862e+001  7.140583e+001
      vertex -1.315951e+001  1.285809e+001  7.300000e+001
    endloop
  endfacet
  facet normal -9.963452e-001 -8.538343e-002 -2.410855e-003
    outer loop
      vertex -1.315951e+001  1.285809e+001  7.300000e+001
      vertex -1.315227e+001  1.281862e+001  7.140583e+001
      vertex -1.312500e+001  1.250000e+001  7.141940e+001
    endloop
  endfacet
  facet normal -9.953878e-001 -9.593269e-002  0.000000e+000
    outer loop
      vertex -1.315951e+001  1.285809e+001  7.300000e+001
      vertex -1.312500e+001  1.250000e+001  7.141940e+001
      vertex -1.312500e+001  1.250000e+001  7.300000e+001
    endloop
  endfacet
  facet normal  2.018188e-001 -9.794219e-001  1.344557e-003
    outer loop
      vertex -1.552130e+001  1.430107e+001  7.008663e+001
      vertex -1.523616e+001  1.436007e+001  7.026083e+001
      vertex -1.529623e+001  1.435145e+001  7.300000e+001
    endloop
  endfacet
  facet normal  4.816631e-002 -9.988371e-001 -2.085794e-003
    outer loop
      vertex -1.529623e+001  1.435145e+001  7.300000e+001
      vertex -1.523616e+001  1.436007e+001  7.026083e+001
      vertex -1.493930e+001  1.437401e+001  7.043752e+001
    endloop
  endfacet
  facet normal  6.253061e-002 -9.980431e-001 -7.798948e-005
    outer loop
      vertex -1.529623e+001  1.435145e+001  7.300000e+001
      vertex -1.493930e+001  1.437401e+001  7.043752e+001
      vertex -1.493718e+001  1.437395e+001  7.300000e+001
    endloop
  endfacet
  facet normal -1.121939e-001 -9.936863e-001  6.635561e-005
    outer loop
      vertex -1.493718e+001  1.437395e+001  7.300000e+001
      vertex -1.493930e+001  1.437401e+001  7.043752e+001
      vertex -1.464148e+001  1.434040e+001  7.061010e+001
    endloop
  endfacet
  facet normal -1.292260e-001 -9.916129e-001 -2.070137e-003
    outer loop
      vertex -1.493718e+001  1.437395e+001  7.300000e+001
      vertex -1.464148e+001  1.434040e+001  7.061010e+001
      vertex -1.458045e+001  1.432746e+001  7.300000e+001
    endloop
  endfacet
  facet normal  6.261253e-001 -7.797220e-001  8.660053e-004
    outer loop
      vertex -1.605308e+001  1.405133e+001  6.974972e+001
      vertex -1.625754e+001  1.389076e+001  7.300000e+001
      vertex -1.628856e+001  1.386207e+001  6.959538e+001
    endloop
  endfacet
  facet normal  7.387510e-001 -6.739776e-001 -1.051429e-003
    outer loop
      vertex -1.628856e+001  1.386207e+001  6.959538e+001
      vertex -1.625754e+001  1.389076e+001  7.300000e+001
      vertex -1.650000e+001  1.362500e+001  7.300000e+001
    endloop
  endfacet
  facet normal  7.403507e-001 -6.722202e-001 -8.297072e-004
    outer loop
      vertex -1.628856e+001  1.386207e+001  6.959538e+001
      vertex -1.650000e+001  1.362500e+001  7.300000e+001
      vertex -1.647889e+001  1.365261e+001  6.946827e+001
    endloop
  endfacet
  facet normal  8.342419e-001 -5.513981e-001  6.757974e-004
    outer loop
      vertex -1.647889e+001  1.365261e+001  6.946827e+001
      vertex -1.650000e+001  1.362500e+001  7.300000e+001
      vertex -1.662329e+001  1.343837e+001  7.292698e+001
    endloop
  endfacet
  facet normal  8.338673e-001 -5.519647e-001  6.250649e-004
    outer loop
      vertex -1.647889e+001  1.365261e+001  6.946827e+001
      vertex -1.662329e+001  1.343837e+001  7.292698e+001
      vertex -1.663920e+001  1.341031e+001  6.935954e+001
    endloop
  endfacet
  facet normal  9.021664e-001 -4.313877e-001 -6.280110e-004
    outer loop
      vertex -1.663920e+001  1.341031e+001  6.935954e+001
      vertex -1.662329e+001  1.343837e+001  7.292698e+001
      vertex -1.674930e+001  1.317496e+001  7.285159e+001
    endloop
  endfacet
  facet normal  9.081671e-001 -4.186076e-001  4.225140e-004
    outer loop
      vertex -1.663920e+001  1.341031e+001  6.935954e+001
      vertex -1.674930e+001  1.317496e+001  7.285159e+001
      vertex -1.675701e+001  1.315462e+001  6.927864e+001
    endloop
  endfacet
  facet normal  9.585752e-001 -2.848392e-001 -4.476518e-004
    outer loop
      vertex -1.675701e+001  1.315462e+001  6.927864e+001
      vertex -1.674930e+001  1.317496e+001  7.285159e+001
      vertex -1.683397e+001  1.289011e+001  7.280049e+001
    endloop
  endfacet
  facet normal  9.610794e-001 -2.762724e-001  2.504965e-004
    outer loop
      vertex -1.675701e+001  1.315462e+001  6.927864e+001
      vertex -1.683397e+001  1.289011e+001  7.280049e+001
      vertex -1.683647e+001  1.287817e+001  6.922361e+001
    endloop
  endfacet
  facet normal  9.876570e-001 -1.566319e-001 -1.672819e-004
    outer loop
      vertex -1.683647e+001  1.287817e+001  6.922361e+001
      vertex -1.683397e+001  1.289011e+001  7.280049e+001
      vertex -1.686467e+001  1.269652e+001  7.278188e+001
    endloop
  endfacet
  facet normal  9.884037e-001 -1.518484e-001  8.284377e-005
    outer loop
      vertex -1.683647e+001  1.287817e+001  6.922361e+001
      vertex -1.686467e+001  1.269652e+001  7.278188e+001
      vertex -1.686529e+001  1.269053e+001  6.920355e+001
    endloop
  endfacet
  facet normal  9.986224e-001 -5.247193e-002 -8.520084e-005
    outer loop
      vertex -1.686529e+001  1.269053e+001  6.920355e+001
      vertex -1.686467e+001  1.269652e+001  7.278188e+001
      vertex -1.687500e+001  1.250000e+001  7.277560e+001
    endloop
  endfacet
  facet normal  9.987049e-001 -5.087878e-002  0.000000e+000
    outer loop
      vertex -1.686529e+001  1.269053e+001  6.920355e+001
      vertex -1.687500e+001  1.250000e+001  7.277560e+001
      vertex -1.687500e+001  1.250000e+001  6.919678e+001
    endloop
  endfacet
  facet normal -5.964358e-001 -8.026580e-001 -2.134884e-003
    outer loop
      vertex  1.596878e+001 -3.089467e+001  7.300000e+001
      vertex  1.605308e+001 -3.094867e+001  6.974972e+001
      vertex  1.625754e+001 -3.110924e+001  7.300000e+001
    endloop
  endfacet
  facet normal -4.936664e-001 -8.696498e-001  1.643535e-003
    outer loop
      vertex  1.579538e+001 -3.080206e+001  6.991498e+001
      vertex  1.605308e+001 -3.094867e+001  6.974972e+001
      vertex  1.596878e+001 -3.089467e+001  7.300000e+001
    endloop
  endfacet
  facet normal -4.321628e-001 -9.017914e-001 -2.778254e-003
    outer loop
      vertex  1.564436e+001 -3.073920e+001  7.300000e+001
      vertex  1.579538e+001 -3.080206e+001  6.991498e+001
      vertex  1.596878e+001 -3.089467e+001  7.300000e+001
    endloop
  endfacet
  facet normal -3.511610e-001 -9.363133e-001  1.890356e-003
    outer loop
      vertex  1.564436e+001 -3.073920e+001  7.300000e+001
      vertex  1.552130e+001 -3.069893e+001  7.008663e+001
      vertex  1.579538e+001 -3.080206e+001  6.991498e+001
    endloop
  endfacet
  facet normal -2.519830e-001 -9.677278e-001 -2.733185e-003
    outer loop
      vertex  1.552130e+001 -3.069893e+001  7.008663e+001
      vertex  1.564436e+001 -3.073920e+001  7.300000e+001
      vertex  1.529623e+001 -3.064855e+001  7.300000e+001
    endloop
  endfacet
  facet normal -2.018156e-001 -9.794226e-001  1.344823e-003
    outer loop
      vertex  1.529623e+001 -3.064855e+001  7.300000e+001
      vertex  1.523616e+001 -3.063993e+001  7.026083e+001
      vertex  1.552130e+001 -3.069893e+001  7.008663e+001
    endloop
  endfacet
  facet normal  3.162251e-001 -9.486781e-001 -3.430676e-003
    outer loop
      vertex  1.423916e+001 -3.078630e+001  7.300000e+001
      vertex  1.434890e+001 -3.074168e+001  7.077516e+001
      vertex  1.458045e+001 -3.067254e+001  7.300000e+001
    endloop
  endfacet
  facet normal  4.246998e-001 -9.053300e-001  2.789100e-003
    outer loop
      vertex  1.406857e+001 -3.087271e+001  7.092924e+001
      vertex  1.434890e+001 -3.074168e+001  7.077516e+001
      vertex  1.423916e+001 -3.078630e+001  7.300000e+001
    endloop
  endfacet
  facet normal  4.915835e-001 -8.708205e-001 -4.160730e-003
    outer loop
      vertex  1.392589e+001 -3.096315e+001  7.300000e+001
      vertex  1.406857e+001 -3.087271e+001  7.092924e+001
      vertex  1.423916e+001 -3.078630e+001  7.300000e+001
    endloop
  endfacet
  facet normal  5.727439e-001 -8.197262e-001  3.663331e-003
    outer loop
      vertex  1.392589e+001 -3.096315e+001  7.300000e+001
      vertex  1.379697e+001 -3.106183e+001  7.107477e+001
      vertex  1.406857e+001 -3.087271e+001  7.092924e+001
    endloop
  endfacet
  facet normal  6.488421e-001 -7.609102e-001 -4.446669e-003
    outer loop
      vertex  1.379697e+001 -3.106183e+001  7.107477e+001
      vertex  1.392589e+001 -3.096315e+001  7.300000e+001
      vertex  1.365215e+001 -3.119657e+001  7.300000e+001
    endloop
  endfacet
  facet normal  7.093914e-001 -7.048032e-001  4.035079e-003
    outer loop
      vertex  1.365215e+001 -3.119657e+001  7.300000e+001
      vertex  1.355760e+001 -3.130204e+001  7.120003e+001
      vertex  1.379697e+001 -3.106183e+001  7.107477e+001
    endloop
  endfacet
  facet normal  7.822194e-001 -6.229861e-001 -4.584276e-003
    outer loop
      vertex  1.355760e+001 -3.130204e+001  7.120003e+001
      vertex  1.365215e+001 -3.119657e+001  7.300000e+001
      vertex  1.342803e+001 -3.147798e+001  7.300000e+001
    endloop
  endfacet
  facet normal  8.258172e-001 -5.639213e-001  4.327448e-003
    outer loop
      vertex  1.342803e+001 -3.147798e+001  7.300000e+001
      vertex  1.336149e+001 -3.158846e+001  7.130058e+001
      vertex  1.355760e+001 -3.130204e+001  7.120003e+001
    endloop
  endfacet
  facet normal  8.867993e-001 -4.621311e-001 -4.677902e-003
    outer loop
      vertex  1.336149e+001 -3.158846e+001  7.130058e+001
      vertex  1.342803e+001 -3.147798e+001  7.300000e+001
      vertex  1.326178e+001 -3.179700e+001  7.300000e+001
    endloop
  endfacet
  facet normal  9.117104e-001 -4.108222e-001  3.080120e-003
    outer loop
      vertex  1.326178e+001 -3.179700e+001  7.300000e+001
      vertex  1.323254e+001 -3.187415e+001  7.136570e+001
      vertex  1.336149e+001 -3.158846e+001  7.130058e+001
    endloop
  endfacet
  facet normal  9.587384e-001 -2.842654e-001 -3.735037e-003
    outer loop
      vertex  1.323254e+001 -3.187415e+001  7.136570e+001
      vertex  1.326178e+001 -3.179700e+001  7.300000e+001
      vertex  1.315951e+001 -3.214191e+001  7.300000e+001
    endloop
  endfacet
  facet normal -6.261290e-001 -7.797189e-001  8.661636e-004
    outer loop
      vertex  1.605308e+001 -3.094867e+001  6.974972e+001
      vertex  1.628856e+001 -3.113793e+001  6.959538e+001
      vertex  1.625754e+001 -3.110924e+001  7.300000e+001
    endloop
  endfacet
  facet normal -7.404252e-001 -6.721380e-001 -1.082002e-003
    outer loop
      vertex  1.625754e+001 -3.110924e+001  7.300000e+001
      vertex  1.628856e+001 -3.113793e+001  6.959538e+001
      vertex  1.647889e+001 -3.134739e+001  6.946827e+001
    endloop
  endfacet
  facet normal -7.387512e-001 -6.739778e-001 -8.530044e-004
    outer loop
      vertex  1.625754e+001 -3.110924e+001  7.300000e+001
      vertex  1.647889e+001 -3.134739e+001  6.946827e+001
      vertex  1.650000e+001 -3.137500e+001  7.300000e+001
    endloop
  endfacet
  facet normal -8.338571e-001 -5.519798e-001  6.689508e-004
    outer loop
      vertex  1.650000e+001 -3.137500e+001  7.300000e+001
      vertex  1.647889e+001 -3.134739e+001  6.946827e+001
      vertex  1.663920e+001 -3.158969e+001  6.935954e+001
    endloop
  endfacet
  facet normal -8.342523e-001 -5.513827e-001  6.186219e-004
    outer loop
      vertex  1.650000e+001 -3.137500e+001  7.300000e+001
      vertex  1.663920e+001 -3.158969e+001  6.935954e+001
      vertex  1.662329e+001 -3.156163e+001  7.292698e+001
    endloop
  endfacet
  facet normal -9.083095e-001 -4.182980e-001 -7.584872e-004
    outer loop
      vertex  1.662329e+001 -3.156163e+001  7.292698e+001
      vertex  1.663920e+001 -3.158969e+001  6.935954e+001
      vertex  1.675701e+001 -3.184538e+001  6.927864e+001
    endloop
  endfacet
  facet normal -9.020397e-001 -4.316528e-001  5.099881e-004
    outer loop
      vertex  1.662329e+001 -3.156163e+001  7.292698e+001
      vertex  1.675701e+001 -3.184538e+001  6.927864e+001
      vertex  1.674930e+001 -3.182504e+001  7.285159e+001
    endloop
  endfacet
  facet normal -9.611186e-001 -2.761356e-001 -5.026793e-004
    outer loop
      vertex  1.674930e+001 -3.182504e+001  7.285159e+001
      vertex  1.675701e+001 -3.184538e+001  6.927864e+001
      vertex  1.683647e+001 -3.212183e+001  6.922361e+001
    endloop
  endfacet
  facet normal -9.585399e-001 -2.849585e-001  2.810260e-004
    outer loop
      vertex  1.674930e+001 -3.182504e+001  7.285159e+001
      vertex  1.683647e+001 -3.212183e+001  6.922361e+001
      vertex  1.683397e+001 -3.210989e+001  7.280049e+001
    endloop
  endfacet
  facet normal -9.884084e-001 -1.518183e-001 -1.839902e-004
    outer loop
      vertex  1.683397e+001 -3.210989e+001  7.280049e+001
      vertex  1.683647e+001 -3.212183e+001  6.922361e+001
      vertex  1.686529e+001 -3.230947e+001  6.920355e+001
    endloop
  endfacet
  facet normal -9.876530e-001 -1.566577e-001  9.110411e-005
    outer loop
      vertex  1.683397e+001 -3.210989e+001  7.280049e+001
      vertex  1.686529e+001 -3.230947e+001  6.920355e+001
      vertex  1.686467e+001 -3.230348e+001  7.278188e+001
    endloop
  endfacet
  facet normal -9.987050e-001 -5.087592e-002 -8.785841e-005
    outer loop
      vertex  1.686467e+001 -3.230348e+001  7.278188e+001
      vertex  1.686529e+001 -3.230947e+001  6.920355e+001
      vertex  1.687500e+001 -3.250000e+001  6.919678e+001
    endloop
  endfacet
  facet normal -9.986223e-001 -5.247439e-002  0.000000e+000
    outer loop
      vertex  1.686467e+001 -3.230348e+001  7.278188e+001
      vertex  1.687500e+001 -3.250000e+001  6.919678e+001
      vertex  1.687500e+001 -3.250000e+001  7.277560e+001
    endloop
  endfacet
  facet normal  2.710077e-001 -9.625757e-001  1.707206e-003
    outer loop
      vertex  1.434890e+001 -3.074168e+001  7.077516e+001
      vertex  1.464148e+001 -3.065960e+001  7.061010e+001
      vertex  1.458045e+001 -3.067254e+001  7.300000e+001
    endloop
  endfacet
  facet normal  1.106962e-001 -9.938510e-001 -2.555824e-003
    outer loop
      vertex  1.458045e+001 -3.067254e+001  7.300000e+001
      vertex  1.464148e+001 -3.065960e+001  7.061010e+001
      vertex  1.493930e+001 -3.062598e+001  7.043752e+001
    endloop
  endfacet
  facet normal  1.292289e-001 -9.916148e-001  8.010320e-005
    outer loop
      vertex  1.458045e+001 -3.067254e+001  7.300000e+001
      vertex  1.493930e+001 -3.062598e+001  7.043752e+001
      vertex  1.493718e+001 -3.062605e+001  7.300000e+001
    endloop
  endfacet
  facet normal -4.697303e-002 -9.988961e-001 -6.554144e-005
    outer loop
      vertex  1.493718e+001 -3.062605e+001  7.300000e+001
      vertex  1.493930e+001 -3.062598e+001  7.043752e+001
      vertex  1.523616e+001 -3.063993e+001  7.026083e+001
    endloop
  endfacet
  facet normal -6.253053e-002 -9.980416e-001 -1.767967e-003
    outer loop
      vertex  1.493718e+001 -3.062605e+001  7.300000e+001
      vertex  1.523616e+001 -3.063993e+001  7.026083e+001
      vertex  1.529623e+001 -3.064855e+001  7.300000e+001
    endloop
  endfacet
  facet normal  9.675847e-001 -2.525396e-001  1.858188e-003
    outer loop
      vertex  1.323254e+001 -3.187415e+001  7.136570e+001
      vertex  1.315951e+001 -3.214191e+001  7.300000e+001
      vertex  1.315227e+001 -3.218138e+001  7.140583e+001
    endloop
  endfacet
  facet normal  9.953855e-001 -9.593222e-002 -2.145187e-003
    outer loop
      vertex  1.315227e+001 -3.218138e+001  7.140583e+001
      vertex  1.315951e+001 -3.214191e+001  7.300000e+001
      vertex  1.312500e+001 -3.250000e+001  7.300000e+001
    endloop
  endfacet
  facet normal  9.963568e-001 -8.528229e-002  0.000000e+000
    outer loop
      vertex  1.315227e+001 -3.218138e+001  7.140583e+001
      vertex  1.312500e+001 -3.250000e+001  7.300000e+001
      vertex  1.312500e+001 -3.250000e+001  7.141940e+001
    endloop
  endfacet
  facet normal  9.587384e-001  2.842654e-001 -3.734706e-003
    outer loop
      vertex  1.326178e+001 -3.320300e+001  7.300000e+001
      vertex  1.323254e+001 -3.312585e+001  7.136570e+001
      vertex  1.315951e+001 -3.285809e+001  7.300000e+001
    endloop
  endfacet
  facet normal  9.117104e-001  4.108220e-001  3.080594e-003
    outer loop
      vertex  1.336149e+001 -3.341154e+001  7.130058e+001
      vertex  1.323254e+001 -3.312585e+001  7.136570e+001
      vertex  1.326178e+001 -3.320300e+001  7.300000e+001
    endloop
  endfacet
  facet normal  8.867993e-001  4.621311e-001 -4.677383e-003
    outer loop
      vertex  1.342803e+001 -3.352202e+001  7.300000e+001
      vertex  1.336149e+001 -3.341154e+001  7.130058e+001
      vertex  1.326178e+001 -3.320300e+001  7.300000e+001
    endloop
  endfacet
  facet normal  8.258191e-001  5.639187e-001  4.327836e-003
    outer loop
      vertex  1.355760e+001 -3.369796e+001  7.120003e+001
      vertex  1.336149e+001 -3.341154e+001  7.130058e+001
      vertex  1.342803e+001 -3.352202e+001  7.300000e+001
    endloop
  endfacet
  facet normal  7.822173e-001  6.229888e-001 -4.584680e-003
    outer loop
      vertex  1.365215e+001 -3.380342e+001  7.300000e+001
      vertex  1.355760e+001 -3.369796e+001  7.120003e+001
      vertex  1.342803e+001 -3.352202e+001  7.300000e+001
    endloop
  endfacet
  facet normal  7.093939e-001  7.048007e-001  4.034050e-003
    outer loop
      vertex  1.379697e+001 -3.393818e+001  7.107477e+001
      vertex  1.355760e+001 -3.369796e+001  7.120003e+001
      vertex  1.365215e+001 -3.380342e+001  7.300000e+001
    endloop
  endfacet
  facet normal  6.488481e-001  7.609049e-001 -4.447348e-003
    outer loop
      vertex  1.392589e+001 -3.403685e+001  7.300000e+001
      vertex  1.379697e+001 -3.393818e+001  7.107477e+001
      vertex  1.365215e+001 -3.380342e+001  7.300000e+001
    endloop
  endfacet
  facet normal  5.727364e-001  8.197314e-001  3.664098e-003
    outer loop
      vertex  1.406857e+001 -3.412729e+001  7.092924e+001
      vertex  1.379697e+001 -3.393818e+001  7.107477e+001
      vertex  1.392589e+001 -3.403685e+001  7.300000e+001
    endloop
  endfacet
  facet normal  4.915795e-001  8.708228e-001 -4.159503e-003
    outer loop
      vertex  1.423916e+001 -3.421370e+001  7.300000e+001
      vertex  1.406857e+001 -3.412729e+001  7.092924e+001
      vertex  1.392589e+001 -3.403685e+001  7.300000e+001
    endloop
  endfacet
  facet normal  4.247049e-001  9.053276e-001  2.789405e-003
    outer loop
      vertex  1.423916e+001 -3.421370e+001  7.300000e+001
      vertex  1.434890e+001 -3.425832e+001  7.077516e+001
      vertex  1.406857e+001 -3.412729e+001  7.092924e+001
    endloop
  endfacet
  facet normal  3.162251e-001  9.486781e-001 -3.430676e-003
    outer loop
      vertex  1.434890e+001 -3.425832e+001  7.077516e+001
      vertex  1.423916e+001 -3.421370e+001  7.300000e+001
      vertex  1.458045e+001 -3.432746e+001  7.300000e+001
    endloop
  endfacet
  facet normal  2.710077e-001  9.625757e-001  1.707206e-003
    outer loop
      vertex  1.458045e+001 -3.432746e+001  7.300000e+001
      vertex  1.464148e+001 -3.434040e+001  7.061010e+001
      vertex  1.434890e+001 -3.425832e+001  7.077516e+001
    endloop
  endfacet
  facet normal -2.519880e-001  9.677265e-001 -2.732957e-003
    outer loop
      vertex  1.564436e+001 -3.426080e+001  7.300000e+001
      vertex  1.552130e+001 -3.430107e+001  7.008663e+001
      vertex  1.529623e+001 -3.435145e+001  7.300000e+001
    endloop
  endfacet
  facet normal -3.511498e-001  9.363173e-001  1.889828e-003
    outer loop
      vertex  1.579538e+001 -3.419794e+001  6.991498e+001
      vertex  1.552130e+001 -3.430107e+001  7.008663e+001
      vertex  1.564436e+001 -3.426080e+001  7.300000e+001
    endloop
  endfacet
  facet normal -4.321584e-001  9.017934e-001 -2.779116e-003
    outer loop
      vertex  1.596878e+001 -3.410533e+001  7.300000e+001
      vertex  1.579538e+001 -3.419794e+001  6.991498e+001
      vertex  1.564436e+001 -3.426080e+001  7.300000e+001
    endloop
  endfacet
  facet normal -4.936713e-001  8.696470e-001  1.643360e-003
    outer loop
      vertex  1.596878e+001 -3.410533e+001  7.300000e+001
      vertex  1.605308e+001 -3.405133e+001  6.974972e+001
      vertex  1.579538e+001 -3.419794e+001  6.991498e+001
    endloop
  endfacet
  facet normal -5.964392e-001  8.026555e-001 -2.135014e-003
    outer loop
      vertex  1.605308e+001 -3.405133e+001  6.974972e+001
      vertex  1.596878e+001 -3.410533e+001  7.300000e+001
      vertex  1.625754e+001 -3.389076e+001  7.300000e+001
    endloop
  endfacet
  facet normal  9.675844e-001  2.525410e-001  1.858227e-003
    outer loop
      vertex  1.323254e+001 -3.312585e+001  7.136570e+001
      vertex  1.315227e+001 -3.281862e+001  7.140583e+001
      vertex  1.315951e+001 -3.285809e+001  7.300000e+001
    endloop
  endfacet
  facet normal  9.963452e-001  8.538393e-002 -2.410689e-003
    outer loop
      vertex  1.315951e+001 -3.285809e+001  7.300000e+001
      vertex  1.315227e+001 -3.281862e+001  7.140583e+001
      vertex  1.312500e+001 -3.250000e+001  7.141940e+001
    endloop
  endfacet
  facet normal  9.953877e-001  9.593242e-002  -0.000000e+000
    outer loop
      vertex  1.315951e+001 -3.285809e+001  7.300000e+001
      vertex  1.312500e+001 -3.250000e+001  7.141940e+001
      vertex  1.312500e+001 -3.250000e+001  7.300000e+001
    endloop
  endfacet
  facet normal -2.018284e-001  9.794200e-001  1.344430e-003
    outer loop
      vertex  1.552130e+001 -3.430107e+001  7.008663e+001
      vertex  1.523616e+001 -3.436007e+001  7.026083e+001
      vertex  1.529623e+001 -3.435145e+001  7.300000e+001
    endloop
  endfacet
  facet normal -4.816652e-002  9.988371e-001 -2.086137e-003
    outer loop
      vertex  1.529623e+001 -3.435145e+001  7.300000e+001
      vertex  1.523616e+001 -3.436007e+001  7.026083e+001
      vertex  1.493930e+001 -3.437402e+001  7.043752e+001
    endloop
  endfacet
  facet normal -6.253061e-002  9.980431e-001 -7.836091e-005
    outer loop
      vertex  1.529623e+001 -3.435145e+001  7.300000e+001
      vertex  1.493930e+001 -3.437402e+001  7.043752e+001
      vertex  1.493718e+001 -3.437395e+001  7.300000e+001
    endloop
  endfacet
  facet normal  1.121968e-001  9.936860e-001  6.598822e-005
    outer loop
      vertex  1.493718e+001 -3.437395e+001  7.300000e+001
      vertex  1.493930e+001 -3.437402e+001  7.043752e+001
      vertex  1.464148e+001 -3.434040e+001  7.061010e+001
    endloop
  endfacet
  facet normal  1.292286e-001  9.916126e-001 -2.070465e-003
    outer loop
      vertex  1.493718e+001 -3.437395e+001  7.300000e+001
      vertex  1.464148e+001 -3.434040e+001  7.061010e+001
      vertex  1.458045e+001 -3.432746e+001  7.300000e+001
    endloop
  endfacet
  facet normal -6.261256e-001  7.797217e-001  8.653458e-004
    outer loop
      vertex  1.605308e+001 -3.405133e+001  6.974972e+001
      vertex  1.625754e+001 -3.389076e+001  7.300000e+001
      vertex  1.628856e+001 -3.386207e+001  6.959538e+001
    endloop
  endfacet
  facet normal -7.387486e-001  6.739803e-001 -1.051952e-003
    outer loop
      vertex  1.628856e+001 -3.386207e+001  6.959538e+001
      vertex  1.625754e+001 -3.389076e+001  7.300000e+001
      vertex  1.650000e+001 -3.362500e+001  7.300000e+001
    endloop
  endfacet
  facet normal -7.403494e-001  6.722218e-001 -8.300910e-004
    outer loop
      vertex  1.628856e+001 -3.386207e+001  6.959538e+001
      vertex  1.650000e+001 -3.362500e+001  7.300000e+001
      vertex  1.647889e+001 -3.365261e+001  6.946827e+001
    endloop
  endfacet
  facet normal -8.342420e-001  5.513981e-001  6.755000e-004
    outer loop
      vertex  1.647889e+001 -3.365261e+001  6.946827e+001
      vertex  1.650000e+001 -3.362500e+001  7.300000e+001
      vertex  1.662329e+001 -3.343837e+001  7.292698e+001
    endloop
  endfacet
  facet normal -8.338683e-001  5.519632e-001  6.249005e-004
    outer loop
      vertex  1.647889e+001 -3.365261e+001  6.946827e+001
      vertex  1.662329e+001 -3.343837e+001  7.292698e+001
      vertex  1.663920e+001 -3.341031e+001  6.935954e+001
    endloop
  endfacet
  facet normal -9.021652e-001  4.313902e-001 -6.281009e-004
    outer loop
      vertex  1.663920e+001 -3.341031e+001  6.935954e+001
      vertex  1.662329e+001 -3.343837e+001  7.292698e+001
      vertex  1.674930e+001 -3.317496e+001  7.285159e+001
    endloop
  endfacet
  facet normal -9.081665e-001  4.186090e-001  4.225226e-004
    outer loop
      vertex  1.663920e+001 -3.341031e+001  6.935954e+001
      vertex  1.674930e+001 -3.317496e+001  7.285159e+001
      vertex  1.675701e+001 -3.315462e+001  6.927864e+001
    endloop
  endfacet
  facet normal -9.585761e-001  2.848365e-001 -4.476683e-004
    outer loop
      vertex  1.675701e+001 -3.315462e+001  6.927864e+001
      vertex  1.674930e+001 -3.317496e+001  7.285159e+001
      vertex  1.683397e+001 -3.289011e+001  7.280049e+001
    endloop
  endfacet
  facet normal -9.610794e-001  2.762723e-001  2.502754e-004
    outer loop
      vertex  1.675701e+001 -3.315462e+001  6.927864e+001
      vertex  1.683397e+001 -3.289011e+001  7.280049e+001
      vertex  1.683647e+001 -3.287817e+001  6.922361e+001
    endloop
  endfacet
  facet normal -9.876568e-001  1.566334e-001 -1.674021e-004
    outer loop
      vertex  1.683647e+001 -3.287817e+001  6.922361e+001
      vertex  1.683397e+001 -3.289011e+001  7.280049e+001
      vertex  1.686467e+001 -3.269652e+001  7.278188e+001
    endloop
  endfacet
  facet normal -9.884041e-001  1.518461e-001  8.292087e-005
    outer loop
      vertex  1.683647e+001 -3.287817e+001  6.922361e+001
      vertex  1.686467e+001 -3.269652e+001  7.278188e+001
      vertex  1.686529e+001 -3.269053e+001  6.920355e+001
    endloop
  endfacet
  facet normal -9.986225e-001  5.247167e-002 -8.517329e-005
    outer loop
      vertex  1.686529e+001 -3.269053e+001  6.920355e+001
      vertex  1.686467e+001 -3.269652e+001  7.278188e+001
      vertex  1.687500e+001 -3.250000e+001  7.277560e+001
    endloop
  endfacet
  facet normal -9.987048e-001  5.087904e-002  0.000000e+000
    outer loop
      vertex  1.686529e+001 -3.269053e+001  6.920355e+001
      vertex  1.687500e+001 -3.250000e+001  7.277560e+001
      vertex  1.687500e+001 -3.250000e+001  6.919678e+001
    endloop
  endfacet
  facet normal  5.964392e-001  8.026555e-001 -2.135015e-003
    outer loop
      vertex -1.596878e+001 -3.410533e+001  7.300000e+001
      vertex -1.605308e+001 -3.405133e+001  6.974972e+001
      vertex -1.625754e+001 -3.389076e+001  7.300000e+001
    endloop
  endfacet
  facet normal  4.936713e-001  8.696470e-001  1.643360e-003
    outer loop
      vertex -1.579538e+001 -3.419794e+001  6.991498e+001
      vertex -1.605308e+001 -3.405133e+001  6.974972e+001
      vertex -1.596878e+001 -3.410533e+001  7.300000e+001
    endloop
  endfacet
  facet normal  4.321584e-001  9.017934e-001 -2.779116e-003
    outer loop
      vertex -1.564436e+001 -3.426080e+001  7.300000e+001
      vertex -1.579538e+001 -3.419794e+001  6.991498e+001
      vertex -1.596878e+001 -3.410533e+001  7.300000e+001
    endloop
  endfacet
  facet normal  3.511498e-001  9.363173e-001  1.889828e-003
    outer loop
      vertex -1.564436e+001 -3.426080e+001  7.300000e+001
      vertex -1.552130e+001 -3.430107e+001  7.008663e+001
      vertex -1.579538e+001 -3.419794e+001  6.991498e+001
    endloop
  endfacet
  facet normal  2.519880e-001  9.677265e-001 -2.732958e-003
    outer loop
      vertex -1.552130e+001 -3.430107e+001  7.008663e+001
      vertex -1.564436e+001 -3.426080e+001  7.300000e+001
      vertex -1.529623e+001 -3.435145e+001  7.300000e+001
    endloop
  endfacet
  facet normal  2.018284e-001  9.794200e-001  1.344430e-003
    outer loop
      vertex -1.529623e+001 -3.435145e+001  7.300000e+001
      vertex -1.523616e+001 -3.436007e+001  7.026083e+001
      vertex -1.552130e+001 -3.430107e+001  7.008663e+001
    endloop
  endfacet
  facet normal -3.162251e-001  9.486781e-001 -3.430676e-003
    outer loop
      vertex -1.423916e+001 -3.421370e+001  7.300000e+001
      vertex -1.434890e+001 -3.425832e+001  7.077516e+001
      vertex -1.458045e+001 -3.432746e+001  7.300000e+001
    endloop
  endfacet
  facet normal -4.247049e-001  9.053276e-001  2.789405e-003
    outer loop
      vertex -1.406857e+001 -3.412729e+001  7.092924e+001
      vertex -1.434890e+001 -3.425832e+001  7.077516e+001
      vertex -1.423916e+001 -3.421370e+001  7.300000e+001
    endloop
  endfacet
  facet normal -4.915795e-001  8.708228e-001 -4.159503e-003
    outer loop
      vertex -1.392589e+001 -3.403685e+001  7.300000e+001
      vertex -1.406857e+001 -3.412729e+001  7.092924e+001
      vertex -1.423916e+001 -3.421370e+001  7.300000e+001
    endloop
  endfacet
  facet normal -5.727364e-001  8.197314e-001  3.664098e-003
    outer loop
      vertex -1.392589e+001 -3.403685e+001  7.300000e+001
      vertex -1.379697e+001 -3.393818e+001  7.107477e+001
      vertex -1.406857e+001 -3.412729e+001  7.092924e+001
    endloop
  endfacet
  facet normal -6.488481e-001  7.609048e-001 -4.447347e-003
    outer loop
      vertex -1.379697e+001 -3.393818e+001  7.107477e+001
      vertex -1.392589e+001 -3.403685e+001  7.300000e+001
      vertex -1.365215e+001 -3.380342e+001  7.300000e+001
    endloop
  endfacet
  facet normal -7.093939e-001  7.048007e-001  4.034050e-003
    outer loop
      vertex -1.365215e+001 -3.380342e+001  7.300000e+001
      vertex -1.355760e+001 -3.369796e+001  7.120003e+001
      vertex -1.379697e+001 -3.393818e+001  7.107477e+001
    endloop
  endfacet
  facet normal -7.822173e-001  6.229888e-001 -4.584678e-003
    outer loop
      vertex -1.355760e+001 -3.369796e+001  7.120003e+001
      vertex -1.365215e+001 -3.380342e+001  7.300000e+001
      vertex -1.342803e+001 -3.352202e+001  7.300000e+001
    endloop
  endfacet
  facet normal -8.258191e-001  5.639187e-001  4.327836e-003
    outer loop
      vertex -1.342803e+001 -3.352202e+001  7.300000e+001
      vertex -1.336149e+001 -3.341154e+001  7.130058e+001
      vertex -1.355760e+001 -3.369796e+001  7.120003e+001
    endloop
  endfacet
  facet normal -8.867993e-001  4.621311e-001 -4.677383e-003
    outer loop
      vertex -1.336149e+001 -3.341154e+001  7.130058e+001
      vertex -1.342803e+001 -3.352202e+001  7.300000e+001
      vertex -1.326178e+001 -3.320300e+001  7.300000e+001
    endloop
  endfacet
  facet normal -9.117104e-001  4.108220e-001  3.080594e-003
    outer loop
      vertex -1.326178e+001 -3.320300e+001  7.300000e+001
      vertex -1.323254e+001 -3.312585e+001  7.136570e+001
      vertex -1.336149e+001 -3.341154e+001  7.130058e+001
    endloop
  endfacet
  facet normal -9.587384e-001  2.842654e-001 -3.734706e-003
    outer loop
      vertex -1.323254e+001 -3.312585e+001  7.136570e+001
      vertex -1.326178e+001 -3.320300e+001  7.300000e+001
      vertex -1.315951e+001 -3.285809e+001  7.300000e+001
    endloop
  endfacet
  facet normal  6.261256e-001  7.797217e-001  8.653458e-004
    outer loop
      vertex -1.605308e+001 -3.405133e+001  6.974972e+001
      vertex -1.628856e+001 -3.386207e+001  6.959538e+001
      vertex -1.625754e+001 -3.389076e+001  7.300000e+001
    endloop
  endfacet
  facet normal  7.404254e-001  6.721376e-001 -1.082759e-003
    outer loop
      vertex -1.625754e+001 -3.389076e+001  7.300000e+001
      vertex -1.628856e+001 -3.386207e+001  6.959538e+001
      vertex -1.647889e+001 -3.365261e+001  6.946827e+001
    endloop
  endfacet
  facet normal  7.387487e-001  6.739804e-001 -8.534036e-004
    outer loop
      vertex -1.625754e+001 -3.389076e+001  7.300000e+001
      vertex -1.647889e+001 -3.365261e+001  6.946827e+001
      vertex -1.650000e+001 -3.362500e+001  7.300000e+001
    endloop
  endfacet
  facet normal  8.338592e-001  5.519768e-001  6.686894e-004
    outer loop
      vertex -1.650000e+001 -3.362500e+001  7.300000e+001
      vertex -1.647889e+001 -3.365261e+001  6.946827e+001
      vertex -1.663920e+001 -3.341031e+001  6.935954e+001
    endloop
  endfacet
  facet normal  8.342523e-001  5.513827e-001  6.186219e-004
    outer loop
      vertex -1.650000e+001 -3.362500e+001  7.300000e+001
      vertex -1.663920e+001 -3.341031e+001  6.935954e+001
      vertex -1.662329e+001 -3.343837e+001  7.292698e+001
    endloop
  endfacet
  facet normal  9.083083e-001  4.183006e-001 -7.584617e-004
    outer loop
      vertex -1.662329e+001 -3.343837e+001  7.292698e+001
      vertex -1.663920e+001 -3.341031e+001  6.935954e+001
      vertex -1.675701e+001 -3.315462e+001  6.927864e+001
    endloop
  endfacet
  facet normal  9.020385e-001  4.316553e-001  5.100051e-004
    outer loop
      vertex -1.662329e+001 -3.343837e+001  7.292698e+001
      vertex -1.675701e+001 -3.315462e+001  6.927864e+001
      vertex -1.674930e+001 -3.317496e+001  7.285159e+001
    endloop
  endfacet
  facet normal  9.611191e-001  2.761338e-001 -5.026903e-004
    outer loop
      vertex -1.674930e+001 -3.317496e+001  7.285159e+001
      vertex -1.675701e+001 -3.315462e+001  6.927864e+001
      vertex -1.683647e+001 -3.287817e+001  6.922361e+001
    endloop
  endfacet
  facet normal  9.585403e-001  2.849567e-001  2.810198e-004
    outer loop
      vertex -1.674930e+001 -3.317496e+001  7.285159e+001
      vertex -1.683647e+001 -3.287817e+001  6.922361e+001
      vertex -1.683397e+001 -3.289011e+001  7.280049e+001
    endloop
  endfacet
  facet normal  9.884084e-001  1.518183e-001 -1.839902e-004
    outer loop
      vertex -1.683397e+001 -3.289011e+001  7.280049e+001
      vertex -1.683647e+001 -3.287817e+001  6.922361e+001
      vertex -1.686529e+001 -3.269053e+001  6.920355e+001
    endloop
  endfacet
  facet normal  9.876530e-001  1.566577e-001  9.110411e-005
    outer loop
      vertex -1.683397e+001 -3.289011e+001  7.280049e+001
      vertex -1.686529e+001 -3.269053e+001  6.920355e+001
      vertex -1.686467e+001 -3.269652e+001  7.278188e+001
    endloop
  endfacet
  facet normal  9.987050e-001  5.087592e-002 -8.785841e-005
    outer loop
      vertex -1.686467e+001 -3.269652e+001  7.278188e+001
      vertex -1.686529e+001 -3.269053e+001  6.920355e+001
      vertex -1.687500e+001 -3.250000e+001  6.919678e+001
    endloop
  endfacet
  facet normal  9.986223e-001  5.247439e-002  -0.000000e+000
    outer loop
      vertex -1.686467e+001 -3.269652e+001  7.278188e+001
      vertex -1.687500e+001 -3.250000e+001  6.919678e+001
      vertex -1.687500e+001 -3.250000e+001  7.277560e+001
    endloop
  endfacet
  facet normal -2.710077e-001  9.625757e-001  1.707206e-003
    outer loop
      vertex -1.434890e+001 -3.425832e+001  7.077516e+001
      vertex -1.464148e+001 -3.434040e+001  7.061010e+001
      vertex -1.458045e+001 -3.432746e+001  7.300000e+001
    endloop
  endfacet
  facet normal -1.106962e-001  9.938510e-001 -2.555824e-003
    outer loop
      vertex -1.458045e+001 -3.432746e+001  7.300000e+001
      vertex -1.464148e+001 -3.434040e+001  7.061010e+001
      vertex -1.493930e+001 -3.437402e+001  7.043752e+001
    endloop
  endfacet
  facet normal -1.292289e-001  9.916148e-001  8.010320e-005
    outer loop
      vertex -1.458045e+001 -3.432746e+001  7.300000e+001
      vertex -1.493930e+001 -3.437402e+001  7.043752e+001
      vertex -1.493718e+001 -3.437395e+001  7.300000e+001
    endloop
  endfacet
  facet normal  4.696662e-002  9.988964e-001 -6.553616e-005
    outer loop
      vertex -1.493718e+001 -3.437395e+001  7.300000e+001
      vertex -1.493930e+001 -3.437402e+001  7.043752e+001
      vertex -1.523616e+001 -3.436007e+001  7.026083e+001
    endloop
  endfacet
  facet normal  6.253053e-002  9.980416e-001 -1.768661e-003
    outer loop
      vertex -1.493718e+001 -3.437395e+001  7.300000e+001
      vertex -1.523616e+001 -3.436007e+001  7.026083e+001
      vertex -1.529623e+001 -3.435145e+001  7.300000e+001
    endloop
  endfacet
  facet normal -9.675844e-001  2.525411e-001  1.858227e-003
    outer loop
      vertex -1.323254e+001 -3.312585e+001  7.136570e+001
      vertex -1.315951e+001 -3.285809e+001  7.300000e+001
      vertex -1.315227e+001 -3.281862e+001  7.140583e+001
    endloop
  endfacet
  facet normal -9.953855e-001  9.593222e-002 -2.145187e-003
    outer loop
      vertex -1.315227e+001 -3.281862e+001  7.140583e+001
      vertex -1.315951e+001 -3.285809e+001  7.300000e+001
      vertex -1.312500e+001 -3.250000e+001  7.300000e+001
    endloop
  endfacet
  facet normal -9.963568e-001  8.528229e-002  0.000000e+000
    outer loop
      vertex -1.315227e+001 -3.281862e+001  7.140583e+001
      vertex -1.312500e+001 -3.250000e+001  7.300000e+001
      vertex -1.312500e+001 -3.250000e+001  7.141940e+001
    endloop
  endfacet
  facet normal -9.587384e-001 -2.842654e-001 -3.735038e-003
    outer loop
      vertex -1.326178e+001 -3.179700e+001  7.300000e+001
      vertex -1.323254e+001 -3.187415e+001  7.136570e+001
      vertex -1.315951e+001 -3.214191e+001  7.300000e+001
    endloop
  endfacet
  facet normal -9.117104e-001 -4.108222e-001  3.080120e-003
    outer loop
      vertex -1.336149e+001 -3.158846e+001  7.130058e+001
      vertex -1.323254e+001 -3.187415e+001  7.136570e+001
      vertex -1.326178e+001 -3.179700e+001  7.300000e+001
    endloop
  endfacet
  facet normal -8.867993e-001 -4.621311e-001 -4.677902e-003
    outer loop
      vertex -1.342803e+001 -3.147798e+001  7.300000e+001
      vertex -1.336149e+001 -3.158846e+001  7.130058e+001
      vertex -1.326178e+001 -3.179700e+001  7.300000e+001
    endloop
  endfacet
  facet normal -8.258172e-001 -5.639213e-001  4.327448e-003
    outer loop
      vertex -1.355760e+001 -3.130204e+001  7.120003e+001
      vertex -1.336149e+001 -3.158846e+001  7.130058e+001
      vertex -1.342803e+001 -3.147798e+001  7.300000e+001
    endloop
  endfacet
  facet normal -7.822194e-001 -6.229861e-001 -4.584278e-003
    outer loop
      vertex -1.365215e+001 -3.119657e+001  7.300000e+001
      vertex -1.355760e+001 -3.130204e+001  7.120003e+001
      vertex -1.342803e+001 -3.147798e+001  7.300000e+001
    endloop
  endfacet
  facet normal -7.093914e-001 -7.048032e-001  4.035079e-003
    outer loop
      vertex -1.379697e+001 -3.106183e+001  7.107477e+001
      vertex -1.355760e+001 -3.130204e+001  7.120003e+001
      vertex -1.365215e+001 -3.119657e+001  7.300000e+001
    endloop
  endfacet
  facet normal -6.488420e-001 -7.609102e-001 -4.446669e-003
    outer loop
      vertex -1.392589e+001 -3.096315e+001  7.300000e+001
      vertex -1.379697e+001 -3.106183e+001  7.107477e+001
      vertex -1.365215e+001 -3.119657e+001  7.300000e+001
    endloop
  endfacet
  facet normal -5.727439e-001 -8.197262e-001  3.663331e-003
    outer loop
      vertex -1.406857e+001 -3.087271e+001  7.092924e+001
      vertex -1.379697e+001 -3.106183e+001  7.107477e+001
      vertex -1.392589e+001 -3.096315e+001  7.300000e+001
    endloop
  endfacet
  facet normal -4.915835e-001 -8.708205e-001 -4.160730e-003
    outer loop
      vertex -1.423916e+001 -3.078630e+001  7.300000e+001
      vertex -1.406857e+001 -3.087271e+001  7.092924e+001
      vertex -1.392589e+001 -3.096315e+001  7.300000e+001
    endloop
  endfacet
  facet normal -4.246998e-001 -9.053300e-001  2.789100e-003
    outer loop
      vertex -1.423916e+001 -3.078630e+001  7.300000e+001
      vertex -1.434890e+001 -3.074168e+001  7.077516e+001
      vertex -1.406857e+001 -3.087271e+001  7.092924e+001
    endloop
  endfacet
  facet normal -3.162251e-001 -9.486781e-001 -3.430676e-003
    outer loop
      vertex -1.434890e+001 -3.074168e+001  7.077516e+001
      vertex -1.423916e+001 -3.078630e+001  7.300000e+001
      vertex -1.458045e+001 -3.067254e+001  7.300000e+001
    endloop
  endfacet
  facet normal -2.710077e-001 -9.625757e-001  1.707206e-003
    outer loop
      vertex -1.458045e+001 -3.067254e+001  7.300000e+001
      vertex -1.464148e+001 -3.065960e+001  7.061010e+001
      vertex -1.434890e+001 -3.074168e+001  7.077516e+001
    endloop
  endfacet
  facet normal  2.519830e-001 -9.677278e-001 -2.733185e-003
    outer loop
      vertex -1.564436e+001 -3.073920e+001  7.300000e+001
      vertex -1.552130e+001 -3.069893e+001  7.008663e+001
      vertex -1.529623e+001 -3.064855e+001  7.300000e+001
    endloop
  endfacet
  facet normal  3.511610e-001 -9.363133e-001  1.890356e-003
    outer loop
      vertex -1.579538e+001 -3.080206e+001  6.991498e+001
      vertex -1.552130e+001 -3.069893e+001  7.008663e+001
      vertex -1.564436e+001 -3.073920e+001  7.300000e+001
    endloop
  endfacet
  facet normal  4.321628e-001 -9.017914e-001 -2.778254e-003
    outer loop
      vertex -1.596878e+001 -3.089467e+001  7.300000e+001
      vertex -1.579538e+001 -3.080206e+001  6.991498e+001
      vertex -1.564436e+001 -3.073920e+001  7.300000e+001
    endloop
  endfacet
  facet normal  4.936664e-001 -8.696498e-001  1.643535e-003
    outer loop
      vertex -1.596878e+001 -3.089467e+001  7.300000e+001
      vertex -1.605308e+001 -3.094867e+001  6.974972e+001
      vertex -1.579538e+001 -3.080206e+001  6.991498e+001
    endloop
  endfacet
  facet normal  5.964357e-001 -8.026580e-001 -2.134883e-003
    outer loop
      vertex -1.605308e+001 -3.094867e+001  6.974972e+001
      vertex -1.596878e+001 -3.089467e+001  7.300000e+001
      vertex -1.625754e+001 -3.110924e+001  7.300000e+001
    endloop
  endfacet
  facet normal -9.675847e-001 -2.525396e-001  1.858189e-003
    outer loop
      vertex -1.323254e+001 -3.187415e+001  7.136570e+001
      vertex -1.315227e+001 -3.218138e+001  7.140583e+001
      vertex -1.315951e+001 -3.214191e+001  7.300000e+001
    endloop
  endfacet
  facet normal -9.963452e-001 -8.538393e-002 -2.410689e-003
    outer loop
      vertex -1.315951e+001 -3.214191e+001  7.300000e+001
      vertex -1.315227e+001 -3.218138e+001  7.140583e+001
      vertex -1.312500e+001 -3.250000e+001  7.141940e+001
    endloop
  endfacet
  facet normal -9.953877e-001 -9.593242e-002  0.000000e+000
    outer loop
      vertex -1.315951e+001 -3.214191e+001  7.300000e+001
      vertex -1.312500e+001 -3.250000e+001  7.141940e+001
      vertex -1.312500e+001 -3.250000e+001  7.300000e+001
    endloop
  endfacet
  facet normal  2.018156e-001 -9.794226e-001  1.344823e-003
    outer loop
      vertex -1.552130e+001 -3.069893e+001  7.008663e+001
      vertex -1.523616e+001 -3.063993e+001  7.026083e+001
      vertex -1.529623e+001 -3.064855e+001  7.300000e+001
    endloop
  endfacet
  facet normal  4.817243e-002 -9.988368e-001 -2.085311e-003
    outer loop
      vertex -1.529623e+001 -3.064855e+001  7.300000e+001
      vertex -1.523616e+001 -3.063993e+001  7.026083e+001
      vertex -1.493930e+001 -3.062598e+001  7.043752e+001
    endloop
  endfacet
  facet normal  6.253061e-002 -9.980431e-001 -7.836091e-005
    outer loop
      vertex -1.529623e+001 -3.064855e+001  7.300000e+001
      vertex -1.493930e+001 -3.062598e+001  7.043752e+001
      vertex -1.493718e+001 -3.062605e+001  7.300000e+001
    endloop
  endfacet
  facet normal -1.121968e-001 -9.936860e-001  6.598822e-005
    outer loop
      vertex -1.493718e+001 -3.062605e+001  7.300000e+001
      vertex -1.493930e+001 -3.062598e+001  7.043752e+001
      vertex -1.464148e+001 -3.065960e+001  7.061010e+001
    endloop
  endfacet
  facet normal -1.292286e-001 -9.916126e-001 -2.070465e-003
    outer loop
      vertex -1.493718e+001 -3.062605e+001  7.300000e+001
      vertex -1.464148e+001 -3.065960e+001  7.061010e+001
      vertex -1.458045e+001 -3.067254e+001  7.300000e+001
    endloop
  endfacet
  facet normal  6.261290e-001 -7.797189e-001  8.661636e-004
    outer loop
      vertex -1.605308e+001 -3.094867e+001  6.974972e+001
      vertex -1.625754e+001 -3.110924e+001  7.300000e+001
      vertex -1.628856e+001 -3.113793e+001  6.959538e+001
    endloop
  endfacet
  facet normal  7.387511e-001 -6.739777e-001 -1.051241e-003
    outer loop
      vertex -1.628856e+001 -3.113793e+001  6.959538e+001
      vertex -1.625754e+001 -3.110924e+001  7.300000e+001
      vertex -1.650000e+001 -3.137500e+001  7.300000e+001
    endloop
  endfacet
  facet normal  7.403492e-001 -6.722219e-001 -8.297293e-004
    outer loop
      vertex -1.628856e+001 -3.113793e+001  6.959538e+001
      vertex -1.650000e+001 -3.137500e+001  7.300000e+001
      vertex -1.647889e+001 -3.134739e+001  6.946827e+001
    endloop
  endfacet
  facet normal  8.342419e-001 -5.513981e-001  6.757974e-004
    outer loop
      vertex -1.647889e+001 -3.134739e+001  6.946827e+001
      vertex -1.650000e+001 -3.137500e+001  7.300000e+001
      vertex -1.662329e+001 -3.156163e+001  7.292698e+001
    endloop
  endfacet
  facet normal  8.338662e-001 -5.519662e-001  6.249332e-004
    outer loop
      vertex -1.647889e+001 -3.134739e+001  6.946827e+001
      vertex -1.662329e+001 -3.156163e+001  7.292698e+001
      vertex -1.663920e+001 -3.158969e+001  6.935954e+001
    endloop
  endfacet
  facet normal  9.021664e-001 -4.313877e-001 -6.281266e-004
    outer loop
      vertex -1.663920e+001 -3.158969e+001  6.935954e+001
      vertex -1.662329e+001 -3.156163e+001  7.292698e+001
      vertex -1.674930e+001 -3.182504e+001  7.285159e+001
    endloop
  endfacet
  facet normal  9.081677e-001 -4.186064e-001  4.225053e-004
    outer loop
      vertex -1.663920e+001 -3.158969e+001  6.935954e+001
      vertex -1.674930e+001 -3.182504e+001  7.285159e+001
      vertex -1.675701e+001 -3.184538e+001  6.927864e+001
    endloop
  endfacet
  facet normal  9.585755e-001 -2.848383e-001 -4.476572e-004
    outer loop
      vertex -1.675701e+001 -3.184538e+001  6.927864e+001
      vertex -1.674930e+001 -3.182504e+001  7.285159e+001
      vertex -1.683397e+001 -3.210989e+001  7.280049e+001
    endloop
  endfacet
  facet normal  9.610788e-001 -2.762741e-001  2.502816e-004
    outer loop
      vertex -1.675701e+001 -3.184538e+001  6.927864e+001
      vertex -1.683397e+001 -3.210989e+001  7.280049e+001
      vertex -1.683647e+001 -3.212183e+001  6.922361e+001
    endloop
  endfacet
  facet normal  9.876568e-001 -1.566334e-001 -1.674021e-004
    outer loop
      vertex -1.683647e+001 -3.212183e+001  6.922361e+001
      vertex -1.683397e+001 -3.210989e+001  7.280049e+001
      vertex -1.686467e+001 -3.230348e+001  7.278188e+001
    endloop
  endfacet
  facet normal  9.884041e-001 -1.518461e-001  8.292087e-005
    outer loop
      vertex -1.683647e+001 -3.212183e+001  6.922361e+001
      vertex -1.686467e+001 -3.230348e+001  7.278188e+001
      vertex -1.686529e+001 -3.230947e+001  6.920355e+001
    endloop
  endfacet
  facet normal  9.986225e-001 -5.247167e-002 -8.517329e-005
    outer loop
      vertex -1.686529e+001 -3.230947e+001  6.920355e+001
      vertex -1.686467e+001 -3.230348e+001  7.278188e+001
      vertex -1.687500e+001 -3.250000e+001  7.277560e+001
    endloop
  endfacet
  facet normal  9.987048e-001 -5.087904e-002  0.000000e+000
    outer loop
      vertex -1.686529e+001 -3.230947e+001  6.920355e+001
      vertex -1.687500e+001 -3.250000e+001  7.277560e+001
      vertex -1.687500e+001 -3.250000e+001  6.919678e+001
    endloop
  endfacet
  facet normal -5.964341e-001 -8.026593e-001 -2.134819e-003
    outer loop
      vertex  1.596878e+001  1.410533e+001  7.300000e+001
      vertex  1.605308e+001  1.405133e+001  6.974972e+001
      vertex  1.625754e+001  1.389076e+001  7.300000e+001
    endloop
  endfacet
  facet normal -4.936713e-001 -8.696470e-001  1.643360e-003
    outer loop
      vertex  1.579538e+001  1.419794e+001  6.991498e+001
      vertex  1.605308e+001  1.405133e+001  6.974972e+001
      vertex  1.596878e+001  1.410533e+001  7.300000e+001
    endloop
  endfacet
  facet normal -4.321649e-001 -9.017903e-001 -2.778659e-003
    outer loop
      vertex  1.564436e+001  1.426080e+001  7.300000e+001
      vertex  1.579538e+001  1.419794e+001  6.991498e+001
      vertex  1.596878e+001  1.410533e+001  7.300000e+001
    endloop
  endfacet
  facet normal -3.511582e-001 -9.363142e-001  1.890224e-003
    outer loop
      vertex  1.564436e+001  1.426080e+001  7.300000e+001
      vertex  1.552130e+001  1.430107e+001  7.008663e+001
      vertex  1.579538e+001  1.419794e+001  6.991498e+001
    endloop
  endfacet
  facet normal -2.519830e-001 -9.677278e-001 -2.733185e-003
    outer loop
      vertex  1.552130e+001  1.430107e+001  7.008663e+001
      vertex  1.564436e+001  1.426080e+001  7.300000e+001
      vertex  1.529623e+001  1.435145e+001  7.300000e+001
    endloop
  endfacet
  facet normal -2.018188e-001 -9.794219e-001  1.344557e-003
    outer loop
      vertex  1.529623e+001  1.435145e+001  7.300000e+001
      vertex  1.523616e+001  1.436007e+001  7.026083e+001
      vertex  1.552130e+001  1.430107e+001  7.008663e+001
    endloop
  endfacet
  facet normal  3.162275e-001 -9.486771e-001 -3.430950e-003
    outer loop
      vertex  1.423916e+001  1.421370e+001  7.300000e+001
      vertex  1.434890e+001  1.425832e+001  7.077516e+001
      vertex  1.458045e+001  1.432746e+001  7.300000e+001
    endloop
  endfacet
  facet normal  4.247047e-001 -9.053276e-001  2.789007e-003
    outer loop
      vertex  1.406857e+001  1.412729e+001  7.092924e+001
      vertex  1.434890e+001  1.425832e+001  7.077516e+001
      vertex  1.423916e+001  1.421370e+001  7.300000e+001
    endloop
  endfacet
  facet normal  4.915814e-001 -8.708216e-001 -4.160116e-003
    outer loop
      vertex  1.392589e+001  1.403685e+001  7.300000e+001
      vertex  1.406857e+001  1.412729e+001  7.092924e+001
      vertex  1.423916e+001  1.421370e+001  7.300000e+001
    endloop
  endfacet
  facet normal  5.727402e-001 -8.197289e-001  3.663715e-003
    outer loop
      vertex  1.392589e+001  1.403685e+001  7.300000e+001
      vertex  1.379697e+001  1.393817e+001  7.107477e+001
      vertex  1.406857e+001  1.412729e+001  7.092924e+001
    endloop
  endfacet
  facet normal  6.488435e-001 -7.609088e-001 -4.446838e-003
    outer loop
      vertex  1.379697e+001  1.393817e+001  7.107477e+001
      vertex  1.392589e+001  1.403685e+001  7.300000e+001
      vertex  1.365215e+001  1.380343e+001  7.300000e+001
    endloop
  endfacet
  facet normal  7.093927e-001 -7.048019e-001  4.034929e-003
    outer loop
      vertex  1.365215e+001  1.380343e+001  7.300000e+001
      vertex  1.355760e+001  1.369796e+001  7.120003e+001
      vertex  1.379697e+001  1.393817e+001  7.107477e+001
    endloop
  endfacet
  facet normal  7.822194e-001 -6.229861e-001 -4.584276e-003
    outer loop
      vertex  1.355760e+001  1.369796e+001  7.120003e+001
      vertex  1.365215e+001  1.380343e+001  7.300000e+001
      vertex  1.342803e+001  1.352202e+001  7.300000e+001
    endloop
  endfacet
  facet normal  8.258172e-001 -5.639213e-001  4.327448e-003
    outer loop
      vertex  1.342803e+001  1.352202e+001  7.300000e+001
      vertex  1.336149e+001  1.341154e+001  7.130058e+001
      vertex  1.355760e+001  1.369796e+001  7.120003e+001
    endloop
  endfacet
  facet normal  8.867999e-001 -4.621300e-001 -4.677994e-003
    outer loop
      vertex  1.336149e+001  1.341154e+001  7.130058e+001
      vertex  1.342803e+001  1.352202e+001  7.300000e+001
      vertex  1.326178e+001  1.320299e+001  7.300000e+001
    endloop
  endfacet
  facet normal  9.117104e-001 -4.108222e-001  3.079882e-003
    outer loop
      vertex  1.326178e+001  1.320299e+001  7.300000e+001
      vertex  1.323254e+001  1.312585e+001  7.136570e+001
      vertex  1.336149e+001  1.341154e+001  7.130058e+001
    endloop
  endfacet
  facet normal  9.587384e-001 -2.842654e-001 -3.735203e-003
    outer loop
      vertex  1.323254e+001  1.312585e+001  7.136570e+001
      vertex  1.326178e+001  1.320299e+001  7.300000e+001
      vertex  1.315951e+001  1.285809e+001  7.300000e+001
    endloop
  endfacet
  facet normal -6.261253e-001 -7.797220e-001  8.660053e-004
    outer loop
      vertex  1.605308e+001  1.405133e+001  6.974972e+001
      vertex  1.628856e+001  1.386207e+001  6.959538e+001
      vertex  1.625754e+001  1.389076e+001  7.300000e+001
    endloop
  endfacet
  facet normal -7.404268e-001 -6.721362e-001 -1.082220e-003
    outer loop
      vertex  1.625754e+001  1.389076e+001  7.300000e+001
      vertex  1.628856e+001  1.386207e+001  6.959538e+001
      vertex  1.647889e+001  1.365261e+001  6.946827e+001
    endloop
  endfacet
  facet normal -7.387512e-001 -6.739778e-001 -8.530044e-004
    outer loop
      vertex  1.625754e+001  1.389076e+001  7.300000e+001
      vertex  1.647889e+001  1.365261e+001  6.946827e+001
      vertex  1.650000e+001  1.362500e+001  7.300000e+001
    endloop
  endfacet
  facet normal -8.338582e-001 -5.519783e-001  6.689685e-004
    outer loop
      vertex  1.650000e+001  1.362500e+001  7.300000e+001
      vertex  1.647889e+001  1.365261e+001  6.946827e+001
      vertex  1.663920e+001  1.341031e+001  6.935954e+001
    endloop
  endfacet
  facet normal -8.342522e-001 -5.513827e-001  6.187697e-004
    outer loop
      vertex  1.650000e+001  1.362500e+001  7.300000e+001
      vertex  1.663920e+001  1.341031e+001  6.935954e+001
      vertex  1.662329e+001  1.343837e+001  7.292698e+001
    endloop
  endfacet
  facet normal -9.083089e-001 -4.182993e-001 -7.583622e-004
    outer loop
      vertex  1.662329e+001  1.343837e+001  7.292698e+001
      vertex  1.663920e+001  1.341031e+001  6.935954e+001
      vertex  1.675701e+001  1.315462e+001  6.927864e+001
    endloop
  endfacet
  facet normal -9.020397e-001 -4.316528e-001  5.099881e-004
    outer loop
      vertex  1.662329e+001  1.343837e+001  7.292698e+001
      vertex  1.675701e+001  1.315462e+001  6.927864e+001
      vertex  1.674930e+001  1.317496e+001  7.285159e+001
    endloop
  endfacet
  facet normal -9.611191e-001 -2.761338e-001 -5.026903e-004
    outer loop
      vertex  1.674930e+001  1.317496e+001  7.285159e+001
      vertex  1.675701e+001  1.315462e+001  6.927864e+001
      vertex  1.683647e+001  1.287817e+001  6.922361e+001
    endloop
  endfacet
  facet normal -9.585395e-001 -2.849593e-001  2.812571e-004
    outer loop
      vertex  1.674930e+001  1.317496e+001  7.285159e+001
      vertex  1.683647e+001  1.287817e+001  6.922361e+001
      vertex  1.683397e+001  1.289011e+001  7.280049e+001
    endloop
  endfacet
  facet normal -9.884081e-001 -1.518205e-001 -1.838610e-004
    outer loop
      vertex  1.683397e+001  1.289011e+001  7.280049e+001
      vertex  1.683647e+001  1.287817e+001  6.922361e+001
      vertex  1.686529e+001  1.269053e+001  6.920355e+001
    endloop
  endfacet
  facet normal -9.876533e-001 -1.566562e-001  9.101802e-005
    outer loop
      vertex  1.683397e+001  1.289011e+001  7.280049e+001
      vertex  1.686529e+001  1.269053e+001  6.920355e+001
      vertex  1.686467e+001  1.269652e+001  7.278188e+001
    endloop
  endfacet
  facet normal -9.987050e-001 -5.087567e-002 -8.788596e-005
    outer loop
      vertex  1.686467e+001  1.269652e+001  7.278188e+001
      vertex  1.686529e+001  1.269053e+001  6.920355e+001
      vertex  1.687500e+001  1.250000e+001  6.919678e+001
    endloop
  endfacet
  facet normal -9.986222e-001 -5.247464e-002  0.000000e+000
    outer loop
      vertex  1.686467e+001  1.269652e+001  7.278188e+001
      vertex  1.687500e+001  1.250000e+001  6.919678e+001
      vertex  1.687500e+001  1.250000e+001  7.277560e+001
    endloop
  endfacet
  facet normal  2.710049e-001 -9.625764e-001  1.707516e-003
    outer loop
      vertex  1.434890e+001  1.425832e+001  7.077516e+001
      vertex  1.464148e+001  1.434040e+001  7.061010e+001
      vertex  1.458045e+001  1.432746e+001  7.300000e+001
    endloop
  endfacet
  facet normal  1.106932e-001 -9.938513e-001 -2.555505e-003
    outer loop
      vertex  1.458045e+001  1.432746e+001  7.300000e+001
      vertex  1.464148e+001  1.434040e+001  7.061010e+001
      vertex  1.493930e+001  1.437401e+001  7.043752e+001
    endloop
  endfacet
  facet normal  1.292263e-001 -9.916151e-001  8.047009e-005
    outer loop
      vertex  1.458045e+001  1.432746e+001  7.300000e+001
      vertex  1.493930e+001  1.437401e+001  7.043752e+001
      vertex  1.493718e+001  1.437395e+001  7.300000e+001
    endloop
  endfacet
  facet normal -4.696640e-002 -9.988964e-001 -6.516421e-005
    outer loop
      vertex  1.493718e+001  1.437395e+001  7.300000e+001
      vertex  1.493930e+001  1.437401e+001  7.043752e+001
      vertex  1.523616e+001  1.436007e+001  7.026083e+001
    endloop
  endfacet
  facet normal -6.253053e-002 -9.980416e-001 -1.768314e-003
    outer loop
      vertex  1.493718e+001  1.437395e+001  7.300000e+001
      vertex  1.523616e+001  1.436007e+001  7.026083e+001
      vertex  1.529623e+001  1.435145e+001  7.300000e+001
    endloop
  endfacet
  facet normal  9.675844e-001 -2.525412e-001  1.857775e-003
    outer loop
      vertex  1.323254e+001  1.312585e+001  7.136570e+001
      vertex  1.315951e+001  1.285809e+001  7.300000e+001
      vertex  1.315227e+001  1.281862e+001  7.140583e+001
    endloop
  endfacet
  facet normal  9.953855e-001 -9.593248e-002 -2.145353e-003
    outer loop
      vertex  1.315227e+001  1.281862e+001  7.140583e+001
      vertex  1.315951e+001  1.285809e+001  7.300000e+001
      vertex  1.312500e+001  1.250000e+001  7.300000e+001
    endloop
  endfacet
  facet normal  9.963568e-001 -8.528179e-002  0.000000e+000
    outer loop
      vertex  1.315227e+001  1.281862e+001  7.140583e+001
      vertex  1.312500e+001  1.250000e+001  7.300000e+001
      vertex  1.312500e+001  1.250000e+001  7.141940e+001
    endloop
  endfacet
  facet normal  9.587384e-001  2.842654e-001 -3.735204e-003
    outer loop
      vertex  1.326178e+001  1.179701e+001  7.300000e+001
      vertex  1.323254e+001  1.187415e+001  7.136570e+001
      vertex  1.315951e+001  1.214191e+001  7.300000e+001
    endloop
  endfacet
  facet normal  9.117104e-001  4.108222e-001  3.079882e-003
    outer loop
      vertex  1.336149e+001  1.158846e+001  7.130058e+001
      vertex  1.323254e+001  1.187415e+001  7.136570e+001
      vertex  1.326178e+001  1.179701e+001  7.300000e+001
    endloop
  endfacet
  facet normal  8.867999e-001  4.621300e-001 -4.677994e-003
    outer loop
      vertex  1.342803e+001  1.147798e+001  7.300000e+001
      vertex  1.336149e+001  1.158846e+001  7.130058e+001
      vertex  1.326178e+001  1.179701e+001  7.300000e+001
    endloop
  endfacet
  facet normal  8.258172e-001  5.639213e-001  4.327448e-003
    outer loop
      vertex  1.355760e+001  1.130204e+001  7.120003e+001
      vertex  1.336149e+001  1.158846e+001  7.130058e+001
      vertex  1.342803e+001  1.147798e+001  7.300000e+001
    endloop
  endfacet
  facet normal  7.822194e-001  6.229861e-001 -4.584278e-003
    outer loop
      vertex  1.365215e+001  1.119657e+001  7.300000e+001
      vertex  1.355760e+001  1.130204e+001  7.120003e+001
      vertex  1.342803e+001  1.147798e+001  7.300000e+001
    endloop
  endfacet
  facet normal  7.093927e-001  7.048019e-001  4.034929e-003
    outer loop
      vertex  1.379697e+001  1.106183e+001  7.107477e+001
      vertex  1.355760e+001  1.130204e+001  7.120003e+001
      vertex  1.365215e+001  1.119657e+001  7.300000e+001
    endloop
  endfacet
  facet normal  6.488435e-001  7.609088e-001 -4.446838e-003
    outer loop
      vertex  1.392589e+001  1.096315e+001  7.300000e+001
      vertex  1.379697e+001  1.106183e+001  7.107477e+001
      vertex  1.365215e+001  1.119657e+001  7.300000e+001
    endloop
  endfacet
  facet normal  5.727402e-001  8.197289e-001  3.663715e-003
    outer loop
      vertex  1.406857e+001  1.087271e+001  7.092924e+001
      vertex  1.379697e+001  1.106183e+001  7.107477e+001
      vertex  1.392589e+001  1.096315e+001  7.300000e+001
    endloop
  endfacet
  facet normal  4.915814e-001  8.708216e-001 -4.160116e-003
    outer loop
      vertex  1.423916e+001  1.078630e+001  7.300000e+001
      vertex  1.406857e+001  1.087271e+001  7.092924e+001
      vertex  1.392589e+001  1.096315e+001  7.300000e+001
    endloop
  endfacet
  facet normal  4.247047e-001  9.053276e-001  2.789007e-003
    outer loop
      vertex  1.423916e+001  1.078630e+001  7.300000e+001
      vertex  1.434890e+001  1.074168e+001  7.077516e+001
      vertex  1.406857e+001  1.087271e+001  7.092924e+001
    endloop
  endfacet
  facet normal  3.162275e-001  9.486772e-001 -3.430949e-003
    outer loop
      vertex  1.434890e+001  1.074168e+001  7.077516e+001
      vertex  1.423916e+001  1.078630e+001  7.300000e+001
      vertex  1.458045e+001  1.067254e+001  7.300000e+001
    endloop
  endfacet
  facet normal  2.710049e-001  9.625764e-001  1.707516e-003
    outer loop
      vertex  1.458045e+001  1.067254e+001  7.300000e+001
      vertex  1.464148e+001  1.065960e+001  7.061010e+001
      vertex  1.434890e+001  1.074168e+001  7.077516e+001
    endloop
  endfacet
  facet normal -2.519830e-001  9.677278e-001 -2.733185e-003
    outer loop
      vertex  1.564436e+001  1.073920e+001  7.300000e+001
      vertex  1.552130e+001  1.069893e+001  7.008663e+001
      vertex  1.529623e+001  1.064855e+001  7.300000e+001
    endloop
  endfacet
  facet normal -3.511582e-001  9.363142e-001  1.890224e-003
    outer loop
      vertex  1.579538e+001  1.080206e+001  6.991498e+001
      vertex  1.552130e+001  1.069893e+001  7.008663e+001
      vertex  1.564436e+001  1.073920e+001  7.300000e+001
    endloop
  endfacet
  facet normal -4.321649e-001  9.017903e-001 -2.778659e-003
    outer loop
      vertex  1.596878e+001  1.089467e+001  7.300000e+001
      vertex  1.579538e+001  1.080206e+001  6.991498e+001
      vertex  1.564436e+001  1.073920e+001  7.300000e+001
    endloop
  endfacet
  facet normal -4.936713e-001  8.696470e-001  1.643360e-003
    outer loop
      vertex  1.596878e+001  1.089467e+001  7.300000e+001
      vertex  1.605308e+001  1.094867e+001  6.974972e+001
      vertex  1.579538e+001  1.080206e+001  6.991498e+001
    endloop
  endfacet
  facet normal -5.964341e-001  8.026593e-001 -2.134819e-003
    outer loop
      vertex  1.605308e+001  1.094867e+001  6.974972e+001
      vertex  1.596878e+001  1.089467e+001  7.300000e+001
      vertex  1.625754e+001  1.110924e+001  7.300000e+001
    endloop
  endfacet
  facet normal  9.675843e-001  2.525411e-001  1.857775e-003
    outer loop
      vertex  1.323254e+001  1.187415e+001  7.136570e+001
      vertex  1.315227e+001  1.218138e+001  7.140583e+001
      vertex  1.315951e+001  1.214191e+001  7.300000e+001
    endloop
  endfacet
  facet normal  9.963452e-001  8.538343e-002 -2.410855e-003
    outer loop
      vertex  1.315951e+001  1.214191e+001  7.300000e+001
      vertex  1.315227e+001  1.218138e+001  7.140583e+001
      vertex  1.312500e+001  1.250000e+001  7.141940e+001
    endloop
  endfacet
  facet normal  9.953878e-001  9.593269e-002  -0.000000e+000
    outer loop
      vertex  1.315951e+001  1.214191e+001  7.300000e+001
      vertex  1.312500e+001  1.250000e+001  7.141940e+001
      vertex  1.312500e+001  1.250000e+001  7.300000e+001
    endloop
  endfacet
  facet normal -2.018188e-001  9.794219e-001  1.344557e-003
    outer loop
      vertex  1.552130e+001  1.069893e+001  7.008663e+001
      vertex  1.523616e+001  1.063993e+001  7.026083e+001
      vertex  1.529623e+001  1.064855e+001  7.300000e+001
    endloop
  endfacet
  facet normal -4.816631e-002  9.988371e-001 -2.085794e-003
    outer loop
      vertex  1.529623e+001  1.064855e+001  7.300000e+001
      vertex  1.523616e+001  1.063993e+001  7.026083e+001
      vertex  1.493930e+001  1.062599e+001  7.043752e+001
    endloop
  endfacet
  facet normal -6.253061e-002  9.980431e-001 -7.798948e-005
    outer loop
      vertex  1.529623e+001  1.064855e+001  7.300000e+001
      vertex  1.493930e+001  1.062599e+001  7.043752e+001
      vertex  1.493718e+001  1.062605e+001  7.300000e+001
    endloop
  endfacet
  facet normal  1.121939e-001  9.936863e-001  6.635561e-005
    outer loop
      vertex  1.493718e+001  1.062605e+001  7.300000e+001
      vertex  1.493930e+001  1.062599e+001  7.043752e+001
      vertex  1.464148e+001  1.065960e+001  7.061010e+001
    endloop
  endfacet
  facet normal  1.292260e-001  9.916129e-001 -2.070137e-003
    outer loop
      vertex  1.493718e+001  1.062605e+001  7.300000e+001
      vertex  1.464148e+001  1.065960e+001  7.061010e+001
      vertex  1.458045e+001  1.067254e+001  7.300000e+001
    endloop
  endfacet
  facet normal -6.261253e-001  7.797220e-001  8.660053e-004
    outer loop
      vertex  1.605308e+001  1.094867e+001  6.974972e+001
      vertex  1.625754e+001  1.110924e+001  7.300000e+001
      vertex  1.628856e+001  1.113793e+001  6.959538e+001
    endloop
  endfacet
  facet normal -7.387510e-001  6.739776e-001 -1.051429e-003
    outer loop
      vertex  1.628856e+001  1.113793e+001  6.959538e+001
      vertex  1.625754e+001  1.110924e+001  7.300000e+001
      vertex  1.650000e+001  1.137500e+001  7.300000e+001
    endloop
  endfacet
  facet normal -7.403507e-001  6.722202e-001 -8.297072e-004
    outer loop
      vertex  1.628856e+001  1.113793e+001  6.959538e+001
      vertex  1.650000e+001  1.137500e+001  7.300000e+001
      vertex  1.647889e+001  1.134739e+001  6.946827e+001
    endloop
  endfacet
  facet normal -8.342419e-001  5.513981e-001  6.757974e-004
    outer loop
      vertex  1.647889e+001  1.134739e+001  6.946827e+001
      vertex  1.650000e+001  1.137500e+001  7.300000e+001
      vertex  1.662329e+001  1.156163e+001  7.292698e+001
    endloop
  endfacet
  facet normal -8.338673e-001  5.519647e-001  6.250649e-004
    outer loop
      vertex  1.647889e+001  1.134739e+001  6.946827e+001
      vertex  1.662329e+001  1.156163e+001  7.292698e+001
      vertex  1.663920e+001  1.158969e+001  6.935954e+001
    endloop
  endfacet
  facet normal -9.021664e-001  4.313877e-001 -6.280110e-004
    outer loop
      vertex  1.663920e+001  1.158969e+001  6.935954e+001
      vertex  1.662329e+001  1.156163e+001  7.292698e+001
      vertex  1.674930e+001  1.182504e+001  7.285159e+001
    endloop
  endfacet
  facet normal -9.081671e-001  4.186076e-001  4.225140e-004
    outer loop
      vertex  1.663920e+001  1.158969e+001  6.935954e+001
      vertex  1.674930e+001  1.182504e+001  7.285159e+001
      vertex  1.675701e+001  1.184538e+001  6.927864e+001
    endloop
  endfacet
  facet normal -9.585752e-001  2.848392e-001 -4.476518e-004
    outer loop
      vertex  1.675701e+001  1.184538e+001  6.927864e+001
      vertex  1.674930e+001  1.182504e+001  7.285159e+001
      vertex  1.683397e+001  1.210989e+001  7.280049e+001
    endloop
  endfacet
  facet normal -9.610794e-001  2.762724e-001  2.504965e-004
    outer loop
      vertex  1.675701e+001  1.184538e+001  6.927864e+001
      vertex  1.683397e+001  1.210989e+001  7.280049e+001
      vertex  1.683647e+001  1.212183e+001  6.922361e+001
    endloop
  endfacet
  facet normal -9.876570e-001  1.566319e-001 -1.672819e-004
    outer loop
      vertex  1.683647e+001  1.212183e+001  6.922361e+001
      vertex  1.683397e+001  1.210989e+001  7.280049e+001
      vertex  1.686467e+001  1.230348e+001  7.278188e+001
    endloop
  endfacet
  facet normal -9.884037e-001  1.518484e-001  8.284377e-005
    outer loop
      vertex  1.683647e+001  1.212183e+001  6.922361e+001
      vertex  1.686467e+001  1.230348e+001  7.278188e+001
      vertex  1.686529e+001  1.230947e+001  6.920355e+001
    endloop
  endfacet
  facet normal -9.986224e-001  5.247193e-002 -8.520084e-005
    outer loop
      vertex  1.686529e+001  1.230947e+001  6.920355e+001
      vertex  1.686467e+001  1.230348e+001  7.278188e+001
      vertex  1.687500e+001  1.250000e+001  7.277560e+001
    endloop
  endfacet
  facet normal -9.987049e-001  5.087878e-002  0.000000e+000
    outer loop
      vertex  1.686529e+001  1.230947e+001  6.920355e+001
      vertex  1.687500e+001  1.250000e+001  7.277560e+001
      vertex  1.687500e+001  1.250000e+001  6.919678e+001
    endloop
  endfacet
  facet normal -9.709322e-001  2.393133e-001  4.463325e-003
    outer loop
      vertex -1.215439e+001  1.155000e+001  7.300000e+001
      vertex -1.208346e+001  1.179729e+001  7.517018e+001
      vertex -1.203885e+001  1.201877e+001  7.300000e+001
    endloop
  endfacet
  facet normal -9.566712e-001  2.911641e-001 -1.911296e-003
    outer loop
      vertex -1.215439e+001  1.155000e+001  7.300000e+001
      vertex -1.218603e+001  1.146002e+001  7.512890e+001
      vertex -1.208346e+001  1.179729e+001  7.517018e+001
    endloop
  endfacet
  facet normal -9.199757e-001  3.919648e-001  2.894553e-003
    outer loop
      vertex -1.218603e+001  1.146002e+001  7.512890e+001
      vertex -1.215439e+001  1.155000e+001  7.300000e+001
      vertex -1.234363e+001  1.110583e+001  7.300000e+001
    endloop
  endfacet
  facet normal -9.125029e-001  4.090699e-001 -5.044306e-004
    outer loop
      vertex -1.234363e+001  1.110583e+001  7.300000e+001
      vertex -1.235115e+001  1.109160e+001  7.506158e+001
      vertex -1.218603e+001  1.146002e+001  7.512890e+001
    endloop
  endfacet
  facet normal -7.485031e-001  6.631157e-001  4.535571e-003
    outer loop
      vertex -1.292183e+001  1.033639e+001  7.300000e+001
      vertex -1.281296e+001  1.044651e+001  7.486768e+001
      vertex -1.260167e+001  1.069777e+001  7.300000e+001
    endloop
  endfacet
  facet normal -6.821849e-001  7.311721e-001 -3.342811e-003
    outer loop
      vertex -1.309795e+001  1.018004e+001  7.474380e+001
      vertex -1.281296e+001  1.044651e+001  7.486768e+001
      vertex -1.292183e+001  1.033639e+001  7.300000e+001
    endloop
  endfacet
  facet normal -6.324350e-001  7.745934e-001  5.575300e-003
    outer loop
      vertex -1.329581e+001  1.003105e+001  7.300000e+001
      vertex -1.309795e+001  1.018004e+001  7.474380e+001
      vertex -1.292183e+001  1.033639e+001  7.300000e+001
    endloop
  endfacet
  facet normal -5.786658e-001  8.155548e-001 -4.025120e-003
    outer loop
      vertex -1.329581e+001  1.003105e+001  7.300000e+001
      vertex -1.343092e+001  9.943050e+000  7.459494e+001
      vertex -1.309795e+001  1.018004e+001  7.474380e+001
    endloop
  endfacet
  facet normal -4.999927e-001  8.660126e-001  5.423659e-003
    outer loop
      vertex -1.343092e+001  9.943050e+000  7.459494e+001
      vertex -1.329581e+001  1.003105e+001  7.300000e+001
      vertex -1.371392e+001  9.789649e+000  7.300000e+001
    endloop
  endfacet
  facet normal -4.635556e-001  8.860628e-001 -2.970028e-003
    outer loop
      vertex -1.371392e+001  9.789649e+000  7.300000e+001
      vertex -1.378755e+001  9.755924e+000  7.443049e+001
      vertex -1.343092e+001  9.943050e+000  7.459494e+001
    endloop
  endfacet
  facet normal -4.026503e-002  9.991535e-001  8.422508e-003
    outer loop
      vertex -1.512080e+001  9.502433e+000  7.300000e+001
      vertex -1.500785e+001  9.500010e+000  7.382732e+001
      vertex -1.463839e+001  9.521873e+000  7.300000e+001
    endloop
  endfacet
  facet normal  8.411841e-002  9.964190e-001 -8.566521e-003
    outer loop
      vertex -1.546835e+001  9.536784e+000  7.358286e+001
      vertex -1.500785e+001  9.500010e+000  7.382732e+001
      vertex -1.512080e+001  9.502433e+000  7.300000e+001
    endloop
  endfacet
  facet normal  1.205262e-001  9.926202e-001  1.336656e-002
    outer loop
      vertex -1.560008e+001  9.560628e+000  7.300000e+001
      vertex -1.546835e+001  9.536784e+000  7.358286e+001
      vertex -1.512080e+001  9.502433e+000  7.300000e+001
    endloop
  endfacet
  facet normal  2.388863e-001  9.709427e-001 -1.427022e-002
    outer loop
      vertex -1.591639e+001  9.643387e+000  7.333582e+001
      vertex -1.546835e+001  9.536784e+000  7.358286e+001
      vertex -1.560008e+001  9.560628e+000  7.300000e+001
    endloop
  endfacet
  facet normal  2.781280e-001  9.602098e-001  2.533617e-002
    outer loop
      vertex -1.606381e+001  9.694951e+000  7.300000e+001
      vertex -1.591639e+001  9.643387e+000  7.333582e+001
      vertex -1.560008e+001  9.560628e+000  7.300000e+001
    endloop
  endfacet
  facet normal  3.638827e-001  9.312942e-001 -1.675053e-002
    outer loop
      vertex -1.621435e+001  9.756763e+000  7.316637e+001
      vertex -1.591639e+001  9.643387e+000  7.333582e+001
      vertex -1.606381e+001  9.694951e+000  7.300000e+001
    endloop
  endfacet
  facet normal  4.281095e-001  9.022201e-001  5.216521e-002
    outer loop
      vertex -1.621435e+001  9.756763e+000  7.316637e+001
      vertex -1.606381e+001  9.694951e+000  7.300000e+001
      vertex -1.650000e+001  9.901924e+000  7.300000e+001
    endloop
  endfacet
  facet normal -9.842777e-001  1.766136e-001 -2.209698e-003
    outer loop
      vertex -1.208346e+001  1.179729e+001  7.517018e+001
      vertex -1.202098e+001  1.214579e+001  7.519513e+001
      vertex -1.203885e+001  1.201877e+001  7.300000e+001
    endloop
  endfacet
  facet normal -9.982452e-001  5.902848e-002  4.708114e-003
    outer loop
      vertex -1.203885e+001  1.201877e+001  7.300000e+001
      vertex -1.202098e+001  1.214579e+001  7.519513e+001
      vertex -1.200000e+001  1.250000e+001  7.520348e+001
    endloop
  endfacet
  facet normal -9.967574e-001  8.046593e-002  0.000000e+000
    outer loop
      vertex -1.203885e+001  1.201877e+001  7.300000e+001
      vertex -1.200000e+001  1.250000e+001  7.520348e+001
      vertex -1.200000e+001  1.250000e+001  7.300000e+001
    endloop
  endfacet
  facet normal -7.722043e-001  6.353716e-001 -1.878164e-003
    outer loop
      vertex -1.281296e+001  1.044651e+001  7.486768e+001
      vertex -1.256198e+001  1.075185e+001  7.497410e+001
      vertex -1.260167e+001  1.069777e+001  7.300000e+001
    endloop
  endfacet
  facet normal -8.500020e-001  5.267726e-001  2.661262e-003
    outer loop
      vertex -1.260167e+001  1.069777e+001  7.300000e+001
      vertex -1.256198e+001  1.075185e+001  7.497410e+001
      vertex -1.235115e+001  1.109160e+001  7.506158e+001
    endloop
  endfacet
  facet normal -8.451893e-001  5.344667e-001  6.066007e-004
    outer loop
      vertex -1.260167e+001  1.069777e+001  7.300000e+001
      vertex -1.235115e+001  1.109160e+001  7.506158e+001
      vertex -1.234363e+001  1.110583e+001  7.300000e+001
    endloop
  endfacet
  facet normal -7.205529e-002  9.973837e-001 -5.821120e-003
    outer loop
      vertex -1.500785e+001  9.500010e+000  7.382732e+001
      vertex -1.454344e+001  9.534945e+000  7.406438e+001
      vertex -1.463839e+001  9.521873e+000  7.300000e+001
    endloop
  endfacet
  facet normal -2.200376e-001  9.754615e-001  7.649585e-003
    outer loop
      vertex -1.463839e+001  9.521873e+000  7.300000e+001
      vertex -1.454344e+001  9.534945e+000  7.406438e+001
      vertex -1.416062e+001  9.619821e+000  7.425281e+001
    endloop
  endfacet
  facet normal -2.000253e-001  9.797907e-001 -3.207311e-004
    outer loop
      vertex -1.463839e+001  9.521873e+000  7.300000e+001
      vertex -1.416062e+001  9.619821e+000  7.425281e+001
      vertex -1.416535e+001  9.618445e+000  7.300000e+001
    endloop
  endfacet
  facet normal -3.428360e-001  9.393953e-001  2.624949e-004
    outer loop
      vertex -1.416535e+001  9.618445e+000  7.300000e+001
      vertex -1.416062e+001  9.619821e+000  7.425281e+001
      vertex -1.378755e+001  9.755924e+000  7.443049e+001
    endloop
  endfacet
  facet normal -3.546032e-001  9.350092e-001  3.791787e-003
    outer loop
      vertex -1.416535e+001  9.618445e+000  7.300000e+001
      vertex -1.378755e+001  9.755924e+000  7.443049e+001
      vertex -1.371392e+001  9.789649e+000  7.300000e+001
    endloop
  endfacet
  facet normal  4.281095e-001 -9.022201e-001  5.216521e-002
    outer loop
      vertex -1.606381e+001  1.530505e+001  7.300000e+001
      vertex -1.621435e+001  1.524324e+001  7.316637e+001
      vertex -1.650000e+001  1.509808e+001  7.300000e+001
    endloop
  endfacet
  facet normal  3.638827e-001 -9.312942e-001 -1.675053e-002
    outer loop
      vertex -1.606381e+001  1.530505e+001  7.300000e+001
      vertex -1.591639e+001  1.535661e+001  7.333582e+001
      vertex -1.621435e+001  1.524324e+001  7.316637e+001
    endloop
  endfacet
  facet normal  2.781280e-001 -9.602098e-001  2.533617e-002
    outer loop
      vertex -1.591639e+001  1.535661e+001  7.333582e+001
      vertex -1.606381e+001  1.530505e+001  7.300000e+001
      vertex -1.560008e+001  1.543937e+001  7.300000e+001
    endloop
  endfacet
  facet normal  2.388863e-001 -9.709427e-001 -1.427022e-002
    outer loop
      vertex -1.560008e+001  1.543937e+001  7.300000e+001
      vertex -1.546835e+001  1.546322e+001  7.358286e+001
      vertex -1.591639e+001  1.535661e+001  7.333582e+001
    endloop
  endfacet
  facet normal  1.205262e-001 -9.926202e-001  1.336656e-002
    outer loop
      vertex -1.546835e+001  1.546322e+001  7.358286e+001
      vertex -1.560008e+001  1.543937e+001  7.300000e+001
      vertex -1.512080e+001  1.549757e+001  7.300000e+001
    endloop
  endfacet
  facet normal  8.411841e-002 -9.964190e-001 -8.566521e-003
    outer loop
      vertex -1.512080e+001  1.549757e+001  7.300000e+001
      vertex -1.500785e+001  1.549999e+001  7.382732e+001
      vertex -1.546835e+001  1.546322e+001  7.358286e+001
    endloop
  endfacet
  facet normal -4.026503e-002 -9.991535e-001  8.422507e-003
    outer loop
      vertex -1.500785e+001  1.549999e+001  7.382732e+001
      vertex -1.512080e+001  1.549757e+001  7.300000e+001
      vertex -1.463839e+001  1.547813e+001  7.300000e+001
    endloop
  endfacet
  facet normal -7.205529e-002 -9.973837e-001 -5.821120e-003
    outer loop
      vertex -1.463839e+001  1.547813e+001  7.300000e+001
      vertex -1.454344e+001  1.546505e+001  7.406438e+001
      vertex -1.500785e+001  1.549999e+001  7.382732e+001
    endloop
  endfacet
  facet normal -4.999927e-001 -8.660126e-001  5.423659e-003
    outer loop
      vertex -1.329581e+001  1.496895e+001  7.300000e+001
      vertex -1.343092e+001  1.505695e+001  7.459494e+001
      vertex -1.371392e+001  1.521035e+001  7.300000e+001
    endloop
  endfacet
  facet normal -5.786658e-001 -8.155548e-001 -4.025120e-003
    outer loop
      vertex -1.309795e+001  1.481996e+001  7.474380e+001
      vertex -1.343092e+001  1.505695e+001  7.459494e+001
      vertex -1.329581e+001  1.496895e+001  7.300000e+001
    endloop
  endfacet
  facet normal -6.324350e-001 -7.745934e-001  5.575300e-003
    outer loop
      vertex -1.292183e+001  1.466361e+001  7.300000e+001
      vertex -1.309795e+001  1.481996e+001  7.474380e+001
      vertex -1.329581e+001  1.496895e+001  7.300000e+001
    endloop
  endfacet
  facet normal -6.821849e-001 -7.311721e-001 -3.342811e-003
    outer loop
      vertex -1.292183e+001  1.466361e+001  7.300000e+001
      vertex -1.281296e+001  1.455349e+001  7.486768e+001
      vertex -1.309795e+001  1.481996e+001  7.474380e+001
    endloop
  endfacet
  facet normal -7.485031e-001 -6.631157e-001  4.535572e-003
    outer loop
      vertex -1.281296e+001  1.455349e+001  7.486768e+001
      vertex -1.292183e+001  1.466361e+001  7.300000e+001
      vertex -1.260167e+001  1.430223e+001  7.300000e+001
    endloop
  endfacet
  facet normal -7.722043e-001 -6.353716e-001 -1.878164e-003
    outer loop
      vertex -1.260167e+001  1.430223e+001  7.300000e+001
      vertex -1.256198e+001  1.424815e+001  7.497410e+001
      vertex -1.281296e+001  1.455349e+001  7.486768e+001
    endloop
  endfacet
  facet normal -9.199757e-001 -3.919648e-001  2.894553e-003
    outer loop
      vertex -1.215439e+001  1.345000e+001  7.300000e+001
      vertex -1.218603e+001  1.353998e+001  7.512890e+001
      vertex -1.234363e+001  1.389417e+001  7.300000e+001
    endloop
  endfacet
  facet normal -9.566712e-001 -2.911641e-001 -1.911296e-003
    outer loop
      vertex -1.208346e+001  1.320271e+001  7.517018e+001
      vertex -1.218603e+001  1.353998e+001  7.512890e+001
      vertex -1.215439e+001  1.345000e+001  7.300000e+001
    endloop
  endfacet
  facet normal -9.709322e-001 -2.393133e-001  4.463325e-003
    outer loop
      vertex -1.203885e+001  1.298123e+001  7.300000e+001
      vertex -1.208346e+001  1.320271e+001  7.517018e+001
      vertex -1.215439e+001  1.345000e+001  7.300000e+001
    endloop
  endfacet
  facet normal -4.635556e-001 -8.860628e-001 -2.970028e-003
    outer loop
      vertex -1.343092e+001  1.505695e+001  7.459494e+001
      vertex -1.378755e+001  1.524408e+001  7.443049e+001
      vertex -1.371392e+001  1.521035e+001  7.300000e+001
    endloop
  endfacet
  facet normal -3.445696e-001 -9.387505e-001  4.396427e-003
    outer loop
      vertex -1.371392e+001  1.521035e+001  7.300000e+001
      vertex -1.378755e+001  1.524408e+001  7.443049e+001
      vertex -1.416062e+001  1.538018e+001  7.425281e+001
    endloop
  endfacet
  facet normal -3.546057e-001 -9.350159e-001  3.117143e-004
    outer loop
      vertex -1.371392e+001  1.521035e+001  7.300000e+001
      vertex -1.416062e+001  1.538018e+001  7.425281e+001
      vertex -1.416535e+001  1.538155e+001  7.300000e+001
    endloop
  endfacet
  facet normal -2.163368e-001 -9.763187e-001 -2.553698e-004
    outer loop
      vertex -1.416535e+001  1.538155e+001  7.300000e+001
      vertex -1.416062e+001  1.538018e+001  7.425281e+001
      vertex -1.454344e+001  1.546505e+001  7.406438e+001
    endloop
  endfacet
  facet normal -2.000219e-001 -9.797742e-001  5.811028e-003
    outer loop
      vertex -1.416535e+001  1.538155e+001  7.300000e+001
      vertex -1.454344e+001  1.546505e+001  7.406438e+001
      vertex -1.463839e+001  1.547813e+001  7.300000e+001
    endloop
  endfacet
  facet normal -9.125029e-001 -4.090699e-001 -5.044306e-004
    outer loop
      vertex -1.218603e+001  1.353998e+001  7.512890e+001
      vertex -1.235115e+001  1.390840e+001  7.506158e+001
      vertex -1.234363e+001  1.389417e+001  7.300000e+001
    endloop
  endfacet
  facet normal -8.497604e-001 -5.271689e-001  5.395580e-004
    outer loop
      vertex -1.234363e+001  1.389417e+001  7.300000e+001
      vertex -1.235115e+001  1.390840e+001  7.506158e+001
      vertex -1.256198e+001  1.424815e+001  7.497410e+001
    endloop
  endfacet
  facet normal -8.451871e-001 -5.344654e-001  2.353701e-003
    outer loop
      vertex -1.234363e+001  1.389417e+001  7.300000e+001
      vertex -1.256198e+001  1.424815e+001  7.497410e+001
      vertex -1.260167e+001  1.430223e+001  7.300000e+001
    endloop
  endfacet
  facet normal -9.842777e-001 -1.766135e-001 -2.209699e-003
    outer loop
      vertex -1.208346e+001  1.320271e+001  7.517018e+001
      vertex -1.203885e+001  1.298123e+001  7.300000e+001
      vertex -1.202098e+001  1.285421e+001  7.519513e+001
    endloop
  endfacet
  facet normal -9.967514e-001 -8.046544e-002  3.455492e-003
    outer loop
      vertex -1.202098e+001  1.285421e+001  7.519513e+001
      vertex -1.203885e+001  1.298123e+001  7.300000e+001
      vertex -1.200000e+001  1.250000e+001  7.300000e+001
    endloop
  endfacet
  facet normal -9.982498e-001 -5.913969e-002  0.000000e+000
    outer loop
      vertex -1.202098e+001  1.285421e+001  7.519513e+001
      vertex -1.200000e+001  1.250000e+001  7.300000e+001
      vertex -1.200000e+001  1.250000e+001  7.520348e+001
    endloop
  endfacet
  facet normal  0.000000e+000  -0.000000e+000  1.000000e+000
    outer loop
      vertex -1.392589e+001  1.403685e+001  7.300000e+001
      vertex -1.365215e+001  1.380343e+001  7.300000e+001
      vertex -1.234363e+001  1.389417e+001  7.300000e+001
    endloop
  endfacet
  facet normal  0.000000e+000  0.000000e+000  1.000000e+000
    outer loop
      vertex -1.650000e+001  1.509808e+001  7.300000e+001
      vertex -1.650000e+001  1.362500e+001  7.300000e+001
      vertex -1.625754e+001  1.389076e+001  7.300000e+001
    endloop
  endfacet
  facet normal  0.000000e+000  -0.000000e+000  1.000000e+000
    outer loop
      vertex -1.650000e+001  1.509808e+001  7.300000e+001
      vertex -1.625754e+001  1.389076e+001  7.300000e+001
      vertex -1.596878e+001  1.410533e+001  7.300000e+001
    endloop
  endfacet
  facet normal  0.000000e+000  -0.000000e+000  1.000000e+000
    outer loop
      vertex -1.650000e+001  1.509808e+001  7.300000e+001
      vertex -1.596878e+001  1.410533e+001  7.300000e+001
      vertex -1.564436e+001  1.426080e+001  7.300000e+001
    endloop
  endfacet
  facet normal  0.000000e+000  -0.000000e+000  1.000000e+000
    outer loop
      vertex -1.650000e+001  1.509808e+001  7.300000e+001
      vertex -1.564436e+001  1.426080e+001  7.300000e+001
      vertex -1.529623e+001  1.435145e+001  7.300000e+001
    endloop
  endfacet
  facet normal  0.000000e+000  -0.000000e+000  1.000000e+000
    outer loop
      vertex -1.650000e+001  1.509808e+001  7.300000e+001
      vertex -1.529623e+001  1.435145e+001  7.300000e+001
      vertex -1.493718e+001  1.437395e+001  7.300000e+001
    endloop
  endfacet
  facet normal  0.000000e+000  0.000000e+000  1.000000e+000
    outer loop
      vertex -1.650000e+001  9.901924e+000  7.300000e+001
      vertex -1.493718e+001  1.062605e+001  7.300000e+001
      vertex -1.529623e+001  1.064855e+001  7.300000e+001
    endloop
  endfacet
  facet normal  0.000000e+000  0.000000e+000  1.000000e+000
    outer loop
      vertex -1.650000e+001  9.901924e+000  7.300000e+001
      vertex -1.529623e+001  1.064855e+001  7.300000e+001
      vertex -1.564436e+001  1.073920e+001  7.300000e+001
    endloop
  endfacet
  facet normal  0.000000e+000  0.000000e+000  9.999999e-001
    outer loop
      vertex -1.650000e+001  9.901924e+000  7.300000e+001
      vertex -1.564436e+001  1.073920e+001  7.300000e+001
      vertex -1.596878e+001  1.089467e+001  7.300000e+001
    endloop
  endfacet
  facet normal  0.000000e+000  0.000000e+000  1.000000e+000
    outer loop
      vertex -1.650000e+001  9.901924e+000  7.300000e+001
      vertex -1.596878e+001  1.089467e+001  7.300000e+001
      vertex -1.625754e+001  1.110924e+001  7.300000e+001
    endloop
  endfacet
  facet normal  0.000000e+000  0.000000e+000  1.000000e+000
    outer loop
      vertex -1.650000e+001  9.901924e+000  7.300000e+001
      vertex -1.625754e+001  1.110924e+001  7.300000e+001
      vertex -1.650000e+001  1.137500e+001  7.300000e+001
    endloop
  endfacet
  facet normal  0.000000e+000  0.000000e+000  1.000000e+000
    outer loop
      vertex -1.463839e+001  1.547813e+001  7.300000e+001
      vertex -1.512080e+001  1.549757e+001  7.300000e+001
      vertex -1.416535e+001  1.538155e+001  7.300000e+001
    endloop
  endfacet
  facet normal  0.000000e+000  0.000000e+000  1.000000e+000
    outer loop
      vertex -1.416535e+001  1.538155e+001  7.300000e+001
      vertex -1.512080e+001  1.549757e+001  7.300000e+001
      vertex -1.560008e+001  1.543937e+001  7.300000e+001
    endloop
  endfacet
  facet normal  0.000000e+000  0.000000e+000  1.000000e+000
    outer loop
      vertex -1.416535e+001  1.538155e+001  7.300000e+001
      vertex -1.560008e+001  1.543937e+001  7.300000e+001
      vertex -1.371392e+001  1.521035e+001  7.300000e+001
    endloop
  endfacet
  facet normal  0.000000e+000  0.000000e+000  1.000000e+000
    outer loop
      vertex -1.371392e+001  1.521035e+001  7.300000e+001
      vertex -1.560008e+001  1.543937e+001  7.300000e+001
      vertex -1.606381e+001  1.530505e+001  7.300000e+001
    endloop
  endfacet
  facet normal  0.000000e+000  0.000000e+000  1.000000e+000
    outer loop
      vertex -1.371392e+001  1.521035e+001  7.300000e+001
      vertex -1.606381e+001  1.530505e+001  7.300000e+001
      vertex -1.329581e+001  1.496895e+001  7.300000e+001
    endloop
  endfacet
  facet normal  0.000000e+000  0.000000e+000  1.000000e+000
    outer loop
      vertex -1.329581e+001  1.496895e+001  7.300000e+001
      vertex -1.606381e+001  1.530505e+001  7.300000e+001
      vertex -1.650000e+001  1.509808e+001  7.300000e+001
    endloop
  endfacet
  facet normal  0.000000e+000  0.000000e+000  1.000000e+000
    outer loop
      vertex -1.329581e+001  1.496895e+001  7.300000e+001
      vertex -1.650000e+001  1.509808e+001  7.300000e+001
      vertex -1.292183e+001  1.466361e+001  7.300000e+001
    endloop
  endfacet
  facet normal  0.000000e+000  0.000000e+000  1.000000e+000
    outer loop
      vertex -1.292183e+001  1.466361e+001  7.300000e+001
      vertex -1.650000e+001  1.509808e+001  7.300000e+001
      vertex -1.493718e+001  1.437395e+001  7.300000e+001
    endloop
  endfacet
  facet normal  -0.000000e+000  0.000000e+000  9.999999e-001
    outer loop
      vertex -1.292183e+001  1.466361e+001  7.300000e+001
      vertex -1.493718e+001  1.437395e+001  7.300000e+001
      vertex -1.260167e+001  1.430223e+001  7.300000e+001
    endloop
  endfacet
  facet normal  0.000000e+000  0.000000e+000  1.000000e+000
    outer loop
      vertex -1.260167e+001  1.430223e+001  7.300000e+001
      vertex -1.493718e+001  1.437395e+001  7.300000e+001
      vertex -1.458045e+001  1.432746e+001  7.300000e+001
    endloop
  endfacet
  facet normal  0.000000e+000  0.000000e+000  1.000000e+000
    outer loop
      vertex -1.260167e+001  1.430223e+001  7.300000e+001
      vertex -1.458045e+001  1.432746e+001  7.300000e+001
      vertex -1.234363e+001  1.389417e+001  7.300000e+001
    endloop
  endfacet
  facet normal  0.000000e+000  0.000000e+000  1.000000e+000
    outer loop
      vertex -1.234363e+001  1.389417e+001  7.300000e+001
      vertex -1.458045e+001  1.432746e+001  7.300000e+001
      vertex -1.423916e+001  1.421370e+001  7.300000e+001
    endloop
  endfacet
  facet normal  0.000000e+000  0.000000e+000  9.999999e-001
    outer loop
      vertex -1.234363e+001  1.389417e+001  7.300000e+001
      vertex -1.423916e+001  1.421370e+001  7.300000e+001
      vertex -1.392589e+001  1.403685e+001  7.300000e+001
    endloop
  endfacet
  facet normal  -0.000000e+000  0.000000e+000  1.000000e+000
    outer loop
      vertex -1.234363e+001  1.389417e+001  7.300000e+001
      vertex -1.365215e+001  1.380343e+001  7.300000e+001
      vertex -1.215439e+001  1.345000e+001  7.300000e+001
    endloop
  endfacet
  facet normal  0.000000e+000  0.000000e+000  9.999999e-001
    outer loop
      vertex -1.215439e+001  1.345000e+001  7.300000e+001
      vertex -1.365215e+001  1.380343e+001  7.300000e+001
      vertex -1.342803e+001  1.352202e+001  7.300000e+001
    endloop
  endfacet
  facet normal  0.000000e+000  0.000000e+000  9.999999e-001
    outer loop
      vertex -1.215439e+001  1.345000e+001  7.300000e+001
      vertex -1.342803e+001  1.352202e+001  7.300000e+001
      vertex -1.203885e+001  1.298123e+001  7.300000e+001
    endloop
  endfacet
  facet normal  0.000000e+000  0.000000e+000  1.000000e+000
    outer loop
      vertex -1.203885e+001  1.298123e+001  7.300000e+001
      vertex -1.342803e+001  1.352202e+001  7.300000e+001
      vertex -1.326178e+001  1.320299e+001  7.300000e+001
    endloop
  endfacet
  facet normal  0.000000e+000  0.000000e+000  1.000000e+000
    outer loop
      vertex -1.203885e+001  1.298123e+001  7.300000e+001
      vertex -1.326178e+001  1.320299e+001  7.300000e+001
      vertex -1.315951e+001  1.285809e+001  7.300000e+001
    endloop
  endfacet
  facet normal  -0.000000e+000  0.000000e+000  1.000000e+000
    outer loop
      vertex -1.203885e+001  1.298123e+001  7.300000e+001
      vertex -1.315951e+001  1.285809e+001  7.300000e+001
      vertex -1.200000e+001  1.250000e+001  7.300000e+001
    endloop
  endfacet
  facet normal  0.000000e+000  0.000000e+000  1.000000e+000
    outer loop
      vertex -1.200000e+001  1.250000e+001  7.300000e+001
      vertex -1.315951e+001  1.285809e+001  7.300000e+001
      vertex -1.312500e+001  1.250000e+001  7.300000e+001
    endloop
  endfacet
  facet normal  -0.000000e+000  0.000000e+000  1.000000e+000
    outer loop
      vertex -1.200000e+001  1.250000e+001  7.300000e+001
      vertex -1.312500e+001  1.250000e+001  7.300000e+001
      vertex -1.203885e+001  1.201877e+001  7.300000e+001
    endloop
  endfacet
  facet normal  0.000000e+000  0.000000e+000  1.000000e+000
    outer loop
      vertex -1.203885e+001  1.201877e+001  7.300000e+001
      vertex -1.312500e+001  1.250000e+001  7.300000e+001
      vertex -1.315951e+001  1.214191e+001  7.300000e+001
    endloop
  endfacet
  facet normal  0.000000e+000  0.000000e+000  9.999999e-001
    outer loop
      vertex -1.203885e+001  1.201877e+001  7.300000e+001
      vertex -1.315951e+001  1.214191e+001  7.300000e+001
      vertex -1.215439e+001  1.155000e+001  7.300000e+001
    endloop
  endfacet
  facet normal  0.000000e+000  0.000000e+000  1.000000e+000
    outer loop
      vertex -1.215439e+001  1.155000e+001  7.300000e+001
      vertex -1.315951e+001  1.214191e+001  7.300000e+001
      vertex -1.326178e+001  1.179701e+001  7.300000e+001
    endloop
  endfacet
  facet normal  0.000000e+000  0.000000e+000  1.000000e+000
    outer loop
      vertex -1.215439e+001  1.155000e+001  7.300000e+001
      vertex -1.326178e+001  1.179701e+001  7.300000e+001
      vertex -1.342803e+001  1.147798e+001  7.300000e+001
    endloop
  endfacet
  facet normal  -0.000000e+000  0.000000e+000  1.000000e+000
    outer loop
      vertex -1.215439e+001  1.155000e+001  7.300000e+001
      vertex -1.342803e+001  1.147798e+001  7.300000e+001
      vertex -1.234363e+001  1.110583e+001  7.300000e+001
    endloop
  endfacet
  facet normal  0.000000e+000  0.000000e+000  1.000000e+000
    outer loop
      vertex -1.234363e+001  1.110583e+001  7.300000e+001
      vertex -1.342803e+001  1.147798e+001  7.300000e+001
      vertex -1.365215e+001  1.119657e+001  7.300000e+001
    endloop
  endfacet
  facet normal  0.000000e+000  0.000000e+000  1.000000e+000
    outer loop
      vertex -1.234363e+001  1.110583e+001  7.300000e+001
      vertex -1.365215e+001  1.119657e+001  7.300000e+001
      vertex -1.260167e+001  1.069777e+001  7.300000e+001
    endloop
  endfacet
  facet normal  0.000000e+000  0.000000e+000  1.000000e+000
    outer loop
      vertex -1.260167e+001  1.069777e+001  7.300000e+001
      vertex -1.365215e+001  1.119657e+001  7.300000e+001
      vertex -1.392589e+001  1.096315e+001  7.300000e+001
    endloop
  endfacet
  facet normal  0.000000e+000  0.000000e+000  1.000000e+000
    outer loop
      vertex -1.260167e+001  1.069777e+001  7.300000e+001
      vertex -1.392589e+001  1.096315e+001  7.300000e+001
      vertex -1.423916e+001  1.078630e+001  7.300000e+001
    endloop
  endfacet
  facet normal  0.000000e+000  0.000000e+000  1.000000e+000
    outer loop
      vertex -1.512080e+001  9.502433e+000  7.300000e+001
      vertex -1.463839e+001  9.521873e+000  7.300000e+001
      vertex -1.560008e+001  9.560628e+000  7.300000e+001
    endloop
  endfacet
  facet normal  -0.000000e+000  0.000000e+000  9.999999e-001
    outer loop
      vertex -1.560008e+001  9.560628e+000  7.300000e+001
      vertex -1.463839e+001  9.521873e+000  7.300000e+001
      vertex -1.416535e+001  9.618445e+000  7.300000e+001
    endloop
  endfacet
  facet normal  0.000000e+000  0.000000e+000  1.000000e+000
    outer loop
      vertex -1.560008e+001  9.560628e+000  7.300000e+001
      vertex -1.416535e+001  9.618445e+000  7.300000e+001
      vertex -1.606381e+001  9.694951e+000  7.300000e+001
    endloop
  endfacet
  facet normal  -0.000000e+000  0.000000e+000  1.000000e+000
    outer loop
      vertex -1.606381e+001  9.694951e+000  7.300000e+001
      vertex -1.416535e+001  9.618445e+000  7.300000e+001
      vertex -1.371392e+001  9.789649e+000  7.300000e+001
    endloop
  endfacet
  facet normal  0.000000e+000  0.000000e+000  1.000000e+000
    outer loop
      vertex -1.606381e+001  9.694951e+000  7.300000e+001
      vertex -1.371392e+001  9.789649e+000  7.300000e+001
      vertex -1.650000e+001  9.901924e+000  7.300000e+001
    endloop
  endfacet
  facet normal  -0.000000e+000  0.000000e+000  1.000000e+000
    outer loop
      vertex -1.650000e+001  9.901924e+000  7.300000e+001
      vertex -1.371392e+001  9.789649e+000  7.300000e+001
      vertex -1.329581e+001  1.003105e+001  7.300000e+001
    endloop
  endfacet
  facet normal  0.000000e+000  0.000000e+000  1.000000e+000
    outer loop
      vertex -1.650000e+001  9.901924e+000  7.300000e+001
      vertex -1.329581e+001  1.003105e+001  7.300000e+001
      vertex -1.493718e+001  1.062605e+001  7.300000e+001
    endloop
  endfacet
  facet normal  0.000000e+000  0.000000e+000  1.000000e+000
    outer loop
      vertex -1.493718e+001  1.062605e+001  7.300000e+001
      vertex -1.329581e+001  1.003105e+001  7.300000e+001
      vertex -1.292183e+001  1.033639e+001  7.300000e+001
    endloop
  endfacet
  facet normal  0.000000e+000  0.000000e+000  1.000000e+000
    outer loop
      vertex -1.493718e+001  1.062605e+001  7.300000e+001
      vertex -1.292183e+001  1.033639e+001  7.300000e+001
      vertex -1.458045e+001  1.067254e+001  7.300000e+001
    endloop
  endfacet
  facet normal  -0.000000e+000  0.000000e+000  1.000000e+000
    outer loop
      vertex -1.458045e+001  1.067254e+001  7.300000e+001
      vertex -1.292183e+001  1.033639e+001  7.300000e+001
      vertex -1.260167e+001  1.069777e+001  7.300000e+001
    endloop
  endfacet
  facet normal  0.000000e+000  0.000000e+000  9.999999e-001
    outer loop
      vertex -1.458045e+001  1.067254e+001  7.300000e+001
      vertex -1.260167e+001  1.069777e+001  7.300000e+001
      vertex -1.423916e+001  1.078630e+001  7.300000e+001
    endloop
  endfacet
  facet normal -9.709320e-001  2.393138e-001  4.463057e-003
    outer loop
      vertex -1.215439e+001 -3.345000e+001  7.300000e+001
      vertex -1.208346e+001 -3.320271e+001  7.517018e+001
      vertex -1.203885e+001 -3.298124e+001  7.300000e+001
    endloop
  endfacet
  facet normal -9.566717e-001  2.911626e-001 -1.911366e-003
    outer loop
      vertex -1.215439e+001 -3.345000e+001  7.300000e+001
      vertex -1.218603e+001 -3.353999e+001  7.512890e+001
      vertex -1.208346e+001 -3.320271e+001  7.517018e+001
    endloop
  endfacet
  facet normal -9.199750e-001  3.919662e-001  2.894622e-003
    outer loop
      vertex -1.218603e+001 -3.353999e+001  7.512890e+001
      vertex -1.215439e+001 -3.345000e+001  7.300000e+001
      vertex -1.234363e+001 -3.389417e+001  7.300000e+001
    endloop
  endfacet
  facet normal -9.125034e-001  4.090689e-001 -5.038709e-004
    outer loop
      vertex -1.234363e+001 -3.389417e+001  7.300000e+001
      vertex -1.235115e+001 -3.390840e+001  7.506158e+001
      vertex -1.218603e+001 -3.353999e+001  7.512890e+001
    endloop
  endfacet
  facet normal -7.485040e-001  6.631147e-001  4.536019e-003
    outer loop
      vertex -1.292183e+001 -3.466361e+001  7.300000e+001
      vertex -1.281296e+001 -3.455349e+001  7.486768e+001
      vertex -1.260167e+001 -3.430223e+001  7.300000e+001
    endloop
  endfacet
  facet normal -6.821823e-001  7.311744e-001 -3.342732e-003
    outer loop
      vertex -1.309795e+001 -3.481996e+001  7.474380e+001
      vertex -1.281296e+001 -3.455349e+001  7.486768e+001
      vertex -1.292183e+001 -3.466361e+001  7.300000e+001
    endloop
  endfacet
  facet normal -6.324350e-001  7.745934e-001  5.574873e-003
    outer loop
      vertex -1.329581e+001 -3.496895e+001  7.300000e+001
      vertex -1.309795e+001 -3.481996e+001  7.474380e+001
      vertex -1.292183e+001 -3.466361e+001  7.300000e+001
    endloop
  endfacet
  facet normal -5.786656e-001  8.155549e-001 -4.025589e-003
    outer loop
      vertex -1.329581e+001 -3.496895e+001  7.300000e+001
      vertex -1.343092e+001 -3.505695e+001  7.459494e+001
      vertex -1.309795e+001 -3.481996e+001  7.474380e+001
    endloop
  endfacet
  facet normal -4.999898e-001  8.660144e-001  5.423486e-003
    outer loop
      vertex -1.343092e+001 -3.505695e+001  7.459494e+001
      vertex -1.329581e+001 -3.496895e+001  7.300000e+001
      vertex -1.371392e+001 -3.521035e+001  7.300000e+001
    endloop
  endfacet
  facet normal -4.635558e-001  8.860628e-001 -2.969451e-003
    outer loop
      vertex -1.371392e+001 -3.521035e+001  7.300000e+001
      vertex -1.378755e+001 -3.524408e+001  7.443049e+001
      vertex -1.343092e+001 -3.505695e+001  7.459494e+001
    endloop
  endfacet
  facet normal -4.026306e-002  9.991536e-001  8.422239e-003
    outer loop
      vertex -1.512080e+001 -3.549757e+001  7.300000e+001
      vertex -1.500785e+001 -3.549999e+001  7.382732e+001
      vertex -1.463839e+001 -3.547813e+001  7.300000e+001
    endloop
  endfacet
  facet normal  8.411841e-002  9.964190e-001 -8.566521e-003
    outer loop
      vertex -1.546835e+001 -3.546321e+001  7.358286e+001
      vertex -1.500785e+001 -3.549999e+001  7.382732e+001
      vertex -1.512080e+001 -3.549757e+001  7.300000e+001
    endloop
  endfacet
  facet normal  1.205224e-001  9.926206e-001  1.336421e-002
    outer loop
      vertex -1.560008e+001 -3.543937e+001  7.300000e+001
      vertex -1.546835e+001 -3.546321e+001  7.358286e+001
      vertex -1.512080e+001 -3.549757e+001  7.300000e+001
    endloop
  endfacet
  facet normal  2.388860e-001  9.709427e-001 -1.427332e-002
    outer loop
      vertex -1.591639e+001 -3.535661e+001  7.333582e+001
      vertex -1.546835e+001 -3.546321e+001  7.358286e+001
      vertex -1.560008e+001 -3.543937e+001  7.300000e+001
    endloop
  endfacet
  facet normal  2.781281e-001  9.602099e-001  2.533344e-002
    outer loop
      vertex -1.606381e+001 -3.530505e+001  7.300000e+001
      vertex -1.591639e+001 -3.535661e+001  7.333582e+001
      vertex -1.560008e+001 -3.543937e+001  7.300000e+001
    endloop
  endfacet
  facet normal  3.638843e-001  9.312934e-001 -1.675404e-002
    outer loop
      vertex -1.621435e+001 -3.524324e+001  7.316637e+001
      vertex -1.591639e+001 -3.535661e+001  7.333582e+001
      vertex -1.606381e+001 -3.530505e+001  7.300000e+001
    endloop
  endfacet
  facet normal  4.281111e-001  9.022196e-001  5.216179e-002
    outer loop
      vertex -1.621435e+001 -3.524324e+001  7.316637e+001
      vertex -1.606381e+001 -3.530505e+001  7.300000e+001
      vertex -1.650000e+001 -3.509808e+001  7.300000e+001
    endloop
  endfacet
  facet normal -9.842778e-001  1.766136e-001 -2.209930e-003
    outer loop
      vertex -1.208346e+001 -3.320271e+001  7.517018e+001
      vertex -1.202098e+001 -3.285421e+001  7.519513e+001
      vertex -1.203885e+001 -3.298124e+001  7.300000e+001
    endloop
  endfacet
  facet normal -9.982452e-001  5.902864e-002  4.708028e-003
    outer loop
      vertex -1.203885e+001 -3.298124e+001  7.300000e+001
      vertex -1.202098e+001 -3.285421e+001  7.519513e+001
      vertex -1.200000e+001 -3.250000e+001  7.520348e+001
    endloop
  endfacet
  facet normal -9.967573e-001  8.046560e-002  0.000000e+000
    outer loop
      vertex -1.203885e+001 -3.298124e+001  7.300000e+001
      vertex -1.200000e+001 -3.250000e+001  7.520348e+001
      vertex -1.200000e+001 -3.250000e+001  7.300000e+001
    endloop
  endfacet
  facet normal -7.722072e-001  6.353681e-001 -1.878316e-003
    outer loop
      vertex -1.281296e+001 -3.455349e+001  7.486768e+001
      vertex -1.256198e+001 -3.424815e+001  7.497410e+001
      vertex -1.260167e+001 -3.430223e+001  7.300000e+001
    endloop
  endfacet
  facet normal -8.500000e-001  5.267759e-001  2.660877e-003
    outer loop
      vertex -1.260167e+001 -3.430223e+001  7.300000e+001
      vertex -1.256198e+001 -3.424815e+001  7.497410e+001
      vertex -1.235115e+001 -3.390840e+001  7.506158e+001
    endloop
  endfacet
  facet normal -8.451899e-001  5.344658e-001  6.073343e-004
    outer loop
      vertex -1.260167e+001 -3.430223e+001  7.300000e+001
      vertex -1.235115e+001 -3.390840e+001  7.506158e+001
      vertex -1.234363e+001 -3.389417e+001  7.300000e+001
    endloop
  endfacet
  facet normal -7.205480e-002  9.973837e-001 -5.822056e-003
    outer loop
      vertex -1.500785e+001 -3.549999e+001  7.382732e+001
      vertex -1.454344e+001 -3.546505e+001  7.406438e+001
      vertex -1.463839e+001 -3.547813e+001  7.300000e+001
    endloop
  endfacet
  facet normal -2.200323e-001  9.754626e-001  7.648227e-003
    outer loop
      vertex -1.463839e+001 -3.547813e+001  7.300000e+001
      vertex -1.454344e+001 -3.546505e+001  7.406438e+001
      vertex -1.416062e+001 -3.538018e+001  7.425281e+001
    endloop
  endfacet
  facet normal -2.000272e-001  9.797903e-001 -3.192317e-004
    outer loop
      vertex -1.463839e+001 -3.547813e+001  7.300000e+001
      vertex -1.416062e+001 -3.538018e+001  7.425281e+001
      vertex -1.416535e+001 -3.538155e+001  7.300000e+001
    endloop
  endfacet
  facet normal -3.428387e-001  9.393943e-001  2.639366e-004
    outer loop
      vertex -1.416535e+001 -3.538155e+001  7.300000e+001
      vertex -1.416062e+001 -3.538018e+001  7.425281e+001
      vertex -1.378755e+001 -3.524408e+001  7.443049e+001
    endloop
  endfacet
  facet normal -3.546032e-001  9.350092e-001  3.792410e-003
    outer loop
      vertex -1.416535e+001 -3.538155e+001  7.300000e+001
      vertex -1.378755e+001 -3.524408e+001  7.443049e+001
      vertex -1.371392e+001 -3.521035e+001  7.300000e+001
    endloop
  endfacet
  facet normal  4.281078e-001 -9.022207e-001  5.216862e-002
    outer loop
      vertex -1.606381e+001 -2.969495e+001  7.300000e+001
      vertex -1.621435e+001 -2.975676e+001  7.316637e+001
      vertex -1.650000e+001 -2.990192e+001  7.300000e+001
    endloop
  endfacet
  facet normal  3.638809e-001 -9.312949e-001 -1.674702e-002
    outer loop
      vertex -1.606381e+001 -2.969495e+001  7.300000e+001
      vertex -1.591639e+001 -2.964339e+001  7.333582e+001
      vertex -1.621435e+001 -2.975676e+001  7.316637e+001
    endloop
  endfacet
  facet normal  2.781280e-001 -9.602098e-001  2.533889e-002
    outer loop
      vertex -1.591639e+001 -2.964339e+001  7.333582e+001
      vertex -1.606381e+001 -2.969495e+001  7.300000e+001
      vertex -1.560008e+001 -2.956063e+001  7.300000e+001
    endloop
  endfacet
  facet normal  2.388841e-001 -9.709432e-001 -1.426970e-002
    outer loop
      vertex -1.560008e+001 -2.956063e+001  7.300000e+001
      vertex -1.546835e+001 -2.953679e+001  7.358286e+001
      vertex -1.591639e+001 -2.964339e+001  7.333582e+001
    endloop
  endfacet
  facet normal  1.205262e-001 -9.926202e-001  1.336656e-002
    outer loop
      vertex -1.546835e+001 -2.953679e+001  7.358286e+001
      vertex -1.560008e+001 -2.956063e+001  7.300000e+001
      vertex -1.512080e+001 -2.950243e+001  7.300000e+001
    endloop
  endfacet
  facet normal  8.411841e-002 -9.964190e-001 -8.566521e-003
    outer loop
      vertex -1.512080e+001 -2.950243e+001  7.300000e+001
      vertex -1.500785e+001 -2.950001e+001  7.382732e+001
      vertex -1.546835e+001 -2.953679e+001  7.358286e+001
    endloop
  endfacet
  facet normal -4.026306e-002 -9.991536e-001  8.422239e-003
    outer loop
      vertex -1.500785e+001 -2.950001e+001  7.382732e+001
      vertex -1.512080e+001 -2.950243e+001  7.300000e+001
      vertex -1.463839e+001 -2.952187e+001  7.300000e+001
    endloop
  endfacet
  facet normal -7.205148e-002 -9.973839e-001 -5.820567e-003
    outer loop
      vertex -1.463839e+001 -2.952187e+001  7.300000e+001
      vertex -1.454344e+001 -2.953494e+001  7.406438e+001
      vertex -1.500785e+001 -2.950001e+001  7.382732e+001
    endloop
  endfacet
  facet normal -4.999927e-001 -8.660126e-001  5.423141e-003
    outer loop
      vertex -1.329581e+001 -3.003105e+001  7.300000e+001
      vertex -1.343092e+001 -2.994305e+001  7.459494e+001
      vertex -1.371392e+001 -2.978965e+001  7.300000e+001
    endloop
  endfacet
  facet normal -5.786656e-001 -8.155549e-001 -4.025589e-003
    outer loop
      vertex -1.309795e+001 -3.018004e+001  7.474380e+001
      vertex -1.343092e+001 -2.994305e+001  7.459494e+001
      vertex -1.329581e+001 -3.003105e+001  7.300000e+001
    endloop
  endfacet
  facet normal -6.324373e-001 -7.745914e-001  5.575308e-003
    outer loop
      vertex -1.292183e+001 -3.033639e+001  7.300000e+001
      vertex -1.309795e+001 -3.018004e+001  7.474380e+001
      vertex -1.329581e+001 -3.003105e+001  7.300000e+001
    endloop
  endfacet
  facet normal -6.821850e-001 -7.311720e-001 -3.342427e-003
    outer loop
      vertex -1.292183e+001 -3.033639e+001  7.300000e+001
      vertex -1.281296e+001 -3.044651e+001  7.486768e+001
      vertex -1.309795e+001 -3.018004e+001  7.474380e+001
    endloop
  endfacet
  facet normal -7.485023e-001 -6.631167e-001  4.535802e-003
    outer loop
      vertex -1.281296e+001 -3.044651e+001  7.486768e+001
      vertex -1.292183e+001 -3.033639e+001  7.300000e+001
      vertex -1.260167e+001 -3.069777e+001  7.300000e+001
    endloop
  endfacet
  facet normal -7.722052e-001 -6.353704e-001 -1.878421e-003
    outer loop
      vertex -1.260167e+001 -3.069777e+001  7.300000e+001
      vertex -1.256198e+001 -3.075185e+001  7.497410e+001
      vertex -1.281296e+001 -3.044651e+001  7.486768e+001
    endloop
  endfacet
  facet normal -9.199750e-001 -3.919662e-001  2.894272e-003
    outer loop
      vertex -1.215439e+001 -3.155000e+001  7.300000e+001
      vertex -1.218603e+001 -3.146002e+001  7.512890e+001
      vertex -1.234363e+001 -3.110583e+001  7.300000e+001
    endloop
  endfacet
  facet normal -9.566708e-001 -2.911656e-001 -1.911485e-003
    outer loop
      vertex -1.208346e+001 -3.179729e+001  7.517018e+001
      vertex -1.218603e+001 -3.146002e+001  7.512890e+001
      vertex -1.215439e+001 -3.155000e+001  7.300000e+001
    endloop
  endfacet
  facet normal -9.709320e-001 -2.393138e-001  4.463268e-003
    outer loop
      vertex -1.203885e+001 -3.201876e+001  7.300000e+001
      vertex -1.208346e+001 -3.179729e+001  7.517018e+001
      vertex -1.215439e+001 -3.155000e+001  7.300000e+001
    endloop
  endfacet
  facet normal -4.635555e-001 -8.860630e-001 -2.970607e-003
    outer loop
      vertex -1.343092e+001 -2.994305e+001  7.459494e+001
      vertex -1.378755e+001 -2.975592e+001  7.443049e+001
      vertex -1.371392e+001 -2.978965e+001  7.300000e+001
    endloop
  endfacet
  facet normal -3.445714e-001 -9.387498e-001  4.395693e-003
    outer loop
      vertex -1.371392e+001 -2.978965e+001  7.300000e+001
      vertex -1.378755e+001 -2.975592e+001  7.443049e+001
      vertex -1.416062e+001 -2.961982e+001  7.425281e+001
    endloop
  endfacet
  facet normal -3.546023e-001 -9.350172e-001  3.131234e-004
    outer loop
      vertex -1.371392e+001 -2.978965e+001  7.300000e+001
      vertex -1.416062e+001 -2.961982e+001  7.425281e+001
      vertex -1.416535e+001 -2.961845e+001  7.300000e+001
    endloop
  endfacet
  facet normal -2.163375e-001 -9.763186e-001 -2.538807e-004
    outer loop
      vertex -1.416535e+001 -2.961845e+001  7.300000e+001
      vertex -1.416062e+001 -2.961982e+001  7.425281e+001
      vertex -1.454344e+001 -2.953494e+001  7.406438e+001
    endloop
  endfacet
  facet normal -2.000238e-001 -9.797738e-001  5.812078e-003
    outer loop
      vertex -1.416535e+001 -2.961845e+001  7.300000e+001
      vertex -1.454344e+001 -2.953494e+001  7.406438e+001
      vertex -1.463839e+001 -2.952187e+001  7.300000e+001
    endloop
  endfacet
  facet normal -9.125033e-001 -4.090690e-001 -5.042490e-004
    outer loop
      vertex -1.218603e+001 -3.146002e+001  7.512890e+001
      vertex -1.235115e+001 -3.109160e+001  7.506158e+001
      vertex -1.234363e+001 -3.110583e+001  7.300000e+001
    endloop
  endfacet
  facet normal -8.497597e-001 -5.271700e-001  5.398111e-004
    outer loop
      vertex -1.234363e+001 -3.110583e+001  7.300000e+001
      vertex -1.235115e+001 -3.109160e+001  7.506158e+001
      vertex -1.256198e+001 -3.075185e+001  7.497410e+001
    endloop
  endfacet
  facet normal -8.451877e-001 -5.344644e-001  2.353478e-003
    outer loop
      vertex -1.234363e+001 -3.110583e+001  7.300000e+001
      vertex -1.256198e+001 -3.075185e+001  7.497410e+001
      vertex -1.260167e+001 -3.069777e+001  7.300000e+001
    endloop
  endfacet
  facet normal -9.842780e-001 -1.766126e-001 -2.209874e-003
    outer loop
      vertex -1.208346e+001 -3.179729e+001  7.517018e+001
      vertex -1.203885e+001 -3.201876e+001  7.300000e+001
      vertex -1.202098e+001 -3.214579e+001  7.519513e+001
    endloop
  endfacet
  facet normal -9.967515e-001 -8.046514e-002  3.455407e-003
    outer loop
      vertex -1.202098e+001 -3.214579e+001  7.519513e+001
      vertex -1.203885e+001 -3.201876e+001  7.300000e+001
      vertex -1.200000e+001 -3.250000e+001  7.300000e+001
    endloop
  endfacet
  facet normal -9.982497e-001 -5.913985e-002  0.000000e+000
    outer loop
      vertex -1.202098e+001 -3.214579e+001  7.519513e+001
      vertex -1.200000e+001 -3.250000e+001  7.300000e+001
      vertex -1.200000e+001 -3.250000e+001  7.520348e+001
    endloop
  endfacet
  facet normal  0.000000e+000  -0.000000e+000  1.000000e+000
    outer loop
      vertex -1.392589e+001 -3.096315e+001  7.300000e+001
      vertex -1.365215e+001 -3.119657e+001  7.300000e+001
      vertex -1.234363e+001 -3.110583e+001  7.300000e+001
    endloop
  endfacet
  facet normal  0.000000e+000  0.000000e+000  1.000000e+000
    outer loop
      vertex -1.650000e+001 -2.990192e+001  7.300000e+001
      vertex -1.650000e+001 -3.137500e+001  7.300000e+001
      vertex -1.625754e+001 -3.110924e+001  7.300000e+001
    endloop
  endfacet
  facet normal  0.000000e+000  -0.000000e+000  9.999999e-001
    outer loop
      vertex -1.650000e+001 -2.990192e+001  7.300000e+001
      vertex -1.625754e+001 -3.110924e+001  7.300000e+001
      vertex -1.596878e+001 -3.089467e+001  7.300000e+001
    endloop
  endfacet
  facet normal  0.000000e+000  -0.000000e+000  1.000000e+000
    outer loop
      vertex -1.650000e+001 -2.990192e+001  7.300000e+001
      vertex -1.596878e+001 -3.089467e+001  7.300000e+001
      vertex -1.564436e+001 -3.073920e+001  7.300000e+001
    endloop
  endfacet
  facet normal  0.000000e+000  -0.000000e+000  1.000000e+000
    outer loop
      vertex -1.650000e+001 -2.990192e+001  7.300000e+001
      vertex -1.564436e+001 -3.073920e+001  7.300000e+001
      vertex -1.529623e+001 -3.064855e+001  7.300000e+001
    endloop
  endfacet
  facet normal  0.000000e+000  -0.000000e+000  1.000000e+000
    outer loop
      vertex -1.650000e+001 -2.990192e+001  7.300000e+001
      vertex -1.529623e+001 -3.064855e+001  7.300000e+001
      vertex -1.493718e+001 -3.062605e+001  7.300000e+001
    endloop
  endfacet
  facet normal  0.000000e+000  0.000000e+000  1.000000e+000
    outer loop
      vertex -1.650000e+001 -3.509808e+001  7.300000e+001
      vertex -1.493718e+001 -3.437395e+001  7.300000e+001
      vertex -1.529623e+001 -3.435145e+001  7.300000e+001
    endloop
  endfacet
  facet normal  0.000000e+000  0.000000e+000  9.999999e-001
    outer loop
      vertex -1.650000e+001 -3.509808e+001  7.300000e+001
      vertex -1.529623e+001 -3.435145e+001  7.300000e+001
      vertex -1.564436e+001 -3.426080e+001  7.300000e+001
    endloop
  endfacet
  facet normal  0.000000e+000  0.000000e+000  1.000000e+000
    outer loop
      vertex -1.650000e+001 -3.509808e+001  7.300000e+001
      vertex -1.564436e+001 -3.426080e+001  7.300000e+001
      vertex -1.596878e+001 -3.410533e+001  7.300000e+001
    endloop
  endfacet
  facet normal  0.000000e+000  0.000000e+000  1.000000e+000
    outer loop
      vertex -1.650000e+001 -3.509808e+001  7.300000e+001
      vertex -1.596878e+001 -3.410533e+001  7.300000e+001
      vertex -1.625754e+001 -3.389076e+001  7.300000e+001
    endloop
  endfacet
  facet normal  0.000000e+000  0.000000e+000  1.000000e+000
    outer loop
      vertex -1.650000e+001 -3.509808e+001  7.300000e+001
      vertex -1.625754e+001 -3.389076e+001  7.300000e+001
      vertex -1.650000e+001 -3.362500e+001  7.300000e+001
    endloop
  endfacet
  facet normal  0.000000e+000  0.000000e+000  1.000000e+000
    outer loop
      vertex -1.463839e+001 -2.952187e+001  7.300000e+001
      vertex -1.512080e+001 -2.950243e+001  7.300000e+001
      vertex -1.416535e+001 -2.961845e+001  7.300000e+001
    endloop
  endfacet
  facet normal  0.000000e+000  0.000000e+000  1.000000e+000
    outer loop
      vertex -1.416535e+001 -2.961845e+001  7.300000e+001
      vertex -1.512080e+001 -2.950243e+001  7.300000e+001
      vertex -1.560008e+001 -2.956063e+001  7.300000e+001
    endloop
  endfacet
  facet normal  0.000000e+000  0.000000e+000  9.999999e-001
    outer loop
      vertex -1.416535e+001 -2.961845e+001  7.300000e+001
      vertex -1.560008e+001 -2.956063e+001  7.300000e+001
      vertex -1.371392e+001 -2.978965e+001  7.300000e+001
    endloop
  endfacet
  facet normal  0.000000e+000  0.000000e+000  1.000000e+000
    outer loop
      vertex -1.371392e+001 -2.978965e+001  7.300000e+001
      vertex -1.560008e+001 -2.956063e+001  7.300000e+001
      vertex -1.606381e+001 -2.969495e+001  7.300000e+001
    endloop
  endfacet
  facet normal  0.000000e+000  0.000000e+000  1.000000e+000
    outer loop
      vertex -1.371392e+001 -2.978965e+001  7.300000e+001
      vertex -1.606381e+001 -2.969495e+001  7.300000e+001
      vertex -1.329581e+001 -3.003105e+001  7.300000e+001
    endloop
  endfacet
  facet normal  0.000000e+000  0.000000e+000  1.000000e+000
    outer loop
      vertex -1.329581e+001 -3.003105e+001  7.300000e+001
      vertex -1.606381e+001 -2.969495e+001  7.300000e+001
      vertex -1.650000e+001 -2.990192e+001  7.300000e+001
    endloop
  endfacet
  facet normal  0.000000e+000  0.000000e+000  1.000000e+000
    outer loop
      vertex -1.329581e+001 -3.003105e+001  7.300000e+001
      vertex -1.650000e+001 -2.990192e+001  7.300000e+001
      vertex -1.292183e+001 -3.033639e+001  7.300000e+001
    endloop
  endfacet
  facet normal  0.000000e+000  0.000000e+000  1.000000e+000
    outer loop
      vertex -1.292183e+001 -3.033639e+001  7.300000e+001
      vertex -1.650000e+001 -2.990192e+001  7.300000e+001
      vertex -1.493718e+001 -3.062605e+001  7.300000e+001
    endloop
  endfacet
  facet normal  -0.000000e+000  0.000000e+000  1.000000e+000
    outer loop
      vertex -1.292183e+001 -3.033639e+001  7.300000e+001
      vertex -1.493718e+001 -3.062605e+001  7.300000e+001
      vertex -1.260167e+001 -3.069777e+001  7.300000e+001
    endloop
  endfacet
  facet normal  0.000000e+000  0.000000e+000  1.000000e+000
    outer loop
      vertex -1.260167e+001 -3.069777e+001  7.300000e+001
      vertex -1.493718e+001 -3.062605e+001  7.300000e+001
      vertex -1.458045e+001 -3.067254e+001  7.300000e+001
    endloop
  endfacet
  facet normal  0.000000e+000  0.000000e+000  1.000000e+000
    outer loop
      vertex -1.260167e+001 -3.069777e+001  7.300000e+001
      vertex -1.458045e+001 -3.067254e+001  7.300000e+001
      vertex -1.234363e+001 -3.110583e+001  7.300000e+001
    endloop
  endfacet
  facet normal  0.000000e+000  0.000000e+000  1.000000e+000
    outer loop
      vertex -1.234363e+001 -3.110583e+001  7.300000e+001
      vertex -1.458045e+001 -3.067254e+001  7.300000e+001
      vertex -1.423916e+001 -3.078630e+001  7.300000e+001
    endloop
  endfacet
  facet normal  0.000000e+000  0.000000e+000  1.000000e+000
    outer loop
      vertex -1.234363e+001 -3.110583e+001  7.300000e+001
      vertex -1.423916e+001 -3.078630e+001  7.300000e+001
      vertex -1.392589e+001 -3.096315e+001  7.300000e+001
    endloop
  endfacet
  facet normal  -0.000000e+000  0.000000e+000  9.999999e-001
    outer loop
      vertex -1.234363e+001 -3.110583e+001  7.300000e+001
      vertex -1.365215e+001 -3.119657e+001  7.300000e+001
      vertex -1.215439e+001 -3.155000e+001  7.300000e+001
    endloop
  endfacet
  facet normal  0.000000e+000  0.000000e+000  1.000000e+000
    outer loop
      vertex -1.215439e+001 -3.155000e+001  7.300000e+001
      vertex -1.365215e+001 -3.119657e+001  7.300000e+001
      vertex -1.342803e+001 -3.147798e+001  7.300000e+001
    endloop
  endfacet
  facet normal  0.000000e+000  0.000000e+000  1.000000e+000
    outer loop
      vertex -1.215439e+001 -3.155000e+001  7.300000e+001
      vertex -1.342803e+001 -3.147798e+001  7.300000e+001
      vertex -1.203885e+001 -3.201876e+001  7.300000e+001
    endloop
  endfacet
  facet normal  0.000000e+000  0.000000e+000  1.000000e+000
    outer loop
      vertex -1.203885e+001 -3.201876e+001  7.300000e+001
      vertex -1.342803e+001 -3.147798e+001  7.300000e+001
      vertex -1.326178e+001 -3.179700e+001  7.300000e+001
    endloop
  endfacet
  facet normal  0.000000e+000  0.000000e+000  1.000000e+000
    outer loop
      vertex -1.203885e+001 -3.201876e+001  7.300000e+001
      vertex -1.326178e+001 -3.179700e+001  7.300000e+001
      vertex -1.315951e+001 -3.214191e+001  7.300000e+001
    endloop
  endfacet
  facet normal  -0.000000e+000  0.000000e+000  1.000000e+000
    outer loop
      vertex -1.203885e+001 -3.201876e+001  7.300000e+001
      vertex -1.315951e+001 -3.214191e+001  7.300000e+001
      vertex -1.200000e+001 -3.250000e+001  7.300000e+001
    endloop
  endfacet
  facet normal  0.000000e+000  0.000000e+000  1.000000e+000
    outer loop
      vertex -1.200000e+001 -3.250000e+001  7.300000e+001
      vertex -1.315951e+001 -3.214191e+001  7.300000e+001
      vertex -1.312500e+001 -3.250000e+001  7.300000e+001
    endloop
  endfacet
  facet normal  -0.000000e+000  0.000000e+000  1.000000e+000
    outer loop
      vertex -1.200000e+001 -3.250000e+001  7.300000e+001
      vertex -1.312500e+001 -3.250000e+001  7.300000e+001
      vertex -1.203885e+001 -3.298124e+001  7.300000e+001
    endloop
  endfacet
  facet normal  0.000000e+000  0.000000e+000  9.999999e-001
    outer loop
      vertex -1.203885e+001 -3.298124e+001  7.300000e+001
      vertex -1.312500e+001 -3.250000e+001  7.300000e+001
      vertex -1.315951e+001 -3.285809e+001  7.300000e+001
    endloop
  endfacet
  facet normal  0.000000e+000  0.000000e+000  1.000000e+000
    outer loop
      vertex -1.203885e+001 -3.298124e+001  7.300000e+001
      vertex -1.315951e+001 -3.285809e+001  7.300000e+001
      vertex -1.215439e+001 -3.345000e+001  7.300000e+001
    endloop
  endfacet
  facet normal  0.000000e+000  0.000000e+000  1.000000e+000
    outer loop
      vertex -1.215439e+001 -3.345000e+001  7.300000e+001
      vertex -1.315951e+001 -3.285809e+001  7.300000e+001
      vertex -1.326178e+001 -3.320300e+001  7.300000e+001
    endloop
  endfacet
  facet normal  0.000000e+000  0.000000e+000  1.000000e+000
    outer loop
      vertex -1.215439e+001 -3.345000e+001  7.300000e+001
      vertex -1.326178e+001 -3.320300e+001  7.300000e+001
      vertex -1.342803e+001 -3.352202e+001  7.300000e+001
    endloop
  endfacet
  facet normal  -0.000000e+000  0.000000e+000  1.000000e+000
    outer loop
      vertex -1.215439e+001 -3.345000e+001  7.300000e+001
      vertex -1.342803e+001 -3.352202e+001  7.300000e+001
      vertex -1.234363e+001 -3.389417e+001  7.300000e+001
    endloop
  endfacet
  facet normal  0.000000e+000  0.000000e+000  1.000000e+000
    outer loop
      vertex -1.234363e+001 -3.389417e+001  7.300000e+001
      vertex -1.342803e+001 -3.352202e+001  7.300000e+001
      vertex -1.365215e+001 -3.380342e+001  7.300000e+001
    endloop
  endfacet
  facet normal  0.000000e+000  0.000000e+000  1.000000e+000
    outer loop
      vertex -1.234363e+001 -3.389417e+001  7.300000e+001
      vertex -1.365215e+001 -3.380342e+001  7.300000e+001
      vertex -1.260167e+001 -3.430223e+001  7.300000e+001
    endloop
  endfacet
  facet normal  0.000000e+000  0.000000e+000  1.000000e+000
    outer loop
      vertex -1.260167e+001 -3.430223e+001  7.300000e+001
      vertex -1.365215e+001 -3.380342e+001  7.300000e+001
      vertex -1.392589e+001 -3.403685e+001  7.300000e+001
    endloop
  endfacet
  facet normal  0.000000e+000  0.000000e+000  1.000000e+000
    outer loop
      vertex -1.260167e+001 -3.430223e+001  7.300000e+001
      vertex -1.392589e+001 -3.403685e+001  7.300000e+001
      vertex -1.423916e+001 -3.421370e+001  7.300000e+001
    endloop
  endfacet
  facet normal  0.000000e+000  0.000000e+000  9.999999e-001
    outer loop
      vertex -1.512080e+001 -3.549757e+001  7.300000e+001
      vertex -1.463839e+001 -3.547813e+001  7.300000e+001
      vertex -1.560008e+001 -3.543937e+001  7.300000e+001
    endloop
  endfacet
  facet normal  -0.000000e+000  0.000000e+000  1.000000e+000
    outer loop
      vertex -1.560008e+001 -3.543937e+001  7.300000e+001
      vertex -1.463839e+001 -3.547813e+001  7.300000e+001
      vertex -1.416535e+001 -3.538155e+001  7.300000e+001
    endloop
  endfacet
  facet normal  0.000000e+000  0.000000e+000  1.000000e+000
    outer loop
      vertex -1.560008e+001 -3.543937e+001  7.300000e+001
      vertex -1.416535e+001 -3.538155e+001  7.300000e+001
      vertex -1.606381e+001 -3.530505e+001  7.300000e+001
    endloop
  endfacet
  facet normal  -0.000000e+000  0.000000e+000  9.999999e-001
    outer loop
      vertex -1.606381e+001 -3.530505e+001  7.300000e+001
      vertex -1.416535e+001 -3.538155e+001  7.300000e+001
      vertex -1.371392e+001 -3.521035e+001  7.300000e+001
    endloop
  endfacet
  facet normal  0.000000e+000  0.000000e+000  1.000000e+000
    outer loop
      vertex -1.606381e+001 -3.530505e+001  7.300000e+001
      vertex -1.371392e+001 -3.521035e+001  7.300000e+001
      vertex -1.650000e+001 -3.509808e+001  7.300000e+001
    endloop
  endfacet
  facet normal  -0.000000e+000  0.000000e+000  1.000000e+000
    outer loop
      vertex -1.650000e+001 -3.509808e+001  7.300000e+001
      vertex -1.371392e+001 -3.521035e+001  7.300000e+001
      vertex -1.329581e+001 -3.496895e+001  7.300000e+001
    endloop
  endfacet
  facet normal  0.000000e+000  0.000000e+000  1.000000e+000
    outer loop
      vertex -1.650000e+001 -3.509808e+001  7.300000e+001
      vertex -1.329581e+001 -3.496895e+001  7.300000e+001
      vertex -1.493718e+001 -3.437395e+001  7.300000e+001
    endloop
  endfacet
  facet normal  0.000000e+000  0.000000e+000  9.999999e-001
    outer loop
      vertex -1.493718e+001 -3.437395e+001  7.300000e+001
      vertex -1.329581e+001 -3.496895e+001  7.300000e+001
      vertex -1.292183e+001 -3.466361e+001  7.300000e+001
    endloop
  endfacet
  facet normal  0.000000e+000  0.000000e+000  1.000000e+000
    outer loop
      vertex -1.493718e+001 -3.437395e+001  7.300000e+001
      vertex -1.292183e+001 -3.466361e+001  7.300000e+001
      vertex -1.458045e+001 -3.432746e+001  7.300000e+001
    endloop
  endfacet
  facet normal  -0.000000e+000  0.000000e+000  1.000000e+000
    outer loop
      vertex -1.458045e+001 -3.432746e+001  7.300000e+001
      vertex -1.292183e+001 -3.466361e+001  7.300000e+001
      vertex -1.260167e+001 -3.430223e+001  7.300000e+001
    endloop
  endfacet
  facet normal  0.000000e+000  0.000000e+000  1.000000e+000
    outer loop
      vertex -1.458045e+001 -3.432746e+001  7.300000e+001
      vertex -1.260167e+001 -3.430223e+001  7.300000e+001
      vertex -1.423916e+001 -3.421370e+001  7.300000e+001
    endloop
  endfacet
  facet normal  9.709320e-001 -2.393138e-001  4.463268e-003
    outer loop
      vertex  1.215439e+001 -3.155000e+001  7.300000e+001
      vertex  1.208346e+001 -3.179729e+001  7.517018e+001
      vertex  1.203885e+001 -3.201876e+001  7.300000e+001
    endloop
  endfacet
  facet normal  9.566708e-001 -2.911656e-001 -1.911485e-003
    outer loop
      vertex  1.215439e+001 -3.155000e+001  7.300000e+001
      vertex  1.218603e+001 -3.146002e+001  7.512890e+001
      vertex  1.208346e+001 -3.179729e+001  7.517018e+001
    endloop
  endfacet
  facet normal  9.199750e-001 -3.919662e-001  2.894273e-003
    outer loop
      vertex  1.218603e+001 -3.146002e+001  7.512890e+001
      vertex  1.215439e+001 -3.155000e+001  7.300000e+001
      vertex  1.234363e+001 -3.110583e+001  7.300000e+001
    endloop
  endfacet
  facet normal  9.125033e-001 -4.090690e-001 -5.042490e-004
    outer loop
      vertex  1.234363e+001 -3.110583e+001  7.300000e+001
      vertex  1.235115e+001 -3.109160e+001  7.506158e+001
      vertex  1.218603e+001 -3.146002e+001  7.512890e+001
    endloop
  endfacet
  facet normal  7.485023e-001 -6.631166e-001  4.535801e-003
    outer loop
      vertex  1.292183e+001 -3.033639e+001  7.300000e+001
      vertex  1.281296e+001 -3.044651e+001  7.486768e+001
      vertex  1.260167e+001 -3.069777e+001  7.300000e+001
    endloop
  endfacet
  facet normal  6.821850e-001 -7.311720e-001 -3.342427e-003
    outer loop
      vertex  1.309795e+001 -3.018004e+001  7.474380e+001
      vertex  1.281296e+001 -3.044651e+001  7.486768e+001
      vertex  1.292183e+001 -3.033639e+001  7.300000e+001
    endloop
  endfacet
  facet normal  6.324373e-001 -7.745914e-001  5.575308e-003
    outer loop
      vertex  1.329581e+001 -3.003105e+001  7.300000e+001
      vertex  1.309795e+001 -3.018004e+001  7.474380e+001
      vertex  1.292183e+001 -3.033639e+001  7.300000e+001
    endloop
  endfacet
  facet normal  5.786656e-001 -8.155549e-001 -4.025589e-003
    outer loop
      vertex  1.329581e+001 -3.003105e+001  7.300000e+001
      vertex  1.343092e+001 -2.994305e+001  7.459494e+001
      vertex  1.309795e+001 -3.018004e+001  7.474380e+001
    endloop
  endfacet
  facet normal  4.999927e-001 -8.660126e-001  5.423141e-003
    outer loop
      vertex  1.343092e+001 -2.994305e+001  7.459494e+001
      vertex  1.329581e+001 -3.003105e+001  7.300000e+001
      vertex  1.371392e+001 -2.978965e+001  7.300000e+001
    endloop
  endfacet
  facet normal  4.635555e-001 -8.860630e-001 -2.970607e-003
    outer loop
      vertex  1.371392e+001 -2.978965e+001  7.300000e+001
      vertex  1.378755e+001 -2.975592e+001  7.443049e+001
      vertex  1.343092e+001 -2.994305e+001  7.459494e+001
    endloop
  endfacet
  facet normal  4.026306e-002 -9.991536e-001  8.422239e-003
    outer loop
      vertex  1.512080e+001 -2.950243e+001  7.300000e+001
      vertex  1.500785e+001 -2.950001e+001  7.382732e+001
      vertex  1.463839e+001 -2.952187e+001  7.300000e+001
    endloop
  endfacet
  facet normal -8.411841e-002 -9.964190e-001 -8.566521e-003
    outer loop
      vertex  1.546835e+001 -2.953679e+001  7.358286e+001
      vertex  1.500785e+001 -2.950001e+001  7.382732e+001
      vertex  1.512080e+001 -2.950243e+001  7.300000e+001
    endloop
  endfacet
  facet normal -1.205262e-001 -9.926202e-001  1.336656e-002
    outer loop
      vertex  1.560008e+001 -2.956063e+001  7.300000e+001
      vertex  1.546835e+001 -2.953679e+001  7.358286e+001
      vertex  1.512080e+001 -2.950243e+001  7.300000e+001
    endloop
  endfacet
  facet normal -2.388841e-001 -9.709432e-001 -1.426970e-002
    outer loop
      vertex  1.591639e+001 -2.964339e+001  7.333582e+001
      vertex  1.546835e+001 -2.953679e+001  7.358286e+001
      vertex  1.560008e+001 -2.956063e+001  7.300000e+001
    endloop
  endfacet
  facet normal -2.781280e-001 -9.602098e-001  2.533889e-002
    outer loop
      vertex  1.606381e+001 -2.969495e+001  7.300000e+001
      vertex  1.591639e+001 -2.964339e+001  7.333582e+001
      vertex  1.560008e+001 -2.956063e+001  7.300000e+001
    endloop
  endfacet
  facet normal -3.638809e-001 -9.312949e-001 -1.674702e-002
    outer loop
      vertex  1.621435e+001 -2.975676e+001  7.316637e+001
      vertex  1.591639e+001 -2.964339e+001  7.333582e+001
      vertex  1.606381e+001 -2.969495e+001  7.300000e+001
    endloop
  endfacet
  facet normal -4.281078e-001 -9.022207e-001  5.216862e-002
    outer loop
      vertex  1.621435e+001 -2.975676e+001  7.316637e+001
      vertex  1.606381e+001 -2.969495e+001  7.300000e+001
      vertex  1.650000e+001 -2.990192e+001  7.300000e+001
    endloop
  endfacet
  facet normal  9.842780e-001 -1.766126e-001 -2.209874e-003
    outer loop
      vertex  1.208346e+001 -3.179729e+001  7.517018e+001
      vertex  1.202098e+001 -3.214579e+001  7.519513e+001
      vertex  1.203885e+001 -3.201876e+001  7.300000e+001
    endloop
  endfacet
  facet normal  9.982452e-001 -5.902864e-002  4.708028e-003
    outer loop
      vertex  1.203885e+001 -3.201876e+001  7.300000e+001
      vertex  1.202098e+001 -3.214579e+001  7.519513e+001
      vertex  1.200000e+001 -3.250000e+001  7.520348e+001
    endloop
  endfacet
  facet normal  9.967573e-001 -8.046560e-002  0.000000e+000
    outer loop
      vertex  1.203885e+001 -3.201876e+001  7.300000e+001
      vertex  1.200000e+001 -3.250000e+001  7.520348e+001
      vertex  1.200000e+001 -3.250000e+001  7.300000e+001
    endloop
  endfacet
  facet normal  7.722052e-001 -6.353704e-001 -1.878421e-003
    outer loop
      vertex  1.281296e+001 -3.044651e+001  7.486768e+001
      vertex  1.256198e+001 -3.075185e+001  7.497410e+001
      vertex  1.260167e+001 -3.069777e+001  7.300000e+001
    endloop
  endfacet
  facet normal  8.500013e-001 -5.267737e-001  2.660963e-003
    outer loop
      vertex  1.260167e+001 -3.069777e+001  7.300000e+001
      vertex  1.256198e+001 -3.075185e+001  7.497410e+001
      vertex  1.235115e+001 -3.109160e+001  7.506158e+001
    endloop
  endfacet
  facet normal  8.451899e-001 -5.344658e-001  6.068397e-004
    outer loop
      vertex  1.260167e+001 -3.069777e+001  7.300000e+001
      vertex  1.235115e+001 -3.109160e+001  7.506158e+001
      vertex  1.234363e+001 -3.110583e+001  7.300000e+001
    endloop
  endfacet
  facet normal  7.205148e-002 -9.973839e-001 -5.820567e-003
    outer loop
      vertex  1.500785e+001 -2.950001e+001  7.382732e+001
      vertex  1.454344e+001 -2.953494e+001  7.406438e+001
      vertex  1.463839e+001 -2.952187e+001  7.300000e+001
    endloop
  endfacet
  facet normal  2.200380e-001 -9.754613e-001  7.650498e-003
    outer loop
      vertex  1.463839e+001 -2.952187e+001  7.300000e+001
      vertex  1.454344e+001 -2.953494e+001  7.406438e+001
      vertex  1.416062e+001 -2.961982e+001  7.425281e+001
    endloop
  endfacet
  facet normal  2.000272e-001 -9.797903e-001 -3.192317e-004
    outer loop
      vertex  1.463839e+001 -2.952187e+001  7.300000e+001
      vertex  1.416062e+001 -2.961982e+001  7.425281e+001
      vertex  1.416535e+001 -2.961845e+001  7.300000e+001
    endloop
  endfacet
  facet normal  3.428387e-001 -9.393943e-001  2.639366e-004
    outer loop
      vertex  1.416535e+001 -2.961845e+001  7.300000e+001
      vertex  1.416062e+001 -2.961982e+001  7.425281e+001
      vertex  1.378755e+001 -2.975592e+001  7.443049e+001
    endloop
  endfacet
  facet normal  3.545998e-001 -9.350105e-001  3.791372e-003
    outer loop
      vertex  1.416535e+001 -2.961845e+001  7.300000e+001
      vertex  1.378755e+001 -2.975592e+001  7.443049e+001
      vertex  1.371392e+001 -2.978965e+001  7.300000e+001
    endloop
  endfacet
  facet normal -4.281111e-001  9.022196e-001  5.216179e-002
    outer loop
      vertex  1.606381e+001 -3.530505e+001  7.300000e+001
      vertex  1.621435e+001 -3.524324e+001  7.316637e+001
      vertex  1.650000e+001 -3.509808e+001  7.300000e+001
    endloop
  endfacet
  facet normal -3.638843e-001  9.312934e-001 -1.675404e-002
    outer loop
      vertex  1.606381e+001 -3.530505e+001  7.300000e+001
      vertex  1.591639e+001 -3.535661e+001  7.333582e+001
      vertex  1.621435e+001 -3.524324e+001  7.316637e+001
    endloop
  endfacet
  facet normal -2.781281e-001  9.602099e-001  2.533345e-002
    outer loop
      vertex  1.591639e+001 -3.535661e+001  7.333582e+001
      vertex  1.606381e+001 -3.530505e+001  7.300000e+001
      vertex  1.560008e+001 -3.543937e+001  7.300000e+001
    endloop
  endfacet
  facet normal -2.388860e-001  9.709427e-001 -1.427332e-002
    outer loop
      vertex  1.560008e+001 -3.543937e+001  7.300000e+001
      vertex  1.546835e+001 -3.546321e+001  7.358286e+001
      vertex  1.591639e+001 -3.535661e+001  7.333582e+001
    endloop
  endfacet
  facet normal -1.205224e-001  9.926206e-001  1.336421e-002
    outer loop
      vertex  1.546835e+001 -3.546321e+001  7.358286e+001
      vertex  1.560008e+001 -3.543937e+001  7.300000e+001
      vertex  1.512080e+001 -3.549757e+001  7.300000e+001
    endloop
  endfacet
  facet normal -8.411841e-002  9.964190e-001 -8.566521e-003
    outer loop
      vertex  1.512080e+001 -3.549757e+001  7.300000e+001
      vertex  1.500785e+001 -3.549999e+001  7.382732e+001
      vertex  1.546835e+001 -3.546321e+001  7.358286e+001
    endloop
  endfacet
  facet normal  4.026306e-002  9.991536e-001  8.422239e-003
    outer loop
      vertex  1.500785e+001 -3.549999e+001  7.382732e+001
      vertex  1.512080e+001 -3.549757e+001  7.300000e+001
      vertex  1.463839e+001 -3.547813e+001  7.300000e+001
    endloop
  endfacet
  facet normal  7.205480e-002  9.973837e-001 -5.822056e-003
    outer loop
      vertex  1.463839e+001 -3.547813e+001  7.300000e+001
      vertex  1.454344e+001 -3.546505e+001  7.406438e+001
      vertex  1.500785e+001 -3.549999e+001  7.382732e+001
    endloop
  endfacet
  facet normal  4.999898e-001  8.660144e-001  5.423486e-003
    outer loop
      vertex  1.329581e+001 -3.496895e+001  7.300000e+001
      vertex  1.343092e+001 -3.505695e+001  7.459494e+001
      vertex  1.371392e+001 -3.521035e+001  7.300000e+001
    endloop
  endfacet
  facet normal  5.786656e-001  8.155549e-001 -4.025589e-003
    outer loop
      vertex  1.309795e+001 -3.481996e+001  7.474380e+001
      vertex  1.343092e+001 -3.505695e+001  7.459494e+001
      vertex  1.329581e+001 -3.496895e+001  7.300000e+001
    endloop
  endfacet
  facet normal  6.324350e-001  7.745934e-001  5.574873e-003
    outer loop
      vertex  1.292183e+001 -3.466361e+001  7.300000e+001
      vertex  1.309795e+001 -3.481996e+001  7.474380e+001
      vertex  1.329581e+001 -3.496895e+001  7.300000e+001
    endloop
  endfacet
  facet normal  6.821823e-001  7.311744e-001 -3.342732e-003
    outer loop
      vertex  1.292183e+001 -3.466361e+001  7.300000e+001
      vertex  1.281296e+001 -3.455349e+001  7.486768e+001
      vertex  1.309795e+001 -3.481996e+001  7.474380e+001
    endloop
  endfacet
  facet normal  7.485040e-001  6.631147e-001  4.536019e-003
    outer loop
      vertex  1.281296e+001 -3.455349e+001  7.486768e+001
      vertex  1.292183e+001 -3.466361e+001  7.300000e+001
      vertex  1.260167e+001 -3.430223e+001  7.300000e+001
    endloop
  endfacet
  facet normal  7.722072e-001  6.353681e-001 -1.878316e-003
    outer loop
      vertex  1.260167e+001 -3.430223e+001  7.300000e+001
      vertex  1.256198e+001 -3.424815e+001  7.497410e+001
      vertex  1.281296e+001 -3.455349e+001  7.486768e+001
    endloop
  endfacet
  facet normal  9.199750e-001  3.919662e-001  2.894622e-003
    outer loop
      vertex  1.215439e+001 -3.345000e+001  7.300000e+001
      vertex  1.218603e+001 -3.353999e+001  7.512890e+001
      vertex  1.234363e+001 -3.389417e+001  7.300000e+001
    endloop
  endfacet
  facet normal  9.566717e-001  2.911626e-001 -1.911366e-003
    outer loop
      vertex  1.208346e+001 -3.320271e+001  7.517018e+001
      vertex  1.218603e+001 -3.353999e+001  7.512890e+001
      vertex  1.215439e+001 -3.345000e+001  7.300000e+001
    endloop
  endfacet
  facet normal  9.709320e-001  2.393138e-001  4.463057e-003
    outer loop
      vertex  1.203885e+001 -3.298124e+001  7.300000e+001
      vertex  1.208346e+001 -3.320271e+001  7.517018e+001
      vertex  1.215439e+001 -3.345000e+001  7.300000e+001
    endloop
  endfacet
  facet normal  4.635558e-001  8.860628e-001 -2.969451e-003
    outer loop
      vertex  1.343092e+001 -3.505695e+001  7.459494e+001
      vertex  1.378755e+001 -3.524408e+001  7.443049e+001
      vertex  1.371392e+001 -3.521035e+001  7.300000e+001
    endloop
  endfacet
  facet normal  3.445719e-001  9.387496e-001  4.396914e-003
    outer loop
      vertex  1.371392e+001 -3.521035e+001  7.300000e+001
      vertex  1.378755e+001 -3.524408e+001  7.443049e+001
      vertex  1.416062e+001 -3.538018e+001  7.425281e+001
    endloop
  endfacet
  facet normal  3.546058e-001  9.350159e-001  3.131378e-004
    outer loop
      vertex  1.371392e+001 -3.521035e+001  7.300000e+001
      vertex  1.416062e+001 -3.538018e+001  7.425281e+001
      vertex  1.416535e+001 -3.538155e+001  7.300000e+001
    endloop
  endfacet
  facet normal  2.163328e-001  9.763196e-001 -2.538993e-004
    outer loop
      vertex  1.416535e+001 -3.538155e+001  7.300000e+001
      vertex  1.416062e+001 -3.538018e+001  7.425281e+001
      vertex  1.454344e+001 -3.546505e+001  7.406438e+001
    endloop
  endfacet
  facet normal  2.000238e-001  9.797738e-001  5.810323e-003
    outer loop
      vertex  1.416535e+001 -3.538155e+001  7.300000e+001
      vertex  1.454344e+001 -3.546505e+001  7.406438e+001
      vertex  1.463839e+001 -3.547813e+001  7.300000e+001
    endloop
  endfacet
  facet normal  9.125034e-001  4.090689e-001 -5.038709e-004
    outer loop
      vertex  1.218603e+001 -3.353999e+001  7.512890e+001
      vertex  1.235115e+001 -3.390840e+001  7.506158e+001
      vertex  1.234363e+001 -3.389417e+001  7.300000e+001
    endloop
  endfacet
  facet normal  8.497585e-001  5.271720e-001  5.403177e-004
    outer loop
      vertex  1.234363e+001 -3.389417e+001  7.300000e+001
      vertex  1.235115e+001 -3.390840e+001  7.506158e+001
      vertex  1.256198e+001 -3.424815e+001  7.497410e+001
    endloop
  endfacet
  facet normal  8.451877e-001  5.344644e-001  2.353478e-003
    outer loop
      vertex  1.234363e+001 -3.389417e+001  7.300000e+001
      vertex  1.256198e+001 -3.424815e+001  7.497410e+001
      vertex  1.260167e+001 -3.430223e+001  7.300000e+001
    endloop
  endfacet
  facet normal  9.842777e-001  1.766136e-001 -2.209930e-003
    outer loop
      vertex  1.208346e+001 -3.320271e+001  7.517018e+001
      vertex  1.203885e+001 -3.298124e+001  7.300000e+001
      vertex  1.202098e+001 -3.285421e+001  7.519513e+001
    endloop
  endfacet
  facet normal  9.967515e-001  8.046514e-002  3.455407e-003
    outer loop
      vertex  1.202098e+001 -3.285421e+001  7.519513e+001
      vertex  1.203885e+001 -3.298124e+001  7.300000e+001
      vertex  1.200000e+001 -3.250000e+001  7.300000e+001
    endloop
  endfacet
  facet normal  9.982497e-001  5.913985e-002  -0.000000e+000
    outer loop
      vertex  1.202098e+001 -3.285421e+001  7.519513e+001
      vertex  1.200000e+001 -3.250000e+001  7.300000e+001
      vertex  1.200000e+001 -3.250000e+001  7.520348e+001
    endloop
  endfacet
  facet normal  0.000000e+000  0.000000e+000  1.000000e+000
    outer loop
      vertex  1.493718e+001 -3.062605e+001  7.300000e+001
      vertex  1.329581e+001 -3.003105e+001  7.300000e+001
      vertex  1.292183e+001 -3.033639e+001  7.300000e+001
    endloop
  endfacet
  facet normal  -0.000000e+000  0.000000e+000  1.000000e+000
    outer loop
      vertex  1.392589e+001 -3.096315e+001  7.300000e+001
      vertex  1.234363e+001 -3.110583e+001  7.300000e+001
      vertex  1.365215e+001 -3.119657e+001  7.300000e+001
    endloop
  endfacet
  facet normal  0.000000e+000  0.000000e+000  9.999999e-001
    outer loop
      vertex  1.650000e+001 -2.990192e+001  7.300000e+001
      vertex  1.606381e+001 -2.969495e+001  7.300000e+001
      vertex  1.371392e+001 -2.978965e+001  7.300000e+001
    endloop
  endfacet
  facet normal  0.000000e+000  0.000000e+000  1.000000e+000
    outer loop
      vertex  1.650000e+001 -2.990192e+001  7.300000e+001
      vertex  1.371392e+001 -2.978965e+001  7.300000e+001
      vertex  1.329581e+001 -3.003105e+001  7.300000e+001
    endloop
  endfacet
  facet normal  -0.000000e+000  0.000000e+000  1.000000e+000
    outer loop
      vertex  1.650000e+001 -2.990192e+001  7.300000e+001
      vertex  1.329581e+001 -3.003105e+001  7.300000e+001
      vertex  1.493718e+001 -3.062605e+001  7.300000e+001
    endloop
  endfacet
  facet normal  -0.000000e+000  0.000000e+000  1.000000e+000
    outer loop
      vertex  1.650000e+001 -2.990192e+001  7.300000e+001
      vertex  1.493718e+001 -3.062605e+001  7.300000e+001
      vertex  1.529623e+001 -3.064855e+001  7.300000e+001
    endloop
  endfacet
  facet normal  -0.000000e+000  0.000000e+000  1.000000e+000
    outer loop
      vertex  1.650000e+001 -2.990192e+001  7.300000e+001
      vertex  1.529623e+001 -3.064855e+001  7.300000e+001
      vertex  1.564436e+001 -3.073920e+001  7.300000e+001
    endloop
  endfacet
  facet normal  -0.000000e+000  0.000000e+000  1.000000e+000
    outer loop
      vertex  1.650000e+001 -2.990192e+001  7.300000e+001
      vertex  1.564436e+001 -3.073920e+001  7.300000e+001
      vertex  1.596878e+001 -3.089467e+001  7.300000e+001
    endloop
  endfacet
  facet normal  -0.000000e+000  0.000000e+000  1.000000e+000
    outer loop
      vertex  1.650000e+001 -2.990192e+001  7.300000e+001
      vertex  1.596878e+001 -3.089467e+001  7.300000e+001
      vertex  1.625754e+001 -3.110924e+001  7.300000e+001
    endloop
  endfacet
  facet normal  -0.000000e+000  0.000000e+000  1.000000e+000
    outer loop
      vertex  1.650000e+001 -2.990192e+001  7.300000e+001
      vertex  1.625754e+001 -3.110924e+001  7.300000e+001
      vertex  1.650000e+001 -3.137500e+001  7.300000e+001
    endloop
  endfacet
  facet normal  0.000000e+000  0.000000e+000  1.000000e+000
    outer loop
      vertex  1.650000e+001 -3.509808e+001  7.300000e+001
      vertex  1.650000e+001 -3.362500e+001  7.300000e+001
      vertex  1.625754e+001 -3.389076e+001  7.300000e+001
    endloop
  endfacet
  facet normal  0.000000e+000  0.000000e+000  1.000000e+000
    outer loop
      vertex  1.650000e+001 -3.509808e+001  7.300000e+001
      vertex  1.625754e+001 -3.389076e+001  7.300000e+001
      vertex  1.596878e+001 -3.410533e+001  7.300000e+001
    endloop
  endfacet
  facet normal  0.000000e+000  0.000000e+000  1.000000e+000
    outer loop
      vertex  1.650000e+001 -3.509808e+001  7.300000e+001
      vertex  1.596878e+001 -3.410533e+001  7.300000e+001
      vertex  1.564436e+001 -3.426080e+001  7.300000e+001
    endloop
  endfacet
  facet normal  0.000000e+000  0.000000e+000  9.999999e-001
    outer loop
      vertex  1.650000e+001 -3.509808e+001  7.300000e+001
      vertex  1.564436e+001 -3.426080e+001  7.300000e+001
      vertex  1.529623e+001 -3.435145e+001  7.300000e+001
    endloop
  endfacet
  facet normal  0.000000e+000  0.000000e+000  1.000000e+000
    outer loop
      vertex  1.650000e+001 -3.509808e+001  7.300000e+001
      vertex  1.529623e+001 -3.435145e+001  7.300000e+001
      vertex  1.493718e+001 -3.437395e+001  7.300000e+001
    endloop
  endfacet
  facet normal  -0.000000e+000  0.000000e+000  1.000000e+000
    outer loop
      vertex  1.512080e+001 -2.950243e+001  7.300000e+001
      vertex  1.463839e+001 -2.952187e+001  7.300000e+001
      vertex  1.560008e+001 -2.956063e+001  7.300000e+001
    endloop
  endfacet
  facet normal  0.000000e+000  0.000000e+000  1.000000e+000
    outer loop
      vertex  1.560008e+001 -2.956063e+001  7.300000e+001
      vertex  1.463839e+001 -2.952187e+001  7.300000e+001
      vertex  1.416535e+001 -2.961845e+001  7.300000e+001
    endloop
  endfacet
  facet normal  -0.000000e+000  0.000000e+000  1.000000e+000
    outer loop
      vertex  1.560008e+001 -2.956063e+001  7.300000e+001
      vertex  1.416535e+001 -2.961845e+001  7.300000e+001
      vertex  1.606381e+001 -2.969495e+001  7.300000e+001
    endloop
  endfacet
  facet normal  0.000000e+000  0.000000e+000  1.000000e+000
    outer loop
      vertex  1.606381e+001 -2.969495e+001  7.300000e+001
      vertex  1.416535e+001 -2.961845e+001  7.300000e+001
      vertex  1.371392e+001 -2.978965e+001  7.300000e+001
    endloop
  endfacet
  facet normal  0.000000e+000  0.000000e+000  9.999999e-001
    outer loop
      vertex  1.493718e+001 -3.062605e+001  7.300000e+001
      vertex  1.292183e+001 -3.033639e+001  7.300000e+001
      vertex  1.458045e+001 -3.067254e+001  7.300000e+001
    endloop
  endfacet
  facet normal  0.000000e+000  0.000000e+000  1.000000e+000
    outer loop
      vertex  1.458045e+001 -3.067254e+001  7.300000e+001
      vertex  1.292183e+001 -3.033639e+001  7.300000e+001
      vertex  1.260167e+001 -3.069777e+001  7.300000e+001
    endloop
  endfacet
  facet normal  -0.000000e+000  0.000000e+000  1.000000e+000
    outer loop
      vertex  1.458045e+001 -3.067254e+001  7.300000e+001
      vertex  1.260167e+001 -3.069777e+001  7.300000e+001
      vertex  1.423916e+001 -3.078630e+001  7.300000e+001
    endloop
  endfacet
  facet normal  0.000000e+000  0.000000e+000  1.000000e+000
    outer loop
      vertex  1.423916e+001 -3.078630e+001  7.300000e+001
      vertex  1.260167e+001 -3.069777e+001  7.300000e+001
      vertex  1.234363e+001 -3.110583e+001  7.300000e+001
    endloop
  endfacet
  facet normal  0.000000e+000  0.000000e+000  1.000000e+000
    outer loop
      vertex  1.423916e+001 -3.078630e+001  7.300000e+001
      vertex  1.234363e+001 -3.110583e+001  7.300000e+001
      vertex  1.392589e+001 -3.096315e+001  7.300000e+001
    endloop
  endfacet
  facet normal  0.000000e+000  0.000000e+000  1.000000e+000
    outer loop
      vertex  1.365215e+001 -3.119657e+001  7.300000e+001
      vertex  1.234363e+001 -3.110583e+001  7.300000e+001
      vertex  1.342803e+001 -3.147798e+001  7.300000e+001
    endloop
  endfacet
  facet normal  0.000000e+000  0.000000e+000  1.000000e+000
    outer loop
      vertex  1.342803e+001 -3.147798e+001  7.300000e+001
      vertex  1.234363e+001 -3.110583e+001  7.300000e+001
      vertex  1.215439e+001 -3.155000e+001  7.300000e+001
    endloop
  endfacet
  facet normal  -0.000000e+000  0.000000e+000  1.000000e+000
    outer loop
      vertex  1.342803e+001 -3.147798e+001  7.300000e+001
      vertex  1.215439e+001 -3.155000e+001  7.300000e+001
      vertex  1.326178e+001 -3.179700e+001  7.300000e+001
    endloop
  endfacet
  facet normal  0.000000e+000  0.000000e+000  1.000000e+000
    outer loop
      vertex  1.326178e+001 -3.179700e+001  7.300000e+001
      vertex  1.215439e+001 -3.155000e+001  7.300000e+001
      vertex  1.203885e+001 -3.201876e+001  7.300000e+001
    endloop
  endfacet
  facet normal  -0.000000e+000  0.000000e+000  1.000000e+000
    outer loop
      vertex  1.326178e+001 -3.179700e+001  7.300000e+001
      vertex  1.203885e+001 -3.201876e+001  7.300000e+001
      vertex  1.315951e+001 -3.214191e+001  7.300000e+001
    endloop
  endfacet
  facet normal  0.000000e+000  0.000000e+000  9.999999e-001
    outer loop
      vertex  1.315951e+001 -3.214191e+001  7.300000e+001
      vertex  1.203885e+001 -3.201876e+001  7.300000e+001
      vertex  1.312500e+001 -3.250000e+001  7.300000e+001
    endloop
  endfacet
  facet normal  0.000000e+000  0.000000e+000  1.000000e+000
    outer loop
      vertex  1.312500e+001 -3.250000e+001  7.300000e+001
      vertex  1.203885e+001 -3.201876e+001  7.300000e+001
      vertex  1.200000e+001 -3.250000e+001  7.300000e+001
    endloop
  endfacet
  facet normal  -0.000000e+000  0.000000e+000  1.000000e+000
    outer loop
      vertex  1.312500e+001 -3.250000e+001  7.300000e+001
      vertex  1.200000e+001 -3.250000e+001  7.300000e+001
      vertex  1.315951e+001 -3.285809e+001  7.300000e+001
    endloop
  endfacet
  facet normal  0.000000e+000  0.000000e+000  1.000000e+000
    outer loop
      vertex  1.315951e+001 -3.285809e+001  7.300000e+001
      vertex  1.200000e+001 -3.250000e+001  7.300000e+001
      vertex  1.203885e+001 -3.298124e+001  7.300000e+001
    endloop
  endfacet
  facet normal  -0.000000e+000  0.000000e+000  1.000000e+000
    outer loop
      vertex  1.315951e+001 -3.285809e+001  7.300000e+001
      vertex  1.203885e+001 -3.298124e+001  7.300000e+001
      vertex  1.326178e+001 -3.320300e+001  7.300000e+001
    endloop
  endfacet
  facet normal  0.000000e+000  0.000000e+000  1.000000e+000
    outer loop
      vertex  1.326178e+001 -3.320300e+001  7.300000e+001
      vertex  1.203885e+001 -3.298124e+001  7.300000e+001
      vertex  1.215439e+001 -3.345000e+001  7.300000e+001
    endloop
  endfacet
  facet normal  -0.000000e+000  0.000000e+000  1.000000e+000
    outer loop
      vertex  1.326178e+001 -3.320300e+001  7.300000e+001
      vertex  1.215439e+001 -3.345000e+001  7.300000e+001
      vertex  1.342803e+001 -3.352202e+001  7.300000e+001
    endloop
  endfacet
  facet normal  0.000000e+000  0.000000e+000  9.999999e-001
    outer loop
      vertex  1.342803e+001 -3.352202e+001  7.300000e+001
      vertex  1.215439e+001 -3.345000e+001  7.300000e+001
      vertex  1.365215e+001 -3.380342e+001  7.300000e+001
    endloop
  endfacet
  facet normal  0.000000e+000  0.000000e+000  1.000000e+000
    outer loop
      vertex  1.365215e+001 -3.380342e+001  7.300000e+001
      vertex  1.215439e+001 -3.345000e+001  7.300000e+001
      vertex  1.234363e+001 -3.389417e+001  7.300000e+001
    endloop
  endfacet
  facet normal  -0.000000e+000  0.000000e+000  1.000000e+000
    outer loop
      vertex  1.365215e+001 -3.380342e+001  7.300000e+001
      vertex  1.234363e+001 -3.389417e+001  7.300000e+001
      vertex  1.392589e+001 -3.403685e+001  7.300000e+001
    endloop
  endfacet
  facet normal  0.000000e+000  0.000000e+000  1.000000e+000
    outer loop
      vertex  1.392589e+001 -3.403685e+001  7.300000e+001
      vertex  1.234363e+001 -3.389417e+001  7.300000e+001
      vertex  1.260167e+001 -3.430223e+001  7.300000e+001
    endloop
  endfacet
  facet normal  0.000000e+000  0.000000e+000  1.000000e+000
    outer loop
      vertex  1.392589e+001 -3.403685e+001  7.300000e+001
      vertex  1.260167e+001 -3.430223e+001  7.300000e+001
      vertex  1.423916e+001 -3.421370e+001  7.300000e+001
    endloop
  endfacet
  facet normal  0.000000e+000  0.000000e+000  1.000000e+000
    outer loop
      vertex  1.463839e+001 -3.547813e+001  7.300000e+001
      vertex  1.512080e+001 -3.549757e+001  7.300000e+001
      vertex  1.416535e+001 -3.538155e+001  7.300000e+001
    endloop
  endfacet
  facet normal  0.000000e+000  0.000000e+000  1.000000e+000
    outer loop
      vertex  1.416535e+001 -3.538155e+001  7.300000e+001
      vertex  1.512080e+001 -3.549757e+001  7.300000e+001
      vertex  1.560008e+001 -3.543937e+001  7.300000e+001
    endloop
  endfacet
  facet normal  0.000000e+000  0.000000e+000  1.000000e+000
    outer loop
      vertex  1.416535e+001 -3.538155e+001  7.300000e+001
      vertex  1.560008e+001 -3.543937e+001  7.300000e+001
      vertex  1.371392e+001 -3.521035e+001  7.300000e+001
    endloop
  endfacet
  facet normal  0.000000e+000  0.000000e+000  1.000000e+000
    outer loop
      vertex  1.371392e+001 -3.521035e+001  7.300000e+001
      vertex  1.560008e+001 -3.543937e+001  7.300000e+001
      vertex  1.606381e+001 -3.530505e+001  7.300000e+001
    endloop
  endfacet
  facet normal  0.000000e+000  0.000000e+000  1.000000e+000
    outer loop
      vertex  1.371392e+001 -3.521035e+001  7.300000e+001
      vertex  1.606381e+001 -3.530505e+001  7.300000e+001
      vertex  1.329581e+001 -3.496895e+001  7.300000e+001
    endloop
  endfacet
  facet normal  0.000000e+000  0.000000e+000  1.000000e+000
    outer loop
      vertex  1.329581e+001 -3.496895e+001  7.300000e+001
      vertex  1.606381e+001 -3.530505e+001  7.300000e+001
      vertex  1.650000e+001 -3.509808e+001  7.300000e+001
    endloop
  endfacet
  facet normal  0.000000e+000  0.000000e+000  1.000000e+000
    outer loop
      vertex  1.329581e+001 -3.496895e+001  7.300000e+001
      vertex  1.650000e+001 -3.509808e+001  7.300000e+001
      vertex  1.292183e+001 -3.466361e+001  7.300000e+001
    endloop
  endfacet
  facet normal  -0.000000e+000  0.000000e+000  1.000000e+000
    outer loop
      vertex  1.292183e+001 -3.466361e+001  7.300000e+001
      vertex  1.650000e+001 -3.509808e+001  7.300000e+001
      vertex  1.493718e+001 -3.437395e+001  7.300000e+001
    endloop
  endfacet
  facet normal  0.000000e+000  0.000000e+000  1.000000e+000
    outer loop
      vertex  1.292183e+001 -3.466361e+001  7.300000e+001
      vertex  1.493718e+001 -3.437395e+001  7.300000e+001
      vertex  1.260167e+001 -3.430223e+001  7.300000e+001
    endloop
  endfacet
  facet normal  0.000000e+000  0.000000e+000  1.000000e+000
    outer loop
      vertex  1.260167e+001 -3.430223e+001  7.300000e+001
      vertex  1.493718e+001 -3.437395e+001  7.300000e+001
      vertex  1.458045e+001 -3.432746e+001  7.300000e+001
    endloop
  endfacet
  facet normal  0.000000e+000  0.000000e+000  9.999999e-001
    outer loop
      vertex  1.260167e+001 -3.430223e+001  7.300000e+001
      vertex  1.458045e+001 -3.432746e+001  7.300000e+001
      vertex  1.423916e+001 -3.421370e+001  7.300000e+001
    endloop
  endfacet
  facet normal  9.709322e-001 -2.393133e-001  4.463325e-003
    outer loop
      vertex  1.215439e+001  1.345000e+001  7.300000e+001
      vertex  1.208346e+001  1.320271e+001  7.517018e+001
      vertex  1.203885e+001  1.298123e+001  7.300000e+001
    endloop
  endfacet
  facet normal  9.566712e-001 -2.911641e-001 -1.911296e-003
    outer loop
      vertex  1.215439e+001  1.345000e+001  7.300000e+001
      vertex  1.218603e+001  1.353998e+001  7.512890e+001
      vertex  1.208346e+001  1.320271e+001  7.517018e+001
    endloop
  endfacet
  facet normal  9.199757e-001 -3.919648e-001  2.894553e-003
    outer loop
      vertex  1.218603e+001  1.353998e+001  7.512890e+001
      vertex  1.215439e+001  1.345000e+001  7.300000e+001
      vertex  1.234363e+001  1.389417e+001  7.300000e+001
    endloop
  endfacet
  facet normal  9.125029e-001 -4.090699e-001 -5.044306e-004
    outer loop
      vertex  1.234363e+001  1.389417e+001  7.300000e+001
      vertex  1.235115e+001  1.390840e+001  7.506158e+001
      vertex  1.218603e+001  1.353998e+001  7.512890e+001
    endloop
  endfacet
  facet normal  7.485031e-001 -6.631157e-001  4.535571e-003
    outer loop
      vertex  1.292183e+001  1.466361e+001  7.300000e+001
      vertex  1.281296e+001  1.455349e+001  7.486768e+001
      vertex  1.260167e+001  1.430223e+001  7.300000e+001
    endloop
  endfacet
  facet normal  6.821849e-001 -7.311721e-001 -3.342811e-003
    outer loop
      vertex  1.309795e+001  1.481996e+001  7.474380e+001
      vertex  1.281296e+001  1.455349e+001  7.486768e+001
      vertex  1.292183e+001  1.466361e+001  7.300000e+001
    endloop
  endfacet
  facet normal  6.324350e-001 -7.745934e-001  5.575300e-003
    outer loop
      vertex  1.329581e+001  1.496895e+001  7.300000e+001
      vertex  1.309795e+001  1.481996e+001  7.474380e+001
      vertex  1.292183e+001  1.466361e+001  7.300000e+001
    endloop
  endfacet
  facet normal  5.786658e-001 -8.155548e-001 -4.025120e-003
    outer loop
      vertex  1.329581e+001  1.496895e+001  7.300000e+001
      vertex  1.343092e+001  1.505695e+001  7.459494e+001
      vertex  1.309795e+001  1.481996e+001  7.474380e+001
    endloop
  endfacet
  facet normal  4.999927e-001 -8.660126e-001  5.423659e-003
    outer loop
      vertex  1.343092e+001  1.505695e+001  7.459494e+001
      vertex  1.329581e+001  1.496895e+001  7.300000e+001
      vertex  1.371392e+001  1.521035e+001  7.300000e+001
    endloop
  endfacet
  facet normal  4.635556e-001 -8.860628e-001 -2.970028e-003
    outer loop
      vertex  1.371392e+001  1.521035e+001  7.300000e+001
      vertex  1.378755e+001  1.524408e+001  7.443049e+001
      vertex  1.343092e+001  1.505695e+001  7.459494e+001
    endloop
  endfacet
  facet normal  4.026503e-002 -9.991535e-001  8.422508e-003
    outer loop
      vertex  1.512080e+001  1.549757e+001  7.300000e+001
      vertex  1.500785e+001  1.549999e+001  7.382732e+001
      vertex  1.463839e+001  1.547813e+001  7.300000e+001
    endloop
  endfacet
  facet normal -8.411841e-002 -9.964190e-001 -8.566521e-003
    outer loop
      vertex  1.546835e+001  1.546322e+001  7.358286e+001
      vertex  1.500785e+001  1.549999e+001  7.382732e+001
      vertex  1.512080e+001  1.549757e+001  7.300000e+001
    endloop
  endfacet
  facet normal -1.205262e-001 -9.926202e-001  1.336656e-002
    outer loop
      vertex  1.560008e+001  1.543937e+001  7.300000e+001
      vertex  1.546835e+001  1.546322e+001  7.358286e+001
      vertex  1.512080e+001  1.549757e+001  7.300000e+001
    endloop
  endfacet
  facet normal -2.388863e-001 -9.709427e-001 -1.427022e-002
    outer loop
      vertex  1.591639e+001  1.535661e+001  7.333582e+001
      vertex  1.546835e+001  1.546322e+001  7.358286e+001
      vertex  1.560008e+001  1.543937e+001  7.300000e+001
    endloop
  endfacet
  facet normal -2.781280e-001 -9.602098e-001  2.533617e-002
    outer loop
      vertex  1.606381e+001  1.530505e+001  7.300000e+001
      vertex  1.591639e+001  1.535661e+001  7.333582e+001
      vertex  1.560008e+001  1.543937e+001  7.300000e+001
    endloop
  endfacet
  facet normal -3.638827e-001 -9.312942e-001 -1.675053e-002
    outer loop
      vertex  1.621435e+001  1.524324e+001  7.316637e+001
      vertex  1.591639e+001  1.535661e+001  7.333582e+001
      vertex  1.606381e+001  1.530505e+001  7.300000e+001
    endloop
  endfacet
  facet normal -4.281095e-001 -9.022201e-001  5.216521e-002
    outer loop
      vertex  1.621435e+001  1.524324e+001  7.316637e+001
      vertex  1.606381e+001  1.530505e+001  7.300000e+001
      vertex  1.650000e+001  1.509808e+001  7.300000e+001
    endloop
  endfacet
  facet normal  9.842777e-001 -1.766136e-001 -2.209698e-003
    outer loop
      vertex  1.208346e+001  1.320271e+001  7.517018e+001
      vertex  1.202098e+001  1.285421e+001  7.519513e+001
      vertex  1.203885e+001  1.298123e+001  7.300000e+001
    endloop
  endfacet
  facet normal  9.982452e-001 -5.902848e-002  4.708114e-003
    outer loop
      vertex  1.203885e+001  1.298123e+001  7.300000e+001
      vertex  1.202098e+001  1.285421e+001  7.519513e+001
      vertex  1.200000e+001  1.250000e+001  7.520348e+001
    endloop
  endfacet
  facet normal  9.967574e-001 -8.046593e-002  0.000000e+000
    outer loop
      vertex  1.203885e+001  1.298123e+001  7.300000e+001
      vertex  1.200000e+001  1.250000e+001  7.520348e+001
      vertex  1.200000e+001  1.250000e+001  7.300000e+001
    endloop
  endfacet
  facet normal  7.722043e-001 -6.353716e-001 -1.878164e-003
    outer loop
      vertex  1.281296e+001  1.455349e+001  7.486768e+001
      vertex  1.256198e+001  1.424815e+001  7.497410e+001
      vertex  1.260167e+001  1.430223e+001  7.300000e+001
    endloop
  endfacet
  facet normal  8.500020e-001 -5.267726e-001  2.661262e-003
    outer loop
      vertex  1.260167e+001  1.430223e+001  7.300000e+001
      vertex  1.256198e+001  1.424815e+001  7.497410e+001
      vertex  1.235115e+001  1.390840e+001  7.506158e+001
    endloop
  endfacet
  facet normal  8.451893e-001 -5.344667e-001  6.066007e-004
    outer loop
      vertex  1.260167e+001  1.430223e+001  7.300000e+001
      vertex  1.235115e+001  1.390840e+001  7.506158e+001
      vertex  1.234363e+001  1.389417e+001  7.300000e+001
    endloop
  endfacet
  facet normal  7.205529e-002 -9.973837e-001 -5.821120e-003
    outer loop
      vertex  1.500785e+001  1.549999e+001  7.382732e+001
      vertex  1.454344e+001  1.546505e+001  7.406438e+001
      vertex  1.463839e+001  1.547813e+001  7.300000e+001
    endloop
  endfacet
  facet normal  2.200376e-001 -9.754615e-001  7.649585e-003
    outer loop
      vertex  1.463839e+001  1.547813e+001  7.300000e+001
      vertex  1.454344e+001  1.546505e+001  7.406438e+001
      vertex  1.416062e+001  1.538018e+001  7.425281e+001
    endloop
  endfacet
  facet normal  2.000253e-001 -9.797907e-001 -3.207311e-004
    outer loop
      vertex  1.463839e+001  1.547813e+001  7.300000e+001
      vertex  1.416062e+001  1.538018e+001  7.425281e+001
      vertex  1.416535e+001  1.538155e+001  7.300000e+001
    endloop
  endfacet
  facet normal  3.428360e-001 -9.393953e-001  2.624949e-004
    outer loop
      vertex  1.416535e+001  1.538155e+001  7.300000e+001
      vertex  1.416062e+001  1.538018e+001  7.425281e+001
      vertex  1.378755e+001  1.524408e+001  7.443049e+001
    endloop
  endfacet
  facet normal  3.546032e-001 -9.350092e-001  3.791787e-003
    outer loop
      vertex  1.416535e+001  1.538155e+001  7.300000e+001
      vertex  1.378755e+001  1.524408e+001  7.443049e+001
      vertex  1.371392e+001  1.521035e+001  7.300000e+001
    endloop
  endfacet
  facet normal -4.281095e-001  9.022201e-001  5.216521e-002
    outer loop
      vertex  1.606381e+001  9.694951e+000  7.300000e+001
      vertex  1.621435e+001  9.756763e+000  7.316637e+001
      vertex  1.650000e+001  9.901924e+000  7.300000e+001
    endloop
  endfacet
  facet normal -3.638827e-001  9.312942e-001 -1.675053e-002
    outer loop
      vertex  1.606381e+001  9.694951e+000  7.300000e+001
      vertex  1.591639e+001  9.643387e+000  7.333582e+001
      vertex  1.621435e+001  9.756763e+000  7.316637e+001
    endloop
  endfacet
  facet normal -2.781280e-001  9.602098e-001  2.533617e-002
    outer loop
      vertex  1.591639e+001  9.643387e+000  7.333582e+001
      vertex  1.606381e+001  9.694951e+000  7.300000e+001
      vertex  1.560008e+001  9.560628e+000  7.300000e+001
    endloop
  endfacet
  facet normal -2.388863e-001  9.709427e-001 -1.427022e-002
    outer loop
      vertex  1.560008e+001  9.560628e+000  7.300000e+001
      vertex  1.546835e+001  9.536784e+000  7.358286e+001
      vertex  1.591639e+001  9.643387e+000  7.333582e+001
    endloop
  endfacet
  facet normal -1.205262e-001  9.926202e-001  1.336656e-002
    outer loop
      vertex  1.546835e+001  9.536784e+000  7.358286e+001
      vertex  1.560008e+001  9.560628e+000  7.300000e+001
      vertex  1.512080e+001  9.502433e+000  7.300000e+001
    endloop
  endfacet
  facet normal -8.411841e-002  9.964190e-001 -8.566521e-003
    outer loop
      vertex  1.512080e+001  9.502433e+000  7.300000e+001
      vertex  1.500785e+001  9.500010e+000  7.382732e+001
      vertex  1.546835e+001  9.536784e+000  7.358286e+001
    endloop
  endfacet
  facet normal  4.026503e-002  9.991535e-001  8.422507e-003
    outer loop
      vertex  1.500785e+001  9.500010e+000  7.382732e+001
      vertex  1.512080e+001  9.502433e+000  7.300000e+001
      vertex  1.463839e+001  9.521873e+000  7.300000e+001
    endloop
  endfacet
  facet normal  7.205529e-002  9.973837e-001 -5.821120e-003
    outer loop
      vertex  1.463839e+001  9.521873e+000  7.300000e+001
      vertex  1.454344e+001  9.534945e+000  7.406438e+001
      vertex  1.500785e+001  9.500010e+000  7.382732e+001
    endloop
  endfacet
  facet normal  4.999927e-001  8.660126e-001  5.423659e-003
    outer loop
      vertex  1.329581e+001  1.003105e+001  7.300000e+001
      vertex  1.343092e+001  9.943050e+000  7.459494e+001
      vertex  1.371392e+001  9.789649e+000  7.300000e+001
    endloop
  endfacet
  facet normal  5.786658e-001  8.155548e-001 -4.025120e-003
    outer loop
      vertex  1.309795e+001  1.018004e+001  7.474380e+001
      vertex  1.343092e+001  9.943050e+000  7.459494e+001
      vertex  1.329581e+001  1.003105e+001  7.300000e+001
    endloop
  endfacet
  facet normal  6.324350e-001  7.745934e-001  5.575300e-003
    outer loop
      vertex  1.292183e+001  1.033639e+001  7.300000e+001
      vertex  1.309795e+001  1.018004e+001  7.474380e+001
      vertex  1.329581e+001  1.003105e+001  7.300000e+001
    endloop
  endfacet
  facet normal  6.821849e-001  7.311721e-001 -3.342811e-003
    outer loop
      vertex  1.292183e+001  1.033639e+001  7.300000e+001
      vertex  1.281296e+001  1.044651e+001  7.486768e+001
      vertex  1.309795e+001  1.018004e+001  7.474380e+001
    endloop
  endfacet
  facet normal  7.485031e-001  6.631157e-001  4.535572e-003
    outer loop
      vertex  1.281296e+001  1.044651e+001  7.486768e+001
      vertex  1.292183e+001  1.033639e+001  7.300000e+001
      vertex  1.260167e+001  1.069777e+001  7.300000e+001
    endloop
  endfacet
  facet normal  7.722043e-001  6.353716e-001 -1.878164e-003
    outer loop
      vertex  1.260167e+001  1.069777e+001  7.300000e+001
      vertex  1.256198e+001  1.075185e+001  7.497410e+001
      vertex  1.281296e+001  1.044651e+001  7.486768e+001
    endloop
  endfacet
  facet normal  9.199757e-001  3.919648e-001  2.894553e-003
    outer loop
      vertex  1.215439e+001  1.155000e+001  7.300000e+001
      vertex  1.218603e+001  1.146002e+001  7.512890e+001
      vertex  1.234363e+001  1.110583e+001  7.300000e+001
    endloop
  endfacet
  facet normal  9.566712e-001  2.911641e-001 -1.911296e-003
    outer loop
      vertex  1.208346e+001  1.179729e+001  7.517018e+001
      vertex  1.218603e+001  1.146002e+001  7.512890e+001
      vertex  1.215439e+001  1.155000e+001  7.300000e+001
    endloop
  endfacet
  facet normal  9.709322e-001  2.393133e-001  4.463325e-003
    outer loop
      vertex  1.203885e+001  1.201877e+001  7.300000e+001
      vertex  1.208346e+001  1.179729e+001  7.517018e+001
      vertex  1.215439e+001  1.155000e+001  7.300000e+001
    endloop
  endfacet
  facet normal  4.635556e-001  8.860628e-001 -2.970028e-003
    outer loop
      vertex  1.343092e+001  9.943050e+000  7.459494e+001
      vertex  1.378755e+001  9.755924e+000  7.443049e+001
      vertex  1.371392e+001  9.789649e+000  7.300000e+001
    endloop
  endfacet
  facet normal  3.445696e-001  9.387505e-001  4.396427e-003
    outer loop
      vertex  1.371392e+001  9.789649e+000  7.300000e+001
      vertex  1.378755e+001  9.755924e+000  7.443049e+001
      vertex  1.416062e+001  9.619821e+000  7.425281e+001
    endloop
  endfacet
  facet normal  3.546057e-001  9.350159e-001  3.117143e-004
    outer loop
      vertex  1.371392e+001  9.789649e+000  7.300000e+001
      vertex  1.416062e+001  9.619821e+000  7.425281e+001
      vertex  1.416535e+001  9.618445e+000  7.300000e+001
    endloop
  endfacet
  facet normal  2.163368e-001  9.763187e-001 -2.553698e-004
    outer loop
      vertex  1.416535e+001  9.618445e+000  7.300000e+001
      vertex  1.416062e+001  9.619821e+000  7.425281e+001
      vertex  1.454344e+001  9.534945e+000  7.406438e+001
    endloop
  endfacet
  facet normal  2.000219e-001  9.797742e-001  5.811028e-003
    outer loop
      vertex  1.416535e+001  9.618445e+000  7.300000e+001
      vertex  1.454344e+001  9.534945e+000  7.406438e+001
      vertex  1.463839e+001  9.521873e+000  7.300000e+001
    endloop
  endfacet
  facet normal  9.125029e-001  4.090699e-001 -5.044306e-004
    outer loop
      vertex  1.218603e+001  1.146002e+001  7.512890e+001
      vertex  1.235115e+001  1.109160e+001  7.506158e+001
      vertex  1.234363e+001  1.110583e+001  7.300000e+001
    endloop
  endfacet
  facet normal  8.497604e-001  5.271689e-001  5.395580e-004
    outer loop
      vertex  1.234363e+001  1.110583e+001  7.300000e+001
      vertex  1.235115e+001  1.109160e+001  7.506158e+001
      vertex  1.256198e+001  1.075185e+001  7.497410e+001
    endloop
  endfacet
  facet normal  8.451871e-001  5.344654e-001  2.353701e-003
    outer loop
      vertex  1.234363e+001  1.110583e+001  7.300000e+001
      vertex  1.256198e+001  1.075185e+001  7.497410e+001
      vertex  1.260167e+001  1.069777e+001  7.300000e+001
    endloop
  endfacet
  facet normal  9.842777e-001  1.766135e-001 -2.209699e-003
    outer loop
      vertex  1.208346e+001  1.179729e+001  7.517018e+001
      vertex  1.203885e+001  1.201877e+001  7.300000e+001
      vertex  1.202098e+001  1.214579e+001  7.519513e+001
    endloop
  endfacet
  facet normal  9.967514e-001  8.046544e-002  3.455492e-003
    outer loop
      vertex  1.202098e+001  1.214579e+001  7.519513e+001
      vertex  1.203885e+001  1.201877e+001  7.300000e+001
      vertex  1.200000e+001  1.250000e+001  7.300000e+001
    endloop
  endfacet
  facet normal  9.982498e-001  5.913969e-002  -0.000000e+000
    outer loop
      vertex  1.202098e+001  1.214579e+001  7.519513e+001
      vertex  1.200000e+001  1.250000e+001  7.300000e+001
      vertex  1.200000e+001  1.250000e+001  7.520348e+001
    endloop
  endfacet
  facet normal  0.000000e+000  0.000000e+000  1.000000e+000
    outer loop
      vertex  1.493718e+001  1.437395e+001  7.300000e+001
      vertex  1.329581e+001  1.496895e+001  7.300000e+001
      vertex  1.292183e+001  1.466361e+001  7.300000e+001
    endloop
  endfacet
  facet normal  -0.000000e+000  0.000000e+000  1.000000e+000
    outer loop
      vertex  1.392589e+001  1.403685e+001  7.300000e+001
      vertex  1.234363e+001  1.389417e+001  7.300000e+001
      vertex  1.365215e+001  1.380343e+001  7.300000e+001
    endloop
  endfacet
  facet normal  0.000000e+000  0.000000e+000  1.000000e+000
    outer loop
      vertex  1.650000e+001  1.509808e+001  7.300000e+001
      vertex  1.606381e+001  1.530505e+001  7.300000e+001
      vertex  1.371392e+001  1.521035e+001  7.300000e+001
    endloop
  endfacet
  facet normal  0.000000e+000  0.000000e+000  1.000000e+000
    outer loop
      vertex  1.650000e+001  1.509808e+001  7.300000e+001
      vertex  1.371392e+001  1.521035e+001  7.300000e+001
      vertex  1.329581e+001  1.496895e+001  7.300000e+001
    endloop
  endfacet
  facet normal  -0.000000e+000  0.000000e+000  1.000000e+000
    outer loop
      vertex  1.650000e+001  1.509808e+001  7.300000e+001
      vertex  1.329581e+001  1.496895e+001  7.300000e+001
      vertex  1.493718e+001  1.437395e+001  7.300000e+001
    endloop
  endfacet
  facet normal  -0.000000e+000  0.000000e+000  1.000000e+000
    outer loop
      vertex  1.650000e+001  1.509808e+001  7.300000e+001
      vertex  1.493718e+001  1.437395e+001  7.300000e+001
      vertex  1.529623e+001  1.435145e+001  7.300000e+001
    endloop
  endfacet
  facet normal  -0.000000e+000  0.000000e+000  1.000000e+000
    outer loop
      vertex  1.650000e+001  1.509808e+001  7.300000e+001
      vertex  1.529623e+001  1.435145e+001  7.300000e+001
      vertex  1.564436e+001  1.426080e+001  7.300000e+001
    endloop
  endfacet
  facet normal  -0.000000e+000  0.000000e+000  9.999999e-001
    outer loop
      vertex  1.650000e+001  1.509808e+001  7.300000e+001
      vertex  1.564436e+001  1.426080e+001  7.300000e+001
      vertex  1.596878e+001  1.410533e+001  7.300000e+001
    endloop
  endfacet
  facet normal  -0.000000e+000  0.000000e+000  1.000000e+000
    outer loop
      vertex  1.650000e+001  1.509808e+001  7.300000e+001
      vertex  1.596878e+001  1.410533e+001  7.300000e+001
      vertex  1.625754e+001  1.389076e+001  7.300000e+001
    endloop
  endfacet
  facet normal  -0.000000e+000  0.000000e+000  1.000000e+000
    outer loop
      vertex  1.650000e+001  1.509808e+001  7.300000e+001
      vertex  1.625754e+001  1.389076e+001  7.300000e+001
      vertex  1.650000e+001  1.362500e+001  7.300000e+001
    endloop
  endfacet
  facet normal  0.000000e+000  0.000000e+000  1.000000e+000
    outer loop
      vertex  1.650000e+001  9.901924e+000  7.300000e+001
      vertex  1.650000e+001  1.137500e+001  7.300000e+001
      vertex  1.625754e+001  1.110924e+001  7.300000e+001
    endloop
  endfacet
  facet normal  0.000000e+000  0.000000e+000  1.000000e+000
    outer loop
      vertex  1.650000e+001  9.901924e+000  7.300000e+001
      vertex  1.625754e+001  1.110924e+001  7.300000e+001
      vertex  1.596878e+001  1.089467e+001  7.300000e+001
    endloop
  endfacet
  facet normal  0.000000e+000  0.000000e+000  1.000000e+000
    outer loop
      vertex  1.650000e+001  9.901924e+000  7.300000e+001
      vertex  1.596878e+001  1.089467e+001  7.300000e+001
      vertex  1.564436e+001  1.073920e+001  7.300000e+001
    endloop
  endfacet
  facet normal  0.000000e+000  0.000000e+000  1.000000e+000
    outer loop
      vertex  1.650000e+001  9.901924e+000  7.300000e+001
      vertex  1.564436e+001  1.073920e+001  7.300000e+001
      vertex  1.529623e+001  1.064855e+001  7.300000e+001
    endloop
  endfacet
  facet normal  0.000000e+000  0.000000e+000  1.000000e+000
    outer loop
      vertex  1.650000e+001  9.901924e+000  7.300000e+001
      vertex  1.529623e+001  1.064855e+001  7.300000e+001
      vertex  1.493718e+001  1.062605e+001  7.300000e+001
    endloop
  endfacet
  facet normal  -0.000000e+000  0.000000e+000  1.000000e+000
    outer loop
      vertex  1.512080e+001  1.549757e+001  7.300000e+001
      vertex  1.463839e+001  1.547813e+001  7.300000e+001
      vertex  1.560008e+001  1.543937e+001  7.300000e+001
    endloop
  endfacet
  facet normal  0.000000e+000  0.000000e+000  9.999999e-001
    outer loop
      vertex  1.560008e+001  1.543937e+001  7.300000e+001
      vertex  1.463839e+001  1.547813e+001  7.300000e+001
      vertex  1.416535e+001  1.538155e+001  7.300000e+001
    endloop
  endfacet
  facet normal  -0.000000e+000  0.000000e+000  1.000000e+000
    outer loop
      vertex  1.560008e+001  1.543937e+001  7.300000e+001
      vertex  1.416535e+001  1.538155e+001  7.300000e+001
      vertex  1.606381e+001  1.530505e+001  7.300000e+001
    endloop
  endfacet
  facet normal  0.000000e+000  0.000000e+000  1.000000e+000
    outer loop
      vertex  1.606381e+001  1.530505e+001  7.300000e+001
      vertex  1.416535e+001  1.538155e+001  7.300000e+001
      vertex  1.371392e+001  1.521035e+001  7.300000e+001
    endloop
  endfacet
  facet normal  0.000000e+000  0.000000e+000  1.000000e+000
    outer loop
      vertex  1.493718e+001  1.437395e+001  7.300000e+001
      vertex  1.292183e+001  1.466361e+001  7.300000e+001
      vertex  1.458045e+001  1.432746e+001  7.300000e+001
    endloop
  endfacet
  facet normal  0.000000e+000  0.000000e+000  1.000000e+000
    outer loop
      vertex  1.458045e+001  1.432746e+001  7.300000e+001
      vertex  1.292183e+001  1.466361e+001  7.300000e+001
      vertex  1.260167e+001  1.430223e+001  7.300000e+001
    endloop
  endfacet
  facet normal  -0.000000e+000  0.000000e+000  9.999999e-001
    outer loop
      vertex  1.458045e+001  1.432746e+001  7.300000e+001
      vertex  1.260167e+001  1.430223e+001  7.300000e+001
      vertex  1.423916e+001  1.421370e+001  7.300000e+001
    endloop
  endfacet
  facet normal  0.000000e+000  0.000000e+000  9.999999e-001
    outer loop
      vertex  1.423916e+001  1.421370e+001  7.300000e+001
      vertex  1.260167e+001  1.430223e+001  7.300000e+001
      vertex  1.234363e+001  1.389417e+001  7.300000e+001
    endloop
  endfacet
  facet normal  0.000000e+000  0.000000e+000  1.000000e+000
    outer loop
      vertex  1.423916e+001  1.421370e+001  7.300000e+001
      vertex  1.234363e+001  1.389417e+001  7.300000e+001
      vertex  1.392589e+001  1.403685e+001  7.300000e+001
    endloop
  endfacet
  facet normal  0.000000e+000  0.000000e+000  1.000000e+000
    outer loop
      vertex  1.365215e+001  1.380343e+001  7.300000e+001
      vertex  1.234363e+001  1.389417e+001  7.300000e+001
      vertex  1.342803e+001  1.352202e+001  7.300000e+001
    endloop
  endfacet
  facet normal  0.000000e+000  0.000000e+000  1.000000e+000
    outer loop
      vertex  1.342803e+001  1.352202e+001  7.300000e+001
      vertex  1.234363e+001  1.389417e+001  7.300000e+001
      vertex  1.215439e+001  1.345000e+001  7.300000e+001
    endloop
  endfacet
  facet normal  -0.000000e+000  0.000000e+000  1.000000e+000
    outer loop
      vertex  1.342803e+001  1.352202e+001  7.300000e+001
      vertex  1.215439e+001  1.345000e+001  7.300000e+001
      vertex  1.326178e+001  1.320299e+001  7.300000e+001
    endloop
  endfacet
  facet normal  0.000000e+000  0.000000e+000  1.000000e+000
    outer loop
      vertex  1.326178e+001  1.320299e+001  7.300000e+001
      vertex  1.215439e+001  1.345000e+001  7.300000e+001
      vertex  1.203885e+001  1.298123e+001  7.300000e+001
    endloop
  endfacet
  facet normal  -0.000000e+000  0.000000e+000  1.000000e+000
    outer loop
      vertex  1.326178e+001  1.320299e+001  7.300000e+001
      vertex  1.203885e+001  1.298123e+001  7.300000e+001
      vertex  1.315951e+001  1.285809e+001  7.300000e+001
    endloop
  endfacet
  facet normal  0.000000e+000  0.000000e+000  1.000000e+000
    outer loop
      vertex  1.315951e+001  1.285809e+001  7.300000e+001
      vertex  1.203885e+001  1.298123e+001  7.300000e+001
      vertex  1.312500e+001  1.250000e+001  7.300000e+001
    endloop
  endfacet
  facet normal  0.000000e+000  0.000000e+000  1.000000e+000
    outer loop
      vertex  1.312500e+001  1.250000e+001  7.300000e+001
      vertex  1.203885e+001  1.298123e+001  7.300000e+001
      vertex  1.200000e+001  1.250000e+001  7.300000e+001
    endloop
  endfacet
  facet normal  -0.000000e+000  0.000000e+000  1.000000e+000
    outer loop
      vertex  1.312500e+001  1.250000e+001  7.300000e+001
      vertex  1.200000e+001  1.250000e+001  7.300000e+001
      vertex  1.315951e+001  1.214191e+001  7.300000e+001
    endloop
  endfacet
  facet normal  0.000000e+000  0.000000e+000  1.000000e+000
    outer loop
      vertex  1.315951e+001  1.214191e+001  7.300000e+001
      vertex  1.200000e+001  1.250000e+001  7.300000e+001
      vertex  1.203885e+001  1.201877e+001  7.300000e+001
    endloop
  endfacet
  facet normal  -0.000000e+000  0.000000e+000  1.000000e+000
    outer loop
      vertex  1.315951e+001  1.214191e+001  7.300000e+001
      vertex  1.203885e+001  1.201877e+001  7.300000e+001
      vertex  1.326178e+001  1.179701e+001  7.300000e+001
    endloop
  endfacet
  facet normal  0.000000e+000  0.000000e+000  1.000000e+000
    outer loop
      vertex  1.326178e+001  1.179701e+001  7.300000e+001
      vertex  1.203885e+001  1.201877e+001  7.300000e+001
      vertex  1.215439e+001  1.155000e+001  7.300000e+001
    endloop
  endfacet
  facet normal  -0.000000e+000  0.000000e+000  1.000000e+000
    outer loop
      vertex  1.326178e+001  1.179701e+001  7.300000e+001
      vertex  1.215439e+001  1.155000e+001  7.300000e+001
      vertex  1.342803e+001  1.147798e+001  7.300000e+001
    endloop
  endfacet
  facet normal  0.000000e+000  0.000000e+000  9.999999e-001
    outer loop
      vertex  1.342803e+001  1.147798e+001  7.300000e+001
      vertex  1.215439e+001  1.155000e+001  7.300000e+001
      vertex  1.365215e+001  1.119657e+001  7.300000e+001
    endloop
  endfacet
  facet normal  0.000000e+000  0.000000e+000  1.000000e+000
    outer loop
      vertex  1.365215e+001  1.119657e+001  7.300000e+001
      vertex  1.215439e+001  1.155000e+001  7.300000e+001
      vertex  1.234363e+001  1.110583e+001  7.300000e+001
    endloop
  endfacet
  facet normal  -0.000000e+000  0.000000e+000  1.000000e+000
    outer loop
      vertex  1.365215e+001  1.119657e+001  7.300000e+001
      vertex  1.234363e+001  1.110583e+001  7.300000e+001
      vertex  1.392589e+001  1.096315e+001  7.300000e+001
    endloop
  endfacet
  facet normal  0.000000e+000  0.000000e+000  1.000000e+000
    outer loop
      vertex  1.392589e+001  1.096315e+001  7.300000e+001
      vertex  1.234363e+001  1.110583e+001  7.300000e+001
      vertex  1.260167e+001  1.069777e+001  7.300000e+001
    endloop
  endfacet
  facet normal  0.000000e+000  0.000000e+000  1.000000e+000
    outer loop
      vertex  1.392589e+001  1.096315e+001  7.300000e+001
      vertex  1.260167e+001  1.069777e+001  7.300000e+001
      vertex  1.423916e+001  1.078630e+001  7.300000e+001
    endloop
  endfacet
  facet normal  0.000000e+000  0.000000e+000  1.000000e+000
    outer loop
      vertex  1.463839e+001  9.521873e+000  7.300000e+001
      vertex  1.512080e+001  9.502433e+000  7.300000e+001
      vertex  1.416535e+001  9.618445e+000  7.300000e+001
    endloop
  endfacet
  facet normal  0.000000e+000  0.000000e+000  1.000000e+000
    outer loop
      vertex  1.416535e+001  9.618445e+000  7.300000e+001
      vertex  1.512080e+001  9.502433e+000  7.300000e+001
      vertex  1.560008e+001  9.560628e+000  7.300000e+001
    endloop
  endfacet
  facet normal  0.000000e+000  0.000000e+000  1.000000e+000
    outer loop
      vertex  1.416535e+001  9.618445e+000  7.300000e+001
      vertex  1.560008e+001  9.560628e+000  7.300000e+001
      vertex  1.371392e+001  9.789649e+000  7.300000e+001
    endloop
  endfacet
  facet normal  0.000000e+000  0.000000e+000  1.000000e+000
    outer loop
      vertex  1.371392e+001  9.789649e+000  7.300000e+001
      vertex  1.560008e+001  9.560628e+000  7.300000e+001
      vertex  1.606381e+001  9.694951e+000  7.300000e+001
    endloop
  endfacet
  facet normal  0.000000e+000  0.000000e+000  1.000000e+000
    outer loop
      vertex  1.371392e+001  9.789649e+000  7.300000e+001
      vertex  1.606381e+001  9.694951e+000  7.300000e+001
      vertex  1.329581e+001  1.003105e+001  7.300000e+001
    endloop
  endfacet
  facet normal  0.000000e+000  0.000000e+000  1.000000e+000
    outer loop
      vertex  1.329581e+001  1.003105e+001  7.300000e+001
      vertex  1.606381e+001  9.694951e+000  7.300000e+001
      vertex  1.650000e+001  9.901924e+000  7.300000e+001
    endloop
  endfacet
  facet normal  0.000000e+000  0.000000e+000  1.000000e+000
    outer loop
      vertex  1.329581e+001  1.003105e+001  7.300000e+001
      vertex  1.650000e+001  9.901924e+000  7.300000e+001
      vertex  1.292183e+001  1.033639e+001  7.300000e+001
    endloop
  endfacet
  facet normal  -0.000000e+000  0.000000e+000  1.000000e+000
    outer loop
      vertex  1.292183e+001  1.033639e+001  7.300000e+001
      vertex  1.650000e+001  9.901924e+000  7.300000e+001
      vertex  1.493718e+001  1.062605e+001  7.300000e+001
    endloop
  endfacet
  facet normal  0.000000e+000  0.000000e+000  9.999999e-001
    outer loop
      vertex  1.292183e+001  1.033639e+001  7.300000e+001
      vertex  1.493718e+001  1.062605e+001  7.300000e+001
      vertex  1.260167e+001  1.069777e+001  7.300000e+001
    endloop
  endfacet
  facet normal  0.000000e+000  0.000000e+000  1.000000e+000
    outer loop
      vertex  1.260167e+001  1.069777e+001  7.300000e+001
      vertex  1.493718e+001  1.062605e+001  7.300000e+001
      vertex  1.458045e+001  1.067254e+001  7.300000e+001
    endloop
  endfacet
  facet normal  0.000000e+000  0.000000e+000  9.999999e-001
    outer loop
      vertex  1.260167e+001  1.069777e+001  7.300000e+001
      vertex  1.458045e+001  1.067254e+001  7.300000e+001
      vertex  1.423916e+001  1.078630e+001  7.300000e+001
    endloop
  endfacet
  facet normal  4.472064e-001 -1.808740e-006 -8.944308e-001
    outer loop
      vertex -1.321568e+001 -4.500000e+001  7.137415e+001
      vertex -1.323254e+001 -3.312585e+001  7.136570e+001
      vertex -1.315227e+001 -3.281862e+001  7.140583e+001
    endloop
  endfacet
  facet normal -6.873243e-001 -4.296896e-004 -7.263506e-001
    outer loop
      vertex  1.977137e+001  2.189390e+001  6.689391e+001
      vertex  2.075728e+001  2.096152e+001  6.596152e+001
      vertex  2.062457e+001  1.250000e+001  6.609210e+001
    endloop
  endfacet
  facet normal -6.804572e-001  7.434179e-004 -7.327874e-001
    outer loop
      vertex  1.950897e+001  1.250000e+001  6.712804e+001
      vertex  1.977137e+001  2.189390e+001  6.689391e+001
      vertex  2.062457e+001  1.250000e+001  6.609210e+001
    endloop
  endfacet
  facet normal -6.530029e-001 -6.357831e-004 -7.573552e-001
    outer loop
      vertex  1.872676e+001  2.279383e+001  6.779383e+001
      vertex  1.977137e+001  2.189390e+001  6.689391e+001
      vertex  1.950897e+001  1.250000e+001  6.712804e+001
    endloop
  endfacet
  facet normal -6.417446e-001  8.382314e-004 -7.669180e-001
    outer loop
      vertex  1.834141e+001  1.250000e+001  6.810503e+001
      vertex  1.872676e+001  2.279383e+001  6.779383e+001
      vertex  1.950897e+001  1.250000e+001  6.712804e+001
    endloop
  endfacet
  facet normal -4.232157e-001  3.396655e-004 -9.060289e-001
    outer loop
      vertex  1.183744e+001  1.250000e+001  7.202083e+001
      vertex  1.206215e+001  2.692127e+001  7.192127e+001
      vertex  1.312500e+001  1.250000e+001  7.141940e+001
    endloop
  endfacet
  facet normal -3.899091e-001 -2.816419e-004 -9.208533e-001
    outer loop
      vertex  1.093183e+001  2.739973e+001  7.239973e+001
      vertex  1.206215e+001  2.692127e+001  7.192127e+001
      vertex  1.183744e+001  1.250000e+001  7.202083e+001
    endloop
  endfacet
  facet normal -3.774990e-001  6.037798e-004 -9.260097e-001
    outer loop
      vertex  1.042768e+001  1.250000e+001  7.259554e+001
      vertex  1.093183e+001  2.739973e+001  7.239973e+001
      vertex  1.183744e+001  1.250000e+001  7.202083e+001
    endloop
  endfacet
  facet normal -3.510642e-001 -4.265816e-004 -9.363513e-001
    outer loop
      vertex  9.767887e+000  2.783592e+001  7.283592e+001
      vertex  1.093183e+001  2.739973e+001  7.239973e+001
      vertex  1.042768e+001  1.250000e+001  7.259554e+001
    endloop
  endfacet
  facet normal -3.292241e-001  6.368708e-004 -9.442517e-001
    outer loop
      vertex  8.990142e+000  1.250000e+001  7.309675e+001
      vertex  9.767887e+000  2.783592e+001  7.283592e+001
      vertex  1.042768e+001  1.250000e+001  7.259554e+001
    endloop
  endfacet
  facet normal -3.110351e-001 -3.901045e-004 -9.503984e-001
    outer loop
      vertex  8.990142e+000  1.250000e+001  7.309675e+001
      vertex  8.572405e+000  2.822701e+001  7.322701e+001
      vertex  9.767887e+000  2.783592e+001  7.283592e+001
    endloop
  endfacet
  facet normal -2.800722e-001  5.116738e-004 -9.599788e-001
    outer loop
      vertex  8.572405e+000  2.822701e+001  7.322701e+001
      vertex  8.990142e+000  1.250000e+001  7.309675e+001
      vertex  7.528663e+000  1.250000e+001  7.352313e+001
    endloop
  endfacet
  facet normal -2.721684e-001 -5.562876e-005 -9.622496e-001
    outer loop
      vertex  7.528663e+000  1.250000e+001  7.352313e+001
      vertex  7.481661e+000  2.853550e+001  7.353550e+001
      vertex  8.572405e+000  2.822701e+001  7.322701e+001
    endloop
  endfacet
  facet normal -1.796637e-001  5.903161e-004 -9.837279e-001
    outer loop
      vertex  4.549499e+000  1.250000e+001  7.414708e+001
      vertex  5.239988e+000  2.903089e+001  7.403089e+001
      vertex  6.047134e+000  1.250000e+001  7.387356e+001
    endloop
  endfacet
  facet normal -1.582889e-001 -3.282593e-004 -9.873927e-001
    outer loop
      vertex  4.549499e+000  1.250000e+001  7.414708e+001
      vertex  4.094366e+000  2.921449e+001  7.421449e+001
      vertex  5.239988e+000  2.903089e+001  7.403089e+001
    endloop
  endfacet
  facet normal -1.286727e-001  4.955038e-004 -9.916871e-001
    outer loop
      vertex  4.094366e+000  2.921449e+001  7.421449e+001
      vertex  4.549499e+000  1.250000e+001  7.414708e+001
      vertex  3.039747e+000  1.250000e+001  7.434297e+001
    endloop
  endfacet
  facet normal -1.191986e-001 -1.113728e-004 -9.928704e-001
    outer loop
      vertex  3.039747e+000  1.250000e+001  7.434297e+001
      vertex  2.936239e+000  2.935351e+001  7.435351e+001
      vertex  4.094366e+000  2.921449e+001  7.421449e+001
    endloop
  endfacet
  facet normal -2.580370e-002  5.638705e-004 -9.996669e-001
    outer loop
      vertex -1.490699e-014  1.250000e+001  7.450000e+001
      vertex  6.420805e-001  2.949301e+001  7.449301e+001
      vertex  1.521900e+000  1.250000e+001  7.446072e+001
    endloop
  endfacet
  facet normal -2.637017e-003 -3.116177e-004 -9.999965e-001
    outer loop
      vertex -1.490699e-014  1.250000e+001  7.450000e+001
      vertex -4.866118e-001  2.949599e+001  7.449599e+001
      vertex  6.420805e-001  2.949301e+001  7.449301e+001
    endloop
  endfacet
  facet normal  2.580370e-002  5.027460e-004 -9.996669e-001
    outer loop
      vertex -4.866118e-001  2.949599e+001  7.449599e+001
      vertex -1.490699e-014  1.250000e+001  7.450000e+001
      vertex -1.521900e+000  1.250000e+001  7.446072e+001
    endloop
  endfacet
  facet normal  3.560928e-002 -9.517317e-005 -9.993657e-001
    outer loop
      vertex -1.521900e+000  1.250000e+001  7.446072e+001
      vertex -1.613832e+000  2.945582e+001  7.445583e+001
      vertex -4.866118e-001  2.949599e+001  7.449599e+001
    endloop
  endfacet
  facet normal  1.286727e-001  5.833196e-004 -9.916870e-001
    outer loop
      vertex -4.549499e+000  1.250000e+001  7.414708e+001
      vertex -3.851083e+000  2.924755e+001  7.424755e+001
      vertex -3.039747e+000  1.250000e+001  7.434297e+001
    endloop
  endfacet
  facet normal  1.493236e-001 -2.952634e-004 -9.887884e-001
    outer loop
      vertex -4.549499e+000  1.250000e+001  7.414708e+001
      vertex -4.954976e+000  2.908089e+001  7.408089e+001
      vertex -3.851083e+000  2.924755e+001  7.424755e+001
    endloop
  endfacet
  facet normal  1.796637e-001  4.668869e-004 -9.837281e-001
    outer loop
      vertex -4.954976e+000  2.908089e+001  7.408089e+001
      vertex -4.549499e+000  1.250000e+001  7.414708e+001
      vertex -6.047134e+000  1.250000e+001  7.387356e+001
    endloop
  endfacet
  facet normal  1.886606e-001 -1.468006e-004 -9.820424e-001
    outer loop
      vertex -6.047134e+000  1.250000e+001  7.387356e+001
      vertex -6.171863e+000  2.884715e+001  7.384715e+001
      vertex -4.954976e+000  2.908089e+001  7.408089e+001
    endloop
  endfacet
  facet normal  2.800722e-001  5.333512e-004 -9.599788e-001
    outer loop
      vertex -8.990142e+000  1.250000e+001  7.309675e+001
      vertex -8.540482e+000  2.823668e+001  7.323668e+001
      vertex -7.528663e+000  1.250000e+001  7.352313e+001
    endloop
  endfacet
  facet normal  3.091007e-001 -3.756908e-004 -9.510292e-001
    outer loop
      vertex -9.686339e+000  2.786440e+001  7.286440e+001
      vertex -8.540482e+000  2.823668e+001  7.323668e+001
      vertex -8.990142e+000  1.250000e+001  7.309675e+001
    endloop
  endfacet
  facet normal  3.292241e-001  6.386391e-004 -9.442517e-001
    outer loop
      vertex -1.042768e+001  1.250000e+001  7.259554e+001
      vertex -9.686339e+000  2.786440e+001  7.286440e+001
      vertex -8.990142e+000  1.250000e+001  7.309675e+001
    endloop
  endfacet
  facet normal  3.474715e-001 -3.566224e-004 -9.376904e-001
    outer loop
      vertex -1.042768e+001  1.250000e+001  7.259554e+001
      vertex -1.080338e+001  2.745063e+001  7.245063e+001
      vertex -9.686339e+000  2.786440e+001  7.286440e+001
    endloop
  endfacet
  facet normal  3.774991e-001  5.111588e-004 -9.260098e-001
    outer loop
      vertex -1.080338e+001  2.745063e+001  7.245063e+001
      vertex -1.042768e+001  1.250000e+001  7.259554e+001
      vertex -1.183744e+001  1.250000e+001  7.202083e+001
    endloop
  endfacet
  facet normal  3.864933e-001 -2.178051e-004 -9.222922e-001
    outer loop
      vertex -1.183744e+001  1.250000e+001  7.202083e+001
      vertex -1.198985e+001  2.695354e+001  7.195354e+001
      vertex -1.080338e+001  2.745063e+001  7.245063e+001
    endloop
  endfacet
  facet normal  6.600258e-001 -2.109562e-004 -7.512429e-001
    outer loop
      vertex -1.950897e+001  1.250000e+001  6.712804e+001
      vertex -1.972983e+001  2.193135e+001  6.693135e+001
      vertex -1.920308e+001  2.239401e+001  6.739401e+001
    endloop
  endfacet
  facet normal  6.804573e-001  6.523652e-004 -7.327875e-001
    outer loop
      vertex -1.972983e+001  2.193135e+001  6.693135e+001
      vertex -1.950897e+001  1.250000e+001  6.712804e+001
      vertex -2.062457e+001  1.250000e+001  6.609210e+001
    endloop
  endfacet
  facet normal  6.862721e-001 -3.836117e-004 -7.273448e-001
    outer loop
      vertex -2.062457e+001  1.250000e+001  6.609210e+001
      vertex -2.073766e+001  2.098093e+001  6.598093e+001
      vertex -1.972983e+001  2.193135e+001  6.693135e+001
    endloop
  endfacet
  facet normal -7.173530e-001  0.000000e+000 -6.967098e-001
    outer loop
      vertex  2.168525e+001 -4.500000e+001  6.500000e+001
      vertex  2.062457e+001 -4.500000e+001  6.609210e+001
      vertex  2.062457e+001 -3.250000e+001  6.609210e+001
    endloop
  endfacet
  facet normal -7.173530e-001  0.000000e+000 -6.967098e-001
    outer loop
      vertex  2.168525e+001 -4.500000e+001  6.500000e+001
      vertex  2.062457e+001 -3.250000e+001  6.609210e+001
      vertex  2.062457e+001  1.250000e+001  6.609210e+001
    endloop
  endfacet
  facet normal -7.101474e-001  2.723837e-004 -7.040529e-001
    outer loop
      vertex  2.168525e+001 -4.500000e+001  6.500000e+001
      vertex  2.062457e+001  1.250000e+001  6.609210e+001
      vertex  2.075728e+001  2.096152e+001  6.596152e+001
    endloop
  endfacet
  facet normal -7.195497e-001  0.000000e+000 -6.944410e-001
    outer loop
      vertex  2.168525e+001 -4.500000e+001  6.500000e+001
      vertex  2.075728e+001  2.096152e+001  6.596152e+001
      vertex  2.168525e+001  2.000000e+001  6.500000e+001
    endloop
  endfacet
  facet normal  7.192239e-001  0.000000e+000 -6.947784e-001
    outer loop
      vertex -2.168525e+001 -4.500000e+001  6.500000e+001
      vertex -2.168525e+001  2.000000e+001  6.500000e+001
      vertex -2.073766e+001  2.098093e+001  6.598093e+001
    endloop
  endfacet
  facet normal  7.106507e-001  2.534537e-004 -7.035449e-001
    outer loop
      vertex -2.168525e+001 -4.500000e+001  6.500000e+001
      vertex -2.073766e+001  2.098093e+001  6.598093e+001
      vertex -2.062457e+001  1.250000e+001  6.609210e+001
    endloop
  endfacet
  facet normal  7.173530e-001  0.000000e+000 -6.967098e-001
    outer loop
      vertex -2.168525e+001 -4.500000e+001  6.500000e+001
      vertex -2.062457e+001  1.250000e+001  6.609210e+001
      vertex -2.062457e+001 -3.250000e+001  6.609210e+001
    endloop
  endfacet
  facet normal  7.173530e-001  0.000000e+000 -6.967098e-001
    outer loop
      vertex -2.168525e+001 -4.500000e+001  6.500000e+001
      vertex -2.062457e+001 -3.250000e+001  6.609210e+001
      vertex -2.062457e+001 -4.500000e+001  6.609210e+001
    endloop
  endfacet
  facet normal -5.157937e-001  1.816505e-004 -8.567127e-001
    outer loop
      vertex  1.586298e+001 -4.500000e+001  6.987199e+001
      vertex  1.455872e+001 -4.500000e+001  7.065723e+001
      vertex  1.579538e+001 -3.419794e+001  6.991498e+001
    endloop
  endfacet
  facet normal -5.398067e-001 -2.802417e-005 -8.417890e-001
    outer loop
      vertex  1.586298e+001 -4.500000e+001  6.987199e+001
      vertex  1.579538e+001 -3.419794e+001  6.991498e+001
      vertex  1.605308e+001 -3.405133e+001  6.974972e+001
    endloop
  endfacet
  facet normal -5.482684e-001  1.801687e-004 -8.363025e-001
    outer loop
      vertex  1.586298e+001 -4.500000e+001  6.987199e+001
      vertex  1.605308e+001 -3.405133e+001  6.974972e+001
      vertex  1.628856e+001 -3.386207e+001  6.959538e+001
    endloop
  endfacet
  facet normal -5.558323e-001  5.935619e-004 -8.312942e-001
    outer loop
      vertex  1.586298e+001 -4.500000e+001  6.987199e+001
      vertex  1.628856e+001 -3.386207e+001  6.959538e+001
      vertex  1.647889e+001 -3.365261e+001  6.946827e+001
    endloop
  endfacet
  facet normal -5.624744e-001  1.113467e-003 -8.268141e-001
    outer loop
      vertex  1.586298e+001 -4.500000e+001  6.987199e+001
      vertex  1.647889e+001 -3.365261e+001  6.946827e+001
      vertex  1.663920e+001 -3.341031e+001  6.935954e+001
    endloop
  endfacet
  facet normal -5.685829e-001  1.707845e-003 -8.226242e-001
    outer loop
      vertex  1.586298e+001 -4.500000e+001  6.987199e+001
      vertex  1.663920e+001 -3.341031e+001  6.935954e+001
      vertex  1.675701e+001 -3.315462e+001  6.927864e+001
    endloop
  endfacet
  facet normal -5.750589e-001  2.422813e-003 -8.181085e-001
    outer loop
      vertex  1.586298e+001 -4.500000e+001  6.987199e+001
      vertex  1.675701e+001 -3.315462e+001  6.927864e+001
      vertex  1.683647e+001 -3.287817e+001  6.922361e+001
    endloop
  endfacet
  facet normal -5.887927e-001  4.051784e-003 -8.082740e-001
    outer loop
      vertex  1.586298e+001 -4.500000e+001  6.987199e+001
      vertex  1.683647e+001 -3.287817e+001  6.922361e+001
      vertex  1.686529e+001 -3.269053e+001  6.920355e+001
    endloop
  endfacet
  facet normal -5.593028e-001  5.270585e-004 -8.289633e-001
    outer loop
      vertex  1.586298e+001 -4.500000e+001  6.987199e+001
      vertex  1.686529e+001 -3.269053e+001  6.920355e+001
      vertex  1.712500e+001 -4.500000e+001  6.902050e+001
    endloop
  endfacet
  facet normal -4.709107e-001  4.867369e-004 -8.821808e-001
    outer loop
      vertex  1.455872e+001 -4.500000e+001  7.065723e+001
      vertex  1.321568e+001 -4.500000e+001  7.137415e+001
      vertex  1.434890e+001 -3.425832e+001  7.077516e+001
    endloop
  endfacet
  facet normal -4.913698e-001 -3.617364e-005 -8.709511e-001
    outer loop
      vertex  1.455872e+001 -4.500000e+001  7.065723e+001
      vertex  1.434890e+001 -3.425832e+001  7.077516e+001
      vertex  1.464148e+001 -3.434040e+001  7.061010e+001
    endloop
  endfacet
  facet normal -5.013697e-001  6.674903e-005 -8.652331e-001
    outer loop
      vertex  1.455872e+001 -4.500000e+001  7.065723e+001
      vertex  1.464148e+001 -3.434040e+001  7.061010e+001
      vertex  1.493930e+001 -3.437402e+001  7.043752e+001
    endloop
  endfacet
  facet normal -5.114852e-001  5.518910e-004 -8.592919e-001
    outer loop
      vertex  1.455872e+001 -4.500000e+001  7.065723e+001
      vertex  1.493930e+001 -3.437402e+001  7.043752e+001
      vertex  1.523616e+001 -3.436007e+001  7.026083e+001
    endloop
  endfacet
  facet normal -5.215343e-001  1.417596e-003 -8.532292e-001
    outer loop
      vertex  1.455872e+001 -4.500000e+001  7.065723e+001
      vertex  1.523616e+001 -3.436007e+001  7.026083e+001
      vertex  1.552130e+001 -3.430107e+001  7.008663e+001
    endloop
  endfacet
  facet normal -5.315027e-001  2.643882e-003 -8.470525e-001
    outer loop
      vertex  1.455872e+001 -4.500000e+001  7.065723e+001
      vertex  1.552130e+001 -3.430107e+001  7.008663e+001
      vertex  1.579538e+001 -3.419794e+001  6.991498e+001
    endloop
  endfacet
  facet normal -4.247713e-001  0.000000e+000 -9.053007e-001
    outer loop
      vertex  1.321568e+001 -4.500000e+001  7.137415e+001
      vertex  1.183744e+001 -4.500000e+001  7.202083e+001
      vertex  1.183744e+001 -3.250000e+001  7.202083e+001
    endloop
  endfacet
  facet normal -4.232158e-001  2.091826e-004 -9.060289e-001
    outer loop
      vertex  1.321568e+001 -4.500000e+001  7.137415e+001
      vertex  1.183744e+001 -3.250000e+001  7.202083e+001
      vertex  1.312500e+001 -3.250000e+001  7.141940e+001
    endloop
  endfacet
  facet normal -4.452440e-001  1.095009e-005 -8.954093e-001
    outer loop
      vertex  1.321568e+001 -4.500000e+001  7.137415e+001
      vertex  1.312500e+001 -3.250000e+001  7.141940e+001
      vertex  1.315227e+001 -3.281862e+001  7.140583e+001
    endloop
  endfacet
  facet normal -4.472064e-001 -1.808794e-006 -8.944308e-001
    outer loop
      vertex  1.321568e+001 -4.500000e+001  7.137415e+001
      vertex  1.315227e+001 -3.281862e+001  7.140583e+001
      vertex  1.323254e+001 -3.312585e+001  7.136570e+001
    endloop
  endfacet
  facet normal -4.507512e-001  4.492258e-006 -8.926497e-001
    outer loop
      vertex  1.321568e+001 -4.500000e+001  7.137415e+001
      vertex  1.323254e+001 -3.312585e+001  7.136570e+001
      vertex  1.336149e+001 -3.341154e+001  7.130058e+001
    endloop
  endfacet
  facet normal -4.561564e-001  8.996155e-005 -8.898997e-001
    outer loop
      vertex  1.321568e+001 -4.500000e+001  7.137415e+001
      vertex  1.336149e+001 -3.341154e+001  7.130058e+001
      vertex  1.355760e+001 -3.369796e+001  7.120003e+001
    endloop
  endfacet
  facet normal -4.633531e-001  3.650916e-004 -8.861736e-001
    outer loop
      vertex  1.321568e+001 -4.500000e+001  7.137415e+001
      vertex  1.355760e+001 -3.369796e+001  7.120003e+001
      vertex  1.379697e+001 -3.393818e+001  7.107477e+001
    endloop
  endfacet
  facet normal -4.717947e-001  9.295580e-004 -8.817080e-001
    outer loop
      vertex  1.321568e+001 -4.500000e+001  7.137415e+001
      vertex  1.379697e+001 -3.393818e+001  7.107477e+001
      vertex  1.406857e+001 -3.412729e+001  7.092924e+001
    endloop
  endfacet
  facet normal -4.810028e-001  1.856101e-003 -8.767171e-001
    outer loop
      vertex  1.321568e+001 -4.500000e+001  7.137415e+001
      vertex  1.406857e+001 -3.412729e+001  7.092924e+001
      vertex  1.434890e+001 -3.425832e+001  7.077516e+001
    endloop
  endfacet
  facet normal  5.157938e-001  2.164107e-004 -8.567128e-001
    outer loop
      vertex -1.455872e+001 -4.500000e+001  7.065723e+001
      vertex -1.586298e+001 -4.500000e+001  6.987199e+001
      vertex -1.464148e+001 -3.434040e+001  7.061010e+001
    endloop
  endfacet
  facet normal  4.913698e-001 -3.617364e-005 -8.709511e-001
    outer loop
      vertex -1.455872e+001 -4.500000e+001  7.065723e+001
      vertex -1.464148e+001 -3.434040e+001  7.061010e+001
      vertex -1.434890e+001 -3.425832e+001  7.077516e+001
    endloop
  endfacet
  facet normal  4.815930e-001  2.145607e-004 -8.763950e-001
    outer loop
      vertex -1.455872e+001 -4.500000e+001  7.065723e+001
      vertex -1.434890e+001 -3.425832e+001  7.077516e+001
      vertex -1.406857e+001 -3.412729e+001  7.092924e+001
    endloop
  endfacet
  facet normal  4.718732e-001  7.845981e-004 -8.816660e-001
    outer loop
      vertex -1.455872e+001 -4.500000e+001  7.065723e+001
      vertex -1.406857e+001 -3.412729e+001  7.092924e+001
      vertex -1.379697e+001 -3.393818e+001  7.107477e+001
    endloop
  endfacet
  facet normal  4.623558e-001  1.629732e-003 -8.866929e-001
    outer loop
      vertex -1.455872e+001 -4.500000e+001  7.065723e+001
      vertex -1.379697e+001 -3.393818e+001  7.107477e+001
      vertex -1.355760e+001 -3.369796e+001  7.120003e+001
    endloop
  endfacet
  facet normal  4.531675e-001  2.670704e-003 -8.914214e-001
    outer loop
      vertex -1.455872e+001 -4.500000e+001  7.065723e+001
      vertex -1.355760e+001 -3.369796e+001  7.120003e+001
      vertex -1.336149e+001 -3.341154e+001  7.130058e+001
    endloop
  endfacet
  facet normal  4.438769e-001  3.889134e-003 -8.960794e-001
    outer loop
      vertex -1.455872e+001 -4.500000e+001  7.065723e+001
      vertex -1.336149e+001 -3.341154e+001  7.130058e+001
      vertex -1.323254e+001 -3.312585e+001  7.136570e+001
    endloop
  endfacet
  facet normal  4.709107e-001  4.056790e-005 -8.821809e-001
    outer loop
      vertex -1.455872e+001 -4.500000e+001  7.065723e+001
      vertex -1.323254e+001 -3.312585e+001  7.136570e+001
      vertex -1.321568e+001 -4.500000e+001  7.137415e+001
    endloop
  endfacet
  facet normal  5.593028e-001  4.537168e-004 -8.289633e-001
    outer loop
      vertex -1.586298e+001 -4.500000e+001  6.987199e+001
      vertex -1.712500e+001 -4.500000e+001  6.902050e+001
      vertex -1.605308e+001 -3.405133e+001  6.974972e+001
    endloop
  endfacet
  facet normal  5.398067e-001 -2.802473e-005 -8.417890e-001
    outer loop
      vertex -1.586298e+001 -4.500000e+001  6.987199e+001
      vertex -1.605308e+001 -3.405133e+001  6.974972e+001
      vertex -1.579538e+001 -3.419794e+001  6.991498e+001
    endloop
  endfacet
  facet normal  5.308040e-001  5.102527e-005 -8.474947e-001
    outer loop
      vertex -1.586298e+001 -4.500000e+001  6.987199e+001
      vertex -1.579538e+001 -3.419794e+001  6.991498e+001
      vertex -1.552130e+001 -3.430107e+001  7.008663e+001
    endloop
  endfacet
  facet normal  5.213918e-001  4.684291e-004 -8.533173e-001
    outer loop
      vertex -1.586298e+001 -4.500000e+001  6.987199e+001
      vertex -1.552130e+001 -3.430107e+001  7.008663e+001
      vertex -1.523616e+001 -3.436007e+001  7.026083e+001
    endloop
  endfacet
  facet normal  5.115097e-001  1.268387e-003 -8.592765e-001
    outer loop
      vertex -1.586298e+001 -4.500000e+001  6.987199e+001
      vertex -1.523616e+001 -3.436007e+001  7.026083e+001
      vertex -1.493930e+001 -3.437402e+001  7.043752e+001
    endloop
  endfacet
  facet normal  5.011633e-001  2.490969e-003 -8.653492e-001
    outer loop
      vertex -1.586298e+001 -4.500000e+001  6.987199e+001
      vertex -1.493930e+001 -3.437402e+001  7.043752e+001
      vertex -1.464148e+001 -3.434040e+001  7.061010e+001
    endloop
  endfacet
  facet normal  5.762748e-001  0.000000e+000 -8.172560e-001
    outer loop
      vertex -1.712500e+001 -4.500000e+001  6.902050e+001
      vertex -1.712500e+001 -3.250000e+001  6.902050e+001
      vertex -1.687500e+001 -3.250000e+001  6.919678e+001
    endloop
  endfacet
  facet normal  5.731485e-001  9.348906e-005 -8.194516e-001
    outer loop
      vertex -1.712500e+001 -4.500000e+001  6.902050e+001
      vertex -1.687500e+001 -3.250000e+001  6.919678e+001
      vertex -1.686529e+001 -3.269053e+001  6.920355e+001
    endloop
  endfacet
  facet normal  5.717614e-001  1.371572e-004 -8.204199e-001
    outer loop
      vertex -1.712500e+001 -4.500000e+001  6.902050e+001
      vertex -1.686529e+001 -3.269053e+001  6.920355e+001
      vertex -1.683647e+001 -3.287817e+001  6.922361e+001
    endloop
  endfacet
  facet normal  5.698583e-001  2.046235e-004 -8.217430e-001
    outer loop
      vertex -1.712500e+001 -4.500000e+001  6.902050e+001
      vertex -1.683647e+001 -3.287817e+001  6.922361e+001
      vertex -1.675701e+001 -3.315462e+001  6.927864e+001
    endloop
  endfacet
  facet normal  5.665915e-001  3.552704e-004 -8.239987e-001
    outer loop
      vertex -1.712500e+001 -4.500000e+001  6.902050e+001
      vertex -1.675701e+001 -3.315462e+001  6.927864e+001
      vertex -1.663920e+001 -3.341031e+001  6.935954e+001
    endloop
  endfacet
  facet normal  5.619853e-001  6.404489e-004 -8.271471e-001
    outer loop
      vertex -1.712500e+001 -4.500000e+001  6.902050e+001
      vertex -1.663920e+001 -3.341031e+001  6.935954e+001
      vertex -1.647889e+001 -3.365261e+001  6.946827e+001
    endloop
  endfacet
  facet normal  5.562333e-001  1.121000e-003 -8.310254e-001
    outer loop
      vertex -1.712500e+001 -4.500000e+001  6.902050e+001
      vertex -1.647889e+001 -3.365261e+001  6.946827e+001
      vertex -1.628856e+001 -3.386207e+001  6.959538e+001
    endloop
  endfacet
  facet normal  5.492266e-001  1.886987e-003 -8.356713e-001
    outer loop
      vertex -1.712500e+001 -4.500000e+001  6.902050e+001
      vertex -1.628856e+001 -3.386207e+001  6.959538e+001
      vertex -1.605308e+001 -3.405133e+001  6.974972e+001
    endloop
  endfacet
  facet normal -5.845697e-001 -3.007428e-004 -8.113435e-001
    outer loop
      vertex  1.685398e+001  2.421143e+001  6.921143e+001
      vertex  1.762292e+001  2.365761e+001  6.865762e+001
      vertex  1.712500e+001  1.250000e+001  6.902050e+001
    endloop
  endfacet
  facet normal -5.762748e-001 -1.240005e-005 -8.172560e-001
    outer loop
      vertex  1.685398e+001  2.421143e+001  6.921143e+001
      vertex  1.712500e+001  1.250000e+001  6.902050e+001
      vertex  1.687500e+001  1.250000e+001  6.919678e+001
    endloop
  endfacet
  facet normal -5.719246e-001 -7.809417e-007 -8.203062e-001
    outer loop
      vertex  1.685398e+001  2.421143e+001  6.921143e+001
      vertex  1.687500e+001  1.250000e+001  6.919678e+001
      vertex  1.686529e+001  1.269053e+001  6.920355e+001
    endloop
  endfacet
  facet normal -5.711585e-001  3.357448e-007 -8.208398e-001
    outer loop
      vertex  1.685398e+001  2.421143e+001  6.921143e+001
      vertex  1.686529e+001  1.269053e+001  6.920355e+001
      vertex  1.683647e+001  1.287817e+001  6.922361e+001
    endloop
  endfacet
  facet normal -5.579274e-001 -2.984408e-005 -8.298898e-001
    outer loop
      vertex  1.685398e+001  2.421143e+001  6.921143e+001
      vertex  1.683647e+001  1.287817e+001  6.922361e+001
      vertex  1.605860e+001  2.474614e+001  6.974614e+001
    endloop
  endfacet
  facet normal -5.727866e-001 -1.452269e-003 -8.197033e-001
    outer loop
      vertex  1.605860e+001  2.474614e+001  6.974614e+001
      vertex  1.683647e+001  1.287817e+001  6.922361e+001
      vertex  1.675701e+001  1.315462e+001  6.927864e+001
    endloop
  endfacet
  facet normal -5.675234e-001 -9.877946e-004 -8.233567e-001
    outer loop
      vertex  1.605860e+001  2.474614e+001  6.974614e+001
      vertex  1.675701e+001  1.315462e+001  6.927864e+001
      vertex  1.663920e+001  1.341031e+001  6.935954e+001
    endloop
  endfacet
  facet normal -5.619118e-001 -5.694140e-004 -8.271971e-001
    outer loop
      vertex  1.605860e+001  2.474614e+001  6.974614e+001
      vertex  1.663920e+001  1.341031e+001  6.935954e+001
      vertex  1.647889e+001  1.365261e+001  6.946827e+001
    endloop
  endfacet
  facet normal -5.555490e-001 -2.209710e-004 -8.314838e-001
    outer loop
      vertex  1.605860e+001  2.474614e+001  6.974614e+001
      vertex  1.647889e+001  1.365261e+001  6.946827e+001
      vertex  1.628856e+001  1.386207e+001  6.959538e+001
    endloop
  endfacet
  facet normal -5.481656e-001  2.704613e-006 -8.363698e-001
    outer loop
      vertex  1.605860e+001  2.474614e+001  6.974614e+001
      vertex  1.628856e+001  1.386207e+001  6.959538e+001
      vertex  1.605308e+001  1.405133e+001  6.974972e+001
    endloop
  endfacet
  facet normal -5.305097e-001 -1.017856e-005 -8.476790e-001
    outer loop
      vertex  1.523681e+001  2.526044e+001  7.026044e+001
      vertex  1.605860e+001  2.474614e+001  6.974614e+001
      vertex  1.605308e+001  1.405133e+001  6.974972e+001
    endloop
  endfacet
  facet normal -5.402198e-001 -9.977586e-004 -8.415233e-001
    outer loop
      vertex  1.523681e+001  2.526044e+001  7.026044e+001
      vertex  1.605308e+001  1.405133e+001  6.974972e+001
      vertex  1.579538e+001  1.419794e+001  6.991498e+001
    endloop
  endfacet
  facet normal -5.308825e-001 -3.413625e-004 -8.474454e-001
    outer loop
      vertex  1.523681e+001  2.526044e+001  7.026044e+001
      vertex  1.579538e+001  1.419794e+001  6.991498e+001
      vertex  1.552130e+001  1.430107e+001  7.008663e+001
    endloop
  endfacet
  facet normal -5.213212e-001  6.453785e-007 -8.533605e-001
    outer loop
      vertex  1.523681e+001  2.526044e+001  7.026044e+001
      vertex  1.552130e+001  1.430107e+001  7.008663e+001
      vertex  1.523616e+001  1.436007e+001  7.026083e+001
    endloop
  endfacet
  facet normal -4.992950e-001 -1.136071e-006 -8.664321e-001
    outer loop
      vertex  1.421568e+001  2.584888e+001  7.084888e+001
      vertex  1.523681e+001  2.526044e+001  7.026044e+001
      vertex  1.523616e+001  1.436007e+001  7.026083e+001
    endloop
  endfacet
  facet normal -5.115160e-001 -1.453114e-003 -8.592726e-001
    outer loop
      vertex  1.421568e+001  2.584888e+001  7.084888e+001
      vertex  1.523616e+001  1.436007e+001  7.026083e+001
      vertex  1.493930e+001  1.437401e+001  7.043752e+001
    endloop
  endfacet
  facet normal -5.013250e-001 -5.958545e-004 -8.652590e-001
    outer loop
      vertex  1.421568e+001  2.584888e+001  7.084888e+001
      vertex  1.493930e+001  1.437401e+001  7.043752e+001
      vertex  1.464148e+001  1.434040e+001  7.061010e+001
    endloop
  endfacet
  facet normal -4.913391e-001 -1.079358e-004 -8.709683e-001
    outer loop
      vertex  1.421568e+001  2.584888e+001  7.084888e+001
      vertex  1.464148e+001  1.434040e+001  7.061010e+001
      vertex  1.434890e+001  1.425832e+001  7.077516e+001
    endloop
  endfacet
  facet normal -4.816834e-001  3.723979e-005 -8.763453e-001
    outer loop
      vertex  1.421568e+001  2.584888e+001  7.084888e+001
      vertex  1.434890e+001  1.425832e+001  7.077516e+001
      vertex  1.406857e+001  1.412729e+001  7.092924e+001
    endloop
  endfacet
  facet normal -4.641418e-001 -2.474634e-004 -8.857609e-001
    outer loop
      vertex  1.421568e+001  2.584888e+001  7.084888e+001
      vertex  1.406857e+001  1.412729e+001  7.092924e+001
      vertex  1.315718e+001  2.640338e+001  7.140338e+001
    endloop
  endfacet
  facet normal -4.717728e-001 -9.700865e-004 -8.817196e-001
    outer loop
      vertex  1.315718e+001  2.640338e+001  7.140338e+001
      vertex  1.406857e+001  1.412729e+001  7.092924e+001
      vertex  1.379697e+001  1.393817e+001  7.107477e+001
    endloop
  endfacet
  facet normal -4.633116e-001 -4.178111e-004 -8.861954e-001
    outer loop
      vertex  1.315718e+001  2.640338e+001  7.140338e+001
      vertex  1.379697e+001  1.393817e+001  7.107477e+001
      vertex  1.355760e+001  1.369796e+001  7.120003e+001
    endloop
  endfacet
  facet normal -4.561088e-001 -1.311325e-004 -8.899240e-001
    outer loop
      vertex  1.315718e+001  2.640338e+001  7.140338e+001
      vertex  1.355760e+001  1.369796e+001  7.120003e+001
      vertex  1.336149e+001  1.341154e+001  7.130058e+001
    endloop
  endfacet
  facet normal -4.507156e-001 -2.461247e-005 -8.926675e-001
    outer loop
      vertex  1.315718e+001  2.640338e+001  7.140338e+001
      vertex  1.336149e+001  1.341154e+001  7.130058e+001
      vertex  1.323254e+001  1.312585e+001  7.136570e+001
    endloop
  endfacet
  facet normal -4.472019e-001  3.400538e-007 -8.944330e-001
    outer loop
      vertex  1.315718e+001  2.640338e+001  7.140338e+001
      vertex  1.323254e+001  1.312585e+001  7.136570e+001
      vertex  1.315227e+001  1.281862e+001  7.140583e+001
    endloop
  endfacet
  facet normal -4.453419e-001 -4.992224e-007 -8.953606e-001
    outer loop
      vertex  1.315718e+001  2.640338e+001  7.140338e+001
      vertex  1.315227e+001  1.281862e+001  7.140583e+001
      vertex  1.312500e+001  1.250000e+001  7.141940e+001
    endloop
  endfacet
  facet normal -4.275603e-001 -5.159239e-005 -9.039868e-001
    outer loop
      vertex  1.315718e+001  2.640338e+001  7.140338e+001
      vertex  1.312500e+001  1.250000e+001  7.141940e+001
      vertex  1.206215e+001  2.692127e+001  7.192127e+001
    endloop
  endfacet
  facet normal  4.642448e-001 -2.514945e-005 -8.857069e-001
    outer loop
      vertex -1.424582e+001  2.583228e+001  7.083228e+001
      vertex -1.313781e+001  2.641303e+001  7.141302e+001
      vertex -1.315227e+001  1.281862e+001  7.140583e+001
    endloop
  endfacet
  facet normal  4.388262e-001 -2.727923e-003 -8.985677e-001
    outer loop
      vertex -1.424582e+001  2.583228e+001  7.083228e+001
      vertex -1.315227e+001  1.281862e+001  7.140583e+001
      vertex -1.323254e+001  1.312585e+001  7.136570e+001
    endloop
  endfacet
  facet normal  4.474737e-001 -1.858950e-003 -8.942952e-001
    outer loop
      vertex -1.424582e+001  2.583228e+001  7.083228e+001
      vertex -1.323254e+001  1.312585e+001  7.136570e+001
      vertex -1.336149e+001  1.341154e+001  7.130058e+001
    endloop
  endfacet
  facet normal  4.548832e-001 -1.190217e-003 -8.905503e-001
    outer loop
      vertex -1.424582e+001  2.583228e+001  7.083228e+001
      vertex -1.336149e+001  1.341154e+001  7.130058e+001
      vertex -1.355760e+001  1.369796e+001  7.120003e+001
    endloop
  endfacet
  facet normal  4.631758e-001 -5.900479e-004 -8.862662e-001
    outer loop
      vertex -1.424582e+001  2.583228e+001  7.083228e+001
      vertex -1.355760e+001  1.369796e+001  7.120003e+001
      vertex -1.379697e+001  1.393817e+001  7.107477e+001
    endloop
  endfacet
  facet normal  4.722160e-001 -1.513797e-004 -8.814829e-001
    outer loop
      vertex -1.424582e+001  2.583228e+001  7.083228e+001
      vertex -1.379697e+001  1.393817e+001  7.107477e+001
      vertex -1.406857e+001  1.412729e+001  7.092924e+001
    endloop
  endfacet
  facet normal  4.816824e-001  3.452439e-005 -8.763459e-001
    outer loop
      vertex -1.424582e+001  2.583228e+001  7.083228e+001
      vertex -1.406857e+001  1.412729e+001  7.092924e+001
      vertex -1.434890e+001  1.425832e+001  7.077516e+001
    endloop
  endfacet
  facet normal  5.011866e-001 -1.934974e-004 -8.653393e-001
    outer loop
      vertex -1.531288e+001  2.521439e+001  7.021439e+001
      vertex -1.424582e+001  2.583228e+001  7.083228e+001
      vertex -1.434890e+001  1.425832e+001  7.077516e+001
    endloop
  endfacet
  facet normal  4.910680e-001 -1.379686e-003 -8.711202e-001
    outer loop
      vertex -1.531288e+001  2.521439e+001  7.021439e+001
      vertex -1.434890e+001  1.425832e+001  7.077516e+001
      vertex -1.464148e+001  1.434040e+001  7.061010e+001
    endloop
  endfacet
  facet normal  5.013303e-001 -5.326450e-004 -8.652559e-001
    outer loop
      vertex -1.531288e+001  2.521439e+001  7.021439e+001
      vertex -1.464148e+001  1.434040e+001  7.061010e+001
      vertex -1.493930e+001  1.437401e+001  7.043752e+001
    endloop
  endfacet
  facet normal  5.114683e-001 -6.072121e-005 -8.593022e-001
    outer loop
      vertex -1.531288e+001  2.521439e+001  7.021439e+001
      vertex -1.493930e+001  1.437401e+001  7.043752e+001
      vertex -1.523616e+001  1.436007e+001  7.026083e+001
    endloop
  endfacet
  facet normal  5.213161e-001  3.428951e-005 -8.533636e-001
    outer loop
      vertex -1.531288e+001  2.521439e+001  7.021439e+001
      vertex -1.523616e+001  1.436007e+001  7.026083e+001
      vertex -1.552130e+001  1.430107e+001  7.008663e+001
    endloop
  endfacet
  facet normal  5.367430e-001 -3.729274e-004 -8.437457e-001
    outer loop
      vertex -1.531288e+001  2.521439e+001  7.021439e+001
      vertex -1.552130e+001  1.430107e+001  7.008663e+001
      vertex -1.633838e+001  2.456231e+001  6.956232e+001
    endloop
  endfacet
  facet normal  5.310625e-001 -1.008504e-003 -8.473321e-001
    outer loop
      vertex -1.633838e+001  2.456231e+001  6.956232e+001
      vertex -1.552130e+001  1.430107e+001  7.008663e+001
      vertex -1.579538e+001  1.419794e+001  6.991498e+001
    endloop
  endfacet
  facet normal  5.399591e-001 -3.504547e-004 -8.416911e-001
    outer loop
      vertex -1.633838e+001  2.456231e+001  6.956232e+001
      vertex -1.579538e+001  1.419794e+001  6.991498e+001
      vertex -1.605308e+001  1.405133e+001  6.974972e+001
    endloop
  endfacet
  facet normal  5.481852e-001 -3.207581e-005 -8.363569e-001
    outer loop
      vertex -1.633838e+001  2.456231e+001  6.956232e+001
      vertex -1.605308e+001  1.405133e+001  6.974972e+001
      vertex -1.628856e+001  1.386207e+001  6.959538e+001
    endloop
  endfacet
  facet normal  5.553685e-001  1.605877e-005 -8.316044e-001
    outer loop
      vertex -1.633838e+001  2.456231e+001  6.956232e+001
      vertex -1.628856e+001  1.386207e+001  6.959538e+001
      vertex -1.647889e+001  1.365261e+001  6.946827e+001
    endloop
  endfacet
  facet normal  5.676137e-001 -2.132837e-004 -8.232949e-001
    outer loop
      vertex -1.633838e+001  2.456231e+001  6.956232e+001
      vertex -1.647889e+001  1.365261e+001  6.946827e+001
      vertex -1.714010e+001  2.400972e+001  6.900972e+001
    endloop
  endfacet
  facet normal  5.620820e-001 -7.340673e-004 -8.270811e-001
    outer loop
      vertex -1.714010e+001  2.400972e+001  6.900972e+001
      vertex -1.647889e+001  1.365261e+001  6.946827e+001
      vertex -1.663920e+001  1.341031e+001  6.935954e+001
    endloop
  endfacet
  facet normal  5.666770e-001 -4.132480e-004 -8.239400e-001
    outer loop
      vertex -1.714010e+001  2.400972e+001  6.900972e+001
      vertex -1.663920e+001  1.341031e+001  6.935954e+001
      vertex -1.675701e+001  1.315462e+001  6.927864e+001
    endloop
  endfacet
  facet normal  5.699460e-001 -2.419444e-004 -8.216821e-001
    outer loop
      vertex -1.714010e+001  2.400972e+001  6.900972e+001
      vertex -1.675701e+001  1.315462e+001  6.927864e+001
      vertex -1.683647e+001  1.287817e+001  6.922361e+001
    endloop
  endfacet
  facet normal  5.718767e-001 -1.634810e-004 -8.203395e-001
    outer loop
      vertex -1.714010e+001  2.400972e+001  6.900972e+001
      vertex -1.683647e+001  1.287817e+001  6.922361e+001
      vertex -1.686529e+001  1.269053e+001  6.920355e+001
    endloop
  endfacet
  facet normal  5.733619e-001 -1.096617e-004 -8.193023e-001
    outer loop
      vertex -1.714010e+001  2.400972e+001  6.900972e+001
      vertex -1.686529e+001  1.269053e+001  6.920355e+001
      vertex -1.687500e+001  1.250000e+001  6.919678e+001
    endloop
  endfacet
  facet normal  5.762748e-001 -9.310922e-006 -8.172560e-001
    outer loop
      vertex -1.714010e+001  2.400972e+001  6.900972e+001
      vertex -1.687500e+001  1.250000e+001  6.919678e+001
      vertex -1.712500e+001  1.250000e+001  6.902050e+001
    endloop
  endfacet
  facet normal  6.013278e-001  4.065877e-005 -7.990025e-001
    outer loop
      vertex -1.714010e+001  2.400972e+001  6.900972e+001
      vertex -1.712500e+001  1.250000e+001  6.902050e+001
      vertex -1.834141e+001  1.250000e+001  6.810503e+001
    endloop
  endfacet
  facet normal  5.935981e-001  1.300023e-003 -8.047605e-001
    outer loop
      vertex -1.714010e+001  2.400972e+001  6.900972e+001
      vertex -1.834141e+001  1.250000e+001  6.810503e+001
      vertex -1.791429e+001  2.343775e+001  6.843775e+001
    endloop
  endfacet
  facet normal -6.417447e-001  -0.000000e+000 -7.669182e-001
    outer loop
      vertex  1.834141e+001 -4.500000e+001  6.810503e+001
      vertex  1.950897e+001 -3.250000e+001  6.712804e+001
      vertex  1.950897e+001 -4.500000e+001  6.712804e+001
    endloop
  endfacet
  facet normal -6.804574e-001  0.000000e+000 -7.327877e-001
    outer loop
      vertex  1.950897e+001 -4.500000e+001  6.712804e+001
      vertex  1.950897e+001 -3.250000e+001  6.712804e+001
      vertex  2.062457e+001 -3.250000e+001  6.609210e+001
    endloop
  endfacet
  facet normal -6.804574e-001  -0.000000e+000 -7.327877e-001
    outer loop
      vertex  1.950897e+001 -4.500000e+001  6.712804e+001
      vertex  2.062457e+001 -3.250000e+001  6.609210e+001
      vertex  2.062457e+001 -4.500000e+001  6.609210e+001
    endloop
  endfacet
  facet normal -6.417447e-001  0.000000e+000 -7.669182e-001
    outer loop
      vertex  1.950897e+001 -3.250000e+001  6.712804e+001
      vertex  1.834141e+001 -4.500000e+001  6.810503e+001
      vertex  1.834141e+001 -3.250000e+001  6.810503e+001
    endloop
  endfacet
  facet normal -6.013278e-001  -0.000000e+000 -7.990024e-001
    outer loop
      vertex  1.834141e+001 -3.250000e+001  6.810503e+001
      vertex  1.834141e+001 -4.500000e+001  6.810503e+001
      vertex  1.712500e+001 -4.500000e+001  6.902050e+001
    endloop
  endfacet
  facet normal -6.013278e-001  0.000000e+000 -7.990024e-001
    outer loop
      vertex  1.834141e+001 -3.250000e+001  6.810503e+001
      vertex  1.712500e+001 -4.500000e+001  6.902050e+001
      vertex  1.712500e+001 -3.250000e+001  6.902050e+001
    endloop
  endfacet
  facet normal -5.761127e-001  -0.000000e+000 -8.173703e-001
    outer loop
      vertex  1.712500e+001 -3.250000e+001  6.902050e+001
      vertex  1.712500e+001 -4.500000e+001  6.902050e+001
      vertex  1.686529e+001 -3.269053e+001  6.920355e+001
    endloop
  endfacet
  facet normal -5.762748e-001  3.307388e-004 -8.172559e-001
    outer loop
      vertex  1.712500e+001 -3.250000e+001  6.902050e+001
      vertex  1.686529e+001 -3.269053e+001  6.920355e+001
      vertex  1.687500e+001 -3.250000e+001  6.919678e+001
    endloop
  endfacet
  facet normal  4.452440e-001  1.095009e-005 -8.954093e-001
    outer loop
      vertex -1.315227e+001 -3.281862e+001  7.140583e+001
      vertex -1.312500e+001 -3.250000e+001  7.141940e+001
      vertex -1.321568e+001 -4.500000e+001  7.137415e+001
    endloop
  endfacet
  facet normal  4.232158e-001  2.091832e-004 -9.060289e-001
    outer loop
      vertex -1.321568e+001 -4.500000e+001  7.137415e+001
      vertex -1.312500e+001 -3.250000e+001  7.141940e+001
      vertex -1.183744e+001 -3.250000e+001  7.202083e+001
    endloop
  endfacet
  facet normal  4.247713e-001  0.000000e+000 -9.053007e-001
    outer loop
      vertex -1.321568e+001 -4.500000e+001  7.137415e+001
      vertex -1.183744e+001 -3.250000e+001  7.202083e+001
      vertex -1.183744e+001 -4.500000e+001  7.202083e+001
    endloop
  endfacet
  facet normal  3.774991e-001  0.000000e+000 -9.260100e-001
    outer loop
      vertex -1.183744e+001 -4.500000e+001  7.202083e+001
      vertex -1.183744e+001 -3.250000e+001  7.202083e+001
      vertex -1.042768e+001 -3.250000e+001  7.259554e+001
    endloop
  endfacet
  facet normal  3.774991e-001  0.000000e+000 -9.260100e-001
    outer loop
      vertex -1.183744e+001 -4.500000e+001  7.202083e+001
      vertex -1.042768e+001 -3.250000e+001  7.259554e+001
      vertex -1.042768e+001 -4.500000e+001  7.259554e+001
    endloop
  endfacet
  facet normal  3.292242e-001  0.000000e+000 -9.442518e-001
    outer loop
      vertex -1.042768e+001 -4.500000e+001  7.259554e+001
      vertex -1.042768e+001 -3.250000e+001  7.259554e+001
      vertex -8.990142e+000 -3.250000e+001  7.309675e+001
    endloop
  endfacet
  facet normal  3.292242e-001  0.000000e+000 -9.442518e-001
    outer loop
      vertex -1.042768e+001 -4.500000e+001  7.259554e+001
      vertex -8.990142e+000 -3.250000e+001  7.309675e+001
      vertex -8.990142e+000 -4.500000e+001  7.309675e+001
    endloop
  endfacet
  facet normal  2.800722e-001  0.000000e+000 -9.599789e-001
    outer loop
      vertex -8.990142e+000 -4.500000e+001  7.309675e+001
      vertex -8.990142e+000 -3.250000e+001  7.309675e+001
      vertex -7.528663e+000 -3.250000e+001  7.352313e+001
    endloop
  endfacet
  facet normal  2.800722e-001  0.000000e+000 -9.599789e-001
    outer loop
      vertex -8.990142e+000 -4.500000e+001  7.309675e+001
      vertex -7.528663e+000 -3.250000e+001  7.352313e+001
      vertex -7.528663e+000 -4.500000e+001  7.352313e+001
    endloop
  endfacet
  facet normal  2.301785e-001  0.000000e+000 -9.731485e-001
    outer loop
      vertex -7.528663e+000 -4.500000e+001  7.352313e+001
      vertex -7.528663e+000 -3.250000e+001  7.352313e+001
      vertex -6.047134e+000 -3.250000e+001  7.387356e+001
    endloop
  endfacet
  facet normal  2.301785e-001  0.000000e+000 -9.731485e-001
    outer loop
      vertex -7.528663e+000 -4.500000e+001  7.352313e+001
      vertex -6.047134e+000 -3.250000e+001  7.387356e+001
      vertex -6.047134e+000 -4.500000e+001  7.387356e+001
    endloop
  endfacet
  facet normal  1.796637e-001  0.000000e+000 -9.837281e-001
    outer loop
      vertex -6.047134e+000 -4.500000e+001  7.387356e+001
      vertex -6.047134e+000 -3.250000e+001  7.387356e+001
      vertex -4.549499e+000 -3.250000e+001  7.414708e+001
    endloop
  endfacet
  facet normal  1.796637e-001  0.000000e+000 -9.837281e-001
    outer loop
      vertex -6.047134e+000 -4.500000e+001  7.387356e+001
      vertex -4.549499e+000 -3.250000e+001  7.414708e+001
      vertex -4.549499e+000 -4.500000e+001  7.414708e+001
    endloop
  endfacet
  facet normal  1.286727e-001  0.000000e+000 -9.916871e-001
    outer loop
      vertex -4.549499e+000 -4.500000e+001  7.414708e+001
      vertex -4.549499e+000 -3.250000e+001  7.414708e+001
      vertex -3.039747e+000 -3.250000e+001  7.434297e+001
    endloop
  endfacet
  facet normal  1.286727e-001  0.000000e+000 -9.916871e-001
    outer loop
      vertex -4.549499e+000 -4.500000e+001  7.414708e+001
      vertex -3.039747e+000 -3.250000e+001  7.434297e+001
      vertex -3.039747e+000 -4.500000e+001  7.434297e+001
    endloop
  endfacet
  facet normal  7.734098e-002  0.000000e+000 -9.970047e-001
    outer loop
      vertex -3.039747e+000 -4.500000e+001  7.434297e+001
      vertex -3.039747e+000 -3.250000e+001  7.434297e+001
      vertex -1.521900e+000 -3.250000e+001  7.446072e+001
    endloop
  endfacet
  facet normal  7.734098e-002  0.000000e+000 -9.970047e-001
    outer loop
      vertex -3.039747e+000 -4.500000e+001  7.434297e+001
      vertex -1.521900e+000 -3.250000e+001  7.446072e+001
      vertex -1.521900e+000 -4.500000e+001  7.446072e+001
    endloop
  endfacet
  facet normal  2.580371e-002  0.000000e+000 -9.996670e-001
    outer loop
      vertex -1.521900e+000 -4.500000e+001  7.446072e+001
      vertex -1.521900e+000 -3.250000e+001  7.446072e+001
      vertex -1.490699e-014 -3.250000e+001  7.450000e+001
    endloop
  endfacet
  facet normal  2.580371e-002  2.704359e-017 -9.996670e-001
    outer loop
      vertex -1.521900e+000 -4.500000e+001  7.446072e+001
      vertex -1.490699e-014 -3.250000e+001  7.450000e+001
      vertex -1.806354e-015 -4.500000e+001  7.450000e+001
    endloop
  endfacet
  facet normal -2.580371e-002 -2.704359e-017 -9.996670e-001
    outer loop
      vertex -1.806354e-015 -4.500000e+001  7.450000e+001
      vertex -1.490699e-014 -3.250000e+001  7.450000e+001
      vertex  1.521900e+000 -3.250000e+001  7.446072e+001
    endloop
  endfacet
  facet normal -2.580371e-002  -0.000000e+000 -9.996670e-001
    outer loop
      vertex -1.806354e-015 -4.500000e+001  7.450000e+001
      vertex  1.521900e+000 -3.250000e+001  7.446072e+001
      vertex  1.521900e+000 -4.500000e+001  7.446072e+001
    endloop
  endfacet
  facet normal -7.734098e-002  0.000000e+000 -9.970047e-001
    outer loop
      vertex  1.521900e+000 -4.500000e+001  7.446072e+001
      vertex  1.521900e+000 -3.250000e+001  7.446072e+001
      vertex  3.039747e+000 -3.250000e+001  7.434297e+001
    endloop
  endfacet
  facet normal -7.734098e-002  -0.000000e+000 -9.970047e-001
    outer loop
      vertex  1.521900e+000 -4.500000e+001  7.446072e+001
      vertex  3.039747e+000 -3.250000e+001  7.434297e+001
      vertex  3.039747e+000 -4.500000e+001  7.434297e+001
    endloop
  endfacet
  facet normal -1.286727e-001  0.000000e+000 -9.916871e-001
    outer loop
      vertex  3.039747e+000 -4.500000e+001  7.434297e+001
      vertex  3.039747e+000 -3.250000e+001  7.434297e+001
      vertex  4.549499e+000 -3.250000e+001  7.414708e+001
    endloop
  endfacet
  facet normal -1.286727e-001  -0.000000e+000 -9.916871e-001
    outer loop
      vertex  3.039747e+000 -4.500000e+001  7.434297e+001
      vertex  4.549499e+000 -3.250000e+001  7.414708e+001
      vertex  4.549499e+000 -4.500000e+001  7.414708e+001
    endloop
  endfacet
  facet normal -1.796637e-001  0.000000e+000 -9.837281e-001
    outer loop
      vertex  4.549499e+000 -4.500000e+001  7.414708e+001
      vertex  4.549499e+000 -3.250000e+001  7.414708e+001
      vertex  6.047134e+000 -3.250000e+001  7.387356e+001
    endloop
  endfacet
  facet normal -1.796637e-001  -0.000000e+000 -9.837281e-001
    outer loop
      vertex  4.549499e+000 -4.500000e+001  7.414708e+001
      vertex  6.047134e+000 -3.250000e+001  7.387356e+001
      vertex  6.047134e+000 -4.500000e+001  7.387356e+001
    endloop
  endfacet
  facet normal -2.301785e-001  0.000000e+000 -9.731485e-001
    outer loop
      vertex  6.047134e+000 -4.500000e+001  7.387356e+001
      vertex  6.047134e+000 -3.250000e+001  7.387356e+001
      vertex  7.528663e+000 -3.250000e+001  7.352313e+001
    endloop
  endfacet
  facet normal -2.301785e-001  -0.000000e+000 -9.731485e-001
    outer loop
      vertex  6.047134e+000 -4.500000e+001  7.387356e+001
      vertex  7.528663e+000 -3.250000e+001  7.352313e+001
      vertex  7.528663e+000 -4.500000e+001  7.352313e+001
    endloop
  endfacet
  facet normal -2.800722e-001  0.000000e+000 -9.599789e-001
    outer loop
      vertex  7.528663e+000 -4.500000e+001  7.352313e+001
      vertex  7.528663e+000 -3.250000e+001  7.352313e+001
      vertex  8.990142e+000 -3.250000e+001  7.309675e+001
    endloop
  endfacet
  facet normal -2.800722e-001  -0.000000e+000 -9.599789e-001
    outer loop
      vertex  7.528663e+000 -4.500000e+001  7.352313e+001
      vertex  8.990142e+000 -3.250000e+001  7.309675e+001
      vertex  8.990142e+000 -4.500000e+001  7.309675e+001
    endloop
  endfacet
  facet normal -3.292242e-001  0.000000e+000 -9.442518e-001
    outer loop
      vertex  8.990142e+000 -4.500000e+001  7.309675e+001
      vertex  8.990142e+000 -3.250000e+001  7.309675e+001
      vertex  1.042768e+001 -3.250000e+001  7.259554e+001
    endloop
  endfacet
  facet normal -3.292242e-001  -0.000000e+000 -9.442518e-001
    outer loop
      vertex  8.990142e+000 -4.500000e+001  7.309675e+001
      vertex  1.042768e+001 -3.250000e+001  7.259554e+001
      vertex  1.042768e+001 -4.500000e+001  7.259554e+001
    endloop
  endfacet
  facet normal -3.774991e-001  0.000000e+000 -9.260100e-001
    outer loop
      vertex  1.042768e+001 -4.500000e+001  7.259554e+001
      vertex  1.042768e+001 -3.250000e+001  7.259554e+001
      vertex  1.183744e+001 -3.250000e+001  7.202083e+001
    endloop
  endfacet
  facet normal -3.774991e-001  -0.000000e+000 -9.260100e-001
    outer loop
      vertex  1.042768e+001 -4.500000e+001  7.259554e+001
      vertex  1.183744e+001 -3.250000e+001  7.202083e+001
      vertex  1.183744e+001 -4.500000e+001  7.202083e+001
    endloop
  endfacet
  facet normal  6.013278e-001  0.000000e+000 -7.990024e-001
    outer loop
      vertex -1.834141e+001 -4.500000e+001  6.810503e+001
      vertex -1.712500e+001 -3.250000e+001  6.902050e+001
      vertex -1.712500e+001 -4.500000e+001  6.902050e+001
    endloop
  endfacet
  facet normal  6.013278e-001  0.000000e+000 -7.990024e-001
    outer loop
      vertex -1.712500e+001 -3.250000e+001  6.902050e+001
      vertex -1.834141e+001 -4.500000e+001  6.810503e+001
      vertex -1.834141e+001 -3.250000e+001  6.810503e+001
    endloop
  endfacet
  facet normal  6.417447e-001  0.000000e+000 -7.669182e-001
    outer loop
      vertex -1.834141e+001 -3.250000e+001  6.810503e+001
      vertex -1.834141e+001 -4.500000e+001  6.810503e+001
      vertex -1.950897e+001 -4.500000e+001  6.712804e+001
    endloop
  endfacet
  facet normal  6.417447e-001  0.000000e+000 -7.669182e-001
    outer loop
      vertex -1.834141e+001 -3.250000e+001  6.810503e+001
      vertex -1.950897e+001 -4.500000e+001  6.712804e+001
      vertex -1.950897e+001 -3.250000e+001  6.712804e+001
    endloop
  endfacet
  facet normal  6.804574e-001  0.000000e+000 -7.327877e-001
    outer loop
      vertex -1.950897e+001 -3.250000e+001  6.712804e+001
      vertex -1.950897e+001 -4.500000e+001  6.712804e+001
      vertex -2.062457e+001 -4.500000e+001  6.609210e+001
    endloop
  endfacet
  facet normal  6.804574e-001  0.000000e+000 -7.327877e-001
    outer loop
      vertex -1.950897e+001 -3.250000e+001  6.712804e+001
      vertex -2.062457e+001 -4.500000e+001  6.609210e+001
      vertex -2.062457e+001 -3.250000e+001  6.609210e+001
    endloop
  endfacet
  facet normal -2.580371e-002  -0.000000e+000 -9.996670e-001
    outer loop
      vertex -1.490699e-014 -3.250000e+001  7.450000e+001
      vertex  1.521900e+000  1.250000e+001  7.446072e+001
      vertex  1.521900e+000 -3.250000e+001  7.446072e+001
    endloop
  endfacet
  facet normal -7.734098e-002  0.000000e+000 -9.970047e-001
    outer loop
      vertex  1.521900e+000 -3.250000e+001  7.446072e+001
      vertex  1.521900e+000  1.250000e+001  7.446072e+001
      vertex  3.039747e+000  1.250000e+001  7.434297e+001
    endloop
  endfacet
  facet normal -7.734098e-002  -0.000000e+000 -9.970047e-001
    outer loop
      vertex  1.521900e+000 -3.250000e+001  7.446072e+001
      vertex  3.039747e+000  1.250000e+001  7.434297e+001
      vertex  3.039747e+000 -3.250000e+001  7.434297e+001
    endloop
  endfacet
  facet normal -1.286728e-001  0.000000e+000 -9.916871e-001
    outer loop
      vertex  3.039747e+000 -3.250000e+001  7.434297e+001
      vertex  3.039747e+000  1.250000e+001  7.434297e+001
      vertex  4.549499e+000  1.250000e+001  7.414708e+001
    endloop
  endfacet
  facet normal -1.286728e-001  -0.000000e+000 -9.916871e-001
    outer loop
      vertex  3.039747e+000 -3.250000e+001  7.434297e+001
      vertex  4.549499e+000  1.250000e+001  7.414708e+001
      vertex  4.549499e+000 -3.250000e+001  7.414708e+001
    endloop
  endfacet
  facet normal -1.796638e-001  0.000000e+000 -9.837281e-001
    outer loop
      vertex  4.549499e+000 -3.250000e+001  7.414708e+001
      vertex  4.549499e+000  1.250000e+001  7.414708e+001
      vertex  6.047134e+000  1.250000e+001  7.387356e+001
    endloop
  endfacet
  facet normal -1.796638e-001  -0.000000e+000 -9.837281e-001
    outer loop
      vertex  4.549499e+000 -3.250000e+001  7.414708e+001
      vertex  6.047134e+000  1.250000e+001  7.387356e+001
      vertex  6.047134e+000 -3.250000e+001  7.387356e+001
    endloop
  endfacet
  facet normal -2.301785e-001  0.000000e+000 -9.731483e-001
    outer loop
      vertex  6.047134e+000 -3.250000e+001  7.387356e+001
      vertex  6.047134e+000  1.250000e+001  7.387356e+001
      vertex  7.528663e+000  1.250000e+001  7.352313e+001
    endloop
  endfacet
  facet normal -2.301785e-001  -0.000000e+000 -9.731483e-001
    outer loop
      vertex  6.047134e+000 -3.250000e+001  7.387356e+001
      vertex  7.528663e+000  1.250000e+001  7.352313e+001
      vertex  7.528663e+000 -3.250000e+001  7.352313e+001
    endloop
  endfacet
  facet normal -2.800722e-001  0.000000e+000 -9.599789e-001
    outer loop
      vertex  7.528663e+000 -3.250000e+001  7.352313e+001
      vertex  7.528663e+000  1.250000e+001  7.352313e+001
      vertex  8.990142e+000  1.250000e+001  7.309675e+001
    endloop
  endfacet
  facet normal -2.800722e-001  -0.000000e+000 -9.599789e-001
    outer loop
      vertex  7.528663e+000 -3.250000e+001  7.352313e+001
      vertex  8.990142e+000  1.250000e+001  7.309675e+001
      vertex  8.990142e+000 -3.250000e+001  7.309675e+001
    endloop
  endfacet
  facet normal -3.292242e-001  0.000000e+000 -9.442518e-001
    outer loop
      vertex  8.990142e+000 -3.250000e+001  7.309675e+001
      vertex  8.990142e+000  1.250000e+001  7.309675e+001
      vertex  1.042768e+001  1.250000e+001  7.259554e+001
    endloop
  endfacet
  facet normal -3.292242e-001  -0.000000e+000 -9.442518e-001
    outer loop
      vertex  8.990142e+000 -3.250000e+001  7.309675e+001
      vertex  1.042768e+001  1.250000e+001  7.259554e+001
      vertex  1.042768e+001 -3.250000e+001  7.259554e+001
    endloop
  endfacet
  facet normal -3.774991e-001  0.000000e+000 -9.260099e-001
    outer loop
      vertex  1.042768e+001 -3.250000e+001  7.259554e+001
      vertex  1.042768e+001  1.250000e+001  7.259554e+001
      vertex  1.183744e+001  1.250000e+001  7.202083e+001
    endloop
  endfacet
  facet normal -3.774991e-001  -0.000000e+000 -9.260099e-001
    outer loop
      vertex  1.042768e+001 -3.250000e+001  7.259554e+001
      vertex  1.183744e+001  1.250000e+001  7.202083e+001
      vertex  1.183744e+001 -3.250000e+001  7.202083e+001
    endloop
  endfacet
  facet normal -4.232158e-001  0.000000e+000 -9.060290e-001
    outer loop
      vertex  1.183744e+001 -3.250000e+001  7.202083e+001
      vertex  1.183744e+001  1.250000e+001  7.202083e+001
      vertex  1.312500e+001  1.250000e+001  7.141940e+001
    endloop
  endfacet
  facet normal -4.232158e-001  -0.000000e+000 -9.060290e-001
    outer loop
      vertex  1.183744e+001 -3.250000e+001  7.202083e+001
      vertex  1.312500e+001  1.250000e+001  7.141940e+001
      vertex  1.312500e+001 -3.250000e+001  7.141940e+001
    endloop
  endfacet
  facet normal -4.453466e-001  0.000000e+000 -8.953583e-001
    outer loop
      vertex  1.312500e+001 -3.250000e+001  7.141940e+001
      vertex  1.312500e+001  1.250000e+001  7.141940e+001
      vertex  1.315227e+001  1.218138e+001  7.140583e+001
    endloop
  endfacet
  facet normal -4.453466e-001  -0.000000e+000 -8.953583e-001
    outer loop
      vertex  1.312500e+001 -3.250000e+001  7.141940e+001
      vertex  1.315227e+001  1.218138e+001  7.140583e+001
      vertex  1.315227e+001 -3.218138e+001  7.140583e+001
    endloop
  endfacet
  facet normal -4.472008e-001  0.000000e+000 -8.944336e-001
    outer loop
      vertex  1.315227e+001 -3.218138e+001  7.140583e+001
      vertex  1.315227e+001  1.218138e+001  7.140583e+001
      vertex  1.323254e+001  1.187415e+001  7.136570e+001
    endloop
  endfacet
  facet normal -4.472009e-001  -0.000000e+000 -8.944336e-001
    outer loop
      vertex  1.315227e+001 -3.218138e+001  7.140583e+001
      vertex  1.323254e+001  1.187415e+001  7.136570e+001
      vertex  1.323254e+001 -3.187415e+001  7.136570e+001
    endloop
  endfacet
  facet normal -4.507591e-001  0.000000e+000 -8.926457e-001
    outer loop
      vertex  1.323254e+001 -3.187415e+001  7.136570e+001
      vertex  1.323254e+001  1.187415e+001  7.136570e+001
      vertex  1.336149e+001  1.158846e+001  7.130058e+001
    endloop
  endfacet
  facet normal -4.507591e-001  -0.000000e+000 -8.926457e-001
    outer loop
      vertex  1.323254e+001 -3.187415e+001  7.136570e+001
      vertex  1.336149e+001  1.158846e+001  7.130058e+001
      vertex  1.336149e+001 -3.158846e+001  7.130058e+001
    endloop
  endfacet
  facet normal -4.562604e-001  0.000000e+000 -8.898463e-001
    outer loop
      vertex  1.336149e+001 -3.158846e+001  7.130058e+001
      vertex  1.336149e+001  1.158846e+001  7.130058e+001
      vertex  1.355760e+001  1.130204e+001  7.120003e+001
    endloop
  endfacet
  facet normal -4.562604e-001  -0.000000e+000 -8.898463e-001
    outer loop
      vertex  1.336149e+001 -3.158846e+001  7.130058e+001
      vertex  1.355760e+001  1.130204e+001  7.120003e+001
      vertex  1.355760e+001 -3.130204e+001  7.120003e+001
    endloop
  endfacet
  facet normal -4.636408e-001  0.000000e+000 -8.860233e-001
    outer loop
      vertex  1.355760e+001 -3.130204e+001  7.120003e+001
      vertex  1.355760e+001  1.130204e+001  7.120003e+001
      vertex  1.379697e+001  1.106183e+001  7.107477e+001
    endloop
  endfacet
  facet normal -4.636408e-001  -0.000000e+000 -8.860232e-001
    outer loop
      vertex  1.355760e+001 -3.130204e+001  7.120003e+001
      vertex  1.379697e+001  1.106183e+001  7.107477e+001
      vertex  1.379697e+001 -3.106183e+001  7.107477e+001
    endloop
  endfacet
  facet normal -4.722979e-001  0.000000e+000 -8.814391e-001
    outer loop
      vertex  1.379697e+001 -3.106183e+001  7.107477e+001
      vertex  1.379697e+001  1.106183e+001  7.107477e+001
      vertex  1.406857e+001  1.087271e+001  7.092924e+001
    endloop
  endfacet
  facet normal -4.722978e-001  -0.000000e+000 -8.814390e-001
    outer loop
      vertex  1.379697e+001 -3.106183e+001  7.107477e+001
      vertex  1.406857e+001  1.087271e+001  7.092924e+001
      vertex  1.406857e+001 -3.087271e+001  7.092924e+001
    endloop
  endfacet
  facet normal -4.816700e-001  0.000000e+000 -8.763527e-001
    outer loop
      vertex  1.406857e+001 -3.087271e+001  7.092924e+001
      vertex  1.406857e+001  1.087271e+001  7.092924e+001
      vertex  1.434890e+001  1.074168e+001  7.077516e+001
    endloop
  endfacet
  facet normal -4.816701e-001  -0.000000e+000 -8.763527e-001
    outer loop
      vertex  1.406857e+001 -3.087271e+001  7.092924e+001
      vertex  1.434890e+001  1.074168e+001  7.077516e+001
      vertex  1.434890e+001 -3.074168e+001  7.077516e+001
    endloop
  endfacet
  facet normal -4.913620e-001  0.000000e+000 -8.709554e-001
    outer loop
      vertex  1.434890e+001 -3.074168e+001  7.077516e+001
      vertex  1.434890e+001  1.074168e+001  7.077516e+001
      vertex  1.464148e+001  1.065960e+001  7.061010e+001
    endloop
  endfacet
  facet normal -4.913621e-001  -0.000000e+000 -8.709555e-001
    outer loop
      vertex  1.434890e+001 -3.074168e+001  7.077516e+001
      vertex  1.464148e+001  1.065960e+001  7.061010e+001
      vertex  1.464148e+001 -3.065960e+001  7.061010e+001
    endloop
  endfacet
  facet normal -5.013753e-001  0.000000e+000 -8.652298e-001
    outer loop
      vertex  1.464148e+001 -3.065960e+001  7.061010e+001
      vertex  1.464148e+001  1.065960e+001  7.061010e+001
      vertex  1.493930e+001  1.062599e+001  7.043752e+001
    endloop
  endfacet
  facet normal -5.013753e-001  -0.000000e+000 -8.652298e-001
    outer loop
      vertex  1.464148e+001 -3.065960e+001  7.061010e+001
      vertex  1.493930e+001  1.062599e+001  7.043752e+001
      vertex  1.493930e+001 -3.062598e+001  7.043752e+001
    endloop
  endfacet
  facet normal -5.114661e-001  0.000000e+000 -8.593034e-001
    outer loop
      vertex  1.493930e+001 -3.062598e+001  7.043752e+001
      vertex  1.493930e+001  1.062599e+001  7.043752e+001
      vertex  1.523616e+001  1.063993e+001  7.026083e+001
    endloop
  endfacet
  facet normal -5.114661e-001  -0.000000e+000 -8.593034e-001
    outer loop
      vertex  1.493930e+001 -3.062598e+001  7.043752e+001
      vertex  1.523616e+001  1.063993e+001  7.026083e+001
      vertex  1.523616e+001 -3.063993e+001  7.026083e+001
    endloop
  endfacet
  facet normal -5.213212e-001  0.000000e+000 -8.533605e-001
    outer loop
      vertex  1.523616e+001 -3.063993e+001  7.026083e+001
      vertex  1.523616e+001  1.063993e+001  7.026083e+001
      vertex  1.552130e+001  1.069893e+001  7.008663e+001
    endloop
  endfacet
  facet normal -5.213213e-001  -0.000000e+000 -8.533605e-001
    outer loop
      vertex  1.523616e+001 -3.063993e+001  7.026083e+001
      vertex  1.552130e+001  1.069893e+001  7.008663e+001
      vertex  1.552130e+001 -3.069893e+001  7.008663e+001
    endloop
  endfacet
  facet normal -5.307902e-001  0.000000e+000 -8.475032e-001
    outer loop
      vertex  1.552130e+001 -3.069893e+001  7.008663e+001
      vertex  1.552130e+001  1.069893e+001  7.008663e+001
      vertex  1.579538e+001  1.080206e+001  6.991498e+001
    endloop
  endfacet
  facet normal -5.307902e-001  -0.000000e+000 -8.475032e-001
    outer loop
      vertex  1.552130e+001 -3.069893e+001  7.008663e+001
      vertex  1.579538e+001  1.080206e+001  6.991498e+001
      vertex  1.579538e+001 -3.080206e+001  6.991498e+001
    endloop
  endfacet
  facet normal -5.398179e-001  0.000000e+000 -8.417818e-001
    outer loop
      vertex  1.579538e+001 -3.080206e+001  6.991498e+001
      vertex  1.579538e+001  1.080206e+001  6.991498e+001
      vertex  1.605308e+001  1.094867e+001  6.974972e+001
    endloop
  endfacet
  facet normal -5.398179e-001  -0.000000e+000 -8.417818e-001
    outer loop
      vertex  1.579538e+001 -3.080206e+001  6.991498e+001
      vertex  1.605308e+001  1.094867e+001  6.974972e+001
      vertex  1.605308e+001 -3.094867e+001  6.974972e+001
    endloop
  endfacet
  facet normal -5.481672e-001  0.000000e+000 -8.363688e-001
    outer loop
      vertex  1.605308e+001 -3.094867e+001  6.974972e+001
      vertex  1.605308e+001  1.094867e+001  6.974972e+001
      vertex  1.628856e+001  1.113793e+001  6.959538e+001
    endloop
  endfacet
  facet normal -5.481671e-001  -0.000000e+000 -8.363687e-001
    outer loop
      vertex  1.605308e+001 -3.094867e+001  6.974972e+001
      vertex  1.628856e+001  1.113793e+001  6.959538e+001
      vertex  1.628856e+001 -3.113793e+001  6.959538e+001
    endloop
  endfacet
  facet normal -5.553808e-001  0.000000e+000 -8.315961e-001
    outer loop
      vertex  1.628856e+001 -3.113793e+001  6.959538e+001
      vertex  1.628856e+001  1.113793e+001  6.959538e+001
      vertex  1.647889e+001  1.134739e+001  6.946827e+001
    endloop
  endfacet
  facet normal -5.553808e-001  -0.000000e+000 -8.315961e-001
    outer loop
      vertex  1.628856e+001 -3.113793e+001  6.959538e+001
      vertex  1.647889e+001  1.134739e+001  6.946827e+001
      vertex  1.647889e+001 -3.134739e+001  6.946827e+001
    endloop
  endfacet
  facet normal -5.613225e-001  0.000000e+000 -8.275971e-001
    outer loop
      vertex  1.647889e+001 -3.134739e+001  6.946827e+001
      vertex  1.647889e+001  1.134739e+001  6.946827e+001
      vertex  1.663920e+001  1.158969e+001  6.935954e+001
    endloop
  endfacet
  facet normal -5.613225e-001  -0.000000e+000 -8.275972e-001
    outer loop
      vertex  1.647889e+001 -3.134739e+001  6.946827e+001
      vertex  1.663920e+001  1.158969e+001  6.935954e+001
      vertex  1.663920e+001 -3.158969e+001  6.935954e+001
    endloop
  endfacet
  facet normal -5.660677e-001  0.000000e+000 -8.243588e-001
    outer loop
      vertex  1.663920e+001 -3.158969e+001  6.935954e+001
      vertex  1.663920e+001  1.158969e+001  6.935954e+001
      vertex  1.675701e+001  1.184538e+001  6.927864e+001
    endloop
  endfacet
  facet normal -5.660677e-001  -0.000000e+000 -8.243588e-001
    outer loop
      vertex  1.663920e+001 -3.158969e+001  6.935954e+001
      vertex  1.675701e+001  1.184538e+001  6.927864e+001
      vertex  1.675701e+001 -3.184538e+001  6.927864e+001
    endloop
  endfacet
  facet normal -5.693772e-001  0.000000e+000 -8.220764e-001
    outer loop
      vertex  1.675701e+001 -3.184538e+001  6.927864e+001
      vertex  1.675701e+001  1.184538e+001  6.927864e+001
      vertex  1.683647e+001  1.212183e+001  6.922361e+001
    endloop
  endfacet
  facet normal -5.693772e-001  -0.000000e+000 -8.220764e-001
    outer loop
      vertex  1.675701e+001 -3.184538e+001  6.927864e+001
      vertex  1.683647e+001  1.212183e+001  6.922361e+001
      vertex  1.683647e+001 -3.212183e+001  6.922361e+001
    endloop
  endfacet
  facet normal -5.711600e-001  0.000000e+000 -8.208388e-001
    outer loop
      vertex  1.683647e+001 -3.212183e+001  6.922361e+001
      vertex  1.683647e+001  1.212183e+001  6.922361e+001
      vertex  1.686529e+001  1.230947e+001  6.920355e+001
    endloop
  endfacet
  facet normal -5.711599e-001  -0.000000e+000 -8.208387e-001
    outer loop
      vertex  1.683647e+001 -3.212183e+001  6.922361e+001
      vertex  1.686529e+001  1.230947e+001  6.920355e+001
      vertex  1.686529e+001 -3.230947e+001  6.920355e+001
    endloop
  endfacet
  facet normal -5.719143e-001  0.000000e+000 -8.203134e-001
    outer loop
      vertex  1.686529e+001 -3.230947e+001  6.920355e+001
      vertex  1.686529e+001  1.230947e+001  6.920355e+001
      vertex  1.687500e+001  1.250000e+001  6.919678e+001
    endloop
  endfacet
  facet normal -5.719143e-001  -0.000000e+000 -8.203133e-001
    outer loop
      vertex  1.686529e+001 -3.230947e+001  6.920355e+001
      vertex  1.687500e+001  1.250000e+001  6.919678e+001
      vertex  1.687500e+001 -3.250000e+001  6.919678e+001
    endloop
  endfacet
  facet normal -5.762749e-001  0.000000e+000 -8.172560e-001
    outer loop
      vertex  1.687500e+001 -3.250000e+001  6.919678e+001
      vertex  1.687500e+001  1.250000e+001  6.919678e+001
      vertex  1.712500e+001  1.250000e+001  6.902050e+001
    endloop
  endfacet
  facet normal -5.762749e-001  -0.000000e+000 -8.172560e-001
    outer loop
      vertex  1.687500e+001 -3.250000e+001  6.919678e+001
      vertex  1.712500e+001  1.250000e+001  6.902050e+001
      vertex  1.712500e+001 -3.250000e+001  6.902050e+001
    endloop
  endfacet
  facet normal -6.013278e-001  0.000000e+000 -7.990025e-001
    outer loop
      vertex  1.712500e+001 -3.250000e+001  6.902050e+001
      vertex  1.712500e+001  1.250000e+001  6.902050e+001
      vertex  1.834141e+001  1.250000e+001  6.810503e+001
    endloop
  endfacet
  facet normal -6.013278e-001  -0.000000e+000 -7.990025e-001
    outer loop
      vertex  1.712500e+001 -3.250000e+001  6.902050e+001
      vertex  1.834141e+001  1.250000e+001  6.810503e+001
      vertex  1.834141e+001 -3.250000e+001  6.810503e+001
    endloop
  endfacet
  facet normal -6.417447e-001  0.000000e+000 -7.669182e-001
    outer loop
      vertex  1.834141e+001 -3.250000e+001  6.810503e+001
      vertex  1.834141e+001  1.250000e+001  6.810503e+001
      vertex  1.950897e+001  1.250000e+001  6.712804e+001
    endloop
  endfacet
  facet normal -6.417447e-001  -0.000000e+000 -7.669182e-001
    outer loop
      vertex  1.834141e+001 -3.250000e+001  6.810503e+001
      vertex  1.950897e+001  1.250000e+001  6.712804e+001
      vertex  1.950897e+001 -3.250000e+001  6.712804e+001
    endloop
  endfacet
  facet normal -6.804574e-001  0.000000e+000 -7.327877e-001
    outer loop
      vertex  1.950897e+001 -3.250000e+001  6.712804e+001
      vertex  1.950897e+001  1.250000e+001  6.712804e+001
      vertex  2.062457e+001  1.250000e+001  6.609210e+001
    endloop
  endfacet
  facet normal -6.804574e-001  -0.000000e+000 -7.327877e-001
    outer loop
      vertex  1.950897e+001 -3.250000e+001  6.712804e+001
      vertex  2.062457e+001  1.250000e+001  6.609210e+001
      vertex  2.062457e+001 -3.250000e+001  6.609210e+001
    endloop
  endfacet
  facet normal -2.580371e-002  0.000000e+000 -9.996670e-001
    outer loop
      vertex  1.521900e+000  1.250000e+001  7.446072e+001
      vertex -1.490699e-014 -3.250000e+001  7.450000e+001
      vertex -1.490699e-014  1.250000e+001  7.450000e+001
    endloop
  endfacet
  facet normal  2.580371e-002  0.000000e+000 -9.996670e-001
    outer loop
      vertex -1.490699e-014  1.250000e+001  7.450000e+001
      vertex -1.490699e-014 -3.250000e+001  7.450000e+001
      vertex -1.521900e+000 -3.250000e+001  7.446072e+001
    endloop
  endfacet
  facet normal  2.580371e-002  0.000000e+000 -9.996670e-001
    outer loop
      vertex -1.490699e-014  1.250000e+001  7.450000e+001
      vertex -1.521900e+000 -3.250000e+001  7.446072e+001
      vertex -1.521900e+000  1.250000e+001  7.446072e+001
    endloop
  endfacet
  facet normal  7.734098e-002  0.000000e+000 -9.970047e-001
    outer loop
      vertex -1.521900e+000  1.250000e+001  7.446072e+001
      vertex -1.521900e+000 -3.250000e+001  7.446072e+001
      vertex -3.039747e+000 -3.250000e+001  7.434297e+001
    endloop
  endfacet
  facet normal  7.734098e-002  0.000000e+000 -9.970047e-001
    outer loop
      vertex -1.521900e+000  1.250000e+001  7.446072e+001
      vertex -3.039747e+000 -3.250000e+001  7.434297e+001
      vertex -3.039747e+000  1.250000e+001  7.434297e+001
    endloop
  endfacet
  facet normal  1.286728e-001  0.000000e+000 -9.916871e-001
    outer loop
      vertex -3.039747e+000  1.250000e+001  7.434297e+001
      vertex -3.039747e+000 -3.250000e+001  7.434297e+001
      vertex -4.549499e+000 -3.250000e+001  7.414708e+001
    endloop
  endfacet
  facet normal  1.286728e-001  0.000000e+000 -9.916871e-001
    outer loop
      vertex -3.039747e+000  1.250000e+001  7.434297e+001
      vertex -4.549499e+000 -3.250000e+001  7.414708e+001
      vertex -4.549499e+000  1.250000e+001  7.414708e+001
    endloop
  endfacet
  facet normal  1.796638e-001  0.000000e+000 -9.837281e-001
    outer loop
      vertex -4.549499e+000  1.250000e+001  7.414708e+001
      vertex -4.549499e+000 -3.250000e+001  7.414708e+001
      vertex -6.047134e+000 -3.250000e+001  7.387356e+001
    endloop
  endfacet
  facet normal  1.796638e-001  0.000000e+000 -9.837281e-001
    outer loop
      vertex -4.549499e+000  1.250000e+001  7.414708e+001
      vertex -6.047134e+000 -3.250000e+001  7.387356e+001
      vertex -6.047134e+000  1.250000e+001  7.387356e+001
    endloop
  endfacet
  facet normal  2.301785e-001  0.000000e+000 -9.731483e-001
    outer loop
      vertex -6.047134e+000  1.250000e+001  7.387356e+001
      vertex -6.047134e+000 -3.250000e+001  7.387356e+001
      vertex -7.528663e+000 -3.250000e+001  7.352313e+001
    endloop
  endfacet
  facet normal  2.301785e-001  0.000000e+000 -9.731483e-001
    outer loop
      vertex -6.047134e+000  1.250000e+001  7.387356e+001
      vertex -7.528663e+000 -3.250000e+001  7.352313e+001
      vertex -7.528663e+000  1.250000e+001  7.352313e+001
    endloop
  endfacet
  facet normal  2.800722e-001  0.000000e+000 -9.599789e-001
    outer loop
      vertex -7.528663e+000  1.250000e+001  7.352313e+001
      vertex -7.528663e+000 -3.250000e+001  7.352313e+001
      vertex -8.990142e+000 -3.250000e+001  7.309675e+001
    endloop
  endfacet
  facet normal  2.800722e-001  0.000000e+000 -9.599789e-001
    outer loop
      vertex -7.528663e+000  1.250000e+001  7.352313e+001
      vertex -8.990142e+000 -3.250000e+001  7.309675e+001
      vertex -8.990142e+000  1.250000e+001  7.309675e+001
    endloop
  endfacet
  facet normal  3.292242e-001  0.000000e+000 -9.442518e-001
    outer loop
      vertex -8.990142e+000  1.250000e+001  7.309675e+001
      vertex -8.990142e+000 -3.250000e+001  7.309675e+001
      vertex -1.042768e+001 -3.250000e+001  7.259554e+001
    endloop
  endfacet
  facet normal  3.292242e-001  0.000000e+000 -9.442518e-001
    outer loop
      vertex -8.990142e+000  1.250000e+001  7.309675e+001
      vertex -1.042768e+001 -3.250000e+001  7.259554e+001
      vertex -1.042768e+001  1.250000e+001  7.259554e+001
    endloop
  endfacet
  facet normal  3.774991e-001  0.000000e+000 -9.260099e-001
    outer loop
      vertex -1.042768e+001  1.250000e+001  7.259554e+001
      vertex -1.042768e+001 -3.250000e+001  7.259554e+001
      vertex -1.183744e+001 -3.250000e+001  7.202083e+001
    endloop
  endfacet
  facet normal  3.774991e-001  0.000000e+000 -9.260099e-001
    outer loop
      vertex -1.042768e+001  1.250000e+001  7.259554e+001
      vertex -1.183744e+001 -3.250000e+001  7.202083e+001
      vertex -1.183744e+001  1.250000e+001  7.202083e+001
    endloop
  endfacet
  facet normal  4.232158e-001  0.000000e+000 -9.060290e-001
    outer loop
      vertex -1.183744e+001  1.250000e+001  7.202083e+001
      vertex -1.183744e+001 -3.250000e+001  7.202083e+001
      vertex -1.312500e+001 -3.250000e+001  7.141940e+001
    endloop
  endfacet
  facet normal  4.232158e-001  0.000000e+000 -9.060290e-001
    outer loop
      vertex -1.183744e+001  1.250000e+001  7.202083e+001
      vertex -1.312500e+001 -3.250000e+001  7.141940e+001
      vertex -1.312500e+001  1.250000e+001  7.141940e+001
    endloop
  endfacet
  facet normal  4.453466e-001  0.000000e+000 -8.953583e-001
    outer loop
      vertex -1.312500e+001  1.250000e+001  7.141940e+001
      vertex -1.312500e+001 -3.250000e+001  7.141940e+001
      vertex -1.315227e+001 -3.218138e+001  7.140583e+001
    endloop
  endfacet
  facet normal  4.453466e-001  0.000000e+000 -8.953583e-001
    outer loop
      vertex -1.312500e+001  1.250000e+001  7.141940e+001
      vertex -1.315227e+001 -3.218138e+001  7.140583e+001
      vertex -1.315227e+001  1.218138e+001  7.140583e+001
    endloop
  endfacet
  facet normal  4.472008e-001  0.000000e+000 -8.944336e-001
    outer loop
      vertex -1.315227e+001  1.218138e+001  7.140583e+001
      vertex -1.315227e+001 -3.218138e+001  7.140583e+001
      vertex -1.323254e+001 -3.187415e+001  7.136570e+001
    endloop
  endfacet
  facet normal  4.472009e-001  0.000000e+000 -8.944336e-001
    outer loop
      vertex -1.315227e+001  1.218138e+001  7.140583e+001
      vertex -1.323254e+001 -3.187415e+001  7.136570e+001
      vertex -1.323254e+001  1.187415e+001  7.136570e+001
    endloop
  endfacet
  facet normal  4.507591e-001  0.000000e+000 -8.926457e-001
    outer loop
      vertex -1.323254e+001  1.187415e+001  7.136570e+001
      vertex -1.323254e+001 -3.187415e+001  7.136570e+001
      vertex -1.336149e+001 -3.158846e+001  7.130058e+001
    endloop
  endfacet
  facet normal  4.507591e-001  0.000000e+000 -8.926457e-001
    outer loop
      vertex -1.323254e+001  1.187415e+001  7.136570e+001
      vertex -1.336149e+001 -3.158846e+001  7.130058e+001
      vertex -1.336149e+001  1.158846e+001  7.130058e+001
    endloop
  endfacet
  facet normal  4.562604e-001  0.000000e+000 -8.898463e-001
    outer loop
      vertex -1.336149e+001  1.158846e+001  7.130058e+001
      vertex -1.336149e+001 -3.158846e+001  7.130058e+001
      vertex -1.355760e+001 -3.130204e+001  7.120003e+001
    endloop
  endfacet
  facet normal  4.562604e-001  0.000000e+000 -8.898463e-001
    outer loop
      vertex -1.336149e+001  1.158846e+001  7.130058e+001
      vertex -1.355760e+001 -3.130204e+001  7.120003e+001
      vertex -1.355760e+001  1.130204e+001  7.120003e+001
    endloop
  endfacet
  facet normal  4.636408e-001  0.000000e+000 -8.860233e-001
    outer loop
      vertex -1.355760e+001  1.130204e+001  7.120003e+001
      vertex -1.355760e+001 -3.130204e+001  7.120003e+001
      vertex -1.379697e+001 -3.106183e+001  7.107477e+001
    endloop
  endfacet
  facet normal  4.636408e-001  0.000000e+000 -8.860232e-001
    outer loop
      vertex -1.355760e+001  1.130204e+001  7.120003e+001
      vertex -1.379697e+001 -3.106183e+001  7.107477e+001
      vertex -1.379697e+001  1.106183e+001  7.107477e+001
    endloop
  endfacet
  facet normal  4.722979e-001  0.000000e+000 -8.814391e-001
    outer loop
      vertex -1.379697e+001  1.106183e+001  7.107477e+001
      vertex -1.379697e+001 -3.106183e+001  7.107477e+001
      vertex -1.406857e+001 -3.087271e+001  7.092924e+001
    endloop
  endfacet
  facet normal  4.722978e-001  0.000000e+000 -8.814390e-001
    outer loop
      vertex -1.379697e+001  1.106183e+001  7.107477e+001
      vertex -1.406857e+001 -3.087271e+001  7.092924e+001
      vertex -1.406857e+001  1.087271e+001  7.092924e+001
    endloop
  endfacet
  facet normal  4.816700e-001  0.000000e+000 -8.763527e-001
    outer loop
      vertex -1.406857e+001  1.087271e+001  7.092924e+001
      vertex -1.406857e+001 -3.087271e+001  7.092924e+001
      vertex -1.434890e+001 -3.074168e+001  7.077516e+001
    endloop
  endfacet
  facet normal  4.816701e-001  0.000000e+000 -8.763527e-001
    outer loop
      vertex -1.406857e+001  1.087271e+001  7.092924e+001
      vertex -1.434890e+001 -3.074168e+001  7.077516e+001
      vertex -1.434890e+001  1.074168e+001  7.077516e+001
    endloop
  endfacet
  facet normal  4.913620e-001  0.000000e+000 -8.709554e-001
    outer loop
      vertex -1.434890e+001  1.074168e+001  7.077516e+001
      vertex -1.434890e+001 -3.074168e+001  7.077516e+001
      vertex -1.464148e+001 -3.065960e+001  7.061010e+001
    endloop
  endfacet
  facet normal  4.913621e-001  0.000000e+000 -8.709555e-001
    outer loop
      vertex -1.434890e+001  1.074168e+001  7.077516e+001
      vertex -1.464148e+001 -3.065960e+001  7.061010e+001
      vertex -1.464148e+001  1.065960e+001  7.061010e+001
    endloop
  endfacet
  facet normal  5.013753e-001  0.000000e+000 -8.652298e-001
    outer loop
      vertex -1.464148e+001  1.065960e+001  7.061010e+001
      vertex -1.464148e+001 -3.065960e+001  7.061010e+001
      vertex -1.493930e+001 -3.062598e+001  7.043752e+001
    endloop
  endfacet
  facet normal  5.013753e-001  0.000000e+000 -8.652298e-001
    outer loop
      vertex -1.464148e+001  1.065960e+001  7.061010e+001
      vertex -1.493930e+001 -3.062598e+001  7.043752e+001
      vertex -1.493930e+001  1.062599e+001  7.043752e+001
    endloop
  endfacet
  facet normal  5.114661e-001  0.000000e+000 -8.593034e-001
    outer loop
      vertex -1.493930e+001  1.062599e+001  7.043752e+001
      vertex -1.493930e+001 -3.062598e+001  7.043752e+001
      vertex -1.523616e+001 -3.063993e+001  7.026083e+001
    endloop
  endfacet
  facet normal  5.114661e-001  0.000000e+000 -8.593034e-001
    outer loop
      vertex -1.493930e+001  1.062599e+001  7.043752e+001
      vertex -1.523616e+001 -3.063993e+001  7.026083e+001
      vertex -1.523616e+001  1.063993e+001  7.026083e+001
    endloop
  endfacet
  facet normal  5.213212e-001  0.000000e+000 -8.533605e-001
    outer loop
      vertex -1.523616e+001  1.063993e+001  7.026083e+001
      vertex -1.523616e+001 -3.063993e+001  7.026083e+001
      vertex -1.552130e+001 -3.069893e+001  7.008663e+001
    endloop
  endfacet
  facet normal  5.213213e-001  0.000000e+000 -8.533605e-001
    outer loop
      vertex -1.523616e+001  1.063993e+001  7.026083e+001
      vertex -1.552130e+001 -3.069893e+001  7.008663e+001
      vertex -1.552130e+001  1.069893e+001  7.008663e+001
    endloop
  endfacet
  facet normal  5.307902e-001  0.000000e+000 -8.475032e-001
    outer loop
      vertex -1.552130e+001  1.069893e+001  7.008663e+001
      vertex -1.552130e+001 -3.069893e+001  7.008663e+001
      vertex -1.579538e+001 -3.080206e+001  6.991498e+001
    endloop
  endfacet
  facet normal  5.307902e-001  0.000000e+000 -8.475032e-001
    outer loop
      vertex -1.552130e+001  1.069893e+001  7.008663e+001
      vertex -1.579538e+001 -3.080206e+001  6.991498e+001
      vertex -1.579538e+001  1.080206e+001  6.991498e+001
    endloop
  endfacet
  facet normal  5.398179e-001  0.000000e+000 -8.417818e-001
    outer loop
      vertex -1.579538e+001  1.080206e+001  6.991498e+001
      vertex -1.579538e+001 -3.080206e+001  6.991498e+001
      vertex -1.605308e+001 -3.094867e+001  6.974972e+001
    endloop
  endfacet
  facet normal  5.398179e-001  0.000000e+000 -8.417818e-001
    outer loop
      vertex -1.579538e+001  1.080206e+001  6.991498e+001
      vertex -1.605308e+001 -3.094867e+001  6.974972e+001
      vertex -1.605308e+001  1.094867e+001  6.974972e+001
    endloop
  endfacet
  facet normal  5.481672e-001  0.000000e+000 -8.363688e-001
    outer loop
      vertex -1.605308e+001  1.094867e+001  6.974972e+001
      vertex -1.605308e+001 -3.094867e+001  6.974972e+001
      vertex -1.628856e+001 -3.113793e+001  6.959538e+001
    endloop
  endfacet
  facet normal  5.481671e-001  0.000000e+000 -8.363687e-001
    outer loop
      vertex -1.605308e+001  1.094867e+001  6.974972e+001
      vertex -1.628856e+001 -3.113793e+001  6.959538e+001
      vertex -1.628856e+001  1.113793e+001  6.959538e+001
    endloop
  endfacet
  facet normal  5.553808e-001  0.000000e+000 -8.315961e-001
    outer loop
      vertex -1.628856e+001  1.113793e+001  6.959538e+001
      vertex -1.628856e+001 -3.113793e+001  6.959538e+001
      vertex -1.647889e+001 -3.134739e+001  6.946827e+001
    endloop
  endfacet
  facet normal  5.553808e-001  0.000000e+000 -8.315961e-001
    outer loop
      vertex -1.628856e+001  1.113793e+001  6.959538e+001
      vertex -1.647889e+001 -3.134739e+001  6.946827e+001
      vertex -1.647889e+001  1.134739e+001  6.946827e+001
    endloop
  endfacet
  facet normal  5.613225e-001  0.000000e+000 -8.275971e-001
    outer loop
      vertex -1.647889e+001  1.134739e+001  6.946827e+001
      vertex -1.647889e+001 -3.134739e+001  6.946827e+001
      vertex -1.663920e+001 -3.158969e+001  6.935954e+001
    endloop
  endfacet
  facet normal  5.613225e-001  0.000000e+000 -8.275972e-001
    outer loop
      vertex -1.647889e+001  1.134739e+001  6.946827e+001
      vertex -1.663920e+001 -3.158969e+001  6.935954e+001
      vertex -1.663920e+001  1.158969e+001  6.935954e+001
    endloop
  endfacet
  facet normal  5.660677e-001  0.000000e+000 -8.243588e-001
    outer loop
      vertex -1.663920e+001  1.158969e+001  6.935954e+001
      vertex -1.663920e+001 -3.158969e+001  6.935954e+001
      vertex -1.675701e+001 -3.184538e+001  6.927864e+001
    endloop
  endfacet
  facet normal  5.660677e-001  0.000000e+000 -8.243588e-001
    outer loop
      vertex -1.663920e+001  1.158969e+001  6.935954e+001
      vertex -1.675701e+001 -3.184538e+001  6.927864e+001
      vertex -1.675701e+001  1.184538e+001  6.927864e+001
    endloop
  endfacet
  facet normal  5.693772e-001  0.000000e+000 -8.220764e-001
    outer loop
      vertex -1.675701e+001  1.184538e+001  6.927864e+001
      vertex -1.675701e+001 -3.184538e+001  6.927864e+001
      vertex -1.683647e+001 -3.212183e+001  6.922361e+001
    endloop
  endfacet
  facet normal  5.693772e-001  0.000000e+000 -8.220764e-001
    outer loop
      vertex -1.675701e+001  1.184538e+001  6.927864e+001
      vertex -1.683647e+001 -3.212183e+001  6.922361e+001
      vertex -1.683647e+001  1.212183e+001  6.922361e+001
    endloop
  endfacet
  facet normal  5.711600e-001  0.000000e+000 -8.208388e-001
    outer loop
      vertex -1.683647e+001  1.212183e+001  6.922361e+001
      vertex -1.683647e+001 -3.212183e+001  6.922361e+001
      vertex -1.686529e+001 -3.230947e+001  6.920355e+001
    endloop
  endfacet
  facet normal  5.711599e-001  0.000000e+000 -8.208387e-001
    outer loop
      vertex -1.683647e+001  1.212183e+001  6.922361e+001
      vertex -1.686529e+001 -3.230947e+001  6.920355e+001
      vertex -1.686529e+001  1.230947e+001  6.920355e+001
    endloop
  endfacet
  facet normal  5.719143e-001  0.000000e+000 -8.203134e-001
    outer loop
      vertex -1.686529e+001  1.230947e+001  6.920355e+001
      vertex -1.686529e+001 -3.230947e+001  6.920355e+001
      vertex -1.687500e+001 -3.250000e+001  6.919678e+001
    endloop
  endfacet
  facet normal  5.719143e-001  0.000000e+000 -8.203133e-001
    outer loop
      vertex -1.686529e+001  1.230947e+001  6.920355e+001
      vertex -1.687500e+001 -3.250000e+001  6.919678e+001
      vertex -1.687500e+001  1.250000e+001  6.919678e+001
    endloop
  endfacet
  facet normal  5.762749e-001  0.000000e+000 -8.172560e-001
    outer loop
      vertex -1.687500e+001  1.250000e+001  6.919678e+001
      vertex -1.687500e+001 -3.250000e+001  6.919678e+001
      vertex -1.712500e+001 -3.250000e+001  6.902050e+001
    endloop
  endfacet
  facet normal  5.762749e-001  0.000000e+000 -8.172560e-001
    outer loop
      vertex -1.687500e+001  1.250000e+001  6.919678e+001
      vertex -1.712500e+001 -3.250000e+001  6.902050e+001
      vertex -1.712500e+001  1.250000e+001  6.902050e+001
    endloop
  endfacet
  facet normal  6.013278e-001  0.000000e+000 -7.990025e-001
    outer loop
      vertex -1.712500e+001  1.250000e+001  6.902050e+001
      vertex -1.712500e+001 -3.250000e+001  6.902050e+001
      vertex -1.834141e+001 -3.250000e+001  6.810503e+001
    endloop
  endfacet
  facet normal  6.013278e-001  0.000000e+000 -7.990025e-001
    outer loop
      vertex -1.712500e+001  1.250000e+001  6.902050e+001
      vertex -1.834141e+001 -3.250000e+001  6.810503e+001
      vertex -1.834141e+001  1.250000e+001  6.810503e+001
    endloop
  endfacet
  facet normal  6.417447e-001  0.000000e+000 -7.669182e-001
    outer loop
      vertex -1.834141e+001  1.250000e+001  6.810503e+001
      vertex -1.834141e+001 -3.250000e+001  6.810503e+001
      vertex -1.950897e+001 -3.250000e+001  6.712804e+001
    endloop
  endfacet
  facet normal  6.417447e-001  0.000000e+000 -7.669182e-001
    outer loop
      vertex -1.834141e+001  1.250000e+001  6.810503e+001
      vertex -1.950897e+001 -3.250000e+001  6.712804e+001
      vertex -1.950897e+001  1.250000e+001  6.712804e+001
    endloop
  endfacet
  facet normal  6.804574e-001  0.000000e+000 -7.327877e-001
    outer loop
      vertex -1.950897e+001  1.250000e+001  6.712804e+001
      vertex -1.950897e+001 -3.250000e+001  6.712804e+001
      vertex -2.062457e+001 -3.250000e+001  6.609210e+001
    endloop
  endfacet
  facet normal  6.804574e-001  0.000000e+000 -7.327877e-001
    outer loop
      vertex -1.950897e+001  1.250000e+001  6.712804e+001
      vertex -2.062457e+001 -3.250000e+001  6.609210e+001
      vertex -2.062457e+001  1.250000e+001  6.609210e+001
    endloop
  endfacet
  facet normal -6.256979e-001 -1.599538e-004 -7.800655e-001
    outer loop
      vertex  1.872676e+001  2.279383e+001  6.779383e+001
      vertex  1.834141e+001  1.250000e+001  6.810503e+001
      vertex  1.818227e+001  2.323048e+001  6.823048e+001
    endloop
  endfacet
  facet normal -6.013278e-001  4.228690e-004 -7.990024e-001
    outer loop
      vertex  1.818227e+001  2.323048e+001  6.823048e+001
      vertex  1.834141e+001  1.250000e+001  6.810503e+001
      vertex  1.712500e+001  1.250000e+001  6.902050e+001
    endloop
  endfacet
  facet normal -6.063322e-001  1.195136e-003 -7.952104e-001
    outer loop
      vertex  1.818227e+001  2.323048e+001  6.823048e+001
      vertex  1.712500e+001  1.250000e+001  6.902050e+001
      vertex  1.762292e+001  2.365761e+001  6.865762e+001
    endloop
  endfacet
  facet normal -1.968761e-001 -2.815078e-004 -9.804283e-001
    outer loop
      vertex  5.239988e+000  2.903089e+001  7.403089e+001
      vertex  6.370021e+000  2.880404e+001  7.380404e+001
      vertex  6.047134e+000  1.250000e+001  7.387356e+001
    endloop
  endfacet
  facet normal -2.347012e-001  5.032332e-004 -9.720675e-001
    outer loop
      vertex  6.047134e+000  1.250000e+001  7.387356e+001
      vertex  6.370021e+000  2.880404e+001  7.380404e+001
      vertex  7.481661e+000  2.853550e+001  7.353550e+001
    endloop
  endfacet
  facet normal -2.301785e-001  7.585384e-005 -9.731484e-001
    outer loop
      vertex  6.047134e+000  1.250000e+001  7.387356e+001
      vertex  7.481661e+000  2.853550e+001  7.353550e+001
      vertex  7.528663e+000  1.250000e+001  7.352313e+001
    endloop
  endfacet
  facet normal -4.088128e-002 -2.177330e-004 -9.991639e-001
    outer loop
      vertex  6.420805e-001  2.949301e+001  7.449301e+001
      vertex  1.768960e+000  2.944691e+001  7.444691e+001
      vertex  1.521900e+000  1.250000e+001  7.446072e+001
    endloop
  endfacet
  facet normal -7.973805e-002  3.506514e-004 -9.968157e-001
    outer loop
      vertex  1.521900e+000  1.250000e+001  7.446072e+001
      vertex  1.768960e+000  2.944691e+001  7.444691e+001
      vertex  2.936239e+000  2.935351e+001  7.435351e+001
    endloop
  endfacet
  facet normal -7.734097e-002  1.482878e-004 -9.970047e-001
    outer loop
      vertex  1.521900e+000  1.250000e+001  7.446072e+001
      vertex  2.936239e+000  2.935351e+001  7.435351e+001
      vertex  3.039747e+000  1.250000e+001  7.434297e+001
    endloop
  endfacet
  facet normal  1.117003e-001 -2.506217e-004 -9.937419e-001
    outer loop
      vertex -3.851083e+000  2.924755e+001  7.424755e+001
      vertex -2.736363e+000  2.937282e+001  7.437282e+001
      vertex -3.039747e+000  1.250000e+001  7.434297e+001
    endloop
  endfacet
  facet normal  7.371335e-002  4.386652e-004 -9.972794e-001
    outer loop
      vertex -3.039747e+000  1.250000e+001  7.434297e+001
      vertex -2.736363e+000  2.937282e+001  7.437282e+001
      vertex -1.613832e+000  2.945582e+001  7.445583e+001
    endloop
  endfacet
  facet normal  7.734097e-002  1.317687e-004 -9.970046e-001
    outer loop
      vertex -3.039747e+000  1.250000e+001  7.434297e+001
      vertex -1.613832e+000  2.945582e+001  7.445583e+001
      vertex -1.521900e+000  1.250000e+001  7.446072e+001
    endloop
  endfacet
  facet normal  2.697461e-001 -1.843342e-004 -9.629314e-001
    outer loop
      vertex -8.540482e+000  2.823668e+001  7.323668e+001
      vertex -7.368082e+000  2.856504e+001  7.356504e+001
      vertex -7.528663e+000  1.250000e+001  7.352313e+001
    endloop
  endfacet
  facet normal  2.294847e-001  2.451861e-004 -9.733122e-001
    outer loop
      vertex -7.528663e+000  1.250000e+001  7.352313e+001
      vertex -7.368082e+000  2.856504e+001  7.356504e+001
      vertex -6.171863e+000  2.884715e+001  7.384715e+001
    endloop
  endfacet
  facet normal  2.301786e-001  1.843475e-004 -9.731485e-001
    outer loop
      vertex -7.528663e+000  1.250000e+001  7.352313e+001
      vertex -6.171863e+000  2.884715e+001  7.384715e+001
      vertex -6.047134e+000  1.250000e+001  7.387356e+001
    endloop
  endfacet
  facet normal  4.453472e-001  6.249780e-008 -8.953580e-001
    outer loop
      vertex -1.315227e+001  1.281862e+001  7.140583e+001
      vertex -1.313781e+001  2.641303e+001  7.141302e+001
      vertex -1.312500e+001  1.250000e+001  7.141940e+001
    endloop
  endfacet
  facet normal  4.260027e-001 -2.203557e-005 -9.047219e-001
    outer loop
      vertex -1.312500e+001  1.250000e+001  7.141940e+001
      vertex -1.313781e+001  2.641303e+001  7.141302e+001
      vertex -1.198985e+001  2.695354e+001  7.195354e+001
    endloop
  endfacet
  facet normal  4.232158e-001  2.451460e-004 -9.060289e-001
    outer loop
      vertex -1.312500e+001  1.250000e+001  7.141940e+001
      vertex -1.198985e+001  2.695354e+001  7.195354e+001
      vertex -1.183744e+001  1.250000e+001  7.202083e+001
    endloop
  endfacet
  facet normal  6.201707e-001 -3.549583e-004 -7.844669e-001
    outer loop
      vertex -1.791429e+001  2.343775e+001  6.843775e+001
      vertex -1.834141e+001  1.250000e+001  6.810503e+001
      vertex -1.866100e+001  2.284769e+001  6.784769e+001
    endloop
  endfacet
  facet normal  6.417447e-001  7.477844e-004 -7.669181e-001
    outer loop
      vertex -1.866100e+001  2.284769e+001  6.784769e+001
      vertex -1.834141e+001  1.250000e+001  6.810503e+001
      vertex -1.950897e+001  1.250000e+001  6.712804e+001
    endloop
  endfacet
  facet normal  6.414233e-001  7.927879e-004 -7.671867e-001
    outer loop
      vertex -1.866100e+001  2.284769e+001  6.784769e+001
      vertex -1.950897e+001  1.250000e+001  6.712804e+001
      vertex -1.920308e+001  2.239401e+001  6.739401e+001
    endloop
  endfacet
  facet normal -7.728871e-001  6.345365e-001 -2.992277e-003
    outer loop
      vertex -2.561737e+001  2.000000e+001  6.500000e+001
      vertex -2.470350e+001  2.111840e+001  6.611840e+001
      vertex -2.460539e+001  2.123264e+001  6.500000e+001
    endloop
  endfacet
  facet normal -7.464991e-001  6.653818e-001  2.473398e-003
    outer loop
      vertex -2.460539e+001  2.123264e+001  6.500000e+001
      vertex -2.470350e+001  2.111840e+001  6.611840e+001
      vertex -2.372696e+001  2.220994e+001  6.720995e+001
    endloop
  endfacet
  facet normal -7.408289e-001  6.716889e-001 -2.569572e-003
    outer loop
      vertex -2.460539e+001  2.123264e+001  6.500000e+001
      vertex -2.372696e+001  2.220994e+001  6.720995e+001
      vertex -2.353415e+001  2.241414e+001  6.500000e+001
    endloop
  endfacet
  facet normal -7.155127e-001  6.985965e-001  2.125479e-003
    outer loop
      vertex -2.353415e+001  2.241414e+001  6.500000e+001
      vertex -2.372696e+001  2.220994e+001  6.720995e+001
      vertex -2.270063e+001  2.325793e+001  6.825793e+001
    endloop
  endfacet
  facet normal -7.069865e-001  7.072234e-001 -2.290201e-003
    outer loop
      vertex -2.353415e+001  2.241414e+001  6.500000e+001
      vertex -2.270063e+001  2.325793e+001  6.825793e+001
      vertex -2.240624e+001  2.354168e+001  6.500000e+001
    endloop
  endfacet
  facet normal -6.160390e-001  7.877151e-001  9.065297e-004
    outer loop
      vertex -2.045759e+001  2.525345e+001  7.025346e+001
      vertex -1.955008e+001  2.596236e+001  7.096236e+001
      vertex -1.999140e+001  2.562409e+001  6.500000e+001
    endloop
  endfacet
  facet normal -5.955887e-001  8.032881e-001 -1.490664e-003
    outer loop
      vertex -1.871028e+001  2.657396e+001  6.500000e+001
      vertex -1.999140e+001  2.562409e+001  6.500000e+001
      vertex -1.955008e+001  2.596236e+001  7.096236e+001
    endloop
  endfacet
  facet normal -5.872598e-001  8.093985e-001  3.092520e-004
    outer loop
      vertex -1.955008e+001  2.596236e+001  7.096236e+001
      vertex -1.860611e+001  2.664700e+001  7.164700e+001
      vertex -1.871028e+001  2.657396e+001  6.500000e+001
    endloop
  endfacet
  facet normal -5.140025e-001  8.577879e-001 -1.208662e-003
    outer loop
      vertex -1.738411e+001  2.745984e+001  6.500000e+001
      vertex -1.660887e+001  2.793556e+001  7.293555e+001
      vertex -1.601607e+001  2.827959e+001  6.500000e+001
    endloop
  endfacet
  facet normal -4.944683e-001  8.691954e-001  7.451272e-004
    outer loop
      vertex -1.660887e+001  2.793556e+001  7.293555e+001
      vertex -1.550463e+001  2.856320e+001  7.356320e+001
      vertex -1.601607e+001  2.827959e+001  6.500000e+001
    endloop
  endfacet
  facet normal -4.713046e-001  8.819698e-001 -1.061410e-003
    outer loop
      vertex -1.460947e+001  2.903125e+001  6.500000e+001
      vertex -1.601607e+001  2.827959e+001  6.500000e+001
      vertex -1.550463e+001  2.856320e+001  7.356320e+001
    endloop
  endfacet
  facet normal -4.597602e-001  8.880429e-001  4.773390e-004
    outer loop
      vertex -1.550463e+001  2.856320e+001  7.356320e+001
      vertex -1.436128e+001  2.915482e+001  7.415482e+001
      vertex -1.460947e+001  2.903125e+001  6.500000e+001
    endloop
  endfacet
  facet normal -3.368203e-001  9.415687e-001 -8.231249e-004
    outer loop
      vertex -1.169420e+001  3.032319e+001  6.500000e+001
      vertex -1.070762e+001  3.068545e+001  7.568545e+001
      vertex -1.019255e+001  3.086036e+001  6.500000e+001
    endloop
  endfacet
  facet normal -3.113807e-001  9.502851e-001  5.458203e-004
    outer loop
      vertex -1.019255e+001  3.086036e+001  6.500000e+001
      vertex -1.070762e+001  3.068545e+001  7.568545e+001
      vertex -9.517903e+000  3.107506e+001  7.607507e+001
    endloop
  endfacet
  facet normal -2.902248e-001  9.569582e-001 -8.722699e-004
    outer loop
      vertex -1.019255e+001  3.086036e+001  6.500000e+001
      vertex -9.517903e+000  3.107506e+001  7.607507e+001
      vertex -8.666355e+000  3.132322e+001  6.500000e+001
    endloop
  endfacet
  facet normal -2.743239e-001  9.616372e-001  4.551813e-004
    outer loop
      vertex -9.517903e+000  3.107506e+001  7.607507e+001
      vertex -8.301935e+000  3.142177e+001  7.642178e+001
      vertex -8.666355e+000  3.132322e+001  6.500000e+001
    endloop
  endfacet
  facet normal -2.429287e-001  9.700440e-001 -6.190416e-004
    outer loop
      vertex -7.119291e+000  3.171066e+001  6.500000e+001
      vertex -8.666355e+000  3.132322e+001  6.500000e+001
      vertex -8.301935e+000  3.142177e+001  7.642178e+001
    endloop
  endfacet
  facet normal -2.364383e-001  9.716465e-001  9.352084e-005
    outer loop
      vertex -8.301935e+000  3.142177e+001  7.642178e+001
      vertex -7.062185e+000  3.172342e+001  7.672342e+001
      vertex -7.119291e+000  3.171066e+001  6.500000e+001
    endloop
  endfacet
  facet normal -1.466977e-001  9.891811e-001 -7.260138e-004
    outer loop
      vertex -5.555084e+000  3.202173e+001  6.500000e+001
      vertex -4.523103e+000  3.218372e+001  7.718372e+001
      vertex -3.977499e+000  3.225569e+001  6.500000e+001
    endloop
  endfacet
  facet normal -1.207266e-001  9.926857e-001  4.577120e-004
    outer loop
      vertex -3.977499e+000  3.225569e+001  6.500000e+001
      vertex -4.523103e+000  3.218372e+001  7.718372e+001
      vertex -3.319289e+000  3.233005e+001  7.733006e+001
    endloop
  endfacet
  facet normal -9.799615e-002  9.951864e-001 -7.707769e-004
    outer loop
      vertex -3.977499e+000  3.225569e+001  6.500000e+001
      vertex -3.319289e+000  3.233005e+001  7.733006e+001
      vertex -2.390337e+000  3.241198e+001  6.500000e+001
    endloop
  endfacet
  facet normal -8.351515e-002  9.965064e-001  3.289993e-004
    outer loop
      vertex -3.319289e+000  3.233005e+001  7.733006e+001
      vertex -2.106404e+000  3.243167e+001  7.743166e+001
      vertex -2.390337e+000  3.241198e+001  6.500000e+001
    endloop
  endfacet
  facet normal  0.000000e+000  9.999998e-001 -6.461458e-004
    outer loop
      vertex -7.974180e-001  3.249022e+001  6.500000e+001
      vertex  3.333993e-001  3.249829e+001  7.749828e+001
      vertex  7.974209e-001  3.249022e+001  6.500000e+001
    endloop
  endfacet
  facet normal  2.904902e-002  9.995778e-001  4.326247e-004
    outer loop
      vertex  7.974209e-001  3.249022e+001  6.500000e+001
      vertex  3.333993e-001  3.249829e+001  7.749828e+001
      vertex  1.553631e+000  3.246284e+001  7.746284e+001
    endloop
  endfacet
  facet normal  4.905788e-002  9.987956e-001 -7.831747e-004
    outer loop
      vertex  7.974209e-001  3.249022e+001  6.500000e+001
      vertex  1.553631e+000  3.246284e+001  7.746284e+001
      vertex  2.390339e+000  3.241198e+001  6.500000e+001
    endloop
  endfacet
  facet normal  6.654933e-002  9.977831e-001  3.952682e-004
    outer loop
      vertex  1.553631e+000  3.246284e+001  7.746284e+001
      vertex  2.769605e+000  3.238177e+001  7.738177e+001
      vertex  2.390339e+000  3.241198e+001  6.500000e+001
    endloop
  endfacet
  facet normal  1.950499e-001  9.807930e-001 -8.135734e-004
    outer loop
      vertex  5.555087e+000  3.202173e+001  6.500000e+001
      vertex  6.431314e+000  3.185731e+001  7.685731e+001
      vertex  7.119294e+000  3.171066e+001  6.500000e+001
    endloop
  endfacet
  facet normal  2.165106e-001  9.762802e-001  4.874272e-004
    outer loop
      vertex  6.431314e+000  3.185731e+001  7.685731e+001
      vertex  7.632694e+000  3.159101e+001  7.659101e+001
      vertex  7.119294e+000  3.171066e+001  6.500000e+001
    endloop
  endfacet
  facet normal  2.429298e-001  9.700436e-001 -7.471304e-004
    outer loop
      vertex  8.666358e+000  3.132322e+001  6.500000e+001
      vertex  7.119294e+000  3.171066e+001  6.500000e+001
      vertex  7.632694e+000  3.159101e+001  7.659101e+001
    endloop
  endfacet
  facet normal  2.531180e-001  9.674353e-001  2.217004e-004
    outer loop
      vertex  7.632694e+000  3.159101e+001  7.659101e+001
      vertex  8.813525e+000  3.128213e+001  7.628214e+001
      vertex  8.666358e+000  3.132322e+001  6.500000e+001
    endloop
  endfacet
  facet normal  3.368202e-001  9.415686e-001 -8.869365e-004
    outer loop
      vertex  1.019255e+001  3.086036e+001  6.500000e+001
      vertex  1.110436e+001  3.054412e+001  7.554412e+001
      vertex  1.169420e+001  3.032319e+001  6.500000e+001
    endloop
  endfacet
  facet normal  3.611468e-001  9.325088e-001  6.637338e-004
    outer loop
      vertex  1.169420e+001  3.032319e+001  6.500000e+001
      vertex  1.110436e+001  3.054412e+001  7.554412e+001
      vertex  1.235065e+001  3.006179e+001  7.506180e+001
    endloop
  endfacet
  facet normal  3.826061e-001  9.239111e-001 -9.596462e-004
    outer loop
      vertex  1.169420e+001  3.032319e+001  6.500000e+001
      vertex  1.235065e+001  3.006179e+001  7.506180e+001
      vertex  1.316769e+001  2.971299e+001  6.500000e+001
    endloop
  endfacet
  facet normal  3.989436e-001  9.169753e-001  6.074475e-004
    outer loop
      vertex  1.235065e+001  3.006179e+001  7.506180e+001
      vertex  1.356098e+001  2.953557e+001  7.453557e+001
      vertex  1.316769e+001  2.971299e+001  6.500000e+001
    endloop
  endfacet
  facet normal  4.274696e-001  9.040294e-001 -8.099559e-004
    outer loop
      vertex  1.460948e+001  2.903125e+001  6.500000e+001
      vertex  1.316769e+001  2.971299e+001  6.500000e+001
      vertex  1.356098e+001  2.953557e+001  7.453557e+001
    endloop
  endfacet
  facet normal  4.355008e-001  9.001883e-001  2.762691e-004
    outer loop
      vertex  1.356098e+001  2.953557e+001  7.453557e+001
      vertex  1.473378e+001  2.896836e+001  7.396836e+001
      vertex  1.460948e+001  2.903125e+001  6.500000e+001
    endloop
  endfacet
  facet normal  5.140034e-001  8.577874e-001 -1.086841e-003
    outer loop
      vertex  1.601608e+001  2.827959e+001  6.500000e+001
      vertex  1.696235e+001  2.772235e+001  7.272235e+001
      vertex  1.738411e+001  2.745984e+001  6.500000e+001
    endloop
  endfacet
  facet normal  6.193470e-001  7.851173e-001  2.963943e-004
    outer loop
      vertex  1.999140e+001  2.562409e+001  6.500000e+001
      vertex  1.983238e+001  2.574737e+001  7.074737e+001
      vertex  2.041316e+001  2.528938e+001  7.028938e+001
    endloop
  endfacet
  facet normal  6.342790e-001  7.731023e-001 -1.654550e-003
    outer loop
      vertex  1.999140e+001  2.562409e+001  6.500000e+001
      vertex  2.041316e+001  2.528938e+001  7.028938e+001
      vertex  2.122437e+001  2.461252e+001  6.500000e+001
    endloop
  endfacet
  facet normal  6.460100e-001  7.633276e-001  1.395428e-003
    outer loop
      vertex  2.041316e+001  2.528938e+001  7.028938e+001
      vertex  2.152236e+001  2.435237e+001  6.935237e+001
      vertex  2.122437e+001  2.461252e+001  6.500000e+001
    endloop
  endfacet
  facet normal  6.714417e-001  7.410554e-001 -1.676984e-003
    outer loop
      vertex  2.240624e+001  2.354167e+001  6.500000e+001
      vertex  2.122437e+001  2.461252e+001  6.500000e+001
      vertex  2.152236e+001  2.435237e+001  6.935237e+001
    endloop
  endfacet
  facet normal  6.791491e-001  7.339994e-001  1.202537e-003
    outer loop
      vertex  2.152236e+001  2.435237e+001  6.935237e+001
      vertex  2.257278e+001  2.338203e+001  6.838203e+001
      vertex  2.240624e+001  2.354167e+001  6.500000e+001
    endloop
  endfacet
  facet normal  7.069871e-001  7.072250e-001 -1.432116e-003
    outer loop
      vertex  2.353415e+001  2.241414e+001  6.500000e+001
      vertex  2.240624e+001  2.354167e+001  6.500000e+001
      vertex  2.257278e+001  2.338203e+001  6.838203e+001
    endloop
  endfacet
  facet normal  7.101759e-001  7.040243e-001  3.903284e-004
    outer loop
      vertex  2.257278e+001  2.338203e+001  6.838203e+001
      vertex  2.356508e+001  2.238162e+001  6.738161e+001
      vertex  2.353415e+001  2.241414e+001  6.500000e+001
    endloop
  endfacet
  facet normal  7.726731e-001  6.343608e-001 -2.371998e-002
    outer loop
      vertex  2.561738e+001  2.000000e+001  6.500000e+001
      vertex  2.460539e+001  2.123264e+001  6.500000e+001
      vertex  2.537867e+001  2.030204e+001  6.530204e+001
    endloop
  endfacet
  facet normal -6.721417e-001  7.404195e-001 -2.062227e-003
    outer loop
      vertex -2.159637e+001  2.428676e+001  6.928676e+001
      vertex -2.122437e+001  2.461252e+001  6.500000e+001
      vertex -2.215667e+001  2.377671e+001  6.877671e+001
    endloop
  endfacet
  facet normal -6.714409e-001  7.410560e-001 -1.748376e-003
    outer loop
      vertex -2.215667e+001  2.377671e+001  6.877671e+001
      vertex -2.122437e+001  2.461252e+001  6.500000e+001
      vertex -2.240624e+001  2.354168e+001  6.500000e+001
    endloop
  endfacet
  facet normal -6.904616e-001  7.233687e-001  6.092324e-004
    outer loop
      vertex -2.215667e+001  2.377671e+001  6.877671e+001
      vertex -2.240624e+001  2.354168e+001  6.500000e+001
      vertex -2.270063e+001  2.325793e+001  6.825793e+001
    endloop
  endfacet
  facet normal -6.373106e-001  7.706038e-001 -2.188372e-003
    outer loop
      vertex -2.045759e+001  2.525345e+001  7.025346e+001
      vertex -1.999140e+001  2.562409e+001  6.500000e+001
      vertex -2.103482e+001  2.477471e+001  6.977472e+001
    endloop
  endfacet
  facet normal -6.342795e-001  7.731031e-001 -1.081373e-003
    outer loop
      vertex -2.103482e+001  2.477471e+001  6.977472e+001
      vertex -1.999140e+001  2.562409e+001  6.500000e+001
      vertex -2.122437e+001  2.461252e+001  6.500000e+001
    endloop
  endfacet
  facet normal -6.561097e-001  7.546655e-001  4.115934e-004
    outer loop
      vertex -2.103482e+001  2.477471e+001  6.977472e+001
      vertex -2.122437e+001  2.461252e+001  6.500000e+001
      vertex -2.159637e+001  2.428676e+001  6.928676e+001
    endloop
  endfacet
  facet normal -5.554661e-001  8.315391e-001 -4.322766e-004
    outer loop
      vertex -1.871028e+001  2.657396e+001  6.500000e+001
      vertex -1.860611e+001  2.664700e+001  7.164700e+001
      vertex -1.738411e+001  2.745984e+001  6.500000e+001
    endloop
  endfacet
  facet normal -5.571020e-001  8.304437e-001 -8.669776e-004
    outer loop
      vertex -1.738411e+001  2.745984e+001  6.500000e+001
      vertex -1.860611e+001  2.664700e+001  7.164700e+001
      vertex -1.762568e+001  2.730541e+001  7.230541e+001
    endloop
  endfacet
  facet normal -5.270162e-001  8.498551e-001  5.382049e-004
    outer loop
      vertex -1.738411e+001  2.745984e+001  6.500000e+001
      vertex -1.762568e+001  2.730541e+001  7.230541e+001
      vertex -1.660887e+001  2.793556e+001  7.293555e+001
    endloop
  endfacet
  facet normal -4.274687e-001  9.040300e-001 -6.139092e-004
    outer loop
      vertex -1.460947e+001  2.903125e+001  6.500000e+001
      vertex -1.436128e+001  2.915482e+001  7.415482e+001
      vertex -1.316769e+001  2.971299e+001  6.500000e+001
    endloop
  endfacet
  facet normal -4.237826e-001  9.057639e-001 -2.760385e-005
    outer loop
      vertex -1.316769e+001  2.971299e+001  6.500000e+001
      vertex -1.436128e+001  2.915482e+001  7.415482e+001
      vertex -1.317972e+001  2.970766e+001  7.470766e+001
    endloop
  endfacet
  facet normal -3.826062e-001  9.239115e-001  3.339511e-005
    outer loop
      vertex -1.316769e+001  2.971299e+001  6.500000e+001
      vertex -1.317972e+001  2.970766e+001  7.470766e+001
      vertex -1.169420e+001  3.032319e+001  6.500000e+001
    endloop
  endfacet
  facet normal -3.866185e-001  9.222395e-001 -6.866126e-004
    outer loop
      vertex -1.169420e+001  3.032319e+001  6.500000e+001
      vertex -1.317972e+001  2.970766e+001  7.470766e+001
      vertex -1.196127e+001  3.021884e+001  7.521883e+001
    endloop
  endfacet
  facet normal -3.489730e-001  9.371326e-001  4.493266e-004
    outer loop
      vertex -1.169420e+001  3.032319e+001  6.500000e+001
      vertex -1.196127e+001  3.021884e+001  7.521883e+001
      vertex -1.070762e+001  3.068545e+001  7.568545e+001
    endloop
  endfacet
  facet normal -1.950500e-001  9.807933e-001 -1.180496e-004
    outer loop
      vertex -7.119291e+000  3.171066e+001  6.500000e+001
      vertex -7.062185e+000  3.172342e+001  7.672342e+001
      vertex -5.555084e+000  3.202173e+001  6.500000e+001
    endloop
  endfacet
  facet normal -1.978453e-001  9.802331e-001 -4.916532e-004
    outer loop
      vertex -5.555084e+000  3.202173e+001  6.500000e+001
      vertex -7.062185e+000  3.172342e+001  7.672342e+001
      vertex -5.801501e+000  3.197800e+001  7.697800e+001
    endloop
  endfacet
  facet normal -1.589250e-001  9.872905e-001  3.347975e-004
    outer loop
      vertex -5.555084e+000  3.202173e+001  6.500000e+001
      vertex -5.801501e+000  3.197800e+001  7.697800e+001
      vertex -4.523103e+000  3.218372e+001  7.718372e+001
    endloop
  endfacet
  facet normal -4.905789e-002  9.987958e-001 -4.616129e-004
    outer loop
      vertex -2.390337e+000  3.241198e+001  6.500000e+001
      vertex -2.106404e+000  3.243167e+001  7.743166e+001
      vertex -7.974180e-001  3.249022e+001  6.500000e+001
    endloop
  endfacet
  facet normal -4.606477e-002  9.989385e-001 -1.457812e-004
    outer loop
      vertex -7.974180e-001  3.249022e+001  6.500000e+001
      vertex -2.106404e+000  3.243167e+001  7.743166e+001
      vertex -8.877307e-001  3.248787e+001  7.748787e+001
    endloop
  endfacet
  facet normal -8.532154e-003  9.999636e-001  1.258483e-004
    outer loop
      vertex -7.974180e-001  3.249022e+001  6.500000e+001
      vertex -8.877307e-001  3.248787e+001  7.748787e+001
      vertex  3.333993e-001  3.249829e+001  7.749828e+001
    endloop
  endfacet
  facet normal  9.799617e-002  9.951866e-001 -5.743123e-004
    outer loop
      vertex  2.390339e+000  3.241198e+001  6.500000e+001
      vertex  2.769605e+000  3.238177e+001  7.738177e+001
      vertex  3.977502e+000  3.225569e+001  6.500000e+001
    endloop
  endfacet
  facet normal  1.038278e-001  9.945953e-001  6.080278e-007
    outer loop
      vertex  3.977502e+000  3.225569e+001  6.500000e+001
      vertex  2.769605e+000  3.238177e+001  7.738177e+001
      vertex  3.977978e+000  3.225563e+001  7.725563e+001
    endloop
  endfacet
  facet normal  1.466977e-001  9.891813e-001 -1.083548e-006
    outer loop
      vertex  3.977502e+000  3.225569e+001  6.500000e+001
      vertex  3.977978e+000  3.225563e+001  7.725563e+001
      vertex  5.555087e+000  3.202173e+001  6.500000e+001
    endloop
  endfacet
  facet normal  1.413135e-001  9.899646e-001 -7.089017e-004
    outer loop
      vertex  5.555087e+000  3.202173e+001  6.500000e+001
      vertex  3.977978e+000  3.225563e+001  7.725563e+001
      vertex  5.212075e+000  3.207934e+001  7.707935e+001
    endloop
  endfacet
  facet normal  1.792310e-001  9.838069e-001  3.971948e-004
    outer loop
      vertex  5.555087e+000  3.202173e+001  6.500000e+001
      vertex  5.212075e+000  3.207934e+001  7.707935e+001
      vertex  6.431314e+000  3.185731e+001  7.685731e+001
    endloop
  endfacet
  facet normal  2.902238e-001  9.569587e-001 -3.004736e-004
    outer loop
      vertex  8.666358e+000  3.132322e+001  6.500000e+001
      vertex  8.813525e+000  3.128213e+001  7.628214e+001
      vertex  1.019255e+001  3.086036e+001  6.500000e+001
    endloop
  endfacet
  facet normal  2.889174e-001  9.573539e-001 -4.749330e-004
    outer loop
      vertex  1.019255e+001  3.086036e+001  6.500000e+001
      vertex  8.813525e+000  3.128213e+001  7.628214e+001
      vertex  9.971432e+000  3.093252e+001  7.593252e+001
    endloop
  endfacet
  facet normal  3.243951e-001  9.459217e-001  3.180914e-004
    outer loop
      vertex  1.019255e+001  3.086036e+001  6.500000e+001
      vertex  9.971432e+000  3.093252e+001  7.593252e+001
      vertex  1.110436e+001  3.054412e+001  7.554412e+001
    endloop
  endfacet
  facet normal  4.713042e-001  8.819706e-001 -3.477432e-004
    outer loop
      vertex  1.460948e+001  2.903125e+001  6.500000e+001
      vertex  1.473378e+001  2.896836e+001  7.396836e+001
      vertex  1.601608e+001  2.827959e+001  6.500000e+001
    endloop
  endfacet
  facet normal  4.706947e-001  8.822960e-001 -4.598674e-004
    outer loop
      vertex  1.601608e+001  2.827959e+001  6.500000e+001
      vertex  1.473378e+001  2.896836e+001  7.396836e+001
      vertex  1.586785e+001  2.836303e+001  7.336303e+001
    endloop
  endfacet
  facet normal  5.053276e-001  8.629275e-001  3.471721e-004
    outer loop
      vertex  1.601608e+001  2.827959e+001  6.500000e+001
      vertex  1.586785e+001  2.836303e+001  7.336303e+001
      vertex  1.696235e+001  2.772235e+001  7.272235e+001
    endloop
  endfacet
  facet normal  5.638078e-001  8.259059e-001 -1.832981e-004
    outer loop
      vertex  1.863399e+001  2.662752e+001  7.162752e+001
      vertex  1.871028e+001  2.657396e+001  6.500000e+001
      vertex  1.801674e+001  2.704897e+001  7.204897e+001
    endloop
  endfacet
  facet normal  5.554647e-001  8.315389e-001 -1.383752e-003
    outer loop
      vertex  1.801674e+001  2.704897e+001  7.204897e+001
      vertex  1.871028e+001  2.657396e+001  6.500000e+001
      vertex  1.738411e+001  2.745984e+001  6.500000e+001
    endloop
  endfacet
  facet normal  5.385910e-001  8.425670e-001  7.734408e-004
    outer loop
      vertex  1.801674e+001  2.704897e+001  7.204897e+001
      vertex  1.738411e+001  2.745984e+001  6.500000e+001
      vertex  1.696235e+001  2.772235e+001  7.272235e+001
    endloop
  endfacet
  facet normal  6.008493e-001  7.993621e-001 -5.209492e-004
    outer loop
      vertex  1.983238e+001  2.574737e+001  7.074737e+001
      vertex  1.999140e+001  2.562409e+001  6.500000e+001
      vertex  1.923653e+001  2.619553e+001  7.119553e+001
    endloop
  endfacet
  facet normal  5.955895e-001  8.032875e-001 -1.523861e-003
    outer loop
      vertex  1.923653e+001  2.619553e+001  7.119553e+001
      vertex  1.999140e+001  2.562409e+001  6.500000e+001
      vertex  1.871028e+001  2.657396e+001  6.500000e+001
    endloop
  endfacet
  facet normal  5.827282e-001  8.126671e-001  1.414911e-004
    outer loop
      vertex  1.923653e+001  2.619553e+001  7.119553e+001
      vertex  1.871028e+001  2.657396e+001  6.500000e+001
      vertex  1.863399e+001  2.662752e+001  7.162752e+001
    endloop
  endfacet
  facet normal  7.408313e-001  6.716910e-001 -4.494415e-004
    outer loop
      vertex  2.353415e+001  2.241414e+001  6.500000e+001
      vertex  2.356508e+001  2.238162e+001  6.738161e+001
      vertex  2.460539e+001  2.123264e+001  6.500000e+001
    endloop
  endfacet
  facet normal  7.380816e-001  6.747044e-001 -3.104340e-003
    outer loop
      vertex  2.460539e+001  2.123264e+001  6.500000e+001
      vertex  2.356508e+001  2.238162e+001  6.738161e+001
      vertex  2.450007e+001  2.135407e+001  6.635407e+001
    endloop
  endfacet
  facet normal  7.687286e-001  6.395707e-001  2.430252e-003
    outer loop
      vertex  2.460539e+001  2.123264e+001  6.500000e+001
      vertex  2.450007e+001  2.135407e+001  6.635407e+001
      vertex  2.537867e+001  2.030204e+001  6.530204e+001
    endloop
  endfacet
  facet normal  7.173499e-001 -6.967030e-001  3.737689e-003
    outer loop
      vertex -2.062458e+001  2.109210e+001  6.500000e+001
      vertex -2.073766e+001  2.098093e+001  6.598093e+001
      vertex -2.168525e+001  2.000000e+001  6.500000e+001
    endloop
  endfacet
  facet normal  6.875841e-001 -7.260985e-001 -3.025477e-003
    outer loop
      vertex -1.972983e+001  2.193135e+001  6.693135e+001
      vertex -2.073766e+001  2.098093e+001  6.598093e+001
      vertex -2.062458e+001  2.109210e+001  6.500000e+001
    endloop
  endfacet
  facet normal  6.804526e-001 -7.327851e-001  3.183960e-003
    outer loop
      vertex -1.950897e+001  2.212804e+001  6.500000e+001
      vertex -1.972983e+001  2.193135e+001  6.693135e+001
      vertex -2.062458e+001  2.109210e+001  6.500000e+001
    endloop
  endfacet
  facet normal  5.675437e-001 -8.233432e-001 -7.480304e-005
    outer loop
      vertex -1.633838e+001  2.456231e+001  6.956232e+001
      vertex -1.714010e+001  2.400972e+001  6.900972e+001
      vertex -1.712500e+001  2.402050e+001  6.500000e+001
    endloop
  endfacet
  facet normal  5.593032e-001 -8.289608e-001  2.013150e-003
    outer loop
      vertex -1.586298e+001  2.487199e+001  6.500000e+001
      vertex -1.633838e+001  2.456231e+001  6.956232e+001
      vertex -1.712500e+001  2.402050e+001  6.500000e+001
    endloop
  endfacet
  facet normal  5.371556e-001 -8.434823e-001 -1.280314e-003
    outer loop
      vertex -1.531288e+001  2.521439e+001  7.021439e+001
      vertex -1.633838e+001  2.456231e+001  6.956232e+001
      vertex -1.586298e+001  2.487199e+001  6.500000e+001
    endloop
  endfacet
  facet normal  5.157936e-001 -8.567109e-001  1.841980e-003
    outer loop
      vertex -1.455872e+001  2.565724e+001  6.500000e+001
      vertex -1.531288e+001  2.521439e+001  7.021439e+001
      vertex -1.586298e+001  2.487199e+001  6.500000e+001
    endloop
  endfacet
  facet normal  5.015113e-001 -8.651506e-001 -9.404165e-004
    outer loop
      vertex -1.455872e+001  2.565724e+001  6.500000e+001
      vertex -1.424582e+001  2.583228e+001  7.083228e+001
      vertex -1.531288e+001  2.521439e+001  7.021439e+001
    endloop
  endfacet
  facet normal  4.709084e-001 -8.821812e-001  1.212546e-003
    outer loop
      vertex -1.424582e+001  2.583228e+001  7.083228e+001
      vertex -1.455872e+001  2.565724e+001  6.500000e+001
      vertex -1.321568e+001  2.637415e+001  6.500000e+001
    endloop
  endfacet
  facet normal  4.643452e-001 -8.856543e-001 -2.693776e-004
    outer loop
      vertex -1.321568e+001  2.637415e+001  6.500000e+001
      vertex -1.313781e+001  2.641303e+001  7.141302e+001
      vertex -1.424582e+001  2.583228e+001  7.083228e+001
    endloop
  endfacet
  facet normal  3.775010e-001 -9.260086e-001  1.025781e-003
    outer loop
      vertex -1.042768e+001  2.759554e+001  6.500000e+001
      vertex -1.080338e+001  2.745063e+001  7.245063e+001
      vertex -1.183744e+001  2.702082e+001  6.500000e+001
    endloop
  endfacet
  facet normal  3.475849e-001 -9.376482e-001 -7.091156e-004
    outer loop
      vertex -9.686339e+000  2.786440e+001  7.286440e+001
      vertex -1.080338e+001  2.745063e+001  7.245063e+001
      vertex -1.042768e+001  2.759554e+001  6.500000e+001
    endloop
  endfacet
  facet normal  3.292250e-001 -9.442506e-001  1.247298e-003
    outer loop
      vertex -8.990143e+000  2.809675e+001  6.500000e+001
      vertex -9.686339e+000  2.786440e+001  7.286440e+001
      vertex -1.042768e+001  2.759554e+001  6.500000e+001
    endloop
  endfacet
  facet normal  3.092059e-001 -9.509947e-001 -7.241436e-004
    outer loop
      vertex -8.990143e+000  2.809675e+001  6.500000e+001
      vertex -8.540482e+000  2.823668e+001  7.323668e+001
      vertex -9.686339e+000  2.786440e+001  7.286440e+001
    endloop
  endfacet
  facet normal  2.800721e-001 -9.599784e-001  1.018967e-003
    outer loop
      vertex -8.540482e+000  2.823668e+001  7.323668e+001
      vertex -8.990143e+000  2.809675e+001  6.500000e+001
      vertex -7.528664e+000  2.852313e+001  6.500000e+001
    endloop
  endfacet
  facet normal  2.697839e-001 -9.629208e-001 -3.471833e-004
    outer loop
      vertex -7.528664e+000  2.852313e+001  6.500000e+001
      vertex -7.368082e+000  2.856504e+001  7.356504e+001
      vertex -8.540482e+000  2.823668e+001  7.323668e+001
    endloop
  endfacet
  facet normal  1.796637e-001 -9.837277e-001  8.524741e-004
    outer loop
      vertex -4.549500e+000  2.914708e+001  6.500000e+001
      vertex -4.954976e+000  2.908089e+001  7.408089e+001
      vertex -6.047135e+000  2.887355e+001  6.500000e+001
    endloop
  endfacet
  facet normal  1.493610e-001 -9.887825e-001 -5.374283e-004
    outer loop
      vertex -3.851083e+000  2.924755e+001  7.424755e+001
      vertex -4.954976e+000  2.908089e+001  7.408089e+001
      vertex -4.549500e+000  2.914708e+001  6.500000e+001
    endloop
  endfacet
  facet normal  1.286739e-001 -9.916864e-001  1.056504e-003
    outer loop
      vertex -3.039748e+000  2.934297e+001  6.500000e+001
      vertex -3.851083e+000  2.924755e+001  7.424755e+001
      vertex -4.549500e+000  2.914708e+001  6.500000e+001
    endloop
  endfacet
  facet normal  1.117226e-001 -9.937394e-001 -4.519051e-004
    outer loop
      vertex -3.039748e+000  2.934297e+001  6.500000e+001
      vertex -2.736363e+000  2.937282e+001  7.437282e+001
      vertex -3.851083e+000  2.924755e+001  7.424755e+001
    endloop
  endfacet
  facet normal  2.580369e-002 -9.996666e-001  8.998161e-004
    outer loop
      vertex -6.504100e-007  2.950000e+001  6.500000e+001
      vertex -4.866118e-001  2.949599e+001  7.449599e+001
      vertex -1.521901e+000  2.946072e+001  6.500000e+001
    endloop
  endfacet
  facet normal -2.637665e-003 -9.999964e-001 -5.577687e-004
    outer loop
      vertex  6.420805e-001  2.949301e+001  7.449301e+001
      vertex -4.866118e-001  2.949599e+001  7.449599e+001
      vertex -6.504100e-007  2.950000e+001  6.500000e+001
    endloop
  endfacet
  facet normal -2.580369e-002 -9.996665e-001  1.009361e-003
    outer loop
      vertex  1.521900e+000  2.946072e+001  6.500000e+001
      vertex  6.420805e-001  2.949301e+001  7.449301e+001
      vertex -6.504100e-007  2.950000e+001  6.500000e+001
    endloop
  endfacet
  facet normal -4.088834e-002 -9.991636e-001 -3.904060e-004
    outer loop
      vertex  1.521900e+000  2.946072e+001  6.500000e+001
      vertex  1.768960e+000  2.944691e+001  7.444691e+001
      vertex  6.420805e-001  2.949301e+001  7.449301e+001
    endloop
  endfacet
  facet normal -1.286740e-001 -9.916866e-001  8.991670e-004
    outer loop
      vertex  4.549499e+000  2.914708e+001  6.500000e+001
      vertex  4.094366e+000  2.921449e+001  7.421449e+001
      vertex  3.039747e+000  2.934297e+001  6.500000e+001
    endloop
  endfacet
  facet normal -1.583326e-001 -9.873856e-001 -5.972310e-004
    outer loop
      vertex  5.239988e+000  2.903089e+001  7.403089e+001
      vertex  4.094366e+000  2.921449e+001  7.421449e+001
      vertex  4.549499e+000  2.914708e+001  6.500000e+001
    endloop
  endfacet
  facet normal -1.796636e-001 -9.837275e-001  1.080780e-003
    outer loop
      vertex  6.047133e+000  2.887355e+001  6.500000e+001
      vertex  5.239988e+000  2.903089e+001  7.403089e+001
      vertex  4.549499e+000  2.914708e+001  6.500000e+001
    endloop
  endfacet
  facet normal -1.969171e-001 -9.804200e-001 -5.188894e-004
    outer loop
      vertex  6.047133e+000  2.887355e+001  6.500000e+001
      vertex  6.370021e+000  2.880404e+001  7.380404e+001
      vertex  5.239988e+000  2.903089e+001  7.403089e+001
    endloop
  endfacet
  facet normal -2.800721e-001 -9.599785e-001  9.781324e-004
    outer loop
      vertex  8.990142e+000  2.809675e+001  6.500000e+001
      vertex  8.572405e+000  2.822701e+001  7.322701e+001
      vertex  7.528663e+000  2.852313e+001  6.500000e+001
    endloop
  endfacet
  facet normal -3.111461e-001 -9.503618e-001 -7.519487e-004
    outer loop
      vertex  9.767887e+000  2.783592e+001  7.283592e+001
      vertex  8.572405e+000  2.822701e+001  7.322701e+001
      vertex  8.990142e+000  2.809675e+001  6.500000e+001
    endloop
  endfacet
  facet normal -3.292250e-001 -9.442506e-001  1.245873e-003
    outer loop
      vertex  1.042768e+001  2.759554e+001  6.500000e+001
      vertex  9.767887e+000  2.783592e+001  7.283592e+001
      vertex  8.990142e+000  2.809675e+001  6.500000e+001
    endloop
  endfacet
  facet normal -3.511986e-001 -9.363006e-001 -8.482044e-004
    outer loop
      vertex  1.042768e+001  2.759554e+001  6.500000e+001
      vertex  1.093183e+001  2.739973e+001  7.239973e+001
      vertex  9.767887e+000  2.783592e+001  7.283592e+001
    endloop
  endfacet
  facet normal -3.775010e-001 -9.260083e-001  1.216150e-003
    outer loop
      vertex  1.093183e+001  2.739973e+001  7.239973e+001
      vertex  1.042768e+001  2.759554e+001  6.500000e+001
      vertex  1.183744e+001  2.702082e+001  6.500000e+001
    endloop
  endfacet
  facet normal -3.900225e-001 -9.208052e-001 -5.827157e-004
    outer loop
      vertex  1.183744e+001  2.702082e+001  6.500000e+001
      vertex  1.206215e+001  2.692127e+001  7.192127e+001
      vertex  1.093183e+001  2.739973e+001  7.239973e+001
    endloop
  endfacet
  facet normal -4.709084e-001 -8.821812e-001  1.286192e-003
    outer loop
      vertex  1.455872e+001  2.565724e+001  6.500000e+001
      vertex  1.421568e+001  2.584888e+001  7.084888e+001
      vertex  1.321568e+001  2.637415e+001  6.500000e+001
    endloop
  endfacet
  facet normal -4.996946e-001 -8.662011e-001 -9.256963e-004
    outer loop
      vertex  1.523681e+001  2.526044e+001  7.026044e+001
      vertex  1.421568e+001  2.584888e+001  7.084888e+001
      vertex  1.455872e+001  2.565724e+001  6.500000e+001
    endloop
  endfacet
  facet normal -5.157929e-001 -8.567112e-001  1.865272e-003
    outer loop
      vertex  1.586298e+001  2.487199e+001  6.500000e+001
      vertex  1.523681e+001  2.526044e+001  7.026044e+001
      vertex  1.455872e+001  2.565724e+001  6.500000e+001
    endloop
  endfacet
  facet normal -5.307704e-001 -8.475154e-001 -5.966136e-004
    outer loop
      vertex  1.586298e+001  2.487199e+001  6.500000e+001
      vertex  1.605860e+001  2.474614e+001  6.974614e+001
      vertex  1.523681e+001  2.526044e+001  7.026044e+001
    endloop
  endfacet
  facet normal -6.417431e-001 -7.669135e-001  3.086739e-003
    outer loop
      vertex  1.950897e+001  2.212804e+001  6.500000e+001
      vertex  1.872676e+001  2.279383e+001  6.779383e+001
      vertex  1.834141e+001  2.310504e+001  6.500000e+001
    endloop
  endfacet
  facet normal -6.541113e-001 -7.563928e-001 -2.883258e-003
    outer loop
      vertex  1.950897e+001  2.212804e+001  6.500000e+001
      vertex  1.977137e+001  2.189390e+001  6.689391e+001
      vertex  1.872676e+001  2.279383e+001  6.779383e+001
    endloop
  endfacet
  facet normal -6.804515e-001 -7.327840e-001  3.684822e-003
    outer loop
      vertex  1.977137e+001  2.189390e+001  6.689391e+001
      vertex  1.950897e+001  2.212804e+001  6.500000e+001
      vertex  2.062457e+001  2.109211e+001  6.500000e+001
    endloop
  endfacet
  facet normal -6.887959e-001 -7.249475e-001 -3.391973e-003
    outer loop
      vertex  2.062457e+001  2.109211e+001  6.500000e+001
      vertex  2.075728e+001  2.096152e+001  6.596152e+001
      vertex  1.977137e+001  2.189390e+001  6.689391e+001
    endloop
  endfacet
  facet normal -7.173474e-001 -6.967018e-001  4.384955e-003
    outer loop
      vertex  2.075728e+001  2.096152e+001  6.596152e+001
      vertex  2.062457e+001  2.109211e+001  6.500000e+001
      vertex  2.168525e+001  2.000000e+001  6.500000e+001
    endloop
  endfacet
  facet normal  6.603991e-001 -7.509141e-001 -9.554721e-004
    outer loop
      vertex -1.972983e+001  2.193135e+001  6.693135e+001
      vertex -1.950897e+001  2.212804e+001  6.500000e+001
      vertex -1.920308e+001  2.239401e+001  6.739401e+001
    endloop
  endfacet
  facet normal  6.417421e-001 -7.669138e-001  3.206023e-003
    outer loop
      vertex -1.920308e+001  2.239401e+001  6.739401e+001
      vertex -1.950897e+001  2.212804e+001  6.500000e+001
      vertex -1.834141e+001  2.310503e+001  6.500000e+001
    endloop
  endfacet
  facet normal  6.405785e-001 -7.678887e-001  2.497713e-003
    outer loop
      vertex -1.920308e+001  2.239401e+001  6.739401e+001
      vertex -1.834141e+001  2.310503e+001  6.500000e+001
      vertex -1.866100e+001  2.284769e+001  6.784769e+001
    endloop
  endfacet
  facet normal  6.205903e-001 -7.841341e-001 -1.213600e-003
    outer loop
      vertex -1.866100e+001  2.284769e+001  6.784769e+001
      vertex -1.834141e+001  2.310503e+001  6.500000e+001
      vertex -1.791429e+001  2.343775e+001  6.843775e+001
    endloop
  endfacet
  facet normal  6.013243e-001 -7.990008e-001  2.618952e-003
    outer loop
      vertex -1.791429e+001  2.343775e+001  6.843775e+001
      vertex -1.834141e+001  2.310503e+001  6.500000e+001
      vertex -1.712500e+001  2.402050e+001  6.500000e+001
    endloop
  endfacet
  facet normal  5.941848e-001 -8.043286e-001  7.663394e-005
    outer loop
      vertex -1.791429e+001  2.343775e+001  6.843775e+001
      vertex -1.712500e+001  2.402050e+001  6.500000e+001
      vertex -1.714010e+001  2.400972e+001  6.900972e+001
    endloop
  endfacet
  facet normal  3.865787e-001 -9.222563e-001 -4.505591e-004
    outer loop
      vertex -1.080338e+001  2.745063e+001  7.245063e+001
      vertex -1.198985e+001  2.695354e+001  7.195354e+001
      vertex -1.183744e+001  2.702082e+001  6.500000e+001
    endloop
  endfacet
  facet normal  4.257681e-001 -9.048322e-001  5.770223e-004
    outer loop
      vertex -1.183744e+001  2.702082e+001  6.500000e+001
      vertex -1.198985e+001  2.695354e+001  7.195354e+001
      vertex -1.313781e+001  2.641303e+001  7.141302e+001
    endloop
  endfacet
  facet normal  4.247703e-001 -9.053012e-001  3.302498e-004
    outer loop
      vertex -1.183744e+001  2.702082e+001  6.500000e+001
      vertex -1.313781e+001  2.641303e+001  7.141302e+001
      vertex -1.321568e+001  2.637415e+001  6.500000e+001
    endloop
  endfacet
  facet normal  1.886820e-001 -9.820382e-001 -2.707414e-004
    outer loop
      vertex -4.954976e+000  2.908089e+001  7.408089e+001
      vertex -6.171863e+000  2.884715e+001  7.384715e+001
      vertex -6.047135e+000  2.887355e+001  6.500000e+001
    endloop
  endfacet
  facet normal  2.294671e-001 -9.733164e-001  3.302785e-004
    outer loop
      vertex -6.047135e+000  2.887355e+001  6.500000e+001
      vertex -6.171863e+000  2.884715e+001  7.384715e+001
      vertex -7.368082e+000  2.856504e+001  7.356504e+001
    endloop
  endfacet
  facet normal  2.301750e-001 -9.731492e-001  4.454683e-004
    outer loop
      vertex -6.047135e+000  2.887355e+001  6.500000e+001
      vertex -7.368082e+000  2.856504e+001  7.356504e+001
      vertex -7.528664e+000  2.852313e+001  6.500000e+001
    endloop
  endfacet
  facet normal  3.561367e-002 -9.993656e-001 -1.708225e-004
    outer loop
      vertex -4.866118e-001  2.949599e+001  7.449599e+001
      vertex -1.613832e+000  2.945582e+001  7.445583e+001
      vertex -1.521901e+000  2.946072e+001  6.500000e+001
    endloop
  endfacet
  facet normal  7.373084e-002 -9.972782e-001  2.008362e-004
    outer loop
      vertex -1.521901e+000  2.946072e+001  6.500000e+001
      vertex -1.613832e+000  2.945582e+001  7.445583e+001
      vertex -2.736363e+000  2.937282e+001  7.437282e+001
    endloop
  endfacet
  facet normal  7.734220e-002 -9.970044e-001  6.713370e-004
    outer loop
      vertex -1.521901e+000  2.946072e+001  6.500000e+001
      vertex -2.736363e+000  2.937282e+001  7.437282e+001
      vertex -3.039748e+000  2.934297e+001  6.500000e+001
    endloop
  endfacet
  facet normal -1.192108e-001 -9.928690e-001 -2.004008e-004
    outer loop
      vertex  4.094366e+000  2.921449e+001  7.421449e+001
      vertex  2.936239e+000  2.935351e+001  7.435351e+001
      vertex  3.039747e+000  2.934297e+001  6.500000e+001
    endloop
  endfacet
  facet normal -7.974517e-002 -9.968153e-001  2.407823e-004
    outer loop
      vertex  3.039747e+000  2.934297e+001  6.500000e+001
      vertex  2.936239e+000  2.935351e+001  7.435351e+001
      vertex  1.768960e+000  2.944691e+001  7.444691e+001
    endloop
  endfacet
  facet normal -7.734220e-002 -9.970044e-001  5.661090e-004
    outer loop
      vertex  3.039747e+000  2.934297e+001  6.500000e+001
      vertex  1.768960e+000  2.944691e+001  7.444691e+001
      vertex  1.521900e+000  2.946072e+001  6.500000e+001
    endloop
  endfacet
  facet normal -2.721797e-001 -9.622464e-001 -1.047908e-004
    outer loop
      vertex  8.572405e+000  2.822701e+001  7.322701e+001
      vertex  7.481661e+000  2.853550e+001  7.353550e+001
      vertex  7.528663e+000  2.852313e+001  6.500000e+001
    endloop
  endfacet
  facet normal -2.347929e-001 -9.720454e-001  1.152804e-004
    outer loop
      vertex  7.528663e+000  2.852313e+001  6.500000e+001
      vertex  7.481661e+000  2.853550e+001  7.353550e+001
      vertex  6.370021e+000  2.880404e+001  7.380404e+001
    endloop
  endfacet
  facet normal -2.301749e-001 -9.731491e-001  7.582430e-004
    outer loop
      vertex  7.528663e+000  2.852313e+001  6.500000e+001
      vertex  6.370021e+000  2.880404e+001  7.380404e+001
      vertex  6.047133e+000  2.887355e+001  6.500000e+001
    endloop
  endfacet
  facet normal -4.641232e-001 -8.857706e-001 -1.962565e-004
    outer loop
      vertex  1.421568e+001  2.584888e+001  7.084888e+001
      vertex  1.315718e+001  2.640338e+001  7.140338e+001
      vertex  1.321568e+001  2.637415e+001  6.500000e+001
    endloop
  endfacet
  facet normal -4.274493e-001 -9.040393e-001  2.221671e-004
    outer loop
      vertex  1.321568e+001  2.637415e+001  6.500000e+001
      vertex  1.315718e+001  2.640338e+001  7.140338e+001
      vertex  1.206215e+001  2.692127e+001  7.192127e+001
    endloop
  endfacet
  facet normal -4.247701e-001 -9.053009e-001  7.684184e-004
    outer loop
      vertex  1.321568e+001  2.637415e+001  6.500000e+001
      vertex  1.206215e+001  2.692127e+001  7.192127e+001
      vertex  1.183744e+001  2.702082e+001  6.500000e+001
    endloop
  endfacet
  facet normal -5.848381e-001 -8.111496e-001 -8.616537e-004
    outer loop
      vertex  1.762292e+001  2.365761e+001  6.865762e+001
      vertex  1.685398e+001  2.421143e+001  6.921143e+001
      vertex  1.712500e+001  2.402050e+001  6.500000e+001
    endloop
  endfacet
  facet normal -5.570790e-001 -8.304576e-001  1.800074e-003
    outer loop
      vertex  1.712500e+001  2.402050e+001  6.500000e+001
      vertex  1.685398e+001  2.421143e+001  6.921143e+001
      vertex  1.605860e+001  2.474614e+001  6.974614e+001
    endloop
  endfacet
  facet normal -5.593042e-001 -8.289618e-001  1.071374e-003
    outer loop
      vertex  1.712500e+001  2.402050e+001  6.500000e+001
      vertex  1.605860e+001  2.474614e+001  6.974614e+001
      vertex  1.586298e+001  2.487199e+001  6.500000e+001
    endloop
  endfacet
  facet normal -6.258873e-001 -7.799134e-001 -5.482986e-004
    outer loop
      vertex  1.872676e+001  2.279383e+001  6.779383e+001
      vertex  1.818227e+001  2.323048e+001  6.823048e+001
      vertex  1.834141e+001  2.310504e+001  6.500000e+001
    endloop
  endfacet
  facet normal -6.064276e-001 -7.951381e-001  1.001556e-003
    outer loop
      vertex  1.834141e+001  2.310504e+001  6.500000e+001
      vertex  1.818227e+001  2.323048e+001  6.823048e+001
      vertex  1.762292e+001  2.365761e+001  6.865762e+001
    endloop
  endfacet
  facet normal -6.013236e-001 -7.990015e-001  2.587821e-003
    outer loop
      vertex  1.834141e+001  2.310504e+001  6.500000e+001
      vertex  1.762292e+001  2.365761e+001  6.865762e+001
      vertex  1.712500e+001  2.402050e+001  6.500000e+001
    endloop
  endfacet
  facet normal  0.000000e+000 -9.999999e-001  0.000000e+000
    outer loop
      vertex  1.460947e+001 -4.500000e+001  7.403125e+001
      vertex  1.521900e+000 -4.500000e+001  7.446072e+001
      vertex  3.039747e+000 -4.500000e+001  7.434297e+001
    endloop
  endfacet
  facet normal  0.000000e+000 -1.000000e+000  0.000000e+000
    outer loop
      vertex  7.528663e+000 -4.500000e+001  7.352313e+001
      vertex  1.601608e+001 -4.500000e+001  7.327959e+001
      vertex  6.047134e+000 -4.500000e+001  7.387356e+001
    endloop
  endfacet
  facet normal  -0.000000e+000 -1.000000e+000  0.000000e+000
    outer loop
      vertex  8.990142e+000 -4.500000e+001  7.309675e+001
      vertex  1.601608e+001 -4.500000e+001  7.327959e+001
      vertex  7.528663e+000 -4.500000e+001  7.352313e+001
    endloop
  endfacet
  facet normal  0.000000e+000 -1.000000e+000  0.000000e+000
    outer loop
      vertex -7.528663e+000 -4.500000e+001  7.352313e+001
      vertex -6.047134e+000 -4.500000e+001  7.387356e+001
      vertex -1.601608e+001 -4.500000e+001  7.327959e+001
    endloop
  endfacet
  facet normal  0.000000e+000 -1.000000e+000  0.000000e+000
    outer loop
      vertex -1.601608e+001 -4.500000e+001  7.327959e+001
      vertex -8.990142e+000 -4.500000e+001  7.309675e+001
      vertex -7.528663e+000 -4.500000e+001  7.352313e+001
    endloop
  endfacet
  facet normal  -0.000000e+000 -9.999999e-001  -0.000000e+000
    outer loop
      vertex  1.316769e+001 -4.500000e+001  7.471299e+001
      vertex  1.169420e+001 -4.500000e+001  7.532319e+001
      vertex -1.169420e+001 -4.500000e+001  7.532319e+001
    endloop
  endfacet
  facet normal  0.000000e+000 -1.000000e+000  -0.000000e+000
    outer loop
      vertex  1.316769e+001 -4.500000e+001  7.471299e+001
      vertex -1.169420e+001 -4.500000e+001  7.532319e+001
      vertex -1.316769e+001 -4.500000e+001  7.471299e+001
    endloop
  endfacet
  facet normal  0.000000e+000 -1.000000e+000  0.000000e+000
    outer loop
      vertex  1.316769e+001 -4.500000e+001  7.471299e+001
      vertex -1.316769e+001 -4.500000e+001  7.471299e+001
      vertex -1.806354e-015 -4.500000e+001  7.450000e+001
    endloop
  endfacet
  facet normal  0.000000e+000 -1.000000e+000  0.000000e+000
    outer loop
      vertex  1.316769e+001 -4.500000e+001  7.471299e+001
      vertex -1.806354e-015 -4.500000e+001  7.450000e+001
      vertex  1.521900e+000 -4.500000e+001  7.446072e+001
    endloop
  endfacet
  facet normal  0.000000e+000 -1.000000e+000  0.000000e+000
    outer loop
      vertex  1.316769e+001 -4.500000e+001  7.471299e+001
      vertex  1.521900e+000 -4.500000e+001  7.446072e+001
      vertex  1.460947e+001 -4.500000e+001  7.403125e+001
    endloop
  endfacet
  facet normal  -0.000000e+000 -1.000000e+000  0.000000e+000
    outer loop
      vertex -5.555085e+000 -4.500000e+001  7.702173e+001
      vertex  3.977501e+000 -4.500000e+001  7.725569e+001
      vertex -3.977501e+000 -4.500000e+001  7.725569e+001
    endloop
  endfacet
  facet normal  0.000000e+000 -9.999999e-001  0.000000e+000
    outer loop
      vertex -3.977501e+000 -4.500000e+001  7.725569e+001
      vertex  3.977501e+000 -4.500000e+001  7.725569e+001
      vertex  2.390338e+000 -4.500000e+001  7.741198e+001
    endloop
  endfacet
  facet normal  -0.000000e+000 -1.000000e+000  0.000000e+000
    outer loop
      vertex -3.977501e+000 -4.500000e+001  7.725569e+001
      vertex  2.390338e+000 -4.500000e+001  7.741198e+001
      vertex -2.390338e+000 -4.500000e+001  7.741198e+001
    endloop
  endfacet
  facet normal  0.000000e+000 -1.000000e+000  0.000000e+000
    outer loop
      vertex -2.390338e+000 -4.500000e+001  7.741198e+001
      vertex  2.390338e+000 -4.500000e+001  7.741198e+001
      vertex  7.974195e-001 -4.500000e+001  7.749022e+001
    endloop
  endfacet
  facet normal  -0.000000e+000 -1.000000e+000  0.000000e+000
    outer loop
      vertex -2.390338e+000 -4.500000e+001  7.741198e+001
      vertex  7.974195e-001 -4.500000e+001  7.749022e+001
      vertex -7.974195e-001 -4.500000e+001  7.749022e+001
    endloop
  endfacet
  facet normal  0.000000e+000 -1.000000e+000  0.000000e+000
    outer loop
      vertex  3.977501e+000 -4.500000e+001  7.725569e+001
      vertex -5.555085e+000 -4.500000e+001  7.702173e+001
      vertex  5.555085e+000 -4.500000e+001  7.702173e+001
    endloop
  endfacet
  facet normal  -0.000000e+000 -1.000000e+000  0.000000e+000
    outer loop
      vertex  5.555085e+000 -4.500000e+001  7.702173e+001
      vertex -5.555085e+000 -4.500000e+001  7.702173e+001
      vertex -7.119293e+000 -4.500000e+001  7.671066e+001
    endloop
  endfacet
  facet normal  0.000000e+000 -1.000000e+000  0.000000e+000
    outer loop
      vertex  5.555085e+000 -4.500000e+001  7.702173e+001
      vertex -7.119293e+000 -4.500000e+001  7.671066e+001
      vertex  7.119293e+000 -4.500000e+001  7.671066e+001
    endloop
  endfacet
  facet normal  -0.000000e+000 -1.000000e+000  0.000000e+000
    outer loop
      vertex  7.119293e+000 -4.500000e+001  7.671066e+001
      vertex -7.119293e+000 -4.500000e+001  7.671066e+001
      vertex -8.666357e+000 -4.500000e+001  7.632322e+001
    endloop
  endfacet
  facet normal  0.000000e+000 -1.000000e+000  0.000000e+000
    outer loop
      vertex  7.119293e+000 -4.500000e+001  7.671066e+001
      vertex -8.666357e+000 -4.500000e+001  7.632322e+001
      vertex  8.666357e+000 -4.500000e+001  7.632322e+001
    endloop
  endfacet
  facet normal  -0.000000e+000 -1.000000e+000  0.000000e+000
    outer loop
      vertex  8.666357e+000 -4.500000e+001  7.632322e+001
      vertex -8.666357e+000 -4.500000e+001  7.632322e+001
      vertex -1.019255e+001 -4.500000e+001  7.586036e+001
    endloop
  endfacet
  facet normal  0.000000e+000 -1.000000e+000  0.000000e+000
    outer loop
      vertex  8.666357e+000 -4.500000e+001  7.632322e+001
      vertex -1.019255e+001 -4.500000e+001  7.586036e+001
      vertex  1.019255e+001 -4.500000e+001  7.586036e+001
    endloop
  endfacet
  facet normal  -0.000000e+000 -1.000000e+000  0.000000e+000
    outer loop
      vertex  1.019255e+001 -4.500000e+001  7.586036e+001
      vertex -1.019255e+001 -4.500000e+001  7.586036e+001
      vertex -1.169420e+001 -4.500000e+001  7.532319e+001
    endloop
  endfacet
  facet normal  0.000000e+000 -1.000000e+000  0.000000e+000
    outer loop
      vertex  1.019255e+001 -4.500000e+001  7.586036e+001
      vertex -1.169420e+001 -4.500000e+001  7.532319e+001
      vertex  1.169420e+001 -4.500000e+001  7.532319e+001
    endloop
  endfacet
  facet normal  0.000000e+000 -1.000000e+000  0.000000e+000
    outer loop
      vertex  3.039747e+000 -4.500000e+001  7.434297e+001
      vertex  4.549499e+000 -4.500000e+001  7.414708e+001
      vertex  1.460947e+001 -4.500000e+001  7.403125e+001
    endloop
  endfacet
  facet normal  -0.000000e+000 -9.999999e-001  0.000000e+000
    outer loop
      vertex  1.460947e+001 -4.500000e+001  7.403125e+001
      vertex  4.549499e+000 -4.500000e+001  7.414708e+001
      vertex  6.047134e+000 -4.500000e+001  7.387356e+001
    endloop
  endfacet
  facet normal  0.000000e+000 -1.000000e+000  0.000000e+000
    outer loop
      vertex  1.460947e+001 -4.500000e+001  7.403125e+001
      vertex  6.047134e+000 -4.500000e+001  7.387356e+001
      vertex  1.601608e+001 -4.500000e+001  7.327959e+001
    endloop
  endfacet
  facet normal  -0.000000e+000 -9.999999e-001  0.000000e+000
    outer loop
      vertex  1.321568e+001 -4.500000e+001  7.137415e+001
      vertex  1.871028e+001 -4.500000e+001  7.157396e+001
      vertex  1.183744e+001 -4.500000e+001  7.202083e+001
    endloop
  endfacet
  facet normal  0.000000e+000 -1.000000e+000  0.000000e+000
    outer loop
      vertex  1.183744e+001 -4.500000e+001  7.202083e+001
      vertex  1.871028e+001 -4.500000e+001  7.157396e+001
      vertex  1.738411e+001 -4.500000e+001  7.245984e+001
    endloop
  endfacet
  facet normal  -0.000000e+000 -1.000000e+000  0.000000e+000
    outer loop
      vertex  1.183744e+001 -4.500000e+001  7.202083e+001
      vertex  1.738411e+001 -4.500000e+001  7.245984e+001
      vertex  1.042768e+001 -4.500000e+001  7.259554e+001
    endloop
  endfacet
  facet normal  0.000000e+000 -1.000000e+000  0.000000e+000
    outer loop
      vertex  1.042768e+001 -4.500000e+001  7.259554e+001
      vertex  1.738411e+001 -4.500000e+001  7.245984e+001
      vertex  1.601608e+001 -4.500000e+001  7.327959e+001
    endloop
  endfacet
  facet normal  0.000000e+000 -1.000000e+000  0.000000e+000
    outer loop
      vertex  1.042768e+001 -4.500000e+001  7.259554e+001
      vertex  1.601608e+001 -4.500000e+001  7.327959e+001
      vertex  8.990142e+000 -4.500000e+001  7.309675e+001
    endloop
  endfacet
  facet normal  -0.000000e+000 -1.000000e+000  0.000000e+000
    outer loop
      vertex  1.834141e+001 -4.500000e+001  6.810503e+001
      vertex  2.240624e+001 -4.500000e+001  6.854167e+001
      vertex  1.712500e+001 -4.500000e+001  6.902050e+001
    endloop
  endfacet
  facet normal  0.000000e+000 -1.000000e+000  0.000000e+000
    outer loop
      vertex  1.712500e+001 -4.500000e+001  6.902050e+001
      vertex  2.240624e+001 -4.500000e+001  6.854167e+001
      vertex  2.122437e+001 -4.500000e+001  6.961252e+001
    endloop
  endfacet
  facet normal  -0.000000e+000 -1.000000e+000  0.000000e+000
    outer loop
      vertex  1.712500e+001 -4.500000e+001  6.902050e+001
      vertex  2.122437e+001 -4.500000e+001  6.961252e+001
      vertex  1.586298e+001 -4.500000e+001  6.987199e+001
    endloop
  endfacet
  facet normal  0.000000e+000 -9.999999e-001  0.000000e+000
    outer loop
      vertex  1.586298e+001 -4.500000e+001  6.987199e+001
      vertex  2.122437e+001 -4.500000e+001  6.961252e+001
      vertex  1.999140e+001 -4.500000e+001  7.062409e+001
    endloop
  endfacet
  facet normal  -0.000000e+000 -1.000000e+000  0.000000e+000
    outer loop
      vertex  1.586298e+001 -4.500000e+001  6.987199e+001
      vertex  1.999140e+001 -4.500000e+001  7.062409e+001
      vertex  1.455872e+001 -4.500000e+001  7.065723e+001
    endloop
  endfacet
  facet normal  0.000000e+000 -1.000000e+000  0.000000e+000
    outer loop
      vertex  1.455872e+001 -4.500000e+001  7.065723e+001
      vertex  1.999140e+001 -4.500000e+001  7.062409e+001
      vertex  1.871028e+001 -4.500000e+001  7.157396e+001
    endloop
  endfacet
  facet normal  0.000000e+000 -1.000000e+000  0.000000e+000
    outer loop
      vertex  1.455872e+001 -4.500000e+001  7.065723e+001
      vertex  1.871028e+001 -4.500000e+001  7.157396e+001
      vertex  1.321568e+001 -4.500000e+001  7.137415e+001
    endloop
  endfacet
  facet normal  0.000000e+000 -1.000000e+000  0.000000e+000
    outer loop
      vertex  1.950897e+001 -4.500000e+001  6.712804e+001
      vertex  2.240624e+001 -4.500000e+001  6.854167e+001
      vertex  1.834141e+001 -4.500000e+001  6.810503e+001
    endloop
  endfacet
  facet normal  0.000000e+000 -1.000000e+000  0.000000e+000
    outer loop
      vertex  2.240624e+001 -4.500000e+001  6.854167e+001
      vertex  1.950897e+001 -4.500000e+001  6.712804e+001
      vertex  2.353415e+001 -4.500000e+001  6.741415e+001
    endloop
  endfacet
  facet normal  0.000000e+000 -1.000000e+000  0.000000e+000
    outer loop
      vertex  2.353415e+001 -4.500000e+001  6.741415e+001
      vertex  1.950897e+001 -4.500000e+001  6.712804e+001
      vertex  2.062457e+001 -4.500000e+001  6.609210e+001
    endloop
  endfacet
  facet normal  0.000000e+000 -1.000000e+000  0.000000e+000
    outer loop
      vertex  2.353415e+001 -4.500000e+001  6.741415e+001
      vertex  2.062457e+001 -4.500000e+001  6.609210e+001
      vertex  2.460539e+001 -4.500000e+001  6.623264e+001
    endloop
  endfacet
  facet normal  0.000000e+000 -1.000000e+000  0.000000e+000
    outer loop
      vertex  2.460539e+001 -4.500000e+001  6.623264e+001
      vertex  2.062457e+001 -4.500000e+001  6.609210e+001
      vertex  2.168525e+001 -4.500000e+001  6.500000e+001
    endloop
  endfacet
  facet normal  0.000000e+000 -1.000000e+000  0.000000e+000
    outer loop
      vertex  2.460539e+001 -4.500000e+001  6.623264e+001
      vertex  2.168525e+001 -4.500000e+001  6.500000e+001
      vertex  2.561738e+001 -4.500000e+001  6.500000e+001
    endloop
  endfacet
  facet normal  0.000000e+000 -1.000000e+000  0.000000e+000
    outer loop
      vertex -1.806354e-015 -4.500000e+001  7.450000e+001
      vertex -1.316769e+001 -4.500000e+001  7.471299e+001
      vertex -1.521900e+000 -4.500000e+001  7.446072e+001
    endloop
  endfacet
  facet normal  -0.000000e+000 -1.000000e+000  0.000000e+000
    outer loop
      vertex -1.521900e+000 -4.500000e+001  7.446072e+001
      vertex -1.316769e+001 -4.500000e+001  7.471299e+001
      vertex -1.460947e+001 -4.500000e+001  7.403125e+001
    endloop
  endfacet
  facet normal  0.000000e+000 -9.999999e-001  0.000000e+000
    outer loop
      vertex -1.521900e+000 -4.500000e+001  7.446072e+001
      vertex -1.460947e+001 -4.500000e+001  7.403125e+001
      vertex -3.039747e+000 -4.500000e+001  7.434297e+001
    endloop
  endfacet
  facet normal  0.000000e+000 -1.000000e+000  0.000000e+000
    outer loop
      vertex -3.039747e+000 -4.500000e+001  7.434297e+001
      vertex -1.460947e+001 -4.500000e+001  7.403125e+001
      vertex -4.549499e+000 -4.500000e+001  7.414708e+001
    endloop
  endfacet
  facet normal  0.000000e+000 -1.000000e+000  0.000000e+000
    outer loop
      vertex -4.549499e+000 -4.500000e+001  7.414708e+001
      vertex -1.460947e+001 -4.500000e+001  7.403125e+001
      vertex -1.601608e+001 -4.500000e+001  7.327959e+001
    endloop
  endfacet
  facet normal  0.000000e+000 -1.000000e+000  0.000000e+000
    outer loop
      vertex -4.549499e+000 -4.500000e+001  7.414708e+001
      vertex -1.601608e+001 -4.500000e+001  7.327959e+001
      vertex -6.047134e+000 -4.500000e+001  7.387356e+001
    endloop
  endfacet
  facet normal  0.000000e+000 -1.000000e+000  0.000000e+000
    outer loop
      vertex -1.321568e+001 -4.500000e+001  7.137415e+001
      vertex -1.183744e+001 -4.500000e+001  7.202083e+001
      vertex -1.871028e+001 -4.500000e+001  7.157396e+001
    endloop
  endfacet
  facet normal  0.000000e+000 -1.000000e+000  0.000000e+000
    outer loop
      vertex -1.871028e+001 -4.500000e+001  7.157396e+001
      vertex -1.183744e+001 -4.500000e+001  7.202083e+001
      vertex -1.042768e+001 -4.500000e+001  7.259554e+001
    endloop
  endfacet
  facet normal  0.000000e+000 -9.999999e-001  0.000000e+000
    outer loop
      vertex -1.871028e+001 -4.500000e+001  7.157396e+001
      vertex -1.042768e+001 -4.500000e+001  7.259554e+001
      vertex -1.738411e+001 -4.500000e+001  7.245984e+001
    endloop
  endfacet
  facet normal  0.000000e+000 -1.000000e+000  0.000000e+000
    outer loop
      vertex -1.738411e+001 -4.500000e+001  7.245984e+001
      vertex -1.042768e+001 -4.500000e+001  7.259554e+001
      vertex -8.990142e+000 -4.500000e+001  7.309675e+001
    endloop
  endfacet
  facet normal  -0.000000e+000 -1.000000e+000  0.000000e+000
    outer loop
      vertex -1.738411e+001 -4.500000e+001  7.245984e+001
      vertex -8.990142e+000 -4.500000e+001  7.309675e+001
      vertex -1.601608e+001 -4.500000e+001  7.327959e+001
    endloop
  endfacet
  facet normal  0.000000e+000 -1.000000e+000  0.000000e+000
    outer loop
      vertex -1.834141e+001 -4.500000e+001  6.810503e+001
      vertex -1.712500e+001 -4.500000e+001  6.902050e+001
      vertex -2.240624e+001 -4.500000e+001  6.854167e+001
    endloop
  endfacet
  facet normal  0.000000e+000 -1.000000e+000  0.000000e+000
    outer loop
      vertex -2.240624e+001 -4.500000e+001  6.854167e+001
      vertex -1.712500e+001 -4.500000e+001  6.902050e+001
      vertex -1.586298e+001 -4.500000e+001  6.987199e+001
    endloop
  endfacet
  facet normal  0.000000e+000 -1.000000e+000  0.000000e+000
    outer loop
      vertex -2.240624e+001 -4.500000e+001  6.854167e+001
      vertex -1.586298e+001 -4.500000e+001  6.987199e+001
      vertex -2.122437e+001 -4.500000e+001  6.961252e+001
    endloop
  endfacet
  facet normal  0.000000e+000 -1.000000e+000  0.000000e+000
    outer loop
      vertex -2.122437e+001 -4.500000e+001  6.961252e+001
      vertex -1.586298e+001 -4.500000e+001  6.987199e+001
      vertex -1.455872e+001 -4.500000e+001  7.065723e+001
    endloop
  endfacet
  facet normal  0.000000e+000 -1.000000e+000  0.000000e+000
    outer loop
      vertex -2.122437e+001 -4.500000e+001  6.961252e+001
      vertex -1.455872e+001 -4.500000e+001  7.065723e+001
      vertex -1.999140e+001 -4.500000e+001  7.062409e+001
    endloop
  endfacet
  facet normal  0.000000e+000 -1.000000e+000  0.000000e+000
    outer loop
      vertex -1.999140e+001 -4.500000e+001  7.062409e+001
      vertex -1.455872e+001 -4.500000e+001  7.065723e+001
      vertex -1.321568e+001 -4.500000e+001  7.137415e+001
    endloop
  endfacet
  facet normal  -0.000000e+000 -1.000000e+000  0.000000e+000
    outer loop
      vertex -1.999140e+001 -4.500000e+001  7.062409e+001
      vertex -1.321568e+001 -4.500000e+001  7.137415e+001
      vertex -1.871028e+001 -4.500000e+001  7.157396e+001
    endloop
  endfacet
  facet normal  -0.000000e+000 -1.000000e+000  0.000000e+000
    outer loop
      vertex -2.353415e+001 -4.500000e+001  6.741415e+001
      vertex -1.834141e+001 -4.500000e+001  6.810503e+001
      vertex -2.240624e+001 -4.500000e+001  6.854167e+001
    endloop
  endfacet
  facet normal  0.000000e+000 -1.000000e+000  0.000000e+000
    outer loop
      vertex -1.834141e+001 -4.500000e+001  6.810503e+001
      vertex -2.353415e+001 -4.500000e+001  6.741415e+001
      vertex -1.950897e+001 -4.500000e+001  6.712804e+001
    endloop
  endfacet
  facet normal  -0.000000e+000 -1.000000e+000  0.000000e+000
    outer loop
      vertex -1.950897e+001 -4.500000e+001  6.712804e+001
      vertex -2.353415e+001 -4.500000e+001  6.741415e+001
      vertex -2.460539e+001 -4.500000e+001  6.623264e+001
    endloop
  endfacet
  facet normal  0.000000e+000 -1.000000e+000  0.000000e+000
    outer loop
      vertex -1.950897e+001 -4.500000e+001  6.712804e+001
      vertex -2.460539e+001 -4.500000e+001  6.623264e+001
      vertex -2.062457e+001 -4.500000e+001  6.609210e+001
    endloop
  endfacet
  facet normal  -0.000000e+000 -1.000000e+000  0.000000e+000
    outer loop
      vertex -2.062457e+001 -4.500000e+001  6.609210e+001
      vertex -2.460539e+001 -4.500000e+001  6.623264e+001
      vertex -2.561738e+001 -4.500000e+001  6.500000e+001
    endloop
  endfacet
  facet normal  0.000000e+000 -1.000000e+000  0.000000e+000
    outer loop
      vertex -2.062457e+001 -4.500000e+001  6.609210e+001
      vertex -2.561738e+001 -4.500000e+001  6.500000e+001
      vertex -2.168525e+001 -4.500000e+001  6.500000e+001
    endloop
  endfacet
  facet normal  0.000000e+000  0.000000e+000 -1.000000e+000
    outer loop
      vertex -7.528664e+000  2.852313e+001  6.500000e+001
      vertex -1.601607e+001  2.827959e+001  6.500000e+001
      vertex -6.047135e+000  2.887355e+001  6.500000e+001
    endloop
  endfacet
  facet normal  0.000000e+000  0.000000e+000 -1.000000e+000
    outer loop
      vertex -8.990143e+000  2.809675e+001  6.500000e+001
      vertex -1.601607e+001  2.827959e+001  6.500000e+001
      vertex -7.528664e+000  2.852313e+001  6.500000e+001
    endloop
  endfacet
  facet normal  0.000000e+000  0.000000e+000 -1.000000e+000
    outer loop
      vertex  7.528663e+000  2.852313e+001  6.500000e+001
      vertex  6.047133e+000  2.887355e+001  6.500000e+001
      vertex  1.601608e+001  2.827959e+001  6.500000e+001
    endloop
  endfacet
  facet normal  0.000000e+000  0.000000e+000 -1.000000e+000
    outer loop
      vertex  1.601608e+001  2.827959e+001  6.500000e+001
      vertex  8.990142e+000  2.809675e+001  6.500000e+001
      vertex  7.528663e+000  2.852313e+001  6.500000e+001
    endloop
  endfacet
  facet normal  0.000000e+000  0.000000e+000 -1.000000e+000
    outer loop
      vertex -6.504100e-007  2.950000e+001  6.500000e+001
      vertex -1.521901e+000  2.946072e+001  6.500000e+001
      vertex -1.316769e+001  2.971299e+001  6.500000e+001
    endloop
  endfacet
  facet normal  0.000000e+000  0.000000e+000 -9.999999e-001
    outer loop
      vertex -1.316769e+001  2.971299e+001  6.500000e+001
      vertex -1.521901e+000  2.946072e+001  6.500000e+001
      vertex -3.039748e+000  2.934297e+001  6.500000e+001
    endloop
  endfacet
  facet normal  -0.000000e+000  0.000000e+000 -1.000000e+000
    outer loop
      vertex -1.316769e+001  2.971299e+001  6.500000e+001
      vertex -3.039748e+000  2.934297e+001  6.500000e+001
      vertex -1.460947e+001  2.903125e+001  6.500000e+001
    endloop
  endfacet
  facet normal  -0.000000e+000  0.000000e+000 -1.000000e+000
    outer loop
      vertex -3.039748e+000  2.934297e+001  6.500000e+001
      vertex -4.549500e+000  2.914708e+001  6.500000e+001
      vertex -1.460947e+001  2.903125e+001  6.500000e+001
    endloop
  endfacet
  facet normal  0.000000e+000  0.000000e+000 -9.999999e-001
    outer loop
      vertex -1.460947e+001  2.903125e+001  6.500000e+001
      vertex -4.549500e+000  2.914708e+001  6.500000e+001
      vertex -6.047135e+000  2.887355e+001  6.500000e+001
    endloop
  endfacet
  facet normal  -0.000000e+000  0.000000e+000 -1.000000e+000
    outer loop
      vertex -1.460947e+001  2.903125e+001  6.500000e+001
      vertex -6.047135e+000  2.887355e+001  6.500000e+001
      vertex -1.601607e+001  2.827959e+001  6.500000e+001
    endloop
  endfacet
  facet normal  0.000000e+000  0.000000e+000 -1.000000e+000
    outer loop
      vertex -1.321568e+001  2.637415e+001  6.500000e+001
      vertex -1.871028e+001  2.657396e+001  6.500000e+001
      vertex -1.183744e+001  2.702082e+001  6.500000e+001
    endloop
  endfacet
  facet normal  -0.000000e+000  0.000000e+000 -1.000000e+000
    outer loop
      vertex -1.183744e+001  2.702082e+001  6.500000e+001
      vertex -1.871028e+001  2.657396e+001  6.500000e+001
      vertex -1.738411e+001  2.745984e+001  6.500000e+001
    endloop
  endfacet
  facet normal  0.000000e+000  0.000000e+000 -1.000000e+000
    outer loop
      vertex -1.183744e+001  2.702082e+001  6.500000e+001
      vertex -1.738411e+001  2.745984e+001  6.500000e+001
      vertex -1.042768e+001  2.759554e+001  6.500000e+001
    endloop
  endfacet
  facet normal  -0.000000e+000  0.000000e+000 -1.000000e+000
    outer loop
      vertex -1.042768e+001  2.759554e+001  6.500000e+001
      vertex -1.738411e+001  2.745984e+001  6.500000e+001
      vertex -1.601607e+001  2.827959e+001  6.500000e+001
    endloop
  endfacet
  facet normal  0.000000e+000  0.000000e+000 -1.000000e+000
    outer loop
      vertex -1.042768e+001  2.759554e+001  6.500000e+001
      vertex -1.601607e+001  2.827959e+001  6.500000e+001
      vertex -8.990143e+000  2.809675e+001  6.500000e+001
    endloop
  endfacet
  facet normal  0.000000e+000  0.000000e+000 -1.000000e+000
    outer loop
      vertex -1.834141e+001  2.310503e+001  6.500000e+001
      vertex -2.240624e+001  2.354168e+001  6.500000e+001
      vertex -1.712500e+001  2.402050e+001  6.500000e+001
    endloop
  endfacet
  facet normal  -0.000000e+000  0.000000e+000 -1.000000e+000
    outer loop
      vertex -1.712500e+001  2.402050e+001  6.500000e+001
      vertex -2.240624e+001  2.354168e+001  6.500000e+001
      vertex -2.122437e+001  2.461252e+001  6.500000e+001
    endloop
  endfacet
  facet normal  0.000000e+000  0.000000e+000 -1.000000e+000
    outer loop
      vertex -1.712500e+001  2.402050e+001  6.500000e+001
      vertex -2.122437e+001  2.461252e+001  6.500000e+001
      vertex -1.586298e+001  2.487199e+001  6.500000e+001
    endloop
  endfacet
  facet normal  -0.000000e+000  0.000000e+000 -1.000000e+000
    outer loop
      vertex -1.586298e+001  2.487199e+001  6.500000e+001
      vertex -2.122437e+001  2.461252e+001  6.500000e+001
      vertex -1.999140e+001  2.562409e+001  6.500000e+001
    endloop
  endfacet
  facet normal  0.000000e+000  0.000000e+000 -1.000000e+000
    outer loop
      vertex -1.586298e+001  2.487199e+001  6.500000e+001
      vertex -1.999140e+001  2.562409e+001  6.500000e+001
      vertex -1.455872e+001  2.565724e+001  6.500000e+001
    endloop
  endfacet
  facet normal  -0.000000e+000  0.000000e+000 -1.000000e+000
    outer loop
      vertex -1.455872e+001  2.565724e+001  6.500000e+001
      vertex -1.999140e+001  2.562409e+001  6.500000e+001
      vertex -1.871028e+001  2.657396e+001  6.500000e+001
    endloop
  endfacet
  facet normal  0.000000e+000  0.000000e+000 -1.000000e+000
    outer loop
      vertex -1.455872e+001  2.565724e+001  6.500000e+001
      vertex -1.871028e+001  2.657396e+001  6.500000e+001
      vertex -1.321568e+001  2.637415e+001  6.500000e+001
    endloop
  endfacet
  facet normal  0.000000e+000  0.000000e+000 -1.000000e+000
    outer loop
      vertex -2.062458e+001  2.109210e+001  6.500000e+001
      vertex -2.353415e+001  2.241414e+001  6.500000e+001
      vertex -1.950897e+001  2.212804e+001  6.500000e+001
    endloop
  endfacet
  facet normal  0.000000e+000  0.000000e+000 -1.000000e+000
    outer loop
      vertex -1.950897e+001  2.212804e+001  6.500000e+001
      vertex -2.353415e+001  2.241414e+001  6.500000e+001
      vertex -2.240624e+001  2.354168e+001  6.500000e+001
    endloop
  endfacet
  facet normal  0.000000e+000  0.000000e+000 -1.000000e+000
    outer loop
      vertex -1.950897e+001  2.212804e+001  6.500000e+001
      vertex -2.240624e+001  2.354168e+001  6.500000e+001
      vertex -1.834141e+001  2.310503e+001  6.500000e+001
    endloop
  endfacet
  facet normal  0.000000e+000  0.000000e+000 -1.000000e+000
    outer loop
      vertex -2.353415e+001  2.241414e+001  6.500000e+001
      vertex -2.062458e+001  2.109210e+001  6.500000e+001
      vertex -2.460539e+001  2.123264e+001  6.500000e+001
    endloop
  endfacet
  facet normal  0.000000e+000  0.000000e+000 -1.000000e+000
    outer loop
      vertex -2.460539e+001  2.123264e+001  6.500000e+001
      vertex -2.062458e+001  2.109210e+001  6.500000e+001
      vertex -2.168525e+001  2.000000e+001  6.500000e+001
    endloop
  endfacet
  facet normal  0.000000e+000  0.000000e+000 -1.000000e+000
    outer loop
      vertex -2.460539e+001  2.123264e+001  6.500000e+001
      vertex -2.168525e+001  2.000000e+001  6.500000e+001
      vertex -2.561737e+001  2.000000e+001  6.500000e+001
    endloop
  endfacet
  facet normal  0.000000e+000  0.000000e+000 -1.000000e+000
    outer loop
      vertex -2.561737e+001  2.000000e+001  6.500000e+001
      vertex -2.168525e+001  2.000000e+001  6.500000e+001
      vertex -2.168525e+001 -4.500000e+001  6.500000e+001
    endloop
  endfacet
  facet normal  0.000000e+000  0.000000e+000 -1.000000e+000
    outer loop
      vertex -2.561737e+001  2.000000e+001  6.500000e+001
      vertex -2.168525e+001 -4.500000e+001  6.500000e+001
      vertex -2.561738e+001 -4.500000e+001  6.500000e+001
    endloop
  endfacet
  facet normal  0.000000e+000  0.000000e+000 -1.000000e+000
    outer loop
      vertex -6.504100e-007  2.950000e+001  6.500000e+001
      vertex -1.316769e+001  2.971299e+001  6.500000e+001
      vertex  1.316769e+001  2.971299e+001  6.500000e+001
    endloop
  endfacet
  facet normal  0.000000e+000  0.000000e+000 -1.000000e+000
    outer loop
      vertex  1.316769e+001  2.971299e+001  6.500000e+001
      vertex -1.316769e+001  2.971299e+001  6.500000e+001
      vertex -1.169420e+001  3.032319e+001  6.500000e+001
    endloop
  endfacet
  facet normal  0.000000e+000  0.000000e+000 -9.999999e-001
    outer loop
      vertex  1.316769e+001  2.971299e+001  6.500000e+001
      vertex -1.169420e+001  3.032319e+001  6.500000e+001
      vertex  1.169420e+001  3.032319e+001  6.500000e+001
    endloop
  endfacet
  facet normal  0.000000e+000  0.000000e+000 -1.000000e+000
    outer loop
      vertex  1.169420e+001  3.032319e+001  6.500000e+001
      vertex -1.169420e+001  3.032319e+001  6.500000e+001
      vertex -1.019255e+001  3.086036e+001  6.500000e+001
    endloop
  endfacet
  facet normal  0.000000e+000  0.000000e+000 -1.000000e+000
    outer loop
      vertex  1.169420e+001  3.032319e+001  6.500000e+001
      vertex -1.019255e+001  3.086036e+001  6.500000e+001
      vertex  1.019255e+001  3.086036e+001  6.500000e+001
    endloop
  endfacet
  facet normal  0.000000e+000  0.000000e+000 -1.000000e+000
    outer loop
      vertex  1.019255e+001  3.086036e+001  6.500000e+001
      vertex -1.019255e+001  3.086036e+001  6.500000e+001
      vertex -8.666355e+000  3.132322e+001  6.500000e+001
    endloop
  endfacet
  facet normal  0.000000e+000  0.000000e+000 -1.000000e+000
    outer loop
      vertex  1.019255e+001  3.086036e+001  6.500000e+001
      vertex -8.666355e+000  3.132322e+001  6.500000e+001
      vertex  8.666358e+000  3.132322e+001  6.500000e+001
    endloop
  endfacet
  facet normal  0.000000e+000  0.000000e+000 -1.000000e+000
    outer loop
      vertex  8.666358e+000  3.132322e+001  6.500000e+001
      vertex -8.666355e+000  3.132322e+001  6.500000e+001
      vertex -7.119291e+000  3.171066e+001  6.500000e+001
    endloop
  endfacet
  facet normal  0.000000e+000  0.000000e+000 -1.000000e+000
    outer loop
      vertex  8.666358e+000  3.132322e+001  6.500000e+001
      vertex -7.119291e+000  3.171066e+001  6.500000e+001
      vertex  7.119294e+000  3.171066e+001  6.500000e+001
    endloop
  endfacet
  facet normal  0.000000e+000  0.000000e+000 -1.000000e+000
    outer loop
      vertex  7.119294e+000  3.171066e+001  6.500000e+001
      vertex -7.119291e+000  3.171066e+001  6.500000e+001
      vertex -5.555084e+000  3.202173e+001  6.500000e+001
    endloop
  endfacet
  facet normal  0.000000e+000  0.000000e+000 -1.000000e+000
    outer loop
      vertex  7.119294e+000  3.171066e+001  6.500000e+001
      vertex -5.555084e+000  3.202173e+001  6.500000e+001
      vertex  5.555087e+000  3.202173e+001  6.500000e+001
    endloop
  endfacet
  facet normal  0.000000e+000  0.000000e+000 -1.000000e+000
    outer loop
      vertex  5.555087e+000  3.202173e+001  6.500000e+001
      vertex -5.555084e+000  3.202173e+001  6.500000e+001
      vertex -3.977499e+000  3.225569e+001  6.500000e+001
    endloop
  endfacet
  facet normal  0.000000e+000  0.000000e+000 -1.000000e+000
    outer loop
      vertex  5.555087e+000  3.202173e+001  6.500000e+001
      vertex -3.977499e+000  3.225569e+001  6.500000e+001
      vertex  3.977502e+000  3.225569e+001  6.500000e+001
    endloop
  endfacet
  facet normal  0.000000e+000  0.000000e+000 -9.999999e-001
    outer loop
      vertex  3.977502e+000  3.225569e+001  6.500000e+001
      vertex -3.977499e+000  3.225569e+001  6.500000e+001
      vertex -2.390337e+000  3.241198e+001  6.500000e+001
    endloop
  endfacet
  facet normal  0.000000e+000  0.000000e+000 -1.000000e+000
    outer loop
      vertex  3.977502e+000  3.225569e+001  6.500000e+001
      vertex -2.390337e+000  3.241198e+001  6.500000e+001
      vertex  2.390339e+000  3.241198e+001  6.500000e+001
    endloop
  endfacet
  facet normal  0.000000e+000  0.000000e+000 -1.000000e+000
    outer loop
      vertex  2.390339e+000  3.241198e+001  6.500000e+001
      vertex -2.390337e+000  3.241198e+001  6.500000e+001
      vertex -7.974180e-001  3.249022e+001  6.500000e+001
    endloop
  endfacet
  facet normal  0.000000e+000  0.000000e+000 -1.000000e+000
    outer loop
      vertex  2.390339e+000  3.241198e+001  6.500000e+001
      vertex -7.974180e-001  3.249022e+001  6.500000e+001
      vertex  7.974209e-001  3.249022e+001  6.500000e+001
    endloop
  endfacet
  facet normal  0.000000e+000  0.000000e+000 -1.000000e+000
    outer loop
      vertex -6.504100e-007  2.950000e+001  6.500000e+001
      vertex  1.316769e+001  2.971299e+001  6.500000e+001
      vertex  1.521900e+000  2.946072e+001  6.500000e+001
    endloop
  endfacet
  facet normal  0.000000e+000  0.000000e+000 -1.000000e+000
    outer loop
      vertex  1.521900e+000  2.946072e+001  6.500000e+001
      vertex  1.316769e+001  2.971299e+001  6.500000e+001
      vertex  1.460948e+001  2.903125e+001  6.500000e+001
    endloop
  endfacet
  facet normal  0.000000e+000  0.000000e+000 -1.000000e+000
    outer loop
      vertex  1.521900e+000  2.946072e+001  6.500000e+001
      vertex  1.460948e+001  2.903125e+001  6.500000e+001
      vertex  3.039747e+000  2.934297e+001  6.500000e+001
    endloop
  endfacet
  facet normal  0.000000e+000  0.000000e+000 -9.999999e-001
    outer loop
      vertex  3.039747e+000  2.934297e+001  6.500000e+001
      vertex  1.460948e+001  2.903125e+001  6.500000e+001
      vertex  4.549499e+000  2.914708e+001  6.500000e+001
    endloop
  endfacet
  facet normal  0.000000e+000  0.000000e+000 -1.000000e+000
    outer loop
      vertex  4.549499e+000  2.914708e+001  6.500000e+001
      vertex  1.460948e+001  2.903125e+001  6.500000e+001
      vertex  1.601608e+001  2.827959e+001  6.500000e+001
    endloop
  endfacet
  facet normal  0.000000e+000  0.000000e+000 -1.000000e+000
    outer loop
      vertex  4.549499e+000  2.914708e+001  6.500000e+001
      vertex  1.601608e+001  2.827959e+001  6.500000e+001
      vertex  6.047133e+000  2.887355e+001  6.500000e+001
    endloop
  endfacet
  facet normal  0.000000e+000  0.000000e+000 -9.999999e-001
    outer loop
      vertex  1.321568e+001  2.637415e+001  6.500000e+001
      vertex  1.183744e+001  2.702082e+001  6.500000e+001
      vertex  1.871028e+001  2.657396e+001  6.500000e+001
    endloop
  endfacet
  facet normal  0.000000e+000  0.000000e+000 -1.000000e+000
    outer loop
      vertex  1.871028e+001  2.657396e+001  6.500000e+001
      vertex  1.183744e+001  2.702082e+001  6.500000e+001
      vertex  1.042768e+001  2.759554e+001  6.500000e+001
    endloop
  endfacet
  facet normal  0.000000e+000  0.000000e+000 -9.999999e-001
    outer loop
      vertex  1.871028e+001  2.657396e+001  6.500000e+001
      vertex  1.042768e+001  2.759554e+001  6.500000e+001
      vertex  1.738411e+001  2.745984e+001  6.500000e+001
    endloop
  endfacet
  facet normal  0.000000e+000  0.000000e+000 -1.000000e+000
    outer loop
      vertex  1.738411e+001  2.745984e+001  6.500000e+001
      vertex  1.042768e+001  2.759554e+001  6.500000e+001
      vertex  8.990142e+000  2.809675e+001  6.500000e+001
    endloop
  endfacet
  facet normal  0.000000e+000  0.000000e+000 -1.000000e+000
    outer loop
      vertex  1.738411e+001  2.745984e+001  6.500000e+001
      vertex  8.990142e+000  2.809675e+001  6.500000e+001
      vertex  1.601608e+001  2.827959e+001  6.500000e+001
    endloop
  endfacet
  facet normal  0.000000e+000  0.000000e+000 -1.000000e+000
    outer loop
      vertex  1.834141e+001  2.310504e+001  6.500000e+001
      vertex  1.712500e+001  2.402050e+001  6.500000e+001
      vertex  2.240624e+001  2.354167e+001  6.500000e+001
    endloop
  endfacet
  facet normal  0.000000e+000  0.000000e+000 -9.999999e-001
    outer loop
      vertex  2.240624e+001  2.354167e+001  6.500000e+001
      vertex  1.712500e+001  2.402050e+001  6.500000e+001
      vertex  1.586298e+001  2.487199e+001  6.500000e+001
    endloop
  endfacet
  facet normal  0.000000e+000  0.000000e+000 -1.000000e+000
    outer loop
      vertex  2.240624e+001  2.354167e+001  6.500000e+001
      vertex  1.586298e+001  2.487199e+001  6.500000e+001
      vertex  2.122437e+001  2.461252e+001  6.500000e+001
    endloop
  endfacet
  facet normal  0.000000e+000  0.000000e+000 -1.000000e+000
    outer loop
      vertex  2.122437e+001  2.461252e+001  6.500000e+001
      vertex  1.586298e+001  2.487199e+001  6.500000e+001
      vertex  1.455872e+001  2.565724e+001  6.500000e+001
    endloop
  endfacet
  facet normal  0.000000e+000  0.000000e+000 -1.000000e+000
    outer loop
      vertex  2.122437e+001  2.461252e+001  6.500000e+001
      vertex  1.455872e+001  2.565724e+001  6.500000e+001
      vertex  1.999140e+001  2.562409e+001  6.500000e+001
    endloop
  endfacet
  facet normal  0.000000e+000  0.000000e+000 -1.000000e+000
    outer loop
      vertex  1.999140e+001  2.562409e+001  6.500000e+001
      vertex  1.455872e+001  2.565724e+001  6.500000e+001
      vertex  1.321568e+001  2.637415e+001  6.500000e+001
    endloop
  endfacet
  facet normal  0.000000e+000  0.000000e+000 -9.999999e-001
    outer loop
      vertex  1.999140e+001  2.562409e+001  6.500000e+001
      vertex  1.321568e+001  2.637415e+001  6.500000e+001
      vertex  1.871028e+001  2.657396e+001  6.500000e+001
    endloop
  endfacet
  facet normal  0.000000e+000  0.000000e+000 -1.000000e+000
    outer loop
      vertex  2.460539e+001  2.123264e+001  6.500000e+001
      vertex  1.950897e+001  2.212804e+001  6.500000e+001
      vertex  2.353415e+001  2.241414e+001  6.500000e+001
    endloop
  endfacet
  facet normal  -0.000000e+000  0.000000e+000 -1.000000e+000
    outer loop
      vertex  2.353415e+001  2.241414e+001  6.500000e+001
      vertex  1.950897e+001  2.212804e+001  6.500000e+001
      vertex  1.834141e+001  2.310504e+001  6.500000e+001
    endloop
  endfacet
  facet normal  0.000000e+000  0.000000e+000 -9.999999e-001
    outer loop
      vertex  2.353415e+001  2.241414e+001  6.500000e+001
      vertex  1.834141e+001  2.310504e+001  6.500000e+001
      vertex  2.240624e+001  2.354167e+001  6.500000e+001
    endloop
  endfacet
  facet normal  -0.000000e+000  0.000000e+000 -1.000000e+000
    outer loop
      vertex  1.950897e+001  2.212804e+001  6.500000e+001
      vertex  2.460539e+001  2.123264e+001  6.500000e+001
      vertex  2.062457e+001  2.109211e+001  6.500000e+001
    endloop
  endfacet
  facet normal  0.000000e+000  0.000000e+000 -1.000000e+000
    outer loop
      vertex  2.062457e+001  2.109211e+001  6.500000e+001
      vertex  2.460539e+001  2.123264e+001  6.500000e+001
      vertex  2.561738e+001  2.000000e+001  6.500000e+001
    endloop
  endfacet
  facet normal  0.000000e+000  0.000000e+000 -1.000000e+000
    outer loop
      vertex  2.062457e+001  2.109211e+001  6.500000e+001
      vertex  2.561738e+001  2.000000e+001  6.500000e+001
      vertex  2.168525e+001  2.000000e+001  6.500000e+001
    endloop
  endfacet
  facet normal  0.000000e+000  0.000000e+000 -1.000000e+000
    outer loop
      vertex  2.168525e+001  2.000000e+001  6.500000e+001
      vertex  2.561738e+001  2.000000e+001  6.500000e+001
      vertex  2.561738e+001 -4.500000e+001  6.500000e+001
    endloop
  endfacet
  facet normal  0.000000e+000  0.000000e+000 -1.000000e+000
    outer loop
      vertex  2.168525e+001  2.000000e+001  6.500000e+001
      vertex  2.561738e+001 -4.500000e+001  6.500000e+001
      vertex  2.168525e+001 -4.500000e+001  6.500000e+001
    endloop
  endfacet
endsolid CATIA STL
